date,open,high,low,close,volume,amount
2014-01-02,2323.430,2325.990,2310.650,2321.980,45194291.0,
2014-01-03,2311.970,2314.840,2280.890,2290.780,59782645.0,
2014-01-06,2286.370,2286.370,2229.330,2238.640,66300403.0,
2014-01-07,2222.310,2246.790,2218.650,2238.000,43753103.0,
2014-01-08,2240.640,2262.580,2228.420,2241.910,51348854.0,
2014-01-09,2236.970,2258.890,2220.800,2222.220,55987041.0,
2014-01-10,2216.520,2224.490,2200.220,2204.850,54169293.0,
2014-01-13,2207.000,2222.070,2183.600,2193.680,50122772.0,
2014-01-14,2192.840,2214.120,2179.910,2212.850,54049947.0,
2014-01-15,2210.020,2215.900,2193.800,2208.940,48962395.0,
2014-01-16,2209.450,2227.260,2201.560,2211.840,52298902.0,
2014-01-17,2203.820,2205.970,2175.880,2178.490,50273155.0,
2014-01-20,2173.650,2182.460,2156.460,2165.990,40560154.0,
2014-01-21,2168.420,2197.920,2168.420,2187.410,40306247.0,
2014-01-22,2190.430,2244.130,2187.530,2243.800,70641375.0,
2014-01-23,2242.250,2248.920,2228.060,2231.890,56345951.0,
2014-01-24,2225.760,2257.350,2222.890,2245.680,61167670.0,
2014-01-27,2233.010,2233.230,2211.800,2215.920,70344246.0,
2014-01-28,2220.780,2233.260,2205.970,2219.850,53269130.0,
2014-01-29,2225.710,2233.060,2219.930,2227.780,50222717.0,
2014-01-30,2223.160,2223.160,2200.220,2202.450,43632304.0,
2014-02-07,2187.340,2212.500,2177.120,2212.480,50459315.0,
2014-02-10,2221.540,2270.190,2221.540,2267.530,83065716.0,
2014-02-11,2267.740,2296.520,2262.600,2285.560,99229829.0,
2014-02-12,2286.190,2294.320,2276.440,2291.250,76592161.0,
2014-02-13,2288.450,2307.470,2278.260,2279.550,96217789.0,
2014-02-14,2278.400,2295.850,2274.430,2295.570,67082997.0,
2014-02-17,2308.790,2315.580,2293.550,2311.650,87831666.0,
2014-02-18,2310.310,2310.310,2276.110,2282.440,87049743.0,
2014-02-19,2280.930,2317.420,2274.150,2308.660,99352561.0,
2014-02-20,2314.090,2331.700,2286.200,2287.440,106439533.0,
2014-02-21,2284.030,2287.870,2250.650,2264.290,76368993.0,
2014-02-24,2246.720,2246.720,2194.160,2214.510,89215939.0,
2014-02-25,2216.510,2225.210,2150.090,2157.910,93237551.0,
2014-02-26,2147.740,2164.700,2137.080,2163.410,77993297.0,
2014-02-27,2170.810,2180.060,2150.140,2154.110,90104296.0,
2014-02-28,2149.450,2180.470,2133.550,2178.970,76668057.0,
2014-03-03,2173.910,2194.220,2167.910,2190.370,82072314.0,
2014-03-04,2183.860,2188.600,2161.590,2184.270,73069250.0,
2014-03-05,2187.350,2189.090,2159.590,2163.980,61332015.0,
2014-03-06,2159.400,2181.430,2136.450,2173.630,69093767.0,
2014-03-07,2170.040,2189.390,2161.440,2168.360,64265177.0,
2014-03-10,2149.680,2149.680,2095.070,2097.790,71416407.0,
2014-03-11,2092.610,2118.790,2088.730,2108.660,57621243.0,
2014-03-12,2102.800,2130.590,2090.760,2114.130,70069747.0,
2014-03-13,2119.550,2149.440,2115.990,2140.330,69226028.0,
2014-03-14,2129.870,2140.380,2109.570,2122.840,58617737.0,
2014-03-17,2132.790,2143.200,2118.950,2143.040,52409445.0,
2014-03-18,2146.120,2152.460,2134.920,2138.130,55354132.0,
2014-03-19,2131.280,2131.280,2101.280,2120.870,59303905.0,
2014-03-20,2116.190,2134.790,2086.500,2086.970,67631285.0,
2014-03-21,2079.870,2163.230,2077.760,2158.800,104024807.0,
2014-03-24,2161.900,2186.730,2150.870,2176.550,104491984.0,
2014-03-25,2170.780,2191.490,2164.670,2174.440,86877510.0,
2014-03-26,2181.230,2186.080,2165.220,2171.050,58276176.0,
2014-03-27,2168.340,2186.890,2146.920,2155.710,71275132.0,
2014-03-28,2154.510,2172.670,2144.580,2151.970,70086073.0,
2014-03-31,2156.050,2165.250,2134.420,2146.300,55457488.0,
2014-04-01,2143.720,2170.090,2141.150,2163.110,48866403.0,
2014-04-02,2166.070,2182.680,2164.010,2180.730,65039257.0,
2014-04-03,2188.640,2196.140,2160.750,2165.010,71536032.0,
2014-04-04,2157.980,2186.150,2155.280,2185.470,47945888.0,
2014-04-08,2179.920,2243.970,2178.910,2237.320,97219117.0,
2014-04-09,2239.790,2246.790,2228.990,2238.620,66357268.0,
2014-04-10,2241.450,2290.740,2229.510,2273.760,114545405.0,
2014-04-11,2269.560,2281.100,2261.130,2270.670,90615897.0,
2014-04-14,2267.940,2275.830,2255.460,2268.610,62264998.0,
2014-04-15,2261.410,2261.470,2225.690,2229.460,68218130.0,
2014-04-16,2223.470,2245.310,2221.150,2232.530,51678010.0,
2014-04-17,2238.780,2241.620,2221.950,2224.800,48333628.0,
2014-04-18,2215.880,2228.770,2203.050,2224.480,50757995.0,
2014-04-21,2209.940,2231.710,2186.750,2187.250,56278280.0,
2014-04-22,2184.020,2196.850,2165.070,2196.790,57094694.0,
2014-04-23,2191.230,2205.590,2187.390,2194.240,45197052.0,
2014-04-24,2192.770,2209.450,2186.760,2190.470,45058911.0,
2014-04-25,2195.810,2201.710,2167.640,2167.830,60245383.0,
2014-04-28,2165.770,2171.390,2132.700,2134.970,60485187.0,
2014-04-29,2134.410,2159.380,2131.780,2158.470,48204931.0,
2014-04-30,2158.760,2164.180,2153.120,2158.660,45334624.0,
2014-05-05,2152.590,2161.700,2131.230,2156.470,49344073.0,
2014-05-06,2151.390,2173.620,2150.110,2157.330,48086519.0,
2014-05-07,2151.470,2153.720,2136.990,2137.320,44607470.0,
2014-05-08,2132.040,2168.210,2128.320,2135.500,48332452.0,
2014-05-09,2138.840,2141.560,2120.590,2133.910,49181135.0,
2014-05-12,2150.310,2184.330,2139.480,2180.050,83472560.0,
2014-05-13,2180.060,2185.050,2167.770,2174.850,64912518.0,
2014-05-14,2175.090,2184.220,2169.000,2172.370,48514206.0,
2014-05-15,2169.280,2171.450,2142.340,2144.080,46734032.0,
2014-05-16,2143.930,2150.500,2132.190,2145.950,42253197.0,
2014-05-19,2139.360,2139.360,2105.710,2115.140,42893607.0,
2014-05-20,2124.710,2131.570,2110.720,2115.770,37299683.0,
2014-05-21,2106.760,2136.100,2096.510,2135.910,38946042.0,
2014-05-22,2134.090,2160.910,2128.860,2130.870,46252736.0,
2014-05-23,2130.770,2148.580,2128.660,2148.410,37623105.0,
2014-05-26,2161.890,2165.420,2147.450,2155.980,39550656.0,
2014-05-27,2154.400,2160.030,2145.750,2147.280,35897171.0,
2014-05-28,2147.470,2171.170,2142.010,2169.350,50056260.0,
2014-05-29,2171.260,2178.090,2154.930,2155.160,44891556.0,
2014-05-30,2156.380,2166.910,2146.220,2156.460,43923863.0,
2014-06-03,2157.640,2169.000,2149.290,2149.920,41982954.0,
2014-06-04,2149.410,2149.450,2117.310,2128.270,41817249.0,
2014-06-05,2126.610,2150.930,2123.520,2150.600,36477424.0,
2014-06-06,2149.210,2149.780,2123.980,2134.720,35738058.0,
2014-06-09,2128.230,2153.900,2126.670,2134.280,39311060.0,
2014-06-10,2138.670,2161.530,2132.450,2161.270,50507902.0,
2014-06-11,2156.150,2163.610,2152.080,2160.770,42563718.0,
2014-06-12,2156.760,2160.990,2148.410,2153.410,43025843.0,
2014-06-13,2150.990,2183.650,2150.570,2176.240,59252876.0,
2014-06-16,2176.440,2196.340,2174.280,2191.850,63296875.0,
2014-06-17,2185.680,2185.680,2168.450,2169.670,49933665.0,
2014-06-18,2169.250,2172.550,2158.500,2160.240,49463897.0,
2014-06-19,2161.430,2166.410,2119.500,2126.910,53162645.0,
2014-06-20,2124.960,2137.030,2120.810,2136.730,42393719.0,
2014-06-23,2137.930,2147.230,2132.450,2134.110,41179258.0,
2014-06-24,2131.690,2145.210,2130.290,2144.820,40164356.0,
2014-06-25,2141.730,2141.730,2126.030,2133.370,37666100.0,
2014-06-26,2135.160,2151.110,2134.890,2149.080,44351166.0,
2014-06-27,2146.370,2159.530,2138.930,2150.260,52722896.0,
2014-06-30,2152.310,2168.220,2152.310,2165.120,54304188.0,
2014-07-01,2169.200,2171.150,2157.130,2164.560,53323100.0,
2014-07-02,2164.000,2171.510,2155.610,2170.870,59685501.0,
2014-07-03,2169.000,2184.960,2164.840,2180.190,63690690.0,
2014-07-04,2180.450,2183.800,2174.070,2178.700,52851106.0,
2014-07-07,2178.550,2186.200,2171.080,2176.290,50242334.0,
2014-07-08,2174.830,2180.780,2163.360,2180.470,50743599.0,
2014-07-09,2178.140,2178.510,2148.260,2148.710,62022046.0,
2014-07-10,2146.600,2151.770,2139.520,2142.850,55732497.0,
2014-07-11,2136.320,2154.740,2134.790,2148.010,61374274.0,
2014-07-14,2149.540,2171.900,2145.280,2171.760,66158863.0,
2014-07-15,2170.090,2176.270,2165.210,2174.980,71815694.0,
2014-07-16,2172.820,2183.250,2166.770,2170.870,81560230.0,
2014-07-17,2166.830,2166.930,2147.080,2157.070,59453568.0,
2014-07-18,2147.660,2176.320,2145.450,2164.140,65473295.0,
2014-07-21,2164.220,2171.940,2158.960,2166.290,54172260.0,
2014-07-22,2162.440,2197.590,2162.240,2192.700,78542583.0,
2014-07-23,2191.390,2210.280,2190.550,2197.830,84213872.0,
2014-07-24,2199.830,2239.810,2199.830,2237.010,119435534.0,
2014-07-25,2243.070,2260.890,2239.070,2260.450,98972838.0,
2014-07-28,2272.380,2331.470,2272.380,2323.900,179869333.0,
2014-07-29,2326.040,2342.770,2316.220,2331.370,134269641.0,
2014-07-30,2324.690,2339.040,2316.060,2322.010,123022832.0,
2014-07-31,2321.970,2350.550,2316.580,2350.250,110987769.0,
2014-08-01,2341.230,2371.500,2328.970,2329.400,126317390.0,
2014-08-04,2336.630,2375.620,2332.140,2375.620,116713754.0,
2014-08-05,2376.800,2380.770,2353.790,2369.350,111861789.0,
2014-08-06,2358.210,2371.670,2334.330,2363.220,116341829.0,
2014-08-07,2363.610,2369.200,2326.270,2327.460,116729210.0,
2014-08-08,2329.180,2339.270,2319.290,2331.130,86739694.0,
2014-08-11,2338.010,2367.000,2337.010,2365.350,91601171.0,
2014-08-12,2361.170,2361.170,2344.720,2357.050,91822608.0,
2014-08-13,2358.460,2370.510,2335.690,2358.900,110447789.0,
2014-08-14,2357.200,2363.180,2334.080,2335.950,97969493.0,
2014-08-15,2337.990,2366.900,2333.120,2360.640,93592546.0,
2014-08-18,2366.270,2379.800,2361.200,2374.560,104509554.0,
2014-08-19,2378.890,2379.470,2358.970,2374.770,115850020.0,
2014-08-20,2371.650,2375.480,2360.840,2366.140,101288088.0,
2014-08-21,2365.730,2367.460,2333.300,2354.240,100690211.0,
2014-08-22,2352.320,2368.460,2350.990,2365.360,89823938.0,
2014-08-25,2367.020,2367.610,2338.460,2342.860,97373717.0,
2014-08-26,2339.600,2350.390,2317.180,2324.090,93844222.0,
2014-08-27,2323.790,2336.740,2322.890,2327.590,67676221.0,
2014-08-28,2328.060,2336.360,2309.640,2311.280,70490655.0,
2014-08-29,2317.300,2338.770,2313.260,2338.290,63211423.0,
2014-09-01,2340.930,2355.550,2338.530,2355.320,77320870.0,
2014-09-02,2359.860,2387.660,2349.950,2386.460,114436733.0,
2014-09-03,2389.690,2414.260,2389.680,2408.840,129734204.0,
2014-09-04,2411.930,2427.300,2404.080,2426.220,111272298.0,
2014-09-05,2433.170,2450.630,2427.990,2449.260,133551764.0,
2014-09-09,2452.230,2454.890,2437.080,2445.220,118194344.0,
2014-09-10,2435.590,2437.080,2422.650,2432.430,109175517.0,
2014-09-11,2430.680,2461.470,2417.270,2423.450,132982583.0,
2014-09-12,2418.750,2438.360,2412.620,2438.360,109160170.0,
2014-09-15,2433.000,2439.250,2418.960,2437.190,122247159.0,
2014-09-16,2440.340,2442.920,2386.980,2388.760,186742791.0,
2014-09-17,2395.360,2405.370,2379.090,2401.330,125269028.0,
2014-09-18,2396.380,2414.950,2389.620,2408.660,115926376.0,
2014-09-19,2409.310,2430.150,2402.310,2425.210,101813577.0,
2014-09-22,2419.330,2419.330,2374.110,2378.920,102240870.0,
2014-09-23,2379.520,2402.480,2379.520,2399.460,84033341.0,
2014-09-24,2391.420,2443.980,2387.070,2441.860,142713530.0,
2014-09-25,2453.420,2462.670,2429.590,2436.970,138661891.0,
2014-09-26,2430.810,2439.650,2420.500,2437.200,100299494.0,
2014-09-29,2443.910,2453.670,2435.610,2447.800,123401727.0,
2014-09-30,2452.170,2454.890,2444.200,2450.990,115804229.0,
2014-10-08,2460.870,2478.380,2445.270,2478.380,121953604.0,
2014-10-09,2480.200,2488.110,2461.110,2481.960,137923920.0,
2014-10-10,2472.100,2482.140,2457.680,2466.790,147634307.0,
2014-10-13,2457.410,2460.390,2430.550,2454.950,131593362.0,
2014-10-14,2451.090,2467.900,2436.340,2446.560,127393705.0,
2014-10-15,2444.540,2465.500,2431.190,2463.870,135801882.0,
2014-10-16,2448.970,2480.300,2441.820,2444.400,158166603.0,
2014-10-17,2443.220,2456.100,2410.400,2441.730,132759988.0,
2014-10-20,2448.450,2456.620,2441.900,2454.710,91435401.0,
2014-10-21,2453.410,2459.250,2432.550,2433.390,96241912.0,
2014-10-22,2434.890,2447.470,2417.560,2418.640,88656193.0,
2014-10-23,2415.440,2424.660,2392.530,2395.940,103491839.0,
2014-10-24,2397.850,2404.990,2385.730,2390.710,74974869.0,
2014-10-27,2377.540,2377.540,2361.680,2368.830,73862447.0,
2014-10-28,2373.160,2416.770,2373.160,2416.650,101523055.0,
2014-10-29,2423.810,2461.270,2415.700,2451.380,158584062.0,
2014-10-30,2450.360,2474.380,2443.760,2468.930,189626353.0,
2014-10-31,2473.500,2512.190,2466.500,2508.320,239172412.0,
2014-11-03,2515.820,2524.170,2502.060,2512.550,205801228.0,
2014-11-04,2511.040,2517.460,2498.600,2513.170,218247005.0,
2014-11-05,2516.870,2519.400,2499.230,2503.450,190491862.0,
2014-11-06,2505.170,2510.990,2482.980,2506.070,149651117.0,
2014-11-07,2508.760,2541.550,2489.420,2502.150,208760911.0,
2014-11-10,2529.830,2565.730,2514.710,2565.730,226599735.0,
2014-11-11,2578.440,2602.370,2532.570,2558.610,323711656.0,
2014-11-12,2545.400,2594.320,2539.600,2594.320,184686261.0,
2014-11-13,2597.390,2607.520,2567.460,2579.750,219815615.0,
2014-11-14,2569.210,2581.930,2557.670,2581.090,165049965.0,
2014-11-17,2613.510,2614.090,2565.940,2567.100,158478095.0,
2014-11-18,2565.270,2570.210,2534.930,2541.420,142941356.0,
2014-11-19,2538.230,2550.500,2531.320,2537.220,122146974.0,
2014-11-20,2528.780,2545.470,2522.840,2537.100,106149864.0,
2014-11-21,2537.540,2585.360,2530.030,2583.460,151028139.0,
2014-11-24,2614.160,2667.670,2602.940,2649.260,279839720.0,
2014-11-25,2650.080,2686.060,2643.840,2685.560,222611699.0,
2014-11-26,2695.260,2723.360,2690.310,2723.020,243962485.0,
2014-11-27,2737.030,2754.490,2718.700,2754.490,265464730.0,
2014-11-28,2753.930,2809.540,2740.370,2808.820,375323662.0,
2014-12-01,2825.610,2855.330,2808.650,2819.810,365487417.0,
2014-12-02,2807.340,2944.510,2804.290,2923.940,361465322.0,
2014-12-03,2936.120,3028.230,2912.250,2967.550,466156685.0,
2014-12-04,2975.400,3104.890,2968.880,3104.350,426812928.0,
2014-12-05,3143.970,3195.800,3011.940,3124.890,524881260.0,
2014-12-08,3108.270,3270.880,3075.700,3252.880,484462344.0,
2014-12-09,3233.100,3387.830,3074.520,3106.910,632874567.0,
2014-12-10,3120.210,3229.050,3058.190,3221.550,425018708.0,
2014-12-11,3185.160,3254.420,3158.440,3183.010,367091691.0,
2014-12-12,3182.920,3239.450,3167.930,3193.230,301065325.0,
2014-12-15,3176.830,3226.220,3143.300,3217.230,290193834.0,
2014-12-16,3221.360,3303.400,3207.690,3303.400,358123847.0,
2014-12-17,3325.820,3368.190,3275.740,3360.600,448140770.0,
2014-12-18,3359.090,3393.710,3322.230,3345.930,355970207.0,
2014-12-19,3345.630,3397.180,3280.920,3383.170,411211590.0,
2014-12-22,3396.250,3455.210,3357.660,3394.480,549801671.0,
2014-12-23,3358.800,3431.780,3316.910,3324.920,369736093.0,
2014-12-24,3332.150,3340.360,3188.500,3230.390,317449587.0,
2014-12-25,3254.480,3335.780,3226.320,3335.420,309799547.0,
2014-12-26,3343.640,3453.340,3335.010,3445.840,384614124.0,
2014-12-29,3502.180,3524.280,3405.840,3455.460,425015037.0,
2014-12-30,3450.810,3491.830,3422.170,3457.550,328233873.0,
2014-12-31,3462.390,3542.340,3452.500,3533.710,345934760.0,
2015-01-05,3566.090,3669.040,3551.510,3641.540,451198098.0,
2015-01-06,3608.430,3683.230,3587.230,3641.060,420962185.0,
2015-01-07,3620.920,3671.190,3601.700,3643.790,320191232.0,
2015-01-08,3650.070,3659.950,3552.100,3559.260,295003045.0,
2015-01-09,3547.570,3689.750,3536.400,3546.720,349982672.0,
2015-01-12,3531.510,3560.530,3461.320,3513.580,266567175.0,
2015-01-13,3506.450,3550.160,3494.770,3514.040,187153965.0,
2015-01-14,3522.910,3547.240,3471.560,3502.420,196012510.0,
2015-01-15,3501.720,3604.120,3482.270,3604.120,237812338.0,
2015-01-16,3616.250,3662.160,3601.260,3635.150,282681614.0,
2015-01-19,3414.010,3497.250,3330.980,3355.160,329505275.0,
2015-01-20,3336.790,3419.200,3325.680,3396.220,297843232.0,
2015-01-21,3420.490,3557.790,3409.430,3548.890,337928210.0,
2015-01-22,3551.050,3576.760,3520.050,3567.610,268853599.0,
2015-01-23,3582.090,3627.810,3548.630,3571.730,280172172.0,
2015-01-26,3580.120,3611.620,3559.380,3607.990,239766203.0,
2015-01-27,3614.040,3616.260,3510.020,3574.930,287669179.0,
2015-01-28,3547.240,3583.310,3512.390,3525.320,216220214.0,
2015-01-29,3474.920,3505.580,3453.900,3481.800,211618860.0,
2015-01-30,3496.890,3514.220,3431.940,3434.390,196479157.0,
2015-02-02,3360.190,3407.260,3347.080,3353.960,195183699.0,
2015-02-03,3388.600,3441.710,3360.720,3437.450,192846096.0,
2015-02-04,3446.140,3476.820,3399.560,3401.770,191304349.0,
2015-02-05,3487.950,3487.950,3366.860,3366.950,250430609.0,
2015-02-06,3352.330,3374.050,3285.940,3312.420,192664186.0,
2015-02-09,3305.730,3376.530,3298.600,3345.920,172353820.0,
2015-02-10,3345.080,3407.180,3339.550,3406.940,159309088.0,
2015-02-11,3415.980,3445.660,3412.140,3434.120,144613772.0,
2015-02-12,3435.360,3453.580,3405.630,3442.870,156081691.0,
2015-02-13,3458.830,3509.500,3452.080,3469.830,201089971.0,
2015-02-16,3473.290,3504.480,3466.610,3499.480,165641343.0,
2015-02-17,3511.540,3536.820,3511.090,3522.320,165328313.0,
2015-02-25,3529.550,3529.550,3463.960,3478.730,165539351.0,
2015-02-26,3473.710,3569.330,3456.870,3566.290,229328438.0,
2015-02-27,3565.230,3594.810,3560.460,3572.840,222786438.0,
2015-03-02,3603.450,3608.690,3566.530,3601.260,248176125.0,
2015-03-03,3579.310,3579.310,3504.200,3507.900,261866489.0,
2015-03-04,3514.670,3540.910,3497.170,3530.820,199663981.0,
2015-03-05,3513.250,3517.080,3467.680,3496.340,217508805.0,
2015-03-06,3501.180,3516.240,3472.390,3478.520,181518054.0,
2015-03-09,3449.700,3546.710,3417.490,3537.750,233940411.0,
2015-03-10,3523.640,3551.210,3511.990,3520.610,194267657.0,
2015-03-11,3524.570,3568.920,3512.220,3524.650,188947825.0,
2015-03-12,3557.690,3603.340,3536.530,3592.840,265664625.0,
2015-03-13,3604.670,3641.390,3594.740,3617.660,246864768.0,
2015-03-16,3641.770,3705.740,3621.120,3705.670,275438307.0,
2015-03-17,3733.960,3762.570,3716.810,3757.120,371625666.0,
2015-03-18,3769.090,3846.050,3763.850,3846.050,415190011.0,
2015-03-19,3851.250,3859.130,3809.710,3839.740,391547630.0,
2015-03-20,3852.490,3916.860,3832.420,3892.570,401817552.0,
2015-03-23,3923.080,3972.300,3922.210,3972.060,391119922.0,
2015-03-24,3980.070,3989.860,3883.780,3973.050,468581312.0,
2015-03-25,3961.580,3980.720,3913.990,3940.410,379968851.0,
2015-03-26,3921.750,3992.000,3892.880,3950.000,346756315.0,
2015-03-30,3999.020,4101.650,3999.020,4088.180,428297020.0,
2015-03-31,4138.880,4166.020,4037.770,4051.200,436065635.0,
2015-04-01,4057.500,4139.500,4046.940,4123.900,329512853.0,
2015-04-02,4149.950,4156.840,4068.650,4124.780,339070487.0,
2015-04-03,4104.670,4170.560,4092.380,4170.540,321303766.0,
2015-04-07,4213.890,4260.470,4197.020,4260.040,415362654.0,
2015-04-08,4277.450,4304.780,4204.830,4295.800,458676715.0,
2015-04-09,4316.960,4332.170,4212.610,4262.140,439699902.0,
2015-04-10,4249.380,4351.690,4231.200,4344.420,348190170.0,
2015-04-13,4394.050,4432.020,4361.590,4421.070,434153036.0,
2015-04-14,4432.130,4474.350,4385.910,4438.180,434432126.0,
2015-04-15,4439.310,4476.000,4379.610,4380.510,472154131.0,
2015-04-16,4355.490,4513.770,4335.630,4513.550,422603748.0,
2015-04-17,4578.680,4630.270,4553.900,4596.140,552802663.0,
2015-04-20,4615.030,4671.170,4492.600,4521.920,686439075.0,
2015-04-21,4520.460,4620.060,4504.560,4619.160,490314991.0,
2015-04-22,4637.060,4740.930,4632.590,4739.810,516213792.0,
2015-04-23,4764.480,4782.040,4693.970,4740.890,497430954.0,
2015-04-24,4682.630,4730.430,4618.320,4702.640,480152936.0,
2015-04-27,4753.870,4810.480,4735.310,4807.590,513076548.0,
2015-04-28,4811.320,4839.080,4703.570,4741.860,608638545.0,
2015-04-29,4722.900,4797.930,4695.790,4774.330,395056980.0,
2015-04-30,4788.410,4818.730,4749.480,4749.890,399727444.0,
2015-05-04,4757.640,4795.920,4699.400,4787.740,377843853.0,
2015-05-05,4785.190,4785.190,4572.980,4596.840,460419626.0,
2015-05-06,4626.230,4700.910,4511.760,4553.330,376073702.0,
2015-05-07,4520.820,4546.340,4467.460,4470.090,297759203.0,
2015-05-08,4515.550,4559.060,4445.590,4558.400,302407967.0,
2015-05-11,4582.090,4690.950,4535.150,4690.530,373838420.0,
2015-05-12,4692.120,4748.000,4660.020,4747.420,377053891.0,
2015-05-13,4746.710,4758.000,4678.850,4718.440,370730424.0,
2015-05-14,4717.960,4735.280,4670.170,4700.780,337725152.0,
2015-05-15,4690.750,4690.750,4592.050,4617.470,328431166.0,
2015-05-18,4582.060,4623.380,4565.060,4575.140,269180489.0,
2015-05-19,4577.640,4740.000,4577.640,4731.220,314785952.0,
2015-05-20,4751.570,4843.100,4745.210,4754.920,363180748.0,
2015-05-21,4768.690,4841.620,4746.030,4840.980,305054537.0,
2015-05-22,4895.920,4951.990,4870.600,4951.330,455846718.0,
2015-05-25,4949.110,5099.840,4949.110,5099.500,465736590.0,
2015-05-26,5140.800,5199.290,5063.150,5198.920,487949359.0,
2015-05-27,5216.170,5226.840,5126.860,5181.430,470798730.0,
2015-05-28,5174.100,5213.180,4831.330,4834.010,571829047.0,
2015-05-29,4839.530,4924.300,4665.520,4840.830,427878859.0,
2015-06-01,4862.760,5079.320,4835.770,5076.180,417503741.0,
2015-06-02,5091.270,5162.560,5047.080,5161.870,412973196.0,
2015-06-03,5176.600,5186.970,5059.500,5143.590,414258270.0,
2015-06-04,5156.010,5194.230,4863.460,5181.420,482767268.0,
2015-06-05,5254.900,5288.340,5104.180,5230.550,545961196.0,
2015-06-08,5259.410,5370.610,5202.600,5353.750,637313237.0,
2015-06-09,5379.470,5380.430,5251.210,5317.460,570427263.0,
2015-06-10,5254.300,5374.830,5209.680,5309.110,442165676.0,
2015-06-11,5305.140,5329.290,5248.160,5306.590,392338755.0,
2015-06-12,5329.280,5351.650,5283.090,5335.120,430131386.0,
2015-06-15,5354.010,5362.450,5207.310,5221.170,475745703.0,
2015-06-16,5165.020,5204.300,5015.270,5064.820,411675638.0,
2015-06-17,5072.310,5158.370,4949.290,5138.830,397124187.0,
2015-06-18,5107.690,5121.220,4926.430,4930.550,364395814.0,
2015-06-19,4847.060,4910.450,4634.690,4637.050,358104744.0,
2015-06-23,4641.420,4786.960,4455.330,4786.090,365087944.0,
2015-06-24,4811.600,4883.730,4744.310,4880.130,434638723.0,
2015-06-25,4906.240,4919.260,4667.220,4706.520,446135982.0,
2015-06-26,4573.870,4650.190,4278.670,4336.190,446639790.0,
2015-06-29,4446.840,4451.170,4000.930,4191.550,525662482.0,
2015-06-30,4161.070,4475.770,4016.010,4473.000,527045280.0,
2015-07-01,4408.980,4526.130,4235.700,4253.020,431721411.0,
2015-07-02,4287.730,4312.190,4000.060,4108.000,457062194.0,
2015-07-03,4017.200,4164.630,3785.900,3885.920,429300850.0,
2015-07-06,4218.270,4218.270,3832.470,3998.540,648094530.0,
2015-07-07,3877.850,3960.640,3743.620,3928.000,679385007.0,
2015-07-08,3651.060,3762.620,3612.250,3663.040,581467097.0,
2015-07-09,3621.680,3930.260,3537.830,3897.630,503870610.0,
2015-07-10,3916.270,4179.110,3887.550,4106.560,500701802.0,
2015-07-13,4132.230,4278.160,4072.430,4211.810,502092186.0,
2015-07-14,4178.630,4258.510,4062.500,4112.150,454422009.0,
2015-07-15,4068.880,4114.240,3899.510,3966.760,421956367.0,
2015-07-16,3949.640,4067.020,3856.320,3997.360,330531345.0,
2015-07-17,4023.760,4190.190,4000.230,4151.500,331107131.0,
2015-07-20,4157.060,4221.690,4106.390,4160.610,352673472.0,
2015-07-21,4109.760,4201.480,4081.700,4166.010,318374945.0,
2015-07-22,4148.560,4187.430,4094.710,4157.160,318945997.0,
2015-07-23,4158.930,4262.060,4148.820,4250.810,354471759.0,
2015-07-24,4255.200,4299.650,4154.620,4176.280,392045373.0,
2015-07-27,4097.800,4156.310,3817.170,3818.730,365054511.0,
2015-07-28,3690.970,3883.450,3627.420,3811.090,383527216.0,
2015-07-29,3839.960,3934.000,3769.190,3930.380,276972845.0,
2015-07-30,3915.780,3968.530,3802.880,3815.410,271548665.0,
2015-07-31,3777.160,3863.620,3757.990,3816.700,222376767.0,
2015-08-03,3766.070,3829.240,3742.580,3829.240,245805030.0,
2015-08-04,3827.370,3948.450,3801.030,3948.160,220236556.0,
2015-08-05,3937.620,3962.280,3858.660,3866.900,200484269.0,
2015-08-06,3802.930,3888.690,3793.240,3831.850,147278694.0,
2015-08-07,3866.430,3926.650,3857.910,3906.950,183349153.0,
2015-08-10,3947.470,4101.730,3932.840,4084.360,306780540.0,
2015-08-11,4083.590,4110.130,4042.000,4066.670,322034191.0,
2015-08-12,4025.670,4078.030,4015.350,4016.130,255146196.0,
2015-08-13,4010.010,4075.700,3967.820,4075.460,242836979.0,
2015-08-14,4097.920,4113.160,4056.730,4073.540,253392996.0,
2015-08-17,4058.110,4081.770,4009.990,4077.870,256939638.0,
2015-08-18,4084.310,4103.050,3816.550,3825.410,319881070.0,
2015-08-19,3748.270,3898.740,3668.190,3886.140,269049839.0,
2015-08-20,3848.400,3880.820,3761.450,3761.450,212167965.0,
2015-08-21,3714.290,3757.780,3578.180,3589.540,217986403.0,
2015-08-24,3454.600,3468.150,3266.550,3275.530,255436652.0,
2015-08-25,3070.010,3200.110,3019.560,3042.930,276081306.0,
2015-08-26,3062.570,3192.930,2952.010,3025.690,308270623.0,
2015-08-27,3092.810,3206.720,3028.400,3205.640,267294930.0,
2015-08-28,3246.240,3353.240,3223.620,3342.290,299498426.0,
2015-08-31,3307.400,3368.280,3205.540,3366.540,280250403.0,
2015-09-01,3296.530,3370.500,3190.580,3362.080,352458528.0,
2015-09-02,3220.850,3387.020,3213.640,3365.830,347789412.0,
2015-09-07,3347.290,3422.230,3240.240,3250.490,204224431.0,
2015-09-08,3221.790,3340.220,3170.810,3334.020,154599631.0,
2015-09-09,3344.820,3426.650,3330.290,3399.300,220467421.0,
2015-09-10,3349.280,3398.320,3337.310,3357.560,144882971.0,
2015-09-11,3349.880,3383.130,3315.480,3347.190,108547508.0,
2015-09-14,3367.640,3373.920,3187.570,3281.130,205457251.0,
2015-09-15,3208.740,3240.080,3131.980,3152.230,143555641.0,
2015-09-16,3149.160,3345.920,3131.370,3309.250,159709994.0,
2015-09-17,3287.660,3354.910,3237.000,3237.000,169401881.0,
2015-09-18,3254.440,3280.880,3227.830,3251.270,106903481.0,
2015-09-21,3222.600,3312.550,3211.930,3308.250,122788668.0,
2015-09-22,3312.370,3371.410,3303.180,3339.030,146221985.0,
2015-09-23,3290.070,3315.940,3253.330,3263.030,123171439.0,
2015-09-24,3278.900,3300.860,3255.900,3285.000,102011238.0,
2015-09-25,3272.670,3290.860,3201.910,3231.950,121419278.0,
2015-09-28,3226.610,3246.550,3186.510,3242.750,74219468.0,
2015-09-29,3197.220,3208.420,3159.040,3178.850,87150633.0,
2015-09-30,3195.900,3223.910,3186.770,3202.950,78559349.0,
2015-10-08,3324.980,3337.330,3294.600,3296.480,132081768.0,
2015-10-09,3302.360,3352.380,3293.970,3340.120,124352500.0,
2015-10-12,3351.140,3486.630,3347.250,3447.690,221400468.0,
2015-10-13,3422.480,3452.040,3413.970,3445.040,145433786.0,
2015-10-14,3431.140,3458.700,3403.230,3406.110,152173938.0,
2015-10-15,3403.390,3486.810,3402.320,3486.810,171158299.0,
2015-10-16,3508.520,3537.540,3487.100,3534.060,208964709.0,
2015-10-19,3548.950,3573.000,3502.500,3534.180,207606744.0,
2015-10-20,3527.880,3577.800,3510.440,3577.700,179025108.0,
2015-10-21,3580.840,3601.240,3417.410,3473.250,282076050.0,
2015-10-22,3453.200,3530.770,3442.310,3524.530,184305580.0,
2015-10-23,3536.840,3581.840,3515.820,3571.240,198294478.0,
2015-10-26,3614.700,3620.760,3561.190,3589.260,204248863.0,
2015-10-27,3569.450,3601.050,3486.100,3592.880,192056140.0,
2015-10-28,3575.800,3598.170,3517.210,3524.920,170977098.0,
2015-10-29,3539.980,3561.810,3507.970,3533.310,127010446.0,
2015-10-30,3530.220,3574.470,3497.570,3534.080,139141914.0,
2015-11-02,3489.230,3543.450,3474.710,3475.960,130002568.0,
2015-11-03,3484.720,3501.700,3452.620,3465.490,101401876.0,
2015-11-04,3477.160,3628.540,3477.160,3628.540,205423865.0,
2015-11-05,3630.780,3781.410,3627.300,3705.970,398046568.0,
2015-11-06,3698.340,3801.710,3694.660,3793.370,298753076.0,
2015-11-09,3796.380,3891.770,3796.380,3840.350,356804823.0,
2015-11-10,3806.670,3876.490,3798.820,3833.240,286519603.0,
2015-11-11,3828.450,3843.110,3781.410,3833.650,232234296.0,
2015-11-12,3841.740,3843.900,3771.270,3795.320,217537647.0,
2015-11-13,3756.200,3793.710,3727.580,3746.240,203489891.0,
2015-11-16,3682.740,3764.410,3680.070,3764.130,161690901.0,
2015-11-17,3790.430,3852.770,3750.160,3758.390,248533071.0,
2015-11-18,3760.460,3771.850,3706.310,3715.580,185689495.0,
2015-11-19,3725.620,3775.230,3714.680,3774.970,154631989.0,
2015-11-20,3778.880,3793.540,3757.030,3774.380,186951689.0,
2015-11-23,3774.440,3802.850,3743.410,3753.330,175626812.0,
2015-11-24,3745.760,3754.170,3702.740,3753.890,143383283.0,
2015-11-25,3747.760,3781.860,3735.720,3781.610,151944941.0,
2015-11-26,3795.250,3805.840,3756.820,3759.430,173525468.0,
2015-11-27,3739.100,3742.740,3534.390,3556.990,208939358.0,
2015-11-30,3554.890,3587.970,3455.070,3566.410,173201163.0,
2015-12-01,3562.320,3617.300,3536.120,3591.700,136536554.0,
2015-12-02,3587.760,3725.850,3573.400,3721.960,213538865.0,
2015-12-03,3709.550,3758.450,3693.140,3749.300,197762126.0,
2015-12-04,3719.730,3726.120,3667.290,3677.590,151199522.0,
2015-12-07,3681.580,3699.340,3658.580,3687.610,113883150.0,
2015-12-08,3668.840,3668.840,3619.450,3623.020,125781083.0,
2015-12-09,3613.420,3655.160,3611.490,3635.940,113325422.0,
2015-12-10,3634.370,3678.320,3615.990,3623.080,120215625.0,
2015-12-11,3605.370,3630.740,3578.150,3608.060,110322481.0,
2015-12-14,3573.880,3712.500,3571.000,3711.320,151769119.0,
2015-12-15,3707.730,3717.360,3679.230,3694.390,126481710.0,
2015-12-16,3703.950,3713.090,3677.450,3685.440,111342723.0,
2015-12-17,3712.780,3768.840,3709.850,3755.890,177924075.0,
2015-12-18,3754.960,3810.220,3750.930,3767.910,173465980.0,
2015-12-21,3762.100,3877.820,3759.990,3865.970,217435275.0,
2015-12-22,3872.100,3880.470,3841.590,3876.730,180303661.0,
2015-12-23,3877.870,3926.690,3862.970,3866.380,207017147.0,
2015-12-24,3858.140,3867.680,3787.080,3829.400,147181397.0,
2015-12-25,3832.080,3848.020,3813.200,3838.200,119624013.0,
2015-12-28,3847.530,3853.390,3727.630,3727.630,153988440.0,
2015-12-29,3723.050,3762.050,3710.480,3761.870,101885555.0,
2015-12-30,3762.910,3765.660,3726.280,3765.180,105629955.0,
2015-12-31,3760.900,3772.620,3727.320,3731.000,101873556.0,
2016-01-04,3725.860,3726.240,3469.010,3470.410,115370674.0,
2016-01-05,3382.180,3518.220,3377.280,3478.780,162116984.0,
2016-01-06,3482.410,3543.740,3468.470,3539.810,145966144.0,
2016-01-07,3481.150,3481.150,3284.740,3294.380,44102641.0,
2016-01-08,3371.870,3418.850,3237.930,3361.560,185959451.0,
2016-01-11,3303.120,3342.480,3192.450,3192.450,174638387.0,
2016-01-12,3214.820,3242.250,3174.550,3215.710,128225796.0,
2016-01-13,3240.480,3257.300,3155.880,3155.880,120666494.0,
2016-01-14,3076.640,3226.660,3072.040,3221.570,134537671.0,
2016-01-15,3200.890,3216.800,3101.050,3118.730,124601779.0,
2016-01-18,3068.230,3165.620,3066.730,3130.730,101128386.0,
2016-01-19,3132.700,3227.910,3119.220,3223.120,127653893.0,
2016-01-20,3204.220,3225.950,3154.430,3174.380,130650504.0,
2016-01-21,3136.380,3202.540,3081.350,3081.350,111189733.0,
2016-01-22,3114.900,3132.170,3053.960,3113.460,89951087.0,
2016-01-25,3129.030,3149.330,3105.100,3128.890,81540061.0,
2016-01-26,3099.600,3106.530,2934.650,2940.510,126933921.0,
2016-01-27,2953.180,2963.540,2839.290,2930.350,132229366.0,
2016-01-28,2909.330,2941.890,2841.840,2853.760,99222756.0,
2016-01-29,2855.600,2965.310,2854.370,2946.090,113304259.0,
2016-02-01,2939.040,2944.520,2869.560,2901.050,86795342.0,
2016-02-02,2901.530,2972.430,2901.510,2961.330,88601963.0,
2016-02-03,2931.290,2954.710,2909.900,2948.640,77389000.0,
2016-02-04,2960.330,2999.210,2960.210,2984.760,91779724.0,
2016-02-05,2982.060,2988.360,2962.850,2963.790,76850808.0,
2016-02-15,2888.430,2961.490,2886.020,2946.710,72919434.0,
2016-02-16,2962.190,3042.090,2962.190,3037.040,112579643.0,
2016-02-17,3034.090,3065.780,3027.050,3063.320,128291607.0,
2016-02-18,3079.530,3093.510,3049.840,3053.700,124401464.0,
2016-02-19,3047.940,3065.970,3032.630,3051.580,87338012.0,
2016-02-22,3083.930,3128.210,3071.330,3118.870,140946968.0,
2016-02-23,3117.200,3119.220,3061.430,3089.360,112567391.0,
2016-02-24,3077.610,3109.550,3055.250,3109.550,111782650.0,
2016-02-25,3104.410,3104.440,2905.460,2918.750,157829752.0,
2016-02-26,2942.100,2964.390,2902.950,2948.030,106949729.0,
2016-02-29,2939.580,2939.870,2821.210,2877.470,129341020.0,
2016-03-01,2881.340,2950.440,2863.320,2930.690,116045918.0,
2016-03-02,2933.920,3054.720,2933.120,3051.330,175972347.0,
2016-03-03,3050.390,3078.440,3040.250,3058.420,173105744.0,
2016-03-04,3047.540,3101.660,3032.420,3093.890,219172534.0,
2016-03-07,3109.000,3130.900,3083.580,3104.840,132462037.0,
2016-03-08,3100.150,3109.250,3001.830,3107.670,136235742.0,
2016-03-09,3045.920,3072.920,3020.130,3071.910,111466245.0,
2016-03-10,3056.210,3074.160,3012.690,3013.150,76072197.0,
2016-03-11,2990.210,3026.440,2982.170,3018.280,73333564.0,
2016-03-14,3039.570,3106.800,3034.000,3065.690,117108655.0,
2016-03-15,3061.340,3077.080,3028.580,3074.780,98311941.0,
2016-03-16,3068.870,3100.350,3064.520,3090.030,124736448.0,
2016-03-17,3096.810,3147.840,3077.570,3124.200,121661777.0,
2016-03-18,3136.220,3197.670,3130.100,3171.960,197302564.0,
2016-03-21,3203.290,3267.780,3198.360,3249.440,233269464.0,
2016-03-22,3231.610,3249.680,3218.730,3225.790,161020897.0,
2016-03-23,3217.730,3242.250,3202.980,3236.090,125679286.0,
2016-03-24,3211.500,3221.910,3181.810,3181.850,133131122.0,
2016-03-25,3176.810,3204.440,3174.320,3197.820,97395330.0,
2016-03-28,3206.950,3229.620,3161.880,3169.730,103441933.0,
2016-03-29,3171.310,3178.070,3122.760,3135.410,97294747.0,
2016-03-30,3161.290,3216.680,3161.290,3216.280,117802512.0,
2016-03-31,3229.200,3241.930,3208.660,3218.090,121552074.0,
2016-04-01,3213.670,3222.610,3165.860,3221.890,118122139.0,
2016-04-05,3211.300,3271.930,3205.210,3264.490,146047772.0,
2016-04-06,3250.520,3267.640,3236.200,3257.530,120196305.0,
2016-04-07,3266.290,3270.820,3208.640,3209.290,112409467.0,
2016-04-08,3189.850,3197.770,3163.300,3185.730,101005625.0,
2016-04-11,3213.510,3251.570,3213.510,3230.100,125212709.0,
2016-04-12,3227.370,3232.260,3198.900,3218.450,92869437.0,
2016-04-13,3237.860,3296.520,3237.860,3261.380,195613866.0,
2016-04-14,3277.100,3286.070,3252.050,3275.830,113157327.0,
2016-04-15,3279.860,3282.980,3261.730,3272.210,99807529.0,
2016-04-18,3252.670,3252.670,3221.660,3228.450,97090069.0,
2016-04-19,3243.970,3250.730,3221.580,3238.300,80871440.0,
2016-04-20,3244.140,3248.420,3107.370,3181.030,162207858.0,
2016-04-21,3160.800,3198.560,3150.940,3160.600,104752651.0,
2016-04-22,3142.560,3175.380,3137.990,3174.900,77078492.0,
2016-04-25,3164.740,3172.270,3137.110,3162.030,67519351.0,
2016-04-26,3159.770,3181.100,3150.400,3179.160,59020734.0,
2016-04-27,3181.930,3188.830,3162.690,3165.920,60004147.0,
2016-04-28,3169.330,3174.770,3135.640,3160.580,69870660.0,
2016-04-29,3153.540,3171.290,3149.400,3156.750,58029776.0,
2016-05-03,3159.820,3218.490,3151.400,3213.540,98164835.0,
2016-05-04,3203.470,3222.880,3198.290,3209.460,90862408.0,
2016-05-05,3204.170,3217.280,3196.570,3213.920,74733681.0,
2016-05-06,3213.140,3216.890,3130.150,3130.350,108680240.0,
2016-05-09,3115.430,3115.430,3055.010,3065.620,99230477.0,
2016-05-10,3055.210,3084.720,3055.180,3069.110,68849935.0,
2016-05-11,3080.640,3102.880,3063.090,3082.810,81794258.0,
2016-05-12,3059.380,3095.350,3035.020,3090.140,78765726.0,
2016-05-13,3081.680,3103.100,3064.690,3074.940,62629755.0,
2016-05-16,3064.530,3095.560,3053.660,3095.310,59461856.0,
2016-05-17,3095.520,3105.200,3073.460,3086.020,65278125.0,
2016-05-18,3071.530,3072.610,3039.460,3068.040,82715369.0,
2016-05-19,3060.340,3086.980,3058.150,3062.500,60444166.0,
2016-05-20,3047.780,3078.530,3041.520,3078.220,56080842.0,
2016-05-23,3078.510,3098.480,3076.500,3087.220,59697216.0,
2016-05-24,3083.240,3083.260,3052.590,3063.560,58734385.0,
2016-05-25,3079.750,3089.100,3054.870,3059.230,56652803.0,
2016-05-26,3056.600,3072.520,3027.440,3064.210,60392981.0,
2016-05-27,3059.730,3073.760,3052.180,3062.500,60468750.0,
2016-05-30,3056.310,3075.260,3037.660,3066.710,63098579.0,
2016-05-31,3068.600,3170.930,3068.600,3169.560,138863111.0,
2016-06-01,3172.960,3181.790,3159.820,3160.550,113148482.0,
2016-06-02,3158.030,3168.820,3151.070,3167.100,86003427.0,
2016-06-03,3172.950,3201.750,3162.090,3189.330,101491783.0,
2016-06-06,3192.780,3197.220,3168.550,3178.790,76693751.0,
2016-06-07,3182.440,3186.620,3168.180,3177.050,68928314.0,
2016-06-08,3171.810,3174.970,3148.350,3163.990,76291775.0,
2016-06-13,3134.050,3145.610,3065.770,3066.340,92975947.0,
2016-06-14,3058.440,3078.750,3055.660,3075.980,66279457.0,
2016-06-15,3043.960,3128.670,3042.230,3116.370,87393257.0,
2016-06-16,3104.360,3112.480,3089.480,3094.670,82974703.0,
2016-06-17,3096.090,3131.050,3096.090,3110.360,85402985.0,
2016-06-20,3114.910,3118.730,3089.710,3112.670,63587141.0,
2016-06-21,3124.900,3155.490,3097.940,3106.320,87965345.0,
2016-06-22,3100.450,3134.060,3096.990,3133.960,66487113.0,
2016-06-23,3129.720,3129.720,3102.480,3117.320,67751738.0,
2016-06-24,3110.650,3130.540,3033.970,3077.160,104792208.0,
2016-06-27,3065.130,3120.640,3064.970,3120.540,83267259.0,
2016-06-28,3107.400,3139.430,3099.700,3136.400,92024637.0,
2016-06-29,3142.480,3158.080,3139.130,3151.390,103723668.0,
2016-06-30,3152.830,3163.720,3148.200,3153.920,79692617.0,
2016-07-01,3156.930,3170.260,3148.290,3154.200,71746283.0,
2016-07-04,3136.390,3210.600,3134.020,3204.700,133310529.0,
2016-07-05,3199.160,3216.700,3198.000,3207.380,130226895.0,
2016-07-06,3197.620,3217.520,3183.450,3216.800,124897458.0,
2016-07-07,3206.550,3220.540,3190.120,3209.950,118595202.0,
2016-07-08,3199.750,3204.930,3183.960,3192.280,89734855.0,
2016-07-11,3199.040,3235.960,3197.630,3203.330,138529511.0,
2016-07-12,3201.910,3273.470,3200.300,3273.180,172534217.0,
2016-07-13,3274.020,3300.990,3271.780,3282.870,175196090.0,
2016-07-14,3277.480,3281.950,3259.070,3276.760,107525798.0,
2016-07-15,3278.840,3285.030,3265.290,3276.280,102665026.0,
2016-07-18,3269.710,3281.640,3251.770,3262.020,110312518.0,
2016-07-19,3260.430,3264.730,3226.200,3248.230,88886861.0,
2016-07-20,3246.860,3254.510,3232.260,3237.600,72701255.0,
2016-07-21,3238.340,3271.370,3238.300,3252.520,86004825.0,
2016-07-22,3251.240,3253.770,3220.890,3225.160,86029128.0,
2016-07-25,3220.170,3243.790,3218.140,3230.890,70203185.0,
2016-07-26,3228.230,3269.750,3228.010,3269.590,81051089.0,
2016-07-27,3270.080,3276.510,3157.410,3218.240,160188665.0,
2016-07-28,3204.460,3235.780,3195.270,3221.140,112779964.0,
2016-07-29,3217.190,3225.420,3198.680,3203.930,88044837.0,
2016-08-01,3196.430,3199.980,3156.750,3176.810,87003497.0,
2016-08-02,3173.760,3189.050,3165.540,3189.050,62167639.0,
2016-08-03,3179.680,3197.160,3173.540,3193.510,72864102.0,
2016-08-04,3190.550,3201.550,3170.420,3201.290,73504373.0,
2016-08-05,3201.350,3224.870,3192.860,3205.110,77196366.0,
2016-08-08,3199.570,3234.480,3187.250,3234.180,86676051.0,
2016-08-09,3232.600,3257.330,3229.170,3256.980,91065259.0,
2016-08-10,3255.180,3261.860,3242.750,3243.340,90430372.0,
2016-08-11,3239.560,3274.030,3232.610,3233.360,101041213.0,
2016-08-12,3231.810,3294.230,3231.140,3294.230,116254044.0,
2016-08-15,3303.470,3417.910,3302.380,3393.420,220543421.0,
2016-08-16,3403.380,3418.690,3372.020,3378.250,196389740.0,
2016-08-17,3377.770,3394.390,3356.920,3373.050,138847688.0,
2016-08-18,3369.950,3394.790,3349.690,3364.490,142380169.0,
2016-08-19,3358.550,3374.040,3341.190,3365.020,119961508.0,
2016-08-22,3364.680,3372.830,3335.470,3336.790,107951008.0,
2016-08-23,3332.620,3359.650,3324.960,3341.830,92924516.0,
2016-08-24,3341.930,3348.130,3323.730,3329.860,81191429.0,
2016-08-25,3314.080,3315.080,3279.810,3308.970,100589153.0,
2016-08-26,3312.500,3328.950,3301.740,3307.090,81530691.0,
2016-08-29,3306.570,3315.080,3297.070,3307.780,77036333.0,
2016-08-30,3310.320,3325.120,3304.600,3311.990,75725987.0,
2016-08-31,3310.570,3333.970,3304.660,3327.790,79570805.0,
2016-09-01,3326.740,3329.350,3301.210,3301.580,84947219.0,
2016-09-02,3298.720,3320.430,3295.760,3314.110,82791803.0,
2016-09-05,3321.010,3338.420,3314.630,3319.680,78292477.0,
2016-09-06,3322.020,3347.950,3300.130,3342.630,98283998.0,
2016-09-07,3344.070,3357.360,3337.750,3340.820,102940106.0,
2016-09-08,3338.010,3343.400,3328.230,3339.560,71916158.0,
2016-09-09,3339.370,3344.950,3318.040,3318.040,82657036.0,
2016-09-12,3271.870,3276.720,3234.570,3262.600,122917682.0,
2016-09-13,3265.340,3269.220,3246.390,3260.330,67180288.0,
2016-09-14,3245.740,3255.000,3231.340,3238.730,70432697.0,
2016-09-19,3242.740,3264.900,3242.740,3263.120,58831082.0,
2016-09-20,3264.660,3265.040,3252.390,3257.400,52784206.0,
2016-09-21,3257.710,3270.900,3254.320,3266.640,59142979.0,
2016-09-22,3281.470,3303.200,3277.980,3291.120,75753542.0,
2016-09-23,3292.280,3293.920,3275.020,3275.670,57993986.0,
2016-09-26,3267.690,3267.690,3220.280,3220.280,70452186.0,
2016-09-27,3214.870,3240.780,3214.440,3240.750,58460550.0,
2016-09-28,3243.650,3243.650,3228.000,3230.890,44727498.0,
2016-09-29,3234.860,3257.770,3234.800,3244.390,55452556.0,
2016-09-30,3240.180,3260.940,3239.040,3253.280,44978022.0,
2016-10-10,3265.360,3294.640,3258.960,3293.870,80519260.0,
2016-10-11,3296.870,3308.000,3292.880,3306.560,87713163.0,
2016-10-12,3299.140,3302.560,3289.750,3300.010,68669781.0,
2016-10-13,3299.160,3307.410,3292.400,3302.650,81224198.0,
2016-10-14,3298.730,3306.690,3285.730,3305.850,82316271.0,
2016-10-17,3305.960,3309.010,3271.540,3277.880,86113509.0,
2016-10-18,3272.680,3321.330,3272.680,3321.330,102860714.0,
2016-10-19,3323.300,3332.520,3309.830,3316.240,101167725.0,
2016-10-20,3317.180,3324.900,3312.170,3318.600,79238871.0,
2016-10-21,3315.720,3341.560,3309.180,3327.740,109785176.0,
2016-10-24,3332.510,3382.830,3330.970,3367.580,153014345.0,
2016-10-25,3367.480,3373.910,3356.590,3367.450,111191693.0,
2016-10-26,3365.200,3367.830,3349.570,3354.800,98024786.0,
2016-10-27,3351.460,3352.350,3335.130,3345.700,77629851.0,
2016-10-28,3347.140,3370.750,3337.290,3340.130,93133309.0,
2016-10-31,3332.410,3340.470,3317.330,3336.280,71352863.0,
2016-11-01,3338.710,3359.390,3334.460,3359.050,74938199.0,
2016-11-02,3350.710,3356.400,3331.380,3333.350,91197104.0,
2016-11-03,3326.900,3379.990,3324.840,3365.080,126223504.0,
2016-11-04,3362.210,3377.640,3348.430,3354.170,104069655.0,
2016-11-07,3353.440,3362.740,3342.310,3356.590,99877988.0,
2016-11-08,3367.700,3383.920,3361.130,3371.120,103148282.0,
2016-11-09,3370.600,3373.100,3322.080,3353.050,139110059.0,
2016-11-10,3374.910,3403.020,3374.910,3390.610,134705535.0,
2016-11-11,3387.950,3422.670,3382.890,3417.220,198781496.0,
2016-11-14,3409.220,3452.620,3408.140,3430.250,213247105.0,
2016-11-15,3428.870,3434.920,3415.990,3429.870,134566320.0,
2016-11-16,3432.430,3435.640,3419.240,3429.590,129808511.0,
2016-11-17,3423.470,3437.670,3412.880,3436.530,121561731.0,
2016-11-18,3437.490,3443.120,3413.270,3417.460,115951205.0,
2016-11-21,3412.650,3463.140,3412.080,3441.110,146434529.0,
2016-11-22,3443.220,3469.220,3443.220,3468.360,168523446.0,
2016-11-23,3473.900,3492.960,3465.760,3474.730,162388504.0,
2016-11-24,3468.810,3508.160,3467.010,3488.740,145746301.0,
2016-11-25,3490.040,3521.300,3463.950,3521.300,153621506.0,
2016-11-28,3538.680,3553.360,3528.320,3535.080,207375483.0,
2016-11-29,3525.900,3583.720,3521.380,3564.040,236918356.0,
2016-11-30,3557.640,3567.070,3527.020,3538.000,178560178.0,
2016-12-01,3543.960,3575.970,3543.250,3565.040,180170761.0,
2016-12-02,3559.770,3562.550,3516.790,3528.950,196355480.0,
2016-12-05,3473.690,3496.880,3457.340,3469.410,180852355.0,
2016-12-06,3466.240,3477.590,3456.810,3459.150,115529090.0,
2016-12-07,3458.370,3475.750,3445.760,3475.750,114345103.0,
2016-12-08,3481.810,3484.340,3466.510,3470.140,117383922.0,
2016-12-09,3464.870,3507.930,3461.760,3493.700,150303308.0,
2016-12-12,3489.270,3495.800,3400.790,3409.180,187467751.0,
2016-12-13,3394.210,3416.210,3370.600,3405.040,121105097.0,
2016-12-14,3399.410,3412.280,3378.270,3378.950,124007744.0,
2016-12-15,3363.860,3378.040,3327.140,3340.430,114960660.0,
2016-12-16,3335.360,3356.290,3330.490,3346.030,90775422.0,
2016-12-19,3342.340,3344.860,3325.000,3328.980,81640678.0,
2016-12-20,3328.300,3329.100,3289.270,3309.060,87569592.0,
2016-12-21,3313.750,3342.480,3313.750,3338.540,108254995.0,
2016-12-22,3335.120,3340.360,3322.720,3335.670,92277249.0,
2016-12-23,3333.400,3334.890,3300.880,3307.600,97444713.0,
2016-12-26,3293.220,3322.420,3267.050,3322.400,89793982.0,
2016-12-27,3319.210,3330.230,3315.830,3316.390,75486359.0,
2016-12-28,3315.750,3320.550,3293.170,3301.890,69000437.0,
2016-12-29,3297.040,3312.110,3288.100,3297.760,70087923.0,
2016-12-30,3302.600,3313.550,3295.750,3310.080,71744116.0,
2017-01-03,3313.950,3345.260,3313.950,3342.230,86567896.0,
2017-01-04,3340.560,3369.570,3338.150,3368.310,90050827.0,
2017-01-05,3368.340,3373.410,3361.460,3367.790,88336357.0,
2017-01-06,3366.850,3368.870,3346.890,3347.670,87459114.0,
2017-01-09,3345.750,3366.220,3344.350,3363.900,83707942.0,
2017-01-10,3361.640,3370.510,3354.090,3358.270,83819160.0,
2017-01-11,3355.800,3366.630,3334.300,3334.500,91071438.0,
2017-01-12,3332.690,3343.130,3315.960,3317.620,81239135.0,
2017-01-13,3317.960,3338.170,3309.370,3319.910,84180589.0,
2017-01-16,3314.150,3322.780,3264.210,3319.450,157779135.0,
2017-01-17,3305.600,3327.380,3292.200,3326.360,69453328.0,
2017-01-18,3323.340,3350.960,3320.410,3339.370,70623227.0,
2017-01-19,3330.950,3346.500,3324.680,3329.290,66159808.0,
2017-01-20,3326.980,3358.410,3326.370,3354.890,65300462.0,
2017-01-23,3359.050,3378.740,3355.850,3364.080,75557498.0,
2017-01-24,3363.140,3371.320,3355.900,3364.450,66194226.0,
2017-01-25,3361.660,3376.440,3357.220,3375.900,58376931.0,
2017-01-26,3378.260,3395.880,3378.260,3387.960,65316647.0,
2017-02-03,3390.930,3392.480,3362.570,3364.490,55188861.0,
2017-02-06,3368.110,3381.330,3358.750,3373.210,68521360.0,
2017-02-07,3371.770,3376.710,3354.620,3365.680,63754462.0,
2017-02-08,3361.780,3383.690,3347.430,3383.290,75402879.0,
2017-02-09,3381.900,3406.590,3379.790,3396.290,97558515.0,
2017-02-10,3398.320,3422.330,3398.030,3413.490,123768720.0,
2017-02-13,3416.920,3439.540,3416.870,3436.270,120144538.0,
2017-02-14,3438.510,3440.670,3424.400,3435.800,94809465.0,
2017-02-15,3435.390,3448.030,3417.080,3421.710,127643338.0,
2017-02-16,3421.830,3440.930,3418.350,3440.930,108276962.0,
2017-02-17,3443.620,3457.560,3419.610,3421.440,114600036.0,
2017-02-20,3421.640,3472.600,3421.640,3471.390,132628862.0,
2017-02-21,3475.060,3490.090,3472.020,3482.820,114842009.0,
2017-02-22,3483.200,3489.950,3473.520,3489.760,102815994.0,
2017-02-23,3487.570,3492.960,3460.120,3473.320,99536330.0,
2017-02-24,3468.960,3473.850,3455.250,3473.850,95535133.0,
2017-02-27,3471.130,3472.840,3441.390,3446.220,98672160.0,
2017-02-28,3445.030,3460.910,3441.360,3452.810,75215260.0,
2017-03-01,3452.210,3472.700,3449.110,3458.440,103260354.0,
2017-03-02,3463.480,3468.470,3434.000,3435.100,89898077.0,
2017-03-03,3424.660,3428.880,3412.830,3427.860,80994652.0,
2017-03-06,3427.250,3449.030,3425.900,3446.480,83070882.0,
2017-03-07,3446.160,3454.040,3440.060,3453.960,80334720.0,
2017-03-08,3452.200,3457.040,3441.260,3448.730,79587690.0,
2017-03-09,3442.900,3443.050,3414.680,3426.940,84570381.0,
2017-03-10,3423.980,3436.240,3423.940,3427.890,70016199.0,
2017-03-13,3425.670,3458.100,3412.690,3458.100,91684124.0,
2017-03-14,3456.660,3465.390,3448.900,3456.690,77077963.0,
2017-03-15,3452.210,3463.920,3445.270,3463.640,79104954.0,
2017-03-16,3472.270,3492.130,3472.270,3481.510,106333913.0,
2017-03-17,3485.310,3488.500,3441.470,3445.810,103755560.0,
2017-03-20,3449.050,3454.060,3429.830,3449.610,88734322.0,
2017-03-21,3449.770,3466.700,3445.640,3466.350,87707855.0,
2017-03-22,3450.750,3464.330,3433.500,3450.050,104935894.0,
2017-03-23,3452.410,3470.820,3435.690,3461.980,94318062.0,
2017-03-24,3464.200,3499.320,3461.110,3489.600,125645833.0,
2017-03-27,3488.760,3505.980,3474.520,3478.040,107015377.0,
2017-03-28,3480.250,3482.290,3461.470,3469.810,84194820.0,
2017-03-29,3472.970,3483.060,3455.550,3465.190,104851706.0,
2017-03-30,3461.620,3467.300,3422.370,3436.760,116376922.0,
2017-03-31,3434.820,3456.310,3430.820,3456.050,91577491.0,
2017-04-05,3476.420,3504.540,3475.150,3503.890,143399017.0,
2017-04-06,3507.990,3517.780,3495.720,3514.050,136767004.0,
2017-04-07,3514.450,3526.810,3506.390,3517.460,140293204.0,
2017-04-10,3519.460,3522.800,3502.080,3505.140,141887380.0,
2017-04-11,3503.830,3520.130,3466.140,3517.330,165945832.0,
2017-04-12,3514.570,3523.100,3498.000,3509.440,181824537.0,
2017-04-13,3500.280,3518.440,3496.570,3514.570,129981813.0,
2017-04-14,3516.810,3517.470,3476.950,3486.500,135474078.0,
2017-04-17,3475.740,3480.570,3453.680,3479.940,117164961.0,
2017-04-18,3474.890,3489.080,3462.630,3462.740,110927823.0,
2017-04-19,3452.990,3459.350,3418.510,3445.880,121349264.0,
2017-04-20,3444.520,3465.610,3440.720,3461.550,114184208.0,
2017-04-21,3461.390,3475.560,3449.540,3466.790,104419110.0,
2017-04-24,3458.230,3458.230,3403.980,3431.260,114660791.0,
2017-04-25,3427.730,3449.670,3422.650,3440.970,94072148.0,
2017-04-26,3440.250,3466.570,3439.150,3445.180,111940029.0,
2017-04-27,3435.100,3449.270,3399.540,3446.720,123298425.0,
2017-04-28,3439.570,3439.900,3417.240,3439.750,101632351.0,
2017-05-02,3427.920,3436.310,3418.670,3426.580,92797462.0,
2017-05-03,3421.760,3432.220,3403.080,3413.130,91669624.0,
2017-05-04,3404.940,3421.400,3391.280,3404.390,103482075.0,
2017-05-05,3393.480,3395.450,3366.560,3382.550,109895333.0,
2017-05-08,3369.110,3374.160,3339.570,3358.810,123749287.0,
2017-05-09,3342.600,3358.050,3327.590,3352.530,76771668.0,
2017-05-10,3350.650,3369.430,3336.000,3337.700,92082628.0,
2017-05-11,3322.950,3359.600,3312.890,3356.650,109252890.0,
2017-05-12,3350.940,3387.270,3349.170,3385.380,93386466.0,
2017-05-15,3391.590,3406.580,3391.590,3399.190,82977611.0,
2017-05-16,3390.930,3428.850,3373.550,3428.650,105242416.0,
2017-05-17,3423.190,3433.970,3408.150,3409.970,99736837.0,
2017-05-18,3387.670,3409.930,3383.940,3398.110,85759589.0,
2017-05-19,3395.230,3405.940,3392.380,3403.850,71473525.0,
2017-05-22,3400.590,3424.180,3391.170,3411.240,92539559.0,
2017-05-23,3405.030,3434.770,3401.530,3424.190,116911033.0,
2017-05-24,3409.720,3424.170,3383.890,3424.170,83553161.0,
2017-05-25,3414.400,3490.420,3413.220,3485.660,130721631.0,
2017-05-26,3479.620,3498.310,3473.040,3480.430,103241153.0,
2017-05-31,3495.070,3515.080,3474.920,3492.880,104829744.0,
2017-06-01,3485.220,3499.810,3476.430,3497.740,103127724.0,
2017-06-02,3491.590,3498.120,3470.200,3486.510,82668010.0,
2017-06-05,3480.170,3484.120,3462.310,3468.750,79738152.0,
2017-06-06,3464.380,3492.880,3460.450,3492.880,64089388.0,
2017-06-07,3493.880,3537.090,3491.130,3533.870,104419968.0,
2017-06-08,3531.240,3562.270,3528.180,3560.980,90224905.0,
2017-06-09,3561.240,3590.890,3560.630,3576.170,101188265.0,
2017-06-12,3570.220,3603.690,3565.900,3574.390,90381167.0,
2017-06-13,3569.160,3584.410,3559.210,3582.270,75177138.0,
2017-06-14,3571.250,3571.250,3530.270,3535.300,83810783.0,
2017-06-15,3530.750,3542.280,3508.950,3528.790,82632535.0,
2017-06-16,3522.970,3536.140,3514.390,3518.760,76452707.0,
2017-06-19,3520.060,3554.910,3520.060,3553.670,79797141.0,
2017-06-20,3560.790,3563.700,3539.510,3546.490,80509559.0,
2017-06-21,3567.130,3587.990,3545.570,3587.960,87859824.0,
2017-06-22,3583.560,3635.530,3581.340,3590.340,135526987.0,
2017-06-23,3583.440,3623.240,3569.320,3622.880,105129134.0,
2017-06-26,3627.020,3671.940,3627.020,3668.090,134637995.0,
2017-06-27,3665.580,3676.530,3648.760,3674.720,97558702.0,
2017-06-28,3664.160,3672.190,3644.030,3646.170,97920858.0,
2017-06-29,3649.250,3669.130,3644.730,3668.830,85589498.0,
2017-06-30,3654.730,3669.760,3646.230,3666.800,81510028.0,
2017-07-03,3667.230,3667.600,3633.780,3650.850,88820860.0,
2017-07-04,3646.830,3646.850,3611.690,3619.980,95071413.0,
2017-07-05,3611.900,3660.730,3610.460,3659.680,88232425.0,
2017-07-06,3654.560,3666.770,3629.560,3660.100,102379245.0,
2017-07-07,3647.640,3657.110,3631.870,3655.930,103735497.0,
2017-07-10,3647.940,3667.850,3641.530,3653.690,120591910.0,
2017-07-11,3646.880,3701.210,3645.990,3670.810,118760826.0,
2017-07-12,3672.630,3691.580,3640.590,3658.820,122287792.0,
2017-07-13,3656.350,3690.480,3652.570,3686.920,125669549.0,
2017-07-14,3682.620,3703.090,3672.740,3703.090,105514005.0,
2017-07-17,3700.620,3716.470,3621.370,3663.560,178821600.0,
2017-07-18,3648.490,3667.540,3622.040,3667.180,124622056.0,
2017-07-19,3660.870,3731.050,3658.200,3729.750,182477787.0,
2017-07-20,3725.140,3750.190,3723.070,3747.880,142410039.0,
2017-07-21,3738.180,3751.690,3722.070,3728.600,117941226.0,
2017-07-24,3724.380,3755.190,3719.850,3743.470,134868722.0,
2017-07-25,3742.640,3752.160,3713.280,3719.560,121672059.0,
2017-07-26,3722.880,3738.530,3684.180,3705.390,136325210.0,
2017-07-27,3700.860,3716.690,3672.500,3712.190,145002904.0,
2017-07-28,3703.490,3725.540,3696.780,3721.890,111411392.0,
2017-07-31,3722.430,3746.520,3713.660,3737.870,148429039.0,
2017-08-01,3738.740,3770.400,3737.100,3770.380,152546539.0,
2017-08-02,3768.190,3784.350,3759.280,3760.850,172293383.0,
2017-08-03,3755.110,3766.350,3718.440,3727.830,146153944.0,
2017-08-04,3724.720,3738.730,3707.000,3707.580,157470060.0,
2017-08-07,3701.220,3730.780,3689.960,3726.790,124231530.0,
2017-08-08,3724.330,3737.330,3718.810,3732.210,137241928.0,
2017-08-09,3728.030,3739.000,3713.570,3731.040,124679989.0,
2017-08-10,3724.960,3746.860,3688.180,3715.920,130085128.0,
2017-08-11,3687.930,3700.490,3645.090,3647.350,150387421.0,
2017-08-14,3651.380,3698.370,3651.380,3694.680,115308451.0,
2017-08-15,3695.780,3719.290,3692.280,3706.060,106444857.0,
2017-08-16,3701.130,3707.140,3679.730,3701.420,104134141.0,
2017-08-17,3707.070,3722.620,3704.410,3721.280,108656251.0,
2017-08-18,3707.190,3733.490,3700.410,3724.670,96561705.0,
2017-08-21,3731.840,3744.260,3728.620,3740.990,100313073.0,
2017-08-22,3745.750,3758.290,3734.560,3752.300,100292856.0,
2017-08-23,3747.610,3772.460,3741.720,3756.090,104961573.0,
2017-08-24,3755.890,3765.710,3729.090,3734.650,89947372.0,
2017-08-25,3736.290,3795.970,3736.290,3795.750,129940900.0,
2017-08-28,3805.660,3866.940,3805.660,3842.710,185576325.0,
2017-08-29,3839.180,3847.930,3825.760,3834.540,128227070.0,
2017-08-30,3834.270,3854.710,3827.860,3834.300,141352857.0,
2017-08-31,3835.840,3840.200,3800.890,3822.090,132944935.0,
2017-09-01,3825.340,3843.620,3818.160,3830.540,158645511.0,
2017-09-04,3828.540,3847.090,3813.550,3845.620,149566320.0,
2017-09-05,3845.550,3865.290,3841.950,3857.050,124964155.0,
2017-09-06,3846.750,3858.250,3831.380,3849.450,131398723.0,
2017-09-07,3851.690,3858.160,3828.830,3829.870,123884181.0,
2017-09-08,3830.070,3843.020,3813.980,3825.990,106036504.0,
2017-09-11,3828.340,3850.740,3817.510,3825.650,123883997.0,
2017-09-12,3832.240,3849.390,3822.000,3837.930,144190242.0,
2017-09-13,3835.550,3847.780,3822.940,3842.610,95410785.0,
2017-09-14,3843.570,3854.490,3820.090,3829.960,115358583.0,
2017-09-15,3826.140,3843.300,3818.520,3831.300,122427006.0,
2017-09-18,3832.960,3862.360,3832.960,3843.140,117934405.0,
2017-09-19,3849.880,3857.300,3820.290,3832.120,112432987.0,
2017-09-20,3830.150,3850.940,3827.890,3842.440,101129542.0,
2017-09-21,3843.260,3860.800,3837.380,3837.820,111098192.0,
2017-09-22,3826.460,3842.250,3816.820,3837.730,100619802.0,
2017-09-25,3829.220,3835.390,3811.120,3817.790,103948976.0,
2017-09-26,3810.330,3821.690,3808.380,3820.780,81869407.0,
2017-09-27,3818.960,3832.570,3818.810,3821.200,85655811.0,
2017-09-28,3821.590,3827.330,3813.750,3822.540,93544069.0,
2017-09-29,3825.200,3852.220,3825.200,3836.500,93306028.0,
2017-10-09,3910.110,3918.840,3876.030,3882.210,135535851.0,
2017-10-10,3883.000,3900.740,3855.470,3889.860,112532586.0,
2017-10-11,3886.820,3913.070,3885.500,3902.690,104418151.0,
2017-10-12,3902.020,3917.440,3897.550,3912.950,94340921.0,
2017-10-13,3912.980,3927.170,3908.890,3921.000,90142068.0,
2017-10-16,3926.280,3947.420,3913.320,3913.450,121355033.0,
2017-10-17,3910.790,3924.610,3900.480,3913.070,82241227.0,
2017-10-18,3914.820,3944.410,3914.820,3944.160,100969841.0,
2017-10-19,3940.580,3944.030,3923.650,3931.250,106527252.0,
2017-10-20,3918.530,3928.960,3910.200,3926.850,72980180.0,
2017-10-23,3930.890,3936.270,3920.660,3930.800,81484980.0,
2017-10-24,3926.230,3959.500,3922.030,3959.400,93058154.0,
2017-10-25,3958.170,3978.090,3954.000,3976.950,88205458.0,
2017-10-26,3980.050,4013.600,3973.550,3993.580,129895465.0,
2017-10-27,3992.550,4024.460,3991.350,4021.970,126672846.0,
2017-10-30,4022.160,4033.340,3960.270,4009.720,157387603.0,
2017-10-31,3995.390,4009.280,3983.260,4006.720,109178779.0,
2017-11-01,4007.910,4032.460,3991.320,3996.620,130417380.0,
2017-11-02,3994.090,3999.230,3971.380,3997.130,126100579.0,
2017-11-03,3992.350,3999.340,3963.030,3992.700,129404439.0,
2017-11-06,3989.180,4021.640,3975.410,4020.890,122081159.0,
2017-11-07,4022.400,4064.220,4021.360,4054.250,152116663.0,
2017-11-08,4051.490,4089.150,4040.580,4048.010,150827719.0,
2017-11-09,4043.070,4076.610,4038.400,4075.900,121056335.0,
2017-11-10,4070.280,4116.710,4067.660,4111.910,141817165.0,
2017-11-13,4115.550,4137.650,4115.550,4128.070,151446309.0,
2017-11-14,4129.270,4133.550,4086.890,4099.350,143236936.0,
2017-11-15,4084.210,4102.810,4055.720,4073.670,120635696.0,
2017-11-16,4063.490,4107.620,4062.270,4105.010,121384414.0,
2017-11-17,4094.080,4122.380,4081.370,4120.850,191784119.0,
2017-11-20,4093.730,4144.510,4060.960,4143.830,137447258.0,
2017-11-21,4131.850,4220.260,4129.980,4217.700,180350821.0,
2017-11-22,4228.370,4260.640,4191.150,4227.570,186477003.0,
2017-11-23,4213.380,4214.190,4086.900,4102.400,178147228.0,
2017-11-24,4089.470,4116.590,4057.490,4104.200,130858040.0,
2017-11-27,4088.930,4088.930,4037.150,4049.950,143455268.0,
2017-11-28,4034.210,4056.480,4010.300,4055.820,102058095.0,
2017-11-29,4061.350,4069.240,4004.690,4053.750,124553642.0,
2017-11-30,4034.010,4052.800,3988.000,4006.100,107983345.0,
2017-12-01,4003.560,4027.110,3984.380,3998.140,97386913.0,
2017-12-04,3989.050,4032.990,3982.320,4018.860,102647219.0,
2017-12-05,4007.940,4045.930,4006.540,4040.170,154087076.0,
2017-12-06,4027.120,4031.750,3964.810,4015.820,109286205.0,
2017-12-07,4003.580,4017.950,3955.990,3971.060,90254045.0,
2017-12-08,3962.830,4014.140,3955.440,4003.380,89282861.0,
2017-12-11,4006.880,4069.500,4005.270,4069.500,97148946.0,
2017-12-12,4068.510,4070.150,4015.450,4016.020,84338718.0,
2017-12-13,4013.830,4052.690,4004.740,4050.090,77546131.0,
2017-12-14,4050.900,4057.620,4013.850,4026.150,80768862.0,
2017-12-15,4018.730,4020.270,3974.930,3980.860,89044389.0,
2017-12-18,3983.300,4008.070,3967.930,3985.290,77853375.0,
2017-12-19,3985.820,4035.630,3985.820,4035.330,77528985.0,
2017-12-20,4036.020,4044.850,4015.630,4030.490,90604503.0,
2017-12-21,4023.080,4080.780,4014.650,4067.850,96836089.0,
2017-12-22,4064.910,4076.800,4048.490,4054.600,73473684.0,
2017-12-25,4057.420,4086.930,4026.450,4041.540,91926962.0,
2017-12-26,4040.620,4056.860,4015.300,4053.620,91118790.0,
2017-12-27,4045.280,4047.740,3986.740,3991.210,105153577.0,
2017-12-28,3993.000,4036.700,3980.240,4018.900,118542886.0,
2017-12-29,4022.880,4043.140,4012.880,4030.850,90486683.0,
2018-01-02,4045.210,4087.780,4045.210,4087.400,146935435.0,
2018-01-03,4091.460,4140.050,4088.730,4111.390,151852218.0,
2018-01-04,4114.120,4137.640,4105.890,4128.810,134543794.0,
2018-01-05,4133.340,4151.280,4123.280,4138.750,149009872.0,
2018-01-08,4140.850,4166.320,4127.310,4160.160,173877666.0,
2018-01-09,4157.540,4191.280,4153.500,4189.300,139034294.0,
2018-01-10,4187.200,4211.050,4175.140,4207.810,151121666.0,
2018-01-11,4197.110,4211.800,4181.960,4205.590,121578539.0,
2018-01-12,4205.140,4227.390,4199.020,4225.000,111354794.0,
2018-01-15,4229.840,4262.930,4216.360,4225.240,170907897.0,
2018-01-16,4215.620,4260.210,4213.130,4258.470,161494963.0,
2018-01-17,4261.780,4283.340,4230.540,4248.120,214311032.0,
2018-01-18,4259.380,4292.640,4246.680,4271.420,172032846.0,
2018-01-19,4281.940,4316.570,4269.620,4285.400,209490570.0,
2018-01-22,4276.480,4338.480,4275.900,4336.600,174643195.0,
2018-01-23,4346.890,4383.570,4346.790,4382.610,201867585.0,
2018-01-24,4389.450,4397.820,4349.090,4389.890,219818889.0,
2018-01-25,4381.980,4392.200,4336.240,4365.080,195374950.0,
2018-01-26,4352.220,4403.340,4351.490,4381.300,177227237.0,
2018-01-29,4387.060,4395.910,4287.110,4302.020,191100354.0,
2018-01-30,4286.680,4308.510,4251.570,4256.100,139034730.0,
2018-01-31,4234.110,4287.860,4232.770,4275.900,145210164.0,
2018-02-01,4276.340,4287.390,4214.290,4245.900,190002934.0,
2018-02-02,4213.940,4271.760,4181.780,4271.230,146066827.0,
2018-02-05,4204.460,4274.150,4200.140,4274.150,161347799.0,
2018-02-06,4182.330,4211.520,4131.560,4148.890,214910450.0,
2018-02-07,4205.740,4212.570,4048.420,4050.500,203127493.0,
2018-02-08,4022.880,4071.670,3974.680,4012.050,159269985.0,
2018-02-09,3896.170,3911.290,3759.150,3840.650,206349828.0,
2018-02-12,3846.270,3907.840,3828.070,3890.100,116182637.0,
2018-02-13,3925.600,3986.980,3925.600,3935.630,112565885.0,
2018-02-14,3945.090,3971.400,3923.130,3966.960,71081338.0,
2018-02-22,4020.970,4058.790,4009.920,4052.730,105811571.0,
2018-02-23,4061.750,4085.200,4035.230,4071.090,99458746.0,
2018-02-26,4093.400,4128.740,4048.980,4118.420,137881001.0,
2018-02-27,4120.870,4120.870,4051.810,4058.980,125934470.0,
2018-02-28,4016.790,4051.710,3991.710,4023.640,109343593.0,
2018-03-01,3994.870,4061.030,3986.890,4049.090,110199852.0,
2018-03-02,4014.950,4044.420,4006.940,4016.460,96165000.0,
2018-03-05,4021.660,4042.830,3995.870,4018.100,87952548.0,
2018-03-06,4034.990,4067.550,3998.930,4066.560,138762444.0,
2018-03-07,4063.500,4089.700,4027.940,4036.650,106952426.0,
2018-03-08,4038.950,4078.230,4029.710,4077.600,91155810.0,
2018-03-09,4088.070,4110.670,4076.450,4108.870,113701808.0,
2018-03-12,4130.710,4139.530,4112.770,4127.670,140906739.0,
2018-03-13,4124.330,4130.280,4087.560,4091.250,111766430.0,
2018-03-14,4076.060,4089.090,4066.490,4073.340,99013409.0,
2018-03-15,4058.710,4098.990,4058.710,4096.160,88161156.0,
2018-03-16,4096.890,4110.040,4055.820,4056.420,84896188.0,
2018-03-19,4054.620,4074.520,4033.520,4074.250,81502882.0,
2018-03-20,4045.740,4080.190,4040.310,4077.700,80605280.0,
2018-03-21,4097.020,4110.120,4046.240,4061.050,97609488.0,
2018-03-22,4062.070,4072.380,4003.720,4020.350,89095259.0,
2018-03-23,3896.740,3928.510,3834.940,3904.940,180080449.0,
2018-03-26,3862.690,3883.900,3829.920,3879.890,115139128.0,
2018-03-27,3927.490,3936.780,3881.870,3913.270,113700711.0,
2018-03-28,3865.050,3907.280,3835.880,3842.720,101494908.0,
2018-03-29,3854.590,3913.960,3794.260,3894.050,116629066.0,
2018-03-30,3893.750,3915.350,3879.210,3898.500,97512270.0,
2018-04-02,3897.010,3937.020,3882.890,3886.920,111242666.0,
2018-04-03,3850.150,3878.150,3839.930,3862.480,95137369.0,
2018-04-04,3873.630,3898.610,3852.500,3854.860,88730609.0,
2018-04-09,3851.950,3870.670,3827.410,3852.930,84105462.0,
2018-04-10,3860.720,3927.420,3851.800,3927.170,106173722.0,
2018-04-11,3934.170,3958.710,3924.960,3938.340,111933021.0,
2018-04-12,3935.670,3937.780,3896.180,3898.640,82699490.0,
2018-04-13,3920.740,3929.950,3866.190,3871.140,71544203.0,
2018-04-16,3862.470,3869.160,3789.610,3808.860,99217770.0,
2018-04-17,3812.870,3822.630,3745.440,3748.640,90610790.0,
2018-04-18,3785.310,3789.660,3708.110,3766.280,106676706.0,
2018-04-19,3774.780,3824.030,3767.800,3811.840,99054060.0,
2018-04-20,3801.210,3815.440,3750.100,3760.850,99282925.0,
2018-04-23,3754.690,3787.400,3735.180,3766.330,90356291.0,
2018-04-24,3769.880,3854.430,3769.880,3843.490,114219525.0,
2018-04-25,3824.590,3838.690,3817.030,3828.700,78172612.0,
2018-04-26,3823.390,3828.710,3744.890,3755.490,87150641.0,
2018-04-27,3771.040,3776.980,3714.640,3756.880,89531726.0,
2018-05-02,3769.930,3787.300,3744.550,3763.650,83301035.0,
2018-05-03,3756.170,3797.530,3732.370,3793.000,93961118.0,
2018-05-04,3784.320,3801.520,3770.940,3774.600,71554288.0,
2018-05-07,3782.540,3834.590,3776.030,3834.190,87286195.0,
2018-05-08,3834.610,3892.070,3833.730,3878.680,94215157.0,
2018-05-09,3876.130,3878.940,3855.740,3871.620,66712966.0,
2018-05-10,3882.840,3894.490,3867.310,3893.060,70667809.0,
2018-05-11,3902.150,3903.340,3871.950,3872.840,73356604.0,
2018-05-14,3886.870,3919.300,3886.870,3909.290,81975999.0,
2018-05-15,3920.140,3924.340,3892.920,3924.100,76049555.0,
2018-05-16,3909.820,3923.340,3889.190,3892.840,71913646.0,
2018-05-17,3895.490,3899.510,3858.850,3864.050,59030123.0,
2018-05-18,3860.160,3903.060,3841.900,3903.060,72613956.0,
2018-05-21,3925.540,3937.460,3913.600,3921.240,92641737.0,
2018-05-22,3918.820,3918.820,3881.170,3906.210,75368778.0,
2018-05-23,3898.270,3898.270,3854.580,3854.580,83722319.0,
2018-05-24,3853.290,3859.100,3823.920,3827.220,68345022.0,
2018-05-25,3823.740,3841.120,3804.140,3816.500,70836386.0,
2018-05-28,3816.260,3846.550,3799.320,3833.260,71521132.0,
2018-05-29,3824.190,3841.780,3800.670,3804.010,81552662.0,
2018-05-30,3755.180,3767.890,3722.070,3723.370,87913285.0,
2018-05-31,3749.300,3804.790,3742.530,3802.380,92666894.0,
2018-06-01,3789.670,3802.540,3753.840,3770.590,77821813.0,
2018-06-04,3785.190,3813.410,3776.620,3807.580,76624341.0,
2018-06-05,3811.290,3845.560,3800.930,3845.320,78687360.0,
2018-06-06,3839.680,3848.330,3830.900,3837.350,73117237.0,
2018-06-07,3846.940,3859.850,3827.690,3831.010,80256147.0,
2018-06-08,3819.450,3819.460,3759.270,3779.620,83337335.0,
2018-06-11,3770.210,3792.550,3756.510,3779.980,68709834.0,
2018-06-12,3783.190,3830.470,3765.260,3825.950,73206244.0,
2018-06-13,3814.620,3817.450,3782.070,3788.340,66377970.0,
2018-06-14,3774.640,3808.160,3759.250,3773.370,68471322.0,
2018-06-15,3763.040,3780.340,3737.430,3753.430,85488893.0,
2018-06-19,3702.670,3712.820,3583.020,3621.120,160706542.0,
2018-06-20,3602.550,3649.340,3578.170,3635.440,86718098.0,
2018-06-21,3633.560,3673.560,3589.490,3592.970,93908552.0,
2018-06-22,3567.890,3609.080,3542.460,3608.900,75117864.0,
2018-06-25,3625.800,3631.030,3559.030,3560.480,79877078.0,
2018-06-26,3521.590,3541.780,3478.210,3531.110,84985269.0,
2018-06-27,3525.130,3537.660,3441.780,3459.260,81491817.0,
2018-06-28,3434.940,3477.060,3416.950,3423.530,75918051.0,
2018-06-29,3431.960,3512.380,3425.220,3510.980,77257031.0,
2018-07-02,3504.460,3506.900,3383.500,3407.960,84351449.0,
2018-07-03,3410.480,3422.040,3319.290,3409.280,95278693.0,
2018-07-04,3398.780,3418.330,3359.090,3363.750,75157997.0,
2018-07-05,3365.550,3398.490,3330.710,3342.440,81587981.0,
2018-07-06,3347.060,3396.250,3295.730,3365.120,86097579.0,
2018-07-09,3378.910,3459.320,3378.910,3459.180,76601545.0,
2018-07-10,3464.910,3474.140,3437.270,3467.520,69548823.0,
2018-07-11,3398.930,3427.570,3375.140,3407.530,72040950.0,
2018-07-12,3403.330,3499.100,3403.330,3481.060,96353564.0,
2018-07-13,3488.500,3499.760,3474.910,3492.690,72955897.0,
2018-07-16,3488.970,3506.240,3459.730,3472.090,68281999.0,
2018-07-17,3466.420,3467.190,3420.970,3449.380,61983076.0,
2018-07-18,3456.610,3479.260,3430.160,3431.320,66530330.0,
2018-07-19,3444.800,3466.510,3417.960,3428.340,68477716.0,
2018-07-20,3426.460,3505.930,3398.950,3492.890,101984727.0,
2018-07-23,3471.860,3527.530,3464.650,3525.750,119036627.0,
2018-07-24,3530.660,3596.510,3530.660,3581.710,156912435.0,
2018-07-25,3589.510,3589.980,3566.310,3577.750,96758501.0,
2018-07-26,3583.320,3593.920,3528.640,3536.250,90349641.0,
2018-07-27,3533.770,3545.410,3512.700,3521.230,70178104.0,
2018-07-30,3520.850,3550.900,3489.550,3515.080,82116995.0,
2018-07-31,3510.470,3528.150,3493.150,3517.660,67980817.0,
2018-08-01,3530.030,3543.610,3446.780,3447.390,90348617.0,
2018-08-02,3434.350,3434.350,3322.100,3370.960,101308727.0,
2018-08-03,3366.660,3381.340,3315.200,3315.280,70796910.0,
2018-08-06,3312.820,3344.250,3257.690,3273.270,77975083.0,
2018-08-07,3284.980,3368.960,3263.500,3368.870,91783916.0,
2018-08-08,3362.150,3368.160,3311.770,3314.510,79284865.0,
2018-08-09,3303.480,3408.390,3299.620,3397.530,91957572.0,
2018-08-10,3398.410,3424.040,3380.570,3405.020,68967299.0,
2018-08-13,3369.980,3396.190,3336.700,3390.340,76191532.0,
2018-08-14,3386.480,3391.730,3356.610,3372.910,60651446.0,
2018-08-15,3371.960,3372.140,3288.710,3291.980,68174055.0,
2018-08-16,3251.860,3315.200,3231.560,3276.730,76547366.0,
2018-08-17,3305.900,3311.570,3224.100,3229.620,67395413.0,
2018-08-20,3238.220,3267.250,3209.010,3267.250,70904228.0,
2018-08-21,3271.840,3331.710,3270.030,3326.650,75205583.0,
2018-08-22,3328.970,3328.970,3299.390,3307.950,50787057.0,
2018-08-23,3308.460,3336.110,3285.810,3320.030,61112334.0,
2018-08-24,3308.480,3353.040,3291.870,3325.330,63765897.0,
2018-08-27,3339.390,3406.570,3339.260,3406.570,94270082.0,
2018-08-28,3408.150,3416.590,3388.810,3400.170,75445363.0,
2018-08-29,3393.050,3398.710,3377.120,3386.570,67020404.0,
2018-08-30,3385.810,3402.560,3349.470,3351.090,68385290.0,
2018-08-31,3333.380,3356.580,3310.870,3334.500,76205630.0,
2018-09-03,3320.690,3325.610,3291.780,3321.820,66429855.0,
2018-09-04,3324.190,3370.960,3307.960,3363.900,67088807.0,
2018-09-05,3349.700,3354.200,3298.140,3298.140,64301888.0,
2018-09-06,3286.660,3311.500,3253.760,3262.880,62300288.0,
2018-09-07,3273.890,3316.610,3253.730,3277.640,63947408.0,
2018-09-10,3271.380,3277.880,3227.850,3230.070,63817051.0,
2018-09-11,3229.710,3245.620,3209.110,3224.210,58491305.0,
2018-09-12,3216.990,3225.600,3194.980,3202.020,54627899.0,
2018-09-13,3239.690,3249.590,3191.400,3236.570,67290327.0,
2018-09-14,3242.830,3254.100,3227.940,3242.090,60130640.0,
2018-09-17,3224.930,3230.790,3200.510,3204.920,52259547.0,
2018-09-18,3193.640,3270.110,3193.640,3269.430,70425035.0,
2018-09-19,3262.000,3335.990,3258.310,3312.480,89170666.0,
2018-09-20,3314.880,3332.310,3303.070,3310.130,64561057.0,
2018-09-21,3320.700,3410.490,3307.770,3410.490,108416005.0,
2018-09-25,3375.970,3394.380,3367.030,3379.800,69054693.0,
2018-09-26,3388.560,3448.260,3383.240,3417.240,93173343.0,
2018-09-27,3415.950,3423.710,3394.730,3403.590,69765241.0,
2018-09-28,3409.960,3444.990,3404.700,3438.860,84377756.0,
2018-10-08,3361.560,3364.460,3285.250,3290.900,97888989.0,
2018-10-09,3290.170,3309.800,3276.130,3288.690,66723274.0,
2018-10-10,3295.430,3315.730,3256.580,3281.600,64492828.0,
2018-10-11,3179.540,3209.520,3099.040,3124.110,120941342.0,
2018-10-12,3123.370,3184.120,3094.970,3170.730,98611151.0,
2018-10-15,3173.850,3183.130,3120.230,3126.450,69605023.0,
2018-10-16,3128.580,3166.090,3089.370,3100.970,68887721.0,
2018-10-17,3140.680,3149.130,3062.550,3118.250,76837138.0,
2018-10-18,3097.790,3097.790,3043.380,3044.390,73771968.0,
2018-10-19,3017.750,3137.750,3009.500,3134.950,98839688.0,
2018-10-22,3159.560,3297.380,3159.560,3270.270,145862045.0,
2018-10-23,3273.130,3276.020,3163.570,3183.430,121013241.0,
2018-10-24,3169.460,3245.400,3164.290,3188.200,110909744.0,
2018-10-25,3107.840,3197.320,3099.890,3194.310,106951817.0,
2018-10-26,3204.280,3218.100,3151.920,3173.640,101299354.0,
2018-10-29,3157.490,3158.810,3062.580,3076.890,91839789.0,
2018-10-30,3061.930,3146.630,3050.770,3110.260,116070101.0,
2018-10-31,3116.660,3168.920,3106.030,3153.820,111207455.0,
2018-11-01,3185.200,3217.800,3173.100,3177.030,132653379.0,
2018-11-02,3258.610,3290.250,3222.440,3290.250,153466104.0,
2018-11-05,3269.470,3279.880,3230.360,3262.840,109706683.0,
2018-11-06,3254.980,3254.980,3213.900,3243.150,83869138.0,
2018-11-07,3243.880,3270.500,3218.420,3221.910,91615528.0,
2018-11-08,3251.730,3253.570,3207.710,3212.770,76414540.0,
2018-11-09,3193.300,3193.300,3166.310,3167.440,84282762.0,
2018-11-12,3160.250,3206.510,3152.440,3205.140,88062391.0,
2018-11-13,3164.920,3254.770,3161.100,3237.380,126493464.0,
2018-11-14,3233.640,3239.240,3200.230,3204.940,113808659.0,
2018-11-15,3201.280,3242.380,3198.780,3242.370,98558810.0,
2018-11-16,3242.880,3282.390,3223.720,3257.670,126876835.0,
2018-11-19,3258.790,3294.600,3251.070,3294.600,115956595.0,
2018-11-20,3268.080,3278.780,3213.680,3218.410,109361154.0,
2018-11-21,3187.100,3230.260,3185.240,3226.490,84119726.0,
2018-11-22,3232.970,3235.450,3199.700,3214.430,65098291.0,
2018-11-23,3208.590,3212.200,3139.390,3143.480,84638255.0,
2018-11-26,3148.670,3169.440,3131.640,3141.240,59379140.0,
2018-11-27,3152.770,3162.010,3126.290,3137.240,55407832.0,
2018-11-28,3137.750,3179.410,3126.620,3178.930,74881955.0,
2018-11-29,3198.830,3204.860,3137.650,3137.650,80498466.0,
2018-11-30,3136.200,3175.150,3132.420,3172.690,70921044.0,
2018-12-03,3260.690,3273.640,3228.360,3260.950,121487157.0,
2018-12-04,3256.230,3267.940,3243.700,3267.710,79415039.0,
2018-12-05,3224.260,3266.900,3219.980,3252.000,76153052.0,
2018-12-06,3218.110,3223.520,3179.890,3181.670,76328771.0,
2018-12-07,3187.490,3193.820,3176.710,3181.560,53361924.0,
2018-12-10,3153.520,3170.150,3134.380,3144.760,63437273.0,
2018-12-11,3148.230,3161.960,3143.610,3159.820,53223877.0,
2018-12-12,3181.570,3182.210,3160.280,3170.610,53309914.0,
2018-12-13,3178.890,3234.080,3169.420,3219.690,90442755.0,
2018-12-14,3207.350,3210.720,3165.910,3165.910,84301250.0,
2018-12-17,3158.280,3167.510,3134.370,3161.200,66497007.0,
2018-12-18,3139.950,3165.000,3114.470,3128.430,63820319.0,
2018-12-19,3133.740,3137.010,3086.760,3091.130,55522299.0,
2018-12-20,3083.540,3097.720,3044.290,3067.420,69749463.0,
2018-12-21,3055.330,3057.400,3007.610,3029.400,76758101.0,
2018-12-24,3015.500,3040.350,3007.330,3038.200,57299615.0,
2018-12-25,3006.880,3030.140,2964.880,3017.280,78689425.0,
2018-12-26,3012.870,3029.060,2996.480,3002.030,55647032.0,
2018-12-27,3042.950,3047.230,2990.510,2990.510,80541785.0,
2018-12-28,2994.790,3024.350,2984.820,3010.650,71053779.0,
2019-01-02,3017.070,3018.780,2958.490,2969.540,68663021.0,
2019-01-03,2963.020,3000.440,2953.250,2964.840,70867103.0,
2019-01-04,2940.190,3036.810,2935.830,3035.870,103318972.0,
2019-01-07,3055.150,3061.750,3035.910,3054.300,101164359.0,
2019-01-08,3049.870,3055.510,3038.530,3047.700,86170585.0,
2019-01-09,3065.230,3117.960,3062.850,3078.480,107364350.0,
2019-01-10,3077.480,3092.540,3062.570,3072.690,85271756.0,
2019-01-11,3082.260,3102.830,3071.030,3094.780,71786424.0,
2019-01-14,3092.500,3097.410,3064.380,3067.780,66121702.0,
2019-01-15,3071.520,3129.370,3064.670,3127.990,88772962.0,
2019-01-16,3126.130,3135.010,3117.290,3128.650,80214341.0,
2019-01-17,3132.630,3141.710,3110.060,3111.420,80174871.0,
2019-01-18,3124.500,3171.690,3120.350,3168.170,103963834.0,
2019-01-21,3170.880,3199.210,3170.880,3185.640,93915022.0,
2019-01-22,3181.950,3181.950,3135.340,3143.320,72990528.0,
2019-01-23,3136.100,3157.630,3131.870,3141.050,59870478.0,
2019-01-24,3146.600,3165.630,3125.300,3158.780,72934636.0,
2019-01-25,3165.180,3203.170,3164.410,3184.470,83967729.0,
2019-01-28,3203.120,3228.870,3174.720,3183.780,82622431.0,
2019-01-29,3177.260,3200.990,3148.230,3193.970,77658334.0,
2019-01-30,3181.660,3202.900,3167.890,3168.480,63746517.0,
2019-01-31,3182.700,3216.070,3178.010,3201.630,86247839.0,
2019-02-01,3225.730,3247.500,3207.720,3247.400,82019641.0,
2019-02-11,3239.810,3307.060,3239.810,3306.470,98818434.0,
2019-02-12,3306.350,3335.360,3298.630,3330.340,122232462.0,
2019-02-13,3337.780,3405.580,3329.140,3397.030,163828332.0,
2019-02-14,3392.850,3415.400,3381.980,3402.140,151127290.0,
2019-02-15,3391.240,3395.030,3335.870,3338.700,143668603.0,
2019-02-18,3366.420,3445.740,3366.420,3445.740,182886089.0,
2019-02-19,3454.720,3480.790,3419.070,3439.610,179083785.0,
2019-02-20,3449.930,3463.770,3421.500,3451.930,147390311.0,
2019-02-21,3450.140,3500.250,3431.630,3442.710,180143287.0,
2019-02-22,3439.380,3520.120,3417.980,3520.120,187237974.0,
2019-02-25,3575.850,3729.480,3574.690,3729.480,342557122.0,
2019-02-26,3734.710,3762.110,3679.270,3684.690,358038698.0,
2019-02-27,3682.810,3737.630,3638.330,3678.390,286236007.0,
2019-02-28,3675.260,3695.460,3650.050,3669.370,184810220.0,
2019-03-01,3699.220,3749.710,3668.770,3749.710,204711004.0,
2019-03-04,3783.040,3886.580,3764.780,3794.100,323490126.0,
2019-03-05,3785.380,3816.160,3770.790,3816.010,230853166.0,
2019-03-06,3822.860,3855.160,3787.520,3848.090,318077371.0,
2019-03-07,3841.150,3845.180,3778.800,3808.850,329846548.0,
2019-03-08,3721.400,3774.540,3656.190,3657.580,317990077.0,
2019-03-11,3663.980,3731.910,3650.810,3729.950,230912865.0,
2019-03-12,3758.320,3804.720,3723.680,3755.350,274926382.0,
2019-03-13,3758.710,3763.090,3708.810,3724.190,233682248.0,
2019-03-14,3710.290,3747.820,3673.850,3698.490,190817237.0,
2019-03-15,3713.940,3782.240,3713.940,3745.000,175174544.0,
2019-03-18,3753.640,3851.750,3733.680,3851.750,216928060.0,
2019-03-19,3856.590,3868.330,3815.220,3833.960,181727110.0,
2019-03-20,3825.340,3855.150,3790.510,3835.440,175632090.0,
2019-03-21,3840.280,3864.070,3823.470,3836.890,196310310.0,
2019-03-22,3838.130,3845.580,3786.590,3833.800,171356993.0,
2019-03-25,3776.440,3807.180,3741.610,3742.830,198586329.0,
2019-03-26,3766.530,3770.840,3687.550,3700.440,173046579.0,
2019-03-27,3724.410,3750.260,3703.450,3743.390,138758454.0,
2019-03-28,3731.060,3755.720,3710.080,3728.400,133272129.0,
2019-03-29,3739.770,3876.380,3739.770,3872.340,215639103.0,
2019-04-01,3901.170,3982.910,3901.170,3973.930,271382704.0,
2019-04-02,3986.340,3988.100,3956.510,3971.290,226000341.0,
2019-04-03,3947.870,4026.500,3939.780,4022.160,231917368.0,
2019-04-04,4039.740,4072.110,4021.710,4062.230,260410939.0,
2019-04-08,4097.100,4122.600,4017.490,4057.230,267505576.0,
2019-04-09,4063.810,4084.240,4038.280,4075.430,182956808.0,
2019-04-10,4062.440,4115.380,4035.470,4085.850,194687613.0,
2019-04-11,4083.460,4097.120,3990.240,3997.580,169049641.0,
2019-04-12,3986.780,4006.930,3961.460,3988.620,135862118.0,
2019-04-15,4056.490,4085.390,3974.230,3975.520,182645571.0,
2019-04-16,3958.100,4085.790,3943.490,4085.790,202041966.0,
2019-04-17,4080.720,4106.620,4057.500,4087.240,180367117.0,
2019-04-18,4085.110,4094.050,4056.240,4072.080,146562123.0,
2019-04-19,4076.300,4120.640,4046.200,4120.610,150794910.0,
2019-04-22,4125.970,4126.090,4015.470,4025.610,189353745.0,
2019-04-23,4021.630,4061.090,4005.280,4019.010,155611650.0,
2019-04-24,4033.630,4044.340,3967.810,4030.090,145498695.0,
2019-04-25,4013.600,4022.560,3938.330,3941.820,159722071.0,
2019-04-26,3921.890,3943.830,3887.250,3889.270,142008068.0,
2019-04-29,3896.580,3953.230,3875.450,3900.330,153870927.0,
2019-04-30,3887.180,3923.110,3885.150,3913.210,116233376.0,
2019-05-06,3775.080,3791.610,3647.140,3684.620,197472882.0,
2019-05-07,3702.270,3738.180,3671.830,3720.670,132847654.0,
2019-05-08,3648.550,3722.930,3642.500,3667.460,112867355.0,
2019-05-09,3637.350,3656.900,3584.820,3599.700,101037394.0,
2019-05-10,3643.060,3732.920,3589.290,3730.450,148003847.0,
2019-05-13,3675.760,3702.900,3658.000,3668.730,103391860.0,
2019-05-14,3630.440,3683.260,3630.440,3645.150,102313460.0,
2019-05-15,3674.990,3741.040,3674.990,3727.090,110161769.0,
2019-05-16,3720.040,3745.140,3707.900,3743.960,116258274.0,
2019-05-17,3744.880,3745.360,3637.580,3648.760,128453245.0,
2019-05-20,3635.740,3644.500,3583.830,3617.790,108963477.0,
2019-05-21,3619.440,3690.090,3610.680,3666.780,111022920.0,
2019-05-22,3663.150,3679.270,3634.750,3649.380,98346128.0,
2019-05-23,3629.530,3631.470,3578.110,3583.960,99897781.0,
2019-05-24,3584.900,3623.390,3580.790,3593.910,80934048.0,
2019-05-27,3592.600,3648.030,3556.260,3637.200,108830871.0,
2019-05-28,3633.020,3683.230,3627.790,3672.260,117886240.0,
2019-05-29,3642.540,3693.230,3637.350,3663.910,93355441.0,
2019-05-30,3648.850,3650.970,3612.620,3641.180,94202561.0,
2019-05-31,3641.000,3668.180,3627.540,3629.790,89222267.0,
2019-06-03,3640.610,3672.810,3613.130,3632.010,100723180.0,
2019-06-04,3632.560,3636.130,3584.460,3598.470,87097094.0,
2019-06-05,3627.790,3634.450,3593.950,3597.100,88642020.0,
2019-06-06,3601.040,3601.040,3557.020,3564.680,85534403.0,
2019-06-10,3578.010,3623.730,3568.280,3610.740,92375061.0,
2019-06-11,3617.520,3723.140,3617.520,3719.280,143482806.0,
2019-06-12,3706.860,3711.880,3683.940,3691.100,119178853.0,
2019-06-13,3689.580,3697.590,3654.270,3685.390,96331718.0,
2019-06-14,3690.480,3709.650,3650.910,3654.880,101817004.0,
2019-06-17,3654.440,3683.770,3645.500,3654.820,72976678.0,
2019-06-18,3661.130,3675.650,3638.780,3667.620,70692266.0,
2019-06-19,3761.340,3771.350,3715.130,3715.940,125595715.0,
2019-06-20,3718.940,3845.790,3717.190,3828.520,168872073.0,
2019-06-21,3832.730,3856.090,3817.310,3833.940,153635155.0,
2019-06-24,3836.310,3853.550,3819.770,3841.270,100084621.0,
2019-06-25,3837.430,3838.060,3755.010,3801.310,124075912.0,
2019-06-26,3779.510,3809.760,3771.720,3794.330,81820283.0,
2019-06-27,3807.540,3854.080,3805.830,3834.820,105316358.0,
2019-06-28,3832.060,3835.230,3803.050,3825.590,84766139.0,
2019-07-01,3899.330,3936.670,3886.910,3935.810,158370340.0,
2019-07-02,3931.050,3942.430,3918.940,3937.170,131863496.0,
2019-07-03,3927.440,3927.440,3878.840,3893.530,111992603.0,
2019-07-04,3895.200,3906.890,3854.690,3873.100,99342256.0,
2019-07-05,3875.370,3900.310,3857.930,3893.200,74006527.0,
2019-07-08,3875.750,3875.750,3775.030,3802.790,109539086.0,
2019-07-09,3798.100,3811.100,3774.760,3793.130,74842732.0,
2019-07-10,3807.950,3810.400,3774.230,3786.740,72833948.0,
2019-07-11,3806.190,3830.740,3774.410,3785.220,75311965.0,
2019-07-12,3783.070,3820.240,3774.520,3808.730,75465967.0,
2019-07-15,3792.640,3844.870,3745.850,3824.190,101205222.0,
2019-07-16,3819.250,3828.330,3799.870,3806.840,80730952.0,
2019-07-17,3800.110,3820.270,3787.900,3804.640,95183885.0,
2019-07-18,3793.190,3793.390,3768.000,3768.400,87496445.0,
2019-07-19,3787.510,3828.150,3787.510,3807.960,88086149.0,
2019-07-22,3813.500,3816.540,3765.440,3781.680,92101377.0,
2019-07-23,3783.540,3792.960,3768.760,3789.910,71313346.0,
2019-07-24,3803.590,3840.060,3803.570,3819.830,90940684.0,
2019-07-25,3821.390,3851.070,3812.950,3851.070,93740417.0,
2019-07-26,3835.230,3863.590,3832.520,3858.570,83259300.0,
2019-07-29,3857.940,3862.750,3842.430,3854.270,84814370.0,
2019-07-30,3861.570,3890.730,3861.570,3870.320,94123955.0,
2019-07-31,3856.750,3856.750,3830.090,3835.360,82151155.0,
2019-08-01,3819.320,3831.260,3791.550,3803.470,84114180.0,
2019-08-02,3729.130,3754.530,3720.060,3747.440,108335897.0,
2019-08-05,3724.410,3739.500,3675.690,3675.690,101325981.0,
2019-08-06,3609.110,3649.900,3575.860,3636.330,129833871.0,
2019-08-07,3654.630,3659.080,3621.430,3621.430,84238716.0,
2019-08-08,3651.360,3675.460,3646.940,3669.290,88457707.0,
2019-08-09,3686.750,3689.180,3628.120,3633.530,85295580.0,
2019-08-12,3647.870,3699.100,3643.320,3699.100,82083056.0,
2019-08-13,3675.590,3686.430,3658.010,3665.750,76500302.0,
2019-08-14,3712.070,3717.560,3680.610,3682.400,91202590.0,
2019-08-15,3618.010,3694.300,3612.110,3694.000,88598832.0,
2019-08-16,3697.940,3738.100,3687.080,3710.540,88319169.0,
2019-08-19,3736.030,3791.090,3720.690,3791.090,139327013.0,
2019-08-20,3786.030,3799.900,3778.730,3787.730,108602088.0,
2019-08-21,3778.310,3792.600,3775.450,3781.760,82299880.0,
2019-08-22,3793.860,3797.330,3771.200,3793.510,85807792.0,
2019-08-23,3796.880,3829.360,3788.030,3820.860,87954583.0,
2019-08-26,3756.360,3778.870,3753.160,3765.910,93859269.0,
2019-08-27,3791.460,3848.240,3790.870,3816.950,124731478.0,
2019-08-28,3818.810,3822.590,3790.140,3802.580,88750812.0,
2019-08-29,3805.490,3808.600,3774.400,3790.190,84083387.0,
2019-08-30,3816.680,3828.970,3778.920,3799.590,96695150.0,
2019-09-02,3803.690,3855.780,3799.820,3848.320,110289349.0,
2019-09-03,3852.580,3856.680,3833.760,3853.610,97714631.0,
2019-09-04,3848.650,3886.000,3846.420,3886.000,126628615.0,
2019-09-05,3909.210,3970.000,3909.210,3925.320,181656231.0,
2019-09-06,3946.690,3948.540,3922.340,3948.510,121882376.0,
2019-09-09,3980.960,3985.240,3954.880,3972.950,146809754.0,
2019-09-10,3976.870,3976.920,3938.740,3959.260,130889386.0,
2019-09-11,3969.680,3971.220,3922.950,3930.100,131594875.0,
2019-09-12,3944.690,3975.930,3933.440,3972.380,110241273.0,
2019-09-16,3981.360,3982.200,3943.370,3957.720,110259805.0,
2019-09-17,3947.160,3947.160,3879.490,3891.220,113694317.0,
2019-09-18,3902.990,3923.150,3902.510,3910.080,82056152.0,
2019-09-19,3923.960,3924.380,3897.070,3924.380,85984238.0,
2019-09-20,3933.460,3942.220,3921.410,3935.650,103455955.0,
2019-09-23,3925.190,3925.190,3868.210,3890.660,94036225.0,
2019-09-24,3895.870,3927.010,3886.140,3901.080,87783230.0,
2019-09-25,3887.550,3889.840,3867.230,3870.980,89520835.0,
2019-09-26,3884.700,3890.750,3840.250,3841.140,102698301.0,
2019-09-27,3843.460,3859.500,3832.250,3852.650,74003947.0,
2019-09-30,3842.070,3857.230,3813.550,3814.530,65931313.0,
2019-10-08,3818.590,3861.640,3818.590,3837.680,76657860.0,
2019-10-09,3822.610,3845.340,3805.070,3843.240,75854512.0,
2019-10-10,3838.490,3877.140,3829.430,3874.640,79222694.0,
2019-10-11,3885.520,3922.370,3868.840,3911.730,93412577.0,
2019-10-14,3944.860,3983.810,3934.730,3953.240,122393611.0,
2019-10-15,3953.160,3953.160,3928.150,3936.250,85273949.0,
2019-10-16,3939.280,3964.050,3919.020,3922.690,83229707.0,
2019-10-17,3929.390,3935.810,3913.920,3925.220,64863745.0,
2019-10-18,3935.420,3940.540,3864.970,3869.380,82321140.0,
2019-10-21,3865.340,3884.740,3856.040,3880.840,74182918.0,
2019-10-22,3896.310,3897.440,3870.550,3895.880,68918566.0,
2019-10-23,3892.680,3901.420,3862.200,3871.080,70198625.0,
2019-10-24,3877.920,3890.200,3852.580,3870.670,71334575.0,
2019-10-25,3871.770,3899.720,3849.030,3896.790,77453620.0,
2019-10-28,3904.980,3927.800,3897.820,3926.580,97406020.0,
2019-10-29,3929.710,3932.370,3910.230,3910.230,82257075.0,
2019-10-30,3904.720,3908.100,3883.450,3891.230,77872923.0,
2019-10-31,3906.860,3907.150,3878.880,3886.750,86714539.0,
2019-11-01,3883.810,3956.080,3876.420,3952.390,100689612.0,
2019-11-04,3964.010,3985.360,3964.010,3978.120,104193855.0,
2019-11-05,3982.120,4030.640,3970.870,4002.810,112911880.0,
2019-11-06,4006.330,4007.500,3973.780,3984.880,97312952.0,
2019-11-07,3984.550,4005.380,3975.550,3991.880,87254898.0,
2019-11-08,4017.670,4022.040,3971.570,3973.010,97106948.0,
2019-11-11,3948.620,3948.620,3897.550,3902.980,94155621.0,
2019-11-12,3905.960,3914.880,3877.740,3903.690,76543069.0,
2019-11-13,3905.280,3908.420,3882.430,3899.980,76749078.0,
2019-11-14,3905.930,3916.950,3895.140,3905.860,87008446.0,
2019-11-15,3908.490,3915.100,3877.090,3877.090,83730917.0,
2019-11-18,3874.440,3913.100,3868.320,3907.930,76645993.0,
2019-11-19,3904.100,3947.040,3902.380,3947.040,82161025.0,
2019-11-20,3940.130,3943.230,3901.990,3907.860,76815333.0,
2019-11-21,3894.540,3901.830,3875.970,3889.600,69130538.0,
2019-11-22,3894.170,3918.840,3833.500,3849.990,91042639.0,
2019-11-25,3850.970,3878.250,3839.420,3878.210,106066289.0,
2019-11-26,3893.430,3899.110,3869.590,3891.650,111513537.0,
2019-11-27,3883.430,3889.980,3862.700,3875.620,76437305.0,
2019-11-28,3877.900,3887.690,3852.010,3862.300,65230119.0,
2019-11-29,3857.190,3861.660,3804.830,3828.670,74144331.0,
2019-12-02,3835.510,3854.750,3829.310,3836.060,77412173.0,
2019-12-03,3829.210,3851.120,3811.630,3851.090,73611240.0,
2019-12-04,3841.660,3852.990,3831.070,3849.820,79683385.0,
2019-12-05,3863.610,3883.400,3859.820,3879.360,89051193.0,
2019-12-06,3885.060,3902.390,3878.700,3902.390,78648887.0,
2019-12-09,3909.530,3911.970,3885.250,3895.450,95353806.0,
2019-12-10,3886.440,3900.960,3882.090,3900.380,86262928.0,
2019-12-11,3907.160,3909.390,3890.340,3902.750,99765480.0,
2019-12-12,3908.450,3908.450,3886.120,3891.020,84708330.0,
2019-12-13,3928.000,3969.460,3925.280,3968.220,148571349.0,
2019-12-16,3970.710,3987.590,3953.510,3987.550,148486670.0,
2019-12-17,3987.740,4067.140,3984.520,4041.800,201162937.0,
2019-12-18,4039.720,4057.640,4025.340,4032.780,151351764.0,
2019-12-19,4034.620,4038.540,4014.900,4027.150,117900558.0,
2019-12-20,4032.150,4046.730,4014.930,4017.250,121267662.0,
2019-12-23,4014.690,4032.170,3964.380,3967.100,122816246.0,
2019-12-24,3971.560,3994.510,3963.670,3992.960,95989045.0,
2019-12-25,3988.660,4000.560,3976.360,3990.870,94938890.0,
2019-12-26,3993.670,4025.990,3993.540,4025.990,108860640.0,
2019-12-27,4029.250,4066.800,4019.720,4022.030,150926411.0,
2019-12-30,4015.520,4083.690,4001.500,4081.630,155971488.0,
2019-12-31,4077.750,4098.140,4069.010,4096.580,123264258.0,
2020-01-02,4121.350,4172.660,4121.350,4152.240,182116772.0,
2020-01-03,4161.220,4164.300,4131.860,4144.960,142826244.0,
2020-01-06,4120.520,4170.640,4102.380,4129.300,175309953.0,
2020-01-07,4137.400,4161.250,4135.100,4160.230,139489031.0,
2020-01-08,4139.630,4149.810,4101.980,4112.320,167585850.0,
2020-01-09,4145.530,4165.660,4143.590,4164.370,136886324.0,
2020-01-10,4177.580,4180.980,4148.480,4163.190,113031719.0,
2020-01-13,4166.930,4203.990,4148.600,4203.990,119691982.0,
2020-01-14,4215.160,4223.510,4188.080,4189.890,129320783.0,
2020-01-15,4186.880,4193.870,4150.880,4166.730,104633136.0,
2020-01-16,4174.820,4175.290,4142.180,4149.040,100267642.0,
2020-01-17,4162.190,4177.030,4141.650,4154.850,98725682.0,
2020-01-20,4170.740,4185.960,4149.490,4185.830,122409147.0,
2020-01-21,4165.020,4165.020,4113.330,4114.310,130527507.0,
2020-01-22,4093.800,4141.180,4046.490,4131.930,126758763.0,
2020-01-23,4093.320,4103.520,3972.390,4003.900,160357603.0,
2020-02-03,3639.910,3732.160,3639.910,3688.360,157559647.0,
2020-02-04,3652.000,3786.860,3652.000,3785.640,213933328.0,
2020-02-05,3801.100,3866.010,3781.610,3828.530,174925524.0,
2020-02-06,3841.750,3914.920,3806.960,3899.780,176462235.0,
2020-02-07,3879.550,3899.880,3849.710,3899.870,151731759.0,
2020-02-10,3872.370,3920.170,3861.010,3916.010,148406969.0,
2020-02-11,3926.420,3970.520,3915.710,3952.460,143441674.0,
2020-02-12,3945.670,3984.430,3940.670,3984.430,126710321.0,
2020-02-13,3985.880,3999.550,3950.140,3959.920,145001843.0,
2020-02-14,3954.230,4001.560,3954.020,3987.730,143239803.0,
2020-02-17,3999.650,4077.450,3999.650,4077.420,182778969.0,
2020-02-18,4069.830,4076.390,4027.790,4057.510,163236220.0,
2020-02-19,4049.590,4085.170,4042.850,4051.310,169046441.0,
2020-02-20,4062.900,4148.530,4055.810,4144.660,212232624.0,
2020-02-21,4134.870,4184.440,4130.170,4149.490,217213604.0,
2020-02-24,4131.840,4149.010,4097.180,4132.840,212869303.0,
2020-02-25,4066.300,4126.710,4020.910,4123.850,244167831.0,
2020-02-26,4070.100,4132.780,4061.120,4073.020,261094061.0,
2020-02-27,4084.080,4110.530,4067.440,4084.880,181290981.0,
2020-02-28,3988.730,4031.150,3928.070,3940.050,230275093.0,
2020-03-02,3968.840,4092.540,3968.840,4069.670,219313559.0,
2020-03-03,4125.140,4147.650,4067.910,4091.360,219369777.0,
2020-03-04,4078.500,4115.260,4060.730,4115.050,182424730.0,
2020-03-05,4150.210,4215.850,4127.040,4206.730,231823115.0,
2020-03-06,4158.200,4181.310,4135.390,4138.510,172475717.0,
2020-03-09,4063.080,4063.080,3995.130,3997.130,208102035.0,
2020-03-10,3975.230,4093.000,3954.750,4082.730,197416402.0,
2020-03-11,4090.930,4091.270,4028.400,4028.430,161656111.0,
2020-03-12,3976.110,3987.430,3926.270,3950.910,157060458.0,
2020-03-13,3771.010,3937.180,3765.150,3895.310,188296722.0,
2020-03-16,3899.860,3899.860,3720.510,3727.840,185968260.0,
2020-03-17,3739.780,3786.890,3618.310,3709.680,166246129.0,
2020-03-18,3729.690,3775.850,3636.260,3636.260,155037547.0,
2020-03-19,3623.790,3647.990,3503.190,3589.090,180807407.0,
2020-03-20,3629.510,3663.950,3588.780,3653.220,139603000.0,
2020-03-23,3542.680,3585.800,3523.790,3530.310,137108790.0,
2020-03-24,3598.650,3627.760,3545.450,3625.110,143103021.0,
2020-03-25,3711.480,3732.650,3685.990,3722.520,153495958.0,
2020-03-26,3692.610,3736.250,3681.270,3698.050,112310665.0,
2020-03-27,3746.390,3758.780,3709.920,3710.060,124060995.0,
2020-03-30,3657.460,3690.640,3637.590,3674.110,126876673.0,
2020-03-31,3708.140,3716.070,3676.200,3686.160,111453025.0,
2020-04-01,3682.300,3731.780,3670.970,3675.080,119352620.0,
2020-04-02,3656.320,3734.530,3652.320,3734.530,115168209.0,
2020-04-03,3721.480,3738.830,3698.980,3713.220,99825083.0,
2020-04-07,3779.910,3803.630,3772.210,3798.020,142778030.0,
2020-04-08,3776.420,3793.000,3767.290,3780.340,111389513.0,
2020-04-09,3798.490,3801.720,3785.310,3792.810,100485032.0,
2020-04-10,3794.840,3824.740,3758.960,3769.180,102444956.0,
2020-04-13,3751.710,3769.880,3740.190,3753.260,79053343.0,
2020-04-14,3777.830,3825.760,3764.980,3825.700,110637585.0,
2020-04-15,3820.850,3829.800,3793.440,3797.360,108461984.0,
2020-04-16,3777.800,3807.360,3774.560,3802.380,95947965.0,
2020-04-17,3831.920,3863.450,3821.420,3839.490,132004301.0,
2020-04-20,3845.460,3853.800,3831.550,3853.460,100013115.0,
2020-04-21,3838.230,3838.230,3780.000,3808.050,102921888.0,
2020-04-22,3789.130,3839.380,3782.210,3839.380,85899464.0,
2020-04-23,3851.910,3857.470,3826.560,3829.750,95508450.0,
2020-04-24,3826.310,3827.210,3787.070,3796.970,94844135.0,
2020-04-27,3808.020,3842.870,3793.770,3822.770,95462735.0,
2020-04-28,3835.350,3859.680,3768.200,3849.150,122093476.0,
2020-04-29,3837.510,3880.740,3833.720,3867.030,95854590.0,
2020-04-30,3880.410,3921.700,3880.410,3912.580,132917125.0,
2020-05-06,3867.260,3937.690,3865.990,3936.250,139855675.0,
2020-05-07,3937.590,3941.480,3915.900,3924.890,105514646.0,
2020-05-08,3943.000,3979.660,3935.980,3963.620,116943341.0,
2020-05-11,3974.760,3998.100,3944.500,3960.180,122673803.0,
2020-05-12,3961.340,3970.110,3930.210,3960.240,98250554.0,
2020-05-13,3946.640,3972.530,3932.570,3968.250,88190669.0,
2020-05-14,3952.200,3952.200,3924.050,3925.220,88530004.0,
2020-05-15,3941.120,3945.200,3907.400,3912.820,92618382.0,
2020-05-18,3914.660,3946.430,3898.400,3922.910,112801762.0,
2020-05-19,3963.780,3966.850,3944.070,3956.250,94015291.0,
2020-05-20,3955.710,3955.710,3923.920,3935.220,100791150.0,
2020-05-21,3950.600,3951.740,3907.580,3913.790,94861033.0,
2020-05-22,3907.580,3907.580,3818.150,3824.060,103378360.0,
2020-05-25,3828.320,3835.630,3800.180,3829.320,79033326.0,
2020-05-26,3850.000,3874.750,3844.480,3872.770,77448076.0,
2020-05-27,3873.700,3873.700,3838.420,3845.610,83711831.0,
2020-05-28,3848.490,3885.420,3818.430,3856.630,93064054.0,
2020-05-29,3838.380,3872.300,3830.420,3867.020,93813832.0,
2020-06-01,3901.730,3976.320,3901.730,3971.340,136456652.0,
2020-06-02,3969.950,3991.780,3958.980,3983.570,144303060.0,
2020-06-03,4001.170,4018.680,3982.930,3983.650,136597483.0,
2020-06-04,3998.160,3999.810,3968.570,3982.190,104277737.0,
2020-06-05,3988.220,4001.250,3967.930,4001.250,102443942.0,
2020-06-08,4023.610,4050.220,4016.100,4021.950,137925813.0,
2020-06-09,4027.560,4052.160,4016.340,4047.030,115304479.0,
2020-06-10,4046.230,4046.230,4024.420,4039.710,112265728.0,
2020-06-11,4031.740,4043.010,3979.750,3995.880,127308941.0,
2020-06-12,3931.620,4011.060,3927.250,4003.080,134166649.0,
2020-06-15,3982.970,4007.140,3954.990,3954.990,131297860.0,
2020-06-16,3995.580,4014.570,3987.860,4014.570,111051539.0,
2020-06-17,4018.610,4018.610,3992.130,4017.590,105605799.0,
2020-06-18,4009.780,4047.560,4000.900,4044.380,138148761.0,
2020-06-19,4047.050,4109.360,4043.490,4098.710,152946990.0,
2020-06-22,4097.510,4126.940,4088.780,4102.050,155829465.0,
2020-06-23,4098.040,4124.730,4080.750,4121.790,129229510.0,
2020-06-24,4128.100,4144.680,4123.360,4138.990,121712465.0,
2020-06-29,4127.930,4137.370,4092.540,4109.720,130865854.0,
2020-06-30,4130.000,4174.420,4129.780,4163.960,125933521.0,
2020-07-01,4172.640,4247.780,4163.500,4247.780,169990456.0,
2020-07-02,4239.410,4340.100,4238.120,4335.840,252939368.0,
2020-07-03,4353.190,4419.600,4348.450,4419.600,290485539.0,
2020-07-06,4465.810,4678.110,4465.810,4670.090,405821025.0,
2020-07-07,4739.610,4796.320,4688.060,4698.130,406008553.0,
2020-07-08,4692.860,4803.360,4670.650,4774.000,348074847.0,
2020-07-09,4770.080,4854.120,4757.290,4840.770,351046893.0,
2020-07-10,4796.090,4821.370,4734.470,4753.130,316949651.0,
2020-07-13,4742.370,4878.080,4741.870,4852.960,321645446.0,
2020-07-14,4836.170,4860.440,4729.930,4806.690,297241985.0,
2020-07-15,4821.520,4837.480,4723.360,4744.470,272389006.0,
2020-07-16,4741.530,4772.560,4513.650,4516.250,284657133.0,
2020-07-17,4524.770,4601.370,4485.820,4544.700,207375563.0,
2020-07-20,4597.200,4681.940,4534.230,4680.300,246068914.0,
2020-07-21,4697.500,4714.290,4661.440,4691.040,200415659.0,
2020-07-22,4682.660,4790.450,4675.350,4714.450,224199211.0,
2020-07-23,4668.740,4731.400,4607.660,4712.440,234314569.0,
2020-07-24,4679.030,4691.700,4479.390,4505.590,243905203.0,
2020-07-27,4535.010,4558.120,4482.440,4528.450,171420551.0,
2020-07-28,4567.670,4590.250,4537.680,4568.260,162768498.0,
2020-07-29,4559.160,4680.560,4548.850,4679.010,186695305.0,
2020-07-30,4689.760,4704.630,4649.770,4656.150,166967566.0,
2020-07-31,4652.180,4741.810,4621.960,4695.050,184839026.0,
2020-08-03,4735.900,4771.370,4720.030,4771.310,214776239.0,
2020-08-04,4778.490,4807.080,4747.770,4775.800,239974985.0,
2020-08-05,4761.760,4786.700,4711.270,4777.110,196700548.0,
2020-08-06,4779.240,4791.860,4691.160,4762.760,227854406.0,
2020-08-07,4742.290,4749.020,4637.840,4707.930,213518216.0,
2020-08-10,4681.760,4757.660,4646.290,4724.870,203788832.0,
2020-08-11,4730.370,4791.530,4674.860,4681.780,205546511.0,
2020-08-12,4668.890,4681.620,4566.270,4647.640,202887239.0,
2020-08-13,4666.490,4671.770,4626.100,4635.710,152550092.0,
2020-08-14,4627.610,4708.070,4617.630,4704.630,147292921.0,
2020-08-17,4727.120,4838.090,4721.360,4815.230,268001556.0,
2020-08-18,4816.570,4825.390,4788.830,4812.760,189139854.0,
2020-08-19,4804.670,4809.050,4738.010,4740.680,192442948.0,
2020-08-20,4708.130,4721.440,4662.800,4679.150,158368639.0,
2020-08-21,4717.790,4739.480,4684.810,4718.840,142657864.0,
2020-08-24,4746.400,4769.470,4716.610,4755.850,151143512.0,
2020-08-25,4769.210,4802.410,4746.310,4761.950,141701351.0,
2020-08-26,4761.720,4786.420,4689.880,4706.130,151305180.0,
2020-08-27,4718.060,4731.940,4679.360,4731.350,119042850.0,
2020-08-28,4727.290,4850.490,4719.350,4844.270,159399765.0,
2020-08-31,4870.930,4901.210,4816.210,4816.220,202567029.0,
2020-09-01,4803.390,4842.140,4791.780,4842.120,138395402.0,
2020-09-02,4859.080,4863.550,4797.520,4843.890,157989524.0,
2020-09-03,4841.500,4877.010,4800.060,4817.100,145671201.0,
2020-09-04,4737.240,4778.200,4726.560,4770.220,120032796.0,
2020-09-07,4759.520,4789.300,4655.560,4669.370,148607791.0,
2020-09-08,4683.830,4707.900,4639.050,4694.390,139199227.0,
2020-09-09,4634.250,4645.200,4558.030,4584.590,162277107.0,
2020-09-10,4632.100,4647.750,4572.210,4581.980,150652878.0,
2020-09-11,4572.260,4630.880,4563.110,4627.280,115302424.0,
2020-09-14,4652.050,4666.990,4625.990,4651.050,107235179.0,
2020-09-15,4649.450,4691.500,4630.540,4688.480,101915925.0,
2020-09-16,4683.010,4690.680,4638.460,4657.360,108753641.0,
2020-09-17,4642.050,4664.950,4601.640,4632.710,105983631.0,
2020-09-18,4636.640,4737.800,4631.700,4737.090,160426475.0,
2020-09-21,4750.750,4752.980,4688.720,4691.430,124535827.0,
2020-09-22,4654.220,4706.210,4622.110,4635.760,119672947.0,
2020-09-23,4639.660,4665.960,4623.550,4652.330,95826528.0,
2020-09-24,4623.950,4631.950,4562.210,4563.070,112593683.0,
2020-09-25,4582.480,4599.540,4554.720,4570.020,93015155.0,
2020-09-28,4582.650,4613.630,4571.150,4581.910,85048389.0,
2020-09-29,4608.290,4616.680,4586.350,4591.800,85993858.0,
2020-09-30,4607.580,4634.720,4563.410,4587.400,89081200.0,
2020-10-09,4663.610,4695.400,4655.090,4681.140,111337512.0,
2020-10-12,4705.190,4823.270,4704.160,4823.160,155784558.0,
2020-10-13,4812.900,4845.920,4795.370,4839.200,116516338.0,
2020-10-14,4830.460,4830.460,4795.910,4807.100,111906923.0,
2020-10-15,4810.780,4833.890,4796.260,4798.740,109964962.0,
2020-10-16,4798.920,4825.550,4765.970,4791.680,116716102.0,
2020-10-19,4823.490,4849.610,4747.340,4755.490,129246361.0,
2020-10-20,4751.370,4793.470,4739.460,4793.470,98048156.0,
2020-10-21,4801.630,4801.630,4758.860,4792.830,103805703.0,
2020-10-22,4780.600,4791.810,4725.500,4777.980,101350891.0,
2020-10-23,4775.470,4802.460,4717.100,4718.490,106825184.0,
2020-10-26,4684.050,4713.390,4639.300,4691.240,108343275.0,
2020-10-27,4680.140,4708.460,4671.850,4699.280,92656304.0,
2020-10-28,4703.000,4753.310,4685.600,4737.270,108463402.0,
2020-10-29,4683.610,4803.030,4679.250,4772.920,117117250.0,
2020-10-30,4776.470,4778.510,4683.470,4695.330,139802303.0,
2020-11-02,4702.750,4738.020,4695.440,4720.830,142867693.0,
2020-11-03,4743.170,4793.400,4734.170,4777.560,136055408.0,
2020-11-04,4781.450,4825.460,4770.560,4813.660,114661806.0,
2020-11-05,4861.340,4885.110,4838.000,4885.110,139244594.0,
2020-11-06,4897.630,4897.630,4845.430,4885.720,153639034.0,
2020-11-09,4918.860,4997.800,4918.860,4981.350,197131984.0,
2020-11-10,4995.410,4995.410,4928.930,4953.880,176267214.0,
2020-11-11,4937.760,4957.580,4901.710,4904.900,164470515.0,
2020-11-12,4916.770,4926.340,4891.510,4908.460,118114619.0,
2020-11-13,4886.980,4886.980,4825.760,4856.850,133693079.0,
2020-11-16,4880.960,4904.170,4848.620,4904.170,148770980.0,
2020-11-17,4903.120,4909.290,4865.390,4894.790,151487464.0,
2020-11-18,4889.670,4911.090,4870.720,4891.670,164216616.0,
2020-11-19,4880.920,4939.790,4870.200,4927.990,133681378.0,
2020-11-20,4928.220,4947.430,4922.590,4943.290,129400341.0,
2020-11-23,4954.600,5029.650,4940.450,5005.030,205915187.0,
2020-11-24,4997.050,5001.060,4960.980,4974.290,156637911.0,
2020-11-25,4992.750,5004.770,4910.700,4910.700,170340527.0,
2020-11-26,4908.320,4925.290,4867.820,4919.590,137202338.0,
2020-11-27,4930.590,4980.770,4917.350,4980.770,162952922.0,
2020-11-30,4994.110,5055.190,4960.250,4960.250,262638950.0,
2020-12-01,4963.130,5072.550,4963.130,5067.100,204065638.0,
2020-12-02,5072.980,5090.610,5043.310,5067.140,195435476.0,
2020-12-03,5065.450,5072.300,5033.790,5057.060,177865748.0,
2020-12-04,5049.520,5072.390,5017.850,5065.920,144347167.0,
2020-12-07,5065.730,5067.870,5014.610,5022.240,139896217.0,
2020-12-08,5029.110,5043.060,4998.920,5009.880,123073029.0,
2020-12-09,5022.380,5033.640,4942.520,4942.700,138916965.0,
2020-12-10,4931.290,4962.740,4919.770,4940.520,125914270.0,
2020-12-11,4957.820,4957.820,4849.350,4889.630,159357697.0,
2020-12-14,4903.630,4937.260,4887.660,4934.840,120801552.0,
2020-12-15,4931.600,4954.190,4904.790,4945.100,118342633.0,
2020-12-16,4957.300,4968.860,4938.190,4953.870,106778968.0,
2020-12-17,4960.730,5021.620,4950.370,5017.480,133385479.0,
2020-12-18,5014.320,5027.440,4979.010,4999.970,128049618.0,
2020-12-21,4995.760,5048.510,4970.000,5046.840,140811782.0,
2020-12-22,5034.980,5055.130,4960.950,4964.770,162344970.0,
2020-12-23,4977.300,5028.450,4968.150,5007.120,140292819.0,
2020-12-24,5006.010,5033.040,4979.240,5000.020,114418667.0,
2020-12-25,4985.770,5042.100,4973.680,5042.010,121006979.0,
2020-12-28,5042.940,5089.340,5037.860,5064.410,136914407.0,
2020-12-29,5071.450,5077.420,5034.310,5042.940,141198662.0,
2020-12-30,5037.980,5113.710,5036.630,5113.710,148626448.0,
2020-12-31,5122.480,5215.620,5122.480,5211.290,171602509.0,
2021-01-04,5212.930,5284.430,5190.940,5267.720,211711382.0,
2021-01-05,5245.840,5368.500,5234.380,5368.500,224931159.0,
2021-01-06,5386.510,5433.470,5341.430,5417.670,193773444.0,
2021-01-07,5428.390,5513.660,5413.350,5513.660,219872080.0,
2021-01-08,5526.290,5547.470,5442.690,5495.430,204324956.0,
2021-01-11,5504.240,5555.690,5412.500,5441.160,231835983.0,
2021-01-12,5419.500,5596.350,5417.630,5596.350,224220186.0,
2021-01-13,5609.260,5644.720,5535.140,5577.970,261569886.0,
2021-01-14,5556.210,5568.020,5458.680,5470.460,243683380.0,
2021-01-15,5471.390,5500.630,5390.270,5458.080,238637435.0,
2021-01-18,5438.160,5541.460,5410.780,5518.520,207051869.0,
2021-01-19,5525.970,5532.480,5415.720,5437.520,211043425.0,
2021-01-20,5439.910,5496.050,5426.540,5476.430,170913260.0,
2021-01-21,5492.960,5593.110,5490.560,5564.970,209950197.0,
2021-01-22,5562.380,5573.660,5513.880,5569.780,199300020.0,
2021-01-25,5564.120,5655.480,5543.270,5625.920,197047019.0,
2021-01-26,5600.900,5600.900,5506.000,5512.970,171904590.0,
2021-01-27,5505.770,5534.990,5449.640,5528.000,160190841.0,
2021-01-28,5450.370,5462.240,5360.380,5377.140,170485585.0,
2021-01-29,5413.970,5430.200,5288.100,5351.960,182178784.0,
2021-02-01,5356.850,5422.300,5342.050,5417.650,166313706.0,
2021-02-02,5429.700,5503.210,5411.520,5501.090,165210565.0,
2021-02-03,5499.300,5532.890,5473.120,5485.200,188054317.0,
2021-02-04,5453.980,5510.050,5411.570,5473.950,180575654.0,
2021-02-05,5494.700,5550.770,5477.650,5483.410,189699598.0,
2021-02-08,5506.140,5576.490,5479.850,5564.560,164033775.0,
2021-02-09,5584.170,5686.250,5555.050,5686.250,164887260.0,
2021-02-10,5709.680,5823.420,5707.330,5807.720,170169786.0,
2021-02-18,5922.070,5930.910,5747.660,5768.380,218848686.0,
2021-02-19,5734.020,5787.890,5667.320,5778.840,214475780.0,
2021-02-22,5785.510,5785.510,5597.330,5597.330,282124382.0,
2021-02-23,5542.680,5644.760,5541.110,5579.670,233807727.0,
2021-02-24,5591.480,5598.830,5379.730,5437.570,225428610.0,
2021-02-25,5494.470,5527.630,5444.160,5469.560,230736028.0,
2021-02-26,5343.900,5416.320,5318.860,5336.760,212264543.0,
2021-03-01,5389.250,5421.560,5345.940,5418.780,177463523.0,
2021-03-02,5453.280,5454.970,5305.050,5349.630,196511115.0,
2021-03-03,5327.350,5452.400,5316.480,5452.210,194709054.0,
2021-03-04,5388.480,5392.370,5254.780,5280.710,212775211.0,
2021-03-05,5191.970,5307.820,5174.250,5262.800,202627956.0,
2021-03-08,5299.790,5326.260,5079.800,5080.020,230231635.0,
2021-03-09,5066.150,5094.310,4917.910,4971.000,230711004.0,
2021-03-10,5047.060,5055.280,4981.620,5003.610,169928490.0,
2021-03-11,5024.560,5138.410,5020.580,5128.220,189600766.0,
2021-03-12,5153.670,5153.670,5086.820,5146.380,201020589.0,
2021-03-15,5116.120,5120.880,4992.400,5035.540,204153084.0,
2021-03-16,5054.410,5084.310,5009.950,5079.360,161390054.0,
2021-03-17,5062.770,5123.550,5020.130,5100.860,149162376.0,
2021-03-18,5114.590,5160.460,5111.130,5141.770,142901518.0,
2021-03-19,5068.530,5089.920,4980.760,5007.090,164174849.0,
2021-03-22,5008.400,5071.340,4996.540,5057.150,167402632.0,
2021-03-23,5057.060,5064.020,4966.530,5009.250,158013967.0,
2021-03-24,4985.400,5024.330,4919.890,4928.690,159385982.0,
2021-03-25,4904.070,4950.760,4883.660,4926.350,132945189.0,
2021-03-26,4953.950,5050.830,4953.950,5037.990,145926697.0,
2021-03-29,5052.260,5086.650,5010.390,5046.880,143388215.0,
2021-03-30,5043.100,5106.040,5032.800,5094.730,138618560.0,
2021-03-31,5085.950,5085.950,5015.610,5048.360,141335743.0,
2021-04-01,5059.940,5115.430,5056.870,5110.780,120324890.0,
2021-04-02,5129.850,5169.830,5116.350,5161.560,127002254.0,
2021-04-06,5178.640,5181.150,5125.330,5140.340,109834210.0,
2021-04-07,5141.660,5141.660,5065.190,5103.740,145763748.0,
2021-04-08,5078.260,5129.130,5062.070,5112.210,141771047.0,
2021-04-09,5100.040,5100.040,5022.090,5035.340,128416509.0,
2021-04-12,5026.980,5045.600,4933.010,4947.750,152644314.0,
2021-04-13,4949.810,4994.540,4924.200,4939.640,132919358.0,
2021-04-14,4945.690,4987.120,4940.270,4980.630,120860838.0,
2021-04-15,4969.910,4969.910,4900.300,4948.970,108829384.0,
2021-04-16,4966.900,4979.170,4917.960,4966.180,111239924.0,
2021-04-19,4966.410,5088.210,4940.750,5087.020,154769824.0,
2021-04-20,5065.780,5119.860,5058.920,5083.370,136541700.0,
2021-04-21,5055.240,5110.560,5047.990,5098.740,124637277.0,
2021-04-22,5114.280,5119.220,5067.140,5089.240,121167645.0,
2021-04-23,5088.830,5149.980,5086.490,5135.450,122056991.0,
2021-04-26,5156.590,5181.110,5072.960,5077.240,151381967.0,
2021-04-27,5076.640,5095.980,5042.610,5090.520,123961837.0,
2021-04-28,5073.970,5119.450,5059.260,5119.240,120620318.0,
2021-04-29,5128.280,5170.590,5113.650,5164.170,140092480.0,
2021-04-30,5156.360,5163.250,5094.930,5123.490,160121621.0,
2021-05-06,5098.800,5132.900,5037.410,5061.120,158822630.0,
2021-05-07,5073.460,5093.750,4996.040,4996.050,172258321.0,
2021-05-10,5001.440,5019.390,4953.700,4992.420,170820585.0,
2021-05-11,4956.080,5033.490,4925.920,5023.060,151526497.0,
2021-05-12,5003.820,5051.170,4995.400,5044.550,126619086.0,
2021-05-13,4992.350,5022.080,4975.450,4992.970,132279406.0,
2021-05-14,5007.630,5112.980,4981.290,5110.590,159426180.0,
2021-05-17,5115.310,5206.690,5115.310,5184.990,153889634.0,
2021-05-18,5190.930,5201.670,5156.790,5187.600,118404261.0,
2021-05-19,5173.170,5193.560,5151.640,5172.270,118729983.0,
2021-05-20,5167.050,5201.590,5152.040,5186.410,138454775.0,
2021-05-21,5199.130,5216.160,5123.120,5134.150,124768485.0,
2021-05-24,5138.810,5155.590,5092.390,5155.590,126742336.0,
2021-05-25,5165.040,5324.360,5161.520,5318.480,182996839.0,
2021-05-26,5326.120,5344.280,5308.740,5320.590,169607096.0,
2021-05-27,5311.370,5378.480,5286.050,5338.230,148462855.0,
2021-05-28,5338.730,5360.280,5288.650,5321.090,164605806.0,
2021-05-31,5318.080,5331.630,5281.690,5331.570,144603269.0,
2021-06-01,5320.470,5343.750,5269.260,5341.680,143831474.0,
2021-06-02,5348.340,5352.640,5266.790,5289.970,137754319.0,
2021-06-03,5285.710,5314.370,5255.070,5255.290,141968878.0,
2021-06-04,5228.280,5334.490,5221.230,5282.280,144732087.0,
2021-06-07,5284.890,5286.840,5242.950,5277.630,127704971.0,
2021-06-08,5276.970,5319.040,5201.140,5232.120,130559532.0,
2021-06-09,5224.950,5253.360,5215.350,5236.450,121820321.0,
2021-06-10,5236.470,5299.530,5229.520,5271.470,138991967.0,
2021-06-11,5275.750,5276.100,5213.600,5224.700,180807173.0,
2021-06-15,5218.560,5225.500,5137.410,5166.560,142880058.0,
2021-06-16,5163.250,5164.520,5076.020,5080.490,125147985.0,
2021-06-17,5074.380,5123.370,5073.820,5101.890,120452518.0,
2021-06-18,5104.930,5128.030,5064.920,5102.470,148585805.0,
2021-06-21,5088.090,5123.780,5058.570,5090.390,132184516.0,
2021-06-22,5106.070,5125.820,5086.280,5122.160,130416753.0,
2021-06-23,5127.190,5171.030,5109.760,5147.390,136356058.0,
2021-06-24,5156.560,5160.430,5120.580,5155.970,126685625.0,
2021-06-25,5159.800,5251.610,5157.480,5239.970,154931061.0,
2021-06-28,5253.610,5260.640,5226.220,5251.760,133193783.0,
2021-06-29,5248.520,5248.520,5182.680,5190.540,125162997.0,
2021-06-30,5189.380,5231.430,5186.630,5224.040,103752671.0,
2021-07-01,5241.200,5252.260,5190.880,5229.660,127240620.0,
2021-07-02,5186.660,5186.660,5074.360,5081.120,130426424.0,
2021-07-05,5073.780,5098.230,5048.000,5085.790,131211589.0,
2021-07-06,5089.780,5092.210,5028.510,5083.100,140655220.0,
2021-07-07,5052.420,5152.770,5045.410,5140.490,148549060.0,
2021-07-08,5149.310,5151.220,5078.930,5088.260,173901008.0,
2021-07-09,5063.150,5081.410,5006.410,5069.440,160653226.0,
2021-07-12,5108.380,5159.410,5070.320,5132.710,206212039.0,
2021-07-13,5128.610,5154.050,5114.940,5142.100,166482209.0,
2021-07-14,5130.750,5130.750,5075.130,5083.080,188352720.0,
2021-07-15,5073.260,5153.810,5067.680,5151.460,181077103.0,
2021-07-16,5140.900,5140.900,5090.630,5094.770,169955982.0,
2021-07-19,5083.730,5120.820,5047.620,5113.490,153199589.0,
2021-07-20,5080.220,5114.000,5067.860,5108.990,129300044.0,
2021-07-21,5122.780,5160.540,5122.300,5144.040,167976469.0,
2021-07-22,5150.390,5171.210,5137.880,5151.750,185556864.0,
2021-07-23,5145.430,5145.430,5080.000,5089.230,216536847.0,
2021-07-26,5067.310,5067.310,4859.600,4925.300,228111710.0,
2021-07-27,4924.280,4940.860,4749.030,4751.310,236631225.0,
2021-07-28,4714.290,4785.660,4663.900,4760.480,192634393.0,
2021-07-29,4845.760,4857.970,4800.010,4850.270,173322054.0,
2021-07-30,4825.700,4825.700,4761.040,4811.170,182349776.0,
2021-08-02,4794.820,4938.820,4761.460,4933.740,227194918.0,
2021-08-03,4909.230,4957.030,4890.850,4934.460,203533360.0,
2021-08-04,4927.740,4979.290,4919.660,4978.850,175466461.0,
2021-08-05,4946.170,4997.140,4921.940,4948.670,167381829.0,
2021-08-06,4943.040,4944.350,4891.800,4921.560,154179688.0,
2021-08-09,4890.260,5002.890,4884.040,4985.560,182436871.0,
2021-08-10,4977.820,5043.760,4941.240,5043.150,167051902.0,
2021-08-11,5037.080,5059.790,5009.980,5015.340,182266074.0,
2021-08-12,4998.070,5016.260,4962.990,4973.350,168223733.0,
2021-08-13,4958.760,4993.740,4921.280,4945.980,158314321.0,
2021-08-16,4935.920,4973.380,4931.370,4941.070,161953373.0,
2021-08-17,4935.000,4967.560,4823.390,4837.400,187573472.0,
2021-08-18,4838.470,4909.540,4818.900,4894.240,197474378.0,
2021-08-19,4886.560,4893.470,4839.570,4862.140,201711719.0,
2021-08-20,4817.490,4835.150,4720.830,4769.270,177635810.0,
2021-08-23,4777.730,4843.820,4764.010,4835.880,167579093.0,
2021-08-24,4844.590,4906.200,4842.750,4888.390,197883163.0,
2021-08-25,4890.520,4899.770,4865.760,4898.160,189448016.0,
2021-08-26,4892.200,4892.200,4798.700,4801.610,197617387.0,
2021-08-27,4794.970,4863.470,4793.590,4827.040,183310211.0,
2021-08-30,4847.030,4849.160,4787.200,4813.270,219635757.0,
2021-08-31,4803.090,4821.760,4740.750,4805.610,235118658.0,
2021-09-01,4804.690,4906.400,4763.300,4869.460,326721080.0,
2021-09-02,4865.820,4892.700,4845.620,4869.410,267858013.0,
2021-09-03,4875.070,4886.550,4828.700,4843.060,268091896.0,
2021-09-06,4841.060,4944.450,4837.790,4933.730,240507245.0,
2021-09-07,4932.980,5005.960,4915.610,4992.830,244178519.0,
2021-09-08,4986.800,5013.980,4955.890,4972.130,264615315.0,
2021-09-09,4952.490,4970.150,4929.950,4970.010,256530217.0,
2021-09-10,4967.980,5042.800,4962.370,5013.520,288304352.0,
2021-09-13,5006.770,5029.720,4964.960,4991.660,249915298.0,
2021-09-14,4989.830,5000.980,4907.320,4917.160,245590402.0,
2021-09-15,4903.850,4903.850,4843.120,4867.320,187984730.0,
2021-09-16,4866.790,4879.530,4806.140,4807.700,216752099.0,
2021-09-17,4797.110,4857.960,4786.090,4855.940,201958127.0,
2021-09-22,4770.730,4830.850,4765.230,4821.770,191220376.0,
2021-09-23,4848.220,4877.340,4837.560,4853.200,228151064.0,
2021-09-24,4845.640,4897.060,4838.540,4849.430,207693290.0,
2021-09-27,4870.850,4922.560,4852.200,4877.370,215967030.0,
2021-09-28,4869.080,4901.310,4846.630,4883.830,176890880.0,
2021-09-29,4846.020,4868.070,4799.880,4833.930,188171366.0,
2021-09-30,4843.950,4876.070,4843.950,4866.380,146113896.0,
2021-10-08,4915.730,4937.090,4891.620,4929.940,168968077.0,
2021-10-11,4941.290,4983.730,4930.710,4936.190,163511624.0,
2021-10-12,4920.660,4925.490,4840.770,4883.840,168079337.0,
2021-10-13,4880.140,4953.370,4869.830,4940.110,131142813.0,
2021-10-14,4934.260,4953.920,4903.250,4913.610,119557013.0,
2021-10-15,4896.560,4939.820,4881.010,4932.110,142822001.0,
2021-10-18,4922.510,4922.510,4844.940,4874.780,141245199.0,
2021-10-19,4869.390,4928.140,4868.810,4922.720,135266493.0,
2021-10-20,4926.770,4944.020,4898.370,4910.180,141533183.0,
2021-10-21,4914.740,4946.180,4893.850,4928.020,148898154.0,
2021-10-22,4934.870,4989.890,4934.870,4959.730,143926228.0,
2021-10-25,4940.900,4981.650,4930.110,4979.520,141861490.0,
2021-10-26,4983.240,5002.570,4953.480,4963.100,140888943.0,
2021-10-27,4949.230,4949.230,4884.940,4898.160,147111593.0,
2021-10-28,4882.590,4898.660,4846.280,4864.140,156649472.0,
2021-10-29,4861.270,4908.770,4855.760,4908.770,159887353.0,
2021-11-01,4878.130,4908.210,4858.250,4890.690,171583974.0,
2021-11-02,4886.180,4911.230,4797.900,4839.850,185437688.0,
2021-11-03,4835.810,4858.710,4804.370,4821.110,142763820.0,
2021-11-04,4841.090,4873.940,4834.740,4868.740,132592970.0,
2021-11-05,4858.900,4889.680,4841.740,4842.350,147789359.0,
2021-11-08,4841.150,4866.080,4827.690,4848.180,137398264.0,
2021-11-09,4858.250,4870.790,4818.540,4846.740,118375526.0,
2021-11-10,4832.800,4832.800,4754.000,4821.190,135118179.0,
2021-11-11,4814.770,4898.650,4809.110,4898.650,160484863.0,
2021-11-12,4902.930,4909.080,4875.350,4888.370,132662969.0,
2021-11-15,4894.410,4906.330,4863.400,4882.380,121823149.0,
2021-11-16,4880.900,4915.370,4876.500,4883.320,127254406.0,
2021-11-17,4883.250,4891.520,4864.520,4885.750,108459223.0,
2021-11-18,4871.420,4871.420,4830.410,4837.620,114480565.0,
2021-11-19,4832.060,4892.810,4829.570,4890.060,127198312.0,
2021-11-22,4895.390,4919.000,4893.270,4912.400,138092836.0,
2021-11-23,4905.760,4927.520,4896.880,4913.350,154304411.0,
2021-11-24,4914.030,4935.490,4899.610,4916.660,137150673.0,
2021-11-25,4917.610,4921.330,4891.730,4896.440,115984031.0,
2021-11-26,4886.950,4886.950,4850.810,4860.130,120368974.0,
2021-11-29,4820.010,4858.530,4818.710,4851.420,133626862.0,
2021-11-30,4857.180,4871.250,4810.220,4832.030,129630596.0,
2021-12-01,4831.890,4844.520,4823.930,4843.850,123086789.0,
2021-12-02,4839.910,4866.850,4830.320,4856.160,148088521.0,
2021-12-03,4856.980,4901.020,4853.350,4901.020,144059626.0,
2021-12-06,4909.430,4943.900,4888.690,4892.620,173615683.0,
2021-12-07,4930.830,4934.100,4895.220,4922.100,179053460.0,
2021-12-08,4934.410,4995.930,4915.790,4995.930,157490559.0,
2021-12-09,5000.690,5114.500,4999.410,5078.690,220568776.0,
2021-12-10,5046.270,5060.060,5035.810,5055.120,193695154.0,
2021-12-13,5090.020,5143.840,5079.730,5083.800,211801596.0,
2021-12-14,5066.350,5075.210,5038.860,5049.700,159107790.0,
2021-12-15,5036.280,5060.370,5003.780,5005.900,150529752.0,
2021-12-16,5006.610,5034.730,4987.220,5034.730,144053867.0,
2021-12-17,5021.340,5022.110,4954.760,4954.760,149005399.0,
2021-12-20,4934.970,4971.670,4872.680,4880.420,169675690.0,
2021-12-21,4876.510,4917.800,4872.950,4913.490,143339898.0,
2021-12-22,4924.580,4936.670,4903.170,4914.450,133256740.0,
2021-12-23,4924.290,4948.740,4906.750,4948.740,139555406.0,
2021-12-24,4953.060,4964.910,4905.980,4921.340,142673323.0,
2021-12-27,4918.150,4939.690,4894.160,4919.320,124100952.0,
2021-12-28,4923.690,4959.140,4913.600,4955.960,130457757.0,
2021-12-29,4958.650,4958.650,4883.480,4883.480,113587002.0,
2021-12-30,4882.160,4940.180,4878.650,4921.510,121617178.0,
2021-12-31,4937.460,4950.360,4923.140,4940.370,121313737.0,
2022-01-04,4957.98,4961.45,4874.53,4917.77,151534776.0,
2022-01-05,4907.93,4916.28,4851.98,4868.12,178816100.0,
2022-01-06,4842.16,4857.56,4786.43,4818.23,157665826.0,
2022-01-07,4824.32,4856.65,4818.19,4822.37,187139413.0,
2022-01-10,4812.23,4844.39,4780.82,4844.05,156211696.0,
2022-01-11,4840.01,4850.88,4791.89,4797.77,146928004.0,
2022-01-12,4818.89,4852.73,4810.92,4845.58,143200204.0,
2022-01-13,4853.03,4853.06,4765.24,4765.92,142519653.0,
2022-01-14,4743.91,4764.05,4723.94,4726.73,146863126.0,
2022-01-17,4728.76,4775.24,4726.71,4767.28,115295691.0,
2022-01-18,4766.78,4826.3,4747.92,4813.35,150870802.0,
2022-01-19,4815.81,4828.75,4755.93,4780.38,133927360.0,
2022-01-20,4778.26,4845.0,4777.57,4823.51,164971315.0,
2022-01-21,4808.77,4818.31,4762.56,4779.31,138952585.0,
2022-01-24,4753.94,4801.1,4746.45,4786.74,114463880.0,
2022-01-25,4761.95,4781.39,4678.25,4678.45,133667586.0,
2022-01-26,4697.1,4718.99,4648.13,4712.31,107070842.0,
2022-01-27,4708.1,4708.44,4616.03,4619.88,121263804.0,
2022-01-28,4641.81,4660.52,4559.83,4563.77,126480112.0,
2022-02-07,4638.58,4672.65,4615.01,4634.09,144849720.0,
2022-02-08,4626.44,4626.44,4522.47,4608.77,155830708.0,
2022-02-09,4608.15,4659.46,4595.28,4652.06,148335547.0,
2022-02-10,4657.21,4657.21,4608.09,4639.86,151576666.0,
2022-02-11,4617.87,4662.6,4595.88,4601.4,155974584.0,
2022-02-14,4579.42,4593.63,4530.06,4551.69,143673894.0,
2022-02-15,4553.81,4601.45,4550.54,4600.1,115025600.0,
2022-02-16,4619.85,4643.1,4607.22,4617.99,107258955.0,
2022-02-17,4616.9,4650.16,4606.95,4629.16,110014643.0,
2022-02-18,4604.57,4651.34,4598.1,4651.24,104550228.0,
2022-02-21,4646.05,4646.67,4613.3,4634.31,112516512.0,
2022-02-22,4601.92,4602.07,4550.8,4574.15,123317237.0,
2022-02-23,4582.01,4625.3,4579.29,4623.05,122952916.0,
2022-02-24,4592.07,4610.88,4488.48,4529.32,184403058.0,
2022-02-25,4564.63,4611.86,4561.9,4573.42,149722583.0,
2022-02-28,4563.74,4581.65,4530.68,4581.65,135406978.0,
2022-03-01,4597.86,4623.43,4583.92,4619.69,123139220.0,
2022-03-02,4594.02,4594.02,4558.44,4578.6,113298325.0,
2022-03-03,4595.02,4599.4,4544.43,4551.63,138285877.0,
2022-03-04,4513.36,4539.39,4481.49,4496.43,127266806.0,
2022-03-07,4462.52,4462.52,4338.3,4352.78,162197706.0,
2022-03-08,4361.64,4383.65,4252.54,4265.39,167863277.0,
2022-03-09,4280.98,4304.48,4068.19,4226.35,194232900.0,
2022-03-10,4326.2,4335.67,4288.51,4292.84,145266383.0,
2022-03-11,4231.2,4316.04,4176.45,4306.52,152399921.0,
2022-03-14,4248.15,4280.36,4174.76,4174.76,130187236.0,
2022-03-15,4125.49,4163.42,3983.81,3983.81,202524699.0,
2022-03-16,4053.1,4168.59,3942.86,4156.08,196021982.0,
2022-03-17,4237.67,4302.74,4217.8,4237.7,179407344.0,
2022-03-18,4218.47,4283.37,4194.94,4265.9,149458305.0,
2022-03-21,4280.14,4287.82,4223.02,4258.75,127036360.0,
2022-03-22,4252.57,4283.33,4236.69,4255.3,126382470.0,
2022-03-23,4269.61,4287.58,4241.96,4276.52,117089078.0,
2022-03-24,4249.53,4273.96,4216.85,4251.31,108918272.0,
2022-03-25,4249.07,4254.84,4173.93,4174.57,108808046.0,
2022-03-28,4128.84,4174.12,4091.3,4148.47,118449021.0,
2022-03-29,4155.42,4177.21,4124.72,4134.14,100266972.0,
2022-03-30,4162.17,4254.1,4160.74,4254.1,138346024.0,
2022-03-31,4234.72,4247.36,4214.54,4222.6,134029185.0,
2022-04-01,4198.82,4290.67,4190.08,4276.16,133803053.0,
2022-04-06,4258.83,4277.52,4236.73,4263.84,159062195.0,
2022-04-07,4240.02,4278.11,4205.74,4209.1,134880353.0,
2022-04-08,4213.21,4237.81,4175.53,4230.77,142843793.0,
2022-04-11,4203.79,4203.79,4089.09,4100.07,148197071.0,
2022-04-12,4102.97,4179.97,4075.8,4179.97,144285684.0,
2022-04-13,4154.41,4194.04,4139.74,4139.74,125097489.0,
2022-04-14,4172.64,4217.06,4155.55,4191.57,124791316.0,
2022-04-15,4162.37,4211.32,4152.97,4188.75,124762263.0,
2022-04-18,4152.93,4171.74,4119.99,4166.38,117504610.0,
2022-04-19,4161.93,4186.94,4115.42,4134.9,110217471.0,
2022-04-20,4130.54,4136.17,4060.5,4070.79,117331658.0,
2022-04-21,4048.73,4086.44,3978.37,3995.83,132783828.0,
2022-04-22,3967.2,4037.08,3953.72,4013.25,122101811.0,
2022-04-25,3933.45,3958.21,3814.91,3814.91,168364502.0,
2022-04-26,3822.49,3871.85,3773.9,3784.12,157577611.0,
2022-04-27,3758.08,3895.73,3757.09,3895.54,172734046.0,
2022-04-28,3883.42,3943.43,3873.58,3921.11,153056586.0,
2022-04-29,3939.62,4017.43,3898.57,4016.24,179458377.0,
2022-05-05,3995.35,4039.7,3988.93,4010.21,154170716.0,
2022-05-06,3928.85,3947.24,3902.05,3908.82,123005551.0,
2022-05-09,3883.95,3914.11,3854.94,3877.44,92936694.0,
2022-05-10,3820.63,3932.68,3808.57,3919.87,136416918.0,
2022-05-11,3917.93,4033.3,3916.52,3976.42,165632256.0,
2022-05-12,3949.95,3985.93,3935.59,3958.74,113376066.0,
2022-05-13,3983.82,4003.85,3957.14,3988.6,109968357.0,
2022-05-16,4015.0,4018.03,3947.75,3956.54,112425294.0,
2022-05-17,3961.76,4005.89,3955.1,4005.89,109661454.0,
2022-05-18,4015.01,4017.34,3964.75,3991.91,108074233.0,
2022-05-19,3938.3,3999.6,3933.75,3999.6,116293420.0,
2022-05-20,4020.82,4077.6,4020.82,4077.6,147069173.0,
2022-05-23,4080.97,4080.97,4029.08,4053.98,130477810.0,
2022-05-24,4052.87,4055.78,3959.15,3959.15,145554336.0,
2022-05-25,3959.77,3983.62,3946.81,3983.18,107734015.0,
2022-05-26,3987.68,4015.75,3938.24,3993.04,126263689.0,
2022-05-27,4022.71,4051.14,3983.38,4001.3,112769337.0,
2022-05-30,4020.86,4040.82,4003.38,4029.02,111152241.0,
2022-05-31,4031.76,4096.2,4020.38,4091.52,135415513.0,
2022-06-01,4086.62,4094.9,4058.85,4083.18,114850879.0,
2022-06-02,4064.0,4091.15,4057.91,4089.57,113893638.0,
2022-06-06,4090.53,4166.62,4063.91,4166.09,167871011.0,
2022-06-07,4165.69,4198.09,4155.17,4179.13,142992881.0,
2022-06-08,4187.15,4224.81,4158.03,4219.81,157374057.0,
2022-06-09,4211.72,4227.45,4160.88,4175.67,168449154.0,
2022-06-10,4145.65,4241.35,4140.22,4238.99,184796214.0,
2022-06-13,4194.46,4218.23,4156.71,4189.35,168475622.0,
2022-06-14,4143.22,4224.09,4102.93,4222.31,171385904.0,
2022-06-15,4228.29,4348.42,4228.29,4278.22,257046590.0,
2022-06-16,4282.08,4302.92,4241.08,4250.06,184074416.0,
2022-06-17,4219.23,4318.77,4218.68,4309.04,158649098.0,
2022-06-20,4322.83,4368.36,4297.89,4330.43,165666382.0,
2022-06-21,4327.92,4357.34,4287.14,4325.57,164667615.0,
2022-06-22,4331.9,4333.18,4269.25,4270.62,158565854.0,
2022-06-23,4277.96,4343.88,4260.9,4343.88,170882360.0,
2022-06-24,4354.55,4400.69,4346.12,4394.77,168972199.0,
2022-06-27,4414.33,4472.69,4414.33,4444.26,177385676.0,
2022-06-28,4442.58,4497.89,4407.35,4490.52,174756489.0,
2022-06-29,4472.73,4503.13,4414.0,4421.36,187276688.0,
2022-06-30,4418.07,4515.0,4418.07,4485.01,156666289.0,
2022-07-01,4489.52,4500.99,4449.29,4466.72,144779599.0,
2022-07-04,4447.22,4496.03,4427.82,4496.03,146345651.0,
2022-07-05,4505.46,4530.32,4439.45,4489.54,154962415.0,
2022-07-06,4475.48,4484.36,4393.42,4423.97,149800235.0,
2022-07-07,4425.28,4457.34,4391.19,4443.47,132660906.0,
2022-07-08,4468.06,4479.49,4426.89,4428.78,123195739.0,
2022-07-11,4406.15,4406.15,4330.58,4354.62,134448578.0,
2022-07-12,4352.65,4370.34,4296.62,4313.62,130187838.0,
2022-07-13,4313.36,4341.47,4284.94,4321.46,131113179.0,
2022-07-14,4308.82,4352.1,4292.76,4322.07,145250926.0,
2022-07-15,4299.47,4344.86,4248.53,4248.53,150214453.0,
2022-07-18,4262.15,4300.78,4217.51,4292.59,122601192.0,
2022-07-19,4288.44,4288.44,4238.82,4269.34,103805730.0,
2022-07-20,4291.28,4303.37,4269.97,4283.8,94490144.0,
2022-07-21,4270.36,4283.15,4236.05,4236.06,117156344.0,
2022-07-22,4251.79,4275.47,4207.31,4238.23,103840624.0,
2022-07-25,4233.93,4234.84,4201.92,4212.64,83636664.0,
2022-07-26,4220.09,4259.99,4214.53,4245.98,85823274.0,
2022-07-27,4236.15,4242.1,4217.28,4225.04,78904940.0,
2022-07-28,4242.27,4267.92,4223.03,4225.67,107531930.0,
2022-07-29,4226.42,4243.51,4160.87,4170.1,114179286.0,
2022-08-01,4160.65,4196.57,4129.45,4188.68,107749029.0,
2022-08-02,4144.38,4144.38,4071.43,4107.02,142224425.0,
2022-08-03,4114.83,4150.98,4058.18,4066.98,116666124.0,
2022-08-04,4089.44,4108.16,4064.66,4101.54,89532644.0,
2022-08-05,4109.63,4159.49,4097.86,4156.91,102571004.0,
2022-08-08,4142.11,4155.73,4135.08,4148.07,90208138.0,
2022-08-09,4143.67,4161.81,4131.43,4156.29,84136959.0,
2022-08-10,4149.21,4160.79,4092.55,4109.74,85565839.0,
2022-08-11,4130.74,4193.81,4116.06,4193.54,121385051.0,
2022-08-12,4185.42,4202.47,4175.05,4191.15,106808295.0,
2022-08-15,4180.0,4219.92,4174.3,4185.68,105898495.0,
2022-08-16,4190.53,4208.8,4170.52,4177.84,93906139.0,
2022-08-17,4182.57,4222.79,4155.17,4216.96,112864659.0,
2022-08-18,4205.79,4211.91,4173.54,4180.1,101052650.0,
2022-08-19,4174.55,4185.66,4151.07,4151.07,117402978.0,
2022-08-22,4135.16,4183.65,4134.2,4181.4,112442720.0,
2022-08-23,4175.53,4187.39,4147.41,4161.08,103153512.0,
2022-08-24,4168.58,4174.16,4079.09,4082.42,119069679.0,
2022-08-25,4093.29,4119.62,4058.75,4116.24,111320745.0,
2022-08-26,4127.81,4139.79,4102.68,4107.55,99000493.0,
2022-08-29,4063.88,4092.95,4059.6,4089.52,94354432.0,
2022-08-30,4088.53,4093.14,4048.52,4075.79,93301662.0,
2022-08-31,4057.14,4112.85,4046.62,4078.84,132449765.0,
2022-09-01,4066.19,4090.89,4041.13,4043.74,97387071.0,
2022-09-02,4054.84,4056.18,4004.91,4023.61,86789278.0,
2022-09-05,4010.41,4017.0,3982.74,4015.43,93767109.0,
2022-09-06,4024.47,4054.0,4009.58,4052.28,113506265.0,
2022-09-07,4032.72,4067.54,4028.37,4054.98,107678059.0,
2022-09-08,4059.17,4067.76,4036.02,4037.68,100886049.0,
2022-09-09,4050.59,4099.01,4042.25,4093.79,118427114.0,
2022-09-13,4112.01,4128.11,4097.14,4111.11,111789737.0,
2022-09-14,4058.04,4089.06,4047.92,4065.36,90793681.0,
2022-09-15,4078.65,4088.81,3998.86,4027.12,123951196.0,
2022-09-16,4013.58,4019.41,3932.68,3932.68,137193655.0,
2022-09-19,3928.42,3953.65,3910.31,3928.0,97719575.0,
2022-09-20,3945.65,3957.55,3921.69,3932.84,84824134.0,
2022-09-21,3921.32,3924.39,3884.23,3903.73,86458391.0,
2022-09-22,3875.18,3900.27,3860.23,3869.34,80946919.0,
2022-09-23,3865.1,3888.4,3829.69,3856.02,94342462.0,
2022-09-26,3829.6,3893.32,3827.95,3836.68,104526031.0,
2022-09-27,3844.07,3893.03,3827.93,3892.3,88860160.0,
2022-09-28,3879.44,3879.44,3828.05,3828.71,86592213.0,
2022-09-29,3864.32,3873.18,3808.65,3827.14,85654142.0,
2022-09-30,3833.35,3848.6,3801.28,3804.89,78559966.0,
2022-10-10,3806.56,3807.46,3715.71,3720.94,102647595.0,
2022-10-11,3732.02,3739.81,3706.06,3727.69,83944625.0,
2022-10-12,3722.87,3784.31,3661.53,3784.31,108089319.0,
2022-10-13,3756.42,3783.6,3749.64,3752.67,99018915.0,
2022-10-14,3783.32,3863.23,3780.84,3842.47,116242293.0,
2022-10-17,3822.24,3849.62,3809.12,3846.41,104192019.0,
2022-10-18,3865.83,3870.22,3831.17,3838.27,88346907.0,
2022-10-19,3827.47,3840.49,3776.53,3776.53,81574844.0,
2022-10-20,3746.58,3804.25,3726.79,3754.93,90290895.0,
2022-10-21,3753.89,3768.69,3724.69,3742.89,98750038.0,
2022-10-24,3727.92,3762.16,3619.99,3633.37,130056864.0,
2022-10-25,3621.94,3670.73,3594.7,3627.45,110953882.0,
2022-10-26,3633.31,3700.88,3633.31,3656.9,121301548.0,
2022-10-27,3667.66,3685.08,3631.06,3631.14,117998675.0,
2022-10-28,3605.16,3618.86,3533.5,3541.33,118772162.0,
2022-10-31,3504.51,3553.39,3495.95,3508.7,138465655.0,
2022-11-01,3519.82,3634.17,3517.62,3634.17,149286698.0,
2022-11-02,3620.37,3703.47,3610.8,3677.81,141592919.0,
2022-11-03,3645.06,3670.16,3628.5,3647.9,110566035.0,
2022-11-04,3646.77,3782.88,3646.77,3767.17,149734949.0,
2022-11-07,3754.52,3792.79,3746.37,3775.3,129826371.0,
2022-11-08,3773.66,3779.12,3723.34,3749.33,99016451.0,
2022-11-09,3750.78,3760.41,3711.27,3714.27,89434525.0,
2022-11-10,3685.83,3701.53,3665.06,3685.69,103509302.0,
2022-11-11,3787.76,3828.9,3747.09,3788.44,189685586.0,
2022-11-14,3818.14,3848.41,3781.78,3794.02,169665048.0,
2022-11-15,3788.93,3871.64,3775.5,3865.97,151515650.0,
2022-11-16,3860.81,3877.68,3829.31,3834.39,120610964.0,
2022-11-17,3821.27,3821.74,3776.57,3818.66,105940632.0,
2022-11-18,3823.82,3840.3,3801.57,3801.57,115078777.0,
2022-11-21,3769.63,3769.87,3734.0,3769.13,95866966.0,
2022-11-22,3766.08,3809.86,3751.04,3769.57,144486334.0,
2022-11-23,3760.22,3791.18,3753.21,3773.53,144527911.0,
2022-11-24,3791.54,3804.9,3751.38,3756.81,101073447.0,
2022-11-25,3751.28,3790.57,3743.41,3775.78,142929711.0,
2022-11-28,3701.9,3736.08,3672.13,3733.24,127825748.0,
2022-11-29,3766.57,3854.77,3766.57,3848.42,178701392.0,
2022-11-30,3836.56,3867.66,3833.83,3853.04,157511400.0,
2022-12-01,3921.3,3944.56,3893.87,3894.77,169964585.0,
2022-12-02,3886.4,3898.11,3865.88,3870.95,116786350.0,
2022-12-05,3907.64,3947.48,3900.67,3946.88,201747221.0,
2022-12-06,3929.01,3988.9,3923.0,3968.2,155108323.0,
2022-12-07,3956.67,3999.59,3944.18,3958.44,143001356.0,
2022-12-08,3953.2,3971.49,3941.3,3959.18,115199986.0,
2022-12-09,3961.99,4003.32,3944.44,3998.24,153774954.0,
2022-12-12,3976.17,3983.43,3950.32,3953.44,125935368.0,
2022-12-13,3953.55,3964.4,3939.98,3945.68,100994100.0,
2022-12-14,3952.79,3972.74,3935.77,3954.89,98528006.0,
2022-12-15,3954.67,3963.5,3926.5,3951.99,88864725.0,
2022-12-16,3931.23,3960.47,3929.49,3954.23,93178567.0,
2022-12-19,3952.77,3966.57,3878.44,3893.22,106919075.0,
2022-12-20,3881.23,3881.27,3811.48,3829.02,83096822.0,
2022-12-21,3839.0,3853.73,3821.4,3830.54,64839215.0,
2022-12-22,3859.2,3882.13,3821.34,3836.03,83705173.0,
2022-12-23,3811.62,3848.34,3805.95,3828.22,65278148.0,
2022-12-26,3830.57,3856.81,3827.52,3843.49,73005712.0,
2022-12-27,3860.91,3891.85,3856.58,3887.85,77515350.0,
2022-12-28,3874.91,3884.72,3854.94,3871.26,84424656.0,
2022-12-29,3854.24,3868.29,3838.48,3856.7,79394815.0,
2022-12-30,3873.94,3887.55,3868.76,3871.63,78773272.0,
2023-01-03,3864.84,3893.99,3831.25,3887.9,115051875.0,
2023-01-04,3886.25,3905.9,3873.65,3892.95,110660743.0,
2023-01-05,3913.49,3974.88,3912.26,3968.58,116502395.0,
2023-01-06,3969.55,4000.41,3966.47,3980.89,110953038.0,
2023-01-09,3998.53,4023.09,3990.71,4013.12,117054425.0,
2023-01-10,4014.71,4030.46,4002.23,4017.47,101751141.0,
2023-01-11,4019.88,4043.4,4008.02,4010.03,99997889.0,
2023-01-12,4021.75,4030.29,4003.51,4017.87,90552627.0,
2023-01-13,4032.29,4074.38,4027.89,4074.38,95871896.0,
2023-01-16,4077.88,4177.1,4076.64,4137.96,151395455.0,
2023-01-17,4138.84,4148.58,4118.16,4137.24,95479040.0,
2023-01-18,4140.1,4151.46,4125.77,4130.31,84200645.0,
2023-01-19,4125.58,4156.01,4105.98,4156.01,94608398.0,
2023-01-20,4166.84,4189.83,4161.67,4181.53,123553809.0,
2023-01-30,4267.62,4268.15,4197.86,4201.35,164607064.0,
2023-01-31,4200.58,4212.73,4153.05,4156.86,124550835.0,
2023-02-01,4170.13,4195.93,4137.77,4195.93,141008954.0,
2023-02-02,4207.41,4207.41,4170.56,4181.15,133823736.0,
2023-02-03,4162.03,4162.03,4103.17,4141.63,117041221.0,
2023-02-06,4103.83,4105.94,4065.22,4086.88,110192717.0,
2023-02-07,4098.31,4107.34,4077.96,4094.23,91360072.0,
2023-02-08,4099.86,4111.47,4072.65,4076.14,84786099.0,
2023-02-09,4067.56,4130.86,4064.75,4130.86,102289961.0,
2023-02-10,4124.1,4125.29,4092.35,4106.31,96716733.0,
2023-02-13,4098.88,4146.45,4092.27,4143.57,128892577.0,
2023-02-14,4151.25,4152.05,4125.26,4145.29,102499890.0,
2023-02-15,4146.85,4153.72,4115.97,4123.69,121664508.0,
2023-02-16,4125.41,4167.9,4068.86,4093.49,159310585.0,
2023-02-17,4086.22,4104.64,4032.93,4034.51,116142589.0,
2023-02-20,4039.96,4134.86,4035.48,4133.49,161794481.0,
2023-02-21,4130.06,4151.8,4116.27,4144.35,145776173.0,
2023-02-22,4118.97,4134.88,4101.86,4106.95,104290295.0,
2023-02-23,4106.21,4132.39,4088.21,4103.65,103564906.0,
2023-02-24,4100.99,4102.61,4048.24,4061.05,100989425.0,
2023-02-27,4040.46,4067.03,4034.52,4043.84,93787630.0,
2023-02-28,4058.13,4074.26,4026.45,4069.46,110323591.0,
2023-03-01,4068.73,4135.48,4061.22,4126.94,156015794.0,
2023-03-02,4119.99,4137.25,4113.83,4117.74,148217637.0,
2023-03-03,4126.02,4135.21,4100.38,4130.55,160331741.0,
2023-03-06,4131.15,4132.84,4088.45,4109.01,162971807.0,
2023-03-07,4103.64,4124.96,4046.57,4048.85,195912068.0,
2023-03-08,4030.74,4037.29,4011.52,4034.11,117936493.0,
2023-03-09,4035.84,4043.85,4000.89,4019.85,116539629.0,
2023-03-10,3991.8,4004.36,3966.43,3967.14,123855409.0,
2023-03-13,3962.64,4008.69,3962.64,4008.69,143561370.0,
2023-03-14,3999.88,4001.94,3946.94,3984.7,150544174.0,
2023-03-15,4011.84,4018.75,3986.9,3986.9,142026007.0,
2023-03-16,3958.2,3981.32,3936.48,3939.15,152515644.0,
2023-03-17,3971.16,4004.22,3945.25,3958.82,177433818.0,
2023-03-20,3962.66,3979.55,3935.02,3939.08,205264970.0,
2023-03-21,3948.16,3982.7,3948.16,3982.38,145090679.0,
2023-03-22,3993.78,4016.45,3986.71,3999.44,149228970.0,
2023-03-23,3985.99,4039.09,3984.0,4039.09,158887421.0,
2023-03-24,4035.16,4037.84,4017.0,4027.05,159442330.0,
2023-03-27,4023.3,4023.3,3987.03,4012.48,168482279.0,
2023-03-28,4015.7,4023.78,3994.6,3999.51,131895117.0,
2023-03-29,4013.59,4017.76,3992.67,4006.14,133743510.0,
2023-03-30,4009.56,4040.5,3983.9,4038.53,149901037.0,
2023-03-31,4045.45,4063.57,4039.96,4050.93,138842546.0,
2023-04-03,4059.62,4094.94,4059.06,4090.57,182124313.0,
2023-04-04,4089.29,4103.16,4080.07,4103.11,197146631.0,
2023-04-06,4084.13,4098.83,4078.4,4096.64,150703374.0,
2023-04-07,4096.9,4131.31,4092.18,4123.28,128676738.0,
2023-04-10,4132.01,4132.3,4099.05,4104.81,152453002.0,
2023-04-11,4108.51,4116.12,4083.49,4100.15,153901333.0,
2023-04-12,4102.4,4108.25,4090.28,4097.29,165965278.0,
2023-04-13,4081.39,4088.88,4059.57,4068.98,156444295.0,
2023-04-14,4078.97,4098.22,4075.2,4092.0,150695682.0,
2023-04-17,4090.07,4149.38,4089.51,4149.38,188773095.0,
2023-04-18,4139.31,4169.67,4138.46,4162.03,170184130.0,
2023-04-19,4159.39,4159.39,4118.63,4124.56,162554592.0,
2023-04-20,4122.95,4125.82,4094.0,4113.02,162706677.0,
2023-04-21,4114.26,4114.26,4031.91,4032.57,180802435.0,
2023-04-24,4031.3,4033.64,3967.91,3982.64,170099217.0,
2023-04-25,3985.11,3991.69,3925.44,3962.67,172555409.0,
2023-04-26,3950.26,3975.66,3934.66,3959.23,162702006.0,
2023-04-27,3948.03,3999.13,3942.82,3988.42,153828195.0,
2023-04-28,3993.26,4030.45,3993.26,4029.09,179508488.0,
2023-05-04,4013.47,4035.78,4001.13,4030.25,227582846.0,
2023-05-05,4031.09,4047.6,3998.39,4016.88,206626924.0,
2023-05-08,4028.11,4070.77,4018.96,4062.66,255583085.0,
2023-05-09,4065.44,4092.85,4026.39,4027.88,279306048.0,
2023-05-10,4017.94,4019.06,3984.63,3996.87,207552709.0,
2023-05-11,4005.78,4018.06,3988.48,3990.66,144804619.0,
2023-05-12,3987.77,3999.38,3937.53,3937.76,144421728.0,
2023-05-15,3938.83,3998.89,3923.03,3998.89,176257362.0,
2023-05-16,4002.52,4005.02,3966.99,3978.21,136833271.0,
2023-05-17,3971.7,3982.6,3945.71,3960.17,118448185.0,
2023-05-18,3965.52,3982.72,3939.55,3956.07,136533947.0,
2023-05-19,3946.22,3967.28,3928.32,3944.54,120212479.0,
2023-05-22,3941.0,3985.4,3935.8,3969.33,109116605.0,
2023-05-23,3968.23,3971.94,3913.19,3913.19,118685077.0,
2023-05-24,3903.78,3903.78,3859.09,3859.09,137258265.0,
2023-05-25,3851.41,3861.38,3817.84,3850.5,124150770.0,
2023-05-26,3848.42,3859.63,3815.57,3850.95,100326439.0,
2023-05-29,3862.08,3866.72,3819.18,3833.94,131859967.0,
2023-05-30,3827.79,3844.01,3789.27,3837.75,137619629.0,
2023-05-31,3827.16,3827.16,3781.4,3798.54,126387368.0,
2023-06-01,3788.59,3832.21,3786.73,3806.87,134561881.0,
2023-06-02,3821.62,3865.28,3821.62,3861.83,125015110.0,
2023-06-05,3860.56,3860.56,3832.46,3844.25,116163989.0,
2023-06-06,3840.46,3867.85,3802.84,3808.16,125781258.0,
2023-06-07,3815.48,3823.11,3780.1,3789.34,98862432.0,
2023-06-08,3791.08,3834.39,3777.78,3820.19,118700934.0,
2023-06-09,3822.41,3836.7,3811.22,3836.7,134319863.0,
2023-06-12,3827.33,3859.72,3813.86,3844.43,126758543.0,
2023-06-13,3838.13,3867.3,3833.46,3864.91,110924946.0,
2023-06-14,3872.72,3891.67,3862.06,3864.02,124955759.0,
2023-06-15,3871.77,3925.5,3871.77,3925.5,128369938.0,
2023-06-16,3932.21,3968.01,3928.54,3963.35,139760076.0,
2023-06-19,3957.03,3957.03,3922.47,3930.91,134905848.0,
2023-06-20,3926.09,3937.49,3918.47,3924.24,122520318.0,
2023-06-21,3909.1,3920.13,3864.03,3864.03,118346575.0,
2023-06-26,3833.44,3841.29,3801.05,3809.7,133990419.0,
2023-06-27,3811.69,3851.9,3806.32,3845.43,116992681.0,
2023-06-28,3836.61,3846.85,3808.16,3840.8,107021541.0,
2023-06-29,3836.73,3840.71,3817.38,3821.84,98289274.0,
2023-06-30,3816.33,3860.03,3813.55,3842.45,101268429.0,
2023-07-03,3853.29,3897.33,3853.29,3892.88,133158051.0,
2023-07-04,3888.03,3899.98,3878.4,3899.01,109494527.0,
2023-07-05,3895.19,3899.52,3864.13,3868.81,97636384.0,
2023-07-06,3857.03,3876.89,3836.46,3842.75,100121842.0,
2023-07-07,3831.6,3844.84,3819.08,3825.7,100906920.0,
2023-07-10,3841.56,3865.46,3831.92,3844.33,92033441.0,
2023-07-11,3853.8,3870.65,3844.52,3869.49,86510716.0,
2023-07-12,3864.6,3874.04,3838.56,3843.44,111522024.0,
2023-07-13,3855.66,3901.1,3855.66,3898.42,120300232.0,
2023-07-14,3904.6,3908.49,3893.79,3899.1,122364846.0,
2023-07-17,3881.62,3881.62,3852.26,3867.17,98340144.0,
2023-07-18,3871.04,3871.04,3844.51,3854.94,91438615.0,
2023-07-19,3848.48,3860.01,3830.41,3850.87,79585700.0,
2023-07-20,3857.77,3875.62,3818.71,3823.69,92042076.0,
2023-07-21,3816.98,3849.51,3808.8,3821.91,79507563.0,
2023-07-24,3803.35,3828.79,3798.8,3805.22,75483545.0,
2023-07-25,3866.64,3915.81,3866.64,3915.12,163066320.0,
2023-07-26,3908.17,3912.98,3893.4,3907.01,107881717.0,
2023-07-27,3914.23,3935.36,3894.69,3902.35,110667109.0,
2023-07-28,3889.79,4000.92,3886.55,3992.74,179735481.0,
2023-07-31,4018.89,4064.36,4002.08,4014.63,199606830.0,
2023-08-01,4009.18,4031.7,3983.03,3998.0,142286859.0,
2023-08-02,3985.7,4008.33,3958.51,3969.9,125855690.0,
2023-08-03,3962.13,4005.0,3962.13,4004.98,129006640.0,
2023-08-04,4033.72,4058.24,4011.62,4020.58,178267189.0,
2023-08-07,4002.97,4002.97,3977.02,3990.15,121310662.0,
2023-08-08,3980.04,4002.29,3963.46,3979.73,109871699.0,
2023-08-09,3967.36,3982.11,3961.84,3967.57,94640269.0,
2023-08-10,3962.86,3976.46,3945.39,3975.72,97176849.0,
2023-08-11,3977.98,3977.98,3884.25,3884.25,126082931.0,
2023-08-14,3840.89,3859.47,3814.07,3855.91,115966336.0,
2023-08-15,3858.37,3865.28,3811.68,3846.54,103097111.0,
2023-08-16,3830.83,3852.42,3817.63,3818.33,94616946.0,
2023-08-17,3801.2,3836.15,3782.5,3831.1,98415493.0,
2023-08-18,3832.46,3844.2,3784.0,3784.0,95549638.0,
2023-08-21,3773.23,3782.11,3729.56,3729.56,98708369.0,
2023-08-22,3748.07,3770.06,3704.68,3758.23,120318327.0,
2023-08-23,3751.77,3756.17,3695.03,3696.63,97081638.0,
2023-08-24,3711.54,3748.86,3701.57,3723.43,119614521.0,
2023-08-25,3703.51,3734.22,3695.84,3709.15,105182610.0,
2023-08-28,3911.55,3911.55,3740.53,3752.62,197990379.0,
2023-08-29,3743.05,3810.38,3742.08,3790.11,152486146.0,
2023-08-30,3803.12,3813.7,3780.24,3788.51,129671661.0,
2023-08-31,3786.93,3794.0,3762.0,3765.27,118961646.0,
2023-09-01,3778.91,3808.53,3778.91,3791.49,105319045.0,
2023-09-04,3812.99,3854.26,3804.59,3848.95,142385201.0,
2023-09-05,3839.58,3839.58,3814.33,3820.32,104052333.0,
2023-09-06,3808.1,3817.52,3790.89,3812.03,93442393.0,
2023-09-07,3802.23,3802.23,3756.85,3758.47,95103903.0,
2023-09-08,3747.65,3753.26,3724.99,3739.99,71638166.0,
2023-09-11,3740.58,3788.32,3734.72,3767.54,105358016.0,
2023-09-12,3764.33,3775.09,3755.42,3760.6,79385378.0,
2023-09-13,3759.61,3768.82,3719.11,3736.65,81576901.0,
2023-09-14,3736.94,3748.82,3717.31,3733.51,100386075.0,
2023-09-15,3740.79,3749.02,3699.38,3708.78,109395689.0,
2023-09-18,3698.93,3737.53,3691.11,3727.71,86727741.0,
2023-09-19,3723.42,3724.07,3702.69,3720.5,83199038.0,
2023-09-20,3715.96,3718.52,3705.13,3705.69,75448209.0,
2023-09-21,3698.31,3708.46,3672.44,3672.44,83031005.0,
2023-09-22,3672.64,3740.42,3664.77,3738.93,110231166.0,
2023-09-25,3738.06,3738.06,3711.2,3714.6,92596479.0,
2023-09-26,3711.71,3723.85,3692.62,3692.89,78044525.0,
2023-09-27,3694.96,3731.14,3694.39,3700.5,91629210.0,
2023-09-28,3711.21,3716.06,3685.3,3689.52,85221719.0,
2023-10-09,3678.93,3694.17,3642.0,3684.73,102148058.0,
2023-10-10,3696.25,3701.26,3655.59,3657.13,99163730.0,
2023-10-11,3674.75,3689.53,3658.36,3667.55,102091587.0,
2023-10-12,3697.93,3711.5,3682.84,3702.38,114363225.0,
2023-10-13,3677.96,3678.19,3652.31,3663.41,98287987.0,
2023-10-16,3664.04,3664.04,3615.77,3626.6,91853118.0,
2023-10-17,3635.3,3645.57,3619.13,3639.4,90745188.0,
2023-10-18,3631.07,3632.06,3608.98,3610.58,94545879.0,
2023-10-19,3588.52,3588.52,3532.31,3533.54,111737520.0,
2023-10-20,3518.35,3535.66,3501.73,3510.59,98518605.0,
2023-10-23,3500.2,3505.35,3450.65,3474.24,96561652.0,
2023-10-24,3481.76,3495.0,3453.1,3487.13,115547289.0,
2023-10-25,3524.3,3531.83,3500.92,3504.46,128009617.0,
2023-10-26,3484.78,3515.57,3478.05,3514.14,105143566.0,
2023-10-27,3501.17,3576.59,3494.55,3562.39,120225108.0,
2023-10-30,3554.11,3592.72,3554.02,3583.77,144010426.0,
2023-10-31,3581.68,3581.68,3554.58,3572.51,112587267.0,
2023-11-01,3605.76,3606.41,3564.64,3571.03,97645538.0,
2023-11-02,3580.07,3597.17,3553.74,3554.19,90359643.0,
2023-11-03,3558.53,3596.1,3558.53,3584.14,97542101.0,
2023-11-06,3608.32,3635.79,3600.63,3632.61,152982463.0,
2023-11-07,3623.78,3628.46,3606.3,3619.76,110288591.0,
2023-11-08,3610.64,3627.05,3591.82,3611.07,110594230.0,
2023-11-09,3603.11,3624.41,3601.37,3612.83,111872057.0,
2023-11-10,3596.07,3599.45,3576.1,3586.49,102107034.0,
2023-11-13,3593.91,3599.39,3562.77,3579.41,96707649.0,
2023-11-14,3581.1,3600.15,3568.88,3582.06,100884158.0,
2023-11-15,3616.88,3620.6,3596.92,3607.25,104929218.0,
2023-11-16,3600.98,3605.29,3572.36,3572.36,87464780.0,
2023-11-17,3561.31,3573.68,3547.03,3568.07,87319207.0,
2023-11-20,3569.73,3586.97,3545.1,3576.32,91080445.0,
2023-11-21,3587.88,3615.06,3575.68,3581.07,108594314.0,
2023-11-22,3569.44,3574.38,3544.42,3544.42,84784381.0,
2023-11-23,3541.44,3562.07,3529.94,3561.52,84800167.0,
2023-11-24,3560.65,3560.65,3534.0,3538.01,85018403.0,
2023-11-27,3534.44,3534.44,3492.86,3511.94,99102314.0,
2023-11-28,3510.66,3521.05,3501.11,3518.52,89335789.0,
2023-11-29,3518.88,3519.2,3482.24,3488.31,98841412.0,
2023-11-30,3485.52,3505.13,3481.45,3496.2,101350820.0,
2023-12-01,3494.22,3494.22,3452.17,3482.88,108530941.0,
2023-12-04,3481.04,3488.13,3459.61,3460.14,97156826.0,
2023-12-05,3450.09,3450.09,3393.81,3394.26,100472007.0,
2023-12-06,3387.88,3420.28,3382.95,3399.6,105805519.0,
2023-12-07,3394.31,3404.41,3369.77,3391.28,97713248.0,
2023-12-08,3391.86,3409.38,3383.45,3399.46,129522054.0,
2023-12-11,3378.05,3426.61,3346.89,3419.45,139626249.0,
2023-12-12,3410.0,3427.55,3406.1,3426.8,105590013.0,
2023-12-13,3418.64,3418.64,3369.61,3369.61,95285367.0,
2023-12-14,3387.38,3399.14,3350.76,3351.96,83655135.0,
2023-12-15,3365.94,3388.5,3339.52,3341.55,97787783.0,
2023-12-18,3329.19,3352.35,3314.91,3329.37,90526826.0,
2023-12-19,3325.66,3345.78,3313.19,3334.04,83808118.0,
2023-12-20,3334.33,3338.54,3297.37,3297.5,92412868.0,
2023-12-21,3285.6,3339.36,3283.99,3330.87,102546198.0,
2023-12-22,3329.47,3359.06,3315.9,3337.23,105220133.0,
2023-12-25,3330.33,3348.88,3330.33,3347.45,74542693.0,
2023-12-26,3345.4,3345.42,3315.94,3324.79,74732935.0,
2023-12-27,3326.93,3341.27,3309.67,3336.36,94403928.0,
2023-12-28,3335.56,3423.4,3331.21,3414.54,148064851.0,
2023-12-29,3411.11,3432.54,3409.58,3431.11,114928932.0,
2024-01-02,3426.27,3426.27,3386.35,3386.35,116180726.0,
2024-01-03,3379.75,3392.85,3362.66,3378.3,105613851.0,
2024-01-04,3375.02,3375.02,3323.86,3347.05,106721013.0,
2024-01-05,3341.31,3372.54,3313.55,3329.11,126400574.0,
2024-01-08,3322.61,3333.52,3283.34,3286.06,117429485.0,
2024-01-09,3286.71,3304.6,3273.84,3292.5,109330465.0,
2024-01-10,3281.67,3312.92,3268.25,3277.13,94199366.0,
2024-01-11,3275.31,3311.11,3266.79,3295.67,108789735.0,
2024-01-12,3284.36,3310.47,3279.7,3284.17,96853555.0,
2024-01-15,3270.1,3306.92,3261.27,3280.92,88851530.0,
2024-01-16,3272.57,3300.88,3260.44,3300.88,113276665.0,
2024-01-17,3291.14,3291.14,3229.08,3229.08,108769728.0,
2024-01-18,3214.28,3279.25,3171.63,3274.73,174909168.0,
2024-01-19,3261.24,3286.94,3251.81,3269.78,118501408.0,
2024-01-22,3262.47,3281.42,3193.18,3218.9,148705628.0,
2024-01-23,3208.43,3249.53,3188.13,3231.93,122012000.0,
2024-01-24,3245.96,3281.49,3190.47,3277.11,154371954.0,
2024-01-25,3274.34,3344.24,3269.79,3342.92,196833614.0,
2024-01-26,3326.65,3351.97,3315.13,3333.82,180664005.0,
2024-01-29,3335.39,3351.37,3303.96,3303.96,184164795.0,
2024-01-30,3283.9,3300.2,3244.97,3245.04,143649350.0,
2024-01-31,3231.54,3252.15,3201.93,3215.35,153143469.0,
2024-02-01,3202.26,3251.76,3191.9,3217.71,145516792.0,
2024-02-02,3219.87,3235.41,3108.35,3179.63,173758089.0,
2024-02-05,3164.25,3233.85,3111.52,3200.42,203042970.0,
2024-02-06,3185.25,3314.51,3182.82,3311.69,202713099.0,
2024-02-07,3314.03,3343.63,3289.67,3343.63,216647933.0,
2024-02-08,3351.41,3367.21,3336.98,3364.93,189977578.0,
2024-02-19,3393.19,3403.81,3364.14,3403.81,183319800.0,
2024-02-20,3395.19,3415.89,3380.1,3410.85,140734581.0,
2024-02-21,3390.36,3500.13,3383.69,3456.87,188879362.0,
2024-02-22,3450.35,3486.68,3448.41,3486.67,141020784.0,
2024-02-23,3491.34,3507.56,3472.97,3489.74,144821273.0,
2024-02-26,3485.54,3492.61,3445.39,3453.36,151248331.0,
2024-02-27,3440.05,3494.79,3437.44,3494.79,139528246.0,
2024-02-28,3499.83,3521.66,3450.26,3450.26,189837548.0,
2024-02-29,3437.9,3516.08,3437.9,3516.08,155944532.0,
2024-03-01,3515.06,3544.36,3503.46,3537.8,162709570.0,
2024-03-04,3538.37,3548.69,3519.76,3540.87,163244613.0,
2024-03-05,3524.96,3570.69,3519.08,3565.51,166422389.0,
2024-03-06,3556.53,3577.39,3545.1,3551.05,143076613.0,
2024-03-07,3548.1,3569.92,3522.9,3529.72,148110510.0,
2024-03-08,3529.55,3548.51,3511.58,3544.91,125792664.0,
2024-03-11,3545.94,3589.26,3542.28,3589.26,148202825.0,
2024-03-12,3592.58,3605.7,3574.21,3597.49,180685560.0,
2024-03-13,3594.42,3594.42,3563.37,3572.36,144590590.0,
2024-03-14,3571.79,3597.46,3545.61,3562.22,140962722.0,
2024-03-15,3554.91,3572.81,3533.68,3569.99,138316044.0,
2024-03-18,3577.06,3604.05,3573.4,3603.53,160379438.0,
2024-03-19,3593.34,3610.74,3577.19,3577.63,145571786.0,
2024-03-20,3568.72,3589.55,3568.43,3585.38,129528966.0,
2024-03-21,3593.07,3601.11,3575.03,3581.09,130743377.0,
2024-03-22,3571.27,3575.72,3522.84,3545.0,139227358.0,
2024-03-25,3536.71,3564.96,3525.76,3525.76,137015724.0,
2024-03-26,3526.68,3547.65,3518.6,3543.75,126209535.0,
2024-03-27,3538.72,3542.96,3502.79,3502.79,128626763.0,
2024-03-28,3498.48,3551.21,3489.39,3520.96,143334717.0,
2024-03-29,3516.88,3538.24,3516.88,3537.48,128643290.0,
2024-04-01,3551.58,3600.92,3551.58,3595.65,162776561.0,
2024-04-02,3593.22,3596.19,3568.75,3580.68,141272972.0,
2024-04-03,3578.68,3582.43,3558.87,3567.8,135592331.0,
2024-04-08,3553.56,3567.82,3535.77,3536.41,155304283.0,
2024-04-09,3533.38,3543.71,3518.86,3533.49,129670942.0,
2024-04-10,3528.97,3531.23,3490.05,3504.71,128790274.0,
2024-04-11,3485.03,3520.59,3484.93,3504.24,126534395.0,
2024-04-12,3505.75,3516.7,3470.06,3475.84,128921116.0,
2024-04-15,3473.5,3552.41,3473.5,3549.08,183941250.0,
2024-04-16,3533.36,3545.5,3503.62,3511.11,176153065.0,
2024-04-17,3509.13,3565.94,3498.03,3565.4,168466398.0,
2024-04-18,3550.56,3602.79,3547.6,3569.8,178574105.0,
2024-04-19,3550.61,3560.95,3529.32,3541.66,147281505.0,
2024-04-22,3536.18,3558.16,3528.02,3530.9,150579042.0,
2024-04-23,3525.67,3533.76,3499.98,3506.22,143113504.0,
2024-04-24,3514.01,3524.54,3495.65,3521.62,121739851.0,
2024-04-25,3510.64,3543.97,3505.2,3530.28,115187722.0,
2024-04-26,3531.96,3588.4,3531.96,3584.27,197216133.0,
2024-04-29,3584.54,3645.82,3578.76,3623.91,222721381.0,
2024-04-30,3619.26,3630.71,3604.39,3604.39,191296899.0,
2024-05-06,3654.05,3668.26,3645.74,3657.88,208018007.0,
2024-05-07,3657.0,3665.68,3648.38,3659.01,164834286.0,
2024-05-08,3650.75,3650.94,3628.7,3630.22,130035336.0,
2024-05-09,3630.41,3669.76,3630.41,3664.56,146559017.0,
2024-05-10,3669.09,3674.61,3641.76,3666.28,150720536.0,
2024-05-13,3646.35,3673.62,3634.6,3664.69,157267455.0,
2024-05-14,3668.23,3675.78,3646.71,3657.05,133406490.0,
2024-05-15,3651.05,3656.53,3624.0,3626.06,123522764.0,
2024-05-16,3636.6,3657.48,3626.33,3640.36,154630503.0,
2024-05-17,3638.56,3677.97,3627.45,3677.97,164570417.0,
2024-05-20,3682.06,3703.03,3677.44,3690.96,184609423.0,
2024-05-21,3682.29,3684.61,3665.15,3676.16,130678283.0,
2024-05-22,3675.65,3691.88,3667.09,3684.45,151914605.0,
2024-05-23,3672.84,3674.37,3633.51,3641.79,142572990.0,
2024-05-24,3630.83,3650.87,3599.67,3601.48,124791177.0,
2024-05-27,3606.65,3638.15,3603.71,3635.71,131272644.0,
2024-05-28,3633.25,3638.97,3605.92,3609.17,123532238.0,
2024-05-29,3609.07,3633.2,3602.82,3613.52,115906321.0,
2024-05-30,3607.05,3624.04,3586.75,3594.31,122602995.0,
2024-05-31,3599.82,3614.64,3579.92,3579.92,112462019.0,
2024-06-03,3577.38,3600.6,3567.87,3588.75,141054591.0,
2024-06-04,3583.81,3622.5,3580.28,3615.67,124545096.0,
2024-06-05,3610.36,3623.32,3594.11,3594.79,110906766.0,
2024-06-06,3602.16,3625.01,3584.17,3592.25,137893517.0,
2024-06-07,3594.63,3603.07,3552.09,3574.11,131103026.0,
2024-06-11,3555.82,3565.31,3525.89,3542.88,134522306.0,
2024-06-12,3539.09,3551.17,3531.57,3544.12,122813729.0,
2024-06-13,3548.22,3551.08,3520.18,3526.13,123245462.0,
2024-06-14,3514.8,3547.15,3503.52,3541.53,171516942.0,
2024-06-17,3521.44,3540.79,3520.74,3536.2,137433438.0,
2024-06-18,3533.49,3551.71,3532.78,3545.59,123671838.0,
2024-06-19,3543.36,3543.36,3524.84,3528.75,106642797.0,
2024-06-20,3525.17,3533.99,3500.13,3503.28,111617396.0,
2024-06-21,3496.34,3505.51,3473.83,3495.62,109186615.0,
2024-06-24,3473.64,3505.78,3471.22,3476.81,117990184.0,
2024-06-25,3475.16,3483.22,3440.65,3457.9,118448118.0,
2024-06-26,3451.54,3487.4,3442.3,3480.26,105898861.0,
2024-06-27,3467.29,3471.14,3452.58,3454.12,114918101.0,
2024-06-28,3443.67,3484.68,3443.67,3461.66,135409153.0,
2024-07-01,3458.26,3479.95,3443.81,3478.18,121829770.0,
2024-07-02,3472.45,3488.32,3464.52,3471.79,121650121.0,
2024-07-03,3471.56,3478.7,3454.99,3463.41,103857108.0,
2024-07-04,3468.3,3483.31,3444.93,3445.81,104429909.0,
2024-07-05,3443.36,3451.04,3399.67,3431.06,116609659.0,
2024-07-08,3420.8,3428.04,3395.91,3401.76,115528218.0,
2024-07-09,3396.8,3448.93,3384.81,3439.81,131629443.0,
2024-07-10,3425.88,3447.51,3423.65,3428.97,127203456.0,
2024-07-11,3451.04,3473.98,3438.12,3468.17,145892466.0,
2024-07-12,3459.96,3479.1,3457.36,3472.4,130874589.0,
2024-07-15,3462.61,3481.46,3460.79,3476.25,118517083.0,
2024-07-16,3466.85,3500.29,3464.37,3498.28,120659017.0,
2024-07-17,3494.21,3514.48,3486.22,3501.58,131802062.0,
2024-07-18,3483.3,3522.8,3475.72,3520.93,123768199.0,
2024-07-19,3500.81,3545.34,3493.07,3539.02,132447975.0,
2024-07-22,3538.4,3540.19,3494.01,3514.92,132126337.0,
2024-07-23,3509.79,3509.79,3439.88,3439.88,128897660.0,
2024-07-24,3432.35,3451.42,3408.41,3418.17,127036263.0,
2024-07-25,3404.61,3415.86,3383.8,3399.27,131022242.0,
2024-07-26,3403.71,3420.82,3388.66,3409.29,124195558.0,
2024-07-29,3404.37,3408.5,3388.84,3390.74,109787786.0,
2024-07-30,3380.69,3380.69,3352.8,3369.38,104952164.0,
2024-07-31,3364.03,3445.0,3364.03,3442.08,171959177.0,
2024-08-01,3443.14,3448.34,3419.19,3419.27,136323464.0,
2024-08-02,3393.92,3419.1,3380.96,3384.39,116615255.0,
2024-08-05,3362.11,3409.03,3343.32,3343.32,142812516.0,
2024-08-06,3367.35,3376.8,3318.63,3342.98,119340279.0,
2024-08-07,3338.59,3362.38,3329.97,3341.49,95084377.0,
2024-08-08,3332.43,3364.79,3320.84,3342.94,92495695.0,
2024-08-09,3358.13,3366.67,3331.63,3331.63,91511626.0,
2024-08-12,3327.56,3338.08,3319.89,3325.86,79938754.0,
2024-08-13,3328.01,3335.01,3310.19,3334.39,84489679.0,
2024-08-14,3332.79,3332.79,3309.1,3309.24,78742407.0,
2024-08-15,3301.45,3356.76,3297.97,3341.95,104766399.0,
2024-08-16,3342.03,3356.91,3335.62,3345.63,96519083.0,
2024-08-19,3344.26,3375.96,3343.71,3356.97,105571110.0,
2024-08-20,3361.64,3362.33,3321.64,3332.7,101668331.0,
2024-08-21,3322.91,3339.44,3307.99,3321.64,89954751.0,
2024-08-22,3322.87,3327.7,3305.25,3313.14,100366504.0,
2024-08-23,3305.93,3336.24,3305.64,3327.19,89525774.0,
2024-08-26,3330.72,3336.53,3311.57,3324.22,93990772.0,
2024-08-27,3315.69,3320.57,3299.56,3305.33,95808157.0,
2024-08-28,3298.91,3305.35,3274.59,3286.5,92696650.0,
2024-08-29,3273.54,3290.79,3269.53,3277.68,130702333.0,
2024-08-30,3273.75,3351.63,3273.65,3321.43,188695443.0,
2024-09-02,3307.54,3307.76,3264.76,3265.01,147612353.0,
2024-09-03,3261.74,3281.59,3261.19,3273.43,122897306.0,
2024-09-04,3253.9,3272.99,3249.98,3252.16,104832482.0,
2024-09-05,3252.96,3266.88,3247.17,3257.76,97109450.0,
2024-09-06,3261.15,3274.81,3231.07,3231.35,88400417.0,
2024-09-09,3214.8,3222.93,3180.93,3192.95,108673069.0,
2024-09-10,3193.46,3205.1,3171.79,3195.76,97290078.0,
2024-09-11,3187.05,3197.34,3174.03,3186.13,102482110.0,
2024-09-12,3189.43,3201.55,3171.88,3172.47,92868657.0,
2024-09-13,3174.03,3188.91,3159.25,3159.25,88336677.0,
2024-09-18,3158.82,3179.9,3145.79,3171.01,84722814.0,
2024-09-19,3178.4,3213.84,3149.79,3196.04,125439272.0,
2024-09-20,3192.43,3207.99,3173.22,3201.05,118064098.0,
2024-09-23,3200.87,3230.16,3198.02,3212.76,95344855.0,
2024-09-24,3244.65,3351.97,3222.49,3351.91,204072217.0,
2024-09-25,3403.7,3465.49,3393.44,3401.53,241564255.0,
2024-09-26,3399.32,3545.32,3391.68,3545.32,243134010.0,
2024-09-27,3617.92,3708.5,3596.58,3703.68,265487774.0,
2024-09-30,3846.65,4038.7,3796.5,4017.85,510217707.0,
2024-10-08,4450.37,4450.37,4094.35,4256.1,589867894.0,
2024-10-09,4168.84,4197.6,3942.51,3955.98,482269295.0,
2024-10-10,3979.61,4098.5,3912.77,3997.79,395053099.0,
2024-10-11,3969.76,3978.24,3847.12,3887.17,274096505.0,
2024-10-14,3915.22,3979.54,3868.78,3961.34,307578993.0,
2024-10-15,3942.53,3967.87,3855.99,3855.99,242486448.0,
2024-10-16,3806.14,3877.75,3805.09,3831.59,218866407.0,
2024-10-17,3853.84,3882.07,3787.75,3788.22,212313820.0,
2024-10-18,3780.31,3998.21,3765.16,3925.23,312958834.0,
2024-10-21,3946.9,3979.26,3896.17,3935.2,291185634.0,
2024-10-22,3923.74,3965.91,3917.52,3957.78,223433396.0,
2024-10-23,3955.32,4012.18,3939.1,3973.21,245873949.0,
2024-10-24,3950.9,3957.98,3914.09,3928.83,174724062.0,
2024-10-25,3931.32,3992.89,3921.94,3956.42,210694885.0,
2024-10-28,3953.11,3964.16,3917.2,3964.16,216160415.0,
2024-10-29,3970.01,3991.31,3921.58,3924.65,217293984.0,
2024-10-30,3904.16,3926.06,3864.31,3889.45,219436626.0,
2024-10-31,3888.42,3923.9,3859.11,3891.04,300636718.0,
2024-11-01,3882.46,3933.22,3879.96,3890.02,307986481.0,
2024-11-04,3897.71,3944.76,3891.21,3944.76,229239060.0,
2024-11-05,3937.62,4046.7,3925.41,4044.57,316862794.0,
2024-11-06,4051.29,4091.7,4002.5,4024.28,335807938.0,
2024-11-07,3987.27,4146.15,3984.67,4145.7,341436414.0,
2024-11-08,4192.08,4200.91,4094.16,4104.05,332350385.0,
2024-11-11,4066.93,4132.51,4048.04,4131.13,289594227.0,
2024-11-12,4133.35,4181.71,4060.79,4085.74,297778086.0,
2024-11-13,4059.59,4121.07,4059.59,4110.89,240484099.0,
2024-11-14,4101.22,4118.17,4034.94,4039.62,230152784.0,
2024-11-15,4025.65,4049.07,3968.83,3968.83,247399463.0,
2024-11-18,3982.1,4034.06,3931.19,3950.38,306777946.0,
2024-11-19,3954.6,3979.15,3896.75,3976.89,242946465.0,
2024-11-20,3966.12,4001.08,3958.34,3985.77,184599372.0,
2024-11-21,3979.46,3999.57,3966.07,3989.3,166125927.0,
2024-11-22,3984.24,3990.26,3865.7,3865.7,216285809.0,
2024-11-25,3875.61,3889.71,3812.32,3848.09,190702953.0,
2024-11-26,3836.26,3875.23,3833.28,3840.18,149892441.0,
2024-11-27,3829.34,3907.16,3817.91,3907.04,174136096.0,
2024-11-28,3904.25,3908.39,3866.01,3872.55,150117291.0,
2024-11-29,3869.89,3962.7,3869.89,3916.58,187656713.0,
2024-12-02,3909.7,3955.13,3902.17,3947.63,197289784.0,
2024-12-03,3946.7,3963.95,3922.84,3951.89,182496867.0,
2024-12-04,3948.13,3957.37,3917.75,3930.56,174626318.0,
2024-12-05,3916.56,3936.34,3910.08,3921.59,138534038.0,
2024-12-06,3923.9,3995.12,3923.9,3973.14,192057907.0,
2024-12-09,3970.66,3995.51,3948.42,3966.57,175959958.0,
2024-12-10,4094.05,4098.38,3988.97,3995.64,253463795.0,
2024-12-11,3988.02,4005.33,3977.35,3988.83,177252846.0,
2024-12-12,3987.15,4031.74,3981.35,4028.5,181621777.0,
2024-12-13,4000.99,4000.99,3931.74,3933.18,230353079.0,
2024-12-16,3930.78,3938.76,3901.65,3911.84,178511251.0,
2024-12-17,3908.13,3955.95,3908.13,3922.03,160939090.0,
2024-12-18,3934.54,3956.14,3933.97,3941.89,157738321.0,
2024-12-19,3911.89,3954.35,3899.75,3945.46,161081040.0,
2024-12-20,3937.47,3958.63,3923.26,3927.74,154986496.0,
2024-12-23,3928.15,3965.85,3928.15,3933.57,190067362.0,
2024-12-24,3934.94,3985.86,3934.73,3983.69,161494589.0,
2024-12-25,3987.96,4007.76,3969.48,3985.63,159390747.0,
2024-12-26,3981.73,3991.53,3965.55,3987.48,143425286.0,
2024-12-27,3987.02,4007.13,3970.94,3981.03,169268666.0,
2024-12-30,3976.7,4005.78,3976.7,3999.05,164612485.0,
2024-12-31,3995.87,4004.35,3934.91,3934.91,183928397.0,
2025-01-02,3931.82,3934.2,3796.34,3820.4,217898724.0,
2025-01-03,3825.24,3835.94,3767.67,3775.16,175342676.0,
2025-01-06,3775.99,3788.85,3743.07,3768.97,150946670.0,
2025-01-07,3760.87,3797.6,3749.06,3796.11,146455779.0,
2025-01-08,3781.26,3810.74,3731.19,3789.22,169166968.0,
2025-01-09,3780.73,3795.26,3768.68,3779.88,129794002.0,
2025-01-10,3778.89,3786.81,3732.48,3732.48,137523171.0,
2025-01-13,3704.44,3737.89,3704.11,3722.51,136446199.0,
2025-01-14,3728.56,3826.64,3718.88,3820.54,170664657.0,
2025-01-15,3810.04,3816.83,3790.17,3796.03,141475520.0,
2025-01-16,3812.19,3842.95,3776.29,3800.38,144505871.0,
2025-01-17,3788.37,3831.64,3780.21,3812.34,126621961.0,
2025-01-20,3835.3,3858.67,3821.98,3829.68,139581277.0,
2025-01-21,3850.36,3850.91,3817.12,3832.61,141218406.0,
2025-01-22,3823.94,3823.94,3783.14,3797.02,137255062.0,
2025-01-23,3829.05,3864.26,3801.85,3803.74,180569551.0,
2025-01-24,3793.85,3847.6,3793.48,3832.86,148971722.0,
2025-01-27,3836.96,3852.0,3817.08,3817.08,146670772.0,
2025-02-05,3844.7,3844.7,3785.16,3795.08,157168308.0,
2025-02-06,3789.61,3843.49,3788.32,3842.83,167288176.0,
2025-02-07,3844.06,3919.35,3833.87,3892.7,221857707.0,
2025-02-10,3898.1,3906.37,3878.83,3901.06,188903040.0,
2025-02-11,3905.16,3905.16,3872.91,3883.14,166574909.0,
2025-02-12,3875.96,3920.72,3867.35,3919.86,164228540.0,
2025-02-13,3913.9,3939.2,3904.98,3905.14,172485874.0,
2025-02-14,3900.83,3942.04,3900.83,3939.01,172976452.0,
2025-02-17,3954.41,3955.9,3921.7,3947.4,213588246.0,
2025-02-18,3942.58,3965.42,3901.87,3912.78,209425101.0,
2025-02-19,3906.22,3943.67,3904.15,3940.16,182829517.0,
2025-02-20,3934.65,3940.68,3916.18,3928.9,163895236.0,
2025-02-21,3938.05,3981.05,3927.79,3978.44,227400330.0,
2025-02-24,3972.48,3995.95,3949.23,3969.72,220810618.0,
2025-02-25,3933.64,3955.43,3915.65,3925.65,178108580.0,
2025-02-26,3931.84,3960.33,3925.37,3959.94,191062501.0,
2025-02-27,3961.06,3973.93,3933.46,3968.12,202887963.0,
2025-02-28,3950.19,3972.48,3886.4,3890.05,198104147.0,
2025-03-03,3899.7,3930.0,3872.59,3888.47,177623166.0,
2025-03-04,3865.99,3890.42,3855.73,3885.22,149850967.0,
2025-03-05,3887.8,3906.42,3877.02,3902.57,158652751.0,
2025-03-06,3923.38,3964.49,3917.08,3956.24,193960915.0,
2025-03-07,3944.91,3967.07,3935.05,3944.01,166732375.0,
2025-03-10,3945.58,3949.14,3905.13,3928.8,152765232.0,
2025-03-11,3890.43,3941.42,3889.43,3941.42,144754402.0,
2025-03-12,3946.86,3953.61,3921.47,3927.23,156732190.0,
2025-03-13,3925.74,3939.29,3897.38,3911.58,156536443.0,
2025-03-14,3919.62,4014.16,3919.62,4006.56,216139003.0,
2025-03-17,4020.64,4021.73,3992.26,3996.79,162202911.0,
2025-03-18,4011.78,4016.87,3995.96,4007.72,140208496.0,
2025-03-19,4004.83,4025.3,3989.51,4010.17,144419428.0,
2025-03-20,4011.06,4012.04,3969.93,3974.99,133754670.0,
2025-03-21,3966.51,3983.15,3904.77,3914.7,165905294.0,
2025-03-24,3916.11,3938.18,3907.2,3934.85,152234674.0,
2025-03-25,3937.9,3946.36,3921.53,3932.3,140475399.0,
2025-03-26,3930.21,3942.03,3916.86,3919.36,131164187.0,
2025-03-27,3911.38,3952.99,3903.65,3932.41,126793738.0,
2025-03-28,3930.78,3934.23,3907.38,3915.17,126356214.0,
2025-03-31,3905.98,3928.45,3872.4,3887.31,166798523.0,
2025-04-01,3892.78,3905.26,3882.4,3887.68,140380274.0,
2025-04-02,3884.42,3900.49,3877.16,3884.39,113043175.0,
2025-04-03,3843.42,3883.7,3843.42,3861.5,142599789.0,
2025-04-07,3675.2,3707.78,3514.12,3589.44,312578586.0,
2025-04-08,3597.99,3650.76,3583.87,3650.76,280197312.0,
2025-04-09,3606.1,3686.79,3587.34,3686.79,262305708.0,
2025-04-10,3749.13,3756.14,3708.82,3735.12,227252227.0,
2025-04-11,3730.31,3762.37,3708.46,3750.52,168759691.0,
2025-04-14,3772.04,3776.63,3754.03,3759.14,164462403.0,
2025-04-15,3756.48,3764.49,3737.85,3761.23,134006040.0,
2025-04-16,3757.88,3775.17,3721.6,3772.82,156359006.0,
2025-04-17,3755.09,3779.13,3749.5,3772.22,122371002.0,
2025-04-18,3760.04,3782.04,3754.41,3772.52,102948509.0,
2025-04-21,3768.14,3790.18,3763.14,3784.88,121355730.0,
2025-04-22,3780.11,3799.23,3778.08,3783.95,125688257.0,
2025-04-23,3803.43,3807.95,3780.52,3786.88,131986870.0,
2025-04-24,3787.46,3807.26,3775.21,3784.36,117164560.0,
2025-04-25,3792.08,3801.58,3780.78,3786.99,124591133.0,
2025-04-28,3786.39,3792.01,3772.8,3781.62,125145091.0,
2025-04-29,3776.0,3785.32,3768.03,3775.08,111514694.0,
2025-04-30,3775.83,3787.56,3768.76,3770.57,143681658.0,
2025-05-06,3794.38,3809.09,3782.78,3808.54,158520459.0,
2025-05-07,3861.58,3863.68,3814.99,3831.63,161172299.0,
2025-05-08,3820.55,3867.33,3816.26,3852.9,124959833.0,
2025-05-09,3848.62,3853.66,3836.53,3846.16,119389526.0,
2025-05-12,3866.53,3890.73,3859.03,3890.61,153332460.0,
2025-05-13,3915.59,3915.59,3890.69,3896.26,147320299.0,
2025-05-14,3894.84,3960.52,3890.65,3943.21,172033779.0,
2025-05-15,3934.03,3936.47,3904.91,3907.2,138081749.0,
2025-05-16,3898.67,3903.85,3874.86,3889.09,118405345.0,
2025-05-19,3882.57,3885.59,3866.57,3877.15,98643414.0,
2025-05-20,3883.1,3911.47,3881.74,3898.17,104885234.0,
2025-05-21,3899.44,3928.63,3899.44,3916.38,109791343.0,
2025-05-22,3912.6,3923.02,3903.09,3913.87,107597052.0,
2025-05-23,3910.37,3931.55,3882.27,3882.27,120277419.0,
2025-05-26,3875.79,3884.54,3849.04,3860.11,109601207.0,
2025-05-27,3857.63,3865.43,3834.85,3839.4,98572425.0,
2025-05-28,3843.07,3849.74,3833.96,3836.24,89031026.0,
2025-05-29,3838.01,3869.79,3831.46,3858.7,108471886.0,
2025-05-30,3850.49,3858.61,3829.25,3840.23,111672228.0,
2025-06-03,3833.46,3863.3,3832.72,3852.01,131403090.0,
2025-06-04,3855.49,3875.86,3855.49,3868.74,116803873.0,
2025-06-05,3872.64,3883.13,3861.27,3877.56,122878184.0,
2025-06-06,3878.1,3889.46,3869.39,3873.98,110987971.0,
2025-06-09,3877.8,3894.65,3871.99,3885.25,136306293.0,
2025-06-10,3887.55,3897.46,3850.47,3865.47,145563859.0,
2025-06-11,3870.67,3911.61,3870.67,3894.63,142414772.0,
2025-06-12,3885.52,3900.04,3870.38,3892.2,133998697.0,
2025-06-13,3881.49,3889.16,3853.82,3864.18,172539536.0,
2025-06-16,3853.62,3876.17,3853.62,3873.8,137341835.0,
2025-06-17,3875.18,3880.42,3860.41,3870.38,122342526.0,
2025-06-18,3871.65,3881.35,3854.66,3874.97,127528621.0,
2025-06-19,3870.05,3872.94,3834.95,3843.09,130280658.0,
2025-06-20,3839.78,3856.48,3839.78,3846.64,118151020.0,
2025-06-23,3831.17,3867.59,3827.08,3857.9,133800892.0,
2025-06-24,3862.39,3914.16,3862.39,3904.03,163656188.0,
2025-06-25,3907.07,3963.04,3902.18,3960.07,187213671.0,
2025-06-26,3953.16,3964.48,3945.26,3946.02,165316263.0,
2025-06-27,3949.79,3969.26,3918.2,3921.76,194557913.0,
2025-06-30,3920.31,3940.36,3911.6,3936.08,145170236.0,
2025-07-01,3935.91,3946.25,3924.72,3942.76,128959362.0,
2025-07-02,3943.32,3952.14,3929.7,3943.68,147063062.0,
2025-07-03,3949.4,3971.62,3945.14,3968.07,141004006.0,
2025-07-04,3967.46,4013.85,3958.38,3982.2,157197133.0,
2025-07-07,3977.29,3979.75,3956.57,3965.17,131135273.0,
2025-07-08,3965.43,4002.27,3965.43,3998.45,156402895.0,
2025-07-09,3997.5,4016.74,3987.43,3991.4,173293796.0,
2025-07-10,3993.42,4032.98,3992.52,4010.02,209778904.0,
2025-07-11,4011.47,4065.94,4010.11,4014.81,262052773.0,
2025-07-14,4021.21,4034.92,4017.67,4017.67,207917175.0,
2025-07-15,4023.99,4042.66,3994.26,4019.06,191042931.0,
2025-07-16,4019.39,4027.86,3993.92,4007.2,151027308.0,
2025-07-17,4005.07,4034.59,4005.07,4034.49,161249041.0,
2025-07-18,4039.87,4064.64,4039.32,4058.55,186211063.0,
2025-07-21,4069.77,4086.12,4063.44,4085.61,223268476.0,
2025-07-22,4087.34,4119.2,4068.34,4118.96,257596985.0,
2025-07-23,4129.15,4155.68,4113.91,4119.77,300506154.0,
2025-07-24,4116.83,4152.43,4111.88,4149.04,319632392.0,
2025-07-25,4145.32,4150.5,4117.8,4127.16,273594963.0,
2025-07-28,4128.2,4146.12,4112.97,4135.82,222759815.0,
2025-07-29,4132.68,4153.33,4117.58,4152.02,230807880.0,
2025-07-30,4148.94,4185.21,4127.43,4151.24,249853048.0,
2025-07-31,4141.56,4141.82,4063.67,4075.59,267087406.0,
2025-08-01,4069.93,4085.35,4040.46,4054.93,196221826.0,
2025-08-04,4037.94,4070.7,4037.94,4070.7,162275902.0,
2025-08-05,4080.39,4106.3,4075.58,4103.45,178851999.0,
2025-08-06,4100.43,4116.71,4098.35,4113.49,176676155.0,
2025-08-07,4120.28,4129.74,4094.82,4114.67,198641902.0,
2025-08-08,4109.27,4122.21,4097.42,4104.97,173171201.0,
2025-08-11,4110.29,4134.25,4103.6,4122.51,190443716.0,
2025-08-12,4123.58,4153.29,4121.22,4143.83,177287823.0,
2025-08-13,4150.5,4186.75,4147.2,4176.58,213934999.0,
2025-08-14,4179.97,4220.31,4165.94,4173.31,221103595.0,
2025-08-15,4162.42,4214.73,4157.5,4202.35,261327566.0,
2025-08-18,4218.25,4272.96,4203.42,4239.41,301479102.0,
2025-08-19,4241.77,4264.23,4215.21,4223.37,250818771.0,
2025-08-20,4208.4,4272.15,4190.56,4271.4,246481773.0,
2025-08-21,4284.37,4308.45,4273.65,4288.07,259030014.0,
2025-08-22,4287.36,4378.39,4287.36,4378.0,290434897.0,
2025-08-25,4416.29,4472.65,4404.78,4469.22,358090006.0,
2025-08-26,4453.35,4476.8,4435.53,4452.59,270621395.0,
2025-08-27,4458.84,4494.91,4386.13,4386.13,333133898.0,
2025-08-28,4378.04,4464.8,4364.17,4463.78,296834536.0,
2025-08-29,4455.8,4516.84,4452.36,4496.76,351938947.0,
2025-09-01,4516.88,4528.13,4487.53,4523.71,320366708.0,
2025-09-02,4521.98,4548.89,4454.42,4490.45,303932566.0,
2025-09-03,4501.34,4510.73,4427.52,4459.83,254320217.0,
2025-09-04,4461.25,4465.5,4327.51,4365.21,307934609.0,
2025-09-05,4365.61,4466.56,4350.3,4460.32,249625657.0,
2025-09-08,4467.17,4482.76,4438.07,4467.57,267638382.0,
2025-09-09,4448.74,4472.09,4412.69,4436.26,221375460.0,
2025-09-10,4438.3,4466.63,4414.59,4445.36,203597646.0,
2025-09-11,4438.84,4548.03,4427.92,4548.03,253264051.0,
2025-09-12,4544.59,4564.67,4517.79,4522.0,266442003.0,
2025-09-15,4534.89,4566.91,4522.5,4533.06,231885678.0,
2025-09-16,4539.92,4552.42,4494.79,4523.34,249269206.0,
2025-09-17,4517.29,4556.03,4503.8,4551.02,235716472.0,
2025-09-18,4546.03,4573.83,4454.99,4498.11,309859826.0,
2025-09-19,4499.09,4533.09,4491.84,4501.92,225044000.0,
2025-09-22,4512.03,4523.87,4487.13,4522.61,196459956.0,
2025-09-23,4536.76,4560.73,4459.73,4519.78,252827062.0,
2025-09-24,4495.27,4567.49,4494.11,4566.07,220482608.0,
2025-09-25,4563.98,4613.95,4558.84,4593.49,229823333.0,
2025-09-26,4576.91,4597.85,4550.05,4550.05,208482114.0,
2025-09-29,4555.03,4647.57,4541.43,4620.05,274358877.0,
2025-09-30,4629.9,4647.5,4616.22,4640.69,247980359.0,
2025-10-09,4662.11,4726.34,4651.99,4709.48,347678696.0,
2025-10-10,4679.5,4692.59,4600.96,4616.83,319020899.0,
2025-10-13,4490.87,4601.81,4490.87,4593.98,315010354.0,
2025-10-14,4634.05,4641.45,4520.93,4539.06,372954030.0,
2025-10-15,4544.24,4608.82,4526.83,4606.29,284771855.0,
2025-10-16,4588.92,4645.1,4586.28,4618.42,248235518.0,
2025-10-17,4610.7,4618.56,4509.33,4514.23,256905617.0,
2025-10-20,4558.24,4570.44,4520.5,4538.22,218420405.0,
2025-10-21,4556.12,4615.46,4547.93,4607.87,215711175.0,
2025-10-22,4576.03,4603.49,4567.24,4592.57,185333960.0,
2025-10-23,4578.7,4611.34,4541.69,4606.34,200463917.0,
2025-10-24,4622.79,4660.68,4622.79,4660.68,208814483.0,
2025-10-27,4699.38,4720.43,4687.69,4716.02,262200674.0,
2025-10-28,4697.73,4734.32,4679.23,4691.97,220906645.0,
2025-10-29,4701.04,4747.84,4697.27,4747.84,246211324.0,
2025-10-30,4735.98,4761.83,4706.45,4709.91,273289118.0,
2025-10-31,4702.49,4706.14,4640.67,4640.67,281464740.0,
2025-11-03,4636.73,4653.4,4595.73,4653.4,239869809.0,
2025-11-04,4649.35,4665.32,4595.07,4618.7,233224032.0,
2025-11-05,4562.11,4642.61,4558.76,4627.26,203045871.0,
2025-11-06,4642.01,4698.09,4642.01,4693.4,224241008.0,
2025-11-07,4673.76,4701.37,4666.04,4678.79,212497377.0,
2025-11-10,4688.12,4695.18,4654.21,4695.05,236026764.0,
2025-11-11,4706.34,4707.13,4648.49,4652.17,186638858.0,
2025-11-12,4643.56,4669.61,4620.99,4645.91,209460592.0,
2025-11-13,4643.79,4703.49,4643.79,4702.07,207367474.0,
2025-11-14,4663.32,4684.26,4628.02,4628.14,192092676.0,
2025-11-17,4616.81,4624.9,4580.26,4598.05,188955466.0,
2025-11-18,4584.79,4606.62,4552.8,4568.19,177713185.0,
2025-11-19,4568.04,4607.86,4568.04,4588.29,172924974.0,
2025-11-20,4619.54,4620.65,4560.18,4564.95,194562593.0,
2025-11-21,4513.39,4527.04,4453.18,4453.61,222851013.0,
2025-11-24,4473.16,4478.81,4421.81,4448.05,185833729.0,
2025-11-25,4475.84,4510.77,4467.35,4490.4,169571929.0,
2025-11-26,4490.2,4538.14,4485.7,4517.63,156200368.0,
2025-11-27,4520.01,4559.22,4509.86,4515.4,150311772.0,
2025-11-28,4511.5,4531.72,4492.43,4526.66,142902096.0,
2025-12-01,4539.19,4576.97,4531.29,4576.49,200382317.0,
2025-12-02,4571.91,4575.49,4539.43,4554.33,148493132.0,
2025-12-03,4554.59,4569.82,4523.5,4531.05,169762790.0,
2025-12-04,4533.6,4557.42,4514.19,4546.57,147198110.0,
2025-12-05,4547.91,4593.83,4535.02,4584.54,196799968.0,
2025-12-08,4593.14,4640.63,4592.74,4621.75,199620990.0,
2025-12-09,4611.38,4628.7,4584.25,4598.22,184160344.0,
2025-12-10,4586.25,4598.54,4549.08,4591.83,169111106.0,
2025-12-11,4597.19,4610.28,4547.14,4552.18,168419405.0,
2025-12-12,4558.74,4583.68,4530.78,4580.95,212826520.0,
2025-12-15,4550.0,4595.05,4548.44,4552.06,167589967.0,
2025-12-16,4542.42,4553.08,4484.27,4497.55,165165201.0,
2025-12-17,4499.77,4594.66,4498.93,4579.88,178424830.0,
2025-12-18,4553.98,4571.97,4544.14,4552.79,151681328.0,
2025-12-19,4561.37,4591.09,4546.85,4568.18,154876220.0,
2025-12-22,4587.67,4615.87,4587.67,4611.62,165252856.0,
2025-12-23,4616.03,4644.53,4607.8,4620.73,169256412.0,
2025-12-24,4623.68,4639.43,4602.14,4634.06,153711241.0,
2025-12-25,4629.32,4651.15,4621.92,4642.54,139434186.0,
2025-12-26,4639.79,4676.13,4635.11,4657.24,175396565.0,
2025-12-29,4658.27,4672.04,4629.06,4639.37,200397133.0,
2025-12-30,4617.32,4664.33,4616.63,4651.28,180374974.0,
2025-12-31,4656.48,4667.05,4622.1,4629.94,170760224.0,
2026-01-05,4661.62,4721.64,4661.62,4717.75,234144839.0,
2026-01-06,4719.21,4790.69,4718.01,4790.69,296970686.0,
2026-01-07,4796.93,4802.6,4751.07,4776.67,259095564.0,
2026-01-08,4761.01,4765.49,4717.01,4737.65,238804957.0,
2026-01-09,4725.96,4771.43,4719.13,4758.92,254688038.0,
2026-01-12,4769.65,4795.93,4737.57,4789.92,294833165.0,
2026-01-13,4798.05,4836.95,4745.52,4761.03,301449497.0,
2026-01-14,4767.7,4818.1,4720.25,4741.93,364951023.0,
2026-01-15,4721.8,4769.55,4720.94,4751.43,254003636.0,
2026-01-16,4778.43,4792.55,4715.36,4731.87,325278929.0,
2026-01-19,4720.19,4761.63,4715.09,4734.46,267612492.0,
2026-01-20,4736.91,4748.23,4684.97,4718.88,282719579.0,
2026-01-21,4714.55,4758.28,4714.24,4723.07,266353332.0,
2026-01-22,4741.75,4757.76,4700.45,4723.71,274199932.0,
2026-01-23,4729.59,4734.79,4684.62,4702.5,314635445.0,
2026-01-26,4715.38,4754.18,4693.16,4706.96,363004481.0,
2026-01-27,4705.17,4736.99,4675.64,4705.69,301475697.0,
2026-01-28,4725.6,4739.63,4697.91,4717.99,382255602.0,
2026-01-29,4733.09,4770.96,4696.05,4753.87,415513055.0,
2026-01-30,4723.08,4738.87,4645.47,4706.34,319786531.0,
2026-02-02,4674.28,4716.61,4601.76,4605.98,304773500.0,
2026-02-03,4648.36,4662.13,4578.21,4660.11,265549405.0,
2026-02-04,4647.97,4701.48,4641.84,4698.68,264881032.0,
2026-02-05,4664.75,4687.02,4639.43,4670.42,237856351.0,
2026-02-06,4622.97,4678.26,4606.64,4643.6,202716477.0,
2026-02-09,4693.67,4719.96,4679.9,4719.06,207251938.0,
2026-02-10,4718.26,4732.09,4713.87,4724.3,187000958.0,
2026-02-11,4715.67,4723.7,4703.69,4713.82,173391681.0,
2026-02-12,4720.01,4726.04,4707.74,4719.58,197841439.0,
2026-02-13,4693.41,4703.63,4658.4,4660.41,189167756.0,
2026-02-24,4727.3,4727.37,4698.35,4707.54,218488890.0,
2026-02-25,4713.58,4766.56,4713.34,4735.89,284268354.0,
2026-02-26,4741.39,4742.15,4706.69,4726.87,234847644.0,
2026-02-27,4698.3,4721.01,4692.89,4710.65,261420865.0,
2026-03-02,4681.01,4735.41,4667.28,4728.67,349260752.0,
2026-03-03,4737.32,4744.6,4651.4,4655.9,370624272.0,
2026-03-04,4609.19,4639.42,4575.82,4602.62,303035666.0,
2026-03-05,4651.94,4671.53,4630.3,4647.69,259317825.0,
2026-03-06,4621.49,4671.71,4612.79,4660.44,238527926.0,
2026-03-09,4600.25,4625.98,4548.97,4615.46,322787617.0,
2026-03-10,4648.79,4677.6,4648.79,4674.76,263903748.0,
2026-03-11,4681.03,4711.87,4674.71,4704.5,270175443.0,
2026-03-12,4700.72,4704.38,4654.31,4687.56,302986816.0,
2026-03-13,4669.06,4707.42,4659.5,4669.14,310772009.0,
2026-03-16,4669.22,4673.69,4621.81,4671.56,296215070.0,
2026-03-17,4685.57,4720.86,4637.37,4637.44,263021913.0,
2026-03-18,4648.75,4662.29,4604.52,4658.33,234690705.0,
2026-03-19,4611.44,4634.55,4570.39,4583.25,254130449.0,
2026-03-20,4602.82,4628.71,4563.07,4567.02,257873703.0,
2026-03-23,4499.1,4514.72,4397.57,4418.0,328081945.0,
2026-03-24,4458.91,4474.83,4394.29,4474.72,255532517.0,
2026-03-25,4506.62,4542.18,4502.03,4537.47,262639279.0,
2026-03-26,4525.33,4541.05,4468.96,4477.53,213736788.0,
2026-03-27,4431.5,4519.89,4431.42,4502.57,192400388.0,
2026-03-30,4461.74,4496.41,4447.14,4491.95,209293092.0,
2026-03-31,4491.92,4523.17,4450.05,4450.05,224541585.0,
2026-04-01,4517.27,4532.11,4492.05,4526.07,216483196.0,
2026-04-02,4514.44,4519.69,4459.61,4478.91,190992161.0,
2026-04-03,4492.85,4494.46,4437.6,4440.79,168321705.0,
2026-04-07,4445.86,4458.93,4420.69,4440.62,162638787.0,
2026-04-08,4517.34,4595.56,4513.77,4595.56,253339213.0,
2026-04-09,4562.67,4579.2,4552.42,4566.22,184939783.0,
2026-04-10,4594.95,4655.1,4590.11,4636.57,208678605.0,
2026-04-13,4615.13,4653.4,4615.13,4646.15,196712277.0,
2026-04-14,4676.12,4701.28,4654.85,4701.28,204700332.0,
2026-04-15,4726.64,4731.27,4672.56,4685.25,201688500.0,
2026-04-16,4694.43,4739.22,4689.41,4736.61,192057600.0,
2026-04-17,4729.0,4738.32,4714.47,4728.67,182915336.0,
2026-04-20,4727.17,4763.04,4720.69,4757.44,221633494.0,
2026-04-21,4750.51,4776.83,4722.01,4768.0,205614058.0,
2026-04-22,4751.28,4801.45,4750.35,4799.63,204481830.0,
2026-04-23,4816.03,4823.47,4759.86,4786.33,232865736.0,
2026-04-24,4771.73,4786.44,4735.61,4769.37,193798314.0,
2026-04-27,4776.34,4795.17,4762.64,4770.95,192796550.0,
2026-04-28,4757.08,4778.19,4743.44,4758.21,216724233.0,
2026-04-29,4737.58,4813.61,4737.11,4810.35,233298110.0,
2026-04-30,4820.97,4829.27,4797.54,4807.31,250633370.0,
2026-05-06,4857.65,4892.8,4834.28,4877.09,274443880.0,
2026-05-07,4895.8,4901.86,4866.87,4900.51,257833972.0,
2026-05-08,4871.12,4887.21,4849.99,4871.91,251720996.0,
2026-05-11,4902.28,4960.4,4889.57,4951.84,305734801.0,
2026-05-12,4965.02,4971.3,4926.79,4948.05,273812001.0,
2026-05-13,4919.42,5001.12,4919.42,4998.34,268454537.0,
2026-05-14,5027.64,5030.52,4913.6,4914.6,280695379.0,
2026-05-15,4911.62,4935.62,4832.69,4859.59,276967769.0,
2026-05-18,4836.33,4868.6,4806.15,4833.52,239077587.0,
2026-05-19,4818.71,4854.52,4773.53,4852.88,232280852.0,
2026-05-20,4829.61,4866.21,4825.64,4850.7,220023206.0,
2026-05-21,4886.24,4937.93,4780.71,4783.1,287342507.0,
2026-05-22,4818.84,4851.35,4785.35,4845.1,286940435.0,
2026-05-25,4873.2,4922.44,4857.13,4921.6,264743236.0,
2026-05-26,4900.12,4952.74,4892.68,4947.85,302799476.0,
2026-05-27,4940.95,4974.21,4891.34,4908.17,301709175.0,
2026-05-28,4889.27,4922.33,4843.23,4914.21,267432731.0,
2026-05-29,4937.51,4954.07,4878.79,4892.12,332518610.0,
2026-06-01,4897.9,4918.79,4836.69,4844.26,296134051.0,
2026-06-02,4860.61,4930.28,4832.0,4914.56,281731662.0,
2026-06-03,4921.34,4991.85,4904.9,4938.81,304035947.0,
2026-06-04,4897.32,4938.78,4889.75,4904.75,264808910.0,
2026-06-05,4886.96,4924.34,4798.91,4816.92,301929336.0,
2026-06-08,4703.77,4779.86,4677.57,4713.64,299647565.0,
2026-06-09,4743.45,4802.5,4715.39,4801.81,258391601.0,
2026-06-10,4753.12,4786.52,4718.99,4748.59,259297109.0,
2026-06-11,4730.07,4766.17,4685.5,4722.41,247177059.0,
2026-06-12,4784.64,4809.86,4757.56,4777.32,335922063.0,
2026-06-15,4829.29,4892.55,4803.18,4891.71,331316076.0,
2026-06-16,4894.88,4908.28,4866.06,4884.23,282584743.0,
2026-06-17,4859.7,4933.93,4859.7,4931.39,276053950.0,
2026-06-18,4916.04,4976.89,4916.04,4941.6,334459902.0,
2026-06-22,4949.35,5061.51,4928.46,5059.66,375100124.0,
2026-06-23,5048.03,5064.27,4892.09,4919.39,342719336.0,
2026-06-24,4900.38,4953.23,4892.27,4943.02,312249025.0,
2026-06-25,4950.98,5032.0,4944.88,5020.1,346664289.0,
2026-06-26,4981.83,4981.98,4845.19,4868.22,341179238.0,
2026-06-29,4866.04,4928.6,4827.15,4926.92,323216134.0,
2026-06-30,4914.49,4987.56,4914.49,4979.43,306150226.0,
2026-07-01,4972.69,5017.38,4925.63,4958.98,342934747.0,
2026-07-02,4865.17,4896.99,4800.48,4812.3,343243758.0,
2026-07-03,4809.5,4890.97,4809.5,4842.17,301067568.0,
2026-07-06,4868.54,4878.32,4789.8,4842.0,294050543.0,
2026-07-07,4813.87,4839.51,4756.73,4792.26,246305999.0,
2026-07-08,4804.48,4830.05,4751.4,4755.53,243928749.0,
2026-07-09,4774.4,4882.85,4734.87,4876.31,281627705.0,
2026-07-10,4887.54,4906.49,4780.75,4780.79,304130286.0,
2026-07-13,4745.44,4775.24,4670.25,4695.38,278634853.0,
2026-07-14,4691.12,4796.5,4649.04,4796.5,283250986.0,
2026-07-15,4797.94,4826.86,4772.04,4786.78,278692669.0,
2026-07-16,4711.53,4771.06,4673.35,4698.43,251560977.0,
2026-07-17,4661.62,4663.53,4492.09,4529.1,302629886.0,
2026-07-20,4575.67,4628.8,4521.18,4598.32,333116058.0,
2026-07-21,4630.85,4739.23,4566.28,4739.23,345403590.0,
2026-07-22,4710.66,4772.08,4692.83,4717.24,285556357.0,
2026-07-23,4735.17,4737.51,4698.87,4728.0,247331675.0,
2026-07-24,4685.41,4704.08,4642.94,4649.19,221261212.0,
2026-07-27,4656.03,4702.52,4615.53,4702.43,204786941.0,
2026-07-28,4623.8,4646.49,4552.23,4569.52,215705045.0,
2026-07-29,4582.09,4626.71,4516.32,4600.26,248082357.0,
2026-07-30,4566.05,4596.21,4478.21,4549.72,274651130.0,
2026-07-31,4623.85,4635.59,4588.2,4588.2,279243698.0,
2026-08-03,4561.82,4572.59,4529.19,4543.18,232042584.0,
2026-08-04,4566.94,4613.69,4555.25,4600.93,242073611.0,
2026-08-05,4550.19,4679.86,4550.19,4658.15,276921919.0,
