date,open,high,low,close,volume,amount
2014-01-02,1302.300000,1333.100000,1299.339999,1333.000000,16376142.0,
2014-01-03,1332.349999,1355.120001,1331.970000,1352.839999,19116662.0,
2014-01-06,1350.310000,1354.150000,1322.720001,1323.330001,17027572.0,
2014-01-07,1315.440000,1355.400000,1312.270000,1352.279999,14884362.0,
2014-01-08,1363.310000,1409.210000,1363.310000,1405.019999,22492878.0,
2014-01-09,1401.800001,1423.840000,1379.649999,1380.240000,20653469.0,
2014-01-10,1373.520000,1385.850000,1347.609999,1353.300000,13861382.0,
2014-01-13,1352.010000,1374.150000,1349.249999,1362.790000,12307289.0,
2014-01-14,1364.800000,1400.920001,1364.800000,1400.920001,15252891.0,
2014-01-15,1399.670000,1417.420000,1397.940001,1415.320000,16945264.0,
2014-01-16,1415.570000,1423.120000,1392.010000,1395.159999,17455991.0,
2014-01-17,1395.030000,1411.550001,1391.619999,1395.510000,15810389.0,
2014-01-20,1393.879999,1400.940000,1362.449999,1372.740000,16202711.0,
2014-01-21,1370.690000,1407.450001,1370.690000,1407.150000,17582378.0,
2014-01-22,1407.460000,1432.000000,1407.460000,1431.740001,20805985.0,
2014-01-23,1433.700000,1472.339999,1433.170001,1461.530000,22799105.0,
2014-01-24,1458.210000,1493.640000,1455.950000,1484.430000,22093328.0,
2014-01-27,1477.460000,1500.460000,1465.140000,1477.670000,20450627.0,
2014-01-28,1476.590000,1486.420001,1448.470001,1471.340000,16541491.0,
2014-01-29,1472.540000,1497.720001,1469.580001,1496.529999,16506821.0,
2014-01-30,1494.119999,1507.870000,1486.819999,1495.980001,14843349.0,
2014-02-07,1489.050001,1532.820000,1483.689999,1532.690001,15892295.0,
2014-02-10,1536.989999,1557.030001,1525.940000,1553.420000,21682497.0,
2014-02-11,1550.620001,1559.770000,1506.040001,1527.150001,22927987.0,
2014-02-12,1527.100001,1540.329999,1513.910000,1539.969999,21319228.0,
2014-02-13,1537.260001,1539.659999,1484.420001,1485.129999,22065731.0,
2014-02-14,1484.559999,1516.430000,1475.950001,1515.779999,17613823.0,
2014-02-17,1521.170000,1559.120000,1521.170000,1558.619999,21744953.0,
2014-02-18,1558.740000,1561.770000,1539.210001,1545.340000,22319417.0,
2014-02-19,1544.639999,1551.880000,1524.390000,1544.400001,20648878.0,
2014-02-20,1545.259999,1545.510000,1504.170000,1515.160000,18896407.0,
2014-02-21,1512.170000,1526.030000,1503.810000,1519.670000,14334863.0,
2014-02-24,1517.970000,1542.310000,1510.460001,1540.029999,16353711.0,
2014-02-25,1543.970000,1571.399999,1460.410000,1472.690000,25248335.0,
2014-02-26,1452.059999,1468.000000,1415.250001,1465.979999,16707338.0,
2014-02-27,1467.270001,1496.620000,1410.969999,1414.660000,17271362.0,
2014-02-28,1410.400000,1436.880000,1392.999999,1434.890000,13321363.0,
2014-03-03,1433.900000,1466.229999,1431.140000,1465.140000,13234945.0,
2014-03-04,1462.260000,1475.500000,1446.270001,1460.450000,13269342.0,
2014-03-05,1467.060001,1471.040000,1454.940001,1464.580000,12673360.0,
2014-03-06,1461.110001,1464.410000,1426.999999,1462.529999,13201713.0,
2014-03-07,1463.930001,1477.960000,1453.620000,1460.610000,13195195.0,
2014-03-10,1446.060001,1446.060001,1404.590000,1407.069999,13398525.0,
2014-03-11,1399.900001,1410.380000,1380.970000,1395.810000,11194251.0,
2014-03-12,1390.860001,1418.610000,1378.890001,1399.269999,11410842.0,
2014-03-13,1401.550000,1437.150000,1401.429999,1436.859999,9633420.0,
2014-03-14,1433.460000,1450.380001,1424.010000,1434.020000,9565163.0,
2014-03-17,1436.100001,1477.679999,1435.319999,1477.419999,11510241.0,
2014-03-18,1479.379999,1493.390000,1478.720001,1485.639999,13605173.0,
2014-03-19,1481.490001,1482.299999,1456.900001,1466.220000,12309232.0,
2014-03-20,1463.070000,1466.420000,1417.170000,1417.660001,13673304.0,
2014-03-21,1405.900001,1427.919999,1379.740000,1419.840000,12203934.0,
2014-03-24,1411.780000,1416.860000,1392.510000,1397.290000,11350111.0,
2014-03-25,1392.140001,1410.480001,1385.000001,1394.820000,9708193.0,
2014-03-26,1396.909999,1424.250000,1396.909999,1417.610001,10503642.0,
2014-03-27,1415.549999,1417.360001,1367.960001,1367.960001,11704150.0,
2014-03-28,1363.870000,1364.260001,1317.409999,1330.500000,12565198.0,
2014-03-31,1327.230001,1340.469999,1315.490000,1327.800001,8067195.0,
2014-04-01,1327.180001,1355.730001,1326.249999,1355.049999,8320095.0,
2014-04-02,1356.680000,1360.880000,1316.899999,1327.980000,8936018.0,
2014-04-03,1326.809999,1344.319999,1318.820000,1326.180000,8771988.0,
2014-04-04,1323.410000,1347.050001,1316.949999,1346.739999,8297504.0,
2014-04-08,1335.389999,1351.830001,1327.800001,1351.180000,9691708.0,
2014-04-09,1355.370001,1376.690001,1355.370001,1370.459999,11938833.0,
2014-04-10,1374.610000,1395.040000,1374.610000,1381.139999,14063900.0,
2014-04-11,1370.400000,1370.400000,1352.129999,1363.900001,10808003.0,
2014-04-14,1367.750001,1378.319999,1367.750001,1372.730001,9870846.0,
2014-04-15,1375.690000,1380.860000,1367.229999,1369.889999,9744830.0,
2014-04-16,1365.830000,1367.910001,1353.780001,1359.300000,8503591.0,
2014-04-17,1360.749999,1373.849999,1360.749999,1367.590001,8546019.0,
2014-04-18,1365.360000,1377.840000,1362.610001,1377.420000,8829689.0,
2014-04-21,1367.930000,1384.690001,1363.009999,1363.850001,9889346.0,
2014-04-22,1361.579999,1367.629999,1317.099999,1336.190000,10385272.0,
2014-04-23,1332.930001,1338.669999,1318.229999,1324.820001,7198605.0,
2014-04-24,1325.860000,1326.959999,1303.230000,1319.510000,8919226.0,
2014-04-25,1316.370000,1318.070000,1290.360001,1291.900001,8835224.0,
2014-04-28,1283.640001,1283.870000,1256.120000,1257.260000,9609466.0,
2014-04-29,1253.240001,1274.210000,1248.320000,1266.540001,7814229.0,
2014-04-30,1266.340000,1287.770000,1266.340000,1283.209999,7374832.0,
2014-05-05,1281.159999,1302.679999,1279.309999,1302.150000,7805789.0,
2014-05-06,1301.589999,1327.800001,1301.589999,1316.860001,9736761.0,
2014-05-07,1313.380000,1313.380000,1289.560000,1290.030000,9100635.0,
2014-05-08,1284.439999,1300.829999,1279.290000,1279.840001,8548140.0,
2014-05-09,1279.680001,1282.820000,1249.560000,1258.580001,8506314.0,
2014-05-12,1263.920001,1281.099999,1250.940000,1278.279999,8980389.0,
2014-05-13,1274.570000,1293.820000,1273.330000,1276.240001,9329826.0,
2014-05-14,1273.210001,1282.339999,1269.239999,1278.660000,8878107.0,
2014-05-15,1276.639999,1283.430001,1253.620000,1253.880000,10236024.0,
2014-05-16,1250.380000,1252.390000,1210.809999,1226.469999,9953688.0,
2014-05-19,1224.650000,1233.840000,1213.989999,1228.369999,8545538.0,
2014-05-20,1239.650000,1261.940000,1239.650000,1244.649999,10926750.0,
2014-05-21,1241.020000,1257.800001,1231.859999,1257.800001,9256264.0,
2014-05-22,1259.870000,1287.870000,1259.870000,1269.510001,12565253.0,
2014-05-23,1269.180000,1296.830001,1262.099999,1295.999999,12017865.0,
2014-05-26,1301.860001,1323.840001,1301.860001,1320.760001,15387081.0,
2014-05-27,1319.660000,1319.660000,1303.150001,1306.280001,13090007.0,
2014-05-28,1306.290000,1339.029999,1306.290000,1338.970000,16564285.0,
2014-05-29,1338.300000,1341.570000,1312.420000,1314.210000,14197108.0,
2014-05-30,1312.300000,1323.590001,1300.090000,1318.129999,12574903.0,
2014-06-03,1317.990001,1332.780001,1317.990001,1319.619999,12791586.0,
2014-06-04,1318.330000,1321.719999,1303.360001,1321.719999,13109901.0,
2014-06-05,1320.139999,1356.530000,1317.530001,1355.480001,15641622.0,
2014-06-06,1354.910001,1362.980001,1340.829999,1350.450001,16552682.0,
2014-06-09,1348.770000,1349.919999,1326.630000,1326.680000,13532664.0,
2014-06-10,1327.100000,1356.970001,1316.840000,1353.869999,15779122.0,
2014-06-11,1350.379999,1371.250000,1348.400000,1367.390001,18025290.0,
2014-06-12,1364.410001,1375.970001,1358.079999,1363.740001,17077623.0,
2014-06-13,1361.090000,1386.350000,1359.650000,1382.729999,18362713.0,
2014-06-16,1384.160000,1397.629999,1384.160000,1395.610000,19278958.0,
2014-06-17,1396.380000,1396.380000,1377.400001,1377.430000,17134809.0,
2014-06-18,1377.580000,1384.870000,1363.750001,1363.989999,15282855.0,
2014-06-19,1363.450000,1370.309999,1310.490001,1320.660001,16903318.0,
2014-06-20,1319.109999,1335.650001,1313.140000,1333.980000,11907174.0,
2014-06-23,1335.179999,1366.590000,1335.179999,1361.280001,14514949.0,
2014-06-24,1360.079999,1372.160001,1359.130000,1369.440001,14517845.0,
2014-06-25,1368.659999,1368.659999,1347.820001,1358.710001,13895424.0,
2014-06-26,1360.200001,1391.300000,1360.200001,1386.269999,18635117.0,
2014-06-27,1388.379999,1397.960000,1382.069999,1388.810001,18283794.0,
2014-06-30,1388.470000,1404.709999,1374.300000,1404.709999,18787736.0,
2014-07-01,1405.440001,1415.330000,1398.150001,1411.740000,19457801.0,
2014-07-02,1413.170000,1425.299999,1402.220000,1419.940000,20532463.0,
2014-07-03,1419.809999,1428.670000,1412.159999,1422.600001,20417851.0,
2014-07-04,1421.680000,1423.890000,1406.210001,1411.639999,19215140.0,
2014-07-07,1411.990000,1411.990000,1381.940000,1393.890001,18228061.0,
2014-07-08,1392.350001,1410.719999,1379.490000,1410.719999,18990540.0,
2014-07-09,1410.390000,1418.679999,1384.260000,1384.579999,21751111.0,
2014-07-10,1384.450000,1387.890000,1362.349999,1363.879999,16514057.0,
2014-07-11,1361.569999,1372.120001,1351.769999,1359.340000,15365743.0,
2014-07-14,1358.170000,1367.820000,1342.560000,1367.069999,17042173.0,
2014-07-15,1364.080000,1366.160001,1332.869999,1341.270000,19208905.0,
2014-07-16,1338.920000,1344.360000,1310.860000,1318.610001,16034403.0,
2014-07-17,1315.090000,1323.240000,1304.579999,1312.810000,11842502.0,
2014-07-18,1309.959999,1321.929999,1300.760000,1305.920001,11155743.0,
2014-07-21,1304.720000,1313.559999,1287.230001,1306.960000,12051162.0,
2014-07-22,1306.319999,1330.290000,1305.030000,1329.350000,12251800.0,
2014-07-23,1330.140000,1332.359999,1287.640001,1293.090000,14436101.0,
2014-07-24,1291.479999,1291.479999,1255.689999,1271.880001,14051676.0,
2014-07-25,1271.430000,1288.670001,1270.360000,1285.770000,10526882.0,
2014-07-28,1289.100000,1316.040001,1286.660001,1314.530000,13836976.0,
2014-07-29,1315.750000,1337.530000,1310.839999,1331.760000,15257236.0,
2014-07-30,1330.190000,1345.349999,1329.069999,1342.740001,15005274.0,
2014-07-31,1342.729999,1346.219999,1334.259999,1344.540001,13773804.0,
2014-08-01,1339.980000,1343.580000,1324.189999,1325.939999,16091302.0,
2014-08-04,1325.009999,1331.800001,1324.260001,1329.820000,12393537.0,
2014-08-05,1330.320001,1363.119999,1321.200000,1360.690000,19490645.0,
2014-08-06,1357.530001,1368.530000,1353.950000,1365.739999,15491641.0,
2014-08-07,1365.180001,1381.460001,1361.330001,1362.030000,16000260.0,
2014-08-08,1368.060001,1381.440000,1368.060001,1377.439999,14450098.0,
2014-08-11,1379.470000,1397.970000,1379.470000,1397.779999,17239951.0,
2014-08-12,1398.150001,1402.750000,1393.109999,1396.439999,17256326.0,
2014-08-13,1396.260000,1397.100000,1370.080000,1384.310000,18046571.0,
2014-08-14,1384.720000,1394.520000,1378.950001,1380.300000,18617046.0,
2014-08-15,1382.870000,1392.489999,1377.930000,1392.450001,17949342.0,
2014-08-18,1394.639999,1428.999999,1394.639999,1428.739999,22445292.0,
2014-08-19,1436.420000,1446.790000,1427.060001,1436.399999,24187900.0,
2014-08-20,1438.289999,1438.289999,1421.919999,1427.400000,19028784.0,
2014-08-21,1428.630000,1447.910001,1421.240000,1447.880000,19577488.0,
2014-08-22,1450.100000,1465.669999,1446.040000,1461.720001,22099973.0,
2014-08-25,1461.210001,1461.490000,1439.850001,1443.810000,19962446.0,
2014-08-26,1440.700000,1443.600001,1406.340000,1411.150000,18360054.0,
2014-08-27,1411.760001,1427.309999,1411.760001,1420.540001,13789763.0,
2014-08-28,1423.340000,1424.290001,1398.560001,1403.800001,13699751.0,
2014-08-29,1400.840000,1424.470000,1400.830000,1424.470000,11562446.0,
2014-09-01,1428.360000,1453.120000,1427.930001,1452.840001,15490858.0,
2014-09-02,1457.510001,1465.040000,1452.710000,1465.030000,20826444.0,
2014-09-03,1468.090001,1479.830000,1461.230000,1477.670000,23968683.0,
2014-09-04,1478.330000,1495.809999,1472.890000,1495.510001,24424653.0,
2014-09-05,1497.990000,1498.260000,1482.040000,1489.830000,21209165.0,
2014-09-09,1492.440000,1497.420001,1479.060000,1494.020001,21566028.0,
2014-09-10,1491.410001,1506.470000,1484.710000,1504.910001,21773264.0,
2014-09-11,1506.000000,1532.310000,1502.390001,1513.009999,26218382.0,
2014-09-12,1512.399999,1524.320001,1506.880000,1524.120001,20829285.0,
2014-09-15,1522.569999,1528.569999,1517.300000,1526.140000,23470990.0,
2014-09-16,1527.060000,1529.399999,1471.610000,1473.130001,27119821.0,
2014-09-17,1473.519999,1481.060000,1456.500000,1479.119999,17503913.0,
2014-09-18,1477.310000,1492.610000,1474.649999,1490.790001,15765159.0,
2014-09-19,1492.100000,1501.390000,1486.280000,1499.120000,16834430.0,
2014-09-22,1496.960000,1496.960000,1480.180000,1483.350001,18443515.0,
2014-09-23,1485.510000,1502.040001,1483.040001,1500.990000,17264769.0,
2014-09-24,1501.040000,1517.420000,1497.890000,1517.420000,20795696.0,
2014-09-25,1520.099999,1523.250001,1505.650000,1508.420000,22699612.0,
2014-09-26,1506.310000,1512.800000,1502.500001,1511.360000,18315997.0,
2014-09-29,1515.379999,1526.359999,1515.379999,1526.180000,21163797.0,
2014-09-30,1527.260000,1540.949999,1527.260000,1540.870000,19584148.0,
2014-10-08,1543.590000,1557.570000,1537.010001,1557.570000,21221706.0,
2014-10-09,1562.099999,1569.060000,1541.669999,1561.170000,25641919.0,
2014-10-10,1559.930000,1563.870001,1546.220000,1554.220000,22691637.0,
2014-10-13,1548.180000,1548.880000,1527.699999,1548.330000,21551881.0,
2014-10-14,1546.670000,1560.060001,1532.440001,1539.120000,20848818.0,
2014-10-15,1539.350000,1545.750000,1527.189999,1545.619999,19598465.0,
2014-10-16,1539.860000,1551.839999,1526.540000,1526.560000,20861354.0,
2014-10-17,1527.460001,1529.549999,1488.469999,1511.050000,20135109.0,
2014-10-20,1513.419999,1532.380001,1513.419999,1532.380001,14849203.0,
2014-10-21,1535.070000,1537.670001,1515.930000,1517.479999,15816636.0,
2014-10-22,1518.800000,1524.800000,1503.819999,1504.550001,15915656.0,
2014-10-23,1500.550001,1501.719999,1474.039999,1477.839999,16279293.0,
2014-10-24,1478.340000,1493.530000,1473.059999,1477.590001,12401052.0,
2014-10-27,1473.660000,1492.009999,1465.960000,1492.009999,14263073.0,
2014-10-28,1495.690000,1522.049999,1495.690000,1522.049999,17756331.0,
2014-10-29,1525.980000,1535.800000,1524.080000,1530.080001,21378044.0,
2014-10-30,1532.910000,1539.210001,1522.640000,1525.770000,19050519.0,
2014-10-31,1527.599999,1529.549999,1502.240001,1513.269999,18562325.0,
2014-11-03,1513.250000,1529.900000,1513.200000,1529.890000,17033744.0,
2014-11-04,1531.820001,1538.179999,1514.460001,1516.399999,17887450.0,
2014-11-05,1514.770001,1517.019999,1505.979999,1512.490000,14780292.0,
2014-11-06,1513.720000,1532.870000,1510.780000,1532.520000,15875527.0,
2014-11-07,1535.490000,1543.719999,1517.290001,1522.619999,20891040.0,
2014-11-10,1525.200001,1526.380001,1506.799999,1514.820001,16067553.0,
2014-11-11,1513.529999,1514.370000,1452.030000,1461.509999,21596510.0,
2014-11-12,1457.239999,1476.030000,1455.089999,1475.750001,13969499.0,
2014-11-13,1473.740001,1473.740001,1434.270000,1442.859999,17414929.0,
2014-11-14,1438.970001,1449.100000,1435.500000,1441.210000,12663598.0,
2014-11-17,1444.060001,1474.360001,1437.989999,1471.690001,13918227.0,
2014-11-18,1471.080000,1483.140001,1470.510001,1481.860001,12484839.0,
2014-11-19,1488.460000,1509.729999,1488.460000,1505.550000,15606058.0,
2014-11-20,1504.580000,1504.580000,1491.649999,1494.590001,14503131.0,
2014-11-21,1493.160000,1508.220000,1493.160000,1504.830000,15206725.0,
2014-11-24,1513.429999,1515.839999,1497.850000,1507.810000,18094254.0,
2014-11-25,1510.620000,1541.919999,1510.250001,1541.919999,21329324.0,
2014-11-26,1544.690000,1561.300001,1544.100001,1554.220000,21577370.0,
2014-11-27,1557.770000,1566.829999,1548.289999,1563.410000,23686674.0,
2014-11-28,1562.829999,1582.480000,1558.309999,1570.850001,25520127.0,
2014-12-01,1569.649999,1569.649999,1544.179999,1552.310001,22709753.0,
2014-12-02,1554.459999,1567.540000,1552.130000,1565.420000,20650691.0,
2014-12-03,1568.469999,1604.879999,1540.420000,1604.450000,30089867.0,
2014-12-04,1604.890001,1631.310000,1604.890001,1621.840001,26899516.0,
2014-12-05,1626.120000,1626.120000,1544.460000,1581.910000,29046141.0,
2014-12-08,1575.299999,1600.860000,1554.790000,1567.160000,26040994.0,
2014-12-09,1557.019999,1577.750000,1504.229999,1504.620000,29630278.0,
2014-12-10,1499.330000,1576.889999,1499.330000,1572.689999,22694195.0,
2014-12-11,1572.600001,1593.379999,1563.310000,1587.670000,22251396.0,
2014-12-12,1588.239999,1626.340000,1586.749999,1623.569999,21641050.0,
2014-12-15,1623.600000,1664.260001,1619.700000,1657.500000,22168990.0,
2014-12-16,1665.300000,1674.979999,1636.180000,1649.580000,20250357.0,
2014-12-17,1639.150001,1652.970000,1623.700000,1644.210000,20235829.0,
2014-12-18,1641.580000,1663.670000,1633.260000,1634.049999,17653811.0,
2014-12-19,1627.800001,1627.800001,1568.980000,1596.810000,19852326.0,
2014-12-22,1583.950000,1583.950000,1510.050001,1517.930000,21296532.0,
2014-12-23,1501.530000,1543.350000,1489.120000,1496.529999,16067375.0,
2014-12-24,1502.670000,1524.270001,1501.230000,1519.800001,14578911.0,
2014-12-25,1521.990000,1531.640000,1514.230000,1529.470000,14030107.0,
2014-12-26,1531.200001,1539.160001,1524.010001,1536.080001,13861501.0,
2014-12-29,1531.120000,1531.120000,1491.210000,1499.399999,18402872.0,
2014-12-30,1491.100001,1493.440000,1450.049999,1460.110000,16799418.0,
2014-12-31,1455.680000,1479.860000,1451.289999,1471.760000,14413885.0,
2015-01-05,1470.580000,1470.580000,1429.080000,1464.770000,17918525.0,
2015-01-06,1458.570000,1542.150000,1454.140000,1539.830001,23463899.0,
2015-01-07,1542.400001,1547.250000,1517.370000,1523.389999,18445958.0,
2015-01-08,1516.830001,1565.770001,1516.830001,1541.890001,18696816.0,
2015-01-09,1535.330000,1583.750000,1534.610000,1553.240001,18988280.0,
2015-01-12,1552.050001,1587.180001,1550.620001,1586.120000,16188545.0,
2015-01-13,1587.690001,1611.120000,1578.400001,1601.170000,17954629.0,
2015-01-14,1598.719999,1605.160000,1579.550000,1588.010000,15881401.0,
2015-01-15,1584.680000,1606.560000,1578.220000,1586.330000,14727005.0,
2015-01-16,1586.710001,1641.530000,1586.640000,1639.560001,18420218.0,
2015-01-19,1608.250000,1691.140000,1599.660001,1630.060001,26167227.0,
2015-01-20,1635.570000,1700.940000,1635.570000,1700.850000,26255330.0,
2015-01-21,1704.099999,1729.840001,1701.870000,1722.579999,29807348.0,
2015-01-22,1723.240000,1744.080000,1716.390000,1744.040000,25850791.0,
2015-01-23,1742.089999,1742.089999,1693.519999,1697.290000,23622923.0,
2015-01-26,1698.980000,1740.370000,1698.980000,1739.789999,20324148.0,
2015-01-27,1742.459999,1754.209999,1715.530000,1743.680000,22208741.0,
2015-01-28,1741.069999,1759.000001,1727.919999,1731.409999,22204673.0,
2015-01-29,1717.399999,1733.630001,1709.360000,1711.370000,17053769.0,
2015-01-30,1712.850000,1721.139999,1679.690000,1680.579999,17600388.0,
2015-02-02,1667.119999,1708.710000,1660.050001,1696.830000,16017327.0,
2015-02-03,1703.930000,1762.730000,1703.930000,1750.910000,22107001.0,
2015-02-04,1753.770001,1770.200001,1743.019999,1757.740000,21675339.0,
2015-02-05,1757.230000,1809.720000,1741.960001,1774.310001,27268283.0,
2015-02-06,1772.350001,1783.620000,1725.640000,1730.970001,22554474.0,
2015-02-09,1727.220001,1753.499999,1702.559999,1708.840000,17274077.0,
2015-02-10,1707.260000,1747.860001,1700.880000,1747.680000,14723102.0,
2015-02-11,1748.230000,1783.240001,1748.230000,1772.840000,17429104.0,
2015-02-12,1777.219999,1799.450000,1776.349999,1788.810000,18833002.0,
2015-02-13,1798.540001,1828.230001,1796.410000,1825.489999,23434640.0,
2015-02-16,1836.710000,1897.660001,1836.710000,1896.630001,25701181.0,
2015-02-17,1908.180001,1909.909999,1873.170000,1894.309999,20837924.0,
2015-02-25,1899.389999,1909.650000,1872.100000,1876.739999,22085809.0,
2015-02-26,1875.330000,1891.780000,1847.729999,1880.389999,22057948.0,
2015-02-27,1880.630000,1928.039999,1880.630000,1928.039999,25087029.0,
2015-03-02,1944.109999,1987.800000,1940.319999,1986.989999,32869530.0,
2015-03-03,1987.330000,2004.030000,1961.009999,1961.740001,33661207.0,
2015-03-04,1960.540000,2011.079999,1960.540000,2009.830000,29329329.0,
2015-03-05,2015.699999,2032.220000,1997.460000,2014.790001,30333941.0,
2015-03-06,2016.810000,2018.180001,1949.290000,1951.400000,27454184.0,
2015-03-09,1941.420000,1996.899999,1932.819999,1994.389999,23708889.0,
2015-03-10,2001.190000,2048.300000,2001.190000,2045.320000,26879782.0,
2015-03-11,2050.760000,2054.770000,2022.319999,2035.829999,27548627.0,
2015-03-12,2034.620000,2054.390000,1984.910000,2018.130001,27515746.0,
2015-03-13,2020.660000,2070.950000,2011.170000,2069.070001,25475091.0,
2015-03-16,2088.200000,2144.780000,2088.200000,2142.670000,34782781.0,
2015-03-17,2149.369999,2164.490000,2117.780000,2137.459999,37031744.0,
2015-03-18,2138.370000,2186.020000,2124.979999,2182.920001,37750039.0,
2015-03-19,2184.760001,2192.550000,2160.990001,2183.879999,34983556.0,
2015-03-20,2187.469999,2232.080000,2187.009999,2213.769999,35792059.0,
2015-03-23,2225.850001,2293.920000,2221.710000,2293.650000,39047312.0,
2015-03-24,2310.509999,2363.049999,2253.199999,2357.969999,48344705.0,
2015-03-25,2364.940000,2405.560000,2344.110001,2385.010000,42627895.0,
2015-03-26,2362.450001,2370.289999,2270.790000,2291.790000,43457615.0,
2015-03-30,2319.310001,2332.599999,2266.850000,2290.480000,33193596.0,
2015-03-31,2294.320000,2358.210000,2288.310000,2335.169999,34588776.0,
2015-04-01,2347.000000,2407.490000,2345.750001,2404.910001,34211588.0,
2015-04-02,2434.760000,2475.320001,2420.190000,2475.320001,39817436.0,
2015-04-03,2469.850000,2515.569999,2460.940001,2510.160000,39200267.0,
2015-04-07,2530.070000,2557.870000,2522.260000,2556.699999,39071936.0,
2015-04-08,2566.940000,2568.090000,2442.820000,2488.160001,43774348.0,
2015-04-09,2481.690001,2501.300001,2346.890001,2496.490000,40257707.0,
2015-04-10,2475.550000,2567.680000,2457.820000,2552.830000,35139349.0,
2015-04-13,2558.189999,2596.920001,2545.260001,2577.780000,38288465.0,
2015-04-14,2584.590001,2593.700000,2539.940000,2558.849999,36477492.0,
2015-04-15,2548.989999,2548.989999,2441.740000,2441.740000,36021332.0,
2015-04-16,2420.930001,2532.299999,2407.850000,2484.330000,30450605.0,
2015-04-17,2507.470000,2511.980001,2453.279999,2463.990000,33251374.0,
2015-04-20,2462.409999,2493.200000,2411.340000,2424.850000,34510159.0,
2015-04-21,2443.120001,2566.089999,2443.120001,2566.089999,32057303.0,
2015-04-22,2610.740000,2655.370000,2610.740000,2634.930000,37301989.0,
2015-04-23,2656.180001,2718.260001,2656.180001,2706.189999,38248609.0,
2015-04-24,2689.909999,2747.619999,2672.200001,2734.750001,36429962.0,
2015-04-27,2781.600000,2806.750001,2737.149999,2747.500000,34684443.0,
2015-04-28,2764.410000,2779.200000,2650.430001,2687.970001,34410029.0,
2015-04-29,2693.480000,2798.509999,2674.759999,2797.520000,29865932.0,
2015-04-30,2825.160000,2918.750001,2825.160000,2857.890001,34285826.0,
2015-05-04,2868.099999,2884.440001,2803.820001,2845.249999,29104457.0,
2015-05-05,2830.790000,2845.709999,2753.870000,2783.440000,30083796.0,
2015-05-06,2806.300000,2927.030000,2806.300000,2846.560000,34768114.0,
2015-05-07,2824.820001,2879.680000,2801.470000,2806.050000,30603594.0,
2015-05-08,2838.970000,2974.370000,2838.970000,2973.600000,38363322.0,
2015-05-11,3015.429999,3150.489999,2991.330000,3146.830000,48013490.0,
2015-05-12,3176.540000,3254.989999,3133.960001,3250.300000,51249204.0,
2015-05-13,3185.340000,3271.180001,3123.920000,3192.150001,46156896.0,
2015-05-14,3174.450000,3228.029999,3137.270000,3141.590000,44148589.0,
2015-05-15,3109.110001,3176.109999,3059.860001,3145.330000,40803046.0,
2015-05-18,3178.369999,3286.409999,3178.369999,3278.480000,42156099.0,
2015-05-19,3310.089999,3340.420000,3206.780001,3322.769999,44285352.0,
2015-05-20,3339.170001,3471.949999,3339.170001,3406.280001,46165533.0,
2015-05-21,3421.610000,3531.840001,3421.450000,3527.409999,44954142.0,
2015-05-22,3594.590001,3618.240000,3438.569999,3516.629999,57570182.0,
2015-05-25,3415.669999,3499.529999,3370.839999,3467.920000,45619499.0,
2015-05-26,3471.790000,3619.489999,3471.790000,3618.230000,45465316.0,
2015-05-27,3638.210000,3662.979999,3546.580001,3628.670000,49660294.0,
2015-05-28,3618.340000,3677.320001,3432.979999,3432.979999,54111024.0,
2015-05-29,3444.059999,3595.170000,3328.460000,3542.840000,49995029.0,
2015-06-01,3580.080000,3722.859999,3580.080000,3718.749999,43302739.0,
2015-06-02,3757.100000,3912.480000,3756.090001,3901.540000,50081950.0,
2015-06-03,3949.280001,4011.040000,3838.220000,3982.250001,49970439.0,
2015-06-04,3991.800001,4015.200000,3695.830000,3943.469999,47259473.0,
2015-06-05,3994.440000,4037.959999,3841.420000,3885.830000,46810857.0,
2015-06-08,3862.800001,3862.800001,3643.030000,3704.550000,44704761.0,
2015-06-09,3664.369999,3793.359999,3633.720001,3705.540000,38942847.0,
2015-06-10,3695.060000,3876.850000,3676.760001,3834.699999,43364843.0,
2015-06-11,3843.980000,3884.370001,3815.060000,3862.140001,44129785.0,
2015-06-12,3889.160000,3922.700000,3850.590000,3899.709999,44912714.0,
2015-06-15,3919.360000,3919.360000,3688.890000,3696.030000,47406718.0,
2015-06-16,3636.789999,3669.820001,3475.350001,3590.670000,43314292.0,
2015-06-17,3586.370001,3754.370000,3511.110000,3741.360001,39791389.0,
2015-06-18,3734.910000,3752.179999,3497.729999,3504.550000,38221169.0,
2015-06-19,3408.529999,3476.030000,3304.649999,3314.980001,36852902.0,
2015-06-23,3314.890000,3397.270000,3154.600001,3393.940000,38158329.0,
2015-06-24,3425.570000,3459.460000,3304.670000,3383.400000,37628646.0,
2015-06-25,3403.630000,3408.230001,3172.370001,3206.380000,36857093.0,
2015-06-26,3078.400001,3078.400001,2915.940000,2920.700001,35432057.0,
2015-06-29,2943.500001,2950.130000,2663.440000,2689.760001,38531843.0,
2015-06-30,2566.020000,2875.090001,2485.460000,2858.610001,54686572.0,
2015-07-01,2842.169999,3008.189999,2743.610000,2759.410000,52601141.0,
2015-07-02,2756.249999,2825.150000,2591.049999,2649.320000,45280318.0,
2015-07-03,2559.020001,2788.759999,2458.280000,2605.279999,47079751.0,
2015-07-06,2795.670000,2795.670000,2417.560000,2493.830000,51605867.0,
2015-07-07,2398.100000,2415.679999,2350.970000,2352.009999,18897954.0,
2015-07-08,2304.759999,2364.079999,2304.759999,2364.050000,44477612.0,
2015-07-09,2338.110000,2435.750000,2338.110000,2435.750000,22948808.0,
2015-07-10,2487.390001,2535.890000,2478.860001,2535.890000,13426826.0,
2015-07-13,2612.769999,2683.069999,2592.200001,2683.069999,25235637.0,
2015-07-14,2725.040001,2827.550000,2715.980000,2726.050000,40597843.0,
2015-07-15,2750.659999,2750.659999,2583.460001,2590.029999,50649969.0,
2015-07-16,2526.650000,2698.160000,2439.240000,2627.080000,52481075.0,
2015-07-17,2651.439999,2805.800000,2646.500000,2783.319999,46866248.0,
2015-07-20,2820.720000,2907.150000,2777.910000,2848.300000,57264696.0,
2015-07-21,2802.020001,2917.410001,2779.530001,2882.900001,48846235.0,
2015-07-22,2882.060000,2932.060000,2828.449999,2897.369999,51433159.0,
2015-07-23,2896.250001,2969.350000,2864.430000,2967.950000,53211860.0,
2015-07-24,2976.940000,3014.180000,2879.260001,2897.820000,58741277.0,
2015-07-27,2822.370000,2924.080001,2683.050000,2683.450001,55582923.0,
2015-07-28,2546.410000,2705.180000,2492.190000,2581.959999,58035380.0,
2015-07-29,2617.940000,2693.990000,2483.920000,2693.859999,52023479.0,
2015-07-30,2671.460000,2707.760000,2556.090001,2561.190000,48185188.0,
2015-07-31,2507.260001,2605.340001,2499.250001,2539.840000,38567343.0,
2015-08-03,2475.330000,2494.800000,2371.480001,2399.270001,39835425.0,
2015-08-04,2396.410000,2546.160000,2380.280000,2546.160000,42143741.0,
2015-08-05,2542.269999,2584.190001,2480.450001,2502.040000,46817454.0,
2015-08-06,2441.960000,2517.990001,2430.529999,2480.930000,33923606.0,
2015-08-07,2509.960000,2586.529999,2505.270000,2576.990001,42575830.0,
2015-08-10,2606.740000,2726.900000,2593.409999,2706.720000,47852694.0,
2015-08-11,2705.040000,2747.829999,2675.150000,2698.910001,48057873.0,
2015-08-12,2658.839999,2700.400001,2622.190001,2622.190001,38303999.0,
2015-08-13,2608.740000,2684.259999,2578.910000,2684.259999,37616566.0,
2015-08-14,2713.779999,2725.470000,2664.420000,2674.020000,40688351.0,
2015-08-17,2665.370001,2676.720001,2613.780000,2666.289999,36547441.0,
2015-08-18,2674.420000,2720.570001,2488.609999,2504.169999,49129698.0,
2015-08-19,2427.940000,2584.360000,2359.170000,2570.690000,43737322.0,
2015-08-20,2556.770000,2610.900000,2508.350000,2508.820000,39721275.0,
2015-08-21,2452.609999,2480.680000,2340.919999,2341.950001,35141461.0,
2015-08-24,2222.540000,2246.550000,2152.609999,2152.609999,23049576.0,
2015-08-25,1996.040001,2048.030000,1987.120000,1990.710001,27176061.0,
2015-08-26,1975.920001,2044.659999,1875.030000,1890.039999,46445009.0,
2015-08-27,1924.780000,1959.979999,1843.190000,1959.490000,40510060.0,
2015-08-28,1990.340001,2086.869999,1960.389999,2082.120000,45280231.0,
2015-08-31,2056.290000,2058.850001,1987.580000,1996.859999,35634527.0,
2015-09-01,1959.450000,1959.450000,1877.359999,1889.490001,31889888.0,
2015-09-02,1787.710001,1953.910000,1779.180001,1855.030001,38372944.0,
2015-09-07,1882.860001,1953.400000,1878.260000,1893.520000,37806241.0,
2015-09-08,1875.670001,2004.809999,1859.200000,2001.160000,36849648.0,
2015-09-09,2023.310001,2102.229999,2017.100001,2071.720000,50760168.0,
2015-09-10,2030.029999,2078.420001,2024.889999,2039.119999,35482569.0,
2015-09-11,2039.009999,2084.049999,2029.810000,2060.500000,32555429.0,
2015-09-14,2068.200001,2075.670000,1905.200001,1906.210000,34890885.0,
2015-09-15,1843.230000,1892.809999,1794.290000,1797.559999,33039213.0,
2015-09-16,1813.729999,1928.780001,1808.749999,1926.239999,39024401.0,
2015-09-17,1943.289999,2020.550000,1922.799999,1933.300000,47985104.0,
2015-09-18,1948.119999,1995.500000,1922.139999,1983.299999,37674215.0,
2015-09-21,1950.329999,2080.220000,1945.349999,2079.060000,43477603.0,
2015-09-22,2082.340000,2108.560001,2042.130000,2078.720001,47584444.0,
2015-09-23,2039.490001,2103.220001,2036.060000,2077.989999,41306381.0,
2015-09-24,2090.560000,2130.469999,2084.309999,2106.589999,43139456.0,
2015-09-25,2091.850000,2106.949999,2002.449999,2020.970000,41100874.0,
2015-09-28,2024.889999,2124.059999,2007.920000,2122.259999,37858681.0,
2015-09-29,2089.539999,2135.509999,2075.970000,2098.570000,38424617.0,
2015-09-30,2111.989999,2124.290000,2049.430000,2082.669999,29708448.0,
2015-10-08,2153.119999,2210.030001,2138.539999,2190.310001,42031221.0,
2015-10-09,2190.840000,2230.030000,2184.549999,2216.660001,42927691.0,
2015-10-12,2233.600001,2344.210001,2232.270001,2316.779999,55775629.0,
2015-10-13,2297.929999,2351.520000,2290.639999,2342.039999,50249440.0,
2015-10-14,2330.079999,2350.590000,2295.600000,2305.000000,52435986.0,
2015-10-15,2300.620001,2406.210000,2296.790000,2404.530000,56549120.0,
2015-10-16,2424.619999,2452.940000,2401.090000,2449.030001,61932152.0,
2015-10-19,2465.110000,2466.480001,2398.340001,2433.600000,57914033.0,
2015-10-20,2430.180001,2520.079999,2427.780000,2511.160001,58460595.0,
2015-10-21,2504.779999,2527.770000,2335.660000,2344.740000,72233597.0,
2015-10-22,2355.160000,2465.100001,2355.160000,2458.140000,59640206.0,
2015-10-23,2488.310001,2549.759999,2461.489999,2538.380001,67588133.0,
2015-10-26,2570.130000,2570.130000,2481.590000,2527.479999,68447317.0,
2015-10-27,2497.160000,2586.949999,2423.600001,2563.960000,62288145.0,
2015-10-28,2551.700000,2583.820001,2473.470001,2485.240000,57716999.0,
2015-10-29,2504.850001,2528.700000,2436.780000,2485.280001,44057658.0,
2015-10-30,2475.230000,2534.470001,2439.160001,2478.279999,50077025.0,
2015-11-02,2416.099999,2513.320001,2408.780000,2432.040000,46816871.0,
2015-11-03,2444.050000,2461.330000,2407.550000,2429.270000,39935034.0,
2015-11-04,2451.230001,2584.319999,2451.230001,2584.319999,58452418.0,
2015-11-05,2587.819999,2630.830000,2542.850001,2564.720001,65112052.0,
2015-11-06,2571.660001,2666.400001,2571.660001,2661.409999,61741798.0,
2015-11-09,2653.310001,2747.790001,2612.259999,2724.619999,68677813.0,
2015-11-10,2710.900000,2783.120001,2700.290001,2746.610001,65216340.0,
2015-11-11,2738.580000,2806.540001,2730.519999,2804.679999,70870881.0,
2015-11-12,2818.570000,2827.710000,2743.259999,2783.300000,74163984.0,
2015-11-13,2751.390001,2772.810000,2681.610000,2710.160000,65461350.0,
2015-11-16,2656.570000,2797.160000,2654.640001,2797.160000,55154366.0,
2015-11-17,2834.979999,2847.900000,2711.579999,2717.050000,73555490.0,
2015-11-18,2727.610001,2741.330000,2655.060000,2661.170000,51626129.0,
2015-11-19,2678.349999,2770.750001,2676.750000,2770.750001,54825139.0,
2015-11-20,2783.040000,2817.960000,2757.839999,2800.150000,69030482.0,
2015-11-23,2797.120000,2839.840000,2759.310000,2770.579999,67520732.0,
2015-11-24,2767.720001,2816.050000,2739.520001,2816.050000,52702492.0,
2015-11-25,2813.509999,2906.800000,2806.820000,2897.569999,66418481.0,
2015-11-26,2911.849999,2915.950000,2831.379999,2833.200000,63202929.0,
2015-11-27,2819.359999,2844.050000,2629.120001,2649.550001,64579688.0,
2015-11-30,2658.970000,2687.050000,2507.380000,2672.580000,60052414.0,
2015-12-01,2669.300000,2700.350000,2621.170000,2655.339999,49682993.0,
2015-12-02,2653.239999,2660.110000,2525.340001,2613.260000,43453059.0,
2015-12-03,2622.490001,2710.809999,2622.490001,2708.120000,43270233.0,
2015-12-04,2702.560000,2749.180001,2679.350000,2692.159999,48329081.0,
2015-12-07,2699.340000,2751.240000,2687.020000,2738.150000,47454317.0,
2015-12-08,2723.620000,2731.720001,2678.659999,2691.660001,51536895.0,
2015-12-09,2677.590001,2699.640000,2650.450000,2667.910000,45218188.0,
2015-12-10,2665.270001,2729.239999,2663.370001,2695.510001,44264086.0,
2015-12-11,2686.300000,2701.690000,2666.890000,2671.290000,37125526.0,
2015-12-14,2642.819999,2709.259999,2622.470000,2709.259999,36203572.0,
2015-12-15,2718.249999,2764.790001,2718.249999,2745.700000,38759386.0,
2015-12-16,2760.259999,2789.280001,2749.790001,2763.110000,41793161.0,
2015-12-17,2784.970001,2835.699999,2784.970001,2835.699999,55219139.0,
2015-12-18,2836.920000,2850.689999,2801.640000,2830.260001,51447381.0,
2015-12-21,2825.310000,2836.610000,2800.350000,2829.920000,42648418.0,
2015-12-22,2836.960000,2849.359999,2811.609999,2839.849999,41580713.0,
2015-12-23,2845.430000,2848.830000,2779.929999,2783.940001,46679619.0,
2015-12-24,2775.980001,2801.560001,2735.969999,2795.780000,37179051.0,
2015-12-25,2807.510001,2820.530000,2777.459999,2794.730001,35511226.0,
2015-12-28,2809.520001,2823.750000,2735.490000,2735.490000,45076569.0,
2015-12-29,2732.550000,2749.820000,2710.200001,2749.820000,35829362.0,
2015-12-30,2758.249999,2781.840001,2749.290000,2779.509999,40757691.0,
2015-12-31,2780.539999,2785.660000,2713.690001,2714.050001,39561307.0,
2016-01-04,2706.270000,2710.300001,2490.470001,2491.269999,33478922.0,
2016-01-05,2353.230000,2481.200000,2333.610000,2416.730001,49010301.0,
2016-01-06,2433.360001,2472.190001,2388.690001,2468.369999,39804045.0,
2016-01-07,2415.329999,2415.329999,2254.500001,2256.520000,10666576.0,
2016-01-08,2297.590001,2318.119999,2142.329999,2248.989999,44776460.0,
2016-01-11,2188.189999,2230.420001,2105.769999,2106.360000,39231227.0,
2016-01-12,2117.250000,2179.090000,2087.270000,2147.530001,37443202.0,
2016-01-13,2160.320001,2174.229999,2059.780001,2059.780001,34346863.0,
2016-01-14,1991.230000,2179.380000,1989.860000,2175.010001,40865369.0,
2016-01-15,2160.170001,2184.560001,2096.190000,2112.900000,41445821.0,
2016-01-18,2074.859999,2206.829999,2074.859999,2174.930000,39874752.0,
2016-01-19,2170.090000,2244.779999,2148.720001,2241.699999,45197927.0,
2016-01-20,2222.599999,2249.349999,2190.499999,2204.650000,41821529.0,
2016-01-21,2173.310001,2241.470000,2112.399999,2112.399999,41166482.0,
2016-01-22,2140.279999,2161.240001,2078.120000,2149.590001,35037326.0,
2016-01-25,2165.730000,2185.209999,2136.880000,2158.819999,30623682.0,
2016-01-26,2132.219999,2135.559999,1990.510000,1994.050000,36762608.0,
2016-01-27,1997.319999,2012.300000,1888.249999,1997.460000,39761381.0,
2016-01-28,1969.310000,1990.920000,1900.879999,1906.460000,30546402.0,
2016-01-29,1908.260000,2011.060000,1907.290000,1994.060000,34466854.0,
2016-02-01,1989.210001,2011.680000,1956.920001,1992.689999,29892130.0,
2016-02-02,1996.590000,2089.210000,1996.590000,2075.290000,34710247.0,
2016-02-03,2049.320000,2105.380001,2034.599999,2090.510000,31768831.0,
2016-02-04,2095.620001,2142.870000,2095.620001,2126.640001,35059441.0,
2016-02-05,2127.350001,2141.559999,2096.989999,2096.989999,25785866.0,
2016-02-15,2029.560000,2130.360000,2029.560000,2116.840000,24986597.0,
2016-02-16,2128.059999,2208.570000,2128.059999,2201.930000,36587328.0,
2016-02-17,2197.930000,2219.779999,2171.000001,2215.340000,41643400.0,
2016-02-18,2230.800000,2239.909999,2188.189999,2190.909999,40537755.0,
2016-02-19,2186.010000,2230.220000,2182.959999,2211.010001,36792703.0,
2016-02-22,2235.170000,2245.559999,2216.160000,2245.559999,41953414.0,
2016-02-23,2245.750000,2249.690000,2189.529999,2218.120000,39969755.0,
2016-02-24,2212.589999,2230.010001,2154.270000,2203.740000,40601725.0,
2016-02-25,2198.929999,2198.929999,2030.420000,2037.140000,44873663.0,
2016-02-26,2045.510000,2057.800000,1980.169999,2014.920000,35814101.0,
2016-02-29,2000.570001,2000.570001,1866.250000,1880.150000,33848300.0,
2016-03-01,1881.320001,1952.429999,1841.220001,1934.919999,36084524.0,
2016-03-02,1930.840000,2022.860000,1925.020001,2017.599999,42454356.0,
2016-03-03,2014.180000,2063.530000,2006.709999,2007.079999,42006967.0,
2016-03-04,1994.060000,2003.689999,1895.400001,1907.039999,39762791.0,
2016-03-07,1935.090001,1995.940001,1935.090001,1953.330000,31730233.0,
2016-03-08,1944.650000,2002.189999,1865.649999,2002.189999,41226251.0,
2016-03-09,1962.280000,2015.710001,1947.050001,1970.810000,34193079.0,
2016-03-10,1968.769999,1991.359999,1935.120000,1936.970000,28365881.0,
2016-03-11,1911.320001,1948.600001,1903.920001,1934.869999,23173404.0,
2016-03-14,1962.100001,2048.500000,1962.100001,2023.130000,40997664.0,
2016-03-15,2016.810000,2034.699999,1995.460000,1996.920001,34452745.0,
2016-03-16,2029.919999,2039.490001,1961.419999,1977.540000,33507355.0,
2016-03-17,1986.140001,2089.139999,1986.140001,2087.289999,52208030.0,
2016-03-18,2102.190001,2194.349999,2102.079999,2177.869999,63938095.0,
2016-03-21,2214.910001,2234.350000,2191.660000,2227.030001,63845763.0,
2016-03-22,2201.189999,2248.190001,2189.939999,2221.700000,52501083.0,
2016-03-23,2214.870000,2259.109999,2205.070000,2259.109999,49852202.0,
2016-03-24,2234.220001,2277.920001,2217.840001,2219.769999,54767835.0,
2016-03-25,2209.260001,2232.070000,2183.600000,2216.090001,41598980.0,
2016-03-28,2233.129999,2259.130000,2192.349999,2199.690000,45630748.0,
2016-03-29,2190.880001,2194.890000,2130.850001,2152.549999,39628257.0,
2016-03-30,2172.739999,2248.780000,2172.739999,2248.780000,46542617.0,
2016-03-31,2256.430000,2271.960001,2232.299999,2238.290000,50514154.0,
2016-04-01,2223.380001,2227.000000,2171.340000,2205.370000,40715937.0,
2016-04-05,2207.460001,2285.199999,2205.440000,2279.520000,49811537.0,
2016-04-06,2274.769999,2305.410000,2271.500001,2297.040000,53433253.0,
2016-04-07,2310.919999,2316.629999,2248.680000,2248.680000,53930101.0,
2016-04-08,2230.950000,2239.799999,2194.230000,2229.930000,45924689.0,
2016-04-11,2255.070001,2301.410000,2255.070001,2283.139999,50116207.0,
2016-04-12,2283.210001,2289.540000,2236.440000,2264.020000,45314658.0,
2016-04-13,2278.519999,2330.050000,2278.519999,2294.010000,57522857.0,
2016-04-14,2310.600000,2325.380000,2289.570001,2324.390001,46139450.0,
2016-04-15,2328.310000,2328.310000,2297.679999,2309.680000,40308908.0,
2016-04-18,2288.420000,2288.420000,2249.340000,2265.590001,38252496.0,
2016-04-19,2278.310000,2289.049999,2253.590000,2272.519999,35911567.0,
2016-04-20,2279.759999,2284.100000,2119.420000,2145.240000,56160931.0,
2016-04-21,2135.930001,2160.259999,2106.970001,2110.160000,36026892.0,
2016-04-22,2093.780000,2136.920000,2090.950001,2136.920000,29586774.0,
2016-04-25,2128.660000,2130.059999,2083.639999,2126.829999,26959280.0,
2016-04-26,2123.870000,2155.700001,2119.379999,2155.700001,27579366.0,
2016-04-27,2162.760000,2176.329999,2142.460000,2146.610001,32179112.0,
2016-04-28,2149.100000,2158.490000,2108.270000,2155.229999,31257269.0,
2016-04-29,2141.580001,2162.190000,2138.739999,2138.739999,25362369.0,
2016-05-03,2138.960001,2217.230000,2126.870000,2217.230000,40518570.0,
2016-05-04,2210.130001,2233.589999,2206.260000,2211.020000,41117967.0,
2016-05-05,2208.400000,2226.549999,2198.760000,2224.089999,34603689.0,
2016-05-06,2226.440000,2235.960001,2129.189999,2129.189999,49401483.0,
2016-05-09,2107.330001,2107.330001,2045.119999,2053.599999,37401164.0,
2016-05-10,2051.380000,2067.619999,2044.280000,2054.219999,25343896.0,
2016-05-11,2067.690000,2073.829999,2032.300001,2034.930000,28980495.0,
2016-05-12,2006.260001,2039.319999,1975.060000,2034.560001,28433749.0,
2016-05-13,2030.940000,2058.660000,2013.860001,2025.220001,26223878.0,
2016-05-16,2017.840000,2057.859999,2008.540000,2057.859999,28343345.0,
2016-05-17,2059.509999,2107.729999,2036.880000,2081.440001,38088173.0,
2016-05-18,2062.810000,2062.810000,2000.530000,2020.470000,35523822.0,
2016-05-19,2023.960000,2076.480000,2023.960000,2037.400000,33919736.0,
2016-05-20,2018.380001,2065.300000,2013.530000,2065.300000,31659474.0,
2016-05-23,2073.000000,2107.050000,2073.000000,2098.229999,38387501.0,
2016-05-24,2094.210000,2094.210000,2061.520001,2075.510000,34139734.0,
2016-05-25,2091.970001,2111.260000,2062.639999,2067.250000,36260689.0,
2016-05-26,2060.429999,2086.490000,2019.299999,2086.010001,37261301.0,
2016-05-27,2076.299999,2090.170001,2065.370001,2069.890001,34131535.0,
2016-05-30,2054.619999,2083.830000,2033.669999,2058.520000,33054053.0,
2016-05-31,2061.840000,2160.530001,2060.140000,2159.799999,56992436.0,
2016-06-01,2164.729999,2188.880000,2163.050000,2168.820000,58794177.0,
2016-06-02,2163.589999,2188.560001,2160.250000,2188.560001,54154712.0,
2016-06-03,2176.360000,2236.580001,2175.810000,2204.970000,64614588.0,
2016-06-06,2212.460000,2219.270001,2181.990001,2199.300001,49092386.0,
2016-06-07,2202.040000,2204.180001,2181.290000,2196.730001,45258223.0,
2016-06-08,2191.269999,2201.530000,2166.970000,2186.540000,47491814.0,
2016-06-13,2150.390000,2165.280000,2054.710000,2054.710000,53756487.0,
2016-06-14,2045.210000,2070.150001,2032.439999,2058.310000,38905975.0,
2016-06-15,2033.600000,2143.450000,2031.669999,2128.800000,50827619.0,
2016-06-16,2124.159999,2137.180000,2097.349999,2101.420001,49736194.0,
2016-06-17,2109.569999,2154.520001,2105.240000,2122.890001,50886964.0,
2016-06-20,2117.989999,2127.680000,2088.290000,2119.630000,44233147.0,
2016-06-21,2135.459999,2153.230001,2083.689999,2092.000000,52619369.0,
2016-06-22,2085.980000,2144.820000,2085.650001,2144.820000,48500538.0,
2016-06-23,2144.580000,2153.579999,2115.839999,2137.490000,53512181.0,
2016-06-24,2131.150001,2157.940000,2060.200000,2127.360000,64400552.0,
2016-06-27,2111.100000,2194.130000,2110.599999,2191.810000,61802507.0,
2016-06-28,2181.409999,2221.460000,2173.530000,2216.710001,69894236.0,
2016-06-29,2228.509999,2238.350000,2203.490000,2209.790000,59866686.0,
2016-06-30,2213.600000,2233.279999,2206.800001,2227.789999,57068917.0,
2016-07-01,2231.179999,2241.630000,2203.930000,2211.180000,47684378.0,
2016-07-04,2195.620000,2254.150000,2193.839999,2248.710000,52081614.0,
2016-07-05,2253.690000,2259.290000,2229.000000,2246.019999,53546310.0,
2016-07-06,2239.760001,2246.729999,2229.269999,2241.560001,46098731.0,
2016-07-07,2240.900000,2247.580000,2212.410000,2233.920000,55049918.0,
2016-07-08,2231.970000,2257.319999,2220.210000,2239.000000,47569781.0,
2016-07-11,2242.260000,2252.660000,2216.570000,2218.589999,53188669.0,
2016-07-12,2218.020000,2247.349999,2182.029999,2247.349999,55163397.0,
2016-07-13,2258.260000,2299.860000,2250.639999,2285.370001,58098824.0,
2016-07-14,2282.160000,2295.590001,2273.420000,2293.080000,50294625.0,
2016-07-15,2289.099999,2293.080000,2260.160000,2263.779999,47067547.0,
2016-07-18,2257.419999,2268.790000,2234.209999,2249.869999,41749944.0,
2016-07-19,2249.740000,2273.720000,2237.000000,2273.720000,41359710.0,
2016-07-20,2272.640000,2288.650001,2268.530000,2268.530000,43689616.0,
2016-07-21,2266.080000,2289.669999,2259.200000,2265.130001,45103626.0,
2016-07-22,2262.100001,2269.550001,2248.300000,2250.000000,40420397.0,
2016-07-25,2245.859999,2264.440000,2235.450001,2245.890000,37437208.0,
2016-07-26,2245.940000,2279.549999,2245.940000,2279.549999,36165503.0,
2016-07-27,2282.069999,2284.279999,2138.780000,2155.390001,63315114.0,
2016-07-28,2150.320000,2166.600000,2109.870000,2139.740000,43038520.0,
2016-07-29,2144.270000,2147.190000,2109.130000,2122.409999,31654139.0,
2016-08-01,2113.670000,2118.090000,2066.179999,2099.180000,32837238.0,
2016-08-02,2096.550000,2114.950000,2094.119999,2113.210000,25102198.0,
2016-08-03,2110.230000,2117.620000,2096.729999,2108.310000,26589353.0,
2016-08-04,2107.619999,2133.180000,2102.270000,2129.649999,31872353.0,
2016-08-05,2128.740001,2129.330000,2107.440000,2109.050000,28354309.0,
2016-08-08,2102.240001,2130.590001,2083.980000,2130.590001,26546575.0,
2016-08-09,2128.640001,2154.500000,2128.219999,2154.500000,33634362.0,
2016-08-10,2155.390001,2164.619999,2136.830000,2136.999999,32552437.0,
2016-08-11,2134.600001,2139.199999,2103.400000,2103.400000,29775195.0,
2016-08-12,2098.770000,2123.860001,2097.909999,2123.840000,25919437.0,
2016-08-15,2126.790001,2200.920000,2112.250001,2193.210000,47469909.0,
2016-08-16,2195.019999,2211.010001,2192.969999,2201.100001,41894229.0,
2016-08-17,2200.240000,2218.289999,2195.370000,2208.200000,38309641.0,
2016-08-18,2204.950001,2213.299999,2191.930000,2201.590000,37873956.0,
2016-08-19,2200.680001,2211.060001,2194.110001,2204.560000,34079969.0,
2016-08-22,2205.570000,2213.409999,2167.399999,2167.399999,37116421.0,
2016-08-23,2168.340000,2186.740000,2160.300000,2174.160000,30192240.0,
2016-08-24,2178.530000,2204.800000,2176.350000,2192.170000,34558486.0,
2016-08-25,2179.010001,2183.729999,2152.110001,2180.660001,38573293.0,
2016-08-26,2186.000001,2211.630000,2182.110000,2189.750001,39402495.0,
2016-08-29,2187.720000,2209.249999,2183.810000,2193.200000,37814784.0,
2016-08-30,2197.489999,2210.400000,2193.069999,2195.530000,36388415.0,
2016-08-31,2194.609999,2198.250000,2175.840000,2191.760000,34232359.0,
2016-09-01,2192.940000,2201.280000,2181.330001,2181.330001,35320383.0,
2016-09-02,2176.390001,2187.690001,2160.109999,2170.860000,34463469.0,
2016-09-05,2178.630000,2199.649999,2178.090001,2182.690000,31350628.0,
2016-09-06,2183.230001,2225.250000,2161.930000,2222.840000,46134653.0,
2016-09-07,2223.020001,2232.120000,2208.830000,2212.050000,48768066.0,
2016-09-08,2211.390000,2223.469999,2207.110000,2223.469999,38590930.0,
2016-09-09,2223.579999,2228.540000,2202.970000,2202.970000,38968751.0,
2016-09-12,2163.450001,2179.979999,2145.030000,2145.560000,41905375.0,
2016-09-13,2157.949999,2165.580000,2139.340000,2145.870000,30860316.0,
2016-09-14,2137.399999,2156.980001,2131.709999,2144.560001,29032310.0,
2016-09-19,2149.369999,2174.400000,2149.369999,2165.210000,26844050.0,
2016-09-20,2164.419999,2167.640000,2153.939999,2158.430000,28844355.0,
2016-09-21,2158.060001,2170.080001,2157.379999,2162.130000,27049597.0,
2016-09-22,2174.300000,2178.530000,2166.610000,2168.419999,28362323.0,
2016-09-23,2171.630000,2173.490000,2156.040000,2156.509999,30098249.0,
2016-09-26,2154.399999,2161.760001,2122.900000,2122.900000,32401347.0,
2016-09-27,2118.950000,2140.799999,2112.699999,2140.799999,28166716.0,
2016-09-28,2143.719999,2143.719999,2132.550000,2139.630001,24175726.0,
2016-09-29,2141.340000,2155.420000,2140.980000,2146.180000,25538390.0,
2016-09-30,2144.470000,2154.399999,2143.340000,2149.900001,23142883.0,
2016-10-10,2165.849999,2208.470000,2163.410000,2208.470000,36210604.0,
2016-10-11,2207.430000,2210.860000,2201.310000,2210.860000,33618196.0,
2016-10-12,2202.360000,2216.520000,2198.890001,2209.690000,32205924.0,
2016-10-13,2211.750000,2216.090001,2200.519999,2208.570000,32880023.0,
2016-10-14,2203.870001,2203.870001,2178.910001,2194.230000,32467017.0,
2016-10-17,2199.179999,2200.469999,2159.999999,2167.859999,34755160.0,
2016-10-18,2164.600000,2198.140000,2164.600000,2198.140000,33830747.0,
2016-10-19,2200.530001,2201.160000,2180.470000,2184.909999,35703034.0,
2016-10-20,2187.410000,2199.060000,2184.350001,2193.260000,39193185.0,
2016-10-21,2196.850000,2202.490000,2167.830000,2180.999999,41616515.0,
2016-10-24,2184.110000,2204.360000,2176.920000,2200.800000,37525697.0,
2016-10-25,2202.790001,2207.809999,2196.569999,2200.209999,34010903.0,
2016-10-26,2203.480000,2204.840001,2179.760000,2184.490000,39927388.0,
2016-10-27,2182.909999,2184.320000,2171.240000,2182.480000,32058256.0,
2016-10-28,2182.560001,2192.900000,2165.029999,2165.430000,37520830.0,
2016-10-31,2158.570001,2162.669999,2145.569999,2159.760001,31724369.0,
2016-11-01,2160.390000,2177.830001,2159.710001,2176.450001,34872399.0,
2016-11-02,2170.810000,2171.659999,2145.070001,2146.400001,38992661.0,
2016-11-03,2137.130000,2167.930000,2135.280000,2153.180001,43866866.0,
2016-11-04,2151.920000,2168.340000,2142.410000,2145.230001,40275071.0,
2016-11-07,2141.300000,2145.820000,2126.950000,2130.300000,35113623.0,
2016-11-08,2138.450001,2154.570001,2136.250000,2150.299999,33764857.0,
2016-11-09,2150.620001,2154.850000,2098.560000,2123.840000,41862022.0,
2016-11-10,2143.560000,2149.090000,2138.940000,2143.320001,37575298.0,
2016-11-11,2143.580001,2147.109999,2125.489999,2147.109999,44124778.0,
2016-11-14,2146.830000,2175.249999,2146.830000,2161.689999,46558866.0,
2016-11-15,2161.570000,2179.300000,2152.380000,2179.300000,43229678.0,
2016-11-16,2187.500000,2208.980000,2182.120000,2182.470000,51659092.0,
2016-11-17,2176.119999,2176.119999,2157.539999,2163.040001,36753517.0,
2016-11-18,2164.710000,2170.789999,2155.229999,2157.960001,32671430.0,
2016-11-21,2156.459999,2162.370001,2147.050000,2152.600000,34743223.0,
2016-11-22,2156.520001,2177.650000,2146.620000,2177.650000,41202112.0,
2016-11-23,2182.100001,2191.260000,2163.000000,2165.710001,49392912.0,
2016-11-24,2159.610000,2172.180001,2142.949999,2146.630000,39967955.0,
2016-11-25,2145.970000,2167.530000,2123.740000,2167.530000,41598642.0,
2016-11-28,2172.970000,2175.509999,2159.730000,2166.040000,35057826.0,
2016-11-29,2161.780000,2178.190001,2153.720000,2160.350000,40323865.0,
2016-11-30,2157.539999,2201.549999,2155.240001,2183.050000,41888076.0,
2016-12-01,2181.730001,2188.089999,2175.500000,2181.929999,34102657.0,
2016-12-02,2180.389999,2186.690000,2143.209999,2143.450000,38481895.0,
2016-12-05,2129.250001,2162.300000,2124.750000,2143.879999,30341459.0,
2016-12-06,2149.750000,2156.690000,2121.250000,2122.259999,28738655.0,
2016-12-07,2123.550001,2134.989999,2116.540000,2134.989999,26993264.0,
2016-12-08,2135.790000,2136.260000,2114.039999,2114.709999,29346543.0,
2016-12-09,2114.449999,2118.630000,2097.089999,2099.890000,29318900.0,
2016-12-12,2095.580000,2096.400000,1981.170000,1984.390001,45320516.0,
2016-12-13,1982.080001,1995.350000,1961.910000,1985.039999,30454872.0,
2016-12-14,1982.980000,1988.460000,1958.040001,1963.080001,26826273.0,
2016-12-15,1957.710000,1991.320001,1956.550001,1975.849999,26921235.0,
2016-12-16,1977.859999,2005.279999,1972.220001,1998.110000,26396374.0,
2016-12-19,1994.999999,1994.999999,1976.769999,1980.410000,23412761.0,
2016-12-20,1981.690000,1989.990001,1974.929999,1982.300000,22915613.0,
2016-12-21,1987.759999,1996.100001,1985.049999,1991.700000,24556538.0,
2016-12-22,1993.040000,1993.040000,1978.740001,1986.270000,22576230.0,
2016-12-23,1987.730001,1992.210000,1964.230000,1964.540000,24758644.0,
2016-12-26,1959.190000,1974.010001,1933.520000,1974.010001,25822441.0,
2016-12-27,1972.509999,1977.310000,1968.570001,1968.620001,24282865.0,
2016-12-28,1968.149999,1971.510000,1954.960001,1957.150000,24099892.0,
2016-12-29,1956.720000,1971.940000,1955.619999,1959.240000,24144412.0,
2016-12-30,1961.219999,1964.700000,1952.680000,1962.060000,23751791.0,
2017-01-03,1965.040000,1971.910001,1959.140000,1963.260000,23801780.0,
2017-01-04,1963.020001,1992.760001,1959.569999,1991.569999,30298554.0,
2017-01-05,1990.700001,1993.710000,1983.840000,1983.969999,26841628.0,
2017-01-06,1980.840001,1982.400000,1963.319999,1965.030001,29057445.0,
2017-01-09,1962.200001,1968.869999,1951.490000,1961.620000,25094728.0,
2017-01-10,1960.100001,1967.470000,1951.180000,1951.680001,22764271.0,
2017-01-11,1947.420001,1959.300000,1932.459999,1937.550001,26448794.0,
2017-01-12,1935.520000,1946.590001,1929.050000,1930.140000,23379379.0,
2017-01-13,1930.110001,1934.480001,1899.110000,1899.940000,26489806.0,
2017-01-16,1897.450001,1897.820000,1783.739999,1830.850001,36824727.0,
2017-01-17,1824.099999,1875.800000,1805.390000,1867.870001,31653448.0,
2017-01-18,1860.240000,1862.829999,1845.569999,1845.790001,22720548.0,
2017-01-19,1842.660001,1853.110000,1833.499999,1844.140001,20696526.0,
2017-01-20,1844.370000,1892.360001,1842.620000,1880.749999,27940758.0,
2017-01-23,1879.970000,1897.100000,1879.710000,1887.319999,24566192.0,
2017-01-24,1885.240000,1885.950001,1859.710001,1861.220000,22732103.0,
2017-01-25,1857.320000,1874.630000,1856.220000,1870.700001,20653603.0,
2017-01-26,1872.140000,1887.670000,1872.140000,1886.230000,19862188.0,
2017-02-03,1886.970001,1888.809999,1872.700001,1876.760001,18991134.0,
2017-02-06,1877.140000,1903.330000,1874.710000,1900.450000,24797525.0,
2017-02-07,1897.870000,1900.350000,1881.730001,1889.130001,25506649.0,
2017-02-08,1887.340000,1903.630000,1881.140000,1903.630000,29127887.0,
2017-02-09,1903.670000,1916.410000,1901.880000,1914.079999,32106526.0,
2017-02-10,1913.230000,1915.430000,1900.710000,1904.679999,29874916.0,
2017-02-13,1902.460000,1919.200000,1894.149999,1913.680001,29419549.0,
2017-02-14,1914.140001,1918.790000,1906.410000,1909.399999,26741131.0,
2017-02-15,1911.039999,1920.289999,1890.089999,1892.360001,31909489.0,
2017-02-16,1891.870000,1900.970000,1886.410001,1897.630000,27688689.0,
2017-02-17,1896.700000,1904.870000,1880.999999,1882.870001,30519689.0,
2017-02-20,1884.990000,1894.960000,1876.670000,1894.960000,29283960.0,
2017-02-21,1896.860000,1924.030000,1895.429999,1921.080000,35734894.0,
2017-02-22,1921.550000,1925.300000,1909.120000,1919.970000,31624710.0,
2017-02-23,1919.240000,1925.950001,1906.810000,1925.950001,32704508.0,
2017-02-24,1925.100000,1939.389999,1921.300000,1938.440000,34053568.0,
2017-02-27,1937.560001,1943.980001,1923.530001,1926.770001,34433575.0,
2017-02-28,1926.139999,1931.820000,1918.320000,1927.160000,31317814.0,
2017-03-01,1925.700000,1938.680001,1923.750000,1931.970000,34223062.0,
2017-03-02,1936.080000,1937.899999,1919.740001,1920.400001,31413656.0,
2017-03-03,1916.200000,1932.210001,1908.319999,1928.290000,31517880.0,
2017-03-06,1931.620000,1962.770001,1931.620000,1962.770001,39855963.0,
2017-03-07,1967.180001,1977.849999,1957.290000,1977.849999,38814716.0,
2017-03-08,1976.850000,1976.850000,1960.070000,1964.630000,33620520.0,
2017-03-09,1962.640000,1962.640000,1948.789999,1953.940001,33261475.0,
2017-03-10,1952.500001,1957.710000,1945.570001,1950.010000,29642545.0,
2017-03-13,1948.520000,1972.080000,1939.029999,1970.880001,34137266.0,
2017-03-14,1967.470000,1970.480000,1952.100000,1958.020000,35582313.0,
2017-03-15,1951.709999,1964.430000,1943.610001,1957.820000,33550571.0,
2017-03-16,1959.050000,1968.430000,1959.050000,1966.730000,36240698.0,
2017-03-17,1968.149999,1981.690000,1949.349999,1949.659999,43486175.0,
2017-03-20,1948.600001,1953.819999,1939.649999,1953.819999,35099191.0,
2017-03-21,1953.559999,1961.650000,1948.889999,1961.059999,31857190.0,
2017-03-22,1952.799999,1959.710000,1939.289999,1948.579999,35523344.0,
2017-03-23,1951.869999,1960.339999,1930.440000,1948.370000,38097143.0,
2017-03-24,1948.269999,1966.420001,1946.119999,1965.140000,33568584.0,
2017-03-27,1964.620001,1967.110000,1947.530000,1947.530000,32664223.0,
2017-03-28,1946.329999,1953.240000,1940.380001,1944.360000,27764268.0,
2017-03-29,1945.139999,1948.720000,1926.599999,1929.200000,33074116.0,
2017-03-30,1924.510001,1926.530000,1893.300000,1893.700001,37535542.0,
2017-03-31,1895.810001,1908.529999,1895.810001,1907.340000,28325785.0,
2017-04-05,1914.910001,1943.430000,1914.910001,1943.160000,34404954.0,
2017-04-06,1947.089999,1951.230000,1939.370000,1944.230001,32938063.0,
2017-04-07,1942.109999,1953.569999,1939.320000,1946.050000,35617462.0,
2017-04-10,1940.300000,1940.300000,1911.110001,1912.450001,44655019.0,
2017-04-11,1907.100001,1920.780000,1887.889999,1917.630001,44673039.0,
2017-04-12,1913.780001,1915.020000,1896.850000,1897.510000,34557717.0,
2017-04-13,1896.490000,1920.230000,1896.490000,1910.479999,29854160.0,
2017-04-14,1910.989999,1910.989999,1887.350000,1887.460000,32508898.0,
2017-04-17,1880.770000,1886.610001,1862.359999,1868.280001,34278108.0,
2017-04-18,1867.580000,1878.100000,1847.200000,1848.200001,32714525.0,
2017-04-19,1841.600000,1845.640001,1812.390000,1845.380001,36153456.0,
2017-04-20,1843.970000,1856.730001,1836.440001,1850.390000,31129514.0,
2017-04-21,1849.280001,1863.580000,1836.520000,1839.010001,26452930.0,
2017-04-24,1832.820000,1832.820000,1796.360000,1809.910000,29459279.0,
2017-04-25,1809.560000,1829.260000,1807.669999,1818.869999,28768571.0,
2017-04-26,1812.859999,1822.120001,1811.040000,1820.480000,29522819.0,
2017-04-27,1815.110000,1847.929999,1794.400000,1842.920000,43238960.0,
2017-04-28,1838.739999,1856.399999,1834.429999,1850.730000,33686661.0,
2017-05-02,1849.219999,1855.340001,1843.829999,1850.850000,30401175.0,
2017-05-03,1848.710001,1854.680000,1832.560000,1840.450001,34236675.0,
2017-05-04,1838.710000,1858.559999,1828.629999,1838.100000,37835330.0,
2017-05-05,1832.679999,1839.650000,1818.190000,1818.190000,33874804.0,
2017-05-08,1814.100001,1825.760001,1788.710000,1788.710000,33282208.0,
2017-05-09,1780.520001,1803.209999,1770.590000,1802.489999,31945521.0,
2017-05-10,1801.780001,1815.830000,1771.319999,1771.319999,34492896.0,
2017-05-11,1761.470001,1772.470000,1727.580001,1772.410001,37314968.0,
2017-05-12,1768.300001,1774.900000,1750.400000,1774.630000,30941100.0,
2017-05-15,1778.180000,1788.560000,1776.010000,1778.640000,29051364.0,
2017-05-16,1774.390000,1814.940000,1764.290001,1814.940000,42500339.0,
2017-05-17,1812.709999,1833.870001,1810.210000,1822.640000,45265395.0,
2017-05-18,1807.180000,1827.780000,1803.860000,1813.510000,39567141.0,
2017-05-19,1812.730000,1815.810000,1793.039999,1801.080000,33845629.0,
2017-05-22,1798.560000,1814.410001,1779.470000,1788.080000,35193740.0,
2017-05-23,1784.530001,1790.109999,1757.370000,1758.230001,36268884.0,
2017-05-24,1749.160000,1776.440000,1730.360000,1776.280000,33117970.0,
2017-05-25,1770.649999,1785.670000,1745.229999,1777.690001,37690089.0,
2017-05-26,1769.120001,1772.930000,1754.770000,1759.630000,36145348.0,
2017-05-31,1777.650001,1783.150000,1762.080001,1763.730001,34190641.0,
2017-06-01,1757.800000,1757.890000,1728.489999,1728.489999,33856826.0,
2017-06-02,1721.399999,1754.209999,1711.820000,1745.930000,34117096.0,
2017-06-05,1747.530000,1767.290000,1747.530000,1761.249999,32786763.0,
2017-06-06,1759.290000,1773.070001,1758.319999,1766.389999,29892568.0,
2017-06-07,1764.960001,1802.520000,1762.730000,1799.850000,43103748.0,
2017-06-08,1798.689999,1804.660001,1792.100000,1794.750001,38599053.0,
2017-06-09,1793.649999,1797.640000,1782.180000,1796.130001,35001165.0,
2017-06-12,1787.560001,1787.560001,1773.530001,1775.550000,31062670.0,
2017-06-13,1773.009999,1800.200000,1771.850000,1795.630000,32889582.0,
2017-06-14,1794.040000,1798.200000,1787.060000,1790.640001,34038560.0,
2017-06-15,1788.810000,1823.420000,1788.430001,1816.260001,46357582.0,
2017-06-16,1816.160001,1819.100000,1809.480001,1810.050001,37122853.0,
2017-06-19,1809.510000,1817.500000,1805.879999,1816.399999,30777220.0,
2017-06-20,1818.690000,1833.940000,1818.690000,1820.980001,39576295.0,
2017-06-21,1827.890000,1829.399999,1810.039999,1824.690000,37814553.0,
2017-06-22,1821.839999,1828.800000,1798.379999,1798.379999,39877954.0,
2017-06-23,1794.500000,1807.430001,1776.599999,1807.430001,36235840.0,
2017-06-26,1805.879999,1821.279999,1801.210001,1821.279999,31533580.0,
2017-06-27,1821.370000,1830.219999,1816.659999,1819.930000,30839946.0,
2017-06-28,1817.429999,1818.110001,1802.379999,1808.200001,28924413.0,
2017-06-29,1808.289999,1822.819999,1807.619999,1813.550000,29049651.0,
2017-06-30,1808.079999,1819.880000,1802.610000,1818.070000,28840565.0,
2017-07-03,1818.199999,1836.490001,1816.030000,1835.990000,32861053.0,
2017-07-04,1833.890000,1834.240001,1823.849999,1829.510001,30874201.0,
2017-07-05,1827.260000,1836.660000,1820.960000,1836.629999,33699054.0,
2017-07-06,1835.809999,1844.200001,1823.370000,1838.999999,40819313.0,
2017-07-07,1833.880001,1836.780000,1828.720000,1835.440000,35697360.0,
2017-07-10,1831.370000,1831.370000,1803.230000,1803.250000,38393806.0,
2017-07-11,1799.520001,1804.720000,1783.910001,1783.910001,33432830.0,
2017-07-12,1779.900001,1788.690001,1764.100000,1786.750000,34480053.0,
2017-07-13,1784.259999,1786.220001,1774.780000,1778.859999,27825789.0,
2017-07-14,1771.330001,1771.330001,1742.220000,1745.570000,33167379.0,
2017-07-17,1730.699999,1730.699999,1656.430000,1656.430000,46497775.0,
2017-07-18,1646.640001,1672.719999,1641.380000,1667.490001,32357696.0,
2017-07-19,1663.160000,1685.740000,1654.770000,1684.770000,30165647.0,
2017-07-20,1684.260000,1712.700000,1683.110001,1688.610000,31859209.0,
2017-07-21,1688.789999,1699.670000,1685.790000,1690.150000,26460795.0,
2017-07-24,1685.709999,1689.380000,1674.719999,1686.440001,29302711.0,
2017-07-25,1686.570000,1694.400001,1680.950001,1688.090001,29261831.0,
2017-07-26,1689.480000,1692.620000,1674.220001,1681.310001,30195584.0,
2017-07-27,1678.870000,1742.919999,1675.300001,1742.190000,59925451.0,
2017-07-28,1740.540000,1746.540000,1732.890000,1734.070000,45175152.0,
2017-07-31,1731.920000,1744.049999,1725.500000,1736.300001,39139696.0,
2017-08-01,1735.910000,1742.010001,1727.590000,1741.069999,40083501.0,
2017-08-02,1740.390000,1744.299999,1723.230000,1724.830000,41391669.0,
2017-08-03,1723.030000,1757.759999,1716.530001,1733.120001,44977003.0,
2017-08-04,1731.030000,1734.180000,1718.910000,1719.620001,39346933.0,
2017-08-07,1722.240001,1743.620000,1720.989999,1732.430000,33176114.0,
2017-08-08,1731.730001,1762.440001,1728.589999,1762.420000,43963557.0,
2017-08-09,1756.500000,1770.749999,1751.830000,1763.049999,42378815.0,
2017-08-10,1761.430000,1777.190000,1741.400000,1753.670000,42016944.0,
2017-08-11,1742.000001,1763.910000,1738.139999,1742.140000,40947916.0,
2017-08-14,1745.010000,1794.069999,1745.010000,1793.480000,49516554.0,
2017-08-15,1796.240000,1803.190000,1785.620000,1798.570000,44048651.0,
2017-08-16,1797.050001,1835.620001,1792.720000,1825.189999,62201218.0,
2017-08-17,1819.429999,1845.250000,1816.139999,1833.399999,57371071.0,
2017-08-18,1822.070001,1835.670001,1817.639999,1821.799999,46125788.0,
2017-08-21,1823.370000,1834.660000,1818.860000,1829.220000,39675379.0,
2017-08-22,1829.399999,1831.659999,1811.970000,1814.920001,42130315.0,
2017-08-23,1813.429999,1818.650000,1801.149999,1807.369999,37813583.0,
2017-08-24,1807.850000,1812.080000,1792.700000,1795.740000,39524375.0,
2017-08-25,1794.700000,1814.540000,1794.700000,1812.880000,39318599.0,
2017-08-28,1815.839999,1856.210001,1815.839999,1842.830000,54348969.0,
2017-08-29,1842.150000,1850.820001,1828.540001,1831.590000,47377871.0,
2017-08-30,1830.700000,1849.240000,1830.550000,1838.630000,41185620.0,
2017-08-31,1840.999999,1850.809999,1839.810000,1849.380001,39984154.0,
2017-09-01,1850.020000,1865.810001,1840.520000,1865.250001,51487784.0,
2017-09-04,1863.020000,1888.980001,1858.390000,1883.619999,60183803.0,
2017-09-05,1881.669999,1891.789999,1873.160001,1885.159999,55091994.0,
2017-09-06,1880.699999,1902.860000,1877.270001,1902.860000,59420417.0,
2017-09-07,1904.540001,1917.960000,1889.330001,1890.380000,69683104.0,
2017-09-08,1888.399999,1895.860001,1872.910000,1885.269999,52111382.0,
2017-09-11,1883.650000,1896.380000,1880.140001,1896.380000,49408368.0,
2017-09-12,1897.520000,1904.300000,1882.570000,1884.480000,63835543.0,
2017-09-13,1884.540000,1888.440000,1874.870000,1888.430000,47073417.0,
2017-09-14,1887.360000,1892.990000,1874.219999,1879.250000,47803711.0,
2017-09-15,1877.170001,1882.530000,1869.630000,1875.630001,43668997.0,
2017-09-18,1874.450000,1894.810000,1873.969999,1894.800000,39592144.0,
2017-09-19,1896.619999,1901.270000,1877.140000,1880.300001,43950148.0,
2017-09-20,1878.570000,1892.670001,1876.680000,1892.670001,45220895.0,
2017-09-21,1892.950000,1898.209999,1872.650001,1872.770000,49244465.0,
2017-09-22,1869.110000,1871.240000,1854.940000,1866.419999,44521762.0,
2017-09-25,1864.860000,1869.390000,1841.359999,1843.619999,40950703.0,
2017-09-26,1840.480000,1848.139999,1826.920000,1839.459999,37443374.0,
2017-09-27,1840.170000,1857.329999,1840.170000,1854.940000,36546605.0,
2017-09-28,1853.379999,1864.250000,1852.460001,1854.730001,39536586.0,
2017-09-29,1858.060001,1866.979999,1856.860000,1866.979999,39320912.0,
2017-10-09,1889.889999,1894.910000,1880.389999,1889.839999,47047716.0,
2017-10-10,1890.659999,1917.459999,1887.469999,1917.459999,54539819.0,
2017-10-11,1918.350001,1924.000001,1899.960001,1901.549999,54561541.0,
2017-10-12,1900.870000,1909.480000,1889.440001,1899.990000,44826494.0,
2017-10-13,1901.179999,1927.019999,1898.340000,1926.070000,47288441.0,
2017-10-16,1920.940000,1921.640001,1882.690000,1882.690000,55229015.0,
2017-10-17,1876.689999,1888.620001,1868.920000,1876.990000,33843304.0,
2017-10-18,1878.290001,1890.320000,1867.830000,1868.159999,38426017.0,
2017-10-19,1865.930000,1876.670000,1855.360000,1862.610000,37950221.0,
2017-10-20,1858.619999,1880.210000,1856.099999,1880.210000,31106953.0,
2017-10-23,1881.409999,1900.380001,1878.340001,1898.760000,33221669.0,
2017-10-24,1895.439999,1901.690000,1882.680000,1901.690000,34304096.0,
2017-10-25,1898.630001,1913.260001,1893.939999,1913.260001,32008675.0,
2017-10-26,1911.850000,1918.790000,1902.269999,1910.720000,37129736.0,
2017-10-27,1909.570001,1910.930000,1895.260000,1896.220001,33676191.0,
2017-10-30,1894.860000,1902.050000,1848.039999,1855.989999,45174415.0,
2017-10-31,1855.939999,1869.790000,1855.229999,1869.790000,30424371.0,
2017-11-01,1867.990000,1881.490000,1866.519999,1872.750001,33746366.0,
2017-11-02,1869.720001,1869.720001,1847.410000,1847.560000,36142295.0,
2017-11-03,1843.800000,1856.220000,1825.289999,1832.970000,34622488.0,
2017-11-06,1831.900000,1850.299999,1818.409999,1850.299999,32860325.0,
2017-11-07,1849.319999,1859.110000,1843.920000,1859.070000,35446552.0,
2017-11-08,1858.640000,1881.049999,1856.390000,1866.140000,41798818.0,
2017-11-09,1864.250000,1884.110000,1858.730001,1884.110000,38871108.0,
2017-11-10,1882.720000,1905.060000,1882.280000,1900.630001,42308015.0,
2017-11-13,1904.579999,1911.170000,1895.870000,1906.440001,43329133.0,
2017-11-14,1908.040000,1912.490001,1888.859999,1896.719999,44263375.0,
2017-11-15,1892.650000,1894.609999,1861.589999,1868.080001,37304752.0,
2017-11-16,1865.720000,1883.020001,1859.770000,1878.260000,33919882.0,
2017-11-17,1879.430001,1884.020000,1831.010000,1833.900000,48941243.0,
2017-11-20,1819.169999,1859.749999,1795.690000,1859.749999,34647990.0,
2017-11-21,1856.730001,1871.709999,1844.420000,1856.960000,36583815.0,
2017-11-22,1854.580000,1867.790000,1837.299999,1853.379999,37662685.0,
2017-11-23,1848.220000,1848.220000,1793.490000,1794.779999,36564052.0,
2017-11-24,1789.510001,1804.210000,1782.600000,1782.659999,30068796.0,
2017-11-27,1781.220000,1794.009999,1758.450000,1760.900001,29595113.0,
2017-11-28,1761.520001,1794.140000,1761.520001,1793.870001,29097990.0,
2017-11-29,1793.280000,1795.510001,1767.630001,1787.380000,31519554.0,
2017-11-30,1783.229999,1792.140000,1765.300000,1770.300001,28435527.0,
2017-12-01,1772.039999,1808.690000,1771.890001,1804.620000,33246747.0,
2017-12-04,1803.030000,1812.399999,1795.130000,1797.770001,32285387.0,
2017-12-05,1794.700000,1799.880001,1746.120001,1758.590001,34953776.0,
2017-12-06,1755.770001,1784.819999,1744.490000,1784.309999,32556898.0,
2017-12-07,1780.969999,1791.060000,1774.990000,1776.990000,30133486.0,
2017-12-08,1776.260001,1803.359999,1776.260001,1792.159999,31775053.0,
2017-12-11,1800.129999,1816.980001,1800.129999,1816.980001,35147910.0,
2017-12-12,1818.409999,1821.480000,1798.689999,1798.689999,32687475.0,
2017-12-13,1795.470000,1806.190001,1787.710001,1806.090001,29086653.0,
2017-12-14,1804.190001,1809.669999,1787.670000,1794.340000,29836963.0,
2017-12-15,1793.239999,1801.409999,1780.270000,1783.970000,31839325.0,
2017-12-18,1784.409999,1790.870000,1773.319999,1780.640000,28155481.0,
2017-12-19,1781.810000,1802.580000,1781.810000,1798.500000,28159755.0,
2017-12-20,1798.360000,1799.360001,1779.679999,1782.409999,29232106.0,
2017-12-21,1776.449999,1796.579999,1762.980000,1789.740000,31933627.0,
2017-12-22,1788.660000,1795.070000,1778.609999,1779.340001,28850480.0,
2017-12-25,1778.960000,1780.520001,1751.909999,1755.809999,32017755.0,
2017-12-26,1755.139999,1760.460000,1742.260001,1758.820000,28709117.0,
2017-12-27,1756.040000,1760.420000,1743.770000,1745.240001,29566530.0,
2017-12-28,1742.470001,1759.100001,1742.020000,1745.019999,30244636.0,
2017-12-29,1745.949999,1753.980000,1741.000000,1752.650000,27708177.0,
2018-01-02,1759.020000,1770.010000,1748.530001,1769.669999,27532368.0,
2018-01-03,1770.029999,1798.780000,1766.339999,1795.380000,37065373.0,
2018-01-04,1790.650000,1795.249999,1788.540000,1794.610000,32511789.0,
2018-01-05,1797.260001,1804.880000,1795.260001,1801.420001,31297257.0,
2018-01-08,1801.180000,1806.160000,1785.379999,1806.160000,34430751.0,
2018-01-09,1803.359999,1808.660001,1799.420001,1803.590000,29817280.0,
2018-01-10,1803.600000,1804.730000,1780.099999,1791.079999,34398565.0,
2018-01-11,1787.380000,1807.150000,1776.010000,1804.229999,38318017.0,
2018-01-12,1800.889999,1802.520000,1785.610001,1785.699999,33682566.0,
2018-01-15,1778.790000,1780.190000,1726.999999,1732.620000,40088903.0,
2018-01-16,1729.559999,1740.850000,1720.650000,1729.600000,32634267.0,
2018-01-17,1722.450000,1750.059999,1697.619999,1742.030000,39236930.0,
2018-01-18,1735.460000,1754.619999,1734.770001,1738.000001,29252424.0,
2018-01-19,1735.030000,1745.589999,1726.529999,1728.140001,32442629.0,
2018-01-22,1726.320000,1776.180000,1715.430000,1768.210000,41961113.0,
2018-01-23,1767.330000,1776.490000,1760.340001,1767.830001,33874214.0,
2018-01-24,1763.690000,1817.080001,1752.300000,1813.280001,54469189.0,
2018-01-25,1811.109999,1852.230000,1807.510000,1810.830000,59931213.0,
2018-01-26,1809.130000,1830.550000,1809.130000,1816.800000,42053692.0,
2018-01-29,1811.540001,1826.100000,1791.580000,1799.769999,44124935.0,
2018-01-30,1794.330001,1808.010000,1779.329999,1782.400000,35466133.0,
2018-01-31,1766.770000,1767.780001,1732.980000,1735.059999,44603968.0,
2018-02-01,1735.660000,1746.550000,1697.390000,1697.390000,45082594.0,
2018-02-02,1683.180000,1726.889999,1676.240000,1702.430000,40344732.0,
2018-02-05,1678.190000,1698.280000,1674.979999,1688.270000,31945519.0,
2018-02-06,1653.450000,1675.560001,1597.890000,1598.120001,43013428.0,
2018-02-07,1632.869999,1637.780000,1571.470001,1616.400001,44850858.0,
2018-02-08,1608.729999,1651.590000,1608.629999,1641.430000,45922126.0,
2018-02-09,1598.480001,1629.360000,1576.889999,1592.509999,48379914.0,
2018-02-12,1604.560000,1654.650001,1604.560000,1648.069999,39352247.0,
2018-02-13,1657.130000,1669.080001,1644.870000,1648.579999,36224368.0,
2018-02-14,1649.570001,1652.010000,1633.760001,1646.770000,26030479.0,
2018-02-22,1661.560000,1679.790000,1650.880000,1677.760001,31568457.0,
2018-02-23,1674.619999,1681.239999,1656.949999,1668.830001,35293566.0,
2018-02-26,1683.150001,1733.710000,1673.949999,1729.149999,48349861.0,
2018-02-27,1729.940001,1757.370000,1728.310000,1743.539999,56491563.0,
2018-02-28,1730.150000,1773.729999,1723.399999,1753.630000,53315517.0,
2018-03-01,1744.340000,1789.849999,1741.030001,1789.849999,56670665.0,
2018-03-02,1777.460000,1804.250001,1767.900000,1772.010000,54471804.0,
2018-03-05,1780.819999,1795.690000,1768.880000,1795.690000,43586464.0,
2018-03-06,1798.030001,1810.260000,1790.540000,1797.609999,50175161.0,
2018-03-07,1795.170000,1800.450001,1780.299999,1785.270000,43481160.0,
2018-03-08,1783.100000,1795.820001,1781.460000,1793.220000,41561940.0,
2018-03-09,1794.250000,1858.030000,1793.920001,1856.459999,70726039.0,
2018-03-12,1872.030001,1901.150001,1872.030001,1882.410000,74704456.0,
2018-03-13,1879.630001,1896.500000,1863.160000,1872.679999,62153302.0,
2018-03-14,1863.570000,1874.150000,1840.350001,1841.290000,51908645.0,
2018-03-15,1833.770001,1848.720001,1812.480000,1848.710001,47712566.0,
2018-03-16,1847.180001,1857.150000,1821.320000,1821.320000,42184052.0,
2018-03-19,1822.600000,1860.200000,1818.620001,1842.920000,46305893.0,
2018-03-20,1828.009999,1867.460001,1825.670000,1864.619999,51393308.0,
2018-03-21,1866.810000,1877.130000,1829.909999,1829.909999,58396622.0,
2018-03-22,1830.560000,1841.400000,1814.690000,1817.229999,47262838.0,
2018-03-23,1751.740000,1792.230001,1710.400000,1726.019999,68610556.0,
2018-03-26,1704.349999,1781.839999,1693.730001,1780.609999,50640530.0,
2018-03-27,1799.149999,1846.540000,1797.089999,1844.690000,63541324.0,
2018-03-28,1819.660000,1856.890000,1816.440000,1835.149999,66070688.0,
2018-03-29,1843.440000,1857.320000,1825.970001,1842.190001,58532501.0,
2018-03-30,1850.200001,1900.960000,1849.250000,1900.480001,69905378.0,
2018-04-02,1911.570001,1918.220000,1891.960001,1900.250000,74880913.0,
2018-04-03,1869.870001,1886.970001,1850.010000,1872.470000,62799238.0,
2018-04-04,1880.330000,1887.109999,1834.670000,1836.810000,58128189.0,
2018-04-09,1830.879999,1862.970000,1819.090001,1841.650000,53586331.0,
2018-04-10,1838.880000,1842.220000,1811.350000,1835.520001,60303174.0,
2018-04-11,1840.090001,1857.920000,1832.419999,1834.629999,56039658.0,
2018-04-12,1830.910000,1848.630000,1826.690001,1826.890001,50445581.0,
2018-04-13,1840.870000,1848.920001,1822.660000,1824.590000,49321095.0,
2018-04-16,1818.249999,1852.080000,1816.320000,1838.710000,55631708.0,
2018-04-17,1843.750000,1849.690001,1783.739999,1783.739999,58117799.0,
2018-04-18,1793.830000,1832.989999,1757.390000,1822.259999,63462348.0,
2018-04-19,1815.450000,1839.130000,1812.930000,1820.280000,59617800.0,
2018-04-20,1813.750001,1830.729999,1781.210000,1782.810000,58874618.0,
2018-04-23,1784.149999,1794.679999,1729.900000,1753.050001,52322501.0,
2018-04-24,1753.640000,1806.899999,1749.179999,1806.860001,54781039.0,
2018-04-25,1798.000000,1825.229999,1795.790000,1819.410000,56271860.0,
2018-04-26,1818.690000,1819.429999,1780.620001,1781.279999,51665471.0,
2018-04-27,1790.300000,1813.570000,1779.169999,1805.600000,49011465.0,
2018-05-02,1814.630000,1833.270000,1788.009999,1801.570001,47948177.0,
2018-05-03,1797.120000,1827.770001,1767.600000,1826.790001,51381782.0,
2018-05-04,1821.019999,1832.960000,1812.070000,1814.850000,44555363.0,
2018-05-07,1819.670000,1854.299999,1819.019999,1852.340000,49841357.0,
2018-05-08,1852.690000,1857.949999,1842.630000,1856.869999,50618824.0,
2018-05-09,1853.830000,1861.940000,1845.900000,1855.810000,50079088.0,
2018-05-10,1857.990000,1866.820000,1846.110000,1865.360001,55158673.0,
2018-05-11,1866.929999,1870.000000,1834.780000,1834.780000,53033001.0,
2018-05-14,1835.700000,1844.649999,1825.690000,1830.980000,47722578.0,
2018-05-15,1830.840001,1858.990001,1825.500001,1858.010001,44742033.0,
2018-05-16,1850.010000,1862.290000,1845.090000,1846.670000,44964470.0,
2018-05-17,1845.280001,1851.119999,1826.230000,1831.200001,41665758.0,
2018-05-18,1829.060000,1838.999999,1812.659999,1836.750001,41947324.0,
2018-05-21,1845.760000,1870.570000,1845.760000,1862.480001,53369519.0,
2018-05-22,1860.630001,1876.160000,1858.110001,1876.000000,51728267.0,
2018-05-23,1869.499999,1876.200000,1845.810000,1845.970000,54283397.0,
2018-05-24,1847.810000,1855.989999,1837.440000,1838.400001,46370842.0,
2018-05-25,1835.410001,1841.640000,1804.550001,1804.550001,50762260.0,
2018-05-28,1804.780000,1815.219999,1788.030000,1796.910000,47967365.0,
2018-05-29,1795.720001,1815.200000,1773.620000,1773.650000,47438301.0,
2018-05-30,1744.240000,1758.870000,1724.279999,1726.220000,54472402.0,
2018-05-31,1741.329999,1748.530001,1714.850000,1743.739999,44875686.0,
2018-06-01,1734.350001,1744.010001,1699.679999,1709.550001,42962345.0,
2018-06-04,1709.570000,1715.410001,1690.990000,1702.930001,37885093.0,
2018-06-05,1702.370000,1747.749999,1702.370000,1746.110001,42829137.0,
2018-06-06,1744.170000,1751.970001,1735.369999,1743.250000,42978566.0,
2018-06-07,1747.930000,1750.510000,1728.060000,1730.380000,41101808.0,
2018-06-08,1726.300000,1727.490000,1698.250001,1711.520000,40310940.0,
2018-06-11,1707.140001,1708.199999,1684.310000,1688.620000,35996993.0,
2018-06-12,1692.670000,1715.660001,1681.000001,1712.769999,38385570.0,
2018-06-13,1711.530000,1711.530000,1685.890000,1685.890000,37548016.0,
2018-06-14,1682.839999,1702.690000,1669.379999,1673.320000,35059822.0,
2018-06-15,1673.899999,1681.890000,1636.700000,1641.660001,42963410.0,
2018-06-19,1612.900001,1626.870001,1532.319999,1547.150000,51102924.0,
2018-06-20,1540.610000,1577.619999,1525.289999,1563.790000,47938684.0,
2018-06-21,1562.370001,1570.600000,1521.560000,1521.680000,46918974.0,
2018-06-22,1514.039999,1555.720000,1506.620000,1549.660000,42497378.0,
2018-06-25,1563.740000,1566.779999,1537.270001,1538.560000,39844112.0,
2018-06-26,1518.500000,1570.280001,1515.269999,1564.920000,45864486.0,
2018-06-27,1564.290000,1572.610000,1542.520000,1546.230000,45591215.0,
2018-06-28,1544.649999,1570.900001,1540.890000,1543.660000,43304138.0,
2018-06-29,1547.150000,1609.730000,1547.150000,1606.710000,53696302.0,
2018-07-02,1605.210000,1614.340001,1572.560000,1588.370000,52699447.0,
2018-07-03,1589.500000,1613.830001,1557.999999,1607.120000,56654688.0,
2018-07-04,1595.889999,1595.999999,1557.539999,1565.610001,49069423.0,
2018-07-05,1560.979999,1576.990000,1532.429999,1532.679999,44402899.0,
2018-07-06,1532.050000,1571.020000,1517.060000,1541.309999,52784156.0,
2018-07-09,1546.010000,1582.530000,1546.010000,1581.929999,44704134.0,
2018-07-10,1583.740001,1593.999999,1577.390000,1592.980001,46284338.0,
2018-07-11,1562.590000,1577.170001,1540.700001,1563.010000,54205240.0,
2018-07-12,1563.790000,1620.640000,1563.790000,1614.630000,66027329.0,
2018-07-13,1612.190001,1626.270000,1608.600000,1618.460000,59975420.0,
2018-07-16,1614.560000,1624.330000,1605.210000,1616.910001,54502804.0,
2018-07-17,1615.840000,1622.089999,1597.880000,1621.630001,52099525.0,
2018-07-18,1622.289999,1635.910001,1607.880000,1607.880000,54942872.0,
2018-07-19,1607.930001,1619.390000,1582.970001,1590.060001,48701257.0,
2018-07-20,1589.310000,1615.060001,1578.799999,1609.549999,47607815.0,
2018-07-23,1592.240000,1621.170001,1589.640001,1620.970001,56063294.0,
2018-07-24,1615.719999,1641.970001,1607.540000,1629.610000,60980866.0,
2018-07-25,1629.130001,1645.440000,1626.089999,1632.320001,57503331.0,
2018-07-26,1631.460000,1635.050000,1601.460001,1606.119999,62541499.0,
2018-07-27,1601.270000,1607.299999,1590.430000,1594.570001,51793009.0,
2018-07-30,1593.600001,1596.730001,1554.039999,1559.639999,47052240.0,
2018-07-31,1557.600001,1571.870001,1551.090000,1561.260000,38682712.0,
2018-08-01,1568.119999,1580.840000,1541.860000,1541.860000,43096596.0,
2018-08-02,1538.279999,1538.939999,1484.480000,1510.089999,52104330.0,
2018-08-03,1512.570000,1523.240001,1481.610000,1481.610000,35986045.0,
2018-08-06,1471.360000,1485.849999,1434.790000,1440.800000,38149596.0,
2018-08-07,1445.620000,1482.030000,1435.090000,1479.440001,40346032.0,
2018-08-08,1475.319999,1480.280000,1446.810000,1447.760001,40958092.0,
2018-08-09,1443.870000,1509.870000,1443.300000,1497.609999,50565249.0,
2018-08-10,1496.100000,1514.510001,1496.100000,1511.710000,41058539.0,
2018-08-13,1494.310000,1534.119999,1490.820000,1531.339999,43528579.0,
2018-08-14,1530.450000,1533.070000,1512.160000,1518.490000,39294661.0,
2018-08-15,1518.280000,1519.720000,1472.439999,1478.509999,42034532.0,
2018-08-16,1458.390001,1489.339999,1449.930000,1463.869999,40486316.0,
2018-08-17,1475.889999,1480.420001,1432.060000,1434.310000,38191213.0,
2018-08-20,1428.260000,1443.999999,1404.190000,1435.690001,39557195.0,
2018-08-21,1435.360000,1461.380000,1431.840001,1456.970000,39472402.0,
2018-08-22,1454.710000,1457.790000,1437.260000,1439.550000,38469603.0,
2018-08-23,1439.660000,1463.020000,1438.280000,1455.499999,38919965.0,
2018-08-24,1450.950000,1460.650001,1442.809999,1450.090000,35110756.0,
2018-08-27,1455.660001,1495.680000,1454.280001,1493.430000,44329997.0,
2018-08-28,1495.900000,1499.680001,1485.539999,1493.110000,40443114.0,
2018-08-29,1491.780000,1491.780000,1475.970000,1481.190001,36929514.0,
2018-08-30,1479.850001,1484.160001,1456.240000,1457.920001,38571997.0,
2018-08-31,1450.469999,1455.510001,1434.310000,1435.200000,34966143.0,
2018-09-03,1433.630001,1445.300000,1416.240000,1443.689999,37705448.0,
2018-09-04,1442.270000,1461.110001,1430.660001,1455.499999,44518686.0,
2018-09-05,1450.390000,1457.590000,1430.240001,1430.240001,44146668.0,
2018-09-06,1424.460000,1443.560000,1416.569999,1422.870000,41905424.0,
2018-09-07,1426.980000,1453.089999,1415.170000,1425.230000,45714662.0,
2018-09-10,1424.010000,1427.330000,1390.140001,1390.820000,41741248.0,
2018-09-11,1389.540000,1405.980000,1383.130000,1395.170001,36747320.0,
2018-09-12,1394.160000,1406.399999,1382.839999,1385.800000,36223156.0,
2018-09-13,1401.960000,1408.869999,1369.510000,1391.280000,42769869.0,
2018-09-14,1394.090001,1396.470000,1366.570001,1366.570001,43722262.0,
2018-09-17,1360.720001,1365.400000,1345.580000,1349.780001,37591480.0,
2018-09-18,1348.110000,1379.380000,1347.120000,1377.300001,41638030.0,
2018-09-19,1375.210000,1405.710000,1369.470000,1392.400001,49908639.0,
2018-09-20,1391.250000,1400.039999,1384.710000,1387.620001,43468368.0,
2018-09-21,1393.669999,1413.560001,1382.400000,1411.120000,46145262.0,
2018-09-25,1401.860000,1416.779999,1398.399999,1405.810000,33961766.0,
2018-09-26,1409.019999,1430.120000,1403.560000,1420.750001,43969168.0,
2018-09-27,1418.369999,1423.390000,1399.150000,1400.360001,49046820.0,
2018-09-28,1403.960000,1412.950000,1394.250001,1411.339999,38975683.0,
2018-10-08,1380.650000,1388.160000,1353.230000,1353.669999,37885507.0,
2018-10-09,1357.970000,1365.830000,1338.730001,1345.950000,32554214.0,
2018-10-10,1350.680000,1358.489999,1333.839999,1346.700001,33740896.0,
2018-10-11,1299.170000,1311.840000,1255.420000,1261.880000,54575787.0,
2018-10-12,1253.920000,1276.589999,1230.400000,1268.410000,49562476.0,
2018-10-15,1268.879999,1282.289999,1249.200000,1250.220000,38982650.0,
2018-10-16,1249.560000,1252.039999,1210.100001,1216.690000,41139608.0,
2018-10-17,1231.000001,1237.769999,1204.079999,1231.859999,46837450.0,
2018-10-18,1220.290000,1230.130001,1205.030000,1205.030000,45298371.0,
2018-10-19,1186.490000,1252.690000,1184.910000,1249.889999,49743303.0,
2018-10-22,1270.500000,1329.550000,1270.490001,1314.940000,67040368.0,
2018-10-23,1313.680001,1321.970000,1281.109999,1292.060001,56342047.0,
2018-10-24,1285.860000,1303.230000,1277.590000,1284.100001,45634501.0,
2018-10-25,1245.300000,1279.940001,1239.590000,1273.600000,46661932.0,
2018-10-26,1283.070001,1290.570001,1257.500001,1263.189999,41997490.0,
2018-10-29,1262.540000,1271.349999,1245.150000,1250.480000,36434882.0,
2018-10-30,1248.670001,1279.040000,1222.619999,1259.949999,44339806.0,
2018-10-31,1263.339999,1287.350000,1259.660000,1275.570001,44622354.0,
2018-11-01,1291.880000,1312.770000,1286.330000,1286.330000,59508617.0,
2018-11-02,1328.460001,1349.430000,1320.740000,1348.279999,68860713.0,
2018-11-05,1347.470001,1371.429999,1325.020001,1348.880000,67791544.0,
2018-11-06,1346.529999,1350.820000,1327.400000,1349.110001,50219016.0,
2018-11-07,1349.620001,1367.269999,1345.200001,1345.770001,58586065.0,
2018-11-08,1357.890001,1359.290000,1328.990000,1329.590001,50689611.0,
2018-11-09,1321.330001,1337.389999,1318.210000,1322.830000,43652554.0,
2018-11-12,1322.870001,1370.869999,1320.520000,1368.790000,62902639.0,
2018-11-13,1356.620000,1400.870001,1353.630001,1392.050000,87290888.0,
2018-11-14,1388.229999,1401.429999,1382.790001,1385.730000,74507255.0,
2018-11-15,1382.340001,1405.390001,1381.289999,1405.250000,68113463.0,
2018-11-16,1406.730001,1415.380000,1390.810001,1403.280001,72087100.0,
2018-11-19,1399.000000,1403.939999,1380.600000,1394.400001,63350102.0,
2018-11-20,1384.180001,1385.960000,1352.730000,1355.330000,63894445.0,
2018-11-21,1344.400000,1364.759999,1342.159999,1363.030001,57344923.0,
2018-11-22,1365.479999,1371.390001,1349.990000,1353.919999,51790139.0,
2018-11-23,1355.170001,1355.170001,1306.560000,1308.740001,63949536.0,
2018-11-26,1309.470001,1316.470000,1296.030000,1304.560000,42769700.0,
2018-11-27,1314.090001,1322.410001,1307.200001,1315.430000,44788730.0,
2018-11-28,1314.530000,1341.510001,1305.020000,1341.079999,55448497.0,
2018-11-29,1347.740000,1351.980001,1312.720000,1312.720000,55540169.0,
2018-11-30,1309.890000,1332.930001,1304.660000,1329.390001,48034178.0,
2018-12-03,1365.900001,1380.820000,1358.100001,1372.790000,66019821.0,
2018-12-04,1370.290000,1378.990001,1366.490000,1378.750000,56644954.0,
2018-12-05,1359.269999,1391.030000,1355.700000,1381.770001,60014964.0,
2018-12-06,1371.340001,1376.320001,1342.810000,1345.759999,57111806.0,
2018-12-07,1344.130001,1349.260001,1334.390000,1341.020000,47585257.0,
2018-12-10,1328.060001,1340.159999,1325.910000,1326.850000,45161321.0,
2018-12-11,1332.520001,1339.020000,1328.440000,1338.080000,43401098.0,
2018-12-12,1343.900000,1347.740000,1335.350001,1338.730001,45260072.0,
2018-12-13,1341.549999,1357.020001,1327.019999,1348.500000,51922690.0,
2018-12-14,1346.900001,1346.900001,1309.440000,1310.460000,52506979.0,
2018-12-17,1303.880000,1306.950001,1284.660001,1299.170000,41966203.0,
2018-12-18,1293.150000,1307.900000,1282.959999,1293.340001,40321940.0,
2018-12-19,1295.889999,1296.860000,1265.749999,1268.810000,38466011.0,
2018-12-20,1266.760000,1282.110000,1265.880000,1278.160000,38969150.0,
2018-12-21,1274.040000,1279.500000,1259.810001,1270.300000,38881079.0,
2018-12-24,1267.230000,1285.690001,1263.570000,1284.330000,38790014.0,
2018-12-25,1269.139999,1279.700000,1243.970000,1273.449999,53075755.0,
2018-12-26,1272.240001,1280.360000,1262.340000,1264.070001,44764549.0,
2018-12-27,1283.170001,1285.519999,1246.790000,1248.080000,48542962.0,
2018-12-28,1248.060000,1253.839999,1236.279999,1250.530000,43144916.0,
2019-01-02,1250.620001,1251.230001,1226.870000,1228.770000,37899531.0,
2019-01-03,1226.740001,1240.290001,1213.870000,1214.499999,46874281.0,
2019-01-04,1203.669999,1246.389999,1201.800000,1245.159999,57771140.0,
2019-01-07,1250.399999,1270.360000,1244.820000,1268.059999,63864037.0,
2019-01-08,1262.200000,1270.429999,1258.570001,1263.510001,59502582.0,
2019-01-09,1263.730000,1285.310000,1258.620001,1262.519999,67379457.0,
2019-01-10,1262.099999,1270.660000,1255.739999,1258.990001,60079139.0,
2019-01-11,1259.999999,1266.669999,1252.299999,1261.560000,57687061.0,
2019-01-14,1263.020000,1264.040000,1243.530001,1246.000000,56699158.0,
2019-01-15,1243.929999,1267.649999,1238.589999,1266.269999,58126895.0,
2019-01-16,1267.139999,1277.270001,1262.270001,1267.300001,55111235.0,
2019-01-17,1267.820001,1267.820001,1251.150000,1251.410000,51818064.0,
2019-01-18,1255.600001,1270.000000,1248.850000,1269.499999,50640530.0,
2019-01-21,1271.390000,1283.140000,1266.800000,1274.789999,51088753.0,
2019-01-22,1273.470001,1273.470001,1247.450000,1252.239999,47440492.0,
2019-01-23,1250.830000,1255.410000,1244.940000,1251.130001,41704004.0,
2019-01-24,1252.380000,1272.490001,1248.060000,1265.160000,50755540.0,
2019-01-25,1266.629999,1276.990000,1261.410000,1265.489999,51347193.0,
2019-01-28,1272.369999,1279.819999,1257.529999,1259.739999,51305174.0,
2019-01-29,1259.799999,1259.799999,1229.480000,1243.590000,51543345.0,
2019-01-30,1238.279999,1248.959999,1230.820000,1230.820000,41711934.0,
2019-01-31,1231.000001,1243.590000,1220.950000,1227.990000,52366207.0,
2019-02-01,1233.380000,1272.190000,1233.380000,1271.270000,46354210.0,
2019-02-11,1275.220000,1319.180000,1274.730000,1316.100000,52224416.0,
2019-02-12,1316.910001,1336.140000,1314.910001,1332.270001,58697467.0,
2019-02-13,1335.160000,1362.640000,1333.110000,1357.669999,72372681.0,
2019-02-14,1357.779999,1369.780000,1349.470001,1361.939999,67547726.0,
2019-02-15,1360.760001,1371.960001,1355.780001,1357.840001,68019638.0,
2019-02-18,1364.940000,1413.770000,1364.940000,1413.599999,91472143.0,
2019-02-19,1419.039999,1427.140000,1391.569999,1406.040000,102824505.0,
2019-02-20,1406.990000,1417.890000,1387.900000,1408.380000,85928762.0,
2019-02-21,1405.520000,1452.390000,1401.770000,1412.540000,106419625.0,
2019-02-22,1409.860001,1456.300000,1407.290001,1456.300000,98390321.0,
2019-02-25,1487.300001,1538.160000,1481.169999,1536.370000,146336606.0,
2019-02-26,1549.240000,1581.829999,1532.440001,1546.990000,154548729.0,
2019-02-27,1544.160000,1555.589999,1503.680001,1520.420001,122573201.0,
2019-02-28,1522.630001,1549.330001,1519.760000,1535.680000,98043519.0,
2019-03-01,1558.900000,1568.319999,1532.450000,1567.870001,93850278.0,
2019-03-04,1596.550000,1651.010001,1593.260000,1619.710000,139956931.0,
2019-03-05,1615.590000,1676.569999,1613.500000,1676.569999,141562275.0,
2019-03-06,1684.970000,1704.099999,1661.009999,1700.499999,162408735.0,
2019-03-07,1699.600000,1719.150001,1666.370000,1692.420000,164515686.0,
2019-03-08,1647.850000,1718.380001,1635.450001,1654.489999,170862330.0,
2019-03-11,1673.400001,1728.329999,1656.140001,1727.800000,148764384.0,
2019-03-12,1733.430001,1789.160000,1733.430001,1773.430001,175565483.0,
2019-03-13,1769.550000,1769.550000,1682.360000,1693.860000,152889685.0,
2019-03-14,1676.610000,1700.520000,1628.640000,1650.190001,118466693.0,
2019-03-15,1667.780000,1685.080000,1642.700000,1662.620001,98734441.0,
2019-03-18,1671.279999,1707.060000,1652.880000,1707.060000,95332936.0,
2019-03-19,1706.190000,1730.350001,1693.540000,1708.869999,98553411.0,
2019-03-20,1701.729999,1705.589999,1654.300001,1687.900000,100299384.0,
2019-03-21,1683.549999,1716.450000,1677.649999,1703.850001,117792895.0,
2019-03-22,1703.970000,1703.970000,1660.330000,1693.869999,100370135.0,
2019-03-25,1662.759999,1695.090000,1658.450001,1668.840000,104375725.0,
2019-03-26,1680.779999,1684.360000,1627.230001,1630.190000,104600710.0,
2019-03-27,1640.209999,1645.560001,1616.600001,1637.770000,87928097.0,
2019-03-28,1632.040000,1659.940001,1624.010000,1626.820001,86193706.0,
2019-03-29,1633.379999,1693.550000,1628.740000,1693.550000,100114564.0,
2019-04-01,1710.159999,1766.370000,1710.159999,1760.889999,121650996.0,
2019-04-02,1771.690001,1774.980001,1747.439999,1754.159999,131529823.0,
2019-04-03,1743.989999,1769.760000,1739.140000,1768.179999,111334596.0,
2019-04-04,1780.280000,1784.470001,1761.049999,1777.260000,115917091.0,
2019-04-08,1787.960001,1792.030000,1720.000000,1739.660000,119082024.0,
2019-04-09,1734.180000,1753.520000,1721.320000,1741.169999,98511499.0,
2019-04-10,1727.969999,1740.850000,1714.640001,1726.639999,116036255.0,
2019-04-11,1727.220001,1732.610001,1688.100000,1691.099999,103545437.0,
2019-04-12,1692.430000,1702.349999,1683.290000,1695.729999,83599278.0,
2019-04-15,1721.640000,1726.200000,1666.650000,1666.900000,89210623.0,
2019-04-16,1656.760001,1697.530001,1638.300000,1697.530001,95438650.0,
2019-04-17,1699.190000,1729.209999,1697.970000,1717.440000,107376772.0,
2019-04-18,1715.180000,1719.959999,1702.930001,1704.550000,99340776.0,
2019-04-19,1704.720001,1715.799999,1692.489999,1715.799999,95607644.0,
2019-04-22,1720.779999,1723.559999,1690.639999,1697.510000,102662459.0,
2019-04-23,1695.270001,1706.080000,1677.730000,1683.800000,93033375.0,
2019-04-24,1690.279999,1721.420000,1676.640001,1718.850001,86336153.0,
2019-04-25,1709.830000,1723.659999,1669.240001,1669.980000,103488546.0,
2019-04-26,1664.039999,1682.460000,1653.690000,1657.820000,82295686.0,
2019-04-29,1658.189999,1661.059999,1611.220000,1615.619999,89788375.0,
2019-04-30,1612.110000,1634.710000,1608.720000,1623.779999,67089716.0,
2019-05-06,1551.720000,1563.610001,1487.450001,1494.889999,81031183.0,
2019-05-07,1506.970001,1523.660001,1474.499999,1504.160000,71414081.0,
2019-05-08,1469.240000,1515.160000,1465.090000,1481.870000,69212266.0,
2019-05-09,1470.980000,1491.380000,1466.970000,1469.480001,62281924.0,
2019-05-10,1489.189999,1535.160001,1463.190000,1533.870001,88878924.0,
2019-05-13,1513.960000,1523.880000,1494.479999,1503.060001,68284178.0,
2019-05-14,1492.900001,1517.670000,1491.439999,1494.600000,66451752.0,
2019-05-15,1509.450000,1533.730000,1503.669999,1528.690001,70865256.0,
2019-05-16,1528.629999,1537.590000,1515.610000,1533.670001,71206744.0,
2019-05-17,1537.450000,1537.450000,1472.460001,1478.750000,85849562.0,
2019-05-20,1478.199999,1481.190001,1450.280000,1469.309999,69790734.0,
2019-05-21,1469.970000,1504.210000,1465.880001,1493.720001,71139761.0,
2019-05-22,1493.660001,1503.810000,1477.460000,1488.630001,75104707.0,
2019-05-23,1486.950000,1486.950000,1449.140001,1451.239999,79315305.0,
2019-05-24,1452.040000,1465.240000,1437.929999,1443.750001,65014833.0,
2019-05-27,1447.980000,1496.789999,1445.789999,1491.950000,74315057.0,
2019-05-28,1497.120000,1506.780000,1483.760001,1505.159999,75525871.0,
2019-05-29,1492.579999,1507.180000,1488.040000,1497.890000,66917693.0,
2019-05-30,1494.350000,1495.239999,1466.830000,1485.240001,69812267.0,
2019-05-31,1487.279999,1498.240001,1474.530000,1483.660000,65465278.0,
2019-06-03,1489.430000,1499.010001,1466.270000,1468.980000,71768355.0,
2019-06-04,1467.590000,1476.210001,1447.999999,1456.269999,63831588.0,
2019-06-05,1471.950000,1475.540001,1448.990001,1451.179999,62980458.0,
2019-06-06,1450.100000,1450.100000,1411.610001,1416.059999,62187252.0,
2019-06-10,1422.340001,1441.169999,1410.569999,1431.340000,54225467.0,
2019-06-11,1432.949999,1488.929999,1430.090001,1487.350001,83442255.0,
2019-06-12,1481.420000,1486.600000,1467.540000,1473.900001,75916365.0,
2019-06-13,1474.549999,1485.720000,1464.839999,1479.830000,75013262.0,
2019-06-14,1478.530000,1489.470000,1451.660001,1453.959999,74768380.0,
2019-06-17,1450.560000,1459.210001,1437.140000,1442.349999,56997685.0,
2019-06-18,1443.650001,1460.190001,1437.040000,1455.749999,53789400.0,
2019-06-19,1501.249999,1504.410000,1469.590000,1469.990001,77993089.0,
2019-06-20,1469.810000,1507.619999,1463.819999,1498.010000,83670038.0,
2019-06-21,1531.390000,1534.490001,1515.910000,1523.810001,103894653.0,
2019-06-24,1526.700000,1526.700000,1507.690001,1514.460001,88485984.0,
2019-06-25,1512.930000,1512.930000,1480.270000,1498.470000,83518680.0,
2019-06-26,1490.560000,1511.529999,1487.749999,1504.550001,72317768.0,
2019-06-27,1510.089999,1529.720001,1507.970000,1525.239999,82720017.0,
2019-06-28,1523.790000,1523.790000,1501.630001,1511.510000,76333521.0,
2019-07-01,1545.059999,1568.400000,1534.560000,1568.159999,95588571.0,
2019-07-02,1565.990000,1577.030000,1560.600000,1570.510000,85373339.0,
2019-07-03,1566.300000,1566.300000,1538.370000,1544.360000,71583163.0,
2019-07-04,1548.560001,1551.140000,1525.289999,1532.740001,65887633.0,
2019-07-05,1535.480000,1551.939999,1532.860000,1547.740001,56981127.0,
2019-07-08,1547.600000,1547.600000,1495.230000,1506.660001,71985841.0,
2019-07-09,1507.390000,1521.710001,1501.740000,1517.789999,51837661.0,
2019-07-10,1521.949999,1523.810001,1504.660001,1510.430000,51291224.0,
2019-07-11,1522.810000,1531.640000,1507.700000,1514.199999,53400624.0,
2019-07-12,1517.040000,1525.690000,1506.699999,1518.070000,52203777.0,
2019-07-15,1512.770001,1556.049999,1496.810000,1547.469999,71413141.0,
2019-07-16,1545.340000,1551.989999,1538.620000,1545.270001,57055200.0,
2019-07-17,1544.420000,1563.050000,1541.370001,1550.220000,62319513.0,
2019-07-18,1542.430000,1542.660001,1524.480001,1524.480001,58632213.0,
2019-07-19,1532.380001,1552.740000,1532.380001,1541.979999,54482721.0,
2019-07-22,1545.910000,1545.929999,1511.519999,1515.970000,59460660.0,
2019-07-23,1519.630000,1535.039999,1516.859999,1534.930000,48815543.0,
2019-07-24,1539.230000,1562.130000,1538.670000,1553.720000,62182764.0,
2019-07-25,1552.850000,1567.330000,1549.490001,1566.080000,58250038.0,
2019-07-26,1562.200000,1565.439999,1552.390000,1561.860001,49682582.0,
2019-07-29,1561.270000,1566.740001,1556.380000,1566.519999,49739310.0,
2019-07-30,1568.159999,1593.689999,1566.600000,1580.129999,56056773.0,
2019-07-31,1577.199999,1578.749999,1567.990000,1570.390001,49678391.0,
2019-08-01,1562.530001,1578.860001,1561.200001,1573.869999,53238743.0,
2019-08-02,1539.919999,1559.120000,1536.400000,1556.740000,61741259.0,
2019-08-05,1552.349999,1566.729999,1531.370000,1531.370000,55998768.0,
2019-08-06,1501.400000,1517.680000,1478.540000,1507.910000,74142424.0,
2019-08-07,1520.580001,1523.620000,1500.069999,1500.250000,51855359.0,
2019-08-08,1512.270000,1526.180000,1511.340000,1522.969999,48632470.0,
2019-08-09,1532.980000,1536.250000,1504.890000,1507.710000,53389191.0,
2019-08-12,1511.319999,1539.910000,1506.680000,1539.910000,51313082.0,
2019-08-13,1526.080000,1535.980001,1519.010000,1524.359999,48041894.0,
2019-08-14,1546.210000,1551.440001,1534.850001,1536.660000,58219586.0,
2019-08-15,1507.950000,1556.010001,1505.430001,1555.770000,61485833.0,
2019-08-16,1554.720001,1584.380000,1553.820000,1567.990000,64693983.0,
2019-08-19,1586.010000,1622.840000,1581.710000,1622.840000,89620554.0,
2019-08-20,1624.800000,1630.320001,1607.399999,1611.590000,83911540.0,
2019-08-21,1614.300000,1616.079999,1605.399999,1609.830001,67621491.0,
2019-08-22,1614.129999,1615.609999,1599.310000,1613.459999,68810035.0,
2019-08-23,1614.539999,1623.190000,1605.010000,1615.559999,71199829.0,
2019-08-26,1588.549999,1608.200000,1587.900001,1600.800000,66665918.0,
2019-08-27,1611.900000,1646.870000,1610.000000,1628.120000,80858368.0,
2019-08-28,1629.989999,1632.690000,1617.250000,1625.190000,75561575.0,
2019-08-29,1625.960000,1632.960000,1615.569999,1620.860001,77118266.0,
2019-08-30,1630.049999,1637.260000,1600.450000,1610.900001,89764724.0,
2019-09-02,1614.030001,1655.420001,1610.810000,1652.290001,85920279.0,
2019-09-03,1656.050000,1662.380000,1646.920000,1660.430000,88876711.0,
2019-09-04,1656.589999,1669.410000,1650.030001,1669.410000,88852061.0,
2019-09-05,1682.440001,1708.969999,1682.440001,1689.049999,115982552.0,
2019-09-06,1699.660000,1700.189999,1674.669999,1692.240001,94286868.0,
2019-09-09,1702.990000,1733.230001,1691.940001,1733.230001,112397120.0,
2019-09-10,1733.630001,1734.970001,1715.749999,1725.310001,109761197.0,
2019-09-11,1730.350001,1736.180000,1700.909999,1703.540001,94464744.0,
2019-09-12,1713.589999,1715.330000,1695.290000,1710.569999,82485893.0,
2019-09-16,1715.920001,1723.110001,1703.379999,1714.369999,93380674.0,
2019-09-17,1710.769999,1710.769999,1671.069999,1677.990000,95946159.0,
2019-09-18,1683.150001,1687.110001,1668.659999,1679.310001,77797993.0,
2019-09-19,1684.930000,1706.860000,1676.500000,1705.600001,77939585.0,
2019-09-20,1709.229999,1716.840001,1701.400000,1705.050000,81861383.0,
2019-09-23,1699.340000,1699.340000,1669.889999,1684.319999,78227222.0,
2019-09-24,1685.120000,1706.819999,1678.180001,1694.599999,85258936.0,
2019-09-25,1686.190001,1689.230000,1670.680001,1672.650000,83686812.0,
2019-09-26,1677.790000,1680.929999,1623.650000,1623.790001,85389488.0,
2019-09-27,1628.139999,1653.060001,1624.749999,1647.530000,66989739.0,
2019-09-30,1648.900001,1651.869999,1626.050001,1627.550000,57100676.0,
2019-10-08,1631.920000,1638.719999,1615.160001,1616.580000,56130708.0,
2019-10-09,1613.020000,1623.180001,1601.810001,1622.420000,54507433.0,
2019-10-10,1632.220001,1668.170000,1627.429999,1666.969999,65454119.0,
2019-10-11,1667.950001,1675.740000,1654.560000,1666.830001,73142654.0,
2019-10-14,1678.790001,1690.940000,1671.090001,1679.380000,81755294.0,
2019-10-15,1676.240000,1676.240000,1659.109999,1660.890000,84824386.0,
2019-10-16,1661.000000,1671.770000,1655.300000,1656.370000,71384315.0,
2019-10-17,1657.929999,1664.100001,1652.429999,1658.260000,62932494.0,
2019-10-18,1662.610001,1674.920000,1644.269999,1648.629999,69621792.0,
2019-10-21,1651.290000,1651.290000,1628.930001,1644.510000,65727686.0,
2019-10-22,1649.759999,1667.210000,1647.310001,1666.869999,66785190.0,
2019-10-23,1668.709999,1672.430000,1646.980000,1650.290001,67317979.0,
2019-10-24,1650.789999,1658.389999,1640.159999,1653.860000,63894840.0,
2019-10-25,1655.290000,1677.029999,1649.140000,1675.339999,66393594.0,
2019-10-28,1687.370001,1704.780001,1684.110000,1704.420001,92214079.0,
2019-10-29,1702.149999,1706.310001,1686.579999,1686.579999,98225986.0,
2019-10-30,1684.600000,1689.830001,1672.099999,1684.080001,78073735.0,
2019-10-31,1688.420000,1693.390000,1669.329999,1671.310000,68010322.0,
2019-11-01,1667.860000,1688.710000,1663.610000,1686.999999,64583252.0,
2019-11-04,1689.580001,1707.110000,1688.999999,1699.920000,67321000.0,
2019-11-05,1704.060001,1718.180001,1695.400000,1713.289999,64748531.0,
2019-11-06,1720.679999,1721.100001,1696.790000,1703.019999,64296773.0,
2019-11-07,1698.630000,1724.370000,1695.340000,1715.580000,61746938.0,
2019-11-08,1724.400000,1730.999999,1709.960001,1711.220000,65839680.0,
2019-11-11,1699.169999,1700.280000,1671.670000,1673.129999,65448503.0,
2019-11-12,1676.430001,1679.730000,1654.910001,1671.439999,56920943.0,
2019-11-13,1673.550001,1683.630000,1666.570001,1681.790000,51317667.0,
2019-11-14,1682.870000,1696.730000,1681.070000,1692.580000,54779580.0,
2019-11-15,1692.079999,1695.970000,1674.780001,1674.780001,61722545.0,
2019-11-18,1671.589999,1683.460001,1665.110000,1682.490001,52224997.0,
2019-11-19,1685.750000,1729.159999,1683.570001,1729.080000,67367355.0,
2019-11-20,1730.029999,1745.090001,1717.010000,1719.659999,69311267.0,
2019-11-21,1713.439999,1726.760001,1706.880001,1713.200001,56086057.0,
2019-11-22,1721.880001,1736.830000,1670.930001,1679.799999,72448378.0,
2019-11-25,1682.230001,1684.450000,1652.539999,1661.770000,59748924.0,
2019-11-26,1667.780000,1679.730000,1659.030000,1679.080000,55443958.0,
2019-11-27,1671.150000,1686.490001,1659.000000,1674.390000,52869133.0,
2019-11-28,1675.170000,1683.249999,1668.160001,1673.790000,49591082.0,
2019-11-29,1670.390000,1673.229999,1647.290000,1664.900000,49298765.0,
2019-12-02,1670.160001,1680.240000,1665.110000,1669.539999,50711154.0,
2019-12-03,1664.790000,1675.420000,1647.670001,1675.389999,54839039.0,
2019-12-04,1666.600000,1683.790000,1663.930000,1673.780000,52555544.0,
2019-12-05,1681.250001,1714.080000,1679.399999,1709.830000,63428042.0,
2019-12-06,1711.639999,1726.800001,1707.220000,1726.800001,66525918.0,
2019-12-09,1733.480001,1734.060000,1715.389999,1721.070000,70982449.0,
2019-12-10,1715.710001,1734.020000,1711.010000,1734.020000,75974593.0,
2019-12-11,1730.400001,1733.740001,1713.899999,1718.260000,77995587.0,
2019-12-12,1720.419999,1733.750000,1716.779999,1720.989999,78031036.0,
2019-12-13,1738.560001,1757.750000,1733.120001,1755.410001,81972539.0,
2019-12-16,1760.800001,1780.330000,1752.009999,1780.330000,96066630.0,
2019-12-17,1782.980001,1807.950000,1780.520001,1801.620001,108961727.0,
2019-12-18,1798.400000,1804.380000,1787.229999,1792.419999,105321415.0,
2019-12-19,1792.710000,1797.020000,1781.030001,1790.440000,100376984.0,
2019-12-20,1792.050000,1798.379999,1771.710000,1771.710000,95294231.0,
2019-12-23,1763.730001,1775.009999,1735.720000,1736.620000,83578134.0,
2019-12-24,1742.890000,1769.890001,1742.859999,1769.870000,72078880.0,
2019-12-25,1766.220000,1787.500001,1764.810001,1784.390000,81747977.0,
2019-12-26,1784.430000,1793.640000,1777.700001,1793.640000,77388718.0,
2019-12-27,1795.410001,1805.190000,1767.170001,1767.580001,91075748.0,
2019-12-30,1763.580000,1790.910000,1749.160000,1790.240000,79328426.0,
2019-12-31,1790.800000,1804.820000,1787.450001,1798.119999,70185624.0,
2020-01-02,1811.219999,1839.409999,1797.540000,1832.740001,104308809.0,
2020-01-03,1836.860000,1842.560000,1821.670000,1836.010000,102278947.0,
2020-01-06,1825.550001,1876.460000,1824.350000,1859.920000,123882597.0,
2020-01-07,1866.259999,1893.210000,1866.259999,1893.210000,117716464.0,
2020-01-08,1881.009999,1892.580000,1858.280000,1862.700000,124252640.0,
2020-01-09,1884.420000,1913.780001,1884.420000,1913.140000,111039941.0,
2020-01-10,1917.610000,1917.830001,1894.670001,1904.190000,101909878.0,
2020-01-13,1905.399999,1935.070000,1893.570000,1935.070000,97008284.0,
2020-01-14,1941.120000,1945.770001,1922.130000,1922.560001,104559052.0,
2020-01-15,1920.660001,1928.690000,1902.610000,1924.239999,96262132.0,
2020-01-16,1924.520000,1936.030000,1917.560000,1929.960001,90789901.0,
2020-01-17,1935.300001,1949.039999,1928.349999,1932.509999,87891982.0,
2020-01-20,1940.120001,1982.180001,1935.830000,1982.180001,96129782.0,
2020-01-21,1979.370000,1987.659999,1959.440000,1967.030001,97771047.0,
2020-01-22,1958.079999,2004.390000,1928.030000,1993.900000,104920752.0,
2020-01-23,1973.329999,1996.549999,1904.280001,1927.739999,115766356.0,
2020-02-03,1769.159999,1830.810000,1769.159999,1795.770001,55016176.0,
2020-02-04,1786.159999,1886.800000,1786.159999,1882.690000,137879858.0,
2020-02-05,1908.970000,1966.260001,1901.799999,1939.620000,128392844.0,
2020-02-06,1934.979999,2014.879999,1918.660001,2012.250000,139859248.0,
2020-02-07,2014.159999,2025.320001,1976.790001,2015.799999,150570021.0,
2020-02-10,2019.310001,2043.680000,2007.220000,2042.180000,140850193.0,
2020-02-11,2044.220001,2046.810000,2015.760001,2028.439999,114694176.0,
2020-02-12,2024.379999,2086.940001,2022.679999,2085.279999,125141580.0,
2020-02-13,2080.819999,2093.370000,2052.569999,2064.600001,132454668.0,
2020-02-14,2063.309999,2104.010000,2049.260000,2069.220001,120465864.0,
2020-02-17,2089.210000,2146.180000,2089.210000,2146.180000,137288265.0,
2020-02-18,2149.300000,2170.950001,2134.340001,2170.950001,151987308.0,
2020-02-19,2168.850001,2171.950000,2137.409999,2139.440000,153374702.0,
2020-02-20,2151.419999,2190.499999,2140.060000,2186.740000,149959190.0,
2020-02-21,2191.980000,2247.420001,2189.250000,2226.640000,171554382.0,
2020-02-24,2223.190000,2271.700001,2213.819999,2263.970000,174379828.0,
2020-02-25,2218.330000,2293.459999,2171.680000,2287.310001,203878173.0,
2020-02-26,2248.650001,2263.069999,2173.199999,2180.699999,181700143.0,
2020-02-27,2200.380001,2233.760001,2163.880000,2196.710000,151009506.0,
2020-02-28,2114.320000,2155.970000,2068.930000,2071.569999,163640946.0,
2020-03-02,2110.449999,2153.219999,2082.969999,2135.420001,135581757.0,
2020-03-03,2190.499999,2238.729999,2151.520000,2173.349999,164936782.0,
2020-03-04,2159.860001,2180.430000,2122.450000,2169.440000,136894653.0,
2020-03-05,2206.080001,2216.820000,2176.489999,2209.590000,153722439.0,
2020-03-06,2178.500001,2220.360000,2175.010001,2192.940000,132655706.0,
2020-03-09,2151.269999,2163.730000,2091.859999,2093.060000,147291766.0,
2020-03-10,2083.200000,2151.450000,2052.059999,2148.809999,146435946.0,
2020-03-11,2157.930000,2162.600000,2100.510000,2101.459999,138201955.0,
2020-03-12,2070.220000,2076.010000,2025.910000,2045.930000,116725612.0,
2020-03-13,1937.949999,2055.330000,1937.949999,2030.580000,139508390.0,
2020-03-16,2034.749999,2036.730000,1902.400000,1910.770000,141969967.0,
2020-03-17,1941.200001,1955.619999,1847.510000,1917.700000,118215892.0,
2020-03-18,1941.300001,1980.790001,1887.040000,1887.040000,119135600.0,
2020-03-19,1898.760000,1908.690001,1838.310000,1894.940000,111763653.0,
2020-03-20,1923.960000,1928.880001,1878.849999,1915.049999,99447957.0,
2020-03-23,1856.299999,1884.449999,1819.770000,1827.050001,100245520.0,
2020-03-24,1869.039999,1880.860001,1817.550001,1876.910001,107738326.0,
2020-03-25,1924.990000,1940.070001,1915.530001,1937.849999,109371605.0,
2020-03-26,1922.790000,1948.629999,1914.350001,1927.280001,91010077.0,
2020-03-27,1955.869999,1957.700000,1902.790001,1903.880000,88595916.0,
2020-03-30,1875.309999,1877.500000,1833.010000,1860.480001,93248637.0,
2020-03-31,1876.689999,1886.270000,1862.860000,1871.919999,75089026.0,
2020-04-01,1875.359999,1900.180000,1862.270001,1864.800000,79588690.0,
2020-04-02,1860.080000,1916.949999,1857.320000,1916.949999,83463907.0,
2020-04-03,1912.739999,1928.340000,1898.790001,1906.670000,78491578.0,
2020-04-07,1944.960000,1972.869999,1942.800000,1969.780000,93934406.0,
2020-04-08,1960.360001,1974.719999,1956.899999,1964.759999,102688836.0,
2020-04-09,1981.239999,2001.360000,1975.040001,1997.140000,102822082.0,
2020-04-10,1990.260000,1994.350001,1943.690000,1949.880001,117673204.0,
2020-04-13,1929.800001,1937.330000,1913.960000,1923.080001,82726406.0,
2020-04-14,1937.289999,1985.430000,1934.480001,1985.430000,87774176.0,
2020-04-15,1991.600000,2002.759999,1975.799999,1977.510001,92250820.0,
2020-04-16,1970.730001,2012.459999,1968.249999,2008.390000,94386726.0,
2020-04-17,2025.650000,2048.280000,2015.830000,2020.770000,108220064.0,
2020-04-20,2027.840000,2043.560000,2022.590001,2043.440001,94948122.0,
2020-04-21,2035.770000,2035.770000,1996.959999,2023.940000,100837496.0,
2020-04-22,2005.650001,2043.560000,2002.959999,2043.169999,96548430.0,
2020-04-23,2053.120000,2057.850000,2027.330000,2029.519999,101770887.0,
2020-04-24,2032.549999,2038.239999,1997.120001,2003.750001,98175462.0,
2020-04-27,2011.160000,2035.890001,1995.510000,2018.670000,84520651.0,
2020-04-28,2023.960000,2046.930001,1967.400000,2030.720000,98202547.0,
2020-04-29,2022.510000,2053.380000,2020.980000,2030.480000,74031472.0,
2020-04-30,2044.680001,2077.810000,2043.820000,2069.430001,92259395.0,
2020-05-06,2052.390000,2111.660000,2051.289999,2110.270000,88958108.0,
2020-05-07,2113.750001,2116.230000,2095.740000,2106.840000,87730690.0,
2020-05-08,2117.870000,2137.790000,2112.890000,2125.239999,86308598.0,
2020-05-11,2137.980001,2139.669999,2088.660000,2102.830000,88158883.0,
2020-05-12,2106.220000,2125.320000,2092.579999,2124.150000,82133007.0,
2020-05-13,2120.010001,2145.020001,2116.550000,2140.680000,76039748.0,
2020-05-14,2131.460001,2137.140000,2116.349999,2117.650001,83797583.0,
2020-05-15,2128.879999,2138.970000,2109.550000,2124.309999,82473693.0,
2020-05-18,2122.309999,2137.149999,2096.250000,2114.859999,91835861.0,
2020-05-19,2137.420001,2144.980000,2128.890001,2144.120000,79874086.0,
2020-05-20,2149.290000,2153.240001,2112.089999,2118.120000,86947433.0,
2020-05-21,2130.960000,2138.720000,2092.540001,2099.430000,78795762.0,
2020-05-22,2099.420001,2099.420001,2036.680000,2046.600000,77402719.0,
2020-05-25,2049.710001,2055.189999,2036.000001,2052.300000,65445850.0,
2020-05-26,2070.139999,2113.290000,2067.140000,2112.970001,74688074.0,
2020-05-27,2114.070000,2114.859999,2064.410000,2071.469999,79251186.0,
2020-05-28,2071.170001,2075.870000,2021.980001,2054.960000,79237094.0,
2020-05-29,2049.749999,2090.300000,2043.949999,2086.669999,81707121.0,
2020-06-01,2105.240000,2163.350001,2105.240000,2158.220001,107881046.0,
2020-06-02,2164.990001,2164.990001,2132.400000,2145.290000,104579153.0,
2020-06-03,2151.500000,2165.449999,2139.990001,2143.120001,105267979.0,
2020-06-04,2150.499999,2157.279999,2137.349999,2151.390001,90592752.0,
2020-06-05,2152.420000,2166.380001,2143.280000,2166.380001,88300815.0,
2020-06-08,2184.580000,2186.970001,2147.860000,2153.560000,93822482.0,
2020-06-09,2160.340000,2186.470000,2147.170001,2181.590000,87758747.0,
2020-06-10,2186.560001,2205.270000,2180.350001,2201.990000,87498423.0,
2020-06-11,2202.140000,2236.080000,2181.590000,2195.639999,99893149.0,
2020-06-12,2149.960000,2220.970001,2147.419999,2206.760000,100475912.0,
2020-06-15,2223.430001,2256.649999,2217.290000,2219.550000,112025959.0,
2020-06-16,2246.889999,2261.180001,2239.339999,2260.460001,108897750.0,
2020-06-17,2265.090000,2274.490000,2248.720000,2263.960000,116002772.0,
2020-06-18,2266.880001,2270.110001,2243.630000,2266.030000,108983630.0,
2020-06-19,2271.650001,2328.580000,2271.589999,2319.449999,100219601.0,
2020-06-22,2328.400001,2358.910000,2328.400001,2342.880001,104120544.0,
2020-06-23,2344.049999,2382.330000,2335.219999,2382.049999,98534784.0,
2020-06-24,2386.259999,2397.360001,2367.680001,2382.470001,93198978.0,
2020-06-29,2375.989999,2387.160000,2360.160000,2372.540000,94748211.0,
2020-06-30,2387.589999,2441.900000,2387.589999,2438.200000,95645911.0,
2020-07-01,2449.870000,2450.840000,2381.589999,2419.630000,102164493.0,
2020-07-02,2418.310001,2435.120000,2397.690000,2424.390000,113172178.0,
2020-07-03,2426.300000,2467.499999,2408.000001,2462.560000,121657183.0,
2020-07-06,2469.239999,2535.710001,2460.130000,2529.490001,160596288.0,
2020-07-07,2548.410000,2632.810001,2538.820000,2591.259999,178290023.0,
2020-07-08,2603.650001,2653.070000,2577.480000,2651.970001,157824921.0,
2020-07-09,2649.450001,2771.220000,2646.470001,2757.650001,188232613.0,
2020-07-10,2744.610001,2799.000000,2734.970000,2778.460000,166475242.0,
2020-07-13,2789.980000,2896.310000,2789.980000,2889.430000,168284800.0,
2020-07-14,2876.850000,2892.890000,2789.040000,2858.670000,178742672.0,
2020-07-15,2866.240000,2894.420000,2787.829999,2813.060001,169519164.0,
2020-07-16,2814.799999,2849.099999,2638.170000,2646.259999,152471917.0,
2020-07-17,2659.449999,2726.280001,2618.679999,2662.400000,119000950.0,
2020-07-20,2707.610000,2717.000000,2619.030000,2697.299999,116014825.0,
2020-07-21,2708.129999,2745.050000,2692.870000,2736.510000,114653687.0,
2020-07-22,2725.450001,2807.420000,2716.449999,2769.030000,122934185.0,
2020-07-23,2740.410000,2799.670000,2707.550000,2799.670000,131398481.0,
2020-07-24,2769.969999,2781.790001,2614.779999,2627.840000,148408028.0,
2020-07-27,2639.260000,2671.450000,2605.770000,2631.760000,104460639.0,
2020-07-28,2668.250001,2677.739999,2627.650000,2666.520000,102525677.0,
2020-07-29,2659.940000,2768.169999,2652.900000,2767.399999,119939648.0,
2020-07-30,2782.110000,2787.380001,2734.060000,2743.630001,125904640.0,
2020-07-31,2747.410000,2817.420001,2741.440000,2795.400001,128758028.0,
2020-08-03,2831.350000,2870.650000,2801.110000,2868.880001,150165189.0,
2020-08-04,2863.319999,2893.400000,2819.009999,2832.840000,143951678.0,
2020-08-05,2826.410001,2875.439999,2803.770001,2860.239999,126667244.0,
2020-08-06,2868.819999,2868.819999,2774.689999,2814.370000,135418059.0,
2020-08-07,2807.100001,2823.970000,2703.130000,2749.950001,130208075.0,
2020-08-10,2735.430000,2757.429999,2693.730000,2735.260001,114416028.0,
2020-08-11,2740.150000,2774.899999,2686.190000,2688.700000,116626968.0,
2020-08-12,2689.580000,2694.950001,2577.710001,2635.500000,114210808.0,
2020-08-13,2657.199999,2660.710000,2611.140001,2622.639999,98316982.0,
2020-08-14,2624.830000,2669.480001,2615.630000,2668.710001,98734235.0,
2020-08-17,2682.210001,2696.700001,2652.050000,2696.390001,117568784.0,
2020-08-18,2702.420000,2724.040000,2689.029999,2701.060001,120061423.0,
2020-08-19,2695.890000,2695.890000,2612.840001,2612.840001,117062321.0,
2020-08-20,2592.880000,2629.290000,2578.390000,2587.860000,96989274.0,
2020-08-21,2611.539999,2644.020000,2607.820000,2632.450001,107788142.0,
2020-08-24,2653.630000,2704.799999,2592.660001,2684.630001,139892574.0,
2020-08-25,2687.289999,2737.470001,2683.190001,2701.600000,184569998.0,
2020-08-26,2701.480000,2717.800001,2635.130001,2644.140000,182394719.0,
2020-08-27,2653.740000,2699.880001,2637.419999,2689.170000,194445373.0,
2020-08-28,2687.229999,2762.890001,2680.490000,2757.839999,192629571.0,
2020-08-31,2769.830000,2779.519999,2726.679999,2728.310000,172379101.0,
2020-09-01,2721.179999,2750.420000,2701.559999,2750.420000,169326637.0,
2020-09-02,2753.930000,2785.350000,2731.410001,2771.850000,261898138.0,
2020-09-03,2766.979999,2789.119999,2738.129999,2746.950000,235159947.0,
2020-09-04,2690.290000,2739.900000,2686.869999,2732.150000,219786642.0,
2020-09-07,2728.740001,2745.610000,2628.860001,2641.200000,279798272.0,
2020-09-08,2648.440000,2663.690000,2612.640000,2650.630001,287026737.0,
2020-09-09,2609.129999,2609.370000,2506.900001,2523.400000,333012910.0,
2020-09-10,2551.299999,2565.850001,2477.669999,2483.030000,258696292.0,
2020-09-11,2474.700001,2542.130001,2474.700001,2536.619999,181158237.0,
2020-09-14,2568.010001,2604.390000,2548.090000,2572.600000,215760890.0,
2020-09-15,2578.690001,2599.540001,2563.069999,2595.150000,199711778.0,
2020-09-16,2597.640001,2597.640001,2540.020001,2554.799999,168027775.0,
2020-09-17,2551.290000,2582.260000,2521.600000,2557.319999,167239057.0,
2020-09-18,2558.289999,2600.580000,2537.840000,2596.079999,168612432.0,
2020-09-21,2605.550001,2607.650001,2565.040000,2569.220000,156039995.0,
2020-09-22,2556.460000,2596.809999,2547.360001,2555.540000,153335234.0,
2020-09-23,2563.710000,2608.420001,2549.340000,2599.879999,151394835.0,
2020-09-24,2576.040000,2583.620001,2535.870000,2535.870000,151494434.0,
2020-09-25,2551.440000,2570.359999,2529.130001,2540.430001,114819788.0,
2020-09-28,2551.780001,2555.020001,2517.040000,2521.250000,105450515.0,
2020-09-29,2538.359999,2579.270000,2521.700000,2563.380001,104691543.0,
2020-09-30,2575.460001,2601.800001,2561.050000,2574.760000,104697400.0,
2020-10-09,2632.590000,2679.010000,2629.220001,2672.930000,127638012.0,
2020-10-12,2702.160000,2777.390000,2698.760000,2777.390000,176260460.0,
2020-10-13,2769.659999,2792.969999,2754.149999,2784.720001,183299978.0,
2020-10-14,2777.890001,2793.490001,2759.539999,2764.240000,169506569.0,
2020-10-15,2767.170000,2770.340001,2735.340000,2737.960000,151819391.0,
2020-10-16,2735.680000,2754.349999,2697.249999,2724.500000,141887297.0,
2020-10-19,2750.950000,2752.759999,2684.459999,2689.670000,150111919.0,
2020-10-20,2698.050000,2740.580000,2686.819999,2740.580000,157330282.0,
2020-10-21,2746.730000,2746.730000,2689.339999,2700.529999,161333018.0,
2020-10-22,2686.780001,2686.890001,2645.750001,2673.590001,151359942.0,
2020-10-23,2680.709999,2701.459999,2592.420000,2600.840000,153680876.0,
2020-10-26,2585.790000,2629.309999,2555.320001,2617.740000,133022943.0,
2020-10-27,2618.700000,2656.160000,2613.079999,2650.760000,142274462.0,
2020-10-28,2648.490000,2684.950000,2628.470000,2670.480000,158609084.0,
2020-10-29,2635.690001,2713.880000,2631.230000,2699.919999,161399373.0,
2020-10-30,2709.000000,2712.449999,2647.310000,2655.859999,173642652.0,
2020-11-02,2670.520000,2721.310000,2664.760001,2708.389999,138505147.0,
2020-11-03,2720.700000,2750.470000,2701.070000,2744.310000,148341523.0,
2020-11-04,2747.540001,2758.420001,2725.520000,2750.549999,145125603.0,
2020-11-05,2782.060000,2791.570000,2744.780000,2787.879999,157318233.0,
2020-11-06,2798.550000,2798.550000,2708.079999,2733.070000,148413439.0,
2020-11-09,2753.930000,2831.370000,2753.930000,2814.000000,164948290.0,
2020-11-10,2811.480000,2811.480000,2757.949999,2773.220000,153553843.0,
2020-11-11,2762.710000,2766.640001,2681.520000,2681.520000,125100460.0,
2020-11-12,2705.760000,2721.429999,2687.760001,2700.510000,107900127.0,
2020-11-13,2699.520001,2717.460000,2679.090000,2706.810001,96424476.0,
2020-11-16,2716.020000,2722.519999,2679.100000,2712.410001,98640214.0,
2020-11-17,2715.090000,2715.689999,2626.370000,2658.090000,112459614.0,
2020-11-18,2656.889999,2680.620001,2612.819999,2620.670000,105527486.0,
2020-11-19,2614.779999,2651.370000,2593.829999,2645.160000,117615007.0,
2020-11-20,2649.560001,2677.130001,2649.560001,2667.090000,105833684.0,
2020-11-23,2677.350000,2705.769999,2653.080000,2686.359999,111090075.0,
2020-11-24,2689.799999,2700.019999,2664.949999,2674.800000,100786818.0,
2020-11-25,2678.110001,2679.030001,2615.530000,2615.530000,105680514.0,
2020-11-26,2616.740001,2632.870001,2584.689999,2609.389999,96422807.0,
2020-11-27,2614.660000,2635.690001,2594.070000,2618.989999,92445134.0,
2020-11-30,2627.869999,2653.439999,2593.700000,2631.890001,101784215.0,
2020-12-01,2628.730000,2700.279999,2627.450000,2698.440001,107272561.0,
2020-12-02,2697.440000,2703.250000,2662.179999,2682.969999,108326576.0,
2020-12-03,2681.589999,2721.849999,2670.210000,2712.520000,103656536.0,
2020-12-04,2701.370001,2736.270000,2696.950001,2730.840001,88609362.0,
2020-12-07,2720.850000,2739.769999,2715.930000,2726.480001,90628690.0,
2020-12-08,2736.030001,2757.340001,2735.830001,2746.280000,82537975.0,
2020-12-09,2752.349999,2763.410000,2693.189999,2697.830001,101002815.0,
2020-12-10,2689.210000,2734.639999,2675.460000,2718.550000,85881189.0,
2020-12-11,2727.970001,2733.940000,2665.099999,2687.780000,106423087.0,
2020-12-14,2695.189999,2729.070000,2674.510001,2726.600000,90804571.0,
2020-12-15,2727.950000,2761.320000,2720.140000,2758.850000,85709854.0,
2020-12-16,2764.340000,2771.590000,2732.579999,2760.640000,88134019.0,
2020-12-17,2758.440000,2789.250000,2739.160001,2785.620000,93729080.0,
2020-12-18,2787.779999,2803.110000,2768.469999,2780.730000,82883837.0,
2020-12-21,2789.640001,2882.440001,2783.390000,2882.440001,88575200.0,
2020-12-22,2867.210000,2888.350000,2809.919999,2811.750000,104673254.0,
2020-12-23,2822.260000,2865.470000,2809.790000,2842.970000,99054392.0,
2020-12-24,2838.940001,2848.340001,2811.930001,2820.749999,102202311.0,
2020-12-25,2811.550000,2841.570000,2793.780000,2840.800000,87907671.0,
2020-12-28,2847.120000,2861.000000,2823.000000,2842.810000,97762013.0,
2020-12-29,2838.710000,2843.720001,2795.650001,2812.999999,97368670.0,
2020-12-30,2828.010001,2909.190001,2827.069999,2900.540000,84564376.0,
2020-12-31,2911.389999,2969.750000,2909.670000,2966.260000,87399891.0,
2021-01-04,2977.319999,3094.530000,2963.409999,3078.110000,104349614.0,
2021-01-05,3050.180000,3099.999999,3027.760001,3097.980000,109187299.0,
2021-01-06,3113.850000,3134.760000,3057.560000,3115.090000,111972349.0,
2021-01-07,3106.340001,3162.399999,3086.060000,3162.399999,126540769.0,
2021-01-08,3179.370000,3194.370000,3115.990001,3150.780000,111271746.0,
2021-01-11,3159.590001,3159.590001,3066.740001,3092.860000,108210138.0,
2021-01-12,3079.840001,3180.350000,3057.739999,3180.350000,93867327.0,
2021-01-13,3180.750001,3207.069999,3100.070001,3130.299999,104239949.0,
2021-01-14,3101.959999,3142.850001,3061.020000,3089.180001,94183093.0,
2021-01-15,3074.000000,3109.869999,3020.780001,3089.939999,91396640.0,
2021-01-18,3078.029999,3164.580000,3056.810000,3149.199999,93923229.0,
2021-01-19,3146.269999,3157.460000,3074.190001,3084.490000,106575120.0,
2021-01-20,3106.350000,3204.930001,3098.430001,3204.930001,94380761.0,
2021-01-21,3217.830000,3303.320001,3217.830000,3283.720000,106153641.0,
2021-01-22,3282.040000,3366.690001,3281.400001,3358.240000,105032752.0,
2021-01-25,3363.599999,3427.440001,3333.740000,3355.240001,103834676.0,
2021-01-26,3335.440000,3335.440000,3253.270000,3258.360000,92179460.0,
2021-01-27,3269.770000,3296.160000,3196.089999,3281.030001,91484094.0,
2021-01-28,3219.930001,3248.020001,3160.530000,3161.860000,95663222.0,
2021-01-29,3201.670000,3221.110001,3070.040000,3128.859999,98297508.0,
2021-02-01,3134.790000,3189.850000,3123.440001,3159.989999,87202140.0,
2021-02-02,3176.250000,3232.430000,3130.759999,3228.699999,85529207.0,
2021-02-03,3245.260000,3276.230000,3218.870000,3223.769999,87356803.0,
2021-02-04,3208.650000,3248.280000,3155.790001,3200.549999,86627498.0,
2021-02-05,3224.850001,3256.720000,3191.459999,3193.710000,76045480.0,
2021-02-08,3202.480000,3278.060001,3162.590000,3278.060001,66972657.0,
2021-02-09,3291.499999,3339.969999,3273.059999,3334.240001,71738961.0,
2021-02-10,3350.320000,3427.820000,3314.670001,3413.810000,69134933.0,
2021-02-18,3475.890000,3476.000000,3300.179999,3320.140000,91427754.0,
2021-02-19,3289.010000,3308.749999,3195.950001,3285.530000,93986268.0,
2021-02-22,3278.590000,3278.590000,3138.650000,3138.669999,118336668.0,
2021-02-23,3099.189999,3156.370000,3090.320000,3112.360000,88083782.0,
2021-02-24,3112.720000,3125.240000,2973.879999,3007.460000,97988561.0,
2021-02-25,3040.899999,3045.000000,2969.030000,2977.180001,88285851.0,
2021-02-26,2907.479999,2961.030000,2887.810000,2914.109999,90275926.0,
2021-03-01,2958.529999,2998.030001,2935.080001,2994.750001,90984644.0,
2021-03-02,3019.100000,3023.210000,2937.889999,2966.890000,87564875.0,
2021-03-03,2951.289999,2997.990000,2933.829999,2997.750000,80357922.0,
2021-03-04,2962.520000,2962.520000,2841.150001,2851.869999,95795005.0,
2021-03-05,2800.250000,2897.169999,2800.250000,2871.970000,105779692.0,
2021-03-08,2889.080000,2905.470000,2726.340000,2728.840001,107092804.0,
2021-03-09,2717.169999,2733.980001,2608.240000,2633.450000,108261659.0,
2021-03-10,2708.230000,2720.249999,2665.700000,2676.700000,85425561.0,
2021-03-11,2682.950000,2768.950001,2677.570000,2746.580000,83028387.0,
2021-03-12,2768.579999,2771.869999,2711.330001,2756.810000,83114959.0,
2021-03-15,2737.450000,2737.450000,2612.450000,2644.010001,79935707.0,
2021-03-16,2664.689999,2678.919999,2629.359999,2672.120000,88291562.0,
2021-03-17,2662.930000,2717.670000,2631.730001,2704.140001,84968443.0,
2021-03-18,2717.270000,2760.790001,2713.850001,2748.730000,84056848.0,
2021-03-19,2697.830001,2726.870000,2654.000000,2671.519999,80629029.0,
2021-03-22,2683.639999,2729.100001,2665.619999,2698.260000,82721007.0,
2021-03-23,2684.640000,2708.959999,2641.370000,2668.079999,90522749.0,
2021-03-24,2650.369999,2678.399999,2623.290000,2634.610001,80878795.0,
2021-03-25,2609.379999,2670.899999,2603.939999,2656.000000,84741034.0,
2021-03-26,2672.909999,2754.299999,2672.909999,2745.400000,80652150.0,
2021-03-29,2747.860000,2768.140000,2716.950000,2733.959999,79025158.0,
2021-03-30,2728.490001,2779.869999,2722.230000,2771.320000,80983697.0,
2021-03-31,2770.330001,2777.080000,2731.220000,2758.500000,68452039.0,
2021-04-01,2766.419999,2819.410000,2766.419999,2815.409999,65051661.0,
2021-04-02,2828.349999,2871.110000,2820.010000,2852.229999,68828040.0,
2021-04-06,2865.440001,2871.870000,2814.489999,2831.600001,70207120.0,
2021-04-07,2843.570001,2843.570001,2773.670001,2807.199999,74257327.0,
2021-04-08,2793.169999,2838.940001,2778.870000,2826.990000,78439434.0,
2021-04-09,2823.779999,2829.960001,2772.310000,2783.330001,69288416.0,
2021-04-12,2789.779999,2813.490000,2711.840001,2719.949999,76038630.0,
2021-04-13,2719.560000,2785.140000,2719.560000,2742.849999,70626205.0,
2021-04-14,2753.670000,2809.160001,2753.670000,2804.410000,68452421.0,
2021-04-15,2787.250000,2793.670000,2761.289999,2790.640000,68717982.0,
2021-04-16,2801.740000,2802.619999,2744.680000,2783.369999,79576096.0,
2021-04-19,2777.020000,2899.729999,2769.649999,2898.730000,90706317.0,
2021-04-20,2880.059999,2922.030001,2870.290000,2896.110000,91430207.0,
2021-04-21,2873.360000,2920.720000,2867.210000,2916.970000,76179405.0,
2021-04-22,2941.300000,2950.230000,2901.920000,2939.390001,76739358.0,
2021-04-23,2938.930001,3009.269999,2937.939999,2994.490001,83983192.0,
2021-04-26,3019.300000,3057.120000,2965.010001,2969.400000,93732277.0,
2021-04-27,2964.029999,2986.030000,2946.800000,2986.030000,87910105.0,
2021-04-28,2990.700000,3052.039999,2980.650000,3050.580000,82166911.0,
2021-04-29,3053.739999,3068.600000,3014.549999,3051.420000,83585825.0,
2021-04-30,3040.650001,3110.160000,3037.309999,3091.400000,81081276.0,
2021-05-06,3059.580000,3059.580000,2961.990000,3014.809999,74216191.0,
2021-05-07,3021.870000,3026.850000,2910.409999,2910.409999,81480623.0,
2021-05-10,2920.420000,2960.329999,2901.080001,2921.720001,80161307.0,
2021-05-11,2898.800000,2932.480000,2864.050001,2921.340000,81060366.0,
2021-05-12,2913.060000,2965.209999,2887.210001,2960.360000,82562319.0,
2021-05-13,2922.730000,2967.619999,2912.519999,2943.620000,93382117.0,
2021-05-14,2954.169999,3039.730001,2942.980001,3033.809999,105551583.0,
2021-05-17,3049.020001,3130.199999,3049.020001,3112.739999,102722232.0,
2021-05-18,3108.629999,3128.940000,3068.760000,3090.120000,84858621.0,
2021-05-19,3081.220001,3128.600000,3075.800000,3114.720000,86107660.0,
2021-05-20,3113.550000,3158.449999,3112.560000,3143.620001,86554521.0,
2021-05-21,3162.790000,3171.899999,3098.240000,3113.259999,85093497.0,
2021-05-24,3128.780001,3140.950001,3075.450000,3139.690000,87403194.0,
2021-05-25,3155.270001,3232.740000,3151.900000,3227.359999,92506458.0,
2021-05-26,3226.700001,3228.770000,3185.769999,3196.849999,99712490.0,
2021-05-27,3192.040001,3238.449999,3169.030001,3226.110000,100394361.0,
2021-05-28,3226.079999,3285.279999,3215.029999,3232.289999,102431745.0,
2021-05-31,3246.149999,3309.750000,3246.149999,3309.070001,102148572.0,
2021-06-01,3290.530001,3307.469999,3242.900000,3300.160000,108692165.0,
2021-06-02,3309.180001,3310.490000,3228.849999,3243.019999,105011106.0,
2021-06-03,3241.160000,3255.160000,3201.230001,3201.779999,99111260.0,
2021-06-04,3194.389999,3281.260000,3183.670001,3242.609999,99530493.0,
2021-06-07,3240.950000,3241.770000,3197.910000,3228.240001,101851187.0,
2021-06-08,3227.270001,3275.779999,3185.220000,3208.569999,113862128.0,
2021-06-09,3203.150000,3222.180001,3183.060001,3207.630000,106230210.0,
2021-06-10,3213.439999,3301.160001,3213.439999,3285.510000,133126000.0,
2021-06-11,3305.530001,3320.259999,3266.360000,3298.500001,142328260.0,
2021-06-15,3298.210000,3306.439999,3240.520001,3262.190001,135815570.0,
2021-06-16,3258.600001,3258.689999,3122.809999,3125.700001,140025080.0,
2021-06-17,3133.910001,3197.540001,3133.910001,3188.589999,131986883.0,
2021-06-18,3210.140000,3260.730000,3198.289999,3239.230001,135807223.0,
2021-06-21,3235.690001,3288.740001,3205.360000,3270.580000,140970659.0,
2021-06-22,3273.629999,3291.180000,3220.420000,3281.990000,152034108.0,
2021-06-23,3288.760000,3341.960000,3266.899999,3318.950000,142736946.0,
2021-06-24,3326.330001,3328.560000,3260.030001,3279.160000,132892484.0,
2021-06-25,3288.270001,3355.880000,3286.270001,3347.700000,127420406.0,
2021-06-28,3356.220001,3422.730000,3345.209999,3412.860001,119358637.0,
2021-06-29,3438.879999,3445.870001,3392.630000,3406.240000,122183462.0,
2021-06-30,3418.810001,3484.190001,3389.960000,3477.180000,119646224.0,
2021-07-01,3486.780000,3500.740000,3431.770000,3455.359999,133199517.0,
2021-07-02,3429.610000,3429.610000,3329.820001,3333.900000,119977644.0,
2021-07-05,3332.490001,3387.100000,3318.340000,3352.120000,128973925.0,
2021-07-06,3359.260000,3367.750000,3240.869999,3291.990000,138459689.0,
2021-07-07,3278.130000,3419.700000,3261.320001,3409.590000,129431746.0,
2021-07-08,3435.310000,3469.600001,3418.699999,3432.960000,153752824.0,
2021-07-09,3413.020000,3428.299999,3334.269999,3409.310001,137781112.0,
2021-07-12,3453.010001,3554.070001,3426.010000,3534.759999,160606048.0,
2021-07-13,3518.529999,3560.880000,3478.269999,3514.979999,164077837.0,
2021-07-14,3491.420001,3539.550000,3464.919999,3488.630000,156374361.0,
2021-07-15,3476.109999,3537.390001,3453.350000,3537.390001,138243388.0,
2021-07-16,3525.270001,3525.270001,3428.980001,3432.650000,130951905.0,
2021-07-19,3438.200000,3482.090000,3420.400001,3449.530000,135626549.0,
2021-07-20,3431.000000,3491.049999,3418.760001,3463.789999,127280016.0,
2021-07-21,3480.700000,3568.699999,3473.150001,3560.050000,160303292.0,
2021-07-22,3572.440000,3576.120000,3512.719999,3544.440000,172597708.0,
2021-07-23,3539.420000,3542.280000,3461.620000,3469.870000,174156250.0,
2021-07-26,3450.899999,3464.740000,3292.200000,3371.230000,163488545.0,
2021-07-27,3384.460001,3423.450000,3232.840000,3232.840000,168643142.0,
2021-07-28,3204.310001,3306.500001,3157.990001,3284.919999,152311021.0,
2021-07-29,3375.330000,3467.900001,3338.129999,3459.720000,156644084.0,
2021-07-30,3454.029999,3479.380000,3402.330001,3440.180001,171733128.0,
2021-08-02,3448.260000,3500.330000,3399.640000,3493.359999,172263865.0,
2021-08-03,3490.860001,3517.100001,3447.140000,3477.230000,187257777.0,
2021-08-04,3463.729999,3564.270000,3445.050001,3563.130000,165124105.0,
2021-08-05,3547.840000,3569.840001,3507.029999,3532.499999,174787164.0,
2021-08-06,3539.970000,3548.340000,3469.119999,3490.899999,159069034.0,
2021-08-09,3455.700000,3466.880001,3412.860001,3456.749999,143720714.0,
2021-08-10,3453.850000,3470.969999,3422.380000,3468.669999,159164878.0,
2021-08-11,3457.790001,3471.940000,3422.859999,3437.060000,170524419.0,
2021-08-12,3413.520001,3439.410001,3379.420001,3386.430000,171889789.0,
2021-08-13,3360.519999,3432.819999,3328.700000,3345.130000,166107673.0,
2021-08-16,3258.917339,3346.581532,3239.962919,3301.390000,2063474.0,
2021-08-17,3288.766667,3314.285220,3204.967156,3209.744602,2005330.0,
2021-08-18,3225.358694,3241.361196,3186.284623,3201.044213,1620943.0,
2021-08-19,3206.171228,3288.106370,3203.918448,3265.209585,1852427.0,
2021-08-20,3251.285078,3313.780287,3226.621027,3261.752734,1736106.0,
2021-08-23,3266.219452,3352.232901,3262.917965,3343.668455,1866827.0,
2021-08-24,3344.115127,3369.653101,3307.410359,3351.747389,1970273.0,
2021-08-25,3343.765558,3361.166337,3259.441693,3271.793139,1845318.0,
2021-08-26,3286.183739,3300.263610,3182.614146,3187.119705,2090857.0,
2021-08-27,3181.448916,3206.715002,3149.463332,3158.144301,1777799.0,
2021-08-30,3177.409449,3220.814294,3102.970625,3117.730215,2169070.0,
2021-08-31,3108.155902,3110.835933,3000.372058,3042.223262,2090438.0,
2021-09-01,3034.086068,3039.931642,2975.824531,3028.298755,1676444.0,
2021-09-02,3008.645197,3016.024991,2949.004803,2957.161418,1571920.0,
2021-09-03,2961.647557,3004.799935,2930.186327,2986.525233,1838563.0,
2021-09-06,2973.746536,3044.553724,2947.684208,3037.853647,1439962.0,
2021-09-07,3026.861637,3041.757170,2996.235489,3013.170176,1334460.0,
2021-09-08,3014.490771,3031.172991,2965.570500,2979.941679,1453479.0,
2021-09-09,2975.941054,2975.941054,2904.143420,2921.777245,1517195.0,
2021-09-10,2915.718045,3028.162811,2907.949840,3020.258663,2066183.0,
2021-09-13,3002.954986,3004.100797,2904.861978,2904.861978,1661057.0,
2021-09-14,2910.746394,2968.891408,2907.561430,2916.339501,1552515.0,
2021-09-15,2905.133866,2916.184137,2876.974123,2895.947963,1169170.0,
2021-09-16,2878.294718,2901.618753,2838.502088,2852.776164,1377707.0,
2021-09-17,2848.523072,2858.349851,2803.545165,2819.450565,1062360.0,
2021-09-22,2793.990273,2850.795272,2788.358325,2826.228324,1097664.0,
2021-09-23,2833.452754,2885.266681,2824.597001,2871.614061,1163145.0,
2021-09-24,2866.972559,2908.027522,2862.195113,2876.585712,1199701.0,
2021-09-27,2903.386020,2936.536834,2847.843354,2865.690805,1250252.0,
2021-09-28,2857.359405,2893.190251,2815.527622,2857.475928,1069723.0,
2021-09-29,2841.473426,2871.147969,2818.498960,2847.435523,1410905.0,
2021-09-30,2852.387754,2877.906307,2844.677811,2870.351728,920421.0,
2021-10-08,2897.656968,2932.477947,2867.574595,2872.856974,989044.0,
2021-10-11,2875.284538,2896.705363,2838.929339,2843.473739,1005110.0,
2021-10-12,2841.842416,2857.534190,2752.294433,2762.606725,1083654.0,
2021-10-13,2763.364125,2801.991524,2763.364125,2795.485653,909823.0,
2021-10-14,2796.961612,2808.536237,2775.443684,2794.009694,773413.0,
2021-10-15,2804.574453,2854.776477,2782.668115,2846.542180,1187543.0,
2021-10-18,2854.834739,2854.834739,2761.849325,2786.241489,1025800.0,
2021-10-19,2789.776022,2830.928088,2783.522617,2825.626288,840114.0,
2021-10-20,2838.754554,2854.426908,2801.098181,2819.392304,957807.0,
2021-10-21,2818.304755,2838.171939,2790.921832,2809.002329,1089061.0,
2021-10-22,2813.197160,2853.106313,2803.855894,2841.978359,1553214.0,
2021-10-25,2841.046175,2860.544369,2813.352524,2860.544369,1291150.0,
2021-10-26,2846.697544,2868.157210,2829.355026,2838.482667,1459113.0,
2021-10-27,2832.073898,2837.686426,2763.364125,2778.958797,1691416.0,
2021-10-28,2767.539536,2802.962550,2767.170546,2772.394664,1351125.0,
2021-10-29,2791.446186,2885.208420,2782.687535,2876.391507,1791940.0,
2021-11-01,2877.537318,2919.640988,2862.913672,2908.901445,1685731.0,
2021-11-02,2912.707865,2953.743408,2897.093774,2918.961270,2207852.0,
2021-11-03,2926.418747,2944.440983,2886.529015,2915.174271,1489304.0,
2021-11-04,2925.991496,2951.917880,2925.991496,2936.497993,1582057.0,
2021-11-05,2957.044895,2978.737608,2921.155788,2923.796978,1848967.0,
2021-11-08,2920.398388,2920.398388,2859.573344,2901.618753,1595335.0,
2021-11-09,2900.239897,2975.921633,2891.850235,2966.968777,2136291.0,
2021-11-10,2959.472459,2979.028915,2927.040204,2976.989761,1870605.0,
2021-11-11,2969.338080,3072.111431,2961.356249,3045.097498,2724370.0,
2021-11-12,3026.026555,3046.320991,2999.672920,3032.959678,2694550.0,
2021-11-15,3040.125847,3064.809318,3021.948248,3029.075576,2049382.0,
2021-11-16,3023.404786,3053.001647,3002.275269,3006.392417,1787172.0,
2021-11-17,3006.198212,3043.543857,2981.145751,3035.134775,1515864.0,
2021-11-18,3030.454432,3040.533678,2997.536663,2997.536663,1528255.0,
2021-11-19,2994.099233,3027.949186,2991.768771,3016.879494,1494062.0,
2021-11-22,3021.346212,3108.699676,3017.636894,3099.999287,2466782.0,
2021-11-23,3095.687933,3124.158404,3093.862405,3103.261933,2210173.0,
2021-11-24,3102.310328,3130.295286,3101.475246,3103.863969,2062344.0,
2021-11-25,3103.805707,3141.170773,3096.192866,3114.991922,1834528.0,
2021-11-26,3108.641415,3111.748697,3041.990216,3061.682616,1759117.0,
2021-11-29,3024.977847,3066.188175,3013.267279,3053.526001,1669924.0,
2021-11-30,3066.149334,3086.948702,3048.263042,3075.296395,1720738.0,
2021-12-01,3065.508457,3081.141969,3031.910970,3036.766098,1523574.0,
2021-12-02,3035.057093,3039.018878,2963.259459,2966.366741,1455606.0,
2021-12-03,2972.251156,3003.595863,2972.251156,2996.701581,1470100.0,
2021-12-06,3001.770335,3001.770335,2917.582414,2920.359547,1703429.0,
2021-12-07,2934.691885,2936.886403,2868.662143,2884.373338,1386179.0,
2021-12-08,2899.676702,2950.616706,2899.676702,2947.101593,1345079.0,
2021-12-09,2948.927121,3000.022489,2946.596660,2993.380674,1849365.0,
2021-12-10,2989.496571,2997.051151,2958.637377,2983.612156,2422636.0,
2021-12-13,2983.184905,3013.655689,2974.736982,3002.430633,1815543.0,
2021-12-14,3000.488581,3016.801812,2986.991325,2995.691715,1492839.0,
2021-12-15,2996.449115,3001.614971,2956.035029,2956.928372,1594991.0,
2021-12-16,2958.812162,2983.126643,2952.364552,2967.260085,1456113.0,
2021-12-17,2970.347946,2971.610279,2894.472004,2897.093774,1594635.0,
2021-12-20,2871.012025,2900.006850,2835.491908,2836.035683,1376657.0,
2021-12-21,2837.764108,2872.157836,2833.977108,2862.311636,1198917.0,
2021-12-22,2870.856661,2896.685943,2860.699733,2873.575533,1399470.0,
2021-12-23,2873.556113,2884.858851,2856.349539,2872.546246,1188094.0,
2021-12-24,2870.662456,2881.518523,2841.356903,2861.398872,1159020.0,
2021-12-27,2855.650400,2874.294092,2843.512580,2855.126046,891259.0,
2021-12-28,2857.786656,2877.615000,2849.494098,2862.020328,947738.0,
2021-12-29,2861.495974,2861.495974,2807.506950,2823.121042,1082779.0,
2021-12-30,2821.547980,2890.121810,2820.363329,2877.634420,1347888.0,
2021-12-31,2881.052430,2905.910686,2863.010774,2902.337312,1121803.0,
2022-01-04,2908.590717,2917.757199,2850.698169,2855.436774,1597241.0,
2022-01-05,2854.349226,2861.340610,2795.621596,2805.778524,1487416.0,
2022-01-06,2795.602176,2802.205150,2759.169295,2764.840084,1139648.0,
2022-01-07,2772.763653,2795.990586,2740.234295,2742.331710,1154163.0,
2022-01-10,2739.612839,2778.900535,2697.839317,2766.704453,1166717.0,
2022-01-11,2766.762715,2766.762715,2703.820834,2709.977137,1129249.0,
2022-01-12,2707.161163,2730.426936,2698.091783,2725.280501,1077632.0,
2022-01-13,2727.863429,2728.523726,2669.796097,2669.796097,1153827.0,
2022-01-14,2664.241830,2701.839942,2656.803774,2676.632117,1299523.0,
2022-01-17,2686.167589,2757.596233,2684.478004,2754.877361,1612053.0,
2022-01-18,2765.539223,2841.570529,2752.372115,2792.456053,1837846.0,
2022-01-19,2786.921207,2798.845401,2751.459351,2764.315730,1194045.0,
2022-01-20,2767.092864,2769.792315,2724.115270,2727.339075,1316434.0,
2022-01-21,2720.367111,2722.639311,2681.021153,2686.672522,1228189.0,
2022-01-24,2680.088968,2721.843070,2674.631804,2712.016291,1158670.0,
2022-01-25,2705.743465,2719.454347,2647.559610,2648.996728,1333037.0,
2022-01-26,2655.483179,2664.940969,2611.903549,2642.782164,1023620.0,
2022-01-27,2637.402682,2646.161333,2552.515623,2554.457674,1284198.0,
2022-01-28,2579.820863,2580.345217,2525.715316,2525.715316,1044532.0,
2022-02-07,2556.380305,2587.647329,2520.763085,2528.006936,983073.0,
2022-02-08,2526.686341,2528.434187,2465.220419,2486.485881,996281.0,
2022-02-09,2488.078363,2503.459408,2473.241091,2496.875855,1118859.0,
2022-02-10,2507.537716,2510.062383,2458.850491,2466.405071,1179231.0,
2022-02-11,2460.714861,2474.891835,2434.011656,2437.138359,1241462.0,
2022-02-14,2421.330062,2446.052374,2384.605873,2419.232646,886063.0,
2022-02-15,2430.418861,2488.738660,2426.534759,2486.913132,1115025.0,
2022-02-16,2506.042336,2507.615398,2463.356050,2465.900137,866536.0,
2022-02-17,2466.346809,2504.139126,2456.908440,2482.310470,1061026.0,
2022-02-18,2468.424804,2473.454717,2449.489804,2471.163096,981370.0,
2022-02-21,2473.435296,2491.360429,2449.878215,2454.597399,1239644.0,
2022-02-22,2439.332876,2439.332876,2396.083395,2430.399441,1181747.0,
2022-02-23,2424.631549,2537.989079,2424.631549,2534.804115,1842850.0,
2022-02-24,2527.890413,2530.007249,2448.751825,2478.251583,1789180.0,
2022-02-25,2506.469588,2539.600982,2495.846567,2515.014613,1372746.0,
2022-02-28,2512.936618,2522.336146,2488.233727,2518.452044,1471839.0,
2022-03-01,2518.510305,2525.424008,2478.892460,2495.302793,1082894.0,
2022-03-02,2481.863799,2481.863799,2456.053938,2471.415563,876532.0,
2022-03-03,2485.068183,2489.845629,2426.806646,2429.855666,1064146.0,
2022-03-04,2413.561857,2478.562311,2404.900308,2432.419174,1191747.0,
2022-03-07,2422.475872,2422.961385,2340.812617,2351.027807,1292762.0,
2022-03-08,2350.930704,2390.839857,2314.672608,2328.364069,1426413.0,
2022-03-09,2342.405099,2373.244873,2253.109583,2317.585684,1905139.0,
2022-03-10,2374.293581,2389.985355,2332.131648,2333.413402,1629010.0,
2022-03-11,2306.943244,2352.697971,2281.715998,2351.416217,1660942.0,
2022-03-14,2329.412776,2332.481217,2273.073870,2273.073870,1502999.0,
2022-03-15,2252.196819,2288.804485,2189.429723,2189.429723,2123287.0,
2022-03-16,2227.901758,2272.549516,2151.210155,2267.072932,2028318.0,
2022-03-17,2309.234864,2342.366258,2302.418264,2311.293438,2031561.0,
2022-03-18,2301.563762,2301.563762,2258.896896,2284.124142,1260861.0,
2022-03-21,2284.201824,2314.730869,2266.315532,2298.359377,1364117.0,
2022-03-22,2292.067131,2293.601352,2265.461029,2269.694701,1085789.0,
2022-03-23,2274.646932,2291.232049,2251.517101,2281.696578,1055212.0,
2022-03-24,2269.519916,2269.966588,2226.561743,2245.477322,1040290.0,
2022-03-25,2252.973640,2273.015609,2213.880148,2216.521338,1023515.0,
2022-03-28,2190.847421,2211.996359,2172.242570,2195.042251,955547.0,
2022-03-29,2200.615938,2205.742954,2150.841165,2153.948447,963671.0,
2022-03-30,2162.687678,2210.190251,2162.687678,2208.927918,1048552.0,
2022-03-31,2207.898631,2207.898631,2175.718842,2177.719154,991195.0,
2022-04-01,2168.941083,2183.040375,2142.917596,2167.853534,943715.0,
2022-04-06,2165.192924,2165.192924,2106.989648,2115.728879,1230609.0,
2022-04-07,2108.815177,2120.894735,2071.683157,2071.683157,1022101.0,
2022-04-08,2075.800305,2096.269526,2048.941737,2078.635700,1099961.0,
2022-04-11,2074.751598,2074.751598,1982.640108,1990.583097,1319640.0,
2022-04-12,1985.125933,2013.635245,1955.276606,2012.470015,1059441.0,
2022-04-13,2005.420369,2005.420369,1959.354913,1959.354913,848488.0,
2022-04-14,1970.696493,2004.837753,1948.751314,1985.825072,1078150.0,
2022-04-15,1969.841990,1978.756005,1937.895247,1968.385452,951098.0,
2022-04-18,1958.636354,2032.919814,1947.061729,2025.967271,1047070.0,
2022-04-19,2022.277373,2032.725609,1977.551933,1981.746764,842244.0,
2022-04-20,1986.718415,2004.624128,1962.248570,1965.278170,814953.0,
2022-04-21,1954.985298,2000.934230,1938.846852,1942.789216,1139743.0,
2022-04-22,1933.797519,1945.100257,1904.220079,1906.997212,994324.0,
2022-04-25,1885.090874,1885.090874,1775.656287,1775.656287,1648968.0,
2022-04-26,1777.112825,1801.504989,1725.279478,1728.483862,1466864.0,
2022-04-27,1708.519576,1809.894650,1700.032812,1803.718927,1625931.0,
2022-04-28,1792.610394,1794.513604,1747.224657,1766.159656,1385135.0,
2022-04-29,1782.841876,1869.904033,1768.606641,1864.912962,1708363.0,
2022-05-05,1855.299808,1900.685545,1852.697459,1876.507008,1439114.0,
2022-05-06,1832.830275,1892.179361,1826.440927,1852.309049,1080222.0,
2022-05-09,1840.035285,1864.602233,1823.391906,1833.315788,1024072.0,
2022-05-10,1814.477891,1911.541612,1803.835450,1894.373879,1543376.0,
2022-05-11,1897.811310,1991.515282,1891.596746,1943.818503,2038284.0,
2022-05-12,1937.409734,1977.862662,1931.641842,1961.549431,1323787.0,
2022-05-13,1972.114190,1975.901190,1941.507462,1954.422103,1180634.0,
2022-05-16,1970.133298,1994.855610,1931.971991,1938.633227,1197194.0,
2022-05-17,1936.691175,1977.105262,1926.495406,1972.735646,1211180.0,
2022-05-18,1978.270492,1999.633056,1972.832749,1980.562113,1178441.0,
2022-05-19,1953.198611,2017.810656,1947.857970,2017.752394,1377484.0,
2022-05-20,2023.520286,2035.483322,2004.216297,2034.298671,1361518.0,
2022-05-23,2035.172594,2045.815034,2021.500553,2038.318717,1167512.0,
2022-05-24,2034.881286,2050.106968,1957.781852,1957.781852,1621840.0,
2022-05-25,1960.054052,1990.660779,1949.683498,1967.103698,1055192.0,
2022-05-26,1967.026016,1983.009097,1922.203473,1967.026016,1091226.0,
2022-05-27,1972.483180,1983.436349,1922.125791,1931.234011,1167742.0,
2022-05-30,1937.060165,1973.046375,1914.881940,1962.481616,1264137.0,
2022-05-31,1964.210041,2036.765076,1939.293524,2035.599845,2456271.0,
2022-06-01,2028.511358,2074.615654,2025.132189,2061.196080,2123356.0,
2022-06-02,2059.758962,2183.545308,2049.310727,2178.418293,3912677.0,
2022-06-06,2194.945149,2278.997126,2188.614062,2263.985070,3950045.0,
2022-06-07,2252.643491,2252.954219,2195.838492,2211.316641,2546714.0,
2022-06-08,2209.452272,2237.981004,2173.504903,2210.967072,2166546.0,
2022-06-09,2212.151723,2213.880148,2124.079699,2136.625350,2024880.0,
2022-06-10,2121.865761,2175.990729,2118.001079,2173.757370,2606918.0,
2022-06-13,2147.753304,2166.804826,2126.701468,2141.189171,2050148.0,
2022-06-14,2114.913217,2118.913843,2045.077055,2098.075633,2101477.0,
2022-06-15,2098.561146,2146.413288,2096.599674,2101.843213,2128002.0,
2022-06-16,2106.445874,2157.191673,2106.445874,2122.293012,1740077.0,
2022-06-17,2105.047597,2132.158632,2077.353946,2120.467484,1647089.0,
2022-06-20,2126.973356,2149.404047,2101.784951,2103.066705,1776815.0,
2022-06-21,2101.415961,2111.650571,2060.749408,2077.334526,1729553.0,
2022-06-22,2082.325598,2087.044782,2012.722481,2012.722481,1746218.0,
2022-06-23,2017.538768,2060.729988,2008.003297,2060.127952,1904923.0,
2022-06-24,2065.662798,2096.347208,2055.505870,2077.062639,1877603.0,
2022-06-27,2084.092864,2102.348146,2073.955357,2076.984957,1837614.0,
2022-06-28,2079.140634,2105.533110,2034.551137,2101.707269,2277587.0,
2022-06-29,2095.201397,2130.216581,2065.779321,2066.633824,2314769.0,
2022-06-30,2067.993260,2113.631464,2067.915577,2093.026300,1902006.0,
2022-07-01,2094.579941,2098.056213,2056.845885,2061.137819,1638597.0,
2022-07-04,2051.524665,2051.524665,1996.933605,2013.285676,2004874.0,
2022-07-05,2016.839630,2036.337824,1967.744575,1990.155846,1677112.0,
2022-07-06,1997.302594,2063.895531,1991.185133,2023.481445,2175100.0,
2022-07-07,2030.200942,2030.200942,1990.796723,1998.623189,1509849.0,
2022-07-08,2008.857799,2044.164291,2002.759758,2014.645112,1644251.0,
2022-07-11,2009.032584,2009.032584,1956.636042,1967.744575,1638496.0,
2022-07-12,1968.851544,1977.784980,1908.900422,1908.900422,1572921.0,
2022-07-13,1909.657822,1919.368078,1884.818987,1890.431515,1320437.0,
2022-07-14,1888.897294,1931.544740,1885.925956,1911.269725,1490301.0,
2022-07-15,1908.531432,1952.169324,1906.356335,1912.299012,1485488.0,
2022-07-18,1919.212714,1926.145837,1890.023684,1914.299325,1604472.0,
2022-07-19,1913.172935,1932.205037,1899.073643,1930.806760,1687025.0,
2022-07-20,1939.429468,1963.297277,1939.410047,1949.197985,1524871.0,
2022-07-21,1948.634790,2031.191389,1943.507775,1998.312461,2282694.0,
2022-07-22,2014.295543,2017.422245,1956.655462,1969.686626,1600037.0,
2022-07-25,1970.016775,2005.536892,1959.723903,1967.899939,1407973.0,
2022-07-26,1968.890385,1974.658277,1944.323437,1972.580282,1286758.0,
2022-07-27,1966.171513,1978.522959,1957.820693,1972.929851,1335916.0,
2022-07-28,1987.184508,2025.112768,1987.184508,2012.528276,1917946.0,
2022-07-29,2017.732973,2017.732973,1969.123431,1970.599390,1781659.0,
2022-08-01,1962.792344,2013.207994,1932.612868,2008.042138,1974547.0,
2022-08-02,1983.358667,2021.675338,1959.995790,1995.263441,2492816.0,
2022-08-03,2002.254825,2105.882679,1997.555061,2052.495691,3451458.0,
2022-08-04,2066.497880,2102.969602,2058.768516,2086.112598,2525945.0,
2022-08-05,2096.211264,2232.038327,2094.094428,2231.047881,4126480.0,
2022-08-08,2248.468081,2248.992435,2196.576472,2219.181948,3672310.0,
2022-08-09,2213.491738,2224.677953,2166.765985,2222.056184,2738894.0,
2022-08-10,2200.441154,2252.080296,2189.410303,2204.635985,2737884.0,
2022-08-11,2220.230656,2258.197758,2218.133241,2249.128378,2844873.0,
2022-08-12,2247.710681,2260.722424,2193.702236,2193.702236,2426104.0,
2022-08-15,2187.507093,2198.421421,2164.726832,2164.726832,2146812.0,
2022-08-16,2163.872329,2181.564416,2133.479227,2137.771160,1957052.0,
2022-08-17,2139.130596,2149.908981,2121.904602,2141.752365,1779826.0,
2022-08-18,2142.801073,2173.835052,2125.050725,2168.203103,2706732.0,
2022-08-19,2172.009524,2207.937472,2117.768033,2117.768033,2517392.0,
2022-08-22,2112.641017,2135.401858,2088.384797,2113.553782,1861841.0,
2022-08-23,2109.456053,2119.612981,2092.268900,2095.259659,1629865.0,
2022-08-24,2098.172736,2099.920582,1999.205805,1999.497112,2242977.0,
2022-08-25,2001.244958,2012.411753,1958.325626,1980.251385,1729170.0,
2022-08-26,1989.786856,1994.525461,1952.810201,1953.975431,1340864.0,
2022-08-29,1926.495406,1969.686626,1923.310442,1957.607067,1428361.0,
2022-08-30,1956.208790,1977.163523,1946.013021,1956.228211,1248792.0,
2022-08-31,1953.722965,1972.619123,1930.515452,1943.371832,1606930.0,
2022-09-01,1958.170262,1981.494297,1932.030252,1935.098693,1590852.0,
2022-09-02,1938.322498,1976.347862,1934.341293,1960.675508,1616194.0,
2022-09-05,1960.966816,1960.966816,1919.989535,1940.536437,1793277.0,
2022-09-06,1940.070345,1945.721714,1920.708094,1939.604252,1445082.0,
2022-09-07,1941.895873,2009.382153,1941.332678,1985.339559,1907047.0,
2022-09-08,1981.630241,1988.524523,1960.170575,1961.568852,1569639.0,
2022-09-09,1960.869713,1961.937841,1928.573401,1946.886944,1318921.0,
2022-09-13,1946.343170,1996.797661,1946.343170,1962.345672,1326326.0,
2022-09-14,1935.040432,1982.640108,1932.302140,1980.348487,1363290.0,
2022-09-15,1986.718415,1992.835877,1923.388124,1942.633852,1720076.0,
2022-09-16,1936.205663,1988.641046,1934.982170,1949.547555,1690553.0,
2022-09-19,1948.382324,1963.491482,1894.995335,1902.744120,1685321.0,
2022-09-20,1909.852027,1915.017884,1880.643577,1894.432140,1173564.0,
2022-09-21,1884.197530,1887.110607,1853.047029,1859.203331,1354721.0,
2022-09-22,1850.153372,1888.042792,1848.017116,1868.544597,1161894.0,
2022-09-23,1868.564018,1871.496515,1815.973271,1819.255337,1391155.0,
2022-09-26,1810.710312,1836.520173,1800.223235,1808.826522,1270597.0,
2022-09-27,1810.671471,1849.881485,1807.641871,1849.881485,1251300.0,
2022-09-28,1843.880547,1843.880547,1801.504989,1802.670220,1076532.0,
2022-09-29,1815.138188,1840.540219,1801.291363,1809.234353,1054832.0,
2022-09-30,1804.282122,1815.215871,1770.859420,1770.878841,995109.0,
2022-10-10,1756.896072,1757.459267,1658.803064,1659.618725,1656681.0,
2022-10-11,1658.822484,1665.522561,1623.205265,1627.671983,1373942.0,
2022-10-12,1624.409337,1717.181124,1610.601352,1714.170945,1680369.0,
2022-10-13,1704.033437,1755.264749,1699.741504,1726.522391,1523254.0,
2022-10-14,1746.195370,1769.092154,1730.037503,1763.188318,1561418.0,
2022-10-17,1753.555744,1819.177655,1751.225282,1813.176717,1860128.0,
2022-10-18,1818.633881,1820.129260,1784.686825,1792.629815,1423308.0,
2022-10-19,1790.804286,1797.077112,1771.034205,1780.161846,1342046.0,
2022-10-20,1771.189569,1884.352895,1768.257072,1859.572321,2290044.0,
2022-10-21,1848.114218,1885.265659,1821.255650,1870.525490,1798220.0,
2022-10-24,1874.157126,1928.981232,1867.690095,1886.275525,1915216.0,
2022-10-25,1871.729562,1888.392361,1839.472090,1857.047654,1606235.0,
2022-10-26,1853.649065,1942.187180,1829.431686,1923.931899,2333060.0,
2022-10-27,1925.407858,1966.307457,1902.511074,1937.584519,2747661.0,
2022-10-28,1910.512325,1965.394693,1905.035740,1920.630412,2657141.0,
2022-10-31,1909.813186,2010.392020,1909.813186,1987.941908,2806038.0,
2022-11-01,1985.592026,2018.529215,1959.393754,1988.524523,2544660.0,
2022-11-02,1986.970882,2023.034773,1981.125308,2008.799538,2556478.0,
2022-11-03,1994.214733,2050.126388,1992.661092,2043.892404,2548304.0,
2022-11-04,2043.212686,2067.041654,2020.607209,2058.108219,2405316.0,
2022-11-07,2055.020357,2080.228182,2024.064061,2028.297732,2229333.0,
2022-11-08,2028.453096,2030.006737,1987.475815,2016.354117,1786409.0,
2022-11-09,2012.295230,2032.531404,1991.282236,2006.041825,1391238.0,
2022-11-10,1993.904005,2018.898204,1964.423667,1965.744262,1738957.0,
2022-11-11,2021.248086,2033.347065,1978.056867,1978.056867,2043827.0,
2022-11-14,1972.968692,2000.856548,1950.926411,1988.097272,1865189.0,
2022-11-15,1987.922487,2088.734367,1985.863913,2077.684095,3051415.0,
2022-11-16,2080.597172,2093.725438,2047.562880,2050.417696,1993426.0,
2022-11-17,2038.318717,2110.893171,2008.197502,2107.669366,2184413.0,
2022-11-18,2097.143449,2117.088315,2055.175721,2055.583552,2185647.0,
2022-11-21,2044.436178,2062.846824,2023.597968,2048.281439,1646530.0,
2022-11-22,2042.921378,2062.361311,2023.112455,2028.258891,1981439.0,
2022-11-23,2024.549573,2038.474081,1973.803775,2013.635245,1861386.0,
2022-11-24,2019.150671,2026.491625,1985.592026,1990.388892,1657718.0,
2022-11-25,1987.223349,2020.646050,1967.744575,1967.744575,1764171.0,
2022-11-28,1936.283345,1970.599390,1930.418350,1947.586083,1984678.0,
2022-11-29,1954.402683,1984.213169,1941.759929,1974.250446,1934227.0,
2022-11-30,1967.589211,1974.502913,1944.051550,1963.938154,1724249.0,
2022-12-01,1974.716539,2021.112143,1972.755067,2002.196564,2026344.0,
2022-12-02,1990.660779,2022.257953,1985.863913,1986.640733,1675334.0,
2022-12-05,1999.710738,2018.257327,1993.496174,2004.332820,2160128.0,
2022-12-06,2002.080041,2057.933434,1995.108077,2040.027722,2151707.0,
2022-12-07,2035.269696,2036.318404,2014.159599,2019.208932,1834733.0,
2022-12-08,2015.596717,2015.810343,1993.049502,1997.516220,2129883.0,
2022-12-09,2001.031333,2020.432425,1989.301343,2014.625692,3752014.0,
2022-12-12,2013.169153,2055.719496,2004.507605,2043.834142,2704920.0,
2022-12-13,2038.007988,2039.503368,2010.780430,2011.052317,1691145.0,
2022-12-14,2061.254342,2066.303675,2002.740338,2006.760384,2125109.0,
2022-12-15,2010.003610,2040.707440,1990.680200,2018.063122,1503349.0,
2022-12-16,2007.964456,2008.469389,1979.668769,1988.815831,1487975.0,
2022-12-19,1980.076600,1998.021153,1935.370581,1941.021950,1321951.0,
2022-12-20,1936.108560,1955.917483,1922.824930,1930.496032,1154935.0,
2022-12-21,1925.369017,1939.157580,1895.694474,1906.103868,1060973.0,
2022-12-22,1912.240750,1915.988909,1877.808182,1882.449684,988495.0,
2022-12-23,1873.380305,1881.653443,1851.532229,1861.611475,1186887.0,
2022-12-26,1859.183911,1906.472858,1859.086808,1899.248428,1097884.0,
2022-12-27,1901.928458,1929.777473,1894.470981,1924.883504,1108089.0,
2022-12-28,1919.581704,1920.844037,1897.053910,1898.219140,1065903.0,
2022-12-29,1893.208648,1928.864709,1887.091187,1908.045920,1020479.0,
2022-12-30,1910.725950,1927.155704,1891.538484,1895.247802,942266.0,
2023-01-03,1896.277089,1949.994226,1888.703089,1947.663765,1407174.0,
2023-01-04,1953.994852,1965.550057,1924.184365,1940.458755,1411658.0,
2023-01-05,1939.021637,1959.102447,1927.951945,1954.111375,1394572.0,
2023-01-06,1949.994226,1961.102759,1932.651709,1942.517329,1448244.0,
2023-01-09,1945.041996,1965.860785,1927.660637,1934.923909,1292469.0,
2023-01-10,1936.982483,1958.811139,1925.679745,1935.487104,1246999.0,
2023-01-11,1936.147401,1953.004406,1906.861268,1909.016945,1500440.0,
2023-01-12,1910.298699,1915.658760,1896.374192,1904.530807,1204514.0,
2023-01-13,1910.026812,1910.026812,1893.072705,1909.133468,1140587.0,
2023-01-16,1905.249366,1979.299780,1903.792827,1964.268303,1982113.0,
2023-01-17,1968.540816,2006.002984,1962.462195,2000.487559,1795335.0,
2023-01-18,2006.100087,2017.461086,1993.670959,2008.333446,1340744.0,
2023-01-19,2006.779805,2064.847137,2005.226164,2064.769454,1642187.0,
2023-01-20,2067.876736,2083.762716,2055.253403,2065.507434,1443670.0,
2023-01-30,2094.521679,2110.679546,2070.498506,2071.508372,2394820.0,
2023-01-31,2062.827403,2065.779321,2013.382779,2014.450907,1774803.0,
2023-02-01,2020.820835,2062.264208,2020.820835,2062.070003,1878333.0,
2023-02-02,2074.926382,2120.195597,2074.926382,2092.404844,2200471.0,
2023-02-03,2085.219254,2118.214704,2075.217690,2117.282520,1751668.0,
2023-02-06,2114.330602,2143.247745,2095.453864,2102.600613,1790730.0,
2023-02-07,2102.775397,2104.600925,2081.140946,2092.346582,1698482.0,
2023-02-08,2095.570387,2113.534361,2075.334213,2075.334213,1589286.0,
2023-02-09,2064.342203,2145.694729,2060.166793,2144.043986,2357612.0,
2023-02-10,2139.208278,2154.647586,2099.784638,2113.650884,2241465.0,
2023-02-13,2105.669054,2140.625976,2098.308679,2122.448376,2077003.0,
2023-02-14,2124.934202,2157.444139,2111.378684,2119.807187,1759903.0,
2023-02-15,2120.098494,2151.715088,2106.309930,2147.326053,2538328.0,
2023-02-16,2143.228324,2161.308821,2084.423013,2096.230684,2854986.0,
2023-02-17,2088.210013,2097.862008,2035.463901,2035.463901,2011832.0,
2023-02-20,2034.318091,2060.574624,2020.238220,2057.642126,1796840.0,
2023-02-21,2057.156614,2073.605788,2033.288804,2048.436804,1580321.0,
2023-02-22,2033.813158,2063.157552,2028.783245,2053.466716,1359965.0,
2023-02-23,2048.883475,2059.758962,2037.697260,2044.708065,1271314.0,
2023-02-24,2055.195142,2076.052772,2046.727798,2053.524978,1403400.0,
2023-02-27,2049.602034,2059.623019,2028.453096,2034.259830,1630577.0,
2023-02-28,2045.018793,2064.283942,2023.636809,2043.639937,1609579.0,
2023-03-01,2041.192952,2081.762403,2037.755522,2076.188716,2206727.0,
2023-03-02,2074.829280,2087.336090,2065.604536,2068.770080,1840004.0,
2023-03-03,2089.045095,2111.786515,2070.984018,2095.181977,2314376.0,
2023-03-06,2094.812987,2124.429268,2084.500695,2114.252920,2130208.0,
2023-03-07,2111.553469,2122.817366,2067.294121,2067.954418,2082907.0,
2023-03-08,2066.730926,2099.221443,2066.653244,2092.657310,1572065.0,
2023-03-09,2093.123403,2126.759730,2089.161618,2111.436946,2081557.0,
2023-03-10,2095.919956,2133.343284,2091.084249,2098.075633,2767891.0,
2023-03-13,2094.016746,2133.110237,2094.016746,2133.110237,2524824.0,
2023-03-14,2128.604679,2189.196677,2116.194971,2178.107565,4359511.0,
2023-03-15,2183.059795,2212.637236,2158.337483,2159.735760,3818165.0,
2023-03-16,2147.792145,2175.175067,2136.489407,2142.665130,3068276.0,
2023-03-17,2168.455570,2244.914127,2156.958627,2225.338251,4623275.0,
2023-03-20,2230.329322,2288.785065,2226.406379,2253.536835,4637293.0,
2023-03-21,2245.982255,2266.315532,2230.309902,2256.527594,3196672.0,
2023-03-22,2254.624383,2280.337142,2239.476384,2274.006055,3655021.0,
2023-03-23,2264.664788,2365.360145,2264.664788,2365.360145,5177296.0,
2023-03-24,2358.815432,2374.604309,2322.363131,2365.360145,4642057.0,
2023-03-27,2358.116294,2394.879324,2303.544654,2345.376438,4523799.0,
2023-03-28,2347.532115,2371.069776,2297.368931,2301.253034,3705215.0,
2023-03-29,2301.991013,2433.875713,2285.774885,2387.810257,4708276.0,
2023-03-30,2397.850662,2408.260057,2352.348402,2387.732575,4215577.0,
2023-03-31,2381.789898,2438.866784,2358.271658,2435.953707,4064234.0,
2023-04-03,2472.813840,2573.761663,2464.696066,2569.489150,6490070.0,
2023-04-04,2557.254228,2660.124682,2550.923141,2597.415847,7389840.0,
2023-04-06,2590.657509,2725.610649,2590.657509,2663.678635,7907817.0,
2023-04-07,2671.000169,2711.899768,2642.510277,2710.676275,5607536.0,
2023-04-10,2715.317778,2731.689270,2573.800504,2584.073955,6380231.0,
2023-04-11,2595.085386,2619.225083,2526.084305,2562.264720,5552476.0,
2023-04-12,2557.001761,2628.333303,2532.648438,2601.843724,5227946.0,
2023-04-13,2578.092437,2592.735504,2504.818844,2512.354003,4482656.0,
2023-04-14,2536.377177,2631.129857,2485.650798,2626.430093,5609901.0,
2023-04-17,2621.846852,2664.105887,2609.009893,2624.274416,4588774.0,
2023-04-18,2596.211775,2611.651083,2535.503254,2582.267848,4058438.0,
2023-04-19,2587.375442,2667.504476,2584.947878,2609.825555,4889033.0,
2023-04-20,2611.709344,2732.466090,2611.709344,2732.019418,6077609.0,
2023-04-21,2722.872357,2725.105716,2579.315930,2579.315930,5789325.0,
2023-04-24,2577.762289,2586.151950,2516.043900,2532.570756,4867937.0,
2023-04-25,2535.600356,2576.830104,2482.349311,2501.730983,4605532.0,
2023-04-26,2490.447665,2511.635444,2404.414795,2426.340554,4474329.0,
2023-04-27,2405.075093,2477.882594,2396.879636,2421.699051,3660561.0,
2023-04-28,2410.726462,2510.586736,2410.726462,2506.489008,4559207.0,
2023-05-04,2482.252209,2499.614147,2418.086836,2431.622933,3628475.0,
2023-05-05,2426.146349,2463.938666,2394.354970,2400.297647,3150111.0,
2023-05-08,2400.200544,2452.694189,2387.247062,2428.515651,2889525.0,
2023-05-09,2428.263184,2453.237963,2369.807442,2369.807442,4369480.0,
2023-05-10,2362.583012,2391.267108,2323.955613,2343.317863,3371891.0,
2023-05-11,2374.177058,2399.229518,2343.589751,2344.444253,2673820.0,
2023-05-12,2352.193038,2389.907673,2322.576756,2323.004007,3271015.0,
2023-05-15,2319.372372,2338.287951,2278.900024,2337.355766,2895303.0,
2023-05-16,2347.901104,2359.281525,2322.518495,2330.733371,2711322.0,
2023-05-17,2323.664305,2368.875258,2320.129772,2342.890612,2378604.0,
2023-05-18,2347.454432,2392.548862,2338.074325,2380.022632,2699240.0,
2023-05-19,2398.549801,2432.283231,2393.170319,2404.356534,3014975.0,
2023-05-22,2406.395688,2425.350108,2361.495463,2375.089822,2274275.0,
2023-05-23,2367.768288,2367.865391,2328.480592,2328.480592,1888375.0,
2023-05-24,2318.576131,2355.863514,2289.056952,2314.148254,2729601.0,
2023-05-25,2330.325541,2351.843468,2287.386788,2332.908469,2493869.0,
2023-05-26,2339.394920,2411.969375,2338.559838,2404.861467,2559091.0,
2023-05-29,2424.087774,2459.646732,2415.834057,2427.758251,3571690.0,
2023-05-30,2416.843923,2480.174214,2399.715031,2471.493245,3016215.0,
2023-05-31,2460.307030,2497.710937,2451.140548,2497.710937,4128698.0,
2023-06-01,2481.980322,2529.424633,2470.871789,2496.196137,3556332.0,
2023-06-02,2502.061131,2506.993942,2467.609143,2486.932552,3157682.0,
2023-06-05,2518.354941,2550.476469,2496.293239,2504.197388,2980343.0,
2023-06-06,2489.573742,2495.399896,2420.223092,2425.816200,2857795.0,
2023-06-07,2426.709543,2439.391138,2411.716908,2420.922231,2506915.0,
2023-06-08,2403.929282,2405.113934,2365.787396,2379.750745,2973952.0,
2023-06-09,2385.440955,2435.021523,2361.417781,2435.021523,4336938.0,
2023-06-12,2430.982056,2444.673517,2407.949329,2416.028262,3351280.0,
2023-06-13,2416.319569,2480.213055,2399.986918,2468.871476,3612147.0,
2023-06-14,2464.987373,2479.552758,2443.663651,2466.463332,3261682.0,
2023-06-15,2473.027465,2477.804911,2422.184564,2427.505784,3040213.0,
2023-06-16,2423.524579,2477.164035,2410.707041,2473.726604,3426405.0,
2023-06-19,2474.425742,2506.722054,2454.034204,2489.690265,3822976.0,
2023-06-20,2490.719552,2506.061757,2456.714235,2498.759644,4435682.0,
2023-06-21,2484.038896,2484.038896,2400.414170,2400.822000,3550850.0,
2023-06-26,2378.002898,2409.502969,2351.532740,2361.514883,3344121.0,
2023-06-27,2362.194601,2372.390370,2342.463361,2357.922089,2691260.0,
2023-06-28,2374.332422,2381.129601,2310.652562,2347.687479,3375382.0,
2023-06-29,2338.113166,2360.000083,2327.024053,2333.160935,2633439.0,
2023-06-30,2326.053028,2348.794448,2316.070884,2337.783017,2592320.0,
2023-07-03,2342.618725,2360.543858,2307.875428,2341.705961,3164267.0,
2023-07-04,2341.764222,2398.588642,2331.510192,2378.663196,2846229.0,
2023-07-05,2371.516447,2385.227329,2347.299068,2351.435638,3066753.0,
2023-07-06,2343.939320,2374.468365,2338.443315,2344.988027,2751922.0,
2023-07-07,2339.297817,2346.094997,2301.680285,2319.780202,3166263.0,
2023-07-10,2321.780515,2330.946997,2302.690151,2312.089679,2665963.0,
2023-07-11,2319.372372,2352.426084,2315.371746,2341.531176,3029909.0,
2023-07-12,2334.947623,2337.219822,2284.298926,2285.444736,3072737.0,
2023-07-13,2298.048649,2322.732120,2291.853506,2314.012310,2594197.0,
2023-07-14,2327.917397,2343.104238,2315.080438,2317.352638,2446632.0,
2023-07-17,2311.021551,2312.924761,2288.027665,2297.232987,2099317.0,
2023-07-18,2295.407459,2313.216069,2283.425003,2283.425003,2322108.0,
2023-07-19,2303.894223,2312.400408,2273.035029,2278.142624,1847744.0,
2023-07-20,2283.793993,2283.793993,2230.853676,2233.320081,1956837.0,
2023-07-21,2226.736528,2236.407943,2207.529641,2212.501292,2081651.0,
2023-07-24,2206.811082,2233.786174,2201.684067,2204.985554,1649504.0,
2023-07-25,2229.902071,2238.971450,2212.112882,2236.000112,1876260.0,
2023-07-26,2231.242086,2246.836758,2219.414994,2227.299722,1856323.0,
2023-07-27,2228.639738,2230.445845,2192.206857,2196.032698,2258385.0,
2023-07-28,2191.915549,2217.608887,2187.720718,2215.783359,2088285.0,
2023-07-31,2211.200118,2244.681081,2208.791974,2234.329948,2391216.0,
2023-08-01,2236.835194,2244.855866,2225.066364,2237.359548,2091114.0,
2023-08-02,2229.863230,2256.547014,2229.863230,2248.798230,1958007.0,
2023-08-03,2238.097527,2259.421250,2233.125876,2251.808409,1997877.0,
2023-08-04,2256.644117,2270.238475,2250.740281,2266.490316,2103336.0,
2023-08-07,2263.654922,2281.036280,2257.673404,2262.237224,1883764.0,
2023-08-08,2259.149363,2275.346070,2258.217178,2259.848501,1650398.0,
2023-08-09,2250.779122,2260.761265,2229.066989,2232.057748,1528381.0,
2023-08-10,2231.882963,2238.660722,2216.676702,2229.125251,1329222.0,
2023-08-11,2231.766440,2234.291107,2181.583836,2181.583836,2031561.0,
2023-08-14,2164.532626,2170.902555,2140.684237,2165.969744,2250876.0,
2023-08-15,2174.106939,2180.360344,2116.214392,2133.129658,2102902.0,
2023-08-16,2132.003268,2137.654637,2082.888792,2083.296623,1983792.0,
2023-08-17,2078.868746,2115.845402,2068.886603,2104.037730,2261060.0,
2023-08-18,2134.625037,2134.780402,2089.452926,2089.452926,2153299.0,
2023-08-21,2080.519490,2105.513689,2065.682219,2066.711506,1746361.0,
2023-08-22,2078.693962,2109.611418,2042.416445,2103.086125,2317596.0,
2023-08-23,2100.619720,2100.619720,2049.097101,2049.097101,1828672.0,
2023-08-24,2061.351444,2091.628023,2050.378855,2063.817849,2083780.0,
2023-08-25,2047.155050,2050.728424,2004.818333,2018.199066,2262940.0,
2023-08-28,2144.820806,2149.734196,2029.929055,2033.483009,3186982.0,
2023-08-29,2031.443855,2146.568653,2031.269071,2135.576643,4244410.0,
2023-08-30,2186.264180,2230.659471,2170.727770,2208.753133,6015228.0,
2023-08-31,2203.062923,2251.788989,2195.741390,2235.223292,4764478.0,
2023-09-01,2240.816399,2253.556255,2193.721657,2216.463077,3147280.0,
2023-09-04,2220.055871,2229.688445,2191.410616,2229.494240,3215255.0,
2023-09-05,2231.436292,2249.400266,2198.110692,2201.917113,3267353.0,
2023-09-06,2194.012964,2241.768004,2184.186185,2236.427363,3353392.0,
2023-09-07,2222.211548,2222.211548,2148.588386,2149.695355,3582444.0,
2023-09-08,2136.605930,2176.126672,2136.605930,2163.056668,2815225.0,
2023-09-11,2162.940144,2191.449457,2144.432396,2169.912108,3060938.0,
2023-09-12,2165.251185,2174.573031,2150.860586,2151.035370,2086377.0,
2023-09-13,2145.422842,2156.240068,2104.542664,2124.856520,2249088.0,
2023-09-14,2122.875627,2133.556909,2091.589182,2099.881741,2019234.0,
2023-09-15,2105.028177,2134.158945,2082.947054,2110.563023,2905530.0,
2023-09-18,2096.250105,2106.756602,2077.179162,2081.393413,2343068.0,
2023-09-19,2080.636013,2090.598736,2056.942988,2070.207198,1796451.0,
2023-09-20,2060.613465,2077.955982,2046.669537,2047.465778,1521174.0,
2023-09-21,2039.697573,2058.438367,2034.454035,2035.502742,1523591.0,
2023-09-22,2034.648240,2095.084874,2027.113081,2093.667177,2500751.0,
2023-09-25,2089.161618,2094.424577,2071.294747,2071.508372,1873622.0,
2023-09-26,2074.887541,2101.241177,2069.915890,2080.558331,2193632.0,
2023-09-27,2078.771644,2093.395290,2073.236798,2075.586680,1901814.0,
2023-09-28,2077.159741,2110.621284,2071.450111,2103.396854,2140746.0,
2023-10-09,2094.793567,2116.835848,2086.578690,2103.474536,1975837.0,
2023-10-10,2104.387300,2118.641956,2093.783700,2099.571013,2300865.0,
2023-10-11,2104.795130,2134.411412,2095.434443,2131.498335,2901858.0,
2023-10-12,2138.043048,2151.579145,2117.554407,2141.053227,2522185.0,
2023-10-13,2129.711648,2141.907730,2117.632089,2127.012197,2944615.0,
2023-10-16,2126.973356,2127.963802,2081.140946,2088.773208,2524651.0,
2023-10-17,2089.763654,2118.816740,2080.907900,2113.340156,2118265.0,
2023-10-18,2119.748925,2124.468109,2077.528731,2079.179475,2699911.0,
2023-10-19,2063.565383,2113.728566,2062.574937,2083.141259,3601471.0,
2023-10-20,2072.168670,2085.549403,2042.785434,2045.717932,3102499.0,
2023-10-23,2033.580112,2042.202819,1983.494610,1992.214420,3037403.0,
2023-10-24,2001.769312,2042.707752,1984.213169,2019.927491,3029200.0,
2023-10-25,2043.057322,2052.010178,2021.286927,2022.704625,2878994.0,
2023-10-26,2006.216610,2032.725609,2001.361482,2029.967896,2697053.0,
2023-10-27,2017.499927,2063.545962,2011.867979,2052.126701,3151793.0,
2023-10-30,2053.194829,2114.000453,2051.175096,2104.309618,4648093.0,
2023-10-31,2119.574140,2121.807499,2085.510562,2103.435695,2898717.0,
2023-11-01,2100.114787,2118.991525,2092.773833,2095.919956,2667555.0,
2023-11-02,2102.115100,2110.601864,2072.207511,2072.498818,2633327.0,
2023-11-03,2076.654808,2124.778838,2076.654808,2120.350961,3092083.0,
2023-11-06,2135.596063,2160.862150,2128.022063,2153.055104,3872881.0,
2023-11-07,2146.568653,2166.979611,2139.616109,2162.862462,3388237.0,
2023-11-08,2162.590575,2202.907559,2159.211406,2187.856662,4099020.0,
2023-11-09,2183.448206,2196.751257,2156.997468,2161.211719,3008199.0,
2023-11-10,2151.443201,2175.990729,2145.015012,2160.415478,3029329.0,
2023-11-13,2170.164575,2185.467939,2157.502401,2177.991042,3527258.0,
2023-11-14,2173.640847,2202.422046,2165.290026,2198.596205,4524383.0,
2023-11-15,2217.201056,2218.871220,2180.438026,2185.409677,4451709.0,
2023-11-16,2176.864652,2179.136852,2147.811565,2149.889560,3603415.0,
2023-11-17,2149.753617,2165.736698,2143.500212,2159.794021,3365871.0,
2023-11-20,2159.017201,2171.232703,2137.324489,2160.027068,3651984.0,
2023-11-21,2160.221273,2168.028319,2134.877504,2135.421278,2939454.0,
2023-11-22,2128.410473,2139.169437,2101.241177,2101.241177,2662362.0,
2023-11-23,2097.823167,2123.283458,2085.510562,2120.914156,2421246.0,
2023-11-24,2114.680171,2117.030053,2083.005316,2087.666239,2456458.0,
2023-11-27,2084.714321,2118.234125,2080.131080,2115.437571,3305696.0,
2023-11-28,2117.476725,2131.731381,2107.533423,2122.797945,3095729.0,
2023-11-29,2119.807187,2132.547043,2103.998889,2103.998889,2934337.0,
2023-11-30,2101.843213,2114.738433,2090.268587,2114.738433,3258750.0,
2023-12-01,2108.582130,2130.138899,2093.084561,2124.176802,3257447.0,
2023-12-04,2123.963176,2142.626289,2112.912905,2112.912905,2950023.0,
2023-12-05,2106.640079,2106.640079,2069.236172,2069.644003,2852225.0,
2023-12-06,2064.691772,2081.257469,2061.895219,2072.926070,2956645.0,
2023-12-07,2069.566321,2080.208762,2049.718557,2069.682844,3733061.0,
2023-12-08,2072.964911,2118.933263,2070.420824,2118.933263,6389971.0,
2023-12-11,2098.250418,2162.007960,2087.918705,2159.619237,4039141.0,
2023-12-12,2151.715088,2161.269980,2131.381812,2142.451504,3061055.0,
2023-12-13,2138.955812,2158.085016,2120.137335,2120.137335,2713372.0,
2023-12-14,2128.585258,2140.723078,2106.484715,2107.436320,2374987.0,
2023-12-15,2108.310243,2112.582756,2080.597172,2082.985895,2164268.0,
2023-12-18,2076.946116,2081.218628,2058.846198,2063.973213,2161704.0,
2023-12-19,2061.662172,2091.356136,2057.098352,2079.334839,2158089.0,
2023-12-20,2082.694587,2083.354885,2048.203757,2048.902896,2050621.0,
2023-12-21,2041.309476,2085.724187,2037.813783,2071.547213,2429541.0,
2023-12-22,2071.003439,2072.576500,2035.347378,2042.435865,2525596.0,
2023-12-25,2034.318091,2048.300860,2007.653728,2014.625692,2324115.0,
2023-12-26,2013.324517,2013.945974,1962.326252,1969.201113,2331083.0,
2023-12-27,1974.988426,2004.468764,1974.619436,1993.651538,2376820.0,
2023-12-28,1989.553810,2035.794050,1985.805651,2026.588727,2800206.0,
2023-12-29,2027.210184,2046.902583,2025.229291,2038.843070,2552242.0,
2024-01-02,2035.133753,2035.133753,2000.837128,2000.837128,2446543.0,
2024-01-03,1997.011287,2006.954589,1955.062980,1961.471749,2432472.0,
2024-01-04,1964.307144,1964.734395,1929.758052,1944.595324,2164152.0,
2024-01-05,1939.196421,1952.615996,1896.413033,1907.579827,2540212.0,
2024-01-08,1898.296822,1902.549915,1844.366060,1846.133326,2420216.0,
2024-01-09,1853.338336,1866.233557,1819.410701,1833.626516,2323969.0,
2024-01-10,1825.178593,1843.569819,1800.359179,1814.167163,2134019.0,
2024-01-11,1810.904517,1853.687906,1810.283060,1845.239983,2266678.0,
2024-01-12,1840.656742,1844.133013,1812.963091,1812.963091,1925300.0,
2024-01-15,1806.107650,1836.267706,1798.786117,1806.263014,1994460.0,
2024-01-16,1801.912820,1812.555260,1784.492620,1812.050327,2197163.0,
2024-01-17,1810.341322,1811.098722,1767.150102,1767.150102,1834187.0,
2024-01-18,1756.818390,1795.542891,1727.707042,1794.377661,2930578.0,
2024-01-19,1792.746338,1803.932553,1781.598964,1787.463958,2066332.0,
2024-01-22,1785.987999,1790.668343,1712.170632,1729.649093,2765915.0,
2024-01-23,1721.201170,1761.285108,1706.150273,1749.885267,2768655.0,
2024-01-24,1758.915805,1761.731779,1697.100314,1751.089339,2819087.0,
2024-01-25,1749.380334,1796.591599,1732.503908,1788.959338,2983542.0,
2024-01-26,1775.695128,1775.695128,1736.057862,1738.582529,2655661.0,
2024-01-29,1747.574226,1769.228097,1699.178309,1699.178309,2712043.0,
2024-01-30,1686.885125,1696.226391,1628.759531,1631.109413,2555480.0,
2024-01-31,1622.156557,1634.372059,1590.559383,1593.453040,2998951.0,
2024-02-01,1587.354999,1650.160936,1578.227358,1613.048337,2944606.0,
2024-02-02,1620.447552,1623.846142,1517.732462,1566.419687,3342462.0,
2024-02-05,1567.235348,1592.346071,1470.249309,1561.370353,4619136.0,
2024-02-06,1556.961897,1677.349653,1535.987744,1675.931956,4393668.0,
2024-02-07,1677.524438,1733.203047,1666.377064,1727.376893,5357312.0,
2024-02-08,1744.486364,1803.971394,1742.330688,1753.419800,4933346.0,
2024-02-19,1791.017912,1802.145866,1758.624497,1801.738035,4601534.0,
2024-02-20,1784.764507,1790.920810,1762.314395,1781.074610,3239657.0,
2024-02-21,1760.275241,1810.574368,1752.312831,1774.491056,3419964.0,
2024-02-22,1785.172338,1820.770137,1784.706246,1803.291676,3277745.0,
2024-02-23,1821.119706,1824.226988,1779.404446,1811.254086,3497896.0,
2024-02-26,1811.021040,1849.745542,1804.107337,1827.334270,4010486.0,
2024-02-27,1814.982824,1913.794391,1807.311722,1912.901048,4885431.0,
2024-02-28,1909.055786,1942.808637,1827.509055,1827.509055,5480505.0,
2024-02-29,1825.702947,1931.544740,1825.702947,1931.544740,5184740.0,
2024-03-01,1936.807698,1969.803149,1924.592196,1962.714662,4756512.0,
2024-03-04,1976.872215,1984.018964,1937.234950,1972.153031,4284315.0,
2024-03-05,1957.374021,1992.777615,1950.848729,1969.531262,4445053.0,
2024-03-06,1961.432908,1967.647472,1921.951007,1943.507775,3355809.0,
2024-03-07,1952.790780,1966.676446,1897.636525,1899.112484,3519099.0,
2024-03-08,1902.705279,1930.029940,1890.256730,1922.669565,3284810.0,
2024-03-11,1908.395489,1949.605816,1893.868946,1949.314508,3642332.0,
2024-03-12,1948.848416,1979.765872,1939.021637,1951.586708,3680920.0,
2024-03-13,1964.695554,1979.940656,1944.129232,1949.100883,3498987.0,
2024-03-14,1932.962437,1945.702293,1900.180612,1919.795330,3239100.0,
2024-03-15,1914.726576,1933.991724,1894.917653,1931.680683,3220935.0,
2024-03-18,1937.895247,1983.028518,1937.137847,1981.707923,3993355.0,
2024-03-19,1972.852169,1980.465010,1950.557421,1950.557421,3729722.0,
2024-03-20,1949.994226,1966.326877,1940.031504,1963.588585,3633308.0,
2024-03-21,1982.737210,2000.623502,1952.091642,1953.703544,4161065.0,
2024-03-22,1950.091329,1966.851231,1927.738319,1934.283032,3912622.0,
2024-03-25,1932.651709,1948.615370,1896.762602,1896.762602,3632017.0,
2024-03-26,1896.626658,1913.930335,1854.814295,1857.610849,3257945.0,
2024-03-27,1855.610536,1858.018680,1804.398645,1804.767635,3040633.0,
2024-03-28,1808.671158,1859.572321,1803.175153,1835.354942,3462472.0,
2024-03-29,1831.878670,1835.801614,1796.397394,1834.034347,3101180.0,
2024-04-01,1847.065511,1864.369187,1841.142255,1860.504505,3354513.0,
2024-04-02,1856.872870,1857.300121,1825.392219,1837.646562,2761812.0,
2024-04-03,1837.219311,1840.054706,1797.601466,1799.990189,2906623.0,
2024-04-08,1788.493246,1794.902015,1757.575790,1757.711733,3024209.0,
2024-04-09,1754.915180,1776.297164,1742.738518,1775.869912,2731323.0,
2024-04-10,1773.927861,1774.355113,1730.542437,1738.640790,2716461.0,
2024-04-11,1739.534134,1771.791605,1739.359349,1746.642041,3091745.0,
2024-04-12,1760.255821,1781.540702,1756.488241,1757.692313,3012332.0,
2024-04-15,1758.449713,1797.135374,1754.332564,1787.230912,3643813.0,
2024-04-16,1777.015723,1785.366543,1743.826067,1744.195057,3376950.0,
2024-04-17,1756.391139,1793.795045,1751.205862,1793.678522,3677016.0,
2024-04-18,1784.647984,1809.195512,1767.907502,1779.831697,3415974.0,
2024-04-19,1767.402569,1770.354487,1733.105944,1735.203360,2919248.0,
2024-04-22,1711.393811,1750.351359,1695.022319,1739.844862,2721925.0,
2024-04-23,1742.913303,1752.507036,1726.075719,1732.581590,2629272.0,
2024-04-24,1744.874775,1776.802097,1738.077595,1775.869912,2892307.0,
2024-04-25,1770.723477,1783.463333,1755.051123,1760.430605,2988274.0,
2024-04-26,1761.634677,1819.779691,1761.634677,1813.118455,4531740.0,
2024-04-29,1816.439363,1883.323607,1815.351814,1869.904033,4440094.0,
2024-04-30,1865.670362,1870.544910,1841.025731,1843.492137,3323472.0,
2024-05-06,1872.253915,1885.634648,1853.804429,1862.407716,3584323.0,
2024-05-07,1860.387982,1866.544285,1828.480080,1832.597229,3123887.0,
2024-05-08,1831.237793,1832.364183,1807.836076,1813.118455,2773069.0,
2024-05-09,1813.701071,1856.698085,1813.701071,1854.581249,3522353.0,
2024-05-10,1853.027608,1853.959793,1814.070060,1819.604906,3246802.0,
2024-05-13,1800.980635,1822.110152,1792.027779,1802.068184,2927439.0,
2024-05-14,1811.331768,1819.993317,1790.415876,1797.115953,2658721.0,
2024-05-15,1790.532399,1796.242030,1771.888707,1772.141174,2212396.0,
2024-05-16,1784.162471,1788.318461,1764.839061,1769.208677,2687834.0,
2024-05-17,1762.003667,1796.824645,1758.741021,1796.727543,2714299.0,
2024-05-20,1791.153856,1823.586111,1785.463646,1799.893086,3247580.0,
2024-05-21,1797.115953,1810.185958,1787.561061,1789.755579,2519063.0,
2024-05-22,1789.658476,1794.377661,1770.335066,1791.095594,2505848.0,
2024-05-23,1792.163722,1795.562312,1764.547754,1766.489805,2727255.0,
2024-05-24,1765.130369,1772.121754,1718.346355,1719.395063,2718458.0,
2024-05-27,1717.006339,1762.042508,1699.527878,1760.081036,3516312.0,
2024-05-28,1755.497795,1791.445163,1751.613693,1752.409934,3438306.0,
2024-05-29,1749.089026,1764.314708,1735.475247,1743.593021,2259421.0,
2024-05-30,1737.728026,1783.113764,1727.687621,1771.053625,3438100.0,
2024-05-31,1770.684636,1794.105774,1765.130369,1771.286672,3244759.0,
2024-06-03,1776.083538,1816.827773,1774.083225,1800.495122,4543378.0,
2024-06-04,1794.202876,1807.836076,1783.541015,1803.621825,3109847.0,
2024-06-05,1800.495122,1827.314850,1797.484943,1797.756830,3291720.0,
2024-06-06,1813.759332,1821.508117,1778.627625,1781.773748,4110880.0,
2024-06-07,1787.386276,1804.748214,1756.255195,1773.753077,3499695.0,
2024-06-11,1769.810713,1832.538968,1767.557933,1831.373737,4717266.0,
2024-06-12,1836.908583,1848.366685,1827.159486,1830.227927,4143469.0,
2024-06-13,1839.569193,1865.767464,1836.209444,1847.104352,5127330.0,
2024-06-14,1838.889475,1841.783131,1822.906393,1838.112655,6168671.0,
2024-06-17,1828.635445,1862.252351,1825.644686,1854.989080,5431253.0,
2024-06-18,1855.571695,1876.468167,1841.899655,1852.542095,4751789.0,
2024-06-19,1858.970285,1861.533793,1827.742101,1844.133013,4715706.0,
2024-06-20,1845.395347,1900.840910,1841.588926,1864.058459,6210144.0,
2024-06-21,1846.308111,1873.826977,1824.479455,1873.419146,4265726.0,
2024-06-24,1864.233244,1889.829479,1815.235291,1820.206942,5927761.0,
2024-06-25,1818.167788,1818.497937,1745.457390,1757.381585,5256370.0,
2024-06-26,1764.975005,1799.893086,1744.816513,1793.193010,4331387.0,
2024-06-27,1781.424179,1789.736158,1756.099831,1756.643605,3563191.0,
2024-06-28,1751.186441,1780.647359,1742.641416,1747.787852,4229399.0,
2024-07-01,1746.544939,1752.565298,1708.752622,1736.912365,3493684.0,
2024-07-02,1736.174385,1736.252067,1707.296083,1711.879324,3260154.0,
2024-07-03,1711.568596,1742.660836,1694.575648,1726.871960,3791728.0,
2024-07-04,1727.066165,1736.562795,1696.673063,1697.042053,3269625.0,
2024-07-05,1692.089822,1718.288093,1671.581761,1713.568909,3180433.0,
2024-07-08,1716.501406,1731.027949,1695.837981,1702.926468,3501747.0,
2024-07-09,1695.663196,1758.255508,1694.769853,1751.594272,4492301.0,
2024-07-10,1746.292472,1764.178764,1744.233898,1750.467882,3263999.0,
2024-07-11,1780.530835,1787.153230,1744.894195,1765.984872,4152375.0,
2024-07-12,1750.467882,1773.248143,1739.514713,1765.149790,3269463.0,
2024-07-15,1762.178451,1773.869600,1752.856605,1762.236713,3337837.0,
2024-07-16,1755.497795,1819.915635,1752.642980,1818.031845,4570651.0,
2024-07-17,1814.361368,1825.236855,1807.467086,1807.467086,3928493.0,
2024-07-18,1788.357302,1829.567629,1769.830133,1818.284311,4280848.0,
2024-07-19,1808.768260,1866.233557,1807.505927,1857.785634,5231987.0,
2024-07-22,1861.281326,1879.206459,1852.153685,1862.485398,4509958.0,
2024-07-23,1858.834341,1858.834341,1775.617446,1776.471948,4305422.0,
2024-07-24,1775.170774,1795.096220,1752.176887,1754.856918,3532119.0,
2024-07-25,1741.029513,1771.558559,1738.058175,1748.584093,2824113.0,
2024-07-26,1749.166708,1773.345246,1734.154652,1763.926297,2863974.0,
2024-07-29,1763.460205,1769.791292,1732.989421,1732.989421,2987934.0,
2024-07-30,1729.435467,1756.760128,1714.384570,1747.399441,2843988.0,
2024-07-31,1739.728339,1838.986578,1739.728339,1838.054393,4353513.0,
2024-08-01,1846.735362,1857.591429,1821.857686,1835.801614,3953735.0,
2024-08-02,1812.380476,1839.219624,1786.259887,1791.581107,3298273.0,
2024-08-05,1772.257697,1797.193635,1724.386134,1724.638601,3995182.0,
2024-08-06,1752.720662,1758.352610,1720.735078,1744.777672,2715696.0,
2024-08-07,1748.603513,1757.070856,1728.037191,1732.270862,2453261.0,
2024-08-08,1719.919416,1761.052062,1706.829991,1740.874149,2906422.0,
2024-08-09,1764.508913,1772.840313,1735.883078,1735.883078,3118933.0,
2024-08-12,1728.406180,1745.340867,1725.803832,1737.125990,2544083.0,
2024-08-13,1738.815575,1750.448462,1726.969062,1746.836246,2187217.0,
2024-08-14,1750.254257,1750.545564,1719.492165,1719.725211,2154957.0,
2024-08-15,1713.471806,1757.090277,1711.879324,1735.067416,2912908.0,
2024-08-16,1735.863657,1746.408995,1726.852539,1729.513149,2447577.0,
2024-08-19,1728.716908,1752.409934,1726.308765,1731.105631,2580208.0,
2024-08-20,1734.232334,1736.698739,1702.479796,1707.218401,2446798.0,
2024-08-21,1701.372827,1728.114873,1698.013078,1709.665386,2306004.0,
2024-08-22,1710.112058,1721.142909,1689.021381,1693.332735,2611477.0,
2024-08-23,1687.448320,1698.362648,1667.192725,1691.779094,2561406.0,
2024-08-26,1689.215586,1699.624981,1677.893428,1685.234381,2010931.0,
2024-08-27,1680.437515,1680.437515,1662.997895,1666.377064,2018965.0,
2024-08-28,1664.027182,1669.697971,1650.452244,1657.832038,1839289.0,
2024-08-29,1646.218572,1689.409791,1643.480280,1678.922715,2299279.0,
2024-08-30,1674.533679,1733.086524,1674.533679,1718.074468,3959618.0,
2024-09-02,1719.220278,1722.851914,1656.453182,1656.453182,3206259.0,
2024-09-03,1657.230002,1685.719894,1657.230002,1667.348089,2366834.0,
2024-09-04,1649.170490,1677.990530,1645.869003,1662.357018,1922019.0,
2024-09-05,1663.930079,1686.613238,1652.433136,1659.230315,2101459.0,
2024-09-06,1662.512382,1669.950438,1637.440500,1637.440500,2114990.0,
2024-09-09,1628.196336,1645.655377,1616.466347,1621.845829,2010621.0,
2024-09-10,1623.224685,1650.860074,1609.688588,1640.431259,2285278.0,
2024-09-11,1633.595239,1650.588187,1632.624213,1648.296567,2103144.0,
2024-09-12,1653.811992,1665.600243,1630.526798,1630.779265,2107692.0,
2024-09-13,1630.662741,1642.082003,1610.465409,1616.990701,2704474.0,
2024-09-18,1617.825783,1619.690152,1591.744035,1606.697829,2407564.0,
2024-09-19,1612.931814,1633.634080,1593.006368,1613.922260,2811108.0,
2024-09-20,1616.893598,1625.710511,1594.482327,1608.193209,2331561.0,
2024-09-23,1610.174101,1627.341834,1597.414824,1597.744973,2318140.0,
2024-09-24,1610.135260,1660.143079,1588.267763,1658.103925,3992993.0,
2024-09-25,1674.184110,1701.741817,1654.278085,1654.977223,4341507.0,
2024-09-26,1655.016064,1719.899996,1644.334782,1718.793027,4515083.0,
2024-09-27,1746.739144,1843.958229,1746.234211,1836.228865,4119237.0,
2024-09-30,1944.731268,2173.815631,1927.544114,2173.815631,13318333.0,
2024-10-08,2606.776534,2606.776534,2458.345558,2576.733002,19115854.0,
2024-10-09,2503.595352,2799.253232,2417.776108,2560.322669,21785575.0,
2024-10-10,2594.696975,2600.445447,2386.470242,2427.292159,13444507.0,
2024-10-11,2371.225140,2409.774857,2244.350932,2272.277629,9580184.0,
2024-10-14,2283.405583,2359.902981,2203.451333,2350.153884,9768405.0,
2024-10-15,2335.918648,2397.345729,2278.297988,2278.336829,8601075.0,
2024-10-16,2208.694872,2274.258521,2206.228467,2221.687194,6232564.0,
2024-10-17,2284.085301,2302.845516,2244.700502,2244.972389,6799226.0,
2024-10-18,2248.448660,2613.243565,2241.962209,2533.153372,14239937.0,
2024-10-21,2590.638088,2767.753161,2522.724557,2578.791576,17099737.0,
2024-10-22,2546.417582,2586.753986,2482.310470,2518.704511,11213999.0,
2024-10-23,2492.331455,2539.096049,2468.055814,2475.629814,9064189.0,
2024-10-24,2448.518779,2508.955413,2448.052687,2482.174527,6800519.0,
2024-10-25,2495.885409,2560.788761,2457.141486,2494.428870,7439578.0,
2024-10-28,2489.534901,2498.876167,2464.365917,2489.632004,6401650.0,
2024-10-29,2486.563563,2563.954304,2469.123942,2469.784240,8233261.0,
2024-10-30,2456.578291,2478.290424,2401.851288,2432.283231,8445755.0,
2024-10-31,2435.759502,2492.137250,2396.258180,2463.414312,8808043.0,
2024-11-01,2438.827943,2454.383774,2368.758735,2368.758735,7353230.0,
2024-11-04,2363.495776,2425.350108,2362.932581,2420.922231,5332297.0,
2024-11-05,2419.621056,2554.923766,2409.871959,2548.903407,10339957.0,
2024-11-06,2566.245925,2622.701354,2528.065198,2562.245299,10731630.0,
2024-11-07,2540.280700,2686.536578,2536.571382,2659.173077,10464181.0,
2024-11-08,2729.067501,2790.125591,2655.386077,2655.444338,16332969.0,
2024-11-11,2684.128435,2806.283458,2670.242769,2802.088627,17762238.0,
2024-11-12,2790.863571,2808.031304,2704.150983,2731.708690,14319960.0,
2024-11-13,2706.034773,2772.200458,2702.539081,2767.597797,10829228.0,
2024-11-14,2750.235859,2787.562084,2668.067671,2675.952399,9433362.0,
2024-11-15,2668.106512,2685.682076,2560.478033,2560.847022,9696701.0,
2024-11-18,2566.847961,2598.270350,2492.350875,2509.304983,8330419.0,
2024-11-19,2522.413828,2596.600186,2484.077737,2590.774032,7185688.0,
2024-11-20,2576.558217,2607.941765,2551.350392,2592.735504,6649008.0,
2024-11-21,2587.356022,2652.919672,2582.131904,2623.089765,6623276.0,
2024-11-22,2625.167759,2653.444025,2513.305608,2514.101849,7849511.0,
2024-11-25,2521.229177,2529.871305,2429.059425,2476.018224,6345219.0,
2024-11-26,2469.959025,2503.129260,2455.820891,2458.792230,4763253.0,
2024-11-27,2445.994112,2557.564956,2420.766867,2553.098238,7040147.0,
2024-11-28,2551.894166,2613.748498,2540.183597,2549.097612,6729730.0,
2024-11-29,2538.144443,2667.931728,2527.657367,2615.729390,8223897.0,
2024-12-02,2617.321872,2658.998292,2601.766042,2629.517954,8102721.0,
2024-12-03,2634.567287,2646.879892,2568.712330,2592.055786,7088110.0,
2024-12-04,2641.539251,2652.375897,2571.256417,2582.073642,8398115.0,
2024-12-05,2561.565581,2604.756801,2560.808181,2594.794078,5852332.0,
2024-12-06,2597.862519,2664.125307,2574.538484,2629.013021,7436009.0,
2024-12-09,2620.603939,2636.917169,2574.771530,2598.309191,6243911.0,
2024-12-10,2727.824588,2729.222865,2619.147401,2625.090077,8331526.0,
2024-12-11,2616.117801,2648.783102,2607.941765,2619.302765,8169000.0,
2024-12-12,2621.963375,2643.325938,2596.367140,2633.071908,7383675.0,
2024-12-13,2612.039493,2633.926410,2581.568709,2585.025560,13157333.0,
2024-12-16,2587.783273,2592.016945,2525.210382,2538.144443,7731462.0,
2024-12-17,2532.745541,2552.981715,2509.576870,2514.626203,5218444.0,
2024-12-18,2523.132387,2573.528617,2507.091044,2564.750545,5382610.0,
2024-12-19,2530.745228,2628.313882,2528.065198,2609.767293,6470742.0,
2024-12-20,2601.979668,2726.135003,2599.843411,2681.972758,9206590.0,
2024-12-23,2680.419117,2721.745967,2631.382323,2636.703544,8606593.0,
2024-12-24,2650.356164,2683.021466,2601.513575,2678.496486,6330152.0,
2024-12-25,2683.371035,2712.152234,2664.610820,2688.459209,6538482.0,
2024-12-26,2679.448091,2742.312290,2669.679574,2731.028972,6679048.0,
2024-12-27,2727.649803,2781.716510,2697.489747,2702.111829,7595957.0,
2024-12-30,2690.556624,2741.671413,2675.486307,2704.927804,6204446.0,
2024-12-31,2704.617075,2707.588414,2605.106370,2605.106370,6411118.0,
2025-01-02,2596.930334,2598.697601,2475.610394,2503.342885,6583824.0,
2025-01-03,2508.372798,2524.627767,2461.996614,2464.229973,5494996.0,
2025-01-06,2469.201625,2489.923311,2429.331313,2450.266625,4455191.0,
2025-01-07,2451.703743,2548.146007,2450.227784,2547.194402,4963106.0,
2025-01-08,2518.044213,2578.189540,2465.861296,2546.009751,5662322.0,
2025-01-09,2536.687905,2573.159627,2535.658618,2539.814607,4745823.0,
2025-01-10,2541.737238,2607.320308,2515.888536,2515.888536,5908518.0,
2025-01-13,2476.969829,2522.180782,2470.192071,2514.063008,4639408.0,
2025-01-14,2532.764961,2610.408170,2496.390342,2603.416785,6565184.0,
2025-01-15,2587.239499,2628.760554,2576.208648,2593.531745,5393942.0,
2025-01-16,2610.213965,2632.217405,2517.442177,2523.326592,6679357.0,
2025-01-17,2503.847819,2603.242001,2503.051578,2568.149135,6089443.0,
2025-01-20,2577.315617,2599.260796,2549.990956,2571.761350,5108311.0,
2025-01-21,2587.025873,2620.992349,2568.168556,2609.029314,5762458.0,
2025-01-22,2596.231196,2625.323123,2588.016319,2606.174498,5100124.0,
2025-01-23,2642.083026,2662.746451,2572.499330,2572.499330,6144679.0,
2025-01-24,2572.402227,2618.234636,2572.402227,2604.795642,4875209.0,
2025-01-27,2599.163693,2605.125791,2543.310300,2543.426823,4864110.0,
2025-02-05,2641.092579,2658.318574,2611.359775,2635.946144,7138911.0,
2025-02-06,2619.147401,2735.573372,2615.049672,2729.494752,8662394.0,
2025-02-07,2727.377916,2795.000140,2695.159286,2740.214875,8889946.0,
2025-02-10,2752.974151,2790.727627,2739.069064,2786.804684,7284088.0,
2025-02-11,2780.454176,2796.048848,2734.155675,2755.926069,6147907.0,
2025-02-12,2760.897720,2816.945319,2747.478146,2814.595437,7744697.0,
2025-02-13,2812.187293,2818.168811,2739.826464,2742.623018,6882997.0,
2025-02-14,2725.785434,2751.692397,2699.354117,2744.448546,6736492.0,
2025-02-17,2762.587305,2789.814863,2747.147998,2781.930135,7328542.0,
2025-02-18,2772.860756,2787.212515,2702.344875,2713.298044,7002918.0,
2025-02-19,2710.423809,2802.243991,2710.287865,2800.049473,9536990.0,
2025-02-20,2800.826294,2817.391991,2766.316043,2788.669053,7919346.0,
2025-02-21,2812.925273,2985.165797,2802.826606,2970.872300,12100788.0,
2025-02-24,2962.696264,3010.101735,2941.858055,2981.009807,9113496.0,
2025-02-25,2933.759701,3040.999770,2918.708804,2985.981459,8715730.0,
2025-02-26,3002.799622,3056.516760,2952.461654,3043.077765,9071173.0,
2025-02-27,3043.505016,3081.375015,2957.744034,3034.785206,9101586.0,
2025-02-28,3008.489832,3020.103299,2879.382266,2886.587276,8883993.0,
2025-03-03,2892.083281,2909.775368,2823.606555,2843.434898,7051717.0,
2025-03-04,2811.352211,2924.845686,2801.467171,2897.365661,6971547.0,
2025-03-05,2896.608261,2933.623757,2877.148907,2915.368476,6160090.0,
2025-03-06,2963.647869,3040.766724,2960.831895,3029.541668,8249796.0,
2025-03-07,3004.625151,3029.366883,2976.970341,2992.331966,6728314.0,
2025-03-10,2982.815915,2995.206202,2930.555316,2976.543090,6177963.0,
2025-03-11,2926.904260,2976.484828,2924.534957,2966.133695,6004011.0,
2025-03-12,2989.574253,3004.935879,2948.499870,2948.635813,5967486.0,
2025-03-13,2947.412321,2950.597285,2859.379139,2874.449456,6599114.0,
2025-03-14,2875.206856,2928.069491,2870.604195,2924.515537,6277368.0,
2025-03-17,2931.914752,2932.497368,2893.850548,2909.464640,5326101.0,
2025-03-18,2922.670588,2966.308480,2920.786799,2926.845998,5622337.0,
2025-03-19,2913.368163,2930.788362,2873.886261,2881.246635,4758390.0,
2025-03-20,2876.003097,2883.615938,2847.687990,2849.241631,4328193.0,
2025-03-21,2843.493159,2848.270605,2759.460602,2776.103981,5375232.0,
2025-03-24,2772.355823,2800.632089,2748.662797,2795.155504,5040644.0,
2025-03-25,2794.980719,2800.690350,2730.659983,2739.942987,4021319.0,
2025-03-26,2737.146434,2771.676105,2735.670475,2737.107593,3263795.0,
2025-03-27,2735.728736,2816.595750,2735.107280,2771.947992,4739392.0,
2025-03-28,2763.169920,2784.882053,2731.339700,2731.359121,3705023.0,
2025-03-31,2716.677214,2746.526541,2694.984501,2732.621454,4248588.0,
2025-04-01,2748.371490,2760.586992,2717.551137,2720.930306,3897200.0,
2025-04-02,2715.084732,2745.264208,2711.627880,2719.590290,2903366.0,
2025-04-03,2687.488184,2744.953480,2687.488184,2703.238219,4169810.0,
2025-04-07,2535.037161,2603.300262,2319.741361,2442.207112,9884671.0,
2025-04-08,2465.356363,2509.809916,2421.854415,2467.453778,7305813.0,
2025-04-09,2422.844861,2626.507775,2405.715970,2587.627909,8105516.0,
2025-04-10,2651.735020,2665.407061,2602.814750,2613.767919,6144453.0,
2025-04-11,2616.234324,2756.644628,2609.340042,2702.616763,7904703.0,
2025-04-14,2721.066249,2740.797490,2682.089281,2706.462024,5496389.0,
2025-04-15,2698.285988,2699.626004,2650.200800,2677.175891,3816459.0,
2025-04-16,2708.365234,2711.278311,2651.094143,2698.635558,4149541.0,
2025-04-17,2680.943471,2737.534844,2678.787794,2712.773691,3575637.0,
2025-04-18,2698.713240,2701.898204,2670.747702,2687.002671,2894792.0,
2025-04-21,2697.101337,2717.667660,2687.488184,2713.084419,3301866.0,
2025-04-22,2710.074239,2720.561316,2687.255137,2697.994681,3629370.0,
2025-04-23,2706.442604,2715.628506,2683.118568,2698.732660,3489642.0,
2025-04-24,2696.732347,2696.732347,2660.862661,2668.630866,3306724.0,
2025-04-25,2665.601266,2693.838691,2645.423354,2673.524835,3965658.0,
2025-04-28,2674.884271,2691.449968,2655.832748,2674.204553,3476607.0,
2025-04-29,2658.454518,2683.642922,2647.637292,2677.680825,3912717.0,
2025-04-30,2676.068922,2717.570557,2672.981061,2711.491937,4706475.0,
2025-05-06,2724.833829,2755.693023,2714.502116,2754.683156,4744886.0,
2025-05-07,2804.846340,2806.671868,2735.534531,2758.547838,5048848.0,
2025-05-08,2744.332023,2756.683469,2733.340013,2744.060136,3859013.0,
2025-05-09,2727.300234,2727.300234,2677.020527,2679.506353,4481676.0,
2025-05-12,2687.818332,2709.394521,2673.117004,2692.867665,4264877.0,
2025-05-13,2718.017229,2718.017229,2679.020840,2680.360855,3775596.0,
2025-05-14,2694.809717,2717.026783,2673.544256,2694.498988,3709545.0,
2025-05-15,2688.245584,2688.769937,2649.423979,2654.531574,3035537.0,
2025-05-16,2645.539877,2652.298215,2629.673318,2641.578092,3221056.0,
2025-05-19,2638.606754,2653.152718,2617.224770,2644.316385,3614265.0,
2025-05-20,2644.471749,2664.358353,2639.830246,2651.987487,2837963.0,
2025-05-21,2649.734707,2656.881456,2633.402057,2640.509964,3499526.0,
2025-05-22,2636.645282,2661.775425,2626.022262,2630.353036,2909695.0,
2025-05-23,2626.488354,2640.684749,2596.774970,2596.774970,3086801.0,
2025-05-26,2603.183739,2613.865021,2593.221017,2605.727826,2834571.0,
2025-05-27,2603.397365,2606.776534,2574.014130,2574.519063,2657725.0,
2025-05-28,2576.674740,2583.763227,2564.381556,2568.149135,2312539.0,
2025-05-29,2572.615853,2609.709032,2568.518125,2609.573088,3040209.0,
2025-05-30,2592.385934,2592.385934,2569.527991,2577.723448,2948167.0,
2025-06-03,2575.528930,2614.738944,2575.334725,2599.027750,4498490.0,
2025-06-04,2601.241688,2616.020698,2599.086011,2607.922344,2978480.0,
2025-06-05,2612.758052,2658.881769,2605.766667,2654.570415,3886709.0,
2025-06-06,2650.220220,2654.007220,2635.965564,2644.665954,3247094.0,
2025-06-09,2642.898687,2663.989364,2635.072221,2656.628989,3616714.0,
2025-06-10,2675.680512,2676.845743,2593.745370,2605.319996,4902505.0,
2025-06-11,2604.756801,2623.050923,2596.095252,2596.095252,3552440.0,
2025-06-12,2589.492278,2602.154452,2575.023996,2577.762289,3985835.0,
2025-06-13,2561.196592,2585.530494,2556.186099,2576.150386,7392749.0,
2025-06-16,2561.973412,2590.346781,2561.973412,2579.335350,4040875.0,
2025-06-17,2580.908412,2584.132217,2550.573571,2559.157438,3579208.0,
2025-06-18,2556.457987,2591.356647,2551.564017,2580.384058,3458644.0,
2025-06-19,2577.276776,2606.660011,2569.120161,2575.781396,3658768.0,
2025-06-20,2576.325171,2588.501832,2554.302310,2554.535356,3265376.0,
2025-06-23,2538.629956,2586.287894,2538.629956,2565.546786,4036274.0,
2025-06-24,2573.800504,2623.672380,2573.800504,2617.147088,4056789.0,
2025-06-25,2621.710908,2675.544568,2612.758052,2672.281922,5160034.0,
2025-06-26,2672.767435,2702.422558,2650.123118,2650.123118,4441140.0,
2025-06-27,2671.291476,2678.807215,2637.674569,2646.103072,4097088.0,
2025-06-30,2657.697118,2698.790922,2657.697118,2695.839004,4669342.0,
2025-07-01,2691.391707,2691.391707,2659.367282,2667.446215,4096150.0,
2025-07-02,2657.153343,2657.153343,2616.253744,2620.293211,3410551.0,
2025-07-03,2624.973554,2636.353974,2614.039806,2628.915918,3274651.0,
2025-07-04,2623.400493,2663.367907,2598.775283,2622.312944,3797448.0,
2025-07-07,2616.486790,2630.217093,2603.455627,2606.116237,2696120.0,
2025-07-08,2610.990785,2647.074097,2606.757114,2644.607692,3836241.0,
2025-07-09,2644.355226,2647.365405,2607.922344,2612.816313,3173977.0,
2025-07-10,2609.242939,2617.127667,2594.308565,2600.328924,3442381.0,
2025-07-11,2599.474421,2661.289912,2595.260170,2647.054677,4841746.0,
2025-07-14,2647.423667,2657.774800,2634.683810,2634.683810,3390233.0,
2025-07-15,2631.828995,2652.919672,2622.118739,2649.035569,4349891.0,
2025-07-16,2649.229774,2692.634619,2644.996102,2652.298215,3634249.0,
2025-07-17,2649.870651,2671.369158,2633.926410,2671.310897,4163621.0,
2025-07-18,2679.215045,2698.480194,2659.600328,2670.359292,3682639.0,
2025-07-21,2670.864225,2682.652476,2663.134861,2670.495235,4515026.0,
2025-07-22,2669.660153,2696.848870,2664.940969,2680.962891,4804661.0,
2025-07-23,2676.884584,2728.523726,2674.495861,2706.986378,5314612.0,
2025-07-24,2705.374475,2741.496628,2704.092722,2738.195141,5370640.0,
2025-07-25,2738.505870,2827.704283,2730.329834,2811.682360,6158152.0,
2025-07-28,2813.216581,2819.275780,2792.009381,2807.895360,5519710.0,
2025-07-29,2798.825981,2861.729021,2797.641330,2856.854472,5954962.0,
2025-07-30,2844.211718,2861.729021,2797.311181,2819.003893,5618107.0,
2025-07-31,2817.217206,2869.108815,2795.796381,2803.234437,6873714.0,
2025-08-01,2801.253545,2830.093006,2744.856377,2768.296935,4989510.0,
2025-08-04,2763.519489,2820.188545,2763.519489,2820.169124,5503506.0,
2025-08-05,2817.760980,2832.345785,2810.167560,2830.054165,5360517.0,
2025-08-06,2822.926837,2849.066846,2810.051037,2848.231764,5790030.0,
2025-08-07,2848.425970,2879.964882,2824.538739,2845.241006,5923251.0,
2025-08-08,2827.626601,2827.626601,2790.125591,2791.407345,7007486.0,
2025-08-11,2792.494894,2820.576955,2792.048222,2807.215642,6315156.0,
2025-08-12,2804.050099,2903.988055,2791.776335,2880.722282,7332242.0,
2025-08-13,2878.935594,2909.270435,2874.585400,2905.716481,7210980.0,
2025-08-14,2909.212173,3010.276520,2909.212173,2935.818275,8773399.0,
2025-08-15,2918.145609,2993.963289,2910.357983,2986.952484,8350271.0,
2025-08-18,3023.307683,3100.814948,2992.681535,3056.866329,10736497.0,
2025-08-19,3046.961867,3078.811508,3020.472289,3022.977535,7742450.0,
2025-08-20,3009.499699,3147.152291,2993.302992,3145.074296,9416636.0,
2025-08-21,3160.066931,3222.853448,3123.187379,3141.248455,9031251.0,
2025-08-22,3178.128008,3438.129828,3178.128008,3437.663735,14531700.0,
2025-08-25,3537.174441,3648.376294,3451.083309,3552.691430,17317483.0,
2025-08-26,3486.428642,3541.311010,3463.279391,3500.935765,10958732.0,
2025-08-27,3538.436774,3704.734621,3520.783528,3523.871390,15151878.0,
2025-08-28,3544.748440,3805.993173,3532.727143,3803.177199,18263836.0,
2025-08-29,3718.523185,3736.059908,3630.781310,3712.677611,13991065.0,
2025-09-01,3747.246123,3805.488240,3647.832520,3747.149020,14144462.0,
2025-09-02,3732.777841,3764.530379,3598.018906,3635.306290,12701787.0,
2025-09-03,3604.039265,3637.908638,3541.505215,3563.916486,9044163.0,
2025-09-04,3550.788220,3557.643661,3270.705590,3314.382323,11987168.0,
2025-09-05,3332.482240,3447.432253,3294.476298,3427.506807,9099551.0,
2025-09-08,3418.709315,3443.082058,3358.253260,3429.565382,9074422.0,
2025-09-09,3360.331255,3415.194202,3330.112938,3344.891948,8710608.0,
2025-09-10,3373.090532,3445.393099,3362.991865,3400.648239,7824443.0,
2025-09-11,3397.405013,3636.160792,3368.953963,3616.099403,12455395.0,
2025-09-12,3610.176147,3730.602744,3605.612326,3665.874176,12134991.0,
2025-09-15,3751.829364,3762.102815,3646.453664,3681.488268,11116027.0,
2025-09-16,3695.723504,3780.940712,3695.723504,3748.411354,9462746.0,
2025-09-17,3729.728821,3821.782049,3686.013247,3792.107507,10383772.0,
2025-09-18,3838.503111,4008.743322,3749.770790,3837.590346,15551152.0,
2025-09-19,3862.215556,3904.280386,3775.871958,3782.941025,10668531.0,
2025-09-22,3782.008840,3984.972615,3758.335236,3941.936759,11093038.0,
2025-09-23,3937.489462,3971.863769,3810.751198,3942.402852,12966081.0,
2025-09-24,3908.067386,4171.428954,3903.736612,4093.513858,17752645.0,
2025-09-25,4069.684890,4183.877503,4066.363982,4143.152688,14159562.0,
2025-09-26,4104.583551,4183.120103,4069.451844,4076.637433,16378411.0,
2025-09-29,4068.441977,4139.812360,3998.178563,4139.812360,13997636.0,
2025-09-30,4189.625974,4259.034885,4158.320108,4220.096758,13543626.0,
2025-10-09,4314.830017,4509.676018,4304.168156,4347.689524,19828053.0,
2025-10-10,4258.432849,4271.056183,4047.040572,4070.519972,16345418.0,
2025-10-13,3944.616790,4171.700841,3944.616790,4166.282518,15574697.0,
2025-10-14,4211.881881,4213.066533,3922.865816,3958.949128,14695228.0,
2025-10-15,3950.442944,4020.531573,3893.424320,4016.453265,9680378.0,
2025-10-16,3982.525630,4049.992490,3945.179985,3966.328923,8827288.0,
2025-10-17,3951.122662,3958.347092,3801.507035,3808.420737,9212708.0,
2025-10-20,3892.084304,3917.797063,3798.516276,3826.559495,7838918.0,
2025-10-21,3848.970767,3951.122662,3825.044695,3938.305124,8159720.0,
2025-10-22,3890.977335,3997.382322,3858.292613,3938.926580,7072836.0,
2025-10-23,3913.408027,3935.178421,3849.864110,3924.982652,6326506.0,
2025-10-24,3987.361338,4144.143134,3972.795954,4129.830217,10281672.0,
2025-10-27,4215.396994,4219.708348,4110.487386,4197.763169,11653614.0,
2025-10-28,4149.075944,4238.818132,4136.472032,4166.612667,9873492.0,
2025-10-29,4150.474221,4244.003409,4134.063888,4198.734194,8766913.0,
2025-10-30,4189.956123,4218.504276,4124.819724,4130.199206,9386188.0,
2025-10-31,4103.515422,4105.690520,3975.320620,3975.320620,9824174.0,
2025-11-03,3929.216324,3933.314052,3833.531459,3919.039975,8822634.0,
2025-11-04,3929.158062,3969.999400,3862.798172,3885.947422,7295222.0,
2025-11-05,3789.485737,3884.063633,3789.485737,3860.972643,6076015.0,
2025-11-06,3909.970596,4025.833373,3898.862063,4012.841050,7733308.0,
2025-11-07,3955.472857,4002.684122,3933.158688,3950.171057,8867351.0,
2025-11-10,3964.270349,3994.255620,3846.038269,3909.951176,9154342.0,
2025-11-11,3935.450308,3961.279590,3825.044695,3832.269126,7265904.0,
2025-11-12,3805.099829,3851.767321,3774.065851,3825.743834,6918633.0,
2025-11-13,3817.431855,3901.056581,3808.964511,3885.481330,8297456.0,
2025-11-14,3823.024962,3859.185956,3765.812133,3765.831553,7708946.0,
2025-11-17,3773.463815,3827.782988,3736.933831,3762.996158,7914110.0,
2025-11-18,3752.703287,3837.415562,3742.643462,3782.533194,7384112.0,
2025-11-19,3772.900620,3805.216352,3728.563590,3744.197103,6039801.0,
2025-11-20,3801.662399,3807.935224,3698.694842,3701.064145,5253821.0,
2025-11-21,3618.449285,3651.716623,3562.285163,3571.004973,7692176.0,
2025-11-24,3601.650542,3631.810597,3528.687677,3600.737778,7085052.0,
2025-11-25,3643.093915,3687.799935,3615.827516,3626.897208,6792109.0,
2025-11-26,3607.243649,3715.707211,3598.135429,3678.594612,6544080.0,
2025-11-27,3710.269467,3797.545250,3661.426879,3666.087802,6639109.0,
2025-11-28,3657.542776,3729.359831,3638.432992,3723.475416,7807119.0,
2025-12-01,3730.389118,3777.134291,3674.147314,3760.801641,8790420.0,
2025-12-02,3751.207907,3763.481671,3698.520057,3715.862575,6234915.0,
2025-12-03,3708.288575,3728.427646,3665.679971,3680.789130,6077531.0,
2025-12-04,3668.049274,3749.557164,3636.743408,3749.479482,6083041.0,
2025-12-05,3728.990841,3765.715030,3680.847391,3750.858338,6416709.0,
2025-12-08,3751.926466,3868.352438,3751.771102,3836.541639,8407210.0,
2025-12-09,3796.146973,3856.816654,3792.554178,3817.276491,6158575.0,
2025-12-10,3787.291219,3828.054875,3726.621539,3818.189255,7301121.0,
2025-12-11,3827.239213,3831.259259,3761.500779,3761.714405,8996448.0,
2025-12-12,3751.809943,3843.125193,3704.967668,3839.551818,11921987.0,
2025-12-15,3783.698425,3816.538511,3732.700159,3735.147144,6811221.0,
2025-12-16,3719.902042,3733.088569,3641.928684,3665.330402,5877092.0,
2025-12-17,3669.020299,3769.133040,3646.842074,3761.384256,6668225.0,
2025-12-18,3728.447067,3759.869456,3713.318488,3713.337908,5930125.0,
2025-12-19,3740.546046,3763.675876,3705.977534,3711.590062,5582678.0,
2025-12-22,3728.272282,3810.285106,3728.272282,3800.885578,7129618.0,
2025-12-23,3797.001476,3851.107023,3790.301399,3824.112511,6247942.0,
2025-12-24,3835.259885,3865.089792,3804.012281,3863.672095,6263981.0,
2025-12-25,3851.340069,3886.122207,3826.831383,3867.808664,6321904.0,
2025-12-26,3852.932551,3889.307171,3829.705618,3848.291049,6404812.0,
2025-12-29,3846.271316,3913.874119,3843.960275,3858.098408,7336365.0,
2025-12-30,3860.914382,3929.371688,3860.914382,3906.572006,6698608.0,
2025-12-31,3930.983590,3934.110293,3867.245469,3872.042335,6451763.0,
2026-01-05,3928.517185,4059.003608,3928.517185,4058.498675,9752111.0,
2026-01-06,4049.506977,4178.905851,4042.263126,4137.345955,10255958.0,
2026-01-07,4185.741872,4219.708348,4141.754411,4192.849779,10685491.0,
2026-01-08,4180.362390,4308.324146,4180.362390,4229.418604,9798052.0,
2026-01-09,4187.509138,4297.798228,4163.350021,4291.370038,9462024.0,
2026-01-12,4340.445673,4419.428897,4298.400264,4414.204779,11487411.0,
2026-01-13,4397.250672,4407.737749,4248.644911,4273.250700,11673328.0,
2026-01-14,4308.984443,4480.564670,4308.984443,4388.258975,13663664.0,
2026-01-15,4352.428129,4399.386928,4287.175208,4386.394605,11475870.0,
2026-01-16,4434.829363,4521.872100,4399.600554,4480.409306,14124491.0,
2026-01-19,4479.787849,4503.111885,4437.373450,4446.209784,10327940.0,
2026-01-20,4453.939148,4510.977192,4356.059765,4388.627964,10288170.0,
2026-01-21,4384.025303,4581.046401,4384.025303,4553.566376,12292712.0,
2026-01-22,4648.105430,4683.140034,4523.231536,4562.072560,11816524.0,
2026-01-23,4532.883530,4593.320165,4497.091526,4593.320165,11751162.0,
2026-01-26,4589.707949,4655.640589,4506.568736,4520.784551,13962951.0,
2026-01-27,4511.287921,4622.023682,4445.374702,4604.817108,14039449.0,
2026-01-28,4643.230882,4668.438707,4557.081489,4627.810995,12310580.0,
2026-01-29,4609.827600,4642.356958,4459.221527,4461.221840,11806976.0,
2026-01-30,4436.751994,4528.533336,4335.784750,4486.798654,10931020.0,
2026-02-02,4430.770476,4477.768116,4284.883587,4287.796664,10571712.0,
2026-02-03,4369.090929,4377.966103,4227.690178,4351.418263,8635858.0,
2026-02-04,4291.331197,4291.331197,4200.015948,4259.112567,7234088.0,
2026-02-05,4167.292385,4233.807640,4148.532170,4213.726830,6902234.0,
2026-02-06,4158.960985,4233.904742,4133.908524,4174.944067,6198755.0,
2026-02-09,4271.269808,4302.633936,4224.738261,4301.779433,8166130.0,
2026-02-10,4316.480761,4392.997580,4316.480761,4340.775822,6475383.0,
2026-02-11,4306.731664,4319.160792,4268.745142,4286.204182,5201941.0,
2026-02-12,4316.111771,4377.480590,4287.039264,4372.042847,6617389.0,
2026-02-13,4336.600412,4415.972046,4328.346694,4357.846452,6690518.0,
2026-02-24,4420.594128,4422.206030,4270.648352,4312.674341,7291292.0,
2026-02-25,4323.258520,4366.080750,4266.822511,4342.581930,7875406.0,
2026-02-26,4356.584119,4421.157323,4283.077480,4387.598677,8029000.0,
2026-02-27,4329.084673,4403.445815,4307.217177,4382.238616,7118843.0,
2026-03-02,4297.293295,4389.773775,4297.293295,4311.742156,8809176.0,
2026-03-03,4322.384597,4325.783186,4052.633680,4061.586536,10345222.0,
2026-03-04,4033.465634,4124.004063,4025.192496,4044.418803,7254181.0,
2026-03-05,4165.447436,4189.917282,4098.932181,4128.431940,8372234.0,
2026-03-06,4100.971335,4174.730441,4100.971335,4144.919955,6540499.0,
2026-03-09,4011.365091,4088.600469,3940.985154,4066.791233,7739608.0,
2026-03-10,4159.446498,4183.391990,4100.796551,4152.280329,6425748.0,
2026-03-11,4156.572262,4179.838036,4084.755207,4086.503054,6389105.0,
2026-03-12,4074.501177,4133.908524,4001.577153,4036.456393,6122549.0,
2026-03-13,4002.256871,4051.779177,3969.261420,3994.333302,6811453.0,
2026-03-16,3984.856092,4055.138926,3917.330970,4050.070172,7500686.0,
2026-03-17,4051.002357,4058.226787,3945.587816,3945.587816,5905805.0,
2026-03-18,3978.175436,4028.765870,3941.101677,4024.648722,5864977.0,
2026-03-19,3947.122036,3972.077395,3909.465663,3926.419770,6290621.0,
2026-03-20,3954.793139,3966.561969,3868.507802,3873.926125,6357458.0,
2026-03-23,3789.602260,3824.131931,3668.593048,3688.654437,8063879.0,
2026-03-24,3750.178620,3782.552614,3649.017171,3779.387071,6334480.0,
2026-03-25,3813.198183,3896.356817,3813.198183,3859.360741,6219483.0,
2026-03-26,3851.223546,3862.448602,3770.434215,3780.649404,5180444.0,
2026-03-27,3705.006509,3836.153229,3705.006509,3802.050809,5086410.0,
2026-03-30,3733.263354,3791.253004,3708.463360,3777.406179,5146201.0,
2026-03-31,3754.723020,3791.466630,3671.933376,3672.477150,5604634.0,
2026-04-01,3782.183625,3816.305465,3752.450820,3800.982681,6070886.0,
2026-04-02,3788.262245,3788.262245,3656.241602,3680.594924,5295092.0,
2026-04-03,3715.377062,3726.213708,3675.778637,3685.081063,4256151.0,
2026-04-07,3700.792257,3784.242199,3700.792257,3746.702349,4749052.0,
2026-04-08,3885.772638,3991.711533,3878.761833,3989.109184,8547871.0,
2026-04-09,3938.072077,4040.554121,3933.469416,3979.903861,6013517.0,
2026-04-10,4039.699619,4103.631945,4039.699619,4053.080352,6559541.0,
2026-04-13,4031.931414,4159.232872,4031.931414,4083.240407,6626987.0,
2026-04-14,4158.397790,4202.326989,4125.771330,4176.381185,7436971.0,
2026-04-15,4206.735446,4276.824075,4156.164431,4177.934826,7568662.0,
2026-04-16,4178.187292,4236.992604,4168.146887,4231.321814,6669748.0,
2026-04-17,4215.513517,4294.690946,4213.202476,4261.617814,7103868.0,
2026-04-20,4274.823762,4344.834709,4269.366598,4342.892658,9163340.0,
2026-04-21,4321.646617,4323.006053,4222.407799,4274.629557,7860424.0,
2026-04-22,4254.373962,4362.293750,4254.063234,4361.186780,7887257.0,
2026-04-23,4403.756544,4408.262102,4244.974434,4291.719608,8731604.0,
2026-04-24,4322.850689,4431.586138,4242.119619,4374.684037,9882809.0,
2026-04-27,4459.823563,4582.658303,4427.702035,4562.499812,11643535.0,
2026-04-28,4543.739597,4622.625718,4480.797716,4510.239213,9248264.0,
2026-04-29,4463.008527,4527.931300,4381.403534,4522.221669,8539634.0,
2026-04-30,4581.221186,4807.062324,4581.221186,4775.756458,11887806.0,
2026-05-06,4976.467453,5236.080863,4964.251951,5053.333841,15381338.0,
2026-05-07,5075.822795,5155.990670,5017.289370,5143.911111,11562345.0,
2026-05-08,5053.838775,5059.878554,4963.766438,5009.793053,11135571.0,
2026-05-11,5162.438280,5293.177169,5098.234066,5250.976396,14834844.0,
2026-05-12,5226.040458,5354.973239,5163.351044,5277.388292,13289101.0,
2026-05-13,5144.687931,5417.934540,5116.100937,5415.254510,14526793.0,
2026-05-14,5487.285190,5507.637887,5259.812729,5270.804739,16665526.0,
2026-05-15,5267.347888,5414.147541,5084.697969,5177.702802,17184329.0,
2026-05-18,5159.505782,5354.274101,5145.833742,5227.691201,13681587.0,
2026-05-19,5180.712982,5433.101961,5088.251922,5430.266566,15311346.0,
2026-05-20,5396.144726,5642.843494,5396.144726,5637.056181,16831938.0,
2026-05-21,5736.916456,5798.304696,5374.335490,5390.143787,19821443.0,
2026-05-22,5476.176657,5514.085497,5348.389686,5491.615964,15063192.0,
2026-05-25,5502.025359,5875.462391,5454.658729,5864.179074,19445070.0,
2026-05-26,5806.577834,5815.550111,5626.413741,5771.931640,17789031.0,
2026-05-27,5796.090757,5895.232473,5587.320249,5606.294090,19451148.0,
2026-05-28,5572.366455,5761.230938,5559.218768,5728.313169,19749903.0,
2026-05-29,5753.637517,5769.271030,5343.728763,5425.819268,20273635.0,
2026-06-01,5430.693817,5437.296791,5128.666009,5133.171568,15399866.0,
2026-06-02,5180.965449,5320.132840,5084.503764,5249.364493,13226236.0,
2026-06-03,5274.552898,5568.365829,5274.183908,5405.175264,15177686.0,
2026-06-04,5310.344902,5514.473907,5301.644512,5445.084417,12855719.0,
2026-06-05,5336.892742,5450.502740,5182.480248,5214.834822,14445584.0,
2026-06-08,4946.171454,5117.557476,4944.035198,5004.471832,13371280.0,
2026-06-09,5119.247060,5250.626826,5042.749662,5241.363242,12603528.0,
2026-06-10,5235.653611,5439.646673,5137.094511,5194.889956,13262712.0,
2026-06-11,5174.343054,5277.388292,5124.412916,5224.700442,11662173.0,
2026-06-12,5438.054191,5449.706499,5188.772494,5204.464268,18315939.0,
2026-06-15,5285.020554,5495.325282,5178.382520,5494.742667,15755250.0,
2026-06-16,5509.016743,5557.412660,5440.209868,5529.660748,14707974.0,
2026-06-17,5431.140489,5820.249875,5421.119504,5818.968121,18380887.0,
2026-06-18,5814.948075,6145.252149,5810.248311,6062.015833,18620196.0,
2026-06-22,6106.488806,6249.151890,5959.961041,6181.743292,19038926.0,
2026-06-23,6115.247458,6290.381638,5994.548973,6085.106822,17561569.0,
2026-06-24,6012.726573,6368.257893,5976.876307,6342.545134,18801514.0,
2026-06-25,6397.951856,6617.656112,6376.356246,6586.078359,18840105.0,
2026-06-26,6476.973921,6615.714061,6286.536377,6479.809316,19649520.0,
2026-06-29,6497.384879,6775.020524,6384.124451,6770.359601,20751937.0,
2026-06-30,6792.770872,7073.552640,6723.925156,7054.209810,19604363.0,
2026-07-01,7041.838944,7226.799903,6739.014894,6845.283938,21991927.0,
2026-07-02,6530.341489,6695.163377,6260.940141,6291.294402,20023709.0,
2026-07-03,6257.386188,6484.567341,6150.476267,6258.784464,18035425.0,
2026-07-06,6394.028913,6408.963287,6040.167757,6312.152032,16653722.0,
2026-07-07,6215.554404,6473.167500,6172.304923,6345.671837,13850067.0,
2026-07-08,6411.371430,6606.062067,6203.008753,6395.368928,16394760.0,
2026-07-09,6506.881510,6976.003407,6416.032353,6965.574592,19970415.0,
2026-07-10,6982.276232,7124.123655,6545.295283,6545.295283,24784334.0,
2026-07-13,6452.795383,6698.387182,6238.062778,6302.888448,18912700.0,
2026-07-14,6306.986176,6405.331651,5963.942246,6349.070426,16995153.0,
2026-07-15,6399.583179,6425.723189,5996.005512,6054.422413,14319363.0,
2026-07-16,5873.054248,6130.298355,5719.923508,5781.098122,14789730.0,
2026-07-17,5722.603538,5770.863512,5280.689780,5330.542235,16998424.0,
2026-07-20,5500.918390,5535.312117,5060.655374,5280.553836,17706556.0,
2026-07-21,5398.067356,5919.935365,5096.583322,5914.419939,19545189.0,
2026-07-22,5823.279475,6034.496967,5701.532283,5780.107676,16540697.0,
2026-07-23,5840.971561,5841.690120,5481.847447,5545.799194,11444345.0,
2026-07-24,5470.195139,5692.132755,5412.749264,5552.654635,9932407.0,
2026-07-27,5536.593871,5649.679515,5343.029624,5624.821259,10694664.0,
2026-07-28,5453.765386,5595.496285,5180.499356,5238.061755,11615910.0,
2026-07-29,5274.727682,5298.245923,4937.956577,5170.944464,14097045.0,
2026-07-30,5088.115979,5143.600383,4763.560376,4852.273277,13981812.0,
2026-07-31,5303.722507,5345.496029,5023.387411,5023.387411,14756893.0,
2026-08-03,4969.592592,4978.895017,4736.721228,4749.072674,11667203.0,
2026-08-04,4809.392785,5025.057575,4761.715428,4976.525715,11630834.0,
2026-08-05,4975.049756,5320.288204,4975.049756,5244.237478,13653315.0,
