date,open,high,low,close,volume,amount
2018-07-20,29.241,35.651,29.241,35.651,57600.0,
2018-07-23,39.501,39.501,39.501,39.501,30500.0,
2018-07-24,43.731,43.731,43.731,43.731,49500.0,
2018-07-25,48.381,48.381,48.381,48.381,130200.0,
2018-07-26,53.501,53.501,53.501,53.501,220700.0,
2018-07-27,59.131,59.131,59.131,59.131,353000.0,
2018-07-30,65.321,65.321,65.321,65.321,731000.0,
2018-07-31,72.131,72.131,58.511,58.511,36666500.0,
2018-08-01,56.191,56.701,53.901,55.851,27876800.0,
2018-08-02,54.691,55.551,51.371,52.741,20256300.0,
2018-08-03,52.271,52.911,48.781,48.881,17709300.0,
2018-08-06,47.751,47.791,44.851,44.901,15523800.0,
2018-08-07,45.681,46.471,44.851,46.151,14941100.0,
2018-08-08,45.521,45.521,41.321,41.441,18108200.0,
2018-08-09,41.071,45.411,40.391,43.451,17072100.0,
2018-08-10,42.591,44.991,42.471,44.281,14122500.0,
2018-08-13,43.191,48.991,42.691,47.931,25387900.0,
2018-08-14,46.191,47.501,45.791,46.691,17824600.0,
2018-08-15,46.741,48.391,46.001,46.441,14221800.0,
2018-08-16,45.191,48.761,43.461,47.621,19830500.0,
2018-08-17,47.851,48.281,44.671,44.781,15052500.0,
2018-08-20,43.681,47.081,43.471,46.911,12830800.0,
2018-08-21,46.981,48.611,45.691,47.331,15452400.0,
2018-08-22,46.861,47.151,44.821,44.961,11532000.0,
2018-08-23,45.021,47.051,45.001,46.551,12204800.0,
2018-08-24,45.891,47.141,45.391,45.841,9760800.0,
2018-08-27,46.791,49.991,46.471,48.801,19302600.0,
2018-08-28,48.951,51.211,48.751,49.281,19236000.0,
2018-08-29,49.191,50.601,48.061,50.601,14178700.0,
2018-08-30,50.791,50.981,49.101,49.851,13017900.0,
2018-08-31,49.691,50.551,47.931,48.091,13017600.0,
2018-09-03,47.281,47.741,44.291,46.131,12472800.0,
2018-09-04,45.981,46.961,45.091,46.271,9869400.0,
2018-09-05,46.251,47.891,45.591,46.421,12443600.0,
2018-09-06,45.771,47.181,44.961,46.401,10227800.0,
2018-09-07,46.201,47.491,44.591,44.751,12183700.0,
2018-09-10,44.301,44.741,41.981,42.101,10190800.0,
2018-09-11,42.301,43.461,41.891,42.851,6649900.0,
2018-09-12,43.051,43.381,42.191,42.721,5996700.0,
2018-09-13,43.551,44.381,42.911,43.981,9337500.0,
2018-09-14,43.971,43.971,41.791,42.171,8004000.0,
2018-09-17,41.691,41.691,40.771,41.091,4952900.0,
2018-09-18,40.741,42.271,40.551,42.181,6048300.0,
2018-09-19,41.961,43.291,41.371,42.531,7626200.0,
2018-09-20,42.401,43.151,41.801,41.811,5468200.0,
2018-09-21,41.841,43.071,41.411,42.801,7042900.0,
2018-09-25,42.171,42.981,42.051,42.441,4643500.0,
2018-09-26,42.461,43.051,42.441,42.781,6118600.0,
2018-09-27,42.781,42.781,40.891,40.891,7600400.0,
2018-09-28,41.121,41.571,41.101,41.261,3481000.0,
2018-10-08,39.681,39.691,36.991,37.281,7081400.0,
2018-10-09,37.381,37.941,36.821,37.071,4033400.0,
2018-10-10,37.191,37.541,36.721,37.391,3584500.0,
2018-10-11,34.701,35.381,33.371,33.371,7039700.0,
2018-10-12,32.691,32.991,30.891,32.671,6804400.0,
2018-10-15,32.901,34.051,32.651,32.701,5170800.0,
2018-10-16,32.811,33.151,31.841,32.941,4913600.0,
2018-10-17,33.851,34.011,32.441,33.591,5081200.0,
2018-10-18,33.181,33.181,31.801,31.971,4357600.0,
2018-10-19,30.991,33.161,30.741,33.031,5426500.0,
2018-10-22,33.091,35.761,33.091,35.331,9083200.0,
2018-10-23,35.051,35.111,33.641,33.831,6826300.0,
2018-10-24,33.371,34.291,33.301,33.411,4159800.0,
2018-10-25,31.491,32.551,31.221,32.301,5373000.0,
2018-10-26,32.831,35.071,32.571,34.591,9983600.0,
2018-10-29,34.161,34.491,33.331,33.541,5626700.0,
2018-10-30,33.291,34.051,32.101,33.661,6108000.0,
2018-10-31,33.841,34.661,33.831,34.241,6803300.0,
2018-11-01,34.551,35.641,34.241,34.661,9054200.0,
2018-11-02,35.461,35.891,34.891,35.821,9593500.0,
2018-11-05,36.641,36.821,35.061,35.711,10705700.0,
2018-11-06,35.191,35.201,34.071,34.711,6846700.0,
2018-11-07,34.691,36.411,34.441,35.471,8937700.0,
2018-11-08,35.771,36.071,34.791,34.881,5685900.0,
2018-11-09,34.921,37.171,34.801,36.771,13416300.0,
2018-11-12,36.201,37.561,36.191,37.441,10443800.0,
2018-11-13,36.681,37.331,36.391,37.101,8946500.0,
2018-11-14,36.891,38.561,36.721,37.311,9838600.0,
2018-11-15,37.251,37.961,36.871,37.931,8063300.0,
2018-11-16,37.991,37.991,37.091,37.551,8509900.0,
2018-11-19,37.331,37.461,36.611,37.011,5437000.0,
2018-11-20,36.301,36.621,35.611,35.701,5239600.0,
2018-11-21,35.011,36.181,35.011,35.871,3951100.0,
2018-11-22,36.041,38.691,35.291,37.291,8288800.0,
2018-11-23,36.981,37.071,35.281,35.391,6219800.0,
2018-11-26,35.691,36.791,35.171,36.131,4967500.0,
2018-11-27,36.491,37.391,36.191,37.051,7596100.0,
2018-11-28,37.131,37.361,36.241,37.091,6678600.0,
2018-11-29,37.491,37.601,33.851,34.481,7009600.0,
2018-11-30,34.471,34.741,33.181,34.261,5812500.0,
2018-12-03,35.351,36.291,34.961,35.851,7151600.0,
2018-12-04,35.871,36.831,35.701,36.271,5989600.0,
2018-12-05,35.331,36.181,35.191,35.741,4098700.0,
2018-12-06,35.321,35.321,34.041,34.201,5438200.0,
2018-12-07,34.541,35.061,34.501,34.681,3237700.0,
2018-12-10,34.641,35.871,34.391,35.621,5038400.0,
2018-12-11,35.581,36.161,35.201,35.921,4864700.0,
2018-12-12,35.851,35.941,34.961,35.081,3771900.0,
2018-12-13,35.271,36.001,34.981,35.671,4121400.0,
2018-12-14,35.521,35.581,34.441,34.531,3899100.0,
2018-12-17,34.421,34.741,34.051,34.571,2156700.0,
2018-12-18,34.241,34.651,33.821,34.101,2051600.0,
2018-12-19,34.301,34.991,34.111,34.461,3252600.0,
2018-12-20,34.051,34.711,33.911,34.691,2404900.0,
2018-12-21,34.501,34.991,34.391,34.611,2750900.0,
2018-12-24,34.801,37.661,34.751,37.611,11465900.0,
2018-12-25,36.851,40.191,36.201,38.891,16649400.0,
2018-12-26,38.511,39.031,37.401,37.491,9620100.0,
2018-12-27,38.161,39.241,37.691,37.911,9798700.0,
2018-12-28,37.991,38.041,36.421,37.461,6664600.0,
2019-01-02,37.551,38.561,37.291,37.771,6023900.0,
2019-01-03,37.401,37.511,35.691,35.761,7519400.0,
2019-01-04,35.091,36.661,34.791,36.391,5952000.0,
2019-01-07,36.691,37.861,36.391,37.451,7077700.0,
2019-01-08,37.341,37.891,36.951,37.501,5918300.0,
2019-01-09,37.611,38.851,36.911,36.931,9254900.0,
2019-01-10,36.701,40.051,36.611,38.591,11648300.0,
2019-01-11,38.891,40.581,38.691,39.381,12255600.0,
2019-01-14,39.791,40.441,38.591,39.851,9419800.0,
2019-01-15,39.021,39.991,38.721,39.601,7100300.0,
2019-01-16,39.611,39.741,38.251,38.321,7005700.0,
2019-01-17,38.041,38.781,37.891,37.921,4139900.0,
2019-01-18,37.931,38.591,37.241,38.581,5528500.0,
2019-01-21,38.431,39.541,38.291,38.851,6293500.0,
2019-01-22,38.631,38.791,38.191,38.311,4024500.0,
2019-01-23,38.211,38.461,37.461,37.871,3555400.0,
2019-01-24,37.871,38.961,37.631,38.741,5598700.0,
2019-01-25,38.591,38.781,37.801,37.821,4560300.0,
2019-01-28,37.881,38.311,37.351,37.461,3951700.0,
2019-01-29,37.291,37.291,35.691,36.261,3982800.0,
2019-01-30,35.991,36.671,35.851,36.011,2158200.0,
2019-01-31,36.291,36.691,35.891,36.021,3175100.0,
2019-02-01,36.491,37.361,36.471,37.261,3108900.0,
2019-02-11,37.371,38.661,37.371,38.531,5436500.0,
2019-02-12,38.581,38.851,38.211,38.501,5312500.0,
2019-02-13,39.291,40.541,39.091,40.021,12234100.0,
2019-02-14,40.231,40.261,39.301,39.551,6977200.0,
2019-02-15,39.371,39.851,38.971,38.971,6162100.0,
2019-02-18,39.371,40.641,39.121,40.631,10373500.0,
2019-02-19,40.681,40.891,39.301,39.741,8554000.0,
2019-02-20,39.711,39.711,38.891,39.481,5210100.0,
2019-02-21,39.321,42.131,39.191,40.381,14756000.0,
2019-02-22,40.611,44.551,40.601,43.801,17814400.0,
2019-02-25,45.231,46.941,43.811,46.031,17056000.0,
2019-02-26,45.691,46.571,43.961,44.991,14122300.0,
2019-02-27,44.401,45.321,43.991,44.491,8106800.0,
2019-02-28,44.501,45.001,43.881,44.171,5711600.0,
2019-03-01,44.541,44.671,43.011,44.001,5530700.0,
2019-03-04,44.661,46.791,44.651,45.241,12726800.0,
2019-03-05,45.091,46.311,44.701,46.311,9582000.0,
2019-03-06,47.181,48.291,45.801,46.581,11700400.0,
2019-03-07,46.271,51.191,44.871,49.151,17238100.0,
2019-03-08,47.091,51.691,46.571,48.061,14610800.0,
2019-03-11,48.921,51.311,48.241,51.091,11478600.0,
2019-03-12,51.141,51.391,49.041,50.231,14933800.0,
2019-03-13,49.021,49.031,45.821,46.561,13633500.0,
2019-03-14,45.691,46.191,44.501,45.381,7614400.0,
2019-03-15,45.431,45.841,44.671,45.091,5810800.0,
2019-03-18,45.091,45.801,43.211,45.771,7904400.0,
2019-03-19,45.751,45.981,44.941,45.241,5669400.0,
2019-03-20,44.981,44.981,43.611,44.491,5921100.0,
2019-03-21,44.491,45.351,44.491,44.681,5314900.0,
2019-03-22,44.721,46.261,44.101,46.241,7650800.0,
2019-03-25,44.191,45.191,43.751,44.411,6270300.0,
2019-03-26,44.461,45.121,42.641,42.731,5564400.0,
2019-03-27,42.751,43.201,41.791,42.051,4630700.0,
2019-03-28,41.991,43.971,41.691,42.641,5878100.0,
2019-03-29,42.691,43.671,42.001,43.581,5177000.0,
2019-04-01,44.111,45.041,44.111,44.631,6548200.0,
2019-04-02,44.731,44.981,44.221,44.381,5924500.0,
2019-04-03,44.291,44.601,43.801,44.541,4479800.0,
2019-04-04,44.551,44.671,44.071,44.171,4624000.0,
2019-04-08,44.281,44.591,42.711,42.861,5730200.0,
2019-04-09,42.861,43.831,42.411,43.191,3778000.0,
2019-04-10,43.011,44.491,42.571,44.091,5192700.0,
2019-04-11,44.221,44.331,42.741,42.761,3693700.0,
2019-04-12,42.691,43.061,42.541,42.801,2256400.0,
2019-04-15,43.321,44.321,42.821,42.881,4088000.0,
2019-04-16,42.701,44.991,42.691,44.991,8348500.0,
2019-04-17,45.001,45.551,44.241,44.521,6163700.0,
2019-04-18,44.641,46.571,44.091,45.961,10233900.0,
2019-04-19,45.491,46.471,44.741,46.071,7736800.0,
2019-04-22,46.491,46.871,44.781,44.791,6738000.0,
2019-04-23,44.691,44.701,43.001,43.151,5744600.0,
2019-04-24,43.241,43.621,42.191,43.471,3939300.0,
2019-04-25,43.381,43.381,40.561,40.701,5914200.0,
2019-04-26,40.491,41.391,40.021,40.581,2967000.0,
2019-04-29,39.291,39.651,36.291,36.311,6982100.0,
2019-04-30,36.281,36.891,35.991,36.361,2561000.0,
2019-05-06,35.361,35.361,32.631,32.671,3937800.0,
2019-05-07,32.671,33.471,32.291,32.891,2642500.0,
2019-05-08,32.001,33.411,31.701,33.001,2709100.0,
2019-05-09,32.691,33.451,32.491,32.901,2001800.0,
2019-05-10,33.011,34.271,32.351,34.181,4015600.0,
2019-05-13,34.081,34.081,33.511,33.621,2517700.0,
2019-05-14,32.641,33.581,32.481,33.071,2011300.0,
2019-05-15,33.671,33.791,33.291,33.601,2360400.0,
2019-05-16,33.771,34.191,33.461,34.101,2849700.0,
2019-05-17,34.111,34.241,32.501,32.561,2746400.0,
2019-05-20,32.701,33.231,31.591,33.091,2313200.0,
2019-05-21,32.801,34.141,32.801,33.771,2529200.0,
2019-05-22,33.771,35.361,33.641,34.281,3906400.0,
2019-05-23,33.991,34.011,33.051,33.171,2283000.0,
2019-05-24,33.221,33.831,32.991,33.331,1483400.0,
2019-05-27,33.391,34.381,33.341,34.351,2741800.0,
2019-05-28,34.351,35.351,34.101,34.561,3552200.0,
2019-05-29,34.561,35.261,34.301,34.751,2909900.0,
2019-05-30,34.761,34.761,33.871,34.581,2326700.0,
2019-05-31,34.571,36.221,34.511,35.821,6066100.0,
2019-06-03,35.791,36.881,34.791,35.871,5220400.0,
2019-06-04,35.891,37.681,35.881,37.091,8159600.0,
2019-06-05,37.351,37.651,36.281,36.971,5394000.0,
2019-06-06,37.111,37.111,34.451,34.971,4298500.0,
2019-06-10,35.151,35.971,34.491,35.341,2901500.0,
2019-06-11,35.291,36.431,34.891,36.331,4156400.0,
2019-06-12,36.121,36.561,35.521,35.591,3750500.0,
2019-06-13,35.511,35.611,34.971,35.341,2478300.0,
2019-06-14,35.341,35.681,33.741,33.901,2964700.0,
2019-06-17,33.691,34.111,33.501,33.861,1594600.0,
2019-06-18,33.691,34.131,33.611,33.951,1368300.0,
2019-06-19,34.661,35.331,34.091,34.121,2473100.0,
2019-06-20,34.121,34.751,33.701,34.591,2612500.0,
2019-06-21,34.621,35.491,34.621,35.481,3565700.0,
2019-06-24,35.961,36.661,35.941,36.491,4756500.0,
2019-06-25,36.191,36.191,35.401,35.861,2692700.0,
2019-06-26,36.021,36.841,35.801,35.901,2991100.0,
2019-06-27,36.191,36.491,35.831,36.031,2982500.0,
2019-06-28,36.011,36.041,34.711,35.191,2403900.0,
2019-07-01,36.121,36.351,35.901,36.201,3673200.0,
2019-07-02,36.211,36.471,35.851,35.971,2718200.0,
2019-07-03,35.961,35.961,35.241,35.411,1948300.0,
2019-07-04,35.371,35.601,34.791,34.831,1746100.0,
2019-07-05,34.871,35.161,34.731,35.111,1294300.0,
2019-07-08,35.041,35.041,33.351,33.351,2940800.0,
2019-07-09,33.251,33.541,32.841,33.331,1394900.0,
2019-07-10,33.461,33.591,33.111,33.211,934800.0,
2019-07-11,33.331,33.571,32.891,32.971,1147800.0,
2019-07-12,32.821,33.221,32.691,33.041,1014600.0,
2019-07-15,32.891,33.641,32.711,33.601,1529600.0,
2019-07-16,33.571,34.061,33.391,33.901,1369800.0,
2019-07-17,33.891,34.141,33.601,33.701,1380900.0,
2019-07-18,33.691,33.691,32.771,32.781,1426300.0,
2019-07-19,32.891,33.181,32.321,32.341,1844600.0,
2019-07-22,32.491,32.521,31.131,31.151,2463800.0,
2019-07-23,31.021,32.041,31.021,32.041,1482800.0,
2019-07-24,32.051,32.991,32.041,32.671,2238200.0,
2019-07-25,32.551,32.961,32.531,32.921,1485600.0,
2019-07-26,32.941,33.021,32.491,32.981,1230400.0,
2019-07-29,32.941,33.331,32.521,32.671,1351600.0,
2019-07-30,32.701,33.131,32.701,32.751,1289600.0,
2019-07-31,32.631,33.161,32.401,32.781,1322800.0,
2019-08-01,32.591,33.021,32.301,32.851,1627000.0,
2019-08-02,32.241,32.241,31.541,31.821,2168500.0,
2019-08-05,31.581,32.341,31.541,31.601,1559900.0,
2019-08-06,30.941,30.941,29.421,30.031,2777800.0,
2019-08-07,30.141,30.441,29.841,30.041,1332000.0,
2019-08-08,30.061,30.371,30.011,30.121,1013300.0,
2019-08-09,30.341,30.521,29.591,29.621,1313400.0,
2019-08-12,29.751,30.221,29.521,30.211,1236300.0,
2019-08-13,29.851,30.191,29.641,29.841,889800.0,
2019-08-14,30.441,30.581,29.901,29.951,1394800.0,
2019-08-15,29.171,29.941,28.941,29.841,1611300.0,
2019-08-16,29.871,30.531,29.871,30.171,1751500.0,
2019-08-19,30.621,31.271,30.281,31.131,2550100.0,
2019-08-20,31.161,33.031,30.951,32.211,4725600.0,
2019-08-21,31.951,32.151,31.551,31.731,2264600.0,
2019-08-22,31.841,31.881,31.311,31.551,1909000.0,
2019-08-23,31.551,31.811,31.151,31.271,1409200.0,
2019-08-26,30.461,30.691,30.361,30.461,1686700.0,
2019-08-27,30.571,31.421,30.541,31.201,1826300.0,
2019-08-28,30.871,30.871,30.441,30.621,1810100.0,
2019-08-29,30.691,30.841,30.251,30.301,1645600.0,
2019-08-30,30.401,30.691,29.641,29.721,1795500.0,
2019-09-02,29.931,31.141,29.761,31.101,3217500.0,
2019-09-03,31.161,32.441,31.161,32.251,4815600.0,
2019-09-04,32.131,32.541,31.841,32.521,3750200.0,
2019-09-05,34.241,35.161,32.941,33.101,8195800.0,
2019-09-06,33.911,34.831,33.631,34.211,6990600.0,
2019-09-09,34.441,35.161,34.001,35.081,6048000.0,
2019-09-10,35.321,35.441,34.131,34.301,4056000.0,
2019-09-11,34.551,34.671,33.741,33.771,2982200.0,
2019-09-12,33.961,34.291,33.731,33.941,2448800.0,
2019-09-16,34.091,34.201,33.591,33.841,2233900.0,
2019-09-17,33.931,33.971,32.441,32.981,3483300.0,
2019-09-18,32.971,33.101,32.741,32.911,1612900.0,
2019-09-19,32.971,33.731,32.641,33.721,3212200.0,
2019-09-20,34.121,34.591,33.771,34.201,3508500.0,
2019-09-23,34.181,34.181,32.991,33.341,2517000.0,
2019-09-24,33.291,33.881,33.241,33.411,2247600.0,
2019-09-25,33.241,33.591,32.491,32.531,2585000.0,
2019-09-26,32.531,33.031,31.431,31.461,2466700.0,
2019-09-27,31.501,31.941,31.291,31.431,1719400.0,
2019-09-30,31.431,31.671,30.931,30.951,1354400.0,
2019-10-08,31.341,31.741,31.001,31.431,1650200.0,
2019-10-09,31.241,31.381,30.751,31.121,1339600.0,
2019-10-10,31.141,31.711,31.141,31.611,1655700.0,
2019-10-11,31.591,31.891,31.361,31.661,1402600.0,
2019-10-14,31.951,32.531,31.951,32.271,1905100.0,
2019-10-15,32.251,32.251,31.451,31.451,1509000.0,
2019-10-16,31.641,31.831,30.951,31.031,1270300.0,
2019-10-17,31.441,31.441,30.951,31.001,737100.0,
2019-10-18,31.001,31.421,30.741,30.741,1089700.0,
2019-10-21,30.381,30.641,29.821,30.191,876800.0,
2019-10-22,30.241,30.671,30.241,30.551,981000.0,
2019-10-23,30.491,32.091,30.441,31.441,2310800.0,
2019-10-24,31.131,31.441,30.741,30.861,1348400.0,
2019-10-25,30.841,31.081,30.501,30.941,939500.0,
2019-10-28,31.101,31.561,31.051,31.441,1501600.0,
2019-10-29,31.331,31.511,30.841,30.841,1180100.0,
2019-10-30,30.691,31.091,30.241,30.271,1090500.0,
2019-10-31,30.141,31.121,30.141,30.331,1307400.0,
2019-11-01,30.801,30.901,30.191,30.781,1132200.0,
2019-11-04,30.831,31.591,30.791,31.311,1884500.0,
2019-11-05,31.111,31.481,30.981,31.331,1489300.0,
2019-11-06,31.341,31.491,30.621,30.681,1335800.0,
2019-11-07,30.571,30.891,30.541,30.691,828700.0,
2019-11-08,30.771,31.081,30.631,30.741,912700.0,
2019-11-11,30.441,30.791,29.851,29.951,1269300.0,
2019-11-12,30.011,30.141,29.471,29.801,969200.0,
2019-11-13,29.731,29.821,29.341,29.451,938100.0,
2019-11-14,29.421,29.901,29.241,29.881,899100.0,
2019-11-15,29.881,29.961,29.361,29.431,847700.0,
2019-11-18,29.341,29.761,29.341,29.591,612000.0,
2019-11-19,29.721,30.161,29.611,30.141,1256500.0,
2019-11-20,30.241,30.321,29.841,29.841,794600.0,
2019-11-21,29.701,29.921,29.561,29.651,674800.0,
2019-11-22,29.591,30.341,29.531,29.791,1099400.0,
2019-11-25,29.841,30.231,29.741,29.991,856000.0,
2019-11-26,29.941,30.101,29.741,29.791,645600.0,
2019-11-27,29.791,29.841,29.191,29.241,1302500.0,
2019-11-28,29.241,29.441,29.151,29.201,790900.0,
2019-11-29,29.141,29.451,29.101,29.421,700700.0,
2019-12-02,29.421,29.641,29.121,29.201,658900.0,
2019-12-03,29.141,29.141,28.721,28.911,1166200.0,
2019-12-04,28.841,29.111,28.751,29.051,748000.0,
2019-12-05,29.001,29.421,28.991,29.361,1316400.0,
2019-12-06,29.501,30.321,29.331,30.031,2436200.0,
2019-12-09,30.141,30.141,29.751,29.821,1465600.0,
2019-12-10,29.701,30.501,29.701,30.381,2825200.0,
2019-12-11,30.231,30.501,30.001,30.051,1624100.0,
2019-12-12,30.051,30.371,29.991,30.061,1523600.0,
2019-12-13,30.341,30.381,30.081,30.201,1926200.0,
2019-12-16,30.311,30.801,30.271,30.711,2715500.0,
2019-12-17,30.741,31.581,30.721,31.211,3185100.0,
2019-12-18,31.141,31.531,30.901,30.961,2689500.0,
2019-12-19,30.941,31.141,30.781,30.871,1978200.0,
2019-12-20,30.921,30.971,30.441,30.441,1744600.0,
2019-12-23,30.511,30.651,30.001,30.021,2027900.0,
2019-12-24,30.151,30.261,29.951,30.211,1377800.0,
2019-12-25,30.221,30.421,29.991,30.171,1539200.0,
2019-12-26,30.091,30.381,30.051,30.301,1505700.0,
2019-12-27,30.341,30.911,30.321,30.621,3204400.0,
2019-12-30,30.721,31.191,30.421,31.181,3650500.0,
2019-12-31,31.181,31.471,30.751,30.971,2281000.0,
2020-01-02,31.271,31.591,31.001,31.571,3004700.0,
2020-01-03,31.581,31.621,31.201,31.341,2248400.0,
2020-01-06,31.091,31.551,30.941,31.271,2720600.0,
2020-01-07,31.261,31.871,31.131,31.851,3645700.0,
2020-01-08,32.341,33.351,32.301,32.361,7785400.0,
2020-01-09,33.021,33.901,32.541,33.771,7303200.0,
2020-01-10,33.561,33.871,33.301,33.401,4241500.0,
2020-01-13,33.061,33.241,32.511,32.991,4491300.0,
2020-01-14,32.941,32.941,32.541,32.551,3521500.0,
2020-01-15,32.611,32.881,32.441,32.881,2732900.0,
2020-01-16,32.841,33.191,32.641,32.651,3182900.0,
2020-01-17,32.591,32.851,32.081,32.271,3022900.0,
2020-01-20,32.221,33.371,32.141,33.241,3849700.0,
2020-01-21,33.031,33.581,32.601,32.641,2888700.0,
2020-01-22,32.271,32.691,31.901,32.541,3158400.0,
2020-01-23,31.941,32.161,29.941,30.821,4152500.0,
2020-02-03,27.531,27.531,27.531,27.531,724800.0,
2020-02-04,24.571,27.241,24.571,26.611,5279900.0,
2020-02-05,26.841,27.831,26.711,26.981,3854800.0,
2020-02-06,26.981,27.711,26.491,27.281,2941500.0,
2020-02-07,27.131,28.141,26.921,28.141,3388600.0,
2020-02-10,27.891,28.661,27.551,28.391,3011900.0,
2020-02-11,28.391,28.921,28.201,28.351,2494400.0,
2020-02-12,28.391,28.891,28.171,28.821,3020400.0,
2020-02-13,28.641,29.811,28.541,28.951,3527200.0,
2020-02-14,28.931,29.551,28.681,28.891,2931100.0,
2020-02-17,29.071,29.901,28.921,29.861,3719300.0,
2020-02-18,29.951,30.321,29.551,30.101,3490700.0,
2020-02-19,30.101,30.341,29.791,29.841,3478500.0,
2020-02-20,29.901,30.201,29.441,30.131,3403300.0,
2020-02-21,30.091,31.341,29.761,30.711,4069800.0,
2020-02-24,30.941,33.931,30.891,33.791,10950800.0,
2020-02-25,32.911,34.961,32.101,34.941,13756100.0,
2020-02-26,33.941,36.241,33.941,34.211,11690400.0,
2020-02-27,34.531,35.241,33.471,33.841,6196400.0,
2020-02-28,32.341,33.211,31.141,31.331,6149500.0,
2020-03-02,31.901,34.361,31.741,33.951,8222100.0,
2020-03-03,35.261,36.701,34.301,34.841,12480400.0,
2020-03-04,34.441,35.551,33.941,34.901,6827800.0,
2020-03-05,36.041,36.541,34.921,35.221,8018800.0,
2020-03-06,34.841,35.141,34.221,34.261,5152300.0,
2020-03-09,33.271,35.621,33.241,34.351,7846700.0,
2020-03-10,33.931,37.991,33.021,37.991,12389000.0,
2020-03-11,40.141,41.911,37.961,38.131,22481800.0,
2020-03-12,36.821,40.141,36.821,40.121,15436600.0,
2020-03-13,37.471,40.441,37.471,39.611,14388900.0,
2020-03-16,39.861,39.921,35.461,35.941,13105100.0,
2020-03-17,37.941,38.291,35.441,37.461,10048800.0,
2020-03-18,37.451,37.871,34.941,35.051,11426600.0,
2020-03-19,34.541,36.921,33.941,36.021,10214500.0,
2020-03-20,35.941,36.621,35.061,35.431,6480600.0,
2020-03-23,34.061,36.231,33.951,34.451,7183600.0,
2020-03-24,35.441,35.711,32.941,34.731,7802300.0,
2020-03-25,35.481,35.631,34.661,34.921,5876400.0,
2020-03-26,34.431,34.621,33.141,33.221,6304200.0,
2020-03-27,33.721,33.881,32.681,32.721,4731800.0,
2020-03-30,31.941,31.941,30.341,30.621,4979500.0,
2020-03-31,30.941,31.231,29.601,29.701,4874900.0,
2020-04-01,29.531,30.181,28.961,29.221,4090200.0,
2020-04-02,29.311,30.501,29.041,30.421,4280800.0,
2020-04-03,30.021,30.311,29.441,29.831,3258300.0,
2020-04-07,30.381,30.601,30.001,30.581,4476400.0,
2020-04-08,30.541,31.791,30.251,31.041,5346500.0,
2020-04-09,31.391,32.071,30.991,31.271,3846900.0,
2020-04-10,31.441,31.541,29.771,30.241,3236300.0,
2020-04-13,29.941,29.961,29.311,29.391,2399900.0,
2020-04-14,29.711,30.841,29.461,30.471,3357700.0,
2020-04-15,30.341,30.901,30.061,30.141,2511300.0,
2020-04-16,29.971,30.311,29.521,30.051,2088800.0,
2020-04-17,30.241,30.791,30.001,30.021,3593200.0,
2020-04-20,30.201,30.841,30.131,30.751,2856100.0,
2020-04-21,30.341,31.011,30.291,30.861,3043400.0,
2020-04-22,30.521,30.801,30.271,30.641,2465200.0,
2020-04-23,30.661,30.761,29.741,29.761,3171200.0,
2020-04-24,29.791,30.311,29.211,29.491,2551700.0,
2020-04-27,29.521,30.111,29.241,29.641,2029400.0,
2020-04-28,29.681,29.681,27.401,28.641,3098300.0,
2020-04-29,28.171,28.641,27.881,28.261,1888600.0,
2020-04-30,28.441,29.721,27.941,29.521,3260700.0,
2020-05-06,29.311,30.041,28.991,30.041,3609200.0,
2020-05-07,30.351,30.931,29.951,29.971,3854700.0,
2020-05-08,30.381,30.721,29.951,30.321,3480000.0,
2020-05-11,30.401,31.291,30.341,30.671,4887500.0,
2020-05-12,30.641,30.871,29.791,30.421,2947700.0,
2020-05-13,30.191,30.541,30.001,30.141,1802500.0,
2020-05-14,29.941,30.261,29.591,29.621,2022400.0,
2020-05-15,29.601,30.141,29.381,29.531,2298200.0,
2020-05-18,29.541,29.791,28.721,29.101,2770200.0,
2020-05-19,29.411,29.521,28.941,29.201,1708800.0,
2020-05-20,29.211,29.821,28.761,29.421,2625300.0,
2020-05-21,29.421,29.921,29.121,29.411,2464400.0,
2020-05-22,29.311,29.751,28.691,28.731,2275900.0,
2020-05-25,28.481,28.481,26.841,27.241,3588900.0,
2020-05-26,27.291,27.651,27.291,27.461,1793700.0,
2020-05-27,27.571,27.701,27.381,27.581,1428800.0,
2020-05-28,27.441,27.891,27.241,27.721,1589400.0,
2020-05-29,27.391,27.841,27.391,27.671,1401800.0,
2020-06-01,27.691,28.471,27.681,28.321,2492300.0,
2020-06-02,28.391,28.841,28.141,28.731,1880000.0,
2020-06-03,28.811,29.251,28.381,28.621,2681200.0,
2020-06-04,28.621,28.791,28.121,28.141,1656300.0,
2020-06-05,28.561,29.121,28.251,28.531,2121800.0,
2020-06-08,28.741,29.101,28.391,28.441,1595500.0,
2020-06-09,28.651,28.671,28.221,28.451,1119200.0,
2020-06-10,28.541,28.541,27.941,28.161,1429200.0,
2020-06-11,28.391,28.601,28.011,28.191,1691400.0,
2020-06-12,27.731,28.711,27.311,28.571,2775900.0,
2020-06-15,28.331,28.941,28.241,28.721,2372600.0,
2020-06-16,28.821,29.211,28.821,29.091,1895100.0,
2020-06-17,29.211,29.301,28.621,28.791,1779500.0,
2020-06-18,28.791,29.361,28.571,29.121,2244400.0,
2020-06-19,29.241,29.381,29.011,29.171,1960400.0,
2020-06-22,28.951,29.471,28.901,28.941,2194300.0,
2020-06-23,29.011,29.041,27.971,28.541,1530700.0,
2020-06-24,28.591,29.941,28.551,29.341,4229800.0,
2020-06-29,29.301,29.301,28.211,28.561,2492000.0,
2020-06-30,28.721,29.141,28.601,28.751,1661300.0,
2020-07-01,28.831,28.921,28.351,28.571,1826800.0,
2020-07-02,28.591,29.071,28.391,29.001,2634500.0,
2020-07-03,29.001,29.491,29.001,29.481,3230600.0,
2020-07-06,29.891,30.931,29.881,30.731,5411100.0,
2020-07-07,30.951,31.901,30.791,31.031,5777700.0,
2020-07-08,30.941,31.491,30.721,31.401,4463500.0,
2020-07-09,31.451,33.241,31.401,32.401,6717700.0,
2020-07-10,31.941,32.591,31.501,31.621,4642500.0,
2020-07-13,31.841,32.741,31.641,32.611,5059300.0,
2020-07-14,33.141,33.731,31.741,32.311,6268600.0,
2020-07-15,32.441,32.631,30.801,30.841,5131300.0,
2020-07-16,30.771,31.221,29.691,29.701,3662600.0,
2020-07-17,29.591,30.141,29.571,29.941,2467800.0,
2020-07-20,30.291,30.441,29.741,30.431,2368800.0,
2020-07-21,30.441,30.591,29.921,30.111,2315700.0,
2020-07-22,30.191,31.391,29.981,30.761,4120400.0,
2020-07-23,30.641,30.641,29.591,30.001,3693600.0,
2020-07-24,29.891,30.311,28.591,28.831,3067700.0,
2020-07-27,28.821,29.081,28.341,28.861,1573400.0,
2020-07-28,29.111,29.491,28.861,29.101,1294600.0,
2020-07-29,29.091,29.671,28.781,29.581,1707700.0,
2020-07-30,29.601,29.961,29.181,29.201,1544300.0,
2020-07-31,29.291,29.611,28.941,29.191,1837900.0,
2020-08-03,29.421,29.921,29.191,29.911,2717500.0,
2020-08-04,29.941,30.021,29.331,29.471,2178400.0,
2020-08-05,29.511,29.641,29.191,29.471,1943700.0,
2020-08-06,29.341,29.451,28.741,29.041,2332500.0,
2020-08-07,29.091,29.141,28.101,28.281,2722400.0,
2020-08-10,28.241,29.101,28.241,28.821,1898200.0,
2020-08-11,28.701,29.131,28.491,28.811,2182400.0,
2020-08-12,28.811,29.171,28.351,29.171,1856700.0,
2020-08-13,29.181,29.601,29.181,29.441,1953600.0,
2020-08-14,29.949,29.949,29.069,29.169,1550600.0,
2020-08-17,29.239,29.579,28.959,29.419,1791000.0,
2020-08-18,29.319,29.699,29.319,29.559,1636900.0,
2020-08-19,29.479,29.559,28.889,29.009,1811600.0,
2020-08-20,28.869,29.219,28.729,29.009,1463800.0,
2020-08-21,29.039,29.299,28.959,29.109,1093700.0,
2020-08-24,29.179,29.349,28.919,29.319,1299200.0,
2020-08-25,29.319,29.529,29.159,29.309,914200.0,
2020-08-26,29.309,29.309,28.759,28.789,1271400.0,
2020-08-27,28.789,29.179,28.479,29.109,1002200.0,
2020-08-28,29.179,29.179,28.649,29.129,1225500.0,
2020-08-31,29.759,30.519,29.759,30.039,3707500.0,
2020-09-01,30.209,30.539,29.829,30.289,2147700.0,
2020-09-02,30.399,30.679,30.009,30.089,1739400.0,
2020-09-03,30.089,30.239,29.599,29.759,1444400.0,
2020-09-04,29.259,29.729,29.179,29.559,1440000.0,
2020-09-07,29.669,30.009,29.389,29.469,1502000.0,
2020-09-08,29.709,29.739,29.159,29.609,1308600.0,
2020-09-09,29.279,29.629,28.829,29.379,1852500.0,
2020-09-10,29.559,29.609,28.719,28.769,1713400.0,
2020-09-11,28.489,29.059,28.459,28.849,1130700.0,
2020-09-14,28.869,29.359,28.689,29.079,959200.0,
2020-09-15,29.099,29.209,28.649,28.809,780100.0,
2020-09-16,28.749,28.999,28.669,28.729,622400.0,
2020-09-17,28.559,29.139,28.559,28.939,800500.0,
2020-09-18,29.119,29.549,28.869,29.419,1304800.0,
2020-09-21,30.259,30.259,29.429,29.659,1279300.0,
2020-09-22,29.379,29.599,29.109,29.129,845000.0,
2020-09-23,29.269,29.449,28.919,28.999,622500.0,
2020-09-24,28.849,28.999,28.559,28.659,729300.0,
2020-09-25,28.639,28.859,28.379,28.739,638200.0,
2020-09-28,28.759,28.959,27.559,27.669,1414800.0,
2020-09-29,27.969,28.139,27.609,27.709,740900.0,
2020-09-30,27.669,27.909,27.239,27.349,776600.0,
2020-10-09,27.709,28.239,27.709,27.999,866900.0,
2020-10-12,28.059,28.869,28.059,28.789,1192500.0,
2020-10-13,28.739,28.989,28.619,28.759,875500.0,
2020-10-14,28.749,28.889,28.379,28.509,726300.0,
2020-10-15,28.509,28.729,28.359,28.469,700600.0,
2020-10-16,28.279,28.569,27.879,28.089,837100.0,
2020-10-19,28.559,28.939,28.039,28.339,1212200.0,
2020-10-20,28.259,28.259,27.849,28.159,820200.0,
2020-10-21,28.059,28.239,27.659,27.889,724300.0,
2020-10-22,27.889,27.989,27.559,27.769,711700.0,
2020-10-23,27.769,28.199,27.769,27.829,608800.0,
2020-10-26,27.849,27.849,27.369,27.459,871200.0,
2020-10-27,27.409,27.599,27.329,27.519,528000.0,
2020-10-28,27.619,27.619,26.969,27.569,868300.0,
2020-10-29,27.379,27.549,27.169,27.459,574600.0,
2020-10-30,28.259,28.379,27.009,27.369,1107200.0,
2020-11-02,26.959,27.269,25.759,25.899,2045600.0,
2020-11-03,26.139,26.439,25.909,26.219,944300.0,
2020-11-04,26.149,26.429,25.809,25.969,1088800.0,
2020-11-05,26.159,27.139,25.869,27.029,1969200.0,
2020-11-06,27.089,27.509,26.959,27.139,1223300.0,
2020-11-09,27.259,27.989,27.259,27.529,1755300.0,
2020-11-10,27.839,27.839,26.959,27.059,1202200.0,
2020-11-11,27.009,27.059,26.539,26.609,834400.0,
2020-11-12,26.759,26.869,26.299,26.399,856600.0,
2020-11-13,26.359,26.359,26.059,26.279,813200.0,
2020-11-16,26.279,26.619,26.229,26.459,578700.0,
2020-11-17,26.539,26.699,26.409,26.679,721300.0,
2020-11-18,26.559,26.919,26.519,26.679,755100.0,
2020-11-19,26.609,26.739,26.379,26.679,607700.0,
2020-11-20,26.679,26.909,26.659,26.879,764100.0,
2020-11-23,26.889,27.179,26.759,26.989,1102100.0,
2020-11-24,27.009,27.439,26.889,27.399,1120000.0,
2020-11-25,27.399,27.909,27.109,27.369,1453200.0,
2020-11-26,27.329,27.999,27.269,27.809,1606700.0,
2020-11-27,27.969,27.969,27.079,27.499,1036100.0,
2020-11-30,27.859,27.909,27.019,27.019,1388800.0,
2020-12-01,27.019,27.339,26.939,27.159,924600.0,
2020-12-02,27.159,27.869,26.859,27.519,2106500.0,
2020-12-03,27.559,27.559,27.059,27.109,1137700.0,
2020-12-04,27.099,27.219,26.869,26.959,759100.0,
2020-12-07,26.949,27.059,26.589,26.639,837000.0,
2020-12-08,26.659,26.809,26.549,26.689,619900.0,
2020-12-09,26.689,26.699,26.079,26.109,1220200.0,
2020-12-10,25.939,26.489,25.939,26.469,724500.0,
2020-12-11,26.439,27.019,26.129,26.649,1340400.0,
2020-12-14,26.709,26.889,26.379,26.559,670600.0,
2020-12-15,26.479,26.729,26.189,26.529,660400.0,
2020-12-16,26.539,26.709,25.979,26.079,561500.0,
2020-12-17,25.959,26.279,25.609,26.239,885200.0,
2020-12-18,26.259,26.259,25.769,25.839,680400.0,
2020-12-21,26.109,26.239,25.769,26.189,794100.0,
2020-12-22,26.059,26.169,25.609,25.699,982700.0,
2020-12-23,25.759,25.759,25.259,25.289,898400.0,
2020-12-24,25.259,25.319,24.759,24.779,1086400.0,
2020-12-25,24.779,25.149,24.469,24.959,684800.0,
2020-12-28,25.259,25.259,24.309,24.329,769400.0,
2020-12-29,24.409,25.819,24.369,25.619,1803900.0,
2020-12-30,25.609,25.619,25.159,25.239,819700.0,
2020-12-31,25.079,25.629,25.079,25.299,812600.0,
2021-01-04,25.309,25.659,25.139,25.579,1178800.0,
2021-01-05,25.449,25.449,25.059,25.169,1144800.0,
2021-01-06,25.189,25.209,24.559,24.669,1087000.0,
2021-01-07,24.659,24.659,24.309,24.349,1013500.0,
2021-01-08,24.359,24.959,24.329,24.719,955200.0,
2021-01-11,24.729,25.009,24.419,24.479,964800.0,
2021-01-12,24.479,25.059,24.429,24.629,817900.0,
2021-01-13,24.519,24.759,23.789,24.009,1497500.0,
2021-01-14,24.369,25.189,24.009,24.709,1508000.0,
2021-01-15,24.709,24.989,24.469,24.609,929200.0,
2021-01-18,24.609,24.959,24.259,24.669,882100.0,
2021-01-19,24.659,25.059,24.469,24.919,1149900.0,
2021-01-20,25.019,25.019,24.569,24.759,787800.0,
2021-01-21,24.759,24.789,24.469,24.619,765600.0,
2021-01-22,24.499,24.619,23.879,23.919,1425400.0,
2021-01-25,23.839,23.839,22.959,23.069,1664600.0,
2021-01-26,23.349,23.359,23.069,23.149,936600.0,
2021-01-27,23.159,23.639,23.069,23.229,763700.0,
2021-01-28,23.159,23.379,22.759,22.929,980200.0,
2021-01-29,22.779,23.019,21.509,21.879,1551000.0,
2021-02-01,21.739,22.229,21.479,21.809,1031000.0,
2021-02-02,21.909,21.959,21.019,21.119,1550000.0,
2021-02-03,21.019,21.229,20.259,20.629,1838300.0,
2021-02-04,20.629,20.639,19.919,20.279,1348100.0,
2021-02-05,20.519,21.119,19.979,19.979,1141100.0,
2021-02-08,19.979,20.409,19.859,19.889,886400.0,
2021-02-09,19.919,20.329,19.629,20.129,907000.0,
2021-02-10,20.129,20.289,19.919,20.279,1008900.0,
2021-02-18,20.459,20.949,20.329,20.829,1137700.0,
2021-02-19,20.909,21.539,20.659,21.469,1420000.0,
2021-02-22,21.509,22.159,21.509,21.649,1484400.0,
2021-02-23,21.549,21.799,21.189,21.379,770100.0,
2021-02-24,21.379,21.739,21.249,21.509,1001100.0,
2021-02-25,21.799,21.799,21.179,21.279,762100.0,
2021-02-26,21.039,23.559,21.019,22.969,3411700.0,
2021-03-01,23.259,23.269,22.729,22.909,1689900.0,
2021-03-02,23.059,23.059,22.339,22.499,1184500.0,
2021-03-03,22.449,22.749,22.129,22.609,1005000.0,
2021-03-04,22.659,22.679,22.059,22.139,989300.0,
2021-03-05,21.969,22.739,21.959,22.569,1252100.0,
2021-03-08,22.469,22.909,22.309,22.379,1026400.0,
2021-03-09,22.379,22.959,21.939,22.519,1543900.0,
2021-03-10,22.529,22.739,21.989,22.149,838100.0,
2021-03-11,21.989,22.219,21.869,22.149,764300.0,
2021-03-12,22.149,22.199,21.439,21.459,1056900.0,
2021-03-15,21.459,21.619,21.159,21.239,583800.0,
2021-03-16,21.179,21.809,21.179,21.599,610800.0,
2021-03-17,21.359,21.739,21.289,21.449,528400.0,
2021-03-18,21.529,21.559,21.339,21.379,455600.0,
2021-03-19,21.259,21.499,21.189,21.409,580100.0,
2021-03-22,21.409,21.919,21.299,21.709,748100.0,
2021-03-23,22.409,22.459,21.759,22.019,1238100.0,
2021-03-24,21.679,22.059,21.679,21.909,876000.0,
2021-03-25,21.769,23.819,21.659,22.729,2014300.0,
2021-03-26,22.699,22.699,22.059,22.409,1334300.0,
2021-03-29,22.049,22.269,21.909,22.129,1105900.0,
2021-03-30,22.059,22.069,21.499,21.549,925400.0,
2021-03-31,21.509,21.829,21.439,21.729,607600.0,
2021-04-01,21.699,21.809,21.509,21.649,554100.0,
2021-04-02,21.649,21.819,21.539,21.699,559200.0,
2021-04-06,21.699,22.069,21.699,21.959,680200.0,
2021-04-07,21.989,22.449,21.889,22.429,1353000.0,
2021-04-08,22.479,22.659,22.159,22.169,1186300.0,
2021-04-09,22.179,22.309,21.959,22.119,680800.0,
2021-04-12,21.859,22.639,21.859,22.459,1138700.0,
2021-04-13,22.389,22.739,22.059,22.159,868500.0,
2021-04-14,22.009,22.459,21.939,22.259,566900.0,
2021-04-15,22.259,22.589,22.109,22.579,919900.0,
2021-04-16,22.569,22.959,22.379,22.819,1101300.0,
2021-04-19,22.909,22.989,22.589,22.789,988800.0,
2021-04-20,22.719,22.909,22.429,22.589,837000.0,
2021-04-21,22.519,22.589,22.269,22.379,686800.0,
2021-04-22,22.379,22.709,22.289,22.699,785800.0,
2021-04-23,22.649,22.649,22.069,22.149,850000.0,
2021-04-26,22.159,22.539,21.879,21.889,750600.0,
2021-04-27,21.859,22.229,21.239,21.239,1057700.0,
2021-04-28,21.189,21.359,20.769,21.259,657600.0,
2021-04-29,21.409,21.759,21.099,21.559,656400.0,
2021-04-30,21.659,21.839,20.819,21.119,1020700.0,
2021-05-06,21.039,21.609,21.009,21.349,639900.0,
2021-05-07,21.349,22.069,21.299,21.899,1158800.0,
2021-05-10,21.879,21.879,21.499,21.589,678500.0,
2021-05-11,21.449,21.809,21.409,21.459,615700.0,
2021-05-12,21.559,21.819,21.199,21.749,770100.0,
2021-05-13,21.709,22.139,21.459,21.949,903600.0,
2021-05-14,21.789,22.119,21.769,22.069,668100.0,
2021-05-17,22.139,22.509,21.959,22.129,1133700.0,
2021-05-18,22.189,22.609,22.139,22.279,895500.0,
2021-05-19,22.349,22.499,21.989,22.009,582100.0,
2021-05-20,22.019,22.439,21.959,22.209,692000.0,
2021-05-21,22.209,22.449,22.129,22.259,663200.0,
2021-05-24,22.339,22.749,22.179,22.539,1014700.0,
2021-05-25,22.539,22.749,22.419,22.549,638000.0,
2021-05-26,22.549,22.719,22.309,22.349,958800.0,
2021-05-27,22.359,22.599,22.319,22.339,772900.0,
2021-05-28,22.479,22.529,22.139,22.329,736500.0,
2021-05-31,22.339,23.159,22.289,23.049,2175000.0,
2021-06-01,23.239,23.559,22.889,23.099,1596100.0,
2021-06-02,22.959,23.109,22.479,22.529,1035700.0,
2021-06-03,22.739,23.489,22.559,23.229,1827800.0,
2021-06-04,23.059,23.429,22.829,22.959,1252900.0,
2021-06-07,22.949,23.149,22.859,22.879,901000.0,
2021-06-08,22.879,23.009,22.609,22.719,910000.0,
2021-06-09,22.709,23.009,22.419,22.509,1177600.0,
2021-06-10,22.699,23.219,22.389,23.139,1730300.0,
2021-06-11,23.309,23.339,21.859,22.489,2976200.0,
2021-06-15,22.079,22.299,21.569,21.829,1778500.0,
2021-06-16,21.929,22.139,21.659,21.809,1055100.0,
2021-06-17,21.809,22.339,21.679,22.249,1416800.0,
2021-06-18,22.229,24.209,22.079,23.989,5172500.0,
2021-06-21,24.149,24.159,23.319,23.419,3068400.0,
2021-06-22,23.469,23.569,23.089,23.139,1874200.0,
2021-06-23,23.069,23.509,22.959,23.339,1711200.0,
2021-06-24,23.459,23.469,22.839,22.939,1519100.0,
2021-06-25,23.009,23.109,22.759,22.909,1330800.0,
2021-06-28,22.969,22.999,22.359,22.459,1796500.0,
2021-06-29,22.449,22.589,22.279,22.369,979800.0,
2021-06-30,22.369,22.749,22.309,22.619,979200.0,
2021-07-01,22.679,22.679,22.079,22.179,1059100.0,
2021-07-02,22.199,22.339,21.769,21.929,939000.0,
2021-07-05,21.969,22.219,21.929,22.059,668400.0,
2021-07-06,22.059,22.309,21.879,22.129,694100.0,
2021-07-07,22.039,22.219,21.879,22.109,608400.0,
2021-07-08,21.979,22.169,21.569,21.669,1187700.0,
2021-07-09,21.469,21.859,21.359,21.569,691800.0,
2021-07-12,21.789,22.329,21.659,22.259,1533700.0,
2021-07-13,22.289,22.349,22.079,22.169,801900.0,
2021-07-14,22.079,22.249,21.959,21.999,830600.0,
2021-07-15,21.969,22.139,21.709,21.709,764100.0,
2021-07-16,21.709,22.319,21.619,22.319,1244600.0,
2021-07-19,22.159,22.179,21.709,22.079,1088000.0,
2021-07-20,22.079,22.229,21.819,22.049,759400.0,
2021-07-21,22.159,22.709,22.009,22.569,2091200.0,
2021-07-22,22.719,22.969,22.529,22.669,1804000.0,
2021-07-23,22.929,23.039,22.479,22.609,1530600.0,
2021-07-26,22.819,22.929,22.369,22.529,1913000.0,
2021-07-27,22.519,23.379,22.389,22.919,2854600.0,
2021-07-28,23.059,23.919,22.479,23.579,4476500.0,
2021-07-29,23.759,23.759,23.209,23.569,3671300.0,
2021-07-30,23.459,24.089,23.199,24.009,3553900.0,
2021-08-02,24.059,25.709,23.869,25.389,5671800.0,
2021-08-03,25.079,25.529,24.839,25.109,3565400.0,
2021-08-04,25.089,25.419,24.859,25.069,2817500.0,
2021-08-05,25.069,25.129,24.399,24.439,3279300.0,
2021-08-06,24.699,24.739,24.339,24.619,1877400.0,
2021-08-09,24.639,25.349,24.639,25.269,2417300.0,
2021-08-10,25.429,25.439,24.609,24.989,2121200.0,
2021-08-11,25.059,25.059,24.119,24.319,2991800.0,
2021-08-12,24.469,25.029,24.329,24.679,2088800.0,
2021-08-13,24.615,24.675,24.145,24.455,1630000.0,
2021-08-16,24.245,24.825,24.185,24.475,1465000.0,
2021-08-17,24.465,24.815,23.665,23.735,2020700.0,
2021-08-18,23.845,24.055,23.475,23.805,1144300.0,
2021-08-19,23.805,24.245,23.765,24.045,1179800.0,
2021-08-20,23.955,24.465,23.635,24.365,1659000.0,
2021-08-23,24.475,24.725,24.135,24.255,1566100.0,
2021-08-24,24.195,24.335,23.795,23.975,1544600.0,
2021-08-25,23.945,24.085,23.465,23.755,1679900.0,
2021-08-26,23.765,23.985,23.475,23.555,1062500.0,
2021-08-27,23.495,24.025,23.275,23.725,1598600.0,
2021-08-30,24.295,24.735,23.835,23.965,2739800.0,
2021-08-31,24.105,24.245,23.445,24.165,2160000.0,
2021-09-01,24.325,24.675,23.795,24.645,2990600.0,
2021-09-02,24.805,25.885,24.645,25.625,5959800.0,
2021-09-03,25.945,25.945,25.325,25.475,3000600.0,
2021-09-06,25.755,28.175,25.185,28.175,9194100.0,
2021-09-07,28.175,29.365,27.475,28.725,10491800.0,
2021-09-08,28.765,30.555,28.205,30.135,9705500.0,
2021-09-09,30.265,33.305,30.265,32.815,15183000.0,
2021-09-10,32.475,33.455,30.975,31.055,9616300.0,
2021-09-13,31.155,32.045,30.875,31.335,6418000.0,
2021-09-14,31.315,31.645,29.475,29.825,8388700.0,
2021-09-15,29.605,30.535,29.065,29.395,5367900.0,
2021-09-16,29.485,30.065,28.535,29.105,3700300.0,
2021-09-17,29.335,29.335,27.845,28.435,4533300.0,
2021-09-22,28.035,28.645,27.735,28.365,3179900.0,
2021-09-23,28.375,29.195,27.955,28.345,5503600.0,
2021-09-24,28.135,28.715,27.905,28.185,3364200.0,
2021-09-27,28.445,28.935,26.805,26.935,3907800.0,
2021-09-28,27.155,27.615,26.655,27.325,2760100.0,
2021-09-29,27.245,27.245,26.335,26.575,2599700.0,
2021-09-30,26.645,26.765,26.135,26.335,2652100.0,
2021-10-08,26.675,27.395,26.575,26.865,2416400.0,
2021-10-11,27.075,29.705,27.015,29.705,8279600.0,
2021-10-12,29.885,32.825,29.885,32.825,19605600.0,
2021-10-13,33.105,34.475,32.185,33.455,14043100.0,
2021-10-14,32.055,34.475,31.835,34.035,11038000.0,
2021-10-15,33.735,35.125,32.945,33.855,9033600.0,
2021-10-18,33.435,34.255,32.855,33.245,8130700.0,
2021-10-19,33.235,33.365,31.885,32.275,6988300.0,
2021-10-20,31.605,33.145,31.205,31.425,6993700.0,
2021-10-21,31.375,31.375,30.155,30.575,5513900.0,
2021-10-22,30.275,30.895,29.775,29.905,5067400.0,
2021-10-25,30.225,30.355,29.365,29.475,4680800.0,
2021-10-26,29.475,30.585,29.175,29.365,9205500.0,
2021-10-27,29.565,30.355,28.625,29.195,6181900.0,
2021-10-28,29.505,32.265,28.655,32.265,8659800.0,
2021-10-29,33.155,33.475,28.885,29.375,16875600.0,
2021-11-01,28.955,28.965,26.295,28.075,10269900.0,
2021-11-02,27.625,29.975,27.495,28.735,9441800.0,
2021-11-03,28.855,29.695,28.385,28.975,6410800.0,
2021-11-04,29.045,31.285,28.505,31.055,8652900.0,
2021-11-05,31.055,31.055,29.085,29.485,8780300.0,
2021-11-08,28.915,29.405,28.365,28.915,4002300.0,
2021-11-09,28.485,29.615,28.475,28.955,3102800.0,
2021-11-10,28.925,29.965,28.515,29.805,5240800.0,
2021-11-11,29.475,32.035,29.345,30.905,9814500.0,
2021-11-12,30.685,31.735,30.575,31.225,5985700.0,
2021-11-15,31.245,31.575,30.495,31.025,5080300.0,
2021-11-16,30.945,32.265,30.855,32.075,7188900.0,
2021-11-17,32.355,32.375,30.835,31.695,6775600.0,
2021-11-18,32.205,32.205,30.495,30.765,5507200.0,
2021-11-19,30.145,30.705,29.965,30.275,3923000.0,
2021-11-22,30.425,31.315,29.575,31.055,4797900.0,
2021-11-23,31.185,31.915,30.805,31.715,5603000.0,
2021-11-24,31.475,33.405,30.975,32.355,8551200.0,
2021-11-25,32.275,32.685,31.435,31.495,5071400.0,
2021-11-26,31.445,32.275,30.835,32.025,4798800.0,
2021-11-29,31.135,31.915,30.975,31.315,3577000.0,
2021-11-30,31.475,31.625,30.605,31.195,3498200.0,
2021-12-01,30.875,32.105,30.595,31.835,4716100.0,
2021-12-02,31.695,31.955,30.045,30.095,5122800.0,
2021-12-03,30.075,30.755,29.685,30.275,3240300.0,
2021-12-06,30.875,32.685,30.175,30.515,5907100.0,
2021-12-07,30.135,30.275,27.975,28.125,6278700.0,
2021-12-08,28.155,28.875,28.125,28.775,2453600.0,
2021-12-09,28.755,29.215,28.575,29.025,2150400.0,
2021-12-10,28.595,28.915,28.285,28.475,3813200.0,
2021-12-13,28.415,28.875,28.075,28.555,2426400.0,
2021-12-14,28.385,29.395,28.385,28.775,3393400.0,
2021-12-15,28.775,29.445,28.675,29.155,3531100.0,
2021-12-16,29.165,32.225,29.165,32.225,7920900.0,
2021-12-17,33.175,34.345,31.495,33.955,15395800.0,
2021-12-20,33.755,35.975,31.855,32.225,12587300.0,
2021-12-21,33.335,33.515,32.365,33.185,7477200.0,
2021-12-22,33.455,35.405,33.235,34.835,9262600.0,
2021-12-23,34.905,35.425,34.275,35.225,6360400.0,
2021-12-24,34.975,35.365,32.955,33.345,7301500.0,
2021-12-27,33.665,33.675,32.335,32.875,4117800.0,
2021-12-28,33.375,33.925,32.775,33.085,5852500.0,
2021-12-29,33.145,33.145,31.925,32.655,5332900.0,
2021-12-30,33.225,33.695,32.245,33.365,4994200.0,
2021-12-31,33.415,33.855,31.075,31.215,9254200.0,
2022-01-04,30.98,31.34,30.38,30.5,5475500.0,176275761.0
2022-01-05,30.83,30.95,30.26,30.58,4357300.0,139871312.0
2022-01-06,30.2,30.47,29.73,29.99,5429500.0,171460568.0
2022-01-07,30.01,30.68,29.87,29.99,3707600.0,117410155.0
2022-01-10,29.94,30.6,29.18,30.52,3842700.0,121590264.0
2022-01-11,30.52,30.96,29.7,29.87,3347000.0,106045309.0
2022-01-12,30.04,30.56,29.71,30.52,3020400.0,95919727.0
2022-01-13,30.95,31.46,30.19,30.19,4334000.0,139382422.0
2022-01-14,29.81,30.58,29.68,30.1,2630700.0,83432427.0
2022-01-17,29.85,33.08,29.85,32.31,7893000.0,262315820.0
2022-01-18,32.3,32.68,31.29,31.49,5048400.0,168662480.0
2022-01-19,31.2,31.88,30.59,30.8,3876000.0,126732403.0
2022-01-20,30.8,30.97,30.08,30.25,2995500.0,95489964.0
2022-01-21,30.27,30.62,28.77,29.13,4120100.0,127502838.0
2022-01-24,29.3,30.05,28.84,29.62,2400000.0,74810990.0
2022-01-25,29.83,29.88,28.03,28.07,3052300.0,92524825.0
2022-01-26,28.13,28.86,27.59,27.74,2288600.0,67521398.0
2022-01-27,27.61,27.69,26.36,26.43,3198300.0,90838806.0
2022-01-28,26.78,27.58,26.08,26.86,3145000.0,89259291.0
2022-02-07,27.48,27.61,26.77,27.04,2151300.0,61737233.0
2022-02-08,27.06,27.83,26.66,27.52,3004200.0,86922717.0
2022-02-09,27.48,28.03,27.31,27.89,2637900.0,77409209.0
2022-02-10,28.07,28.28,27.44,27.72,2114700.0,61834203.0
2022-02-11,27.57,27.67,26.46,26.63,2892500.0,82363123.0
2022-02-14,26.72,27.18,26.3,26.39,2683200.0,75524992.0
2022-02-15,26.52,26.88,26.38,26.66,1973900.0,55671911.0
2022-02-16,26.86,27.58,26.73,27.31,2519600.0,72483212.0
2022-02-17,27.39,27.39,26.55,26.7,2469400.0,69867928.0
2022-02-18,27.28,28.63,27.15,28.45,5498800.0,161688783.0
2022-02-21,29.29,30.34,28.99,29.57,8386100.0,260585918.0
2022-02-22,29.18,29.88,28.83,29.44,5603000.0,173688949.0
2022-02-23,29.43,30.11,29.16,29.97,4681300.0,145875352.0
2022-02-24,29.94,30.04,28.53,28.95,5131800.0,157757172.0
2022-02-25,29.18,29.95,29.18,29.39,3504100.0,108890132.0
2022-02-28,29.49,30.48,29.36,30.43,4777000.0,150651227.0
2022-03-01,30.38,31.2,30.03,30.76,4650300.0,150108951.0
2022-03-02,30.63,30.63,29.88,30.06,3064100.0,96908390.0
2022-03-03,30.12,30.18,29.38,29.55,2432800.0,75953089.0
2022-03-04,29.03,29.72,29.0,29.29,2017600.0,62215061.0
2022-03-07,29.26,29.26,28.5,28.64,2110100.0,63823954.0
2022-03-08,28.95,29.13,27.7,28.07,3070000.0,92107695.0
2022-03-09,28.36,28.95,26.59,27.83,3618700.0,106622929.0
2022-03-10,29.48,29.48,27.78,27.91,3359800.0,100768966.0
2022-03-11,27.91,28.35,27.06,28.18,3117500.0,91086088.0
2022-03-14,27.98,28.91,27.49,27.75,3838200.0,114431596.0
2022-03-15,27.42,27.63,25.67,25.67,4220800.0,119069504.0
2022-03-16,25.98,26.48,24.7,26.31,3427400.0,93402111.0
2022-03-17,26.46,27.42,26.44,26.98,3513000.0,100220750.0
2022-03-18,26.8,27.18,26.75,26.88,1824600.0,52024057.0
2022-03-21,26.89,27.76,26.2,26.53,2321100.0,65547480.0
2022-03-22,26.5,26.88,25.76,26.38,2605200.0,72287687.0
2022-03-23,26.61,27.56,25.99,27.29,3694100.0,105143499.0
2022-03-24,27.13,27.13,25.93,26.01,3946600.0,109928744.0
2022-03-25,25.9,26.16,25.34,25.35,2688800.0,73291005.0
2022-03-28,25.2,25.62,24.48,25.44,2358400.0,62903058.0
2022-03-29,25.67,25.79,24.94,25.14,1649800.0,44101437.0
2022-03-30,25.35,25.53,25.19,25.43,1380900.0,37131239.0
2022-03-31,25.58,25.61,25.16,25.29,1434100.0,38471036.0
2022-04-01,25.18,25.68,24.85,25.35,1602700.0,43067081.0
2022-04-06,25.35,25.53,25.02,25.46,1663300.0,44622577.0
2022-04-07,25.32,25.56,24.69,24.69,1867300.0,49685932.0
2022-04-08,25.48,25.51,23.78,23.97,2991200.0,77216910.0
2022-04-11,23.88,23.88,22.68,22.92,2872400.0,71099372.0
2022-04-12,23.04,23.46,22.69,23.4,1823800.0,44940284.0
2022-04-13,23.4,23.48,22.91,23.08,1512300.0,37346435.0
2022-04-14,23.57,23.68,22.97,23.11,1154500.0,28457572.0
2022-04-15,23.12,23.33,22.78,22.95,1135900.0,27902907.0
2022-04-18,22.83,23.47,22.83,23.18,1264900.0,31147559.0
2022-04-19,23.28,24.65,23.08,23.72,3256700.0,82540050.0
2022-04-20,23.51,23.98,22.93,23.04,2545900.0,63168315.0
2022-04-21,22.92,23.39,22.61,22.63,2354000.0,57802467.0
2022-04-22,22.48,22.79,21.4,21.94,2537000.0,59301416.0
2022-04-25,21.98,21.98,20.25,20.25,2320900.0,52488551.0
2022-04-26,20.78,20.78,20.19,20.28,1993100.0,43717858.0
2022-04-27,20.08,20.83,19.36,20.56,2068000.0,44659616.0
2022-04-28,20.54,20.7,19.78,20.36,1514000.0,32905422.0
2022-04-29,20.48,21.28,20.39,21.13,1960900.0,43862816.0
2022-05-05,21.63,23.4,21.63,23.4,2921900.0,71327821.0
2022-05-06,22.8,24.83,22.58,24.08,6877200.0,175951870.0
2022-05-09,24.08,24.73,23.66,24.0,3680100.0,94272639.0
2022-05-10,24.0,24.72,23.53,24.49,3236100.0,83209186.0
2022-05-11,24.71,25.3,24.36,24.58,3434100.0,90463250.0
2022-05-12,24.41,24.82,23.99,24.3,2589200.0,66936734.0
2022-05-13,24.73,24.79,24.26,24.78,2217100.0,57943422.0
2022-05-16,24.79,25.16,24.54,24.67,2050400.0,53900269.0
2022-05-17,24.75,24.96,24.39,24.86,1916900.0,50348425.0
2022-05-18,24.86,25.05,24.61,24.68,1386500.0,36460974.0
2022-05-19,24.39,25.65,24.28,25.19,2763100.0,73446499.0
2022-05-20,25.36,25.43,24.91,25.19,1955500.0,52096835.0
2022-05-23,25.21,27.24,25.21,26.76,4288700.0,119293605.0
2022-05-24,26.49,26.91,25.08,25.11,3299400.0,90663701.0
2022-05-25,24.99,25.4,24.98,25.38,1614200.0,43207540.0
2022-05-26,25.37,26.18,24.9,25.67,1961900.0,53007241.0
2022-05-27,25.67,26.06,25.29,25.48,1549800.0,42190946.0
2022-05-30,25.45,25.81,25.16,25.54,1228600.0,33144764.0
2022-05-31,25.54,26.13,25.28,26.0,1694900.0,46352784.0
2022-06-01,25.96,26.42,25.83,26.34,1860000.0,51595241.0
2022-06-02,26.31,26.94,26.04,26.78,1872900.0,52610388.0
2022-06-06,26.84,27.74,26.64,27.4,2591200.0,74766754.0
2022-06-07,27.81,27.81,27.34,27.52,2299100.0,67024621.0
2022-06-08,27.43,27.72,26.98,27.42,2187800.0,63095955.0
2022-06-09,27.33,27.57,27.03,27.21,1593300.0,45937715.0
2022-06-10,26.9,27.25,26.78,27.08,1574400.0,45001876.0
2022-06-13,26.62,27.38,26.62,27.19,2069700.0,59141488.0
2022-06-14,26.96,27.2,26.21,26.94,1767700.0,49796106.0
2022-06-15,26.95,27.86,26.78,27.26,2078900.0,60441542.0
2022-06-16,27.02,27.63,27.02,27.3,1850000.0,53484931.0
2022-06-17,27.07,28.12,26.69,28.01,2475800.0,72705746.0
2022-06-20,28.83,28.96,28.16,28.31,2505900.0,75116021.0
2022-06-21,28.63,29.09,27.86,28.21,2213700.0,66382939.0
2022-06-22,28.36,28.99,27.86,28.85,3270100.0,98389343.0
2022-06-23,28.64,28.84,27.56,28.12,2960000.0,87232536.0
2022-06-24,28.12,28.74,27.84,28.56,2226000.0,66519841.0
2022-06-27,28.47,28.91,27.56,27.85,2875400.0,84859630.0
2022-06-28,28.0,28.33,27.73,28.33,1815000.0,53866585.0
2022-06-29,28.23,29.05,28.18,28.19,2634400.0,79191696.0
2022-06-30,28.63,30.14,28.63,29.4,3392000.0,105024032.0
2022-07-01,29.4,29.4,28.03,28.24,2553800.0,76896948.0
2022-07-04,28.16,28.46,27.42,28.29,1888500.0,55770650.0
2022-07-05,28.27,28.85,27.68,28.07,1665800.0,49580465.0
2022-07-06,28.01,28.66,27.98,28.37,1720400.0,51430682.0
2022-07-07,28.39,31.36,28.38,30.56,8600100.0,275617296.0
2022-07-08,30.8,31.28,29.98,31.2,8004900.0,258789062.0
2022-07-11,31.2,31.23,29.88,30.36,4363100.0,139176459.0
2022-07-12,30.62,30.81,29.56,29.94,3444800.0,108937231.0
2022-07-13,29.83,30.98,29.83,30.68,2556200.0,82144828.0
2022-07-14,30.71,32.06,30.5,31.56,3232900.0,106157023.0
2022-07-15,31.33,31.56,29.87,29.98,5027700.0,161075660.0
2022-07-18,30.19,31.12,29.88,30.82,3002400.0,96397555.0
2022-07-19,30.77,31.04,30.25,30.41,2250300.0,72127708.0
2022-07-20,30.41,30.58,29.9,30.28,1962900.0,62202896.0
2022-07-21,30.14,30.45,29.81,29.86,1735100.0,54811892.0
2022-07-22,29.84,30.08,29.33,29.45,2567100.0,79773205.0
2022-07-25,29.64,30.23,29.19,29.43,3134700.0,97930808.0
2022-07-26,29.42,32.46,29.19,32.01,6598400.0,216045924.0
2022-07-27,32.01,32.48,31.68,32.18,4400900.0,147797636.0
2022-07-28,32.08,33.32,31.92,32.47,3851300.0,131652096.0
2022-07-29,32.58,32.86,31.49,31.53,3604300.0,120509927.0
2022-08-01,31.64,31.86,30.98,31.76,2851200.0,93928841.0
2022-08-02,31.38,32.46,30.48,31.68,4375500.0,145040662.0
2022-08-03,31.69,33.91,31.69,32.59,6186500.0,213460696.0
2022-08-04,32.64,33.28,32.06,32.77,3538800.0,120871336.0
2022-08-05,32.69,33.17,32.3,32.69,3299700.0,112870790.0
2022-08-08,32.83,33.09,32.06,32.4,2320800.0,78603712.0
2022-08-09,32.34,33.16,32.34,33.05,3126300.0,107422161.0
2022-08-10,32.78,32.98,32.14,32.21,2469600.0,83816735.0
2022-08-11,32.32,32.68,32.06,32.4,2069300.0,70205851.0
2022-08-12,32.39,33.48,31.89,33.0,4054100.0,138735043.0
2022-08-15,32.99,33.97,32.63,33.14,4529900.0,158514978.0
2022-08-16,33.19,33.48,32.51,32.57,1986800.0,68125486.0
2022-08-17,32.71,35.98,32.67,35.98,8603000.0,315726566.0
2022-08-18,37.19,39.73,36.38,39.7,16025600.0,648194006.0
2022-08-19,39.98,42.76,38.3,38.66,15039200.0,626017104.0
2022-08-22,39.26,39.26,37.26,37.42,8723100.0,340597240.0
2022-08-23,37.76,38.05,36.84,37.16,4166000.0,160315022.0
2022-08-24,36.98,37.35,34.98,35.19,6023200.0,222720143.0
2022-08-25,34.98,35.94,34.75,35.3,5085100.0,185346652.0
2022-08-26,35.78,38.42,35.56,37.29,9215700.0,356317439.0
2022-08-29,36.37,37.36,35.31,36.16,7632400.0,286178038.0
2022-08-30,36.17,39.9,35.6,39.9,13226400.0,527000249.0
2022-08-31,41.96,41.96,37.91,38.21,14210400.0,582591172.0
2022-09-01,38.85,42.16,38.3,42.16,10182200.0,427378362.0
2022-09-02,42.11,46.44,40.72,44.48,19059300.0,862039034.0
2022-09-05,43.76,45.71,42.27,45.11,13775100.0,628701512.0
2022-09-06,44.04,46.88,43.28,45.91,13658300.0,626942060.0
2022-09-07,45.07,46.36,44.47,44.66,9136600.0,423854046.0
2022-09-08,43.81,45.5,42.64,44.15,10443300.0,470508214.0
2022-09-09,44.26,44.36,42.15,43.33,6971400.0,308743468.0
2022-09-13,43.93,43.94,41.6,42.29,6591800.0,286365718.0
2022-09-14,41.56,42.22,40.89,41.91,5431000.0,231834683.0
2022-09-15,42.35,42.56,38.91,39.44,7434400.0,307820527.0
2022-09-16,39.79,41.13,38.94,39.56,5326500.0,220553690.0
2022-09-19,39.19,42.14,39.02,41.24,7717200.0,326463700.0
2022-09-20,42.06,42.67,40.94,41.08,6438400.0,276901668.0
2022-09-21,41.59,41.84,39.97,41.25,5802300.0,245865028.0
2022-09-22,41.22,43.01,40.96,42.75,6985300.0,304358391.0
2022-09-23,42.12,42.64,39.56,39.87,7794600.0,325611285.0
2022-09-26,39.8,43.98,39.44,43.98,9788300.0,426798386.0
2022-09-27,43.63,45.76,43.51,45.7,9657000.0,443876187.0
2022-09-28,45.24,45.7,42.81,44.23,7064100.0,319163401.0
2022-09-29,44.26,44.71,41.44,42.61,5873900.0,256819983.0
2022-09-30,42.96,44.76,40.86,40.87,5144400.0,224456201.0
2022-10-10,41.42,41.56,39.06,39.11,4954800.0,204071082.0
2022-10-11,39.64,40.36,38.77,40.18,4120100.0,169147749.0
2022-10-12,39.89,42.74,39.76,42.46,5452600.0,231290071.0
2022-10-13,41.89,43.42,41.49,42.48,5225200.0,228589726.0
2022-10-14,42.89,43.24,40.14,40.19,7116600.0,299987117.0
2022-10-17,39.59,40.88,39.53,40.51,4964100.0,205341897.0
2022-10-18,40.51,44.69,40.23,44.69,8247400.0,365573904.0
2022-10-19,44.96,45.7,43.51,43.61,8622000.0,393736544.0
2022-10-20,43.16,44.01,40.77,42.66,6895700.0,300941761.0
2022-10-21,42.71,45.75,42.44,44.72,7169900.0,329727456.0
2022-10-24,44.52,45.26,43.1,43.38,5400800.0,244483038.0
2022-10-25,43.28,44.61,42.77,43.42,4871000.0,219477157.0
2022-10-26,43.31,43.41,41.34,42.93,5193700.0,227619092.0
2022-10-27,43.05,43.37,39.59,39.82,7353500.0,309530573.0
2022-10-28,39.79,41.75,39.32,40.45,5712100.0,238087822.0
2022-10-31,40.76,43.81,40.76,42.15,8490100.0,372024571.0
2022-11-01,42.75,43.63,40.16,42.55,5704800.0,244398479.0
2022-11-02,42.19,42.86,40.55,41.01,6300400.0,268329391.0
2022-11-03,40.79,41.12,40.16,40.69,5210700.0,217432503.0
2022-11-04,40.98,41.29,40.21,40.95,5658200.0,237660547.0
2022-11-07,40.97,41.26,36.73,37.06,15091500.0,589531034.0
2022-11-08,36.77,37.44,36.37,37.14,7908200.0,302292687.0
2022-11-09,37.01,37.12,35.18,35.42,7654100.0,282627371.0
2022-11-10,35.2,35.36,33.56,33.74,9990700.0,355471707.0
2022-11-11,34.46,34.54,33.16,33.45,8285000.0,289191417.0
2022-11-14,33.56,34.18,33.2,34.15,8365200.0,293494740.0
2022-11-15,34.06,34.54,33.66,34.54,6065400.0,215038990.0
2022-11-16,34.55,35.09,34.24,34.43,5239600.0,187766759.0
2022-11-17,34.36,34.36,33.6,34.25,3309700.0,116692104.0
2022-11-18,34.33,34.61,33.81,33.96,3228900.0,114627611.0
2022-11-21,33.97,34.61,33.79,34.46,3604600.0,128206727.0
2022-11-22,34.26,34.6,34.01,34.15,3236500.0,114899786.0
2022-11-23,34.2,34.69,33.52,34.57,3965800.0,140523767.0
2022-11-24,34.66,35.88,34.54,35.27,5195000.0,190217349.0
2022-11-25,34.91,35.06,33.29,33.31,5514800.0,193800654.0
2022-11-28,32.91,33.87,32.78,33.8,3832200.0,133614254.0
2022-11-29,33.96,34.05,33.62,33.97,2585700.0,90775053.0
2022-11-30,33.95,33.97,33.24,33.35,4088200.0,142026024.0
2022-12-01,33.79,34.25,33.46,34.18,5922800.0,208550783.0
2022-12-02,34.18,34.55,33.98,34.07,2975600.0,105672791.0
2022-12-05,34.26,34.6,33.95,33.99,3640800.0,128848790.0
2022-12-06,34.15,34.24,33.31,33.77,3917100.0,137113862.0
2022-12-07,33.77,33.89,33.33,33.44,2556200.0,88780734.0
2022-12-08,33.36,33.63,33.19,33.3,2219500.0,76900165.0
2022-12-09,33.44,33.57,32.91,32.97,2914900.0,100321403.0
2022-12-12,32.86,33.41,32.76,33.12,2528800.0,86739867.0
2022-12-13,33.32,33.32,32.59,32.59,2044500.0,69678895.0
2022-12-14,32.82,33.31,32.59,32.78,2409100.0,82367996.0
2022-12-15,33.05,33.24,32.34,32.96,1818900.0,62125361.0
2022-12-16,32.75,32.99,31.96,32.08,2723800.0,91318765.0
2022-12-19,31.96,32.24,31.39,31.64,2019900.0,66763373.0
2022-12-20,31.46,32.16,31.46,31.68,2192900.0,72494281.0
2022-12-21,31.52,31.96,31.02,31.2,1797800.0,58570534.0
2022-12-22,31.2,31.37,30.26,30.34,2222700.0,71064984.0
2022-12-23,30.19,30.61,29.7,30.4,2079600.0,65517762.0
2022-12-26,30.36,30.95,30.02,30.94,1599600.0,51260137.0
2022-12-27,31.03,31.45,30.86,31.32,1592800.0,51624746.0
2022-12-28,31.15,31.58,30.91,31.18,1854500.0,60267762.0
2022-12-29,31.19,31.42,30.96,31.29,1413600.0,45890077.0
2022-12-30,31.49,31.83,31.05,31.39,1762400.0,57613352.0
2023-01-03,31.39,32.73,31.29,32.54,3931300.0,131217421.0
2023-01-04,32.72,33.19,32.26,32.91,3053500.0,103804020.0
2023-01-05,32.76,33.21,32.71,32.79,2254300.0,76945346.0
2023-01-06,32.94,33.38,32.69,33.01,2256100.0,77424887.0
2023-01-09,32.87,33.42,32.71,33.14,2605500.0,89441981.0
2023-01-10,33.14,33.48,32.84,32.99,1666300.0,57361791.0
2023-01-11,32.87,33.32,32.66,32.71,1779900.0,60926592.0
2023-01-12,32.85,33.28,32.66,33.14,1957800.0,67205666.0
2023-01-13,33.1,33.17,32.44,32.73,1807600.0,61378000.0
2023-01-16,32.56,33.12,32.45,32.82,2356700.0,80479826.0
2023-01-17,32.83,33.43,32.83,33.2,1821300.0,62785687.0
2023-01-18,33.08,33.82,32.92,33.56,1983400.0,68782235.0
2023-01-19,33.41,33.54,32.92,33.03,2897100.0,99455770.0
2023-01-20,32.94,33.91,32.93,33.88,3530800.0,123379684.0
2023-01-30,33.98,34.91,33.84,33.84,4323100.0,152989018.0
2023-01-31,33.77,34.74,33.76,34.22,3785100.0,134049257.0
2023-02-01,34.58,34.58,33.96,34.41,4207000.0,149475678.0
2023-02-02,34.61,34.91,34.3,34.48,3677000.0,131640850.0
2023-02-03,34.48,34.59,33.81,34.1,3007200.0,106263172.0
2023-02-06,34.11,34.41,33.58,33.76,3758500.0,132275860.0
2023-02-07,33.99,34.72,33.67,34.69,4428100.0,158129179.0
2023-02-08,34.84,34.95,33.56,33.63,3762800.0,132537964.0
2023-02-09,33.63,34.73,33.46,34.67,4229400.0,150793495.0
2023-02-10,34.86,35.32,34.56,34.98,3959800.0,143403553.0
2023-02-13,34.99,35.41,34.86,35.27,3732700.0,135985254.0
2023-02-14,35.29,36.26,35.24,35.97,4992700.0,185458576.0
2023-02-15,36.27,37.0,35.63,36.99,5427500.0,204047217.0
2023-02-16,37.11,37.12,35.14,35.46,7598000.0,282833222.0
2023-02-17,35.56,35.59,34.75,34.79,3712000.0,134657989.0
2023-02-20,34.77,35.23,34.06,35.23,4290500.0,153920354.0
2023-02-21,35.07,35.62,34.97,35.32,3184500.0,116344580.0
2023-02-22,35.2,35.2,34.48,34.8,2934800.0,105628397.0
2023-02-23,34.76,35.17,34.3,34.44,2335900.0,83849679.0
2023-02-24,34.54,35.16,34.45,34.94,2359800.0,85417836.0
2023-02-27,34.61,34.95,34.37,34.52,1919000.0,68776513.0
2023-02-28,34.76,35.92,34.76,35.64,3807000.0,139416966.0
2023-03-01,35.64,36.53,35.44,36.49,4612100.0,173074705.0
2023-03-02,36.94,37.22,36.56,37.04,5686900.0,217001166.0
2023-03-03,36.85,36.85,35.76,35.99,4006100.0,149736352.0
2023-03-06,35.77,36.76,35.66,36.34,3581400.0,134639781.0
2023-03-07,36.26,36.35,34.96,35.04,3621300.0,133063357.0
2023-03-08,35.1,35.94,34.96,35.72,2739400.0,101041219.0
2023-03-09,36.04,37.05,35.96,36.82,5315400.0,200825584.0
2023-03-10,36.48,36.58,35.97,35.97,2955400.0,110583678.0
2023-03-13,35.67,36.44,35.46,36.34,3240800.0,121062730.0
2023-03-14,36.34,36.51,35.32,35.87,2906200.0,107682779.0
2023-03-15,35.86,36.19,35.2,35.35,2651000.0,97510064.0
2023-03-16,35.16,35.51,34.67,34.71,2536200.0,92132316.0
2023-03-17,34.94,36.24,34.94,35.97,4060200.0,150539396.0
2023-03-20,35.97,36.95,35.97,36.5,4514600.0,171210995.0
2023-03-21,36.42,37.66,36.36,37.18,3947500.0,151643254.0
2023-03-22,37.15,39.55,36.73,39.09,6942200.0,275832319.0
2023-03-23,38.85,41.99,38.46,41.38,9127400.0,383193458.0
2023-03-24,41.38,41.7,39.42,39.94,6810600.0,281209523.0
2023-03-27,39.86,40.56,39.46,40.26,4583800.0,189355304.0
2023-03-28,39.84,39.96,38.26,38.39,5609400.0,225153876.0
2023-03-29,38.41,39.48,38.41,39.03,4189500.0,168492192.0
2023-03-30,38.92,40.7,38.64,39.76,6897900.0,282105559.0
2023-03-31,39.93,41.75,39.58,40.16,4803900.0,199039486.0
2023-04-03,39.77,39.77,37.81,38.98,9171600.0,365526836.0
2023-04-04,38.91,38.91,37.81,38.08,6865000.0,270503746.0
2023-04-06,38.13,40.26,37.82,39.86,8631500.0,350427022.0
2023-04-07,40.48,42.06,39.84,40.01,8553100.0,358846428.0
2023-04-10,39.98,41.06,39.14,39.96,7156800.0,297347040.0
2023-04-11,40.12,40.12,38.69,39.43,4900000.0,198509639.0
2023-04-12,39.26,39.7,38.71,39.51,5026800.0,203389823.0
2023-04-13,39.41,39.41,37.91,38.14,4715200.0,186808217.0
2023-04-14,38.45,38.81,37.74,38.25,3391900.0,133843927.0
2023-04-17,38.05,38.25,36.87,37.2,4323800.0,166202135.0
2023-04-18,37.14,38.53,36.67,37.91,4948100.0,192396688.0
2023-04-19,37.66,38.55,37.27,37.91,3651000.0,143232314.0
2023-04-20,37.74,40.39,37.56,40.16,7838200.0,321303302.0
2023-04-21,40.36,41.69,37.86,38.03,8571400.0,352491514.0
2023-04-24,38.01,39.63,37.26,37.83,5534900.0,219523710.0
2023-04-25,37.64,38.01,35.98,36.52,5812300.0,220970692.0
2023-04-26,36.25,37.09,35.34,35.55,4064900.0,151119487.0
2023-04-27,35.56,36.03,34.88,35.22,3689600.0,135140629.0
2023-04-28,34.99,36.04,34.99,35.71,2870200.0,105877068.0
2023-05-04,35.51,35.64,33.44,33.82,5967900.0,211552147.0
2023-05-05,33.75,33.75,32.54,32.78,4169500.0,142952574.0
2023-05-08,32.59,33.25,32.56,33.08,2922200.0,99979207.0
2023-05-09,32.98,33.39,32.48,32.52,2883600.0,98345038.0
2023-05-10,32.48,32.74,31.91,32.16,2755900.0,92270840.0
2023-05-11,32.21,32.49,31.82,31.87,2532400.0,84279994.0
2023-05-12,31.95,32.15,31.51,31.55,1697300.0,56042216.0
2023-05-15,31.52,31.98,31.14,31.98,1899200.0,62249449.0
2023-05-16,31.98,32.15,31.52,31.58,1820200.0,59929282.0
2023-05-17,31.75,31.81,31.32,31.62,1527100.0,50151254.0
2023-05-18,31.86,33.26,31.86,33.23,5668500.0,192885070.0
2023-05-19,33.06,33.08,32.35,32.83,3459400.0,117530265.0
2023-05-22,32.75,33.43,32.57,32.67,2705700.0,92446863.0
2023-05-23,32.4,33.01,32.32,32.59,1704600.0,57751631.0
2023-05-24,32.32,32.98,32.16,32.58,1999200.0,67741299.0
2023-05-25,32.4,33.05,32.33,32.98,2757800.0,93788824.0
2023-05-26,33.04,33.22,32.48,33.02,2590800.0,88454948.0
2023-05-29,33.05,34.04,33.05,33.5,3128700.0,108824622.0
2023-05-30,33.37,34.08,32.89,34.08,2757600.0,96125010.0
2023-05-31,34.26,34.55,33.65,33.93,2570100.0,90383008.0
2023-06-01,34.13,34.9,33.93,34.0,3396700.0,120589616.0
2023-06-02,34.11,34.84,33.9,33.92,2786500.0,99058769.0
2023-06-05,34.02,34.76,33.89,34.56,2968800.0,105973491.0
2023-06-06,34.64,34.73,33.42,33.46,2964200.0,104173563.0
2023-06-07,33.74,34.42,33.47,33.72,2567500.0,90171114.0
2023-06-08,33.21,33.37,31.71,32.26,4987200.0,166716631.0
2023-06-09,32.46,33.73,32.26,33.69,4127500.0,141537884.0
2023-06-12,33.69,33.93,33.27,33.7,2862100.0,99726936.0
2023-06-13,33.56,34.53,33.26,33.97,3102500.0,108853248.0
2023-06-14,34.11,34.81,33.55,34.54,3801500.0,135077942.0
2023-06-15,34.81,36.73,34.81,35.46,9045400.0,334790568.0
2023-06-16,34.77,36.56,34.34,36.45,7257400.0,268507831.0
2023-06-19,37.09,37.59,36.3,37.26,9434200.0,360458628.0
2023-06-20,36.76,36.88,35.91,36.35,5996700.0,225156525.0
2023-06-21,36.07,36.26,35.52,35.56,3945000.0,146188223.0
2023-06-26,35.91,36.66,35.27,35.47,5874800.0,218189980.0
2023-06-27,36.0,36.0,34.48,35.13,4301800.0,155753149.0
2023-06-28,35.01,35.11,33.96,34.59,3127300.0,111484295.0
2023-06-29,34.38,34.94,34.26,34.73,2309500.0,82972723.0
2023-06-30,34.72,36.11,34.56,35.77,3844300.0,141606692.0
2023-07-03,35.76,36.07,35.28,35.6,3126600.0,115300816.0
2023-07-04,36.26,37.55,35.57,35.6,6002600.0,225843140.0
2023-07-05,35.75,35.98,34.6,34.82,3833400.0,139848818.0
2023-07-06,34.83,35.69,34.55,34.81,3068500.0,111630346.0
2023-07-07,34.66,34.7,33.91,34.26,2690200.0,95616406.0
2023-07-10,34.41,34.64,34.18,34.54,1715400.0,61127000.0
2023-07-11,35.28,36.26,35.08,35.31,4018700.0,147538821.0
2023-07-12,35.01,35.33,33.78,33.78,3866000.0,138169041.0
2023-07-13,33.81,34.11,33.61,34.0,1857800.0,65297346.0
2023-07-14,34.01,36.98,34.01,35.81,7698200.0,283856448.0
2023-07-17,35.49,35.94,35.04,35.33,3397800.0,124504153.0
2023-07-18,35.16,35.32,34.07,34.12,3719100.0,133001265.0
2023-07-19,34.25,34.36,33.77,34.02,1950200.0,68708125.0
2023-07-20,34.16,34.18,33.06,33.14,2567300.0,89038369.0
2023-07-21,33.21,33.26,32.76,32.97,1448000.0,49540717.0
2023-07-24,32.96,33.64,32.66,33.28,1321300.0,45655793.0
2023-07-25,33.44,34.1,33.36,33.83,1867800.0,65474418.0
2023-07-26,33.76,34.01,33.58,33.67,1450000.0,50765544.0
2023-07-27,33.71,33.9,33.44,33.51,1360100.0,47453015.0
2023-07-28,33.4,33.96,32.98,33.89,1967700.0,68441056.0
2023-07-31,33.96,34.04,33.62,33.75,1935000.0,67822780.0
2023-08-01,33.75,33.89,33.36,33.58,1438600.0,49940365.0
2023-08-02,33.37,33.8,33.37,33.58,1122100.0,39074885.0
2023-08-03,33.56,33.71,33.29,33.31,1197900.0,41527223.0
2023-08-04,33.35,33.86,33.27,33.85,1791700.0,62536405.0
2023-08-07,33.82,34.03,33.46,33.5,1507600.0,52605848.0
2023-08-08,33.29,33.66,32.78,32.78,1739800.0,59824296.0
2023-08-09,32.79,32.88,31.78,31.86,2394400.0,80168675.0
2023-08-10,31.95,32.08,31.77,31.82,1145700.0,37998416.0
2023-08-11,31.99,31.99,31.3,31.43,1482100.0,48640947.0
2023-08-14,31.37,31.82,31.09,31.8,929200.0,30432984.0
2023-08-15,31.85,32.0,31.3,31.39,1108100.0,36391074.0
2023-08-16,31.44,31.54,30.85,30.96,952200.0,30841899.0
2023-08-17,30.92,31.42,30.76,31.35,864800.0,27996991.0
2023-08-18,31.47,31.54,30.87,30.88,869100.0,28166461.0
2023-08-21,30.73,31.34,30.73,30.84,984800.0,31761344.0
2023-08-22,30.93,31.19,30.45,31.18,1348500.0,42567156.0
2023-08-23,31.13,31.13,29.88,29.91,1538200.0,47811217.0
2023-08-24,29.92,30.79,29.9,30.34,1171100.0,36468308.0
2023-08-25,30.11,30.3,29.01,29.23,1531000.0,46347956.0
2023-08-28,31.22,31.52,30.29,30.42,2079900.0,65452593.0
2023-08-29,30.54,31.57,30.36,31.37,2137700.0,68180035.0
2023-08-30,31.47,31.91,31.44,31.54,1574300.0,51067874.0
2023-08-31,31.5,31.81,31.48,31.68,1236800.0,40136936.0
2023-09-01,31.68,31.8,31.38,31.52,1211000.0,39198429.0
2023-09-04,31.52,32.13,31.42,32.12,1675800.0,54661264.0
2023-09-05,32.1,32.28,31.93,32.14,1206000.0,39721152.0
2023-09-06,31.93,32.5,31.82,32.46,1431100.0,47311050.0
2023-09-07,32.48,32.5,31.87,31.87,1129000.0,37167907.0
2023-09-08,31.72,32.31,31.56,32.19,1133200.0,37222304.0
2023-09-11,32.4,32.8,32.05,32.52,1566300.0,52030053.0
2023-09-12,32.65,33.15,32.47,32.98,1863000.0,62824464.0
2023-09-13,32.94,33.02,32.27,32.52,1412900.0,47121686.0
2023-09-14,32.62,33.29,32.53,32.7,1591900.0,53635934.0
2023-09-15,32.78,32.95,32.33,32.7,1526300.0,50973711.0
2023-09-18,32.93,33.92,32.84,33.37,3162400.0,107731343.0
2023-09-19,33.22,33.24,32.03,32.37,2289500.0,75989360.0
2023-09-20,32.26,32.87,31.72,31.8,2071600.0,68275574.0
2023-09-21,31.72,32.25,31.58,31.77,1558200.0,50974412.0
2023-09-22,31.54,32.7,31.54,32.66,2027300.0,67196082.0
2023-09-25,33.14,33.66,32.84,33.03,2560600.0,86747639.0
2023-09-26,32.92,33.1,32.32,32.44,1785300.0,59417010.0
2023-09-27,32.23,32.78,32.22,32.72,1757600.0,58486489.0
2023-09-28,32.57,33.15,32.57,32.99,1524700.0,51440066.0
2023-10-09,32.98,33.55,32.82,33.24,2373500.0,80908538.0
2023-10-10,33.23,33.52,33.23,33.34,1513900.0,51734334.0
2023-10-11,33.37,33.73,33.27,33.39,1564300.0,53639612.0
2023-10-12,33.56,33.88,33.37,33.65,1957400.0,67456071.0
2023-10-13,33.66,33.66,33.09,33.42,1973500.0,67493768.0
2023-10-16,33.41,33.47,32.84,33.04,1848300.0,62578336.0
2023-10-17,33.03,33.18,32.42,32.86,1678400.0,56353287.0
2023-10-18,32.76,32.82,32.22,32.36,1725300.0,57356350.0
2023-10-19,32.41,32.61,31.67,31.72,1555900.0,51018864.0
2023-10-20,31.56,32.02,31.13,31.22,1586800.0,51040826.0
2023-10-23,30.97,31.12,30.07,30.17,2085600.0,65379905.0
2023-10-24,30.25,30.68,29.52,29.81,1729700.0,52995316.0
2023-10-25,30.23,30.49,29.73,30.15,1454400.0,45105090.0
2023-10-26,30.07,30.82,29.94,30.81,1602200.0,50069678.0
2023-10-27,30.63,31.13,30.48,31.04,1397500.0,44192041.0
2023-10-30,30.89,31.3,30.5,31.25,1505000.0,47853926.0
2023-10-31,30.55,30.86,29.28,29.53,3289400.0,100275915.0
2023-11-01,29.32,29.67,28.27,28.37,3850300.0,113469510.0
2023-11-02,28.33,28.4,27.67,27.76,2641900.0,75739543.0
2023-11-03,27.72,28.67,27.71,28.45,2551100.0,74285933.0
2023-11-06,28.62,29.0,28.52,28.97,2723300.0,80714549.0
2023-11-07,28.98,29.57,28.72,29.3,2782900.0,83319474.0
2023-11-08,29.28,29.52,28.9,29.28,2606300.0,78099428.0
2023-11-09,29.23,29.38,29.04,29.2,1578300.0,47332753.0
2023-11-10,29.06,29.31,28.93,29.1,1362500.0,40706450.0
2023-11-13,29.23,29.49,29.03,29.47,1745900.0,52558511.0
2023-11-14,29.46,29.62,29.29,29.57,1539600.0,46627694.0
2023-11-15,29.72,29.8,29.22,29.46,1638700.0,49574104.0
2023-11-16,29.63,31.01,29.48,29.54,3837400.0,117731461.0
2023-11-17,29.9,32.16,29.53,31.62,8450400.0,267890261.0
2023-11-20,30.82,30.92,29.88,30.43,9176800.0,284619080.0
2023-11-21,30.23,30.34,29.86,29.99,5483100.0,168519067.0
2023-11-22,29.86,30.03,29.37,29.41,3559300.0,108391761.0
2023-11-23,29.19,29.32,28.78,29.26,2837800.0,84509726.0
2023-11-24,29.18,29.22,28.73,28.81,2153400.0,63846434.0
2023-11-27,28.81,29.0,28.62,28.93,1721800.0,50948296.0
2023-11-28,28.97,29.19,28.8,29.11,1917800.0,57203632.0
2023-11-29,29.11,29.11,28.31,28.45,2565900.0,75566087.0
2023-11-30,28.46,28.53,28.05,28.31,1671200.0,48526647.0
2023-12-01,28.22,28.74,28.18,28.62,1791900.0,52453763.0
2023-12-04,28.77,29.02,28.68,28.83,2261900.0,67011068.0
2023-12-05,28.73,28.82,28.23,28.4,1465700.0,42795578.0
2023-12-06,28.26,28.36,27.97,28.22,1437900.0,41623029.0
2023-12-07,28.02,28.44,27.98,28.31,1348400.0,39186906.0
2023-12-08,28.51,29.49,28.21,29.33,6723800.0,200102297.0
2023-12-11,28.82,29.57,28.72,29.37,5152500.0,154234150.0
2023-12-12,29.22,29.47,28.72,28.83,3263000.0,97198355.0
2023-12-13,28.85,28.92,28.23,28.24,2219800.0,65020631.0
2023-12-14,28.28,28.59,28.07,28.1,1491400.0,43368457.0
2023-12-15,28.07,28.2,27.38,27.51,2592400.0,73502033.0
2023-12-18,27.42,27.43,26.35,26.42,2335300.0,64186558.0
2023-12-19,26.35,26.77,26.09,26.32,1364500.0,37041510.0
2023-12-20,26.32,26.52,25.82,25.83,1463900.0,39308463.0
2023-12-21,25.83,26.22,25.49,25.99,1428500.0,38013235.0
2023-12-22,25.99,26.11,25.5,25.71,1176700.0,31314114.0
2023-12-25,25.6,26.01,25.6,25.91,1113800.0,29697374.0
2023-12-26,25.91,26.02,25.39,25.5,1259100.0,33105364.0
2023-12-27,25.55,25.7,25.33,25.68,895500.0,23615596.0
2023-12-28,25.68,26.49,25.54,26.44,1720700.0,46385769.0
2023-12-29,26.33,26.82,26.27,26.68,1278200.0,35048246.0
2024-01-02,26.658,26.768,26.378,26.388,14668.0,40083486.0
2024-01-03,26.368,26.468,26.098,26.278,11227.0,30397731.0
2024-01-04,26.368,26.368,26.018,26.358,10047.0,27110560.0
2024-01-05,26.348,26.398,25.818,25.918,12732.0,34295220.0
2024-01-08,25.798,26.018,25.138,25.178,13091.0,34174618.0
2024-01-09,25.138,25.368,24.898,25.078,9757.0,25238338.0
2024-01-10,25.118,25.248,24.638,24.928,9181.0,23631056.0
2024-01-11,24.928,25.458,24.728,25.248,10314.0,26784429.0
2024-01-12,25.268,25.378,24.938,24.948,8549.0,22136086.0
2024-01-15,24.878,25.168,24.718,24.958,6897.0,17757091.0
2024-01-16,24.978,25.248,24.718,25.158,13312.0,34304422.0
2024-01-17,25.098,25.208,24.748,24.748,9300.0,23960094.0
2024-01-18,25.338,25.338,24.318,25.078,16078.0,40846229.0
2024-01-19,25.208,25.338,24.828,24.848,10436.0,26969413.0
2024-01-22,24.838,24.848,23.518,23.658,16863.0,42225256.0
2024-01-23,23.668,24.348,23.278,24.338,15221.0,37761812.0
2024-01-24,24.318,24.558,23.428,24.538,15001.0,37362957.0
2024-01-25,24.588,25.698,24.468,25.608,24627.0,64136983.0
2024-01-26,25.618,25.748,25.218,25.258,12984.0,34135006.0
2024-01-29,25.218,25.418,24.638,24.768,12823.0,33063069.0
2024-01-30,24.768,24.918,24.048,24.108,9938.0,25105376.0
2024-01-31,24.158,24.208,22.978,23.098,16698.0,40361564.0
2024-02-01,23.098,23.718,22.618,23.168,15749.0,37888614.0
2024-02-02,23.168,23.438,21.198,21.818,18527.0,42781029.0
2024-02-05,21.798,22.618,19.828,21.738,31338.0,68664825.0
2024-02-06,21.738,22.918,20.878,22.768,34827.0,80168893.0
2024-02-07,22.768,23.938,22.698,23.928,39009.0,95207018.0
2024-02-08,24.198,25.168,23.948,24.548,34626.0,88124930.0
2024-02-19,24.778,25.478,24.598,25.398,36528.0,94609400.0
2024-02-20,25.048,25.088,24.678,24.908,23821.0,61120993.0
2024-02-21,24.628,25.588,24.628,25.238,36351.0,94779300.0
2024-02-22,25.118,25.838,25.118,25.798,25259.0,66774053.0
2024-02-23,25.828,26.358,25.718,26.148,27614.0,74057853.0
2024-02-26,26.018,26.338,25.868,26.048,27183.0,73091379.0
2024-02-27,25.908,27.068,25.748,27.038,37521.0,102550374.0
2024-02-28,27.008,27.468,25.888,25.888,39444.0,108455403.0
2024-02-29,25.668,26.868,25.638,26.798,27048.0,73870101.0
2024-03-01,26.868,27.398,26.708,27.398,36144.0,101038919.0
2024-03-04,27.508,27.578,26.868,27.258,29310.0,82098911.0
2024-03-05,27.048,27.498,26.918,27.138,27136.0,76094550.0
2024-03-06,27.018,27.488,26.748,27.188,23068.0,64393780.0
2024-03-07,27.128,27.368,26.748,26.788,19810.0,55142277.0
2024-03-08,26.968,27.688,26.758,27.688,29740.0,83348087.0
2024-03-11,27.958,28.258,27.478,28.078,46507.0,133283492.0
2024-03-12,27.978,28.078,27.198,27.298,37922.0,107326252.0
2024-03-13,27.308,27.908,27.248,27.498,31725.0,89910246.0
2024-03-14,27.318,27.598,27.008,27.258,22777.0,63917943.0
2024-03-15,27.208,27.858,26.778,27.818,29546.0,83095575.0
2024-03-18,27.888,28.148,27.708,28.138,28354.0,81490588.0
2024-03-19,28.148,29.638,27.838,28.978,61016.0,180871327.0
2024-03-20,29.598,30.458,28.978,29.078,91420.0,277881888.0
2024-03-21,28.958,31.568,28.818,31.118,143478.0,447034437.0
2024-03-22,30.878,32.708,30.538,32.388,132827.0,430283253.0
2024-03-25,31.618,31.688,29.408,29.408,100118.0,311996853.0
2024-03-26,28.708,29.908,28.218,28.358,70244.0,208546678.0
2024-03-27,28.118,28.298,25.718,25.808,84057.0,231905478.0
2024-03-28,25.808,27.988,25.808,27.698,71034.0,199432239.0
2024-03-29,27.528,28.738,27.198,28.638,56058.0,161469330.0
2024-04-01,28.388,29.268,28.388,29.108,50409.0,149232369.0
2024-04-02,28.848,28.998,28.038,28.238,39882.0,116291997.0
2024-04-03,28.018,28.098,26.968,27.108,44708.0,125502274.0
2024-04-08,26.978,27.008,26.238,26.268,39335.0,107232052.0
2024-04-09,26.408,26.578,26.038,26.408,32089.0,86911342.0
2024-04-10,26.398,26.398,25.718,25.848,28558.0,76497197.0
2024-04-11,25.938,26.308,25.668,25.968,30088.0,80424565.0
2024-04-12,26.008,27.188,25.958,26.598,40226.0,109861215.0
2024-04-15,26.608,27.018,25.888,26.538,40921.0,111616519.0
2024-04-16,26.348,26.648,25.468,25.548,42290.0,113039455.0
2024-04-17,25.778,26.868,25.778,26.858,35539.0,97199259.0
2024-04-18,26.818,27.188,26.288,26.638,33637.0,92488947.0
2024-04-19,26.548,26.898,26.028,26.278,25714.0,69833449.0
2024-04-22,25.898,26.588,25.368,26.438,24893.0,67082811.0
2024-04-23,26.238,26.718,26.038,26.088,23211.0,62737863.0
2024-04-24,26.078,26.908,26.018,26.908,34688.0,95066061.0
2024-04-25,26.698,26.768,26.328,26.428,30887.0,84198240.0
2024-04-26,26.328,27.518,26.328,27.378,44022.0,122663382.0
2024-04-29,27.268,27.928,27.268,27.778,41909.0,119278162.0
2024-04-30,26.708,26.708,25.378,25.518,84139.0,223726100.0
2024-05-06,25.988,26.408,25.838,26.108,50889.0,136807090.0
2024-05-07,26.098,26.148,25.598,25.788,28916.0,76958140.0
2024-05-08,25.598,25.798,24.908,24.978,36900.0,95764779.0
2024-05-09,24.998,25.508,24.858,25.418,26489.0,69100399.0
2024-05-10,25.418,25.488,24.858,25.118,21612.0,55935784.0
2024-05-13,24.918,27.618,24.618,27.048,92422.0,251964218.0
2024-05-14,26.968,27.148,25.888,26.368,57392.0,156015808.0
2024-05-15,26.178,26.508,25.878,25.918,28666.0,77047343.0
2024-05-16,25.998,26.748,25.888,26.098,36089.0,97781369.0
2024-05-17,26.098,26.178,25.608,26.148,24502.0,65473833.0
2024-05-20,26.148,26.238,25.738,25.948,23105.0,61873489.0
2024-05-21,25.928,25.928,25.198,25.268,31612.0,82964189.0
2024-05-22,25.288,25.428,25.018,25.378,17918.0,46637667.0
2024-05-23,25.508,25.508,24.728,24.848,24656.0,63471908.0
2024-05-24,24.758,25.298,24.628,24.668,26366.0,67776724.0
2024-05-27,24.668,24.988,24.018,24.468,20313.0,50948181.0
2024-05-28,24.488,24.718,24.268,24.318,14062.0,35504803.0
2024-05-29,24.168,24.568,24.168,24.268,10314.0,25896903.0
2024-05-30,24.108,24.458,23.988,24.278,12263.0,30681559.0
2024-05-31,24.388,24.818,24.288,24.508,15332.0,38898023.0
2024-06-03,24.318,24.618,24.198,24.398,14980.0,37700638.0
2024-06-04,24.218,24.368,23.988,24.348,11961.0,29832098.0
2024-06-05,24.318,24.548,24.128,24.158,13825.0,34750602.0
2024-06-06,24.018,24.298,23.418,23.418,21595.0,53050291.0
2024-06-07,23.818,23.858,23.218,23.458,12627.0,30654061.0
2024-06-11,23.458,23.718,22.988,23.638,13769.0,33359768.0
2024-06-12,23.608,24.018,23.518,23.758,12863.0,31677970.0
2024-06-13,23.768,23.918,23.568,23.758,11514.0,28231031.0
2024-06-14,23.648,24.058,23.478,24.058,21251.0,52407104.0
2024-06-17,23.898,24.318,23.818,24.238,13757.0,34359068.0
2024-06-18,24.138,24.818,24.138,24.698,18950.0,48171453.0
2024-06-19,24.818,24.968,24.338,24.488,14367.0,36416285.0
2024-06-20,24.478,24.588,23.818,23.848,14681.0,36613080.0
2024-06-21,23.768,24.038,23.518,23.798,8822.0,21662390.0
2024-06-24,23.718,24.508,23.248,23.378,25289.0,62287514.0
2024-06-25,23.198,23.698,22.408,22.628,21754.0,51403562.0
2024-06-26,22.458,23.668,22.448,23.648,18357.0,43920401.0
2024-06-27,23.648,23.908,23.028,23.038,12759.0,30812524.0
2024-06-28,23.218,24.068,22.948,23.548,21312.0,52176404.0
2024-07-01,23.378,23.768,22.768,23.128,19941.0,47680158.0
2024-07-02,23.238,23.238,22.718,22.778,15552.0,36768931.0
2024-07-03,22.778,22.878,22.448,22.548,12225.0,28619787.0
2024-07-04,22.658,22.928,21.998,22.158,18670.0,43179023.0
2024-07-05,21.998,22.518,21.978,22.448,13431.0,30976685.0
2024-07-08,22.458,22.598,21.878,21.968,12799.0,29345758.0
2024-07-09,21.968,23.398,21.798,23.228,31062.0,73351335.0
2024-07-10,23.078,23.368,22.768,22.838,16289.0,38789914.0
2024-07-11,23.228,23.468,22.958,23.198,20662.0,49588255.0
2024-07-12,23.198,23.218,22.828,22.948,15640.0,37213894.0
2024-07-15,22.928,23.028,22.618,22.718,10925.0,25706512.0
2024-07-16,22.598,22.948,22.498,22.818,9076.0,21368446.0
2024-07-17,22.848,22.848,22.418,22.448,11113.0,25921562.0
2024-07-18,22.418,22.458,21.918,22.328,13267.0,30440874.0
2024-07-19,22.218,22.568,22.168,22.398,9070.0,21027872.0
2024-07-22,22.458,22.558,22.218,22.368,9896.0,22914448.0
2024-07-23,22.378,22.498,21.888,21.898,11726.0,26877462.0
2024-07-24,21.898,22.148,21.708,21.708,9472.0,21480499.0
2024-07-25,21.428,22.088,21.428,21.798,8622.0,19434062.0
2024-07-26,21.638,22.318,21.638,22.178,10159.0,23271353.0
2024-07-29,22.188,22.348,22.038,22.208,5681.0,13057886.0
2024-07-30,22.208,22.408,21.998,22.328,8233.0,18952980.0
2024-07-31,22.328,23.348,22.318,23.038,22718.0,53916552.0
2024-08-01,23.058,23.178,22.938,23.028,15027.0,35847101.0
2024-08-02,22.908,23.098,22.368,22.448,12419.0,29155391.0
2024-08-05,22.238,22.518,21.688,21.748,16146.0,36839926.0
2024-08-06,21.978,22.148,21.518,21.848,10148.0,22925689.0
2024-08-07,24.108,24.108,24.108,24.108,31544.0,78514012.0
2024-08-08,26.238,26.268,23.918,23.958,135176.0,352918395.0
2024-08-09,23.238,25.178,22.768,24.218,103453.0,253168165.0
2024-08-12,23.318,24.218,23.018,23.708,54591.0,133447407.0
2024-08-13,23.458,23.738,22.938,23.178,40246.0,96682543.0
2024-08-14,23.298,23.408,22.768,22.928,33554.0,80007629.0
2024-08-15,22.878,23.498,22.578,23.238,35385.0,84777008.0
2024-08-16,23.192,23.452,22.702,22.732,32718.0,76251774.0
2024-08-19,22.722,23.152,22.552,22.782,21321.0,49353136.0
2024-08-20,22.892,22.902,22.262,22.372,20931.0,47655955.0
2024-08-21,22.272,22.492,22.172,22.212,10554.0,23861031.0
2024-08-22,22.182,22.372,21.712,21.722,15681.0,34789416.0
2024-08-23,21.842,22.132,21.712,22.052,16520.0,36747261.0
2024-08-26,22.942,22.942,22.202,22.292,24758.0,56452544.0
2024-08-27,22.032,22.712,21.862,22.082,18630.0,41628475.0
2024-08-28,21.842,22.232,21.842,22.202,12599.0,28161342.0
2024-08-29,21.932,22.532,21.852,22.422,19839.0,44771820.0
2024-08-30,22.392,23.032,22.292,22.732,24313.0,56122211.0
2024-09-02,22.592,22.842,22.132,22.162,17697.0,40168374.0
2024-09-03,22.032,22.482,22.032,22.462,12845.0,29006799.0
2024-09-04,22.242,22.922,22.242,22.522,12731.0,28992284.0
2024-09-05,22.512,22.832,22.482,22.672,11907.0,27280067.0
2024-09-06,22.732,22.732,22.242,22.292,14185.0,32144486.0
2024-09-09,22.152,22.382,22.042,22.142,10648.0,23925715.0
2024-09-10,22.152,22.572,21.912,22.412,13166.0,29597861.0
2024-09-11,21.912,22.532,21.912,22.392,8797.0,19920174.0
2024-09-12,22.792,22.792,22.282,22.282,11346.0,25822919.0
2024-09-13,22.342,22.482,22.032,22.082,11394.0,25623740.0
2024-09-18,22.092,22.252,21.792,22.002,11125.0,24780516.0
2024-09-19,22.082,22.502,21.852,22.292,13473.0,30304529.0
2024-09-20,22.332,22.452,22.152,22.282,10428.0,23506492.0
2024-09-23,22.422,22.622,22.222,22.262,14465.0,32769025.0
2024-09-24,22.362,22.832,22.162,22.832,27896.0,63758244.0
2024-09-25,23.032,23.492,22.982,23.052,30274.0,71201048.0
2024-09-26,23.132,23.702,23.052,23.702,31190.0,73910678.0
2024-09-27,23.762,24.832,23.762,24.612,30013.0,74059339.0
2024-09-30,25.692,26.902,25.162,26.732,80853.0,213709866.0
2024-10-08,29.432,29.432,27.732,29.212,107996.0,314667974.0
2024-10-09,28.532,28.662,26.592,26.642,74940.0,209207468.0
2024-10-10,27.722,27.722,26.562,26.782,42166.0,115413268.0
2024-10-11,27.122,27.122,25.182,25.552,38983.0,101812059.0
2024-10-14,25.952,26.132,25.182,26.082,32132.0,83600257.0
2024-10-15,25.992,26.412,25.422,25.432,28040.0,73320934.0
2024-10-16,25.062,25.632,24.952,25.182,23746.0,60575520.0
2024-10-17,25.422,25.522,24.942,24.972,24729.0,63056673.0
2024-10-18,24.832,26.602,24.792,26.072,49406.0,128804232.0
2024-10-21,26.652,26.962,25.932,26.262,48108.0,128423161.0
2024-10-22,26.652,26.852,26.112,26.632,39475.0,105706840.0
2024-10-23,26.612,27.482,26.392,27.092,44565.0,121945216.0
2024-10-24,27.192,27.482,26.682,27.242,37822.0,103458033.0
2024-10-25,28.342,28.342,27.092,27.762,48070.0,134445141.0
2024-10-28,27.622,27.622,27.292,27.532,37895.0,105016022.0
2024-10-29,27.522,27.632,27.012,27.192,34835.0,96223098.0
2024-10-30,27.022,27.482,26.842,27.142,26114.0,71586711.0
2024-10-31,27.052,28.122,26.982,27.902,54679.0,152109820.0
2024-11-01,27.762,27.762,26.522,26.652,58199.0,158268064.0
2024-11-04,27.192,27.682,26.652,27.642,45962.0,127116239.0
2024-11-05,27.582,28.362,27.432,28.352,48394.0,137287826.0
2024-11-06,28.672,28.692,27.832,28.042,44707.0,127421062.0
2024-11-07,28.032,28.282,27.792,28.212,33970.0,96281100.0
2024-11-08,28.362,29.212,28.282,28.822,58750.0,170641154.0
2024-11-11,31.732,31.732,29.782,30.402,171837.0,530470162.0
2024-11-12,29.942,30.242,29.002,29.312,97932.0,291838275.0
2024-11-13,29.232,29.972,28.912,29.572,55925.0,166777983.0
2024-11-14,29.742,29.962,28.822,28.882,44884.0,133089191.0
2024-11-15,28.882,29.152,28.162,28.182,35643.0,103174247.0
2024-11-18,28.362,28.702,27.892,28.092,40384.0,115169695.0
2024-11-19,28.092,28.602,27.952,28.532,33448.0,95479470.0
2024-11-20,28.722,28.732,28.132,28.462,32852.0,94237742.0
2024-11-21,28.552,28.922,27.992,28.252,32524.0,93289288.0
2024-11-22,28.232,28.462,27.352,27.372,39801.0,112451351.0
2024-11-25,27.742,29.642,27.482,28.432,92384.0,269311368.0
2024-11-26,28.192,28.902,27.762,27.792,42932.0,121518867.0
2024-11-27,27.582,28.522,27.262,28.522,36752.0,103423673.0
2024-11-28,28.452,28.522,27.942,28.032,23628.0,67298104.0
2024-11-29,28.052,28.792,27.942,28.512,32056.0,91924535.0
2024-12-02,28.362,29.072,28.232,28.632,33465.0,96642508.0
2024-12-03,28.632,28.712,28.252,28.432,23850.0,68536851.0
2024-12-04,28.422,28.582,27.862,28.022,26343.0,74925083.0
2024-12-05,28.092,28.232,27.832,27.932,25482.0,72139751.0
2024-12-06,27.972,28.162,27.652,28.092,24314.0,68680626.0
2024-12-09,28.032,28.192,27.592,27.882,25646.0,72135388.0
2024-12-10,28.692,28.692,27.832,27.902,29066.0,82658639.0
2024-12-11,27.812,28.152,27.812,28.022,18978.0,53698379.0
2024-12-12,28.042,28.132,27.772,28.082,21245.0,59985545.0
2024-12-13,28.032,28.202,27.682,27.732,23720.0,66700292.0
2024-12-16,28.002,28.422,27.582,27.642,47023.0,132944554.0
2024-12-17,27.712,28.112,27.372,27.702,36054.0,101008107.0
2024-12-18,27.582,28.262,27.452,27.962,31477.0,88557628.0
2024-12-19,27.752,30.782,27.642,30.782,171473.0,516961723.0
2024-12-20,30.332,30.722,29.532,29.802,174720.0,527467659.0
2024-12-23,29.802,30.422,29.282,29.442,99980.0,299627268.0
2024-12-24,29.732,31.312,29.632,30.242,122189.0,371992287.0
2024-12-25,30.042,30.822,29.512,30.522,95526.0,289857742.0
2024-12-26,30.142,32.332,29.782,32.022,169815.0,541603247.0
2024-12-27,31.412,32.082,31.062,31.302,135226.0,430439684.0
2024-12-30,31.662,32.052,31.012,31.512,89981.0,286252147.0
2024-12-31,31.202,31.252,29.602,29.622,98526.0,300158491.0
2025-01-02,29.462,29.772,27.922,28.252,67119.0,194404400.0
2025-01-03,28.392,28.602,27.232,27.422,61617.0,174160889.0
2025-01-06,27.682,28.332,27.042,27.382,42547.0,118559866.0
2025-01-07,27.282,28.982,27.202,28.522,61611.0,174363792.0
2025-01-08,28.572,29.682,28.102,29.172,76286.0,221883810.0
2025-01-09,28.412,29.182,28.412,28.542,45518.0,131846181.0
2025-01-10,28.382,28.522,27.182,27.222,47012.0,132013806.0
2025-01-13,26.962,26.972,26.242,26.372,35533.0,95423739.0
2025-01-14,26.602,28.192,26.342,28.142,51165.0,142111952.0
2025-01-15,27.932,30.542,27.862,29.492,94418.0,278932973.0
2025-01-16,29.492,29.732,28.962,29.482,48976.0,145126440.0
2025-01-17,29.472,29.882,29.042,29.792,47226.0,140634686.0
2025-01-20,30.212,30.282,29.432,29.742,47962.0,144407850.0
2025-01-21,30.032,30.322,29.732,30.152,46066.0,139617527.0
2025-01-22,29.992,31.852,29.992,31.422,114020.0,357749797.0
2025-01-23,31.452,34.592,31.382,34.592,120409.0,415205581.0
2025-01-24,35.012,38.082,34.782,38.082,142408.0,533130552.0
2025-01-27,41.922,41.922,40.662,41.532,389329.0,1633913713.0
2025-02-05,37.772,38.532,37.352,37.352,37063.0,140604302.0
2025-02-06,34.732,39.872,33.592,39.132,364719.0,1298442318.0
2025-02-07,37.932,40.222,37.592,39.392,253127.0,994787502.0
2025-02-10,39.232,40.082,38.542,39.252,157431.0,623854671.0
2025-02-11,39.122,40.922,38.722,38.992,143156.0,568517149.0
2025-02-12,39.072,39.922,38.312,39.302,122993.0,484846652.0
2025-02-13,39.032,39.352,37.532,37.612,113568.0,438151146.0
2025-02-14,37.632,38.532,37.332,37.792,75422.0,287868469.0
2025-02-17,37.332,37.842,36.672,37.132,91662.0,342980367.0
2025-02-18,37.132,37.612,36.162,36.432,69028.0,257085268.0
2025-02-19,36.432,37.212,36.392,36.992,61693.0,229385004.0
2025-02-20,36.812,37.232,36.232,36.652,59959.0,221878971.0
2025-02-21,36.702,38.972,36.702,38.582,148668.0,571238011.0
2025-02-24,38.592,42.472,38.112,42.472,144653.0,597886471.0
2025-02-25,40.342,46.722,40.132,42.822,268220.0,1136302172.0
2025-02-26,42.652,42.732,40.732,41.932,152586.0,639357439.0
2025-02-27,41.562,41.932,39.502,40.282,133802.0,545955750.0
2025-02-28,39.512,40.112,36.232,36.232,120957.0,456186227.0
2025-03-03,36.362,36.732,35.082,35.492,78769.0,284213234.0
2025-03-04,34.982,37.732,34.862,36.632,85476.0,312902477.0
2025-03-05,38.732,39.232,36.372,37.042,100240.0,378445020.0
2025-03-06,37.252,38.412,37.052,37.572,82103.0,310959839.0
2025-03-07,37.462,37.832,36.332,36.602,66164.0,246723998.0
2025-03-10,36.632,37.652,36.242,37.312,61994.0,230605133.0
2025-03-11,36.422,37.272,35.912,36.172,68335.0,250613857.0
2025-03-12,36.602,37.832,36.252,36.892,86733.0,324711843.0
2025-03-13,36.912,37.572,36.242,36.402,69770.0,258790780.0
2025-03-14,36.152,38.432,36.012,37.122,96284.0,362199068.0
2025-03-17,37.282,39.202,37.282,37.882,101617.0,390491794.0
2025-03-18,37.882,38.082,37.012,37.372,55859.0,210665965.0
2025-03-19,37.032,37.112,35.852,35.912,67897.0,247640190.0
2025-03-20,35.872,36.132,35.632,35.792,35501.0,128319752.0
2025-03-21,35.542,35.872,34.992,34.992,41135.0,146468993.0
2025-03-24,34.932,35.332,33.632,34.612,72333.0,248594848.0
2025-03-25,34.452,34.882,33.472,33.702,43200.0,148155904.0
2025-03-26,33.612,34.062,33.592,33.782,24019.0,81995325.0
2025-03-27,33.832,34.242,33.382,33.852,31245.0,106724410.0
2025-03-28,33.852,34.112,33.372,33.542,23190.0,78662400.0
2025-03-31,33.542,34.662,33.272,33.582,44795.0,152755881.0
2025-04-01,33.682,34.112,33.392,33.752,33566.0,114095373.0
2025-04-02,33.792,34.832,33.642,34.092,42334.0,145797289.0
2025-04-03,33.242,34.022,33.232,33.732,36174.0,123027491.0
2025-04-07,31.732,32.622,30.332,30.332,60448.0,190237028.0
2025-04-08,30.322,30.722,28.702,29.672,61000.0,182064034.0
2025-04-09,29.222,30.382,27.802,30.022,67589.0,198898306.0
2025-04-10,30.732,31.662,30.732,30.952,54223.0,170605958.0
2025-04-11,30.732,31.772,30.612,31.262,39539.0,124840620.0
2025-04-14,31.802,31.942,31.102,31.172,35394.0,111859978.0
2025-04-15,31.182,31.232,30.512,30.772,27551.0,85383542.0
2025-04-16,30.402,30.712,29.782,30.132,23580.0,71823273.0
2025-04-17,29.842,30.402,29.652,29.682,30915.0,93404425.0
2025-04-18,29.682,30.632,29.462,30.222,53796.0,163859242.0
2025-04-21,30.532,31.012,30.072,30.802,36903.0,114369267.0
2025-04-22,30.582,30.742,30.382,30.442,23291.0,71740789.0
2025-04-23,30.942,31.492,30.732,31.092,35420.0,111067583.0
2025-04-24,30.972,31.852,30.802,31.472,55035.0,174706479.0
2025-04-25,31.472,32.932,31.452,31.482,39678.0,127837045.0
2025-04-28,31.282,32.332,31.142,31.892,41203.0,131991222.0
2025-04-29,33.282,33.612,32.012,33.132,80827.0,266517872.0
2025-04-30,32.672,32.832,31.622,32.592,75213.0,244328297.0
2025-05-06,33.272,35.232,33.132,34.282,103724.0,358616024.0
2025-05-07,34.652,34.832,33.952,34.272,52690.0,182220315.0
2025-05-08,34.212,36.942,34.212,36.252,93799.0,340588026.0
2025-05-09,35.752,36.012,35.162,35.232,53041.0,189734495.0
2025-05-12,35.432,35.582,34.882,35.412,51194.0,181777153.0
2025-05-13,36.732,36.812,34.982,35.112,70776.0,254866812.0
2025-05-14,34.992,36.212,34.942,35.112,54545.0,194837812.0
2025-05-15,34.952,34.982,33.722,33.772,59510.0,204694580.0
2025-05-16,33.872,34.362,33.592,34.012,25168.0,86408287.0
2025-05-19,34.112,34.262,33.332,33.652,30215.0,102441643.0
2025-05-20,33.562,33.732,33.102,33.552,31390.0,105773785.0
2025-05-21,33.552,33.712,32.942,33.222,25346.0,84850732.0
2025-05-22,33.132,33.432,32.722,32.822,20214.0,67344885.0
2025-05-23,32.832,32.992,31.982,32.062,27149.0,88869247.0
2025-05-26,32.062,32.352,31.912,32.232,19924.0,64538151.0
2025-05-27,32.232,32.272,31.882,32.082,16346.0,52817063.0
2025-05-28,32.342,32.402,31.932,32.242,19534.0,63384749.0
2025-05-29,32.242,33.002,32.182,32.802,35711.0,117970205.0
2025-05-30,32.732,32.742,31.572,31.702,35740.0,115133120.0
2025-06-03,31.672,33.822,31.432,33.012,59880.0,199023388.0
2025-06-04,33.032,34.132,32.992,33.902,64705.0,220746342.0
2025-06-05,33.912,34.712,33.342,34.572,58945.0,202844066.0
2025-06-06,34.662,35.732,34.552,34.662,65016.0,228541702.0
2025-06-09,34.752,35.032,34.172,34.372,41533.0,144494752.0
2025-06-10,34.402,34.532,33.782,33.932,38488.0,132248126.0
2025-06-11,34.032,34.232,33.582,33.582,27540.0,93861817.0
2025-06-12,33.462,34.452,33.432,33.732,39183.0,134301164.0
2025-06-13,33.432,33.872,32.972,33.252,32530.0,109175327.0
2025-06-16,33.142,34.782,33.142,34.612,56486.0,196166249.0
2025-06-17,34.652,34.732,34.102,34.232,30786.0,106403841.0
2025-06-18,34.222,34.682,33.882,34.522,29765.0,102893099.0
2025-06-19,34.562,38.002,34.562,36.832,145846.0,542393004.0
2025-06-20,36.882,39.232,36.072,38.312,177950.0,684683001.0
2025-06-23,37.572,38.882,37.332,37.872,98128.0,374050334.0
2025-06-24,38.262,39.182,37.612,38.012,74297.0,284760849.0
2025-06-25,38.082,38.832,37.842,38.262,86719.0,334383364.0
2025-06-26,38.132,39.612,37.932,38.632,93209.0,364455555.0
2025-06-27,38.632,40.212,37.602,39.512,94395.0,371425649.0
2025-06-30,39.892,40.832,39.352,40.452,81347.0,329112726.0
2025-07-01,40.712,40.712,39.332,39.782,46601.0,186521830.0
2025-07-02,39.732,39.782,38.502,38.832,59298.0,232653503.0
2025-07-03,38.932,39.402,38.472,39.122,38772.0,152316955.0
2025-07-04,39.002,39.202,37.762,37.882,79204.0,304050340.0
2025-07-07,37.232,38.032,37.042,37.322,42129.0,158415841.0
2025-07-08,37.322,39.532,37.132,39.092,77216.0,299887581.0
2025-07-09,39.032,39.032,38.252,38.392,40441.0,157271758.0
2025-07-10,38.392,39.732,38.172,38.772,72866.0,285937235.0
2025-07-11,38.732,39.452,38.332,38.342,51530.0,200781838.0
2025-07-14,38.232,39.792,38.102,39.082,66815.0,264031582.0
2025-07-15,38.982,39.902,38.672,39.142,72611.0,287810777.0
2025-07-16,39.282,40.622,38.942,39.132,93531.0,374019641.0
2025-07-17,38.252,43.072,38.252,43.072,120243.0,498531825.0
2025-07-18,43.132,44.502,42.112,42.202,174934.0,759286859.0
2025-07-21,41.612,43.142,41.532,41.692,126142.0,535213442.0
2025-07-22,41.542,43.392,41.092,41.162,108499.0,457078719.0
2025-07-23,40.782,41.952,40.152,41.062,99772.0,412530949.0
2025-07-24,41.412,41.582,40.152,40.332,88394.0,361423888.0
2025-07-25,39.942,40.712,39.742,40.042,81180.0,328437097.0
2025-07-28,40.582,40.842,39.852,40.132,89946.0,364402019.0
2025-07-29,40.232,44.052,39.952,43.932,200906.0,850183684.0
2025-07-30,43.022,48.352,42.822,48.352,248256.0,1149942311.0
2025-07-31,48.612,53.212,48.612,50.582,303286.0,1586340213.0
2025-08-01,50.072,52.352,48.742,50.462,196666.0,1002556871.0
2025-08-04,49.642,52.732,49.272,51.552,162969.0,841374304.0
2025-08-05,53.032,56.732,50.912,56.732,259518.0,1403521248.0
2025-08-06,54.222,56.062,52.552,52.812,218186.0,1180213707.0
2025-08-07,52.122,55.702,50.192,53.532,234361.0,1228668655.0
2025-08-08,53.002,56.612,52.342,55.452,199994.0,1105627448.0
2025-08-11,54.732,57.482,53.872,54.632,162802.0,903926484.0
2025-08-12,54.232,56.762,53.452,55.682,147759.0,819441634.0
2025-08-13,55.822,58.182,54.732,56.962,205175.0,1162998246.0
2025-08-14,57.332,57.412,52.462,52.482,190555.0,1035722054.0
2025-08-15,52.732,53.512,52.212,52.972,119683.0,635673727.0
2025-08-18,52.892,56.542,52.232,55.102,174643.0,962421457.0
2025-08-19,55.232,60.642,54.912,58.962,229914.0,1346087827.0
2025-08-20,57.682,61.732,55.932,61.312,204781.0,1202844543.0
2025-08-21,59.752,60.662,55.502,56.122,200350.0,1154787805.0
2025-08-22,54.972,60.272,54.932,58.712,183206.0,1071944703.0
2025-08-25,64.612,64.612,64.612,64.612,43115.0,279730444.0
2025-08-26,71.07,71.07,69.06,71.07,192514.0,1362113391.0
2025-08-27,72.0,78.18,69.95,75.41,348251.0,2595278383.0
2025-08-28,75.41,82.95,75.4,82.95,60186.0,483633001.0
2025-08-29,91.25,91.25,88.01,91.25,188483.0,1716225605.0
2025-09-01,92.5,95.8,88.13,91.98,357230.0,3272648644.0
2025-09-02,90.15,95.0,82.78,82.78,278895.0,2446423570.0
2025-09-03,83.2,91.06,81.12,91.06,216966.0,1922364193.0
2025-09-04,97.0,97.0,81.95,86.0,315437.0,2707713029.0
2025-09-05,84.0,91.3,84.0,89.85,320023.0,2832967106.0
2025-09-08,83.66,86.0,80.87,83.97,251226.0,2067807892.0
2025-09-09,84.0,90.58,80.0,88.71,244517.0,2135575838.0
2025-09-10,91.81,93.0,83.5,87.61,240220.0,2097355211.0
2025-09-11,88.5,95.36,85.39,93.25,285175.0,2616303994.0
2025-09-12,89.96,92.88,88.01,89.3,232877.0,2093258839.0
2025-09-15,88.0,91.68,86.11,86.95,173603.0,1529324445.0
2025-09-16,88.0,95.65,85.85,95.65,200047.0,1832388481.0
2025-09-17,96.98,104.74,93.4,99.68,301236.0,2965063493.0
2025-09-18,99.68,109.65,96.0,109.65,262450.0,2703307580.0
2025-09-19,115.1,120.62,111.91,120.62,247472.0,2931302737.0
2025-09-22,120.54,120.54,108.56,115.28,319021.0,3588212980.0
2025-09-23,115.3,120.0,110.01,117.27,238428.0,2753957717.0
2025-09-24,112.3,113.59,105.6,110.3,186724.0,2052214311.0
2025-09-25,107.35,112.95,105.04,108.08,150416.0,1636417382.0
2025-09-26,106.45,110.8,103.0,103.0,134059.0,1425609453.0
2025-09-29,102.65,108.0,102.0,105.55,112898.0,1185497404.0
2025-09-30,105.54,106.2,99.72,100.84,139121.0,1417285919.0
2025-10-09,100.92,102.65,97.7,97.98,118690.0,1178782829.0
2025-10-10,98.24,98.55,90.64,91.23,156012.0,1463550493.0
2025-10-13,86.15,89.87,86.15,88.6,96392.0,849604939.0
2025-10-14,89.51,91.99,84.95,85.18,111263.0,985274216.0
2025-10-15,86.06,86.68,83.0,86.01,107646.0,913274707.0
2025-10-16,85.78,87.88,85.1,85.66,77901.0,673059970.0
2025-10-17,90.0,90.0,82.23,82.6,144264.0,1214712054.0
2025-10-20,84.25,85.94,81.24,82.33,128290.0,1072822459.0
2025-10-21,82.49,90.56,81.54,87.98,256899.0,2228778391.0
2025-10-22,86.74,93.25,85.48,91.59,224685.0,1995135382.0
2025-10-23,89.93,89.93,83.38,85.48,172656.0,1478904258.0
2025-10-24,86.7,92.19,84.75,89.89,194297.0,1730169478.0
2025-10-27,91.5,95.0,90.64,93.38,204852.0,1908645178.0
2025-10-28,94.19,95.29,90.78,91.27,149252.0,1384143843.0
2025-10-29,91.27,92.33,87.82,91.0,136847.0,1229731521.0
2025-10-30,90.01,91.83,87.4,88.5,101713.0,909216593.0
2025-10-31,87.0,87.39,83.8,84.89,110620.0,942026955.0
2025-11-03,84.01,85.68,82.9,85.06,75422.0,636274761.0
2025-11-04,85.58,85.58,82.0,82.58,58006.0,482205843.0
2025-11-05,81.0,84.0,80.27,80.75,93347.0,758936570.0
2025-11-06,80.75,83.99,80.75,83.2,93471.0,772057673.0
2025-11-07,82.0,82.79,80.2,81.73,69761.0,568249317.0
2025-11-10,80.79,82.0,78.03,79.95,87226.0,692371589.0
2025-11-11,81.21,81.77,78.71,79.39,75636.0,606934715.0
2025-11-12,79.4,79.78,76.76,78.25,62425.0,485990374.0
2025-11-13,78.2,79.06,77.38,78.35,55029.0,430152505.0
2025-11-14,77.22,82.62,76.18,79.44,150416.0,1199514764.0
2025-11-17,78.44,83.0,78.4,81.1,127589.0,1029005626.0
2025-11-18,80.31,83.46,78.62,81.2,148379.0,1202668366.0
2025-11-19,81.44,86.5,80.18,83.68,207697.0,1733886202.0
2025-11-20,86.0,86.58,78.0,78.41,166592.0,1339632380.0
2025-11-21,74.0,74.94,72.28,72.84,108488.0,797925562.0
2025-11-24,74.2,75.42,72.7,73.64,83486.0,615453250.0
2025-11-25,74.96,81.0,74.61,81.0,94534.0,743367604.0
2025-11-26,83.0,89.1,82.33,85.64,304203.0,2596842901.0
2025-11-27,85.47,93.48,84.76,87.3,278525.0,2451651587.0
2025-11-28,85.0,90.96,84.5,87.08,199664.0,1733446165.0
2025-12-01,87.12,87.48,85.08,85.57,124769.0,1070471947.0
2025-12-02,84.0,84.6,82.44,83.11,108247.0,902738108.0
2025-12-03,83.57,85.4,82.67,83.02,103528.0,869222653.0
2025-12-04,81.56,83.68,80.6,82.64,91787.0,755032377.0
2025-12-05,82.4,84.93,80.78,83.63,114775.0,956932715.0
2025-12-08,83.65,91.5,83.64,88.31,225761.0,1992249252.0
2025-12-09,88.38,91.03,87.81,89.48,195751.0,1752723268.0
2025-12-10,88.93,98.43,87.57,98.43,309789.0,2898314319.0
2025-12-11,102.0,106.06,95.96,101.27,331745.0,3387586911.0
2025-12-12,98.97,108.0,98.5,105.72,274148.0,2843963628.0
2025-12-15,101.39,101.4,95.15,95.15,208289.0,2009841386.0
2025-12-16,94.32,94.82,88.31,89.3,203781.0,1848441344.0
2025-12-17,93.0,98.23,93.0,98.23,237790.0,2300456884.0
2025-12-18,102.0,108.05,102.0,108.05,292925.0,3139669428.0
2025-12-19,110.0,118.78,105.0,115.5,375168.0,4262515508.0
2025-12-22,117.8,127.05,117.8,127.05,108061.0,1331941101.0
2025-12-23,124.95,128.05,122.0,126.07,267269.0,3346172489.0
2025-12-24,125.0,131.5,123.55,130.5,225136.0,2895742744.0
2025-12-25,128.99,129.99,122.37,125.0,202680.0,2529801643.0
2025-12-26,124.0,124.5,119.47,121.86,160494.0,1953629347.0
2025-12-29,119.99,123.0,119.0,120.75,112830.0,1358176778.0
2025-12-30,119.02,124.0,119.01,119.3,128938.0,1564255688.0
2025-12-31,120.54,121.0,115.55,116.36,133298.0,1560707471.0
2026-01-05,118.0,118.37,113.45,115.19,106598.0,1230580885.0
2026-01-06,114.41,114.78,112.08,113.92,109499.0,1240513405.0
2026-01-07,114.55,121.22,114.11,117.76,220863.0,2593476107.0
2026-01-08,116.59,117.0,111.48,111.63,161417.0,1822919080.0
2026-01-09,110.0,113.62,108.89,112.03,120112.0,1337314002.0
2026-01-12,111.89,111.95,107.89,110.48,114878.0,1262364269.0
2026-01-13,109.98,111.66,106.64,107.2,111091.0,1206961630.0
2026-01-14,109.3,109.73,105.33,107.2,119807.0,1287592550.0
2026-01-15,105.85,109.1,105.41,108.37,100897.0,1083633954.0
2026-01-16,111.1,116.86,111.1,114.4,216227.0,2481447953.0
2026-01-19,124.79,125.5,116.95,117.83,234184.0,2834265805.0
2026-01-20,118.0,122.23,112.56,118.4,181366.0,2133054580.0
2026-01-21,115.08,121.8,113.0,114.17,176916.0,2068666348.0
2026-01-22,113.97,114.85,109.18,110.13,121304.0,1342166121.0
2026-01-23,112.45,118.28,112.0,112.58,175705.0,2019556590.0
2026-01-26,113.82,123.84,112.58,123.84,143807.0,1749332916.0
2026-01-27,123.0,128.0,115.6,126.6,255686.0,3127450030.0
2026-01-28,139.26,139.26,128.2,135.3,293722.0,3955003501.0
2026-01-29,132.04,136.0,129.0,135.56,211978.0,2813350060.0
2026-01-30,132.99,149.12,131.67,149.12,220993.0,3157220794.0
2026-02-02,151.0,164.03,151.0,158.99,285672.0,4531123094.0
2026-02-03,160.0,168.5,156.0,165.22,219023.0,3543742533.0
2026-02-04,163.19,175.36,162.74,173.51,206471.0,3520243632.0
2026-02-05,164.83,169.2,157.0,161.76,166028.0,2694834854.0
2026-02-06,160.65,177.94,160.65,174.77,212139.0,3702162143.0
2026-02-09,181.3,192.25,171.23,192.25,194696.0,3589992340.0
2026-02-10,198.37,211.48,198.37,211.48,155659.0,3239913113.0
2026-02-11,208.08,225.87,208.08,218.26,203428.0,4459299037.0
2026-02-12,221.0,229.77,210.15,227.0,169565.0,3773093912.0
2026-02-13,225.0,226.99,211.2,213.39,160419.0,3461357082.0
2026-02-24,228.0,234.73,221.03,234.73,119239.0,2735330606.0
2026-02-25,240.0,244.88,218.51,228.55,203469.0,4640757119.0
2026-02-26,233.0,248.88,233.0,236.2,216253.0,5192177527.0
2026-02-27,223.09,237.95,215.08,231.31,198344.0,4468564168.0
2026-03-02,227.62,254.44,224.65,242.42,214677.0,5278706821.0
2026-03-03,242.52,253.87,235.0,236.0,184002.0,4484926836.0
2026-03-04,226.87,245.77,224.0,228.27,140351.0,3232836713.0
2026-03-05,233.0,236.01,219.59,223.36,142939.0,3206240649.0
2026-03-06,219.74,221.66,211.58,213.2,137415.0,2949733046.0
2026-03-09,204.78,211.91,196.12,211.91,136859.0,2776506907.0
2026-03-10,217.25,233.1,214.25,233.1,170543.0,3800169466.0
2026-03-11,244.75,256.41,244.66,250.01,246696.0,6231166369.0
2026-03-12,245.01,266.66,242.82,245.0,196167.0,4947694783.0
2026-03-13,243.78,254.97,241.06,241.9,159105.0,3922417649.0
2026-03-16,242.0,245.0,228.0,233.0,152351.0,3564502701.0
2026-03-17,232.98,232.98,213.8,215.81,166216.0,3644213169.0
2026-03-18,221.0,224.36,214.67,222.93,137808.0,3026259669.0
2026-03-19,212.0,222.93,212.0,215.93,105390.0,2285693391.0
2026-03-20,222.3,233.6,215.08,216.88,205015.0,4588502592.0
2026-03-23,213.54,222.64,209.6,212.1,143246.0,3093159037.0
2026-03-24,216.34,233.31,212.79,233.31,195170.0,4320966944.0
2026-03-25,246.0,256.64,243.0,256.64,216140.0,5462444335.0
2026-03-26,258.44,276.5,254.07,268.88,216812.0,5743583517.0
2026-03-27,258.0,279.66,252.25,274.26,205662.0,5461666609.0
2026-03-30,269.28,301.69,269.28,301.69,149173.0,4346270139.0
2026-03-31,300.0,320.0,287.01,309.49,213010.0,6489851046.0
2026-04-01,320.0,320.0,291.0,308.0,182901.0,5554795109.0
2026-04-02,304.9,338.8,304.9,332.49,192142.0,6337712570.0
2026-04-03,339.13,363.63,330.0,352.5,186519.0,6523095991.0
2026-04-07,351.5,368.0,346.0,357.1,172365.0,6114347425.0
2026-04-08,362.2,365.1,341.5,362.1,218783.0,7734318439.0
2026-04-09,354.86,398.31,353.0,398.31,214583.0,8098605833.0
2026-04-10,392.0,396.53,370.0,384.38,248833.0,9500278889.0
2026-04-13,372.0,375.88,360.0,369.18,230442.0,8425001819.0
2026-04-14,369.99,376.76,360.01,364.5,174594.0,6413161413.0
2026-04-15,360.12,371.8,352.0,358.61,170899.0,6192221276.0
2026-04-16,350.0,373.05,346.0,368.52,180799.0,6539563617.0
2026-04-17,367.44,372.64,360.35,365.89,152231.0,5564071058.0
2026-04-20,374.23,401.98,374.23,385.0,210116.0,8151820599.0
2026-04-21,377.3,386.66,360.52,381.58,154608.0,5790020755.0
2026-04-22,382.29,417.96,382.29,412.0,202629.0,8180956317.0
2026-04-23,411.2,422.88,381.5,385.02,213286.0,8530146002.0
2026-04-24,378.39,385.0,364.35,368.16,164065.0,6118799352.0
2026-04-27,378.0,394.0,374.09,377.5,175410.0,6726492688.0
2026-04-28,370.51,381.16,368.0,373.49,112319.0,4196142921.0
2026-04-29,365.0,375.99,358.1,370.52,122974.0,4518087120.0
2026-04-30,359.1,365.0,336.99,353.9,207769.0,7244593592.0
2026-05-06,362.0,370.0,353.5,361.05,173789.0,6286263257.0
2026-05-07,380.11,392.0,368.18,389.2,202035.0,7725768833.0
2026-05-08,373.38,405.0,373.0,397.23,194562.0,7575673697.0
2026-05-11,404.4,404.99,385.0,400.31,193999.0,7699948538.0
2026-05-12,406.05,430.0,406.0,411.46,178592.0,7451922398.0
2026-05-13,393.0,412.98,393.0,406.96,138534.0,5614482467.0
2026-05-14,410.82,419.68,398.72,404.7,142031.0,5803734204.0
2026-05-15,400.01,404.7,366.66,374.45,155276.0,5918609602.0
2026-05-18,368.0,401.99,367.5,399.48,165299.0,6488808575.0
2026-05-19,395.49,398.98,376.99,397.9,124501.0,4850579365.0
2026-05-20,396.9,406.42,382.01,397.95,129645.0,5122592205.0
2026-05-21,397.95,402.03,374.0,375.8,137435.0,5323180020.0
2026-05-22,380.0,389.98,375.86,388.66,100802.0,3872286920.0
2026-05-25,388.66,389.88,378.05,386.03,108557.0,4154673434.0
2026-05-26,384.0,384.99,358.48,363.93,149897.0,5477698884.0
2026-05-27,362.99,375.0,360.07,366.1,114707.0,4209160458.0
2026-05-28,360.66,373.0,351.37,370.55,116444.0,4228194963.0
2026-05-29,369.97,407.0,365.0,402.81,253337.0,9891327972.0
2026-06-01,399.99,399.99,367.0,371.58,183223.0,6984984727.0
2026-06-02,373.11,408.74,368.58,408.74,197541.0,7838952148.0
2026-06-03,423.0,449.61,420.99,444.99,211772.0,9383791868.0
2026-06-04,434.9,469.99,433.0,455.89,190685.0,8763817198.0
2026-06-05,455.95,487.1,436.01,441.67,203175.0,9412681118.0
2026-06-08,406.0,462.3,406.0,440.3,189114.0,8228761082.0
2026-06-09,454.0,484.33,447.1,484.33,173082.0,8097716960.0
2026-06-10,482.0,495.0,445.0,452.69,179845.0,8371310562.0
2026-06-11,443.68,459.96,431.1,442.51,116596.0,5163895556.0
2026-06-12,456.51,462.46,432.51,436.5,149071.0,6630991955.0
2026-06-15,440.0,452.88,421.01,450.3,146375.0,6454327333.0
2026-06-16,450.31,474.99,447.0,464.1,150030.0,6973395676.0
2026-06-17,452.01,464.69,445.38,460.5,133681.0,6095028482.0
2026-06-18,455.0,482.58,454.98,471.55,158951.0,7461804586.0
2026-06-22,494.78,518.71,490.1,518.71,84661.0,4335875886.0
2026-06-23,555.0,570.58,539.46,570.58,230562.0,12928875317.0
2026-06-24,558.2,594.0,553.18,580.0,189302.0,10782440767.0
2026-06-25,598.0,600.0,565.0,575.0,180120.0,10446669334.0
2026-06-26,565.07,582.0,533.0,543.0,155835.0,8604797386.0
2026-06-29,543.0,549.19,490.0,527.1,142109.0,7409155682.0
2026-06-30,540.0,549.9,522.69,545.9,121728.0,6582570769.0
2026-07-01,535.0,542.87,500.1,508.51,135034.0,7040185121.0
2026-07-02,480.01,495.5,460.99,464.37,118198.0,5621137861.0
2026-07-03,460.0,492.0,455.0,475.08,124671.0,5929147482.0
2026-07-06,489.0,489.0,429.0,441.94,136577.0,6136207973.0
2026-07-07,435.0,448.56,418.28,429.16,125729.0,5428316253.0
2026-07-08,434.31,439.16,407.68,410.0,103749.0,4350655903.0
2026-07-09,418.8,441.95,400.43,441.26,160193.0,6769424559.0
2026-07-10,441.26,466.98,414.93,415.03,182715.0,8114342660.0
2026-07-13,405.6,413.02,378.37,381.87,140370.0,5516394625.0
2026-07-14,381.86,402.97,371.01,400.18,133425.0,5183496756.0
2026-07-15,440.2,440.2,421.02,425.45,241586.0,10494956933.0
2026-07-16,391.2,413.08,384.0,401.74,168508.0,6751771663.0
2026-07-17,385.0,394.35,361.57,361.57,102258.0,3788312531.0
2026-07-20,370.7,396.88,346.22,382.0,227805.0,8489532298.0
2026-07-21,379.26,408.6,343.8,406.38,269783.0,10104965233.0
2026-07-22,387.2,397.0,366.0,366.05,195697.0,7497944392.0
2026-07-23,366.8,377.05,350.0,356.12,126379.0,4584497778.0
2026-07-24,346.0,352.0,329.5,331.65,142941.0,4842097277.0
2026-07-27,326.0,338.23,320.2,335.89,124249.0,4099738772.0
2026-07-28,324.2,328.98,302.3,302.3,107252.0,3362576772.0
2026-07-29,300,301.99,272.11,281.7,15918100.0,
2026-07-30,281.7,292,255.55,262.66,14414200.0,
2026-07-31,285,287.96,271,271.5,14432900.0,
2026-08-03,270.81,275.57,259,262.3,8900900.0,
2026-08-04,267,286.88,264.03,284,14147400.0,
2026-08-05,270,312.4,269,312.4,15714000.0,
