date,open,high,low,close,volume,amount
2018-10-22,0.168,0.575,0.148,0.509,3532100.0,
2018-10-23,0.509,0.595,0.262,0.382,2305000.0,
2018-10-24,0.289,0.602,0.242,0.535,2595500.0,
2018-10-25,0.275,0.449,0.155,0.402,1949800.0,
2018-10-26,0.469,0.522,0.329,0.382,1397500.0,
2018-10-29,0.395,0.542,0.289,0.369,1342100.0,
2018-10-30,0.395,0.442,0.148,0.362,1901000.0,
2018-10-31,0.375,0.629,0.369,0.542,3429200.0,
2018-11-01,0.535,0.822,0.489,0.735,4133900.0,
2018-11-02,0.909,1.122,0.889,1.009,4103800.0,
2018-11-05,0.996,1.089,0.822,1.062,2639000.0,
2018-11-06,1.069,1.082,0.829,0.969,1692900.0,
2018-11-07,1.002,1.122,0.955,1.009,2241000.0,
2018-11-08,1.029,1.189,0.996,1.022,2394200.0,
2018-11-09,0.955,1.162,0.855,1.116,1884400.0,
2018-11-12,1.082,1.282,1.022,1.242,2559700.0,
2018-11-13,1.089,1.422,1.089,1.396,2785800.0,
2018-11-14,1.322,1.436,1.316,1.376,2286600.0,
2018-11-15,1.356,1.456,1.189,1.356,2477300.0,
2018-11-16,1.276,1.616,1.276,1.556,3458700.0,
2018-11-19,1.536,1.556,1.389,1.529,2110700.0,
2018-11-20,1.482,1.536,1.102,1.196,2580800.0,
2018-11-21,1.162,1.342,1.022,1.282,1926200.0,
2018-11-22,1.362,1.376,1.116,1.182,1851200.0,
2018-11-23,1.316,1.316,0.815,0.835,2981400.0,
2018-11-26,0.775,0.942,0.775,0.829,1388300.0,
2018-11-27,0.849,0.935,0.755,0.809,1901900.0,
2018-11-28,0.815,0.996,0.622,0.935,3118300.0,
2018-11-29,1.042,1.042,0.675,0.715,2620100.0,
2018-11-30,0.695,0.789,0.629,0.782,1419700.0,
2018-12-03,0.949,1.069,0.909,1.042,2720700.0,
2018-12-04,0.996,1.076,0.955,1.056,2049300.0,
2018-12-05,0.895,1.102,0.882,1.002,2493500.0,
2018-12-06,0.955,1.149,0.929,1.036,2793200.0,
2018-12-07,1.102,1.102,0.829,0.909,2609900.0,
2018-12-10,0.882,1.542,0.722,1.356,12851400.0,
2018-12-11,1.289,1.309,1.129,1.269,4814200.0,
2018-12-12,1.229,1.302,1.122,1.229,4050100.0,
2018-12-13,1.169,1.322,1.109,1.262,3525900.0,
2018-12-14,1.262,1.476,1.156,1.389,6694500.0,
2018-12-17,1.282,1.422,1.102,1.242,6083100.0,
2018-12-18,1.156,1.249,1.069,1.136,2486300.0,
2018-12-19,1.122,1.209,0.795,0.842,3108400.0,
2018-12-20,0.842,0.915,0.735,0.882,2441000.0,
2018-12-21,0.829,0.915,0.689,0.915,2280600.0,
2018-12-24,0.889,1.069,0.822,1.056,2080000.0,
2018-12-25,0.942,1.156,0.882,1.109,2960500.0,
2018-12-26,1.109,1.196,1.056,1.176,3028400.0,
2018-12-27,1.242,1.262,1.069,1.242,3251500.0,
2018-12-28,1.176,1.356,1.116,1.356,3084900.0,
2019-01-02,1.289,1.409,1.222,1.256,2593400.0,
2019-01-03,1.196,1.269,0.982,1.076,3117800.0,
2019-01-04,1.022,1.309,0.942,1.276,3590800.0,
2019-01-07,1.289,1.743,1.216,1.649,7880600.0,
2019-01-08,1.576,1.796,1.529,1.683,5331700.0,
2019-01-09,1.683,1.703,1.502,1.509,4029200.0,
2019-01-10,1.522,2.256,1.522,2.256,11122700.0,
2019-01-11,2.356,2.376,1.983,2.036,6916100.0,
2019-01-14,2.063,2.316,1.929,2.016,4975300.0,
2019-01-15,2.029,2.183,1.949,2.163,3962100.0,
2019-01-16,2.116,2.163,1.956,1.996,2527500.0,
2019-01-17,2.009,2.389,2.009,2.109,5123100.0,
2019-01-18,2.056,2.490,1.956,2.423,5662800.0,
2019-01-21,2.389,2.476,2.243,2.383,4091100.0,
2019-01-22,2.349,2.363,2.089,2.276,3809600.0,
2019-01-23,2.249,2.363,2.189,2.309,2127700.0,
2019-01-24,2.316,2.389,2.023,2.209,2947300.0,
2019-01-25,2.216,2.556,2.109,2.303,3914800.0,
2019-01-28,2.303,2.743,2.229,2.730,5897200.0,
2019-01-29,2.703,2.703,2.396,2.523,3430700.0,
2019-01-30,2.430,2.656,2.349,2.416,2980300.0,
2019-01-31,2.376,2.470,2.296,2.396,2471200.0,
2019-02-01,2.423,2.683,2.410,2.656,3099900.0,
2019-02-11,2.743,3.370,2.743,3.290,6811100.0,
2019-02-12,3.210,3.430,3.090,3.250,6082200.0,
2019-02-13,3.310,3.583,3.217,3.357,6323000.0,
2019-02-14,3.483,3.483,3.297,3.477,3380100.0,
2019-02-15,3.410,3.677,3.370,3.483,3479800.0,
2019-02-18,3.577,3.690,3.417,3.630,3477000.0,
2019-02-19,3.617,3.864,3.363,3.530,3500400.0,
2019-02-20,3.530,3.530,3.277,3.337,3857200.0,
2019-02-21,3.430,3.650,3.310,3.457,4227100.0,
2019-02-22,3.230,3.563,3.230,3.530,3144500.0,
2019-02-25,3.650,4.464,3.650,4.277,6664500.0,
2019-02-26,4.304,4.344,3.957,4.044,3500800.0,
2019-02-27,4.077,4.284,3.957,4.104,2831800.0,
2019-02-28,4.104,4.210,3.823,3.924,1811700.0,
2019-03-01,3.910,4.124,3.803,4.030,2179800.0,
2019-03-04,4.010,4.350,3.977,4.117,3980500.0,
2019-03-05,4.084,4.490,3.944,4.410,3777700.0,
2019-03-06,4.430,4.484,4.144,4.310,2727800.0,
2019-03-07,4.310,4.517,4.110,4.310,3010600.0,
2019-03-08,4.217,4.737,3.917,3.917,5043400.0,
2019-03-11,3.830,4.210,3.657,4.170,4916600.0,
2019-03-12,4.290,4.731,4.104,4.611,4523300.0,
2019-03-13,4.891,4.891,3.957,4.064,3827800.0,
2019-03-14,4.057,4.137,3.563,3.723,3522000.0,
2019-03-15,3.723,4.190,3.723,4.077,2928500.0,
2019-03-18,4.090,4.397,3.897,4.304,2946400.0,
2019-03-19,4.477,4.537,4.310,4.424,2305600.0,
2019-03-20,4.457,4.470,4.117,4.330,3535500.0,
2019-03-21,4.317,4.677,4.230,4.397,3123800.0,
2019-03-22,4.390,4.624,4.190,4.424,2885000.0,
2019-03-25,4.310,4.691,4.190,4.344,2749700.0,
2019-03-26,4.477,4.624,4.044,4.097,3236800.0,
2019-03-27,4.237,4.330,3.757,4.150,2964600.0,
2019-03-28,4.350,4.424,4.017,4.097,3381700.0,
2019-03-29,3.970,4.824,3.970,4.604,5014100.0,
2019-04-01,4.791,4.924,4.557,4.884,4647300.0,
2019-04-02,4.891,5.671,4.711,5.631,6603800.0,
2019-04-03,5.418,5.538,5.184,5.338,3884500.0,
2019-04-04,5.338,5.584,5.104,5.237,2467400.0,
2019-04-08,5.084,5.544,4.791,5.117,4418300.0,
2019-04-09,5.117,5.217,4.877,4.911,1971600.0,
2019-04-10,4.844,5.071,4.764,5.057,1836600.0,
2019-04-11,4.917,4.997,4.144,4.190,5053200.0,
2019-04-12,4.277,4.530,4.157,4.217,3273000.0,
2019-04-15,4.297,4.517,4.024,4.044,5621500.0,
2019-04-16,4.190,4.424,3.850,4.350,3702800.0,
2019-04-17,4.424,4.430,4.197,4.270,2454200.0,
2019-04-18,4.264,4.290,3.970,4.090,3731200.0,
2019-04-19,4.157,4.157,3.844,4.124,2985500.0,
2019-04-22,4.124,4.150,3.743,3.884,2683000.0,
2019-04-23,3.723,3.857,3.390,3.610,4914100.0,
2019-04-24,3.610,3.783,3.463,3.737,4405900.0,
2019-04-25,3.703,3.803,3.257,3.303,3655900.0,
2019-04-26,3.223,3.423,2.943,3.070,4498700.0,
2019-04-29,3.070,3.390,2.970,3.143,3004100.0,
2019-04-30,3.143,3.223,2.856,2.996,3315900.0,
2019-05-06,2.816,2.816,2.103,2.263,3880600.0,
2019-05-07,2.470,2.476,2.276,2.410,2336900.0,
2019-05-08,2.156,2.636,2.156,2.323,2731400.0,
2019-05-09,2.329,2.490,2.303,2.376,1951600.0,
2019-05-10,2.410,2.690,2.223,2.456,7389200.0,
2019-05-13,2.436,2.510,2.136,2.323,5970600.0,
2019-05-14,2.203,2.356,2.163,2.176,3773800.0,
2019-05-15,2.249,2.363,2.169,2.363,3200000.0,
2019-05-16,2.329,2.590,2.189,2.470,6514500.0,
2019-05-17,2.556,2.570,1.923,1.996,5808000.0,
2019-05-20,1.949,2.089,1.756,2.089,2562300.0,
2019-05-21,2.009,2.323,1.943,2.216,4660500.0,
2019-05-22,2.236,2.430,2.176,2.389,4975000.0,
2019-05-23,2.309,2.309,1.975,2.055,4019400.0,
2019-05-24,2.022,2.082,1.942,2.028,2015300.0,
2019-05-27,2.008,2.475,1.968,2.475,4344900.0,
2019-05-28,2.462,2.509,2.329,2.349,3006300.0,
2019-05-29,2.315,2.929,2.315,2.735,7110100.0,
2019-05-30,2.642,2.809,2.515,2.729,5037900.0,
2019-05-31,2.669,2.789,2.495,2.615,3541200.0,
2019-06-03,2.575,2.615,1.762,1.922,9019000.0,
2019-06-04,1.982,1.995,1.642,1.748,3864000.0,
2019-06-05,1.855,1.902,1.642,1.742,2969500.0,
2019-06-06,1.728,1.775,1.415,1.488,3670900.0,
2019-06-10,1.482,1.808,1.475,1.728,3014500.0,
2019-06-11,1.782,2.008,1.648,1.975,3430200.0,
2019-06-12,2.042,2.129,1.928,1.982,5226600.0,
2019-06-13,1.975,2.042,1.875,1.935,3224300.0,
2019-06-14,2.002,2.129,1.702,1.702,3659400.0,
2019-06-17,1.855,1.875,1.675,1.775,2332100.0,
2019-06-18,1.708,1.842,1.655,1.728,2069700.0,
2019-06-19,1.908,1.982,1.795,1.895,4762900.0,
2019-06-20,1.875,2.108,1.782,2.028,4105200.0,
2019-06-21,2.035,2.362,2.035,2.262,4584600.0,
2019-06-24,2.322,2.389,2.209,2.382,3817500.0,
2019-06-25,2.629,3.109,2.382,2.555,12893300.0,
2019-06-26,2.309,2.795,2.295,2.549,7295300.0,
2019-06-27,2.522,2.702,2.409,2.535,6908700.0,
2019-06-28,2.482,2.675,2.269,2.509,6102300.0,
2019-07-01,2.942,3.209,2.695,3.109,13936400.0,
2019-07-02,3.036,3.036,2.749,2.829,9209000.0,
2019-07-03,2.782,2.849,2.649,2.742,3837800.0,
2019-07-04,2.802,2.829,2.622,2.709,3699500.0,
2019-07-05,2.709,2.742,2.549,2.709,3116600.0,
2019-07-08,2.715,2.715,2.215,2.322,5498900.0,
2019-07-09,2.375,2.415,2.222,2.275,2646500.0,
2019-07-10,2.309,2.335,2.028,2.108,3493000.0,
2019-07-11,2.169,2.309,2.088,2.209,3731000.0,
2019-07-12,2.235,2.575,2.202,2.535,8523200.0,
2019-07-15,2.522,2.522,1.848,2.189,9242200.0,
2019-07-16,2.189,2.709,2.008,2.675,11408500.0,
2019-07-17,2.482,2.562,2.375,2.395,8735600.0,
2019-07-18,2.395,2.409,2.122,2.122,5364700.0,
2019-07-19,2.142,2.235,2.115,2.142,2724400.0,
2019-07-22,2.202,2.235,1.848,1.888,3360400.0,
2019-07-23,1.842,2.068,1.842,2.015,2239600.0,
2019-07-24,2.015,2.209,2.015,2.182,3206600.0,
2019-07-25,2.189,2.215,2.142,2.202,1912400.0,
2019-07-26,2.209,2.269,2.062,2.255,2754100.0,
2019-07-29,2.315,2.402,2.195,2.235,3094000.0,
2019-07-30,2.229,2.415,2.175,2.362,3680000.0,
2019-07-31,2.362,2.489,2.255,2.335,3342000.0,
2019-08-01,2.335,2.502,2.282,2.469,4240000.0,
2019-08-02,2.275,2.402,2.229,2.389,3589100.0,
2019-08-05,2.362,2.469,2.249,2.255,3397300.0,
2019-08-06,2.042,2.075,1.755,1.915,4794800.0,
2019-08-07,1.928,1.995,1.775,1.775,2730000.0,
2019-08-08,1.782,1.895,1.782,1.815,2487400.0,
2019-08-09,1.915,1.975,1.682,1.775,2704100.0,
2019-08-12,1.862,1.922,1.735,1.922,1792900.0,
2019-08-13,1.848,1.942,1.808,1.908,2011300.0,
2019-08-14,1.988,2.075,1.962,2.008,2983300.0,
2019-08-15,1.722,2.075,1.722,2.062,2912800.0,
2019-08-16,2.055,2.442,2.028,2.222,4838800.0,
2019-08-19,2.309,2.856,2.309,2.782,10197500.0,
2019-08-20,2.795,3.102,2.689,3.029,11012400.0,
2019-08-21,3.056,3.336,2.902,3.189,8913300.0,
2019-08-22,3.196,3.676,3.196,3.563,10000100.0,
2019-08-23,3.509,3.656,3.382,3.609,7665300.0,
2019-08-26,3.342,3.509,3.282,3.436,8320700.0,
2019-08-27,3.502,3.649,3.309,3.376,6238900.0,
2019-08-28,3.376,3.496,3.322,3.396,4155100.0,
2019-08-29,3.362,3.436,3.289,3.416,4439100.0,
2019-08-30,3.416,3.589,3.116,3.142,6159800.0,
2019-09-02,3.249,3.823,3.236,3.643,11804500.0,
2019-09-03,3.643,3.763,3.429,3.583,7065000.0,
2019-09-04,3.516,4.089,3.376,3.936,13441700.0,
2019-09-05,4.029,4.249,3.776,4.116,11089800.0,
2019-09-06,4.016,4.396,3.909,4.143,8113700.0,
2019-09-09,4.209,4.977,4.209,4.783,13520800.0,
2019-09-10,4.863,4.943,4.476,4.696,6590900.0,
2019-09-11,4.710,4.830,4.470,4.536,5436700.0,
2019-09-12,4.643,5.003,4.476,4.903,5715800.0,
2019-09-16,4.830,4.943,4.490,4.590,5813400.0,
2019-09-17,4.590,4.736,4.350,4.423,5761200.0,
2019-09-18,4.490,4.570,4.216,4.450,3545300.0,
2019-09-19,4.476,4.890,4.410,4.816,5965500.0,
2019-09-20,4.816,4.816,4.550,4.603,4476700.0,
2019-09-23,4.523,4.776,4.450,4.710,4196000.0,
2019-09-24,4.670,5.163,4.476,5.017,7697500.0,
2019-09-25,4.970,5.110,4.490,4.610,5614700.0,
2019-09-26,4.636,4.690,4.023,4.303,4683000.0,
2019-09-27,4.263,4.796,4.263,4.676,5190100.0,
2019-09-30,4.776,4.776,4.229,4.310,4138000.0,
2019-10-08,4.256,4.310,4.009,4.023,3351100.0,
2019-10-09,4.109,4.270,3.856,4.043,4872100.0,
2019-10-10,4.029,4.410,4.029,4.363,4466100.0,
2019-10-11,4.476,4.476,3.909,3.909,7581000.0,
2019-10-14,3.983,4.290,3.943,4.176,6827400.0,
2019-10-15,4.083,4.203,3.816,3.923,5507600.0,
2019-10-16,3.989,4.069,3.816,3.849,3406800.0,
2019-10-17,3.849,3.983,3.743,3.876,3217600.0,
2019-10-18,3.809,4.123,3.689,3.803,3813900.0,
2019-10-21,3.803,3.803,3.496,3.576,3770900.0,
2019-10-22,3.676,4.156,3.636,4.063,5351800.0,
2019-10-23,3.989,4.189,3.889,3.989,2833300.0,
2019-10-24,4.116,4.176,3.623,3.716,4795300.0,
2019-10-25,3.736,4.410,3.683,4.310,6462700.0,
2019-10-28,4.450,4.703,4.183,4.410,8519000.0,
2019-10-29,4.410,4.423,4.209,4.350,5099800.0,
2019-10-30,4.316,4.316,4.036,4.089,4642900.0,
2019-10-31,3.609,3.956,3.349,3.569,7872400.0,
2019-11-01,3.616,3.643,3.369,3.576,4732200.0,
2019-11-04,3.543,3.889,3.543,3.756,4187100.0,
2019-11-05,3.836,3.943,3.729,3.856,2793100.0,
2019-11-06,3.876,4.076,3.709,3.756,3400600.0,
2019-11-07,3.809,4.083,3.709,4.069,3704100.0,
2019-11-08,4.089,4.176,3.936,3.976,3473100.0,
2019-11-11,3.909,3.909,3.676,3.796,2705000.0,
2019-11-12,3.776,3.803,3.429,3.709,3244100.0,
2019-11-13,3.783,4.290,3.689,4.136,6586100.0,
2019-11-14,4.143,4.403,4.009,4.136,4017600.0,
2019-11-15,4.176,4.596,4.009,4.476,7122600.0,
2019-11-18,4.443,4.750,4.376,4.576,6232500.0,
2019-11-19,4.583,4.676,4.516,4.596,2809500.0,
2019-11-20,4.570,4.643,4.410,4.436,2461500.0,
2019-11-21,4.490,4.656,4.276,4.603,3237900.0,
2019-11-22,4.536,4.576,4.109,4.163,5017700.0,
2019-11-25,4.243,4.270,3.543,3.936,2649100.0,
2019-11-26,4.123,4.123,3.923,3.983,2350800.0,
2019-11-27,4.029,4.296,3.889,4.216,2364200.0,
2019-11-28,4.270,4.503,4.236,4.363,2769000.0,
2019-11-29,4.310,4.423,4.209,4.383,2001200.0,
2019-12-02,4.430,4.896,4.330,4.823,7078100.0,
2019-12-03,4.803,4.997,4.676,4.963,4863200.0,
2019-12-04,4.816,5.077,4.816,4.950,3673100.0,
2019-12-05,4.990,5.143,4.856,4.997,3858400.0,
2019-12-06,5.097,5.223,4.890,5.043,3580500.0,
2019-12-09,5.183,5.183,4.883,5.010,2629600.0,
2019-12-10,4.990,5.150,4.830,5.003,3378800.0,
2019-12-11,5.017,5.403,4.823,4.863,5049300.0,
2019-12-12,4.776,5.643,4.776,5.317,9493800.0,
2019-12-13,5.370,5.837,5.343,5.650,8416900.0,
2019-12-16,5.844,5.904,5.523,5.704,6693100.0,
2019-12-17,5.744,5.804,5.430,5.577,6284000.0,
2019-12-18,5.577,5.750,5.483,5.650,3880100.0,
2019-12-19,5.603,6.037,5.410,5.824,6746000.0,
2019-12-20,5.697,5.844,5.430,5.523,5054200.0,
2019-12-23,5.503,5.643,5.197,5.270,5287300.0,
2019-12-24,5.357,5.530,5.157,5.270,5265200.0,
2019-12-25,5.270,5.684,5.157,5.610,7497400.0,
2019-12-26,5.523,5.757,5.523,5.563,3650600.0,
2019-12-27,5.570,6.431,5.310,6.304,14438000.0,
2019-12-30,6.070,6.424,5.977,6.390,9332600.0,
2019-12-31,6.390,6.877,6.244,6.644,8491300.0,
2020-01-02,7.898,7.898,7.191,7.898,14472900.0,
2020-01-03,8.958,9.279,8.498,8.825,29787400.0,
2020-01-06,8.445,8.838,7.911,8.612,20483900.0,
2020-01-07,8.465,9.585,8.285,9.112,20518100.0,
2020-01-08,8.712,8.972,8.165,8.178,14437500.0,
2020-01-09,8.405,8.531,8.091,8.378,7546800.0,
2020-01-10,8.458,8.498,7.978,8.111,7066100.0,
2020-01-13,8.198,8.678,8.031,8.572,11181900.0,
2020-01-14,8.652,9.038,8.285,8.391,8447500.0,
2020-01-15,8.251,8.745,7.978,8.598,7671900.0,
2020-01-16,8.491,8.845,8.458,8.538,6696800.0,
2020-01-17,8.585,9.579,8.585,9.392,14691600.0,
2020-01-20,9.245,10.919,9.172,10.919,12532400.0,
2020-01-21,11.359,11.946,10.499,10.579,18167300.0,
2020-01-22,10.459,11.513,10.319,11.159,13497900.0,
2020-01-23,10.572,10.833,9.452,9.579,19205500.0,
2020-02-03,8.031,8.031,8.031,8.031,778600.0,
2020-02-04,6.644,8.545,6.644,8.345,12794900.0,
2020-02-05,8.298,9.078,8.045,8.558,12718400.0,
2020-02-06,8.705,9.345,8.138,9.085,10505600.0,
2020-02-07,8.818,9.085,8.271,8.978,10334900.0,
2020-02-10,8.978,10.426,8.978,9.719,11862400.0,
2020-02-11,9.779,10.086,9.292,9.712,8387600.0,
2020-02-12,10.066,10.559,9.765,10.479,11463600.0,
2020-02-13,10.592,11.440,10.319,10.646,12074400.0,
2020-02-14,10.646,12.066,10.646,11.613,13286100.0,
2020-02-17,11.653,13.367,11.286,12.867,12688700.0,
2020-02-18,12.587,14.741,12.567,14.741,11876300.0,
2020-02-19,16.802,16.802,14.661,15.081,23187900.0,
2020-02-20,15.115,15.948,14.321,15.388,17003600.0,
2020-02-21,14.934,15.888,14.648,15.661,15608000.0,
2020-02-24,15.121,15.555,13.594,15.308,15793300.0,
2020-02-25,14.581,15.061,13.187,14.047,17687200.0,
2020-02-26,13.494,13.781,12.287,12.600,14856900.0,
2020-02-27,12.767,13.187,12.253,12.413,11315100.0,
2020-02-28,11.400,11.780,10.586,10.586,14435500.0,
2020-03-02,10.919,11.379,10.519,10.959,11376700.0,
2020-03-03,11.453,12.006,10.879,10.999,12370600.0,
2020-03-04,11.039,11.393,10.386,10.966,8885700.0,
2020-03-05,11.299,12.006,11.126,11.780,13295000.0,
2020-03-06,11.446,12.753,11.313,12.280,12364200.0,
2020-03-09,11.846,12.880,11.780,12.347,11386000.0,
2020-03-10,12.313,12.707,11.246,12.540,12419400.0,
2020-03-11,12.660,12.780,11.019,11.019,12936800.0,
2020-03-12,10.452,11.179,10.179,10.512,8104300.0,
2020-03-13,9.359,10.946,9.345,10.552,9981900.0,
2020-03-16,10.779,11.179,9.405,9.619,9411100.0,
2020-03-17,9.912,10.379,8.998,10.246,9823400.0,
2020-03-18,10.532,11.073,10.179,10.179,9661400.0,
2020-03-19,10.259,10.906,10.032,10.826,9261400.0,
2020-03-20,11.059,11.059,10.172,10.419,6754900.0,
2020-03-23,9.679,9.959,8.845,8.965,11256600.0,
2020-03-24,9.445,9.479,8.218,9.112,7163300.0,
2020-03-25,9.512,9.772,9.319,9.419,6501800.0,
2020-03-26,9.452,9.599,9.052,9.125,5826700.0,
2020-03-27,9.372,9.419,8.778,8.892,4201500.0,
2020-03-30,8.585,8.592,7.738,8.111,6596800.0,
2020-03-31,8.371,8.371,7.991,7.991,3591600.0,
2020-04-01,8.031,8.465,7.925,8.078,3523800.0,
2020-04-02,8.031,8.925,7.998,8.918,5699500.0,
2020-04-03,8.785,8.985,8.365,8.465,4470300.0,
2020-04-07,8.825,9.152,8.725,8.838,4788000.0,
2020-04-08,8.798,9.245,8.778,8.878,4628800.0,
2020-04-09,8.992,9.365,8.878,9.292,6116400.0,
2020-04-10,9.198,9.392,8.098,8.378,7184900.0,
2020-04-13,7.911,8.158,7.498,7.704,6278000.0,
2020-04-14,7.778,8.245,7.711,8.178,4331300.0,
2020-04-15,8.225,8.685,8.191,8.278,5309800.0,
2020-04-16,8.231,8.672,7.951,8.578,5454600.0,
2020-04-17,8.818,9.112,8.678,8.812,4920100.0,
2020-04-20,8.845,9.032,8.605,8.992,3254100.0,
2020-04-21,8.938,8.952,8.351,8.885,3905100.0,
2020-04-22,8.812,9.425,8.725,8.972,5471100.0,
2020-04-23,9.118,9.185,8.511,8.618,4923800.0,
2020-04-24,8.805,8.832,8.111,8.285,3798500.0,
2020-04-27,8.285,8.431,8.038,8.131,2556000.0,
2020-04-28,8.185,8.331,7.311,8.151,4263700.0,
2020-04-29,7.998,8.565,7.878,8.305,3211000.0,
2020-04-30,8.438,9.725,8.238,9.725,8353800.0,
2020-05-06,9.725,10.366,9.579,10.212,8306800.0,
2020-05-07,10.239,10.506,10.086,10.166,5178200.0,
2020-05-08,10.339,10.559,10.099,10.226,4492300.0,
2020-05-11,10.352,10.973,10.179,10.386,5703300.0,
2020-05-12,10.252,10.506,9.986,10.379,4604600.0,
2020-05-13,10.479,10.479,10.172,10.246,3173500.0,
2020-05-14,10.279,10.566,10.059,10.072,4228600.0,
2020-05-15,10.179,10.619,9.992,10.132,7063300.0,
2020-05-18,10.226,10.426,9.459,9.745,6201400.0,
2020-05-19,9.812,10.279,9.739,10.152,5565600.0,
2020-05-20,10.246,10.873,10.052,10.132,10622700.0,
2020-05-21,10.372,10.439,8.945,9.098,8743200.0,
2020-05-22,8.978,9.238,8.338,8.592,5937000.0,
2020-05-25,8.578,8.712,8.051,8.311,4301000.0,
2020-05-26,8.445,8.572,8.258,8.471,4996000.0,
2020-05-27,8.445,8.505,8.058,8.225,4169000.0,
2020-05-28,8.298,8.298,7.624,7.831,6039400.0,
2020-05-29,7.744,7.938,7.604,7.784,2977200.0,
2020-06-01,7.931,8.638,7.845,8.471,5778100.0,
2020-06-02,8.438,9.018,8.438,8.945,6698700.0,
2020-06-03,8.945,9.238,8.692,8.932,6185400.0,
2020-06-04,8.925,9.312,8.705,8.812,3809700.0,
2020-06-05,8.812,9.132,8.778,8.978,3719300.0,
2020-06-08,9.138,9.272,8.812,8.958,3918300.0,
2020-06-09,8.878,9.572,8.758,8.932,6047500.0,
2020-06-10,8.744,8.951,8.350,8.804,6518100.0,
2020-06-11,8.691,9.304,8.651,8.884,6324700.0,
2020-06-12,8.530,8.597,8.297,8.397,5645000.0,
2020-06-15,8.370,8.444,7.977,7.977,4396600.0,
2020-06-16,8.130,8.544,8.044,8.544,4075300.0,
2020-06-17,8.711,8.731,8.284,8.510,3802300.0,
2020-06-18,8.277,8.444,8.024,8.357,6066300.0,
2020-06-19,8.384,8.444,8.150,8.277,4715200.0,
2020-06-22,8.364,9.684,8.344,9.684,11205700.0,
2020-06-23,9.951,10.098,9.544,9.784,16686300.0,
2020-06-24,9.704,10.025,9.558,9.698,10246700.0,
2020-06-29,9.924,10.078,9.398,9.911,9591100.0,
2020-06-30,9.911,10.545,9.778,10.091,13188600.0,
2020-07-01,10.245,10.598,9.844,10.125,10507000.0,
2020-07-02,10.245,10.538,10.131,10.405,8275500.0,
2020-07-03,10.498,10.678,10.211,10.391,8067300.0,
2020-07-06,10.465,11.752,10.465,11.325,11380400.0,
2020-07-07,11.345,12.092,11.345,11.465,12025600.0,
2020-07-08,11.465,11.805,11.332,11.652,8535500.0,
2020-07-09,11.592,12.946,11.505,12.719,11073500.0,
2020-07-10,12.546,13.079,12.232,12.472,8591100.0,
2020-07-13,12.499,13.199,12.492,12.812,8703700.0,
2020-07-14,12.746,13.013,11.625,12.139,12190700.0,
2020-07-15,12.259,12.359,10.992,11.018,10489600.0,
2020-07-16,11.078,11.318,9.844,9.904,9419700.0,
2020-07-17,10.125,10.511,9.611,9.958,7554400.0,
2020-07-20,10.245,10.545,9.958,10.405,6962000.0,
2020-07-21,10.378,10.511,9.991,10.185,6849800.0,
2020-07-22,10.291,10.671,10.078,10.511,7464100.0,
2020-07-23,10.298,10.765,9.985,10.418,6384100.0,
2020-07-24,10.405,10.451,9.398,9.418,7739900.0,
2020-07-27,9.318,9.531,8.997,9.137,4875800.0,
2020-07-28,9.264,9.644,9.097,9.291,3770900.0,
2020-07-29,9.364,9.871,9.117,9.811,4976000.0,
2020-07-30,9.811,10.011,9.551,9.724,3607600.0,
2020-07-31,9.658,9.978,9.578,9.811,4145400.0,
2020-08-03,10.178,10.671,9.951,10.638,9274200.0,
2020-08-04,10.712,11.232,10.471,10.618,8405400.0,
2020-08-05,11.078,11.632,10.785,11.358,10819900.0,
2020-08-06,11.332,11.352,10.818,11.045,7026500.0,
2020-08-07,10.852,11.032,10.211,10.591,6256400.0,
2020-08-10,10.591,11.405,10.418,10.825,7121300.0,
2020-08-11,10.978,10.998,10.065,10.118,6330300.0,
2020-08-12,9.931,10.118,9.211,9.684,5192900.0,
2020-08-13,9.744,9.871,9.444,9.544,3084900.0,
2020-08-14,9.538,9.764,9.391,9.731,2486000.0,
2020-08-17,9.738,10.038,9.651,10.018,4182800.0,
2020-08-18,10.078,10.265,9.985,10.031,3127400.0,
2020-08-19,10.031,10.031,9.564,9.578,2911400.0,
2020-08-20,9.744,9.831,9.478,9.658,2512200.0,
2020-08-21,9.684,9.831,9.558,9.644,2799500.0,
2020-08-24,9.618,10.125,9.398,9.918,3955100.0,
2020-08-25,9.931,11.492,9.931,11.492,10176800.0,
2020-08-26,11.612,11.679,10.538,10.858,13719800.0,
2020-08-27,10.745,10.812,10.011,10.605,8427600.0,
2020-08-28,10.411,11.012,10.358,10.932,6677300.0,
2020-08-31,10.998,11.405,10.678,11.025,7959100.0,
2020-09-01,11.025,11.312,10.798,11.245,5244700.0,
2020-09-02,11.345,11.345,10.872,10.918,4527300.0,
2020-09-03,10.812,10.812,10.351,10.478,4660400.0,
2020-09-04,10.178,10.805,10.111,10.631,4170400.0,
2020-09-07,10.778,11.065,10.145,10.198,4576300.0,
2020-09-08,10.178,10.478,9.878,10.231,3468300.0,
2020-09-09,10.025,10.078,8.944,8.951,7850800.0,
2020-09-10,9.204,9.204,8.117,8.117,6077200.0,
2020-09-11,8.070,8.584,8.030,8.504,4011500.0,
2020-09-14,8.517,8.911,8.517,8.844,3711100.0,
2020-09-15,8.857,8.951,8.684,8.864,2216300.0,
2020-09-16,8.784,8.911,8.677,8.744,1817200.0,
2020-09-17,8.697,9.104,8.484,8.944,3180300.0,
2020-09-18,8.917,9.318,8.711,9.111,3719900.0,
2020-09-21,9.157,9.451,8.944,9.037,2855700.0,
2020-09-22,8.817,9.011,8.644,8.711,2369600.0,
2020-09-23,8.744,8.924,8.551,8.811,2980200.0,
2020-09-24,8.677,8.731,8.317,8.444,2639300.0,
2020-09-25,8.510,8.664,8.270,8.330,2340000.0,
2020-09-28,8.357,8.470,7.884,8.024,2526200.0,
2020-09-29,8.064,8.404,8.064,8.310,2187900.0,
2020-09-30,8.344,8.470,7.944,8.064,1920100.0,
2020-10-09,8.344,9.077,8.344,8.997,4120100.0,
2020-10-12,9.084,9.518,9.077,9.444,4585100.0,
2020-10-13,9.371,9.438,9.211,9.378,2791100.0,
2020-10-14,9.384,9.384,9.164,9.217,2078100.0,
2020-10-15,9.284,9.311,8.977,8.984,2131100.0,
2020-10-16,9.017,9.111,8.724,8.811,2308600.0,
2020-10-19,8.811,9.077,8.611,8.631,2468700.0,
2020-10-20,8.577,9.077,8.444,9.037,2382800.0,
2020-10-21,9.131,9.131,8.591,8.597,2716900.0,
2020-10-22,8.597,8.717,8.444,8.591,1571400.0,
2020-10-23,8.657,8.764,8.224,8.230,2227300.0,
2020-10-26,8.210,8.477,7.910,8.284,2304300.0,
2020-10-27,8.217,8.444,8.104,8.444,1855500.0,
2020-10-28,8.444,8.577,8.237,8.490,2118300.0,
2020-10-29,8.144,8.144,7.063,7.063,11166800.0,
2020-10-30,6.930,7.257,6.790,6.823,5842400.0,
2020-11-02,6.876,6.876,6.343,6.463,4038400.0,
2020-11-03,6.476,6.676,6.430,6.623,3051500.0,
2020-11-04,6.630,6.750,6.450,6.650,2621400.0,
2020-11-05,6.743,6.890,6.563,6.843,3037300.0,
2020-11-06,6.843,6.936,6.643,6.756,2708800.0,
2020-11-09,6.870,7.477,6.810,7.297,4919400.0,
2020-11-10,7.343,7.677,7.217,7.403,4038900.0,
2020-11-11,7.403,7.470,6.976,7.050,2790800.0,
2020-11-12,7.137,7.143,6.830,6.930,2183800.0,
2020-11-13,6.870,7.103,6.763,6.910,2615700.0,
2020-11-16,6.983,7.263,6.950,7.063,2777100.0,
2020-11-17,7.036,7.163,6.596,6.810,3086700.0,
2020-11-18,6.776,6.910,6.636,6.816,2113000.0,
2020-11-19,6.816,6.836,6.616,6.796,1906200.0,
2020-11-20,6.796,6.843,6.603,6.816,2094300.0,
2020-11-23,6.830,7.397,6.696,7.310,5337300.0,
2020-11-24,7.243,7.290,7.063,7.217,2942200.0,
2020-11-25,7.157,7.577,7.117,7.303,5368100.0,
2020-11-26,7.243,7.337,7.003,7.043,2665700.0,
2020-11-27,7.010,7.663,6.963,7.337,4796900.0,
2020-11-30,7.663,8.110,7.517,7.877,8702200.0,
2020-12-01,7.884,7.970,7.683,7.777,3763200.0,
2020-12-02,8.010,8.831,7.944,8.631,11337700.0,
2020-12-03,8.704,8.731,8.390,8.577,5456200.0,
2020-12-04,8.784,9.024,8.644,8.791,7969400.0,
2020-12-07,8.884,8.911,8.591,8.797,5420600.0,
2020-12-08,8.791,8.877,8.430,8.564,4448100.0,
2020-12-09,8.677,8.744,8.150,8.250,3370200.0,
2020-12-10,8.084,8.264,7.877,8.144,2868500.0,
2020-12-11,8.150,8.410,7.864,8.197,3862500.0,
2020-12-14,8.297,8.864,8.090,8.731,4819900.0,
2020-12-15,8.677,9.318,8.490,8.971,7681800.0,
2020-12-16,9.017,9.117,8.110,8.224,7305400.0,
2020-12-17,8.184,8.591,7.984,8.591,5157000.0,
2020-12-18,8.817,9.771,8.664,9.004,10393100.0,
2020-12-21,9.171,9.611,9.091,9.578,9608000.0,
2020-12-22,9.731,9.751,9.291,9.418,7026700.0,
2020-12-23,9.331,10.011,9.331,9.991,10695500.0,
2020-12-24,10.078,10.278,9.544,9.664,7316500.0,
2020-12-25,9.644,10.098,9.231,10.085,8140200.0,
2020-12-28,10.265,10.291,9.458,9.611,7003800.0,
2020-12-29,9.511,9.544,8.957,9.278,6187300.0,
2020-12-30,9.338,10.131,9.278,9.931,7765600.0,
2020-12-31,9.878,10.345,9.744,9.891,5859100.0,
2021-01-04,9.858,10.545,9.658,10.378,8702400.0,
2021-01-05,10.098,10.852,10.098,10.565,8025300.0,
2021-01-06,10.478,10.611,9.891,9.998,6293500.0,
2021-01-07,9.944,10.131,9.511,9.678,6123500.0,
2021-01-08,9.598,9.664,8.937,9.071,6392800.0,
2021-01-11,9.077,9.184,8.210,8.430,6283300.0,
2021-01-12,8.444,8.697,7.930,8.404,5626300.0,
2021-01-13,8.390,8.390,7.263,7.757,9917500.0,
2021-01-14,7.610,8.150,7.277,8.050,6754200.0,
2021-01-15,7.877,8.210,7.770,7.877,3319000.0,
2021-01-18,7.837,8.544,7.723,8.424,4851700.0,
2021-01-19,8.397,8.490,7.777,7.830,4978800.0,
2021-01-20,7.790,8.030,7.717,7.844,3321400.0,
2021-01-21,7.904,8.177,7.683,7.997,3841700.0,
2021-01-22,7.924,7.937,7.510,7.603,4418100.0,
2021-01-25,7.603,7.857,7.210,7.563,5944300.0,
2021-01-26,7.610,7.790,7.343,7.397,3426600.0,
2021-01-27,7.397,7.523,7.056,7.103,3444100.0,
2021-01-28,7.010,7.250,6.910,7.023,2206300.0,
2021-01-29,7.090,7.243,6.456,6.610,3958700.0,
2021-02-01,6.570,6.836,6.456,6.716,2826600.0,
2021-02-02,6.776,6.936,6.623,6.916,2430900.0,
2021-02-03,7.010,7.076,6.343,6.396,3801500.0,
2021-02-04,6.349,6.349,5.349,5.642,7086500.0,
2021-02-05,5.649,5.963,5.469,5.649,3699700.0,
2021-02-08,5.616,5.729,5.396,5.569,2194300.0,
2021-02-09,5.576,6.136,5.576,6.023,2577600.0,
2021-02-10,6.129,6.329,5.996,6.296,2424100.0,
2021-02-18,6.410,6.970,6.410,6.643,3629400.0,
2021-02-19,6.643,6.843,6.209,6.743,3054600.0,
2021-02-22,6.776,7.317,6.710,6.730,4895100.0,
2021-02-23,6.883,6.956,6.576,6.823,3769700.0,
2021-02-24,6.690,6.950,6.610,6.736,2756600.0,
2021-02-25,6.796,6.803,6.416,6.430,2287600.0,
2021-02-26,6.423,6.476,6.096,6.163,2431300.0,
2021-03-01,6.249,6.676,6.216,6.663,2665300.0,
2021-03-02,6.650,7.110,6.590,6.850,4889900.0,
2021-03-03,6.850,6.916,6.650,6.896,2841800.0,
2021-03-04,6.896,7.197,6.590,6.656,3090100.0,
2021-03-05,6.369,6.676,6.349,6.663,2470600.0,
2021-03-08,6.770,6.850,5.689,5.976,6300300.0,
2021-03-09,5.856,5.969,5.116,5.469,4565400.0,
2021-03-10,5.516,5.642,5.296,5.469,2004900.0,
2021-03-11,5.462,5.876,5.462,5.743,2737500.0,
2021-03-12,5.729,5.876,5.629,5.776,2064000.0,
2021-03-15,5.736,5.916,5.562,5.763,1827100.0,
2021-03-16,5.823,5.969,5.649,5.883,3591000.0,
2021-03-17,5.976,6.590,5.776,6.063,5461300.0,
2021-03-18,5.956,6.083,5.783,5.943,3032400.0,
2021-03-19,5.803,5.943,5.763,5.836,1595900.0,
2021-03-22,5.836,6.096,5.796,6.083,2251000.0,
2021-03-23,6.076,6.183,5.829,5.876,1925700.0,
2021-03-24,6.036,6.189,5.916,6.043,2639600.0,
2021-03-25,5.923,5.956,5.716,5.756,2433600.0,
2021-03-26,5.716,6.129,5.709,6.083,2880300.0,
2021-03-29,6.083,6.276,5.989,6.116,2228500.0,
2021-03-30,6.103,6.236,5.949,6.229,2110400.0,
2021-03-31,6.016,6.016,5.816,5.876,2175600.0,
2021-04-01,5.929,6.096,5.889,6.009,1932600.0,
2021-04-02,6.176,6.876,6.029,6.523,7214700.0,
2021-04-06,6.590,6.856,6.430,6.676,4873700.0,
2021-04-07,6.703,6.743,6.470,6.616,2939900.0,
2021-04-08,6.596,6.690,6.443,6.470,2647800.0,
2021-04-09,6.443,6.570,6.349,6.410,1524000.0,
2021-04-12,6.410,6.410,5.936,6.023,2990600.0,
2021-04-13,6.003,6.076,5.843,5.943,1988400.0,
2021-04-14,5.883,6.089,5.883,6.016,1616100.0,
2021-04-15,6.023,6.023,5.649,5.763,2338500.0,
2021-04-16,5.763,6.029,5.723,5.923,1663800.0,
2021-04-19,5.923,6.430,5.883,6.416,3677600.0,
2021-04-20,6.456,6.496,6.236,6.243,2105400.0,
2021-04-21,6.256,6.276,6.009,6.129,1474100.0,
2021-04-22,6.169,6.456,6.116,6.309,2822700.0,
2021-04-23,6.316,6.570,6.196,6.416,3369800.0,
2021-04-26,6.430,6.730,6.410,6.510,4633100.0,
2021-04-27,6.616,6.730,6.363,6.516,2575500.0,
2021-04-28,6.476,6.596,6.329,6.510,2423200.0,
2021-04-29,6.456,6.643,6.343,6.383,2300800.0,
2021-04-30,6.363,6.470,6.196,6.316,2766600.0,
2021-05-06,6.410,6.470,6.276,6.376,1965100.0,
2021-05-07,6.369,6.590,6.216,6.516,3004100.0,
2021-05-10,6.516,6.576,5.723,5.809,5735200.0,
2021-05-11,5.789,5.923,5.576,5.836,2247500.0,
2021-05-12,5.763,6.103,5.736,6.076,1759700.0,
2021-05-13,5.943,6.069,5.816,5.843,1800200.0,
2021-05-14,5.869,5.909,5.796,5.876,1613500.0,
2021-05-17,5.796,6.103,5.796,5.956,2244000.0,
2021-05-18,6.023,6.023,5.809,5.869,1664500.0,
2021-05-19,5.796,5.849,5.542,5.823,2379700.0,
2021-05-20,5.823,5.823,5.576,5.656,2094000.0,
2021-05-21,5.662,5.749,5.422,5.462,2955100.0,
2021-05-24,5.342,5.576,5.309,5.542,1799300.0,
2021-05-25,5.522,5.636,5.442,5.589,2219200.0,
2021-05-26,5.709,5.863,5.589,5.769,2743800.0,
2021-05-27,5.769,6.596,5.743,6.503,8845300.0,
2021-05-28,6.656,6.903,6.503,6.590,6150300.0,
2021-05-31,6.590,7.530,6.543,7.397,8686400.0,
2021-06-01,7.417,7.890,7.270,7.757,9069300.0,
2021-06-02,7.737,8.064,7.630,7.904,7872000.0,
2021-06-03,7.723,8.057,7.663,7.697,4686400.0,
2021-06-04,7.710,8.090,7.577,7.984,5278500.0,
2021-06-07,8.184,8.564,7.924,8.490,7176700.0,
2021-06-08,8.917,8.917,8.324,8.577,8221600.0,
2021-06-09,8.390,8.857,8.390,8.737,5268100.0,
2021-06-10,8.851,9.564,8.817,9.391,7378800.0,
2021-06-11,9.264,9.578,8.971,9.298,5727000.0,
2021-06-15,9.311,9.751,9.244,9.391,5695000.0,
2021-06-16,9.658,9.658,8.857,8.924,8153900.0,
2021-06-17,9.071,9.771,8.931,9.671,8495100.0,
2021-06-18,9.391,10.025,9.391,9.778,5853500.0,
2021-06-21,9.964,9.991,9.471,9.564,4657700.0,
2021-06-22,9.564,9.618,9.298,9.491,4359500.0,
2021-06-23,9.418,9.831,9.244,9.571,4266600.0,
2021-06-24,9.624,9.664,9.157,9.518,5054300.0,
2021-06-25,9.518,9.678,9.177,9.618,4610300.0,
2021-06-28,9.638,10.111,9.358,10.045,7325400.0,
2021-06-29,9.951,10.185,9.824,9.871,5777600.0,
2021-06-30,9.924,10.311,9.798,9.991,4703800.0,
2021-07-01,10.011,10.045,9.644,9.744,4731900.0,
2021-07-02,9.571,10.025,9.571,9.791,3778800.0,
2021-07-05,9.924,10.165,9.704,10.051,3869500.0,
2021-07-06,10.045,10.692,9.658,10.138,7569400.0,
2021-07-07,10.178,11.092,9.724,11.018,9245700.0,
2021-07-08,11.318,11.592,10.598,10.772,9075700.0,
2021-07-09,10.932,11.879,10.605,11.585,9909000.0,
2021-07-12,11.465,12.092,11.345,11.439,7479100.0,
2021-07-13,11.325,11.579,10.965,11.372,6966900.0,
2021-07-14,11.138,11.832,10.865,11.252,5946400.0,
2021-07-15,11.178,11.532,10.458,11.292,8057200.0,
2021-07-16,11.278,12.659,11.198,12.319,11172300.0,
2021-07-19,12.279,12.479,11.318,11.392,8768600.0,
2021-07-20,11.158,11.799,10.998,11.332,5813800.0,
2021-07-21,11.645,13.033,11.459,13.033,9121600.0,
2021-07-22,13.660,14.907,13.660,14.907,9050400.0,
2021-07-23,15.660,16.241,14.933,15.594,24805300.0,
2021-07-26,15.994,17.428,15.454,16.114,18698300.0,
2021-07-27,15.994,16.641,15.134,15.260,14241000.0,
2021-07-28,14.833,16.294,14.340,15.660,14234400.0,
2021-07-29,16.327,17.148,15.861,16.721,12764600.0,
2021-07-30,16.007,16.761,15.660,16.021,9654000.0,
2021-08-02,16.034,17.361,15.881,16.628,10758200.0,
2021-08-03,16.314,17.661,15.794,16.247,12434200.0,
2021-08-04,16.074,17.475,15.881,17.368,11949300.0,
2021-08-05,16.988,16.988,15.107,16.988,17631300.0,
2021-08-06,16.661,17.561,16.327,17.001,7362000.0,
2021-08-09,16.914,16.994,15.747,16.047,7474200.0,
2021-08-10,15.694,16.454,15.647,16.307,5508300.0,
2021-08-11,16.327,18.262,15.747,17.835,10663700.0,
2021-08-12,18.295,18.842,17.555,18.382,8881000.0,
2021-08-13,18.382,18.382,16.194,16.381,11769700.0,
2021-08-16,16.007,16.781,15.587,15.627,10036200.0,
2021-08-17,15.447,15.841,14.673,14.787,9295400.0,
2021-08-18,14.680,15.560,14.680,14.827,3962800.0,
2021-08-19,14.627,15.594,14.627,15.274,4761400.0,
2021-08-20,15.027,16.648,14.960,15.961,7241900.0,
2021-08-23,17.328,18.128,16.794,18.128,9166700.0,
2021-08-24,19.329,20.509,19.322,20.509,21882000.0,
2021-08-25,19.509,22.237,19.509,21.903,20935300.0,
2021-08-26,22.003,22.103,21.036,21.470,10804300.0,
2021-08-27,21.930,22.050,20.529,21.290,8122800.0,
2021-08-30,22.237,23.984,21.883,23.984,7374100.0,
2021-08-31,25.065,26.325,24.071,25.298,15563800.0,
2021-09-01,24.485,25.132,22.204,22.630,15781400.0,
2021-09-02,22.630,24.625,22.344,23.531,10001300.0,
2021-09-03,23.858,24.945,21.470,21.677,10505100.0,
2021-09-06,22.884,22.991,20.469,21.370,7890800.0,
2021-09-07,21.463,22.264,20.770,21.843,8856000.0,
2021-09-08,21.843,23.164,21.463,22.810,7266400.0,
2021-09-09,22.357,25.485,22.230,22.964,6868200.0,
2021-09-10,23.664,25.832,22.824,24.898,14716800.0,
2021-09-13,24.938,25.265,22.330,25.112,10832700.0,
2021-09-14,23.551,25.665,23.551,24.265,8043400.0,
2021-09-15,23.231,25.518,23.117,23.664,9620300.0,
2021-09-16,23.744,26.599,23.744,24.751,14831400.0,
2021-09-17,23.264,24.171,21.710,21.797,14252400.0,
2021-09-22,22.330,24.545,22.097,24.545,8966600.0,
2021-09-23,24.718,25.332,22.330,22.597,13441000.0,
2021-09-24,22.931,22.931,21.103,21.263,8237300.0,
2021-09-27,21.150,22.264,19.396,19.842,9364000.0,
2021-09-28,20.096,20.329,19.462,19.749,6803200.0,
2021-09-29,19.662,20.189,18.402,18.629,5358800.0,
2021-09-30,19.049,20.623,18.862,20.263,5381700.0,
2021-10-08,20.509,20.963,19.115,19.442,4567900.0,
2021-10-11,19.816,21.070,19.429,20.296,4355700.0,
2021-10-12,20.089,20.750,18.395,19.069,6134100.0,
2021-10-13,19.175,20.663,18.722,20.616,5446700.0,
2021-10-14,20.329,20.523,19.796,20.243,4499500.0,
2021-10-15,20.309,22.837,20.103,22.317,7445500.0,
2021-10-18,22.544,25.118,22.264,25.118,12814500.0,
2021-10-19,25.465,27.673,24.798,26.912,13639300.0,
2021-10-20,26.892,28.633,26.586,27.406,8531000.0,
2021-10-21,27.980,28.173,26.666,27.139,6849700.0,
2021-10-22,27.239,27.286,26.185,26.252,5364300.0,
2021-10-25,26.572,28.433,25.912,27.933,11814000.0,
2021-10-26,28.767,30.267,27.980,29.534,10276000.0,
2021-10-27,29.840,30.667,29.233,30.321,6899900.0,
2021-10-28,29.714,31.188,29.173,30.334,6965800.0,
2021-10-29,30.347,32.115,28.600,31.401,8051700.0,
2021-11-01,31.361,32.328,30.201,30.868,7264400.0,
2021-11-02,30.868,31.968,29.967,30.734,5340000.0,
2021-11-03,31.101,33.856,30.214,33.642,8442100.0,
2021-11-04,33.829,35.470,32.468,34.669,7100800.0,
2021-11-05,34.323,38.378,34.116,36.930,8747900.0,
2021-11-08,36.930,37.004,32.862,33.442,10799800.0,
2021-11-09,34.202,35.236,33.902,34.789,5662300.0,
2021-11-10,34.669,35.096,32.942,34.222,4952200.0,
2021-11-11,34.222,36.163,33.135,33.862,5940400.0,
2021-11-12,34.483,37.137,33.862,36.570,7853300.0,
2021-11-15,36.857,37.364,33.295,33.796,8740900.0,
2021-11-16,33.582,34.723,32.915,33.109,4989600.0,
2021-11-17,33.075,34.669,32.768,34.176,4239300.0,
2021-11-18,34.209,34.503,33.155,33.882,3730300.0,
2021-11-19,34.022,35.803,32.468,33.669,7083500.0,
2021-11-22,34.162,36.190,32.702,35.170,5714900.0,
2021-11-23,35.003,35.536,33.769,34.336,5315800.0,
2021-11-24,34.396,35.877,33.669,33.736,5096600.0,
2021-11-25,33.796,34.903,32.682,33.482,4380400.0,
2021-11-26,33.489,34.002,32.635,33.469,4806200.0,
2021-11-29,32.795,33.936,32.668,33.402,5725100.0,
2021-11-30,33.222,34.089,32.735,33.335,3357600.0,
2021-12-01,33.669,35.136,32.902,34.669,6599800.0,
2021-12-02,34.990,37.030,34.122,36.997,7461600.0,
2021-12-03,37.204,37.204,33.342,34.936,9513400.0,
2021-12-06,34.936,36.757,34.936,35.590,5022100.0,
2021-12-07,35.590,36.057,33.155,33.736,7668100.0,
2021-12-08,33.729,36.457,33.729,34.809,6638500.0,
2021-12-09,34.289,35.336,34.069,35.083,5535300.0,
2021-12-10,34.776,37.317,33.896,36.884,5086000.0,
2021-12-13,37.737,37.964,34.263,35.803,5604200.0,
2021-12-14,35.536,36.670,35.003,35.997,2950200.0,
2021-12-15,36.837,37.197,34.523,34.603,3773100.0,
2021-12-16,34.749,36.070,33.882,34.589,3257200.0,
2021-12-17,34.776,35.103,33.102,33.469,3579500.0,
2021-12-20,33.469,34.536,33.002,33.289,4374900.0,
2021-12-21,33.729,34.643,33.229,34.403,3371300.0,
2021-12-22,34.996,38.411,34.689,38.411,6302400.0,
2021-12-23,38.411,41.586,38.411,40.559,10623600.0,
2021-12-24,40.485,40.552,37.671,38.044,6819000.0,
2021-12-27,37.858,38.344,36.203,36.950,5285500.0,
2021-12-28,37.217,37.391,35.103,36.223,4367200.0,
2021-12-29,36.223,36.590,34.956,35.416,3062100.0,
2021-12-30,35.403,35.990,34.583,35.336,3420600.0,
2021-12-31,35.790,38.605,35.790,36.410,6112700.0,
2022-01-04,36.48,37.0,34.14,34.8,4880400.0,297889104.0
2022-01-05,33.94,35.67,33.01,33.34,3655400.0,215716628.0
2022-01-06,33.34,34.26,31.4,33.29,6419200.0,368761808.0
2022-01-07,33.14,33.8,31.26,31.49,4501200.0,256279975.0
2022-01-10,31.75,32.21,30.55,31.6,4847900.0,269231632.0
2022-01-11,31.89,32.52,30.98,31.57,3923700.0,220283942.0
2022-01-12,31.95,33.8,31.26,33.37,5549500.0,317838192.0
2022-01-13,33.38,34.58,32.34,32.84,3359900.0,196470311.0
2022-01-14,32.76,33.45,32.0,32.34,2806800.0,161306987.0
2022-01-17,32.67,33.4,32.29,32.85,2665500.0,154434375.0
2022-01-18,32.87,34.27,32.15,33.86,2771400.0,163241720.0
2022-01-19,34.0,34.0,31.44,31.81,3981300.0,225933439.0
2022-01-20,31.7,32.29,29.71,30.07,4211500.0,230122099.0
2022-01-21,30.07,30.8,29.13,29.67,3612800.0,192177300.0
2022-01-24,30.41,32.47,29.69,31.85,3827600.0,213219114.0
2022-01-25,31.61,32.13,31.01,31.01,1833500.0,102368205.0
2022-01-26,31.85,32.06,30.25,31.29,2224200.0,122227050.0
2022-01-27,31.59,32.37,30.08,30.19,2255100.0,124438981.0
2022-01-28,30.47,30.89,29.2,29.99,2913600.0,156301122.0
2022-02-07,30.42,31.44,28.93,29.21,2007300.0,106668574.0
2022-02-08,29.42,29.42,27.81,28.57,3385200.0,173418551.0
2022-02-09,28.33,29.18,27.32,28.93,3187400.0,162623306.0
2022-02-10,29.15,29.93,27.47,27.7,2893300.0,146929269.0
2022-02-11,27.63,28.0,26.37,26.48,4057300.0,199263620.0
2022-02-14,26.61,29.69,26.48,29.69,5086300.0,264956451.0
2022-02-15,29.41,31.11,28.13,30.48,6789400.0,362258688.0
2022-02-16,30.69,31.67,30.48,31.39,3353700.0,185234250.0
2022-02-17,31.09,32.13,30.75,31.4,2618100.0,145982111.0
2022-02-18,31.33,31.39,30.67,31.05,1899500.0,104571766.0
2022-02-21,31.17,32.72,31.14,32.49,3681700.0,207869643.0
2022-02-22,31.87,35.36,31.8,34.64,4478400.0,264394421.0
2022-02-23,34.34,35.82,34.17,35.25,2511800.0,153972338.0
2022-02-24,35.28,36.0,33.68,34.85,3127400.0,190840173.0
2022-02-25,35.0,36.54,35.0,35.8,2862500.0,178706285.0
2022-02-28,35.79,36.4,35.27,35.91,2055800.0,127563466.0
2022-03-01,36.42,36.74,34.79,35.3,2594600.0,159877552.0
2022-03-02,34.77,35.69,33.7,35.3,2337400.0,142318707.0
2022-03-03,35.4,35.4,33.87,34.24,2259700.0,136065606.0
2022-03-04,34.32,35.83,33.78,34.2,3185800.0,192035753.0
2022-03-07,34.26,34.6,32.55,32.95,3526300.0,206611583.0
2022-03-08,33.34,33.78,31.39,32.16,3128400.0,178636543.0
2022-03-09,32.45,33.54,30.68,31.79,3793700.0,215044551.0
2022-03-10,32.54,34.92,32.37,33.84,4465700.0,263320771.0
2022-03-11,33.0,33.67,32.19,33.3,2848800.0,164962162.0
2022-03-14,31.67,33.56,31.0,32.36,4085300.0,233775409.0
2022-03-15,32.0,33.49,31.21,31.64,3829200.0,217987362.0
2022-03-16,32.01,35.0,31.39,34.51,4289600.0,249833689.0
2022-03-17,34.66,37.45,34.34,35.14,5519500.0,345265312.0
2022-03-18,34.86,35.87,33.89,35.14,2746200.0,166640037.0
2022-03-21,35.06,35.98,34.67,35.5,2682800.0,165110903.0
2022-03-22,35.63,35.67,34.2,35.23,2750100.0,167240139.0
2022-03-23,35.22,35.67,34.34,35.21,1937900.0,118910372.0
2022-03-24,35.19,35.19,34.26,34.84,1506100.0,91008538.0
2022-03-25,34.67,35.18,33.55,33.8,1781200.0,106000048.0
2022-03-28,33.3,34.27,33.09,33.6,1466400.0,86182451.0
2022-03-29,33.61,33.81,32.68,32.84,1915100.0,111166580.0
2022-03-30,33.25,35.92,32.88,35.82,2501700.0,151234252.0
2022-03-31,35.56,35.56,34.34,34.8,1572900.0,95616708.0
2022-04-01,34.35,35.08,33.75,34.58,1593400.0,96080563.0
2022-04-06,34.34,34.34,33.01,33.57,3056000.0,178635938.0
2022-04-07,33.25,34.12,31.33,31.6,4073500.0,232462780.0
2022-04-08,31.6,33.46,31.0,32.87,2969600.0,170221384.0
2022-04-11,32.29,32.3,30.2,30.22,3387400.0,185963888.0
2022-04-12,30.57,31.21,29.05,30.07,2269400.0,121199652.0
2022-04-13,30.2,31.01,29.0,30.15,2446000.0,131472950.0
2022-04-14,30.15,30.33,28.03,28.33,3383000.0,174016606.0
2022-04-15,28.11,29.06,26.91,28.5,3213200.0,162330567.0
2022-04-18,29.67,31.92,29.12,31.92,4219500.0,230186449.0
2022-04-19,33.67,34.1,32.94,33.53,5699100.0,334052288.0
2022-04-20,33.01,33.8,32.67,32.98,2329000.0,135946175.0
2022-04-21,32.91,33.31,31.31,31.31,2890900.0,163826814.0
2022-04-22,31.4,32.52,31.03,32.03,2289400.0,129012196.0
2022-04-25,31.43,32.02,29.67,30.25,2317900.0,127178407.0
2022-04-26,30.25,31.36,27.0,28.67,3076900.0,163572305.0
2022-04-27,27.76,32.1,27.76,32.1,2584300.0,138490179.0
2022-04-28,33.14,35.88,33.0,35.48,6560800.0,395513600.0
2022-04-29,35.48,37.78,34.26,37.67,4389200.0,273970688.0
2022-05-05,37.01,41.34,36.99,39.68,4236200.0,284294208.0
2022-05-06,38.82,40.53,37.97,39.34,3287400.0,222331999.0
2022-05-09,39.66,40.34,38.37,39.55,2191900.0,148798435.0
2022-05-10,39.22,44.07,39.0,41.01,5623700.0,403171472.0
2022-05-11,40.87,41.59,39.45,39.71,4895000.0,335237488.0
2022-05-12,39.64,41.85,39.08,41.18,4633900.0,321714048.0
2022-05-13,41.43,43.43,41.37,41.81,3282900.0,234680226.0
2022-05-16,41.45,43.02,41.45,42.46,2966900.0,214177835.0
2022-05-17,42.21,45.67,41.91,45.53,4196200.0,315987584.0
2022-05-18,45.27,45.97,43.54,44.25,4157200.0,313492096.0
2022-05-19,43.52,49.01,43.42,46.58,6810800.0,528939712.0
2022-05-20,45.68,46.35,43.98,44.85,6660400.0,502822400.0
2022-05-23,44.85,46.67,43.69,46.39,3450800.0,264398037.0
2022-05-24,46.14,47.9,45.47,45.53,3686100.0,288063200.0
2022-05-25,45.57,47.58,45.01,47.13,3185200.0,249242837.0
2022-05-26,47.16,50.03,46.0,49.04,3777600.0,303208272.0
2022-05-27,49.17,53.04,48.64,49.55,4813800.0,403752560.0
2022-05-30,49.26,50.5,47.51,50.47,3563100.0,290429808.0
2022-05-31,50.83,51.16,48.84,51.04,3553700.0,295745088.0
2022-06-01,50.17,50.83,48.51,49.44,3854500.0,317077328.0
2022-06-02,49.7,50.97,49.0,50.39,3447400.0,288314832.0
2022-06-06,51.17,55.98,51.02,55.98,9582000.0,870271104.0
2022-06-07,56.04,58.99,55.84,58.34,7122300.0,673873872.0
2022-06-08,58.47,62.71,58.47,62.43,8439700.0,837691200.0
2022-06-09,60.71,65.62,60.71,64.72,6250500.0,653927008.0
2022-06-10,62.51,65.28,62.42,64.5,8462300.0,880948864.0
2022-06-13,64.51,71.5,64.51,71.12,7728300.0,851960576.0
2022-06-14,69.08,69.25,64.73,67.84,8889800.0,968017600.0
2022-06-15,66.84,67.76,62.7,65.18,7561900.0,800330544.0
2022-06-16,64.51,67.3,64.43,65.37,5464400.0,584506128.0
2022-06-17,65.08,70.8,65.08,69.12,6433000.0,717942976.0
2022-06-20,69.34,76.59,69.34,75.85,11299300.0,1349425904.0
2022-06-21,74.52,74.52,68.51,70.49,8760700.0,1002958688.0
2022-06-22,70.51,77.2,70.18,74.53,5942900.0,701599792.0
2022-06-23,74.55,78.18,72.81,75.98,5615200.0,682571824.0
2022-06-24,81.18,81.32,74.51,78.41,5673300.0,710199024.0
2022-06-27,79.92,86.8,79.25,86.52,5844000.0,783640848.0
2022-06-28,85.19,87.55,82.85,86.72,4942000.0,671768848.0
2022-06-29,85.19,85.19,77.5,77.5,8548000.0,1090653040.0
2022-06-30,76.88,84.52,76.78,82.92,7361700.0,959112896.0
2022-07-01,84.59,91.52,83.85,89.85,6591800.0,932922560.0
2022-07-04,89.69,94.86,85.19,93.7,7039000.0,1011959712.0
2022-07-05,92.52,97.78,92.44,95.84,5003700.0,756139744.0
2022-07-06,96.08,99.55,93.04,94.64,5787700.0,871356224.0
2022-07-07,93.99,96.63,90.52,95.83,5375900.0,804582528.0
2022-07-08,96.19,96.39,90.63,91.36,5492200.0,810228592.0
2022-07-11,89.65,95.11,89.36,93.62,6046800.0,891485616.0
2022-07-12,93.62,98.97,93.19,95.97,5417700.0,828176036.0
2022-07-13,97.24,97.85,85.82,85.82,13400400.0,1872530315.0
2022-07-14,83.86,91.32,82.91,89.05,9929400.0,1394930433.0
2022-07-15,88.52,93.18,88.51,90.86,5993600.0,864974849.0
2022-07-18,91.47,92.52,84.24,88.52,7145700.0,995182154.0
2022-07-19,88.52,89.63,80.86,81.4,9895100.0,1314341560.0
2022-07-20,81.9,85.09,80.19,84.82,6691700.0,893815192.0
2022-07-21,84.12,87.48,82.26,83.85,4259400.0,578477782.0
2022-07-22,84.44,84.44,77.86,82.02,9603400.0,1245881218.0
2022-07-25,81.21,82.44,79.52,81.51,4490200.0,582860374.0
2022-07-26,82.58,85.39,80.65,83.65,5381600.0,717034454.0
2022-07-27,82.81,88.0,82.52,87.67,7057200.0,971871095.0
2022-07-28,88.02,89.0,83.93,86.23,5525300.0,763246189.0
2022-07-29,86.52,94.44,85.85,92.02,6706400.0,975147676.0
2022-08-01,89.89,91.82,87.12,91.19,5710700.0,815749102.0
2022-08-02,87.77,99.05,87.77,96.18,8908800.0,1349652869.0
2022-08-03,97.28,98.53,91.19,91.19,7081700.0,1057703238.0
2022-08-04,92.12,93.19,88.85,90.72,4932300.0,712209136.0
2022-08-05,91.19,91.64,83.65,85.94,7627000.0,1051723216.0
2022-08-08,84.23,87.55,83.65,86.39,6085700.0,833470956.0
2022-08-09,87.19,93.14,84.59,91.34,8882100.0,1254131516.0
2022-08-10,91.64,95.72,89.72,93.62,7696500.0,1128646237.0
2022-08-11,94.05,95.74,85.52,86.37,10969000.0,1542116234.0
2022-08-12,85.85,87.83,84.59,86.52,4571000.0,628152011.0
2022-08-15,85.19,92.46,85.19,89.72,6449400.0,925233126.0
2022-08-16,95.86,99.25,95.8,99.25,8233000.0,1284377620.0
2022-08-17,100.79,106.37,97.26,98.2,13348500.0,2145925123.0
2022-08-18,99.86,100.01,90.52,92.48,13442600.0,2007607241.0
2022-08-19,91.86,93.12,86.21,87.85,11414800.0,1609991405.0
2022-08-22,87.85,90.45,87.1,89.71,6995200.0,990920819.0
2022-08-23,89.85,99.24,89.19,99.24,10442300.0,1574325531.0
2022-08-24,99.24,103.17,95.15,96.03,11837500.0,1855562557.0
2022-08-25,97.8,98.22,90.31,91.78,8661100.0,1271035716.0
2022-08-26,92.52,93.33,88.21,89.18,6121400.0,877465786.0
2022-08-29,88.19,91.99,86.28,87.72,7801700.0,1106664720.0
2022-08-30,87.39,89.59,83.18,87.0,7103200.0,986436998.0
2022-08-31,84.92,88.33,80.81,82.16,8921800.0,1186684021.0
2022-09-01,83.18,85.87,81.12,85.65,6447100.0,862883858.0
2022-09-02,93.12,93.12,76.53,76.53,15643000.0,2028751753.0
2022-09-05,75.85,83.22,75.71,80.33,11504300.0,1483358730.0
2022-09-06,80.5,84.52,78.18,83.1,6194400.0,813889435.0
2022-09-07,82.39,85.77,82.2,83.18,5067200.0,678037839.0
2022-09-08,83.18,84.44,80.86,81.64,4566500.0,599499604.0
2022-09-09,81.77,82.36,78.72,80.3,4168800.0,534829527.0
2022-09-13,80.98,81.92,78.98,80.51,3457100.0,444215286.0
2022-09-14,78.3,81.18,77.72,79.7,4270900.0,541113263.0
2022-09-15,80.45,80.5,74.78,75.43,5894000.0,721816421.0
2022-09-16,75.38,78.05,74.95,75.19,5185900.0,638183230.0
2022-09-19,74.18,77.08,72.85,73.65,4037300.0,483640830.0
2022-09-20,74.67,77.84,73.06,76.07,4851800.0,593226143.0
2022-09-21,75.77,76.85,73.85,74.11,3760800.0,453457036.0
2022-09-22,73.31,76.09,72.29,74.38,4316900.0,517699616.0
2022-09-23,74.39,76.06,71.33,73.53,4088500.0,485083879.0
2022-09-26,73.47,77.74,73.18,76.04,6268800.0,767067325.0
2022-09-27,76.04,77.78,74.56,75.48,5307500.0,644383177.0
2022-09-28,76.17,77.52,72.77,73.17,5223600.0,625642601.0
2022-09-29,73.71,76.12,71.58,75.37,4871500.0,584823596.0
2022-09-30,74.99,75.98,71.55,71.68,5382600.0,630745956.0
2022-10-10,71.71,73.85,69.99,70.85,3457400.0,397673686.0
2022-10-11,71.28,75.97,70.31,74.51,5740900.0,685111280.0
2022-10-12,74.71,81.58,74.53,81.17,8832400.0,1108356790.0
2022-10-13,81.12,84.25,80.72,82.49,5623300.0,743881446.0
2022-10-14,83.85,91.3,80.58,91.3,9639300.0,1315393721.0
2022-10-17,88.01,90.56,86.84,88.64,5542900.0,779796481.0
2022-10-18,88.64,90.05,87.19,87.65,4453700.0,626037196.0
2022-10-19,87.68,88.85,85.64,85.92,4093600.0,566751318.0
2022-10-20,85.23,87.72,83.68,87.1,4777300.0,652965722.0
2022-10-21,86.71,88.43,84.69,86.79,3377500.0,467415450.0
2022-10-24,86.96,88.41,85.06,86.59,3780700.0,523117012.0
2022-10-25,83.84,84.65,77.98,83.45,9937900.0,1310731585.0
2022-10-26,83.36,86.85,83.31,85.46,5317700.0,725756094.0
2022-10-27,87.27,91.16,84.39,84.45,4985900.0,694480201.0
2022-10-28,84.51,86.25,83.49,84.13,3084900.0,417621310.0
2022-10-31,83.18,85.11,80.18,81.17,5118700.0,671757188.0
2022-11-01,82.38,84.23,80.2,82.52,5216200.0,688191376.0
2022-11-02,81.18,82.64,78.38,81.85,5128000.0,663665148.0
2022-11-03,81.18,87.85,80.52,85.38,6058200.0,823258823.0
2022-11-04,85.37,88.04,83.86,87.19,4995000.0,689935499.0
2022-11-07,89.83,91.19,85.98,86.59,4535900.0,632762085.0
2022-11-08,85.52,86.52,84.29,85.42,2691100.0,365643966.0
2022-11-09,84.76,86.65,84.22,84.59,2888500.0,392233194.0
2022-11-10,83.82,84.27,80.18,80.32,4216700.0,549515298.0
2022-11-11,82.14,83.1,75.61,78.38,7575900.0,956921047.0
2022-11-14,76.38,78.92,75.63,76.33,4831500.0,597721492.0
2022-11-15,76.18,78.1,76.17,77.04,3731100.0,461929336.0
2022-11-16,76.85,77.6,74.41,74.42,3960300.0,480374536.0
2022-11-17,74.39,75.71,73.98,75.28,2949400.0,355107821.0
2022-11-18,75.04,77.38,72.19,75.85,4698700.0,572383037.0
2022-11-21,74.65,77.77,73.77,76.67,3755300.0,458586395.0
2022-11-22,76.77,77.26,74.58,76.1,2930500.0,358486321.0
2022-11-23,75.52,78.4,74.18,77.72,3518400.0,433082277.0
2022-11-24,77.57,80.1,77.38,77.79,3043600.0,383843171.0
2022-11-25,76.8,77.56,75.85,76.09,2140600.0,263632541.0
2022-11-28,75.06,79.76,74.71,79.11,4765400.0,601350065.0
2022-11-29,78.72,79.04,76.9,77.18,2989400.0,371608159.0
2022-11-30,77.18,78.29,76.51,77.49,1913100.0,237326993.0
2022-12-01,77.72,79.62,76.85,79.17,2826200.0,356860177.0
2022-12-02,79.05,83.58,78.4,82.84,4835600.0,636608519.0
2022-12-05,83.31,84.5,81.34,81.78,3548300.0,468933825.0
2022-12-06,87.19,90.33,83.4,88.81,7223100.0,1010239470.0
2022-12-07,84.78,87.4,83.58,84.52,6753200.0,921927851.0
2022-12-08,83.61,85.85,82.97,83.38,3280100.0,441029726.0
2022-12-09,83.86,86.15,82.52,85.2,7518700.0,1015260098.0
2022-12-12,83.88,85.17,81.44,83.86,3734800.0,497891039.0
2022-12-13,84.47,85.05,81.66,82.12,3235800.0,429910231.0
2022-12-14,81.83,82.64,80.12,80.85,2705900.0,352285563.0
2022-12-15,80.84,82.57,79.58,82.0,1976000.0,258221227.0
2022-12-16,81.3,82.3,77.05,78.08,4137800.0,521474509.0
2022-12-19,78.07,80.42,75.85,78.52,2518800.0,319811553.0
2022-12-20,78.3,79.5,76.51,77.1,2505000.0,311692786.0
2022-12-21,77.25,77.52,75.51,76.31,1990000.0,244273287.0
2022-12-22,76.31,76.85,71.95,72.25,3659900.0,433921726.0
2022-12-23,72.27,72.84,67.09,67.48,7201400.0,799689235.0
2022-12-26,67.72,74.71,67.47,74.71,5564800.0,645976637.0
2022-12-27,75.18,81.51,74.78,81.28,6718800.0,852078099.0
2022-12-28,81.0,84.39,79.85,83.12,7007800.0,929336613.0
2022-12-29,82.78,84.37,81.85,83.82,4843200.0,646490123.0
2022-12-30,84.07,84.85,81.88,82.06,4248700.0,563217480.0
2023-01-03,81.58,85.43,79.96,85.12,6387000.0,852425457.0
2023-01-04,85.12,85.33,82.18,83.28,3924600.0,523886990.0
2023-01-05,83.85,86.19,83.52,85.11,4834600.0,655578212.0
2023-01-06,85.19,91.65,85.19,87.86,9334300.0,1323059737.0
2023-01-09,88.0,88.91,85.52,87.27,4707000.0,657386162.0
2023-01-10,87.52,89.17,86.6,88.57,3573400.0,500125583.0
2023-01-11,88.52,89.85,87.23,87.93,3180300.0,448118690.0
2023-01-12,87.85,88.25,86.35,86.94,2762200.0,383941801.0
2023-01-13,87.45,87.93,85.07,85.97,3201300.0,439798901.0
2023-01-16,86.11,86.31,82.74,84.32,5322100.0,718515183.0
2023-01-17,84.52,85.38,82.98,83.36,3202000.0,428631672.0
2023-01-18,83.71,84.02,80.86,80.95,5074700.0,664632954.0
2023-01-19,81.29,82.18,76.94,78.3,7047600.0,887076531.0
2023-01-20,78.62,80.75,78.01,78.52,4927100.0,623618593.0
2023-01-30,79.52,82.52,78.86,80.14,6519600.0,840266593.0
2023-01-31,81.85,82.38,79.25,81.34,5943900.0,770335218.0
2023-02-01,81.26,84.51,80.3,82.05,7204200.0,943197280.0
2023-02-02,81.05,82.83,80.78,81.65,5029500.0,659584562.0
2023-02-03,81.03,82.18,79.38,80.86,4381500.0,565268100.0
2023-02-06,80.19,82.5,80.19,81.25,3678800.0,478880595.0
2023-02-07,81.38,81.84,78.05,79.85,4046400.0,515381808.0
2023-02-08,79.96,80.5,77.93,78.12,3144100.0,397885173.0
2023-02-09,78.58,80.72,77.68,79.32,3427100.0,435439017.0
2023-02-10,79.18,79.42,77.38,77.96,2849300.0,356678794.0
2023-02-13,78.22,78.4,75.79,76.51,5531400.0,680678451.0
2023-02-14,76.51,77.18,75.17,76.63,3331600.0,407903832.0
2023-02-15,77.08,77.6,74.18,75.0,4292300.0,520450061.0
2023-02-16,75.11,75.51,73.23,73.71,3092200.0,370868994.0
2023-02-17,73.71,75.15,73.2,73.32,2873300.0,342649962.0
2023-02-20,73.51,75.56,72.57,75.27,4898400.0,586637876.0
2023-02-21,75.28,77.24,72.91,76.85,6408500.0,775714668.0
2023-02-22,76.51,77.45,74.97,75.1,4101700.0,500033045.0
2023-02-23,75.15,83.16,75.05,83.16,13712700.0,1781273346.0
2023-02-24,83.28,85.75,82.18,82.99,12513900.0,1679949546.0
2023-02-27,83.09,87.85,82.19,87.17,11016500.0,1515935657.0
2023-02-28,87.13,90.26,86.27,90.26,8864600.0,1244787395.0
2023-03-01,88.05,88.05,82.78,83.72,11223100.0,1517607205.0
2023-03-02,83.75,84.49,82.34,83.26,5866800.0,781917278.0
2023-03-03,83.26,84.78,81.19,81.25,4829600.0,637034017.0
2023-03-06,83.1,89.14,82.36,89.14,14840200.0,2047741440.0
2023-03-07,89.14,90.51,86.59,87.79,8895000.0,1249571395.0
2023-03-08,88.51,91.56,85.98,86.6,8783700.0,1235571457.0
2023-03-09,87.19,88.97,84.67,85.79,6888300.0,949405173.0
2023-03-10,85.85,85.95,82.02,83.48,7134900.0,956149404.0
2023-03-13,83.85,84.5,82.07,83.82,5102300.0,679056948.0
2023-03-14,82.76,83.7,78.44,79.65,9052100.0,1160603755.0
2023-03-15,79.98,81.6,77.4,77.66,6314700.0,800237455.0
2023-03-16,76.72,77.64,74.71,75.04,5854500.0,714644194.0
2023-03-17,75.85,76.43,74.14,75.11,6744200.0,812704540.0
2023-03-20,74.37,79.65,72.57,78.88,9646000.0,1190721834.0
2023-03-21,77.92,79.02,75.85,78.82,6628300.0,824610995.0
2023-03-22,78.98,81.5,76.96,77.83,7665100.0,968633016.0
2023-03-23,77.84,79.56,76.69,77.14,5208700.0,652580062.0
2023-03-24,72.86,72.93,68.88,72.28,15867200.0,1813632700.0
2023-03-27,72.02,75.58,71.82,74.25,7341000.0,871741533.0
2023-03-28,73.85,74.97,72.63,73.39,4002400.0,474401948.0
2023-03-29,74.18,75.05,72.71,74.45,4119100.0,490897170.0
2023-03-30,74.51,78.72,73.6,77.92,6145900.0,760250611.0
2023-03-31,77.98,78.52,76.59,76.83,4813000.0,598693055.0
2023-04-03,76.82,85.05,76.57,84.35,10422300.0,1375976538.0
2023-04-04,83.82,85.81,80.72,83.25,8304700.0,1106883359.0
2023-04-06,82.58,83.1,79.05,81.47,7309800.0,946810479.0
2023-04-07,81.4,82.89,80.05,81.59,3885700.0,508531087.0
2023-04-10,81.85,87.59,79.86,85.88,8610500.0,1156243974.0
2023-04-11,85.49,86.09,83.33,85.19,4954700.0,670177387.0
2023-04-12,84.53,85.18,81.78,82.15,4277300.0,567321277.0
2023-04-13,81.2,83.42,80.52,82.58,4764200.0,625953857.0
2023-04-14,81.86,84.79,80.52,83.45,5452400.0,726060946.0
2023-04-17,83.46,86.6,83.46,84.97,4785800.0,650723872.0
2023-04-18,84.52,85.86,83.52,84.06,3735100.0,503649883.0
2023-04-19,83.58,83.72,81.43,82.16,3889100.0,512334834.0
2023-04-20,82.5,82.5,79.85,81.59,3720500.0,483423604.0
2023-04-21,82.76,83.43,79.86,80.06,3915300.0,510778966.0
2023-04-24,75.69,76.73,71.85,75.18,11759200.0,1403848456.0
2023-04-25,74.55,76.25,68.51,69.31,12515700.0,1429314799.0
2023-04-26,69.7,75.18,69.05,72.62,9294000.0,1092225816.0
2023-04-27,72.62,73.37,71.03,72.7,6546800.0,762791658.0
2023-04-28,75.79,77.84,71.55,73.65,10094300.0,1207084321.0
2023-05-04,73.03,74.22,71.57,71.85,6035400.0,705738506.0
2023-05-05,71.18,71.85,68.51,69.07,7444900.0,838186978.0
2023-05-08,69.07,72.41,68.79,69.98,5468500.0,623706218.0
2023-05-09,70.02,71.17,68.84,69.14,4576000.0,517583010.0
2023-05-10,69.38,69.85,67.84,69.29,3397700.0,378318049.0
2023-05-11,70.18,70.57,68.43,68.64,4597800.0,517443104.0
2023-05-12,68.27,69.04,61.85,64.08,12546200.0,1322467060.0
2023-05-15,63.36,66.88,63.32,64.34,7834800.0,825907631.0
2023-05-16,64.19,65.09,63.04,64.39,5065100.0,529872259.0
2023-05-17,64.08,64.84,62.82,64.54,4443800.0,463042855.0
2023-05-18,64.43,65.35,62.76,63.27,4806800.0,493736027.0
2023-05-19,62.62,63.55,61.87,62.79,3630400.0,367722050.0
2023-05-22,64.6,65.75,63.81,65.23,6770100.0,709778732.0
2023-05-23,64.63,67.55,63.77,66.06,6737000.0,715386752.0
2023-05-24,65.81,71.08,65.76,69.43,9164900.0,1012982142.0
2023-05-25,69.21,74.43,68.46,72.7,12060000.0,1403026181.0
2023-05-26,71.76,74.68,69.41,72.42,6725900.0,772190315.0
2023-05-29,72.11,72.11,68.83,70.18,5914800.0,666483769.0
2023-05-30,69.68,72.1,69.34,70.38,4910700.0,554110833.0
2023-05-31,70.12,71.46,68.84,70.96,4670500.0,527514703.0
2023-06-01,70.56,70.57,66.96,67.47,6757600.0,742437162.0
2023-06-02,67.23,68.83,66.85,67.56,4016300.0,438192907.0
2023-06-05,67.55,67.55,65.77,65.94,3516800.0,375734095.0
2023-06-06,66.07,67.76,65.39,65.91,4812100.0,512596080.0
2023-06-07,65.23,65.75,62.83,65.51,6136700.0,635729627.0
2023-06-08,65.18,67.5,64.55,64.69,4642300.0,494013811.0
2023-06-09,64.68,65.88,63.83,64.67,3851900.0,401694631.0
2023-06-12,64.67,65.23,63.14,64.69,4341100.0,450560471.0
2023-06-13,64.05,65.25,63.79,64.27,3128000.0,324828407.0
2023-06-14,64.26,64.73,63.68,63.77,2614800.0,270832468.0
2023-06-15,63.77,68.36,62.98,67.86,9155900.0,980473548.0
2023-06-16,67.86,68.46,67.02,68.06,4952600.0,540839851.0
2023-06-19,68.07,69.0,66.6,66.65,5299000.0,576744919.0
2023-06-20,66.65,67.09,64.77,65.46,6801000.0,718110485.0
2023-06-21,65.49,67.05,63.88,63.9,5988800.0,626136873.0
2023-06-26,63.43,67.39,62.8,65.33,7398100.0,777531877.0
2023-06-27,64.66,67.75,64.43,65.76,6081900.0,645497216.0
2023-06-28,66.16,69.42,65.1,69.09,9089200.0,988779505.0
2023-06-29,69.29,72.95,69.29,70.56,10776600.0,1228343951.0
2023-06-30,70.1,71.33,69.48,70.99,5699100.0,645208867.0
2023-07-03,70.44,72.43,70.2,70.38,5876200.0,669116352.0
2023-07-04,70.43,71.2,68.81,69.58,4663600.0,521051821.0
2023-07-05,69.43,69.74,67.49,67.76,4051900.0,445289212.0
2023-07-06,67.76,67.85,66.28,66.66,3214600.0,346314379.0
2023-07-07,66.39,66.63,65.17,65.35,2984700.0,315808647.0
2023-07-10,65.28,68.69,64.88,67.96,6021400.0,653546352.0
2023-07-11,67.83,68.09,66.37,67.44,3595600.0,388374142.0
2023-07-12,66.29,66.76,63.51,65.71,10668500.0,1117515002.0
2023-07-13,69.09,70.02,67.25,68.29,11825200.0,1305171931.0
2023-07-14,67.93,68.56,65.71,65.81,7593600.0,817959984.0
2023-07-17,65.63,66.79,64.99,65.53,3993800.0,423108354.0
2023-07-18,65.89,66.05,64.19,64.63,4281800.0,447257293.0
2023-07-19,64.49,65.97,63.56,64.88,4719400.0,492278127.0
2023-07-20,65.13,65.73,64.43,64.76,3972100.0,417165424.0
2023-07-21,64.17,64.95,63.61,64.17,2818700.0,292629541.0
2023-07-24,64.43,64.54,63.47,63.62,2867000.0,295545151.0
2023-07-25,64.07,65.27,64.07,64.83,3899000.0,407954484.0
2023-07-26,64.73,66.07,64.09,65.41,3781300.0,398323722.0
2023-07-27,65.03,65.75,63.66,63.99,3937000.0,408867468.0
2023-07-28,63.33,64.76,63.29,64.36,2699800.0,279462688.0
2023-07-31,64.76,64.76,63.31,63.57,5950200.0,611942920.0
2023-08-01,63.49,63.77,56.87,58.0,14902800.0,1438296252.0
2023-08-02,57.76,59.34,56.91,57.09,6025300.0,565523637.0
2023-08-03,57.62,58.68,57.34,57.58,5654200.0,531232182.0
2023-08-04,57.52,57.72,54.75,57.36,9473100.0,872385851.0
2023-08-07,57.08,57.34,56.0,56.18,4381900.0,404147808.0
2023-08-08,56.59,56.59,55.02,55.15,4247500.0,384478554.0
2023-08-09,54.75,55.86,54.53,55.09,3657600.0,329929489.0
2023-08-10,55.3,57.16,54.92,56.24,4973700.0,456708666.0
2023-08-11,56.24,58.08,56.0,57.72,7231800.0,676194070.0
2023-08-14,57.62,59.26,57.32,59.08,6179200.0,587454700.0
2023-08-15,58.55,59.34,57.66,58.15,4011500.0,381228218.0
2023-08-16,58.38,58.76,57.26,57.38,3054700.0,287732183.0
2023-08-17,57.01,57.49,55.91,56.66,5037900.0,463372353.0
2023-08-18,56.58,57.21,55.67,55.72,3884300.0,357374737.0
2023-08-21,55.69,55.7,54.75,54.89,3425200.0,308203665.0
2023-08-22,55.01,55.42,53.23,54.3,4359600.0,386224127.0
2023-08-23,54.07,54.95,53.29,53.95,3008900.0,266121676.0
2023-08-24,54.07,56.02,52.79,55.32,5788900.0,517918439.0
2023-08-25,55.17,55.21,52.73,52.76,6811000.0,597039351.0
2023-08-28,57.06,57.49,54.29,55.76,10156600.0,928082693.0
2023-08-29,55.22,59.18,54.95,59.05,11161200.0,1045893395.0
2023-08-30,59.16,60.6,58.73,59.86,6276000.0,609184226.0
2023-08-31,59.76,59.95,58.44,58.86,4438200.0,425680522.0
2023-09-01,59.53,60.35,58.9,59.72,4678500.0,454057036.0
2023-09-04,59.92,62.21,58.84,61.82,7187200.0,708782398.0
2023-09-05,61.5,63.4,61.43,62.77,5713400.0,577286103.0
2023-09-06,62.58,63.21,61.46,62.79,4399300.0,443187962.0
2023-09-07,62.61,63.07,61.64,61.66,4871100.0,489859875.0
2023-09-08,61.1,61.52,60.6,60.74,3255300.0,321795213.0
2023-09-11,60.88,62.14,60.44,61.47,3502700.0,348791950.0
2023-09-12,60.95,61.74,60.62,61.01,2674800.0,264808980.0
2023-09-13,60.89,61.22,59.94,60.31,3025700.0,297386202.0
2023-09-14,60.19,60.42,59.09,59.47,2862600.0,277156799.0
2023-09-15,59.54,59.89,58.82,59.22,2936400.0,283016924.0
2023-09-18,58.85,59.76,58.51,59.12,3029800.0,291939114.0
2023-09-19,59.28,59.41,57.68,57.96,3562700.0,337432823.0
2023-09-20,57.74,58.09,56.81,56.86,2989900.0,278774908.0
2023-09-21,57.25,58.28,56.76,56.89,3266500.0,305307651.0
2023-09-22,57.09,58.96,57.09,58.82,3960200.0,374920560.0
2023-09-25,58.76,65.2,58.3,65.2,12107000.0,1233703333.0
2023-09-26,65.68,65.99,64.26,65.21,11957100.0,1256250028.0
2023-09-27,65.4,67.75,64.81,66.89,9220300.0,989635525.0
2023-09-28,66.66,67.08,65.01,66.21,6649100.0,706326922.0
2023-10-09,66.03,67.46,65.56,65.76,5795500.0,619750795.0
2023-10-10,65.32,65.32,61.09,62.4,8515700.0,865094016.0
2023-10-11,62.59,63.45,61.68,61.8,4985800.0,503576518.0
2023-10-12,62.09,62.49,61.33,61.76,5255200.0,525461846.0
2023-10-13,61.54,61.54,57.8,58.84,8731200.0,837007908.0
2023-10-16,58.89,58.94,57.01,57.42,4836300.0,453585441.0
2023-10-17,57.4,58.52,56.77,57.74,4159400.0,390514324.0
2023-10-18,57.42,57.42,56.0,56.09,3994600.0,367813449.0
2023-10-19,55.5,56.42,55.5,55.89,3514100.0,320693993.0
2023-10-20,55.51,57.34,55.31,56.88,4982400.0,458289372.0
2023-10-23,56.43,57.4,55.64,56.29,3457200.0,318756846.0
2023-10-24,56.58,57.32,55.88,57.26,4273400.0,396105028.0
2023-10-25,59.1,59.22,56.96,56.98,5308600.0,498357613.0
2023-10-26,56.81,56.81,54.39,55.39,5153200.0,466437511.0
2023-10-27,55.07,57.46,54.36,56.98,4835100.0,435732361.0
2023-10-30,56.6,58.9,56.38,58.38,4752000.0,441263358.0
2023-10-31,58.36,58.66,56.89,57.3,3502800.0,323741973.0
2023-11-01,57.48,58.14,56.77,57.51,3005700.0,277301858.0
2023-11-02,57.29,57.62,55.82,55.96,3596200.0,326618709.0
2023-11-03,56.02,57.04,56.02,56.09,3910300.0,354101561.0
2023-11-06,56.42,58.74,56.18,58.47,5951100.0,553097269.0
2023-11-07,58.13,58.3,57.24,57.74,3996400.0,369270140.0
2023-11-08,57.5,57.84,56.54,56.98,4298700.0,395321989.0
2023-11-09,56.66,59.42,56.61,58.48,6107200.0,570301279.0
2023-11-10,57.96,57.96,56.88,57.23,3485200.0,320504525.0
2023-11-13,57.48,57.75,57.2,57.54,2396600.0,221021644.0
2023-11-14,57.69,58.25,57.0,57.37,2974700.0,274763213.0
2023-11-15,58.19,58.84,57.66,58.42,5935900.0,555525701.0
2023-11-16,58.29,58.42,57.22,57.49,4515900.0,416690767.0
2023-11-17,57.52,57.68,57.18,57.53,2327300.0,214535727.0
2023-11-20,57.4,57.49,56.64,56.94,3675800.0,336407691.0
2023-11-21,56.94,57.36,56.2,56.2,3316600.0,302410300.0
2023-11-22,56.4,57.09,55.96,56.48,2605600.0,236337525.0
2023-11-23,56.46,56.46,55.74,55.98,2782000.0,250248275.0
2023-11-24,55.96,55.96,54.49,54.67,3819500.0,338038100.0
2023-11-27,54.03,54.7,53.91,54.53,2120900.0,185652420.0
2023-11-28,54.53,54.69,53.95,54.29,2112500.0,184776709.0
2023-11-29,54.27,54.44,52.5,52.64,3839600.0,329811250.0
2023-11-30,52.64,53.86,52.42,53.19,3020400.0,258751116.0
2023-12-01,52.7,53.21,52.55,52.86,2244300.0,191255214.0
2023-12-04,52.98,54.09,52.81,53.52,2948900.0,254670614.0
2023-12-05,53.13,53.61,52.57,52.57,2434900.0,208330913.0
2023-12-06,52.47,53.49,52.29,53.03,2726500.0,233699180.0
2023-12-07,52.99,53.01,51.23,51.65,3604100.0,302512572.0
2023-12-08,51.62,51.84,50.47,50.51,3881500.0,320335206.0
2023-12-11,49.81,50.47,47.78,50.03,7550900.0,597919565.0
2023-12-12,49.62,50.13,48.15,48.59,5466900.0,434473649.0
2023-12-13,48.33,48.55,46.36,46.44,6347700.0,487350509.0
2023-12-14,46.61,47.2,44.44,44.48,9102000.0,674148693.0
2023-12-15,44.62,45.31,44.36,44.62,6568100.0,481040847.0
2023-12-18,44.23,44.5,42.78,42.95,5275600.0,375645092.0
2023-12-19,43.18,46.2,42.54,44.55,8708200.0,634711615.0
2023-12-20,44.55,45.08,44.14,44.59,4167700.0,303866908.0
2023-12-21,44.25,46.99,44.08,46.52,9265200.0,696100900.0
2023-12-22,46.16,51.55,45.63,49.13,14499800.0,1145337237.0
2023-12-25,49.07,50.61,48.47,49.61,7851500.0,631145218.0
2023-12-26,49.47,50.02,48.67,49.19,5647300.0,451119489.0
2023-12-27,49.02,50.11,48.56,49.91,5834600.0,467463534.0
2023-12-28,50.01,54.77,50.01,54.21,13202900.0,1129034536.0
2023-12-29,53.97,54.47,53.26,53.87,7835900.0,680889400.0
2024-01-02,53.634,55.635,53.394,53.708,83433.0,733150244.0
2024-01-03,53.688,54.815,52.707,54.728,75768.0,658924718.0
2024-01-04,54.721,55.208,53.487,53.574,58097.0,506726065.0
2024-01-05,53.214,53.394,50.299,50.493,115343.0,964494304.0
2024-01-08,50.486,51.386,50.086,50.239,61617.0,505244477.0
2024-01-09,50.266,52.714,48.939,50.753,74426.0,613649551.0
2024-01-10,50.286,53.754,50.019,52.254,91196.0,770624308.0
2024-01-11,52.254,53.141,51.266,52.834,101210.0,854786952.0
2024-01-12,52.687,56.956,52.394,54.435,147125.0,1303703816.0
2024-01-15,54.101,55.488,53.954,54.881,88515.0,780211915.0
2024-01-16,54.421,55.929,53.568,54.921,78388.0,690806921.0
2024-01-17,54.628,54.915,53.301,53.321,52157.0,455528863.0
2024-01-18,52.707,55.542,52.707,55.435,102890.0,900028542.0
2024-01-19,55.215,55.615,53.728,53.894,73353.0,644498600.0
2024-01-22,53.447,53.581,51.793,52.387,73932.0,628077813.0
2024-01-23,52.4,54.941,51.326,53.874,72656.0,628088658.0
2024-01-24,49.939,50.533,48.078,48.078,139254.0,1095925512.0
2024-01-25,46.618,47.678,43.816,46.851,179998.0,1332322420.0
2024-01-26,45.944,46.217,44.47,44.617,99249.0,735283840.0
2024-01-29,44.417,44.603,41.949,42.029,98892.0,696556693.0
2024-01-30,41.682,43.409,41.308,42.289,71638.0,500641766.0
2024-01-31,42.189,44.803,41.955,43.603,98903.0,709657403.0
2024-02-01,43.583,44.717,42.729,43.856,81826.0,589586101.0
2024-02-02,43.483,43.509,39.754,40.768,98105.0,672752928.0
2024-02-05,40.448,40.902,37.273,40.188,103225.0,670179739.0
2024-02-06,39.614,43.183,39.414,42.863,86808.0,594424385.0
2024-02-07,42.843,45.911,42.762,45.564,94884.0,695242774.0
2024-02-08,45.984,47.071,44.723,45.67,91950.0,689630727.0
2024-02-19,46.377,46.377,44.837,45.55,67346.0,499959360.0
2024-02-20,45.15,45.217,44.25,44.783,57828.0,422401448.0
2024-02-21,44.683,46.858,44.216,45.751,85299.0,637303234.0
2024-02-22,45.584,47.064,45.304,45.977,57292.0,429862479.0
2024-02-23,45.964,46.871,45.957,46.484,55647.0,420794159.0
2024-02-26,46.618,47.952,46.217,47.231,73099.0,560572461.0
2024-02-27,46.884,48.098,46.751,48.098,60227.0,465783074.0
2024-02-28,48.132,50.74,47.218,47.218,99371.0,793750848.0
2024-02-29,46.818,49.566,46.691,49.239,70526.0,555844410.0
2024-03-01,49.532,50.159,48.852,49.352,58968.0,473482228.0
2024-03-04,49.159,50.613,48.539,49.946,74226.0,596202540.0
2024-03-05,49.319,49.592,48.352,48.392,59928.0,475141549.0
2024-03-06,48.619,51.153,48.585,50.086,88148.0,714008444.0
2024-03-07,50.239,50.539,48.859,48.859,55252.0,445588426.0
2024-03-08,48.859,50.586,48.859,50.126,67423.0,546286533.0
2024-03-11,50.626,52.18,50.626,51.967,92215.0,766712903.0
2024-03-12,52.013,52.087,51.073,51.393,60165.0,501500315.0
2024-03-13,51.306,51.306,50.359,50.7,50536.0,415440893.0
2024-03-14,50.686,51.42,50.293,50.84,41033.0,337550529.0
2024-03-15,50.84,50.853,49.205,50.486,51501.0,417345276.0
2024-03-18,50.953,54.288,50.606,53.981,98693.0,835552296.0
2024-03-19,53.954,54.388,53.321,53.514,50257.0,434949647.0
2024-03-20,53.514,54.521,53.294,53.888,47000.0,408364323.0
2024-03-21,53.628,54.208,53.174,53.334,42137.0,363758765.0
2024-03-22,53.241,53.554,50.806,51.293,70786.0,590463278.0
2024-03-25,55.815,56.829,53.961,56.829,139041.0,1253868872.0
2024-03-26,57.936,60.544,57.296,58.677,219463.0,2068493502.0
2024-03-27,58.677,58.937,56.396,56.396,105667.0,975653809.0
2024-03-28,56.396,58.19,56.122,56.442,101503.0,927046340.0
2024-03-29,56.442,57.569,55.528,56.169,83613.0,757845714.0
2024-04-01,56.309,58.076,56.282,58.05,103035.0,947241401.0
2024-04-02,58.176,58.396,56.962,57.343,83696.0,772640851.0
2024-04-03,57.289,59.737,56.509,59.684,113633.0,1065152791.0
2024-04-08,59.684,60.151,58.43,58.456,85293.0,806908368.0
2024-04-09,58.456,59.25,58.203,58.903,50549.0,475882857.0
2024-04-10,58.81,59.077,56.796,59.077,77419.0,720365605.0
2024-04-11,58.61,59.544,58.183,58.523,50458.0,476076941.0
2024-04-12,58.243,58.476,56.456,56.649,81550.0,748911764.0
2024-04-15,56.616,58.143,56.222,56.929,87947.0,806739304.0
2024-04-16,56.622,56.762,54.935,54.988,82659.0,738958248.0
2024-04-17,55.662,56.249,55.115,55.202,80008.0,714989039.0
2024-04-18,54.888,55.082,52.954,53.748,97917.0,852290480.0
2024-04-19,53.434,53.601,51.6,51.613,109201.0,923633694.0
2024-04-22,51.54,53.074,50.933,52.574,71187.0,601888677.0
2024-04-23,52.58,52.994,51.226,51.42,64835.0,542610848.0
2024-04-24,51.066,51.92,49.686,51.92,95664.0,785671063.0
2024-04-25,51.353,52.881,51.06,52.594,60512.0,510473703.0
2024-04-26,52.033,53.828,52.027,53.681,71045.0,610886933.0
2024-04-29,53.494,54.415,52.487,53.941,91490.0,791302268.0
2024-04-30,48.138,48.138,48.138,48.138,32539.0,254715292.0
2024-05-06,42.916,44.87,42.916,43.896,239627.0,1717408699.0
2024-05-07,43.483,44.283,43.283,44.196,113557.0,817022705.0
2024-05-08,44.15,44.337,43.616,43.976,67869.0,487860542.0
2024-05-09,43.916,45.284,43.87,45.184,95863.0,703749069.0
2024-05-10,45.27,45.35,44.29,45.177,67779.0,496990978.0
2024-05-13,44.757,45.137,42.682,42.789,133645.0,957407916.0
2024-05-14,42.636,42.949,41.002,41.449,125204.0,858412788.0
2024-05-15,41.449,41.949,41.002,41.609,52801.0,360830336.0
2024-05-16,42.576,42.782,41.629,42.222,91009.0,632740235.0
2024-05-17,42.142,42.349,41.282,42.322,65615.0,451584926.0
2024-05-20,42.602,43.283,42.109,42.963,91990.0,647606733.0
2024-05-21,42.963,43.616,42.722,43.536,98350.0,696560676.0
2024-05-22,43.394,44.374,41.844,43.484,149213.0,644989917.0
2024-05-23,42.874,43.124,41.724,41.784,95208.0,405826000.0
2024-05-24,41.634,42.324,40.264,40.284,106985.0,441159859.0
2024-05-27,40.244,40.344,38.854,39.764,97683.0,387496432.0
2024-05-28,39.354,40.014,39.124,39.154,63228.0,251350645.0
2024-05-29,39.244,40.824,39.174,39.614,89979.0,363178727.0
2024-05-30,39.634,39.794,38.944,39.214,48853.0,193089092.0
2024-05-31,39.214,39.404,38.524,38.584,64672.0,254001324.0
2024-06-03,38.224,38.474,37.594,38.054,78810.0,301210635.0
2024-06-04,38.054,38.584,37.694,38.434,57050.0,219305201.0
2024-06-05,38.324,38.584,37.584,37.614,52574.0,201302052.0
2024-06-06,37.684,37.884,36.444,36.564,86209.0,321378378.0
2024-06-07,36.644,36.824,35.484,35.724,90147.0,326386733.0
2024-06-11,35.614,36.204,35.064,36.154,74779.0,269072611.0
2024-06-12,35.934,36.664,35.834,36.454,57158.0,209010099.0
2024-06-13,36.454,36.614,36.004,36.034,49082.0,179246103.0
2024-06-14,35.774,36.034,35.584,35.834,50488.0,181960476.0
2024-06-17,35.704,35.704,35.074,35.234,58864.0,209428135.0
2024-06-18,35.234,35.824,35.004,35.234,62436.0,222418191.0
2024-06-19,35.404,35.404,33.724,34.114,88564.0,306058835.0
2024-06-20,33.924,33.984,32.324,32.374,118275.0,393385967.0
2024-06-21,32.224,32.754,31.924,32.194,72166.0,236022117.0
2024-06-24,31.744,31.924,31.054,31.154,90472.0,286338519.0
2024-06-25,31.084,31.484,30.004,30.214,79301.0,244360099.0
2024-06-26,30.084,30.884,29.634,30.794,82227.0,252120124.0
2024-06-27,30.724,30.784,29.844,29.864,65079.0,198548168.0
2024-06-28,29.824,30.364,29.304,29.334,81086.0,243340061.0
2024-07-01,29.254,29.894,28.954,29.724,85256.0,253391747.0
2024-07-02,29.674,29.764,28.524,28.704,93456.0,274168598.0
2024-07-03,28.684,28.874,27.734,27.884,89541.0,254334915.0
2024-07-04,27.984,28.024,26.804,26.894,82316.0,226567827.0
2024-07-05,26.894,27.174,26.524,26.994,78630.0,213390408.0
2024-07-08,26.994,27.074,25.724,25.844,87447.0,230630845.0
2024-07-09,25.834,26.554,25.754,26.244,95261.0,251691316.0
2024-07-10,25.594,27.324,24.814,26.524,142295.0,381414540.0
2024-07-11,26.804,27.784,26.664,27.454,123550.0,340527938.0
2024-07-12,27.404,27.794,27.154,27.344,76923.0,213018037.0
2024-07-15,27.114,27.194,26.704,26.864,52963.0,143790876.0
2024-07-16,26.914,27.004,26.544,26.814,45913.0,124044079.0
2024-07-17,26.884,27.074,26.494,26.494,61207.0,165269554.0
2024-07-18,26.294,26.714,25.944,26.594,56905.0,151673906.0
2024-07-19,26.494,27.024,26.304,26.864,62378.0,168447345.0
2024-07-22,26.874,27.174,26.584,26.794,58987.0,160015618.0
2024-07-23,26.804,26.824,25.624,25.624,59015.0,156143246.0
2024-07-24,25.624,25.724,24.764,24.844,62460.0,158679505.0
2024-07-25,24.614,26.794,24.524,25.874,125149.0,326248640.0
2024-07-26,25.824,26.474,25.624,26.244,73307.0,193593052.0
2024-07-29,26.224,26.294,25.654,26.204,53063.0,139501746.0
2024-07-30,26.234,27.094,25.834,26.814,63462.0,170205916.0
2024-07-31,26.814,28.334,26.444,28.234,107423.0,301089745.0
2024-08-01,28.234,28.404,27.324,27.564,91131.0,255698821.0
2024-08-02,27.284,27.594,26.704,26.764,68497.0,187377833.0
2024-08-05,26.624,27.964,26.384,26.384,103145.0,281973456.0
2024-08-06,26.714,27.984,26.714,27.494,122407.0,338699337.0
2024-08-07,27.274,27.804,27.034,27.464,82723.0,228790167.0
2024-08-08,27.354,27.574,27.024,27.204,59384.0,163594584.0
2024-08-09,27.324,27.544,26.724,26.724,50103.0,136650659.0
2024-08-12,26.934,27.044,26.354,26.554,39640.0,106569658.0
2024-08-13,26.544,26.804,26.074,26.494,49514.0,131755296.0
2024-08-14,26.284,26.834,25.764,25.764,53858.0,141560174.0
2024-08-15,25.664,26.624,25.344,25.984,65910.0,172992284.0
2024-08-16,25.994,26.084,25.334,25.334,58972.0,152659577.0
2024-08-19,25.414,25.564,24.784,24.824,46399.0,117634405.0
2024-08-20,24.814,24.894,24.024,24.074,52392.0,128763981.0
2024-08-21,24.084,24.224,23.794,23.794,37303.0,90611168.0
2024-08-22,23.824,23.944,23.104,23.184,54073.0,127566878.0
2024-08-23,23.194,23.554,22.984,23.014,40733.0,95464502.0
2024-08-26,22.724,23.374,22.604,22.814,61443.0,142415056.0
2024-08-27,22.644,23.284,22.544,22.824,69454.0,160954732.0
2024-08-28,22.794,22.954,22.624,22.814,35090.0,80916394.0
2024-08-29,22.784,24.154,22.734,23.744,91015.0,216654043.0
2024-08-30,23.694,24.694,23.474,24.224,112865.0,276585404.0
2024-09-02,24.244,24.314,22.804,22.814,87260.0,206469489.0
2024-09-03,22.814,23.924,22.704,23.624,83597.0,198707729.0
2024-09-04,23.394,24.144,23.314,23.664,53063.0,127532655.0
2024-09-05,23.564,24.144,23.384,23.494,49758.0,119063345.0
2024-09-06,23.384,23.544,22.734,22.744,48996.0,113887770.0
2024-09-09,22.544,22.814,22.284,22.464,49937.0,113545902.0
2024-09-10,22.524,22.624,21.864,22.194,49668.0,111414250.0
2024-09-11,22.154,23.514,21.974,22.884,89385.0,206235509.0
2024-09-12,22.734,23.684,22.734,22.914,74907.0,176095466.0
2024-09-13,22.984,23.054,21.924,21.944,57766.0,130734304.0
2024-09-18,21.974,22.214,21.444,21.864,37596.0,82909143.0
2024-09-19,21.974,22.904,21.664,22.324,75794.0,171079626.0
2024-09-20,22.374,22.374,21.514,21.644,68561.0,150946526.0
2024-09-23,21.664,21.814,21.304,21.324,45463.0,98990690.0
2024-09-24,21.514,23.194,21.484,23.124,187870.0,426741985.0
2024-09-25,23.404,24.204,23.404,23.584,151931.0,365475164.0
2024-09-26,23.534,24.874,23.334,24.874,132299.0,323263682.0
2024-09-27,25.514,27.024,25.414,26.994,134366.0,356272466.0
2024-09-30,29.414,29.724,28.294,29.724,243430.0,720118481.0
2024-10-08,32.724,32.724,31.944,32.724,186793.0,614394193.0
2024-10-09,33.594,35.504,32.134,34.484,464516.0,1603377232.0
2024-10-10,34.484,34.494,31.284,31.344,356369.0,1168172851.0
2024-10-11,30.724,31.004,28.724,29.174,199040.0,596695741.0
2024-10-14,29.174,29.884,28.234,29.754,173903.0,512173809.0
2024-10-15,29.324,30.004,28.624,28.634,140588.0,415917343.0
2024-10-16,28.024,28.404,27.534,27.734,132075.0,371976731.0
2024-10-17,28.014,28.174,27.224,27.244,113540.0,317999022.0
2024-10-18,27.224,29.324,26.904,28.474,188607.0,535113201.0
2024-10-21,28.724,30.184,28.724,29.364,198236.0,589269038.0
2024-10-22,29.384,29.974,28.524,29.734,153030.0,451962426.0
2024-10-23,29.744,31.504,29.324,30.544,224866.0,689015062.0
2024-10-24,30.324,30.354,29.244,29.344,136549.0,408153737.0
2024-10-25,29.274,32.114,29.224,31.704,290262.0,912174829.0
2024-10-28,31.114,31.484,30.214,30.894,234799.0,728322942.0
2024-10-29,30.894,31.614,29.954,29.974,159115.0,489409319.0
2024-10-30,29.724,30.414,29.534,29.724,103560.0,311985702.0
2024-10-31,30.154,30.484,29.674,30.354,133555.0,406500629.0
2024-11-01,30.194,30.194,29.244,29.334,149295.0,446708506.0
2024-11-04,29.334,29.974,29.174,29.654,84990.0,254327100.0
2024-11-05,29.654,30.604,29.264,30.584,169493.0,514466948.0
2024-11-06,30.584,31.274,29.924,30.114,179689.0,554435812.0
2024-11-07,29.714,31.084,29.244,31.084,172778.0,531375222.0
2024-11-08,31.204,31.494,30.684,31.104,205891.0,646159113.0
2024-11-11,31.094,33.054,30.904,32.694,238613.0,779964011.0
2024-11-12,33.024,33.024,31.744,32.014,169508.0,554419328.0
2024-11-13,31.744,32.244,31.384,32.194,113905.0,365299196.0
2024-11-14,32.584,33.704,31.624,31.804,201377.0,665703135.0
2024-11-15,31.624,31.724,30.224,30.284,141874.0,443147009.0
2024-11-18,30.074,30.224,28.904,29.204,114495.0,341826270.0
2024-11-19,29.084,30.214,29.004,30.164,82595.0,247570167.0
2024-11-20,30.024,30.274,29.634,30.004,76072.0,229771848.0
2024-11-21,30.204,30.624,29.924,30.144,85290.0,260489710.0
2024-11-22,30.024,30.174,29.004,29.014,98382.0,293472944.0
2024-11-25,29.014,29.314,28.424,28.894,62259.0,181195144.0
2024-11-26,29.094,29.324,28.504,28.564,47569.0,138483370.0
2024-11-27,28.414,29.224,28.224,29.214,63663.0,184795452.0
2024-11-28,29.324,29.404,28.704,28.804,52467.0,154042816.0
2024-11-29,28.724,29.484,28.614,29.134,57465.0,168457419.0
2024-12-02,28.734,29.494,28.584,29.324,72256.0,212586468.0
2024-12-03,29.314,31.364,29.254,30.624,160254.0,489114293.0
2024-12-04,30.624,30.994,29.874,30.084,90265.0,276587286.0
2024-12-05,29.924,30.114,29.644,29.894,53845.0,162181280.0
2024-12-06,30.114,30.144,29.444,29.974,69131.0,208208380.0
2024-12-09,29.784,30.084,29.674,29.814,51147.0,154068888.0
2024-12-10,30.724,30.724,29.664,29.724,83634.0,254104507.0
2024-12-11,29.704,29.994,29.524,29.814,53615.0,161127946.0
2024-12-12,29.834,30.174,29.544,30.034,68844.0,207369731.0
2024-12-13,29.734,29.914,29.254,29.314,80578.0,239764467.0
2024-12-16,29.304,29.604,28.984,29.144,47959.0,141484331.0
2024-12-17,29.124,29.244,28.864,28.924,43240.0,126647924.0
2024-12-18,29.074,29.224,28.754,28.814,37985.0,110920047.0
2024-12-19,28.614,29.174,28.324,29.144,54222.0,157114145.0
2024-12-20,29.054,29.524,28.934,29.384,59223.0,174964812.0
2024-12-23,29.324,29.584,28.704,28.734,50165.0,147349387.0
2024-12-24,28.804,29.104,28.724,28.984,36960.0,107807355.0
2024-12-25,28.984,30.524,28.634,30.134,148826.0,446976855.0
2024-12-26,29.824,30.384,29.724,30.274,86388.0,262531432.0
2024-12-27,30.264,30.264,29.734,29.844,66240.0,200308775.0
2024-12-30,29.734,30.014,29.414,29.484,49694.0,148861446.0
2024-12-31,29.524,29.624,28.324,28.454,77521.0,225022999.0
2025-01-02,28.324,28.324,26.494,26.814,93063.0,257079823.0
2025-01-03,26.784,27.124,25.934,25.974,61446.0,164591896.0
2025-01-06,25.954,26.904,25.774,26.244,50761.0,134457077.0
2025-01-07,26.224,26.374,25.794,26.274,42412.0,111853384.0
2025-01-08,26.274,26.274,25.104,25.784,54282.0,140950093.0
2025-01-09,25.744,26.084,25.294,25.774,39293.0,102542630.0
2025-01-10,25.724,25.794,24.824,24.824,47602.0,121883057.0
2025-01-13,24.604,25.104,24.504,24.954,32631.0,82114510.0
2025-01-14,25.024,26.084,24.854,25.984,57111.0,147448114.0
2025-01-15,25.684,25.864,25.034,25.464,67805.0,174156414.0
2025-01-16,25.524,26.104,25.314,25.624,48008.0,124766374.0
2025-01-17,25.474,25.884,25.424,25.724,40578.0,105322595.0
2025-01-20,25.774,25.974,25.634,25.824,38895.0,101485965.0
2025-01-21,25.804,26.444,25.714,26.264,62450.0,164605533.0
2025-01-22,26.124,26.474,26.024,26.274,47341.0,125705703.0
2025-01-23,26.544,26.974,26.204,26.224,50467.0,135802365.0
2025-01-24,26.204,26.964,26.194,26.954,63582.0,171049769.0
2025-01-27,27.044,27.134,26.054,26.054,49516.0,132584197.0
2025-02-05,26.064,26.324,25.834,25.984,36072.0,94852930.0
2025-02-06,25.924,26.404,25.594,26.344,52995.0,139987646.0
2025-02-07,26.354,27.604,26.184,26.894,109388.0,297068208.0
2025-02-10,26.824,26.994,26.524,26.904,60570.0,163785412.0
2025-02-11,26.894,26.934,26.244,26.454,52942.0,141441135.0
2025-02-12,26.424,26.964,26.284,26.894,62221.0,167229602.0
2025-02-13,26.894,27.194,26.734,26.884,64586.0,175738939.0
2025-02-14,26.794,27.174,26.714,26.944,37814.0,102881858.0
2025-02-17,26.904,27.024,26.524,26.614,56285.0,151864774.0
2025-02-18,26.624,26.624,25.694,25.704,56365.0,149015908.0
2025-02-19,25.664,26.574,25.584,26.444,62805.0,166361156.0
2025-02-20,26.444,26.714,26.094,26.544,47566.0,127295691.0
2025-02-21,26.524,26.704,26.234,26.604,55935.0,149771595.0
2025-02-24,26.634,26.674,26.184,26.414,63889.0,170341861.0
2025-02-25,26.224,26.714,26.074,26.154,48710.0,129889984.0
2025-02-26,26.224,27.104,26.224,26.994,94994.0,256827522.0
2025-02-27,26.994,27.054,26.074,26.484,79235.0,211883542.0
2025-02-28,26.324,26.554,25.574,25.644,67748.0,177653852.0
2025-03-03,25.644,26.314,25.584,25.794,52210.0,137219961.0
2025-03-04,25.734,25.874,25.364,25.754,39670.0,102753662.0
2025-03-05,25.664,25.754,25.184,25.344,46744.0,119743696.0
2025-03-06,25.374,26.024,25.374,25.974,59448.0,155225324.0
2025-03-07,25.874,26.114,25.504,25.674,44422.0,115483653.0
2025-03-10,25.604,28.274,25.604,28.274,176498.0,490486724.0
2025-03-11,28.074,28.624,27.624,27.864,194180.0,547445784.0
2025-03-12,27.894,28.874,27.684,28.244,149682.0,428295655.0
2025-03-13,28.104,30.204,27.994,29.524,243671.0,721531308.0
2025-03-14,29.224,29.324,28.584,29.164,122531.0,358647176.0
2025-03-17,29.164,29.394,28.494,28.594,111636.0,325139790.0
2025-03-18,28.794,30.234,28.514,30.094,198419.0,591725497.0
2025-03-19,29.784,30.204,29.204,29.364,113642.0,338944138.0
2025-03-20,29.224,29.524,28.944,28.984,68283.0,201245171.0
2025-03-21,29.564,30.204,28.204,28.324,110635.0,324741763.0
2025-03-24,29.024,31.184,29.024,31.184,339126.0,1047212756.0
2025-03-25,32.084,34.334,31.724,34.334,408657.0,1373378205.0
2025-03-26,34.594,34.914,32.484,33.184,486589.0,1648797249.0
2025-03-27,33.054,35.164,31.924,33.884,414453.0,1413071912.0
2025-03-28,33.454,34.934,31.604,31.704,340504.0,1133933747.0
2025-03-31,31.674,31.714,29.304,29.674,276029.0,840901073.0
2025-04-01,30.134,31.414,30.134,30.444,202316.0,628173489.0
2025-04-02,30.454,31.064,29.744,30.054,143724.0,441473857.0
2025-04-03,29.754,30.244,29.224,29.574,126135.0,377942890.0
2025-04-07,28.054,31.894,27.904,31.184,449388.0,1395237453.0
2025-04-08,31.384,32.404,30.604,31.574,322408.0,1025055094.0
2025-04-09,30.724,34.764,29.404,34.764,337585.0,1126128048.0
2025-04-10,36.024,38.264,35.474,38.264,393693.0,1464689152.0
2025-04-11,41.694,42.114,40.214,42.114,359409.0,1500392759.0
2025-04-14,42.804,46.224,40.724,41.604,793843.0,3421060867.0
2025-04-15,42.384,44.374,40.604,43.404,716084.0,3083518057.0
2025-04-16,42.224,42.744,39.034,40.214,669940.0,2731920219.0
2025-04-17,39.724,41.654,38.814,39.824,518939.0,2107019952.0
2025-04-18,39.124,40.324,37.524,38.224,465187.0,1802462424.0
2025-04-21,37.694,40.054,37.124,38.854,436406.0,1692109022.0
2025-04-22,38.854,39.904,38.514,38.644,380404.0,1499343075.0
2025-04-23,37.724,38.804,37.144,37.454,334933.0,1270998681.0
2025-04-24,37.454,37.574,36.404,36.414,238168.0,884459799.0
2025-04-25,35.074,36.324,34.724,35.414,305480.0,1088997206.0
2025-04-28,34.104,34.494,32.124,32.164,341162.0,1133993197.0
2025-04-29,31.964,33.024,31.964,32.594,181047.0,593513281.0
2025-04-30,32.584,32.894,32.034,32.064,153733.0,502715721.0
2025-05-06,32.334,33.504,32.324,33.474,221121.0,738959268.0
2025-05-07,33.674,33.824,33.104,33.554,167147.0,563757860.0
2025-05-08,33.424,33.944,33.224,33.564,156684.0,530726311.0
2025-05-09,33.724,33.754,32.334,32.794,162522.0,538296076.0
2025-05-12,32.734,33.134,32.424,32.884,120024.0,395378351.0
2025-05-13,33.014,34.194,32.844,33.194,211264.0,710705354.0
2025-05-14,32.924,33.794,32.734,33.284,156652.0,525587145.0
2025-05-15,33.124,33.364,32.334,32.574,134599.0,443424579.0
2025-05-16,32.344,33.744,32.344,33.034,191580.0,643730880.0
2025-05-19,32.834,32.964,32.154,32.854,124046.0,406411153.0
2025-05-20,32.684,32.794,32.174,32.604,97318.0,319183438.0
2025-05-21,32.484,32.524,32.044,32.274,108613.0,353059507.0
2025-05-22,32.024,32.314,31.224,31.224,132806.0,423905169.0
2025-05-23,31.224,31.404,30.524,30.524,121388.0,379318015.0
2025-05-26,30.524,30.844,30.254,30.384,98137.0,301768155.0
2025-05-27,30.324,30.324,29.724,29.894,108669.0,328197353.0
2025-05-28,29.734,30.124,29.604,29.884,85144.0,256906561.0
2025-05-29,29.894,30.754,29.834,30.414,132266.0,404295437.0
2025-05-30,30.414,30.414,29.724,29.734,76279.0,229870717.0
2025-06-03,29.794,30.554,29.654,30.294,86482.0,263296491.0
2025-06-04,30.244,31.044,30.234,30.504,126500.0,391888356.0
2025-06-05,30.634,32.904,30.574,32.304,328264.0,1060575107.0
2025-06-06,32.124,35.564,31.854,33.974,419159.0,1425249492.0
2025-06-09,33.524,33.764,33.114,33.344,218578.0,736928543.0
2025-06-10,33.114,33.324,31.924,32.414,204955.0,669618952.0
2025-06-11,32.284,32.924,32.254,32.314,122650.0,401726481.0
2025-06-12,32.414,32.414,31.774,31.834,92706.0,297141173.0
2025-06-13,31.714,32.764,30.924,31.184,181823.0,578454868.0
2025-06-16,31.224,34.314,31.214,34.314,338216.0,1132274751.0
2025-06-17,35.414,36.264,34.074,34.144,373458.0,1311734061.0
2025-06-18,34.744,34.894,33.814,34.164,176741.0,607081013.0
2025-06-19,34.114,34.994,33.724,34.294,266948.0,919397309.0
2025-06-20,34.544,37.714,34.294,35.834,474078.0,1706809524.0
2025-06-23,35.214,36.924,35.214,36.264,305984.0,1108357310.0
2025-06-24,35.814,36.274,35.684,36.094,219480.0,791334732.0
2025-06-25,36.014,36.184,35.214,36.004,197085.0,704866972.0
2025-06-26,36.144,36.144,35.004,35.084,186841.0,662764127.0
2025-06-27,34.914,35.654,34.914,35.024,133078.0,468969408.0
2025-06-30,35.124,35.614,34.824,35.134,140941.0,496502306.0
2025-07-01,34.974,35.684,34.774,35.494,163789.0,578716614.0
2025-07-02,35.414,38.444,34.624,37.274,387557.0,1430915321.0
2025-07-03,36.664,36.974,35.964,36.304,212681.0,775287627.0
2025-07-04,36.524,37.164,35.974,36.544,188692.0,694195308.0
2025-07-07,36.544,36.814,35.514,35.744,125330.0,450376520.0
2025-07-08,35.754,37.414,35.524,36.844,181066.0,663944473.0
2025-07-09,36.854,36.964,36.084,36.304,140217.0,512008826.0
2025-07-10,36.214,36.894,35.814,36.474,129966.0,473866466.0
2025-07-11,36.344,36.354,35.664,35.814,132253.0,476059787.0
2025-07-14,34.924,34.964,33.154,33.484,265238.0,895342204.0
2025-07-15,33.194,33.644,33.004,33.164,107805.0,359857595.0
2025-07-16,33.264,33.424,33.024,33.194,95366.0,317675133.0
2025-07-17,33.044,33.834,33.034,33.564,109114.0,365722620.0
2025-07-18,33.714,35.414,33.424,34.374,190066.0,661491260.0
2025-07-21,33.934,34.884,33.934,34.594,119433.0,413412711.0
2025-07-22,34.514,34.914,34.414,34.794,129853.0,451193803.0
2025-07-23,34.794,35.334,34.414,34.514,119796.0,417663567.0
2025-07-24,34.464,35.884,34.364,35.654,177334.0,630241943.0
2025-07-25,35.614,35.654,34.794,35.034,118166.0,415975359.0
2025-07-28,34.874,35.324,34.664,34.964,74803.0,262859298.0
2025-07-29,34.814,35.304,34.664,35.294,97246.0,341327110.0
2025-07-30,35.214,35.414,34.344,34.694,98790.0,345084398.0
2025-07-31,34.614,36.354,34.484,34.874,207096.0,735746725.0
2025-08-01,34.874,37.124,34.574,35.914,277350.0,997591512.0
2025-08-04,35.564,36.124,34.594,35.144,175486.0,616114270.0
2025-08-05,35.144,35.144,34.324,34.534,134216.0,466175949.0
2025-08-06,34.544,34.724,34.424,34.644,69935.0,242459703.0
2025-08-07,34.634,34.644,34.134,34.464,88276.0,304754579.0
2025-08-08,34.214,34.614,34.014,34.284,67517.0,231951670.0
2025-08-11,34.114,34.614,34.094,34.504,70150.0,242058046.0
2025-08-12,34.504,34.794,34.054,34.654,102925.0,354624726.0
2025-08-13,34.784,35.364,34.514,35.104,132735.0,464251847.0
2025-08-14,35.784,36.794,35.274,35.294,272996.0,986945985.0
2025-08-15,35.184,38.834,35.164,38.834,474514.0,1790331020.0
2025-08-18,39.914,40.634,39.224,39.794,567257.0,2271347819.0
2025-08-19,39.114,42.004,39.114,40.664,381321.0,1561302437.0
2025-08-20,39.914,40.664,39.124,39.834,238792.0,951649116.0
2025-08-21,39.914,43.824,39.624,42.464,576112.0,2448466809.0
2025-08-22,41.934,43.404,41.874,42.734,395703.0,1692216569.0
2025-08-25,42.704,43.504,41.624,42.144,308461.0,1312034140.0
2025-08-26,42.164,42.414,39.924,40.384,313296.0,1289967592.0
2025-08-27,40.384,41.074,39.414,39.424,200882.0,813003404.0
2025-08-28,39.414,40.444,38.934,40.444,190047.0,758277252.0
2025-08-29,41.214,41.474,40.214,40.514,211033.0,864001080.0
2025-09-01,40.814,43.664,40.814,41.894,272841.0,1158494061.0
2025-09-02,41.484,42.474,39.314,39.954,199817.0,814268033.0
2025-09-03,40.064,40.574,38.834,39.254,146746.0,582408637.0
2025-09-04,39.264,40.314,36.864,37.524,173039.0,668451499.0
2025-09-05,37.674,39.654,37.674,39.424,185344.0,723291187.0
2025-09-08,39.914,39.914,38.334,38.594,182483.0,709444383.0
2025-09-09,38.414,38.494,37.344,37.384,129466.0,490428232.0
2025-09-10,37.334,37.714,36.674,37.114,102953.0,383004366.0
2025-09-11,37.214,38.904,37.124,38.704,173419.0,663226411.0
2025-09-12,38.724,39.084,38.164,38.224,127236.0,491005486.0
2025-09-15,38.254,38.904,37.914,38.414,105663.0,406095977.0
2025-09-16,38.354,38.514,37.294,37.874,112594.0,426253289.0
2025-09-17,37.914,38.464,37.614,38.234,103253.0,394680639.0
2025-09-18,38.084,40.164,37.734,38.704,271455.0,1059738188.0
2025-09-19,38.614,40.324,38.514,39.434,240079.0,955362150.0
2025-09-22,39.554,40.224,38.664,39.864,178480.0,706083521.0
2025-09-23,39.604,40.764,38.284,39.974,200066.0,792547789.0
2025-09-24,40.114,42.914,39.714,42.504,364971.0,1512442586.0
2025-09-25,41.914,42.504,41.564,41.994,194632.0,819457468.0
2025-09-26,41.914,41.914,40.414,40.414,147003.0,605321365.0
2025-09-29,40.414,40.584,39.684,40.004,116629.0,467974437.0
2025-09-30,40.864,41.394,40.224,40.394,147545.0,603279173.0
2025-10-09,41.004,44.444,40.774,43.234,316045.0,1357546959.0
2025-10-10,43.024,43.224,40.734,40.914,215655.0,898462902.0
2025-10-13,40.174,43.494,40.094,43.394,283192.0,1211697128.0
2025-10-14,43.424,44.474,42.074,42.244,236584.0,1023622899.0
2025-10-15,42.794,42.904,41.464,41.724,148232.0,622507217.0
2025-10-16,41.804,42.044,40.764,41.024,124529.0,514313230.0
2025-10-17,40.744,41.024,38.044,38.124,199341.0,779198391.0
2025-10-20,38.604,38.794,37.744,38.034,96585.0,370417978.0
2025-10-21,37.964,39.414,37.794,38.894,102576.0,397694394.0
2025-10-22,38.544,38.804,38.014,38.194,65746.0,252519177.0
2025-10-23,37.894,38.084,36.414,37.984,102057.0,380445003.0
2025-10-24,37.984,38.964,37.984,38.694,82283.0,318111437.0
2025-10-27,38.154,39.314,38.044,38.494,105936.0,410343830.0
2025-10-28,40.264,42.354,40.214,42.354,277101.0,1159550669.0
2025-10-29,42.354,43.164,41.794,42.874,319883.0,1364375280.0
2025-10-30,42.874,44.154,41.964,41.994,260247.0,1116742765.0
2025-10-31,41.964,42.674,41.184,41.184,143594.0,599324061.0
2025-11-03,41.114,41.304,39.634,40.864,124553.0,504749321.0
2025-11-04,40.914,41.074,38.974,39.304,144656.0,575182855.0
2025-11-05,38.514,39.254,38.134,38.914,129039.0,500299307.0
2025-11-06,39.034,39.714,38.764,39.524,131513.0,517864676.0
2025-11-07,39.244,40.814,39.004,40.104,173602.0,699161675.0
2025-11-10,40.394,41.114,40.064,40.454,138641.0,563139536.0
2025-11-11,40.464,41.054,39.914,39.964,131733.0,534249280.0
2025-11-12,39.714,39.914,38.294,38.714,123715.0,481611867.0
2025-11-13,38.844,40.394,38.844,39.614,135689.0,541039962.0
2025-11-14,39.034,39.384,38.314,38.314,163650.0,632497725.0
2025-11-17,38.314,38.664,37.714,38.584,98757.0,377401593.0
2025-11-18,38.414,38.594,37.814,37.924,74098.0,282611789.0
2025-11-19,37.114,38.214,37.114,37.854,65950.0,249579745.0
2025-11-20,38.094,38.394,37.314,37.444,69788.0,262947057.0
2025-11-21,37.184,37.434,35.814,35.814,118754.0,433933655.0
2025-11-24,35.814,36.474,35.084,35.974,64992.0,232349582.0
2025-11-25,36.034,36.664,35.914,35.994,64885.0,235752244.0
2025-11-26,35.804,36.494,35.594,36.084,57711.0,208526094.0
2025-11-27,36.174,36.574,35.964,35.974,56686.0,206064265.0
2025-11-28,35.934,36.384,35.764,36.354,46221.0,167638708.0
2025-12-01,36.414,36.794,36.244,36.794,51732.0,189889804.0
2025-12-02,36.794,36.894,36.094,36.164,42766.0,155911445.0
2025-12-03,36.174,36.564,35.924,36.044,32836.0,118950968.0
2025-12-04,36.124,36.394,35.234,36.274,51034.0,183305317.0
2025-12-05,36.104,36.364,35.494,36.254,52987.0,190722052.0
2025-12-08,36.294,36.754,36.294,36.544,54873.0,201101454.0
2025-12-09,36.554,37.324,36.374,37.124,79629.0,294990983.0
2025-12-10,36.964,37.204,36.664,37.014,55294.0,204424248.0
2025-12-11,37.214,37.294,36.284,36.314,49711.0,182788844.0
2025-12-12,36.264,36.764,35.964,36.614,51360.0,187501381.0
2025-12-15,36.304,36.764,36.124,36.204,44585.0,162535872.0
2025-12-16,36.244,36.414,35.064,35.074,56675.0,200811538.0
2025-12-17,35.084,35.704,34.654,35.554,51158.0,180105422.0
2025-12-18,35.374,36.204,35.324,35.604,39782.0,142800911.0
2025-12-19,35.894,36.084,35.674,35.734,36321.0,130474588.0
2025-12-22,35.734,37.094,35.734,36.624,77137.0,283248119.0
2025-12-23,36.824,38.254,36.644,37.354,123196.0,462110486.0
2025-12-24,37.274,38.354,37.274,37.914,106462.0,403505794.0
2025-12-25,37.814,37.814,37.144,37.424,70955.0,266423207.0
2025-12-26,37.424,38.104,37.424,37.534,81265.0,307187671.0
2025-12-29,37.734,37.864,37.024,37.114,62459.0,233640036.0
2025-12-30,36.874,37.214,36.684,36.784,54286.0,200671946.0
2025-12-31,36.794,37.104,36.464,36.494,45028.0,165470196.0
2026-01-05,36.594,37.274,36.504,37.264,76482.0,284205278.0
2026-01-06,37.664,39.884,37.614,38.864,212877.0,836461853.0
2026-01-07,38.814,40.104,38.634,39.574,173799.0,686412016.0
2026-01-08,39.564,40.114,39.094,39.184,128925.0,509878652.0
2026-01-09,39.114,39.984,39.034,39.464,126567.0,501236243.0
2026-01-12,39.114,39.754,38.694,39.224,140201.0,548343808.0
2026-01-13,39.454,39.464,38.214,38.404,114155.0,442923535.0
2026-01-14,38.114,39.004,37.644,38.264,124437.0,479351525.0
2026-01-15,38.094,40.114,37.994,39.574,176990.0,695162176.0
2026-01-16,39.814,40.564,39.494,40.294,199300.0,801228716.0
2026-01-19,40.804,40.814,39.404,39.594,118968.0,474539476.0
2026-01-20,39.554,40.094,38.814,39.114,93662.0,369870732.0
2026-01-21,39.004,40.364,38.924,39.704,102937.0,410318803.0
2026-01-22,39.654,40.794,39.364,39.864,83309.0,332674618.0
2026-01-23,40.194,42.644,39.974,41.994,249784.0,1042613239.0
2026-01-26,41.894,41.894,39.314,39.664,217206.0,871519375.0
2026-01-27,39.314,40.564,38.214,40.394,155072.0,612128880.0
2026-01-28,40.394,40.804,39.554,40.624,123390.0,497207081.0
2026-01-29,40.614,41.804,40.464,40.794,181642.0,749861268.0
2026-01-30,40.314,40.674,38.134,39.684,157257.0,618495604.0
2026-02-02,39.204,40.094,38.054,38.054,105948.0,412726721.0
2026-02-03,38.444,40.894,38.444,40.654,203836.0,820863946.0
2026-02-04,40.424,42.224,40.324,42.114,218855.0,913962773.0
2026-02-05,41.794,41.794,40.314,40.454,143599.0,586614413.0
2026-02-06,39.924,40.964,39.534,40.234,113783.0,458605982.0
2026-02-09,41.214,42.794,41.024,42.344,190693.0,806483649.0
2026-02-10,42.324,42.764,41.644,42.104,115210.0,487174268.0
2026-02-11,41.794,43.774,41.734,43.064,212356.0,916799520.0
2026-02-12,43.174,47.384,43.114,47.384,341613.0,1583697340.0
2026-02-13,47.424,47.794,44.494,44.554,389203.0,1772960871.0
2026-02-24,45.414,49.014,45.414,48.624,394355.0,1877254708.0
2026-02-25,48.584,50.734,48.374,49.544,401874.0,1987409845.0
2026-02-26,49.544,50.414,48.634,49.844,274962.0,1367760746.0
2026-02-27,48.794,49.794,47.824,48.964,251689.0,1225309223.0
2026-03-02,47.714,52.724,47.714,51.994,372069.0,1892704935.0
2026-03-03,52.194,52.514,48.114,48.484,301204.0,1501244159.0
2026-03-04,47.764,49.804,47.744,48.134,205028.0,995409319.0
2026-03-05,50.574,52.954,50.574,52.954,115993.0,610773288.0
2026-03-06,51.954,55.664,51.954,53.504,427343.0,2319445851.0
2026-03-09,51.104,51.904,48.914,50.934,291593.0,1464343044.0
2026-03-10,51.914,54.684,50.114,54.264,295389.0,1568129209.0
2026-03-11,54.164,55.164,53.214,53.614,227113.0,1228794879.0
2026-03-12,52.934,53.384,49.764,50.704,282650.0,1449426144.0
2026-03-13,49.644,50.414,48.074,48.324,197317.0,969725278.0
2026-03-16,47.794,48.464,45.474,47.104,250927.0,1173521318.0
2026-03-17,47.564,48.244,44.784,44.804,186713.0,859012400.0
2026-03-18,45.194,45.574,44.434,45.504,125263.0,565504824.0
2026-03-19,44.464,44.914,43.414,43.704,141902.0,625046557.0
2026-03-20,44.034,45.344,43.624,43.624,145640.0,648081200.0
2026-03-23,42.414,43.174,40.924,41.194,157984.0,665508331.0
2026-03-24,42.414,42.494,40.304,41.864,113499.0,469054602.0
2026-03-25,42.494,43.644,42.414,43.014,139402.0,601678156.0
2026-03-26,42.914,43.154,41.794,42.004,100804.0,428724042.0
2026-03-27,41.414,42.784,40.914,42.354,95495.0,401652451.0
2026-03-30,41.414,42.354,40.424,41.974,129141.0,535903251.0
2026-03-31,41.814,42.474,40.874,41.074,102169.0,425575687.0
2026-04-01,41.914,42.904,41.874,42.234,136089.0,576371693.0
2026-04-02,41.714,43.364,41.534,42.314,184772.0,785436809.0
2026-04-03,42.534,43.024,42.124,42.134,140965.0,599847139.0
2026-04-07,42.094,46.354,42.094,44.864,301883.0,1372064463.0
2026-04-08,46.274,46.574,45.044,45.844,279757.0,1276428643.0
2026-04-09,45.094,45.914,45.044,45.444,152665.0,694771882.0
2026-04-10,46.814,48.014,45.924,47.094,286913.0,1349143001.0
2026-04-13,46.914,51.814,46.914,50.484,409917.0,2089130041.0
2026-04-14,50.924,51.314,49.104,49.874,287404.0,1431938279.0
2026-04-15,50.914,54.874,50.914,51.714,421723.0,2243123023.0
2026-04-16,51.654,52.574,50.944,51.914,237390.0,1232167098.0
2026-04-17,52.714,52.954,51.414,51.714,196854.0,1025404240.0
2026-04-20,52.914,53.464,50.814,50.864,265318.0,1377251929.0
2026-04-21,51.414,54.184,50.614,51.964,282728.0,1488834208.0
2026-04-22,51.424,55.154,50.924,54.254,306884.0,1639091687.0
2026-04-23,54.814,55.144,51.714,52.464,250757.0,1331570588.0
2026-04-24,51.614,53.864,51.584,52.714,196018.0,1032747020.0
2026-04-27,49.914,54.064,48.874,52.814,342476.0,1764553377.0
2026-04-28,52.414,56.414,51.934,54.824,318369.0,1729434138.0
2026-04-29,53.894,56.794,53.364,55.584,298527.0,1651921007.0
2026-04-30,55.584,55.844,54.214,55.094,206018.0,1132292043.0
2026-05-06,55.914,58.414,55.314,57.474,276770.0,1582619462.0
2026-05-07,58.474,63.234,58.344,63.234,315710.0,1951971587.0
2026-05-08,63.234,67.714,62.714,65.414,450519.0,2966501492.0
2026-05-11,67.414,71.864,65.914,66.514,469722.0,3188537210.0
2026-05-12,66.564,73.174,66.034,73.174,403670.0,2792788003.0
2026-05-13,73.214,76.354,70.994,76.104,510846.0,3791721670.0
2026-05-14,74.664,75.704,71.734,72.414,370782.0,2726028507.0
2026-05-15,71.804,72.914,67.694,69.444,365065.0,2544523238.0
2026-05-18,69.154,72.354,68.014,69.554,284753.0,2009505618.0
2026-05-19,68.254,68.884,65.814,68.554,295002.0,1988635580.0
2026-05-20,67.874,73.374,67.564,71.804,323534.0,2320975132.0
2026-05-21,72.114,76.014,70.574,72.484,468255.0,3457761702.0
2026-05-22,72.494,75.544,71.624,74.464,390611.0,2884031661.0
2026-05-25,74.474,77.714,70.514,76.014,386153.0,2849278391.0
2026-05-26,74.414,75.414,71.364,73.384,312773.0,2291164801.0
2026-05-27,73.244,74.414,68.014,68.314,325052.0,2284448930.0
2026-05-28,67.794,72.114,67.064,71.194,273030.0,1908894290.0
2026-05-29,71.904,71.904,65.914,67.134,284413.0,1933538983.0
2026-06-01,66.114,66.134,61.304,61.344,288898.0,1835521079.0
2026-06-02,62.574,62.914,60.664,61.694,193139.0,1200856332.0
2026-06-03,62.614,66.914,62.154,63.694,244313.0,1576717719.0
2026-06-04,64.314,67.764,63.744,66.294,246610.0,1633088099.0
2026-06-05,65.584,71.824,63.214,69.404,381441.0,2614229079.0
2026-06-08,64.364,73.304,64.364,67.844,412600.0,2852401897.0
2026-06-09,69.614,74.634,67.884,74.634,460748.0,3314454208.0
2026-06-10,74.984,75.714,71.714,73.224,382552.0,2817370636.0
2026-06-11,71.574,78.894,71.514,76.064,469982.0,3560222827.0
2026-06-12,78.974,82.914,70.244,70.804,585578.0,4428400935.0
2026-06-15,71.274,77.314,67.334,76.444,442962.0,3263755520.0
2026-06-16,76.4,81.52,74.99,80.33,397485.0,3119987728.0
2026-06-17,78.2,82.64,77.75,79.34,447256.0,3576621334.0
2026-06-18,78.0,83.05,76.81,80.55,341499.0,2744640171.0
2026-06-22,82.0,86.11,81.0,86.1,410444.0,3455429301.0
2026-06-23,86.33,86.33,78.5,80.64,371159.0,3023990789.0
2026-06-24,79.53,80.33,75.5,79.89,320505.0,2516144321.0
2026-06-25,82.3,83.83,77.55,83.56,381761.0,3085388907.0
2026-06-26,83.05,87.91,81.0,86.6,419867.0,3568953309.0
2026-06-29,85.74,89.5,80.78,84.13,355370.0,3010458412.0
2026-06-30,83.29,83.7,77.99,82.61,282790.0,2298539929.0
2026-07-01,81.5,84.74,78.7,78.89,285534.0,2319189031.0
2026-07-02,75.0,78.0,71.1,72.05,305010.0,2262010950.0
2026-07-03,71.4,73.43,69.15,69.25,256288.0,1815430438.0
2026-07-06,69.99,70.85,65.15,66.04,219183.0,1478447162.0
2026-07-07,65.25,66.8,63.01,64.91,162872.0,1062418092.0
2026-07-08,64.9,65.88,60.71,61.06,225355.0,1403864364.0
2026-07-09,62.28,67.17,62.25,67.17,277630.0,1793955921.0
2026-07-10,68.98,71.17,65.5,65.5,262281.0,1802634393.0
2026-07-13,65.1,66.46,60.6,61.0,185572.0,1173142730.0
2026-07-14,61.3,63.0,58.68,61.92,193519.0,1184516351.0
2026-07-15,63.0,63.63,57.0,57.3,203330.0,1204841208.0
2026-07-16,55.55,57.77,53.49,53.99,193107.0,1069805776.0
2026-07-17,54.64,54.64,49.47,49.89,229873.0,1184587560.0
2026-07-20,51.13,51.45,44.9,44.9,218477.0,1035081515.0
2026-07-21,45.43,49.25,40.88,48.97,271366.0,1233414146.0
2026-07-22,48.97,50.16,46.88,47.59,208159.0,1013575479.0
2026-07-23,48.54,48.95,46.77,47.3,141359.0,673153539.0
2026-07-24,46.9,48.2,45.92,46.44,127340.0,597533808.0
2026-07-27,46.44,48.12,45.6,48.01,132640.0,625481473.0
2026-07-28,47.0,48.2,44.06,44.62,151342.0,695590831.0
2026-07-29,44.81,45.88,41.75,43.57,17257900.0,
2026-07-30,43.07,43.99,40.22,40.82,17602900.0,
2026-07-31,43.48,44.5,41.92,41.98,16359600.0,
2026-08-03,41.86,42.29,40.61,40.88,14076600.0,
2026-08-04,41.6,43.87,41,43.46,15101700.0,
2026-08-05,43.45,46.97,43.17,46.51,19993400.0,
