date,open,high,low,close,volume,amount
2016-08-18,1.337,2.354,1.337,2.354,7400.0,
2016-08-19,2.964,2.964,2.964,2.964,500.0,
2016-08-22,3.635,3.635,3.635,3.635,2900.0,
2016-08-23,4.373,4.373,4.373,4.373,1100.0,
2016-08-24,5.185,5.185,5.185,5.185,4600.0,
2016-08-25,6.078,6.078,6.078,6.078,7100.0,
2016-08-26,7.060,7.060,7.060,7.060,5500.0,
2016-08-29,8.141,8.141,8.141,8.141,14000.0,
2016-08-30,9.331,9.331,9.331,9.331,15100.0,
2016-08-31,10.639,10.639,10.639,10.639,28000.0,
2016-09-01,12.079,12.079,12.079,12.079,12800.0,
2016-09-02,13.662,13.662,13.662,13.662,69300.0,
2016-09-05,15.404,15.404,15.404,15.404,69500.0,
2016-09-06,17.319,17.319,17.319,17.319,54600.0,
2016-09-07,19.425,19.425,19.425,19.425,136600.0,
2016-09-08,21.743,21.743,21.743,21.743,174400.0,
2016-09-09,24.292,24.292,24.292,24.292,181100.0,
2016-09-12,27.097,27.097,27.097,27.097,4883100.0,
2016-09-13,29.741,29.741,26.924,27.472,15950800.0,
2016-09-14,28.518,30.593,28.505,28.680,10410900.0,
2017-03-13,31.924,31.924,31.924,31.924,1811800.0,
2017-03-14,35.491,35.491,35.491,35.491,103800.0,
2017-03-15,39.416,39.416,38.161,39.416,5519600.0,
2017-03-16,39.961,42.693,38.709,41.054,8970800.0,
2017-03-17,40.621,40.808,36.574,37.206,7241000.0,
2017-03-20,36.361,37.755,35.193,35.583,3882600.0,
2017-03-21,35.770,37.148,35.610,35.805,3291000.0,
2017-03-22,35.063,38.270,34.881,37.884,4676000.0,
2017-03-23,37.888,38.265,33.720,33.744,5391800.0,
2017-03-24,33.241,34.859,33.241,33.864,2600200.0,
2017-03-27,34.639,37.614,34.334,35.510,3309600.0,
2017-03-28,35.510,38.343,34.947,37.266,3836300.0,
2017-03-29,36.508,36.521,34.289,35.464,3015700.0,
2017-03-30,36.339,37.614,35.588,37.037,3084100.0,
2017-03-31,36.339,37.224,33.970,34.535,3051800.0,
2017-04-05,33.585,34.497,32.150,33.790,2328800.0,
2017-04-06,34.061,34.662,33.243,34.444,1600700.0,
2017-04-07,34.152,36.843,33.605,35.433,2397100.0,
2017-04-10,34.794,35.063,32.150,33.434,2578900.0,
2017-04-12,32.148,32.678,29.715,29.715,3441800.0,
2017-04-13,29.032,30.271,28.595,28.957,1531200.0,
2017-04-14,28.972,29.378,28.378,28.667,829800.0,
2017-04-17,26.317,28.882,26.317,28.782,1246000.0,
2017-04-18,28.686,29.961,28.256,28.423,734300.0,
2017-04-19,28.684,29.507,27.470,29.323,1086100.0,
2017-04-20,29.241,29.903,28.527,29.067,969600.0,
2017-04-21,29.593,29.593,27.753,28.121,825800.0,
2017-04-24,27.795,28.595,26.907,28.137,652600.0,
2017-04-25,28.139,28.684,27.855,28.062,584700.0,
2017-04-26,27.853,31.244,27.853,31.235,1902600.0,
2017-04-27,31.075,32.330,29.812,31.782,1352700.0,
2017-04-28,33.241,34.097,32.186,32.341,2019900.0,
2017-05-02,32.691,33.150,31.984,32.430,917600.0,
2017-05-03,32.334,33.041,29.965,31.124,1285000.0,
2017-05-04,31.073,31.239,30.451,30.759,644000.0,
2017-05-05,30.778,31.328,30.307,30.870,797900.0,
2017-05-08,30.654,32.509,30.510,31.552,1188100.0,
2017-05-09,31.275,33.788,31.275,33.511,1748900.0,
2017-05-10,33.341,34.722,32.549,32.995,1519600.0,
2017-05-11,32.694,33.930,32.330,33.682,1159500.0,
2017-05-12,33.698,33.959,30.783,31.721,2154800.0,
2017-05-15,31.601,31.692,29.657,30.686,1351600.0,
2017-05-16,31.018,32.580,30.052,32.505,1118400.0,
2017-05-17,32.330,34.695,30.854,32.714,1825400.0,
2017-05-18,32.370,33.232,31.969,32.571,1078600.0,
2017-05-19,32.693,32.693,31.073,31.783,1163800.0,
2017-05-22,31.982,32.714,30.834,30.907,1027500.0,
2017-05-23,29.755,30.418,28.101,28.338,3055900.0,
2017-05-24,28.053,29.289,27.838,28.819,1303900.0,
2017-05-25,29.001,29.795,28.673,29.445,1597000.0,
2017-05-26,29.274,29.511,28.163,28.629,1344100.0,
2017-05-31,29.577,30.342,28.243,28.334,2498500.0,
2017-06-01,28.225,29.420,28.053,28.174,1607000.0,
2017-06-02,27.798,29.114,27.397,28.877,1623600.0,
2017-06-05,29.256,30.295,29.147,29.238,1552700.0,
2017-06-06,28.964,29.296,28.308,28.735,1520800.0,
2017-06-07,28.848,29.978,28.848,29.733,2126700.0,
2017-06-08,29.511,29.948,28.053,28.502,2286800.0,
2017-06-09,28.374,29.063,28.082,28.695,907300.0,
2017-06-12,28.414,28.600,25.459,25.459,4678400.0,
2017-06-13,25.138,25.685,24.045,25.477,3433100.0,
2017-06-14,25.178,25.564,24.613,25.218,1863300.0,
2017-06-15,24.876,26.854,24.876,26.475,2410900.0,
2017-06-16,26.359,26.873,26.049,26.118,1217100.0,
2017-06-19,26.450,26.916,26.202,26.508,983600.0,
2017-06-20,26.916,27.215,26.322,26.887,1495000.0,
2017-06-21,26.887,27.033,26.479,26.679,935500.0,
2017-06-22,26.876,27.004,23.684,24.504,3251600.0,
2017-06-23,24.358,24.722,23.746,24.533,1756200.0,
2017-06-26,24.300,25.488,24.230,25.302,2124000.0,
2017-06-27,25.149,25.502,24.927,25.029,1347000.0,
2017-06-28,24.956,25.138,24.482,24.712,842300.0,
2017-06-29,24.770,25.466,24.635,24.839,1333100.0,
2017-06-30,24.704,25.083,24.420,24.704,1314500.0,
2017-07-03,24.773,27.324,24.646,26.982,2953100.0,
2017-07-04,26.960,27.354,26.479,26.636,1380500.0,
2017-07-05,26.778,27.164,26.417,26.854,1490500.0,
2017-07-06,26.865,27.835,26.333,27.769,2526500.0,
2017-07-07,27.725,30.087,27.416,29.664,4551700.0,
2017-07-10,28.964,29.657,28.017,28.075,2413900.0,
2017-07-11,27.725,28.502,27.430,27.988,1607300.0,
2017-07-12,28.064,28.330,25.798,27.044,2091200.0,
2017-07-13,26.803,27.529,26.322,26.581,2061700.0,
2017-07-14,26.505,26.905,25.903,25.932,1746100.0,
2017-07-17,25.287,25.630,23.381,23.596,2990300.0,
2017-07-18,23.487,24.190,23.031,24.001,1446700.0,
2017-07-19,23.316,23.855,21.235,23.112,3375200.0,
2017-07-20,23.057,24.332,22.587,23.990,2234500.0,
2017-07-21,24.311,25.050,24.015,24.311,2448700.0,
2017-07-24,23.680,23.822,22.587,23.086,2376500.0,
2017-07-25,23.134,23.214,22.150,22.627,1587900.0,
2017-07-26,22.310,22.802,22.310,22.485,890200.0,
2017-07-27,22.423,23.447,22.252,23.042,2444300.0,
2017-07-28,23.006,23.039,22.171,22.252,2202300.0,
2017-07-31,22.259,22.354,21.421,22.259,2243800.0,
2017-08-01,22.259,24.642,22.095,24.413,3203300.0,
2017-08-02,24.045,25.903,23.684,23.913,2931800.0,
2017-08-03,23.939,25.721,23.647,25.229,2967300.0,
2017-08-10,22.343,22.343,22.343,22.343,550400.0,
2017-08-11,19.773,22.587,19.773,21.275,6865600.0,
2017-08-14,20.947,22.095,20.255,21.876,2643400.0,
2017-08-15,21.676,21.843,21.384,21.501,1038400.0,
2017-08-16,21.370,22.142,21.209,21.694,1140600.0,
2017-08-17,21.581,23.232,21.519,22.273,1528400.0,
2017-08-18,22.040,23.636,21.552,21.909,1865700.0,
2017-08-21,21.909,23.527,21.876,23.108,3064600.0,
2017-08-22,23.097,24.154,22.988,23.629,2188400.0,
2017-08-23,22.951,23.287,21.785,21.971,3545100.0,
2017-08-24,22.405,22.405,21.712,21.807,1419300.0,
2017-08-25,21.862,23.134,21.807,22.685,2279700.0,
2017-08-28,23.862,25.320,23.862,25.320,3373500.0,
2017-08-29,28.217,28.217,28.217,28.217,2167700.0,
2017-08-30,29.511,30.094,28.057,29.733,9446400.0,
2017-08-31,29.650,31.333,29.005,31.187,6075400.0,
2017-09-01,30.925,33.636,30.521,32.241,6148100.0,
2017-09-04,32.066,32.787,31.588,32.273,3660200.0,
2017-09-05,32.383,33.476,31.818,32.310,4463700.0,
2017-09-06,33.330,34.788,32.430,33.877,5420100.0,
2017-09-07,33.494,37.091,33.480,35.251,5967700.0,
2017-09-08,35.816,36.679,34.657,36.111,3593400.0,
2017-09-11,35.561,37.485,35.561,36.217,3654100.0,
2017-09-12,36.362,37.346,34.978,37.160,4895600.0,
2017-09-13,37.405,41.242,36.435,41.242,5441800.0,
2017-09-14,42.069,42.587,40.080,41.687,5255400.0,
2017-09-15,41.617,41.858,38.257,38.618,4727400.0,
2017-09-18,38.943,42.846,38.906,42.846,5670200.0,
2017-09-19,42.631,43.352,41.093,41.508,3910400.0,
2017-09-20,41.537,45.648,41.512,44.223,5061700.0,
2017-09-21,45.182,45.182,42.565,43.691,4195700.0,
2017-09-22,43.356,44.631,42.751,44.544,2967000.0,
2017-09-25,43.779,44.373,41.902,42.044,3353600.0,
2017-09-26,41.133,42.222,40.327,41.340,3303100.0,
2017-09-27,41.556,42.547,40.444,41.840,3096500.0,
2017-09-28,41.661,44.482,41.537,42.693,3248500.0,
2017-09-29,43.356,44.693,42.631,43.819,2809100.0,
2017-10-09,44.817,47.514,44.092,45.513,3831200.0,
2017-10-10,45.721,46.122,44.799,45.878,2345600.0,
2017-10-11,45.619,45.903,42.849,43.243,2991100.0,
2017-10-12,43.720,44.260,42.084,43.396,1986500.0,
2017-10-13,43.542,44.599,42.492,44.154,1852100.0,
2017-10-16,43.753,44.999,42.849,43.400,2078700.0,
2017-10-17,43.177,43.582,42.084,42.598,1789700.0,
2017-10-18,42.678,43.910,41.967,42.426,1776900.0,
2017-10-19,42.084,42.580,38.257,38.542,4161400.0,
2017-10-20,38.542,40.433,38.261,39.639,2572800.0,
2017-10-23,40.032,42.084,39.865,41.745,2642800.0,
2017-10-24,41.781,41.996,40.080,41.395,2010100.0,
2017-10-25,40.510,42.492,40.116,41.687,2032600.0,
2017-10-26,41.723,45.510,41.723,45.309,3549200.0,
2017-10-27,45.254,45.910,44.380,45.593,2715200.0,
2017-10-30,50.517,50.517,50.517,50.517,1255000.0,
2017-10-31,53.195,55.932,52.142,55.794,7665600.0,
2018-03-02,51.012,59.919,51.012,51.625,14570900.0,
2018-03-05,52.109,57.153,52.106,57.153,11077000.0,
2018-03-06,58.717,63.192,58.666,60.896,9820600.0,
2018-03-07,60.236,62.310,58.487,60.298,6882700.0,
2018-03-08,60.644,61.537,58.487,59.322,5361400.0,
2018-03-09,58.775,62.310,58.695,60.225,6935700.0,
2018-03-12,60.852,66.614,60.305,66.614,7097400.0,
2018-03-13,67.776,72.109,66.683,68.090,7687500.0,
2018-03-14,68.826,69.963,65.225,66.574,6030300.0,
2018-03-15,66.063,69.227,65.991,69.110,5645500.0,
2018-03-16,69.598,70.929,63.833,65.593,6972800.0,
2018-03-19,64.861,71.967,64.737,70.903,7284500.0,
2018-03-20,70.353,71.967,69.278,70.185,3858900.0,
2018-03-21,70.448,70.812,65.991,66.887,5740900.0,
2018-03-22,66.876,67.518,62.241,62.718,6862600.0,
2018-03-23,59.394,63.585,58.669,60.896,7904400.0,
2018-03-26,62.784,66.599,62.237,65.203,6464800.0,
2018-03-27,66.235,68.534,64.132,67.740,7203200.0,
2018-03-28,66.355,70.972,66.355,67.354,5442400.0,
2018-03-29,68.141,69.198,62.966,65.914,5347500.0,
2018-03-30,65.983,68.706,65.043,68.068,6245000.0,
2018-04-02,69.234,74.945,68.720,72.128,8846600.0,
2018-04-03,71.056,73.534,68.753,72.448,5683900.0,
2018-04-04,72.149,72.685,69.015,69.179,4485000.0,
2018-04-09,69.183,69.919,65.958,67.514,3766900.0,
2018-04-10,67.037,67.412,63.563,66.023,4726500.0,
2018-04-11,65.943,68.141,65.211,66.111,2587900.0,
2018-04-12,65.590,66.876,61.982,62.310,4453800.0,
2018-04-13,63.046,65.736,62.193,64.471,4256200.0,
2018-04-16,63.403,66.501,62.128,64.752,5093000.0,
2018-04-17,66.683,68.939,60.991,61.279,7937100.0,
2018-04-18,62.310,67.773,61.184,67.773,8912700.0,
2018-04-19,68.870,71.679,67.594,68.097,8589100.0,
2018-04-20,67.412,72.842,67.324,71.191,8924900.0,
2018-04-23,71.060,71.238,66.395,66.942,6591300.0,
2018-04-24,65.954,69.048,63.768,68.924,5107300.0,
2018-04-25,67.612,68.505,64.453,65.429,5797200.0,
2018-04-26,65.109,66.785,62.091,62.394,5911600.0,
2018-04-27,64.015,64.015,57.937,59.974,6809500.0,
2018-05-02,59.832,62.073,58.848,59.934,4389800.0,
2018-05-03,57.208,57.937,53.596,57.612,7335900.0,
2018-05-04,56.843,60.652,56.362,59.460,4989800.0,
2018-05-07,59.103,60.608,58.257,59.434,3110600.0,
2018-05-08,59.759,61.279,58.305,59.391,3065200.0,
2018-05-09,58.738,60.841,58.684,59.292,2941500.0,
2018-05-10,59.012,59.387,56.526,57.175,3475000.0,
2018-05-11,57.117,57.499,55.236,56.504,2989200.0,
2018-05-14,55.386,57.317,54.730,55.280,2922900.0,
2018-05-15,55.349,56.242,53.749,56.074,4073300.0,
2018-05-16,55.750,60.222,55.459,58.042,5605000.0,
2018-05-17,58.334,59.566,57.226,58.502,2747900.0,
2018-05-18,58.483,59.012,56.297,57.412,2256200.0,
2018-05-21,57.103,63.506,57.103,63.506,6971800.0,
2018-05-22,62.312,63.583,61.455,62.241,5288800.0,
2018-05-23,62.103,63.624,61.695,61.935,5340600.0,
2018-05-24,61.823,62.307,59.246,59.364,4504500.0,
2018-05-25,59.353,60.522,57.787,58.047,4016500.0,
2018-05-28,57.879,58.721,55.573,55.675,4194200.0,
2018-05-29,56.180,56.864,53.889,54.246,4611400.0,
2018-05-30,53.216,55.894,51.874,52.466,5503600.0,
2018-05-31,52.966,53.532,49.864,51.823,5363100.0,
2018-06-01,51.542,52.608,49.124,49.644,5795900.0,
2018-06-04,50.511,51.756,49.450,50.537,5423500.0,
2018-06-05,50.879,53.889,50.165,53.471,5894600.0,
2018-06-06,53.119,53.940,52.450,53.175,4639300.0,
2018-06-07,53.787,53.889,51.302,51.761,3486700.0,
2018-06-08,51.083,51.644,49.307,49.909,4887900.0,
2018-06-11,49.491,49.527,47.511,47.644,4851700.0,
2018-06-12,47.639,48.277,45.904,47.511,5942700.0,
2018-06-13,47.767,50.909,47.256,49.466,7040900.0,
2018-06-14,48.899,50.552,48.124,49.511,4635000.0,
2018-06-15,49.420,50.409,48.022,49.996,4241600.0,
2018-06-19,49.307,52.466,45.246,48.119,7296200.0,
2018-06-20,47.256,49.042,45.726,47.644,5330300.0,
2018-06-21,46.864,47.501,42.619,42.695,6555800.0,
2018-06-22,41.986,44.348,41.394,43.389,4863800.0,
2018-06-25,43.986,44.348,42.537,42.853,3517600.0,
2018-06-26,41.909,47.491,41.746,46.307,8457100.0,
2018-06-27,46.746,49.006,46.746,48.027,8742900.0,
2018-06-28,48.011,49.297,46.746,46.848,5009100.0,
2018-06-29,47.511,51.884,47.159,51.858,8736100.0,
2018-07-02,51.542,52.358,50.017,51.353,6852400.0,
2018-07-03,51.185,55.930,50.256,54.226,9520000.0,
2018-07-04,53.700,54.644,51.491,52.241,7494600.0,
2018-07-05,51.435,52.042,48.761,48.812,8276900.0,
2018-07-06,48.568,52.052,48.568,49.236,8782500.0,
2018-07-09,49.297,50.568,48.812,49.853,5920800.0,
2018-07-10,49.491,50.369,47.767,48.945,6252100.0,
2018-07-11,47.511,49.129,46.598,47.996,6155000.0,
2018-07-12,48.328,53.124,48.277,52.180,10890200.0,
2018-07-13,51.624,56.695,51.338,55.772,11368800.0,
2018-07-16,55.981,57.614,54.726,56.205,7041000.0,
2018-07-17,56.761,58.731,55.619,57.501,7939600.0,
2018-07-18,58.787,60.261,56.098,56.170,7481500.0,
2018-07-19,55.624,56.864,54.670,55.685,5255400.0,
2018-07-20,56.134,58.409,54.716,57.226,6174900.0,
2018-07-23,58.170,62.389,57.716,61.920,9055500.0,
2018-07-24,60.522,61.644,59.501,60.976,7036000.0,
2018-07-25,60.318,62.547,60.318,60.940,4751600.0,
2018-07-26,60.272,60.573,54.654,56.532,8726800.0,
2018-07-27,56.185,57.511,55.420,56.853,3446300.0,
2018-07-30,56.818,56.976,53.761,54.425,4612900.0,
2018-07-31,54.782,55.522,54.144,55.134,3020900.0,
2018-08-01,55.695,60.011,55.695,57.042,8545900.0,
2018-08-02,57.205,58.930,54.848,57.971,6891800.0,
2018-08-03,55.435,56.542,51.899,51.945,7851100.0,
2018-08-06,50.573,51.659,48.991,49.904,4475000.0,
2018-08-07,50.093,51.251,47.517,51.119,5859600.0,
2018-08-08,50.522,51.032,46.736,47.216,4891600.0,
2018-08-09,46.858,51.649,46.578,50.976,7249200.0,
2018-08-10,50.930,53.889,50.593,53.210,6155900.0,
2018-08-13,52.440,55.307,51.940,54.981,6147900.0,
2018-08-14,54.312,54.756,51.006,52.083,6496300.0,
2018-08-15,51.654,52.578,49.552,50.011,5310400.0,
2018-08-16,48.522,51.027,47.772,48.976,4899900.0,
2018-08-17,50.011,50.496,48.088,48.935,3649200.0,
2018-08-20,48.471,50.042,47.318,50.042,4107400.0,
2018-08-21,49.802,51.175,48.685,50.522,4478200.0,
2018-08-22,50.001,50.981,48.833,49.333,3653100.0,
2018-08-23,49.042,51.797,48.853,51.450,6350500.0,
2018-08-24,50.981,54.491,50.981,53.685,7847500.0,
2018-08-27,52.614,56.180,52.614,54.654,7685700.0,
2018-08-28,54.756,55.782,54.292,55.042,3585000.0,
2018-08-29,54.756,55.420,54.272,55.139,3327500.0,
2018-08-30,55.165,55.404,52.665,52.869,4752500.0,
2018-08-31,52.930,53.496,52.261,52.267,3114800.0,
2018-09-03,52.052,52.777,49.501,52.614,4443900.0,
2018-09-04,52.649,54.384,51.619,53.685,5004600.0,
2018-09-05,53.180,53.818,51.379,51.389,4240500.0,
2018-09-06,50.976,52.659,50.216,51.445,3782100.0,
2018-09-07,51.210,52.430,47.506,48.828,6834500.0,
2018-09-10,48.358,48.358,43.899,44.532,8989800.0,
2018-09-11,44.950,45.216,42.858,43.828,6281400.0,
2018-09-12,43.823,44.955,43.175,44.093,4083100.0,
2018-09-13,44.858,45.037,40.103,42.364,8022300.0,
2018-09-14,42.869,42.971,40.879,41.292,4596600.0,
2018-09-17,40.915,41.323,39.756,39.833,4267100.0,
2018-09-18,39.588,41.037,39.552,40.981,4327200.0,
2018-09-19,40.818,43.864,40.083,42.593,7443900.0,
2018-09-20,42.404,42.920,41.700,41.879,3616300.0,
2018-09-21,42.149,42.195,39.603,41.746,6988900.0,
2018-09-25,41.139,43.006,40.812,42.154,4838200.0,
2018-09-26,41.925,43.685,41.685,42.853,4860000.0,
2018-09-27,42.721,43.318,41.466,41.644,3906500.0,
2018-09-28,41.782,42.062,40.624,41.761,3735000.0,
2018-10-08,39.858,39.858,37.236,37.236,5065200.0,
2018-10-09,35.833,36.670,33.425,34.476,9168000.0,
2018-10-10,34.272,36.108,33.736,34.874,5737900.0,
2018-10-11,32.205,33.889,31.073,31.695,7226800.0,
2018-10-12,31.767,33.532,30.736,33.047,6660200.0,
2018-10-15,32.818,34.399,32.787,33.261,4790100.0,
2018-10-16,33.200,34.195,31.348,31.848,4740200.0,
2018-10-17,33.226,33.481,31.445,32.960,6021800.0,
2018-10-18,32.955,32.971,31.256,31.818,3787700.0,
2018-10-19,30.807,32.869,29.904,32.511,7816400.0,
2018-10-22,32.869,35.869,32.639,35.287,7859700.0,
2018-10-23,34.858,34.981,32.501,32.915,6351900.0,
2018-10-24,33.098,33.425,31.389,31.665,6051800.0,
2018-11-01,32.716,32.971,28.864,30.915,11714800.0,
2018-11-02,32.047,34.246,31.588,33.828,11324700.0,
2018-11-05,33.297,33.996,32.042,32.853,8554000.0,
2018-11-06,32.399,32.562,30.088,31.318,9384700.0,
2018-11-07,31.185,32.460,30.950,31.506,8011900.0,
2018-11-08,32.103,32.154,30.460,30.608,5910600.0,
2018-11-09,30.119,31.098,29.950,30.221,4592500.0,
2018-11-12,30.221,31.389,30.190,31.236,5399500.0,
2018-11-13,30.675,31.415,30.471,31.124,6911200.0,
2018-11-14,31.675,34.588,31.440,34.241,17216800.0,
2018-11-15,34.246,35.272,33.736,34.583,12085100.0,
2018-11-16,35.011,37.506,34.756,36.726,12442300.0,
2018-11-19,35.384,39.231,35.267,37.333,10974700.0,
2018-11-20,36.966,37.078,35.455,35.690,9883100.0,
2018-11-21,34.297,35.772,34.297,35.756,6496300.0,
2018-11-22,36.353,36.685,34.578,34.777,7306200.0,
2018-11-23,35.017,35.573,33.562,33.644,7401000.0,
2018-11-26,33.736,34.379,33.011,33.267,4229200.0,
2018-11-27,33.812,34.476,33.420,34.226,5217600.0,
2018-11-28,34.226,35.420,33.991,34.991,5825000.0,
2018-11-29,35.685,36.455,34.185,34.195,7306000.0,
2018-11-30,33.736,35.353,33.425,34.930,5415800.0,
2018-12-03,36.542,37.659,35.889,37.032,9008200.0,
2018-12-04,36.797,37.435,36.568,36.716,4547100.0,
2018-12-05,35.608,36.532,35.323,35.996,4357700.0,
2018-12-06,35.562,35.562,34.593,34.858,5439400.0,
2018-12-07,35.267,36.062,35.165,35.527,3963900.0,
2018-12-10,35.307,35.915,35.103,35.619,2613300.0,
2018-12-11,35.619,36.119,35.588,35.843,2438900.0,
2018-12-12,36.170,36.282,33.226,33.236,7752900.0,
2018-12-13,33.486,33.940,33.139,33.644,4924100.0,
2018-12-14,33.685,33.955,32.297,32.471,5127600.0,
2018-12-17,32.624,32.838,30.920,31.823,4741700.0,
2018-12-18,31.552,32.297,31.022,31.440,3258800.0,
2018-12-19,31.537,31.792,30.833,31.022,2774100.0,
2018-12-20,31.185,31.440,30.828,31.241,2636300.0,
2018-12-21,31.159,31.216,29.894,30.659,3715000.0,
2018-12-24,30.420,31.134,30.200,30.986,2566000.0,
2018-12-25,30.491,30.665,29.256,30.573,4149500.0,
2018-12-26,30.573,31.022,29.603,29.654,4537400.0,
2018-12-27,30.374,30.471,28.124,28.277,5767000.0,
2018-12-28,28.277,28.644,27.369,28.287,4770600.0,
2019-01-02,28.374,28.420,26.945,27.001,4241600.0,
2019-01-03,26.996,27.603,26.603,26.695,3739600.0,
2019-01-04,26.149,27.792,25.853,27.476,4828500.0,
2019-01-07,27.716,29.042,27.562,28.583,5651900.0,
2019-01-08,28.384,28.389,27.588,27.716,3707400.0,
2019-01-09,27.869,29.098,27.619,28.185,5718700.0,
2019-01-10,28.190,28.379,27.659,27.675,3207600.0,
2019-01-11,27.716,28.011,27.614,27.731,2455000.0,
2019-01-14,27.731,27.996,26.185,26.328,4811500.0,
2019-01-15,26.323,27.195,26.108,27.154,4084500.0,
2019-01-16,27.205,28.374,27.205,27.511,4900900.0,
2019-01-17,27.634,27.925,27.042,27.226,3271200.0,
2019-01-18,27.409,27.899,27.037,27.777,4140400.0,
2019-01-21,28.175,30.904,27.777,30.904,13275600.0,
2019-01-22,30.879,30.879,29.736,30.165,7456300.0,
2019-01-23,29.986,30.037,29.062,29.654,5237600.0,
2019-01-24,29.364,32.649,29.364,31.287,10789200.0,
2019-01-25,31.216,32.920,31.001,32.062,9817700.0,
2019-01-28,32.716,33.675,31.991,32.154,7887500.0,
2019-01-29,31.323,32.251,30.614,31.797,6324100.0,
2019-01-30,31.685,31.991,30.573,30.736,4279500.0,
2019-01-31,30.767,32.154,30.767,31.027,4766500.0,
2019-02-01,31.425,32.869,31.251,32.746,5173000.0,
2019-02-11,32.736,35.062,32.588,34.869,6379000.0,
2019-02-12,34.705,34.909,34.017,34.318,5543100.0,
2019-02-13,34.517,36.639,34.517,34.935,8219900.0,
2019-02-14,34.894,36.226,34.185,35.828,5792200.0,
2019-02-15,35.348,36.032,34.583,34.603,5299700.0,
2019-02-18,35.318,36.644,34.491,36.593,7922900.0,
2019-02-19,37.052,37.705,35.792,36.486,7083000.0,
2019-02-20,36.287,36.435,34.848,35.522,6026200.0,
2019-02-21,35.343,37.251,35.343,35.833,7516700.0,
2019-02-22,35.496,37.930,34.848,37.925,11321800.0,
2019-02-25,40.705,42.068,40.114,42.068,11744900.0,
2019-02-26,42.083,46.619,42.083,43.996,12116200.0,
2019-02-27,43.787,45.256,42.665,43.736,7406700.0,
2019-02-28,43.032,44.899,43.011,43.430,4961400.0,
2019-03-01,44.195,44.578,42.338,43.537,5084800.0,
2019-03-04,45.573,48.226,45.267,45.833,9673900.0,
2019-03-05,45.981,50.767,45.369,50.767,9632600.0,
2019-03-06,52.614,52.614,49.328,51.057,8711100.0,
2019-03-07,49.603,50.318,47.869,49.807,10303500.0,
2019-03-08,48.532,55.139,46.746,50.522,13508100.0,
2019-03-11,51.353,54.593,50.052,51.649,10794500.0,
2019-03-12,53.119,56.440,52.042,54.654,9651900.0,
2019-03-13,53.675,55.114,48.838,49.807,10509100.0,
2019-03-14,48.022,48.787,45.068,47.767,9981200.0,
2019-03-15,47.869,49.552,46.180,46.491,7006400.0,
2019-03-18,47.384,48.522,45.894,48.425,5237000.0,
2019-03-19,48.420,52.103,47.915,49.853,7308100.0,
2019-03-20,48.547,50.394,47.052,48.216,5060900.0,
2019-03-21,48.200,49.654,47.578,48.629,5547900.0,
2019-03-22,51.083,51.083,48.838,49.552,6861000.0,
2019-03-25,47.614,50.552,47.027,48.991,5560700.0,
2019-03-26,49.195,50.318,47.261,47.511,5074200.0,
2019-03-27,48.374,48.506,45.119,46.542,5652900.0,
2019-03-28,46.517,48.920,46.098,46.644,5940400.0,
2019-03-29,46.756,48.527,44.864,48.323,7802800.0,
2019-04-01,48.838,50.726,48.802,49.654,7912500.0,
2019-04-02,50.139,52.986,49.272,51.700,8921400.0,
2019-04-04,55.165,57.221,53.124,57.221,13234000.0,
2019-04-08,56.695,56.894,52.261,53.772,8731000.0,
2019-04-09,53.190,55.052,52.205,52.792,4595000.0,
2019-04-10,52.364,52.532,50.369,51.491,4550400.0,
2019-04-11,51.644,52.159,48.838,49.527,4491200.0,
2019-04-12,49.404,50.001,47.802,48.532,3729000.0,
2019-04-15,50.062,50.455,47.006,47.175,4007600.0,
2019-04-16,47.256,49.552,45.624,49.195,6652400.0,
2019-04-17,48.945,50.323,48.374,48.644,4198100.0,
2019-04-18,48.440,48.440,46.134,47.292,4697500.0,
2019-04-19,47.287,47.767,46.277,47.052,2938700.0,
2019-04-22,47.261,49.195,46.792,47.568,5384800.0,
2019-04-23,47.511,49.170,47.119,47.665,4094100.0,
2019-04-24,47.767,50.088,47.665,50.078,5135800.0,
2019-04-25,49.425,50.557,47.068,47.343,4052800.0,
2019-04-26,47.343,48.134,45.726,45.828,3903700.0,
2019-04-29,45.899,46.302,40.894,40.950,7807000.0,
2019-04-30,37.307,39.608,36.797,38.828,8328200.0,
2019-05-06,37.052,37.445,34.593,34.593,5464400.0,
2019-05-07,34.073,35.542,34.073,34.930,5284200.0,
2019-05-08,34.185,38.404,33.680,36.746,6869400.0,
2019-05-09,37.981,38.277,36.690,37.129,4938600.0,
2019-05-10,37.716,40.241,35.639,39.991,7440600.0,
2019-05-13,39.093,39.960,37.945,38.532,4411200.0,
2019-05-14,37.853,38.971,37.241,37.241,4143400.0,
2019-05-15,38.190,38.282,37.374,37.920,3212200.0,
2019-05-16,38.073,38.226,36.700,37.200,3625400.0,
2019-05-17,38.348,39.603,36.277,36.450,7321000.0,
2019-05-20,37.818,38.608,37.057,38.062,6898000.0,
2019-05-21,38.323,38.511,36.287,37.751,5388600.0,
2019-05-22,37.675,40.971,37.312,40.955,11257900.0,
2019-05-23,41.328,41.818,39.098,39.782,8697800.0,
2019-05-24,39.037,39.782,37.818,38.083,5246800.0,
2019-05-27,38.267,40.552,37.818,39.879,7155900.0,
2019-05-28,40.267,40.603,39.068,39.256,5473800.0,
2019-05-29,38.838,40.573,38.665,39.547,4458500.0,
2019-05-30,37.307,37.588,35.267,36.741,8977100.0,
2019-05-31,36.741,37.348,35.578,35.782,5120600.0,
2019-06-03,36.366,36.687,34.902,34.953,4616900.0,
2019-06-04,35.157,35.545,34.239,35.147,2674600.0,
2019-06-05,35.621,35.682,34.545,34.994,2689200.0,
2019-06-06,35.101,35.101,34.417,34.596,2305900.0,
2019-06-10,34.698,35.616,34.596,35.427,3012800.0,
2019-06-11,35.448,36.626,34.545,36.585,5910700.0,
2019-06-12,36.269,36.866,36.106,36.397,3622900.0,
2019-06-13,36.376,36.575,36.070,36.361,2807000.0,
2019-06-14,36.514,38.213,36.514,36.948,6391700.0,
2019-06-17,36.029,37.254,35.820,35.983,2752800.0,
2019-06-18,36.152,36.152,35.463,35.550,1678200.0,
2019-06-19,36.943,38.162,36.897,37.739,6271200.0,
2019-06-20,37.652,40.208,37.504,39.443,6151500.0,
2019-06-21,39.718,41.279,39.677,40.744,6441500.0,
2019-06-24,40.091,40.922,39.091,39.790,4762700.0,
2019-06-25,39.494,39.575,37.560,38.040,5232500.0,
2019-06-26,37.968,40.912,37.943,40.478,7437900.0,
2019-06-27,40.463,42.453,40.335,40.703,6884700.0,
2019-06-28,41.274,41.279,40.034,40.871,3040000.0,
2019-07-01,42.606,43.652,42.300,43.228,6292600.0,
2019-07-02,43.065,44.290,42.555,43.014,4820400.0,
2019-07-03,42.861,44.024,42.096,43.667,4292300.0,
2019-07-04,43.795,45.453,43.065,44.315,4949600.0,
2019-07-05,44.473,44.749,42.963,44.162,3499400.0,
2019-07-08,43.703,43.703,41.305,41.381,4870000.0,
2019-07-09,42.366,42.749,41.432,41.784,3070100.0,
2019-07-10,42.519,44.892,42.437,44.075,5905100.0,
2019-07-11,45.106,45.392,43.458,44.085,5320700.0,
2019-07-12,44.478,44.499,43.473,43.483,2653500.0,
2019-07-15,43.320,47.494,41.718,46.943,8018600.0,
2019-07-16,46.647,49.953,46.432,48.565,6772900.0,
2019-07-17,48.412,49.800,47.453,47.902,6276000.0,
2019-07-18,47.657,48.040,45.565,46.050,5089200.0,
2019-07-19,46.682,47.580,46.029,46.601,3939400.0,
2019-07-22,47.300,47.657,43.835,45.499,4541200.0,
2019-07-23,46.024,48.136,45.208,48.116,4821300.0,
2019-07-24,47.718,49.366,47.045,47.795,5384900.0,
2019-07-25,47.555,49.213,47.555,49.162,5195200.0,
2019-07-26,48.677,49.805,48.182,48.728,4423500.0,
2019-07-29,48.687,49.698,47.994,48.473,2719300.0,
2019-07-30,48.524,48.907,46.381,46.667,5467300.0,
2019-07-31,46.835,47.014,46.070,46.534,2859900.0,
2019-08-01,46.157,46.157,43.300,43.728,7722600.0,
2019-08-02,41.606,44.943,41.575,44.136,5610500.0,
2019-08-05,43.968,44.509,42.310,42.626,4299800.0,
2019-08-06,41.540,42.249,39.897,41.468,6120300.0,
2019-08-07,41.677,42.136,40.534,41.244,4139700.0,
2019-08-08,41.540,42.126,40.820,41.881,3222100.0,
2019-08-09,42.555,42.861,40.055,40.616,4473200.0,
2019-08-12,40.723,41.305,39.841,41.024,6058300.0,
2019-08-13,40.392,41.790,39.045,41.126,5718800.0,
2019-08-14,41.989,45.437,41.989,43.478,9694400.0,
2019-08-15,39.682,43.407,39.682,42.856,9467800.0,
2019-08-16,43.050,46.131,42.851,45.784,9029800.0,
2019-08-19,47.759,49.443,46.667,48.284,10154000.0,
2019-08-20,49.187,50.126,48.677,49.096,6982200.0,
2019-08-21,48.856,54.203,48.830,53.162,9766500.0,
2019-08-22,53.080,56.330,52.147,54.034,8989800.0,
2019-08-23,54.295,55.983,52.759,55.208,6513100.0,
2019-08-26,54.034,55.881,53.682,54.723,5435200.0,
2019-08-27,56.432,60.534,55.922,58.626,10307300.0,
2019-08-28,59.749,60.356,57.800,57.861,11421700.0,
2019-08-29,58.677,60.534,55.647,59.437,8332900.0,
2019-08-30,60.412,65.718,60.361,63.754,14296700.0,
2019-09-02,63.085,67.045,60.672,66.677,9963600.0,
2019-09-03,66.677,73.422,66.014,70.080,9567100.0,
2019-09-04,70.142,71.034,67.402,70.499,7223300.0,
2019-09-05,71.279,72.784,68.897,69.034,7815300.0,
2019-09-06,68.902,72.606,68.065,68.575,8393800.0,
2019-09-09,72.085,75.769,70.902,75.769,13079300.0,
2019-09-10,77.249,78.065,73.167,75.203,9982000.0,
2019-09-11,74.636,77.468,72.152,73.534,7151500.0,
2019-09-12,74.029,75.417,71.943,73.779,5051600.0,
2019-09-16,73.677,74.392,72.453,73.147,5459700.0,
2019-09-17,73.575,73.718,69.085,70.116,10640100.0,
2019-09-18,71.121,73.575,69.953,71.841,9137800.0,
2019-09-19,71.432,73.422,70.912,73.320,7897200.0,
2019-09-20,73.759,80.988,73.759,80.259,15975800.0,
2019-09-23,81.841,88.621,79.693,88.621,13578600.0,
2019-09-24,86.432,89.427,84.800,84.841,12778400.0,
2019-09-25,83.881,85.402,76.361,77.443,16577100.0,
2019-09-26,78.779,78.943,71.126,72.407,13406100.0,
2019-09-27,72.978,74.524,71.534,72.157,10002800.0,
2019-09-30,72.070,72.657,68.830,70.810,8255600.0,
2019-10-08,71.233,72.080,66.014,68.244,8980700.0,
2019-10-09,67.948,69.902,66.698,69.422,6995300.0,
2019-10-10,69.397,72.045,69.085,71.386,8063500.0,
2019-10-11,71.636,72.366,67.647,68.677,7387600.0,
2019-10-14,69.642,72.402,69.519,71.534,8302600.0,
2019-10-15,70.841,71.228,66.616,67.300,9153900.0,
2019-10-16,67.698,68.800,66.075,66.687,6071200.0,
2019-10-17,67.187,67.606,65.739,66.902,3864200.0,
2019-10-18,66.810,67.810,62.698,63.983,9328400.0,
2019-10-21,64.187,66.361,62.744,65.764,7333800.0,
2019-10-22,66.580,70.616,65.514,68.805,10446800.0,
2019-10-23,69.085,70.335,67.611,68.575,5379200.0,
2019-10-24,67.851,68.366,65.060,66.325,5518600.0,
2019-10-25,67.085,69.851,66.269,69.187,5189300.0,
2019-10-28,70.698,73.101,69.494,72.790,7732100.0,
2019-10-29,73.172,73.611,69.943,70.361,6395500.0,
2019-10-30,73.269,77.733,73.269,77.555,15857700.0,
2019-10-31,77.504,78.764,74.698,75.172,9466500.0,
2019-11-01,75.208,79.402,73.790,78.187,7512100.0,
2019-11-04,78.167,82.504,77.249,80.881,8602900.0,
2019-11-05,80.897,88.116,80.055,85.310,9623800.0,
2019-11-06,85.310,87.759,81.703,83.126,8451400.0,
2019-11-07,83.116,83.121,79.953,82.045,7072300.0,
2019-11-08,82.810,83.779,79.917,81.835,7496000.0,
2019-11-11,80.820,83.606,79.698,81.805,6872600.0,
2019-11-12,80.830,82.096,76.009,80.106,7344100.0,
2019-11-13,80.300,86.943,78.779,86.305,9744000.0,
2019-11-14,85.386,88.922,84.259,88.922,9007400.0,
2019-11-15,88.636,90.759,84.136,84.341,8515100.0,
2019-11-18,84.448,85.871,82.096,84.698,6670300.0,
2019-11-19,83.417,88.611,83.050,87.912,5997200.0,
2019-11-20,86.968,88.575,82.968,83.565,6596100.0,
2019-11-21,82.300,84.851,81.846,83.014,4786100.0,
2019-11-22,83.626,87.448,78.014,79.238,12475900.0,
2019-11-25,78.779,79.846,76.677,76.999,7633900.0,
2019-11-26,77.718,79.902,77.718,79.733,7299900.0,
2019-11-27,79.034,83.881,77.504,81.458,9192100.0,
2019-11-28,81.300,83.830,80.259,81.733,5351200.0,
2019-11-29,81.315,82.693,78.029,81.024,6955000.0,
2019-12-02,80.565,84.341,80.238,84.187,6790700.0,
2019-12-03,82.866,88.881,82.422,88.244,9338800.0,
2019-12-04,87.096,90.856,86.055,89.341,8100100.0,
2019-12-05,88.606,96.922,88.147,92.810,9708200.0,
2019-12-06,92.555,96.631,91.534,95.642,7031300.0,
2019-12-09,96.101,98.667,94.019,97.070,8040100.0,
2019-12-10,96.050,100.055,94.085,98.223,7073700.0,
2019-12-11,97.147,100.004,95.341,98.677,6082400.0,
2019-12-12,99.412,105.305,98.468,103.779,7576000.0,
2019-12-13,103.779,103.779,97.912,100.376,8637000.0,
2019-12-16,99.698,102.963,97.029,101.223,8274200.0,
2019-12-17,100.815,101.958,99.187,100.488,5214600.0,
2019-12-18,99.963,104.075,99.698,101.723,6167900.0,
2019-12-19,99.652,99.698,94.708,96.621,8604300.0,
2019-12-20,97.606,98.616,95.616,96.279,4844600.0,
2019-12-23,90.509,92.126,87.963,89.647,11348200.0,
2019-12-24,91.657,98.575,89.907,96.320,8586300.0,
2019-12-25,98.167,106.290,97.616,106.290,8294500.0,
2019-12-26,106.892,108.187,101.320,103.948,7377500.0,
2019-12-27,103.779,104.800,98.371,98.677,7389000.0,
2019-12-30,98.677,103.320,95.616,102.443,6493700.0,
2019-12-31,102.575,103.856,99.218,101.172,5247800.0,
2020-01-02,102.254,111.361,101.790,108.642,9954600.0,
2020-01-03,110.922,111.126,106.157,109.085,7056400.0,
2020-01-06,106.585,113.881,106.585,111.943,6469600.0,
2020-01-07,110.412,112.392,103.269,105.198,9243800.0,
2020-01-08,105.019,107.351,103.978,105.565,5061000.0,
2020-01-09,106.534,112.907,104.631,111.841,8010600.0,
2020-01-10,110.412,123.361,110.412,121.636,8648500.0,
2020-01-13,121.652,131.779,118.677,130.208,9199600.0,
2020-01-14,127.351,129.861,123.973,126.223,7057600.0,
2020-01-15,124.244,129.687,123.310,127.341,5891900.0,
2020-01-16,126.999,130.422,124.187,125.310,4624800.0,
2020-01-17,126.560,127.585,123.703,125.723,4468600.0,
2020-01-20,126.417,137.545,126.417,137.453,7061300.0,
2020-01-21,130.055,138.356,128.779,135.116,9511900.0,
2020-01-22,133.540,145.636,130.825,144.392,6981700.0,
2020-01-23,139.494,152.249,130.591,141.024,10307600.0,
2020-02-03,126.585,128.269,126.585,126.585,4633900.0,
2020-02-04,126.636,139.070,126.585,138.932,8921900.0,
2020-02-05,139.580,146.381,137.361,140.254,9043900.0,
2020-02-06,135.540,141.575,135.412,141.085,7207100.0,
2020-02-07,139.912,149.065,138.121,146.881,7717700.0,
2020-02-10,147.555,147.611,136.943,140.310,8042300.0,
2020-02-11,138.728,144.238,138.728,140.973,5061900.0,
2020-02-12,138.080,147.417,137.963,145.443,6012800.0,
2020-02-13,147.953,160.325,147.657,158.861,11573000.0,
2020-02-14,156.330,162.453,150.504,155.519,7915900.0,
2020-02-17,154.290,161.330,154.290,158.881,5058300.0,
2020-02-18,159.330,163.805,157.611,163.509,5488800.0,
2020-02-19,162.458,178.494,160.468,170.682,7533100.0,
2020-02-20,170.616,188.085,169.596,188.085,7590300.0,
2020-02-21,187.142,199.636,185.412,197.902,8219000.0,
2020-02-24,199.953,204.667,191.193,201.738,8543700.0,
2020-02-25,196.636,215.096,195.616,214.065,11251500.0,
2020-02-26,210.922,215.004,192.320,193.065,10484300.0,
2020-02-27,198.167,199.698,174.187,177.800,15173600.0,
2020-02-28,172.356,192.912,163.728,181.861,16030200.0,
2020-03-02,186.943,190.514,170.616,176.402,13593300.0,
2020-03-03,178.269,187.861,172.657,175.361,12463800.0,
2020-03-04,170.106,172.162,157.488,160.815,17642800.0,
2020-03-05,161.943,165.004,153.677,162.912,15103500.0,
2020-03-06,158.386,163.983,157.300,160.861,7877000.0,
2020-03-09,157.096,157.351,145.728,147.616,11604700.0,
2020-03-10,151.274,157.351,148.167,157.152,13072300.0,
2020-03-11,156.065,156.636,145.876,146.341,11721100.0,
2020-03-12,143.703,151.677,142.932,149.800,10886100.0,
2020-03-13,142.142,158.983,142.045,155.116,14110400.0,
2020-03-16,153.218,153.218,139.269,139.269,12926800.0,
2020-03-17,143.575,144.596,132.351,141.080,8910800.0,
2020-03-18,142.096,145.310,134.254,136.218,9916900.0,
2020-03-19,136.943,138.978,130.096,137.448,9688100.0,
2020-03-20,139.820,140.514,126.228,136.330,10653300.0,
2020-03-23,129.800,130.310,122.361,122.361,11212800.0,
2020-03-24,125.718,126.111,114.657,121.182,12072700.0,
2020-03-25,125.718,129.213,122.157,124.851,11321000.0,
2020-03-26,122.994,128.055,121.790,122.300,8345100.0,
2020-03-27,125.463,128.371,123.167,124.223,9977000.0,
2020-03-30,121.131,128.065,117.483,125.509,11557200.0,
2020-03-31,127.249,127.657,120.111,120.111,10118800.0,
2020-04-01,117.555,125.259,117.045,120.254,9597400.0,
2020-04-02,120.386,132.616,120.320,132.616,15649300.0,
2020-04-03,130.652,132.351,127.249,128.157,10975900.0,
2020-04-07,134.392,135.412,130.458,131.585,9963400.0,
2020-04-08,131.075,135.376,129.856,133.703,7914600.0,
2020-04-09,135.412,136.254,128.983,130.386,6803600.0,
2020-04-10,130.310,130.310,121.636,122.621,7796300.0,
2020-04-13,120.591,122.953,115.004,117.147,6663600.0,
2020-04-14,119.050,122.657,117.381,121.800,7253700.0,
2020-04-15,122.565,132.004,120.672,126.805,10602300.0,
2020-04-16,125.800,129.800,123.193,128.295,6683200.0,
2020-04-17,131.866,138.983,131.866,133.881,14283700.0,
2020-04-20,133.881,135.647,128.575,132.912,8699500.0,
2020-04-21,130.279,131.075,123.779,127.769,8795600.0,
2020-04-22,124.703,127.392,124.187,127.244,5712500.0,
2020-04-23,127.657,128.677,124.943,125.055,5474100.0,
2020-04-24,124.698,126.994,121.555,122.193,4806100.0,
2020-04-27,122.167,123.116,117.861,122.147,5075100.0,
2020-04-28,122.866,129.177,119.851,128.932,9971900.0,
2020-04-29,130.800,130.805,124.698,125.494,7137300.0,
2020-04-30,129.290,138.381,128.014,138.381,12386100.0,
2020-05-06,142.040,152.555,139.550,152.555,12262400.0,
2020-05-07,158.780,162.380,153.973,158.259,17931600.0,
2020-05-08,157.552,160.102,152.552,154.695,18603600.0,
2020-05-11,156.116,158.738,152.823,154.245,13125000.0,
2020-05-12,154.688,154.688,146.366,152.466,15469200.0,
2020-05-13,149.838,154.330,149.188,153.259,10953600.0,
2020-05-14,152.188,153.973,150.066,150.209,10981500.0,
2020-05-15,151.259,165.545,150.259,161.116,24505400.0,
2020-05-18,162.495,167.530,150.402,151.116,26533400.0,
2020-05-19,152.616,155.402,148.466,155.345,20046500.0,
2020-05-20,153.116,157.530,150.366,151.588,14298800.0,
2020-05-21,152.545,158.116,149.602,150.402,15363700.0,
2020-05-22,148.973,151.838,141.116,143.259,15277300.0,
2020-05-25,140.859,144.323,136.459,138.973,11477700.0,
2020-05-26,139.902,144.523,139.902,141.795,9604100.0,
2020-05-27,140.973,141.616,135.330,136.116,10114800.0,
2020-05-28,136.116,138.895,133.366,137.180,9284500.0,
2020-05-29,135.402,137.180,133.452,134.966,7840900.0,
2020-06-01,137.552,146.438,136.830,144.188,14585300.0,
2020-06-02,144.759,145.952,142.673,145.116,8664300.0,
2020-06-03,145.116,150.045,141.852,145.116,11959800.0,
2020-06-04,145.402,146.830,143.259,143.730,5868700.0,
2020-06-05,152.545,158.423,151.116,158.423,23805000.0,
2020-06-08,158.423,160.616,155.873,156.480,16163100.0,
2020-06-09,157.545,161.052,155.480,158.959,11061900.0,
2020-06-10,158.080,166.745,157.138,164.180,13473300.0,
2020-06-11,164.666,165.759,157.916,159.616,14074400.0,
2020-06-12,154.680,163.538,153.473,161.138,14965900.0,
2020-06-15,153.973,155.373,150.409,150.552,16733800.0,
2020-06-16,152.752,153.616,149.773,152.202,9151600.0,
2020-06-17,151.830,152.259,148.580,150.545,7114600.0,
2020-06-18,149.902,156.116,149.330,154.909,11769700.0,
2020-06-19,155.473,162.616,153.280,158.473,12129200.0,
2020-06-22,160.973,169.402,160.830,165.723,15985800.0,
2020-06-23,166.116,167.966,161.688,166.316,12213700.0,
2020-06-24,166.838,173.259,165.402,171.166,13519200.0,
2020-06-29,168.902,170.045,161.259,163.816,14667300.0,
2020-06-30,164.609,167.288,163.616,165.338,11426300.0,
2020-07-01,165.045,171.416,161.973,166.202,12860200.0,
2020-07-02,166.116,169.602,163.116,167.080,12030900.0,
2020-07-03,167.045,167.459,161.352,164.266,14134900.0,
2020-07-06,164.259,181.009,164.223,181.009,21839200.0,
2020-07-07,186.902,198.259,186.902,186.916,22061700.0,
2020-07-08,186.830,189.688,181.038,188.616,17908100.0,
2020-07-09,187.545,198.138,186.116,194.623,17988900.0,
2020-07-10,191.209,197.545,189.688,192.402,14392200.0,
2020-07-13,191.130,194.866,185.323,192.545,18372000.0,
2020-07-14,192.180,207.545,191.759,203.188,23771400.0,
2020-07-15,202.473,203.116,187.409,189.688,21821300.0,
2020-07-16,187.545,189.680,170.402,170.402,20215100.0,
2020-07-17,168.180,171.866,161.123,163.188,16281200.0,
2020-07-20,166.116,168.438,157.330,168.395,12748800.0,
2020-07-21,166.830,170.330,165.195,169.188,10493500.0,
2020-07-22,168.988,174.902,166.902,170.066,9936400.0,
2020-07-23,167.316,169.688,162.595,168.180,10088700.0,
2020-07-24,166.345,171.688,157.566,157.966,11896900.0,
2020-07-27,159.573,162.895,153.973,157.316,9860300.0,
2020-07-28,159.688,160.395,157.159,157.552,6848700.0,
2020-07-29,159.473,164.273,157.845,163.945,10448000.0,
2020-07-30,166.830,167.516,160.045,160.873,8659500.0,
2020-07-31,159.688,164.945,158.888,162.188,10723200.0,
2020-08-03,164.052,164.673,158.266,162.938,15637000.0,
2020-08-04,163.259,167.059,161.180,163.902,12615500.0,
2020-08-05,173.252,173.259,165.616,165.616,13838200.0,
2020-08-06,163.616,164.688,160.409,161.223,9702800.0,
2020-08-07,160.373,161.830,151.030,154.609,11259700.0,
2020-08-10,152.545,154.259,148.973,152.573,9657600.0,
2020-08-11,154.688,157.545,150.402,150.873,7202100.0,
2020-08-12,150.830,151.830,143.680,147.902,10367400.0,
2020-08-13,149.423,149.830,146.116,147.280,5163100.0,
2020-08-14,147.273,148.745,145.730,148.330,4576500.0,
2020-08-17,148.759,150.402,146.830,150.395,7856400.0,
2020-08-18,150.402,151.373,147.188,149.673,7369900.0,
2020-08-19,148.802,148.830,144.338,144.580,6126300.0,
2020-08-20,143.130,146.016,141.830,143.902,4906000.0,
2020-08-21,145.802,146.745,141.473,143.830,6558300.0,
2020-08-24,143.395,144.745,138.830,143.895,7073300.0,
2020-08-25,144.688,145.902,142.030,143.830,5930700.0,
2020-08-26,141.116,141.116,133.416,133.452,14780800.0,
2020-08-27,132.473,136.188,129.723,134.609,9302400.0,
2020-08-28,134.616,137.902,132.866,137.488,7461400.0,
2020-08-31,138.973,145.238,138.973,139.352,10461300.0,
2020-09-01,139.723,140.402,136.988,139.566,4855100.0,
2020-09-02,139.652,139.802,137.216,137.488,4545200.0,
2020-09-03,137.252,141.688,134.845,141.452,8250900.0,
2020-09-04,138.973,144.395,138.509,142.588,9936700.0,
2020-09-07,138.252,138.252,128.095,129.338,16487100.0,
2020-09-08,128.573,130.338,126.902,129.530,5769200.0,
2020-09-09,127.830,127.895,122.223,122.545,9039600.0,
2020-09-10,124.595,126.123,120.945,121.473,6165300.0,
2020-09-11,122.538,125.109,121.402,124.616,5966600.0,
2020-09-14,125.759,126.973,123.116,123.995,5601000.0,
2020-09-15,123.173,128.688,121.402,125.759,8126800.0,
2020-09-16,125.316,127.359,124.045,124.530,5178600.0,
2020-09-17,124.330,127.688,121.830,125.938,7792900.0,
2020-09-18,125.445,127.780,124.538,127.402,6213000.0,
2020-09-21,128.259,128.888,124.773,124.916,5439100.0,
2020-09-22,123.052,125.973,122.702,123.259,4028100.0,
2020-09-23,123.973,127.545,123.888,127.330,7987300.0,
2020-09-24,125.759,127.188,124.988,125.688,4815900.0,
2020-09-25,127.180,127.188,123.609,124.330,4015100.0,
2020-09-28,123.259,123.616,120.759,121.116,5372300.0,
2020-09-29,121.795,123.388,121.045,121.295,4411000.0,
2020-09-30,121.830,122.188,120.438,120.480,3591100.0,
2020-10-09,122.545,125.395,122.045,125.273,6551200.0,
2020-10-12,126.616,130.816,125.759,130.738,9343400.0,
2020-10-13,131.080,131.102,128.338,129.659,5857200.0,
2020-10-14,129.209,129.445,127.030,128.430,4608100.0,
2020-10-15,128.752,133.888,128.688,129.380,8413000.0,
2020-10-16,130.402,131.116,126.830,127.923,4634800.0,
2020-10-19,128.259,128.888,126.166,126.323,3395900.0,
2020-10-20,126.116,126.795,123.838,126.623,3382100.0,
2020-10-21,126.830,126.830,123.616,123.723,3720000.0,
2020-10-22,123.695,126.473,122.280,125.630,3756300.0,
2020-10-23,125.330,125.973,123.259,123.288,3064100.0,
2020-10-26,121.830,123.966,121.188,121.816,2849800.0,
2020-10-27,121.116,123.966,120.773,123.716,2764600.0,
2020-10-28,124.430,126.673,121.873,126.223,4047500.0,
2020-10-29,124.059,125.295,121.830,123.259,4330700.0,
2020-10-30,126.116,135.902,126.116,135.902,23636400.0,
2020-11-02,137.545,145.166,133.973,143.688,22785400.0,
2020-11-03,143.973,144.959,139.845,142.045,13919000.0,
2020-11-04,142.545,145.973,141.138,143.259,10262900.0,
2020-11-05,146.245,146.866,141.602,144.545,9424900.0,
2020-11-06,145.402,148.402,141.116,148.373,12601700.0,
2020-11-09,151.116,163.523,151.116,157.609,21192000.0,
2020-11-10,155.402,156.459,150.445,151.430,11456000.0,
2020-11-11,148.973,150.316,140.488,141.123,12843100.0,
2020-11-12,144.195,144.288,140.345,142.116,5619100.0,
2020-11-13,140.416,146.330,139.938,144.795,7571200.0,
2020-11-16,143.438,144.680,138.066,140.045,8920000.0,
2020-11-17,139.688,151.009,135.402,150.145,15337200.0,
2020-11-18,147.545,150.952,145.973,147.402,12290200.0,
2020-11-19,146.116,152.745,145.916,148.259,10390400.0,
2020-11-20,147.845,149.388,144.445,145.116,7981000.0,
2020-11-23,144.688,150.045,144.102,147.266,9596000.0,
2020-11-24,148.259,150.402,146.116,147.259,9376200.0,
2020-11-25,146.830,147.459,142.902,143.830,7941800.0,
2020-11-26,143.830,145.080,140.752,140.945,5795800.0,
2020-11-27,140.409,143.259,138.895,142.252,5614000.0,
2020-11-30,143.330,147.959,140.438,144.395,10623200.0,
2020-12-01,144.323,145.745,142.952,144.738,6643400.0,
2020-12-02,146.316,152.366,146.259,150.466,18570100.0,
2020-12-03,150.380,152.188,147.566,148.959,9994200.0,
2020-12-04,150.409,152.180,148.980,151.473,8679700.0,
2020-12-07,156.852,157.759,149.316,149.688,12206100.0,
2020-12-08,148.973,151.030,147.916,149.330,5743400.0,
2020-12-09,148.830,149.895,144.459,144.873,7385000.0,
2020-12-10,144.402,148.259,142.616,146.759,8448400.0,
2020-12-11,147.209,147.209,139.759,140.045,15434600.0,
2020-12-14,140.545,143.802,139.338,143.680,8947400.0,
2020-12-15,143.688,145.095,141.116,143.188,6642300.0,
2020-12-16,142.402,144.138,141.116,141.838,4613200.0,
2020-12-17,141.466,144.330,140.416,143.480,5058200.0,
2020-12-18,145.688,146.473,140.402,141.045,7788000.0,
2020-12-21,137.530,141.066,132.545,139.823,10445000.0,
2020-12-22,136.902,139.545,135.045,135.045,7842200.0,
2020-12-23,135.045,136.823,133.238,135.752,8486500.0,
2020-12-24,135.759,137.459,129.330,131.830,10030100.0,
2020-12-25,131.223,131.259,127.188,127.638,8794400.0,
2020-12-28,127.552,130.173,125.766,128.438,6546800.0,
2020-12-29,129.366,139.545,129.080,135.266,14399100.0,
2020-12-30,133.888,137.266,131.209,136.273,10116900.0,
2020-12-31,137.888,139.330,135.830,137.902,8293200.0,
2021-01-04,138.252,140.388,135.830,138.702,9019100.0,
2021-01-05,136.438,146.566,136.116,146.045,16550800.0,
2021-01-06,147.780,148.402,140.438,142.345,12854500.0,
2021-01-07,141.473,142.195,137.259,140.080,10361900.0,
2021-01-08,140.259,142.673,137.345,141.516,9413600.0,
2021-01-11,145.402,149.830,141.838,142.680,16017900.0,
2021-01-12,140.795,144.316,137.123,144.073,13198600.0,
2021-01-13,145.380,150.545,142.716,150.495,23391500.0,
2021-01-14,152.480,156.188,147.116,153.559,27717900.0,
2021-01-15,152.259,155.023,146.316,150.259,16542000.0,
2021-01-18,148.345,160.045,145.488,157.280,22001700.0,
2021-01-19,157.466,160.759,154.780,157.545,15415500.0,
2021-01-20,157.602,159.395,156.188,157.902,10927200.0,
2021-01-21,158.973,158.973,151.266,152.580,15088300.0,
2021-01-22,151.830,152.545,145.102,146.602,19050900.0,
2021-01-25,138.952,144.380,134.923,141.166,21974100.0,
2021-01-26,139.759,143.402,136.566,136.623,10448500.0,
2021-01-27,137.545,137.688,131.230,133.030,11304200.0,
2021-01-28,131.116,134.638,129.523,129.902,8024100.0,
2021-01-29,130.680,131.473,125.830,126.830,9653700.0,
2021-02-01,126.116,128.952,125.902,128.516,5808500.0,
2021-02-02,128.973,133.723,128.959,132.223,7430400.0,
2021-02-03,131.323,132.080,126.830,126.830,7853000.0,
2021-02-04,125.409,130.759,117.545,129.666,15769900.0,
2021-02-05,127.545,128.180,121.830,122.330,8797000.0,
2021-02-08,122.330,126.988,122.302,124.738,6265300.0,
2021-02-09,125.530,128.095,123.973,128.016,5991000.0,
2021-02-10,128.830,128.830,126.602,128.130,4857500.0,
2021-02-18,130.830,135.030,129.652,131.880,9118500.0,
2021-02-19,131.688,137.245,130.438,136.766,10455500.0,
2021-02-22,134.695,136.402,131.116,131.116,8256500.0,
2021-02-23,129.688,129.902,125.888,127.688,5896900.0,
2021-02-24,128.259,139.688,127.902,135.638,17262600.0,
2021-02-25,136.745,139.580,134.309,137.123,10070000.0,
2021-02-26,134.273,140.038,132.059,134.330,10089300.0,
2021-03-01,136.830,142.888,135.045,141.688,12874700.0,
2021-03-02,142.916,144.238,140.059,143.016,12307500.0,
2021-03-03,141.816,141.816,136.195,138.973,9401600.0,
2021-03-04,137.652,140.195,134.345,135.409,6163400.0,
2021-03-05,133.259,137.895,132.630,135.959,5300600.0,
2021-03-08,136.116,136.473,126.116,126.116,8244700.0,
2021-03-09,124.545,126.102,118.980,120.702,9161400.0,
2021-03-10,122.188,122.959,118.902,119.016,5238500.0,
2021-03-11,119.023,123.973,117.102,120.930,7035500.0,
2021-03-12,121.080,121.116,117.266,117.545,5711700.0,
2021-03-15,116.830,116.830,105.473,106.380,13216600.0,
2021-03-16,107.545,109.038,101.852,107.916,9694900.0,
2021-03-17,107.916,118.295,106.495,117.459,11340900.0,
2021-03-18,118.252,118.602,114.845,115.973,5132200.0,
2021-03-19,113.388,122.330,111.680,118.259,8688300.0,
2021-03-22,118.259,120.138,115.909,117.916,4054600.0,
2021-03-23,118.730,121.545,116.530,116.973,4823700.0,
2021-03-24,116.116,117.973,114.302,116.088,4166800.0,
2021-03-25,114.688,120.709,114.330,118.073,4657600.0,
2021-03-26,118.059,120.616,116.330,118.923,5597300.0,
2021-03-29,119.773,123.038,118.759,119.938,6835200.0,
2021-03-30,119.688,120.759,116.973,117.623,5647800.0,
2021-03-31,117.973,119.245,116.488,118.888,4251500.0,
2021-04-01,119.330,123.002,118.888,121.852,6904500.0,
2021-04-02,123.888,128.809,123.888,127.195,9614000.0,
2021-04-06,128.695,128.966,125.402,125.438,4545700.0,
2021-04-07,124.588,127.138,121.916,126.988,6206000.0,
2021-04-08,125.638,128.216,124.988,126.973,4139100.0,
2021-04-09,126.973,129.130,126.402,126.830,4497200.0,
2021-04-12,124.459,130.452,122.702,128.188,7521100.0,
2021-04-13,127.752,129.673,124.923,125.616,4962400.0,
2021-04-14,124.688,129.316,124.580,127.338,4137200.0,
2021-04-15,126.973,127.973,123.080,126.188,4509900.0,
2021-04-16,126.209,127.173,121.102,121.116,6182300.0,
2021-04-19,116.473,120.759,110.759,118.688,14093400.0,
2021-04-20,118.259,122.259,117.580,119.545,7891800.0,
2021-04-21,118.730,120.273,117.366,118.516,4891800.0,
2021-04-22,118.545,120.659,117.902,118.759,4527100.0,
2021-04-23,119.688,122.088,118.973,121.880,5477200.0,
2021-04-26,123.173,132.188,122.545,128.295,10276300.0,
2021-04-27,128.616,130.123,126.109,129.680,6159500.0,
2021-04-28,134.688,137.173,128.402,136.666,12841500.0,
2021-04-29,137.188,141.245,134.973,135.259,8282300.0,
2021-04-30,135.259,137.545,134.695,134.852,5517200.0,
2021-05-06,134.223,136.023,130.402,130.673,6457400.0,
2021-05-07,132.238,133.673,123.830,123.938,8579600.0,
2021-05-10,123.938,123.938,116.873,117.873,10043500.0,
2021-05-11,117.866,118.395,113.988,115.438,7371000.0,
2021-05-12,115.259,118.266,114.688,118.266,8231300.0,
2021-05-13,116.473,118.202,115.409,116.402,5733800.0,
2021-05-14,117.545,120.045,113.552,119.609,8296000.0,
2021-05-17,120.402,123.095,119.659,121.188,7284800.0,
2021-05-18,119.730,120.566,118.352,120.373,4272600.0,
2021-05-19,119.930,122.609,119.659,121.973,4972800.0,
2021-05-20,121.830,121.852,118.473,121.088,7442400.0,
2021-05-21,121.100,125.230,118.330,119.030,8418400.0,
2021-05-24,116.260,117.560,112.280,116.950,14822500.0,
2021-05-25,117.700,128.380,117.700,127.580,22781300.0,
2021-05-26,129.130,129.130,126.270,126.830,10940000.0,
2021-05-27,127.480,133.790,127.220,131.110,18266200.0,
2021-05-28,130.540,134.300,128.230,130.730,15960300.0,
2021-05-31,133.330,138.140,131.020,132.500,16603600.0,
2021-06-01,132.500,135.890,128.440,133.310,14109200.0,
2021-06-02,136.830,139.230,134.950,135.560,18607200.0,
2021-06-03,135.050,137.080,129.950,135.230,14243200.0,
2021-06-04,135.210,141.120,134.240,139.850,18849900.0,
2021-06-07,142.970,144.110,139.480,141.120,20697600.0,
2021-06-08,142.110,142.210,136.640,137.420,12918800.0,
2021-06-09,136.640,139.890,136.180,137.920,9742600.0,
2021-06-10,137.620,139.330,136.730,138.830,10899800.0,
2021-06-11,139.430,140.030,137.230,138.230,11319700.0,
2021-06-15,138.230,142.480,134.230,135.100,15391900.0,
2021-06-16,136.600,140.790,132.210,132.500,17999100.0,
2021-06-17,133.580,146.030,133.560,146.030,25491500.0,
2021-06-18,150.230,157.210,149.850,155.230,37680800.0,
2021-06-21,155.230,159.110,152.130,156.110,21885500.0,
2021-06-22,157.220,164.230,153.620,162.490,25665000.0,
2021-06-23,160.320,176.730,159.260,170.380,32887600.0,
2021-06-24,168.730,172.120,165.380,170.170,18493500.0,
2021-06-25,169.230,171.730,162.240,168.230,18334100.0,
2021-06-28,168.230,180.130,168.100,175.810,19982300.0,
2021-06-29,176.230,177.230,170.130,171.980,14128100.0,
2021-06-30,174.530,185.660,174.240,185.130,22523600.0,
2021-07-01,184.180,188.970,180.400,181.910,17919100.0,
2021-07-02,177.760,181.890,174.030,175.520,20871300.0,
2021-07-05,179.090,189.780,177.230,188.510,23374100.0,
2021-07-06,187.230,187.230,170.230,176.030,28846300.0,
2021-07-07,171.630,181.570,168.220,180.130,21712300.0,
2021-07-08,180.230,192.870,179.780,188.420,22741300.0,
2021-07-09,187.230,191.220,180.880,186.230,15303100.0,
2021-07-12,190.430,192.930,183.590,189.230,20250100.0,
2021-07-13,187.230,189.630,172.230,175.920,25137400.0,
2021-07-14,175.830,178.810,171.230,172.130,14845000.0,
2021-07-15,172.240,173.030,164.230,171.060,16489000.0,
2021-07-16,171.180,177.550,164.110,164.780,18339000.0,
2021-07-19,162.230,170.100,161.230,168.410,12403000.0,
2021-07-20,167.100,171.900,164.230,170.030,11004800.0,
2021-07-21,171.230,183.160,169.290,181.270,23431600.0,
2021-07-22,181.210,190.110,177.610,186.920,18759100.0,
2021-07-23,186.210,197.730,185.230,193.240,20610100.0,
2021-07-26,193.460,201.730,188.980,197.790,24868600.0,
2021-07-27,202.230,217.850,201.300,202.850,40414900.0,
2021-07-28,199.110,209.240,187.210,199.120,28403200.0,
2021-07-29,204.730,217.230,199.230,212.140,26577600.0,
2021-07-30,209.330,232.360,207.430,227.280,27219500.0,
2021-08-02,225.230,225.930,206.220,217.230,26807900.0,
2021-08-03,212.230,212.230,195.230,195.230,21650600.0,
2021-08-04,194.230,202.220,189.240,198.580,31034900.0,
2021-08-05,196.230,203.230,192.240,195.790,18586300.0,
2021-08-06,199.600,203.970,188.240,193.230,19567600.0,
2021-08-09,189.240,189.240,177.730,186.970,20334200.0,
2021-08-10,186.980,188.380,175.240,180.120,23441300.0,
2021-08-11,180.530,185.200,178.740,183.240,16640200.0,
2021-08-12,181.740,191.730,181.120,185.500,16897100.0,
2021-08-13,179.730,181.220,168.710,169.640,33027100.0,
2021-08-16,169.230,176.860,165.060,171.730,26008400.0,
2021-08-17,171.740,172.770,160.460,160.950,25256200.0,
2021-08-18,164.690,165.230,160.230,164.030,14653400.0,
2021-08-19,164.030,167.930,161.230,164.250,15174500.0,
2021-08-20,165.230,168.410,160.380,165.320,15448000.0,
2021-08-23,167.130,168.330,161.960,162.980,18975500.0,
2021-08-24,164.010,176.680,163.180,175.810,25335400.0,
2021-08-25,175.810,175.910,163.730,168.580,24827400.0,
2021-08-26,166.230,173.620,164.300,165.230,16892300.0,
2021-08-27,165.130,173.730,163.890,172.730,17659600.0,
2021-08-30,180.230,180.430,165.910,167.290,26518400.0,
2021-08-31,150.280,156.220,150.280,150.280,32987900.0,
2021-09-01,148.880,152.220,143.040,150.880,32292900.0,
2021-09-02,148.730,151.430,143.110,143.720,24118000.0,
2021-09-03,145.230,148.670,143.330,145.100,15064800.0,
2021-09-06,145.110,152.430,143.590,149.790,15998100.0,
2021-09-07,149.850,154.760,149.850,153.230,11375900.0,
2021-09-08,153.300,156.260,152.230,153.230,9666400.0,
2021-09-09,153.230,154.230,149.790,151.480,9904200.0,
2021-09-10,152.230,159.810,150.910,157.130,17133300.0,
2021-09-13,157.130,158.230,149.230,152.530,14970700.0,
2021-09-14,151.310,156.330,150.030,151.870,10663000.0,
2021-09-15,151.220,152.690,147.730,148.780,11094400.0,
2021-09-16,148.630,150.670,144.530,145.130,14755500.0,
2021-09-17,146.420,149.330,146.380,148.480,8022300.0,
2021-09-22,145.590,149.030,145.230,146.520,7626800.0,
2021-09-23,146.230,151.220,143.690,147.840,12637200.0,
2021-09-24,147.230,150.530,145.230,147.430,9218300.0,
2021-09-27,149.770,150.110,142.230,142.420,15884400.0,
2021-09-28,140.230,154.480,140.080,150.140,19719200.0,
2021-09-29,149.230,149.230,141.530,144.270,17178900.0,
2021-09-30,144.220,146.140,141.630,142.220,12542600.0,
2021-10-08,145.170,153.130,143.710,146.930,16662900.0,
2021-10-11,146.230,149.630,144.230,144.580,12175400.0,
2021-10-12,143.230,145.580,138.230,139.380,14492700.0,
2021-10-13,140.190,143.120,137.970,142.490,8695200.0,
2021-10-14,142.230,145.220,141.430,143.350,7015600.0,
2021-10-15,143.230,153.090,142.230,152.770,24228900.0,
2021-10-18,148.230,149.430,145.260,146.540,22415000.0,
2021-10-19,145.430,147.530,143.570,145.680,11533700.0,
2021-10-20,144.940,147.890,143.670,144.070,10901400.0,
2021-10-21,142.340,146.030,142.070,143.920,9501900.0,
2021-10-22,145.230,152.920,144.290,151.630,21608300.0,
2021-10-25,153.590,154.000,147.400,149.830,13945100.0,
2021-10-26,149.180,157.910,148.760,155.240,20057900.0,
2021-10-27,155.260,155.300,150.730,154.790,15100500.0,
2021-10-28,169.230,169.230,158.830,161.530,41154200.0,
2021-10-29,163.130,174.180,161.540,166.740,31970400.0,
2021-11-01,166.230,171.660,164.190,168.320,21310200.0,
2021-11-02,169.230,172.110,166.250,169.230,20835600.0,
2021-11-03,170.380,171.730,165.160,166.030,17581000.0,
2021-11-04,167.230,168.830,162.730,164.230,15654800.0,
2021-11-05,166.430,167.540,162.930,164.540,13672500.0,
2021-11-08,162.230,163.220,156.770,159.220,16762300.0,
2021-11-09,159.430,163.850,156.830,161.530,16200400.0,
2021-11-10,160.230,163.760,157.320,163.430,12947300.0,
2021-11-11,162.030,166.410,158.360,161.790,19608400.0,
2021-11-12,159.670,162.030,158.700,160.000,13058300.0,
2021-11-15,160.240,166.210,160.230,164.010,19036100.0,
2021-11-16,162.730,164.340,160.250,160.410,12069000.0,
2021-11-17,160.140,160.700,156.170,159.150,14493000.0,
2021-11-18,158.440,160.220,155.810,155.820,10898800.0,
2021-11-19,155.880,157.530,154.260,156.530,11557100.0,
2021-11-22,156.230,163.110,154.890,162.690,20478500.0,
2021-11-23,162.230,163.830,158.980,159.390,14711500.0,
2021-11-24,158.820,160.860,153.230,153.250,19600300.0,
2021-11-25,153.240,154.240,150.080,153.560,14300500.0,
2021-11-26,153.570,154.230,148.020,149.220,14399400.0,
2021-11-29,146.940,150.110,146.450,147.460,10942500.0,
2021-11-30,149.000,150.570,146.890,147.830,10353700.0,
2021-12-01,150.730,162.890,150.730,162.890,22869400.0,
2021-12-02,167.230,169.350,163.900,167.020,36239200.0,
2021-12-03,168.210,178.640,167.940,173.720,30229600.0,
2021-12-06,177.950,178.080,169.850,169.850,18003800.0,
2021-12-07,174.160,175.390,166.920,168.230,14600100.0,
2021-12-08,172.230,182.900,172.230,177.780,26639600.0,
2021-12-09,177.230,178.720,174.360,177.340,13885800.0,
2021-12-10,176.240,176.240,171.530,172.110,15091900.0,
2021-12-13,172.110,173.530,170.370,171.630,10565700.0,
2021-12-14,170.730,173.370,169.230,169.780,9307700.0,
2021-12-15,170.330,171.730,167.530,167.700,7551300.0,
2021-12-16,169.720,173.820,167.660,168.150,13091300.0,
2021-12-17,167.380,168.730,164.230,164.370,11549500.0,
2021-12-20,163.230,167.730,160.240,160.710,10634000.0,
2021-12-21,162.920,166.930,162.230,163.460,10451900.0,
2021-12-22,165.210,172.230,165.210,168.310,15862200.0,
2021-12-23,168.200,170.370,166.710,168.740,8278900.0,
2021-12-24,169.530,173.530,168.780,171.120,9993800.0,
2021-12-27,171.700,172.110,163.570,164.930,11419000.0,
2021-12-28,166.230,168.980,163.780,168.250,10959400.0,
2021-12-29,167.230,168.030,160.030,162.230,12086000.0,
2021-12-30,162.170,178.310,161.610,173.700,22836400.0,
2021-12-31,175.490,175.490,169.400,173.080,11216100.0,
2022-01-04,173.79,176.13,168.24,173.11,10874200.0,1900824352.0
2022-01-05,172.0,172.0,155.52,155.53,25663500.0,4158864704.0
2022-01-06,152.23,165.03,151.83,160.19,16493500.0,2658078304.0
2022-01-07,158.24,161.21,153.86,154.23,14487900.0,2315062080.0
2022-01-10,152.81,155.23,148.56,153.73,9994800.0,1550603840.0
2022-01-11,153.27,153.7,148.23,149.42,9804900.0,1500381360.0
2022-01-12,150.77,152.82,148.58,152.2,10990100.0,1687304640.0
2022-01-13,152.03,156.83,149.64,152.37,10348500.0,1610197040.0
2022-01-14,150.23,157.23,149.78,154.63,10539700.0,1662107824.0
2022-01-17,154.77,160.28,153.23,158.94,10085300.0,1622283984.0
2022-01-18,158.42,161.08,157.31,158.6,8091700.0,1310081312.0
2022-01-19,156.81,158.73,153.91,155.13,7947400.0,1259309808.0
2022-01-20,155.11,161.03,153.83,156.03,7249000.0,1160450256.0
2022-01-21,153.71,155.75,150.02,150.23,8279700.0,1282094528.0
2022-01-24,149.73,153.05,149.41,152.73,6634700.0,1023591104.0
2022-01-25,157.33,158.23,143.33,145.64,18536600.0,2798801392.0
2022-01-26,145.64,151.43,144.83,147.15,11249500.0,1691318512.0
2022-01-27,146.24,149.11,141.23,143.84,11046900.0,1626213344.0
2022-01-28,144.23,145.56,136.11,136.33,14685300.0,2088351216.0
2022-02-07,140.18,147.04,138.53,141.06,12630400.0,1838419872.0
2022-02-08,141.34,141.97,134.38,138.19,9953800.0,1390997152.0
2022-02-09,138.13,141.66,135.53,140.5,8084300.0,1146504528.0
2022-02-10,141.53,144.17,139.63,142.27,8329500.0,1208828976.0
2022-02-11,140.73,143.11,137.92,138.53,6908900.0,987316080.0
2022-02-14,136.11,139.19,134.43,136.77,6783600.0,944504400.0
2022-02-15,138.26,142.89,137.64,142.54,10160200.0,1459088512.0
2022-02-16,144.26,146.26,142.43,143.03,7343300.0,1078131680.0
2022-02-17,143.03,149.53,141.57,146.54,9684800.0,1446048848.0
2022-02-18,145.13,145.73,142.79,143.22,6581200.0,964289248.0
2022-02-21,143.23,143.87,140.9,141.63,6608900.0,956090816.0
2022-02-22,140.23,144.82,138.23,143.41,8011300.0,1157006528.0
2022-02-23,143.44,152.23,143.43,151.13,13551000.0,2066271936.0
2022-02-24,150.18,153.95,146.5,148.96,13323700.0,2034439040.0
2022-02-25,151.73,154.31,149.62,151.93,10695200.0,1660370176.0
2022-02-28,151.48,153.2,150.01,150.54,7490300.0,1153496384.0
2022-03-01,150.65,152.2,148.78,150.37,6271600.0,959413376.0
2022-03-02,149.24,149.24,144.56,147.73,10810200.0,1613482928.0
2022-03-03,148.23,150.53,145.23,145.55,7545500.0,1128921632.0
2022-03-04,147.23,155.81,145.51,152.0,18876900.0,2927440256.0
2022-03-07,152.02,153.53,145.77,147.23,13065800.0,1967923696.0
2022-03-08,147.22,151.74,142.41,147.83,15014200.0,2261464448.0
2022-03-09,149.23,152.28,143.23,151.52,16821900.0,2559444576.0
2022-03-10,157.23,161.23,152.86,156.46,21170400.0,3375648336.0
2022-03-11,152.23,156.6,150.58,155.05,14173000.0,2203087904.0
2022-03-14,152.25,157.81,151.23,151.56,10675600.0,1684405792.0
2022-03-15,149.26,153.28,143.73,144.08,13974600.0,2109305968.0
2022-03-16,148.4,158.23,146.66,157.75,23541100.0,3641761264.0
2022-03-17,162.58,164.23,158.91,160.03,19759400.0,3251650640.0
2022-03-18,160.0,161.22,157.23,158.77,8773600.0,1418295264.0
2022-03-21,158.73,159.9,153.24,156.48,11067900.0,1764992400.0
2022-03-22,157.73,160.81,156.33,157.01,9067600.0,1461024160.0
2022-03-23,157.83,158.7,153.01,155.13,9688900.0,1525266560.0
2022-03-24,153.42,154.23,151.23,151.64,7320300.0,1134352816.0
2022-03-25,154.23,156.23,150.07,150.26,10659700.0,1662031648.0
2022-03-28,148.88,150.07,146.24,147.05,6947400.0,1043900912.0
2022-03-29,148.23,148.91,136.47,139.1,15271300.0,2198190208.0
2022-03-30,139.91,144.2,139.73,143.82,11053500.0,1597585552.0
2022-03-31,142.23,143.04,135.73,138.26,11716200.0,1659580544.0
2022-04-01,137.18,139.23,136.03,137.67,7551900.0,1058888896.0
2022-04-06,136.97,137.03,130.37,132.03,11834600.0,1598760240.0
2022-04-07,131.23,132.91,130.21,130.21,6225400.0,833468256.0
2022-04-08,130.65,133.72,128.53,131.6,7404200.0,991180000.0
2022-04-11,128.94,129.97,120.49,120.81,12958500.0,1644585296.0
2022-04-12,120.49,124.93,119.22,124.32,9355600.0,1168271392.0
2022-04-13,123.23,126.11,120.43,120.53,8997800.0,1131634912.0
2022-04-14,122.03,130.33,121.5,127.83,13045600.0,1681137792.0
2022-04-15,127.21,132.23,125.73,129.63,11916600.0,1577742848.0
2022-04-18,129.13,137.63,127.21,137.03,12101800.0,1657986944.0
2022-04-19,135.31,136.23,132.24,132.5,7347200.0,999754752.0
2022-04-20,133.73,134.6,130.45,130.73,7727400.0,1041590544.0
2022-04-21,128.69,133.23,128.45,129.95,7190200.0,959943776.0
2022-04-22,128.82,132.37,125.74,127.23,6865700.0,904036512.0
2022-04-25,123.58,125.23,119.84,120.23,10044400.0,1257193040.0
2022-04-26,120.51,121.88,112.24,113.19,11065100.0,1321642896.0
2022-04-27,110.23,122.53,109.73,122.23,12786400.0,1534475376.0
2022-04-28,121.23,121.23,113.23,115.79,14992000.0,1793834000.0
2022-04-29,117.73,123.95,116.79,122.04,13126700.0,1613894176.0
2022-05-05,121.93,125.17,120.83,122.2,9402400.0,1182749584.0
2022-05-06,118.21,119.23,116.34,116.53,7188700.0,863736544.0
2022-05-09,116.23,116.87,112.86,114.36,7019100.0,820889392.0
2022-05-10,111.23,120.21,110.73,119.63,12518900.0,1508492736.0
2022-05-11,118.83,130.41,118.23,126.58,17461300.0,2254486528.0
2022-05-12,124.23,127.26,123.92,125.83,7976300.0,1023735264.0
2022-05-13,126.23,128.03,123.23,123.64,7440300.0,945210144.0
2022-05-16,124.61,126.0,121.71,122.03,6213100.0,783316224.0
2022-05-17,121.7,128.61,121.7,126.95,10432800.0,1345011440.0
2022-05-18,127.3,132.39,126.6,132.07,13176700.0,1752416352.0
2022-05-19,129.08,136.91,128.26,134.84,13414300.0,1833025984.0
2022-05-20,136.23,142.17,135.77,139.48,12517200.0,1785204592.0
2022-05-23,141.23,146.46,140.51,145.52,15577500.0,2278086592.0
2022-05-24,144.23,145.73,138.27,138.58,11663200.0,1690164128.0
2022-05-25,139.38,141.7,136.63,138.42,7568700.0,1067641296.0
2022-05-26,138.42,139.42,134.62,137.03,7350500.0,1025328016.0
2022-05-27,138.63,141.22,135.5,136.19,7064600.0,995975968.0
2022-05-30,137.63,140.43,135.23,139.23,6349600.0,895867328.0
2022-05-31,138.81,142.09,134.41,140.87,9329900.0,1323629232.0
2022-06-01,140.53,142.92,139.22,141.08,5956100.0,855019104.0
2022-06-02,141.08,145.03,138.44,143.31,8689500.0,1255082896.0
2022-06-06,143.3,145.59,139.79,142.24,9415800.0,1358165408.0
2022-06-07,141.73,141.73,135.99,138.15,15655900.0,2188556736.0
2022-06-08,137.89,143.79,137.32,140.87,10307400.0,1469266064.0
2022-06-09,139.79,140.87,133.46,134.98,10955800.0,1510302800.0
2022-06-10,132.48,136.28,132.48,135.0,14504200.0,1973073920.0
2022-06-13,132.29,134.89,129.96,131.98,14423300.0,1925233008.0
2022-06-14,131.19,131.8,125.89,129.82,12579700.0,1633519024.0
2022-06-15,129.54,132.43,127.9,128.89,12390200.0,1636044448.0
2022-06-16,128.89,132.27,128.59,129.44,9340000.0,1235918400.0
2022-06-17,128.29,129.95,126.17,129.48,10836800.0,1405017344.0
2022-06-20,129.86,133.48,128.32,131.64,13886200.0,1842879616.0
2022-06-21,131.4,131.99,127.54,128.69,11829700.0,1545749216.0
2022-06-22,129.25,129.57,124.9,124.9,9890900.0,1269724992.0
2022-06-23,124.9,126.99,122.99,126.51,11901900.0,1508603888.0
2022-06-24,128.06,131.91,126.79,130.29,13638800.0,1793143376.0
2022-06-27,131.02,133.29,130.37,131.67,11413000.0,1524732736.0
2022-06-28,130.78,138.67,128.69,138.27,21992700.0,2980313904.0
2022-06-29,137.29,140.69,134.61,134.93,18689800.0,2613914688.0
2022-06-30,134.99,141.74,134.99,140.5,14721800.0,2072287952.0
2022-07-01,139.64,140.48,136.81,137.14,10875500.0,1523790416.0
2022-07-04,132.64,132.87,126.29,128.48,22647700.0,2938795312.0
2022-07-05,128.28,130.37,126.5,128.86,12020600.0,1560542064.0
2022-07-06,128.87,133.49,127.79,129.57,13432200.0,1779009696.0
2022-07-07,129.49,130.17,126.49,127.59,9966600.0,1291337312.0
2022-07-08,129.09,137.15,128.79,133.57,23295400.0,3159470512.0
2022-07-11,133.29,133.29,126.79,127.28,15702400.0,2042947696.0
2022-07-12,126.69,127.79,123.95,124.29,9029900.0,1144821351.0
2022-07-13,123.89,125.28,121.29,122.83,8474000.0,1055225225.0
2022-07-14,122.84,125.79,122.39,124.42,7280300.0,918811459.0
2022-07-15,126.46,128.08,124.48,124.59,11124700.0,1422776934.0
2022-07-18,124.59,125.29,119.28,121.21,14793300.0,1809109382.0
2022-07-19,120.29,121.62,118.14,120.26,11070800.0,1342880080.0
2022-07-20,121.15,125.45,120.82,123.0,12702800.0,1586131628.0
2022-07-21,122.0,128.37,120.51,124.97,16072500.0,2053518575.0
2022-07-22,124.99,125.62,120.95,121.48,10774000.0,1334921402.0
2022-07-25,120.66,121.47,118.29,118.92,7943100.0,961684780.0
2022-07-26,118.92,120.06,118.18,119.81,6043700.0,730094014.0
2022-07-27,118.49,119.27,116.29,116.91,10547300.0,1256206865.0
2022-07-28,118.14,120.61,117.29,117.64,12289600.0,1483591123.0
2022-07-29,118.3,118.79,116.3,116.56,8667400.0,1029630555.0
2022-08-01,115.6,118.11,112.49,117.57,9324400.0,1099082694.0
2022-08-02,115.29,118.59,113.19,115.98,10737700.0,1267674624.0
2022-08-03,117.42,123.05,115.98,120.54,19429500.0,2366871874.0
2022-08-04,121.16,123.79,120.69,122.87,13082700.0,1627733735.0
2022-08-05,122.62,130.3,120.77,128.37,21485800.0,2761756303.0
2022-08-08,129.67,129.97,123.83,126.01,17178400.0,2188264553.0
2022-08-09,124.77,127.11,122.79,127.09,11315300.0,1428753109.0
2022-08-10,125.14,128.68,124.04,124.24,10504400.0,1335281773.0
2022-08-11,124.87,128.53,123.97,126.76,10664300.0,1367611102.0
2022-08-12,125.29,127.25,124.83,124.99,7911700.0,1009522267.0
2022-08-15,124.29,125.67,122.79,123.08,8153500.0,1021289405.0
2022-08-16,123.16,124.7,120.65,121.79,8549600.0,1061626466.0
2022-08-17,121.29,122.25,120.03,121.54,6699400.0,822597680.0
2022-08-18,121.54,122.26,119.6,121.96,9002600.0,1106139083.0
2022-08-19,120.96,124.75,117.37,117.59,13536300.0,1652365432.0
2022-08-22,116.68,118.5,115.51,117.95,6705800.0,799048097.0
2022-08-23,117.95,118.39,116.32,116.5,5941900.0,704643028.0
2022-08-24,116.45,116.77,112.81,113.26,9734900.0,1129168944.0
2022-08-25,113.43,113.95,108.86,112.64,11379400.0,1285741191.0
2022-08-26,112.64,114.84,112.39,113.19,6726900.0,774594440.0
2022-08-29,112.29,114.73,111.43,112.78,6393200.0,733385117.0
2022-08-30,112.45,113.71,110.52,110.81,8226400.0,931226313.0
2022-08-31,110.5,115.29,109.84,114.26,10959300.0,1254810021.0
2022-09-01,114.3,115.19,111.17,111.24,6941500.0,794036070.0
2022-09-02,111.0,112.97,110.9,111.54,5178600.0,588769386.0
2022-09-05,110.89,111.11,107.8,109.51,6923500.0,770759367.0
2022-09-06,110.51,111.25,108.09,111.0,6717300.0,748141255.0
2022-09-07,111.07,116.25,111.06,114.92,12942100.0,1500256450.0
2022-09-08,114.78,115.02,113.4,113.59,5927200.0,685622496.0
2022-09-09,114.29,114.58,111.41,113.21,5513600.0,630681238.0
2022-09-13,114.78,115.08,112.43,112.48,5534800.0,637799514.0
2022-09-14,109.29,111.79,109.29,110.71,6837000.0,767092095.0
2022-09-15,110.84,111.22,106.21,106.89,9519500.0,1046581408.0
2022-09-16,106.56,108.68,104.5,104.5,8046900.0,870543997.0
2022-09-19,104.29,105.44,102.69,102.84,7402000.0,780370528.0
2022-09-20,103.79,104.37,102.4,103.73,5734500.0,602725075.0
2022-09-21,102.95,103.68,98.89,100.59,10895700.0,1112788372.0
2022-09-22,99.27,101.09,98.29,99.35,8152900.0,825856491.0
2022-09-23,98.87,99.59,95.8,96.53,9542000.0,942894637.0
2022-09-26,95.65,97.85,95.32,96.64,5929500.0,585268674.0
2022-09-27,96.53,98.41,96.14,98.2,6319700.0,626856134.0
2022-09-28,97.39,98.28,95.69,95.69,4856600.0,478380302.0
2022-09-29,96.48,97.59,94.17,94.53,6719800.0,654455293.0
2022-09-30,94.49,94.87,92.0,92.04,7421600.0,706419649.0
2022-10-10,89.29,90.14,83.39,83.79,19191100.0,1675837238.0
2022-10-11,83.78,84.16,80.9,81.67,18688500.0,1568821087.0
2022-10-12,81.69,81.91,77.82,81.72,26197300.0,2138870425.0
2022-10-13,81.28,83.37,80.45,80.59,17784200.0,1481343907.0
2022-10-14,82.12,85.16,81.49,84.72,20002000.0,1704341721.0
2022-10-17,83.21,85.53,82.89,85.06,16395000.0,1408654103.0
2022-10-18,85.29,85.54,83.53,83.69,11283000.0,968052826.0
2022-10-19,83.29,84.34,82.39,82.39,9620900.0,816787706.0
2022-10-20,81.59,87.72,81.15,85.76,25941500.0,2246506870.0
2022-10-21,84.75,85.17,82.75,83.47,14747700.0,1259724860.0
2022-10-24,83.47,88.58,82.29,83.79,21063900.0,1846017299.0
2022-10-25,83.29,84.99,81.86,82.09,13663100.0,1158775589.0
2022-10-26,82.3,86.28,81.71,84.89,15604400.0,1346064816.0
2022-10-27,85.14,87.08,83.89,85.1,14091400.0,1225325345.0
2022-10-28,84.3,86.37,80.99,81.28,15630200.0,1332987487.0
2022-10-31,77.79,83.11,75.79,80.56,20878200.0,1718403182.0
2022-11-01,81.19,84.29,78.79,84.15,18076900.0,1521221527.0
2022-11-02,84.15,86.79,83.39,85.54,15073400.0,1311143117.0
2022-11-03,84.29,89.07,83.97,88.54,19388100.0,1727584858.0
2022-11-04,88.48,90.54,86.99,89.26,18281300.0,1651350037.0
2022-11-07,89.09,90.09,87.8,88.4,13769600.0,1246350667.0
2022-11-08,88.63,89.06,86.75,87.24,10226000.0,910275043.0
2022-11-09,87.24,87.66,86.34,86.45,7272600.0,644505561.0
2022-11-10,86.03,87.63,84.59,85.06,10500100.0,918352385.0
2022-11-11,88.29,90.76,87.24,87.37,20855600.0,1883470748.0
2022-11-14,87.59,94.36,87.45,90.99,24510200.0,2282087690.0
2022-11-15,90.35,100.26,89.85,100.26,26487400.0,2590106970.0
2022-11-16,101.29,103.27,99.39,101.54,27499900.0,2826551875.0
2022-11-17,99.67,110.29,96.87,106.25,34501600.0,3592423874.0
2022-11-18,104.09,107.06,101.66,102.04,22965700.0,2436473524.0
2022-11-21,100.29,102.19,98.09,98.67,17129100.0,1728259359.0
2022-11-22,98.67,100.59,97.78,99.01,12983500.0,1310146235.0
2022-11-23,98.44,99.44,95.65,97.89,11669200.0,1157666299.0
2022-11-24,97.83,98.87,96.37,96.92,7988100.0,792180947.0
2022-11-25,96.92,99.29,96.5,98.67,9668100.0,965164420.0
2022-11-28,97.3,98.83,95.63,96.35,9515900.0,939065999.0
2022-11-29,95.79,101.79,95.79,100.39,13738600.0,1387847015.0
2022-11-30,99.63,100.65,98.64,99.08,7376600.0,746113431.0
2022-12-01,101.29,103.05,99.6,99.98,11462000.0,1180274583.0
2022-12-02,98.79,100.29,96.95,96.99,9845800.0,983652461.0
2022-12-05,96.99,98.59,96.59,98.28,7742400.0,768492145.0
2022-12-06,97.91,101.39,97.55,100.42,12951400.0,1320179248.0
2022-12-07,99.4,100.02,97.94,98.39,9092600.0,912528805.0
2022-12-08,98.38,98.38,96.31,96.77,8178600.0,807075444.0
2022-12-09,96.95,98.91,96.95,97.65,8058400.0,802768522.0
2022-12-12,97.7,107.59,97.34,104.99,31089800.0,3292262803.0
2022-12-13,104.19,107.06,102.15,106.11,18615200.0,1983582944.0
2022-12-14,110.79,111.29,102.59,102.79,25572800.0,2769143797.0
2022-12-15,102.77,106.29,102.32,104.53,14397000.0,1532944037.0
2022-12-16,103.22,103.92,100.82,101.91,10480200.0,1087588401.0
2022-12-19,100.93,102.59,98.37,98.87,7517900.0,764565555.0
2022-12-20,98.87,100.58,98.34,99.54,6782100.0,685838434.0
2022-12-21,98.87,101.02,98.87,99.51,6249400.0,636357209.0
2022-12-22,100.28,101.16,98.17,98.64,5675300.0,575379371.0
2022-12-23,96.79,96.9,91.46,92.99,13307200.0,1271277746.0
2022-12-26,93.17,100.95,93.17,99.5,13232800.0,1327789400.0
2022-12-27,100.29,103.09,98.46,102.2,9334700.0,959273649.0
2022-12-28,101.74,103.18,101.06,101.49,6062400.0,628243327.0
2022-12-29,101.19,102.79,100.1,101.46,5643300.0,582584948.0
2022-12-30,102.29,102.95,99.77,100.76,5424000.0,556499219.0
2023-01-03,100.75,101.65,98.49,101.49,6759800.0,690555464.0
2023-01-04,100.98,103.56,98.39,98.7,9459800.0,963508628.0
2023-01-05,100.13,101.11,98.71,100.95,9539000.0,969910292.0
2023-01-06,99.5,102.07,97.59,101.17,10950100.0,1117142437.0
2023-01-09,102.16,105.97,101.54,103.35,12596300.0,1328843278.0
2023-01-10,103.15,109.09,102.87,104.67,18222900.0,1963597460.0
2023-01-11,107.17,110.63,105.15,105.39,21554200.0,2373703304.0
2023-01-12,106.04,106.29,102.39,104.62,8915100.0,945936858.0
2023-01-13,105.68,107.95,104.89,106.72,9831000.0,1063517467.0
2023-01-16,105.0,114.17,104.1,113.31,21444600.0,2411500727.0
2023-01-17,112.9,118.4,112.42,118.3,19735700.0,2337752931.0
2023-01-18,117.29,117.96,114.84,114.98,11566100.0,1361227562.0
2023-01-19,115.19,118.09,114.3,117.12,12471100.0,1476986456.0
2023-01-20,116.49,121.77,116.29,120.92,11333000.0,1371002369.0
2023-01-30,123.55,123.79,118.35,119.54,11185100.0,1365190648.0
2023-01-31,119.17,119.69,111.79,112.84,21951500.0,2551368923.0
2023-02-01,112.29,114.27,111.69,113.29,11141900.0,1277778416.0
2023-02-02,114.2,117.58,113.4,115.38,12552500.0,1471289577.0
2023-02-03,114.29,118.19,113.86,115.81,9361600.0,1097847516.0
2023-02-06,114.29,115.3,111.99,112.68,11382000.0,1304225066.0
2023-02-07,112.59,113.28,110.8,111.78,8036100.0,910560842.0
2023-02-08,112.19,114.25,110.89,111.37,8641000.0,985129288.0
2023-02-09,110.69,116.89,109.4,116.37,13992500.0,1614758439.0
2023-02-10,116.39,117.88,114.01,114.84,8690000.0,1019678491.0
2023-02-13,113.7,116.06,112.64,115.34,9649800.0,1120971259.0
2023-02-14,115.29,117.32,112.59,114.15,10019600.0,1162198681.0
2023-02-15,114.29,115.5,111.29,115.06,10840100.0,1250492068.0
2023-02-16,114.79,117.72,110.87,111.62,13698000.0,1590040377.0
2023-02-17,111.29,112.55,106.97,107.03,14211300.0,1573273090.0
2023-02-20,107.02,108.5,105.55,107.81,11106000.0,1205588703.0
2023-02-21,107.8,109.18,105.99,107.14,8848800.0,963522353.0
2023-02-22,106.28,107.63,105.49,106.79,5864000.0,634304916.0
2023-02-23,106.49,107.29,106.0,106.82,4172400.0,451936831.0
2023-02-24,107.29,108.12,104.28,105.31,9177400.0,986091567.0
2023-02-27,104.24,104.91,102.1,102.31,14494100.0,1519508941.0
2023-02-28,103.31,103.69,101.25,103.18,8669100.0,902518822.0
2023-03-01,102.64,103.99,101.97,102.79,11124600.0,1162044422.0
2023-03-02,103.19,106.22,102.82,103.48,13109300.0,1386551913.0
2023-03-03,105.49,106.26,103.05,104.04,13671600.0,1454061020.0
2023-03-06,104.04,104.91,102.29,103.41,11295900.0,1189470413.0
2023-03-07,102.87,103.79,99.56,99.56,11915700.0,1226424692.0
2023-03-08,99.2,101.15,98.29,100.09,7824800.0,797066479.0
2023-03-09,100.29,101.85,99.94,100.48,10056700.0,1031589828.0
2023-03-10,99.29,101.39,98.4,99.32,9409200.0,957249412.0
2023-03-13,99.09,99.93,97.41,99.79,7620800.0,766150827.0
2023-03-14,99.29,103.65,97.8,103.33,18694700.0,1928328193.0
2023-03-15,103.79,104.87,102.79,103.25,11796000.0,1243233575.0
2023-03-16,102.28,105.05,102.09,103.57,11212500.0,1184180537.0
2023-03-17,104.84,105.29,103.0,103.46,12513000.0,1325091423.0
2023-03-20,103.29,107.17,102.09,106.11,15656400.0,1678782700.0
2023-03-21,105.79,107.2,104.91,105.8,9317800.0,1001611336.0
2023-03-22,105.69,105.74,103.68,104.34,9131500.0,970520652.0
2023-03-23,103.84,114.95,103.67,114.95,38890500.0,4387721321.0
2023-03-24,117.25,118.29,113.59,116.19,42201100.0,4963827855.0
2023-03-27,116.19,116.22,110.97,112.3,27206600.0,3114385556.0
2023-03-28,111.29,112.56,106.39,107.09,20580900.0,2278931476.0
2023-03-29,106.37,114.45,105.27,113.31,31685300.0,3571578417.0
2023-03-30,117.29,123.29,117.29,119.61,49695800.0,6068877798.0
2023-03-31,118.49,120.49,115.39,120.29,24708300.0,2967881106.0
2023-04-03,127.65,130.89,124.81,129.82,48475200.0,6293285636.0
2023-04-04,127.84,132.07,126.99,128.85,39845500.0,5232137982.0
2023-04-06,128.79,141.51,127.39,132.79,48016700.0,6570493936.0
2023-04-07,134.8,140.8,133.7,136.89,36141300.0,4995710323.0
2023-04-10,137.19,137.74,128.26,129.15,37168500.0,4991315340.0
2023-04-11,131.45,134.78,128.61,131.01,34584300.0,4616250058.0
2023-04-12,129.3,135.62,127.43,133.28,27773500.0,3729294001.0
2023-04-13,130.62,132.9,126.05,126.6,26799700.0,3488486935.0
2023-04-14,128.29,135.26,125.02,133.7,36509000.0,4836097909.0
2023-04-17,135.79,138.22,133.29,134.19,26075100.0,3570632630.0
2023-04-18,132.29,133.29,129.27,131.2,18207200.0,2414715123.0
2023-04-19,131.21,133.34,128.79,129.04,19339400.0,2562574821.0
2023-04-20,128.05,134.85,128.03,134.57,26966600.0,3620369437.0
2023-04-21,134.3,134.46,124.62,124.7,28992000.0,3782584549.0
2023-04-24,124.63,124.69,117.18,119.03,31261800.0,3799770423.0
2023-04-25,118.69,119.98,114.42,116.01,21673200.0,2563754683.0
2023-04-26,115.79,116.68,108.19,109.27,30207900.0,3406066849.0
2023-04-27,107.56,113.84,107.28,110.77,20937900.0,2370692090.0
2023-04-28,105.35,111.81,105.3,106.76,32220200.0,3520135924.0
2023-05-04,105.79,107.09,103.04,103.29,20116100.0,2129166694.0
2023-05-05,103.04,106.66,102.39,103.09,18276900.0,1938077839.0
2023-05-08,103.09,105.25,101.89,102.45,16802400.0,1759635986.0
2023-05-09,102.3,103.26,99.89,100.05,17982000.0,1851161969.0
2023-05-10,99.8,100.68,97.05,98.38,15926500.0,1596002932.0
2023-05-11,99.69,100.58,98.3,99.12,14189700.0,1434300834.0
2023-05-12,100.29,101.95,98.79,98.81,18057400.0,1841183567.0
2023-05-15,98.5,100.37,96.89,100.37,12430300.0,1246855836.0
2023-05-16,101.93,105.68,98.85,104.36,26246400.0,2746177187.0
2023-05-17,102.29,108.85,102.19,107.74,25175700.0,2738296611.0
2023-05-18,106.59,108.78,105.09,105.49,15694800.0,1701778340.0
2023-05-19,107.48,111.81,107.09,110.3,23723300.0,2647274563.0
2023-05-22,114.49,116.6,109.29,111.6,23405200.0,2676902321.0
2023-05-23,109.4,109.79,105.77,105.77,15628100.0,1711524047.0
2023-05-24,107.38,109.29,104.59,106.67,16724500.0,1819525004.0
2023-05-25,107.28,109.64,105.98,109.09,14003700.0,1535846361.0
2023-05-26,109.85,113.49,108.34,112.29,16098600.0,1824516381.0
2023-05-29,113.32,114.15,109.99,110.46,15188000.0,1729335775.0
2023-05-30,109.78,111.44,107.34,110.89,13691500.0,1523888431.0
2023-05-31,110.28,111.0,106.29,109.09,17489100.0,1927949121.0
2023-06-01,107.3,110.24,107.09,108.6,13238600.0,1458522442.0
2023-06-02,108.29,109.59,105.95,107.18,11697100.0,1272613092.0
2023-06-05,106.64,108.48,104.79,105.29,13806300.0,1492560150.0
2023-06-06,104.39,104.4,101.12,101.35,14308300.0,1494092411.0
2023-06-07,101.58,102.68,100.85,101.53,9766800.0,1009984398.0
2023-06-08,100.73,100.94,98.88,99.42,9524800.0,966389696.0
2023-06-09,99.75,101.6,98.47,101.54,15738000.0,1595823207.0
2023-06-12,100.7,102.24,99.64,101.19,14381700.0,1475562742.0
2023-06-13,101.32,111.48,100.9,110.23,35567300.0,3868438032.0
2023-06-14,110.07,111.79,109.09,110.49,19541300.0,2188052476.0
2023-06-15,111.09,111.49,108.39,109.2,13494500.0,1505287350.0
2023-06-16,108.4,110.79,107.5,110.17,14090300.0,1566155947.0
2023-06-19,109.17,113.72,108.59,112.37,18524000.0,2099551155.0
2023-06-20,111.41,113.28,110.65,112.27,12087800.0,1366130716.0
2023-06-21,111.51,111.56,106.71,106.71,17737600.0,1938277935.0
2023-06-26,104.37,106.21,103.02,104.76,11311900.0,1196289213.0
2023-06-27,104.76,107.29,104.02,104.75,9080100.0,966156639.0
2023-06-28,104.7,106.18,102.14,103.96,11449100.0,1205345963.0
2023-06-29,106.98,108.88,104.11,104.27,13843500.0,1485631379.0
2023-06-30,103.01,106.55,101.91,105.16,10106800.0,1069568138.0
2023-07-03,104.91,106.11,103.72,105.3,9493800.0,1006458164.0
2023-07-04,105.32,109.44,104.07,107.73,15131000.0,1635438227.0
2023-07-05,107.11,111.41,107.09,109.26,17081100.0,1894994849.0
2023-07-06,108.31,111.89,108.07,109.35,12448500.0,1385672048.0
2023-07-07,105.91,106.03,101.93,104.12,19398900.0,2042738616.0
2023-07-10,104.34,107.19,103.63,104.91,8868100.0,942251599.0
2023-07-11,105.46,115.07,105.46,114.24,31510900.0,3588437801.0
2023-07-12,114.21,115.11,111.79,112.12,18449000.0,2113443175.0
2023-07-13,112.32,118.81,111.76,117.16,25877900.0,3037019118.0
2023-07-14,118.04,122.21,116.19,116.25,25654000.0,3068059226.0
2023-07-17,115.22,118.62,115.08,117.27,15989200.0,1890946941.0
2023-07-18,116.95,118.79,114.37,114.64,14924300.0,1749943793.0
2023-07-19,113.91,115.61,112.64,113.51,9572400.0,1097008284.0
2023-07-20,113.93,114.37,110.79,111.28,9665500.0,1096183703.0
2023-07-21,111.03,113.31,109.99,111.18,9072100.0,1023684395.0
2023-07-24,111.11,111.69,109.1,109.84,7471100.0,831491871.0
2023-07-25,111.31,112.78,109.83,111.81,11945800.0,1343851635.0
2023-07-26,111.71,114.26,110.07,110.71,10334500.0,1167132970.0
2023-07-27,109.9,111.21,109.13,109.37,7985800.0,887691394.0
2023-07-28,110.3,113.79,109.73,113.14,17450600.0,1978700673.0
2023-07-31,111.92,114.88,111.5,113.69,14299100.0,1628869452.0
2023-08-01,113.7,114.21,111.96,113.32,8102900.0,925374815.0
2023-08-02,112.5,113.63,112.22,112.89,7405200.0,844572612.0
2023-08-03,112.23,114.41,111.19,113.02,8116300.0,925500426.0
2023-08-04,112.26,113.26,101.96,105.77,35252000.0,3773909734.0
2023-08-07,103.91,105.31,102.91,104.24,13421600.0,1409222073.0
2023-08-08,103.79,105.01,103.47,103.66,7939200.0,835440178.0
2023-08-09,103.63,104.09,102.51,102.97,6514700.0,678737457.0
2023-08-10,102.97,103.38,100.76,102.56,8718900.0,900075030.0
2023-08-11,102.57,102.79,100.54,100.96,7679200.0,786867929.0
2023-08-14,98.91,100.4,98.86,100.1,6519300.0,655888921.0
2023-08-15,100.71,101.14,93.79,96.66,20400000.0,1986676984.0
2023-08-16,95.7,96.51,93.41,93.41,11214500.0,1071940842.0
2023-08-17,92.89,95.11,92.41,94.38,7837600.0,744702503.0
2023-08-18,94.27,95.34,92.56,92.68,7561700.0,717629682.0
2023-08-21,92.71,93.36,90.26,90.42,10373300.0,959477924.0
2023-08-22,91.41,91.84,88.44,91.05,13147000.0,1201685251.0
2023-08-23,91.15,91.79,88.92,89.01,9146300.0,836510597.0
2023-08-24,89.35,91.39,88.99,90.42,9039100.0,827190818.0
2023-08-25,89.42,89.83,87.29,88.01,9342900.0,836388736.0
2023-08-28,94.42,94.42,88.01,88.4,13606300.0,1244018110.0
2023-08-29,88.31,92.16,87.94,91.18,12629000.0,1153857330.0
2023-08-30,91.41,94.36,91.21,92.91,13922400.0,1308947007.0
2023-08-31,92.13,93.67,91.51,92.89,9090200.0,853287579.0
2023-09-01,94.41,96.37,92.67,93.41,11498100.0,1096381394.0
2023-09-04,92.91,95.74,92.86,95.71,10862800.0,1035712346.0
2023-09-05,95.81,100.01,95.71,98.55,20339900.0,2020134022.0
2023-09-06,97.21,99.41,97.17,98.83,9823300.0,976284547.0
2023-09-07,98.83,99.88,97.17,97.21,11844600.0,1178752938.0
2023-09-08,95.92,97.66,95.61,96.26,7547600.0,737168756.0
2023-09-11,96.27,98.1,95.56,96.41,9004300.0,881288895.0
2023-09-12,96.43,97.39,95.81,96.7,6077100.0,594259211.0
2023-09-13,97.51,99.71,96.11,97.86,12955900.0,1282024637.0
2023-09-14,97.06,97.85,95.05,95.87,8919200.0,866682692.0
2023-09-15,96.21,101.61,94.72,98.91,17688900.0,1765325812.0
2023-09-18,98.11,99.41,97.61,98.42,8906500.0,887423175.0
2023-09-19,98.01,101.79,97.21,100.3,14155600.0,1431984619.0
2023-09-20,99.95,101.41,98.8,99.35,8271600.0,834398104.0
2023-09-21,98.91,100.21,98.08,99.43,6342700.0,635576667.0
2023-09-22,99.11,101.09,98.04,100.89,9604100.0,969494335.0
2023-09-25,100.35,100.79,98.71,98.86,6792500.0,681325231.0
2023-09-26,98.54,99.29,97.58,97.69,7180900.0,712947203.0
2023-09-27,97.89,99.35,97.58,97.79,5397000.0,536169975.0
2023-09-28,97.79,99.01,97.01,97.51,5810000.0,575050839.0
2023-10-09,97.51,102.79,97.21,101.6,12705400.0,1292782967.0
2023-10-10,100.91,103.96,100.91,102.76,10485600.0,1089398744.0
2023-10-11,103.11,105.46,101.97,103.91,10776700.0,1132834699.0
2023-10-12,102.91,104.36,101.16,103.21,9968500.0,1035944557.0
2023-10-13,102.71,103.51,101.41,102.09,8897500.0,918845104.0
2023-10-16,101.42,101.89,99.45,100.05,7954900.0,807862275.0
2023-10-17,100.05,101.76,99.32,101.11,7132900.0,726393683.0
2023-10-18,100.51,101.71,96.91,99.31,6982400.0,701935432.0
2023-10-19,98.22,102.06,98.11,98.37,7728000.0,780063461.0
2023-10-20,98.21,98.99,95.88,96.3,7345700.0,718585122.0
2023-10-23,95.91,96.65,92.54,93.61,7707700.0,731123431.0
2023-10-24,94.59,97.07,93.34,96.59,8435100.0,815753729.0
2023-10-25,94.69,95.71,90.92,95.36,12525700.0,1191152059.0
2023-10-26,95.02,95.34,92.3,93.29,6733400.0,637004226.0
2023-10-27,93.31,102.07,93.31,100.74,17379000.0,1729853762.0
2023-10-30,99.84,107.47,99.82,105.79,21671300.0,2302770074.0
2023-10-31,107.91,108.67,104.18,105.91,11344200.0,1211384106.0
2023-11-01,105.71,106.37,103.92,104.37,6439300.0,682487048.0
2023-11-02,104.46,105.61,103.32,103.44,6126400.0,646068196.0
2023-11-03,103.61,107.77,103.61,106.91,10967100.0,1177051978.0
2023-11-06,106.76,109.13,106.14,108.26,12234900.0,1335603987.0
2023-11-07,107.91,108.24,104.77,105.85,11852800.0,1267795087.0
2023-11-08,105.58,106.39,104.75,105.6,9362100.0,998660904.0
2023-11-09,105.31,105.96,103.4,104.01,8370400.0,882118992.0
2023-11-10,104.19,105.73,103.41,104.09,6555500.0,692217306.0
2023-11-13,104.68,105.41,102.46,103.02,9527900.0,995086410.0
2023-11-14,102.91,103.89,101.83,102.58,7471700.0,775785811.0
2023-11-15,104.17,106.81,102.92,105.9,14771600.0,1564211466.0
2023-11-16,104.81,105.12,102.87,103.6,7571100.0,794291731.0
2023-11-17,103.2,105.14,102.61,103.89,7934300.0,830047859.0
2023-11-20,103.89,103.9,98.79,98.97,18339900.0,1851434639.0
2023-11-21,99.01,99.39,96.52,96.81,13061200.0,1290294595.0
2023-11-22,96.16,96.66,94.51,94.6,12158800.0,1171232389.0
2023-11-23,94.54,95.7,93.79,95.6,10336600.0,990002963.0
2023-11-24,95.61,95.7,93.51,93.67,7550400.0,718974087.0
2023-11-27,93.04,94.21,92.41,93.95,8852000.0,837331347.0
2023-11-28,93.95,94.61,93.11,94.11,7690400.0,729712569.0
2023-11-29,95.41,95.9,93.26,93.55,9047300.0,864054137.0
2023-11-30,93.11,93.38,92.15,93.01,6992900.0,655847320.0
2023-12-01,93.06,94.29,91.2,94.06,10049000.0,941357724.0
2023-12-04,93.78,94.31,93.24,93.38,6928000.0,657265019.0
2023-12-05,92.91,92.92,88.82,88.97,12565300.0,1149399906.0
2023-12-06,88.18,90.91,88.11,90.23,9069600.0,826435065.0
2023-12-07,89.91,90.64,88.21,88.68,7863000.0,708309738.0
2023-12-08,88.76,91.24,88.24,90.82,13218700.0,1202827711.0
2023-12-11,89.96,92.36,88.71,91.81,10582000.0,967259689.0
2023-12-12,91.91,94.44,91.42,92.53,11180800.0,1047635011.0
2023-12-13,92.06,94.06,91.59,92.21,9656800.0,909793432.0
2023-12-14,93.32,95.38,92.75,94.02,13008500.0,1239790485.0
2023-12-15,94.27,94.67,92.42,93.05,8561600.0,808300898.0
2023-12-18,92.12,92.7,91.18,91.55,5833100.0,541790805.0
2023-12-19,91.29,93.91,91.15,92.79,7828800.0,732943158.0
2023-12-20,92.66,92.88,89.39,90.07,9380100.0,858566403.0
2023-12-21,89.7,91.76,89.31,90.6,6951800.0,636971986.0
2023-12-22,91.9,92.86,89.51,90.03,8227400.0,756366957.0
2023-12-25,89.41,90.64,88.9,89.83,5022400.0,455437362.0
2023-12-26,89.83,90.01,87.72,88.05,5959600.0,534503004.0
2023-12-27,88.16,90.91,88.16,89.74,10892900.0,989705787.0
2023-12-28,89.65,92.18,88.25,91.41,11209300.0,1025885183.0
2023-12-29,91.21,92.41,90.79,91.3,8548100.0,791516287.0
2024-01-02,91.31,91.31,88.76,88.89,89306.0,806807192.0
2024-01-03,88.71,88.81,83.77,84.97,166064.0,1437151317.0
2024-01-04,84.63,84.77,78.91,80.21,211787.0,1743646404.0
2024-01-05,79.56,81.16,77.3,78.61,171855.0,1378582749.0
2024-01-08,77.91,78.79,75.6,76.52,170528.0,1322510374.0
2024-01-09,76.91,77.7,75.27,76.61,122956.0,954690455.0
2024-01-10,76.04,76.79,74.76,75.49,95308.0,731231861.0
2024-01-11,75.07,77.07,75.04,76.77,102067.0,790932450.0
2024-01-12,76.28,76.58,75.24,75.51,79635.0,612792878.0
2024-01-15,75.06,77.21,74.41,75.46,96918.0,745421098.0
2024-01-16,75.31,75.83,73.67,75.39,110778.0,839151229.0
2024-01-17,74.91,75.69,73.23,73.24,81264.0,612752238.0
2024-01-18,72.78,75.09,71.72,74.84,137846.0,1022013857.0
2024-01-19,74.46,75.4,73.91,74.19,81700.0,618426414.0
2024-01-22,74.01,74.41,70.21,71.2,126164.0,925619680.0
2024-01-23,71.21,72.91,70.91,72.14,99237.0,726033489.0
2024-01-24,72.71,72.85,68.81,71.01,131249.0,938844736.0
2024-01-25,70.78,73.21,70.27,73.07,119392.0,875957045.0
2024-01-26,70.91,70.91,66.91,67.64,299187.0,2087604605.0
2024-01-29,66.81,68.21,64.62,65.59,194374.0,1300679030.0
2024-01-30,65.43,66.2,63.96,64.26,98853.0,653193240.0
2024-01-31,63.91,64.72,61.32,61.41,142307.0,904722906.0
2024-02-01,61.33,64.6,60.82,62.22,153425.0,976815628.0
2024-02-02,62.61,62.98,56.91,59.09,182120.0,1110422775.0
2024-02-05,58.9,58.91,54.11,56.83,182840.0,1056038556.0
2024-02-06,56.54,60.91,55.91,60.87,173490.0,1044459486.0
2024-02-07,61.06,62.48,60.29,61.21,177465.0,1109051137.0
2024-02-08,61.69,67.44,61.66,67.44,210110.0,1368076982.0
2024-02-19,67.46,67.9,63.68,65.86,261611.0,1743868483.0
2024-02-20,65.1,70.93,63.34,69.06,301582.0,2023748304.0
2024-02-21,66.41,70.51,66.26,68.18,341447.0,2358792417.0
2024-02-22,66.91,71.95,66.71,71.45,301343.0,2118870481.0
2024-02-23,71.46,72.22,69.9,70.89,262476.0,1894461053.0
2024-02-26,70.91,71.73,69.71,70.27,186353.0,1334933014.0
2024-02-27,69.83,73.54,69.17,73.1,234335.0,1706122366.0
2024-02-28,73.21,74.51,68.72,68.81,242150.0,1765600511.0
2024-02-29,68.21,72.21,68.02,72.18,229640.0,1658850659.0
2024-03-01,72.28,75.57,72.07,74.67,244928.0,1842714849.0
2024-03-04,75.09,75.57,73.06,73.84,192938.0,1451842940.0
2024-03-05,73.01,74.6,72.7,73.17,167057.0,1248841741.0
2024-03-06,72.91,73.16,70.99,71.74,148200.0,1083264984.0
2024-03-07,71.88,73.11,69.41,69.43,151815.0,1091534346.0
2024-03-08,69.94,71.39,69.38,70.51,123363.0,882027977.0
2024-03-11,69.63,73.71,68.96,73.54,194193.0,1422978191.0
2024-03-12,73.88,81.0,73.4,77.91,449151.0,3587685995.0
2024-03-13,78.91,79.31,76.21,77.26,295310.0,2326696335.0
2024-03-14,76.46,77.53,75.27,76.09,177707.0,1376703473.0
2024-03-15,75.91,76.67,74.29,76.33,182268.0,1399477744.0
2024-03-18,76.56,77.41,75.57,76.8,213065.0,1651864398.0
2024-03-19,76.81,78.86,75.81,76.12,223805.0,1751276788.0
2024-03-20,75.68,76.76,74.68,76.01,154258.0,1185892418.0
2024-03-21,78.25,81.23,77.21,79.06,378439.0,3034982247.0
2024-03-22,79.91,81.34,77.2,77.29,316452.0,2545256353.0
2024-03-25,75.93,76.33,72.25,72.44,267224.0,2010847786.0
2024-03-26,73.56,78.57,73.31,75.38,302069.0,2336501554.0
2024-03-27,74.87,75.14,69.43,69.66,242539.0,1765630591.0
2024-03-28,69.66,72.37,68.59,71.66,170200.0,1229004595.0
2024-03-29,71.65,71.65,69.36,70.78,144973.0,1032679532.0
2024-04-01,70.86,71.58,69.91,71.35,179330.0,1290992530.0
2024-04-02,72.8,72.92,70.36,70.81,164827.0,1198362020.0
2024-04-03,70.27,72.78,68.29,70.52,238378.0,1708266231.0
2024-04-08,70.31,70.91,68.65,68.65,158218.0,1114756057.0
2024-04-09,68.71,69.8,67.91,68.76,119523.0,832951109.0
2024-04-10,68.91,69.17,65.12,65.33,174331.0,1172212696.0
2024-04-11,65.51,71.24,65.51,69.09,335969.0,2367461759.0
2024-04-12,68.71,75.15,68.51,72.76,358401.0,2619554001.0
2024-04-15,71.91,72.69,70.98,72.11,209792.0,1530326521.0
2024-04-16,71.59,71.59,67.71,67.78,181051.0,1271934966.0
2024-04-17,69.41,74.67,68.71,74.67,343275.0,2535055070.0
2024-04-18,75.42,76.31,74.34,74.91,276420.0,2113715939.0
2024-04-19,74.21,74.41,71.56,73.0,223472.0,1652996216.0
2024-04-22,69.26,75.08,68.0,74.87,368903.0,2671405797.0
2024-04-23,74.61,75.21,72.99,73.41,194734.0,1461172540.0
2024-04-24,74.16,77.23,74.16,76.81,294444.0,2275319223.0
2024-04-25,76.02,78.18,75.92,76.02,214550.0,1671923571.0
2024-04-26,76.01,78.59,75.84,77.61,250227.0,1964902562.0
2024-04-29,77.61,79.88,77.38,77.66,288115.0,2289676559.0
2024-04-30,77.62,79.51,77.13,77.66,179260.0,1421342107.0
2024-05-06,78.93,81.84,78.93,80.85,241320.0,1970276420.0
2024-05-07,80.89,85.9,80.7,82.94,278869.0,2351539363.0
2024-05-08,82.91,82.91,80.43,80.9,186681.0,1541193924.0
2024-05-09,80.42,82.41,80.35,81.5,166501.0,1370066212.0
2024-05-10,81.71,84.41,80.8,81.4,234198.0,1960286985.0
2024-05-13,79.91,86.48,79.68,85.23,270239.0,2307420323.0
2024-05-14,85.53,86.11,84.01,85.53,181396.0,1563708363.0
2024-05-15,85.62,85.7,81.95,82.33,170668.0,1441566439.0
2024-05-16,82.91,83.41,79.91,80.46,182247.0,1499444102.0
2024-05-17,80.56,81.91,79.71,81.78,136860.0,1124546603.0
2024-05-20,81.76,82.3,80.43,81.59,122590.0,1009544664.0
2024-05-21,81.41,83.24,81.01,81.83,105912.0,883017694.0
2024-05-22,81.83,82.33,80.18,81.44,124375.0,1022509708.0
2024-05-23,81.44,82.51,80.13,80.17,120848.0,993871864.0
2024-05-24,80.0,80.79,77.22,77.51,180089.0,1429462415.0
2024-05-27,77.75,80.43,75.92,80.39,183544.0,1455332459.0
2024-05-28,80.3,84.07,79.93,80.6,221077.0,1834289243.0
2024-05-29,79.93,80.89,78.91,79.35,107370.0,866444264.0
2024-05-30,79.29,81.89,78.26,81.29,154289.0,1261621233.0
2024-05-31,81.4,83.9,80.94,82.02,167151.0,1398761718.0
2024-06-03,82.92,85.93,82.41,85.08,248981.0,2133131052.0
2024-06-04,85.08,85.69,83.09,84.21,143704.0,1222776721.0
2024-06-05,83.86,85.75,83.63,83.68,127391.0,1092191124.0
2024-06-06,84.53,85.11,81.79,82.06,184984.0,1569148055.0
2024-06-07,82.48,84.21,81.31,82.37,137299.0,1150918961.0
2024-06-11,82.91,86.49,82.51,86.47,233338.0,2010455927.0
2024-06-12,85.93,87.59,85.21,85.51,189218.0,1650316530.0
2024-06-13,86.81,90.24,86.46,87.91,271534.0,2428925639.0
2024-06-14,87.41,89.59,85.76,89.57,192350.0,1710874947.0
2024-06-17,89.21,93.9,88.9,93.19,243112.0,2257826153.0
2024-06-18,93.11,94.4,91.34,92.51,195009.0,1828042733.0
2024-06-19,94.11,96.06,92.56,93.62,212260.0,2019792992.0
2024-06-20,92.91,94.51,91.66,91.91,166269.0,1565505641.0
2024-06-21,89.99,93.91,89.41,93.41,171038.0,1594578285.0
2024-06-24,93.11,95.53,91.14,91.36,183877.0,1736175184.0
2024-06-25,90.91,92.41,87.88,88.86,210701.0,1905249378.0
2024-06-26,89.57,92.71,88.27,92.11,155305.0,1419626130.0
2024-06-27,91.02,95.37,90.91,93.11,206372.0,1948038099.0
2024-06-28,91.96,95.15,91.92,94.53,160694.0,1525297994.0
2024-07-01,93.97,94.9,89.46,93.32,158483.0,1481139844.0
2024-07-02,92.92,92.92,88.72,89.12,183591.0,1674675780.0
2024-07-03,88.93,91.41,88.32,90.6,130300.0,1186870184.0
2024-07-04,90.55,92.9,90.21,90.51,114456.0,1060125266.0
2024-07-05,90.51,91.41,87.49,90.75,144750.0,1308486281.0
2024-07-08,91.88,92.5,90.58,90.87,118837.0,1100640215.0
2024-07-09,90.91,95.91,89.61,95.33,208468.0,1977904903.0
2024-07-10,95.37,96.83,94.69,95.95,144936.0,1402807290.0
2024-07-11,97.21,98.77,94.43,96.73,157587.0,1542923820.0
2024-07-12,95.52,97.11,94.21,96.26,104758.0,1013579973.0
2024-07-15,95.91,97.26,95.46,96.11,79492.0,774942033.0
2024-07-16,95.61,97.51,94.23,96.9,141012.0,1368233691.0
2024-07-17,96.91,97.1,94.82,94.91,102747.0,997123548.0
2024-07-18,93.22,94.81,88.91,92.91,205972.0,1909659454.0
2024-07-19,91.92,96.2,91.81,94.91,160181.0,1534372054.0
2024-07-22,94.98,95.62,92.49,93.28,122134.0,1161548450.0
2024-07-23,93.29,93.57,87.79,87.79,194790.0,1768185451.0
2024-07-24,87.61,88.92,84.91,85.21,169626.0,1485559032.0
2024-07-25,85.16,85.16,82.61,83.31,127456.0,1079167304.0
2024-07-26,83.61,84.43,82.17,83.32,119138.0,1003723828.0
2024-07-29,83.32,84.08,81.41,81.46,126163.0,1051911946.0
2024-07-30,81.13,82.57,79.51,81.9,123523.0,1016701498.0
2024-07-31,81.31,84.96,80.91,84.89,160430.0,1360672120.0
2024-08-01,85.21,86.58,84.51,85.65,135555.0,1175298644.0
2024-08-02,84.15,84.98,81.82,81.97,131562.0,1107621780.0
2024-08-05,79.94,81.41,76.52,76.57,232581.0,1850233637.0
2024-08-06,77.89,78.39,75.84,77.09,127303.0,992610022.0
2024-08-07,76.96,77.31,75.57,75.86,92951.0,719989191.0
2024-08-08,75.18,77.06,73.99,76.48,144859.0,1109210252.0
2024-08-09,77.71,78.41,76.91,77.03,117233.0,923033044.0
2024-08-12,76.68,77.56,76.46,77.1,60116.0,469198577.0
2024-08-13,77.51,78.07,76.49,77.87,70070.0,548706991.0
2024-08-14,77.91,78.22,77.02,77.14,63145.0,495897621.0
2024-08-15,77.11,79.18,76.73,77.66,99146.0,784248139.0
2024-08-16,77.99,79.0,77.57,77.81,84242.0,667914709.0
2024-08-19,77.51,78.7,77.23,77.89,68173.0,540520905.0
2024-08-20,78.38,78.71,77.26,78.14,82797.0,654795342.0
2024-08-21,77.48,77.48,72.88,72.9,279296.0,2103120340.0
2024-08-22,73.29,73.65,71.52,72.56,147043.0,1081059651.0
2024-08-23,71.91,72.41,70.93,71.27,111643.0,809998248.0
2024-08-26,71.53,71.79,69.93,70.19,101198.0,724802509.0
2024-08-27,70.18,70.47,68.91,69.14,92169.0,651705270.0
2024-08-28,69.14,69.65,68.56,68.86,76391.0,535259947.0
2024-08-29,68.61,69.96,67.68,68.91,107256.0,751710175.0
2024-08-30,68.91,71.84,68.79,71.29,170538.0,1228736748.0
2024-09-02,71.29,71.29,67.43,67.45,150410.0,1052578558.0
2024-09-03,68.12,69.58,67.83,68.93,95342.0,666840931.0
2024-09-04,67.94,68.79,67.48,67.75,98247.0,678479152.0
2024-09-05,67.91,68.96,67.73,68.3,75729.0,524826632.0
2024-09-06,68.35,68.5,66.79,66.79,74284.0,508285972.0
2024-09-09,66.28,67.7,66.17,66.55,61950.0,420636149.0
2024-09-10,66.79,67.31,65.31,66.84,102472.0,689828959.0
2024-09-11,66.51,67.0,65.91,66.55,77410.0,522518802.0
2024-09-12,66.91,67.37,65.71,65.71,71822.0,484822611.0
2024-09-13,65.71,65.99,64.21,64.21,103629.0,684544456.0
2024-09-18,64.26,64.91,63.04,63.69,86933.0,563239582.0
2024-09-19,64.21,65.26,63.35,64.42,106806.0,699201568.0
2024-09-20,64.58,64.93,63.51,64.2,81352.0,529724496.0
2024-09-23,64.2,65.37,63.75,64.04,76216.0,499567401.0
2024-09-24,64.72,67.32,63.91,67.31,191554.0,1283880187.0
2024-09-25,68.12,70.45,67.84,68.36,216608.0,1521826413.0
2024-09-26,68.89,74.19,68.72,74.18,288590.0,2092796266.0
2024-09-27,75.31,79.34,74.65,79.31,182963.0,1414764100.0
2024-09-30,84.26,87.35,80.92,87.28,419207.0,3630381977.0
2024-10-08,96.12,96.12,90.36,96.12,422656.0,4075074495.0
2024-10-09,96.01,100.05,90.91,92.01,608298.0,5876418657.0
2024-10-10,92.42,93.68,85.43,86.99,430400.0,3846914156.0
2024-10-11,85.41,86.8,81.78,82.91,267593.0,2266644290.0
2024-10-14,82.91,85.19,80.39,85.03,287208.0,2414955669.0
2024-10-15,85.04,87.36,83.46,83.91,246540.0,2135191116.0
2024-10-16,81.91,83.38,81.06,81.99,183826.0,1527468761.0
2024-10-17,82.59,84.11,81.29,81.3,172523.0,1442697188.0
2024-10-18,81.11,88.91,80.92,86.65,361432.0,3121455836.0
2024-10-21,91.4,92.0,88.59,88.83,487794.0,4453240633.0
2024-10-22,87.74,89.39,86.71,87.71,254151.0,2253267966.0
2024-10-23,86.91,88.46,86.67,86.91,198677.0,1758835742.0
2024-10-24,86.43,88.46,85.92,87.21,187431.0,1655087392.0
2024-10-25,87.46,89.21,86.11,88.06,215592.0,1912648548.0
2024-10-28,88.05,90.55,87.19,89.67,244881.0,2206751271.0
2024-10-29,89.91,90.75,87.51,87.51,257678.0,2322471705.0
2024-10-30,86.99,89.35,86.65,87.67,199845.0,1773489789.0
2024-10-31,87.66,89.71,86.11,89.08,280355.0,2507642759.0
2024-11-01,88.39,88.81,85.09,85.21,222232.0,1949233179.0
2024-11-04,85.51,89.8,85.21,88.91,247164.0,2213735056.0
2024-11-05,89.11,91.65,88.42,90.99,287772.0,2639320195.0
2024-11-06,100.17,100.17,92.66,93.43,499021.0,4827690101.0
2024-11-07,93.59,96.09,92.92,95.55,298547.0,2859202698.0
2024-11-08,96.55,98.2,93.91,94.39,366732.0,3553709672.0
2024-11-11,94.59,98.6,94.57,98.05,402356.0,3953847048.0
2024-11-12,98.13,98.4,94.96,95.77,296648.0,2892004148.0
2024-11-13,94.84,95.71,92.81,95.22,212449.0,2025166520.0
2024-11-14,94.81,94.81,90.91,91.13,194035.0,1823283592.0
2024-11-15,91.17,93.14,88.06,88.5,211988.0,1949320157.0
2024-11-18,88.41,89.24,84.8,85.37,203141.0,1784108783.0
2024-11-19,85.98,87.86,84.8,87.67,163175.0,1428765436.0
2024-11-20,87.22,87.83,86.42,87.22,124180.0,1094372334.0
2024-11-21,87.23,88.08,86.29,87.23,122344.0,1082223380.0
2024-11-22,87.24,87.89,83.21,83.29,171456.0,1485773973.0
2024-11-25,83.91,84.35,81.11,82.82,141962.0,1186629344.0
2024-11-26,82.11,83.28,82.03,82.13,87804.0,734044039.0
2024-11-27,81.93,83.91,80.81,83.91,138669.0,1159540808.0
2024-11-28,84.2,85.36,83.41,84.15,143048.0,1221395531.0
2024-11-29,83.72,86.23,82.82,84.69,161046.0,1379694389.0
2024-12-02,82.91,84.21,82.34,83.69,239902.0,2025447560.0
2024-12-03,83.97,84.02,81.92,82.63,166224.0,1390260950.0
2024-12-04,84.73,86.51,84.27,84.78,313316.0,2714996441.0
2024-12-05,84.79,85.06,83.46,83.99,153549.0,1306526687.0
2024-12-06,83.96,85.11,83.22,84.89,156018.0,1334326741.0
2024-12-09,84.02,84.69,81.71,82.23,219970.0,1847368353.0
2024-12-10,84.79,85.15,82.24,82.6,227811.0,1932260992.0
2024-12-11,82.21,83.91,81.99,83.12,137045.0,1151881925.0
2024-12-12,83.13,83.97,82.29,83.44,155349.0,1306927207.0
2024-12-13,82.91,91.89,82.73,91.89,803881.0,7209836962.0
2024-12-16,90.49,98.91,90.0,95.57,899435.0,8653349854.0
2024-12-17,94.11,95.91,92.07,92.59,391215.0,3694036267.0
2024-12-18,92.21,101.96,92.21,101.96,576227.0,5720391058.0
2024-12-19,105.41,112.27,103.91,111.06,1047836.0,11549024763.0
2024-12-20,109.61,113.51,108.46,112.11,668293.0,7519032742.0
2024-12-23,115.57,115.91,106.16,106.16,599234.0,6598914054.0
2024-12-24,106.91,107.9,101.73,106.91,568962.0,6015827395.0
2024-12-25,107.91,112.91,106.87,108.67,494789.0,5504074559.0
2024-12-26,107.41,114.79,106.9,113.91,484284.0,5468721210.0
2024-12-27,113.9,116.41,110.4,110.87,403969.0,4615567602.0
2024-12-30,112.12,114.67,109.2,112.73,321040.0,3648667671.0
2024-12-31,112.91,112.99,105.71,105.71,366544.0,3995555148.0
2025-01-02,105.16,106.11,100.67,101.9,302431.0,3146583067.0
2025-01-03,102.51,105.51,99.0,102.01,341289.0,3543095733.0
2025-01-06,102.55,103.71,97.54,98.45,313420.0,3183655204.0
2025-01-07,99.35,105.24,98.56,104.11,338771.0,3503531766.0
2025-01-08,103.07,114.63,102.71,113.56,620005.0,6885517434.0
2025-01-09,112.23,124.2,112.02,121.81,636921.0,7602732557.0
2025-01-10,118.91,122.77,118.79,119.41,359245.0,4379028367.0
2025-01-13,117.91,120.81,114.94,116.76,313077.0,3694225474.0
2025-01-14,116.9,128.55,113.42,128.55,504030.0,6244303724.0
2025-01-15,128.7,136.71,127.12,131.77,535336.0,7077664756.0
2025-01-16,130.98,132.79,124.08,127.11,394024.0,5094807798.0
2025-01-17,127.81,136.67,127.35,133.7,418945.0,5598345066.0
2025-01-20,133.71,133.79,129.91,131.91,275941.0,3669606623.0
2025-01-21,132.94,138.71,127.03,131.01,446601.0,5961717138.0
2025-01-22,128.91,138.21,127.51,135.12,407133.0,5527481375.0
2025-01-23,135.91,139.91,128.56,129.38,398255.0,5355847551.0
2025-01-24,128.7,130.59,126.36,129.41,336735.0,4370248969.0
2025-01-27,128.25,130.36,125.4,126.31,223230.0,2862587665.0
2025-02-05,132.89,137.62,132.16,134.26,354214.0,4807238224.0
2025-02-06,132.01,142.31,131.91,139.54,368582.0,5141324065.0
2025-02-07,138.41,142.46,134.38,137.47,357779.0,4995411215.0
2025-02-10,137.41,137.41,132.82,133.54,264705.0,3585109650.0
2025-02-11,133.51,135.29,130.9,132.91,201522.0,2699171403.0
2025-02-12,132.41,134.35,129.9,133.89,254827.0,3405837564.0
2025-02-13,133.79,133.79,125.91,126.59,364995.0,4734748607.0
2025-02-14,126.18,127.35,123.95,126.23,261862.0,3313432138.0
2025-02-17,126.21,127.71,124.72,126.4,270844.0,3436539128.0
2025-02-18,126.31,126.37,121.59,122.38,286452.0,3569947145.0
2025-02-19,122.37,127.35,121.91,126.42,344094.0,4380302119.0
2025-02-20,126.41,128.92,123.91,127.3,235787.0,3019593743.0
2025-02-21,127.32,139.11,126.51,136.96,495341.0,6642724434.0
2025-02-24,137.71,146.47,135.96,141.91,396754.0,5667611409.0
2025-02-25,137.91,140.66,134.27,135.91,359209.0,4950144510.0
2025-02-26,135.91,136.41,130.22,135.68,276195.0,3729755704.0
2025-02-27,134.91,137.4,129.42,132.65,273432.0,3651461603.0
2025-02-28,130.9,139.68,130.02,130.74,446939.0,6059986878.0
2025-03-03,133.91,133.91,125.3,128.49,275996.0,3588491287.0
2025-03-04,125.77,136.55,122.92,133.41,352140.0,4628851118.0
2025-03-05,134.31,136.79,131.91,134.79,245854.0,3329534312.0
2025-03-06,134.81,138.74,134.12,136.64,272123.0,3736796974.0
2025-03-07,135.25,135.26,130.11,133.59,282992.0,3774105354.0
2025-03-10,131.12,132.92,129.55,131.43,177743.0,2347086128.0
2025-03-11,128.02,129.71,126.21,127.09,214038.0,2754189642.0
2025-03-12,128.3,130.1,126.06,127.39,198808.0,2563066134.0
2025-03-13,126.46,127.1,121.91,123.19,215335.0,2689986050.0
2025-03-14,122.87,129.35,122.71,128.8,242066.0,3098398761.0
2025-03-17,128.19,129.02,126.41,126.94,123718.0,1589504303.0
2025-03-18,127.69,131.11,126.93,128.82,197663.0,2571153358.0
2025-03-19,127.91,130.89,127.02,129.86,188514.0,2459087316.0
2025-03-20,129.22,131.8,127.04,127.31,151365.0,1967455569.0
2025-03-21,125.91,127.04,122.09,122.52,166106.0,2077608093.0
2025-03-24,122.72,124.11,120.76,124.03,151311.0,1870799159.0
2025-03-25,123.27,123.71,117.87,118.22,205427.0,2483652704.0
2025-03-26,118.22,119.05,115.49,115.87,196425.0,2322061563.0
2025-03-27,115.46,119.2,115.46,116.54,142425.0,1681630080.0
2025-03-28,115.91,117.13,115.56,115.92,84041.0,986703564.0
2025-03-31,115.96,116.8,113.01,115.79,123085.0,1424835912.0
2025-04-01,116.41,117.89,114.71,116.4,120796.0,1419387604.0
2025-04-02,116.4,117.59,115.61,116.5,79608.0,936354628.0
2025-04-03,114.56,117.21,113.81,114.66,99818.0,1161711450.0
2025-04-07,103.91,110.9,103.09,103.11,254542.0,2710485169.0
2025-04-08,104.77,105.57,99.79,102.39,269520.0,2785586815.0
2025-04-09,100.9,106.41,97.78,103.87,275810.0,2876581347.0
2025-04-10,107.9,109.43,105.59,106.81,214669.0,2330520959.0
2025-04-11,106.6,115.71,105.01,111.23,322465.0,3622818836.0
2025-04-14,113.23,113.4,109.29,110.64,185818.0,2081709619.0
2025-04-15,109.91,110.65,107.71,108.91,126750.0,1392226199.0
2025-04-16,109.02,109.51,105.91,108.1,126393.0,1371122688.0
2025-04-17,107.84,109.92,107.19,108.11,110044.0,1206101768.0
2025-04-18,107.79,107.79,106.3,107.21,69225.0,747979189.0
2025-04-21,107.82,111.91,106.92,111.37,139402.0,1547645158.0
2025-04-22,111.3,114.69,110.86,111.26,138860.0,1579629783.0
2025-04-23,111.9,114.01,111.12,113.51,151093.0,1721581495.0
2025-04-24,114.01,114.01,109.11,110.07,155130.0,1737853796.0
2025-04-25,110.11,113.79,109.59,111.54,161913.0,1831249073.0
2025-04-28,111.54,114.41,108.72,114.11,217573.0,2463793318.0
2025-04-29,115.11,125.63,115.03,125.63,438086.0,5303824252.0
2025-04-30,125.79,128.61,124.41,127.6,334760.0,4279553584.0
2025-05-06,129.47,133.95,129.21,130.76,301980.0,3995581194.0
2025-05-07,130.97,131.68,128.26,129.26,181044.0,2363164062.0
2025-05-08,128.02,128.91,125.94,126.43,161852.0,2072347893.0
2025-05-09,125.23,125.85,122.62,123.31,165548.0,2066340193.0
2025-05-12,124.42,125.53,122.78,124.39,129131.0,1619539412.0
2025-05-13,125.94,127.43,124.07,124.42,175633.0,2231834166.0
2025-05-14,124.44,126.55,122.39,123.4,146484.0,1828488646.0
2025-05-15,122.91,123.5,120.41,120.91,124373.0,1528121770.0
2025-05-16,120.94,122.29,120.66,121.2,83634.0,1023691553.0
2025-05-19,121.88,126.7,120.77,125.21,223654.0,2808603602.0
2025-05-20,124.71,127.46,123.42,125.06,158107.0,2000275092.0
2025-05-21,123.46,123.48,115.99,117.05,316145.0,3768105532.0
2025-05-22,116.91,119.44,116.41,116.57,131298.0,1558622820.0
2025-05-23,116.0,117.12,114.31,114.31,138800.0,1619735729.0
2025-05-26,114.39,115.99,113.54,114.94,112030.0,1298445994.0
2025-05-27,114.34,114.78,111.76,111.81,114106.0,1298510725.0
2025-05-28,112.56,114.2,112.14,112.41,112959.0,1287595696.0
2025-05-29,112.68,113.35,111.43,112.66,115026.0,1308481622.0
2025-05-30,112.11,113.21,110.4,111.21,102838.0,1159624664.0
2025-06-03,110.02,114.05,109.92,111.79,117564.0,1331329201.0
2025-06-04,112.17,115.77,111.78,114.49,136630.0,1577982343.0
2025-06-05,114.9,117.39,113.69,116.81,146717.0,1714741225.0
2025-06-06,116.57,126.69,115.92,122.35,291918.0,3598624287.0
2025-06-09,121.91,122.81,120.28,121.54,161339.0,1976852391.0
2025-06-10,121.81,121.82,116.62,118.31,141368.0,1691228022.0
2025-06-11,118.47,120.71,117.91,118.06,103580.0,1243491407.0
2025-06-12,118.79,121.11,117.91,118.86,128927.0,1553021803.0
2025-06-13,117.81,118.88,116.69,117.81,112649.0,1337755681.0
2025-06-16,117.91,123.23,117.91,119.92,169117.0,2069980284.0
2025-06-17,121.52,123.91,119.09,121.23,144413.0,1768172711.0
2025-06-18,120.9,123.53,117.91,121.53,146720.0,1789217731.0
2025-06-19,121.29,125.4,121.11,122.12,182640.0,2267192170.0
2025-06-20,121.52,122.16,116.41,117.87,165939.0,1984959227.0
2025-06-23,116.62,120.6,116.3,119.12,112579.0,1353675321.0
2025-06-24,121.17,123.81,120.81,122.82,167500.0,2074784448.0
2025-06-25,123.89,124.7,121.51,124.41,174732.0,2170656894.0
2025-06-26,124.11,124.56,121.91,122.16,131305.0,1629284432.0
2025-06-27,123.21,126.41,121.21,125.25,209867.0,2643149187.0
2025-06-30,127.28,127.41,124.11,125.44,141434.0,1784229847.0
2025-07-01,124.91,125.46,122.42,122.93,142876.0,1781322637.0
2025-07-02,122.19,122.21,119.01,119.89,130681.0,1586895318.0
2025-07-03,119.83,120.8,118.25,118.97,128590.0,1541698795.0
2025-07-04,118.44,119.55,116.76,118.1,141827.0,1683622173.0
2025-07-07,118.23,120.06,117.11,120.06,114585.0,1370153527.0
2025-07-08,122.25,122.75,120.26,120.96,151878.0,1854823191.0
2025-07-09,120.16,120.24,118.54,118.72,126056.0,1512241902.0
2025-07-10,118.27,119.12,117.29,117.31,111583.0,1322615181.0
2025-07-11,117.15,118.35,116.62,117.61,129774.0,1537067954.0
2025-07-14,117.86,118.45,116.71,116.84,112792.0,1331566268.0
2025-07-15,116.35,116.81,113.25,114.25,236203.0,2718281579.0
2025-07-16,114.25,115.65,113.25,113.49,158743.0,1826208291.0
2025-07-17,113.3,117.44,113.07,117.24,241275.0,2805867152.0
2025-07-18,117.11,119.55,115.48,116.41,203233.0,2391314587.0
2025-07-21,116.07,116.78,114.65,116.36,115944.0,1350683002.0
2025-07-22,116.22,116.58,115.05,115.12,143927.0,1672922189.0
2025-07-23,115.02,117.61,114.75,116.24,149111.0,1741699657.0
2025-07-24,115.85,117.25,114.39,117.14,172254.0,2011696442.0
2025-07-25,117.15,121.25,117.15,121.19,356934.0,4286282667.0
2025-07-28,121.25,121.45,118.96,119.51,191012.0,2302878681.0
2025-07-29,119.25,120.75,118.65,119.53,169941.0,2042850877.0
2025-07-30,123.31,128.92,122.56,123.24,472987.0,5957278630.0
2025-07-31,120.25,126.05,119.53,120.38,308748.0,3788904668.0
2025-08-01,119.75,121.35,116.34,116.56,247813.0,2946052922.0
2025-08-04,115.55,119.45,115.55,118.09,160783.0,1902328181.0
2025-08-05,118.25,118.55,116.55,117.25,124851.0,1471568918.0
2025-08-06,117.25,117.9,116.26,117.53,114486.0,1349530061.0
2025-08-07,117.23,118.45,116.57,116.92,169941.0,2007916589.0
2025-08-08,116.93,116.93,115.65,115.65,121513.0,1418055203.0
2025-08-11,116.04,117.75,115.73,117.2,127982.0,1508912168.0
2025-08-12,117.56,120.75,116.85,119.72,252756.0,3025712891.0
2025-08-13,119.74,122.25,119.19,120.71,240987.0,2925464097.0
2025-08-14,120.95,124.74,119.8,120.26,314003.0,3865198490.0
2025-08-15,119.26,122.75,119.26,122.15,211500.0,2590294402.0
2025-08-18,122.58,127.23,120.76,124.95,328499.0,4106567032.0
2025-08-19,124.73,128.13,122.1,122.51,323175.0,4046363006.0
2025-08-20,122.25,126.5,121.26,126.26,359898.0,4494071401.0
2025-08-21,131.34,138.96,131.34,136.41,858971.0,11832481427.0
2025-08-22,134.37,150.13,134.33,150.13,780791.0,11210984976.0
2025-08-25,158.25,162.75,152.13,157.05,836198.0,13172131297.0
2025-08-26,157.05,157.05,151.87,153.65,382253.0,5917649650.0
2025-08-27,155.12,167.75,151.43,157.88,623811.0,10014123480.0
2025-08-28,160.25,165.05,158.26,163.7,494328.0,8027959133.0
2025-08-29,161.05,161.25,155.65,158.23,398006.0,6325048099.0
2025-09-01,163.36,174.13,156.25,174.13,612797.0,10223340506.0
2025-09-02,178.53,187.25,172.3,175.25,762852.0,13736024580.0
2025-09-03,175.51,176.98,167.8,170.34,441276.0,7587032736.0
2025-09-04,168.25,170.32,153.23,153.23,454981.0,7284233850.0
2025-09-05,149.25,163.24,145.05,158.81,699488.0,10700137153.0
2025-09-08,161.18,168.25,158.4,163.08,523715.0,8602671849.0
2025-09-09,160.25,162.05,153.87,156.4,327320.0,5191824525.0
2025-09-10,156.39,162.5,154.95,160.54,334657.0,5358368655.0
2025-09-11,160.51,176.67,159.25,176.67,554424.0,9422962073.0
2025-09-12,179.24,194.41,176.75,189.46,710357.0,13432520618.0
2025-09-15,192.76,193.75,185.87,190.19,495483.0,9469855424.0
2025-09-16,188.25,196.05,186.14,188.41,408562.0,7810240314.0
2025-09-17,188.24,191.83,182.22,185.85,339245.0,6358605811.0
2025-09-18,188.64,200.1,186.05,190.13,590411.0,11381851203.0
2025-09-19,193.56,195.13,184.16,184.45,371918.0,7051277593.0
2025-09-22,188.13,197.34,185.53,194.26,411978.0,8002507023.0
2025-09-23,195.25,200.84,187.94,193.32,399946.0,7780830608.0
2025-09-24,193.85,207.48,192.25,199.05,507021.0,10165505184.0
2025-09-25,198.25,203.75,192.35,196.66,404276.0,8001322068.0
2025-09-26,195.26,205.27,189.46,189.46,435201.0,8650850074.0
2025-09-29,195.75,202.88,194.35,196.38,434878.0,8628937828.0
2025-09-30,203.59,216.09,202.25,212.55,597865.0,12672064936.0
2025-10-09,221.25,233.88,217.85,224.74,585390.0,13293421697.0
2025-10-10,224.75,229.75,211.37,214.27,443031.0,9636636022.0
2025-10-13,200.75,214.15,200.75,207.1,424815.0,8843113207.0
2025-10-14,214.7,219.78,192.25,195.25,522018.0,10762183994.0
2025-10-15,194.8,201.65,185.66,201.26,390442.0,7587280731.0
2025-10-16,200.69,214.05,197.78,207.38,458666.0,9577597463.0
2025-10-17,207.37,210.75,200.25,200.46,329358.0,6777034048.0
2025-10-20,206.98,214.25,202.28,207.6,367244.0,7696246687.0
2025-10-21,210.25,221.25,208.91,218.26,405117.0,8794154720.0
2025-10-22,213.25,213.25,204.55,210.18,371830.0,7766034297.0
2025-10-23,205.23,207.35,199.64,206.21,274058.0,5585482986.0
2025-10-24,213.25,221.13,211.25,220.33,450618.0,9805113356.0
2025-10-27,229.25,242.44,222.08,242.44,520916.0,12070372380.0
2025-10-28,235.75,253.69,233.83,246.2,527296.0,12909959810.0
2025-10-29,246.21,251.88,235.25,240.4,503745.0,12221563111.0
2025-10-30,245.49,246.25,231.03,231.25,433654.0,10345840392.0
2025-10-31,230.25,233.93,215.25,219.25,492429.0,10882575346.0
2025-11-03,216.25,229.93,215.91,229.35,462613.0,10367480649.0
2025-11-04,230.25,230.47,221.75,224.24,293368.0,6624358513.0
2025-11-05,212.25,219.74,210.2,217.64,335131.0,7203205727.0
2025-11-06,223.75,227.25,221.5,226.45,343347.0,7753801390.0
2025-11-07,221.93,227.14,218.8,220.2,278989.0,6232949914.0
2025-11-10,227.74,230.7,211.75,218.21,385832.0,8553969468.0
2025-11-11,222.85,226.26,215.96,216.24,341925.0,7601312659.0
2025-11-12,212.25,217.83,206.26,208.75,349523.0,7391713965.0
2025-11-13,211.25,229.7,211.13,226.75,626639.0,14161665405.0
2025-11-14,215.25,215.74,205.03,205.03,548633.0,11531317142.0
2025-11-17,207.06,213.99,205.61,206.75,335061.0,7029315417.0
2025-11-18,204.53,206.83,200.82,201.75,274378.0,5596610403.0
2025-11-19,199.5,204.75,198.28,201.77,238819.0,4835263416.0
2025-11-20,206.75,207.25,197.91,198.35,217605.0,4376548543.0
2025-11-21,188.25,189.82,181.76,181.76,404416.0,7512795790.0
2025-11-24,183.0,184.0,175.25,178.43,340499.0,6102558863.0
2025-11-25,184.25,190.85,183.44,189.87,364021.0,6845489696.0
2025-11-26,186.26,198.13,186.05,195.75,297685.0,5796501768.0
2025-11-27,198.13,207.25,198.13,200.11,319732.0,6535638163.0
2025-11-28,198.25,203.6,195.91,202.25,215652.0,4334514870.0
2025-12-01,203.29,214.7,200.45,212.07,382670.0,8001361362.0
2025-12-02,211.03,216.04,207.35,209.75,249244.0,5283394789.0
2025-12-03,209.67,210.24,205.44,206.85,170708.0,3550298440.0
2025-12-04,205.25,212.23,201.24,209.66,247007.0,5130378877.0
2025-12-05,210.17,210.25,204.75,206.06,169817.0,3517459255.0
2025-12-08,207.87,216.22,206.78,213.14,311307.0,6624931659.0
2025-12-09,211.25,214.55,208.55,210.2,210586.0,4464451196.0
2025-12-10,208.34,209.45,202.75,208.09,191810.0,3972447948.0
2025-12-11,211.13,212.25,206.75,207.06,188246.0,3953045790.0
2025-12-12,205.25,213.69,203.26,209.14,215034.0,4488267448.0
2025-12-15,204.27,207.93,202.75,203.41,175069.0,3589589515.0
2025-12-16,202.25,204.71,195.38,197.11,204825.0,4078991501.0
2025-12-17,196.26,202.12,195.2,201.43,190502.0,3802859059.0
2025-12-18,202.75,218.13,202.75,213.7,418525.0,8887246199.0
2025-12-19,219.25,220.25,207.45,209.46,332395.0,7034876943.0
2025-12-22,212.76,218.75,212.76,215.71,253701.0,5485534765.0
2025-12-23,216.24,220.58,214.25,216.63,254298.0,5543292842.0
2025-12-24,219.25,224.25,215.45,223.35,298410.0,6590470884.0
2025-12-25,222.25,228.08,216.58,221.25,259400.0,5752598105.0
2025-12-26,220.25,229.25,219.25,226.22,296631.0,6722806560.0
2025-12-29,224.96,233.69,224.25,227.18,296019.0,6772169788.0
2025-12-30,225.25,228.79,218.35,219.47,271610.0,6063612930.0
2025-12-31,227.26,228.13,211.83,213.5,354571.0,7741087427.0
2026-01-05,220.57,234.93,220.25,234.93,499284.0,11560778680.0
2026-01-06,237.25,252.58,233.25,250.03,507536.0,12310629498.0
2026-01-07,269.25,273.02,256.03,261.75,545162.0,14443385679.0
2026-01-08,258.25,266.25,256.16,258.0,314109.0,8210508185.0
2026-01-09,253.8,253.8,243.57,249.3,395238.0,9873211263.0
2026-01-12,254.47,263.29,253.25,261.08,403813.0,10435793484.0
2026-01-13,265.25,274.25,256.74,262.75,461518.0,12238674369.0
2026-01-14,269.25,270.25,248.3,252.25,447321.0,11546200174.0
2026-01-15,248.86,256.8,247.45,254.21,283898.0,7180430118.0
2026-01-16,259.28,279.71,256.75,279.71,553362.0,15020119557.0
2026-01-19,279.85,291.25,278.13,287.7,463230.0,13241198626.0
2026-01-20,282.15,296.35,282.13,291.25,389782.0,11377429957.0
2026-01-21,294.25,314.05,292.26,306.9,404654.0,12395709223.0
2026-01-22,319.25,319.27,295.95,300.72,450617.0,13710967282.0
2026-01-23,295.25,309.93,294.25,296.5,349380.0,10491781699.0
2026-01-26,299.25,307.25,289.75,291.85,272675.0,8059039738.0
2026-01-27,289.25,311.67,285.92,306.51,380044.0,11465752144.0
2026-01-28,313.13,327.83,313.13,322.93,377180.0,12160363682.0
2026-01-29,329.13,330.32,306.24,306.75,334246.0,10593801175.0
2026-01-30,314.25,320.13,307.26,314.13,376199.0,11864831688.0
2026-02-02,300.05,305.34,282.64,282.64,416288.0,12094639949.0
2026-02-03,293.26,295.85,284.45,291.82,302214.0,8812712425.0
2026-02-04,285.24,288.75,278.25,281.58,270958.0,7646576014.0
2026-02-05,269.19,278.77,267.46,276.99,229054.0,6300761896.0
2026-02-06,270.25,279.76,267.45,275.42,186267.0,5136089771.0
2026-02-09,283.22,293.69,279.45,292.23,283055.0,8148122681.0
2026-02-10,286.38,290.75,283.42,289.15,215966.0,6225459477.0
2026-02-11,284.25,285.75,279.75,283.84,173416.0,4922177744.0
2026-02-12,289.75,304.25,284.25,302.49,300674.0,8842653413.0
2026-02-13,302.49,316.85,300.25,307.95,299254.0,9335277999.0
2026-02-24,316.75,330.41,310.25,322.3,302545.0,9709224737.0
2026-02-25,315.25,316.26,301.21,310.57,285728.0,8846026250.0
2026-02-26,315.25,315.25,305.3,308.65,231053.0,7169784208.0
2026-02-27,302.75,305.25,295.94,299.25,220969.0,6629753921.0
2026-03-02,290.12,299.23,289.8,292.4,185132.0,5453801345.0
2026-03-03,294.25,295.35,271.84,272.14,333294.0,9356849949.0
2026-03-04,272.14,289.25,272.14,278.32,326916.0,9250036179.0
2026-03-05,287.41,289.13,279.48,282.05,255300.0,7288806325.0
2026-03-06,277.15,288.13,276.81,284.24,208576.0,5931718814.0
2026-03-09,272.25,276.95,263.25,275.34,283546.0,7649552153.0
2026-03-10,283.35,285.75,280.43,284.69,233537.0,6640032786.0
2026-03-11,287.29,290.08,280.57,280.78,216499.0,6176121565.0
2026-03-12,279.08,283.08,271.68,274.03,172327.0,4768478191.0
2026-03-13,270.03,284.92,270.03,277.58,226137.0,6301123525.0
2026-03-16,279.25,305.41,276.25,305.41,462736.0,13600507644.0
2026-03-17,305.75,312.25,295.13,295.25,390001.0,11825489341.0
2026-03-18,304.35,312.93,301.25,310.5,420514.0,12995566647.0
2026-03-19,299.25,308.96,296.25,302.93,312146.0,9443689781.0
2026-03-20,304.8,305.95,289.25,289.45,312536.0,9259119964.0
2026-03-23,276.25,282.13,270.25,272.6,282142.0,7806213396.0
2026-03-24,277.24,277.25,256.13,272.96,336915.0,8936300507.0
2026-03-25,274.4,285.05,274.39,277.65,283763.0,7947975811.0
2026-03-26,267.25,267.95,259.25,261.25,350773.0,9217935594.0
2026-03-27,248.23,259.43,239.5,257.91,289773.0,7291597265.0
2026-03-30,251.25,258.79,249.28,255.1,214696.0,5470168275.0
2026-03-31,249.15,251.25,236.11,237.35,427623.0,10377669656.0
2026-04-01,249.25,255.35,242.95,254.25,387958.0,9693139251.0
2026-04-02,257.11,259.05,244.85,246.24,252974.0,6367107416.0
2026-04-03,250.24,253.85,246.75,248.35,197472.0,4948392995.0
2026-04-07,252.35,255.21,248.06,248.91,198472.0,5011332740.0
2026-04-08,249.36,256.21,242.33,255.21,753325.0,18866761510.0
2026-04-09,249.25,252.74,243.15,249.74,444683.0,11053684068.0
2026-04-10,254.74,267.57,254.49,264.34,534767.0,14080294764.0
2026-04-13,260.25,269.09,260.15,261.39,412421.0,10896229970.0
2026-04-14,268.75,280.48,265.64,279.26,466205.0,12861207284.0
2026-04-15,284.25,286.9,271.23,273.25,396973.0,11071707520.0
2026-04-16,269.35,286.25,267.84,285.98,409337.0,11431621262.0
2026-04-17,283.25,294.91,282.15,288.21,406321.0,11768331454.0
2026-04-20,292.25,295.21,286.37,289.79,325643.0,9489709816.0
2026-04-21,290.05,308.25,287.5,305.52,425834.0,12827436178.0
2026-04-22,302.75,313.83,301.76,313.23,341662.0,10559646646.0
2026-04-23,325.26,325.27,301.15,304.05,441997.0,13709630158.0
2026-04-24,304.25,309.25,292.06,296.95,349105.0,10436275525.0
2026-04-27,300.84,308.83,297.0,302.67,316355.0,9594446068.0
2026-04-28,304.25,318.58,301.27,306.75,367943.0,11421765607.0
2026-04-29,302.26,310.91,296.25,308.14,419200.0,12787874125.0
2026-04-30,319.25,320.25,305.73,312.24,587965.0,18516847870.0
2026-05-06,329.25,343.54,329.25,343.54,423426.0,14465204492.0
2026-05-07,346.25,356.61,338.25,349.41,523879.0,18174549786.0
2026-05-08,340.25,342.55,331.05,333.35,440833.0,14821436654.0
2026-05-11,349.35,366.76,346.26,361.38,575079.0,20673848905.0
2026-05-12,361.39,361.45,348.45,352.8,405596.0,14360590982.0
2026-05-13,343.25,365.96,338.58,364.25,484983.0,17127399574.0
2026-05-14,364.3,372.75,354.24,355.44,408365.0,14829461848.0
2026-05-15,352.25,383.25,344.73,374.59,624368.0,22792196753.0
2026-05-18,407.83,412.12,395.59,399.25,687984.0,27876373984.0
2026-05-19,389.25,409.25,379.27,403.81,553101.0,21805396340.0
2026-05-20,407.25,444.27,407.05,444.27,610126.0,26523529101.0
2026-05-21,444.27,464.08,426.58,431.15,632398.0,28199401936.0
2026-05-22,447.25,472.24,438.25,467.99,637969.0,28932072443.0
2026-05-25,477.36,514.86,460.25,514.85,593614.0,29387713836.0
2026-05-26,510.0,538.02,491.2,526.22,643384.0,33017657438.0
2026-05-27,541.0,552.82,500.0,514.18,667260.0,35341222581.0
2026-05-28,495.0,499.5,470.0,483.0,623792.0,30240489779.0
2026-05-29,492.66,496.0,464.91,467.01,558125.0,26715074211.0
2026-06-01,476.0,489.96,455.0,468.0,521586.0,24676174086.0
2026-06-02,471.0,480.66,448.11,474.69,490193.0,23013728744.0
2026-06-03,478.89,510.0,477.0,492.23,581930.0,28838934890.0
2026-06-04,487.05,538.0,485.01,529.31,563351.0,29302244793.0
2026-06-05,507.0,519.8,484.9,488.0,547135.0,27565110091.0
2026-06-08,461.11,490.7,451.0,474.01,434475.0,20573934017.0
2026-06-09,493.0,502.88,477.03,500.5,419683.0,20592669384.0
2026-06-10,489.11,497.26,475.65,480.84,329972.0,15988381630.0
2026-06-11,480.52,486.0,471.0,483.5,296991.0,14211235696.0
2026-06-12,508.0,510.0,481.0,481.47,407085.0,20201561530.0
2026-06-15,494.97,519.0,476.66,518.0,475784.0,23934989159.0
2026-06-16,526.0,542.84,517.71,532.76,427785.0,22673887613.0
2026-06-17,521.0,586.04,521.0,586.04,568000.0,31598894526.0
2026-06-18,594.0,644.64,586.6,629.0,591573.0,37016387910.0
2026-06-22,643.0,689.7,635.0,689.7,525831.0,34699907688.0
2026-06-23,680.0,688.8,636.0,640.99,592914.0,39089605510.0
2026-06-24,641.0,705.09,630.93,705.09,598219.0,39944848281.0
2026-06-25,740.0,775.39,735.0,775.21,508678.0,38432771374.0
2026-06-26,753.0,779.0,732.52,770.0,493926.0,37418302893.0
2026-06-29,779.0,846.66,750.0,840.0,541209.0,43149934642.0
2026-06-30,810.0,833.0,781.11,815.0,449647.0,36399346133.0
2026-07-01,803.0,843.38,753.0,772.01,539702.0,43202850798.0
2026-07-02,721.0,731.99,694.81,694.81,452436.0,32120680671.0
2026-07-03,672.54,717.66,642.35,677.77,623522.0,42673730269.0
2026-07-06,690.0,694.99,630.0,654.29,601502.0,39768631633.0
2026-07-07,625.0,646.2,607.0,620.0,515651.0,32272585837.0
2026-07-08,630.0,641.0,589.0,603.17,575108.0,35494320004.0
2026-07-09,633.0,663.49,630.0,663.49,590920.0,38185017353.0
2026-07-10,688.0,707.97,607.18,612.0,887457.0,59381239201.0
2026-07-13,580.0,600.0,550.8,550.8,663107.0,37737379039.0
2026-07-14,551.0,587.2,534.58,583.99,679490.0,38337659763.0
2026-07-15,600.0,608.07,565.29,571.79,553704.0,32494750794.0
2026-07-16,543.26,548.0,514.61,514.61,545542.0,28806874371.0
2026-07-17,500.0,509.88,463.15,463.15,672083.0,32122306066.0
2026-07-20,479.0,485.87,416.88,432.3,712622.0,32260372799.0
2026-07-21,446.0,475.53,401.0,475.53,743902.0,33087873791.0
2026-07-22,479.94,501.26,460.0,470.0,759061.0,36826043198.0
2026-07-23,480.0,483.16,444.22,451.96,471340.0,21669875950.0
2026-07-24,444.0,462.5,438.5,457.0,505543.0,22860531230.0
2026-07-27,446.0,446.1,411.3,434.03,628783.0,26910174775.0
2026-07-28,400.22,408.25,390.63,390.63,443896.0,17604154679.0
2026-07-29,373.15,378.0,351.57,364.03,903890.0,
2026-07-30,356.75,392.07,342.0,371.1,971239.0,
2026-07-31,408.21,408.21,378.0,378.6,856922.0,
2026-08-03,365.55,370.0,340.74,340.74,657009.0,
2026-08-04,341.99,360.76,337.1,356.02,632232.0,
2026-08-05,358.0,390.12,358.0,385.44,694690.0,
