date,open,high,low,close,volume,amount
2014-01-02,13.080,13.383,12.954,13.317,1705100.0,
2014-01-03,13.309,13.450,12.917,13.020,1454100.0,
2014-01-06,13.020,13.302,12.391,12.576,1591800.0,
2014-01-07,12.428,12.872,12.294,12.502,1286900.0,
2014-01-08,12.539,12.791,12.502,12.650,1896200.0,
2014-01-09,12.650,12.717,12.354,12.368,1283900.0,
2014-01-10,12.242,12.428,11.909,12.065,1823800.0,
2014-01-13,12.057,12.272,11.539,12.205,2266400.0,
2014-01-14,12.131,12.502,11.768,12.502,1948600.0,
2014-01-15,12.368,12.768,12.361,12.724,1718500.0,
2014-01-16,12.724,13.057,12.576,12.583,1494500.0,
2014-01-17,12.517,12.798,12.139,12.502,1002200.0,
2014-01-20,12.487,12.487,11.976,12.057,1356700.0,
2014-01-21,12.339,12.465,12.072,12.465,1824400.0,
2014-01-22,12.250,12.976,12.250,12.931,1479900.0,
2014-01-23,12.902,13.650,12.724,13.391,2447500.0,
2014-01-24,13.383,13.909,13.309,13.702,4204600.0,
2014-01-27,13.620,14.131,13.235,13.546,2372400.0,
2014-01-28,13.554,14.835,13.465,14.272,4855200.0,
2014-01-29,14.272,14.354,13.894,13.998,1739400.0,
2014-01-30,13.917,14.265,13.880,14.057,1322900.0,
2014-02-07,13.776,14.168,13.554,13.909,2520700.0,
2014-02-10,13.931,15.517,13.931,15.465,7896500.0,
2014-02-11,15.413,16.146,15.250,15.687,5572000.0,
2014-02-12,16.057,16.205,15.635,15.724,3731100.0,
2014-02-13,15.717,15.835,15.139,15.139,2576000.0,
2014-02-14,15.265,15.798,14.946,15.680,3245300.0,
2014-02-17,15.665,16.131,15.383,15.983,3495700.0,
2014-02-18,16.005,16.524,15.761,16.043,5290700.0,
2014-02-19,15.909,16.250,15.850,16.035,1897200.0,
2014-02-20,16.272,16.317,15.731,16.146,3011100.0,
2014-02-21,16.272,16.887,15.991,16.057,3416100.0,
2014-02-24,15.761,15.761,14.872,15.576,4129300.0,
2014-02-25,15.472,15.605,13.813,14.057,3666700.0,
2014-02-26,13.820,14.057,13.220,13.791,4003600.0,
2014-02-27,13.798,13.968,13.094,13.265,3641100.0,
2014-02-28,13.250,13.494,12.880,13.487,1999300.0,
2014-03-03,13.605,14.546,13.450,14.035,3171300.0,
2014-03-04,14.028,14.094,13.539,13.605,1746500.0,
2014-03-05,13.768,14.154,13.761,13.798,1270800.0,
2014-03-06,13.761,14.028,13.435,13.561,1695100.0,
2014-03-07,13.568,13.909,13.472,13.546,1222400.0,
2014-03-10,13.391,13.391,11.968,13.242,2246000.0,
2014-03-11,12.991,12.991,12.524,12.605,1504300.0,
2014-03-12,12.576,12.576,12.035,12.405,1986200.0,
2014-03-13,12.405,12.635,12.257,12.613,1174300.0,
2014-03-14,12.605,12.605,11.872,12.168,2031200.0,
2014-03-17,12.161,12.502,11.872,12.146,3260500.0,
2014-03-18,12.154,12.213,11.842,12.154,4707800.0,
2014-03-19,12.139,12.139,11.391,11.783,4076700.0,
2014-03-20,11.680,11.909,11.020,11.020,4236000.0,
2014-03-21,11.094,11.302,10.524,11.168,4770400.0,
2014-03-24,11.205,11.450,11.087,11.361,2223700.0,
2014-03-25,11.376,11.383,10.746,10.983,2878200.0,
2014-03-26,10.983,11.094,10.776,10.798,2751200.0,
2014-03-27,10.835,11.057,10.776,10.842,2259100.0,
2014-03-28,10.857,11.168,9.768,10.428,6856300.0,
2014-03-31,10.331,11.042,10.168,10.450,5536400.0,
2014-04-01,10.798,11.783,10.761,11.746,7815400.0,
2014-04-02,11.709,11.894,11.346,11.746,4787800.0,
2014-04-03,11.650,11.835,11.546,11.687,2191900.0,
2014-04-04,11.805,11.835,11.620,11.768,1585700.0,
2014-04-08,11.761,12.028,11.628,11.998,2379800.0,
2014-04-09,12.080,12.080,11.687,11.828,2155900.0,
2014-04-10,11.746,11.954,11.739,11.783,1614900.0,
2014-04-11,11.820,11.820,11.546,11.687,1244900.0,
2014-04-14,11.702,11.872,11.650,11.724,1835000.0,
2014-04-15,11.746,12.465,11.576,12.168,5048400.0,
2014-04-16,12.161,12.872,12.028,12.561,4116100.0,
2014-04-17,12.561,12.835,12.420,12.568,2119100.0,
2014-04-18,12.546,12.628,12.391,12.487,1281800.0,
2014-04-21,12.428,12.798,12.354,12.465,1446300.0,
2014-04-22,12.465,12.524,11.576,11.761,3611400.0,
2014-04-23,11.746,12.057,11.687,11.924,1579455.0,
2014-04-24,11.924,12.109,11.702,11.924,1308400.0,
2014-04-25,11.924,12.228,11.672,11.939,2413700.0,
2014-04-28,11.768,11.939,11.168,11.709,1402800.0,
2014-04-29,11.539,11.835,11.472,11.813,877500.0,
2014-04-30,11.850,11.887,11.605,11.739,871400.0,
2014-05-05,11.650,11.813,11.183,11.539,1663000.0,
2014-05-06,11.465,11.583,11.309,11.539,1576400.0,
2014-05-07,11.554,11.576,10.946,10.961,1726000.0,
2014-05-08,10.880,11.139,10.709,11.117,1303400.0,
2014-05-09,10.968,11.057,10.546,10.909,1795300.0,
2014-05-12,10.894,11.168,10.657,11.168,1966500.0,
2014-05-13,11.146,11.146,10.605,10.761,2678700.0,
2014-05-14,10.694,10.998,10.650,10.798,980400.0,
2014-05-15,10.672,10.872,10.250,10.709,1899200.0,
2014-05-16,10.583,10.665,10.117,10.487,1233900.0,
2014-05-19,10.502,10.635,10.368,10.605,743100.0,
2014-05-20,10.620,10.717,9.946,10.235,1997000.0,
2014-05-21,10.161,10.687,10.057,10.583,2526800.0,
2014-05-22,10.539,10.739,10.428,10.442,1048100.0,
2014-05-23,10.450,10.672,10.413,10.665,1145200.0,
2014-05-26,10.650,11.094,10.539,10.709,2201100.0,
2014-05-27,10.709,10.746,10.450,10.583,1622300.0,
2014-05-28,10.450,11.428,10.450,11.265,3557400.0,
2014-05-29,11.235,11.754,11.168,11.391,3124500.0,
2014-05-30,11.502,11.687,11.220,11.546,2515400.0,
2014-06-03,11.531,11.650,11.168,11.168,2482700.0,
2014-06-04,11.242,11.250,10.287,10.650,4438600.0,
2014-06-05,10.554,10.754,10.442,10.672,1645400.0,
2014-06-06,10.620,10.835,10.346,10.591,1499400.0,
2014-06-09,10.509,10.598,10.391,10.546,873700.0,
2014-06-10,10.531,10.724,10.487,10.657,1360500.0,
2014-06-11,10.680,10.687,10.509,10.605,1110300.0,
2014-06-12,10.613,10.613,10.435,10.524,942700.0,
2014-06-13,10.605,10.768,10.554,10.731,2003900.0,
2014-06-16,10.798,11.317,10.746,11.154,2500300.0,
2014-06-17,11.154,11.242,10.872,10.872,1427700.0,
2014-06-18,10.865,10.917,10.620,10.776,962000.0,
2014-06-19,10.783,10.991,10.376,10.576,1337000.0,
2014-06-20,10.480,10.680,10.457,10.613,780400.0,
2014-06-23,10.613,10.761,10.450,10.576,1220800.0,
2014-06-24,10.724,11.213,10.657,11.005,3058600.0,
2014-06-25,11.576,11.687,11.020,11.020,5294500.0,
2014-06-26,10.946,11.280,10.783,11.176,2593500.0,
2014-06-27,11.198,11.531,11.198,11.465,2375500.0,
2014-06-30,11.502,12.057,11.435,11.954,4179500.0,
2014-07-01,11.961,12.057,11.761,11.872,3140700.0,
2014-07-02,11.894,12.005,11.791,11.902,2746400.0,
2014-07-03,11.865,11.872,11.687,11.798,1876100.0,
2014-07-04,11.902,12.242,11.731,12.005,2643800.0,
2014-07-07,12.050,12.050,11.820,11.880,1521900.0,
2014-07-08,11.894,11.909,11.724,11.909,1420400.0,
2014-07-09,11.850,12.524,11.835,12.087,4810500.0,
2014-07-10,12.080,12.324,11.694,11.939,3320100.0,
2014-07-11,11.946,11.946,11.709,11.917,2138800.0,
2014-07-14,11.835,12.094,11.835,12.042,1645200.0,
2014-07-15,11.998,12.709,11.917,12.331,2359000.0,
2014-07-16,12.131,13.465,12.028,13.413,4328500.0,
2014-07-17,13.094,13.317,12.894,13.198,3442700.0,
2014-07-18,13.205,13.205,12.872,12.983,2762400.0,
2014-07-21,13.005,13.383,12.598,12.791,3877600.0,
2014-07-22,12.805,13.057,12.428,12.798,2153600.0,
2014-07-23,12.724,12.820,12.302,12.494,2998600.0,
2014-07-24,12.613,12.613,11.746,11.887,3060900.0,
2014-07-25,11.880,12.176,11.880,12.057,1532000.0,
2014-07-28,12.183,12.191,11.613,12.057,3007000.0,
2014-07-29,12.050,12.198,11.931,12.087,2882000.0,
2014-07-30,12.102,12.457,11.983,12.420,2647200.0,
2014-07-31,12.502,12.835,12.287,12.591,2550500.0,
2014-08-01,12.591,12.946,12.442,12.724,3873100.0,
2014-08-04,12.724,13.042,12.613,12.887,2158600.0,
2014-08-05,12.909,13.154,12.791,13.124,2314600.0,
2014-08-06,13.131,13.457,13.020,13.302,2300200.0,
2014-08-07,13.294,13.428,12.954,12.954,2717800.0,
2014-08-08,12.931,13.035,12.761,12.968,1704500.0,
2014-08-11,12.968,13.376,12.880,13.354,2168600.0,
2014-08-12,13.317,13.835,13.191,13.724,3007100.0,
2014-08-13,13.872,13.946,13.405,13.635,2344400.0,
2014-08-14,13.576,13.687,13.465,13.554,1643000.0,
2014-08-15,13.613,13.687,13.391,13.561,1956100.0,
2014-08-18,13.561,13.946,13.317,13.924,2973000.0,
2014-08-19,13.924,14.346,13.842,14.265,2662800.0,
2014-08-20,14.257,14.280,14.050,14.072,3861800.0,
2014-08-21,14.094,14.272,13.724,13.917,2509000.0,
2014-08-22,14.013,14.531,13.835,14.443,3182200.0,
2014-08-25,14.398,14.554,14.065,14.080,1636900.0,
2014-08-26,14.057,14.154,13.539,13.791,3281400.0,
2014-08-27,13.768,13.902,13.724,13.798,1781100.0,
2014-08-28,13.768,14.028,13.731,13.887,1330000.0,
2014-08-29,13.894,14.028,13.835,13.909,1055300.0,
2014-09-01,13.909,14.272,13.909,14.205,1782700.0,
2014-09-02,14.213,14.539,13.968,14.420,1898900.0,
2014-09-03,14.465,14.568,14.117,14.317,3640100.0,
2014-09-04,14.287,14.317,14.117,14.287,1339500.0,
2014-09-05,14.265,14.946,13.998,14.865,3693500.0,
2014-09-09,14.813,14.813,14.450,14.665,1762800.0,
2014-09-10,14.724,14.724,14.465,14.598,1566200.0,
2014-09-11,14.598,14.791,14.243,14.339,2203700.0,
2014-09-12,14.294,14.776,14.294,14.761,2071400.0,
2014-09-15,14.731,14.835,14.494,14.739,2704900.0,
2014-09-16,14.650,14.694,13.628,13.835,4351100.0,
2014-09-17,13.791,13.894,13.168,13.628,3626800.0,
2014-09-18,13.568,14.420,13.413,13.680,2824100.0,
2014-09-19,13.680,13.983,13.672,13.931,1146500.0,
2014-09-22,14.020,14.176,13.628,14.131,2717300.0,
2014-09-23,14.057,15.272,13.991,15.005,7029200.0,
2014-09-24,14.931,15.361,14.776,15.235,3651400.0,
2014-09-25,15.176,15.650,14.909,14.946,3053200.0,
2014-09-26,15.020,15.280,14.880,15.146,1980900.0,
2014-09-29,15.176,15.746,15.168,15.539,2329900.0,
2014-09-30,15.502,15.902,15.443,15.717,2109700.0,
2014-10-08,15.687,16.280,15.435,15.946,4435600.0,
2014-10-09,15.820,15.954,15.324,15.583,3658300.0,
2014-10-10,15.539,15.635,15.398,15.539,1511500.0,
2014-10-13,15.554,15.554,14.946,15.124,2691100.0,
2014-10-14,15.235,15.405,14.872,14.946,2920100.0,
2014-10-15,15.094,15.909,15.094,15.791,5509200.0,
2014-10-16,15.746,16.043,15.613,15.702,3259800.0,
2014-10-17,15.709,15.939,15.243,15.820,3224100.0,
2014-10-20,15.820,16.050,15.635,15.880,2338400.0,
2014-10-21,15.805,16.272,15.709,15.820,2033300.0,
2014-10-22,15.865,15.902,15.243,15.450,2340700.0,
2014-10-23,15.354,15.457,14.961,15.198,1721400.0,
2014-10-24,15.198,15.820,15.131,15.665,2367600.0,
2014-10-27,15.665,15.709,15.294,15.672,1565700.0,
2014-10-28,15.694,16.005,15.694,15.946,2206800.0,
2014-10-29,15.968,16.783,15.887,16.754,4303600.0,
2014-10-30,16.724,16.946,16.502,16.739,2270400.0,
2014-10-31,16.739,16.776,16.020,16.102,2423600.0,
2014-11-03,16.117,16.391,15.931,16.391,1922500.0,
2014-11-04,16.361,16.591,16.139,16.324,2068000.0,
2014-11-05,16.317,16.354,15.983,16.339,857000.0,
2014-11-06,16.317,16.480,16.183,16.428,853100.0,
2014-11-07,16.443,16.968,16.250,16.257,3601500.0,
2014-11-10,16.287,16.472,15.835,16.280,2575600.0,
2014-11-11,16.250,16.250,15.257,15.435,2254900.0,
2014-11-12,15.443,15.687,15.354,15.583,1065500.0,
2014-11-13,15.539,15.680,15.213,15.546,1371200.0,
2014-11-14,15.628,15.628,15.109,15.309,1545800.0,
2014-11-17,15.317,15.983,15.235,15.665,2032600.0,
2014-11-18,15.665,15.761,15.317,15.613,644900.0,
2014-11-19,15.680,16.094,15.591,15.902,2695000.0,
2014-11-20,15.902,15.909,15.665,15.909,1399700.0,
2014-11-21,15.939,16.117,15.776,15.917,1365300.0,
2014-11-24,15.917,16.413,15.687,16.339,3760200.0,
2014-11-25,16.413,16.568,16.280,16.413,1391600.0,
2014-11-26,16.420,16.428,16.035,16.280,1764100.0,
2014-11-27,16.228,16.420,16.072,16.168,1305000.0,
2014-11-28,16.191,16.768,15.761,16.613,3059500.0,
2014-12-01,16.591,16.968,15.931,16.405,2643700.0,
2014-12-02,16.302,16.480,16.057,16.280,1590700.0,
2014-12-03,16.294,16.294,15.909,16.117,2338100.0,
2014-12-04,16.176,16.502,16.065,16.272,2475700.0,
2014-12-05,16.317,16.339,15.598,16.317,4463200.0,
2014-12-08,16.339,16.339,16.013,16.243,3267500.0,
2014-12-09,16.235,16.243,15.672,15.672,2555400.0,
2014-12-10,15.672,15.909,14.991,15.694,1966900.0,
2014-12-11,15.694,15.931,15.368,15.746,1774700.0,
2014-12-12,15.820,17.605,15.635,17.605,4934600.0,
2014-12-15,17.902,18.717,17.539,18.354,5459400.0,
2014-12-16,18.205,19.650,18.057,18.872,3496800.0,
2014-12-17,18.931,18.931,18.354,18.398,2260400.0,
2014-12-18,18.391,19.243,18.131,18.472,2846100.0,
2014-12-19,18.472,18.650,17.798,17.961,2057600.0,
2014-12-22,17.917,17.917,16.687,17.257,2222600.0,
2014-12-23,17.205,17.443,16.783,16.783,1550800.0,
2014-12-24,16.805,17.502,16.724,16.813,2790500.0,
2014-12-25,16.880,17.354,16.880,17.124,1243000.0,
2014-12-26,17.020,17.835,16.880,17.805,5844700.0,
2014-12-29,17.917,18.035,17.020,17.228,3126300.0,
2014-12-30,17.168,17.309,16.317,16.457,2656500.0,
2014-12-31,16.502,16.687,15.324,16.502,6591200.0,
2015-01-05,16.413,16.413,15.472,15.731,2550600.0,
2015-01-06,15.731,16.043,15.213,15.991,4512800.0,
2015-01-07,15.976,16.057,15.613,15.709,1879000.0,
2015-01-08,15.709,16.057,15.561,15.724,2427100.0,
2015-01-09,15.724,15.998,15.524,15.554,2281300.0,
2015-01-12,15.561,15.598,14.198,14.635,3541400.0,
2015-01-13,14.680,14.754,14.176,14.443,2624000.0,
2015-01-14,14.576,15.057,14.354,15.020,2384700.0,
2015-01-15,15.080,15.235,14.739,14.798,1326800.0,
2015-01-16,14.798,14.924,14.391,14.761,1717900.0,
2015-01-19,14.294,14.939,14.287,14.872,2075600.0,
2015-01-20,14.791,15.494,14.665,15.154,3019100.0,
2015-01-21,15.205,15.613,15.094,15.531,2044000.0,
2015-01-22,15.539,16.043,15.472,15.983,2510300.0,
2015-01-23,16.013,16.020,15.539,15.561,1411200.0,
2015-01-26,15.561,15.731,15.317,15.613,1770700.0,
2015-01-27,15.643,15.702,15.331,15.539,1681200.0,
2015-01-28,15.539,16.087,15.280,16.020,2703900.0,
2015-01-29,15.872,16.805,15.768,16.739,6892500.0,
2015-01-30,16.724,16.724,15.954,16.191,2989700.0,
2015-02-02,15.983,16.131,15.102,15.331,1592500.0,
2015-02-03,15.339,15.613,15.176,15.398,1620200.0,
2015-02-04,15.524,15.524,15.176,15.443,1804900.0,
2015-02-05,15.480,15.561,15.198,15.243,1612400.0,
2015-02-06,15.243,15.502,15.117,15.383,1853900.0,
2015-02-09,15.383,15.791,15.317,15.465,1231500.0,
2015-02-10,15.465,15.531,15.131,15.383,821600.0,
2015-02-11,15.531,15.909,15.428,15.805,1695000.0,
2015-02-12,15.828,15.968,15.761,15.776,1194300.0,
2015-02-13,15.835,17.020,15.791,16.961,7179100.0,
2015-02-16,16.961,18.939,16.946,18.620,13908300.0,
2015-02-17,18.317,18.894,17.687,18.228,6391400.0,
2015-02-25,18.235,18.502,17.843,18.354,2447800.0,
2015-02-26,18.391,18.724,18.005,18.087,3074000.0,
2015-02-27,18.131,18.502,17.531,17.539,3434600.0,
2015-03-02,17.983,18.880,17.687,18.568,5363700.0,
2015-03-03,18.568,18.946,18.368,18.620,4618700.0,
2015-03-04,18.583,19.776,18.583,19.013,7557400.0,
2015-03-05,19.013,19.302,18.443,18.613,2757700.0,
2015-03-06,18.650,18.709,17.902,18.013,2871800.0,
2015-03-09,18.020,18.146,17.924,18.072,1756100.0,
2015-03-10,18.102,18.331,17.954,18.205,1628000.0,
2015-03-11,18.257,18.257,17.472,17.754,3451000.0,
2015-03-12,17.739,19.368,17.354,18.650,5426100.0,
2015-03-13,18.672,18.672,18.124,18.243,2784200.0,
2015-03-16,18.243,18.761,18.057,18.509,4442800.0,
2015-03-17,18.546,19.413,18.509,18.917,6480100.0,
2015-03-18,18.909,19.613,18.872,19.339,5116000.0,
2015-03-19,19.331,19.331,18.798,18.894,3658100.0,
2015-03-20,18.872,18.983,17.909,18.968,5819700.0,
2015-03-23,18.946,18.946,18.546,18.731,8343900.0,
2015-03-24,18.724,20.191,18.724,20.139,13444800.0,
2015-03-25,20.213,20.243,19.391,19.754,6634800.0,
2015-03-26,19.613,19.613,18.702,19.331,6460400.0,
2015-03-27,19.257,20.094,19.043,20.057,5946117.0,
2015-03-30,20.094,20.376,19.317,19.924,7015600.0,
2015-03-31,19.968,20.272,19.598,19.843,9127200.0,
2015-04-01,19.754,20.020,19.450,19.909,5622900.0,
2015-04-02,19.931,20.050,19.465,19.843,5861700.0,
2015-04-03,19.805,20.687,19.554,20.413,9507900.0,
2015-04-07,20.561,22.028,20.368,21.205,7497400.0,
2015-04-08,21.243,21.420,20.205,20.724,6233700.0,
2015-04-09,20.687,20.687,19.480,20.020,4670600.0,
2015-04-10,20.057,20.709,19.791,20.524,4681200.0,
2015-04-13,20.805,21.102,20.502,20.665,5679900.0,
2015-04-14,20.605,20.605,19.835,20.131,4599200.0,
2015-04-15,20.354,20.354,19.243,19.420,4320800.0,
2015-04-16,19.331,19.835,18.517,19.768,3940600.0,
2015-04-17,19.783,19.857,19.302,19.443,4706700.0,
2015-04-20,19.168,19.598,18.650,19.020,5471000.0,
2015-04-21,19.028,19.939,19.028,19.702,5116600.0,
2015-04-22,19.702,20.783,19.680,20.198,4988400.0,
2015-04-23,20.243,20.768,20.020,20.494,6394700.0,
2015-04-24,20.205,20.687,19.391,20.665,7388200.0,
2015-04-27,20.709,21.976,20.709,21.331,10411500.0,
2015-04-28,21.398,21.398,20.435,21.168,6106700.0,
2015-04-29,21.013,23.005,20.798,22.650,8867700.0,
2015-04-30,22.650,24.746,22.361,24.257,9195500.0,
2015-05-04,24.243,24.931,23.739,24.205,4550600.0,
2015-05-05,24.191,24.724,22.954,23.820,5293500.0,
2015-05-06,23.761,23.909,21.613,22.265,4865500.0,
2015-05-07,22.398,23.361,21.687,22.346,4015300.0,
2015-05-08,22.524,23.613,22.361,23.502,4503600.0,
2015-05-11,23.554,24.346,23.102,24.243,6531200.0,
2015-05-12,24.243,24.502,23.931,24.502,4123200.0,
2015-05-13,24.480,25.872,23.983,24.954,4987500.0,
2015-05-14,24.894,25.502,24.265,24.576,4416600.0,
2015-05-15,24.531,25.398,23.998,24.428,5032700.0,
2015-05-18,24.205,25.509,24.065,25.020,4686200.0,
2015-05-19,25.317,26.761,24.813,26.265,5743800.0,
2015-05-20,26.487,27.613,26.198,26.931,7937800.0,
2015-05-21,27.065,29.909,26.731,29.909,6906500.0,
2015-05-22,30.502,31.005,29.035,30.168,6110300.0,
2015-05-25,29.798,33.465,29.028,32.428,7136900.0,
2015-05-26,32.539,33.954,31.983,33.902,7621200.0,
2015-05-27,33.961,35.302,33.524,34.783,6576900.0,
2015-05-28,34.568,35.368,31.983,32.672,7949300.0,
2015-05-29,32.724,33.243,29.783,32.946,6911200.0,
2015-06-01,32.946,34.724,32.650,34.117,3740100.0,
2015-06-02,34.117,36.057,33.465,35.931,6800500.0,
2015-06-03,36.428,39.805,35.539,39.805,10085000.0,
2015-06-04,40.561,40.783,36.524,37.191,10134900.0,
2015-06-05,38.020,40.043,37.909,39.161,8822100.0,
2015-06-08,38.724,39.391,36.057,38.924,5295600.0,
2015-06-09,38.724,39.065,37.013,37.724,3943400.0,
2015-06-10,37.168,38.939,36.428,38.243,3277600.0,
2015-06-11,38.317,39.287,37.909,39.228,4269300.0,
2015-06-12,39.228,41.835,39.220,41.317,5460600.0,
2015-06-15,41.835,41.835,36.902,36.902,6781500.0,
2015-06-16,36.909,37.324,35.168,35.687,5544500.0,
2015-06-17,36.168,37.094,32.168,35.835,6836400.0,
2015-06-18,36.428,36.428,33.472,34.117,3273200.0,
2015-06-19,33.465,34.798,31.257,32.835,3799400.0,
2015-06-23,32.835,33.635,29.768,31.961,3567000.0,
2015-06-24,31.961,32.724,30.494,31.761,3671600.0,
2015-06-25,31.909,32.435,30.131,30.354,3579700.0,
2015-06-26,29.094,29.391,27.035,27.035,3190900.0,
2015-06-29,27.539,27.872,24.050,24.050,4909200.0,
2015-06-30,21.465,25.613,21.361,25.317,7642000.0,
2015-07-01,24.502,25.576,22.502,22.502,4989600.0,
2015-07-02,21.983,21.983,19.968,19.968,4247400.0,
2015-07-03,17.709,20.709,17.687,17.687,8647600.0,
2015-07-06,18.731,19.687,15.635,15.635,14643800.0,
2015-07-07,13.820,14.354,13.791,13.791,2824500.0,
2015-07-08,12.131,14.709,12.131,13.687,34643100.0,
2015-07-09,13.317,15.339,12.724,15.339,10051400.0,
2015-07-10,16.420,17.154,16.094,17.154,3657100.0,
2015-07-13,18.650,19.154,17.243,19.154,8042100.0,
2015-07-14,19.146,21.035,18.043,19.976,12721400.0,
2015-07-15,19.317,19.331,17.694,17.694,5780800.0,
2015-07-16,17.694,19.094,15.650,17.813,7001700.0,
2015-07-17,17.843,19.665,17.835,19.257,5292000.0,
2015-07-20,19.243,20.405,18.798,19.168,6297000.0,
2015-07-21,18.894,19.857,17.983,19.487,4444200.0,
2015-07-22,19.317,20.865,18.968,20.798,7067200.0,
2015-07-23,21.020,21.613,19.968,21.354,6357600.0,
2015-07-24,21.205,23.465,20.220,21.317,7890900.0,
2015-07-27,20.805,21.976,18.902,18.902,6534400.0,
2015-07-28,18.131,19.739,16.731,17.287,6974300.0,
2015-07-29,17.628,18.724,16.880,18.687,4177300.0,
2015-07-30,18.791,19.783,17.872,18.783,4588900.0,
2015-07-31,18.346,18.865,17.568,18.724,3068200.0,
2015-08-03,18.494,18.539,16.650,17.613,3559100.0,
2015-08-04,17.835,19.539,15.568,19.450,5186800.0,
2015-08-05,18.805,19.820,18.583,18.650,3943000.0,
2015-08-06,18.280,18.798,17.168,17.909,2488700.0,
2015-08-07,18.280,18.783,17.998,18.635,2827600.0,
2015-08-10,18.687,20.783,18.687,20.783,4888200.0,
2015-08-11,21.376,21.946,20.857,21.605,6319100.0,
2015-08-12,21.020,22.094,20.961,21.154,3291800.0,
2015-08-13,20.524,22.205,20.205,21.998,4036900.0,
2015-08-14,22.354,22.724,21.465,22.102,4048500.0,
2015-08-17,21.687,23.013,21.080,22.835,6001900.0,
2015-08-18,22.828,23.931,20.272,20.272,6403600.0,
2015-08-19,20.272,21.865,18.043,21.687,4986900.0,
2015-08-20,21.376,22.243,20.465,20.739,4183800.0,
2015-08-21,19.931,20.709,18.872,19.835,3254300.0,
2015-08-24,18.650,18.650,17.568,17.568,1605000.0,
2015-08-25,15.531,15.687,15.531,15.531,1609900.0,
2015-08-26,15.531,16.057,13.694,13.694,5164200.0,
2015-08-27,13.405,14.650,12.361,14.554,4841800.0,
2015-08-28,14.546,15.909,14.220,15.909,4709600.0,
2015-08-31,15.687,15.687,14.035,14.576,3200400.0,
2015-09-01,14.205,14.280,12.835,12.835,2409600.0,
2015-09-02,11.428,13.013,11.272,11.272,4392900.0,
2015-09-07,11.613,12.131,11.324,11.361,2937300.0,
2015-09-08,11.368,12.094,10.613,11.983,4079200.0,
2015-09-09,12.198,13.205,12.094,13.094,5139100.0,
2015-09-10,12.487,13.102,12.413,12.450,2907900.0,
2015-09-11,12.502,12.791,12.361,12.650,2304600.0,
2015-09-14,12.842,12.850,11.102,11.102,3186400.0,
2015-09-15,10.428,10.494,9.709,9.709,3584200.0,
2015-09-16,9.709,10.961,9.613,10.961,4113700.0,
2015-09-17,10.946,11.613,10.539,10.539,3738200.0,
2015-09-18,10.613,11.094,10.368,10.835,2233800.0,
2015-09-21,10.709,11.650,10.502,11.576,2950700.0,
2015-09-22,11.598,12.228,11.502,11.835,4331900.0,
2015-09-23,11.576,11.746,11.242,11.502,3526800.0,
2015-09-24,11.531,12.020,11.524,11.909,3870200.0,
2015-09-25,11.857,11.880,10.909,11.065,3349700.0,
2015-09-28,11.013,11.613,10.880,11.517,2030100.0,
2015-09-29,11.272,11.368,11.109,11.228,1736200.0,
2015-09-30,11.302,11.591,11.242,11.450,1623100.0,
2016-01-11,12.880,12.880,12.880,12.880,129800.0,
2016-01-12,14.450,14.450,14.450,14.450,568100.0,
2016-01-13,16.176,16.176,12.946,13.605,24958500.0,
2016-01-14,12.131,15.087,12.131,14.724,15913500.0,
2016-01-15,14.280,16.057,14.117,15.443,17029800.0,
2016-01-18,15.057,17.272,14.872,17.272,12396200.0,
2016-01-19,17.820,18.857,17.243,18.443,22573400.0,
2016-01-20,17.917,18.117,17.168,17.309,15070800.0,
2016-01-21,16.613,16.991,15.294,15.294,14399200.0,
2016-01-22,15.717,16.502,15.243,16.331,12061400.0,
2016-01-25,16.102,18.250,16.102,18.250,15616500.0,
2016-01-26,17.909,19.909,17.080,18.020,22053200.0,
2016-01-27,18.102,19.243,16.072,19.205,15298000.0,
2016-01-28,18.650,19.902,17.176,17.317,12808000.0,
2016-01-29,17.391,17.909,16.302,17.687,11248000.0,
2016-02-01,17.191,17.198,15.635,15.746,10634300.0,
2016-02-02,15.465,16.687,15.398,16.324,8556100.0,
2016-02-03,15.917,16.280,14.583,16.065,8713400.0,
2016-02-04,16.094,17.954,16.094,17.954,14809400.0,
2016-02-05,17.805,18.161,17.035,17.131,11171000.0,
2016-02-15,16.057,17.665,16.057,17.539,7895200.0,
2016-02-16,17.405,19.243,17.391,18.635,13344600.0,
2016-02-17,18.361,20.776,18.161,19.783,15086400.0,
2016-02-18,19.539,20.420,19.013,19.057,11615400.0,
2016-02-19,18.798,19.650,18.650,19.361,8901200.0,
2016-02-22,19.983,20.576,19.309,19.531,10051300.0,
2016-02-23,19.391,19.391,18.346,18.665,9067700.0,
2016-02-24,18.650,18.865,17.798,18.354,9714700.0,
2016-02-25,18.309,18.317,16.235,16.235,10170100.0,
2016-02-26,16.235,16.643,14.435,15.605,8768000.0,
2016-02-29,15.598,15.776,13.761,13.761,6636100.0,
2016-03-01,13.761,13.939,12.213,13.554,8971400.0,
2016-03-02,13.457,15.191,13.094,14.976,10857200.0,
2016-03-03,15.050,15.443,14.576,14.576,9530100.0,
2016-03-04,14.502,14.502,12.880,12.902,9221400.0,
2016-03-07,12.835,13.717,12.835,13.242,5020200.0,
2016-03-08,13.094,13.413,11.991,13.361,6325200.0,
2016-03-09,12.754,13.309,12.576,12.872,3957200.0,
2016-03-10,12.954,13.257,12.509,12.872,3832300.0,
2016-03-11,12.642,12.872,12.391,12.694,3245100.0,
2016-03-14,12.983,14.057,12.872,13.731,7600300.0,
2016-03-15,13.487,14.228,13.472,13.783,6577800.0,
2016-03-16,13.983,14.102,13.154,13.346,5180300.0,
2016-03-17,13.428,14.650,13.428,14.354,7104700.0,
2016-03-18,14.383,15.761,14.383,15.354,29576200.0,
2016-03-21,15.243,17.176,15.094,17.176,19248000.0,
2016-03-22,16.724,18.465,16.428,17.376,19341700.0,
2016-03-23,17.168,17.613,16.576,17.546,11954100.0,
2016-03-24,17.013,17.465,16.443,16.472,11277900.0,
2016-03-25,16.354,17.094,16.057,16.946,9120200.0,
2016-03-28,17.168,17.450,16.205,16.235,7614200.0,
2016-03-29,16.131,16.657,15.487,15.843,8480700.0,
2016-03-30,16.435,17.613,16.057,17.205,12245400.0,
2016-03-31,17.243,18.131,16.805,17.331,11696800.0,
2016-04-01,17.094,17.146,16.420,16.665,6463400.0,
2016-04-05,16.694,17.435,16.428,17.094,7940800.0,
2016-04-06,17.087,17.317,16.798,17.191,7422600.0,
2016-04-07,17.391,17.405,16.287,16.331,7327500.0,
2016-04-08,15.983,16.094,15.168,15.672,7713500.0,
2016-04-11,15.791,16.354,15.791,15.983,6578900.0,
2016-04-12,15.880,16.057,15.465,15.776,4510600.0,
2016-04-13,16.057,16.413,15.843,15.894,10298600.0,
2016-04-14,15.946,16.791,15.917,16.709,8478100.0,
2016-04-15,16.843,17.628,16.768,17.043,12739200.0,
2016-04-18,16.939,16.939,16.057,16.161,7162800.0,
2016-04-19,16.383,16.391,15.746,15.983,6751100.0,
2016-04-20,16.131,16.228,14.102,14.191,13580800.0,
2016-04-21,13.909,14.198,13.472,13.554,6588400.0,
2016-04-22,13.213,13.968,13.146,13.931,4931800.0,
2016-04-25,13.872,14.057,13.450,13.768,3660200.0,
2016-04-26,13.835,14.243,13.724,14.198,5103700.0,
2016-04-27,14.331,14.331,13.909,13.954,3405900.0,
2016-04-28,13.776,14.228,13.509,14.131,4856700.0,
2016-04-29,13.968,14.168,13.857,14.005,2439000.0,
2016-05-03,13.850,14.628,13.850,14.613,5544800.0,
2016-05-04,14.554,16.361,14.398,16.361,16915600.0,
2016-05-05,16.672,16.672,15.687,16.235,14354200.0,
2016-05-06,16.243,16.243,14.991,15.228,9822300.0,
2016-05-09,14.857,14.939,14.028,14.302,7641600.0,
2016-05-10,14.205,14.946,14.139,14.502,6385500.0,
2016-05-11,14.576,14.776,14.020,14.035,4164500.0,
2016-05-19,13.946,14.791,12.391,14.013,6680600.0,
2016-05-20,13.909,14.428,13.472,14.376,5800500.0,
2016-05-23,14.287,15.672,14.228,15.465,9705200.0,
2016-05-24,15.539,15.539,14.665,14.924,5950700.0,
2016-05-25,15.094,16.265,15.094,15.709,14621200.0,
2016-05-26,15.576,15.768,14.724,15.687,8426400.0,
2016-05-27,15.754,17.020,15.746,16.539,18768300.0,
2016-05-30,16.798,18.480,16.472,18.480,18865400.0,
2016-05-31,18.391,19.983,17.991,19.428,32926400.0,
2016-06-01,19.198,21.657,19.198,20.694,30125900.0,
2016-06-02,20.576,21.857,20.331,21.243,24101200.0,
2016-06-03,20.976,21.546,20.709,20.813,15295200.0,
2016-06-06,20.835,21.243,20.368,20.991,13625400.0,
2016-06-07,20.968,21.531,20.502,21.228,12609400.0,
2016-06-08,21.050,21.776,20.561,21.754,13511000.0,
2016-06-13,21.094,22.650,19.405,19.524,19519400.0,
2016-06-14,19.183,19.754,18.517,19.346,16341700.0,
2016-06-15,19.094,21.561,19.094,21.561,10827100.0,
2016-06-16,22.280,23.998,21.924,23.998,27037600.0,
2016-06-17,24.494,25.309,23.465,24.480,18189100.0,
2016-06-20,24.428,27.213,23.887,27.213,19152000.0,
2016-06-21,27.176,28.443,26.428,27.413,18179300.0,
2016-06-22,27.354,27.909,25.709,26.754,14472500.0,
2016-06-23,26.450,27.072,25.598,26.124,9656500.0,
2016-06-24,26.146,29.020,25.783,29.020,15897000.0,
2016-06-27,30.524,31.265,28.494,29.635,22967400.0,
2016-06-28,29.043,30.717,28.598,29.109,18504100.0,
2016-06-29,28.672,29.117,28.005,28.598,16553800.0,
2016-06-30,28.524,29.294,27.783,28.168,13631700.0,
2016-07-01,28.080,28.257,26.554,27.413,13565100.0,
2016-07-04,27.191,27.709,26.828,27.487,15544900.0,
2016-07-05,27.613,29.013,26.872,28.413,23928100.0,
2016-07-06,27.857,27.991,26.961,27.361,15705000.0,
2016-07-07,26.939,30.043,26.924,29.065,26071300.0,
2016-07-08,29.043,29.968,28.287,28.391,17094800.0,
2016-07-11,27.783,28.154,27.065,27.324,13220500.0,
2016-07-12,27.243,27.524,24.450,25.931,19637700.0,
2016-07-13,25.813,26.509,25.339,25.672,13474700.0,
2016-07-14,25.754,26.413,25.420,25.813,9640800.0,
2016-07-15,25.820,25.931,24.531,24.746,14833900.0,
2016-07-18,24.931,25.405,24.435,24.894,8729300.0,
2016-07-19,25.191,25.709,24.546,25.709,11876200.0,
2016-07-20,25.487,27.702,25.376,26.635,20963400.0,
2016-07-21,26.302,26.628,25.709,25.746,8793900.0,
2016-07-22,25.598,26.487,25.176,25.398,8323900.0,
2016-07-25,25.035,25.635,24.568,24.857,6809300.0,
2016-07-26,24.857,25.687,24.583,25.539,10072100.0,
2016-07-27,25.635,26.220,24.080,24.524,14476900.0,
2016-07-28,24.413,24.502,22.583,23.857,13932600.0,
2016-07-29,23.776,24.220,23.028,23.561,8285300.0,
2016-08-01,23.117,24.131,22.309,23.909,7955300.0,
2016-08-02,23.546,25.117,23.546,24.561,10432400.0,
2016-08-03,24.561,24.857,24.168,24.309,5805500.0,
2016-08-04,24.376,26.731,24.376,25.968,15377400.0,
2016-08-05,25.546,26.554,25.487,26.161,12261900.0,
2016-08-08,26.005,26.598,25.546,26.391,7889500.0,
2016-08-09,26.591,26.798,25.931,26.420,8012600.0,
2016-08-10,26.131,26.709,25.517,25.539,8842700.0,
2016-08-11,25.354,25.731,24.383,24.472,8851000.0,
2016-08-12,24.072,24.591,23.650,24.509,7806900.0,
2016-08-15,24.591,26.368,24.065,26.080,13490800.0,
2016-08-16,26.080,26.709,25.931,26.094,10863400.0,
2016-08-17,26.198,27.028,25.709,26.420,10209100.0,
2016-08-18,26.368,26.591,25.368,25.628,9573900.0,
2016-08-19,25.694,25.924,25.146,25.220,6037700.0,
2016-08-22,25.346,25.954,25.117,25.413,6616600.0,
2016-08-23,25.339,26.420,25.198,26.302,9996400.0,
2016-08-24,26.413,26.413,25.783,26.191,6636500.0,
2016-08-25,26.413,27.998,26.005,27.561,21185000.0,
2016-08-26,27.094,30.376,26.976,29.309,24947900.0,
2016-08-29,28.828,29.583,28.220,29.420,12904000.0,
2016-08-30,29.398,30.220,27.561,28.168,13332500.0,
2016-08-31,27.857,28.161,27.124,28.005,11714700.0,
2016-09-01,28.109,28.191,26.894,27.117,7177900.0,
2016-09-02,26.902,27.191,26.161,26.494,7307200.0,
2016-09-05,26.820,26.820,25.405,25.465,8657200.0,
2016-09-06,25.450,26.294,25.191,26.250,8052500.0,
2016-09-07,26.080,26.472,25.124,25.250,10878600.0,
2016-09-08,25.050,25.687,25.050,25.591,5573100.0,
2016-09-09,25.635,25.650,25.117,25.139,4207100.0,
2016-09-12,24.450,24.457,22.650,22.768,9905300.0,
2016-09-13,23.250,23.376,22.724,22.813,5702300.0,
2016-09-14,22.798,23.687,22.531,23.405,7211100.0,
2016-09-19,23.672,24.124,23.420,24.035,5341700.0,
2016-09-20,24.087,24.257,23.761,23.902,4923800.0,
2016-09-21,23.902,23.991,23.524,23.628,3317400.0,
2016-09-22,23.754,23.983,23.324,23.331,3740900.0,
2016-09-23,23.331,23.702,23.139,23.598,4954600.0,
2016-09-26,23.783,23.783,22.228,22.294,5335700.0,
2016-09-27,21.939,22.450,21.420,22.265,4904700.0,
2016-09-28,22.383,22.383,21.843,21.946,3005200.0,
2016-09-29,22.094,22.917,21.828,22.709,6331500.0,
2016-09-30,22.561,22.931,22.435,22.687,3678600.0,
2016-10-10,23.094,24.168,22.828,23.998,7516700.0,
2016-10-11,24.020,24.413,23.798,24.043,3757800.0,
2016-10-12,23.924,23.998,23.450,23.776,3656500.0,
2016-10-13,23.746,24.043,23.465,23.472,3371900.0,
2016-10-14,23.265,23.746,23.265,23.568,2778300.0,
2016-10-17,23.709,23.968,22.917,23.035,4540400.0,
2016-10-18,23.028,24.368,22.820,24.146,8238700.0,
2016-10-19,23.946,24.198,23.865,23.998,4030200.0,
2016-10-20,24.013,24.583,23.880,24.450,7472900.0,
2016-10-21,24.598,24.598,23.450,23.731,4770800.0,
2016-10-24,23.731,24.080,23.117,24.028,5036700.0,
2016-10-25,24.020,24.154,23.598,23.783,4640800.0,
2016-10-26,23.783,23.783,23.028,23.161,3899200.0,
2016-10-27,23.161,23.546,23.013,23.265,2566400.0,
2016-10-28,23.250,23.487,22.820,22.820,3276300.0,
2016-10-31,22.598,22.628,22.080,22.450,2593700.0,
2016-11-01,22.598,22.805,22.250,22.672,4235000.0,
2016-11-02,22.383,22.687,22.228,22.243,4044400.0,
2016-11-03,22.154,22.583,22.139,22.517,4195500.0,
2016-11-04,22.517,22.524,22.065,22.065,4513200.0,
2016-11-07,21.857,23.287,21.450,22.828,7856200.0,
2016-11-08,22.598,23.257,22.598,23.183,6913200.0,
2016-11-09,23.205,23.472,22.080,22.991,8593500.0,
2016-11-10,23.339,23.554,23.020,23.117,5259000.0,
2016-11-11,23.117,23.191,22.376,22.805,5957900.0,
2016-11-14,22.887,23.620,22.805,23.257,7387800.0,
2016-11-15,23.265,23.768,22.968,23.331,6020300.0,
2016-11-16,23.265,23.554,23.198,23.272,4525600.0,
2016-11-17,23.317,23.317,22.598,22.694,3563700.0,
2016-11-18,22.694,22.746,22.391,22.413,2987200.0,
2016-11-21,22.450,22.583,21.857,22.005,5477400.0,
2016-11-22,22.324,22.783,22.013,22.302,5620400.0,
2016-11-23,22.376,22.494,22.050,22.124,5069500.0,
2016-11-24,22.013,22.235,21.339,21.472,4893500.0,
2016-11-25,21.635,21.828,21.102,21.694,3880600.0,
2016-11-28,21.820,21.909,21.220,21.287,5070900.0,
2016-11-29,21.302,21.546,20.383,20.487,6434800.0,
2016-11-30,20.487,20.783,20.154,20.472,5031900.0,
2016-12-01,20.457,20.746,20.383,20.643,3355700.0,
2016-12-02,20.754,20.754,19.694,19.717,4183300.0,
2016-12-05,19.398,19.657,18.961,18.991,4807100.0,
2016-12-06,19.124,19.302,18.828,19.235,4636100.0,
2016-12-07,19.013,19.776,18.991,19.672,4559800.0,
2016-12-08,19.709,19.783,19.191,19.205,3483800.0,
2016-12-09,19.213,19.561,18.968,19.376,3792900.0,
2016-12-12,19.376,19.487,17.161,17.161,7866300.0,
2016-12-13,16.635,17.168,15.946,16.894,8432300.0,
2016-12-14,16.857,17.020,16.302,16.583,5240900.0,
2016-12-15,16.561,17.131,16.465,16.968,4478100.0,
2016-12-16,17.102,17.880,16.968,17.583,7835900.0,
2016-12-19,17.687,17.694,16.954,17.183,4722700.0,
2016-12-20,17.154,17.154,16.894,17.131,2226100.0,
2016-12-21,17.280,17.517,17.205,17.376,3136700.0,
2016-12-22,17.191,17.376,16.998,17.124,3307000.0,
2016-12-23,17.191,17.635,17.117,17.220,4429700.0,
2016-12-26,17.080,17.405,16.643,17.383,3919200.0,
2016-12-27,17.361,17.635,17.235,17.554,4590700.0,
2016-12-28,17.709,17.991,17.250,17.250,5679400.0,
2016-12-29,17.183,17.183,16.865,16.902,3414600.0,
2016-12-30,16.820,17.050,16.783,16.894,2029300.0,
2017-01-03,16.954,17.235,16.820,16.939,2864900.0,
2017-01-04,17.043,18.235,16.954,18.213,12098200.0,
2017-01-05,17.931,18.168,17.768,17.939,6821100.0,
2017-01-06,17.724,18.072,17.680,17.917,5488200.0,
2017-01-09,17.924,18.820,17.761,18.628,7959100.0,
2017-01-10,18.487,18.724,18.220,18.220,4839200.0,
2017-01-11,18.168,18.650,17.991,18.243,4150900.0,
2017-01-12,18.102,18.302,17.939,17.991,3156900.0,
2017-01-13,17.865,18.443,17.561,18.005,4213100.0,
2017-01-16,18.005,18.005,15.924,16.672,6479600.0,
2017-01-17,16.457,17.309,16.302,17.168,4398800.0,
2017-01-18,16.976,17.183,16.450,16.620,3003300.0,
2017-01-19,16.480,16.657,16.235,16.591,2306700.0,
2017-01-20,16.591,17.487,16.487,17.243,4383800.0,
2017-01-23,17.294,17.783,17.117,17.287,3708100.0,
2017-01-24,17.272,17.539,17.057,17.398,3117700.0,
2017-01-25,17.361,17.628,17.072,17.561,3608000.0,
2017-01-26,17.635,18.080,17.568,18.072,4939000.0,
2017-02-03,18.028,18.124,17.776,17.813,2280800.0,
2017-02-06,17.776,18.354,17.635,18.183,5269500.0,
2017-02-07,18.131,18.176,17.709,17.820,3393300.0,
2017-02-08,17.687,18.198,17.687,18.139,4046800.0,
2017-02-09,18.065,18.243,17.872,18.168,3883100.0,
2017-02-10,18.198,18.205,17.724,17.798,4086300.0,
2017-02-13,17.605,17.998,17.413,17.998,4089400.0,
2017-02-14,17.991,18.035,17.798,17.865,2228700.0,
2017-02-15,17.917,17.983,17.013,17.250,3569600.0,
2017-02-16,17.250,17.368,17.057,17.198,3104400.0,
2017-02-17,17.265,17.302,16.805,16.991,3055300.0,
2017-02-20,16.991,17.080,16.583,16.939,2889700.0,
2017-02-21,16.828,17.250,16.828,17.198,3342700.0,
2017-02-22,17.154,18.050,17.057,17.746,6369500.0,
2017-02-23,17.709,18.524,17.598,18.428,10806100.0,
2017-02-24,18.450,19.546,18.087,18.561,15103200.0,
2017-02-27,18.524,18.805,18.235,18.331,5864900.0,
2017-02-28,18.324,18.457,17.991,18.302,4588300.0,
2017-03-01,18.265,18.813,18.094,18.554,5838200.0,
2017-03-02,18.487,18.746,18.094,18.213,4058600.0,
2017-03-03,18.198,19.013,17.931,19.013,11367000.0,
2017-03-06,19.265,20.309,19.065,20.050,15942400.0,
2017-03-07,19.865,20.250,19.694,19.939,9205200.0,
2017-03-08,19.857,20.131,19.576,19.657,5657900.0,
2017-03-09,19.591,19.946,19.213,19.835,6571700.0,
2017-03-10,19.917,19.917,19.435,19.635,4984700.0,
2017-03-13,19.524,20.509,19.339,20.480,10649000.0,
2017-03-14,20.443,20.894,20.309,20.450,10980100.0,
2017-03-15,20.154,20.746,19.909,20.346,6950800.0,
2017-03-16,20.050,20.894,19.946,20.709,12076000.0,
2017-03-17,21.524,21.880,20.280,20.324,15042200.0,
2017-03-20,19.931,20.109,19.443,19.717,9354600.0,
2017-03-21,19.687,19.991,19.413,19.672,6247400.0,
2017-03-22,19.457,19.968,19.331,19.768,5600600.0,
2017-03-23,19.768,19.998,19.087,19.650,6336800.0,
2017-03-24,19.657,19.665,19.265,19.391,4630200.0,
2017-03-27,19.494,19.850,19.457,19.524,5041000.0,
2017-03-28,19.413,20.524,19.405,20.302,8589400.0,
2017-03-29,20.302,20.487,19.487,19.509,6878300.0,
2017-03-30,19.465,19.620,18.443,18.502,7207400.0,
2017-03-31,18.517,18.761,17.939,18.302,6665400.0,
2017-04-05,18.339,18.968,18.339,18.872,5721300.0,
2017-04-06,18.924,19.183,18.680,18.872,4414000.0,
2017-04-07,18.746,19.057,18.746,18.865,3560500.0,
2017-04-10,18.731,18.820,17.576,17.835,6813000.0,
2017-04-11,17.339,18.072,17.280,18.028,5525600.0,
2017-04-12,17.954,18.139,15.946,17.917,3822700.0,
2017-04-13,17.820,18.509,17.687,18.161,3945800.0,
2017-04-14,18.154,18.191,17.391,17.391,3060700.0,
2017-04-17,17.191,17.554,16.820,17.139,2775600.0,
2017-04-18,17.191,17.302,16.472,16.568,2900500.0,
2017-04-19,16.302,16.709,16.094,16.709,3425500.0,
2017-04-20,16.768,16.887,16.339,16.568,2135300.0,
2017-04-21,16.672,16.731,15.161,15.539,4772300.0,
2017-04-24,15.443,15.443,14.213,14.354,6214900.0,
2017-04-25,14.398,14.709,14.228,14.272,2805300.0,
2017-04-26,14.294,14.635,14.294,14.524,2365900.0,
2017-04-27,14.531,15.583,14.065,15.339,5743100.0,
2017-04-28,15.294,16.131,15.265,15.709,4389700.0,
2017-05-02,15.620,15.887,15.383,15.650,2717200.0,
2017-05-03,15.561,16.131,15.561,15.902,2863000.0,
2017-05-04,15.902,15.998,15.339,15.450,2574800.0,
2017-05-05,15.487,15.598,15.013,15.050,2740700.0,
2017-05-08,15.324,15.339,14.628,14.672,3149200.0,
2017-05-09,14.598,15.702,14.598,15.539,4402300.0,
2017-05-10,15.583,15.650,14.746,14.746,4040600.0,
2017-05-11,14.739,16.080,14.228,15.620,5130500.0,
2017-05-12,15.465,15.554,15.050,15.094,3747300.0,
2017-05-15,15.124,15.257,14.524,14.531,3729900.0,
2017-05-16,14.391,15.080,14.250,15.043,4041100.0,
2017-05-17,15.043,15.561,14.976,15.494,5276500.0,
2017-05-18,15.339,15.620,15.228,15.368,3273500.0,
2017-05-19,15.524,15.635,15.205,15.324,2548500.0,
2017-05-22,15.339,15.339,14.428,14.598,3034300.0,
2017-05-23,14.598,14.657,13.635,13.739,4741500.0,
2017-05-24,13.739,14.117,13.243,13.798,3321200.0,
2017-05-25,13.828,14.131,13.339,14.087,4068400.0,
2017-05-26,14.035,14.376,13.894,14.302,3789100.0,
2017-05-31,14.517,14.820,14.250,14.257,3262000.0,
2017-06-01,14.235,14.354,13.694,13.983,2911600.0,
2017-06-02,14.043,14.598,13.694,14.465,2785600.0,
2017-06-05,14.487,15.080,14.487,14.672,3094000.0,
2017-06-06,14.568,15.450,14.487,15.361,5656800.0,
2017-06-07,15.361,15.709,15.205,15.576,4266900.0,
2017-06-08,15.517,17.413,15.302,16.931,9494600.0,
2017-06-09,16.480,16.813,16.205,16.376,4594600.0,
2017-06-12,16.309,16.628,15.709,15.724,3942100.0,
2017-06-13,15.770,16.125,15.533,15.948,3009500.0,
2017-06-14,16.007,16.207,15.859,16.044,2340500.0,
2017-06-15,16.044,16.451,16.044,16.096,3825300.0,
2017-06-16,16.096,16.222,15.859,15.896,2420600.0,
2017-06-19,15.903,16.133,15.837,15.940,1440800.0,
2017-06-20,16.029,16.296,15.970,16.111,2344000.0,
2017-06-21,16.140,16.251,15.844,15.948,1802200.0,
2017-06-22,15.925,16.051,14.985,15.111,4011700.0,
2017-06-23,15.103,15.118,14.244,14.800,3296400.0,
2017-06-26,14.785,15.244,14.711,15.125,2611000.0,
2017-06-27,15.192,15.459,14.874,15.007,1742800.0,
2017-06-28,15.007,15.125,14.911,14.963,1466100.0,
2017-06-29,15.059,15.185,14.918,14.955,1901400.0,
2017-06-30,14.763,14.970,14.725,14.925,3245600.0,
2017-07-03,14.955,15.481,14.903,15.400,2833300.0,
2017-07-04,15.392,15.570,15.029,15.318,4048000.0,
2017-07-05,15.318,15.340,15.007,15.340,2242300.0,
2017-07-06,15.355,15.614,15.148,15.614,3837600.0,
2017-07-07,15.525,16.059,15.503,16.022,4513700.0,
2017-07-10,16.022,16.192,15.466,15.607,3749400.0,
2017-07-11,15.592,16.007,15.466,15.681,3442800.0,
2017-07-12,15.511,15.674,14.770,15.118,3777300.0,
2017-07-13,15.066,15.163,14.881,14.933,2096000.0,
2017-07-14,14.933,15.133,14.637,14.866,2269700.0,
2017-07-17,14.740,14.866,13.503,13.800,4990500.0,
2017-07-18,13.800,14.014,13.355,13.881,2586500.0,
2017-07-19,13.881,14.074,13.585,13.955,2607400.0,
2017-07-20,13.933,14.570,13.837,14.518,3584800.0,
2017-07-21,14.414,14.607,13.955,14.000,3188300.0,
2017-07-24,14.096,14.533,13.740,14.429,4147100.0,
2017-07-25,14.348,14.888,14.214,14.392,3188200.0,
2017-07-26,14.281,14.503,13.674,13.881,5150900.0,
2017-07-27,13.800,14.437,13.688,14.259,4052100.0,
2017-07-28,14.259,14.592,14.029,14.207,2977000.0,
2017-07-31,14.244,14.525,14.170,14.288,2327600.0,
2017-08-01,14.325,14.985,14.222,14.955,4941800.0,
2017-08-02,14.837,14.940,14.503,14.540,4026000.0,
2017-08-03,14.481,14.785,14.288,14.311,2842300.0,
2017-08-04,14.237,14.348,13.874,14.096,4190400.0,
2017-08-07,14.096,14.392,14.044,14.103,2567700.0,
2017-08-08,14.214,14.303,13.888,14.059,1879800.0,
2017-08-09,14.118,14.370,13.970,14.311,2608000.0,
2017-08-10,14.370,14.600,14.118,14.296,2965400.0,
2017-08-11,14.133,14.288,14.066,14.096,2922800.0,
2017-08-14,14.074,14.592,14.022,14.592,3325500.0,
2017-08-15,14.592,14.674,14.481,14.614,1976800.0,
2017-08-16,14.659,15.125,14.629,14.955,4527800.0,
2017-08-17,14.874,15.251,14.844,15.074,3906800.0,
2017-08-18,14.955,15.244,14.688,14.703,2729300.0,
2017-08-21,14.748,14.977,14.244,14.703,2262200.0,
2017-08-22,14.681,14.807,14.503,14.511,2069700.0,
2017-08-23,14.548,14.740,14.392,14.622,1976600.0,
2017-08-24,14.288,14.607,14.288,14.325,1815100.0,
2017-08-25,14.451,14.740,14.363,14.651,1995000.0,
2017-08-28,14.577,15.111,14.577,14.940,3602800.0,
2017-08-29,14.955,15.229,14.837,15.037,3476200.0,
2017-08-30,15.037,15.481,14.940,15.185,3710700.0,
2017-08-31,15.185,15.933,15.125,15.814,5751900.0,
2017-09-01,15.822,16.096,15.600,15.970,4847400.0,
2017-09-04,15.963,17.681,15.814,17.244,13981800.0,
2017-09-05,17.118,17.570,16.859,16.911,7471400.0,
2017-09-06,16.977,17.481,16.837,17.133,5774300.0,
2017-09-07,17.133,18.244,17.022,17.318,10496500.0,
2017-09-08,17.222,17.429,16.851,17.022,5666400.0,
2017-09-11,16.970,18.007,16.970,17.874,7065400.0,
2017-09-12,18.022,18.022,17.503,17.859,6906000.0,
2017-09-13,17.859,18.096,17.540,17.837,5009500.0,
2017-09-14,17.844,19.059,17.844,18.674,10272100.0,
2017-09-15,18.859,19.133,18.111,18.355,7132100.0,
2017-09-18,18.525,18.896,18.140,18.681,5722300.0,
2017-09-19,19.096,19.800,18.540,18.874,12582200.0,
2017-09-20,18.763,20.437,18.511,19.992,13719500.0,
2017-09-21,19.600,20.540,19.177,19.229,10503400.0,
2017-09-22,19.133,19.133,18.177,18.311,8710100.0,
2017-09-25,18.466,18.874,18.059,18.318,6460400.0,
2017-09-26,18.274,18.629,18.022,18.325,4658000.0,
2017-09-27,18.325,18.748,18.096,18.644,4755300.0,
2017-09-28,18.622,19.318,18.570,19.155,8031900.0,
2017-09-29,19.177,19.555,19.000,19.303,6410300.0,
2017-10-09,19.437,20.229,19.392,19.422,7684700.0,
2017-10-10,19.400,19.555,18.540,19.148,5683600.0,
2017-10-11,18.925,19.125,18.022,18.185,7384100.0,
2017-10-12,18.133,18.888,18.059,18.763,6305000.0,
2017-10-13,18.800,19.577,18.763,19.422,6238500.0,
2017-10-16,19.466,19.563,18.503,18.659,4234400.0,
2017-10-17,18.659,19.859,18.437,19.548,5860700.0,
2017-10-18,19.622,19.918,19.140,19.414,5707500.0,
2017-10-19,19.355,19.377,18.696,18.807,3806900.0,
2017-10-20,18.837,19.540,18.837,19.481,3736100.0,
2017-10-23,19.800,20.207,19.429,20.007,6815200.0,
2017-10-24,20.022,20.155,19.414,19.607,4972100.0,
2017-10-25,19.755,20.614,19.444,20.207,9234900.0,
2017-10-26,20.066,21.370,19.985,21.133,8600300.0,
2017-10-27,21.044,21.281,20.644,20.955,5809000.0,
2017-10-30,20.911,21.874,20.029,21.318,10399900.0,
2017-10-31,21.133,22.059,20.963,21.733,7380900.0,
2017-11-01,21.651,24.014,21.503,23.481,15660900.0,
2017-11-02,23.666,24.881,23.222,24.022,16584500.0,
2017-11-03,23.844,26.237,23.644,25.607,17819300.0,
2017-11-06,26.133,27.592,25.111,25.725,29235000.0,
2017-11-07,25.629,26.896,25.429,26.792,20713300.0,
2017-11-08,26.540,26.970,25.948,26.022,17341200.0,
2017-11-09,25.948,27.192,25.703,26.503,18024300.0,
2017-11-10,26.540,29.051,26.540,28.355,22897400.0,
2017-11-13,28.318,31.474,28.192,31.474,24995300.0,
2017-11-14,31.977,32.718,30.007,30.577,30033300.0,
2017-11-15,29.807,31.214,29.377,30.614,24399500.0,
2017-11-16,30.400,30.525,28.022,29.429,26174200.0,
2017-11-17,29.059,29.318,26.392,26.837,23978700.0,
2017-11-20,26.325,28.933,26.325,28.800,23562900.0,
2017-11-21,28.763,28.985,27.207,28.251,21722400.0,
2017-11-22,27.948,30.259,27.948,29.111,25006900.0,
2017-11-23,29.059,30.170,27.888,29.000,24524100.0,
2017-11-24,28.466,28.688,25.822,25.822,16931100.0,
2017-11-27,25.022,26.007,23.051,23.503,20990400.0,
2017-11-28,23.429,24.903,23.429,24.718,13998500.0,
2017-11-29,24.407,24.585,22.659,23.874,12671100.0,
2017-11-30,23.844,24.733,23.629,23.770,11108700.0,
2017-12-01,23.874,25.303,23.874,24.525,13586700.0,
2017-12-04,24.451,25.111,23.133,24.763,11900600.0,
2017-12-05,24.451,24.822,22.688,23.251,13709400.0,
2017-12-06,23.051,24.911,23.014,24.837,13377000.0,
2017-12-07,24.696,26.740,24.696,25.948,19274100.0,
2017-12-08,25.763,26.837,25.429,25.859,16338300.0,
2017-12-11,25.503,26.348,25.488,26.288,10734600.0,
2017-12-12,26.244,28.451,25.896,26.829,18179700.0,
2017-12-13,26.829,27.903,26.385,27.785,12816800.0,
2017-12-14,27.681,28.155,27.000,27.666,11220500.0,
2017-12-15,27.563,28.148,26.111,26.688,13069800.0,
2017-12-18,26.533,26.681,23.948,24.785,13727000.0,
2017-12-19,24.696,25.244,24.696,24.948,7676300.0,
2017-12-20,24.666,25.503,24.318,24.911,9616200.0,
2017-12-21,24.666,26.333,24.451,26.074,11497300.0,
2017-12-22,26.022,27.488,25.874,26.948,12608400.0,
2017-12-25,26.748,27.200,26.377,26.540,10922900.0,
2017-12-26,26.577,27.118,25.355,26.985,11379300.0,
2017-12-27,26.985,27.874,26.096,26.177,11448400.0,
2017-12-28,25.755,26.985,25.392,26.140,9146200.0,
2017-12-29,25.881,28.081,25.851,27.903,16711900.0,
2018-01-02,28.251,28.377,27.414,28.266,12488800.0,
2018-01-03,28.096,28.725,27.688,28.296,12382600.0,
2018-01-04,28.022,28.985,28.022,28.377,13777500.0,
2018-01-05,28.244,28.281,26.525,26.874,16408700.0,
2018-01-08,26.474,26.474,25.340,25.918,13134100.0,
2018-01-09,25.925,26.044,25.274,25.696,7539500.0,
2018-01-10,25.800,26.163,23.948,24.540,12960900.0,
2018-01-11,24.303,25.029,23.970,24.777,8347400.0,
2018-01-12,24.829,25.044,23.540,23.592,9277600.0,
2018-01-15,23.296,23.570,21.214,21.718,14891900.0,
2018-01-16,21.874,21.992,21.133,21.585,9248000.0,
2018-01-17,21.563,22.874,20.837,22.392,14448800.0,
2018-01-18,22.074,23.088,21.651,22.963,14441500.0,
2018-01-19,22.392,22.948,21.933,21.948,11108300.0,
2018-01-22,21.963,22.940,20.955,22.451,12844400.0,
2018-01-23,22.229,22.866,22.111,22.311,6773900.0,
2018-01-24,22.222,23.703,21.896,23.451,14749500.0,
2018-01-25,23.244,23.777,22.837,22.844,8833700.0,
2018-01-26,22.844,23.229,22.525,22.637,5712800.0,
2018-01-29,22.651,23.014,20.192,20.281,13682400.0,
2018-01-30,20.244,20.800,20.059,20.303,6912100.0,
2018-01-31,20.096,20.570,19.540,20.000,6579600.0,
2018-02-01,20.118,20.651,19.577,19.888,6858900.0,
2018-02-02,19.955,19.955,18.614,19.266,7344400.0,
2018-02-05,18.874,19.770,18.600,19.363,6034300.0,
2018-02-06,18.703,19.140,17.148,17.148,12199800.0,
2018-02-07,17.577,17.651,15.451,16.577,14925700.0,
2018-02-08,16.385,17.651,16.348,17.281,12673200.0,
2018-02-09,16.607,18.096,16.548,17.274,12694000.0,
2018-02-12,17.548,18.800,17.548,18.207,12353400.0,
2018-02-13,18.466,18.881,18.170,18.311,8967100.0,
2018-02-14,18.533,18.607,17.829,18.014,4534200.0,
2018-02-22,18.229,19.570,18.111,19.274,7301100.0,
2018-02-23,19.281,19.392,18.614,19.022,6329400.0,
2018-02-26,19.192,21.207,19.029,21.207,16164400.0,
2018-02-27,21.281,22.533,21.148,21.466,20802300.0,
2018-02-28,21.488,23.244,21.437,22.155,16879400.0,
2018-03-01,21.837,23.881,21.763,23.614,16468700.0,
2018-03-02,23.133,24.229,22.911,23.725,16553600.0,
2018-03-05,23.577,24.429,22.940,24.274,14273300.0,
2018-03-06,24.614,26.007,24.392,24.800,19935600.0,
2018-03-07,24.577,25.570,24.318,25.059,12304600.0,
2018-03-08,25.000,25.148,24.118,24.488,9413800.0,
2018-03-09,24.525,25.437,24.392,25.074,11028600.0,
2018-03-12,25.355,26.733,25.185,26.725,15135400.0,
2018-03-13,26.392,26.822,25.725,26.007,11301700.0,
2018-03-14,25.592,25.955,24.103,24.577,12967900.0,
2018-03-15,24.311,25.177,23.896,25.059,12268700.0,
2018-03-16,24.688,25.103,23.903,23.933,10198700.0,
2018-03-19,24.022,25.488,24.014,24.659,13003000.0,
2018-03-20,24.755,25.718,24.725,25.251,11742400.0,
2018-03-21,25.222,25.651,24.170,24.244,11838900.0,
2018-03-22,24.511,25.318,24.244,24.607,12752400.0,
2018-03-23,23.177,24.237,22.355,22.948,13498300.0,
2018-03-26,22.948,25.525,22.948,25.525,19999300.0,
2018-03-27,26.466,28.229,25.540,27.903,28782500.0,
2018-03-28,27.281,28.237,26.970,27.281,18823800.0,
2018-03-29,27.444,28.674,26.911,28.096,15667500.0,
2018-03-30,28.466,31.185,28.192,31.185,23751700.0,
2018-04-02,31.837,32.718,30.214,30.348,27519100.0,
2018-04-03,29.792,30.288,29.111,30.185,15585700.0,
2018-04-04,30.488,31.644,29.651,30.170,16222400.0,
2018-04-09,30.022,31.518,28.688,30.896,14928700.0,
2018-04-10,30.637,30.940,28.140,29.733,14024800.0,
2018-04-11,29.851,30.948,29.125,29.725,11943300.0,
2018-04-12,29.637,30.229,28.185,28.466,12381500.0,
2018-04-13,29.044,30.614,28.711,30.037,16281900.0,
2018-04-16,29.777,32.214,29.555,31.118,18162200.0,
2018-04-17,31.740,34.237,30.548,31.977,25170800.0,
2018-04-18,32.837,35.451,32.837,35.451,24547500.0,
2018-04-19,36.474,39.059,35.911,36.274,35295400.0,
2018-04-20,36.029,37.918,35.570,35.740,30209400.0,
2018-04-23,35.207,35.429,32.237,33.170,28531500.0,
2018-04-24,33.207,35.355,32.392,34.540,22901000.0,
2018-04-25,33.874,36.348,33.866,34.674,21657000.0,
2018-04-26,35.325,37.037,34.792,35.940,22911700.0,
2018-04-27,36.844,37.200,32.281,33.740,22904800.0,
2018-05-02,34.037,34.414,32.318,33.229,15327400.0,
2018-05-03,33.133,35.570,31.259,35.096,21786900.0,
2018-05-04,34.244,36.392,34.074,34.859,17466300.0,
2018-05-07,35.281,35.555,34.525,35.503,14257800.0,
2018-05-08,35.503,36.311,34.614,35.014,13965200.0,
2018-05-09,34.666,36.296,34.474,35.896,15297400.0,
2018-05-10,35.577,35.844,33.666,33.874,17541400.0,
2018-05-11,33.874,34.059,32.607,32.607,16008200.0,
2018-05-14,31.503,32.918,31.096,31.696,14575700.0,
2018-05-15,31.711,32.740,31.244,32.651,15119600.0,
2018-05-16,32.170,33.088,31.933,32.037,11130200.0,
2018-05-17,32.148,33.207,31.874,32.985,12326000.0,
2018-05-18,32.977,32.985,31.111,31.911,13313000.0,
2018-05-21,31.911,33.740,31.577,33.200,15301800.0,
2018-05-22,33.207,34.237,32.763,34.074,14287100.0,
2018-05-23,34.244,35.503,33.525,34.466,18971400.0,
2018-05-24,34.244,34.577,33.540,33.725,9626800.0,
2018-05-25,33.414,33.503,31.651,31.859,11356600.0,
2018-05-28,32.022,32.444,30.837,31.385,10074800.0,
2018-05-29,31.466,32.029,30.400,31.081,10629600.0,
2018-05-30,30.911,32.466,30.540,30.896,13808100.0,
2018-05-31,31.281,31.281,28.629,29.629,17248500.0,
2018-06-01,29.281,29.800,27.451,27.859,14332700.0,
2018-06-04,27.711,29.029,27.155,27.985,14042900.0,
2018-06-05,27.577,30.163,27.577,29.800,14541600.0,
2018-06-06,29.451,30.288,29.340,29.763,9685800.0,
2018-06-07,30.022,30.125,28.911,29.385,7363800.0,
2018-06-08,29.111,29.637,28.096,29.422,9002700.0,
2018-06-11,29.133,30.207,28.792,29.140,7681800.0,
2018-06-12,29.037,29.792,28.155,29.740,9246500.0,
2018-06-13,29.755,31.651,29.355,30.518,17132600.0,
2018-06-14,30.296,32.992,30.022,32.074,19566000.0,
2018-06-15,32.022,33.133,31.503,32.177,19110000.0,
2018-06-19,31.651,33.170,29.177,32.288,22722700.0,
2018-06-20,31.607,33.118,30.407,32.763,21238600.0,
2018-06-21,32.348,32.711,29.963,30.051,21438300.0,
2018-06-22,28.933,29.674,27.177,28.318,18193000.0,
2018-06-25,28.600,28.963,27.622,27.688,10814900.0,
2018-06-26,27.051,30.051,26.718,29.414,18193900.0,
2018-06-27,29.637,31.607,29.429,30.755,21729600.0,
2018-06-28,30.429,31.407,30.414,30.651,14858500.0,
2018-06-29,30.844,34.000,30.563,34.000,24108300.0,
2018-07-02,34.614,34.903,33.607,34.074,22904000.0,
2018-07-03,34.094,37.754,33.717,36.487,32740100.0,
2018-07-04,35.857,36.265,34.413,35.376,23546200.0,
2018-07-05,35.087,36.420,33.894,34.628,19753800.0,
2018-07-06,35.005,38.043,32.620,32.657,37693900.0,
2018-07-09,32.413,34.998,32.287,34.450,28303100.0,
2018-07-10,34.324,35.561,33.894,35.346,19692300.0,
2018-07-11,34.265,36.546,33.494,36.487,24121600.0,
2018-07-12,35.961,38.339,35.746,36.857,27383300.0,
2018-07-13,36.709,37.376,36.065,36.717,17616100.0,
2018-07-16,37.235,38.339,36.731,37.154,16696200.0,
2018-07-17,37.005,37.672,35.754,37.117,15236400.0,
2018-07-18,37.294,37.457,34.835,35.057,16167100.0,
2018-07-19,35.376,36.398,35.228,35.672,14726900.0,
2018-07-20,35.739,36.872,35.376,36.672,16304200.0,
2018-07-23,36.857,38.894,36.487,38.280,20708600.0,
2018-07-24,38.487,38.857,36.857,37.968,15314500.0,
2018-07-25,37.635,39.057,37.324,37.680,15031000.0,
2018-07-26,37.339,37.517,35.820,36.309,12580900.0,
2018-07-27,36.013,36.472,35.043,35.791,11582000.0,
2018-07-30,35.865,36.043,34.124,34.613,11347500.0,
2018-07-31,34.583,35.102,33.383,34.161,10552600.0,
2018-08-01,34.383,35.798,34.272,34.472,14582500.0,
2018-08-02,34.043,35.376,33.524,35.131,14903000.0,
2018-08-03,34.880,35.220,33.213,33.213,10875200.0,
2018-08-06,32.946,33.909,32.117,33.228,10180600.0,
2018-08-07,33.376,34.524,32.094,34.494,13715400.0,
2018-08-08,34.043,34.331,31.568,31.731,13359400.0,
2018-08-09,31.391,35.183,31.391,35.005,23691900.0,
2018-08-10,34.857,36.857,34.709,36.450,19822400.0,
2018-08-13,36.161,38.628,36.005,38.628,19281700.0,
2018-08-14,38.272,38.339,36.294,36.887,17612900.0,
2018-08-15,36.931,37.494,36.131,37.087,14882800.0,
2018-08-16,35.761,37.124,34.939,35.302,14257700.0,
2018-08-17,36.080,36.672,34.146,35.005,13191500.0,
2018-08-20,34.561,36.139,33.983,36.131,11850900.0,
2018-08-21,35.739,37.072,35.050,36.776,13339600.0,
2018-08-22,36.561,36.776,35.509,35.709,8774400.0,
2018-08-23,35.672,37.472,35.524,36.924,15400700.0,
2018-08-24,36.887,37.420,35.968,36.391,10584300.0,
2018-08-27,36.154,37.865,35.657,37.280,14724500.0,
2018-08-28,37.280,38.583,37.243,37.746,13659300.0,
2018-08-29,37.494,37.709,36.339,36.731,10536600.0,
2018-08-30,36.583,36.968,35.954,35.968,7807400.0,
2018-08-31,36.005,36.561,35.672,35.731,8209900.0,
2018-09-03,35.339,36.968,34.420,36.680,9579000.0,
2018-09-04,36.480,38.954,36.324,38.280,16963500.0,
2018-09-05,37.968,38.265,37.080,37.080,9843100.0,
2018-09-06,37.243,38.894,36.939,38.043,13912400.0,
2018-09-07,38.161,38.902,33.961,34.857,23000000.0,
2018-09-10,34.109,34.339,32.798,33.243,13051700.0,
2018-09-11,33.457,34.176,33.250,33.680,7226600.0,
2018-09-12,33.768,34.154,32.420,32.843,8637400.0,
2018-09-13,33.524,33.672,29.931,31.983,16827200.0,
2018-09-14,31.435,31.650,30.428,30.635,11344400.0,
2018-09-17,30.420,31.265,30.280,30.635,7520400.0,
2018-09-18,30.487,31.665,30.487,31.591,8909100.0,
2018-09-19,31.598,33.035,31.043,32.243,11519200.0,
2018-09-20,32.124,32.517,31.154,31.443,7516700.0,
2018-09-21,31.672,31.865,30.413,31.554,7667100.0,
2018-09-25,31.302,33.124,31.287,32.457,9412800.0,
2018-09-26,32.287,33.220,32.109,32.502,8041000.0,
2018-09-27,32.754,33.235,32.405,32.487,7786100.0,
2018-09-28,32.628,32.665,30.909,32.087,7833800.0,
2018-10-08,31.005,31.894,30.568,30.828,7250100.0,
2018-10-09,31.072,31.428,27.487,28.324,13105800.0,
2018-10-10,28.302,29.243,27.376,28.450,10102100.0,
2018-10-11,26.850,27.968,25.413,26.287,12596200.0,
2018-10-12,26.413,27.435,25.968,27.161,10078300.0,
2018-10-15,27.161,28.339,26.917,27.094,8019400.0,
2018-10-16,27.243,28.080,26.413,26.961,7949600.0,
2018-10-17,27.598,27.998,25.968,27.961,12546400.0,
2018-10-18,27.524,27.598,26.643,26.768,8367500.0,
2018-10-19,25.376,27.546,25.087,27.302,12354400.0,
2018-10-22,27.672,29.894,27.672,29.509,14940700.0,
2018-10-23,29.502,29.665,28.124,28.139,8863300.0,
2018-10-24,28.228,28.894,28.043,28.265,7527300.0,
2018-10-25,27.080,27.331,25.894,26.828,10271800.0,
2018-10-26,27.257,27.598,26.154,26.398,6381500.0,
2018-10-29,26.717,27.280,25.894,26.598,7626000.0,
2018-10-30,26.628,26.628,23.665,24.931,16254200.0,
2018-10-31,24.983,25.635,24.657,25.250,9492500.0,
2018-11-01,25.746,26.813,25.554,25.872,11409600.0,
2018-11-02,27.228,27.931,27.013,27.643,13105700.0,
2018-11-05,27.487,28.709,27.302,28.080,10574900.0,
2018-11-06,27.798,28.324,27.154,28.228,7534700.0,
2018-11-07,27.998,29.857,27.998,28.628,10636300.0,
2018-11-08,29.043,29.450,28.080,28.220,6200100.0,
2018-11-09,27.976,28.650,27.776,27.850,4520800.0,
2018-11-12,28.102,29.035,27.850,28.961,6477500.0,
2018-11-13,28.494,29.198,28.272,28.731,7519200.0,
2018-11-14,28.635,30.183,28.472,29.294,9853400.0,
2018-11-15,29.087,29.931,29.050,29.805,6365800.0,
2018-11-16,30.094,31.168,29.894,30.717,9809700.0,
2018-11-19,30.013,31.124,29.968,30.413,6433700.0,
2018-11-20,30.183,30.583,29.309,29.820,6880800.0,
2018-11-21,29.354,29.791,28.635,28.961,6146600.0,
2018-11-22,29.065,29.435,28.946,28.968,3628500.0,
2018-11-23,28.754,29.205,27.235,27.331,7391300.0,
2018-11-26,27.368,27.643,26.168,26.828,6247100.0,
2018-11-27,27.080,27.428,26.628,27.065,4803600.0,
2018-11-28,27.117,27.880,26.894,27.798,5463600.0,
2018-11-29,28.228,28.531,26.635,26.650,6960900.0,
2018-11-30,26.694,27.709,25.968,27.368,6167700.0,
2018-12-03,28.635,30.065,28.124,29.991,12526600.0,
2018-12-04,29.672,30.139,29.583,29.998,6746800.0,
2018-12-05,29.428,30.280,29.102,29.546,6654200.0,
2018-12-06,29.546,30.880,29.287,29.354,9519200.0,
2018-12-07,29.820,30.146,29.331,29.539,4856400.0,
2018-12-10,29.457,29.968,28.983,29.524,4317600.0,
2018-12-11,29.672,30.176,29.228,29.813,4287000.0,
2018-12-12,30.043,30.191,28.939,28.968,4767100.0,
2018-12-13,29.080,29.368,28.250,29.094,5787300.0,
2018-12-14,29.080,29.146,27.754,27.828,5633800.0,
2018-12-17,27.450,27.902,27.243,27.731,3587000.0,
2018-12-18,27.583,27.820,26.968,27.302,3920700.0,
2018-12-19,27.420,27.450,26.494,26.628,3757800.0,
2018-12-20,26.561,27.302,26.561,26.850,4427000.0,
2018-12-21,26.783,27.043,26.487,26.687,3897200.0,
2018-12-24,26.680,27.472,26.265,27.472,5051200.0,
2018-12-25,27.139,27.391,26.280,27.243,6254900.0,
2018-12-26,27.265,27.287,26.302,26.309,5559700.0,
2018-12-27,26.798,26.880,25.420,25.420,5849100.0,
2018-12-28,25.524,25.672,24.731,25.198,5450300.0,
2019-01-02,25.228,25.820,25.043,25.605,4378200.0,
2019-01-03,25.413,25.954,25.383,25.494,4077100.0,
2019-01-04,25.080,26.605,25.005,26.272,5863300.0,
2019-01-07,26.894,28.931,26.894,28.405,12515200.0,
2019-01-08,28.376,29.057,28.191,28.383,8115700.0,
2019-01-09,28.472,29.672,28.154,28.613,9464500.0,
2019-01-10,28.413,28.768,27.968,28.013,5259800.0,
2019-01-11,28.109,28.554,27.694,27.961,4417100.0,
2019-01-14,28.109,28.109,27.094,27.376,3986900.0,
2019-01-15,27.287,28.191,27.139,28.191,5485600.0,
2019-01-16,27.991,29.139,27.887,27.894,6358900.0,
2019-01-17,27.754,28.154,27.124,27.198,5077700.0,
2019-01-18,27.154,28.072,26.954,27.517,4225300.0,
2019-01-21,27.517,28.857,27.317,28.746,9978300.0,
2019-01-22,28.709,28.835,28.198,28.650,5496100.0,
2019-01-23,28.413,28.702,28.005,28.420,3272000.0,
2019-01-24,28.443,31.539,28.443,31.154,18039200.0,
2019-01-25,31.161,31.968,30.924,31.117,11423900.0,
2019-01-28,31.450,32.228,31.131,31.131,8169700.0,
2019-01-29,30.865,31.628,30.487,31.205,6272300.0,
2019-01-30,30.909,31.665,30.613,30.650,4222400.0,
2019-01-31,30.820,31.783,30.820,31.050,5454800.0,
2019-02-01,31.309,32.635,31.005,32.420,6868600.0,
2019-02-11,32.502,34.154,32.502,33.450,6106400.0,
2019-02-12,33.220,33.591,32.561,32.894,6477100.0,
2019-02-13,32.894,34.235,32.643,32.991,10602100.0,
2019-02-14,32.620,33.517,32.191,33.331,7496800.0,
2019-02-15,33.139,33.420,32.768,32.857,4909300.0,
2019-02-18,32.968,34.057,32.324,33.828,11518500.0,
2019-02-19,33.635,34.391,31.902,32.672,14024800.0,
2019-02-20,32.487,32.531,31.672,32.176,8859800.0,
2019-02-21,32.250,33.146,31.457,31.628,10765800.0,
2019-02-22,31.591,33.939,31.591,33.894,13336700.0,
2019-02-25,35.746,37.309,34.339,36.709,18183600.0,
2019-02-26,36.487,37.139,34.931,35.894,13215100.0,
2019-02-27,35.376,36.161,34.717,35.228,8894100.0,
2019-02-28,35.598,36.494,35.013,35.435,8288600.0,
2019-03-01,35.672,35.991,34.724,35.546,5356100.0,
2019-03-04,36.472,39.376,35.746,38.398,15452100.0,
2019-03-05,38.346,42.517,38.191,42.517,12193500.0,
2019-03-06,46.857,47.043,43.554,45.502,29032100.0,
2019-03-07,45.605,50.176,44.228,47.450,19425200.0,
2019-03-08,46.857,52.472,44.265,51.043,27715200.0,
2019-03-11,53.880,55.746,45.665,50.191,26682900.0,
2019-03-12,51.902,55.487,50.983,55.487,21918100.0,
2019-03-13,56.857,58.709,49.746,50.561,24167700.0,
2019-03-14,49.080,50.561,47.124,48.413,18918400.0,
2019-03-15,49.057,49.672,47.213,47.880,13031800.0,
2019-03-18,47.917,50.309,45.783,49.746,14171200.0,
2019-03-19,48.931,52.265,48.005,50.309,13253800.0,
2019-03-20,49.820,50.457,47.317,48.598,10745100.0,
2019-03-21,48.443,51.154,47.591,49.391,15410700.0,
2019-03-22,50.339,51.998,48.620,50.087,13169400.0,
2019-03-25,48.783,51.628,48.472,49.902,13953700.0,
2019-03-26,49.998,51.435,47.598,47.598,13345700.0,
2019-03-27,48.257,49.109,46.205,47.680,11653300.0,
2019-03-28,47.013,50.191,47.005,47.739,12070300.0,
2019-03-29,47.368,49.894,45.768,49.443,14411100.0,
2019-04-01,49.924,52.835,49.035,51.724,15194800.0,
2019-04-02,51.672,54.635,50.917,51.235,14973700.0,
2019-04-03,50.724,51.954,50.265,51.487,9000700.0,
2019-04-04,52.413,53.272,49.168,49.820,14416100.0,
2019-04-08,49.450,49.450,46.635,46.783,14734600.0,
2019-04-09,46.857,47.961,46.043,47.043,9246600.0,
2019-04-10,46.768,47.080,45.768,46.620,7408700.0,
2019-04-11,46.561,46.561,43.657,44.457,12586100.0,
2019-04-12,44.694,45.591,44.502,45.087,6892500.0,
2019-04-15,46.005,47.117,44.161,44.368,8947200.0,
2019-04-16,43.902,46.954,43.346,46.791,11459600.0,
2019-04-17,46.717,47.109,45.820,45.968,8763300.0,
2019-04-18,45.768,46.598,45.124,45.346,5551600.0,
2019-04-19,45.191,45.739,44.450,45.005,4914800.0,
2019-04-22,45.561,47.072,45.005,45.702,11080200.0,
2019-04-23,45.591,46.487,43.968,44.613,8448300.0,
2019-04-24,44.746,47.020,43.309,46.680,13160800.0,
2019-04-25,46.487,47.117,43.731,44.072,10377100.0,
2019-04-26,43.887,45.746,43.583,44.554,8530600.0,
2019-04-29,44.983,44.983,42.524,43.005,8579900.0,
2019-04-30,42.657,43.909,42.080,42.420,6579300.0,
2019-05-06,40.191,41.191,37.902,37.902,9769500.0,
2019-05-07,38.317,38.805,37.820,38.635,6720100.0,
2019-05-08,37.880,42.776,37.605,41.561,15366900.0,
2019-05-09,41.539,45.213,41.294,44.028,16545800.0,
2019-05-10,44.028,48.709,43.435,48.709,21411800.0,
2019-05-13,47.598,49.005,46.665,47.628,13423100.0,
2019-05-14,47.524,48.124,46.339,46.776,9719000.0,
2019-05-15,47.154,47.813,46.835,47.813,10442600.0,
2019-05-16,47.517,47.524,45.880,46.835,10035500.0,
2019-05-17,48.339,49.450,46.302,46.524,15342300.0,
2019-05-20,47.968,49.368,47.420,48.198,13301500.0,
2019-05-21,47.517,48.931,46.117,47.687,11130900.0,
2019-05-22,47.731,51.309,47.509,51.005,17377200.0,
2019-05-23,50.554,50.554,47.598,47.665,16919700.0,
2019-05-24,46.176,47.339,45.968,45.983,9073500.0,
2019-05-27,46.043,49.820,46.035,49.213,12405100.0,
2019-05-28,49.154,49.731,48.339,48.828,9416400.0,
2019-05-29,48.746,49.731,48.005,48.665,8703500.0,
2019-05-30,48.050,48.087,46.154,47.302,8672000.0,
2019-05-31,47.257,48.020,46.605,46.665,6494200.0,
2019-06-03,47.161,47.568,45.013,45.709,8363700.0,
2019-06-04,45.391,46.354,44.250,44.324,7287500.0,
2019-06-05,44.983,45.250,44.080,44.494,5050600.0,
2019-06-06,44.613,45.005,43.413,44.117,5486000.0,
2019-06-10,44.331,45.228,44.198,44.857,4186300.0,
2019-06-11,44.798,46.561,44.043,46.420,8143700.0,
2019-06-12,46.368,46.828,45.761,46.413,7235000.0,
2019-06-13,46.361,46.746,45.902,45.939,4542400.0,
2019-06-14,45.502,46.398,43.820,43.887,6159000.0,
2019-06-17,43.887,44.302,41.302,42.243,8670500.0,
2019-06-18,42.043,42.820,41.820,42.265,4099200.0,
2019-06-19,44.354,44.880,43.443,43.494,7357500.0,
2019-06-20,43.480,45.487,43.228,44.628,6509800.0,
2019-06-21,45.302,47.450,45.265,46.968,11080100.0,
2019-06-24,46.709,47.576,46.205,46.783,5333400.0,
2019-06-25,46.880,46.924,44.724,45.383,5571500.0,
2019-06-26,45.072,47.961,44.805,47.717,9712400.0,
2019-06-27,47.457,49.731,47.457,49.043,10701300.0,
2019-06-28,49.043,50.265,48.191,48.524,6615500.0,
2019-07-01,50.191,50.887,49.080,49.539,8696100.0,
2019-07-02,49.465,49.480,47.954,48.309,7056400.0,
2019-07-03,48.043,48.287,46.791,47.043,6483300.0,
2019-07-04,47.228,47.531,46.465,46.968,4282000.0,
2019-07-05,46.865,47.746,46.865,47.487,5411700.0,
2019-07-08,47.250,48.065,46.494,47.154,6902800.0,
2019-07-09,46.265,47.302,45.820,46.894,4756200.0,
2019-07-10,47.451,49.688,47.414,48.037,9765600.0,
2019-07-11,48.148,48.377,46.229,46.377,7549300.0,
2019-07-12,46.266,46.740,45.414,45.844,4464000.0,
2019-07-15,45.859,48.807,45.118,48.481,10613500.0,
2019-07-16,48.311,49.237,48.303,48.637,6406800.0,
2019-07-17,49.103,50.155,48.896,49.044,8303700.0,
2019-07-18,48.148,48.214,45.785,45.807,13946500.0,
2019-07-19,46.066,47.081,45.814,46.859,8017500.0,
2019-07-22,48.111,48.748,44.340,44.488,12349900.0,
2019-07-23,43.970,45.711,43.933,45.251,5733600.0,
2019-07-24,45.333,46.303,45.133,45.414,5668600.0,
2019-07-25,45.377,46.377,45.288,45.770,6878300.0,
2019-07-26,46.029,46.155,44.585,44.948,7693600.0,
2019-07-29,45.118,46.081,44.711,45.659,6083600.0,
2019-07-30,45.659,45.918,44.859,45.044,5195100.0,
2019-07-31,45.007,45.518,44.703,45.103,5366600.0,
2019-08-01,44.674,45.029,41.896,42.451,14337100.0,
2019-08-02,41.303,42.888,40.822,42.259,7957300.0,
2019-08-05,42.074,42.548,41.459,41.563,5437800.0,
2019-08-06,40.363,41.177,39.044,40.970,7946400.0,
2019-08-07,40.992,41.481,38.600,38.888,10148100.0,
2019-08-08,39.303,40.414,38.911,40.192,7976900.0,
2019-08-09,40.451,40.844,39.081,39.555,6128300.0,
2019-08-12,39.911,40.681,39.251,40.288,8190800.0,
2019-08-13,39.859,40.525,39.407,39.637,5255200.0,
2019-08-14,40.377,41.044,40.140,40.563,9183800.0,
2019-08-15,39.444,41.081,38.896,41.066,10341000.0,
2019-08-16,40.777,42.140,40.563,41.244,9761900.0,
2019-08-19,41.659,43.681,40.985,42.777,14047900.0,
2019-08-20,42.748,43.333,41.451,41.600,8361900.0,
2019-08-21,41.488,42.266,40.400,41.725,8707000.0,
2019-08-22,41.488,44.311,41.488,43.251,15201700.0,
2019-08-23,43.807,44.429,42.740,43.207,10341300.0,
2019-08-26,42.200,45.859,42.200,45.481,17421700.0,
2019-08-27,45.459,46.363,44.755,45.563,11730400.0,
2019-08-28,45.414,45.548,44.333,44.681,8122100.0,
2019-08-29,44.674,45.170,44.303,44.711,7004000.0,
2019-08-30,44.703,46.903,44.392,45.192,15728900.0,
2019-09-02,45.407,47.385,44.644,46.881,13711800.0,
2019-09-03,46.874,49.666,46.259,48.474,16340900.0,
2019-09-04,49.148,51.251,48.748,49.859,16019400.0,
2019-09-05,50.200,52.488,49.511,50.763,13984100.0,
2019-09-06,50.607,51.488,48.303,49.355,15766100.0,
2019-09-09,49.822,51.118,49.118,51.000,13350500.0,
2019-09-10,50.896,50.896,48.407,49.118,12405600.0,
2019-09-11,49.125,49.822,47.600,48.066,10471000.0,
2019-09-12,48.459,50.029,48.288,48.511,9259400.0,
2019-09-16,48.777,50.000,48.007,49.444,9574200.0,
2019-09-17,48.933,49.022,46.970,47.622,8972900.0,
2019-09-18,47.859,48.251,47.037,48.037,5920800.0,
2019-09-19,48.029,49.414,47.674,49.200,10537600.0,
2019-09-20,49.192,50.355,48.540,49.844,11336300.0,
2019-09-23,49.822,55.103,48.822,55.103,21559600.0,
2019-09-24,56.377,60.822,56.185,57.896,26389400.0,
2019-09-25,57.733,58.674,55.481,56.377,18630200.0,
2019-09-26,56.533,57.044,50.466,50.466,21754500.0,
2019-09-27,48.970,49.437,47.074,48.377,22016000.0,
2019-09-30,47.859,48.140,45.844,45.844,12443900.0,
2019-10-08,45.948,46.725,45.274,45.637,8571900.0,
2019-10-09,45.651,46.896,44.822,46.622,6637300.0,
2019-10-10,46.674,48.600,46.400,48.444,11267700.0,
2019-10-11,48.444,48.444,46.200,46.407,12343600.0,
2019-10-14,47.096,47.488,46.622,47.266,9132900.0,
2019-10-15,46.970,46.970,45.000,45.140,9686000.0,
2019-10-16,45.118,45.688,44.303,44.303,8193500.0,
2019-10-17,44.733,44.851,43.785,43.933,6552300.0,
2019-10-18,44.133,45.037,43.563,43.681,7397100.0,
2019-10-21,43.414,44.377,42.474,44.296,5365000.0,
2019-10-22,44.229,45.229,44.088,44.807,5950700.0,
2019-10-23,44.770,45.044,43.844,43.940,4985900.0,
2019-10-24,44.044,44.163,43.563,43.963,3138100.0,
2019-10-25,44.029,45.414,43.459,45.303,6066900.0,
2019-10-28,46.822,47.525,45.474,47.111,11058700.0,
2019-10-29,47.340,49.392,46.622,46.659,13189300.0,
2019-10-30,46.155,49.081,46.044,48.148,11269800.0,
2019-10-31,48.822,50.696,48.585,49.674,14006300.0,
2019-11-01,49.533,50.214,48.600,49.822,8826600.0,
2019-11-04,50.155,50.570,48.970,49.918,8269500.0,
2019-11-05,49.903,51.918,49.859,51.155,10989500.0,
2019-11-06,50.533,51.525,48.911,49.059,10700400.0,
2019-11-07,49.192,50.185,49.118,49.859,6688000.0,
2019-11-08,50.600,50.859,49.022,49.029,7820400.0,
2019-11-11,48.377,49.385,47.859,48.066,6139400.0,
2019-11-12,48.400,48.785,46.763,48.525,7283400.0,
2019-11-13,50.992,53.651,50.363,53.651,17793000.0,
2019-11-14,56.303,56.748,54.577,55.866,26909100.0,
2019-11-15,55.607,56.770,54.163,54.481,16507900.0,
2019-11-18,54.474,55.296,53.488,54.192,10571100.0,
2019-11-19,53.933,54.674,53.192,54.563,12134900.0,
2019-11-20,54.488,55.318,53.266,53.414,12010400.0,
2019-11-21,52.822,54.007,52.585,53.592,7050600.0,
2019-11-22,53.570,55.037,50.511,51.125,15320700.0,
2019-11-25,51.711,51.933,49.266,49.570,8764300.0,
2019-11-26,49.792,50.651,49.585,50.229,7231000.0,
2019-11-27,50.229,54.481,49.933,53.600,13602200.0,
2019-11-28,53.377,55.459,53.155,54.303,12312900.0,
2019-11-29,54.859,55.325,53.711,55.192,9894900.0,
2019-12-02,55.407,57.792,54.437,56.525,12599500.0,
2019-12-03,55.637,57.266,55.303,56.518,7793300.0,
2019-12-04,56.518,62.444,56.518,61.214,22587700.0,
2019-12-05,60.977,65.237,60.533,62.570,22094600.0,
2019-12-06,62.948,64.629,62.281,64.163,11408100.0,
2019-12-09,64.600,65.392,62.925,62.925,10009600.0,
2019-12-10,62.970,65.029,61.859,64.007,10876200.0,
2019-12-11,63.451,66.400,62.022,63.837,13618900.0,
2019-12-12,63.637,66.118,63.637,64.525,12181800.0,
2019-12-13,64.881,65.037,61.563,64.155,12261300.0,
2019-12-16,63.800,65.637,62.155,65.637,14406400.0,
2019-12-17,65.237,65.340,63.192,64.429,10761600.0,
2019-12-18,64.103,66.392,64.037,65.266,11769400.0,
2019-12-19,65.333,65.333,60.600,62.229,15482700.0,
2019-12-20,62.111,62.696,60.822,60.837,7382600.0,
2019-12-23,58.637,59.859,57.874,58.377,12785200.0,
2019-12-24,58.955,61.659,58.474,61.340,10161000.0,
2019-12-25,61.696,67.637,61.340,66.888,19511200.0,
2019-12-26,66.155,66.881,65.044,66.051,8315900.0,
2019-12-27,65.785,65.844,62.585,63.051,11320100.0,
2019-12-30,63.059,64.177,60.866,62.903,8612000.0,
2019-12-31,62.940,63.563,61.711,62.451,5423300.0,
2020-01-02,62.911,66.348,62.451,66.155,11858200.0,
2020-01-03,66.303,67.266,64.081,65.933,8892000.0,
2020-01-06,64.829,66.518,64.192,64.563,9526700.0,
2020-01-07,63.933,65.348,63.933,64.911,6799000.0,
2020-01-08,64.674,64.674,62.548,63.274,7857500.0,
2020-01-09,63.970,64.666,62.866,64.481,7684300.0,
2020-01-10,64.674,67.385,63.933,64.674,12101000.0,
2020-01-13,64.674,71.414,64.674,71.414,13550700.0,
2020-01-14,75.155,77.918,73.288,76.637,19851400.0,
2020-01-15,75.948,77.859,74.674,77.266,12333700.0,
2020-01-16,78.555,84.459,78.007,80.970,16838800.0,
2020-01-17,81.548,82.444,79.037,80.970,11643300.0,
2020-01-20,80.422,86.963,80.422,84.659,12924200.0,
2020-01-21,83.333,85.859,82.325,84.229,8513200.0,
2020-01-22,84.229,91.340,80.185,91.340,12057400.0,
2020-01-23,88.614,93.044,81.933,85.044,15981900.0,
2020-02-03,76.266,79.118,76.266,76.266,13677600.0,
2020-02-04,77.637,84.170,77.637,84.170,11377500.0,
2020-02-05,85.051,92.859,85.051,89.577,17199200.0,
2020-02-06,88.533,98.807,87.637,98.807,15238900.0,
2020-02-07,99.096,105.785,95.785,104.644,13103300.0,
2020-02-10,101.711,104.614,98.296,101.029,11888600.0,
2020-02-11,99.911,103.637,99.911,101.933,9333700.0,
2020-02-12,101.177,103.563,99.044,102.711,11038800.0,
2020-02-13,102.711,111.192,101.488,104.888,14366000.0,
2020-02-14,102.881,109.488,101.118,102.014,11465500.0,
2020-02-17,103.377,106.481,102.155,105.711,8771500.0,
2020-02-18,106.525,113.548,105.792,111.348,11572400.0,
2020-02-19,109.859,115.933,107.577,112.200,11775200.0,
2020-02-20,111.192,114.874,105.807,112.000,13863000.0,
2020-02-21,109.303,112.074,109.125,110.600,11160300.0,
2020-02-24,110.007,121.933,109.511,121.933,16798800.0,
2020-02-25,121.340,130.711,114.303,126.674,16703200.0,
2020-02-26,123.192,125.785,113.733,113.733,15802500.0,
2020-02-27,115.785,121.844,114.703,117.711,18844900.0,
2020-02-28,108.377,114.740,105.666,106.903,18665000.0,
2020-03-02,109.874,111.607,99.496,102.600,20373800.0,
2020-03-03,105.533,108.377,100.607,102.074,17638600.0,
2020-03-04,99.755,100.896,91.748,94.837,21306200.0,
2020-03-05,96.525,98.748,93.214,98.740,17006600.0,
2020-03-06,96.548,99.859,95.044,96.318,10481600.0,
2020-03-09,94.422,94.711,86.637,87.525,17123400.0,
2020-03-10,89.859,96.474,89.859,95.955,19431600.0,
2020-03-11,96.303,96.525,89.563,89.592,17244600.0,
2020-03-12,87.037,92.066,87.037,90.600,13077800.0,
2020-03-13,86.555,98.044,86.555,96.081,20519900.0,
2020-03-16,96.192,100.140,91.259,93.807,19859800.0,
2020-03-17,96.896,99.488,90.244,98.859,16261400.0,
2020-03-18,100.140,102.348,95.785,96.888,15275600.0,
2020-03-19,98.718,104.451,96.325,103.192,14580400.0,
2020-03-20,104.674,107.414,102.311,103.940,14316800.0,
2020-03-23,99.118,102.340,93.274,93.274,12979200.0,
2020-03-24,95.770,95.977,83.933,90.081,17633200.0,
2020-03-25,92.081,94.637,90.200,91.525,11262400.0,
2020-03-26,89.859,92.822,87.800,88.985,8833500.0,
2020-03-27,90.637,92.451,88.088,88.977,7393300.0,
2020-03-30,87.496,87.637,81.400,84.007,11587000.0,
2020-03-31,85.548,87.118,82.977,83.414,7427900.0,
2020-04-01,82.748,86.281,82.525,83.370,7612300.0,
2020-04-02,82.763,91.933,82.763,91.407,14748700.0,
2020-04-03,89.933,91.340,88.948,89.563,8544600.0,
2020-04-07,94.163,94.659,90.970,91.081,8866200.0,
2020-04-08,90.592,93.311,90.081,90.733,6690300.0,
2020-04-09,91.918,91.992,88.377,90.348,5951000.0,
2020-04-10,89.666,90.340,83.229,83.933,9080400.0,
2020-04-13,83.229,84.777,80.474,81.851,6077300.0,
2020-04-14,83.192,86.533,81.851,86.259,7479800.0,
2020-04-15,87.466,90.518,86.007,87.770,10324700.0,
2020-04-16,86.266,90.748,85.385,90.044,8001000.0,
2020-04-17,93.933,99.325,93.637,98.533,17996500.0,
2020-04-20,97.266,99.674,95.955,99.481,9099800.0,
2020-04-21,98.303,100.474,95.325,97.896,8207800.0,
2020-04-22,96.837,100.607,95.363,100.392,8343600.0,
2020-04-23,100.303,100.814,95.785,96.140,7908100.0,
2020-04-24,95.918,98.377,93.903,95.044,5850700.0,
2020-04-27,96.896,97.851,93.637,96.229,6294500.0,
2020-04-28,96.237,104.637,95.155,102.400,12097200.0,
2020-04-29,101.696,103.422,100.400,102.674,5768800.0,
2020-04-30,104.570,112.940,103.422,109.985,11563400.0,
2020-05-06,111.340,118.274,111.340,116.533,11463900.0,
2020-05-07,116.533,119.014,113.563,114.496,7555500.0,
2020-05-08,115.681,119.111,111.755,112.933,10147400.0,
2020-05-11,112.977,114.792,109.266,110.251,8470300.0,
2020-05-12,111.422,112.229,107.385,111.451,9829000.0,
2020-05-13,114.303,119.488,112.244,114.896,15295700.0,
2020-05-14,114.303,117.266,112.651,112.725,9473800.0,
2020-05-15,112.725,119.688,111.718,117.259,12958800.0,
2020-05-18,123.533,129.118,115.785,121.029,20849900.0,
2020-05-19,122.029,133.407,118.674,133.407,19532300.0,
2020-05-20,129.859,132.955,123.985,126.303,16427000.0,
2020-05-21,125.726,126.074,113.533,116.481,17845300.0,
2020-05-22,114.681,116.681,109.637,113.748,13733400.0,
2020-05-25,114.022,114.859,110.237,111.266,8409300.0,
2020-05-26,112.511,117.340,112.407,115.992,11466400.0,
2020-05-27,114.674,121.244,114.311,117.022,11682600.0,
2020-05-28,117.111,117.111,105.859,108.911,16201700.0,
2020-05-29,106.896,111.555,106.266,109.859,9559600.0,
2020-06-01,112.081,116.340,110.666,113.748,11246300.0,
2020-06-02,115.777,116.533,112.822,114.414,10357400.0,
2020-06-03,114.740,116.437,112.229,113.140,8880200.0,
2020-06-04,113.140,114.303,109.488,110.133,7358300.0,
2020-06-05,110.644,113.192,110.451,111.437,6595700.0,
2020-06-08,112.977,115.466,111.829,112.111,6909700.0,
2020-06-09,111.029,114.525,109.185,113.807,6912000.0,
2020-06-10,112.822,113.170,109.970,112.651,6780600.0,
2020-06-11,113.703,117.696,112.822,113.563,11702900.0,
2020-06-12,109.859,111.785,108.400,108.533,13947800.0,
2020-06-15,106.822,107.074,103.118,103.133,11452700.0,
2020-06-16,104.822,107.844,104.681,107.785,8554000.0,
2020-06-17,108.007,108.585,106.155,107.977,4975000.0,
2020-06-18,108.140,110.511,105.792,109.977,7685100.0,
2020-06-19,111.340,114.963,108.614,112.829,8510100.0,
2020-06-22,115.414,122.822,115.192,121.955,13243000.0,
2020-06-23,120.713,122.357,118.054,121.654,10076900.0,
2020-06-24,122.713,126.083,121.387,122.528,9174600.0,
2020-06-29,121.757,124.409,119.535,120.454,7282100.0,
2020-06-30,123.239,125.402,122.039,123.913,6846100.0,
2020-07-01,124.261,129.594,122.498,126.017,9177600.0,
2020-07-02,125.943,129.165,123.239,124.202,8956700.0,
2020-07-03,123.461,134.461,123.461,130.765,12818000.0,
2020-07-06,132.039,144.113,131.387,144.113,14433800.0,
2020-07-07,149.898,158.794,145.535,147.557,15022000.0,
2020-07-08,148.498,156.409,146.868,154.335,11299100.0,
2020-07-09,150.609,160.194,149.631,154.350,11370900.0,
2020-07-10,153.609,164.943,152.039,161.239,11782800.0,
2020-07-13,158.261,163.980,154.720,163.617,14336900.0,
2020-07-14,155.831,159.387,150.646,155.876,16984400.0,
2020-07-15,155.772,157.965,141.343,143.980,15500700.0,
2020-07-16,142.535,145.313,129.313,129.313,14580900.0,
2020-07-17,128.417,130.550,122.868,125.461,11928600.0,
2020-07-20,127.683,132.350,121.261,132.335,11749700.0,
2020-07-21,130.602,134.483,128.580,132.128,8214500.0,
2020-07-22,132.128,141.506,130.913,135.831,10071000.0,
2020-07-23,134.350,139.683,133.965,139.424,8911200.0,
2020-07-24,136.431,137.883,129.135,129.602,9366000.0,
2020-07-27,129.631,133.224,124.580,128.580,6383900.0,
2020-07-28,130.283,131.224,125.950,127.861,4789700.0,
2020-07-29,128.054,137.906,127.868,137.461,8499600.0,
2020-07-30,137.387,137.965,134.713,137.713,7339600.0,
2020-07-31,137.224,151.750,135.831,151.750,13472700.0,
2020-08-03,167.187,167.194,164.728,167.194,4347700.0,
2020-08-04,172.128,174.261,152.868,155.091,15768300.0,
2020-08-05,163.239,163.239,155.091,156.572,14254400.0,
2020-08-06,153.239,163.683,148.313,158.772,13122100.0,
2020-08-07,157.313,158.498,144.061,151.683,13110000.0,
2020-08-10,146.209,166.202,145.461,160.868,13171100.0,
2020-08-11,159.528,168.128,158.424,160.128,10438500.0,
2020-08-12,158.794,160.306,148.417,154.809,9270100.0,
2020-08-13,156.298,157.002,148.572,149.165,7139900.0,
2020-08-14,147.691,153.602,147.691,151.387,5116200.0,
2020-08-17,151.550,156.165,149.417,155.231,6872200.0,
2020-08-18,154.720,159.165,151.076,156.002,6299200.0,
2020-08-19,154.372,161.461,149.928,151.239,9137000.0,
2020-08-20,146.943,150.409,142.957,144.720,7416800.0,
2020-08-21,146.943,147.906,143.394,145.017,4543900.0,
2020-08-24,146.202,146.202,139.535,141.535,5841400.0,
2020-08-25,145.461,145.461,139.943,142.046,4257800.0,
2020-08-26,141.750,141.750,132.861,134.128,8652800.0,
2020-08-27,134.431,140.246,131.394,137.313,6545600.0,
2020-08-28,138.054,139.706,135.594,138.602,4714000.0,
2020-08-31,140.276,141.091,133.831,133.831,7330100.0,
2020-09-01,133.239,135.980,132.157,135.031,4171600.0,
2020-09-02,135.091,135.765,130.054,130.668,7220300.0,
2020-09-03,132.039,134.720,128.794,134.343,7415500.0,
2020-09-04,132.128,141.757,131.513,135.868,11758200.0,
2020-09-07,135.831,135.831,122.017,123.335,14087000.0,
2020-09-08,122.424,123.217,119.061,121.083,7642200.0,
2020-09-09,119.172,119.328,108.794,112.128,9219500.0,
2020-09-10,115.091,117.054,112.498,113.187,6738100.0,
2020-09-11,112.831,115.313,110.646,113.757,8936500.0,
2020-09-14,113.757,114.343,109.557,110.943,8295100.0,
2020-09-15,110.972,118.624,109.505,115.831,9833600.0,
2020-09-16,114.172,116.350,112.165,112.846,5530400.0,
2020-09-17,112.868,117.305,111.291,116.187,6821300.0,
2020-09-18,115.898,118.668,114.609,118.483,5532300.0,
2020-09-21,118.720,123.120,117.831,118.476,6215100.0,
2020-09-22,116.350,118.054,114.580,114.891,3858100.0,
2020-09-23,115.705,117.298,114.350,116.061,4047100.0,
2020-09-24,114.861,115.831,112.868,113.520,3429500.0,
2020-09-25,114.646,115.002,112.187,113.498,3049300.0,
2020-09-28,112.150,113.231,109.757,111.950,4261200.0,
2020-09-29,114.046,119.454,112.994,116.639,6445300.0,
2020-09-30,117.313,117.683,114.505,115.135,3736900.0,
2020-10-09,118.128,118.987,116.061,117.091,4390000.0,
2020-10-12,118.794,129.068,117.691,129.068,10018800.0,
2020-10-13,129.387,130.906,127.431,130.639,6092500.0,
2020-10-14,130.646,130.868,125.461,126.202,5946000.0,
2020-10-15,126.239,130.054,123.231,124.387,5292700.0,
2020-10-16,125.061,126.609,122.498,125.617,3461700.0,
2020-10-19,126.143,126.935,121.202,121.965,4271700.0,
2020-10-20,121.757,124.083,119.594,123.661,3084100.0,
2020-10-21,123.794,123.980,112.950,119.091,9320400.0,
2020-10-22,116.424,119.017,115.905,116.654,3271000.0,
2020-10-23,116.580,119.165,113.772,114.143,3445600.0,
2020-10-26,113.239,116.409,112.135,115.461,2967400.0,
2020-10-27,114.283,118.054,114.017,117.520,2726000.0,
2020-10-28,117.009,118.794,114.728,118.646,3597200.0,
2020-10-29,116.039,118.417,115.831,116.824,3150800.0,
2020-10-30,117.313,127.683,117.239,123.980,10541200.0,
2020-11-02,124.387,131.387,123.239,129.876,9301200.0,
2020-11-03,130.794,134.735,129.209,131.313,8047000.0,
2020-11-04,131.313,131.335,126.068,126.209,7317200.0,
2020-11-05,129.913,131.750,127.017,129.646,6044400.0,
2020-11-06,129.646,138.054,127.676,137.965,10599000.0,
2020-11-09,140.209,151.980,140.202,148.787,12982100.0,
2020-11-10,144.720,144.868,138.646,141.757,10889800.0,
2020-11-11,139.231,141.017,129.913,130.098,10302000.0,
2020-11-12,132.713,132.713,128.054,130.424,5324900.0,
2020-11-13,128.424,134.335,127.683,132.031,5778800.0,
2020-11-16,131.980,131.980,128.172,130.202,5084100.0,
2020-11-17,129.994,133.483,124.017,133.106,8295100.0,
2020-11-18,131.757,132.861,128.424,130.261,5551300.0,
2020-11-19,127.683,132.868,127.239,129.824,4114300.0,
2020-11-20,129.757,131.076,127.372,127.809,4090800.0,
2020-11-23,127.165,129.535,125.617,127.809,4736600.0,
2020-11-24,127.654,130.543,127.654,128.350,5328400.0,
2020-11-25,128.350,129.891,127.320,128.350,4352300.0,
2020-11-26,129.076,129.565,122.646,122.757,6107500.0,
2020-11-27,121.920,125.113,120.646,122.987,4728900.0,
2020-11-30,123.239,126.039,120.957,124.720,5789400.0,
2020-12-01,124.335,124.868,122.891,124.276,4350200.0,
2020-12-02,124.720,127.239,123.535,124.024,7479500.0,
2020-12-03,123.839,123.980,118.424,119.476,8300300.0,
2020-12-04,118.876,120.846,118.424,119.817,5204700.0,
2020-12-07,123.728,129.254,123.728,127.535,13036000.0,
2020-12-08,127.550,128.054,124.061,125.313,7441300.0,
2020-12-09,125.876,126.039,121.757,121.980,5535700.0,
2020-12-10,121.387,122.868,120.039,122.276,5387000.0,
2020-12-11,121.824,123.194,118.683,119.446,7275100.0,
2020-12-14,118.794,119.980,115.105,119.980,7550400.0,
2020-12-15,119.535,121.861,118.268,119.394,5766400.0,
2020-12-16,119.017,119.061,114.572,115.446,6535200.0,
2020-12-17,115.380,117.202,114.128,116.343,5301000.0,
2020-12-18,119.157,119.239,114.943,115.091,5527800.0,
2020-12-21,114.950,126.868,114.950,125.646,17884200.0,
2020-12-22,124.720,126.291,118.424,118.972,12321600.0,
2020-12-23,118.876,125.387,117.313,125.328,12404200.0,
2020-12-24,125.461,129.165,123.757,127.743,11449400.0,
2020-12-25,126.202,129.535,123.980,125.306,7621800.0,
2020-12-28,124.720,127.572,122.557,125.180,6625800.0,
2020-12-29,124.468,129.891,123.283,127.513,9002600.0,
2020-12-30,125.839,126.720,121.794,125.491,8704200.0,
2020-12-31,127.091,133.491,127.091,131.194,13934400.0,
2021-01-04,132.054,140.557,131.194,140.091,13428100.0,
2021-01-05,137.683,144.172,137.350,143.868,11875400.0,
2021-01-06,146.202,146.565,137.313,139.624,10041400.0,
2021-01-07,139.624,140.202,132.135,138.454,10684900.0,
2021-01-08,139.165,139.165,132.928,136.017,10353100.0,
2021-01-11,137.313,149.891,137.313,145.550,15208000.0,
2021-01-12,145.550,151.802,143.654,150.120,11480600.0,
2021-01-13,149.172,165.402,149.172,162.646,18285500.0,
2021-01-14,164.713,166.202,155.461,159.224,15512400.0,
2021-01-15,160.283,166.202,149.313,156.468,16613300.0,
2021-01-18,154.365,172.128,150.780,170.631,13049900.0,
2021-01-19,169.165,173.594,165.965,168.431,10172200.0,
2021-01-20,165.461,169.594,162.654,165.831,8363500.0,
2021-01-21,166.943,168.943,161.809,164.054,9517300.0,
2021-01-22,165.091,166.483,152.987,161.024,13567200.0,
2021-01-25,160.150,166.202,156.246,162.639,11380600.0,
2021-01-26,162.468,165.698,155.661,159.017,7613900.0,
2021-01-27,158.498,160.868,152.868,157.817,6454800.0,
2021-01-28,155.535,156.039,145.002,146.002,9675400.0,
2021-01-29,148.431,150.335,142.868,145.757,6960700.0,
2021-02-01,146.113,149.076,144.350,146.935,4365400.0,
2021-02-02,146.794,148.720,138.928,148.454,7764000.0,
2021-02-03,146.572,147.683,141.343,142.868,7596200.0,
2021-02-04,139.535,142.854,135.002,141.017,10676200.0,
2021-02-05,142.506,142.868,136.572,137.831,6715200.0,
2021-02-08,138.068,145.454,138.061,143.683,6535500.0,
2021-02-09,143.683,147.831,141.757,146.202,6264100.0,
2021-02-10,146.209,148.654,142.868,146.639,5839400.0,
2021-02-18,150.394,158.913,148.172,153.572,10734500.0,
2021-02-19,151.306,151.343,140.335,144.128,9518300.0,
2021-02-22,142.424,145.031,139.535,140.128,6094500.0,
2021-02-23,137.335,142.668,136.461,140.172,4755600.0,
2021-02-24,139.906,146.572,138.802,141.461,6855200.0,
2021-02-25,143.980,145.150,135.765,138.891,7715600.0,
2021-02-26,134.350,136.787,128.720,130.202,8928900.0,
2021-03-01,132.380,135.380,130.831,135.224,5239300.0,
2021-03-02,142.106,147.446,141.098,145.387,12605800.0,
2021-03-03,143.017,143.017,134.498,138.046,9848400.0,
2021-03-04,140.276,140.580,132.135,133.165,7383800.0,
2021-03-05,129.165,132.120,128.424,132.113,5327300.0,
2021-03-08,132.854,133.602,119.120,119.543,8926700.0,
2021-03-09,117.098,117.965,111.609,112.224,8622700.0,
2021-03-10,114.839,115.091,109.817,110.128,8022700.0,
2021-03-11,110.439,116.098,107.387,112.943,11071000.0,
2021-03-12,112.943,113.972,108.831,110.268,7237500.0,
2021-03-15,108.091,108.091,104.194,105.135,7081000.0,
2021-03-16,107.735,108.068,100.268,100.683,8643700.0,
2021-03-17,103.609,105.009,101.520,104.572,6461200.0,
2021-03-18,105.031,105.461,103.617,104.646,3993200.0,
2021-03-19,101.772,105.113,101.180,102.498,4690000.0,
2021-03-22,102.705,103.602,99.461,101.580,5449200.0,
2021-03-23,101.631,104.172,99.943,100.980,4366400.0,
2021-03-24,100.054,100.905,96.224,96.646,5472700.0,
2021-03-25,96.572,101.565,96.305,100.165,5618600.0,
2021-03-26,100.646,103.150,99.535,102.091,4932800.0,
2021-03-29,102.780,105.491,102.105,102.772,5583000.0,
2021-03-30,102.794,105.120,102.128,104.261,4498600.0,
2021-03-31,104.002,104.261,101.239,103.639,3314700.0,
2021-04-01,104.157,110.039,104.157,109.898,7014900.0,
2021-04-02,110.054,121.017,110.054,118.980,10856300.0,
2021-04-06,118.987,119.535,115.091,116.046,6213500.0,
2021-04-07,116.854,119.157,114.224,118.350,6221200.0,
2021-04-08,116.594,120.868,116.202,117.468,5315100.0,
2021-04-09,116.787,119.602,115.076,115.461,4252600.0,
2021-04-12,117.313,119.906,115.980,117.535,6415600.0,
2021-04-13,116.987,117.276,113.461,113.980,4594500.0,
2021-04-14,114.357,115.461,111.980,112.461,4462100.0,
2021-04-15,112.505,112.868,107.720,110.794,5487500.0,
2021-04-16,111.380,112.061,106.409,109.254,4374900.0,
2021-04-19,109.905,114.194,107.187,113.972,5085600.0,
2021-04-20,112.135,114.705,112.135,113.498,3734900.0,
2021-04-21,112.143,114.839,111.905,114.372,3718700.0,
2021-04-22,113.609,115.831,109.839,112.817,7141600.0,
2021-04-23,112.817,119.320,112.720,118.772,7477100.0,
2021-04-26,119.261,125.372,119.261,120.572,8158500.0,
2021-04-27,119.609,123.757,119.543,120.402,5313700.0,
2021-04-28,120.757,121.009,116.291,119.017,5530300.0,
2021-04-29,119.683,125.357,119.165,123.076,7439400.0,
2021-04-30,123.083,123.165,119.002,119.994,6001300.0,
2021-05-06,117.683,122.246,116.350,121.387,5361100.0,
2021-05-07,120.735,125.298,117.535,117.535,6713200.0,
2021-05-10,115.935,116.580,108.424,110.054,7638800.0,
2021-05-11,108.335,111.387,107.039,110.646,4336100.0,
2021-05-12,109.765,119.683,108.794,118.417,5803300.0,
2021-05-13,115.757,118.276,114.483,115.239,3524300.0,
2021-05-14,116.594,119.609,114.691,118.609,4006900.0,
2021-05-17,120.202,126.728,119.757,123.194,6688800.0,
2021-05-18,123.980,130.528,123.980,128.024,7324500.0,
2021-05-19,127.313,131.387,125.557,127.743,4684100.0,
2021-05-20,126.943,128.017,125.002,126.350,4350800.0,
2021-05-21,127.039,128.861,122.187,122.431,4052800.0,
2021-05-24,124.757,125.091,120.276,124.150,5436400.0,
2021-05-25,123.980,128.320,122.054,128.239,9163300.0,
2021-05-26,128.246,129.461,125.476,126.498,6555500.0,
2021-05-27,125.461,139.165,125.461,137.224,12983700.0,
2021-05-28,134.720,139.409,134.617,135.943,11986700.0,
2021-05-31,138.165,142.217,134.128,136.720,9102500.0,
2021-06-01,136.468,150.557,135.861,146.943,14358800.0,
2021-06-02,145.943,150.491,144.424,149.165,9639100.0,
2021-06-03,146.943,150.320,143.135,148.380,6538300.0,
2021-06-04,147.535,155.550,144.268,152.128,8785000.0,
2021-06-07,158.054,166.943,155.831,157.017,10521500.0,
2021-06-08,157.817,159.950,152.794,157.720,6541000.0,
2021-06-09,156.261,161.128,155.476,158.083,5710000.0,
2021-06-10,158.943,167.061,158.943,166.350,6956300.0,
2021-06-11,165.461,166.202,157.520,159.594,6895800.0,
2021-06-15,158.683,175.091,158.068,173.631,11023100.0,
2021-06-16,172.868,177.602,165.631,166.935,8332200.0,
2021-06-17,168.431,183.898,165.972,183.898,13065600.0,
2021-06-18,183.898,191.261,180.913,190.209,12600100.0,
2021-06-21,186.943,189.128,181.091,183.957,10467100.0,
2021-06-22,184.054,187.165,181.091,183.757,6400900.0,
2021-06-23,183.757,200.928,181.757,197.091,9881000.0,
2021-06-24,196.965,196.965,181.461,188.372,10281400.0,
2021-06-25,186.957,193.854,183.239,192.868,7805700.0,
2021-06-28,194.350,203.461,194.350,196.831,7408000.0,
2021-06-29,196.831,201.372,191.817,200.187,6008800.0,
2021-06-30,200.098,216.402,199.239,202.780,8979700.0,
2021-07-01,198.061,206.202,195.091,195.831,7159000.0,
2021-07-02,191.906,199.046,185.483,194.861,7750200.0,
2021-07-05,198.809,212.120,198.217,210.557,7840900.0,
2021-07-06,208.424,219.468,203.239,211.387,8291800.0,
2021-07-07,205.461,228.794,201.017,225.676,9737500.0,
2021-07-08,223.239,241.757,222.498,241.387,7947000.0,
2021-07-09,234.705,249.890,225.549,241.097,7796400.0,
2021-07-12,240.357,252.357,230.690,245.275,8046500.0,
2021-07-13,241.838,244.734,227.023,236.897,7758600.0,
2021-07-14,234.349,241.009,229.986,231.934,5986400.0,
2021-07-15,229.246,245.542,227.571,243.320,7426800.0,
2021-07-16,240.357,257.394,234.431,237.549,7222500.0,
2021-07-19,234.431,244.949,233.942,236.764,5590000.0,
2021-07-20,233.060,239.120,225.675,230.557,7361400.0,
2021-07-21,236.149,253.875,233.431,253.875,10427700.0,
2021-07-22,256.653,279.527,245.912,275.305,12041500.0,
2021-07-23,275.171,282.327,269.527,273.971,7253500.0,
2021-07-26,271.075,279.423,258.883,270.394,7016000.0,
2021-07-27,272.942,297.409,265.542,273.690,11127500.0,
2021-07-28,267.023,274.549,247.046,273.601,10578100.0,
2021-07-29,278.838,293.697,268.134,289.216,11603700.0,
2021-07-30,286.194,317.394,283.379,317.394,9200200.0,
2021-08-02,310.905,315.646,286.023,295.616,11910800.0,
2021-08-03,276.653,287.557,265.794,265.794,12408800.0,
2021-08-04,265.794,292.209,258.327,291.468,14114500.0,
2021-08-05,281.097,285.986,272.320,280.334,8748500.0,
2021-08-06,282.949,288.994,264.712,275.912,10167000.0,
2021-08-09,266.653,279.157,248.060,268.416,11339100.0,
2021-08-10,266.090,271.468,252.209,260.816,6890900.0,
2021-08-11,260.357,275.023,257.134,266.283,7459100.0,
2021-08-12,264.060,285.771,263.320,272.186,6726400.0,
2021-08-13,272.823,272.823,255.764,255.897,6810100.0,
2021-08-16,247.031,261.586,242.675,254.246,8142900.0,
2021-08-17,253.705,258.534,235.831,237.838,10206500.0,
2021-08-18,242.201,255.246,241.097,249.986,7440400.0,
2021-08-19,253.416,273.771,249.246,265.897,8721900.0,
2021-08-20,265.920,276.105,263.809,268.357,7419700.0,
2021-08-23,273.312,293.660,264.186,291.490,9408300.0,
2021-08-24,290.749,302.579,284.801,286.283,6412200.0,
2021-08-25,293.764,294.838,279.238,289.690,5085100.0,
2021-08-26,286.431,294.616,280.283,281.097,5514000.0,
2021-08-27,278.875,289.505,277.401,286.283,4142200.0,
2021-08-30,287.549,292.416,257.394,257.401,11102500.0,
2021-08-31,257.409,274.349,256.609,260.986,11928300.0,
2021-09-01,265.453,265.542,243.957,252.949,8168500.0,
2021-09-02,256.423,256.423,228.505,232.268,14065100.0,
2021-09-03,228.134,252.120,225.371,241.097,12292600.0,
2021-09-06,239.349,255.823,238.357,252.949,7635100.0,
2021-09-07,253.460,258.134,246.216,251.283,4872700.0,
2021-09-08,249.157,258.809,247.023,251.468,4080400.0,
2021-09-09,247.031,253.423,240.357,248.409,5035900.0,
2021-09-10,248.505,273.512,245.564,271.246,8992100.0,
2021-09-13,269.246,269.986,247.023,251.075,7994000.0,
2021-09-14,251.431,276.446,248.134,276.446,8970900.0,
2021-09-15,279.542,286.475,270.897,274.357,7320600.0,
2021-09-16,267.764,275.097,261.223,262.601,5499400.0,
2021-09-17,263.594,273.083,254.994,261.838,4471300.0,
2021-09-22,256.016,286.283,255.838,272.201,6427100.0,
2021-09-23,278.934,287.453,264.431,282.571,7079300.0,
2021-09-24,282.505,289.986,276.801,280.846,5594800.0,
2021-09-27,286.283,295.912,272.957,275.994,6586400.0,
2021-09-28,276.216,286.179,262.579,276.816,6151100.0,
2021-09-29,269.016,272.949,264.068,265.690,5402600.0,
2021-09-30,265.542,275.631,258.912,268.275,6590900.0,
2021-10-08,275.631,276.357,248.942,258.883,8460000.0,
2021-10-11,260.357,261.831,245.912,247.468,7621400.0,
2021-10-12,245.542,253.120,240.394,241.675,5320800.0,
2021-10-13,243.157,249.016,238.468,247.209,5100100.0,
2021-10-14,244.794,251.075,241.238,248.475,3255200.0,
2021-10-15,249.246,263.720,243.697,259.653,6796000.0,
2021-10-18,256.527,264.068,247.290,263.542,5625900.0,
2021-10-19,258.875,264.771,251.475,252.209,5273200.0,
2021-10-20,253.690,258.379,251.734,254.594,3816400.0,
2021-10-21,254.720,257.764,246.853,251.046,3396800.0,
2021-10-22,253.105,271.468,248.505,269.986,8242600.0,
2021-10-25,269.105,276.571,268.505,274.949,5088400.0,
2021-10-26,275.171,279.986,269.616,275.846,3770700.0,
2021-10-27,275.846,278.134,268.171,275.897,3770200.0,
2021-10-28,278.290,282.949,272.809,275.542,4066200.0,
2021-10-29,272.475,288.757,267.468,272.394,6695600.0,
2021-11-01,268.505,285.453,267.764,279.616,5740200.0,
2021-11-02,282.727,295.949,278.134,292.209,7097900.0,
2021-11-03,297.838,303.986,276.727,284.438,5639200.0,
2021-11-04,285.542,293.327,278.897,280.549,4613500.0,
2021-11-05,283.386,290.920,276.483,277.394,4571400.0,
2021-11-08,272.209,283.231,268.505,279.942,4147200.0,
2021-11-09,281.838,297.142,275.216,296.801,7084700.0,
2021-11-10,293.542,302.727,290.357,301.838,6020200.0,
2021-11-11,295.127,332.283,295.127,332.134,11258900.0,
2021-11-12,327.794,332.786,320.194,324.053,6686300.0,
2021-11-15,324.794,326.283,301.097,305.401,7001200.0,
2021-11-16,305.409,307.016,292.949,298.920,4765500.0,
2021-11-17,301.920,301.986,288.505,300.453,4632300.0,
2021-11-18,297.401,303.312,291.357,297.586,3459600.0,
2021-11-19,296.653,298.120,283.379,290.364,5744800.0,
2021-11-22,285.327,298.127,285.327,296.327,6976800.0,
2021-11-23,292.949,295.023,282.720,284.801,6368400.0,
2021-11-24,282.586,289.164,282.209,283.912,3846100.0,
2021-11-25,281.468,289.838,281.097,287.468,4139200.0,
2021-11-26,285.090,285.090,272.379,273.016,6591100.0,
2021-11-29,268.505,277.764,267.675,276.157,3942600.0,
2021-11-30,278.134,286.957,276.157,284.053,5785700.0,
2021-12-01,281.097,289.149,277.201,280.134,3612800.0,
2021-12-02,278.134,283.009,273.690,277.379,3850000.0,
2021-12-03,280.357,285.453,275.542,284.060,5934500.0,
2021-12-06,282.571,284.801,278.512,282.371,3821400.0,
2021-12-07,284.801,284.801,264.594,266.846,5707300.0,
2021-12-08,267.283,278.023,267.253,277.683,5171400.0,
2021-12-09,275.912,278.105,270.520,274.579,4076700.0,
2021-12-10,272.549,274.431,267.920,269.927,4784700.0,
2021-12-13,269.942,274.275,267.801,270.727,3613000.0,
2021-12-14,270.534,270.986,264.801,270.357,4710200.0,
2021-12-15,268.505,272.609,262.357,264.846,3884000.0,
2021-12-16,266.416,275.542,264.801,271.097,5470000.0,
2021-12-17,268.505,269.986,250.860,253.320,7581800.0,
2021-12-20,251.468,261.749,249.986,251.468,6373200.0,
2021-12-21,251.453,259.238,250.809,254.046,4461900.0,
2021-12-22,255.920,260.357,251.023,251.320,4692600.0,
2021-12-23,252.253,254.942,247.771,249.838,3440900.0,
2021-12-24,249.757,252.942,236.653,241.838,6607900.0,
2021-12-27,244.053,244.223,235.171,237.660,4289100.0,
2021-12-28,237.764,241.831,234.949,241.631,5416900.0,
2021-12-29,241.853,246.209,236.653,241.594,4460700.0,
2021-12-30,240.512,252.046,239.127,249.327,7221300.0,
2021-12-31,249.897,254.949,245.542,254.446,5207800.0,
2022-01-04,253.62,255.59,228.74,231.17,11388800.0,3649037728.0
2022-01-05,229.99,232.88,218.79,219.62,9924000.0,3029758448.0
2022-01-06,218.13,223.69,212.53,217.28,6698100.0,1991971296.0
2022-01-07,217.28,222.5,212.95,214.69,5428400.0,1609838592.0
2022-01-10,213.77,215.96,208.28,211.36,5810200.0,1682801664.0
2022-01-11,210.13,210.88,201.04,202.58,10098700.0,2821967520.0
2022-01-12,209.65,219.62,205.54,215.17,11758100.0,3410534464.0
2022-01-13,215.91,216.63,206.45,207.36,6854400.0,1955060064.0
2022-01-14,211.47,218.7,205.67,211.25,9755200.0,2854518992.0
2022-01-17,216.65,229.9,216.65,225.25,11073300.0,3407411600.0
2022-01-18,227.01,238.14,226.28,230.43,8644600.0,2744646160.0
2022-01-19,229.25,232.05,220.95,224.42,6343500.0,1945402160.0
2022-01-20,222.8,226.28,219.33,223.31,3787500.0,1156565072.0
2022-01-21,221.84,226.28,213.82,215.39,7227000.0,2146213408.0
2022-01-24,213.22,221.47,211.59,219.62,6193000.0,1835413312.0
2022-01-25,218.73,226.25,217.39,217.47,4586400.0,1389074352.0
2022-01-26,218.13,230.65,218.13,226.28,7261100.0,2227568352.0
2022-01-27,226.09,227.95,213.69,215.17,5862000.0,1758381392.0
2022-01-28,216.4,221.47,206.88,207.02,4745000.0,1379571840.0
2022-02-07,212.82,218.35,203.55,206.28,5242200.0,1500739024.0
2022-02-08,204.17,205.43,185.54,189.19,11345700.0,2949168864.0
2022-02-09,188.13,192.36,182.17,186.69,9485700.0,2410144752.0
2022-02-10,187.76,191.64,184.14,187.47,6018200.0,1544498000.0
2022-02-11,184.8,189.3,181.82,181.98,4653400.0,1180344352.0
2022-02-14,178.87,186.65,173.78,183.69,5986600.0,1492371600.0
2022-02-15,184.73,195.17,182.5,194.95,7608500.0,1988685280.0
2022-02-16,196.16,197.39,192.65,194.43,4213900.0,1124625104.0
2022-02-17,194.43,199.17,192.58,197.88,5330700.0,1429495024.0
2022-02-18,195.24,202.02,194.21,196.65,4986100.0,1350038112.0
2022-02-21,196.65,198.87,191.63,192.73,4157500.0,1102481264.0
2022-02-22,192.76,197.08,186.66,195.46,4991200.0,1316254848.0
2022-02-23,194.44,215.27,194.44,215.27,6769700.0,1937405184.0
2022-02-24,215.91,221.84,209.93,214.8,11070200.0,3259562960.0
2022-02-25,221.1,226.28,213.69,220.76,10851700.0,3274317664.0
2022-02-28,220.79,226.36,218.13,221.95,5756700.0,1743364432.0
2022-03-01,222.96,223.3,217.44,221.91,4213400.0,1268016400.0
2022-03-02,219.7,219.7,212.22,216.65,5028300.0,1477075664.0
2022-03-03,218.06,218.88,207.36,208.04,4982600.0,1436530688.0
2022-03-04,204.79,220.99,203.5,213.73,7511400.0,2195498624.0
2022-03-07,210.07,211.09,199.57,200.68,7006100.0,1951868432.0
2022-03-08,200.68,215.68,199.62,209.1,9175600.0,2616894368.0
2022-03-09,213.69,220.95,207.03,215.19,10760000.0,3156687184.0
2022-03-10,224.43,231.47,221.59,226.17,10710700.0,3313067600.0
2022-03-11,218.88,226.71,211.38,219.84,10602300.0,3159466608.0
2022-03-14,214.42,220.3,212.59,212.95,6028000.0,1777437728.0
2022-03-15,207.76,227.62,207.44,217.36,9590800.0,2873980368.0
2022-03-16,224.06,234.43,212.21,234.42,10825300.0,3298395712.0
2022-03-17,234.58,244.84,226.27,227.1,11461300.0,3680199392.0
2022-03-18,225.91,229.23,223.19,227.02,4660800.0,1438335488.0
2022-03-21,227.02,231.55,221.4,229.62,4997500.0,1556295520.0
2022-03-22,230.73,231.1,222.07,223.5,3859300.0,1183969712.0
2022-03-23,224.04,224.42,216.65,219.9,4269200.0,1279906656.0
2022-03-24,217.39,218.77,210.58,217.39,4343500.0,1271621616.0
2022-03-25,218.88,220.73,209.25,209.25,4259600.0,1244128992.0
2022-03-28,204.5,212.2,203.76,207.02,4164300.0,1183089280.0
2022-03-29,207.02,211.95,199.77,201.77,4828600.0,1355942592.0
2022-03-30,204.43,212.95,203.32,212.95,5854000.0,1668853280.0
2022-03-31,210.16,211.02,197.6,200.36,7037000.0,1945642288.0
2022-04-01,199.62,205.16,196.89,201.39,4623200.0,1275115104.0
2022-04-06,201.25,201.65,189.99,192.85,5957900.0,1573785088.0
2022-04-07,192.87,195.9,189.1,189.52,4360300.0,1140606640.0
2022-04-08,189.52,194.68,185.73,191.47,4853800.0,1269187664.0
2022-04-11,188.88,190.35,180.71,182.06,4526600.0,1144336672.0
2022-04-12,183.17,184.56,174.47,182.57,5723600.0,1409279056.0
2022-04-13,179.62,181.83,174.51,176.5,4476300.0,1093066720.0
2022-04-14,180.47,194.42,173.69,191.49,8721800.0,2209312112.0
2022-04-15,187.46,193.42,183.33,191.01,6713500.0,1734703184.0
2022-04-18,189.99,200.47,189.36,199.62,6902800.0,1857201104.0
2022-04-19,199.39,200.36,192.26,193.45,4675700.0,1250009440.0
2022-04-20,194.42,196.25,190.73,191.91,3493800.0,921096704.0
2022-04-21,190.03,198.13,188.5,191.45,4830100.0,1275886816.0
2022-04-22,191.38,194.28,179.62,185.91,7595300.0,1931356576.0
2022-04-25,178.9,181.83,167.06,167.06,7309000.0,1730679360.0
2022-04-26,162.24,169.56,162.24,163.97,5485300.0,1247179312.0
2022-04-27,159.62,177.16,158.88,176.35,8454700.0,1970933008.0
2022-04-28,174.15,178.47,169.25,173.48,6510000.0,1543188320.0
2022-04-29,175.91,178.36,164.18,174.43,10509900.0,2460100816.0
2022-05-05,172.21,175.29,160.96,171.48,11483500.0,2664119936.0
2022-05-06,164.06,169.62,161.02,161.84,7822500.0,1755184496.0
2022-05-09,159.62,160.12,152.21,153.17,9364000.0,1995937632.0
2022-05-10,151.45,168.75,149.99,166.88,16795700.0,3769874480.0
2022-05-11,165.2,179.94,164.07,172.73,14693100.0,3505627184.0
2022-05-12,171.58,183.99,170.9,179.28,9182200.0,2237902112.0
2022-05-13,181.1,182.87,175.99,181.69,6388900.0,1574394304.0
2022-05-16,181.7,184.79,175.99,176.81,5442100.0,1338180192.0
2022-05-17,177.84,190.36,175.99,189.25,8638400.0,2201783760.0
2022-05-18,191.47,194.92,189.01,192.35,6647200.0,1750720704.0
2022-05-19,189.25,197.79,188.5,194.38,6177800.0,1641624976.0
2022-05-20,194.5,198.88,189.76,192.28,5178600.0,1362576880.0
2022-05-23,192.21,196.65,187.99,195.48,4955600.0,1307656000.0
2022-05-24,193.99,200.27,190.13,191.1,5952600.0,1588807152.0
2022-05-25,190.3,196.27,189.02,191.12,4693000.0,1229950624.0
2022-05-26,190.73,190.73,181.86,187.02,4530700.0,1156949152.0
2022-05-27,189.25,194.56,186.06,187.17,4180600.0,1085326976.0
2022-05-30,187.99,190.73,184.5,189.1,3311000.0,855056544.0
2022-05-31,188.3,197.79,185.54,197.39,7089800.0,1876025072.0
2022-06-01,195.17,205.6,193.69,199.22,6429500.0,1748527776.0
2022-06-02,198.5,216.79,197.4,211.25,10448000.0,2997065440.0
2022-06-06,209.1,214.59,206.45,213.32,8094100.0,2333489536.0
2022-06-07,210.73,211.9,203.13,203.45,7281500.0,2051611552.0
2022-06-08,203.32,210.19,201.69,204.58,6340100.0,1781439856.0
2022-06-09,204.06,204.06,194.08,195.43,7453400.0,2010795552.0
2022-06-10,195.24,200.12,190.15,198.88,9143900.0,2441725056.0
2022-06-13,195.37,197.0,190.64,193.72,7211500.0,1907078144.0
2022-06-14,190.73,194.05,174.1,182.65,15057500.0,3736344784.0
2022-06-15,181.17,191.47,180.73,186.65,10350300.0,2641440368.0
2022-06-16,185.71,195.3,185.0,191.17,8139000.0,2131138752.0
2022-06-17,188.51,190.36,182.58,187.48,9937200.0,2531783552.0
2022-06-20,188.5,195.56,184.28,191.84,9253300.0,2412637472.0
2022-06-21,191.85,199.58,188.59,194.47,9568400.0,2545223152.0
2022-06-22,194.28,194.49,184.13,185.76,10853100.0,2787928272.0
2022-06-23,185.21,194.05,184.8,193.54,9679800.0,2527865776.0
2022-06-24,193.7,198.13,190.73,196.21,8312000.0,2212514720.0
2022-06-27,197.39,203.32,197.39,199.17,8304500.0,2274367152.0
2022-06-28,198.58,206.36,192.5,204.55,11535200.0,3132671360.0
2022-06-29,201.84,211.24,199.47,199.65,12796200.0,3599408608.0
2022-06-30,199.25,205.54,199.01,202.67,6229000.0,1725591152.0
2022-07-01,204.06,209.75,200.48,206.34,7250000.0,2043696768.0
2022-07-04,202.58,202.58,188.86,194.51,13270300.0,3519222336.0
2022-07-05,196.65,205.54,195.91,200.8,10757300.0,2948254288.0
2022-07-06,200.93,221.14,200.93,215.17,19533100.0,5743095552.0
2022-07-07,218.13,221.1,210.79,219.1,13811400.0,4107173488.0
2022-07-08,219.62,227.02,218.13,223.32,10367300.0,3160332704.0
2022-07-11,221.76,226.61,216.43,219.28,7413000.0,2232887760.0
2022-07-12,224.65,225.85,201.9,205.53,14744900.0,4212685147.01
2022-07-13,204.95,208.87,201.15,205.69,6922300.0,1942521185.49
2022-07-14,203.86,209.31,202.26,203.11,7042100.0,1980983203.49
2022-07-15,203.47,212.36,203.46,205.55,6878200.0,1955404641.38
2022-07-18,207.18,207.92,192.12,198.4,13320500.0,3571148232.75
2022-07-19,196.06,199.19,190.14,193.41,8133400.0,2154282063.59
2022-07-20,195.23,200.88,193.52,194.69,7009800.0,1888108094.72
2022-07-21,194.81,212.92,193.84,205.38,14468000.0,4083460316.75
2022-07-22,207.92,207.92,197.1,200.06,7676600.0,2104888340.5
2022-07-25,197.7,201.2,193.85,199.03,5522600.0,1493397497.68
2022-07-26,198.73,200.14,194.21,198.6,5411400.0,1458952838.29
2022-07-27,197.55,197.55,191.52,193.09,7034300.0,1864932769.79
2022-07-28,195.69,200.73,193.75,197.0,6892400.0,1857176829.02
2022-07-29,195.39,195.43,185.1,185.38,11293000.0,2915402705.73
2022-08-01,182.71,189.03,176.66,187.52,9547100.0,2400616838.98
2022-08-02,185.69,200.14,183.55,197.55,15589400.0,4171707049.0
2022-08-03,199.77,216.12,194.49,208.99,17625300.0,4955922770.41
2022-08-04,210.84,216.6,207.92,211.32,10862100.0,3150892304.49
2022-08-05,211.32,232.7,209.64,232.7,15695800.0,4803572262.22
2022-08-08,239.77,248.16,234.58,238.2,16761400.0,5493332204.01
2022-08-09,236.75,242.86,223.34,238.94,14029600.0,4403808865.98
2022-08-10,231.52,248.0,228.99,243.1,13430000.0,4408825380.05
2022-08-11,241.98,248.29,237.55,244.64,8388800.0,2794264538.0
2022-08-12,242.58,248.66,238.47,239.1,6659100.0,2210464687.32
2022-08-15,241.09,247.01,238.29,240.06,6034300.0,1989450929.28
2022-08-16,239.27,246.35,228.66,230.05,11696700.0,3738275178.7
2022-08-17,230.18,231.68,224.58,230.94,8396100.0,2615121545.35
2022-08-18,227.92,233.32,225.69,231.35,5970300.0,1876851154.32
2022-08-19,230.06,233.75,223.47,224.67,6369200.0,1974089999.55
2022-08-22,224.95,228.51,221.62,226.06,4567000.0,1405225051.99
2022-08-23,224.96,225.98,218.36,219.6,6222900.0,1874677890.94
2022-08-24,219.6,219.69,210.15,210.75,6435100.0,1874979472.09
2022-08-25,211.61,212.87,207.18,210.94,4633700.0,1329401922.12
2022-08-26,212.36,213.22,206.76,206.83,4864300.0,1390370810.79
2022-08-29,203.47,216.06,202.64,208.12,7197800.0,2067510528.64
2022-08-30,209.25,213.47,206.64,210.52,5783100.0,1662736152.46
2022-08-31,209.4,211.49,202.73,206.43,5909000.0,1664139647.08
2022-09-01,210.88,214.2,204.43,205.58,6260600.0,1788270688.71
2022-09-02,206.43,212.0,203.84,209.06,6111800.0,1746113578.3
2022-09-05,207.18,212.51,199.03,212.37,7389400.0,2103654803.43
2022-09-06,212.29,216.06,210.27,212.36,5529400.0,1607452103.27
2022-09-07,216.79,232.06,216.07,230.88,10134000.0,3105519612.37
2022-09-08,228.47,234.58,225.49,229.42,6082400.0,1909897020.03
2022-09-09,228.66,230.88,225.69,229.03,4368800.0,1361492772.81
2022-09-13,230.14,235.55,228.06,230.16,3514500.0,1109111965.5
2022-09-14,225.55,241.09,224.22,239.33,6929000.0,2199269862.75
2022-09-15,236.8,238.29,221.72,227.92,8247400.0,2570529204.52
2022-09-16,225.69,237.46,224.21,231.44,6551900.0,2076199047.07
2022-09-19,229.47,238.29,228.95,231.62,6456800.0,2059924140.39
2022-09-20,231.62,233.03,218.18,227.43,5606000.0,1733461561.78
2022-09-21,224.97,226.6,217.03,217.71,5777300.0,1740821659.37
2022-09-22,216.08,219.77,211.92,216.72,4305200.0,1272875364.69
2022-09-23,216.8,218.2,207.05,208.66,5297700.0,1523220354.06
2022-09-26,205.78,217.18,205.73,213.14,4877400.0,1427671327.65
2022-09-27,213.18,220.25,211.6,216.05,4667200.0,1379034613.76
2022-09-28,216.03,216.06,207.2,208.82,3228500.0,927469106.45
2022-09-29,208.94,215.18,203.32,213.68,4846300.0,1395927629.01
2022-09-30,215.92,215.92,203.49,203.77,4407200.0,1250393021.96
2022-10-10,193.84,193.84,183.15,183.15,4378800.0,1102929085.12
2022-10-11,173.84,175.32,164.58,164.58,12058800.0,2745288150.26
2022-10-12,161.63,170.13,154.56,169.4,16605800.0,3665830014.31
2022-10-13,164.33,168.66,161.22,161.84,12347000.0,2780980203.69
2022-10-14,165.1,165.6,155.4,164.12,15470900.0,3416558935.93
2022-10-17,160.09,179.35,159.44,177.55,17190400.0,4018423584.54
2022-10-18,175.32,176.66,170.36,174.51,9929400.0,2356376943.98
2022-10-19,172.95,178.34,171.09,176.06,7729400.0,1855673039.07
2022-10-20,173.84,193.92,173.79,193.92,11212500.0,2846868264.32
2022-10-21,190.14,198.2,181.95,192.08,11069000.0,2845777991.18
2022-10-24,189.4,201.65,187.92,194.51,9340600.0,2507924008.06
2022-10-25,191.77,198.94,188.89,191.39,7422300.0,1966794946.44
2022-10-26,190.88,196.06,188.4,191.47,8427800.0,2216067130.47
2022-10-27,190.31,196.12,186.89,192.32,8877900.0,2326025531.1
2022-10-28,189.23,200.51,188.66,194.51,8845900.0,2376183015.33
2022-10-31,196.04,200.4,190.52,194.36,8226500.0,2200825658.97
2022-11-01,192.36,194.58,188.66,193.78,7251800.0,1896956777.65
2022-11-02,192.21,197.55,190.06,191.36,7691600.0,2022068928.08
2022-11-03,188.66,198.77,187.92,195.69,8013100.0,2133328000.14
2022-11-04,194.63,200.86,191.4,199.47,9602200.0,2574467244.91
2022-11-07,197.99,203.1,192.36,192.84,8325600.0,2221844450.17
2022-11-08,192.66,193.83,186.86,189.0,6526100.0,1687841310.65
2022-11-09,188.92,190.79,180.51,182.43,8921800.0,2249562483.06
2022-11-10,180.66,183.44,170.29,171.62,15306500.0,3664075370.06
2022-11-11,180.32,181.23,173.69,174.0,13405000.0,3257373375.44
2022-11-14,173.1,177.35,171.21,173.46,8190700.0,1950597813.37
2022-11-15,174.94,184.95,173.11,182.74,13657000.0,3378393488.79
2022-11-16,182.73,182.73,176.07,176.9,7858300.0,1921083449.5
2022-11-17,175.63,177.23,168.67,177.14,10645500.0,2516446316.96
2022-11-18,175.32,178.95,167.92,168.31,10552400.0,2484520649.46
2022-11-21,166.43,170.14,165.52,168.43,5166800.0,1191712112.99
2022-11-22,167.92,171.62,164.04,167.7,6686700.0,1542632321.49
2022-11-23,166.68,167.85,161.75,164.78,7883900.0,1776539900.8
2022-11-24,165.69,169.57,164.64,167.63,6158500.0,1409367556.87
2022-11-25,165.69,171.2,163.84,164.22,7938300.0,1817736157.55
2022-11-28,160.51,163.93,159.6,163.47,6013900.0,1335222302.94
2022-11-29,163.47,166.43,160.83,164.22,6951300.0,1559857483.54
2022-11-30,163.58,166.59,161.25,162.65,6711300.0,1500016250.62
2022-12-01,164.95,169.55,163.89,168.65,11450900.0,2626052473.49
2022-12-02,167.18,169.88,164.33,165.64,8411600.0,1919332526.74
2022-12-05,165.63,166.06,161.25,163.73,7428200.0,1661617091.76
2022-12-06,163.73,175.98,162.74,174.06,16907600.0,3966884800.16
2022-12-07,174.58,176.79,172.73,174.82,8732300.0,2084222655.97
2022-12-08,174.58,176.15,171.74,173.84,5537500.0,1315606879.38
2022-12-09,174.58,182.0,174.58,178.89,12213100.0,2993389646.08
2022-12-12,179.03,182.73,175.69,178.26,9483100.0,2327466283.73
2022-12-13,178.26,178.26,171.16,171.84,9611700.0,2277218095.95
2022-12-14,182.66,183.14,175.54,177.03,19798600.0,4867139079.56
2022-12-15,174.29,185.32,173.89,180.6,11837900.0,2937995474.7
2022-12-16,178.29,178.9,173.84,176.23,8077400.0,1944619791.01
2022-12-19,174.58,176.19,170.88,171.18,6166200.0,1456844723.21
2022-12-20,169.4,173.09,167.32,169.27,5214300.0,1212676082.01
2022-12-21,169.23,169.55,164.46,166.43,4882900.0,1114141888.36
2022-12-22,167.09,167.54,162.47,162.69,5239800.0,1178650846.98
2022-12-23,159.14,161.99,157.55,158.89,6205500.0,1354237750.77
2022-12-26,158.58,163.66,158.58,163.29,5582500.0,1241495850.28
2022-12-27,163.29,166.58,161.84,166.08,4961700.0,1117657221.48
2022-12-28,164.8,165.93,162.0,164.06,4379100.0,983710889.25
2022-12-29,164.42,168.9,163.42,166.17,6216900.0,1417571920.25
2022-12-30,168.06,168.5,163.66,164.43,4369300.0,989612751.71
2023-01-03,163.48,168.66,162.03,168.14,6217300.0,1414147754.86
2023-01-04,168.18,171.6,164.33,165.18,8166800.0,1871856032.86
2023-01-05,164.95,167.89,163.47,166.66,6207900.0,1415237398.29
2023-01-06,165.66,168.73,164.29,166.67,6298600.0,1437702867.34
2023-01-09,167.18,170.14,165.32,167.47,6965500.0,1598219256.27
2023-01-10,167.47,171.37,166.8,168.29,8716000.0,2018172895.52
2023-01-11,171.25,175.32,166.66,167.1,11612300.0,2725283863.59
2023-01-12,168.73,168.86,163.46,164.66,6019100.0,1363074618.14
2023-01-13,165.19,165.9,163.51,165.78,4362500.0,984158992.9
2023-01-16,164.21,174.49,163.59,172.36,12386300.0,2891407344.8
2023-01-17,172.26,178.23,171.62,177.22,9480400.0,2286210399.29
2023-01-18,177.23,178.29,173.89,174.73,4930300.0,1184125147.25
2023-01-19,174.51,179.68,173.84,179.52,6496600.0,1581914020.03
2023-01-20,179.03,180.73,176.92,179.54,5825500.0,1427593812.55
2023-01-30,180.89,181.84,177.92,178.38,8301600.0,2038398106.84
2023-01-31,177.55,179.0,170.66,171.09,11579400.0,2739907138.76
2023-02-01,171.1,174.49,171.1,173.96,7443500.0,1762062678.52
2023-02-02,177.27,191.01,176.8,186.87,19722600.0,4960373145.5
2023-02-03,184.95,187.18,182.44,184.81,8157000.0,2056408359.61
2023-02-06,185.69,188.35,182.07,185.69,8146900.0,2064690347.01
2023-02-07,186.14,186.29,180.63,182.46,7359700.0,1837188974.2
2023-02-08,181.56,184.21,178.4,179.0,6444300.0,1591941611.63
2023-02-09,177.55,185.32,176.35,185.1,9549200.0,2377100347.9
2023-02-10,183.72,185.53,179.09,181.61,7275400.0,1810714880.23
2023-02-13,178.29,184.95,175.84,184.43,8116500.0,2022080552.83
2023-02-14,183.84,190.55,179.11,181.44,8961500.0,2256212912.02
2023-02-15,182.73,187.92,179.89,187.12,8512500.0,2149947231.2
2023-02-16,185.78,191.55,182.73,183.55,9113800.0,2330954198.76
2023-02-17,182.73,183.44,172.94,173.87,12483700.0,3020505366.5
2023-02-20,172.72,175.2,170.88,174.63,6625600.0,1566545442.83
2023-02-21,174.18,176.4,172.6,174.62,4428000.0,1056198874.03
2023-02-22,173.07,177.92,172.81,176.0,5364400.0,1288695563.33
2023-02-23,174.58,177.03,173.52,175.4,4022000.0,964094381.94
2023-02-24,176.33,177.1,173.1,173.35,4206800.0,1005706707.52
2023-02-27,172.16,172.6,168.03,168.49,6177000.0,1433768316.29
2023-02-28,169.38,171.9,167.18,170.32,5094100.0,1181551699.01
2023-03-01,169.22,170.63,168.14,170.62,5260900.0,1220888324.53
2023-03-02,174.58,176.09,170.88,171.4,7359700.0,1747287882.74
2023-03-03,176.8,181.99,175.98,181.95,17084400.0,4193309085.66
2023-03-06,179.77,188.29,179.03,186.35,12542800.0,3163710793.3
2023-03-07,186.35,188.12,180.69,181.0,8740500.0,2200800243.28
2023-03-08,181.0,184.95,179.99,181.98,6463500.0,1611674838.66
2023-03-09,182.73,191.38,182.29,188.87,15450000.0,3976748330.18
2023-03-10,188.0,195.07,187.55,191.0,12819000.0,3364798866.34
2023-03-13,190.87,194.51,188.95,192.24,8735900.0,2290622442.26
2023-03-14,190.14,206.43,189.7,203.47,16184500.0,4412910272.44
2023-03-15,206.91,207.1,197.92,199.03,12321000.0,3387643633.5
2023-03-16,198.07,201.1,193.06,195.32,10625600.0,2860851669.1
2023-03-17,199.96,200.21,193.1,197.55,10402400.0,2799452778.37
2023-03-20,196.95,206.59,194.84,202.95,13096800.0,3616328612.38
2023-03-21,200.73,203.83,195.9,200.35,9275400.0,2523023042.57
2023-03-22,200.51,201.18,193.84,195.71,8706000.0,2344292408.97
2023-03-23,193.79,198.8,193.03,196.32,10509700.0,2808589075.46
2023-03-24,195.32,195.32,187.88,189.4,12289000.0,3199845313.73
2023-03-27,189.4,189.4,183.3,184.52,10368700.0,2631750073.37
2023-03-28,183.69,185.55,180.63,180.76,6895900.0,1725602993.68
2023-03-29,180.8,199.08,180.27,198.93,21521400.0,5672202481.81
2023-03-30,197.54,199.4,190.15,193.08,14271500.0,3794736021.05
2023-03-31,193.25,196.72,190.51,194.47,9443900.0,2504472147.55
2023-04-03,197.62,206.35,196.8,204.87,16939200.0,4681168014.24
2023-04-04,202.73,217.29,202.36,207.42,16720400.0,4794402801.23
2023-04-06,207.42,228.4,207.18,225.27,21388200.0,6457229477.59
2023-04-07,225.27,229.86,223.92,229.15,12614700.0,3903822128.92
2023-04-10,229.55,233.75,217.55,219.55,13944300.0,4285670173.34
2023-04-11,220.38,223.36,213.13,216.36,11601000.0,3456831955.41
2023-04-12,216.89,220.4,211.21,216.95,8923200.0,2634226547.23
2023-04-13,214.51,215.13,208.02,209.4,10578500.0,3042194269.48
2023-04-14,219.77,230.59,218.66,230.59,16553500.0,5072595237.38
2023-04-17,239.77,248.52,237.18,241.18,20679500.0,6821415917.6
2023-04-18,239.18,240.48,230.88,236.43,13414800.0,4291222683.88
2023-04-19,234.58,244.61,234.51,240.21,16031400.0,5238793780.64
2023-04-20,235.78,260.4,235.32,258.29,17559200.0,6043762681.22
2023-04-21,256.06,262.75,246.48,247.38,13417800.0,4626331464.41
2023-04-24,248.66,251.29,241.52,244.15,10904800.0,3651367987.81
2023-04-25,247.4,251.03,238.43,242.64,13146600.0,4367615716.43
2023-04-26,240.78,248.27,234.55,245.69,13377200.0,4427410909.45
2023-04-27,241.6,256.42,239.16,246.66,11686300.0,3955436505.58
2023-04-28,246.66,252.47,241.18,245.34,11171800.0,3741028371.02
2023-05-04,245.53,245.53,233.92,236.3,9084400.0,2947781805.69
2023-05-05,234.58,241.43,234.22,236.16,7767700.0,2517994731.7
2023-05-08,221.35,230.57,216.09,220.68,15475600.0,4736234633.77
2023-05-09,220.68,228.01,220.51,220.64,8287100.0,2525803639.54
2023-05-10,219.0,219.76,209.4,211.99,10935000.0,3181776476.48
2023-05-11,215.92,216.97,210.14,212.14,5626800.0,1636157737.97
2023-05-12,213.11,218.55,207.55,209.18,7491000.0,2172704518.11
2023-05-15,206.43,212.0,205.03,211.41,7149200.0,2045386589.05
2023-05-16,211.41,218.93,208.9,217.51,9726000.0,2863160681.75
2023-05-17,217.05,224.1,216.06,220.33,7277300.0,2188349478.41
2023-05-18,219.03,223.1,218.38,220.69,4840100.0,1459240135.59
2023-05-19,221.99,223.99,217.72,220.72,5637900.0,1698735964.19
2023-05-22,220.87,222.66,216.8,217.78,3705500.0,1105259907.35
2023-05-23,217.07,217.07,212.9,213.46,4476100.0,1309085662.43
2023-05-24,213.34,221.26,211.32,217.92,7019500.0,2077325408.01
2023-05-25,217.19,219.69,215.33,219.15,4458700.0,1325703364.49
2023-05-26,220.14,223.98,218.3,220.95,4608500.0,1392932535.45
2023-05-29,222.36,226.72,219.09,223.14,7731200.0,2353834238.86
2023-05-30,220.87,224.69,216.49,223.55,7497600.0,2259873408.32
2023-05-31,222.74,226.72,220.51,222.32,5191200.0,1581768903.49
2023-06-01,219.76,220.37,215.47,217.29,7016600.0,2086435102.41
2023-06-02,217.43,220.88,215.24,218.43,5508300.0,1640642954.68
2023-06-05,234.51,240.52,231.01,232.36,16450100.0,5299187133.83
2023-06-06,229.77,232.43,225.56,226.8,9205500.0,2872852104.87
2023-06-07,226.8,229.2,223.48,225.69,5916800.0,1825131385.14
2023-06-08,225.12,225.2,219.03,221.18,5493100.0,1660181915.22
2023-06-09,221.18,224.95,217.95,224.95,6950600.0,2098129841.78
2023-06-12,223.38,232.35,222.74,231.47,7716700.0,2418046394.29
2023-06-13,230.66,235.49,228.29,234.95,6641700.0,2103286708.37
2023-06-14,233.46,236.72,231.84,232.06,5649200.0,1802917030.98
2023-06-15,232.06,234.67,229.51,232.69,5170700.0,1634661723.39
2023-06-16,231.12,235.01,230.51,234.88,5112700.0,1626325351.59
2023-06-19,233.55,234.38,229.66,231.3,5194700.0,1640411894.52
2023-06-20,229.4,230.88,227.18,227.89,5449600.0,1700070822.35
2023-06-21,225.62,227.89,215.71,215.99,8902700.0,2676691697.87
2023-06-26,215.32,220.42,213.25,218.4,5786300.0,1715907755.58
2023-06-27,218.4,224.21,217.55,220.49,4647400.0,1401862341.87
2023-06-28,220.51,238.29,220.49,230.16,10733600.0,3360763159.47
2023-06-29,229.84,233.55,227.18,228.5,4678400.0,1465726976.29
2023-06-30,227.21,234.57,224.99,232.84,5070100.0,1598958096.56
2023-07-03,236.79,238.27,218.95,222.67,10885900.0,3361948391.37
2023-07-04,221.92,227.75,220.51,224.61,5294600.0,1617079209.64
2023-07-05,222.75,223.69,215.32,216.06,7317500.0,2183045224.11
2023-07-06,214.95,215.32,209.4,212.35,5468200.0,1584723670.26
2023-07-07,210.96,210.96,207.66,208.76,4333900.0,1239276503.07
2023-07-10,207.92,210.87,207.41,209.75,3836400.0,1096432564.51
2023-07-11,209.55,215.4,208.66,215.15,6319500.0,1832160984.25
2023-07-12,214.58,214.58,207.92,208.48,6163500.0,1767501547.52
2023-07-13,209.1,213.16,208.73,212.34,5025100.0,1448842858.24
2023-07-14,212.99,219.43,211.04,219.28,9720000.0,2864964931.15
2023-07-17,220.1,221.58,210.16,211.73,10239700.0,2991245327.93
2023-07-18,211.21,213.34,209.36,210.14,5636900.0,1623070395.56
2023-07-19,209.08,210.84,200.08,202.79,10152400.0,2822487000.3
2023-07-20,202.76,204.39,201.21,203.04,4505300.0,1247186818.29
2023-07-21,201.56,201.56,196.53,197.42,6236300.0,1687267878.17
2023-07-24,196.39,197.99,195.5,195.98,3080200.0,825924879.87
2023-07-25,197.87,204.34,196.31,201.22,5557300.0,1513982381.0
2023-07-26,200.05,206.25,199.74,203.62,6139900.0,1709569728.8
2023-07-27,202.33,203.42,200.12,200.71,3317200.0,912656985.46
2023-07-28,200.73,204.39,200.28,202.32,4021900.0,1110876389.66
2023-07-31,202.32,208.99,201.58,208.12,7014600.0,1969041480.56
2023-08-01,208.01,208.01,204.13,206.53,4305100.0,1210096207.1
2023-08-02,205.28,209.49,204.55,207.72,5233900.0,1484482229.14
2023-08-03,206.26,210.64,205.88,208.1,3877000.0,1102435361.93
2023-08-04,208.49,209.58,203.96,206.4,4825900.0,1359505841.9
2023-08-07,205.63,208.21,205.3,207.58,2801000.0,791492986.22
2023-08-08,207.13,208.97,206.74,207.79,2574900.0,730430196.63
2023-08-09,206.91,207.5,204.02,205.67,3203000.0,898559048.99
2023-08-10,205.64,211.86,205.62,208.73,4634300.0,1323563778.75
2023-08-11,208.8,209.7,204.25,204.25,3597600.0,1009473826.06
2023-08-14,201.9,202.69,199.89,200.1,3268500.0,895868410.12
2023-08-15,200.85,202.23,194.58,198.62,3835300.0,1036326785.4
2023-08-16,197.9,200.25,191.54,191.62,4692400.0,1244270914.49
2023-08-17,191.42,196.27,190.02,193.52,3610100.0,952010407.42
2023-08-18,193.28,193.94,188.25,188.25,3391000.0,882439298.53
2023-08-21,189.42,191.65,187.19,187.26,2855100.0,735354050.84
2023-08-22,188.3,189.82,183.3,188.8,4498400.0,1145840893.57
2023-08-23,188.81,189.08,183.59,183.89,2611300.0,662676288.45
2023-08-24,185.3,192.21,184.19,190.34,5407300.0,1397436896.61
2023-08-25,188.07,190.06,187.03,188.25,3358200.0,864299952.9
2023-08-28,199.52,200.95,184.53,186.02,6895900.0,1787344267.79
2023-08-29,183.28,191.97,183.15,191.51,5547900.0,1432714014.02
2023-08-30,195.28,201.49,193.43,196.5,8775100.0,2363453018.71
2023-08-31,196.39,200.13,193.43,198.81,6208500.0,1677645420.71
2023-09-01,200.82,207.85,199.62,200.11,7523700.0,2086894391.18
2023-09-04,201.62,202.32,196.47,198.62,6370600.0,1720720051.95
2023-09-05,199.23,201.19,197.79,198.84,5907700.0,1607906117.41
2023-09-06,197.9,205.65,197.13,205.58,10449700.0,2886232297.71
2023-09-07,203.05,203.28,193.6,193.8,9621300.0,2592149833.6
2023-09-08,192.5,196.76,191.95,195.28,5057000.0,1344124088.34
2023-09-11,194.17,196.37,189.78,194.99,5424300.0,1436686444.77
2023-09-12,193.51,195.19,193.34,193.43,2688300.0,711513761.35
2023-09-13,192.41,194.39,189.0,190.21,3853900.0,1005299905.76
2023-09-14,190.22,191.21,183.8,184.51,6574200.0,1669573919.2
2023-09-15,184.61,187.21,181.43,182.43,6379000.0,1600969764.51
2023-09-18,180.84,183.15,179.36,179.71,4656800.0,1149967355.72
2023-09-19,179.71,180.23,169.39,175.58,8686000.0,2064758167.2
2023-09-20,174.73,176.34,170.9,171.19,6621500.0,1562959725.95
2023-09-21,170.47,172.17,169.58,170.03,4590100.0,1069583809.14
2023-09-22,169.73,171.95,168.52,171.58,6877200.0,1604637167.76
2023-09-25,171.21,173.37,169.48,171.95,6474800.0,1514587231.5
2023-09-26,170.84,172.82,170.17,170.18,4261100.0,996712182.51
2023-09-27,170.17,173.13,169.08,170.43,4820000.0,1125318876.45
2023-09-28,170.47,181.5,168.76,176.62,11431400.0,2728880306.61
2023-10-09,175.08,181.23,174.59,180.28,7113600.0,1734943017.23
2023-10-10,179.36,183.72,178.82,181.47,6312800.0,1565761291.71
2023-10-11,181.47,181.94,176.99,178.83,5802600.0,1421229328.23
2023-10-12,179.88,186.85,179.45,185.64,8421800.0,2106302553.15
2023-10-13,182.97,183.01,176.79,182.1,7690300.0,1892407612.05
2023-10-16,181.73,181.95,177.19,177.95,4333900.0,1057533722.4
2023-10-17,179.1,182.58,176.76,180.59,4814100.0,1182900987.33
2023-10-18,181.49,185.71,178.48,178.79,7408700.0,1847441313.71
2023-10-19,177.59,182.91,177.28,177.97,4705100.0,1158473966.82
2023-10-20,175.7,179.12,174.54,175.46,3919700.0,945924691.73
2023-10-23,175.45,176.02,170.47,171.65,3574600.0,841460314.14
2023-10-24,172.1,184.91,171.96,182.69,9457800.0,2327713538.18
2023-10-25,183.81,184.25,179.58,181.59,5575700.0,1378095535.63
2023-10-26,179.96,183.06,178.25,182.56,5308700.0,1306812373.74
2023-10-27,180.69,186.02,179.73,184.39,6097700.0,1525967822.93
2023-10-30,183.06,190.68,182.39,188.84,8063600.0,2063241705.53
2023-10-31,191.95,193.92,185.17,187.5,7050600.0,1802728401.1
2023-11-01,187.17,187.22,183.08,184.88,5137300.0,1294572591.61
2023-11-02,184.54,186.0,182.45,183.21,3590500.0,899980918.49
2023-11-03,183.48,188.99,182.85,188.28,6201700.0,1578131021.06
2023-11-06,189.75,190.1,186.45,189.53,6446200.0,1658544233.04
2023-11-07,188.99,190.76,186.62,187.76,5455200.0,1399940160.22
2023-11-08,186.85,194.54,186.42,190.45,8133600.0,2116302478.2
2023-11-09,189.1,191.39,187.77,188.28,4424300.0,1142103027.02
2023-11-10,189.06,190.16,186.76,187.51,4080700.0,1050010828.54
2023-11-13,188.02,189.71,187.24,188.34,3423300.0,879567301.7
2023-11-14,187.36,189.53,186.82,188.27,3013400.0,773932097.3
2023-11-15,189.21,189.69,185.3,185.88,4405700.0,1126524189.31
2023-11-16,185.19,185.88,180.25,181.58,5014400.0,1250253523.77
2023-11-17,180.85,183.65,180.18,180.84,3544100.0,878242952.64
2023-11-20,180.85,181.26,177.22,177.36,5546000.0,1350127656.08
2023-11-21,177.4,178.81,175.8,176.05,4346700.0,1052970860.03
2023-11-22,174.92,175.84,172.28,172.39,4634600.0,1098415750.42
2023-11-23,171.95,174.68,170.73,174.62,3930800.0,929688821.19
2023-11-24,174.16,174.69,172.1,172.5,3358400.0,793844626.85
2023-11-27,171.55,176.0,171.1,175.99,4718300.0,1126123235.36
2023-11-28,175.28,177.06,174.39,175.87,3281500.0,787222499.51
2023-11-29,176.17,177.08,172.58,172.7,4477000.0,1067447744.01
2023-11-30,171.95,173.04,170.84,171.62,3634600.0,852797176.91
2023-12-01,171.73,172.54,164.76,170.35,7040100.0,1624835192.18
2023-12-04,169.72,172.39,167.73,167.81,4137000.0,958443354.8
2023-12-05,167.48,167.49,163.73,163.76,4009900.0,909054882.09
2023-12-06,162.32,164.93,162.32,163.06,3625300.0,810072255.31
2023-12-07,162.9,162.97,155.96,158.26,7465800.0,1619950959.59
2023-12-08,158.26,163.79,158.26,162.49,6951300.0,1534118455.07
2023-12-11,161.24,167.33,159.73,166.76,6237200.0,1396323706.09
2023-12-12,166.02,167.25,165.0,166.29,3497100.0,793349402.3
2023-12-13,166.15,168.84,165.07,165.81,3153300.0,718937526.47
2023-12-14,166.68,167.49,164.47,165.25,2856300.0,647040104.55
2023-12-15,165.88,166.69,163.81,164.54,2870900.0,648580315.43
2023-12-18,163.43,164.87,161.28,161.62,3468500.0,771066273.35
2023-12-19,161.04,171.59,160.9,167.58,8106000.0,1854350996.13
2023-12-20,168.28,169.76,166.22,167.73,5226700.0,1201809397.54
2023-12-21,167.73,173.63,167.36,172.66,7605000.0,1778874942.69
2023-12-22,172.29,172.65,168.25,168.99,4737200.0,1100264488.37
2023-12-25,168.25,170.28,167.5,168.36,2437300.0,561509883.05
2023-12-26,167.73,168.08,163.8,164.9,3292300.0,743768426.44
2023-12-27,164.91,175.64,164.91,174.62,9668300.0,2284753439.45
2023-12-28,174.08,181.58,173.61,179.8,7939300.0,1936391362.37
2023-12-29,179.82,181.2,178.16,179.88,4636200.0,1139359269.61
2024-01-02,179.897,180.031,175.171,175.875,41067.0,993607281.36
2024-01-03,175.29,180.542,174.483,176.008,43118.0,1045059220.08
2024-01-04,174.875,178.223,172.046,172.875,35031.0,832252917.23
2024-01-05,172.69,175.616,169.705,171.305,33083.0,779153664.27
2024-01-08,170.838,171.949,165.32,165.416,37631.0,858997864.62
2024-01-09,166.438,167.764,162.808,166.823,45534.0,1031117166.47
2024-01-10,166.023,169.683,163.342,165.875,36461.0,832571087.88
2024-01-11,165.868,171.868,165.327,170.171,45260.0,1050580482.93
2024-01-12,169.697,170.942,168.016,169.727,26775.0,621535806.2
2024-01-15,169.357,173.875,167.208,169.72,37738.0,881692708.99
2024-01-16,175.653,179.357,174.171,178.623,97286.0,2350083477.69
2024-01-17,178.438,179.883,176.171,177.357,60984.0,1484563972.15
2024-01-18,176.305,188.083,175.668,187.334,125064.0,3116486083.6
2024-01-19,186.097,187.986,182.601,183.579,64637.0,1635933627.45
2024-01-22,183.579,187.631,181.431,183.208,84689.0,2140852103.83
2024-01-23,181.438,186.342,179.786,183.053,65123.0,1626894132.67
2024-01-24,183.06,185.401,176.564,184.631,77208.0,1902076442.72
2024-01-25,183.06,187.505,181.92,186.179,61266.0,1546163516.11
2024-01-26,184.483,186.379,180.838,181.208,53478.0,1338173284.52
2024-01-29,181.134,183.534,175.727,176.912,50234.0,1226684602.0
2024-01-30,176.29,176.29,167.194,167.764,56786.0,1326821932.17
2024-01-31,166.038,169.579,163.868,166.586,55449.0,1265026511.86
2024-02-01,166.416,175.757,166.246,172.394,64776.0,1523177146.17
2024-02-02,171.801,173.801,164.564,169.283,58420.0,1356527574.21
2024-02-05,166.883,179.357,166.549,176.357,84536.0,2002276046.07
2024-02-06,174.32,184.157,174.26,183.801,77505.0,1910678945.48
2024-02-07,183.253,185.149,180.586,182.401,59207.0,1474042206.55
2024-02-08,185.283,189.579,182.023,183.283,75072.0,1904998968.11
2024-02-19,188.986,190.379,186.031,189.357,68273.0,1758671590.48
2024-02-20,188.616,189.875,184.883,186.838,44070.0,1126082493.59
2024-02-21,185.764,193.727,184.542,190.838,70528.0,1828974175.63
2024-02-22,191.208,193.86,190.475,192.727,43101.0,1131171135.97
2024-02-23,192.749,194.542,190.149,191.697,46816.0,1227248291.31
2024-02-26,192.171,193.223,188.831,189.379,43463.0,1128388107.56
2024-02-27,188.327,196.742,187.949,196.542,56728.0,1493853307.78
2024-02-28,197.097,199.12,191.357,191.527,52358.0,1394788148.8
2024-02-29,194.912,210.394,194.646,208.29,116847.0,3263039372.19
2024-03-01,209.727,216.246,208.416,214.283,94921.0,2754205713.3
2024-03-04,214.608,218.305,211.208,214.297,68094.0,1990189539.93
2024-03-05,213.416,215.527,209.734,213.52,54258.0,1576465990.78
2024-03-06,213.505,215.32,211.208,213.431,39896.0,1161072735.49
2024-03-07,215.483,221.268,212.608,213.631,65040.0,1923390217.61
2024-03-08,215.646,222.06,214.986,221.483,81388.0,2438931464.94
2024-03-11,219.386,225.579,218.994,222.831,57288.0,1731904607.43
2024-03-12,220.838,225.275,218.023,218.92,74173.0,2230138541.31
2024-03-13,220.097,221.357,213.164,214.542,68007.0,2008385064.31
2024-03-14,214.164,215.497,211.253,212.527,55765.0,1619889257.65
2024-03-15,212.527,212.838,207.357,211.971,57263.0,1638065516.69
2024-03-18,211.246,219.186,211.208,218.66,66208.0,1948456848.67
2024-03-19,217.875,220.69,216.342,216.453,44175.0,1314865427.69
2024-03-20,216.32,218.297,213.986,217.283,31432.0,927047419.19
2024-03-21,220.616,225.046,219.357,220.912,56773.0,1717937663.5
2024-03-22,220.912,232.683,220.342,229.364,89615.0,2798131258.48
2024-03-25,228.883,239.727,225.957,232.542,74158.0,2362021297.54
2024-03-26,233.06,237.134,226.534,228.157,63144.0,1980924847.76
2024-03-27,229.305,230.097,223.49,226.431,51304.0,1584531041.28
2024-03-28,226.416,227.253,221.949,225.053,49717.0,1523019805.53
2024-03-29,224.616,228.616,219.305,224.246,48207.0,1473955195.62
2024-04-01,226.023,231.623,224.912,226.023,49912.0,1547194708.0
2024-04-02,225.283,226.749,217.134,219.06,66601.0,2004791423.64
2024-04-03,219.016,221.579,214.92,218.379,43491.0,1293896223.7
2024-04-08,221.579,224.949,219.431,220.231,46333.0,1402569188.33
2024-04-09,218.986,220.986,215.668,219.408,28815.0,857590321.47
2024-04-10,218.734,220.097,211.927,213.638,40755.0,1189437817.65
2024-04-11,212.031,215.646,211.86,213.26,32277.0,940893037.91
2024-04-12,212.675,214.764,210.616,212.69,35494.0,1031652818.47
2024-04-15,221.579,231.209,220.971,229.742,90578.0,2797517353.63
2024-04-16,227.512,230.468,225.505,226.786,51383.0,1592624526.22
2024-04-17,226.994,228.594,224.542,228.06,55557.0,1716497981.66
2024-04-18,226.023,230.32,223.86,223.964,53933.0,1665047038.71
2024-04-19,223.06,224.186,216.764,218.971,46631.0,1395796304.04
2024-04-22,215.646,220.29,213.52,218.557,39521.0,1173790884.9
2024-04-23,218.616,223.431,218.208,222.216,40786.0,1228076332.27
2024-04-24,223.06,226.616,221.927,223.801,33388.0,1018665691.15
2024-04-25,222.594,225.638,220.246,224.794,30039.0,915417173.9
2024-04-26,223.875,231.134,223.875,230.216,50200.0,1562677807.9
2024-04-29,229.875,238.305,229.12,237.134,61908.0,1981199646.71
2024-04-30,237.371,237.86,230.549,234.171,60379.0,1920876247.97
2024-05-06,237.209,239.209,233.134,234.016,41345.0,1325480339.98
2024-05-07,233.357,235.268,229.727,232.764,38103.0,1206014843.78
2024-05-08,231.949,233.801,228.579,229.586,30404.0,955497984.07
2024-05-09,229.579,230.883,227.512,230.49,48471.0,1512970068.91
2024-05-10,230.609,230.823,209.727,218.579,148179.0,4402967420.29
2024-05-13,215.653,219.801,212.66,213.875,81472.0,2403062439.21
2024-05-14,215.579,216.875,208.12,213.653,67540.0,1949274673.2
2024-05-15,211.208,216.764,210.468,212.727,33199.0,968807647.08
2024-05-16,214.171,216.394,211.942,214.038,40547.0,1183656813.56
2024-05-17,213.431,214.497,211.349,213.431,30713.0,891295342.73
2024-05-20,212.49,215.12,211.534,213.283,34190.0,995289401.58
2024-05-21,212.579,218.897,212.49,216.986,49898.0,1470767563.46
2024-05-22,217.105,217.49,212.986,215.031,33353.0,974642220.18
2024-05-23,215.053,219.12,213.801,215.031,37706.0,1111440864.55
2024-05-24,213.994,215.246,210.468,210.468,32778.0,949146393.89
2024-05-27,210.446,223.105,209.416,223.06,77706.0,2307324823.01
2024-05-28,225.134,229.727,222.705,223.786,71350.0,2199078297.24
2024-05-29,222.764,224.068,217.453,219.134,41312.0,1238209693.48
2024-05-30,217.875,222.023,217.142,220.023,35291.0,1058852829.32
2024-05-31,219.89,219.949,215.171,215.171,42368.0,1252139962.37
2024-06-03,215.668,229.72,215.653,226.675,83607.0,2563223049.44
2024-06-04,226.675,231.134,225.283,229.809,45441.0,1414067158.9
2024-06-05,230.468,233.897,229.809,231.194,44404.0,1404666906.91
2024-06-06,232.712,239.357,232.32,234.942,80246.0,2581310656.02
2024-06-07,234.942,240.72,230.52,233.72,68729.0,2195282488.37
2024-06-11,236.394,242.32,236.394,239.957,77010.0,2517237818.77
2024-06-12,244.023,244.394,237.134,238.646,58004.0,1893694218.33
2024-06-13,242.32,246.542,239.49,240.986,64779.0,2140254370.12
2024-06-14,240.09,244.453,235.668,236.986,82601.0,2691870542.17
2024-06-17,237.157,248.083,237.157,244.794,72140.0,2398499682.26
2024-06-18,244.542,247.69,242.66,245.134,40775.0,1359687716.43
2024-06-19,245.66,247.357,239.357,241.468,50043.0,1647802719.52
2024-06-20,240.838,248.023,240.268,242.727,55916.0,1864329586.47
2024-06-21,239.431,243.727,238.431,242.401,39903.0,1309665881.27
2024-06-24,242.386,245.727,238.246,239.134,37809.0,1241390307.2
2024-06-25,237.875,238.986,229.431,230.942,54896.0,1741830927.12
2024-06-26,231.668,237.009,228.49,234.579,47819.0,1511432258.65
2024-06-27,233.438,237.801,230.786,234.66,46776.0,1496054210.03
2024-06-28,232.69,236.394,231.66,234.831,39200.0,1252482767.01
2024-07-01,234.097,239.942,231.127,238.512,36758.0,1182126418.54
2024-07-02,238.66,239.468,230.801,233.438,37751.0,1205087355.83
2024-07-03,233.409,236.764,229.416,234.438,30565.0,972125149.76
2024-07-04,232.846,236.068,232.053,233.112,21164.0,673494066.15
2024-07-05,233.083,233.527,227.194,231.29,32382.0,1012247843.76
2024-07-08,231.505,236.89,230.883,232.971,36442.0,1159960004.37
2024-07-09,233.283,239.934,231.312,239.038,51260.0,1647796716.34
2024-07-10,238.364,239.786,233.49,235.179,43032.0,1381293293.08
2024-07-11,237.853,238.157,221.453,230.505,107539.0,3355118372.84
2024-07-12,228.823,242.897,227.342,241.838,90849.0,2927208648.42
2024-07-15,242.897,248.009,241.927,246.49,62045.0,2074185105.77
2024-07-16,245.86,257.712,244.92,255.912,78862.0,2701943985.5
2024-07-17,255.742,260.668,254.616,255.934,61872.0,2161375794.29
2024-07-18,253.638,262.757,250.794,261.905,75180.0,2624649710.52
2024-07-19,261.046,264.453,258.601,261.416,64417.0,2289644838.65
2024-07-22,263.638,264.268,258.038,260.238,48644.0,1720461118.36
2024-07-23,258.831,259.934,246.971,247.023,64869.0,2215961946.26
2024-07-24,246.601,248.994,243.268,244.742,40872.0,1364008797.56
2024-07-25,242.905,245.349,239.675,242.157,38729.0,1273456352.55
2024-07-26,240.69,247.342,238.675,244.342,54917.0,1813668899.71
2024-07-29,244.342,251.12,243.12,246.364,44163.0,1486219581.12
2024-07-30,244.868,250.675,241.742,247.371,38311.0,1283465968.38
2024-07-31,245.86,253.475,244.668,252.231,59319.0,2015364957.68
2024-08-01,253.253,259.305,251.468,254.179,50626.0,1752293134.72
2024-08-02,251.416,255.72,247.105,248.031,44789.0,1524499621.7
2024-08-05,244.371,248.446,237.564,237.564,58463.0,1912849977.43
2024-08-06,241.638,242.623,233.12,236.683,45094.0,1446838462.41
2024-08-07,237.897,240.646,234.016,234.786,33834.0,1091530614.19
2024-08-08,232.534,239.912,228.675,236.231,44403.0,1416169688.23
2024-08-09,239.194,241.186,235.253,236.134,32240.0,1039029453.68
2024-08-12,234.601,237.031,232.564,234.031,23683.0,754272795.05
2024-08-13,233.349,236.001,232.209,235.075,22742.0,722950823.67
2024-08-14,235.327,237.046,231.327,232.12,23158.0,735441242.65
2024-08-15,231.075,234.009,229.416,231.016,34069.0,1072977969.67
2024-08-16,231.016,234.653,229.268,232.571,30877.0,976086418.46
2024-08-19,232.897,235.401,230.816,232.675,27686.0,878001814.0
2024-08-20,233.268,233.638,228.823,230.631,24972.0,783100012.37
2024-08-21,229.564,232.438,228.157,230.275,24826.0,778511526.67
2024-08-22,229.705,231.194,220.66,226.105,58748.0,1797014016.59
2024-08-23,224.416,225.616,220.675,221.905,46644.0,1411450374.36
2024-08-26,221.905,224.327,221.046,223.349,34988.0,1060924851.29
2024-08-27,221.786,223.008,219.342,221.149,25986.0,781719684.97
2024-08-28,220.675,224.379,218.46,223.557,41771.0,1262523198.59
2024-08-29,222.616,230.705,221.416,224.512,55600.0,1706558465.77
2024-08-30,224.512,239.075,224.379,234.216,79416.0,2522682220.69
2024-09-02,235.49,237.268,225.868,226.157,49074.0,1539450379.35
2024-09-03,226.609,229.564,225.127,229.186,28795.0,892971097.94
2024-09-04,225.86,228.12,224.749,225.557,26095.0,802304584.18
2024-09-05,225.557,226.727,219.934,222.646,39225.0,1188805359.63
2024-09-06,222.157,224.349,219.194,219.268,28374.0,853792480.34
2024-09-09,217.786,221.86,217.194,217.771,31905.0,947571787.78
2024-09-10,217.742,224.757,217.349,219.727,51469.0,1541680658.85
2024-09-11,219.275,221.416,216.823,221.016,26635.0,797463898.7
2024-09-12,222.068,222.897,218.527,219.297,26262.0,786934425.8
2024-09-13,219.201,221.416,215.483,215.505,34736.0,1032880463.06
2024-09-18,216.238,217.342,214.231,216.734,22142.0,650454653.65
2024-09-19,217.12,218.838,211.779,215.127,39513.0,1157695008.58
2024-09-20,213.816,216.231,208.675,215.801,48885.0,1414237078.56
2024-09-23,214.223,216.971,206.971,208.72,56754.0,1628089419.26
2024-09-24,210.305,217.06,204.475,217.038,82729.0,2378621236.52
2024-09-25,219.268,222.69,215.238,216.749,80414.0,2398166737.82
2024-09-26,216.216,222.897,210.66,222.897,86666.0,2561063228.68
2024-09-27,225.86,245.342,225.771,245.342,120966.0,3879370477.88
2024-09-30,258.364,269.564,251.868,269.549,121624.0,4333309958.99
2024-10-08,296.66,296.66,284.379,296.66,114050.0,4572411180.4
2024-10-09,294.749,324.379,285.86,298.453,237691.0,9767142063.87
2024-10-10,306.231,307.342,279.957,286.075,141260.0,5550167467.64
2024-10-11,280.083,284.216,265.712,269.416,109780.0,4058563514.98
2024-10-14,265.12,276.223,259.223,271.794,122346.0,4435581221.84
2024-10-15,278.453,286.971,273.92,276.971,132395.0,5030614211.14
2024-10-16,265.194,270.031,262.209,267.49,93299.0,3379705465.7
2024-10-17,269.564,273.638,266.971,268.846,65722.0,2409282042.53
2024-10-18,268.846,295.883,267.734,295.609,144508.0,5598172707.57
2024-10-21,302.016,306.601,288.179,291.209,177452.0,7138086479.48
2024-10-22,287.386,301.327,285.12,292.194,114503.0,4542241408.08
2024-10-23,292.194,296.231,288.453,290.231,70839.0,2807555495.93
2024-10-24,288.083,291.49,284.023,285.779,67455.0,2628230849.58
2024-10-25,285.823,289.934,281.786,286.171,65589.0,2541815683.37
2024-10-28,286.171,286.957,280.794,283.268,55238.0,2125008691.19
2024-10-29,282.683,292.379,282.209,286.379,72031.0,2808136302.23
2024-10-30,285.12,291.786,283.12,287.475,64089.0,2493573912.95
2024-10-31,286.142,294.453,281.312,289.097,98705.0,3853452510.2
2024-11-01,285.046,289.046,281.416,285.49,68904.0,2667950066.86
2024-11-04,285.505,299.92,285.12,294.971,93725.0,3741398928.86
2024-11-05,294.964,305.86,292.231,302.534,95149.0,3865936871.26
2024-11-06,302.534,306.431,295.905,298.386,84837.0,3464966429.18
2024-11-07,296.231,317.771,295.512,314.001,118030.0,4955275021.27
2024-11-08,323.631,345.12,314.749,330.12,154594.0,6903079460.47
2024-11-11,337.712,359.786,336.016,358.964,161465.0,7661790446.76
2024-11-12,356.231,361.438,341.416,344.979,145529.0,6906686297.38
2024-11-13,340.586,357.697,340.586,345.12,102311.0,4827166757.31
2024-11-14,341.66,344.92,328.823,331.275,103885.0,4742497410.97
2024-11-15,328.423,331.046,310.69,311.549,108108.0,4688952725.15
2024-11-18,310.549,322.149,309.438,312.446,89510.0,3827070287.65
2024-11-19,312.446,323.934,310.949,320.705,92438.0,3987210784.55
2024-11-20,321.49,327.268,315.816,319.86,77317.0,3360381658.31
2024-11-21,319.683,324.142,316.994,319.868,59408.0,2581739122.9
2024-11-22,319.86,328.823,311.046,311.438,79174.0,3438594204.64
2024-11-25,308.09,317.364,302.823,308.164,86364.0,3615077937.85
2024-11-26,308.038,310.712,300.883,301.786,62312.0,2578107395.22
2024-11-27,299.712,308.349,293.253,306.534,73792.0,3025206559.34
2024-11-28,306.534,308.512,299.342,304.357,59412.0,2451645338.47
2024-11-29,303.638,311.194,299.609,306.364,83164.0,3449423863.49
2024-12-02,303.638,314.601,301.742,311.038,77628.0,3259921122.8
2024-12-03,308.823,310.957,296.305,298.757,111117.0,4526262794.58
2024-12-04,303.49,307.712,295.046,296.638,90404.0,3688031986.73
2024-12-05,296.971,298.127,293.275,294.009,66170.0,2648849305.99
2024-12-06,293.786,300.675,292.92,298.89,65608.0,2650585195.8
2024-12-09,296.312,299.097,290.964,293.12,57575.0,2300653147.54
2024-12-10,302.601,303.638,291.801,293.527,88337.0,3564798233.42
2024-12-11,292.527,294.512,287.342,287.979,73068.0,2871368068.14
2024-12-12,287.305,295.979,285.127,293.238,81733.0,3227195968.74
2024-12-13,291.046,292.897,284.379,284.734,80053.0,3120794901.3
2024-12-16,283.253,286.016,276.468,278.786,69679.0,2650193507.0
2024-12-17,277.349,285.031,277.349,282.097,64172.0,2459331368.56
2024-12-18,282.897,292.979,282.09,291.453,103904.0,4088931170.73
2024-12-19,288.083,299.379,286.246,294.675,96945.0,3861755941.68
2024-12-20,293.268,306.157,291.786,305.268,118446.0,4832382172.81
2024-12-23,302.157,304.371,296.231,297.342,86912.0,3532077247.23
2024-12-24,296.971,302.134,294.749,301.046,64615.0,2621124739.5
2024-12-25,300.186,303.942,298.453,299.342,48947.0,1996587080.95
2024-12-26,297.712,301.001,296.112,298.66,51136.0,2070008428.14
2024-12-27,297.712,310.823,296.246,303.86,102058.0,4226981317.37
2024-12-30,302.179,307.09,298.083,299.912,59736.0,2444889843.55
2024-12-31,299.327,299.86,288.083,288.083,86215.0,3412912270.25
2025-01-02,288.083,288.371,273.675,277.268,80246.0,3045922503.89
2025-01-03,278.453,282.431,274.009,276.305,65996.0,2488917787.05
2025-01-06,277.038,282.431,274.379,277.194,44971.0,1694741842.99
2025-01-07,278.453,287.934,277.697,287.838,72287.0,2791793252.38
2025-01-08,285.12,287.031,278.283,284.579,58253.0,2236047004.22
2025-01-09,284.527,286.971,283.268,284.149,36101.0,1396584388.43
2025-01-10,284.083,290.705,282.023,282.638,50520.0,1966411298.68
2025-01-13,278.416,283.638,278.283,281.757,36305.0,1386841677.45
2025-01-14,283.964,289.934,274.831,288.342,72982.0,2820051052.35
2025-01-15,286.505,287.957,281.512,281.638,52578.0,2028311339.37
2025-01-16,284.971,296.209,284.416,289.083,83860.0,3301351708.13
2025-01-17,287.342,294.009,284.86,286.29,64200.0,2512600352.57
2025-01-20,287.364,290.29,285.416,286.29,50123.0,1956228288.83
2025-01-21,288.09,292.468,285.49,290.016,59282.0,2324652542.32
2025-01-22,289.883,290.675,283.097,283.571,57734.0,2236161726.82
2025-01-23,286.601,292.371,282.305,284.164,72577.0,2832955555.81
2025-01-24,283.749,285.342,279.342,279.497,80041.0,3058725214.97
2025-01-27,279.497,280.075,276.475,277.712,44739.0,1689555230.72
2025-02-05,282.157,282.89,274.749,278.475,64102.0,2420655503.93
2025-02-06,276.601,303.12,276.327,303.12,166717.0,6651754806.21
2025-02-07,302.009,304.009,295.934,300.364,103163.0,4201797135.73
2025-02-10,301.416,301.416,294.868,299.179,63714.0,2575865758.4
2025-02-11,297.712,299.927,293.379,295.994,52964.0,2126877115.5
2025-02-12,298.446,306.727,298.186,305.609,98061.0,4036083905.2
2025-02-13,304.971,310.031,301.334,301.897,59596.0,2458875358.71
2025-02-14,299.231,308.675,296.386,308.009,75096.0,3088859135.13
2025-02-17,309.564,316.009,307.831,315.401,91473.0,3882028495.69
2025-02-18,320.105,329.305,316.268,318.453,117787.0,5160033722.04
2025-02-19,318.438,337.712,316.979,336.972,108954.0,4888295436.19
2025-02-20,335.49,340.364,332.816,336.231,64884.0,2957554465.68
2025-02-21,335.49,349.068,334.016,342.912,82757.0,3863434071.72
2025-02-24,342.897,349.564,339.194,345.12,69576.0,3252629951.25
2025-02-25,339.972,343.105,331.268,336.253,79481.0,3627728000.08
2025-02-26,339.194,346.327,333.268,342.305,59870.0,2765124167.29
2025-02-27,341.416,343.268,334.749,339.505,44080.0,2024992091.89
2025-02-28,339.112,341.838,326.512,329.771,72593.0,3288962271.28
2025-03-03,329.068,329.631,318.831,320.92,51739.0,2266926733.62
2025-03-04,318.453,320.675,313.268,317.349,54264.0,2334992141.89
2025-03-05,317.409,324.616,317.009,318.734,41217.0,1789846467.26
2025-03-06,328.734,350.764,328.734,340.957,102452.0,4746793163.18
2025-03-07,336.86,347.105,336.809,342.897,58516.0,2719685644.04
2025-03-10,341.046,345.69,334.327,336.201,41879.0,1917371432.28
2025-03-11,336.979,341.883,324.623,327.534,61763.0,2773136966.5
2025-03-12,327.534,329.934,322.438,326.453,44665.0,1977641428.37
2025-03-13,325.349,327.253,316.668,319.216,42567.0,1852518917.17
2025-03-14,319.216,327.668,317.86,323.72,46200.0,2031166204.52
2025-03-17,327.668,327.712,320.771,321.342,33396.0,1463735138.67
2025-03-18,323.638,327.12,321.631,323.394,30221.0,1330157166.66
2025-03-19,321.416,323.068,318.653,320.653,25318.0,1098560866.59
2025-03-20,319.927,319.927,315.49,316.201,30939.0,1328213853.87
2025-03-21,316.601,318.194,305.231,308.675,54038.0,2272787141.14
2025-03-24,308.675,319.816,308.179,316.527,54834.0,2343871760.2
2025-03-25,317.342,317.712,314.305,316.142,24790.0,1062845468.38
2025-03-26,314.386,319.786,314.142,315.223,26092.0,1122208723.44
2025-03-27,314.379,321.075,312.675,317.268,32373.0,1393854576.7
2025-03-28,317.334,318.157,303.638,306.527,71392.0,2982515034.46
2025-03-31,303.638,308.786,302.957,306.601,50045.0,2076430545.85
2025-04-01,307.342,316.72,305.868,316.379,63067.0,2677514765.26
2025-04-02,316.216,316.823,310.009,316.379,37539.0,1604366292.26
2025-04-03,313.342,330.675,313.142,324.364,65388.0,2884780849.59
2025-04-07,320.668,332.897,309.112,319.046,127317.0,5552454855.12
2025-04-08,322.897,326.453,311.786,317.72,94012.0,4047186368.85
2025-04-09,314.32,344.305,312.586,339.194,121063.0,5489100592.62
2025-04-10,339.194,342.534,331.786,332.905,71464.0,3263565320.88
2025-04-11,331.786,346.105,328.986,337.342,72367.0,3311139274.18
2025-04-14,341.312,341.312,333.127,337.342,42860.0,1955273452.82
2025-04-15,334.231,335.49,329.068,333.268,41436.0,1861572037.6
2025-04-16,331.416,345.823,331.416,345.112,66436.0,3060748470.79
2025-04-17,342.749,344.305,340.379,341.66,33621.0,1561417379.67
2025-04-18,339.964,341.653,330.305,334.394,38832.0,1758929754.8
2025-04-21,333.083,337.631,332.186,336.512,24804.0,1128627970.37
2025-04-22,334.379,347.786,333.401,340.564,42900.0,1987282082.65
2025-04-23,339.934,340.564,332.157,336.075,42027.0,1914315897.88
2025-04-24,335.49,337.572,333.268,336.364,23715.0,1080028180.61
2025-04-25,334.749,336.883,329.934,334.216,33475.0,1513202565.63
2025-04-28,334.972,339.638,334.231,335.06,40484.0,1851219215.78
2025-04-29,334.749,335.497,330.69,335.06,22153.0,1002328856.82
2025-04-30,334.009,334.675,328.016,332.497,41152.0,1848826983.18
2025-05-06,335.194,339.164,332.497,337.394,40548.0,1848724493.42
2025-05-07,340.675,341.416,330.305,330.527,49366.0,2228681736.39
2025-05-08,330.038,332.009,327.994,330.964,28274.0,1266491132.75
2025-05-09,328.823,328.823,324.157,325.009,39087.0,1727617781.15
2025-05-12,326.542,327.149,320.683,321.92,39724.0,1735382322.67
2025-05-13,323.638,325.32,320.675,320.675,28921.0,1264245071.65
2025-05-14,320.757,324.009,319.327,322.112,34038.0,1483392395.97
2025-05-15,322.009,322.009,315.697,316.157,28998.0,1252632288.71
2025-05-16,315.86,319.712,314.757,315.934,25061.0,1078553036.11
2025-05-19,315.971,321.653,314.164,320.675,39062.0,1688846556.18
2025-05-20,320.675,322.875,318.275,319.683,29411.0,1277456328.62
2025-05-21,318.312,318.868,314.201,314.749,36569.0,1567320809.2
2025-05-22,315.86,316.971,311.601,311.683,30925.0,1317007935.81
2025-05-23,311.683,315.712,311.046,313.164,36468.0,1549954981.5
2025-05-26,314.668,322.823,314.29,318.134,55730.0,2412910284.2
2025-05-27,318.046,319.683,315.712,316.379,25616.0,1103526828.1
2025-05-28,315.505,316.934,307.423,307.594,41818.0,1756690970.35
2025-05-29,309.542,313.994,308.609,313.446,36117.0,1526569527.44
2025-05-30,312.505,313.846,308.497,308.497,24651.0,1040880326.1
2025-06-03,309.557,318.357,309.394,313.097,29125.0,1240448094.71
2025-06-04,313.097,315.416,312.164,313.512,19410.0,825830700.79
2025-06-05,314.601,317.712,312.957,316.697,27138.0,1160630921.22
2025-06-06,316.971,319.846,315.994,317.334,23016.0,992006161.77
2025-06-09,316.342,317.194,312.749,316.831,33880.0,1445523857.96
2025-06-10,314.749,314.905,307.342,307.342,41922.0,1761279943.95
2025-06-11,307.394,310.749,306.749,307.157,30159.0,1260461177.19
2025-06-12,305.86,306.231,296.231,297.875,69304.0,2810920170.19
2025-06-13,295.631,302.868,295.549,302.571,53425.0,2182250741.42
2025-06-16,299.223,305.423,298.883,303.927,26111.0,1075201883.54
2025-06-17,304.194,308.586,303.609,306.527,31175.0,1298876229.67
2025-06-18,306.527,309.023,304.549,306.586,25575.0,1066189264.58
2025-06-19,305.749,318.579,304.475,312.201,59119.0,2520451493.63
2025-06-20,310.001,315.49,309.934,314.579,33661.0,1434980333.65
2025-06-23,315.483,326.386,314.579,323.32,61008.0,2666860346.79
2025-06-24,322.149,324.801,317.246,321.283,39203.0,1702610375.45
2025-06-25,321.29,326.083,319.831,325.549,42262.0,1852281731.21
2025-06-26,325.86,327.253,322.468,322.831,32098.0,1413259992.55
2025-06-27,322.905,324.238,319.52,320.312,39506.0,1724044618.46
2025-06-30,319.912,330.675,319.194,326.016,53765.0,2386027918.0
2025-07-01,326.305,328.823,324.46,326.823,25935.0,1151139696.82
2025-07-02,327.934,328.075,320.92,322.246,29662.0,1300351171.32
2025-07-03,324.838,328.228,319.458,327.408,40671.0,1325363604.35
2025-07-04,326.228,340.748,325.248,334.388,72858.0,2435754119.33
2025-07-07,336.538,337.218,331.038,331.918,37393.0,1251226364.45
2025-07-08,333.338,334.068,329.258,333.208,38761.0,1290041124.29
2025-07-09,332.238,339.738,330.238,330.388,43890.0,1467527245.99
2025-07-10,330.228,331.238,323.238,329.068,45895.0,1503491144.08
2025-07-11,329.238,331.498,326.838,330.068,37334.0,1233345451.03
2025-07-14,329.238,329.688,323.038,323.428,38761.0,1262181589.28
2025-07-15,323.258,326.508,321.278,322.558,41226.0,1336035967.3
2025-07-16,321.738,324.598,319.838,320.098,35954.0,1158400392.71
2025-07-17,319.238,320.238,313.568,317.838,62914.0,1994848540.52
2025-07-18,319.238,329.568,319.238,324.428,81166.0,2640128073.84
2025-07-21,324.038,324.038,317.238,319.288,59914.0,1916211403.6
2025-07-22,317.948,321.528,314.738,321.378,71052.0,2264875031.98
2025-07-23,321.608,333.788,319.038,330.738,119131.0,3925520265.78
2025-07-24,330.678,338.318,329.738,337.888,72086.0,2427450272.15
2025-07-25,337.238,341.198,332.838,341.198,62367.0,2104629927.47
2025-07-28,341.198,343.598,336.418,342.888,55965.0,1915727512.71
2025-07-29,341.198,344.598,334.238,344.028,73160.0,2504453915.78
2025-07-30,343.228,354.838,341.398,348.438,85627.0,2995457526.6
2025-07-31,348.428,349.238,333.398,334.438,93438.0,3174856343.31
2025-08-01,333.238,335.118,326.438,329.038,55444.0,1834605664.13
2025-08-04,327.348,331.118,325.048,327.498,46332.0,1520892066.12
2025-08-05,328.478,330.938,324.738,327.738,49295.0,1620486784.74
2025-08-06,328.088,331.238,325.538,330.818,49329.0,1622348260.18
2025-08-07,332.238,335.158,328.418,332.108,57116.0,1901302494.43
2025-08-08,331.238,333.188,327.988,328.328,36308.0,1200523376.81
2025-08-11,327.238,328.678,325.238,325.938,47224.0,1546101254.38
2025-08-12,326.238,333.648,325.228,331.488,70732.0,2340166574.88
2025-08-13,332.418,333.398,328.398,330.548,58260.0,1929394333.71
2025-08-14,331.598,348.738,331.598,340.898,128315.0,4399512083.29
2025-08-15,340.238,342.928,334.128,341.268,74410.0,2527229220.79
2025-08-18,342.908,348.738,338.628,346.458,87379.0,3016123968.75
2025-08-19,346.138,346.138,338.938,339.198,67810.0,2321505357.19
2025-08-20,336.958,351.098,334.398,349.728,93680.0,3217084493.76
2025-08-21,349.728,367.238,347.738,360.218,158872.0,5722309188.43
2025-08-22,360.038,388.268,359.858,382.638,188994.0,7166056651.54
2025-08-25,393.518,401.808,374.028,379.318,195663.0,7528268363.19
2025-08-26,377.238,387.718,372.358,382.238,116876.0,4453880073.73
2025-08-27,379.238,388.348,372.358,372.738,145679.0,5576008346.22
2025-08-28,371.738,397.458,371.248,396.168,179220.0,6917787835.63
2025-08-29,379.238,380.828,361.238,371.738,241986.0,8973457003.68
2025-09-01,376.238,379.478,366.338,377.078,156271.0,5851831762.86
2025-09-02,376.238,387.098,371.238,377.748,167752.0,6387709150.21
2025-09-03,377.748,378.198,368.698,372.668,95695.0,3579813417.0
2025-09-04,370.238,370.938,344.238,350.188,144364.0,5148558943.79
2025-09-05,350.188,358.038,345.238,356.518,98061.0,3445576657.19
2025-09-08,354.238,370.238,352.258,369.638,110253.0,4006504304.42
2025-09-09,368.038,371.038,357.318,362.928,88825.0,3234164665.21
2025-09-10,363.028,369.498,363.028,367.438,78342.0,2883617469.62
2025-09-11,365.338,380.838,364.038,376.678,116269.0,4356039495.67
2025-09-12,376.688,382.738,374.518,376.278,76863.0,2913922991.08
2025-09-15,381.648,382.278,375.248,379.238,71172.0,2702886089.29
2025-09-16,377.318,382.198,375.618,377.098,76006.0,2883481467.21
2025-09-17,373.238,394.238,368.788,388.628,128260.0,4936736951.63
2025-09-18,391.018,427.138,389.148,406.938,181018.0,7400832443.27
2025-09-19,407.438,412.258,400.228,401.238,102377.0,4148206721.53
2025-09-22,400.778,418.038,397.488,411.938,103310.0,4230370235.02
2025-09-23,416.908,421.288,404.238,418.038,99394.0,4102849098.24
2025-09-24,421.238,459.918,419.028,459.918,187054.0,8298813538.08
2025-09-25,468.568,468.568,441.258,452.888,174734.0,7924529592.44
2025-09-26,450.238,461.238,447.638,452.038,109475.0,4986231607.72
2025-09-29,450.038,458.238,438.288,458.238,126632.0,5691643317.13
2025-09-30,457.198,462.628,449.238,451.598,121454.0,5547344069.19
2025-10-09,456.238,472.898,452.048,457.288,170388.0,7896071555.12
2025-10-10,449.208,453.678,431.238,437.138,143862.0,6378588880.54
2025-10-13,423.238,441.958,421.248,435.038,100474.0,4370946370.07
2025-10-14,440.388,441.958,397.238,401.238,161221.0,6694611632.24
2025-10-15,404.738,412.788,394.778,411.618,108560.0,4401461163.04
2025-10-16,411.238,418.018,406.578,409.928,67135.0,2769361327.39
2025-10-17,407.238,409.038,397.318,398.668,72358.0,2912106841.09
2025-10-20,405.238,410.238,397.468,399.398,77460.0,3129711487.14
2025-10-21,401.958,410.168,400.438,407.728,75399.0,3070526730.75
2025-10-22,404.238,406.918,399.238,403.628,57613.0,2323529326.58
2025-10-23,400.518,404.118,395.758,402.818,47542.0,1901674773.91
2025-10-24,405.258,416.838,405.238,414.038,89561.0,3698285802.68
2025-10-27,421.538,432.708,417.868,428.338,112345.0,4785159727.82
2025-10-28,426.238,432.208,422.758,425.238,72911.0,3124556588.51
2025-10-29,425.218,426.488,417.288,422.858,64986.0,2741001165.43
2025-10-30,422.238,422.858,414.238,414.738,73013.0,3053149211.17
2025-10-31,414.838,419.468,403.238,406.288,75114.0,3074611950.5
2025-11-03,405.438,406.238,389.268,400.238,83428.0,3311247295.48
2025-11-04,400.238,409.698,397.038,404.668,77905.0,3161194009.97
2025-11-05,396.238,404.128,393.238,396.068,54772.0,2174887196.69
2025-11-06,398.238,412.808,398.238,410.238,77331.0,3153474537.87
2025-11-07,406.838,419.238,405.938,412.988,74528.0,3088394963.69
2025-11-10,412.988,426.238,409.878,414.928,91991.0,3850854820.81
2025-11-11,416.838,423.708,413.788,414.738,66903.0,2796597615.68
2025-11-12,411.298,419.238,405.758,412.388,62771.0,2599972491.82
2025-11-13,412.528,417.778,406.528,412.908,53188.0,2187295605.78
2025-11-14,408.238,412.498,402.908,406.738,48453.0,1981111494.36
2025-11-17,406.178,414.238,399.898,399.918,56931.0,2310801437.18
2025-11-18,399.138,434.238,397.838,422.638,154452.0,6525482351.26
2025-11-19,421.238,427.138,417.238,418.528,56305.0,2375844101.07
2025-11-20,423.238,424.238,403.418,404.238,73136.0,2991979621.39
2025-11-21,394.498,400.158,385.858,386.098,98811.0,3882186364.84
2025-11-24,389.088,422.238,389.088,415.478,155763.0,6329570543.39
2025-11-25,421.238,423.528,414.438,417.238,61605.0,2580178403.22
2025-11-26,419.248,425.528,414.618,420.948,58039.0,2452043766.08
2025-11-27,422.118,432.118,418.118,421.238,64146.0,2732297241.23
2025-11-28,418.228,433.738,416.238,427.138,77291.0,3310104783.07
2025-12-01,427.158,446.238,422.638,445.698,84879.0,3706256201.55
2025-12-02,441.818,444.218,429.238,432.518,65224.0,2843819437.13
2025-12-03,431.328,440.838,431.248,433.088,40337.0,1757323939.17
2025-12-04,427.908,455.438,424.168,449.028,79989.0,3550218705.78
2025-12-05,445.228,454.938,445.218,449.738,61506.0,2770672048.4
2025-12-08,449.338,466.798,443.098,462.238,82752.0,3782846797.79
2025-12-09,460.238,465.238,452.588,456.698,61638.0,2833064388.45
2025-12-10,456.098,459.228,448.868,457.768,47890.0,2180510924.56
2025-12-11,458.768,460.138,451.398,452.338,53485.0,2445712728.39
2025-12-12,453.338,461.908,440.958,454.338,79898.0,3616340023.44
2025-12-15,460.018,467.238,446.628,448.238,83220.0,3801040046.26
2025-12-16,444.238,449.208,437.618,442.118,53587.0,2373964297.14
2025-12-17,440.948,447.868,436.118,443.978,60970.0,2698003801.34
2025-12-18,440.238,446.858,437.308,442.338,41921.0,1856899919.83
2025-12-19,445.238,457.938,444.608,447.598,51490.0,2325618972.46
2025-12-22,448.288,467.738,448.248,464.538,70409.0,3263824935.9
2025-12-23,465.238,488.108,463.238,480.658,88255.0,4255347385.64
2025-12-24,480.238,484.248,476.238,480.338,50248.0,2416545166.02
2025-12-25,479.238,482.218,469.438,472.438,44614.0,2117177367.17
2025-12-26,471.338,472.388,455.628,458.248,81137.0,3745765256.05
2025-12-29,459.618,461.818,449.248,452.038,86592.0,3926760543.77
2025-12-30,452.488,471.168,452.488,458.238,101559.0,4696510395.52
2025-12-31,469.388,472.178,452.578,458.318,85462.0,3950405005.54
2026-01-05,467.238,474.238,461.248,473.748,112922.0,5319769982.27
2026-01-06,473.748,508.228,472.738,485.208,155474.0,7644239550.75
2026-01-07,492.238,523.208,492.238,514.658,176758.0,9062140592.26
2026-01-08,514.658,521.238,503.768,505.908,97129.0,4957720982.11
2026-01-09,502.238,510.318,490.238,496.738,108323.0,5401690886.75
2026-01-12,497.268,510.938,497.268,501.088,111784.0,5639229615.39
2026-01-13,499.238,511.768,488.338,489.438,93964.0,4685010314.24
2026-01-14,490.238,503.518,486.238,492.538,98306.0,4867733768.26
2026-01-15,489.258,508.218,481.738,505.968,124937.0,6176506637.45
2026-01-16,512.238,533.238,510.548,523.118,143116.0,7502983112.07
2026-01-19,529.138,532.238,520.238,523.108,81842.0,4310081217.26
2026-01-20,520.238,530.458,510.288,513.438,71653.0,3716117415.52
2026-01-21,512.228,528.038,506.918,508.928,111712.0,5743007930.61
2026-01-22,514.738,516.328,497.238,499.798,94280.0,4749427405.61
2026-01-23,501.238,510.118,494.238,509.608,92673.0,4662373195.7
2026-01-26,507.338,507.338,488.238,495.458,90352.0,4491201620.14
2026-01-27,493.278,507.118,492.348,496.918,76917.0,3854776904.9
2026-01-28,501.628,507.008,491.238,501.238,118823.0,5937796274.22
2026-01-29,496.218,498.238,474.238,474.608,138080.0,6653520106.9
2026-01-30,471.658,479.218,465.268,474.468,87924.0,4177203558.8
2026-02-02,470.898,472.238,460.248,460.868,95494.0,4440629428.35
2026-02-03,465.738,475.428,461.468,472.228,96087.0,4493199060.73
2026-02-04,467.268,475.238,463.738,469.838,60657.0,2851083496.85
2026-02-05,462.238,471.738,454.728,469.358,77071.0,3566880623.51
2026-02-06,467.228,479.228,464.238,471.468,83364.0,3950399259.41
2026-02-09,478.328,487.998,475.238,483.238,69534.0,3360691566.38
2026-02-10,487.188,487.188,479.538,482.138,44620.0,2155197316.8
2026-02-11,478.038,480.238,470.238,474.238,44541.0,2115590183.28
2026-02-12,476.768,477.238,470.628,474.288,51149.0,2426322123.28
2026-02-13,479.028,495.888,474.418,485.358,110623.0,5412244735.93
2026-02-24,491.038,493.238,475.268,486.568,67828.0,3294753841.97
2026-02-25,487.708,498.918,480.008,495.238,78892.0,3883655146.45
2026-02-26,495.238,497.868,482.538,488.118,67890.0,3313328018.57
2026-02-27,480.358,481.238,465.238,471.118,88904.0,4187505126.6
2026-03-02,463.798,470.548,459.268,465.038,82860.0,3850820274.08
2026-03-03,465.228,469.008,445.318,445.398,78933.0,3596900498.12
2026-03-04,442.458,455.088,442.238,448.038,63470.0,2854673206.13
2026-03-05,456.038,471.498,454.208,465.518,79818.0,3707634148.72
2026-03-06,462.728,470.598,460.118,464.618,45443.0,2122639076.71
2026-03-09,447.238,452.788,434.738,451.878,95094.0,4213740206.0
2026-03-10,458.238,459.838,451.798,456.238,54389.0,2488145313.58
2026-03-11,456.168,461.918,449.298,461.228,67935.0,3093329231.25
2026-03-12,456.238,461.238,450.078,457.228,67478.0,3074791531.76
2026-03-13,449.238,463.938,448.338,457.118,64469.0,2966622310.2
2026-03-16,454.788,457.038,441.268,453.948,73655.0,3305741077.97
2026-03-17,455.248,463.598,448.238,449.238,53996.0,2468580509.71
2026-03-18,452.938,463.238,450.738,461.688,65998.0,3026579754.21
2026-03-19,456.828,464.428,453.248,460.868,51043.0,2352971888.44
2026-03-20,460.718,473.258,457.738,467.958,81385.0,3819509328.02
2026-03-23,460.738,461.238,442.238,443.628,77369.0,3490316139.23
2026-03-24,448.828,452.688,437.028,443.238,47309.0,2106050782.4
2026-03-25,449.138,466.838,447.628,463.438,87337.0,4041525503.81
2026-03-26,458.798,460.838,444.938,445.348,61011.0,2762834601.22
2026-03-27,438.738,457.208,433.738,452.218,58054.0,2599078395.89
2026-03-30,443.348,469.248,441.358,468.078,80806.0,3706791311.63
2026-03-31,464.138,466.228,446.238,446.238,69566.0,3161360380.47
2026-04-01,454.438,460.478,449.258,449.768,63355.0,2890025430.03
2026-04-02,449.828,451.038,434.458,437.238,74915.0,3301989550.13
2026-04-03,438.338,439.838,423.298,425.688,66885.0,2875203482.75
2026-04-07,424.298,430.238,421.488,423.318,45824.0,1950908380.02
2026-04-08,436.238,465.208,436.238,463.218,141948.0,6447293264.85
2026-04-09,460.238,477.238,457.248,472.078,93029.0,4380051603.86
2026-04-10,474.238,483.648,474.238,476.128,77583.0,3723635012.56
2026-04-13,475.138,479.738,466.438,471.738,65090.0,3084163128.58
2026-04-14,477.238,491.238,475.348,480.838,74114.0,3586896149.53
2026-04-15,482.298,484.238,473.228,474.238,63951.0,3065523284.7
2026-04-16,474.238,477.118,466.878,472.798,63248.0,2981816294.76
2026-04-17,469.238,475.738,464.038,469.148,95465.0,4481463210.66
2026-04-20,446.238,475.368,444.238,470.468,186837.0,8616839068.34
2026-04-21,471.198,471.238,445.948,449.598,160056.0,7231305511.2
2026-04-22,448.238,477.238,447.238,477.188,174383.0,8193670757.78
2026-04-23,477.238,484.188,469.818,474.238,97353.0,4647452972.12
2026-04-24,474.268,484.458,463.038,471.938,129793.0,6164129851.71
2026-04-27,480.438,519.138,475.198,515.488,204329.0,10278053348.98
2026-04-28,510.778,536.488,503.238,516.448,138254.0,7207868963.68
2026-04-29,509.458,516.458,501.438,509.948,93026.0,4737543676.01
2026-04-30,518.418,540.398,506.328,536.228,165926.0,8805165447.81
2026-05-06,554.238,566.238,544.238,544.588,160278.0,8898490130.65
2026-05-07,554.238,555.948,534.238,551.378,97222.0,5339398130.96
2026-05-08,542.238,554.038,536.438,540.028,82457.0,4475463103.86
2026-05-11,549.218,584.238,547.238,572.428,144630.0,8226442870.47
2026-05-12,572.428,583.238,563.238,580.688,112136.0,6433742980.46
2026-05-13,570.228,587.238,549.738,580.238,138388.0,7878763219.16
2026-05-14,580.238,591.898,562.668,563.638,102707.0,5897833137.07
2026-05-15,569.038,620.078,554.238,591.238,232995.0,13839689388.25
2026-05-18,600.238,622.508,591.998,597.208,175235.0,10601040073.13
2026-05-19,589.238,626.408,580.738,618.938,144595.0,8822267527.75
2026-05-20,617.238,659.238,613.238,655.238,164059.0,10520821530.03
2026-05-21,656.038,720.838,655.938,662.228,231619.0,15989585023.43
2026-05-22,662.268,672.238,636.238,668.238,198563.0,12983362651.06
2026-05-25,649.368,718.288,625.348,697.428,204122.0,13734699753.1
2026-05-26,689.238,700.238,655.898,669.488,148548.0,9987761068.18
2026-05-27,674.238,691.238,649.838,654.008,138670.0,9316824886.55
2026-05-28,649.238,667.908,646.118,658.238,112600.0,7404040631.89
2026-05-29,655.358,658.238,623.018,629.108,147461.0,9395846449.79
2026-06-01,624.228,629.038,588.158,589.128,151000.0,9081578562.33
2026-06-02,585.338,615.028,583.428,602.038,126306.0,7607842356.73
2026-06-03,602.048,632.898,593.238,614.078,144161.0,8857781075.15
2026-06-04,609.378,637.088,605.238,626.238,120620.0,7582080351.99
2026-06-05,614.238,618.828,599.238,602.598,80843.0,4927541316.31
2026-06-08,569.278,598.038,567.458,584.978,97859.0,5746335589.32
2026-06-09,600.258,619.038,593.828,616.338,102006.0,6210398732.26
2026-06-10,614.238,640.248,609.238,618.438,106913.0,6682089136.88
2026-06-11,624.088,647.238,619.238,636.738,113667.0,7233711953.38
2026-06-12,665.428,680.228,654.418,666.428,153480.0,10273824816.66
2026-06-15,669.038,686.898,639.238,681.458,125640.0,8419209358.38
2026-06-16,679.238,681.138,659.598,671.428,86768.0,5816489199.76
2026-06-17,659.628,704.238,656.238,703.458,113479.0,7737166593.57
2026-06-18,704.218,733.118,702.938,720.278,104611.0,7528527762.34
2026-06-22,739.218,757.238,722.708,744.238,107527.0,7964031580.49
2026-06-23,747.958,761.238,720.238,746.728,99686.0,7407390870.71
2026-06-24,726.308,773.738,726.238,769.308,131088.0,9923151131.44
2026-06-25,777.238,809.238,774.238,797.238,118840.0,9454404907.2
2026-06-26,794.238,827.238,781.408,812.608,124031.0,10009100572.63
2026-06-29,813.268,875.098,805.118,859.428,150335.0,12540214665.28
2026-06-30,889.238,904.798,872.768,883.798,127687.0,11335700671.63
2026-07-01,883.798,967.238,883.798,934.598,146117.0,13601836978.9
2026-07-02,869.238,883.238,841.058,841.058,121210.0,10345919578.72
2026-07-03,799.01,846.38,775.0,816.0,165854.0,13458518699.28
2026-07-06,832.31,834.8,767.97,803.6,152427.0,12192666512.04
2026-07-07,794.23,835.01,778.69,806.39,130918.0,10562009151.62
2026-07-08,806.39,830.02,768.0,802.32,148075.0,11840891128.66
2026-07-09,817.42,880.98,815.0,878.43,158615.0,13339467905.2
2026-07-10,886.46,905.0,800.99,801.0,193858.0,16711117543.24
2026-07-13,795.61,813.7,755.0,764.3,163142.0,12784581134.16
2026-07-14,763.0,782.5,728.01,774.2,167044.0,12739965364.65
2026-07-15,789.0,793.0,736.5,742.66,122659.0,9271597459.65
2026-07-16,732.96,745.65,693.7,702.76,135093.0,9684632548.17
2026-07-17,693.3,707.78,660.01,677.0,166186.0,11379353080.14
2026-07-20,704.0,716.66,659.1,676.91,174832.0,12040705471.24
2026-07-21,699.0,744.6,678.43,744.6,148376.0,10585799783.52
2026-07-22,788.0,809.0,751.0,764.0,223271.0,17502385645.17
2026-07-23,764.77,769.0,723.0,740.0,136405.0,10139412552.06
2026-07-24,720.01,778.8,716.0,757.0,158621.0,12020960458.02
2026-07-27,740.3,778.0,723.14,770.0,142356.0,10748228045.84
2026-07-28,745.2,771.99,710.01,715.0,130860.0,9715725049.65
2026-07-29,715.58,727.36,664.02,706.39,15794300.0,
2026-07-30,688.08,711.73,643.5,668.07,16329600.0,
2026-07-31,728,728,686.35,687,13874300.0,
2026-08-03,685,689.55,636.45,641.3,13141200.0,
2026-08-04,640,698,632.01,687,14500600.0,
2026-08-05,695,745.1,679,734.2,13771900.0,
