date,open,high,low,close,volume,amount
2014-01-02,4.453,4.453,4.353,4.413,4452000.0,
2014-01-03,4.403,4.503,4.383,4.473,4784700.0,
2014-01-06,4.433,4.463,4.253,4.273,3611700.0,
2014-01-07,4.243,4.323,4.213,4.293,2206100.0,
2014-01-08,4.293,4.333,4.223,4.243,2514500.0,
2014-01-09,4.213,4.323,4.133,4.143,3023700.0,
2014-01-10,4.143,4.263,4.103,4.253,2939600.0,
2014-01-13,4.193,4.243,4.153,4.183,2199500.0,
2014-01-14,4.193,4.293,4.163,4.263,2935400.0,
2014-01-15,4.253,4.283,4.223,4.273,2034900.0,
2014-01-16,4.283,4.303,4.203,4.223,4494100.0,
2014-01-17,4.223,4.233,4.073,4.093,3991400.0,
2014-01-20,4.083,4.123,4.043,4.103,2984100.0,
2014-01-21,4.093,4.153,4.073,4.133,3358800.0,
2014-01-22,4.153,4.313,4.143,4.283,4588300.0,
2014-01-23,4.273,4.313,4.223,4.293,4998300.0,
2014-01-24,4.273,4.413,4.263,4.383,4702000.0,
2014-01-27,4.333,4.493,4.293,4.433,7048800.0,
2014-01-28,4.433,4.453,4.333,4.403,2922900.0,
2014-01-29,4.423,4.503,4.393,4.493,3670200.0,
2014-01-30,4.443,4.513,4.423,4.463,3606300.0,
2014-02-07,4.413,4.593,4.403,4.583,5080200.0,
2014-02-10,4.583,4.803,4.573,4.773,9879600.0,
2014-02-11,4.783,4.803,4.643,4.733,7706800.0,
2014-02-12,4.733,4.843,4.693,4.793,8115100.0,
2014-02-13,4.773,4.773,4.633,4.633,7191400.0,
2014-02-14,4.673,4.733,4.593,4.703,7061500.0,
2014-02-17,4.723,4.903,4.723,4.883,13104600.0,
2014-02-18,4.863,4.893,4.803,4.843,8396800.0,
2014-02-19,4.883,4.883,4.733,4.783,10266400.0,
2014-02-20,4.803,4.973,4.643,4.793,19629900.0,
2014-02-21,4.733,5.193,4.733,4.913,24992000.0,
2014-02-24,4.913,5.033,4.803,5.003,16447700.0,
2014-02-25,5.013,5.043,4.633,4.703,16606100.0,
2014-02-26,4.653,5.083,4.563,5.073,19552000.0,
2014-02-27,5.083,5.163,4.933,4.973,20458700.0,
2014-02-28,5.053,5.343,5.043,5.303,31804800.0,
2014-03-03,5.303,5.633,5.243,5.513,35509800.0,
2014-03-04,5.433,5.453,5.253,5.423,20905200.0,
2014-03-05,5.373,5.423,5.203,5.223,17968400.0,
2014-03-06,5.163,5.273,5.113,5.223,10993700.0,
2014-03-07,5.263,5.373,5.063,5.083,11657200.0,
2014-03-10,5.023,5.273,4.943,4.953,16523200.0,
2014-03-11,4.933,5.043,4.843,4.963,9431100.0,
2014-03-12,4.953,5.003,4.713,4.973,9349900.0,
2014-03-13,4.973,5.043,4.883,4.993,6808500.0,
2014-03-14,4.933,4.973,4.883,4.953,5635400.0,
2014-03-17,4.953,5.143,4.893,5.113,8245000.0,
2014-03-18,5.123,5.213,5.073,5.123,8310300.0,
2014-03-19,5.103,5.243,5.053,5.243,9950400.0,
2014-03-20,5.233,5.243,4.973,4.973,10569900.0,
2014-03-21,4.933,5.093,4.833,5.063,8930600.0,
2014-03-24,5.073,5.083,4.973,5.013,8271000.0,
2014-03-25,5.003,5.233,5.003,5.173,13244200.0,
2014-03-26,5.183,5.253,5.063,5.163,9077100.0,
2014-04-24,5.083,5.233,4.713,4.883,19615200.0,
2014-04-25,4.843,4.923,4.543,4.633,10636500.0,
2014-04-28,4.583,4.603,4.223,4.283,7602800.0,
2014-04-29,4.283,4.433,4.283,4.423,5003600.0,
2014-04-30,4.383,4.463,4.363,4.383,3337800.0,
2014-05-05,4.413,4.513,4.393,4.483,3621200.0,
2014-05-06,4.483,4.583,4.443,4.543,4695400.0,
2014-05-07,4.483,4.533,4.383,4.383,3995200.0,
2014-05-08,4.393,4.493,4.363,4.373,3610100.0,
2014-05-09,4.363,4.653,4.363,4.453,5858200.0,
2014-05-12,4.493,4.633,4.483,4.603,5059900.0,
2014-05-13,4.583,4.643,4.533,4.563,3600300.0,
2014-05-14,4.543,4.593,4.513,4.553,2381700.0,
2014-05-15,4.543,4.563,4.423,4.433,3121400.0,
2014-05-16,4.433,4.483,4.413,4.483,2213600.0,
2014-05-19,4.503,4.503,4.403,4.403,2599100.0,
2014-05-20,4.453,4.483,4.403,4.433,2383400.0,
2014-05-21,4.453,4.563,4.423,4.553,4457300.0,
2014-05-22,4.553,4.603,4.503,4.543,3892100.0,
2014-05-23,4.533,4.663,4.533,4.653,4959300.0,
2014-05-26,4.663,4.763,4.603,4.693,4615900.0,
2014-05-27,4.683,4.773,4.673,4.733,4800100.0,
2014-05-28,4.733,4.853,4.713,4.813,5785000.0,
2014-05-29,4.833,4.923,4.743,4.843,6697800.0,
2014-05-30,4.843,4.873,4.753,4.813,2520500.0,
2014-06-03,4.833,5.013,4.833,4.863,5317800.0,
2014-06-04,4.843,4.863,4.713,4.723,4994300.0,
2014-06-05,4.753,4.773,4.703,4.763,3432100.0,
2014-06-06,4.793,4.813,4.733,4.763,3548400.0,
2014-06-09,4.763,4.973,4.753,4.853,4841200.0,
2014-06-10,4.883,4.903,4.773,4.823,5706200.0,
2014-06-11,4.823,4.863,4.783,4.813,4484500.0,
2014-06-12,4.793,4.843,4.753,4.823,4565800.0,
2014-06-13,4.823,4.893,4.803,4.883,5758000.0,
2014-06-16,4.863,4.953,4.853,4.933,5462400.0,
2014-06-17,4.933,4.953,4.863,4.883,3620100.0,
2014-06-18,4.883,5.013,4.853,4.973,5695300.0,
2014-06-19,4.973,5.043,4.793,4.893,7789300.0,
2014-06-20,4.903,5.003,4.883,5.003,4546500.0,
2014-06-23,4.963,5.043,4.953,4.973,7674700.0,
2014-06-24,4.963,5.093,4.943,5.063,7590900.0,
2014-06-25,5.043,5.173,5.013,5.163,10126900.0,
2014-06-26,5.143,5.203,5.103,5.133,6886700.0,
2014-06-27,5.123,5.183,5.083,5.113,7489200.0,
2014-06-30,5.103,5.153,5.083,5.123,5486800.0,
2014-07-01,5.123,5.233,5.093,5.233,8358100.0,
2014-07-02,5.233,5.263,5.173,5.193,5392900.0,
2014-07-03,5.193,5.263,5.163,5.253,9315300.0,
2014-07-04,5.263,5.413,5.243,5.333,11546000.0,
2014-07-07,5.323,5.383,5.263,5.323,5119500.0,
2014-07-08,5.273,5.343,5.223,5.343,5614400.0,
2014-07-09,5.303,5.403,5.153,5.163,9446500.0,
2014-07-10,5.163,5.213,5.103,5.143,5156500.0,
2014-07-11,5.133,5.363,5.083,5.333,10706800.0,
2014-07-14,5.333,5.523,5.293,5.453,9527400.0,
2014-07-15,5.453,5.513,5.363,5.483,8125000.0,
2014-07-16,5.473,5.543,5.413,5.453,6993000.0,
2014-07-17,5.543,5.683,5.353,5.413,10169100.0,
2014-07-18,5.353,5.603,5.283,5.493,9341900.0,
2014-07-21,5.503,5.573,5.363,5.383,6558900.0,
2014-07-22,5.353,5.643,5.333,5.593,12363500.0,
2014-07-23,5.583,5.613,5.433,5.523,5948400.0,
2014-07-24,5.513,5.543,5.323,5.413,7821800.0,
2014-07-25,5.403,5.513,5.393,5.463,6358000.0,
2014-07-28,5.433,5.573,5.433,5.533,10403900.0,
2014-07-29,5.523,5.613,5.493,5.553,10753400.0,
2014-07-30,5.563,5.633,5.513,5.603,6942900.0,
2014-07-31,5.603,5.853,5.573,5.833,17109000.0,
2014-08-01,5.783,6.063,5.753,5.773,16411500.0,
2014-08-04,5.773,5.963,5.733,5.913,7739700.0,
2014-08-05,5.883,5.953,5.783,5.913,7870900.0,
2014-08-06,5.933,6.233,5.893,6.143,16236200.0,
2014-08-07,6.233,6.283,5.993,6.033,13246900.0,
2014-08-08,5.973,6.183,5.953,6.173,11106400.0,
2014-08-11,6.183,6.423,6.183,6.293,14295800.0,
2014-08-12,6.263,6.363,6.223,6.353,9178700.0,
2014-08-13,6.323,6.353,6.183,6.253,11481100.0,
2014-08-14,6.263,6.403,6.163,6.193,10231200.0,
2014-08-15,6.183,6.413,6.183,6.313,9409500.0,
2014-08-18,6.323,6.913,6.303,6.823,19198100.0,
2014-08-19,6.863,7.013,6.693,6.963,15792500.0,
2014-08-20,6.983,7.083,6.693,6.983,16470800.0,
2014-08-21,6.953,7.033,6.833,7.023,12744000.0,
2014-08-22,7.023,7.023,6.813,6.883,7967400.0,
2014-08-25,6.853,6.863,6.633,6.643,12167500.0,
2014-08-26,6.663,6.753,6.393,6.463,11594900.0,
2014-08-27,6.453,6.733,6.433,6.673,9196900.0,
2014-08-28,6.683,6.783,6.533,6.633,6735000.0,
2014-08-29,6.633,6.833,6.613,6.793,6223200.0,
2014-09-01,6.793,7.083,6.713,7.053,9006600.0,
2014-09-02,7.123,7.183,7.033,7.083,9399800.0,
2014-09-03,7.073,7.173,6.933,6.993,11937200.0,
2014-09-04,6.993,7.163,6.983,7.083,8559000.0,
2014-09-05,7.083,7.363,7.003,7.343,13220000.0,
2014-09-09,7.333,7.613,7.293,7.563,11633800.0,
2014-09-10,7.553,7.723,7.403,7.453,11770500.0,
2014-09-11,7.473,7.583,7.183,7.273,11128500.0,
2014-09-12,7.243,7.433,7.243,7.423,7616700.0,
2014-09-15,7.373,7.533,7.283,7.473,8612500.0,
2014-09-16,7.463,7.573,6.993,7.033,13841300.0,
2014-09-17,7.033,7.143,6.933,7.123,8984000.0,
2014-09-18,7.133,7.313,7.053,7.233,8299600.0,
2014-09-19,7.193,7.243,7.063,7.173,7344500.0,
2014-09-22,7.163,7.163,6.883,6.923,7802000.0,
2014-09-23,6.913,7.043,6.893,7.033,5649400.0,
2014-09-24,6.983,7.113,6.953,7.083,7108000.0,
2014-09-25,7.243,7.313,7.083,7.133,11024600.0,
2014-09-26,6.983,7.283,6.983,7.233,9660700.0,
2014-09-29,7.283,7.323,7.143,7.263,10771200.0,
2014-09-30,7.263,7.483,7.173,7.403,21266300.0,
2014-10-08,7.313,7.393,7.253,7.363,11476900.0,
2014-10-09,7.363,7.453,7.113,7.223,15551700.0,
2014-10-10,7.193,7.193,7.023,7.083,14358600.0,
2014-10-13,7.093,7.093,6.883,6.993,13448500.0,
2014-10-14,7.013,7.033,6.903,6.933,9191500.0,
2014-10-15,6.943,6.983,6.863,6.953,10632100.0,
2014-10-16,6.963,7.113,6.923,6.973,15542200.0,
2014-10-17,6.923,6.983,6.723,6.833,14044500.0,
2014-10-20,6.823,6.903,6.803,6.853,8054200.0,
2014-10-21,6.843,6.853,6.683,6.703,10285900.0,
2014-10-22,6.733,6.803,6.503,6.533,9839300.0,
2014-10-23,6.493,6.573,6.263,6.283,10165300.0,
2014-10-24,6.273,6.423,6.253,6.303,8394000.0,
2014-10-27,6.313,6.533,6.183,6.473,8520500.0,
2014-10-28,6.503,6.713,6.483,6.693,9706800.0,
2014-10-29,6.733,6.773,6.633,6.723,11833600.0,
2014-10-30,6.733,6.923,6.663,6.833,13056400.0,
2014-10-31,6.823,6.953,6.703,6.823,6740200.0,
2014-11-03,6.823,6.873,6.763,6.863,7508800.0,
2014-11-04,6.873,6.903,6.723,6.743,6374300.0,
2014-11-05,6.733,6.773,6.603,6.753,6103300.0,
2014-11-06,6.723,6.843,6.713,6.833,6195000.0,
2014-11-07,6.833,7.013,6.793,6.863,14638700.0,
2014-11-10,6.903,6.953,6.773,6.863,6963500.0,
2014-11-11,6.853,6.853,6.373,6.403,12567900.0,
2014-11-12,6.463,6.713,6.463,6.683,8039800.0,
2014-11-13,6.613,6.733,6.503,6.543,6021800.0,
2014-11-14,6.513,6.613,6.443,6.543,3579600.0,
2014-11-17,6.553,6.703,6.463,6.683,5817700.0,
2014-11-18,6.653,6.793,6.643,6.773,5092400.0,
2014-11-19,6.773,6.793,6.673,6.753,4972400.0,
2014-11-20,6.713,6.723,6.633,6.703,4637100.0,
2014-11-21,6.713,7.053,6.653,7.033,24139500.0,
2014-11-24,7.113,7.313,6.993,7.203,24312300.0,
2014-11-25,7.243,7.383,7.103,7.283,16720800.0,
2014-11-26,7.263,7.613,7.243,7.453,23479400.0,
2014-11-27,7.463,7.743,7.373,7.373,21807900.0,
2014-11-28,7.733,8.223,7.613,8.223,64399900.0,
2014-12-01,8.483,8.483,7.983,8.073,35350100.0,
2014-12-02,8.073,8.573,8.063,8.273,28315600.0,
2014-12-03,8.163,8.423,7.933,8.363,28028200.0,
2014-12-04,8.443,8.563,8.233,8.383,21304300.0,
2014-12-05,8.283,8.283,7.533,7.833,27355100.0,
2014-12-08,7.733,7.983,7.543,7.873,21442200.0,
2014-12-09,7.863,7.863,7.383,7.383,23172200.0,
2014-12-10,7.413,8.233,7.413,8.003,24795100.0,
2014-12-11,8.013,8.213,7.843,8.143,15733700.0,
2014-12-12,8.183,8.183,7.873,8.093,14690800.0,
2014-12-15,8.073,8.273,7.883,8.113,13454000.0,
2014-12-16,8.133,8.163,7.883,7.943,15798700.0,
2014-12-17,7.903,7.933,7.683,7.763,11237500.0,
2014-12-18,7.723,7.843,7.583,7.633,10046400.0,
2014-12-19,7.593,7.753,7.493,7.743,11756700.0,
2014-12-22,7.773,7.773,7.213,7.383,10284600.0,
2014-12-23,7.373,7.513,7.283,7.303,7088400.0,
2014-12-24,7.543,7.883,7.493,7.593,9985000.0,
2014-12-25,7.583,7.663,7.543,7.613,6149500.0,
2014-12-26,7.683,7.813,7.533,7.643,9905400.0,
2014-12-29,7.603,7.683,7.313,7.483,8775900.0,
2014-12-30,7.463,7.813,7.463,7.563,9919600.0,
2014-12-31,7.583,7.753,7.513,7.743,7754600.0,
2015-01-05,7.743,8.183,7.743,8.043,22770000.0,
2015-01-06,8.033,8.313,7.923,8.083,10970200.0,
2015-01-07,8.043,8.083,7.883,7.983,8829000.0,
2015-01-08,7.993,8.033,7.763,7.803,7069600.0,
2015-01-09,7.793,7.883,7.613,7.683,6461300.0,
2015-01-12,7.693,7.723,7.383,7.443,6169600.0,
2015-01-13,7.443,7.643,7.383,7.613,3926700.0,
2015-01-14,7.583,7.983,7.583,7.863,9497500.0,
2015-01-15,7.883,7.933,7.773,7.813,4170800.0,
2015-01-16,7.833,8.053,7.793,8.003,8256100.0,
2015-01-19,7.783,7.873,7.443,7.543,9794800.0,
2015-01-20,7.593,7.803,7.593,7.733,8171400.0,
2015-01-21,7.773,7.943,7.693,7.823,12236500.0,
2015-01-22,7.833,8.223,7.833,8.173,19107100.0,
2015-01-23,8.173,8.213,7.993,8.083,12320600.0,
2015-01-26,8.093,8.533,8.033,8.483,25308500.0,
2015-01-27,8.433,8.923,8.383,8.813,32592500.0,
2015-01-28,8.783,8.953,8.563,8.683,20666500.0,
2015-01-29,8.653,8.653,8.263,8.383,15187800.0,
2015-01-30,8.413,8.473,8.203,8.263,11583800.0,
2015-04-24,9.203,9.203,9.203,9.203,124600.0,
2015-04-27,10.233,10.233,10.233,10.233,175600.0,
2015-04-28,11.373,11.373,11.373,11.373,665500.0,
2015-04-29,12.623,12.623,11.353,12.113,90481400.0,
2015-04-30,11.883,11.933,11.543,11.603,40417400.0,
2015-05-04,11.533,11.683,11.233,11.353,30012400.0,
2015-05-05,11.383,11.663,11.113,11.123,25710700.0,
2015-05-06,11.133,11.443,10.563,10.613,21730500.0,
2015-05-07,10.603,10.783,10.383,10.443,16189900.0,
2015-05-08,10.553,10.733,10.433,10.733,18022600.0,
2015-05-11,10.903,11.403,10.773,11.213,26840800.0,
2015-05-12,11.263,11.383,10.983,11.163,23050400.0,
2015-05-13,11.153,11.903,11.003,11.713,33059100.0,
2015-05-14,11.783,12.033,11.453,11.573,19343000.0,
2015-05-15,11.513,11.523,10.863,11.063,21866800.0,
2015-05-18,10.893,11.633,10.803,11.383,20184500.0,
2015-05-19,11.383,12.013,11.283,11.733,28345100.0,
2015-05-20,11.833,12.763,11.663,12.373,42066200.0,
2015-05-21,12.283,12.703,12.203,12.703,33976000.0,
2015-05-22,13.183,13.533,12.443,12.723,34871200.0,
2015-05-25,12.483,13.333,12.433,13.013,43656900.0,
2015-05-26,13.063,14.053,12.833,13.893,43619600.0,
2015-05-27,13.903,14.083,13.533,13.773,35296500.0,
2015-05-28,13.733,13.993,12.323,12.373,40566000.0,
2015-05-29,12.343,12.623,11.483,12.163,28639200.0,
2015-06-01,12.313,13.493,12.313,13.363,31720600.0,
2015-06-02,13.283,14.433,13.183,14.233,41178200.0,
2015-06-03,14.233,14.313,13.083,13.783,33392800.0,
2015-06-04,13.713,14.493,12.783,14.223,40328200.0,
2015-06-05,14.583,14.733,13.883,14.363,44148200.0,
2015-06-08,14.393,14.733,13.963,14.303,38363300.0,
2015-06-09,14.183,14.483,13.883,14.163,27849300.0,
2015-06-10,14.163,15.073,13.853,14.863,47705400.0,
2015-06-11,14.993,16.463,14.793,16.463,64543200.0,
2015-06-12,16.903,18.223,16.903,18.223,69635800.0,
2015-06-15,18.213,18.213,16.973,17.043,50664300.0,
2015-06-16,16.693,17.523,16.453,16.783,42107800.0,
2015-06-17,16.843,17.053,15.553,16.573,36179100.0,
2015-06-18,16.573,17.503,15.993,16.073,28772200.0,
2015-06-19,15.543,15.873,14.353,14.353,29259100.0,
2015-06-23,14.183,14.673,12.803,13.993,27284000.0,
2015-06-24,14.363,14.633,13.913,14.383,28988200.0,
2015-06-25,14.383,14.763,13.483,13.723,27271100.0,
2015-06-26,12.983,13.253,12.243,12.243,25784200.0,
2015-06-29,12.503,12.763,10.903,10.903,29073600.0,
2015-06-30,10.673,11.563,9.703,11.363,38284000.0,
2015-07-01,11.283,11.623,10.113,10.113,30191100.0,
2015-07-02,10.113,10.113,8.993,8.993,40359200.0,
2015-07-03,8.383,8.943,7.983,7.983,31236200.0,
2015-07-06,8.833,8.833,7.073,7.373,52067800.0,
2015-07-14,8.223,8.223,8.223,8.223,507300.0,
2015-07-15,9.153,9.153,8.303,8.363,79560600.0,
2015-07-16,7.813,8.963,7.423,8.513,39619100.0,
2015-07-17,8.583,9.473,8.503,9.323,38370000.0,
2015-07-20,9.423,9.813,9.103,9.473,41297100.0,
2015-07-21,9.303,10.103,9.103,10.043,40187500.0,
2015-07-22,9.903,10.153,9.453,9.893,33518300.0,
2015-07-23,9.913,10.703,9.783,10.483,34622500.0,
2015-07-24,10.573,10.823,9.803,10.043,34120300.0,
2015-07-27,9.783,10.193,8.933,8.933,27819200.0,
2015-07-28,8.493,9.073,7.933,8.253,45775900.0,
2015-07-29,8.483,8.883,8.003,8.813,24169000.0,
2015-07-30,8.703,9.153,8.423,8.473,27471300.0,
2015-07-31,8.303,8.553,8.233,8.353,24546800.0,
2015-08-03,8.283,8.523,7.963,8.493,20953900.0,
2015-08-04,8.513,9.203,8.403,9.193,23307500.0,
2015-08-05,9.203,9.303,8.753,8.833,19528000.0,
2015-08-06,8.543,9.553,8.463,9.093,26537500.0,
2015-08-07,9.233,9.603,9.103,9.513,27096000.0,
2015-08-10,9.653,10.313,9.533,10.073,26124000.0,
2015-08-11,10.113,10.203,9.823,9.983,22572700.0,
2015-08-12,9.723,10.063,9.723,9.813,19292400.0,
2015-08-13,9.683,10.403,9.603,10.383,26812800.0,
2015-08-14,10.703,11.413,10.703,10.893,43869800.0,
2015-08-17,11.283,12.093,11.013,12.093,57611800.0,
2015-08-18,12.393,12.393,10.773,10.773,51495600.0,
2015-08-19,10.033,11.423,9.633,11.153,38091900.0,
2015-08-20,10.963,11.603,10.603,10.623,32971800.0,
2015-08-21,10.283,10.353,9.453,9.453,33019000.0,
2015-08-24,8.903,8.953,8.403,8.403,13200800.0,
2015-08-25,7.453,7.483,7.453,7.453,13965400.0,
2015-08-26,7.403,7.683,6.603,6.603,41902900.0,
2015-08-27,6.853,7.053,6.133,6.873,27508000.0,
2015-08-28,7.033,7.553,6.813,7.513,35119900.0,
2015-08-31,7.313,7.453,6.913,6.933,23521700.0,
2015-09-01,6.813,6.903,6.193,6.233,19619700.0,
2015-09-02,5.893,6.483,5.753,6.283,24626300.0,
2015-09-07,6.383,6.753,6.353,6.423,15844300.0,
2015-09-08,6.423,6.913,6.313,6.863,14482700.0,
2015-09-09,6.903,7.363,6.853,7.363,22356100.0,
2015-09-10,7.163,7.353,6.983,7.053,16321300.0,
2015-09-11,7.113,7.683,7.103,7.533,26101300.0,
2015-09-21,7.003,7.503,6.903,7.423,24510000.0,
2015-09-22,7.313,7.653,7.203,7.333,18766900.0,
2015-09-23,7.553,7.983,7.403,7.523,31412800.0,
2015-09-24,7.333,7.503,7.323,7.443,18321300.0,
2015-09-25,7.363,7.413,6.623,6.653,18238400.0,
2015-09-28,6.713,6.853,6.513,6.823,7900600.0,
2015-09-29,6.673,6.763,6.523,6.673,8620900.0,
2015-09-30,6.723,6.853,6.713,6.753,6739700.0,
2015-10-08,7.063,7.183,7.013,7.113,10883100.0,
2015-10-09,7.093,7.353,7.053,7.303,12851400.0,
2015-10-12,7.333,7.863,7.293,7.763,20483800.0,
2015-10-13,7.763,7.933,7.653,7.933,17504100.0,
2015-10-14,7.853,8.233,7.753,7.843,21705200.0,
2015-10-15,7.773,8.183,7.733,8.103,22481200.0,
2015-10-16,8.193,8.243,7.903,8.193,25020900.0,
2015-10-19,8.163,8.393,8.113,8.283,22561400.0,
2015-10-20,8.453,8.683,8.353,8.663,31222400.0,
2015-10-21,8.583,8.843,7.683,7.683,34215100.0,
2015-10-22,7.713,8.113,7.643,8.103,18837500.0,
2015-10-23,8.203,8.463,8.103,8.393,18735100.0,
2015-10-26,8.553,8.603,8.213,8.393,19777700.0,
2015-10-27,8.293,8.333,7.803,8.263,19960100.0,
2015-10-28,8.183,8.423,7.993,8.073,16896800.0,
2015-10-29,8.153,8.453,8.043,8.383,22038500.0,
2015-10-30,8.313,8.863,8.233,8.693,33421000.0,
2015-11-02,8.433,8.783,8.203,8.273,30249000.0,
2015-11-03,8.333,8.433,8.103,8.153,15854300.0,
2015-11-04,8.193,8.723,8.193,8.713,27317000.0,
2015-11-05,8.703,9.333,8.643,9.143,45752200.0,
2015-11-06,9.403,9.633,9.303,9.423,43607900.0,
2015-11-09,9.333,9.703,9.213,9.333,30416100.0,
2015-11-10,9.413,9.803,9.373,9.383,31441300.0,
2015-11-11,9.293,9.473,9.153,9.423,36108100.0,
2015-11-12,9.383,9.993,9.273,9.863,48713200.0,
2015-11-13,9.623,9.733,9.273,9.473,25713000.0,
2015-11-16,9.253,9.773,9.163,9.703,22986800.0,
2015-11-17,9.903,9.983,9.293,9.313,39978000.0,
2015-11-18,9.383,9.443,8.933,8.973,27415300.0,
2015-11-19,9.003,9.303,9.003,9.303,22724600.0,
2015-11-20,9.323,9.693,9.323,9.583,33902900.0,
2015-11-23,9.483,10.223,9.413,10.103,52613800.0,
2015-11-24,10.023,10.153,9.783,10.063,31236100.0,
2015-11-25,10.043,10.333,9.873,10.163,29522600.0,
2015-11-26,10.173,10.453,9.943,10.283,30293400.0,
2015-11-27,10.123,10.183,9.143,9.163,34401900.0,
2015-11-30,9.053,9.393,8.413,9.143,21971500.0,
2015-12-01,9.083,9.323,9.023,9.213,13528100.0,
2015-12-02,9.133,9.273,8.723,9.063,13631700.0,
2015-12-03,9.093,9.253,9.013,9.193,14109900.0,
2015-12-04,9.163,9.193,8.913,9.033,15319000.0,
2015-12-07,9.053,9.303,9.013,9.283,16809900.0,
2015-12-08,9.203,9.233,8.863,8.943,13966700.0,
2015-12-09,8.853,9.153,8.853,9.013,11722300.0,
2015-12-10,9.033,9.153,8.993,9.073,12571200.0,
2015-12-11,9.063,9.733,8.933,9.573,32990200.0,
2015-12-14,9.443,9.653,9.253,9.643,25204400.0,
2015-12-15,9.613,10.083,9.583,9.983,27475800.0,
2015-12-16,9.983,10.253,9.823,9.893,24322700.0,
2015-12-17,9.853,10.153,9.843,10.033,26268900.0,
2015-12-18,10.003,10.123,9.633,9.803,26628300.0,
2015-12-21,9.823,9.963,9.673,9.833,20024800.0,
2015-12-22,9.833,10.403,9.783,10.333,38998000.0,
2015-12-23,10.223,11.163,10.163,10.623,54005800.0,
2015-12-24,10.653,10.963,10.413,10.773,35163700.0,
2015-12-25,10.893,11.423,10.633,11.073,43184800.0,
2015-12-28,11.193,11.203,10.033,10.183,44218000.0,
2015-12-29,10.023,10.403,10.023,10.353,21432800.0,
2015-12-30,10.383,10.793,10.243,10.643,27405500.0,
2015-12-31,10.693,10.783,10.103,10.313,21625000.0,
2016-01-04,10.303,10.403,9.173,9.173,19501500.0,
2016-01-05,8.343,9.033,8.233,8.703,24979800.0,
2016-01-06,8.753,8.913,8.643,8.803,20089900.0,
2016-01-07,8.623,8.623,7.813,7.823,4603800.0,
2016-01-08,7.993,8.213,7.013,7.803,24503400.0,
2016-01-11,7.593,8.003,6.983,7.053,21375100.0,
2016-01-12,7.183,7.553,6.993,7.373,19176400.0,
2016-01-13,7.453,7.573,7.093,7.093,14485300.0,
2016-01-14,6.853,7.543,6.713,7.443,13894100.0,
2016-01-15,7.313,7.503,7.013,7.193,11442800.0,
2016-01-18,7.023,7.453,6.913,7.323,10187700.0,
2016-01-19,7.343,7.663,7.253,7.633,11528400.0,
2016-01-20,7.543,8.153,7.303,8.063,25013700.0,
2016-01-21,7.763,8.083,7.603,7.733,14851800.0,
2016-01-22,7.813,7.943,7.463,7.753,11889500.0,
2016-01-25,7.913,8.043,7.683,8.043,11918600.0,
2016-01-26,7.863,7.893,7.133,7.133,13055500.0,
2016-01-27,7.113,7.203,6.413,6.873,13460300.0,
2016-01-28,6.693,6.803,6.283,6.333,9451000.0,
2016-01-29,6.333,6.733,6.333,6.633,11057400.0,
2016-02-01,6.653,6.673,6.263,6.473,7263400.0,
2016-02-02,6.473,6.823,6.473,6.763,7697400.0,
2016-02-03,6.643,6.783,6.603,6.763,8023500.0,
2016-02-04,6.783,7.033,6.783,6.963,9330100.0,
2016-02-05,6.993,7.073,6.863,6.883,7268700.0,
2016-02-15,6.503,6.993,6.433,6.973,8548600.0,
2016-02-16,6.973,7.293,6.953,7.273,11887000.0,
2016-02-17,7.223,7.423,7.113,7.393,13370300.0,
2016-02-18,7.393,7.453,7.223,7.253,12513200.0,
2016-02-19,7.343,7.353,7.213,7.303,8545900.0,
2016-02-22,7.443,7.533,7.353,7.443,12685500.0,
2016-02-23,7.463,7.593,7.283,7.413,15598900.0,
2016-02-24,7.423,7.563,7.273,7.483,14647400.0,
2016-02-25,7.503,7.523,6.623,6.633,20819000.0,
2016-02-26,6.753,6.793,6.423,6.573,10652200.0,
2016-02-29,6.583,6.583,5.883,6.083,12186300.0,
2016-03-01,6.173,6.273,5.943,6.203,12716900.0,
2016-03-02,6.203,6.583,6.173,6.553,15208900.0,
2016-03-03,6.623,6.763,6.503,6.633,20418100.0,
2016-03-04,6.823,7.403,6.733,7.403,76810000.0,
2016-03-07,7.443,7.783,7.253,7.573,45810600.0,
2016-03-08,7.483,7.503,7.063,7.403,30239400.0,
2016-03-09,7.303,7.733,7.163,7.413,32168700.0,
2016-03-10,7.413,7.693,7.173,7.503,27540800.0,
2016-03-11,7.423,7.663,7.253,7.523,17623500.0,
2016-03-14,7.713,8.053,7.593,7.773,29861900.0,
2016-07-13,8.653,8.653,7.833,8.133,94644000.0,
2016-07-14,8.423,9.013,8.263,8.633,86009100.0,
2016-07-15,8.433,8.633,8.143,8.433,59269500.0,
2016-07-18,8.403,8.783,8.333,8.343,41038500.0,
2016-07-19,8.313,8.333,8.063,8.163,34762900.0,
2016-07-20,8.223,8.483,8.223,8.333,35586000.0,
2016-07-21,8.403,8.453,8.213,8.283,27063600.0,
2016-07-22,8.313,9.033,8.293,8.753,74968800.0,
2016-07-25,8.703,9.093,8.593,9.033,60161300.0,
2016-07-26,8.973,9.273,8.913,9.023,37506000.0,
2016-07-27,8.943,8.993,8.123,8.323,42948800.0,
2016-07-28,8.333,8.653,8.193,8.523,36133900.0,
2016-07-29,8.443,8.493,8.113,8.253,25099300.0,
2016-08-01,8.173,8.223,7.833,7.963,22015500.0,
2016-08-02,7.993,8.103,7.873,8.083,13799700.0,
2016-08-03,8.033,8.323,7.973,8.253,28384400.0,
2016-08-04,8.223,8.263,8.043,8.183,21174800.0,
2016-08-05,8.193,8.243,7.883,7.963,22888000.0,
2016-08-08,7.993,8.063,7.833,8.063,14326100.0,
2016-08-09,8.063,8.203,8.033,8.153,18149700.0,
2016-08-10,8.113,8.223,7.993,8.073,16339000.0,
2016-08-11,8.083,8.083,7.763,7.763,20916200.0,
2016-08-12,7.763,7.883,7.643,7.833,14465600.0,
2016-08-15,7.843,8.093,7.763,8.053,19747200.0,
2016-08-16,8.073,8.213,8.043,8.093,20435300.0,
2016-08-17,8.073,8.193,8.063,8.163,16195300.0,
2016-08-18,8.153,8.213,8.043,8.073,16423300.0,
2016-08-19,8.103,8.193,8.083,8.163,13677400.0,
2016-08-22,8.153,8.323,8.123,8.183,18857400.0,
2016-08-23,8.133,8.183,7.993,8.083,15476300.0,
2016-08-24,8.083,8.163,8.043,8.093,8815500.0,
2016-08-25,8.053,8.053,7.823,7.923,15536700.0,
2016-08-26,7.963,8.023,7.873,7.913,9819700.0,
2016-08-29,7.923,8.013,7.863,7.963,7364100.0,
2016-08-30,7.993,8.073,7.953,8.013,10515300.0,
2016-08-31,8.013,8.073,7.913,8.063,10056100.0,
2016-09-01,8.053,8.103,8.003,8.043,12071300.0,
2016-09-02,8.053,8.063,7.813,7.923,12448700.0,
2016-09-05,7.923,7.993,7.883,7.973,7902900.0,
2016-09-06,7.973,8.523,7.883,8.503,39424200.0,
2016-09-07,8.403,8.493,8.283,8.313,23000600.0,
2016-09-08,8.263,8.423,8.263,8.353,12561200.0,
2016-09-09,8.293,8.403,8.193,8.193,11305100.0,
2016-09-12,8.003,8.003,7.873,7.923,13065300.0,
2016-09-13,7.973,8.163,7.953,8.143,13558800.0,
2016-09-14,8.083,8.123,7.993,8.083,8300500.0,
2016-09-19,8.063,8.373,8.033,8.343,17635300.0,
2016-09-20,8.343,8.693,8.263,8.533,30903000.0,
2016-09-21,8.513,8.563,8.393,8.503,14388000.0,
2016-09-22,8.623,8.653,8.373,8.513,18295600.0,
2016-09-23,8.483,8.613,8.383,8.583,16954800.0,
2016-09-26,8.513,8.783,8.283,8.283,22852100.0,
2016-09-27,8.213,8.503,8.173,8.473,13659000.0,
2016-09-28,8.433,8.703,8.433,8.683,23900900.0,
2016-09-29,8.763,9.083,8.733,8.833,46166400.0,
2016-09-30,8.743,8.883,8.633,8.773,17553400.0,
2016-10-10,8.823,9.123,8.743,9.073,26143100.0,
2016-10-11,9.013,9.333,8.983,9.313,34786500.0,
2016-10-12,9.273,9.293,9.083,9.183,22707500.0,
2016-10-13,9.243,10.093,9.193,9.773,47902100.0,
2016-10-14,9.773,9.933,9.573,9.873,29240400.0,
2016-10-17,9.873,9.883,9.203,9.313,31822900.0,
2016-10-18,9.233,9.703,9.213,9.693,27800800.0,
2016-10-19,9.693,9.743,9.413,9.433,20835900.0,
2016-10-20,9.423,9.543,9.333,9.433,12586700.0,
2016-10-21,9.353,9.393,9.043,9.263,20011300.0,
2016-10-24,9.273,9.393,9.143,9.243,15496100.0,
2016-10-25,9.273,9.773,9.263,9.573,23998600.0,
2016-10-26,9.493,9.693,9.363,9.403,15630500.0,
2016-10-27,9.413,9.433,9.213,9.343,10450900.0,
2016-10-28,9.343,9.513,9.273,9.283,11062600.0,
2016-10-31,9.223,9.263,9.013,9.173,13364000.0,
2016-11-01,9.143,9.243,9.083,9.243,10061700.0,
2016-11-02,9.183,9.493,9.113,9.343,13622300.0,
2016-11-03,9.293,9.493,9.203,9.323,12967900.0,
2016-11-04,9.253,9.693,9.253,9.473,16866400.0,
2016-11-07,9.473,9.583,9.313,9.483,9870600.0,
2016-11-08,9.503,9.613,9.323,9.343,12270900.0,
2016-11-09,9.333,9.463,9.153,9.353,18835300.0,
2016-11-10,9.403,9.493,9.283,9.403,16918300.0,
2016-11-11,9.403,9.423,9.183,9.233,15473000.0,
2016-11-14,9.213,9.453,9.003,9.383,28187100.0,
2016-11-15,9.353,9.473,9.263,9.453,14981700.0,
2016-11-16,9.403,9.543,9.393,9.413,10960500.0,
2016-11-17,9.393,9.653,9.263,9.603,21640900.0,
2016-11-18,9.543,9.993,9.523,9.773,27286100.0,
2016-11-21,9.793,10.043,9.613,9.993,22810400.0,
2016-11-22,9.983,10.033,9.813,9.903,16004400.0,
2016-11-23,9.873,9.953,9.563,9.613,14641600.0,
2016-11-24,9.623,9.683,9.293,9.353,16449100.0,
2016-11-25,9.313,9.413,9.113,9.373,10797000.0,
2016-11-28,9.393,9.443,9.213,9.273,8355700.0,
2016-11-29,9.283,9.323,9.163,9.173,8460100.0,
2016-11-30,9.173,9.233,9.053,9.093,9491500.0,
2016-12-01,9.103,9.313,9.093,9.213,7810200.0,
2016-12-02,9.193,9.433,9.103,9.233,10981400.0,
2016-12-05,9.133,9.283,8.783,8.783,15247200.0,
2016-12-06,8.843,8.903,8.633,8.733,13135300.0,
2016-12-07,8.733,8.943,8.713,8.903,7148900.0,
2016-12-08,8.903,9.053,8.803,8.823,6071700.0,
2016-12-09,8.763,8.903,8.763,8.823,3515600.0,
2016-12-12,8.863,8.903,8.293,8.423,10862700.0,
2016-12-13,8.413,8.623,8.243,8.503,5915100.0,
2016-12-14,8.503,8.533,8.293,8.323,5069200.0,
2016-12-15,8.273,8.473,8.243,8.313,5590400.0,
2016-12-16,8.313,8.473,8.283,8.453,5086300.0,
2016-12-19,8.453,8.743,8.433,8.703,7397000.0,
2016-12-20,8.743,8.743,8.573,8.623,4401600.0,
2016-12-21,8.653,8.783,8.593,8.733,4668700.0,
2016-12-22,8.723,8.793,8.583,8.583,5498100.0,
2016-12-23,8.533,8.653,8.203,8.253,6486900.0,
2016-12-26,8.283,8.783,8.143,8.723,13001900.0,
2016-12-27,8.703,9.053,8.633,8.783,17500700.0,
2016-12-28,8.673,8.963,8.673,8.843,10013600.0,
2016-12-29,8.843,8.883,8.753,8.793,4264000.0,
2016-12-30,8.733,8.863,8.573,8.693,8704700.0,
2017-01-03,8.693,9.373,8.693,9.193,18594600.0,
2017-01-04,9.143,9.293,9.073,9.203,9474700.0,
2017-01-05,9.223,9.623,9.203,9.383,13278000.0,
2017-01-06,9.353,9.563,9.263,9.503,12286300.0,
2017-01-09,9.433,9.603,9.363,9.483,12422200.0,
2017-01-10,9.443,9.573,9.263,9.323,9801900.0,
2017-01-11,9.303,9.373,9.173,9.233,6907800.0,
2017-01-12,9.283,9.443,9.133,9.283,10487900.0,
2017-01-13,9.253,9.443,9.123,9.133,8474100.0,
2017-01-16,9.033,9.073,8.113,8.333,16088800.0,
2017-01-17,8.243,8.803,8.213,8.623,10203200.0,
2017-01-18,8.603,8.933,8.603,8.793,9735900.0,
2017-01-19,8.733,8.913,8.693,8.763,6158700.0,
2017-01-20,8.743,9.713,8.743,9.473,18069400.0,
2017-01-23,9.463,9.813,9.363,9.613,16261800.0,
2017-01-24,9.523,9.713,9.413,9.483,9338700.0,
2017-01-25,9.483,9.593,9.313,9.473,9473000.0,
2017-01-26,9.483,9.793,9.453,9.563,14617800.0,
2017-02-03,9.533,9.603,9.263,9.383,8385000.0,
2017-02-06,9.373,9.523,9.293,9.523,13598600.0,
2017-02-07,9.513,9.843,9.463,9.773,25542100.0,
2017-02-08,9.693,9.763,9.483,9.763,17605500.0,
2017-02-09,9.723,9.973,9.663,9.923,25963200.0,
2017-02-10,9.953,9.953,9.563,9.653,22133700.0,
2017-02-13,9.593,9.703,9.453,9.583,18188700.0,
2017-02-14,9.583,9.903,9.453,9.893,26633300.0,
2017-02-15,9.833,10.003,9.533,9.563,31647800.0,
2017-02-16,9.503,9.653,9.383,9.623,17679700.0,
2017-02-17,9.533,10.303,9.473,9.823,34373300.0,
2017-02-20,9.773,10.733,9.773,10.383,55368200.0,
2017-02-21,10.293,10.353,10.083,10.283,32408000.0,
2017-02-22,10.183,10.463,10.103,10.433,32078100.0,
2017-02-23,10.433,10.523,10.143,10.253,23516800.0,
2017-02-24,10.223,10.293,9.883,10.013,28721900.0,
2017-02-27,10.023,10.093,9.763,9.783,18443100.0,
2017-02-28,9.783,9.823,9.603,9.703,18981600.0,
2017-03-01,9.703,9.973,9.663,9.793,18238500.0,
2017-03-02,9.763,10.013,9.753,9.873,16943900.0,
2017-03-03,9.793,9.873,9.653,9.773,13066800.0,
2017-03-06,9.723,9.953,9.693,9.933,13416700.0,
2017-03-07,9.933,9.973,9.643,9.713,15210100.0,
2017-03-08,9.713,9.723,9.373,9.413,21913300.0,
2017-03-09,9.413,9.533,9.253,9.473,14624400.0,
2017-03-10,9.463,9.513,9.383,9.443,7600600.0,
2017-03-13,9.493,9.713,9.363,9.653,15387400.0,
2017-03-14,9.713,9.833,9.513,9.733,26278700.0,
2017-03-15,9.623,9.643,9.443,9.473,16284500.0,
2017-03-16,9.533,9.783,9.493,9.713,18267900.0,
2017-03-17,9.733,10.183,9.683,9.913,45942300.0,
2017-03-20,9.903,10.023,9.803,9.993,20835200.0,
2017-03-21,9.883,9.953,9.793,9.863,15972100.0,
2017-03-22,9.843,9.863,9.573,9.813,16532900.0,
2017-03-23,9.753,10.013,9.663,10.013,25871800.0,
2017-03-24,9.943,10.053,9.863,10.003,15113200.0,
2017-03-27,10.003,10.003,9.633,9.663,18959400.0,
2017-03-28,9.613,9.723,9.563,9.563,10249600.0,
2017-03-29,9.573,9.623,9.413,9.413,14209900.0,
2017-03-30,9.363,9.403,8.943,9.123,19309200.0,
2017-03-31,9.163,9.233,9.053,9.163,8153500.0,
2017-04-05,9.153,9.373,9.123,9.313,7230200.0,
2017-04-06,9.283,9.383,9.203,9.213,8772900.0,
2017-04-07,9.253,9.533,9.223,9.453,13898300.0,
2017-04-10,9.433,9.533,9.343,9.473,12459400.0,
2017-04-11,9.233,9.443,9.183,9.393,11240400.0,
2017-04-12,9.383,9.573,9.343,9.423,14568600.0,
2017-04-13,9.423,9.423,9.133,9.213,14582700.0,
2017-04-14,9.133,9.213,8.863,8.913,13782800.0,
2017-04-17,8.913,8.963,8.593,8.623,12191400.0,
2017-04-18,8.713,8.723,8.403,8.403,9095800.0,
2017-04-19,8.403,8.433,7.543,7.863,30126000.0,
2017-04-20,7.793,7.883,7.613,7.863,9601600.0,
2017-04-21,7.863,8.003,7.813,7.963,8248100.0,
2017-04-24,8.003,8.073,7.193,7.263,15658600.0,
2017-04-25,7.293,7.593,7.293,7.383,10351900.0,
2017-04-26,7.473,7.583,7.373,7.483,10245500.0,
2017-04-27,7.473,7.543,7.193,7.493,11617000.0,
2017-04-28,7.493,7.653,7.443,7.603,8346400.0,
2017-05-02,7.583,7.693,7.533,7.653,7149400.0,
2017-05-03,7.683,7.723,7.423,7.503,9479200.0,
2017-05-04,7.463,7.703,7.443,7.643,10624600.0,
2017-05-05,7.593,7.633,7.343,7.373,10603300.0,
2017-05-08,7.373,7.423,7.203,7.223,7151800.0,
2017-05-09,7.153,7.323,7.003,7.223,8845400.0,
2017-05-10,7.223,7.453,7.063,7.313,10998700.0,
2017-05-11,7.203,7.273,6.983,7.273,10818800.0,
2017-05-12,7.233,7.263,7.093,7.203,5279700.0,
2017-05-15,7.213,7.263,7.073,7.203,6901700.0,
2017-05-16,7.173,7.423,7.073,7.423,10870400.0,
2017-05-17,7.403,7.583,7.353,7.433,9889100.0,
2017-05-18,7.353,7.493,7.343,7.393,5719900.0,
2017-05-19,7.363,7.803,7.363,7.633,15617300.0,
2017-05-22,7.543,7.673,7.333,7.613,11541700.0,
2017-05-23,7.553,7.633,7.323,7.393,8697300.0,
2017-05-24,7.393,7.393,7.053,7.193,8767100.0,
2017-05-25,7.213,7.363,7.033,7.283,13451500.0,
2017-05-26,7.283,7.393,7.233,7.293,11418800.0,
2017-05-31,7.363,7.473,7.033,7.113,8969200.0,
2017-06-01,7.053,7.123,6.453,6.603,20271500.0,
2017-06-02,6.513,6.703,6.463,6.643,7516500.0,
2017-06-05,6.653,6.733,6.583,6.683,6391100.0,
2017-06-06,6.683,6.773,6.623,6.723,8309500.0,
2017-06-07,6.873,6.973,6.823,6.963,11624500.0,
2017-06-08,6.963,7.043,6.913,6.933,8870500.0,
2017-06-09,6.933,6.963,6.823,6.953,7260400.0,
2017-06-12,6.923,7.053,6.843,6.853,8113800.0,
2017-06-13,6.803,7.113,6.803,6.993,11603400.0,
2017-06-14,6.993,7.033,6.923,6.933,7679100.0,
2017-06-15,6.923,7.053,6.903,7.003,9485600.0,
2017-06-16,7.003,7.043,6.963,7.033,6656100.0,
2017-06-19,7.003,7.083,6.993,7.053,6579800.0,
2017-06-20,7.083,7.193,7.033,7.103,9276600.0,
2017-06-21,7.173,7.453,7.173,7.453,22912000.0,
2017-06-22,7.553,7.773,7.273,7.353,28920600.0,
2017-06-23,7.343,7.483,7.153,7.373,12656600.0,
2017-06-26,7.353,7.573,7.273,7.553,13627900.0,
2017-06-27,7.513,7.883,7.493,7.763,25030600.0,
2017-06-28,7.703,7.753,7.533,7.623,10929200.0,
2017-06-29,7.593,7.673,7.503,7.613,5790400.0,
2017-06-30,7.603,7.613,7.433,7.463,9861900.0,
2017-07-03,7.453,7.653,7.403,7.653,9460700.0,
2017-07-04,7.653,7.903,7.513,7.833,21239400.0,
2017-07-05,7.923,8.063,7.753,7.933,26996900.0,
2017-07-06,7.843,8.033,7.783,7.923,17786000.0,
2017-07-07,7.943,8.053,7.823,8.033,14117700.0,
2017-07-10,7.983,8.033,7.813,7.833,10705800.0,
2017-07-11,7.833,7.903,7.533,7.543,11750300.0,
2017-07-12,7.583,7.673,7.453,7.663,11476500.0,
2017-07-13,7.643,8.023,7.513,8.013,22287900.0,
2017-07-14,7.913,7.953,7.733,7.803,14367600.0,
2017-07-17,7.763,7.783,7.153,7.153,15206900.0,
2017-07-18,7.173,7.373,7.073,7.353,10043100.0,
2017-07-19,7.383,7.563,7.323,7.503,12786300.0,
2017-07-20,7.493,7.703,7.443,7.563,12782100.0,
2017-07-21,7.553,7.663,7.463,7.573,8431500.0,
2017-07-24,7.563,7.653,7.473,7.543,9280100.0,
2017-07-25,7.543,7.793,7.513,7.643,12164900.0,
2017-07-26,7.613,7.993,7.413,7.953,23344200.0,
2017-07-27,7.933,8.363,7.883,8.173,46548200.0,
2017-07-28,8.053,8.403,7.973,8.263,30284600.0,
2017-07-31,8.133,8.273,8.053,8.233,25672300.0,
2017-08-01,8.163,8.193,7.913,8.023,22102300.0,
2017-08-02,8.113,8.293,8.023,8.023,25005300.0,
2017-08-03,7.993,8.183,7.943,8.153,15627900.0,
2017-08-04,8.203,8.253,8.003,8.003,17746800.0,
2017-08-07,7.903,7.993,7.823,7.963,12007100.0,
2017-08-08,7.973,8.043,7.883,7.913,12468600.0,
2017-08-09,7.873,7.913,7.683,7.823,15541600.0,
2017-08-10,7.923,8.713,7.923,8.463,68548900.0,
2017-08-11,8.253,8.493,8.073,8.143,39681900.0,
2017-08-14,8.243,8.603,8.183,8.473,36661400.0,
2017-08-15,8.423,9.133,8.363,8.943,55238100.0,
2017-08-16,8.913,9.013,8.623,8.953,37229300.0,
2017-08-17,8.873,8.903,8.683,8.803,26014500.0,
2017-08-18,8.703,8.763,8.463,8.533,26138300.0,
2017-08-21,8.553,8.693,8.503,8.563,18304900.0,
2017-08-22,8.583,8.643,8.243,8.303,30502200.0,
2017-08-23,8.273,8.343,8.133,8.303,17885600.0,
2017-08-24,8.303,8.303,8.003,8.023,19746300.0,
2017-08-25,8.053,8.193,8.023,8.143,16187500.0,
2017-08-28,8.143,8.323,8.143,8.303,15825100.0,
2017-08-29,8.303,8.313,8.123,8.143,15746400.0,
2017-08-30,8.133,8.253,8.123,8.213,13492800.0,
2017-08-31,8.213,8.403,8.203,8.373,17862000.0,
2017-09-01,8.323,8.453,8.283,8.413,20237200.0,
2017-09-04,8.433,8.573,8.353,8.533,23143000.0,
2017-09-05,8.513,8.533,8.313,8.343,17966100.0,
2017-09-06,8.433,8.833,8.433,8.733,46016300.0,
2017-09-07,8.633,8.733,8.593,8.683,24050700.0,
2017-09-08,8.753,9.023,8.753,8.903,48023500.0,
2017-09-11,8.843,9.183,8.783,9.113,43695400.0,
2017-09-12,9.043,9.253,8.763,8.763,58487200.0,
2017-09-13,8.673,8.863,8.513,8.673,30950800.0,
2017-09-14,8.683,8.733,8.463,8.523,21417800.0,
2017-09-15,8.503,8.663,8.493,8.613,16674200.0,
2017-09-18,8.593,8.753,8.523,8.733,19178200.0,
2017-09-19,8.693,8.753,8.463,8.523,17619400.0,
2017-09-20,8.493,8.903,8.383,8.813,30568300.0,
2017-09-21,8.773,8.983,8.633,8.683,29551400.0,
2017-09-22,8.673,9.003,8.503,8.913,32736800.0,
2017-09-25,8.883,8.933,8.383,8.403,28133400.0,
2017-09-26,8.313,8.453,8.233,8.363,13348000.0,
2017-09-27,8.383,8.463,8.353,8.403,10096300.0,
2017-09-28,8.363,8.513,8.343,8.353,12427800.0,
2017-09-29,8.353,8.493,8.343,8.423,9507600.0,
2017-10-09,8.523,8.773,8.513,8.683,21406100.0,
2017-10-10,8.653,8.793,8.563,8.773,17844000.0,
2017-10-11,8.793,8.853,8.663,8.693,18968100.0,
2017-10-12,8.663,8.733,8.353,8.463,19592400.0,
2017-10-13,8.483,8.673,8.403,8.633,13816300.0,
2017-10-16,8.653,8.653,8.113,8.173,24197000.0,
2017-10-17,8.183,8.253,8.073,8.163,10504000.0,
2017-10-18,8.153,8.203,7.853,7.933,16968600.0,
2017-10-19,7.933,7.973,7.503,7.743,13008700.0,
2017-10-20,7.763,7.863,7.653,7.843,8097800.0,
2017-10-23,7.813,7.913,7.783,7.853,7246400.0,
2017-10-24,7.863,8.023,7.813,7.933,9131300.0,
2017-10-25,7.943,7.993,7.813,7.963,11687700.0,
2017-10-26,8.013,8.013,7.873,7.973,10100100.0,
2017-10-27,7.953,8.073,7.873,7.913,9695600.0,
2017-10-30,7.883,7.993,7.613,7.823,10883200.0,
2017-10-31,7.783,8.203,7.783,8.113,20321800.0,
2017-11-01,8.133,8.273,8.063,8.163,15485700.0,
2017-11-02,8.153,8.453,8.143,8.313,24041600.0,
2017-11-03,8.313,8.453,8.273,8.403,18927300.0,
2017-11-06,8.423,8.673,8.333,8.623,23626800.0,
2017-11-07,8.553,9.163,8.553,9.053,56475600.0,
2017-11-08,9.353,9.953,9.293,9.573,101165700.0,
2017-11-09,9.733,10.133,9.563,9.733,67482500.0,
2017-11-10,9.733,10.613,9.733,10.213,82949400.0,
2017-11-13,10.253,10.343,10.033,10.283,44602500.0,
2017-11-14,10.303,10.873,10.303,10.553,63971000.0,
2017-11-15,10.653,10.893,10.383,10.753,64961300.0,
2017-11-16,10.863,11.053,10.483,10.633,57457500.0,
2017-11-17,10.663,10.803,10.063,10.213,74516300.0,
2017-11-20,10.323,11.343,9.903,11.343,97179800.0,
2017-11-21,11.513,11.673,11.023,11.593,95961300.0,
2017-11-22,11.403,11.483,10.723,11.143,69111900.0,
2017-11-23,10.983,11.323,10.633,10.913,59067100.0,
2017-11-24,10.753,11.103,10.063,10.353,48333100.0,
2017-11-27,10.313,11.493,10.313,11.243,101829700.0,
2017-11-28,11.303,11.613,10.953,11.563,81257500.0,
2017-11-29,11.483,12.003,11.183,11.343,77986100.0,
2017-11-30,11.153,12.583,11.073,12.183,118560500.0,
2017-12-01,12.263,13.033,12.033,12.603,93611800.0,
2017-12-04,12.683,13.223,12.353,12.723,74614100.0,
2017-12-05,12.453,12.613,11.343,11.453,113402100.0,
2017-12-06,11.403,12.043,11.153,12.023,98165900.0,
2017-12-07,11.843,11.923,10.953,10.953,104252700.0,
2017-12-08,10.953,11.343,10.653,11.123,79509100.0,
2017-12-11,11.003,11.283,10.893,11.253,57565100.0,
2017-12-12,11.113,11.603,11.023,11.133,66975200.0,
2017-12-13,11.073,11.543,10.923,11.503,67565400.0,
2017-12-14,11.413,11.523,11.103,11.353,48916300.0,
2017-12-15,11.253,11.313,10.113,10.193,98009800.0,
2017-12-18,10.183,10.363,9.823,10.303,68646700.0,
2017-12-19,10.393,10.533,10.053,10.253,67148800.0,
2017-12-20,10.113,10.403,10.003,10.053,47995200.0,
2017-12-21,10.163,10.513,10.023,10.363,66514700.0,
2017-12-22,10.283,10.433,10.173,10.323,39567500.0,
2017-12-25,10.253,10.353,9.823,9.983,45659200.0,
2017-12-26,9.963,10.643,9.693,10.523,68291300.0,
2017-12-27,10.503,10.683,10.383,10.403,52079100.0,
2017-12-28,10.383,10.593,10.183,10.343,36000800.0,
2017-12-29,10.313,10.993,10.253,10.833,67770900.0,
2018-01-02,11.053,11.393,10.633,11.213,71642800.0,
2018-01-03,11.073,11.803,11.053,11.543,70307000.0,
2018-01-04,11.733,12.223,11.463,11.473,86107900.0,
2018-01-05,11.633,12.553,11.633,12.103,91823400.0,
2018-01-08,12.033,12.263,11.803,12.213,64943100.0,
2018-01-09,12.053,12.113,11.563,11.743,66666800.0,
2018-01-10,11.673,12.313,11.623,11.853,65964400.0,
2018-01-11,11.963,12.043,11.553,11.953,50609200.0,
2018-01-12,11.803,11.873,11.153,11.243,52971100.0,
2018-01-15,11.093,11.393,10.483,10.693,53746700.0,
2018-01-16,10.683,10.773,10.193,10.483,46056000.0,
2018-01-17,10.453,10.453,9.783,10.173,41829200.0,
2018-01-18,10.213,10.403,10.053,10.253,24834900.0,
2018-01-19,10.243,10.533,10.143,10.323,32631000.0,
2018-01-22,10.253,10.393,9.783,10.273,31057400.0,
2018-01-23,10.233,10.783,10.073,10.763,41957300.0,
2018-01-24,10.563,10.913,10.533,10.753,36225600.0,
2018-01-25,10.633,10.823,10.573,10.633,21290300.0,
2018-01-26,10.553,10.723,9.833,9.923,52466900.0,
2018-01-29,9.753,9.883,9.253,9.313,47084300.0,
2018-01-30,9.293,9.463,9.183,9.343,18046600.0,
2018-01-31,9.193,9.263,8.903,9.143,23667300.0,
2018-02-01,9.123,9.313,8.653,8.693,24131000.0,
2018-02-02,8.673,9.243,8.473,9.233,29706400.0,
2018-02-05,9.133,9.743,9.133,9.483,31637000.0,
2018-02-06,8.983,9.303,8.763,8.913,27127400.0,
2018-02-07,9.233,9.323,8.633,9.183,30465500.0,
2018-02-08,9.133,9.433,9.033,9.273,27084300.0,
2018-02-09,8.853,9.273,8.803,8.863,30132800.0,
2018-02-12,8.933,9.413,8.773,9.343,29056000.0,
2018-02-13,9.293,9.713,9.223,9.673,33079500.0,
2018-02-14,10.053,10.403,9.843,10.223,51512700.0,
2018-02-22,10.353,10.523,10.173,10.423,41951300.0,
2018-02-23,10.393,10.523,10.163,10.443,40844300.0,
2018-02-26,10.643,11.393,10.453,11.173,62473400.0,
2018-02-27,10.973,11.453,10.903,11.003,39227200.0,
2018-02-28,10.933,11.233,10.773,10.903,34062800.0,
2018-03-01,10.753,11.373,10.713,11.253,43729900.0,
2018-03-02,11.113,11.883,11.013,11.453,59133800.0,
2018-03-05,11.603,11.743,11.353,11.693,40888200.0,
2018-03-06,11.713,11.953,11.493,11.673,42589800.0,
2018-03-07,11.483,11.673,11.223,11.323,44462800.0,
2018-03-08,11.343,11.543,11.233,11.363,27559600.0,
2018-03-09,11.463,11.893,11.433,11.723,45496000.0,
2018-03-12,11.623,12.103,11.613,11.733,47261300.0,
2018-03-13,11.673,11.933,11.413,11.423,40475300.0,
2018-03-14,11.493,12.283,11.493,11.853,68398200.0,
2018-03-15,11.773,11.913,11.113,11.483,52305900.0,
2018-03-16,11.513,11.633,11.353,11.423,24449700.0,
2018-03-19,11.373,11.783,11.323,11.493,29182100.0,
2018-03-20,11.313,11.493,11.053,11.273,28584600.0,
2018-03-21,11.353,12.143,11.353,11.533,51640200.0,
2018-03-22,11.943,12.203,11.733,12.013,53167400.0,
2018-03-23,11.553,12.183,11.143,11.573,60415400.0,
2018-03-26,11.303,12.833,11.303,12.833,80377300.0,
2018-03-27,12.653,13.223,12.413,13.093,95716200.0,
2018-03-28,12.793,13.033,12.553,12.753,48874000.0,
2018-03-29,12.853,13.443,12.783,12.853,49671600.0,
2018-03-30,13.003,13.833,12.953,13.483,63325100.0,
2018-04-02,13.503,13.913,13.083,13.233,65138800.0,
2018-04-03,12.953,13.363,12.883,13.233,36395600.0,
2018-04-04,13.353,13.833,13.243,13.593,46331800.0,
2018-04-09,13.753,14.293,13.613,14.133,53085500.0,
2018-04-10,14.053,14.093,13.173,13.393,68898900.0,
2018-04-11,13.453,13.643,13.103,13.133,37013500.0,
2018-04-12,13.143,13.393,12.983,13.233,29150400.0,
2018-04-13,13.343,13.583,13.113,13.233,32964400.0,
2018-04-16,13.523,14.613,13.453,14.343,60218500.0,
2018-04-17,14.403,14.633,13.893,14.473,44788500.0,
2018-04-18,14.383,15.083,13.903,14.893,50701500.0,
2018-04-19,14.453,14.483,13.303,13.303,104316100.0,
2018-04-20,12.453,12.883,11.873,11.873,87755400.0,
2018-04-23,11.943,12.153,11.663,11.933,41334500.0,
2018-04-24,12.033,12.563,11.923,12.403,44768600.0,
2018-04-25,12.203,12.893,12.203,12.523,44726900.0,
2018-04-26,12.343,12.633,12.123,12.333,32353500.0,
2018-04-27,12.503,12.763,12.053,12.463,27894400.0,
2018-05-02,13.003,13.193,12.773,13.053,50249400.0,
2018-05-03,13.063,14.363,12.923,14.103,62187300.0,
2018-05-04,14.013,14.413,13.953,14.073,40142400.0,
2018-05-07,14.183,14.723,14.083,14.503,43380100.0,
2018-05-08,14.363,14.493,14.013,14.203,44653700.0,
2018-05-09,14.143,14.313,13.843,14.213,31672600.0,
2018-05-10,14.293,14.323,13.903,13.953,32486100.0,
2018-05-11,13.923,14.153,12.903,13.093,73505500.0,
2018-05-14,13.203,14.433,13.203,14.243,67892900.0,
2018-05-15,14.293,14.333,13.683,14.183,46275600.0,
2018-05-16,14.133,15.013,13.963,14.573,68849900.0,
2018-05-17,14.553,14.643,13.013,13.013,114104100.0,
2018-05-18,13.043,13.353,12.863,13.113,47094700.0,
2018-05-21,13.253,13.603,13.073,13.403,39494500.0,
2018-05-22,13.303,13.993,13.273,13.823,44816300.0,
2018-05-23,13.753,13.903,13.053,13.463,41400600.0,
2018-05-24,13.623,13.933,13.503,13.593,36572200.0,
2018-05-25,13.573,13.593,12.933,13.033,46147900.0,
2018-05-28,13.153,13.153,12.623,12.773,29462700.0,
2018-05-29,12.863,13.033,12.403,12.473,29764400.0,
2018-05-30,12.203,12.743,11.973,12.393,31154200.0,
2018-05-31,12.653,12.733,12.103,12.483,26083500.0,
2018-06-01,12.313,12.333,11.703,11.863,39288000.0,
2018-06-04,12.063,12.233,11.603,12.233,30767600.0,
2018-06-05,12.463,12.903,12.393,12.863,41468100.0,
2018-06-06,12.753,13.093,12.653,12.853,30325300.0,
2018-06-07,12.933,13.123,12.663,12.873,20562500.0,
2018-06-08,12.983,13.273,12.833,13.063,32446000.0,
2018-06-11,13.073,13.273,12.923,13.023,25853200.0,
2018-06-12,13.173,13.773,13.173,13.563,50696500.0,
2018-06-13,13.623,13.673,13.023,13.023,32032500.0,
2018-06-14,12.803,13.663,12.723,13.363,40230200.0,
2018-06-15,13.363,13.493,12.973,13.183,30587200.0,
2018-06-19,12.793,13.183,11.763,11.953,50598200.0,
2018-06-20,11.873,12.643,11.793,12.603,37584100.0,
2018-06-21,12.773,13.043,12.333,12.333,36946200.0,
2018-06-22,12.273,13.663,12.163,13.553,73426000.0,
2018-06-25,13.723,14.203,13.473,13.813,63996300.0,
2018-06-26,13.623,14.243,13.493,14.053,52063100.0,
2018-06-27,13.943,14.083,13.503,13.743,50856600.0,
2018-06-28,13.573,14.023,13.303,13.463,43609800.0,
2018-06-29,13.613,14.903,13.543,14.903,102983900.0,
2018-07-02,15.523,16.303,15.423,15.703,109238200.0,
2018-07-03,15.903,17.003,15.653,16.523,110567100.0,
2018-07-04,16.513,16.513,15.593,16.273,79017800.0,
2018-07-05,16.013,16.273,14.973,15.153,79212400.0,
2018-07-06,15.323,16.193,14.953,15.143,85799800.0,
2018-07-09,16.423,16.753,16.053,16.753,69484100.0,
2018-07-10,17.683,18.523,17.403,18.023,126460500.0,
2018-07-11,17.633,18.503,17.453,18.293,108944400.0,
2018-07-12,18.123,19.383,17.993,18.983,91907300.0,
2018-07-13,18.803,20.983,18.703,20.983,86704100.0,
2018-07-16,21.963,23.183,21.603,22.693,128314500.0,
2018-07-17,22.323,23.223,21.873,23.223,89717200.0,
2018-07-18,23.223,23.833,22.123,22.393,103744800.0,
2018-07-19,21.923,22.373,20.863,21.633,124104200.0,
2018-07-20,21.523,21.883,21.143,21.823,85419000.0,
2018-07-23,21.523,21.973,21.183,21.863,76083500.0,
2018-07-24,21.543,21.733,19.633,19.703,156810900.0,
2018-07-25,19.893,20.113,19.613,19.873,84501000.0,
2018-07-26,19.883,20.223,19.483,19.823,83724400.0,
2018-07-27,19.733,20.113,19.373,19.523,64961900.0,
2018-07-30,19.723,20.733,19.573,20.723,108658300.0,
2018-07-31,20.623,20.643,18.553,18.553,119331200.0,
2018-08-01,18.373,18.663,17.983,18.383,81273400.0,
2018-08-02,18.173,18.623,17.203,18.073,72776200.0,
2018-08-03,17.923,18.023,16.783,17.033,79507600.0,
2018-08-06,16.993,17.293,16.423,16.723,50676500.0,
2018-08-07,16.913,17.383,16.653,17.343,62292400.0,
2018-08-08,15.513,16.183,15.513,15.513,90588400.0,
2018-08-09,15.103,15.743,14.933,15.293,90222500.0,
2018-08-10,15.443,16.173,15.443,15.703,67226600.0,
2018-08-13,15.623,16.003,15.263,15.923,58297900.0,
2018-08-14,16.273,16.973,16.173,16.403,81953500.0,
2018-08-15,16.253,16.923,16.023,16.623,63486500.0,
2018-08-16,16.273,16.683,16.123,16.283,45490900.0,
2018-08-17,16.553,16.623,14.553,14.553,83365500.0,
2018-08-20,14.423,14.773,13.473,14.673,67901000.0,
2018-08-21,15.023,15.453,14.903,14.923,77445000.0,
2018-08-22,15.013,15.673,14.843,15.323,64466400.0,
2018-08-23,15.253,15.823,14.983,15.593,58283200.0,
2018-08-24,15.503,15.513,15.063,15.133,42533800.0,
2018-08-27,15.303,16.653,15.223,16.293,78445700.0,
2018-08-28,16.293,16.573,16.103,16.473,60766600.0,
2018-08-29,16.333,16.423,15.933,16.203,45597800.0,
2018-08-30,16.103,16.323,15.103,15.483,56334600.0,
2018-08-31,15.603,15.863,15.363,15.393,37558900.0,
2018-09-03,15.203,15.553,14.753,15.403,33258400.0,
2018-09-04,15.383,15.793,14.933,15.733,52299900.0,
2018-09-05,15.703,15.703,15.133,15.173,38401700.0,
2018-09-06,15.013,15.293,14.623,14.763,38682900.0,
2018-09-07,14.763,15.193,14.203,14.503,43685100.0,
2018-09-10,14.803,14.923,13.923,14.163,42777200.0,
2018-09-11,14.173,14.503,14.073,14.213,34850400.0,
2018-09-12,14.213,14.303,13.823,13.933,30531000.0,
2018-09-13,14.213,14.273,13.603,14.123,39084400.0,
2018-09-14,14.023,14.063,13.353,13.413,42573500.0,
2018-09-17,13.353,13.593,13.113,13.393,23835400.0,
2018-09-18,13.233,13.683,12.823,13.583,50914000.0,
2018-09-19,13.433,13.953,13.353,13.593,51643000.0,
2018-09-20,13.433,14.023,13.383,13.763,49109700.0,
2018-09-21,13.783,14.053,13.433,13.983,53804800.0,
2018-09-25,13.793,14.403,13.753,14.243,44832300.0,
2018-09-26,14.323,14.363,13.903,14.153,43768300.0,
2018-09-27,14.123,14.203,13.583,13.733,39642800.0,
2018-09-28,13.823,14.103,13.493,14.063,36536900.0,
2018-10-08,13.243,13.403,12.563,12.563,55416300.0,
2018-10-09,12.503,12.633,11.913,12.333,54019900.0,
2018-10-10,12.363,12.483,12.073,12.373,29355100.0,
2018-10-11,11.633,12.003,11.123,11.413,52158700.0,
2018-10-12,11.533,11.853,11.343,11.603,39937900.0,
2018-10-15,12.023,12.863,12.013,12.573,78945600.0,
2018-10-16,12.533,12.673,12.163,12.403,49723900.0,
2018-10-17,12.733,12.853,12.123,12.583,55299800.0,
2018-10-18,12.323,12.493,12.063,12.123,34432400.0,
2018-10-19,11.923,12.723,11.823,12.623,59921900.0,
2018-10-22,12.833,13.983,12.653,13.603,108035200.0,
2018-10-23,13.453,13.783,12.853,13.123,78550700.0,
2018-10-24,13.113,13.273,12.833,12.983,39884400.0,
2018-10-25,12.323,12.753,12.173,12.593,48401800.0,
2018-10-26,12.813,12.973,12.583,12.863,37848500.0,
2018-10-29,12.523,12.763,12.183,12.273,37540200.0,
2018-10-30,12.233,12.353,11.703,12.123,43860000.0,
2018-10-31,12.273,12.963,12.103,12.783,56337000.0,
2018-11-01,12.883,13.373,12.873,12.903,72530900.0,
2018-11-02,13.233,13.573,13.133,13.473,76630100.0,
2018-11-05,13.413,13.433,12.843,13.143,64879600.0,
2018-11-06,13.003,13.003,12.653,12.983,39725100.0,
2018-11-07,12.873,12.873,12.243,12.523,75853500.0,
2018-11-08,12.533,12.603,11.913,11.993,74906400.0,
2018-11-09,11.733,12.103,11.653,11.893,33522400.0,
2018-11-12,11.833,12.183,11.733,12.173,37157600.0,
2018-11-13,11.923,12.293,11.853,12.143,49028900.0,
2018-11-14,12.133,12.793,12.033,12.493,66983600.0,
2018-11-15,12.373,12.463,12.103,12.333,59907900.0,
2018-11-16,12.343,12.763,12.293,12.683,68373200.0,
2018-11-19,12.573,12.693,12.113,12.213,64211300.0,
2018-11-20,12.023,12.063,11.763,11.783,42364500.0,
2018-11-21,11.683,11.773,11.533,11.763,26140100.0,
2018-11-22,11.813,11.923,11.623,11.743,24789400.0,
2018-11-23,11.723,11.723,10.803,10.823,46468400.0,
2018-11-26,10.723,10.973,10.493,10.573,33045800.0,
2018-11-27,10.703,10.743,10.263,10.393,37210900.0,
2018-11-28,10.433,11.283,10.323,11.063,56937700.0,
2018-11-29,11.003,11.103,10.503,10.533,43078000.0,
2018-11-30,10.483,10.793,10.423,10.743,31730500.0,
2018-12-03,11.143,11.343,10.923,11.173,50763300.0,
2018-12-04,11.143,11.313,11.003,11.313,41846400.0,
2018-12-05,11.053,11.183,10.983,11.053,34817400.0,
2018-12-06,10.943,11.673,10.763,11.343,76442700.0,
2018-12-07,11.363,11.503,11.153,11.193,38990400.0,
2018-12-10,10.953,11.123,10.723,10.873,33031500.0,
2018-12-11,10.943,11.093,10.813,10.993,24151200.0,
2018-12-12,10.983,11.093,10.823,10.843,22238600.0,
2018-12-13,10.843,11.063,10.733,10.933,28484800.0,
2018-12-14,10.933,11.193,10.833,10.843,34475800.0,
2018-12-17,10.703,10.743,10.463,10.563,28816600.0,
2018-12-18,10.443,10.603,10.313,10.473,19759200.0,
2018-12-19,10.473,10.513,10.263,10.283,18669200.0,
2018-12-20,10.223,10.453,10.223,10.353,18186800.0,
2018-12-21,10.263,10.363,10.033,10.103,22156200.0,
2018-12-24,10.033,10.393,10.033,10.333,26483900.0,
2018-12-25,10.173,10.593,9.923,10.553,41746600.0,
2018-12-26,10.483,10.553,10.263,10.283,24263100.0,
2018-12-27,10.473,10.493,10.003,10.003,25822400.0,
2018-12-28,10.023,10.113,9.743,9.763,23384000.0,
2019-01-02,9.803,9.923,9.703,9.773,16711300.0,
2019-01-03,9.823,10.063,9.773,10.063,29743800.0,
2019-01-04,9.903,10.393,9.833,10.323,39045500.0,
2019-01-07,10.363,10.873,10.263,10.663,49227000.0,
2019-01-08,10.513,10.513,10.333,10.403,32852900.0,
2019-01-09,10.403,10.793,10.363,10.453,45683700.0,
2019-01-10,10.463,11.193,10.413,10.823,61376700.0,
2019-01-11,10.803,11.103,10.713,10.913,49992400.0,
2019-01-14,10.913,10.913,10.423,10.533,39513900.0,
2019-01-15,10.453,10.733,10.423,10.723,28447000.0,
2019-01-16,10.623,10.723,10.473,10.503,27283600.0,
2019-01-17,10.473,10.523,10.133,10.133,30971800.0,
2019-01-18,10.113,10.543,10.063,10.483,38081700.0,
2019-01-21,10.463,10.953,10.383,10.833,50704700.0,
2019-01-22,10.783,10.783,10.533,10.603,29719500.0,
2019-01-23,10.553,10.753,10.473,10.653,26003800.0,
2019-01-24,10.523,10.993,10.473,10.853,48914200.0,
2019-01-25,10.783,10.903,10.623,10.723,36734400.0,
2019-01-28,10.773,10.873,10.583,10.623,26857900.0,
2019-01-29,10.583,10.583,9.463,9.473,73555600.0,
2019-01-30,9.773,9.833,9.473,9.523,40194200.0,
2019-01-31,9.423,9.423,8.883,9.243,37276700.0,
2019-02-01,9.223,9.573,9.223,9.473,30574300.0,
2019-02-11,9.403,9.753,9.313,9.743,43760400.0,
2019-02-12,9.723,10.293,9.653,10.223,68356900.0,
2019-02-13,10.673,11.343,10.443,11.343,140353500.0,
2019-02-14,11.473,11.803,11.093,11.263,119700100.0,
2019-02-15,11.293,12.183,11.133,11.573,117540600.0,
2019-02-18,11.903,12.773,11.833,12.543,120043300.0,
2019-02-19,12.613,13.893,12.413,13.773,139259700.0,
2019-02-20,13.503,13.863,13.053,13.373,99390800.0,
2019-02-21,13.323,14.473,13.223,13.793,125230800.0,
2019-02-22,13.533,13.993,13.213,13.863,110119300.0,
2019-02-25,14.133,14.623,13.513,14.163,164887900.0,
2019-02-26,13.923,14.093,13.233,13.553,128783400.0,
2019-02-27,13.413,13.973,13.233,13.493,83214300.0,
2019-02-28,13.373,13.523,12.683,12.953,86810600.0,
2019-03-01,12.993,13.183,12.613,12.933,61553900.0,
2019-03-04,13.103,13.523,12.813,13.123,97248300.0,
2019-03-05,13.023,14.533,12.893,14.533,149881100.0,
2019-03-06,14.923,15.103,14.043,14.553,146989600.0,
2019-03-07,14.323,14.673,14.023,14.433,105905600.0,
2019-03-08,13.983,15.523,13.743,14.343,144979100.0,
2019-03-11,14.713,15.873,14.483,15.633,131927800.0,
2019-03-12,15.493,15.493,15.023,15.373,129096000.0,
2019-03-13,15.163,15.173,14.323,14.483,86667300.0,
2019-03-14,14.223,14.403,13.853,14.403,59960200.0,
2019-03-15,14.413,14.613,14.103,14.293,53944300.0,
2019-03-18,14.233,14.463,13.843,14.423,56528100.0,
2019-03-19,14.293,14.983,14.283,14.703,64208300.0,
2019-03-20,14.573,14.763,14.023,14.293,54721500.0,
2019-03-21,14.313,14.773,14.313,14.603,62241400.0,
2019-03-22,14.653,15.903,14.523,15.543,109798600.0,
2019-03-25,15.183,15.473,15.043,15.093,67087500.0,
2019-03-26,15.303,15.503,14.033,14.123,79746100.0,
2019-03-27,14.193,14.503,13.523,14.213,58548200.0,
2019-03-28,14.033,14.713,13.903,14.223,54740800.0,
2019-03-29,14.133,14.643,13.793,14.583,60718500.0,
2019-04-01,14.593,15.223,14.583,15.143,71783500.0,
2019-04-02,15.213,15.683,14.823,15.323,96698400.0,
2019-04-03,15.323,16.713,15.233,16.153,115721800.0,
2019-04-04,16.163,16.383,15.783,15.973,77250000.0,
2019-04-08,16.083,16.203,15.163,15.423,71039600.0,
2019-04-09,15.323,15.783,15.123,15.573,45327400.0,
2019-04-10,15.423,15.703,15.073,15.423,45067100.0,
2019-04-11,15.143,15.253,14.333,14.373,75773900.0,
2019-04-12,14.243,14.583,14.183,14.553,32624100.0,
2019-04-15,14.623,14.853,14.233,14.253,42469200.0,
2019-04-16,14.023,14.913,13.843,14.833,53824800.0,
2019-04-17,14.813,15.113,14.623,14.733,45743200.0,
2019-04-18,14.623,15.373,14.373,15.113,70484800.0,
2019-04-19,14.933,15.083,14.653,14.913,40482200.0,
2019-04-22,14.933,14.973,14.403,14.643,43524400.0,
2019-04-23,14.663,14.663,14.153,14.183,32978900.0,
2019-04-24,14.263,14.493,14.073,14.373,27422100.0,
2019-04-25,14.103,14.273,13.683,13.683,43198200.0,
2019-04-26,13.503,13.513,13.043,13.043,43694800.0,
2019-04-29,13.043,13.113,12.143,12.283,43457100.0,
2019-04-30,12.323,12.553,12.283,12.473,24593500.0,
2019-05-06,11.723,11.723,11.133,11.133,44941200.0,
2019-05-07,11.133,11.293,10.793,11.033,34205200.0,
2019-05-08,10.653,11.373,10.533,11.043,31954800.0,
2019-05-09,10.873,11.323,10.873,10.943,24128700.0,
2019-05-10,11.143,11.593,10.703,11.513,48340500.0,
2019-05-13,11.463,11.463,11.023,11.173,35069200.0,
2019-05-14,10.873,11.163,10.853,10.993,22081100.0,
2019-05-15,11.123,11.213,11.043,11.183,29950900.0,
2019-05-16,11.113,11.973,11.063,11.693,66500700.0,
2019-05-17,11.603,11.903,11.173,11.233,46612000.0,
2019-05-20,11.353,11.983,11.153,11.953,60763400.0,
2019-05-21,11.823,12.913,11.653,12.463,85496900.0,
2019-05-22,12.323,12.683,12.033,12.153,57652100.0,
2019-05-23,12.173,12.233,11.623,11.653,43238000.0,
2019-05-24,11.483,11.653,11.243,11.273,31324400.0,
2019-05-27,11.353,11.793,11.243,11.713,36934200.0,
2019-05-28,11.763,11.893,11.603,11.673,33503000.0,
2019-05-29,11.743,12.523,11.743,12.343,68155200.0,
2019-05-30,12.203,12.203,11.423,11.793,59331700.0,
2019-05-31,11.613,12.023,11.563,11.723,35133000.0,
2019-06-03,11.623,11.683,11.243,11.373,37644400.0,
2019-06-04,11.423,11.573,11.223,11.333,25484400.0,
2019-06-05,11.503,11.563,11.283,11.353,23438200.0,
2019-06-06,11.323,11.323,10.873,11.003,27238800.0,
2019-06-10,11.113,11.393,11.033,11.283,24158700.0,
2019-06-11,11.153,12.013,11.123,11.893,53841600.0,
2019-06-12,11.803,12.483,11.753,11.963,73286500.0,
2019-06-13,11.813,11.903,11.583,11.753,43923600.0,
2019-06-14,11.673,11.763,11.273,11.293,38917700.0,
2019-06-17,11.223,11.413,11.153,11.303,15372200.0,
2019-06-18,11.253,11.303,11.113,11.273,13662100.0,
2019-06-19,11.603,11.683,11.353,11.373,27459300.0,
2019-06-20,11.323,11.613,11.243,11.513,31583600.0,
2019-06-21,11.573,12.003,11.543,11.743,39290600.0,
2019-06-24,11.723,11.763,11.493,11.603,23179500.0,
2019-06-25,11.613,11.633,11.273,11.423,22484500.0,
2019-06-26,11.323,11.483,11.203,11.373,14069700.0,
2019-06-27,11.413,11.803,11.403,11.663,35142800.0,
2019-06-28,11.643,11.653,11.333,11.423,24271400.0,
2019-07-01,11.733,12.013,11.633,11.993,55443500.0,
2019-07-02,11.923,11.943,11.763,11.823,29847900.0,
2019-07-03,11.803,11.813,11.533,11.583,23103800.0,
2019-07-04,11.603,11.753,11.573,11.743,18550500.0,
2019-07-05,11.703,11.803,11.653,11.743,17569400.0,
2019-07-08,11.633,11.633,11.113,11.233,34268200.0,
2019-07-09,11.213,11.313,11.023,11.253,16225500.0,
2019-07-10,11.323,11.403,11.063,11.083,12229400.0,
2019-07-11,11.183,11.253,11.003,11.013,12458600.0,
2019-07-12,10.923,10.933,9.843,9.843,22976900.0,
2019-07-15,8.823,9.773,8.823,9.643,68040600.0,
2019-07-16,9.393,9.873,9.323,9.783,39477100.0,
2019-07-17,9.723,10.283,9.683,10.073,36099100.0,
2019-07-18,10.023,10.093,9.723,9.723,24795900.0,
2019-07-19,9.863,9.973,9.693,9.693,19867500.0,
2019-07-22,9.733,9.793,9.223,9.423,19952600.0,
2019-07-23,9.333,9.563,9.323,9.493,11999300.0,
2019-07-24,9.503,9.823,9.503,9.743,19620100.0,
2019-07-25,9.743,10.063,9.743,10.013,25991500.0,
2019-07-26,9.963,9.963,9.783,9.893,15262900.0,
2019-07-29,9.923,10.033,9.843,9.963,12830300.0,
2019-07-30,10.003,10.073,9.893,9.943,13517400.0,
2019-07-31,9.993,9.993,9.773,9.843,11648400.0,
2019-08-01,9.743,10.103,9.733,10.043,21462600.0,
2019-08-02,9.843,9.863,9.623,9.763,20721600.0,
2019-08-05,9.703,10.013,9.703,9.833,20836200.0,
2019-08-06,9.603,9.603,9.123,9.453,29444500.0,
2019-08-07,9.513,9.603,9.373,9.373,12798800.0,
2019-08-08,9.423,9.503,9.303,9.323,16714100.0,
2019-08-09,9.353,9.463,9.113,9.133,17217800.0,
2019-08-12,9.073,9.593,9.073,9.583,22794700.0,
2019-08-13,9.443,10.013,9.443,9.803,33872300.0,
2019-08-14,10.013,10.073,9.783,9.823,26469100.0,
2019-08-15,9.573,9.953,9.543,9.933,25920600.0,
2019-08-16,9.873,10.273,9.843,10.143,37856600.0,
2019-08-19,10.273,10.603,10.143,10.483,44150600.0,
2019-08-20,10.403,10.583,10.223,10.243,36996000.0,
2019-08-21,10.193,11.223,10.163,11.023,61511400.0,
2019-08-22,10.953,12.103,10.873,11.653,74787100.0,
2019-08-23,11.713,12.883,11.593,12.883,111177800.0,
2019-08-26,12.493,12.883,12.143,12.423,107093300.0,
2019-08-27,12.323,12.443,12.073,12.153,95487600.0,
2019-08-28,12.033,12.083,11.323,11.383,79902000.0,
2019-08-29,11.883,12.593,11.883,12.593,126551500.0,
2019-08-30,12.623,12.773,11.443,11.663,118574600.0,
2019-09-02,11.443,12.003,11.413,11.723,68018600.0,
2019-09-03,11.743,12.963,11.723,12.443,104342100.0,
2019-09-04,12.523,13.293,12.293,13.013,109508000.0,
2019-09-05,13.123,13.403,12.823,12.833,109586100.0,
2019-09-06,13.053,13.453,12.753,12.973,77388600.0,
2019-09-09,13.063,14.073,12.953,13.863,99065500.0,
2019-09-10,13.823,14.683,13.653,14.003,96076800.0,
2019-09-11,13.933,14.483,13.933,14.033,61381000.0,
2019-09-12,14.213,14.233,13.603,13.743,48029400.0,
2019-09-16,13.953,13.953,13.373,13.773,44922700.0,
2019-09-17,13.723,13.723,13.163,13.313,39215400.0,
2019-09-18,13.333,13.583,13.033,13.383,36651200.0,
2019-09-19,13.283,13.573,13.223,13.503,37773900.0,
2019-09-20,13.423,13.553,13.243,13.313,29472800.0,
2019-09-23,13.223,13.223,12.703,12.993,41016600.0,
2019-09-24,12.923,13.533,12.923,13.413,50465400.0,
2019-09-25,13.333,13.333,12.633,12.633,38154600.0,
2019-09-26,12.733,12.933,12.173,12.323,31717000.0,
2019-09-27,12.493,13.623,12.373,13.623,95516700.0,
2019-09-30,13.893,14.043,13.473,13.633,78025300.0,
2019-10-08,14.003,14.173,13.103,13.233,59131500.0,
2019-10-09,13.023,13.413,12.603,13.263,37473200.0,
2019-10-10,13.313,13.503,13.003,13.493,47695000.0,
2019-10-11,13.793,14.913,13.543,14.723,127038900.0,
2019-10-14,14.633,14.923,14.383,14.573,91625600.0,
2019-10-15,13.673,13.713,13.053,13.053,105077700.0,
2019-10-16,13.173,13.233,12.683,12.913,39323900.0,
2019-10-17,12.903,13.023,12.443,12.573,37879400.0,
2019-10-18,12.553,12.583,11.983,12.143,36169700.0,
2019-10-21,12.103,12.103,11.673,12.033,25587700.0,
2019-10-22,12.023,12.313,12.013,12.183,21046900.0,
2019-10-23,12.143,12.463,12.043,12.233,21721800.0,
2019-10-24,12.243,12.263,11.713,12.023,25334800.0,
2019-10-25,12.073,12.423,12.013,12.383,33694800.0,
2019-10-28,12.323,12.763,12.183,12.653,34352800.0,
2019-10-29,12.673,12.743,12.353,12.353,24540900.0,
2019-10-30,12.283,12.293,12.023,12.123,17771400.0,
2019-10-31,12.163,12.253,11.883,11.893,15790900.0,
2019-11-01,11.743,11.743,11.083,11.603,41626800.0,
2019-11-04,11.593,11.983,11.553,11.713,24321300.0,
2019-11-05,11.813,11.913,11.533,11.573,21782800.0,
2019-11-06,11.613,11.803,11.293,11.393,19420400.0,
2019-11-07,11.323,11.653,11.233,11.573,16817200.0,
2019-11-08,11.673,11.763,11.403,11.423,17960400.0,
2019-11-11,11.283,11.303,10.933,10.943,19342200.0,
2019-11-12,11.033,11.093,10.533,10.933,21413100.0,
2019-11-13,10.893,10.953,10.713,10.863,12708500.0,
2019-11-14,10.853,11.823,10.763,11.543,38344600.0,
2019-11-15,11.393,12.103,11.383,11.843,45044000.0,
2019-11-18,11.873,11.953,11.663,11.773,20722200.0,
2019-11-19,11.823,12.003,11.723,11.993,20058300.0,
2019-11-20,12.023,12.333,11.793,11.823,29874600.0,
2019-11-21,11.763,11.963,11.673,11.823,15954800.0,
2019-11-22,11.823,12.273,11.633,11.793,26168700.0,
2019-11-25,11.803,11.943,11.023,11.423,28347000.0,
2019-11-26,11.393,11.723,11.383,11.613,16611800.0,
2019-11-27,11.643,12.373,11.603,12.223,49464600.0,
2019-11-28,12.133,12.463,12.103,12.273,36105200.0,
2019-11-29,12.313,12.703,12.143,12.583,43063000.0,
2019-12-02,12.543,13.823,12.443,13.283,73985400.0,
2019-12-03,13.133,13.813,13.123,13.723,59592800.0,
2019-12-04,13.503,13.763,13.203,13.303,44814800.0,
2019-12-05,13.413,13.463,13.153,13.423,43981500.0,
2019-12-06,13.423,13.823,13.103,13.693,56221500.0,
2019-12-09,13.733,13.953,13.393,13.773,46219700.0,
2019-12-10,13.683,14.123,13.523,14.043,49874300.0,
2019-12-11,13.973,14.053,13.353,13.393,45817400.0,
2019-12-12,13.273,14.003,13.273,13.553,45532400.0,
2019-12-13,13.693,13.743,13.273,13.683,44628300.0,
2019-12-16,13.593,14.453,13.593,14.263,63162800.0,
2019-12-17,14.213,14.533,14.043,14.383,54970300.0,
2019-12-18,14.283,14.503,14.083,14.133,45043000.0,
2019-12-19,14.133,14.243,13.613,13.793,45738600.0,
2019-12-20,13.723,13.903,13.533,13.733,26987300.0,
2019-12-23,13.563,13.873,13.123,13.233,33092300.0,
2019-12-24,13.323,13.703,13.203,13.623,27553500.0,
2019-12-25,13.933,14.853,13.843,14.493,83625400.0,
2019-12-26,14.353,14.593,14.093,14.433,53295700.0,
2019-12-27,14.343,14.643,13.993,13.993,43777800.0,
2019-12-30,13.623,14.503,13.423,14.473,55160900.0,
2019-12-31,14.343,14.563,14.033,14.213,36106600.0,
2020-01-02,14.353,15.143,14.173,14.803,76001700.0,
2020-01-03,15.823,16.353,15.603,16.353,56719600.0,
2020-01-06,16.823,17.503,16.333,16.603,129782000.0,
2020-01-07,17.263,17.803,16.123,16.503,110653300.0,
2020-01-08,16.363,17.713,16.363,17.473,135238800.0,
2020-01-09,17.153,17.313,16.733,17.073,86486200.0,
2020-01-10,16.873,17.163,16.403,16.683,58208100.0,
2020-01-13,16.423,17.363,16.423,17.133,61613200.0,
2020-01-14,17.313,17.573,16.833,17.433,65268800.0,
2020-01-15,17.733,18.073,17.203,17.353,68211300.0,
2020-01-16,17.223,17.583,16.743,16.893,57327900.0,
2020-01-17,16.973,17.113,16.403,16.463,46570100.0,
2020-01-20,16.473,16.853,16.023,16.783,51002700.0,
2020-01-21,16.673,17.293,16.543,16.973,53417800.0,
2020-01-22,16.723,17.673,16.413,17.473,59476400.0,
2020-01-23,16.933,16.973,15.663,15.663,87317300.0,
2020-02-03,14.033,14.033,14.033,14.033,2762800.0,
2020-02-04,12.623,13.753,12.623,13.363,76711100.0,
2020-02-05,13.503,14.393,13.433,13.823,58686100.0,
2020-02-06,13.813,14.303,13.543,14.023,54649500.0,
2020-02-07,13.953,15.493,13.783,15.493,90362700.0,
2020-02-10,15.503,16.483,15.373,15.993,85486400.0,
2020-02-11,17.073,17.523,16.263,16.823,86564200.0,
2020-02-12,17.183,18.573,16.943,18.573,132293700.0,
2020-02-13,18.723,18.723,17.603,18.013,100107000.0,
2020-02-14,18.513,19.093,17.853,18.183,93974000.0,
2020-02-17,18.333,19.673,18.333,19.273,90161900.0,
2020-02-18,19.273,20.113,18.823,19.923,94187100.0,
2020-02-19,19.563,19.703,18.983,19.003,76408000.0,
2020-02-20,19.963,20.973,19.533,20.653,124534000.0,
2020-02-21,21.023,22.723,21.023,21.723,117637400.0,
2020-02-24,22.743,23.963,21.923,23.963,123669600.0,
2020-02-25,23.323,26.423,22.883,26.423,168431700.0,
2020-02-26,25.873,27.203,24.003,24.673,148615900.0,
2020-02-27,25.223,27.213,23.333,26.123,167975700.0,
2020-02-28,24.003,25.153,23.443,23.443,140351600.0,
2020-03-02,24.043,24.393,22.123,23.413,124523200.0,
2020-03-03,23.833,24.773,22.663,22.833,119486000.0,
2020-03-04,22.393,22.633,20.703,21.623,115940400.0,
2020-03-05,22.273,22.573,21.483,22.293,92364500.0,
2020-03-06,21.723,23.523,21.483,23.163,105400600.0,
2020-03-09,22.423,22.873,20.783,20.783,97333300.0,
2020-03-10,20.833,22.623,20.473,22.393,91976300.0,
2020-03-11,22.333,22.663,20.833,21.023,79235500.0,
2020-03-12,20.343,21.643,20.233,21.173,62130200.0,
2020-03-13,20.823,23.273,20.703,22.793,125750700.0,
2020-03-16,22.443,22.643,20.443,20.443,117558100.0,
2020-03-17,20.523,20.923,18.443,19.943,88404300.0,
2020-03-18,20.163,20.683,19.243,19.313,80367900.0,
2020-03-19,19.163,20.193,18.933,19.933,70383300.0,
2020-03-20,20.393,20.493,19.133,19.573,65998200.0,
2020-03-23,18.533,18.813,17.553,17.553,81553400.0,
2020-03-24,17.923,18.013,16.383,17.403,85345200.0,
2020-03-25,17.873,18.213,17.503,17.593,73240900.0,
2020-03-26,17.373,17.913,16.963,16.983,53368300.0,
2020-03-27,17.293,17.473,16.423,16.483,47010400.0,
2020-03-30,16.063,16.273,15.243,15.713,63474200.0,
2020-03-31,16.023,16.223,15.583,15.623,38169900.0,
2020-04-01,15.803,17.103,15.773,16.273,77774800.0,
2020-04-02,16.313,17.673,16.193,17.633,89753300.0,
2020-04-03,17.303,17.403,16.933,17.053,58436900.0,
2020-04-07,18.653,18.703,17.893,18.173,95747800.0,
2020-04-08,18.063,19.463,17.913,18.493,104722000.0,
2020-04-09,18.623,18.773,17.963,18.303,65318300.0,
2020-04-10,18.193,18.533,17.113,17.223,70249600.0,
2020-04-13,16.743,16.883,16.233,16.783,41910000.0,
2020-04-14,17.073,17.573,16.803,17.423,50471200.0,
2020-04-15,17.323,18.273,17.153,17.853,72316000.0,
2020-04-16,17.533,18.273,17.363,18.223,51856800.0,
2020-04-17,18.403,18.773,17.773,17.923,66261200.0,
2020-04-20,17.883,18.203,17.513,18.173,41371500.0,
2020-04-21,17.803,17.943,17.383,17.883,40432900.0,
2020-04-22,17.573,18.023,17.503,17.903,29059300.0,
2020-04-23,17.893,17.903,17.323,17.373,32617200.0,
2020-04-24,17.753,18.383,17.393,18.043,62153900.0,
2020-04-27,17.823,18.373,17.333,18.013,42806300.0,
2020-04-28,17.823,18.693,17.323,18.573,64634900.0,
2020-04-29,18.133,18.853,18.033,18.373,48416100.0,
2020-04-30,18.563,19.973,18.563,19.573,78094300.0,
2020-05-06,19.563,21.003,19.323,20.733,88270000.0,
2020-05-07,20.973,21.173,20.313,20.713,61241700.0,
2020-05-08,21.743,22.223,21.133,21.583,101629000.0,
2020-05-11,21.783,22.973,21.783,22.603,94877600.0,
2020-05-12,22.473,22.973,21.983,22.943,62780800.0,
2020-05-13,22.823,23.263,22.383,22.803,48907100.0,
2020-05-14,22.433,25.153,22.233,25.153,102728400.0,
2020-05-15,25.723,25.903,24.753,25.073,90853500.0,
2020-05-18,24.623,24.823,22.503,22.503,109108400.0,
2020-05-19,22.823,24.423,22.763,24.323,82702000.0,
2020-05-20,24.033,24.203,22.903,23.223,69570800.0,
2020-05-21,23.403,23.403,22.073,22.293,55976200.0,
2020-05-22,22.623,22.813,21.583,21.963,46808000.0,
2020-05-25,22.163,22.673,21.653,22.323,44459500.0,
2020-05-26,22.343,23.173,22.073,22.953,56812600.0,
2020-05-27,22.793,22.903,21.423,21.673,55868500.0,
2020-05-28,21.423,21.903,20.913,21.823,39814000.0,
2020-05-29,22.003,24.073,21.613,23.733,99874200.0,
2020-06-01,24.123,26.173,23.983,26.173,97668800.0,
2020-06-02,26.593,27.273,26.003,26.293,80895600.0,
2020-06-03,26.723,28.173,26.053,26.783,74243500.0,
2020-06-04,26.833,27.393,26.423,26.703,42844100.0,
2020-06-05,26.643,27.043,25.943,26.703,48779500.0,
2020-06-08,27.313,27.593,25.433,25.723,61165700.0,
2020-06-09,26.123,26.193,25.443,25.813,36260700.0,
2020-06-10,25.703,26.693,25.243,26.583,44076900.0,
2020-06-11,26.423,26.563,24.593,24.973,68708800.0,
2020-06-12,24.123,25.053,23.983,24.893,37841000.0,
2020-06-15,24.563,25.423,24.163,24.803,36472100.0,
2020-06-16,25.283,25.633,24.853,25.113,30207900.0,
2020-06-17,24.963,27.413,24.723,27.373,61178700.0,
2020-06-18,27.113,29.383,26.943,28.133,69946300.0,
2020-06-19,28.533,29.373,27.933,28.503,48474100.0,
2020-06-22,28.933,29.313,27.643,28.123,42301800.0,
2020-06-23,28.253,30.473,27.723,29.773,58279600.0,
2020-06-24,29.553,29.903,28.703,28.723,36419000.0,
2020-06-29,28.683,29.073,28.223,28.513,26240300.0,
2020-06-30,29.073,29.313,27.963,28.513,44491800.0,
2020-07-01,28.233,29.493,27.423,28.303,59262000.0,
2020-07-02,28.033,29.533,27.223,29.193,61391900.0,
2020-07-03,28.823,29.513,27.853,29.023,53446900.0,
2020-07-06,28.553,30.503,28.203,30.013,67375100.0,
2020-07-07,30.623,32.413,30.433,30.723,66281800.0,
2020-07-08,31.043,33.513,30.403,32.983,60643800.0,
2020-07-09,32.823,33.653,32.203,32.953,48377200.0,
2020-07-10,32.543,34.123,32.353,33.083,44100600.0,
2020-07-13,31.433,33.673,31.433,33.083,60543000.0,
2020-07-14,32.783,32.793,29.803,30.383,80857900.0,
2020-07-15,30.323,30.803,28.823,28.903,56578000.0,
2020-07-16,28.903,29.803,27.713,27.773,43253900.0,
2020-07-17,28.123,29.723,27.653,29.373,38177100.0,
2020-07-20,29.743,30.293,28.423,29.993,34953300.0,
2020-07-21,30.033,31.313,29.903,30.473,35130700.0,
2020-07-22,30.703,31.173,30.203,30.473,22721700.0,
2020-07-23,30.273,32.323,30.173,32.263,44345900.0,
2020-07-24,31.933,32.863,30.233,30.823,39751700.0,
2020-07-27,30.823,32.303,29.933,31.553,30847500.0,
2020-07-28,32.723,33.123,32.023,33.123,39696100.0,
2020-07-29,33.083,36.423,32.523,36.133,54641000.0,
2020-07-30,36.043,36.673,34.673,35.073,47988000.0,
2020-07-31,35.173,36.013,34.303,35.523,34571000.0,
2020-08-03,35.273,37.013,35.203,36.053,33973500.0,
2020-08-04,36.103,37.593,35.583,36.763,40034300.0,
2020-08-05,37.343,38.123,35.063,35.563,38550700.0,
2020-08-06,35.343,35.623,34.273,35.123,30304400.0,
2020-08-07,35.143,35.513,33.333,34.323,29520500.0,
2020-08-10,34.133,35.313,34.023,34.683,22245400.0,
2020-08-11,34.403,34.983,33.623,33.893,19350800.0,
2020-08-12,33.963,36.303,33.193,35.783,38870000.0,
2020-08-13,35.333,37.223,34.983,36.143,32236200.0,
2020-08-14,35.953,36.583,35.613,36.143,18541100.0,
2020-08-17,36.323,39.013,36.043,38.753,40777300.0,
2020-08-18,38.423,38.423,35.083,36.363,57470600.0,
2020-08-19,36.023,36.223,35.123,35.213,31057600.0,
2020-08-20,35.243,35.853,33.633,33.723,42579500.0,
2020-08-21,34.283,34.673,32.523,33.823,39742400.0,
2020-08-24,33.723,35.063,33.243,34.703,30065600.0,
2020-08-25,34.623,34.893,33.803,34.003,21349000.0,
2020-08-26,34.013,34.293,30.533,30.533,68995700.0,
2020-08-27,29.313,30.673,28.613,30.473,43865900.0,
2020-08-28,30.483,32.623,30.483,32.103,56720500.0,
2020-08-31,32.113,32.413,31.403,31.733,29820400.0,
2020-09-01,31.513,31.703,30.623,31.533,22161000.0,
2020-09-02,31.873,32.813,31.623,32.143,28498100.0,
2020-09-03,31.943,32.873,31.723,32.433,23753500.0,
2020-09-04,31.623,32.973,31.393,32.433,22574600.0,
2020-09-07,32.213,32.633,31.333,31.413,17216700.0,
2020-09-08,31.413,31.773,30.323,31.553,16813100.0,
2020-09-09,31.123,31.573,29.443,29.823,25740600.0,
2020-09-10,30.013,30.583,29.223,29.353,20947900.0,
2020-09-11,29.023,29.353,27.513,28.823,46239400.0,
2020-09-14,29.283,29.373,27.903,28.323,29708100.0,
2020-09-15,28.613,29.273,28.163,28.423,27897800.0,
2020-09-16,28.093,29.973,27.993,28.833,36244100.0,
2020-09-17,28.823,28.993,26.903,26.983,65644000.0,
2020-09-18,27.223,27.473,25.713,27.423,49586400.0,
2020-09-21,27.763,28.093,27.223,27.413,28051200.0,
2020-09-22,27.143,27.783,26.873,27.173,19860000.0,
2020-09-23,27.473,27.523,26.823,27.433,15007300.0,
2020-09-24,27.303,27.473,26.173,26.213,19125400.0,
2020-09-25,26.583,26.683,26.073,26.183,12336800.0,
2020-09-28,26.373,26.763,25.863,25.943,13457400.0,
2020-09-29,26.293,26.403,25.723,26.103,15910200.0,
2020-09-30,26.483,26.983,25.753,26.223,24234500.0,
2020-10-09,26.743,27.883,26.573,27.623,31103700.0,
2020-10-12,28.123,29.523,28.013,29.323,62614300.0,
2020-10-13,29.373,30.073,28.673,30.053,36685500.0,
2020-10-14,29.623,29.873,28.493,28.543,30572600.0,
2020-10-15,28.993,28.993,27.913,28.133,24618400.0,
2020-10-16,28.003,28.263,27.423,28.013,18633100.0,
2020-10-19,28.083,28.303,27.243,27.353,22512900.0,
2020-10-20,27.493,27.803,27.013,27.723,14095200.0,
2020-10-21,27.733,27.773,26.823,27.403,17002400.0,
2020-10-22,27.243,27.443,26.753,27.343,15774500.0,
2020-10-23,27.213,27.313,25.823,26.053,39771500.0,
2020-10-26,25.963,26.113,24.903,25.493,26007400.0,
2020-10-27,25.203,26.853,25.123,26.763,23139600.0,
2020-10-28,26.743,27.063,25.973,26.603,17687200.0,
2020-10-29,26.203,27.003,26.073,26.593,22126300.0,
2020-10-30,26.263,27.823,25.893,26.433,35602800.0,
2020-11-02,26.753,28.203,26.733,28.053,46942000.0,
2020-11-03,28.173,28.373,27.523,28.323,37033200.0,
2020-11-04,28.393,29.203,28.033,28.733,36585100.0,
2020-11-05,29.273,29.523,28.263,29.183,37281500.0,
2020-11-06,29.213,29.513,28.473,29.003,24067900.0,
2020-11-09,29.173,31.503,29.173,31.163,53581000.0,
2020-11-10,30.663,31.883,30.403,31.503,33327000.0,
2020-11-11,31.103,32.403,30.273,30.573,31211300.0,
2020-11-12,31.043,31.043,29.433,29.943,25950200.0,
2020-11-13,30.433,30.993,29.913,30.843,23899400.0,
2020-11-16,31.123,31.923,31.083,31.483,23494400.0,
2020-11-17,31.333,31.813,30.333,31.663,24476100.0,
2020-11-18,31.523,32.093,31.293,31.673,18199100.0,
2020-11-19,31.333,33.573,31.033,33.293,40571200.0,
2020-11-20,33.313,33.423,32.503,32.723,21928800.0,
2020-11-23,32.383,32.573,31.723,32.203,22945100.0,
2020-11-24,32.203,34.503,31.943,33.713,39711900.0,
2020-11-25,33.983,34.223,32.713,32.983,26087800.0,
2020-11-26,32.913,33.393,32.553,33.223,19329500.0,
2020-11-27,33.243,33.483,31.653,32.433,23041700.0,
2020-11-30,32.523,32.983,31.933,32.223,17980800.0,
2020-12-01,31.923,33.653,31.823,33.253,21390500.0,
2020-12-02,33.213,34.893,33.123,34.623,35149500.0,
2020-12-03,34.903,35.853,34.423,34.543,29166300.0,
2020-12-04,34.473,36.023,34.323,35.623,27025700.0,
2020-12-07,35.733,36.203,34.773,35.043,24604100.0,
2020-12-08,35.073,35.423,34.723,34.753,17043400.0,
2020-12-09,34.533,35.003,33.773,34.003,21345900.0,
2020-12-10,33.803,35.203,33.523,34.743,19988600.0,
2020-12-11,34.823,35.023,33.613,33.983,16277400.0,
2020-12-14,34.083,34.193,32.283,33.813,27317300.0,
2020-12-15,33.683,34.323,32.873,33.583,18862000.0,
2020-12-16,33.583,33.583,32.553,32.703,15361900.0,
2020-12-17,33.033,33.403,32.523,33.123,11759900.0,
2020-12-18,33.313,33.373,31.683,31.993,21773500.0,
2020-12-21,31.793,34.123,31.633,33.893,24973500.0,
2020-12-22,33.903,34.173,32.823,32.833,16726900.0,
2020-12-23,33.003,33.313,31.723,32.673,22495400.0,
2020-12-24,32.513,33.623,32.343,33.003,16061400.0,
2020-12-25,33.333,34.663,32.963,33.423,20535000.0,
2020-12-28,34.433,35.473,33.383,33.893,31158200.0,
2020-12-29,33.023,33.493,31.923,31.923,30475600.0,
2020-12-30,31.623,32.283,29.853,32.053,46545400.0,
2020-12-31,31.893,33.273,31.423,33.023,24534100.0,
2021-01-04,33.083,34.253,32.573,34.023,20820000.0,
2021-01-05,33.733,34.203,32.923,33.513,21373900.0,
2021-01-06,33.583,33.963,32.123,32.223,31268700.0,
2021-01-07,32.763,33.423,30.623,31.203,39653900.0,
2021-01-08,31.313,31.453,29.323,29.733,46563500.0,
2021-01-11,30.193,31.213,30.023,30.303,28190600.0,
2021-01-12,30.663,32.883,30.423,32.593,39776000.0,
2021-01-13,32.823,34.173,32.433,33.933,40265500.0,
2021-01-14,35.313,35.313,33.723,34.753,43816400.0,
2021-01-15,34.523,34.743,33.243,34.603,33112900.0,
2021-01-18,34.923,35.803,34.023,35.333,34644500.0,
2021-01-19,36.133,36.793,33.573,33.773,49486200.0,
2021-01-20,33.703,34.723,33.353,34.353,26738200.0,
2021-01-21,34.083,35.053,33.983,34.343,24556700.0,
2021-01-22,33.983,34.623,33.203,33.673,24995600.0,
2021-01-25,33.323,35.503,33.133,35.423,37133400.0,
2021-01-26,35.133,35.323,33.173,33.913,31402800.0,
2021-01-27,33.873,35.623,33.533,35.453,42719100.0,
2021-01-28,34.873,35.063,31.853,32.703,54207800.0,
2021-01-29,32.623,33.043,31.123,31.323,30006500.0,
2021-02-01,30.923,31.783,30.453,31.463,18535700.0,
2021-02-02,31.673,32.543,31.213,32.343,18111100.0,
2021-02-03,32.203,32.203,29.983,30.023,35694000.0,
2021-02-04,29.923,30.123,28.593,29.623,29472300.0,
2021-02-05,29.773,30.003,28.183,28.183,17554600.0,
2021-02-08,28.183,28.623,27.573,27.783,19324500.0,
2021-02-09,27.903,29.093,27.443,28.613,23730300.0,
2021-02-10,28.893,29.033,27.843,28.613,22371300.0,
2021-02-18,29.323,29.673,28.813,29.063,20004000.0,
2021-02-19,29.103,30.103,28.373,29.953,20838300.0,
2021-02-22,30.093,31.203,30.063,30.493,24439000.0,
2021-02-23,30.333,32.283,30.103,31.803,27697900.0,
2021-02-24,32.313,32.383,30.833,31.143,23703100.0,
2021-02-25,31.323,31.463,29.973,30.793,14664200.0,
2021-02-26,29.863,30.673,29.673,30.143,13669800.0,
2021-03-01,30.203,32.323,30.203,31.533,19316700.0,
2021-03-02,31.723,33.173,31.123,32.493,28679700.0,
2021-03-03,32.523,32.973,32.013,32.653,20237000.0,
2021-03-04,32.323,32.463,30.913,31.123,15387200.0,
2021-03-05,30.723,32.123,30.483,30.923,17358800.0,
2021-03-08,31.123,31.683,29.333,29.533,19214300.0,
2021-03-09,29.603,29.663,27.823,28.273,15268100.0,
2021-03-10,28.723,29.123,28.163,28.403,8790800.0,
2021-03-11,28.523,29.633,27.983,29.273,11863200.0,
2021-03-12,29.283,29.373,28.573,28.903,10053100.0,
2021-03-15,28.903,28.903,27.983,28.243,10865700.0,
2021-03-16,28.253,28.603,26.893,27.303,15383300.0,
2021-03-17,27.133,27.643,26.603,27.273,10352200.0,
2021-03-18,27.293,27.563,26.893,27.053,9662400.0,
2021-03-19,26.603,26.853,26.033,26.183,16306800.0,
2021-03-22,26.183,28.703,26.123,27.923,25123500.0,
2021-03-23,27.973,29.603,27.943,28.873,32840400.0,
2021-03-24,29.173,29.673,28.443,28.663,22191300.0,
2021-03-25,28.623,30.123,28.323,29.593,19472700.0,
2021-03-26,29.583,30.213,29.233,29.843,17290600.0,
2021-03-29,30.093,30.793,29.623,30.183,21674300.0,
2021-03-30,30.003,30.583,29.773,30.003,15087100.0,
2021-03-31,29.973,30.653,29.723,30.483,18731500.0,
2021-04-01,30.283,30.823,30.053,30.273,12969500.0,
2021-04-02,30.013,32.443,30.013,31.273,31110800.0,
2021-04-06,31.393,31.633,30.623,30.683,20807100.0,
2021-04-07,30.473,30.473,29.543,29.793,22688900.0,
2021-04-08,29.833,29.903,29.223,29.313,17100900.0,
2021-04-09,29.463,29.763,28.623,28.773,18524400.0,
2021-04-12,28.793,28.913,26.583,26.933,29590300.0,
2021-04-13,26.723,26.813,25.403,25.653,32078600.0,
2021-04-14,26.203,27.703,26.193,27.523,28546000.0,
2021-04-15,27.933,28.133,27.303,28.023,21089800.0,
2021-04-16,28.133,28.153,27.453,27.783,11353000.0,
2021-04-19,27.723,28.373,27.173,28.123,19140400.0,
2021-04-20,28.133,28.973,28.133,28.443,22848100.0,
2021-04-21,28.323,29.293,28.143,28.933,17142200.0,
2021-04-22,28.923,29.313,28.613,28.693,17960600.0,
2021-04-23,28.593,29.213,28.503,29.073,11247100.0,
2021-04-26,29.153,29.403,28.253,28.273,16096800.0,
2021-04-27,28.093,28.723,27.293,27.843,16017500.0,
2021-04-28,27.803,28.183,27.293,27.523,18902700.0,
2021-04-29,27.823,28.273,27.503,27.613,14931000.0,
2021-04-30,27.603,27.773,26.823,27.583,13550900.0,
2021-05-06,27.673,27.673,26.403,26.713,14866700.0,
2021-05-07,27.013,27.423,25.943,26.103,18321900.0,
2021-05-10,26.113,26.123,24.943,25.223,26181100.0,
2021-05-11,25.073,25.603,24.963,25.323,18993700.0,
2021-05-12,25.023,25.893,23.773,25.833,35623700.0,
2021-05-13,25.503,26.473,25.343,25.593,24076600.0,
2021-05-14,25.923,26.283,25.263,25.923,20909800.0,
2021-05-17,25.923,26.563,25.743,25.993,20336600.0,
2021-05-18,26.003,26.003,25.133,25.413,17682400.0,
2021-05-19,25.413,25.573,24.723,24.843,25153400.0,
2021-05-20,24.843,25.273,24.253,25.133,23709100.0,
2021-05-21,25.263,25.383,24.803,24.803,11050000.0,
2021-05-24,24.713,24.993,24.253,24.923,15478000.0,
2021-05-25,24.923,25.113,24.353,25.103,21117000.0,
2021-05-26,24.943,25.783,24.733,25.203,33336600.0,
2021-05-27,25.103,25.873,24.913,25.583,39032400.0,
2021-05-28,25.463,25.463,24.033,24.253,55623500.0,
2021-05-31,24.463,24.983,24.053,24.913,32553300.0,
2021-06-01,25.023,26.283,24.373,26.263,61128900.0,
2021-06-02,26.303,26.303,25.453,25.553,31142500.0,
2021-06-03,25.573,25.853,25.203,25.203,22957700.0,
2021-06-04,25.003,25.993,24.683,25.773,33960700.0,
2021-06-07,25.953,26.503,25.743,26.143,36398600.0,
2021-06-08,26.783,26.903,25.723,25.973,34705500.0,
2021-06-09,25.863,26.543,25.323,25.423,30006700.0,
2021-06-10,25.433,25.433,24.943,25.083,26755000.0,
2021-06-11,25.073,25.083,24.463,24.593,23309200.0,
2021-06-15,24.593,25.343,24.453,25.213,23164500.0,
2021-06-16,24.973,25.413,24.503,24.593,17647200.0,
2021-06-17,24.473,26.223,24.433,25.863,39281600.0,
2021-06-18,25.853,26.743,25.583,26.143,54324600.0,
2021-06-21,26.503,27.263,26.423,26.683,45678800.0,
2021-06-22,26.733,28.173,26.203,27.833,53515700.0,
2021-06-23,27.753,28.013,27.383,27.933,38152700.0,
2021-06-24,27.873,28.613,27.513,27.803,37202300.0,
2021-06-25,28.103,28.753,27.253,28.083,32850600.0,
2021-06-28,28.373,28.953,28.073,28.463,35521700.0,
2021-06-29,28.543,28.563,27.253,27.363,45089700.0,
2021-06-30,27.553,30.163,27.373,29.593,73754400.0,
2021-07-01,29.593,30.653,29.073,29.113,52283900.0,
2021-07-02,29.463,30.133,28.573,29.263,35633600.0,
2021-07-05,29.573,30.853,29.423,30.843,48458000.0,
2021-07-06,30.453,30.783,29.173,29.823,43543500.0,
2021-07-07,29.383,30.573,28.993,30.573,37066900.0,
2021-07-08,30.783,33.423,30.783,32.243,73466700.0,
2021-07-09,31.973,33.453,31.763,32.663,48130800.0,
2021-07-12,33.873,35.993,33.113,35.993,89429400.0,
2021-07-13,36.193,36.343,35.173,35.673,50863000.0,
2021-07-14,35.373,36.453,35.023,35.553,46166900.0,
2021-07-15,35.523,36.523,34.553,36.373,42595200.0,
2021-07-16,36.653,38.513,35.883,36.883,39905900.0,
2021-07-19,36.923,37.853,35.073,35.613,38892100.0,
2021-07-20,35.123,36.753,35.073,36.023,27093200.0,
2021-07-21,35.923,37.153,35.473,36.323,32124200.0,
2021-07-22,36.533,37.623,36.153,37.163,33553300.0,
2021-07-23,37.173,37.233,35.773,35.983,32240600.0,
2021-07-26,36.463,37.443,34.743,36.823,38766600.0,
2021-07-27,36.483,38.333,35.273,35.303,49231700.0,
2021-07-28,34.363,34.913,31.923,33.243,49348800.0,
2021-07-29,34.253,36.103,33.773,35.803,39573100.0,
2021-07-30,35.723,36.293,34.953,35.553,29132700.0,
2021-08-02,35.543,36.143,34.453,35.843,29099600.0,
2021-08-03,36.173,36.523,33.383,33.623,37025600.0,
2021-08-04,33.283,34.833,33.273,34.483,24653100.0,
2021-08-05,34.373,34.743,33.573,33.943,21810700.0,
2021-08-06,33.833,34.493,33.623,33.973,18723500.0,
2021-08-09,33.993,34.123,32.023,33.183,28311600.0,
2021-08-10,33.573,33.823,32.883,33.553,18235100.0,
2021-08-11,33.173,33.813,32.733,33.513,18363600.0,
2021-08-12,33.593,35.633,33.253,34.303,29644200.0,
2021-08-13,33.873,34.173,32.193,32.303,36294200.0,
2021-08-16,32.323,32.623,30.883,31.103,32533100.0,
2021-08-17,31.123,31.503,30.073,30.233,22097300.0,
2021-08-18,30.373,31.253,30.143,30.923,20980700.0,
2021-08-19,30.903,31.083,29.933,30.333,22523500.0,
2021-08-20,29.593,30.513,29.133,29.463,33183500.0,
2021-08-23,29.883,30.203,29.093,29.993,29744600.0,
2021-08-24,29.953,30.533,29.493,30.193,23245100.0,
2021-08-25,30.103,30.273,28.743,28.773,51447800.0,
2021-08-26,28.803,29.623,28.403,29.373,39899000.0,
2021-08-27,29.373,29.373,28.163,29.053,34642400.0,
2021-08-30,29.363,30.583,28.683,28.853,42690400.0,
2021-08-31,28.573,28.833,27.773,28.533,28559600.0,
2021-09-01,29.013,29.173,27.143,27.663,45152900.0,
2021-09-02,27.603,28.433,27.463,27.763,27647600.0,
2021-09-03,27.473,28.303,27.213,27.573,23311200.0,
2021-09-06,27.523,28.363,27.273,28.123,27718200.0,
2021-09-07,28.093,28.473,27.803,28.193,25598400.0,
2021-09-08,28.353,29.123,28.043,28.783,31942300.0,
2021-09-09,28.843,28.853,27.613,27.903,37322200.0,
2021-09-10,27.863,28.623,27.703,28.383,31952600.0,
2021-09-13,28.373,28.373,26.553,26.713,45481000.0,
2021-09-14,26.653,28.333,26.573,27.653,42684300.0,
2021-09-15,27.403,27.653,26.783,27.233,20641200.0,
2021-09-16,27.113,27.183,26.093,26.123,27502100.0,
2021-09-17,26.263,26.563,25.553,26.303,19045200.0,
2021-09-22,25.873,26.433,25.733,25.923,17539100.0,
2021-09-23,25.983,27.123,25.983,26.833,25825500.0,
2021-09-24,26.773,29.373,26.633,28.323,55138000.0,
2021-09-27,28.383,29.053,26.913,27.073,37843100.0,
2021-09-28,26.893,28.023,26.523,27.543,21302800.0,
2021-09-29,27.063,27.493,26.373,26.473,20585600.0,
2021-09-30,26.573,27.613,26.553,27.263,16966800.0,
2021-10-08,27.613,28.223,27.263,27.593,20750700.0,
2021-10-11,27.603,28.253,27.303,27.913,18514000.0,
2021-10-12,27.783,27.793,26.173,26.623,28466600.0,
2021-10-13,27.423,29.193,27.423,28.703,64172400.0,
2021-10-14,28.703,29.143,28.053,28.853,46015800.0,
2021-10-15,28.803,29.473,28.283,29.303,45017000.0,
2021-10-18,29.523,29.573,28.883,29.403,32960600.0,
2021-10-19,29.383,29.523,28.703,29.083,24905000.0,
2021-10-20,28.873,29.343,28.643,28.993,22305500.0,
2021-10-21,29.023,29.153,28.263,28.323,22658300.0,
2021-10-22,28.483,29.453,28.443,28.863,28030300.0,
2021-10-25,28.503,28.863,28.153,28.733,20698500.0,
2021-10-26,28.373,29.833,28.373,29.163,31193000.0,
2021-10-27,29.173,29.323,28.523,29.113,21209900.0,
2021-10-28,29.033,29.553,28.473,28.603,22946500.0,
2021-10-29,28.273,28.913,28.023,28.203,27490000.0,
2021-11-01,28.063,28.073,26.763,27.503,35006700.0,
2021-11-02,27.463,28.873,27.383,27.563,36643800.0,
2021-11-03,27.473,28.413,26.973,27.593,26903900.0,
2021-11-04,27.603,29.263,27.553,28.723,42139600.0,
2021-11-05,28.673,30.133,28.573,29.643,57725700.0,
2021-11-08,29.673,30.073,28.983,29.993,42135600.0,
2021-11-09,30.053,30.273,29.443,30.033,34029000.0,
2021-11-10,29.933,30.913,29.743,30.453,37391300.0,
2021-11-11,30.273,30.743,29.923,30.253,28861700.0,
2021-11-12,29.943,31.643,29.873,31.353,42631800.0,
2021-11-15,31.473,31.643,30.923,31.303,26445200.0,
2021-11-16,31.233,31.263,29.923,30.043,35680500.0,
2021-11-17,30.063,30.323,29.503,30.083,24562000.0,
2021-11-18,29.863,30.203,29.503,29.623,20513700.0,
2021-11-19,29.593,30.473,29.403,30.423,28123300.0,
2021-11-22,30.423,31.043,30.133,30.773,28869100.0,
2021-11-23,30.503,30.873,29.803,29.833,29553500.0,
2021-11-24,29.673,30.543,29.653,29.903,25069800.0,
2021-11-25,29.843,30.053,29.373,29.373,22198500.0,
2021-11-26,29.263,29.263,28.313,28.473,30159600.0,
2021-11-29,27.933,28.803,27.803,28.473,21384900.0,
2021-11-30,28.523,29.003,28.403,28.863,20044000.0,
2021-12-01,28.833,29.123,28.593,28.873,13686500.0,
2021-12-02,28.823,29.063,28.113,28.113,17277200.0,
2021-12-03,28.323,29.223,28.263,29.043,22472900.0,
2021-12-06,29.043,29.353,28.483,28.503,19205800.0,
2021-12-07,28.873,28.873,27.803,28.013,16658100.0,
2021-12-08,27.973,28.473,27.973,28.413,12465700.0,
2021-12-09,28.413,29.403,28.383,29.373,25860400.0,
2021-12-10,29.363,29.593,28.963,29.273,19029100.0,
2021-12-13,29.223,29.653,28.933,29.273,20364200.0,
2021-12-14,29.233,29.573,28.783,29.023,16738800.0,
2021-12-15,28.963,29.273,28.553,28.643,13739000.0,
2021-12-16,28.753,28.813,28.173,28.343,13140900.0,
2021-12-17,28.443,28.453,27.963,28.113,11492700.0,
2021-12-20,28.183,28.333,27.383,27.403,14712900.0,
2021-12-21,27.473,27.873,27.473,27.703,8681600.0,
2021-12-22,27.813,28.033,27.213,28.023,19789000.0,
2021-12-23,27.973,28.103,27.553,27.683,13594600.0,
2021-12-24,27.573,28.013,27.383,27.483,10871700.0,
2021-12-27,27.573,30.153,27.423,29.673,56972000.0,
2021-12-28,29.573,29.873,29.073,29.423,25006500.0,
2021-12-29,29.423,29.503,28.563,29.123,22888200.0,
2021-12-30,29.123,29.463,29.003,29.173,15562200.0,
2021-12-31,29.273,29.363,28.793,29.173,12967100.0,
2024-01-02,13.493,13.703,13.353,13.453,94927.000,0.0
2024-01-03,13.403,13.533,13.263,13.313,63539.000,0.0
2024-01-04,13.283,13.283,12.873,12.923,78448.000,0.0
2024-01-05,12.903,13.063,12.533,12.603,83649.000,0.0
2024-01-08,12.563,12.603,12.103,12.113,89093.000,0.0
2024-01-09,12.213,12.313,12.063,12.123,64666.000,0.0
2024-01-10,12.093,12.273,11.833,12.013,62700.000,0.0
2024-01-11,11.963,12.363,11.963,12.293,63344.000,0.0
2024-01-12,12.223,12.423,12.143,12.183,54415.000,0.0
2024-01-15,12.153,12.303,12.043,12.093,48817.000,0.0
2024-01-16,12.113,12.183,11.893,12.053,47067.000,0.0
2024-01-17,12.023,12.123,11.543,11.553,79020.000,0.0
2024-01-18,11.503,11.673,11.193,11.543,101200.000,0.0
2024-01-19,11.503,11.673,11.443,11.483,61542.000,0.0
2024-01-22,11.443,11.493,10.553,10.643,122440.000,0.0
2024-01-23,10.573,11.073,10.493,10.993,126927.000,0.0
2024-01-24,11.003,11.083,10.553,10.993,100340.000,0.0
2024-01-25,10.973,11.403,10.853,11.363,81122.000,0.0
2024-01-26,11.293,11.403,11.203,11.263,62486.000,0.0
2024-01-29,11.283,11.403,10.863,10.893,68896.000,0.0
2024-01-30,10.803,10.943,10.403,10.503,79485.000,0.0
2024-01-31,10.503,10.663,9.993,10.033,107892.000,0.0
2024-02-01,9.983,10.183,9.693,9.983,120537.000,0.0
2024-02-02,9.933,10.113,8.983,9.353,148287.000,0.0
2024-02-05,9.323,9.363,8.423,8.813,206154.000,0.0
2024-02-06,8.723,9.723,8.583,9.723,195089.000,0.0
2024-02-07,9.763,10.723,9.763,10.723,274372.000,0.0
2024-02-08,10.893,11.823,10.883,11.823,176853.000,0.0
2024-02-19,12.173,12.173,11.123,11.403,324836.000,0.0
2024-02-20,11.263,11.343,10.943,11.133,184468.000,0.0
2024-02-21,11.043,11.453,10.863,11.103,182528.000,0.0
2024-02-22,11.053,11.383,11.033,11.303,148909.000,0.0
2024-02-23,11.313,11.383,11.113,11.353,151929.000,0.0
2024-02-26,11.323,11.633,11.203,11.413,170390.000,0.0
2024-02-27,11.383,11.813,11.283,11.813,185153.000,0.0
2024-02-28,11.793,12.003,11.053,11.063,240089.000,0.0
2024-02-29,11.023,11.703,11.013,11.703,195387.000,0.0
2024-03-01,11.703,12.033,11.663,11.973,220012.000,0.0
2024-03-04,12.073,12.183,11.743,12.013,150314.000,0.0
2024-03-05,11.873,11.983,11.723,11.773,128231.000,0.0
2024-03-06,11.703,11.833,11.423,11.693,157511.000,0.0
2024-03-07,11.753,11.853,11.493,11.493,115442.000,0.0
2024-03-08,11.583,11.823,11.433,11.793,122754.000,0.0
2024-03-11,11.833,12.443,11.753,12.373,315779.000,0.0
2024-03-12,12.313,12.333,12.063,12.213,174363.000,0.0
2024-03-13,12.233,12.513,12.133,12.353,178552.000,0.0
2024-03-14,12.293,12.443,12.073,12.403,180798.000,0.0
2024-03-15,12.383,12.633,12.253,12.513,187483.000,0.0
2024-03-18,12.533,12.673,12.333,12.563,190398.000,0.0
2024-03-19,12.563,12.633,12.393,12.403,146460.000,0.0
2024-03-20,12.363,12.503,12.313,12.423,104922.000,0.0
2024-03-21,12.403,12.533,12.263,12.293,106913.000,0.0
2024-03-22,12.263,12.383,12.083,12.163,116455.000,0.0
2024-03-25,12.003,12.473,11.753,11.753,168989.000,0.0
2024-03-26,11.783,11.923,11.483,11.573,121897.000,0.0
2024-03-27,11.603,11.623,11.043,11.053,100093.000,0.0
2024-03-28,11.103,11.503,11.023,11.323,99964.000,0.0
2024-03-29,11.403,11.443,11.193,11.443,62848.000,0.0
2024-04-01,11.483,12.093,11.483,12.093,149659.000,0.0
2024-04-02,12.073,12.083,11.843,11.963,90795.000,0.0
2024-04-03,12.393,12.803,11.813,12.193,339783.000,0.0
2024-04-08,11.693,11.803,11.253,11.253,256064.000,0.0
2024-04-09,11.143,11.563,11.143,11.473,118241.000,0.0
2024-04-10,11.423,11.463,11.093,11.193,96352.000,0.0
2024-04-11,11.153,11.553,11.103,11.323,96085.000,0.0
2024-04-12,11.363,11.483,11.183,11.203,84275.000,0.0
2024-04-15,11.193,11.323,10.843,11.043,116004.000,0.0
2024-04-16,10.983,11.193,10.733,10.893,149550.000,0.0
2024-04-17,10.893,11.253,10.863,11.233,121934.000,0.0
2024-04-18,11.113,11.413,10.973,11.203,116819.000,0.0
2024-04-19,11.123,11.323,11.013,11.113,84966.000,0.0
2024-04-22,11.053,11.343,10.923,11.183,113697.000,0.0
2024-04-23,11.163,11.333,11.013,11.113,80191.000,0.0
2024-04-24,11.173,11.413,11.093,11.413,110472.000,0.0
2024-04-25,11.473,11.733,11.413,11.513,131593.000,0.0
2024-04-26,11.553,11.923,11.553,11.883,172927.000,0.0
2024-04-29,11.893,12.173,11.893,12.133,152846.000,0.0
2024-04-30,12.133,12.263,12.033,12.153,144349.000,0.0
2024-05-06,12.343,12.553,12.233,12.253,130280.000,0.0
2024-05-07,12.253,12.283,12.123,12.183,109528.000,0.0
2024-05-08,12.173,12.253,12.023,12.053,81740.000,0.0
2024-05-09,11.993,12.403,11.983,12.333,94274.000,0.0
2024-05-10,12.363,12.393,12.133,12.203,70152.000,0.0
2024-05-13,12.073,12.223,11.913,12.073,82457.000,0.0
2024-05-14,12.053,12.273,12.023,12.033,69976.000,0.0
2024-05-15,12.043,12.103,11.843,11.863,171115.000,0.0
2024-05-16,11.943,12.033,11.803,11.843,79417.000,0.0
2024-05-17,11.853,12.153,11.843,12.143,84303.000,0.0
2024-05-20,12.203,12.313,12.113,12.223,96859.000,0.0
2024-05-21,12.173,12.283,12.093,12.133,64903.000,0.0
2024-05-22,12.133,12.313,12.123,12.263,77430.000,0.0
2024-05-23,12.223,12.283,11.913,11.943,98964.000,0.0
2024-05-24,11.923,12.003,11.553,11.563,108537.000,0.0
2024-05-27,11.623,11.873,11.373,11.793,99549.000,0.0
2024-05-28,11.773,12.003,11.633,11.703,94289.000,0.0
2024-05-29,11.703,11.863,11.673,11.743,58604.000,0.0
2024-05-30,11.673,12.063,11.563,11.953,103326.000,0.0
2024-05-31,12.073,12.483,12.013,12.273,202714.000,0.0
2024-06-03,12.263,12.533,12.083,12.303,210584.000,0.0
2024-06-04,12.283,12.423,12.073,12.373,153012.000,0.0
2024-06-05,12.313,12.663,12.283,12.433,234523.000,0.0
2024-06-06,12.453,12.993,12.453,12.553,430306.000,0.0
2024-06-07,12.493,12.753,12.303,12.643,365308.000,0.0
2024-06-11,12.603,12.843,12.283,12.843,357016.000,0.0
2024-06-12,12.843,13.003,12.663,12.723,357705.000,0.0
2024-06-13,12.703,12.823,12.543,12.593,256046.000,0.0
2024-06-14,12.573,12.733,12.393,12.683,204573.000,0.0
2024-06-17,12.633,13.083,12.613,13.003,293412.000,0.0
2024-06-18,13.033,13.043,12.713,12.823,222472.000,0.0
2024-06-19,12.803,12.903,12.603,12.733,182934.000,0.0
2024-06-20,12.683,12.833,12.493,12.523,172712.000,0.0
2024-06-21,12.393,12.773,12.303,12.693,140924.000,0.0
2024-06-24,12.603,12.823,12.403,12.433,187117.000,0.0
2024-06-25,12.443,12.653,12.153,12.383,181819.000,0.0
2024-06-26,12.303,12.713,12.023,12.693,186682.000,0.0
2024-06-27,12.633,12.833,12.463,12.483,174626.000,0.0
2024-06-28,12.373,12.973,12.323,12.763,239547.000,0.0
2024-07-01,12.853,12.883,12.103,12.413,243175.000,0.0
2024-07-02,12.383,12.473,12.213,12.313,115413.000,0.0
2024-07-03,12.273,12.343,12.123,12.153,100657.000,0.0
2024-07-04,12.153,12.543,12.043,12.073,137828.000,0.0
2024-07-05,12.062,12.112,11.802,12.042,110511.000,0.0
2024-07-08,12.022,12.252,11.932,11.962,114114.000,0.0
2024-07-09,11.912,12.652,11.902,12.642,206760.000,0.0
2024-07-10,12.532,13.052,12.532,12.952,246230.000,0.0
2024-07-11,13.422,14.272,13.382,14.272,403258.000,0.0
2024-07-12,14.352,14.532,13.912,14.202,621927.000,0.0
2024-07-15,14.112,14.362,13.992,14.072,298842.000,0.0
2024-07-16,14.102,15.022,14.072,14.792,510203.000,0.0
2024-07-17,14.912,15.492,14.662,14.752,550382.000,0.0
2024-07-18,14.452,14.702,14.152,14.602,344041.000,0.0
2024-07-19,14.692,15.152,14.622,14.632,368056.000,0.0
2024-07-22,14.662,14.732,14.322,14.432,222750.000,0.0
2024-07-23,14.432,14.482,13.902,13.902,216542.000,0.0
2024-07-24,14.052,14.102,13.522,13.612,235499.000,0.0
2024-07-25,13.592,13.712,13.412,13.562,211586.000,0.0
2024-07-26,13.562,14.162,13.552,13.992,226110.000,0.0
2024-07-29,13.982,14.232,13.792,13.992,178480.000,0.0
2024-07-30,13.852,14.072,13.682,13.962,144591.000,0.0
2024-07-31,13.962,14.332,13.842,14.322,307120.000,0.0
2024-08-01,14.402,14.462,14.142,14.302,200587.000,0.0
2024-08-02,14.132,14.312,13.812,13.862,197850.000,0.0
2024-08-05,13.652,13.842,13.152,13.182,225118.000,0.0
2024-08-06,13.422,13.532,13.172,13.352,111769.000,0.0
2024-08-07,13.352,13.602,13.242,13.402,103444.000,0.0
2024-08-08,13.322,13.542,13.132,13.352,93764.000,0.0
2024-08-09,13.552,13.662,13.432,13.472,105782.000,0.0
2024-08-12,13.412,13.582,13.252,13.322,95117.000,0.0
2024-08-13,13.322,13.602,13.312,13.592,111211.000,0.0
2024-08-14,13.552,13.632,13.362,13.422,79110.000,0.0
2024-08-15,13.372,13.592,13.232,13.322,125466.000,0.0
2024-08-16,13.322,13.452,13.212,13.242,88134.000,0.0
2024-08-19,13.262,13.502,13.162,13.272,97781.000,0.0
2024-08-20,13.262,13.312,13.062,13.102,86384.000,0.0
2024-08-21,13.062,13.482,13.002,13.242,128227.000,0.0
2024-08-22,13.252,13.282,12.942,12.972,93077.000,0.0
2024-08-23,12.942,13.202,12.852,13.152,82721.000,0.0
2024-08-26,13.162,13.262,13.042,13.172,68530.000,0.0
2024-08-27,13.262,13.302,12.862,12.912,113522.000,0.0
2024-08-28,12.912,13.122,12.862,12.982,87933.000,0.0
2024-08-29,12.942,13.552,12.862,13.472,146612.000,0.0
2024-08-30,13.552,13.972,13.452,13.742,210189.000,0.0
2024-09-02,13.702,13.792,13.452,13.472,130731.000,0.0
2024-09-03,13.472,13.692,13.432,13.532,99383.000,0.0
2024-09-04,13.362,13.422,13.142,13.302,82059.000,0.0
2024-09-05,13.292,13.632,13.182,13.482,103665.000,0.0
2024-09-06,13.442,13.512,12.992,13.012,89123.000,0.0
2024-09-09,12.952,13.092,12.832,12.892,93523.000,0.0
2024-09-10,12.962,13.192,12.702,13.122,97568.000,0.0
2024-09-11,13.052,13.132,12.932,13.032,58636.000,0.0
2024-09-12,13.072,13.172,12.782,12.792,75786.000,0.0
2024-09-13,12.792,12.932,12.652,12.672,82760.000,0.0
2024-09-18,12.652,12.832,12.342,12.562,74920.000,0.0
2024-09-19,12.702,12.862,12.522,12.702,78090.000,0.0
2024-09-20,12.712,12.822,12.482,12.552,62729.000,0.0
2024-09-23,12.502,12.812,12.462,12.522,65550.000,0.0
2024-09-24,12.582,13.052,12.532,13.022,127130.000,0.0
2024-09-25,13.202,13.522,13.102,13.132,148723.000,0.0
2024-09-26,13.122,13.642,13.052,13.642,138931.000,0.0
2024-09-27,13.902,14.492,13.752,14.212,294283.000,0.0
2024-09-30,14.702,15.632,14.702,15.552,435118.000,0.0
2024-10-08,17.132,17.132,15.652,16.652,546892.000,0.0
2024-10-09,16.302,16.392,15.252,15.582,461081.000,0.0
2024-10-10,15.802,16.102,15.202,15.262,379884.000,0.0
2024-10-11,15.362,15.392,14.572,14.722,219675.000,0.0
2024-10-14,14.752,15.302,14.402,15.262,246465.000,0.0
2024-10-15,15.232,15.622,15.042,15.092,209398.000,0.0
2024-10-16,14.772,15.352,14.752,15.122,153036.000,0.0
2024-10-17,15.242,15.542,15.092,15.122,175854.000,0.0
2024-10-18,15.122,16.102,15.072,15.762,325225.000,0.0
2024-10-21,15.812,16.392,15.812,15.992,310834.000,0.0
2024-10-22,16.002,16.182,15.902,16.022,212186.000,0.0
2024-10-23,15.962,16.232,15.852,15.962,203713.000,0.0
2024-10-24,15.872,16.082,15.632,15.982,167219.000,0.0
2024-10-25,16.232,16.432,15.912,16.232,224699.000,0.0
2024-10-28,16.302,16.432,16.042,16.212,198778.000,0.0
2024-10-29,16.272,16.642,16.052,16.312,304956.000,0.0
2024-10-30,15.692,15.792,15.152,15.572,458206.000,0.0
2024-10-31,15.522,16.192,15.452,15.912,284753.000,0.0
2024-11-01,15.802,15.912,15.152,15.242,247691.000,0.0
2024-11-04,15.342,15.552,15.192,15.522,194808.000,0.0
2024-11-05,15.562,17.102,15.502,16.442,821519.000,0.0
2024-11-06,16.272,16.542,16.142,16.252,456120.000,0.0
2024-11-07,16.132,16.482,16.072,16.442,261972.000,0.0
2024-11-08,16.572,16.692,16.252,16.342,321421.000,0.0
2024-11-11,16.342,17.072,16.272,17.052,434012.000,0.0
2024-11-12,17.352,17.442,16.732,16.902,351792.000,0.0
2024-11-13,16.812,16.972,16.452,16.842,238634.000,0.0
2024-11-14,16.752,16.782,15.982,16.052,271545.000,0.0
2024-11-15,15.982,16.362,15.912,15.952,213999.000,0.0
2024-11-18,16.002,16.202,15.452,15.542,196353.000,0.0
2024-11-19,15.532,15.752,15.252,15.722,183361.000,0.0
2024-11-20,15.722,15.762,15.452,15.722,182214.000,0.0
2024-11-21,15.722,15.732,15.452,15.622,154859.000,0.0
2024-11-22,15.542,15.772,14.902,14.902,229485.000,0.0
2024-11-25,14.902,15.052,14.672,14.832,169250.000,0.0
2024-11-26,14.882,14.942,14.652,14.652,117608.000,0.0
2024-11-27,14.552,15.022,14.212,15.022,191351.000,0.0
2024-11-28,14.972,15.092,14.862,14.882,123535.000,0.0
2024-11-29,14.842,15.252,14.692,15.102,158796.000,0.0
2024-12-02,15.092,15.282,15.032,15.252,164471.000,0.0
2024-12-03,15.212,15.272,14.942,15.172,136310.000,0.0
2024-12-04,15.182,15.242,14.852,14.982,131297.000,0.0
2024-12-05,14.832,15.062,14.802,14.952,109525.000,0.0
2024-12-06,14.952,15.192,14.832,15.142,138857.000,0.0
2024-12-09,15.142,15.232,14.832,14.962,119513.000,0.0
2024-12-10,15.352,15.492,15.022,15.052,221378.000,0.0
2024-12-11,15.052,15.332,15.012,15.192,150770.000,0.0
2024-12-12,15.202,15.242,14.962,15.202,122815.000,0.0
2024-12-13,15.122,15.142,14.882,14.932,124223.000,0.0
2024-12-16,14.762,15.002,14.692,14.812,114167.000,0.0
2024-12-17,14.752,15.012,14.662,14.712,110077.000,0.0
2024-12-18,14.742,15.082,14.592,14.972,137182.000,0.0
2024-12-19,14.852,15.222,14.812,15.142,139976.000,0.0
2024-12-20,15.142,15.402,15.042,15.262,154096.000,0.0
2024-12-23,15.372,15.412,14.882,14.922,137077.000,0.0
2024-12-24,14.872,15.072,14.722,15.052,117931.000,0.0
2024-12-25,15.032,15.092,14.722,14.802,96065.000,0.0
2024-12-26,14.792,15.212,14.532,14.702,321440.000,0.0
2024-12-27,14.682,14.922,14.552,14.612,188150.000,0.0
2024-12-30,14.622,14.862,14.352,14.792,157450.000,0.0
2024-12-31,14.742,14.872,14.052,14.102,201511.000,0.0
2025-01-02,14.052,14.102,13.442,13.582,174348.000,0.0
2025-01-03,13.642,13.692,13.252,13.302,132445.000,0.0
2025-01-06,13.312,13.812,13.262,13.672,164707.000,0.0
2025-01-07,13.662,13.882,13.632,13.782,103664.000,0.0
2025-01-08,13.722,13.902,13.412,13.782,140148.000,0.0
2025-01-09,14.252,15.182,14.012,14.642,692574.000,0.0
2025-01-10,14.132,14.252,13.602,13.662,463418.000,0.0
2025-01-13,13.362,13.662,13.302,13.502,210617.000,0.0
2025-01-14,13.502,13.932,13.362,13.862,348180.000,0.0
2025-01-15,13.782,13.822,13.602,13.642,176926.000,0.0
2025-01-16,13.742,13.952,13.572,13.682,184057.000,0.0
2025-01-17,13.642,14.152,13.602,14.012,246723.000,0.0
2025-01-20,14.152,14.452,13.982,14.332,229068.000,0.0
2025-01-21,14.362,14.462,14.202,14.372,167063.000,0.0
2025-01-22,14.252,14.412,14.162,14.332,111583.000,0.0
2025-01-23,14.492,14.582,14.102,14.102,167945.000,0.0
2025-01-24,14.252,14.432,14.172,14.412,158035.000,0.0
2025-01-27,14.432,14.492,14.172,14.172,129082.000,0.0
2025-02-05,14.352,14.402,14.102,14.212,142257.000,0.0
2025-02-06,14.112,14.872,14.072,14.872,300167.000,0.0
2025-02-07,14.782,15.122,14.772,14.922,276664.000,0.0
2025-02-10,15.052,15.202,14.972,15.042,185615.000,0.0
2025-02-11,15.012,15.142,14.882,15.072,156632.000,0.0
2025-02-12,15.002,15.342,14.972,15.312,210279.000,0.0
2025-02-13,15.242,15.262,14.932,14.942,180587.000,0.0
2025-02-14,14.922,15.032,14.852,15.002,129868.000,0.0
2025-02-17,15.002,15.132,14.882,14.962,170723.000,0.0
2025-02-18,14.942,15.042,14.492,14.602,171235.000,0.0
2025-02-19,14.602,14.872,14.572,14.822,260102.000,0.0
2025-02-20,14.752,15.162,14.532,15.052,430563.000,0.0
2025-02-21,15.012,15.252,14.982,15.172,275081.000,0.0
2025-02-24,15.172,15.632,15.162,15.262,370019.000,0.0
2025-02-25,15.082,15.322,15.022,15.082,211930.000,0.0
2025-02-26,15.162,15.242,14.952,15.152,197074.000,0.0
2025-02-27,15.162,15.242,14.672,14.912,237553.000,0.0
2025-02-28,14.772,14.802,14.122,14.202,261942.000,0.0
2025-03-03,14.212,14.532,14.112,14.282,155641.000,0.0
2025-03-04,14.232,14.532,14.152,14.512,136468.000,0.0
2025-03-05,14.482,14.602,14.322,14.472,125590.000,0.0
2025-03-06,14.542,14.822,14.542,14.752,197296.000,0.0
2025-03-07,14.752,14.902,14.682,14.732,184023.000,0.0
2025-03-10,14.682,14.842,14.582,14.772,137137.000,0.0
2025-03-11,14.622,15.122,14.602,14.962,229039.000,0.0
2025-03-12,15.032,15.262,14.952,14.992,253084.000,0.0
2025-03-13,14.982,15.032,14.632,14.772,162310.000,0.0
2025-03-14,14.772,15.192,14.662,15.152,295641.000,0.0
2025-03-17,15.182,15.252,14.992,15.052,181224.000,0.0
2025-03-18,15.062,15.182,14.982,15.052,165626.000,0.0
2025-03-19,14.982,15.052,14.752,14.862,170229.000,0.0
2025-03-20,14.862,14.902,14.702,14.712,137823.000,0.0
2025-03-21,14.652,14.802,14.452,14.532,171624.000,0.0
2025-03-24,14.472,14.602,14.102,14.382,162518.000,0.0
2025-03-25,14.362,14.572,14.302,14.422,108698.000,0.0
2025-03-26,14.352,14.502,14.322,14.382,83936.000,0.0
2025-03-27,14.302,14.522,14.112,14.472,104311.000,0.0
2025-03-28,14.452,14.542,14.302,14.352,78719.000,0.0
2025-03-31,14.252,14.312,13.972,14.132,108777.000,0.0
2025-04-01,14.192,14.302,14.132,14.202,76813.000,0.0
2025-04-02,14.182,14.342,14.172,14.262,66454.000,0.0
2025-04-03,14.152,14.282,13.902,13.952,115263.000,0.0
2025-04-07,13.082,13.252,12.532,12.532,186813.000,0.0
2025-04-08,12.252,12.622,11.902,12.122,231183.000,0.0
2025-04-09,11.822,12.352,11.482,12.272,197661.000,0.0
2025-04-10,12.592,12.792,12.492,12.502,182817.000,0.0
2025-04-11,12.442,12.942,12.442,12.802,175086.000,0.0
2025-04-14,13.082,13.192,12.912,13.162,162021.000,0.0
2025-04-15,13.162,13.392,13.002,13.372,164815.000,0.0
2025-04-16,13.302,13.372,12.952,13.052,111180.000,0.0
2025-04-17,12.962,13.252,12.952,13.052,76142.000,0.0
2025-04-18,13.082,13.312,13.072,13.242,78143.000,0.0
2025-04-21,13.352,13.452,13.212,13.352,73516.000,0.0
2025-04-22,13.312,13.372,13.212,13.262,69986.000,0.0
2025-04-23,13.312,13.422,13.262,13.362,72454.000,0.0
2025-04-24,13.352,13.352,13.162,13.222,58398.000,0.0
2025-04-25,13.232,13.342,13.192,13.232,53349.000,0.0
2025-04-28,12.972,13.052,12.822,12.962,105195.000,0.0
2025-04-29,12.952,12.992,12.832,12.842,80516.000,0.0
2025-04-30,12.862,12.992,12.832,12.862,67327.000,0.0
2025-05-06,13.792,14.132,13.362,13.462,228661.000,0.0
2025-05-07,13.552,13.652,13.262,13.352,160681.000,0.0
2025-05-08,13.262,13.532,13.262,13.462,106302.000,0.0
2025-05-09,13.482,13.492,13.252,13.292,77508.000,0.0
2025-05-12,13.402,13.542,13.392,13.502,95092.000,0.0
2025-05-13,13.632,13.662,13.402,13.432,86590.000,0.0
2025-05-14,13.462,13.502,13.302,13.412,86088.000,0.0
2025-05-15,13.402,13.432,13.202,13.212,69160.000,0.0
2025-05-16,13.152,13.292,13.152,13.182,57948.000,0.0
2025-05-19,13.152,13.332,13.052,13.302,67912.000,0.0
2025-05-20,13.342,13.342,13.222,13.302,54399.000,0.0
2025-05-21,13.262,13.302,13.162,13.212,47275.000,0.0
2025-05-22,13.172,13.302,13.062,13.072,71972.000,0.0
2025-05-23,13.052,13.192,12.952,12.972,71169.000,0.0
2025-05-26,12.992,13.092,12.922,13.052,49539.000,0.0
2025-05-27,13.082,13.082,12.842,12.902,61304.000,0.0
2025-05-28,12.892,12.982,12.852,12.892,54744.000,0.0
2025-05-29,12.892,13.192,12.892,13.172,85501.000,0.0
2025-05-30,13.172,13.272,13.022,13.112,80226.000,0.0
2025-06-03,13.052,13.112,12.982,12.992,67451.000,0.0
2025-06-04,13.032,13.162,12.992,13.142,71467.000,0.0
2025-06-05,13.152,13.302,13.072,13.292,74970.000,0.0
2025-06-06,13.282,13.302,13.192,13.242,55501.000,0.0
2025-06-09,13.242,13.322,13.202,13.232,83730.000,0.0
2025-06-10,13.232,13.242,12.952,13.042,72453.000,0.0
2025-06-11,13.042,13.212,13.042,13.112,60940.000,0.0
2025-06-12,13.102,13.232,13.082,13.152,61266.000,0.0
2025-06-13,13.102,13.232,12.972,12.992,101537.000,0.0
2025-06-16,12.932,13.082,12.912,13.002,52548.000,0.0
2025-06-17,13.002,13.052,12.922,12.972,50475.000,0.0
2025-06-18,12.952,13.002,12.762,13.002,83422.000,0.0
2025-06-19,12.962,13.022,12.762,12.812,67541.000,0.0
2025-06-20,12.812,12.952,12.782,12.802,54588.000,0.0
2025-06-23,12.672,12.962,12.662,12.942,43451.000,0.0
2025-06-24,12.972,13.202,12.952,13.192,89753.000,0.0
2025-06-25,13.202,13.342,13.152,13.332,102096.000,0.0
2025-06-26,13.342,13.452,13.242,13.292,104413.000,0.0
2025-06-27,13.352,13.472,13.262,13.362,110055.000,0.0
2025-06-30,13.472,13.512,13.382,13.492,93054.000,0.0
2025-07-01,13.462,13.592,13.422,13.532,85715.000,0.0
2025-07-02,13.492,13.502,13.322,13.382,75437.000,0.0
2025-07-03,13.372,13.552,13.362,13.552,81499.000,0.0
2025-07-04,13.552,13.562,13.382,13.442,86597.000,0.0
2025-07-07,13.372,13.472,13.342,13.352,61099.000,0.0
2025-07-08,13.372,13.672,13.342,13.642,106086.000,0.0
2025-07-09,13.602,13.682,13.572,13.612,75077.000,0.0
2025-07-10,13.602,13.652,13.482,13.562,72143.000,0.0
2025-07-11,13.571,13.711,13.521,13.631,97997.000,0.0
2025-07-14,13.611,13.771,13.581,13.701,89918.000,0.0
2025-07-15,13.701,13.821,13.601,13.811,125398.000,0.0
2025-07-16,13.801,13.811,13.621,13.661,81778.000,0.0
2025-07-17,13.651,14.001,13.631,13.951,137631.000,0.0
2025-07-18,13.911,13.951,13.811,13.891,90763.000,0.0
2025-07-21,13.851,13.941,13.771,13.871,86565.000,0.0
2025-07-22,13.861,13.921,13.781,13.881,88555.000,0.0
2025-07-23,13.881,13.991,13.781,13.851,110656.000,0.0
2025-07-24,13.851,13.981,13.821,13.981,94562.000,0.0
2025-07-25,14.011,14.041,13.901,13.961,104155.000,0.0
2025-07-28,14.001,14.181,13.921,14.121,143953.000,0.0
2025-07-29,14.091,14.181,14.011,14.181,110588.000,0.0
2025-07-30,14.141,14.201,13.941,14.061,121803.000,0.0
2025-07-31,14.041,14.201,13.781,13.821,139278.000,0.0
2025-08-01,13.811,13.921,13.691,13.821,99929.000,0.0
2025-08-04,13.741,13.861,13.711,13.861,86318.000,0.0
2025-08-05,13.891,13.951,13.861,13.941,74094.000,0.0
2025-08-06,13.911,13.981,13.861,13.971,93538.000,0.0
2025-08-07,13.981,14.041,13.791,13.891,122907.000,0.0
2025-08-08,13.851,13.961,13.711,13.811,117296.000,0.0
2025-08-11,13.771,14.051,13.771,14.041,150661.000,0.0
2025-08-12,14.031,14.041,13.911,13.991,86949.000,0.0
2025-08-13,14.011,14.331,13.931,14.281,257474.000,0.0
2025-08-14,14.381,14.491,14.051,14.071,218834.000,0.0
2025-08-15,14.051,14.771,14.011,14.651,328469.000,0.0
2025-08-18,14.801,15.001,14.671,14.791,342152.000,0.0
2025-08-19,14.791,14.841,14.601,14.701,194150.000,0.0
2025-08-20,14.661,14.971,14.561,14.961,234102.000,0.0
2025-08-21,15.001,15.751,15.001,15.091,376434.000,0.0
2025-08-22,14.951,15.201,14.901,15.191,315625.000,0.0
2025-08-25,15.331,15.521,15.081,15.311,316664.000,0.0
2025-08-26,15.301,15.641,15.161,15.501,262938.000,0.0
2025-08-27,15.651,15.741,15.071,15.071,293709.000,0.0
2025-08-28,15.181,15.441,14.921,15.391,298259.000,0.0
2025-08-29,15.401,15.441,15.161,15.221,195777.000,0.0
2025-09-01,15.221,15.381,14.981,15.161,262379.000,0.0
2025-09-02,15.101,15.131,14.481,14.601,263171.000,0.0
2025-09-03,14.661,14.671,14.251,14.291,161392.000,0.0
2025-09-04,14.331,14.581,13.881,14.051,210308.000,0.0
2025-09-05,14.361,15.471,14.351,15.471,695037.000,0.0
2025-09-08,15.391,15.391,14.931,15.041,617967.000,0.0
2025-09-09,15.051,15.061,14.581,14.691,343133.000,0.0
2025-09-10,14.661,15.181,14.611,14.811,351273.000,0.0
2025-09-11,14.731,15.301,14.701,15.251,467176.000,0.0
2025-09-12,15.171,15.441,15.081,15.321,392651.000,0.0
2025-09-15,15.321,15.321,15.011,15.061,250828.000,0.0
2025-09-16,15.071,15.661,14.911,15.501,374111.000,0.0
2025-09-17,15.451,16.051,15.371,15.691,453847.000,0.0
2025-09-18,15.711,16.181,15.521,15.821,546775.000,0.0
2025-09-19,15.821,16.051,15.621,15.741,318713.000,0.0
2025-09-22,15.801,15.861,15.461,15.651,269671.000,0.0
2025-09-23,15.631,15.701,15.011,15.391,298972.000,0.0
2025-09-24,15.211,15.681,15.111,15.681,236098.000,0.0
2025-09-25,15.671,15.791,15.511,15.591,195962.000,0.0
2025-09-26,15.511,15.621,15.181,15.211,204840.000,0.0
2025-09-29,15.221,15.931,15.221,15.491,280083.000,0.0
2025-09-30,15.481,15.821,15.451,15.551,217092.000,0.0
2025-10-09,15.701,16.001,15.631,15.791,309798.000,0.0
2025-10-10,15.711,15.851,15.321,15.571,273741.000,0.0
2025-10-13,14.901,15.551,14.731,15.481,267720.000,0.0
2025-10-14,15.601,16.131,14.901,15.051,348148.000,0.0
2025-10-15,15.101,16.061,14.951,15.941,504736.000,0.0
2025-10-16,15.831,15.971,15.641,15.761,279467.000,0.0
2025-10-17,15.741,15.741,14.731,14.781,426110.000,0.0
2025-10-20,14.981,15.461,14.901,15.241,262865.000,0.0
2025-10-21,15.231,15.631,15.151,15.401,278522.000,0.0
2025-10-22,15.351,15.651,15.161,15.451,252411.000,0.0
2025-10-23,15.461,15.781,15.421,15.731,273130.000,0.0
2025-10-24,15.821,17.311,15.801,17.311,1178094.000,0.0
2025-10-27,17.311,17.401,16.881,17.131,1047093.000,0.0
2025-10-28,17.141,17.191,16.851,16.981,501529.000,0.0
2025-10-29,16.861,17.901,16.781,17.571,1069942.000,0.0
2025-10-30,17.271,17.271,16.411,16.491,775691.000,0.0
2025-10-31,16.581,16.901,16.371,16.831,511081.000,0.0
2025-11-03,16.641,17.201,16.521,17.081,449344.000,0.0
2025-11-04,16.961,17.801,16.901,17.581,710721.000,0.0
2025-11-05,17.201,17.531,16.951,17.391,479918.000,0.0
2025-11-06,17.391,18.481,17.261,18.091,750931.000,0.0
2025-11-07,17.761,17.901,17.541,17.891,458526.000,0.0
2025-11-10,17.971,18.151,17.341,17.601,409347.000,0.0
2025-11-11,17.511,17.571,16.901,16.921,418376.000,0.0
2025-11-12,16.961,17.081,16.411,16.541,346071.000,0.0
2025-11-13,16.501,16.771,16.401,16.621,268704.000,0.0
2025-11-14,16.501,16.501,16.101,16.111,324632.000,0.0
2025-11-17,16.111,16.331,16.031,16.201,192226.000,0.0
2025-11-18,17.731,17.831,17.111,17.241,1275034.000,0.0
2025-11-19,16.951,17.151,16.471,16.791,858054.000,0.0
2025-11-20,17.121,17.751,16.811,16.861,721954.000,0.0
2025-11-21,16.461,16.861,15.361,15.391,761146.000,0.0
2025-11-24,15.571,15.831,15.151,15.681,362679.000,0.0
2025-11-25,15.801,16.341,15.711,16.141,398419.000,0.0
2025-11-26,16.051,16.121,15.681,15.721,249745.000,0.0
2025-11-27,15.721,16.151,15.511,15.551,250105.000,0.0
2025-11-28,15.541,16.571,15.541,16.341,467555.000,0.0
2025-12-01,16.291,16.301,16.051,16.221,295306.000,0.0
2025-12-02,16.111,16.221,15.891,16.081,200812.000,0.0
2025-12-03,16.101,16.231,15.901,15.971,216668.000,0.0
2025-12-04,15.911,16.151,15.711,15.761,195747.000,0.0
2025-12-05,15.791,16.001,15.651,15.971,156894.000,0.0
2025-12-08,15.931,16.371,15.931,16.191,281693.000,0.0
2025-12-09,16.151,16.531,16.131,16.311,220828.000,0.0
2025-12-10,16.361,16.761,16.241,16.611,352858.000,0.0
2025-12-11,16.591,16.651,16.321,16.341,217933.000,0.0
2025-12-12,16.331,16.781,16.311,16.551,454448.000,0.0
2025-12-15,16.261,16.601,16.211,16.351,236065.000,0.0
2025-12-16,16.271,16.341,15.571,15.651,285813.000,0.0
2025-12-17,15.641,15.931,15.391,15.841,209607.000,0.0
2025-12-18,15.661,15.891,15.351,15.411,243557.000,0.0
2025-12-19,15.491,15.631,15.321,15.341,231286.000,0.0
2025-12-22,15.501,15.931,15.501,15.721,336593.000,0.0
2025-12-23,15.701,15.871,15.561,15.611,203202.000,0.0
2025-12-24,15.581,16.581,15.581,16.341,472843.000,0.0
2025-12-25,16.241,16.451,16.011,16.381,243774.000,0.0
2025-12-26,16.311,16.361,16.071,16.161,218742.000,0.0
2025-12-29,16.171,16.701,16.011,16.321,292214.000,0.0
2025-12-30,16.261,16.651,16.251,16.291,296754.000,0.0
2025-12-31,16.501,16.861,16.111,16.181,236009.000,0.0
2026-01-05,16.251,16.881,16.231,16.801,413023.000,0.0
2026-01-06,16.741,16.941,16.641,16.861,330669.000,0.0
2026-01-07,16.861,17.181,16.851,17.021,386954.000,0.0
2026-01-08,16.961,17.251,16.851,17.111,282672.000,0.0
2026-01-09,17.061,17.651,17.001,17.331,374755.000,0.0
2026-01-12,17.401,17.801,17.291,17.751,401784.000,0.0
2026-01-13,17.701,17.701,17.131,17.211,418347.000,0.0
2026-01-14,17.331,17.671,17.061,17.311,401287.000,0.0
2026-01-15,17.421,17.601,17.201,17.541,260954.000,0.0
2026-01-16,17.591,19.231,17.491,18.741,822796.000,0.0
2026-01-19,19.701,20.521,19.601,19.821,1050493.000,0.0
2026-01-20,19.831,20.831,19.831,20.091,742059.000,0.0
2026-01-21,20.081,21.021,19.891,20.471,738055.000,0.0
2026-01-22,20.811,20.951,20.041,20.571,656052.000,0.0
2026-01-23,20.731,21.111,20.441,20.781,625155.000,0.0
2026-01-26,20.781,21.141,20.331,20.531,524530.000,0.0
2026-01-27,20.521,21.381,20.001,20.931,610408.000,0.0
2026-01-28,21.541,21.751,20.971,21.331,679967.000,0.0
2026-01-29,21.341,22.121,21.021,21.091,770408.000,0.0
2026-01-30,20.901,21.091,19.511,20.401,652493.000,0.0
2026-02-02,20.191,20.461,19.231,19.271,423111.000,0.0
2026-02-03,19.501,19.971,19.201,19.901,363211.000,0.0
2026-02-04,19.721,20.651,19.691,20.621,478293.000,0.0
2026-02-05,20.401,22.691,20.341,22.691,994863.000,0.0
2026-02-06,21.831,22.201,21.111,21.181,947165.000,0.0
2026-02-09,21.331,21.491,20.581,21.001,730965.000,0.0
2026-02-10,21.101,21.791,21.041,21.141,687483.000,0.0
2026-02-11,21.141,21.901,20.901,20.961,577928.000,0.0
2026-02-12,21.041,22.801,20.701,22.431,922978.000,0.0
2026-02-13,22.201,22.251,21.161,21.171,587054.000,0.0
2026-02-24,23.301,23.301,23.301,23.301,273508.000,0.0
2026-02-25,24.941,25.641,24.611,25.641,1736652.000,0.0
2026-02-26,25.231,26.471,24.611,25.631,2373109.000,0.0
2026-02-27,25.401,26.651,25.051,25.901,1705236.000,0.0
2026-03-02,25.311,27.401,25.311,26.401,1879667.000,0.0
2026-03-03,26.351,26.351,23.751,23.751,1627051.000,0.0
2026-03-04,23.031,24.601,22.991,23.801,1118395.000,0.0
2026-03-05,24.471,24.471,23.351,23.651,912118.000,0.0
2026-03-06,23.651,24.001,22.731,23.651,702972.000,0.0
2026-03-09,23.291,23.401,22.021,22.911,830952.000,0.0
2026-03-10,23.461,23.981,23.201,23.791,853825.000,0.0
2026-03-11,23.651,24.341,23.201,23.301,823294.000,0.0
2026-03-12,23.301,23.401,21.831,22.401,852130.000,0.0
2026-03-13,22.141,22.281,21.491,21.601,621849.000,0.0
2026-03-16,21.601,21.921,21.071,21.851,509890.000,0.0
2026-03-17,21.991,22.781,21.211,22.301,1021638.000,0.0
2026-03-18,22.551,22.881,21.981,22.401,915939.000,0.0
2026-03-19,21.761,22.831,21.301,22.431,921302.000,0.0
2026-03-20,22.261,22.481,21.061,21.191,664262.000,0.0
2026-03-23,20.501,20.701,19.301,19.481,788330.000,0.0
2026-03-24,19.781,20.061,19.001,20.001,607791.000,0.0
2026-03-25,20.201,20.551,19.801,20.051,541808.000,0.0
2026-03-26,19.951,20.131,19.231,19.331,404993.000,0.0
2026-03-27,18.901,19.681,18.811,19.511,383916.000,0.0
2026-03-30,19.101,19.301,18.741,19.261,416986.000,0.0
2026-03-31,19.211,19.581,18.801,18.831,328188.000,0.0
2026-04-01,19.291,19.511,19.131,19.421,360394.000,0.0
2026-04-02,19.291,19.301,18.311,18.521,385079.000,0.0
2026-04-03,18.621,18.771,18.401,18.511,284210.000,0.0
2026-04-07,18.601,18.821,18.341,18.451,227590.000,0.0
2026-04-08,19.091,20.311,19.091,19.731,1023888.000,0.0
2026-04-09,19.551,19.931,19.401,19.631,450046.000,0.0
2026-04-10,19.861,20.231,19.851,19.861,558067.000,0.0
2026-04-13,19.711,20.581,19.681,20.391,552117.000,0.0
2026-04-14,20.881,21.041,20.351,20.741,608592.000,0.0
2026-04-15,21.311,21.701,20.801,20.941,754321.000,0.0
2026-04-16,20.961,22.301,20.941,22.121,922541.000,0.0
2026-04-17,21.901,22.191,21.731,21.891,565344.000,0.0
2026-04-20,21.911,22.701,21.771,22.071,636727.000,0.0
2026-04-21,21.561,22.371,21.311,22.091,532958.000,0.0
2026-04-22,21.901,22.491,21.791,22.381,486663.000,0.0
2026-04-23,22.401,22.481,21.581,22.061,539410.000,0.0
2026-04-24,21.911,23.071,21.911,22.631,921418.000,0.0
2026-04-27,23.321,23.891,22.811,23.191,848896.000,0.0
2026-04-28,22.981,24.891,22.771,24.341,1189713.000,0.0
2026-04-29,23.741,25.781,23.481,25.181,1146356.000,0.0
2026-04-30,25.411,25.481,24.441,24.991,928123.000,0.0
2026-05-06,25.401,25.481,24.611,24.711,863291.000,0.0
2026-05-07,24.801,25.401,24.661,25.051,653214.000,0.0
2026-05-08,24.701,26.081,24.421,25.771,905668.000,0.0
2026-05-11,26.281,28.361,26.101,28.361,724314.000,0.0
2026-05-12,28.871,29.751,27.931,29.351,1385176.000,0.0
2026-05-13,28.781,29.671,28.501,29.471,877356.000,0.0
2026-05-14,29.861,30.101,28.091,28.111,747808.000,0.0
2026-05-15,28.201,28.601,26.601,26.901,708015.000,0.0
2026-05-18,26.671,29.601,26.671,29.331,1202018.000,0.0
2026-05-19,29.501,32.271,28.931,32.271,719350.000,0.0
2026-05-20,33.401,34.851,32.901,33.901,1735898.000,0.0
2026-05-21,34.771,36.091,33.911,34.101,1336047.000,0.0
2026-05-22,36.791,37.521,36.111,37.521,313717.000,0.0
2026-05-25,41.281,41.281,41.281,41.281,87204.000,0.0
2026-05-26,42.021,43.401,40.081,41.601,2645573.000,0.0
2026-05-27,41.901,44.891,41.621,44.121,2091079.000,0.0
2026-05-28,44.501,48.541,44.401,48.541,1530833.000,0.0
2026-05-29,51.721,53.401,49.451,52.931,2295434.000,0.0
2026-06-01,48.881,58.161,48.881,54.951,2583336.000,0.0
2026-06-02,53.381,60.461,52.401,59.811,1899666.000,0.0
2026-06-03,58.991,61.571,56.701,60.441,2024524.000,0.0
2026-06-04,58.701,64.491,58.701,63.401,1678703.000,0.0
2026-06-05,59.901,62.071,57.861,59.551,1692663.000,0.0
2026-06-08,58.661,59.901,54.451,55.431,1699828.000,0.0
2026-06-09,55.701,60.981,53.761,60.981,1589081.000,0.0
2026-06-10,62.811,63.891,58.511,59.711,1726186.000,0.0
2026-06-11,59.911,65.691,59.401,64.201,1831329.000,0.0
2026-06-12,66.401,66.401,57.771,59.021,2169142.000,0.0
2026-06-15,61.401,64.931,60.601,64.931,1438221.000,0.0
2026-06-16,68.141,71.431,67.901,70.511,1795432.000,0.0
2026-06-17,69.881,73.991,68.781,73.961,1645583.000,0.0
2026-06-18,71.401,76.001,71.121,74.501,1363387.000,0.0
2026-06-22,74.511,75.651,70.231,72.881,1566962.000,0.0
2026-06-23,71.311,71.781,66.561,70.111,1272864.000,0.0
2026-06-24,69.411,73.401,68.901,72.281,1306556.000,0.0
2026-06-25,73.001,79.521,70.901,79.521,1450513.000,0.0
2026-06-26,77.401,80.431,77.241,78.401,1419857.000,0.0
2026-06-29,78.431,83.901,76.981,80.171,1465205.000,0.0
2026-06-30,72.141,72.141,72.141,72.141,447226.000,0.0
2026-07-01,74.881,76.701,69.401,74.301,1152951.000,0.0
2026-07-02,69.721,71.071,66.861,66.861,862331.000,0.0
2026-07-03,65.401,68.581,61.171,63.131,906756.000,0.0
2026-07-06,64.891,65.681,58.201,58.401,815528.000,0.0
2026-07-07,57.691,62.901,55.911,61.161,819714.000,0.0
2026-07-08,61.771,62.981,57.401,60.601,745417.000,0.0
2026-07-09,61.791,64.901,59.061,64.451,938222.000,0.0
2026-07-10,64.700,66.280,60.000,60.010,1044727.000,0.0
2026-07-13,56.000,57.500,54.010,54.010,222910.000,0.0
2026-07-14,52.120,59.410,50.230,59.410,1330266.000,0.0
2026-07-15,59.410,59.500,53.470,54.500,1091114.000,0.0
2026-07-16,52.910,56.050,50.670,51.700,931637.000,0.0
2026-07-17,51.000,52.300,46.530,46.530,894493.000,0.0
2026-07-20,46.530,47.300,41.880,41.880,821560.000,0.0
2026-07-21,41.000,44.890,37.690,44.320,1752682.000,0.0
2026-07-22,43.550,45.600,40.880,41.300,1347376.000,0.0
2026-07-23,44.000,45.430,42.480,43.210,1417766.000,0.0
2026-07-24,42.520,43.340,40.160,40.220,1013166.000,0.0
2026-07-27,40.940,44.240,40.010,44.240,1282927.000,0.0
2026-07-28,43.110,45.500,42.400,43.190,1617481.000,0.0
2026-07-29,43.76,47.51,43.67,47.51,172632800.0,
2026-07-30,48.67,52.26,46.38,50.5,267362300.0,
2026-07-31,55.55,55.55,48.39,49.35,255741600.0,
2026-08-03,48,53.18,47.01,51.96,181021100.0,
2026-08-04,50.02,55.69,48.08,54.33,200321500.0,
2026-08-05,52.5,59.76,52.5,57.8,221148800.0,
