date,open,high,low,close,volume,amount
2014-01-02,5.415,5.575,5.405,5.550,647100.0,
2014-01-03,5.495,5.560,5.405,5.445,749000.0,
2014-01-06,5.450,5.450,5.090,5.165,1170300.0,
2014-01-07,5.065,5.225,5.065,5.145,612800.0,
2014-01-08,5.215,5.225,5.025,5.080,901500.0,
2014-01-09,5.080,5.170,4.875,4.910,651800.0,
2014-01-10,4.935,4.965,4.870,4.950,438600.0,
2014-01-13,4.955,5.105,4.915,5.105,454100.0,
2014-01-14,5.105,5.150,5.040,5.135,465700.0,
2014-01-15,5.170,5.175,5.050,5.110,457400.0,
2014-01-16,5.080,5.165,5.065,5.110,445800.0,
2014-01-17,5.160,5.160,4.880,4.880,662700.0,
2014-01-20,4.880,4.940,4.745,4.820,647700.0,
2014-01-21,4.775,4.955,4.750,4.945,380600.0,
2014-01-22,4.955,5.075,4.885,5.070,802600.0,
2014-01-23,5.060,5.285,5.005,5.235,1209200.0,
2014-01-24,5.225,5.405,5.185,5.350,1222200.0,
2014-01-27,5.375,5.465,5.230,5.415,1452100.0,
2014-01-28,5.415,5.570,5.365,5.400,1282500.0,
2014-01-29,5.400,5.535,5.325,5.425,966000.0,
2014-01-30,5.450,5.510,5.325,5.390,597800.0,
2014-02-07,5.390,5.475,5.265,5.425,941200.0,
2014-02-10,5.430,5.735,5.430,5.680,1737000.0,
2014-02-11,5.730,5.730,5.595,5.620,1489200.0,
2014-02-12,5.660,5.980,5.610,5.870,1692900.0,
2014-02-13,5.820,5.850,5.565,5.565,1435800.0,
2014-02-14,5.550,5.790,5.545,5.785,1401700.0,
2014-02-17,5.815,5.970,5.800,5.945,1687600.0,
2014-02-18,5.945,6.805,5.875,6.805,4980600.0,
2014-02-19,6.925,7.075,6.655,6.805,5069100.0,
2014-02-20,6.815,6.920,6.405,6.575,2368500.0,
2014-02-21,6.620,6.800,6.530,6.635,1583200.0,
2014-02-24,6.725,6.925,6.605,6.870,2177600.0,
2014-02-25,6.825,6.970,6.150,6.250,2740600.0,
2014-02-26,6.225,6.425,6.040,6.185,1471000.0,
2014-02-27,6.190,6.445,6.075,6.075,1233400.0,
2014-02-28,6.075,6.415,5.825,6.155,1041900.0,
2014-03-03,6.195,6.550,6.075,6.525,1463100.0,
2014-03-04,6.525,6.710,6.375,6.620,1447000.0,
2014-03-05,6.620,6.720,6.425,6.525,1021700.0,
2014-03-06,6.525,6.525,6.215,6.265,872300.0,
2014-03-07,6.265,6.400,6.080,6.265,700900.0,
2014-03-10,6.150,6.270,5.895,5.920,689100.0,
2014-03-11,5.905,6.040,5.840,5.970,546500.0,
2014-03-12,5.975,6.005,5.550,5.670,888500.0,
2014-03-13,5.725,5.870,5.650,5.800,538700.0,
2014-03-14,5.805,6.020,5.675,5.875,537400.0,
2014-03-17,6.025,6.170,5.855,6.090,681200.0,
2014-03-18,6.025,6.230,6.025,6.070,637700.0,
2014-03-19,6.010,6.420,5.975,6.270,1521100.0,
2014-03-20,6.150,6.320,6.015,6.275,1606300.0,
2014-03-21,6.175,6.800,6.175,6.775,3031800.0,
2014-03-24,6.775,7.055,6.590,6.675,4822600.0,
2014-03-25,6.485,6.815,6.465,6.655,2180000.0,
2014-03-26,6.575,6.775,6.470,6.545,1109300.0,
2014-03-27,6.485,6.600,6.305,6.400,1243600.0,
2014-03-28,6.400,6.470,5.900,5.975,1451100.0,
2014-03-31,5.860,6.050,5.860,5.905,514200.0,
2014-04-01,5.905,6.075,5.905,6.075,801600.0,
2014-04-02,6.075,6.210,6.020,6.080,719400.0,
2014-04-03,6.100,6.100,5.925,5.990,644300.0,
2014-04-04,5.990,6.075,5.855,6.070,456600.0,
2014-04-08,6.115,6.170,6.025,6.120,680300.0,
2014-04-09,6.150,6.240,6.080,6.150,604000.0,
2014-04-10,6.155,6.390,6.095,6.300,1027400.0,
2014-04-11,6.275,6.470,6.270,6.445,1147500.0,
2014-04-14,6.435,6.495,6.325,6.450,789700.0,
2014-04-15,6.510,6.510,6.245,6.255,687600.0,
2014-04-16,6.270,6.285,6.165,6.275,348600.0,
2014-04-17,6.255,6.380,6.225,6.285,574600.0,
2014-04-18,6.308,6.483,6.268,6.458,679900.0,
2014-04-21,6.463,6.488,6.048,6.083,796500.0,
2014-04-22,6.073,6.118,5.673,5.743,1474400.0,
2014-04-23,5.743,5.878,5.613,5.628,612898.0,
2014-04-24,5.718,5.718,5.448,5.598,529200.0,
2014-04-25,5.613,5.998,5.593,5.613,619600.0,
2014-04-28,5.643,5.868,5.448,5.488,432000.0,
2014-04-29,5.473,5.593,5.473,5.563,245500.0,
2014-04-30,5.583,5.633,5.498,5.578,404300.0,
2014-05-05,5.603,5.743,5.463,5.738,503700.0,
2014-05-06,5.748,5.948,5.703,5.783,575800.0,
2014-05-07,5.848,5.848,5.628,5.628,254800.0,
2014-05-08,5.498,5.768,5.493,5.638,206100.0,
2014-05-09,5.708,5.708,5.558,5.598,233600.0,
2014-05-12,5.693,5.793,5.603,5.783,371000.0,
2014-05-13,5.783,5.853,5.698,5.798,308100.0,
2014-05-14,5.828,5.838,5.733,5.768,198200.0,
2014-05-15,5.773,5.778,5.523,5.598,316400.0,
2014-05-16,5.523,5.613,5.313,5.413,647900.0,
2014-05-19,5.408,5.558,5.328,5.508,456900.0,
2014-05-20,5.428,5.598,5.428,5.528,364900.0,
2014-05-21,5.528,5.538,5.398,5.523,477200.0,
2014-05-22,5.513,6.098,5.428,6.053,1417100.0,
2014-05-23,6.053,6.283,5.923,6.058,2836800.0,
2014-05-26,6.013,6.058,5.808,5.923,1257200.0,
2014-05-27,5.898,5.968,5.803,5.858,608600.0,
2014-05-28,5.858,5.918,5.748,5.903,622400.0,
2014-05-29,5.903,5.903,5.768,5.778,667100.0,
2014-05-30,5.768,5.843,5.733,5.793,419500.0,
2014-06-03,5.793,5.938,5.753,5.763,395400.0,
2014-06-04,5.763,5.828,5.498,5.568,488600.0,
2014-06-05,5.603,5.653,5.518,5.628,460400.0,
2014-06-06,5.688,5.703,5.503,5.578,297900.0,
2014-06-09,5.588,5.738,5.553,5.613,329200.0,
2014-06-10,5.613,5.733,5.558,5.678,428400.0,
2014-06-11,5.638,5.723,5.608,5.718,286200.0,
2014-06-12,5.723,5.763,5.683,5.738,448800.0,
2014-06-13,5.798,5.823,5.713,5.788,502300.0,
2014-06-16,5.703,5.843,5.703,5.793,431900.0,
2014-06-17,5.743,5.813,5.573,5.598,507100.0,
2014-06-18,5.623,5.673,5.548,5.578,345900.0,
2014-06-19,5.558,5.628,5.308,5.398,569600.0,
2014-06-20,5.388,5.488,5.368,5.483,235500.0,
2014-06-23,5.478,5.573,5.448,5.533,315300.0,
2014-06-24,5.473,5.593,5.473,5.563,223000.0,
2014-06-25,5.538,5.618,5.518,5.563,210600.0,
2014-06-26,5.638,5.688,5.558,5.673,426200.0,
2014-06-27,5.628,5.738,5.628,5.658,330200.0,
2014-06-30,5.698,5.743,5.628,5.738,441800.0,
2014-07-01,5.723,5.888,5.698,5.858,774600.0,
2014-07-02,5.863,5.888,5.788,5.843,419100.0,
2014-07-03,5.843,5.873,5.813,5.823,410600.0,
2014-07-04,5.823,5.893,5.718,5.848,527100.0,
2014-07-07,5.828,6.073,5.778,5.978,943400.0,
2014-07-08,5.943,5.993,5.803,5.898,544900.0,
2014-07-09,5.853,6.038,5.698,5.703,608700.0,
2014-07-10,5.723,5.893,5.698,5.828,427500.0,
2014-07-11,5.838,5.983,5.793,5.928,690600.0,
2014-07-14,5.988,5.988,5.893,5.978,663900.0,
2014-07-15,6.038,6.283,5.938,6.228,2221400.0,
2014-07-16,6.188,6.193,6.003,6.103,858700.0,
2014-07-17,6.073,6.163,5.958,6.008,474300.0,
2014-07-18,6.008,6.078,5.988,6.023,450700.0,
2014-07-21,6.023,6.048,5.928,5.938,302400.0,
2014-07-22,5.918,6.103,5.878,6.083,589300.0,
2014-07-23,6.048,6.118,5.738,5.793,564500.0,
2014-07-24,5.773,5.933,5.573,5.913,686600.0,
2014-07-25,5.913,5.943,5.828,5.898,501100.0,
2014-07-28,5.908,6.068,5.898,6.048,521000.0,
2014-07-29,6.083,6.098,5.988,6.068,1040600.0,
2014-07-30,6.073,6.198,6.023,6.173,1033500.0,
2014-07-31,6.123,6.233,6.123,6.168,606900.0,
2014-08-01,6.153,6.263,6.153,6.178,1030700.0,
2014-08-04,6.188,6.268,6.113,6.258,1080600.0,
2014-08-05,6.293,6.333,6.148,6.198,686400.0,
2014-08-06,6.148,6.208,6.088,6.173,639100.0,
2014-08-07,6.173,6.473,6.143,6.383,2027300.0,
2014-08-08,6.383,6.568,6.308,6.388,1303100.0,
2014-08-11,6.408,6.573,6.378,6.513,984900.0,
2014-08-12,6.593,6.688,6.398,6.638,1208700.0,
2014-08-13,6.598,6.743,6.503,6.743,1415300.0,
2014-08-14,6.748,6.848,6.568,6.608,1225800.0,
2014-08-15,6.548,6.643,6.513,6.613,721000.0,
2014-08-18,6.528,6.958,6.528,6.913,1602800.0,
2014-08-19,6.948,7.068,6.803,6.968,1383700.0,
2014-08-20,6.933,7.038,6.828,6.888,609300.0,
2014-08-21,6.948,6.948,6.708,6.838,708400.0,
2014-08-22,6.838,7.073,6.783,6.973,1184000.0,
2014-08-25,6.973,6.978,6.688,6.768,1106800.0,
2014-08-26,6.648,6.788,6.223,6.448,1360400.0,
2014-08-27,6.368,6.483,6.293,6.443,638000.0,
2014-08-28,6.373,7.198,6.373,7.083,4833500.0,
2014-08-29,7.023,7.448,6.908,7.183,4409100.0,
2014-09-01,7.293,7.293,7.098,7.213,1644200.0,
2014-09-02,7.168,7.388,7.168,7.213,1699500.0,
2014-09-03,7.223,7.338,7.113,7.288,1819900.0,
2014-09-04,7.298,7.538,7.228,7.538,1195900.0,
2014-09-05,7.458,7.593,7.328,7.508,1534600.0,
2014-09-09,7.478,7.488,7.263,7.423,1205100.0,
2014-09-10,7.303,8.023,7.298,7.768,4661200.0,
2014-09-11,7.648,7.948,7.613,7.783,3277400.0,
2014-09-12,7.698,7.868,7.698,7.768,713600.0,
2014-09-15,7.788,8.148,7.728,7.763,1413900.0,
2014-09-16,7.708,7.773,7.303,7.448,1169300.0,
2014-09-17,7.413,7.568,7.323,7.488,1132700.0,
2014-09-18,7.488,7.578,7.378,7.548,497300.0,
2014-09-19,7.458,7.723,7.458,7.723,680100.0,
2014-09-22,7.723,7.793,7.478,7.703,870600.0,
2014-09-23,7.688,7.748,7.563,7.718,889500.0,
2014-09-24,7.688,7.838,7.688,7.798,897400.0,
2014-09-25,7.758,7.948,7.678,7.773,861700.0,
2014-09-26,7.773,7.893,7.698,7.833,621600.0,
2014-09-29,7.893,7.978,7.798,7.948,1238800.0,
2014-09-30,7.938,8.123,7.933,8.088,763100.0,
2014-10-08,8.098,8.298,7.948,8.248,848800.0,
2014-10-09,8.298,8.318,7.998,8.158,828500.0,
2014-10-10,8.153,8.188,7.953,7.993,732200.0,
2014-10-13,7.923,8.043,7.773,8.033,1131700.0,
2014-10-14,8.033,8.278,8.003,8.088,758600.0,
2014-10-15,8.058,8.188,7.933,8.138,805400.0,
2014-10-16,8.138,8.288,7.988,7.988,486600.0,
2014-10-17,7.928,8.118,7.398,7.658,892100.0,
2014-10-20,7.643,8.188,7.603,7.943,611600.0,
2014-10-21,7.898,8.118,7.828,8.008,1357500.0,
2014-10-22,8.063,8.108,7.698,7.998,1329200.0,
2014-10-23,7.893,8.098,7.473,7.978,2772200.0,
2014-10-24,7.933,8.293,7.718,8.243,5401400.0,
2014-10-27,8.048,8.658,8.048,8.643,8463900.0,
2014-10-28,8.423,8.833,8.178,8.488,10434600.0,
2014-10-29,8.328,8.483,8.163,8.243,5708900.0,
2014-10-30,8.143,8.178,7.928,7.973,3410900.0,
2014-10-31,7.968,8.038,7.733,7.848,2479000.0,
2014-11-03,7.833,7.948,7.808,7.928,1427500.0,
2014-11-04,7.948,7.973,7.608,7.688,1862400.0,
2014-11-05,7.698,7.778,7.553,7.758,1126800.0,
2014-11-06,7.758,7.868,7.648,7.863,1168400.0,
2014-11-07,7.863,7.933,7.643,7.643,1400500.0,
2014-11-10,7.633,7.728,7.598,7.713,826100.0,
2014-11-11,7.718,7.763,6.988,7.128,1911600.0,
2014-11-12,7.043,7.273,7.043,7.263,957100.0,
2014-11-13,7.263,7.338,6.923,7.063,1179500.0,
2014-11-14,7.043,7.133,6.953,7.073,861100.0,
2014-11-17,7.123,7.733,7.028,7.718,2019800.0,
2014-11-18,7.593,7.983,7.548,7.963,2909600.0,
2014-11-19,7.963,7.998,7.678,7.903,3478100.0,
2014-11-20,7.853,7.898,7.728,7.748,1179500.0,
2014-11-21,7.738,7.743,7.658,7.688,971300.0,
2014-11-24,7.708,7.773,7.513,7.623,1559400.0,
2014-11-25,7.678,7.778,7.578,7.743,1189100.0,
2014-11-26,7.753,7.753,7.613,7.663,1031500.0,
2014-11-27,7.648,7.938,7.598,7.768,1415600.0,
2014-11-28,7.708,7.773,7.653,7.748,1217000.0,
2014-12-01,7.748,7.753,7.348,7.418,988600.0,
2014-12-02,7.353,8.088,7.348,8.073,2755500.0,
2014-12-03,8.068,8.073,7.838,7.978,3532800.0,
2014-12-04,8.003,8.023,7.858,7.888,1687500.0,
2014-12-05,7.893,7.893,7.403,7.478,1808100.0,
2014-12-08,7.478,7.593,7.353,7.483,1369000.0,
2014-12-09,7.423,7.423,6.683,6.848,1743900.0,
2014-12-10,6.803,7.313,6.803,7.273,1008200.0,
2014-12-11,7.248,7.838,7.148,7.738,2079600.0,
2014-12-12,7.838,8.118,7.738,7.888,3891400.0,
2014-12-15,7.738,7.743,7.158,7.638,1428000.0,
2014-12-16,7.498,7.598,7.438,7.483,1071000.0,
2014-12-17,7.483,7.538,7.273,7.353,1007600.0,
2014-12-18,7.273,7.723,7.268,7.418,1047900.0,
2014-12-19,7.468,7.473,7.288,7.298,910100.0,
2014-12-22,7.248,7.248,6.698,6.773,859900.0,
2014-12-23,6.773,7.023,6.728,6.808,445800.0,
2014-12-24,6.993,7.083,6.823,7.058,742800.0,
2014-12-25,7.098,7.448,7.018,7.298,893500.0,
2014-12-26,7.248,7.348,7.158,7.348,777500.0,
2014-12-29,7.223,7.548,6.983,7.488,1076600.0,
2014-12-30,7.448,7.488,7.148,7.233,1103200.0,
2014-12-31,7.298,7.573,7.298,7.353,2680300.0,
2015-01-05,7.268,7.268,6.413,6.803,1980400.0,
2015-01-06,6.653,6.843,6.573,6.818,1085400.0,
2015-01-07,6.773,6.988,6.713,6.778,554200.0,
2015-01-08,6.728,6.898,6.693,6.738,377700.0,
2015-01-09,6.618,6.968,6.618,6.838,1005000.0,
2015-01-12,6.838,6.943,6.698,6.798,1848000.0,
2015-01-13,6.793,7.053,6.693,6.998,931500.0,
2015-01-14,6.958,7.348,6.903,7.278,1659500.0,
2015-01-15,7.298,7.573,7.188,7.523,4945100.0,
2015-01-16,7.478,7.478,7.163,7.203,1724600.0,
2015-01-19,7.178,7.178,6.653,6.903,1128500.0,
2015-01-20,6.983,7.123,6.903,7.088,815000.0,
2015-01-21,7.068,7.303,7.048,7.128,1300400.0,
2015-01-22,7.178,7.493,7.118,7.483,2480200.0,
2015-01-23,7.443,7.648,7.423,7.588,2651100.0,
2015-01-26,7.563,7.833,7.493,7.693,4728300.0,
2015-01-27,7.593,7.593,7.308,7.453,2248200.0,
2015-01-28,7.358,7.433,7.293,7.413,1051800.0,
2015-01-29,7.348,7.383,7.178,7.203,845900.0,
2015-01-30,7.228,7.298,7.148,7.228,708000.0,
2015-02-02,7.213,7.238,7.023,7.138,661400.0,
2015-02-03,7.148,7.268,7.113,7.223,582100.0,
2015-02-04,7.223,7.378,7.203,7.373,1033800.0,
2015-02-05,7.413,7.478,7.248,7.323,1261000.0,
2015-02-06,7.348,7.393,6.988,7.373,2460900.0,
2015-02-09,7.293,7.498,7.158,7.433,1993000.0,
2015-02-10,7.448,7.808,7.353,7.708,5930400.0,
2015-02-11,7.768,7.768,7.358,7.513,2762400.0,
2015-02-12,7.478,7.478,7.303,7.413,1590400.0,
2015-02-13,7.453,7.553,7.413,7.488,1693000.0,
2015-02-16,7.453,7.673,7.453,7.643,1866700.0,
2015-02-17,7.638,7.638,7.488,7.513,1302300.0,
2015-02-25,7.518,7.668,7.488,7.593,1449400.0,
2015-02-26,7.598,7.863,7.598,7.793,2368300.0,
2015-02-27,7.848,7.848,7.703,7.748,1694200.0,
2015-03-02,7.678,7.688,7.503,7.663,3090800.0,
2015-03-03,7.663,7.733,7.593,7.683,2370100.0,
2015-03-04,7.683,7.888,7.683,7.833,2707500.0,
2015-03-05,7.823,7.833,7.708,7.793,1862100.0,
2015-03-06,7.793,7.918,7.638,7.673,1948300.0,
2015-03-09,7.668,7.893,7.628,7.798,1810000.0,
2015-03-10,7.808,7.998,7.803,7.848,2120300.0,
2015-03-11,7.893,7.973,7.678,7.758,1851200.0,
2015-03-12,7.748,7.888,7.593,7.598,1829000.0,
2015-03-13,7.638,7.788,7.593,7.713,1446800.0,
2015-03-16,7.738,8.098,7.738,8.063,3582400.0,
2015-03-17,8.068,8.298,7.903,8.138,3524000.0,
2015-03-18,8.133,8.418,8.088,8.343,2591200.0,
2015-03-19,8.373,8.793,8.203,8.633,4343200.0,
2015-03-20,8.638,8.638,8.458,8.483,2368000.0,
2015-03-23,8.568,8.728,8.483,8.663,2752900.0,
2015-03-24,8.683,8.783,8.158,8.403,3634500.0,
2015-03-25,8.398,8.873,8.253,8.818,3894200.0,
2015-03-26,8.763,9.128,8.608,8.678,3719700.0,
2015-03-27,8.613,8.788,8.513,8.683,2352593.0,
2015-03-30,8.783,9.033,8.678,8.898,3145200.0,
2015-03-31,8.638,8.728,8.298,8.633,4331500.0,
2015-04-01,8.613,8.903,8.453,8.898,4362400.0,
2015-04-02,8.888,9.648,8.798,9.468,5127600.0,
2015-04-03,9.403,9.518,9.128,9.423,3124700.0,
2015-04-07,9.443,9.888,9.333,9.643,3595400.0,
2015-04-08,9.643,9.643,9.228,9.468,2878800.0,
2015-04-09,9.463,10.473,9.353,10.108,5304200.0,
2015-04-10,10.198,10.893,9.898,10.513,3521900.0,
2015-04-13,10.393,11.073,10.328,10.608,2706400.0,
2015-04-14,10.668,10.668,10.198,10.388,2347600.0,
2015-04-15,10.333,10.333,9.498,9.538,2393900.0,
2015-04-16,9.013,9.753,9.013,9.473,1735200.0,
2015-04-17,9.513,9.698,9.358,9.493,2277100.0,
2015-04-20,9.448,9.448,8.988,9.048,2643300.0,
2015-04-21,9.113,9.478,9.048,9.428,1761600.0,
2015-04-22,9.443,10.093,9.443,9.908,3026700.0,
2015-04-23,9.923,10.298,9.798,10.298,3466000.0,
2015-04-24,10.138,10.578,9.898,10.578,2610400.0,
2015-04-27,10.593,11.233,10.248,10.868,6970900.0,
2015-04-28,11.038,11.373,10.498,11.243,7852200.0,
2015-04-29,10.867,11.302,10.302,10.452,7056000.0,
2015-04-30,10.632,10.702,10.182,10.322,3004200.0,
2015-05-04,10.202,10.257,9.752,9.997,3650600.0,
2015-05-05,9.992,10.242,9.827,9.927,3017200.0,
2015-05-06,9.947,10.132,9.402,9.497,2107400.0,
2015-05-07,9.502,9.602,9.202,9.327,1461100.0,
2015-05-08,9.462,9.772,9.462,9.722,2021200.0,
2015-05-11,9.877,10.127,9.732,10.107,2036100.0,
2015-05-12,10.122,10.187,9.857,10.092,3057600.0,
2015-05-13,10.052,10.367,9.892,10.097,2955600.0,
2015-05-14,10.097,10.447,10.052,10.377,3134800.0,
2015-05-15,10.287,10.347,9.832,9.852,3061500.0,
2015-05-18,9.727,10.437,9.707,10.372,3233500.0,
2015-05-19,10.277,10.947,10.277,10.772,3568100.0,
2015-05-20,10.802,11.102,10.602,10.802,3733700.0,
2015-05-21,10.852,11.392,10.842,11.262,3343700.0,
2015-05-22,11.257,11.872,11.247,11.392,4608600.0,
2015-05-25,11.252,12.442,11.132,12.052,4682800.0,
2015-05-26,12.177,12.842,12.002,12.752,5399500.0,
2015-05-27,12.757,12.882,12.162,12.552,4350300.0,
2015-05-28,12.552,13.182,11.492,12.052,5556400.0,
2015-05-29,12.102,12.927,11.547,12.552,5024400.0,
2015-06-01,12.742,14.062,12.712,14.062,6175200.0,
2015-06-02,14.352,14.892,13.852,14.552,5601900.0,
2015-06-03,14.452,15.702,13.727,15.252,5075900.0,
2015-06-04,14.952,15.447,13.877,14.832,2943500.0,
2015-06-05,14.862,15.387,14.192,14.692,3666700.0,
2015-06-08,14.722,14.942,13.457,13.877,4394800.0,
2015-06-09,13.897,14.222,13.702,13.902,2842100.0,
2015-06-10,13.952,14.382,13.552,14.012,2504800.0,
2015-06-11,14.012,15.177,14.012,14.937,3504000.0,
2015-06-12,14.902,16.687,14.902,16.282,4616300.0,
2015-06-15,16.457,17.452,15.962,16.457,4008500.0,
2015-06-16,15.957,16.892,15.357,16.557,2781500.0,
2015-06-17,16.702,16.787,15.382,16.367,2812600.0,
2015-06-18,16.372,17.077,15.742,16.122,2004000.0,
2015-06-19,15.462,15.797,14.257,14.257,2655500.0,
2015-06-23,13.952,14.452,12.577,13.582,2810400.0,
2015-06-24,13.802,14.402,13.702,14.172,2246000.0,
2015-06-25,14.097,14.922,13.897,14.242,2229300.0,
2015-06-26,13.452,13.942,12.562,12.562,2368500.0,
2015-06-29,12.962,13.152,11.052,11.052,3748200.0,
2015-06-30,10.952,12.402,10.027,12.302,4398000.0,
2015-07-01,12.352,13.787,12.252,12.952,4969100.0,
2015-07-02,12.952,13.332,11.402,11.402,2751900.0,
2015-07-03,10.952,12.242,10.007,10.352,3084400.0,
2015-07-06,11.642,11.642,9.062,9.652,5388000.0,
2015-07-07,9.442,10.357,8.432,8.432,4659600.0,
2016-02-29,9.532,9.532,9.112,9.532,6447700.0,
2016-03-01,9.952,10.742,9.532,10.282,13479000.0,
2016-03-02,9.602,11.082,8.997,10.527,11652500.0,
2016-03-03,9.992,10.602,9.802,10.172,8846000.0,
2016-03-04,10.802,11.197,10.252,10.832,12864900.0,
2016-03-07,10.862,10.952,10.492,10.692,8382800.0,
2016-03-08,10.592,10.592,9.367,10.072,6305100.0,
2016-03-09,9.602,9.747,9.202,9.377,3919400.0,
2016-03-10,9.372,9.572,9.202,9.257,3051600.0,
2016-03-11,9.212,9.212,8.782,8.917,2716300.0,
2016-03-14,9.102,9.677,9.102,9.607,4239500.0,
2016-03-15,9.452,10.202,9.407,9.962,5681400.0,
2016-03-16,10.002,10.177,9.452,9.572,3592400.0,
2016-03-17,9.607,10.077,9.502,10.032,4727200.0,
2016-03-18,10.057,10.567,9.902,10.442,5769500.0,
2016-03-21,10.702,10.762,10.302,10.652,6052000.0,
2016-03-22,10.452,10.892,10.302,10.577,4698700.0,
2016-03-23,10.572,10.682,10.402,10.642,3702100.0,
2016-03-24,10.467,11.837,10.427,11.307,8361500.0,
2016-03-25,11.052,12.097,11.052,11.747,6783700.0,
2016-03-28,11.742,11.997,11.342,11.447,4989200.0,
2016-03-29,11.282,11.537,10.642,10.832,3688200.0,
2016-03-30,10.907,11.742,10.907,11.742,4360700.0,
2016-03-31,11.937,11.947,11.462,11.467,4907800.0,
2016-04-01,11.382,11.492,11.137,11.447,3145900.0,
2016-04-05,11.552,11.962,11.552,11.947,4970500.0,
2016-04-06,11.947,12.232,11.777,12.102,5045100.0,
2016-04-07,12.202,13.297,11.777,12.652,6540500.0,
2016-04-08,12.452,13.352,12.252,13.002,5609200.0,
2016-04-11,13.472,13.472,12.702,13.002,6049900.0,
2016-04-12,12.807,13.047,12.507,12.712,2729900.0,
2016-04-13,12.797,13.082,12.677,12.677,3890000.0,
2016-04-14,12.757,12.947,12.447,12.922,3033200.0,
2016-04-15,12.862,13.192,12.702,12.852,2162600.0,
2016-04-18,12.847,13.022,12.457,12.917,3101300.0,
2016-04-19,12.947,13.132,12.777,12.887,2299800.0,
2016-04-20,13.047,13.047,11.452,11.932,3582100.0,
2016-04-21,11.882,12.057,11.602,11.612,2150800.0,
2016-04-22,11.592,12.097,11.467,11.802,1925100.0,
2016-04-25,11.802,11.837,11.577,11.697,1182000.0,
2016-04-26,11.747,12.127,11.652,12.092,1386100.0,
2016-04-27,12.227,12.822,12.202,12.547,3313100.0,
2016-04-28,12.452,12.647,12.002,12.312,2067200.0,
2016-04-29,12.152,12.607,12.102,12.372,1190400.0,
2016-05-03,12.187,12.782,11.852,12.747,2542100.0,
2016-05-04,12.602,12.847,12.497,12.522,2050900.0,
2016-05-05,12.537,12.677,12.337,12.537,1757500.0,
2016-05-06,12.537,12.597,11.802,11.802,3119100.0,
2016-05-09,11.637,11.637,10.607,10.752,2900900.0,
2016-05-10,10.702,10.997,10.557,10.887,1270000.0,
2016-05-11,11.017,11.102,10.732,10.732,1227500.0,
2016-05-12,10.502,11.082,10.192,11.027,1666500.0,
2016-05-13,10.907,11.217,10.877,10.882,1067600.0,
2016-05-16,10.942,11.262,10.867,11.202,1297400.0,
2016-05-17,11.357,12.577,11.357,12.577,2633200.0,
2016-05-18,12.802,13.082,11.937,12.152,3876300.0,
2016-05-19,12.252,12.947,12.152,12.642,3760900.0,
2016-05-20,12.452,12.927,11.902,12.807,3590400.0,
2016-05-23,12.634,12.784,12.024,12.604,5982500.0,
2016-05-24,13.094,13.814,12.544,12.644,12735400.0,
2016-05-25,12.034,13.074,12.034,12.234,6535000.0,
2016-05-26,12.104,12.484,11.654,12.354,4646200.0,
2016-05-27,12.284,12.414,11.904,12.154,3499600.0,
2016-05-30,11.834,13.504,11.794,13.234,8568500.0,
2016-05-31,13.334,14.024,13.144,13.724,11595300.0,
2016-06-01,13.884,13.984,13.454,13.784,7698000.0,
2016-06-02,13.784,14.884,13.564,14.524,9892000.0,
2016-06-03,14.554,15.014,14.214,14.564,7119000.0,
2016-06-06,14.534,14.884,14.234,14.464,5392600.0,
2016-06-07,14.534,15.334,13.914,15.294,7116400.0,
2016-06-08,15.044,15.664,14.914,15.534,4679300.0,
2016-06-13,15.034,16.184,14.054,14.134,5054900.0,
2016-06-14,14.134,14.814,13.864,14.314,4439300.0,
2016-06-15,14.194,15.984,13.884,15.784,6625600.0,
2016-06-16,16.194,17.574,15.694,17.244,8061400.0,
2016-06-17,17.244,17.484,16.624,17.214,6541600.0,
2016-06-20,17.014,19.184,16.854,19.184,9187300.0,
2016-06-21,19.214,21.034,18.634,19.144,10189400.0,
2016-06-22,19.334,19.524,18.394,18.724,6508200.0,
2016-06-23,18.614,19.194,18.054,18.254,5054100.0,
2016-06-24,18.254,19.134,17.334,18.264,6803400.0,
2016-06-27,17.734,18.914,17.734,18.794,4467700.0,
2016-06-28,18.504,20.714,18.504,20.454,8407900.0,
2016-06-29,20.334,20.534,19.654,19.934,5453700.0,
2016-06-30,19.664,20.734,19.464,19.794,4973500.0,
2016-07-01,19.884,20.304,19.284,19.414,3045500.0,
2016-07-04,19.324,19.744,19.154,19.434,2936900.0,
2016-07-05,19.894,19.894,18.514,18.714,4664800.0,
2016-07-06,19.134,19.134,18.234,19.104,4267900.0,
2016-07-07,19.034,20.534,18.624,19.934,7215900.0,
2016-07-08,19.724,20.524,19.434,19.634,3795700.0,
2016-07-11,19.544,20.074,19.244,19.664,4336300.0,
2016-07-12,19.624,19.954,18.744,19.454,3376900.0,
2016-07-13,19.414,19.704,19.144,19.314,2088800.0,
2016-07-14,19.314,19.884,19.124,19.544,2206800.0,
2016-07-15,19.544,19.724,19.044,19.634,1372000.0,
2016-07-18,19.634,19.844,18.704,18.994,3376300.0,
2016-07-19,18.884,20.544,18.264,20.324,5948600.0,
2016-07-20,20.194,21.824,19.944,21.484,7828800.0,
2016-07-21,21.224,22.034,21.024,21.484,4705900.0,
2016-07-22,21.484,21.674,20.764,20.874,2749200.0,
2016-07-25,21.124,22.534,20.854,22.484,5436200.0,
2016-07-26,22.504,22.614,21.484,22.124,6043100.0,
2016-07-27,22.034,22.034,20.504,21.394,4364600.0,
2016-07-28,21.214,21.724,20.534,20.994,2116500.0,
2016-07-29,20.994,22.814,20.834,22.404,5984300.0,
2016-08-01,22.044,22.404,21.414,21.664,3357300.0,
2016-08-02,21.054,22.834,21.054,22.834,4310000.0,
2016-08-03,22.584,23.024,22.154,22.534,3061700.0,
2016-08-04,22.414,22.934,21.534,21.934,3973500.0,
2016-08-05,22.424,23.814,22.034,23.474,8708300.0,
2016-08-08,23.234,24.334,22.844,23.564,4881200.0,
2016-08-09,23.694,24.114,22.984,23.854,3619000.0,
2016-08-10,23.624,24.234,23.334,23.444,2585700.0,
2016-08-11,23.454,23.724,22.914,23.204,1891200.0,
2016-08-12,23.204,23.334,22.724,23.254,2245000.0,
2016-08-15,23.284,23.744,22.684,23.384,2263800.0,
2016-08-16,23.384,23.704,22.834,22.984,2900600.0,
2016-08-17,22.934,23.284,22.714,22.954,1659600.0,
2016-08-18,23.034,23.174,22.714,22.774,1576100.0,
2016-08-19,22.774,23.004,22.574,22.714,1663300.0,
2016-08-22,22.714,24.184,22.644,23.834,5380000.0,
2016-08-23,23.804,24.034,23.364,23.434,2286600.0,
2016-08-24,23.534,23.874,22.994,23.264,2028700.0,
2016-08-25,22.994,23.424,22.334,22.414,2368200.0,
2016-08-26,22.624,24.334,22.284,23.974,4776200.0,
2016-08-29,23.934,24.524,23.044,23.804,5121700.0,
2016-08-30,23.804,24.514,23.224,23.544,2409300.0,
2016-08-31,23.824,23.924,22.634,23.214,4131100.0,
2016-09-01,23.064,23.084,21.314,21.374,7358800.0,
2016-09-02,21.424,21.664,20.254,21.124,5328000.0,
2016-09-05,20.824,21.434,20.394,20.734,2503300.0,
2016-09-06,20.694,21.284,20.534,20.964,1556900.0,
2016-09-07,20.944,21.264,20.634,20.654,2310100.0,
2016-09-08,20.644,22.434,20.534,22.334,4594000.0,
2016-09-09,22.234,23.504,21.934,22.274,7311900.0,
2016-09-12,21.264,21.894,20.864,21.074,3322200.0,
2016-09-13,21.134,21.234,20.484,20.884,1971000.0,
2016-09-14,20.664,21.054,20.434,20.534,1598300.0,
2016-09-19,20.514,21.124,20.484,20.804,1707700.0,
2016-09-20,21.004,21.034,20.544,20.894,2027000.0,
2016-09-28,20.794,22.024,20.054,20.494,2051800.0,
2016-09-29,20.314,20.784,19.534,19.734,2320200.0,
2016-09-30,19.764,19.764,19.404,19.554,1211900.0,
2016-10-10,19.564,20.664,19.564,20.464,1548200.0,
2016-10-11,20.534,21.114,20.264,20.544,1344300.0,
2016-10-12,20.734,21.094,20.434,20.814,1472500.0,
2016-10-13,20.684,23.144,20.684,22.204,4814900.0,
2016-10-14,21.934,22.514,21.884,22.324,2454200.0,
2016-10-17,22.324,22.584,22.034,22.134,2110500.0,
2016-10-18,22.134,23.524,22.044,22.654,1875600.0,
2016-10-19,22.754,22.894,22.134,22.224,1561900.0,
2016-10-20,22.234,22.584,22.134,22.234,1107500.0,
2016-10-21,22.284,22.334,21.414,21.514,1351300.0,
2016-10-24,21.624,21.794,21.434,21.544,986600.0,
2016-10-25,21.694,21.784,21.434,21.524,905900.0,
2016-10-26,21.524,21.714,21.304,21.594,802800.0,
2016-10-27,21.684,21.714,21.334,21.524,599700.0,
2016-10-28,21.434,21.684,21.394,21.454,529100.0,
2016-10-31,21.434,22.304,21.044,22.064,1405400.0,
2016-11-01,21.954,22.234,21.954,22.064,1119000.0,
2016-11-02,21.984,22.704,21.984,22.134,1795300.0,
2016-11-03,22.154,22.374,21.454,21.794,1723400.0,
2016-11-04,21.974,21.974,21.234,21.384,1176100.0,
2016-11-07,21.384,21.634,21.114,21.554,1066800.0,
2016-11-08,21.534,21.704,21.344,21.574,659200.0,
2016-11-09,21.434,21.694,21.054,21.314,1025600.0,
2016-11-10,21.384,21.634,21.314,21.334,1148600.0,
2016-11-11,21.434,22.114,21.054,21.434,1449900.0,
2016-11-14,21.534,23.124,21.344,22.754,4454500.0,
2016-11-15,22.734,22.924,22.344,22.724,1958400.0,
2016-11-16,22.544,23.034,22.544,22.764,1805200.0,
2016-11-17,22.544,22.864,22.034,22.124,1490900.0,
2016-11-18,22.234,22.254,21.834,22.124,1009200.0,
2016-11-21,22.054,22.134,21.234,22.084,1571300.0,
2016-11-22,22.084,23.084,22.004,22.454,1653500.0,
2016-11-23,22.284,22.534,21.784,21.864,1439600.0,
2016-11-24,21.964,21.964,21.404,21.444,1063100.0,
2016-11-25,21.514,21.694,21.184,21.504,755100.0,
2016-11-28,21.634,21.634,21.334,21.374,1012000.0,
2016-11-29,21.334,21.504,20.834,20.904,1658000.0,
2016-11-30,20.834,21.584,20.554,21.494,1464400.0,
2016-12-01,21.514,21.774,21.134,21.504,1354600.0,
2016-12-02,21.534,21.754,21.134,21.434,1032900.0,
2016-12-05,21.294,21.684,20.834,21.554,1315100.0,
2016-12-06,21.534,23.054,21.484,22.774,5248100.0,
2016-12-07,22.824,22.934,22.364,22.734,2490300.0,
2016-12-08,22.784,23.304,22.434,22.684,2172600.0,
2016-12-09,22.724,23.414,22.534,23.334,3174400.0,
2016-12-12,23.734,23.734,22.134,22.834,2926600.0,
2016-12-13,22.794,22.954,22.154,22.634,1687300.0,
2016-12-14,22.334,24.374,22.334,23.574,4100300.0,
2016-12-15,23.414,25.084,22.804,25.034,5525100.0,
2016-12-16,24.724,25.774,24.394,25.014,4245700.0,
2016-12-19,24.734,25.034,23.794,24.224,3664900.0,
2016-12-20,24.174,24.184,22.854,23.624,2842700.0,
2016-12-21,23.624,23.734,23.244,23.634,1822900.0,
2016-12-22,23.444,24.364,23.184,23.194,1657600.0,
2016-12-23,23.334,23.334,22.594,22.594,1813700.0,
2016-12-26,22.344,23.394,21.744,22.954,1720900.0,
2016-12-27,22.954,23.004,22.024,22.254,2917300.0,
2016-12-28,22.254,22.434,22.034,22.224,1465700.0,
2016-12-29,22.034,22.354,21.734,22.004,1184000.0,
2016-12-30,21.854,22.334,21.734,22.334,1671500.0,
2017-01-03,22.424,22.434,21.614,21.684,2068300.0,
2017-01-04,21.684,21.784,21.214,21.484,2138700.0,
2017-01-05,21.574,22.724,21.504,22.174,3445100.0,
2017-01-06,22.044,22.464,21.734,21.974,1642700.0,
2017-01-09,21.734,22.434,21.734,21.834,2125300.0,
2017-01-10,21.834,22.024,21.734,21.834,1424500.0,
2017-01-11,21.834,22.074,21.594,21.754,667100.0,
2017-01-12,21.664,21.884,20.144,20.184,2694700.0,
2017-01-13,20.494,20.494,19.264,19.264,2121300.0,
2017-01-16,19.264,19.334,17.644,19.034,1576400.0,
2017-01-17,19.034,19.814,17.684,19.544,2033000.0,
2017-01-18,19.544,20.334,19.534,20.014,1734300.0,
2017-01-19,20.014,20.014,19.654,19.834,586100.0,
2017-01-20,20.014,20.134,19.764,19.854,959500.0,
2017-01-23,19.894,20.104,19.364,19.754,1036800.0,
2017-01-24,19.524,19.684,19.284,19.634,458900.0,
2017-01-25,19.294,19.914,19.284,19.694,520900.0,
2017-01-26,19.714,19.914,19.564,19.764,289900.0,
2017-02-03,19.764,20.684,19.734,20.084,958300.0,
2017-02-06,19.934,20.634,19.934,20.514,1245800.0,
2017-02-07,20.514,21.154,20.414,20.904,2210400.0,
2017-02-08,20.904,21.334,20.604,21.244,1013700.0,
2017-02-09,21.244,21.384,20.914,21.134,2241900.0,
2017-02-10,21.134,21.584,20.944,21.334,1421200.0,
2017-02-13,21.234,21.334,20.914,21.124,1456600.0,
2017-02-14,21.124,21.124,20.684,20.924,875400.0,
2017-02-15,20.934,21.044,20.214,20.324,1443200.0,
2017-02-16,20.334,20.554,20.174,20.244,964900.0,
2017-02-17,20.314,20.764,20.294,20.514,983500.0,
2017-02-20,20.634,20.724,20.014,20.134,1513600.0,
2017-02-21,20.304,20.484,20.134,20.304,1655700.0,
2017-02-22,20.354,20.434,20.034,20.204,1902700.0,
2017-02-23,20.204,20.504,20.144,20.444,1222100.0,
2017-02-24,20.454,20.634,19.554,19.734,2294600.0,
2017-02-27,19.974,19.974,19.414,19.494,2021600.0,
2017-02-28,19.384,19.944,19.244,19.824,1813400.0,
2017-03-01,19.834,19.994,19.594,19.614,1729800.0,
2017-03-02,19.654,20.594,19.654,20.334,2558500.0,
2017-03-03,20.344,21.014,20.334,20.834,2155400.0,
2017-03-06,20.734,21.334,20.574,21.014,2269900.0,
2017-03-07,21.004,21.324,20.734,21.004,2470400.0,
2017-03-08,21.034,21.194,20.784,21.024,1604800.0,
2017-03-09,21.044,21.044,20.464,20.494,1263700.0,
2017-03-10,20.664,20.854,20.494,20.714,883200.0,
2017-03-13,20.824,21.314,20.534,20.674,1062800.0,
2017-03-14,20.684,20.914,20.584,20.684,691800.0,
2017-03-15,20.684,20.834,20.554,20.794,784600.0,
2017-03-16,20.694,21.494,20.694,21.374,2980900.0,
2017-03-17,21.434,21.794,21.124,21.564,2685900.0,
2017-03-20,21.574,21.784,21.214,21.634,1858300.0,
2017-03-21,21.684,22.284,21.244,21.254,1295000.0,
2017-03-22,21.334,21.374,20.884,21.114,962400.0,
2017-03-23,20.944,21.704,20.944,21.214,1304900.0,
2017-03-24,21.884,23.334,21.884,22.154,4059600.0,
2017-03-27,22.154,22.334,21.454,21.464,2382400.0,
2017-03-28,21.334,22.424,21.154,21.534,2459700.0,
2017-03-29,21.174,21.484,20.964,21.014,2001800.0,
2017-03-30,20.934,20.934,19.724,19.734,2079400.0,
2017-03-31,19.764,20.184,19.734,20.024,1095300.0,
2017-04-05,19.854,20.534,19.854,20.434,895200.0,
2017-04-06,20.434,21.824,20.184,21.194,2449800.0,
2017-04-07,20.854,21.104,20.654,20.824,1254300.0,
2017-04-10,20.634,20.794,20.354,20.394,1217300.0,
2017-04-11,20.454,20.884,20.454,20.614,1116600.0,
2017-04-12,20.724,20.864,20.604,20.654,900400.0,
2017-04-13,20.754,20.934,20.504,20.814,944200.0,
2017-04-14,20.804,20.814,19.834,20.004,1427000.0,
2017-04-17,19.894,19.994,18.534,19.314,1395600.0,
2017-04-18,19.294,19.434,19.004,19.034,450100.0,
2017-04-19,18.974,18.974,18.134,18.514,844500.0,
2017-04-20,18.444,18.734,17.664,18.224,843900.0,
2017-04-21,18.234,18.864,17.534,18.684,3617700.0,
2017-11-02,20.794,20.794,20.794,20.794,107000.0,
2017-11-03,23.114,23.114,23.114,23.114,175200.0,
2017-11-06,25.674,25.674,25.674,25.674,715100.0,
2017-11-07,28.484,28.484,28.484,28.484,422700.0,
2017-11-08,31.574,31.574,31.574,31.574,438800.0,
2017-11-09,34.974,34.974,34.974,34.974,325500.0,
2017-11-10,38.714,38.714,38.574,38.714,57599900.0,
2017-11-16,37.554,39.854,36.754,38.454,49292800.0,
2017-11-17,37.554,38.154,34.364,34.364,33398300.0,
2017-11-20,32.234,32.374,30.684,31.434,37211500.0,
2017-11-21,31.884,32.744,29.774,32.044,34197100.0,
2017-11-22,31.194,33.334,31.104,32.224,30953800.0,
2017-11-23,32.414,33.024,28.754,28.754,27915900.0,
2017-11-24,28.854,30.454,28.004,28.244,23483100.0,
2017-11-27,27.714,29.334,27.294,28.354,18533000.0,
2017-11-28,28.544,29.404,27.364,29.384,23014700.0,
2017-11-29,28.954,29.044,26.604,26.964,23863200.0,
2017-11-30,26.564,29.394,26.044,28.254,26989700.0,
2017-12-01,27.554,28.824,26.914,28.304,21472100.0,
2017-12-04,27.604,27.924,25.234,25.234,20473500.0,
2017-12-05,25.044,26.154,24.154,24.984,15743400.0,
2017-12-06,25.214,26.274,25.064,26.154,14727100.0,
2017-12-07,25.954,28.434,25.254,27.204,23724800.0,
2017-12-08,26.734,28.854,26.364,27.744,22348700.0,
2017-12-11,27.114,28.104,27.114,27.504,13406200.0,
2017-12-12,27.584,28.844,26.964,27.244,15039100.0,
2017-12-13,26.884,27.544,26.154,27.544,12119200.0,
2017-12-14,27.564,28.414,27.304,28.224,15290800.0,
2017-12-15,28.154,28.954,27.054,27.354,17080400.0,
2017-12-18,26.844,26.924,24.924,25.084,13056900.0,
2017-12-19,24.894,25.694,24.854,25.354,9623700.0,
2017-12-20,25.354,25.754,24.584,25.484,7714600.0,
2017-12-21,25.454,26.234,24.884,25.814,9195300.0,
2017-12-22,25.544,26.354,25.504,25.864,7661600.0,
2017-12-25,25.774,25.974,24.434,24.604,7227100.0,
2017-12-26,24.434,24.974,23.634,24.894,8208600.0,
2017-12-27,25.134,25.514,24.364,24.544,8053700.0,
2017-12-28,24.264,24.974,24.164,24.404,6569700.0,
2017-12-29,23.964,27.094,23.964,26.144,17182800.0,
2018-01-02,26.054,26.904,25.504,26.634,15165100.0,
2018-01-03,26.564,28.164,26.274,27.904,17893600.0,
2018-01-04,27.404,28.764,27.404,27.564,16583900.0,
2018-01-05,27.414,27.564,26.234,26.324,13657600.0,
2018-01-08,26.104,26.714,25.914,26.354,7495200.0,
2018-01-09,26.254,26.694,26.104,26.614,5399700.0,
2018-01-10,26.544,26.544,24.584,24.944,8535900.0,
2018-01-11,25.044,26.004,24.574,25.594,6391000.0,
2018-01-12,25.354,26.094,24.904,24.904,4428800.0,
2018-01-15,24.654,24.664,22.174,22.174,11320800.0,
2018-01-16,21.654,22.344,21.654,21.804,5712500.0,
2018-01-17,21.854,22.264,20.364,22.154,8160500.0,
2018-01-18,21.864,22.004,21.454,21.764,4650800.0,
2018-01-19,21.584,22.404,21.504,22.124,4600800.0,
2018-01-22,21.954,22.994,21.804,22.534,4588900.0,
2018-01-23,22.364,23.204,22.264,22.504,3911100.0,
2018-01-24,22.704,23.134,21.554,22.894,4899800.0,
2018-01-25,22.644,23.754,22.454,22.984,5447800.0,
2018-01-26,23.054,23.634,22.564,22.704,3769200.0,
2018-01-29,22.704,22.704,20.454,21.334,6726600.0,
2018-01-30,21.304,21.874,20.954,21.604,3744200.0,
2018-01-31,20.704,20.844,19.614,19.804,6961700.0,
2018-02-01,19.804,20.404,18.864,19.154,5399000.0,
2018-02-02,19.674,20.134,18.704,18.954,6406500.0,
2018-02-05,18.004,19.084,17.984,18.614,4207500.0,
2018-02-06,18.254,18.344,16.504,16.504,5624700.0,
2018-02-07,16.904,17.004,14.614,15.554,9570400.0,
2018-02-08,15.584,17.354,15.284,16.794,8961600.0,
2018-02-09,15.854,16.524,15.444,15.554,4837200.0,
2018-02-12,15.994,16.524,15.604,16.254,4233900.0,
2018-02-13,16.384,16.984,16.354,16.464,4249800.0,
2018-02-14,16.644,16.904,15.974,16.204,3496900.0,
2018-02-22,16.524,18.034,16.204,17.774,6107100.0,
2018-02-23,17.554,17.654,16.854,17.284,5388100.0,
2018-02-26,17.304,19.014,17.304,18.614,7633600.0,
2018-02-27,18.734,20.034,18.564,19.344,7890500.0,
2018-02-28,19.154,19.934,18.204,19.264,5822200.0,
2018-03-01,18.864,21.354,18.854,20.614,7873300.0,
2018-03-02,20.184,21.054,20.104,20.374,4370300.0,
2018-03-05,20.654,22.224,20.554,21.694,5192900.0,
2018-03-06,21.714,22.334,21.224,21.804,6287300.0,
2018-03-07,21.524,21.984,21.264,21.574,3814500.0,
2018-03-15,22.564,23.974,22.254,23.974,8088400.0,
2018-03-16,25.054,26.104,23.444,23.554,15780800.0,
2018-03-19,23.254,23.454,21.774,22.354,11210700.0,
2018-03-20,21.754,21.954,20.584,21.224,10150000.0,
2018-03-21,21.234,21.794,20.584,20.604,6494600.0,
2018-03-22,20.754,21.454,20.624,21.034,5476300.0,
2018-03-23,19.704,20.154,18.684,18.684,7427500.0,
2018-03-26,17.724,19.614,17.724,19.524,5929700.0,
2018-03-27,20.084,21.184,20.044,20.754,7799800.0,
2018-03-28,20.224,21.454,20.194,20.544,6274800.0,
2018-03-29,20.234,20.934,20.204,20.814,5450100.0,
2018-03-30,20.664,22.184,20.574,22.144,10310800.0,
2018-04-02,22.934,24.434,22.354,23.104,11821500.0,
2018-04-03,22.594,24.434,22.554,23.924,11979600.0,
2018-04-04,24.064,24.384,23.154,23.274,7661200.0,
2018-04-09,23.224,23.734,22.804,22.924,4685600.0,
2018-04-10,23.044,23.384,21.584,22.174,8472400.0,
2018-04-11,22.724,23.244,22.254,22.444,5661300.0,
2018-04-12,22.934,23.344,21.874,22.354,6593600.0,
2018-04-13,22.794,22.954,22.324,22.604,4732400.0,
2018-04-16,22.464,23.134,21.924,22.124,6643300.0,
2018-04-17,22.404,24.184,22.404,22.844,11107000.0,
2018-04-18,23.554,25.204,22.864,24.694,18620600.0,
2018-04-19,24.554,25.414,23.914,23.944,14848300.0,
2018-04-20,23.744,25.544,23.744,25.054,18045400.0,
2018-04-23,24.814,24.934,22.674,23.434,14165300.0,
2018-04-24,23.084,23.984,22.934,23.594,11583300.0,
2018-04-25,23.374,25.424,23.254,24.444,13491700.0,
2018-04-26,24.214,26.444,24.154,25.514,20272500.0,
2018-04-27,25.814,26.904,24.554,25.054,12729200.0,
2018-05-02,25.504,25.804,24.354,24.514,9076100.0,
2018-05-03,24.194,24.454,22.654,24.184,10187800.0,
2018-05-04,23.764,25.244,23.654,24.184,7453200.0,
2018-05-07,23.454,23.814,22.954,23.684,10282900.0,
2018-05-08,23.534,23.574,22.934,23.464,7638000.0,
2018-05-09,23.334,24.534,23.254,24.144,8319700.0,
2018-05-10,24.354,24.354,23.314,23.844,7499100.0,
2018-05-11,23.674,24.104,23.314,23.324,4783700.0,
2018-05-14,22.944,23.494,21.594,21.654,7574500.0,
2018-05-15,21.664,22.134,21.614,21.954,4477200.0,
2018-05-16,21.804,22.104,21.064,21.244,4735600.0,
2018-05-17,21.034,21.714,21.034,21.644,3271300.0,
2018-05-18,21.665,21.965,21.315,21.945,3467000.0,
2018-05-21,22.495,22.495,21.795,22.145,3944400.0,
2018-05-22,22.225,22.315,21.515,21.975,3848400.0,
2018-05-23,21.975,22.545,21.885,22.045,4334600.0,
2018-05-24,22.125,22.315,21.365,21.485,3477100.0,
2018-05-25,21.225,21.455,19.875,20.175,6638700.0,
2018-05-28,19.905,20.505,19.905,19.985,2843100.0,
2018-05-29,19.975,20.315,19.675,20.045,2112200.0,
2018-05-30,19.815,20.545,19.175,19.535,3460200.0,
2018-05-31,20.165,20.255,19.445,19.835,2305900.0,
2018-06-01,19.455,19.785,19.065,19.205,2134600.0,
2018-06-04,19.545,19.555,19.065,19.425,1590600.0,
2018-06-05,19.275,19.925,19.275,19.865,1972900.0,
2018-06-06,20.005,20.055,19.525,19.615,1831200.0,
2018-06-07,19.625,19.765,18.975,19.145,2241100.0,
2018-06-08,19.135,19.425,18.825,19.185,2096700.0,
2018-06-11,18.985,19.145,18.175,18.425,2487100.0,
2018-06-12,18.525,19.015,18.315,18.965,2237000.0,
2018-06-13,18.945,19.425,18.615,19.085,2234800.0,
2018-06-14,18.965,19.845,18.885,19.635,2692700.0,
2018-06-15,19.655,21.195,19.655,20.535,8148800.0,
2018-06-19,20.175,20.535,18.235,18.365,6748800.0,
2018-06-20,18.145,18.365,16.585,17.455,5899400.0,
2018-06-21,17.605,17.625,15.465,15.465,7403800.0,
2018-06-22,15.065,15.695,14.765,15.265,4178900.0,
2018-06-25,15.415,16.735,15.365,16.165,6150500.0,
2018-06-26,15.905,16.795,15.615,16.485,4127200.0,
2018-06-27,16.515,17.235,16.265,16.485,4329400.0,
2018-06-28,16.475,17.115,16.035,16.275,3420100.0,
2018-06-29,16.415,17.205,16.165,17.065,4136400.0,
2018-07-02,17.115,17.265,16.185,16.475,3445600.0,
2018-07-03,16.275,18.365,16.275,18.365,5967300.0,
2018-07-04,18.545,18.775,17.805,18.115,7400800.0,
2018-07-05,17.765,18.055,16.975,17.095,5221900.0,
2018-07-06,17.225,18.675,17.225,17.775,7395400.0,
2018-07-09,17.475,18.485,17.355,18.305,4866900.0,
2018-07-10,18.205,18.325,17.685,18.075,4280500.0,
2018-07-11,17.565,17.865,16.595,17.265,4661500.0,
2018-07-12,17.265,18.465,16.945,18.085,5691300.0,
2018-07-13,17.985,18.545,17.965,18.065,4287700.0,
2018-07-16,18.065,19.745,17.805,17.885,4724300.0,
2018-07-17,18.105,18.755,18.065,18.665,5235700.0,
2018-07-18,18.845,18.985,17.785,17.795,5793900.0,
2018-07-19,17.815,17.915,17.315,17.605,2731700.0,
2018-07-20,17.605,17.735,17.155,17.575,3216400.0,
2018-07-23,17.475,18.415,17.365,18.255,4827700.0,
2018-07-24,18.065,18.385,17.995,18.215,3548000.0,
2018-07-25,18.265,18.765,17.815,17.975,5242200.0,
2018-07-26,18.055,18.055,17.175,17.235,3659300.0,
2018-07-27,17.015,17.415,16.955,17.095,1580500.0,
2018-07-30,17.065,17.295,16.265,16.455,2267700.0,
2018-07-31,16.465,16.665,16.135,16.335,1773400.0,
2018-08-01,16.445,16.705,16.065,16.095,2127000.0,
2018-08-02,15.925,16.025,15.075,15.255,2893700.0,
2018-08-03,15.415,15.415,14.915,15.145,1828300.0,
2018-08-06,14.865,15.305,14.615,14.695,1931500.0,
2018-08-07,14.745,15.255,14.685,15.225,2057300.0,
2018-08-08,15.105,15.355,14.845,14.965,1396600.0,
2018-08-09,14.865,15.885,14.735,15.665,3109900.0,
2018-08-10,15.605,15.825,15.465,15.765,2286800.0,
2018-08-13,15.465,16.165,15.365,16.085,2399400.0,
2018-08-14,16.035,16.085,15.635,15.785,1561500.0,
2018-08-15,15.765,15.875,15.185,15.245,2359200.0,
2018-08-16,14.915,15.635,14.795,15.165,2096200.0,
2018-08-17,15.375,15.505,14.145,14.145,2802100.0,
2018-08-20,14.065,14.715,14.065,14.655,2526200.0,
2018-08-21,14.615,15.255,14.575,15.015,2203000.0,
2018-08-22,14.875,15.215,14.875,14.955,1440900.0,
2018-08-23,14.895,15.665,14.875,15.265,2639000.0,
2018-08-24,15.125,15.485,15.095,15.285,1403700.0,
2018-08-27,15.515,15.795,15.145,15.645,2431000.0,
2018-08-28,15.715,15.735,15.365,15.475,1927100.0,
2018-08-29,15.465,15.555,15.105,15.245,1946400.0,
2018-08-30,15.275,15.445,14.665,14.735,1946100.0,
2018-08-31,14.785,15.045,14.665,14.775,2079600.0,
2018-09-03,14.845,14.995,14.175,14.505,2066300.0,
2018-09-04,14.565,15.325,14.475,15.285,3344100.0,
2018-09-05,15.285,15.285,14.765,14.795,2315800.0,
2018-09-06,14.885,15.515,14.385,15.085,3363000.0,
2018-09-07,15.065,15.235,14.385,14.565,3093100.0,
2018-09-10,14.455,14.545,13.875,13.935,2220100.0,
2018-09-11,13.975,14.265,13.775,14.065,1096100.0,
2018-09-12,14.075,14.255,13.935,14.005,1140300.0,
2018-09-13,14.175,14.255,13.845,14.105,1302500.0,
2018-09-14,14.075,14.225,13.915,13.995,1109000.0,
2018-09-17,13.965,13.965,12.845,12.915,2604400.0,
2018-09-18,12.915,13.245,12.675,13.185,1526500.0,
2018-09-19,13.115,13.685,13.115,13.545,1867200.0,
2018-09-20,13.625,13.835,13.435,13.495,1359500.0,
2018-09-21,13.665,13.935,13.495,13.795,1570700.0,
2018-09-25,13.795,13.945,13.615,13.765,956900.0,
2018-09-26,13.745,14.055,13.685,13.805,1554300.0,
2018-09-27,13.805,13.815,13.085,13.085,1896600.0,
2018-09-28,13.185,13.975,13.085,13.825,2654200.0,
2018-10-08,13.535,13.785,12.895,12.895,2216200.0,
2018-10-09,13.365,13.365,12.725,12.955,1220500.0,
2018-10-10,13.005,13.115,12.765,12.975,1010600.0,
2018-10-11,12.365,12.375,11.435,11.435,2696000.0,
2018-10-12,11.365,11.475,10.235,11.195,2416400.0,
2018-10-15,11.425,11.495,11.135,11.185,2191500.0,
2018-10-16,11.115,11.555,10.965,11.025,1249200.0,
2018-10-17,11.305,11.695,11.175,11.555,2353500.0,
2018-10-18,11.375,11.505,10.535,10.605,2328800.0,
2018-10-19,10.265,11.265,10.155,11.255,2512200.0,
2018-10-22,11.235,12.155,11.235,11.845,3306900.0,
2018-10-23,11.865,11.985,11.605,11.705,1958400.0,
2018-10-24,11.715,11.995,11.665,11.665,1329900.0,
2018-10-25,11.315,11.805,11.155,11.755,1659100.0,
2018-10-26,12.035,12.155,11.595,11.815,1986400.0,
2018-10-29,11.545,11.795,11.515,11.565,1340300.0,
2018-10-30,11.465,12.035,11.465,11.845,1873400.0,
2018-10-31,11.965,12.115,11.825,11.965,2113900.0,
2018-11-01,12.065,12.615,11.925,12.325,3908500.0,
2018-11-02,12.635,12.755,12.295,12.545,3120200.0,
2018-11-05,12.645,12.835,12.265,12.525,2807800.0,
2018-11-06,12.375,12.605,12.165,12.475,2118700.0,
2018-11-07,12.365,12.645,12.365,12.415,1632600.0,
2018-11-08,12.715,12.735,12.155,12.155,1220500.0,
2018-11-09,12.225,12.645,12.215,12.345,2385900.0,
2018-11-12,12.345,12.875,12.335,12.805,2482900.0,
2018-11-13,12.635,12.995,12.555,12.785,2292600.0,
2018-11-14,12.785,13.585,12.735,13.415,4366700.0,
2018-11-15,13.375,15.005,12.995,14.015,5654700.0,
2018-11-16,13.915,14.245,13.835,13.895,2809600.0,
2018-11-19,13.895,14.205,13.615,13.755,2131700.0,
2018-11-20,13.645,14.015,13.365,13.425,2662700.0,
2018-11-21,13.185,13.485,13.165,13.475,1551600.0,
2018-11-22,13.475,14.005,13.375,13.905,2208900.0,
2018-11-23,13.875,13.935,12.675,12.905,2741100.0,
2018-11-26,12.905,13.165,12.665,12.805,1057300.0,
2018-11-27,13.055,13.125,12.875,12.975,968000.0,
2018-11-28,12.975,13.125,12.665,13.085,1018300.0,
2018-11-29,13.175,13.355,12.615,12.615,1515800.0,
2018-11-30,12.565,12.775,12.095,12.575,1698700.0,
2018-12-03,12.995,13.895,12.985,13.725,3842900.0,
2018-12-04,13.665,13.855,13.555,13.775,2223300.0,
2018-12-05,13.555,14.045,13.465,13.775,2365300.0,
2018-12-06,13.615,13.895,13.315,13.385,1808300.0,
2018-12-07,13.415,13.895,13.415,13.665,1403900.0,
2018-12-10,13.675,13.675,13.295,13.295,1279400.0,
2018-12-11,13.565,13.815,13.375,13.775,1780900.0,
2018-12-12,13.875,13.875,13.275,13.345,1841900.0,
2018-12-13,13.365,13.785,13.365,13.695,1821500.0,
2018-12-14,13.655,13.655,13.065,13.205,1601500.0,
2018-12-17,13.265,13.765,12.785,13.165,1567800.0,
2018-12-18,12.915,13.075,12.505,12.755,1598000.0,
2018-12-19,12.855,12.855,12.425,12.445,1229500.0,
2018-12-20,12.465,12.745,12.275,12.435,1283500.0,
2018-12-21,12.365,12.505,12.165,12.305,894800.0,
2018-12-24,12.305,12.665,12.155,12.385,1722000.0,
2018-12-25,12.385,12.385,11.735,12.215,1600900.0,
2018-12-26,12.225,12.285,11.795,11.975,1220000.0,
2018-12-27,12.335,12.335,11.665,11.665,1560200.0,
2018-12-28,11.665,11.905,11.275,11.435,1257800.0,
2019-01-02,11.565,11.635,11.245,11.315,948500.0,
2019-01-03,11.355,11.505,10.855,10.865,1526700.0,
2019-01-04,10.575,11.445,10.575,11.295,1936100.0,
2019-01-07,11.315,12.025,11.315,11.845,2745000.0,
2019-01-08,11.845,11.955,11.705,11.795,1156400.0,
2019-01-09,11.875,12.195,11.825,11.865,1848500.0,
2019-01-10,11.805,12.005,11.665,11.705,1108900.0,
2019-01-11,11.855,11.905,11.625,11.885,1231700.0,
2019-01-14,11.805,12.155,11.805,12.035,1697200.0,
2019-01-15,12.035,12.045,11.755,12.005,1847600.0,
2019-01-16,11.995,12.005,11.465,11.685,1930400.0,
2019-01-17,11.685,11.835,11.565,11.635,1118000.0,
2019-01-18,11.555,11.795,11.365,11.615,1803400.0,
2019-01-21,11.615,11.925,11.535,11.865,1813500.0,
2019-01-22,11.905,11.905,11.345,11.385,2169000.0,
2019-01-23,11.415,11.625,11.355,11.505,1287400.0,
2019-01-24,11.515,12.585,11.465,12.105,5108300.0,
2019-01-25,12.105,12.255,11.745,11.915,2958600.0,
2019-01-28,11.935,12.035,11.465,11.595,2388600.0,
2019-01-29,11.595,11.625,10.915,11.305,2195400.0,
2019-01-30,11.255,11.465,11.105,11.165,960700.0,
2019-01-31,11.165,11.505,11.075,11.075,1453000.0,
2019-02-01,11.235,11.735,11.085,11.595,1514500.0,
2019-02-11,11.675,12.095,11.665,12.025,1878700.0,
2019-02-12,12.015,12.265,11.955,12.055,1701100.0,
2019-02-13,12.235,13.505,12.235,13.505,6714800.0,
2019-02-14,13.765,14.045,13.245,13.555,9407600.0,
2019-02-15,13.405,13.715,13.335,13.435,4280800.0,
2019-02-18,13.465,14.155,13.465,13.985,6951800.0,
2019-02-19,13.985,14.015,13.465,13.775,6416800.0,
2019-02-20,13.565,13.905,13.325,13.635,3509000.0,
2019-02-21,13.515,14.065,13.445,13.445,4840200.0,
2019-02-22,13.435,13.795,13.385,13.745,3387100.0,
2019-02-25,13.885,14.765,13.815,14.525,8601200.0,
2019-02-26,14.565,15.015,13.965,14.495,8801500.0,
2019-02-27,14.375,14.715,14.175,14.345,4392400.0,
2019-02-28,14.575,14.725,14.285,14.525,3503800.0,
2019-03-01,14.565,14.965,14.465,14.805,4126200.0,
2019-03-04,14.985,15.445,14.665,14.735,6007200.0,
2019-03-05,14.665,15.845,14.575,15.825,8925800.0,
2019-03-06,16.115,16.765,15.575,15.965,9279000.0,
2019-03-07,15.665,15.995,15.545,15.685,6043800.0,
2019-03-08,15.465,17.245,15.065,16.165,12002200.0,
2019-03-11,16.515,17.115,16.035,16.865,8809600.0,
2019-03-12,16.715,17.165,16.615,17.165,7834900.0,
2019-03-13,17.565,17.735,15.565,16.055,8565700.0,
2019-03-14,15.765,15.905,14.565,14.835,5530200.0,
2019-03-15,15.125,15.225,14.585,14.775,4442500.0,
2019-03-18,14.775,15.115,14.615,15.105,3430300.0,
2019-03-19,15.235,15.945,15.155,15.565,4600800.0,
2019-03-20,15.425,15.535,14.725,15.115,4137400.0,
2019-03-21,15.285,15.565,15.115,15.195,4084400.0,
2019-03-22,15.365,15.445,14.565,14.995,4981900.0,
2019-03-25,14.475,15.145,14.475,14.965,3889300.0,
2019-03-26,15.115,15.165,14.245,14.335,3889700.0,
2019-03-27,14.425,14.785,14.285,14.785,3580800.0,
2019-03-28,14.785,15.205,14.475,14.765,3018600.0,
2019-03-29,14.765,15.365,14.515,15.315,4232800.0,
2019-04-01,14.845,15.715,14.815,15.615,7605800.0,
2019-04-02,15.565,16.365,15.405,16.295,11422600.0,
2019-04-03,16.145,16.495,15.865,16.275,7258200.0,
2019-04-04,16.415,16.455,15.785,15.965,5671900.0,
2019-04-08,15.685,16.445,15.685,16.125,8559400.0,
2019-04-09,16.025,16.025,15.455,15.575,6184500.0,
2019-04-10,15.435,15.435,14.565,14.935,4302400.0,
2019-04-11,15.095,15.115,14.215,14.255,4367000.0,
2019-04-12,14.245,14.435,14.195,14.365,2502500.0,
2019-04-15,14.715,16.025,14.605,15.125,6002600.0,
2019-04-16,15.225,15.555,14.655,15.515,4657900.0,
2019-04-17,15.405,15.845,15.315,15.345,3657900.0,
2019-04-18,15.285,15.405,15.045,15.115,2434700.0,
2019-04-19,14.985,15.395,14.805,15.335,2899700.0,
2019-04-22,15.335,15.705,15.165,15.415,3346200.0,
2019-04-23,15.385,15.425,14.735,14.865,2420200.0,
2019-04-24,15.205,16.215,15.065,16.035,8607400.0,
2019-04-25,15.855,16.345,15.345,15.595,7938200.0,
2019-04-26,15.485,16.735,15.365,16.555,11477600.0,
2019-04-29,16.565,16.565,14.655,15.205,9008600.0,
2019-04-30,14.685,14.955,13.735,14.175,7471000.0,
2019-05-06,13.315,13.635,12.515,12.755,5715500.0,
2019-05-07,12.835,13.155,12.545,12.965,3170200.0,
2019-05-08,12.565,13.425,12.205,12.715,2874700.0,
2019-05-09,12.715,13.365,12.715,12.995,2894300.0,
2019-05-10,13.165,13.945,12.675,13.885,5036200.0,
2019-05-13,13.675,14.125,13.425,13.595,3739000.0,
2019-05-14,13.515,13.905,13.375,13.525,2806400.0,
2019-05-15,13.715,13.815,13.375,13.655,2986600.0,
2019-05-16,13.695,13.695,13.315,13.435,2318200.0,
2019-05-17,13.615,13.935,13.075,13.205,3573600.0,
2019-05-20,13.365,13.945,13.365,13.875,5342200.0,
2019-05-21,13.675,13.835,13.365,13.795,3662100.0,
2019-05-22,13.795,14.095,13.635,13.905,3529300.0,
2019-05-23,13.985,14.205,13.545,13.835,3596500.0,
2019-05-24,13.565,13.735,12.785,12.825,3398600.0,
2019-05-27,12.965,14.345,12.865,14.025,5937400.0,
2019-05-28,14.175,14.255,13.755,13.835,4472900.0,
2019-05-29,13.815,14.745,13.685,14.315,6281400.0,
2019-05-30,14.645,14.905,13.805,14.055,5293500.0,
2019-05-31,13.865,14.545,13.855,14.455,5123900.0,
2019-06-03,14.505,14.555,13.865,13.985,4388300.0,
2019-06-04,13.965,13.965,13.365,13.515,3032800.0,
2019-06-05,13.645,13.735,13.335,13.435,1897300.0,
2019-06-06,13.455,13.455,12.855,12.985,2075800.0,
2019-06-10,12.955,13.315,12.955,13.115,1738100.0,
2019-06-11,13.055,13.545,12.785,13.455,3270100.0,
2019-06-12,13.365,13.545,13.205,13.205,3260200.0,
2019-06-13,13.175,13.245,12.905,13.015,2362300.0,
2019-06-14,13.015,13.155,12.335,12.455,3587400.0,
2019-06-17,12.455,12.545,12.315,12.395,1137300.0,
2019-06-18,12.405,12.695,12.405,12.615,1368600.0,
2019-06-19,12.955,13.145,12.655,12.785,2089600.0,
2019-06-20,12.785,13.035,12.595,12.945,1612000.0,
2019-06-21,13.045,13.335,13.005,13.055,2345400.0,
2019-06-24,13.055,13.195,12.875,12.895,1836600.0,
2019-06-25,12.845,12.975,12.575,12.715,1702500.0,
2019-06-26,12.605,12.815,12.555,12.695,1271600.0,
2019-06-27,12.745,13.035,12.655,12.935,2065200.0,
2019-06-28,12.935,12.955,12.605,12.625,1439100.0,
2019-07-01,13.105,14.125,13.095,13.875,8850400.0,
2019-07-02,14.125,14.265,13.615,13.745,5492000.0,
2019-07-03,13.775,13.775,13.425,13.555,2703900.0,
2019-07-04,13.555,13.685,13.205,13.375,2172500.0,
2019-07-05,13.375,13.605,13.315,13.555,2454800.0,
2019-07-08,13.655,13.655,13.035,13.105,2008100.0,
2019-07-09,13.305,13.795,13.025,13.655,2674500.0,
2019-07-10,13.565,14.015,13.455,13.715,3655700.0,
2019-07-11,13.735,13.995,13.385,13.975,4244900.0,
2019-07-12,13.945,15.585,13.865,14.525,8626200.0,
2019-07-15,15.155,15.155,14.515,14.945,10151300.0,
2019-07-16,14.575,16.195,14.365,15.485,13538100.0,
2019-07-17,15.155,15.935,15.025,15.375,10395900.0,
2019-07-18,15.175,15.215,14.635,14.645,8273200.0,
2019-07-19,14.795,14.905,14.465,14.485,5080000.0,
2019-07-22,14.555,14.635,13.655,13.925,5047100.0,
2019-07-23,13.945,14.435,13.805,14.115,3592400.0,
2019-07-24,14.215,15.075,14.155,14.915,7522800.0,
2019-07-25,14.725,15.025,14.595,14.835,6774100.0,
2019-07-26,14.905,15.545,14.805,15.065,11169200.0,
2019-07-29,15.055,15.255,14.835,15.105,6204200.0,
2019-07-30,15.105,15.345,14.905,14.955,3949100.0,
2019-07-31,15.055,15.075,14.545,14.595,4140600.0,
2019-08-01,14.575,15.525,14.485,15.315,9267700.0,
2019-08-02,14.855,15.685,14.705,15.345,9907400.0,
2019-08-05,15.335,15.565,14.765,14.935,7355600.0,
2019-08-06,14.455,14.555,13.655,14.555,7719500.0,
2019-08-07,14.515,14.515,14.005,14.055,4476800.0,
2019-08-08,14.155,14.335,13.935,14.145,3100800.0,
2019-08-09,14.205,14.505,14.035,14.145,3237000.0,
2019-08-12,14.215,14.555,13.825,14.535,3610000.0,
2019-08-13,14.355,14.525,14.105,14.295,2648500.0,
2019-08-14,14.555,15.095,14.435,14.835,6397100.0,
2019-08-15,14.255,15.005,14.135,14.865,4883300.0,
2019-08-16,14.765,15.195,14.715,15.105,5258200.0,
2019-08-19,15.095,15.755,14.935,15.685,7820100.0,
2019-08-20,15.695,15.725,15.335,15.395,5189800.0,
2019-08-21,15.415,15.625,15.275,15.375,3997400.0,
2019-08-22,15.385,15.735,15.185,15.435,3698800.0,
2019-08-23,15.435,15.435,14.395,14.455,8856200.0,
2019-08-26,14.195,16.135,14.125,15.135,9712400.0,
2019-08-27,15.135,15.745,14.895,15.505,8533100.0,
2019-08-28,15.765,16.005,15.235,15.845,11301100.0,
2019-08-29,15.855,16.095,15.535,15.765,8667500.0,
2019-08-30,15.905,16.045,15.025,15.155,9105800.0,
2019-09-02,15.395,15.895,15.165,15.795,8882800.0,
2019-09-03,15.855,16.635,15.655,16.525,16127100.0,
2019-09-04,16.555,18.145,16.505,17.365,23000000.0,
2019-09-05,17.385,18.145,17.165,17.355,17783800.0,
2019-09-06,17.955,18.955,17.555,17.945,19754100.0,
2019-09-09,17.965,18.605,17.705,18.495,14808700.0,
2019-09-10,18.255,18.415,17.455,17.505,12489400.0,
2019-09-11,17.555,17.725,17.135,17.315,9738700.0,
2019-09-12,17.435,17.645,17.185,17.295,6699300.0,
2019-09-16,17.405,17.605,17.185,17.405,6618800.0,
2019-09-17,17.565,17.595,16.735,16.835,6742000.0,
2019-09-18,16.755,17.045,16.565,16.955,5184500.0,
2019-09-19,16.955,17.885,16.815,17.785,11580200.0,
2019-09-20,17.655,18.115,17.475,17.935,10910100.0,
2019-09-23,18.125,18.585,17.765,18.305,14747400.0,
2019-09-24,18.155,19.945,18.155,19.215,17521500.0,
2019-09-25,18.875,19.515,18.055,18.195,11771400.0,
2019-09-26,18.315,18.555,17.815,18.055,10349500.0,
2019-09-27,18.095,19.005,17.455,18.665,10215900.0,
2019-09-30,18.545,18.965,17.875,18.275,7429900.0,
2019-10-08,18.055,18.505,17.155,17.385,6544700.0,
2019-10-09,17.255,18.025,16.845,18.005,6063600.0,
2019-10-10,17.935,18.625,17.755,18.525,7798500.0,
2019-10-11,18.355,18.825,18.155,18.275,7699300.0,
2019-10-14,18.525,18.865,18.235,18.865,7193500.0,
2019-10-15,18.755,18.755,17.535,17.795,7692400.0,
2019-10-16,17.705,17.915,17.065,17.075,5821900.0,
2019-10-17,16.985,17.255,16.595,16.725,5498200.0,
2019-10-18,16.805,16.805,15.895,15.985,6767900.0,
2019-10-21,15.265,15.445,14.665,15.325,11291400.0,
2019-10-22,15.405,15.535,15.105,15.405,3664500.0,
2019-10-23,15.425,15.505,15.065,15.145,3886500.0,
2019-10-24,15.145,15.525,14.935,15.115,4559600.0,
2019-10-25,15.205,15.945,14.855,15.865,7063000.0,
2019-10-28,15.815,16.805,15.725,16.675,6780600.0,
2019-10-29,16.645,16.925,16.425,16.655,4165000.0,
2019-10-30,16.555,17.155,16.315,16.865,4760400.0,
2019-10-31,16.705,16.805,15.975,16.155,6156300.0,
2019-11-01,16.285,16.515,15.955,16.075,4423700.0,
2019-11-04,16.155,16.365,15.965,16.275,6452300.0,
2019-11-05,16.245,16.395,15.775,16.325,5092800.0,
2019-11-06,16.315,16.465,15.915,15.955,2783900.0,
2019-11-07,16.015,16.225,15.935,16.025,2413600.0,
2019-11-08,16.205,16.275,15.665,15.715,2887400.0,
2019-11-11,15.725,15.725,15.285,15.315,2691000.0,
2019-11-12,15.305,15.465,15.005,15.265,3035300.0,
2019-11-13,15.255,15.805,15.165,15.485,2831900.0,
2019-11-14,15.565,15.995,15.405,15.865,4129600.0,
2019-11-15,15.645,15.885,15.365,15.465,3040500.0,
2019-11-18,15.265,15.725,15.255,15.705,2560500.0,
2019-11-19,15.695,16.295,15.375,16.255,4633800.0,
2019-11-20,16.265,16.555,16.035,16.045,6037600.0,
2019-11-21,16.005,16.535,15.905,16.235,5139800.0,
2019-11-22,16.085,16.585,15.715,15.825,4976500.0,
2019-11-25,15.945,16.335,15.775,15.875,3985200.0,
2019-11-26,15.715,16.005,15.425,15.535,3202700.0,
2019-11-27,15.625,16.495,15.355,16.295,5943600.0,
2019-11-28,16.225,16.495,16.185,16.255,3755600.0,
2019-11-29,16.195,16.695,16.155,16.355,4120600.0,
2019-12-02,16.415,17.135,16.415,16.995,7527500.0,
2019-12-03,16.855,17.155,16.715,17.095,5405200.0,
2019-12-04,16.915,17.545,16.815,17.135,7291400.0,
2019-12-05,17.155,17.525,16.975,17.275,6759800.0,
2019-12-06,17.175,17.415,16.915,17.325,5840900.0,
2019-12-09,17.485,17.695,17.275,17.405,6959600.0,
2019-12-10,17.375,17.545,17.015,17.535,5900400.0,
2019-12-11,17.625,17.805,17.155,17.665,7388800.0,
2019-12-12,17.625,19.145,17.485,18.485,14564000.0,
2019-12-13,18.555,18.735,18.105,18.455,9760000.0,
2019-12-16,18.495,19.235,18.455,19.055,10445500.0,
2019-12-17,18.855,19.575,18.625,18.805,10153000.0,
2019-12-18,18.665,19.185,18.445,18.585,8442100.0,
2019-12-19,18.535,19.875,18.495,19.575,16020800.0,
2019-12-20,19.555,19.835,18.675,18.965,8950000.0,
2019-12-23,18.455,18.805,17.955,18.365,10029500.0,
2019-12-24,18.455,20.435,18.255,20.145,15136600.0,
2019-12-25,20.225,22.135,20.005,21.565,20574900.0,
2019-12-26,21.255,22.835,21.255,21.865,17744000.0,
2019-12-27,21.955,22.155,20.995,21.055,13840500.0,
2019-12-30,21.175,21.855,20.805,21.625,14755800.0,
2019-12-31,21.515,21.575,20.535,20.855,10752300.0,
2020-01-02,20.905,23.135,20.655,22.685,17254800.0,
2020-01-03,22.435,23.125,22.315,22.755,12872800.0,
2020-01-06,22.585,22.815,22.295,22.615,8658800.0,
2020-01-07,22.565,23.775,22.555,23.405,12479300.0,
2020-01-08,22.665,23.335,22.455,22.665,8355000.0,
2020-01-09,22.935,23.655,22.755,23.625,7736000.0,
2020-01-10,23.625,24.055,23.075,23.365,6265600.0,
2020-01-13,23.235,24.795,22.845,24.785,10805500.0,
2020-01-14,24.595,27.495,24.435,26.705,16410500.0,
2020-01-15,26.235,27.305,26.035,26.455,11608800.0,
2020-01-16,26.565,27.555,26.355,26.445,13146400.0,
2020-01-17,26.625,27.255,25.955,27.175,12719200.0,
2020-01-20,26.775,29.155,26.535,29.155,11977500.0,
2020-01-21,29.155,30.455,28.235,29.675,9814900.0,
2020-01-22,29.135,32.875,29.015,32.875,8855000.0,
2020-01-23,32.645,35.325,29.735,31.035,22216900.0,
2020-02-03,27.695,29.025,27.695,27.695,10342900.0,
2020-02-04,27.665,30.655,27.665,30.035,15768200.0,
2020-02-05,30.035,32.605,29.535,31.205,13761000.0,
2020-02-06,30.615,32.655,30.245,31.835,11277400.0,
2020-02-07,31.835,34.255,30.925,33.835,12339800.0,
2020-02-10,33.245,34.155,31.655,33.005,11221300.0,
2020-02-11,32.735,33.825,32.275,32.705,9452900.0,
2020-02-12,32.655,33.835,31.455,33.385,13625600.0,
2020-02-13,32.855,34.655,32.455,33.505,12527800.0,
2020-02-14,33.335,37.095,33.155,36.475,20778700.0,
2020-02-17,36.475,38.195,36.165,37.885,12716400.0,
2020-02-18,37.565,41.855,37.205,41.645,14702000.0,
2020-02-19,41.425,45.275,40.565,42.025,15704200.0,
2020-02-20,42.345,43.625,40.005,42.035,13422400.0,
2020-02-21,41.455,43.155,41.455,43.055,10790600.0,
2020-02-24,42.355,44.615,42.225,43.615,12603200.0,
2020-02-25,41.605,42.635,39.015,40.625,20656300.0,
2020-02-26,40.655,42.095,38.135,38.805,15825500.0,
2020-02-27,39.355,42.655,39.155,39.155,20247900.0,
2020-02-28,39.945,42.155,38.975,40.355,25747800.0,
2020-03-02,41.635,41.755,38.165,40.955,27527500.0,
2020-03-03,40.955,43.745,40.265,41.425,23875900.0,
2020-03-04,40.665,41.105,37.045,37.045,24040200.0,
2020-03-05,37.455,37.645,34.005,35.465,25383600.0,
2020-03-06,34.355,36.295,34.115,34.755,11920600.0,
2020-03-09,33.655,34.155,31.755,31.775,14061100.0,
2020-03-10,31.775,33.775,31.655,33.735,16327600.0,
2020-03-11,33.855,34.235,32.065,32.185,12487200.0,
2020-03-12,32.905,33.895,32.325,32.905,17979500.0,
2020-03-13,30.685,35.155,30.455,34.455,22742600.0,
2020-03-16,34.655,35.165,31.325,31.545,22818500.0,
2020-03-17,32.375,34.125,30.955,33.615,17045800.0,
2020-03-18,34.645,35.995,33.855,34.155,23233300.0,
2020-03-19,33.655,35.955,33.305,35.955,21133300.0,
2020-03-20,36.655,36.955,34.665,35.325,18783200.0,
2020-03-23,33.455,34.085,31.555,31.555,16435900.0,
2020-03-24,32.235,32.355,28.655,30.735,16756800.0,
2020-03-25,31.685,32.315,31.155,31.975,11883200.0,
2020-03-26,31.595,32.785,30.765,30.845,9567800.0,
2020-03-27,31.565,31.575,29.455,29.475,10230000.0,
2020-03-30,28.485,28.555,26.615,27.335,15750900.0,
2020-03-31,27.915,29.505,27.665,28.665,13359900.0,
2020-04-01,28.705,29.945,28.475,29.065,10220600.0,
2020-04-02,29.025,30.625,28.855,30.365,11799900.0,
2020-04-03,30.355,30.355,28.475,28.745,11705500.0,
2020-04-07,29.655,30.805,29.625,30.205,10898100.0,
2020-04-08,29.875,30.795,29.825,29.955,9307900.0,
2020-04-09,30.255,30.405,29.505,29.575,6643800.0,
2020-04-10,29.555,29.555,27.135,27.255,13487900.0,
2020-04-13,27.135,27.785,26.545,26.975,8193700.0,
2020-04-14,27.355,27.955,27.105,27.955,7888900.0,
2020-04-15,27.955,29.215,27.775,28.055,10682100.0,
2020-04-16,27.935,29.585,27.685,29.255,12876500.0,
2020-04-17,29.835,32.415,29.825,32.415,24294100.0,
2020-04-20,32.865,35.895,32.865,35.895,22841500.0,
2020-04-21,36.055,36.055,34.155,35.585,21835800.0,
2020-04-22,34.685,37.235,34.435,35.465,18231500.0,
2020-04-23,34.665,35.955,34.535,34.645,12749300.0,
2020-04-24,34.545,35.155,33.855,34.505,10042700.0,
2020-04-27,34.535,34.645,32.965,33.605,10538800.0,
2020-04-28,33.815,35.855,31.655,34.445,22207200.0,
2020-04-29,33.775,37.935,33.765,36.565,23352200.0,
2020-04-30,37.445,39.845,36.685,39.125,22609900.0,
2020-05-06,38.855,42.595,38.085,41.355,28479100.0,
2020-05-07,41.355,41.905,39.855,40.105,19725200.0,
2020-05-08,40.555,40.855,39.455,40.055,16647700.0,
2020-05-11,39.665,42.745,39.665,40.455,19115700.0,
2020-05-12,39.855,41.025,38.955,41.015,15092300.0,
2020-05-13,40.705,41.205,39.895,40.635,12676100.0,
2020-05-14,39.895,42.435,39.895,40.805,15551900.0,
2020-05-15,40.825,43.525,40.415,41.645,18331700.0,
2020-05-18,42.765,43.835,39.515,39.665,22482100.0,
2020-05-19,40.215,43.865,39.535,43.865,21098700.0,
2020-05-20,45.255,48.205,44.475,46.685,30821700.0,
2020-05-21,46.655,49.155,44.405,45.155,29384200.0,
2020-05-22,45.655,49.425,44.355,47.955,31047100.0,
2020-05-25,47.135,49.155,45.705,46.355,23468200.0,
2020-05-26,45.655,47.395,45.155,47.215,20328200.0,
2020-05-27,46.155,48.295,45.045,45.895,20538900.0,
2020-05-28,44.720,44.970,41.080,41.130,30550200.0,
2020-05-29,41.720,45.470,41.720,45.470,30333300.0,
2020-06-01,46.380,47.850,44.470,46.900,30233500.0,
2020-06-02,46.950,49.970,46.330,47.620,29311200.0,
2020-06-03,47.240,52.020,46.920,49.650,33506700.0,
2020-06-04,49.330,49.570,47.490,47.660,21476800.0,
2020-06-05,47.700,48.920,46.130,46.870,23318000.0,
2020-06-08,47.280,48.570,45.620,45.890,17532500.0,
2020-06-09,45.470,46.800,45.380,46.570,14419100.0,
2020-06-10,45.990,46.220,42.780,45.500,17985300.0,
2020-06-11,45.660,49.710,45.230,48.190,26356700.0,
2020-06-12,47.220,49.150,46.530,47.770,21413500.0,
2020-06-15,46.300,46.410,44.570,44.620,20432400.0,
2020-06-16,45.320,45.770,44.040,45.180,13012600.0,
2020-06-17,43.670,44.470,42.300,43.200,20761200.0,
2020-06-18,42.220,44.020,42.220,43.170,17332400.0,
2020-06-19,43.280,44.170,42.830,43.880,13550200.0,
2020-06-22,44.260,46.870,44.230,45.920,22952800.0,
2020-06-23,45.920,46.570,44.270,45.740,15489800.0,
2020-06-24,45.800,46.830,45.720,46.060,15264400.0,
2020-06-29,45.420,47.170,45.160,46.860,15232200.0,
2020-06-30,47.020,50.160,46.480,49.890,26674000.0,
2020-07-01,49.520,50.120,47.930,50.120,18774900.0,
2020-07-02,49.750,54.500,49.070,53.080,28534100.0,
2020-07-03,53.020,54.020,51.140,52.470,22675600.0,
2020-07-06,53.720,56.970,52.450,56.090,25344700.0,
2020-07-07,58.020,59.860,55.770,55.820,28882100.0,
2020-07-08,56.110,61.630,55.920,61.630,26889900.0,
2020-07-09,62.070,67.580,61.800,66.360,31898600.0,
2020-07-10,64.620,69.050,63.540,66.760,27452700.0,
2020-07-13,67.770,69.290,65.690,68.620,23152400.0,
2020-07-14,67.420,68.580,63.050,66.620,24689100.0,
2020-07-15,65.520,66.620,61.420,61.630,22297100.0,
2020-07-16,61.290,63.220,57.750,57.910,23436400.0,
2020-07-17,58.320,59.720,56.840,57.520,16606900.0,
2020-07-20,58.840,59.880,57.020,59.680,15684200.0,
2020-07-21,59.000,60.520,58.220,58.440,13633700.0,
2020-07-22,57.890,61.810,57.770,60.030,18344400.0,
2020-07-23,58.720,60.670,58.220,60.400,14147900.0,
2020-07-24,59.720,60.320,54.420,54.620,21415400.0,
2020-07-27,54.690,57.210,54.690,55.390,13098600.0,
2020-07-28,56.420,56.920,55.100,56.360,10276400.0,
2020-07-29,56.420,58.970,55.820,58.730,14274100.0,
2020-07-30,58.770,59.200,56.620,56.720,12962800.0,
2020-07-31,56.720,58.570,56.420,58.250,14046400.0,
2020-08-03,59.220,64.300,59.220,64.300,24441900.0,
2020-08-04,64.720,67.080,63.510,66.140,26057100.0,
2020-08-05,69.380,69.400,62.880,64.220,24407800.0,
2020-08-06,62.740,66.110,62.740,64.730,16148300.0,
2020-08-07,63.920,65.720,59.720,63.420,20139900.0,
2020-08-10,61.720,64.350,60.220,62.810,12945800.0,
2020-08-11,63.420,65.080,61.420,61.960,10660400.0,
2020-08-12,61.390,63.290,60.720,63.290,11490500.0,
2020-08-13,63.830,65.920,62.430,64.200,13989400.0,
2020-08-14,63.620,65.280,63.320,63.900,9160800.0,
2020-08-17,64.400,68.770,64.400,68.510,20296100.0,
2020-08-18,66.700,66.700,62.380,62.970,27823400.0,
2020-08-19,61.370,61.420,56.450,56.600,30791800.0,
2020-08-20,55.650,57.710,55.010,56.700,10451800.0,
2020-08-21,56.620,57.380,55.200,55.830,9950000.0,
2020-08-24,55.720,56.380,53.130,56.120,12166600.0,
2020-08-25,55.690,56.340,54.270,54.620,8710000.0,
2020-08-26,54.930,55.100,51.320,51.450,12598700.0,
2020-08-27,51.780,55.520,51.020,54.400,13473900.0,
2020-08-28,54.140,55.400,53.320,54.640,8304700.0,
2020-08-31,55.470,57.480,54.890,55.700,10655900.0,
2020-09-01,55.210,56.010,54.380,55.850,5477700.0,
2020-09-02,55.940,56.140,54.820,55.320,5710200.0,
2020-09-03,55.470,55.470,53.530,53.850,7038100.0,
2020-09-04,52.920,56.210,52.720,54.710,12508700.0,
2020-09-07,53.720,56.210,52.420,55.220,14807000.0,
2020-09-08,54.580,54.960,51.810,51.930,11263900.0,
2020-09-09,51.170,52.210,49.470,50.140,7787200.0,
2020-09-10,50.970,51.960,50.220,50.430,6353700.0,
2020-09-11,50.820,51.400,50.080,50.880,6780400.0,
2020-09-14,51.520,52.400,50.750,51.010,7195900.0,
2020-09-15,49.970,52.120,47.420,50.870,13618200.0,
2020-09-16,50.560,51.910,50.320,51.010,7699600.0,
2020-09-17,50.820,53.420,50.220,52.760,12942700.0,
2020-09-18,52.520,54.520,52.140,54.400,10546400.0,
2020-09-21,54.720,55.670,53.900,54.330,8496200.0,
2020-09-22,53.720,55.190,53.420,53.520,5531700.0,
2020-09-23,53.720,55.500,53.620,54.660,7505700.0,
2020-09-24,54.370,55.230,53.780,54.290,6015500.0,
2020-09-25,54.380,54.670,51.950,53.320,6344300.0,
2020-09-28,53.670,54.250,52.630,52.730,4195400.0,
2020-09-29,53.220,54.210,52.860,52.900,4384800.0,
2020-09-30,53.230,54.160,52.020,52.290,6234700.0,
2020-10-09,53.720,55.520,53.220,54.450,8434700.0,
2020-10-12,54.970,56.130,54.480,55.920,10934000.0,
2020-10-13,56.230,56.480,55.290,55.590,7787500.0,
2020-10-14,52.870,53.690,51.270,52.890,16674700.0,
2020-10-15,52.700,53.440,52.010,52.540,6314400.0,
2020-10-16,52.720,53.000,51.840,52.470,6014600.0,
2020-10-19,52.460,52.920,51.350,51.500,5364200.0,
2020-10-20,51.490,51.600,49.720,50.500,5810100.0,
2020-10-21,50.220,51.520,46.630,46.860,11396200.0,
2020-10-22,46.530,47.940,45.740,47.360,5433400.0,
2020-10-23,47.200,47.910,45.040,45.310,5460500.0,
2020-10-26,44.220,45.320,43.920,44.590,3667000.0,
2020-10-27,44.720,45.700,44.120,45.660,4151000.0,
2020-10-28,45.850,46.220,44.940,45.500,3389900.0,
2020-10-29,44.590,45.700,44.080,44.820,5473000.0,
2020-10-30,45.470,49.530,45.470,48.350,17580800.0,
2020-11-02,48.370,49.890,47.380,49.200,12492800.0,
2020-11-03,49.620,52.850,49.150,52.180,14458900.0,
2020-11-04,52.120,53.570,51.930,52.120,10308100.0,
2020-11-05,53.150,53.510,50.920,52.100,9625600.0,
2020-11-06,52.240,53.260,51.570,52.940,8829500.0,
2020-11-09,53.670,57.690,53.670,56.500,18771100.0,
2020-11-10,55.810,56.220,53.900,55.400,11296800.0,
2020-11-11,54.760,55.700,53.220,53.310,7538100.0,
2020-11-12,54.170,54.830,53.220,53.840,5485700.0,
2020-11-13,53.430,56.920,53.420,55.890,9461400.0,
2020-11-16,56.040,58.800,55.560,57.560,11304700.0,
2020-11-17,57.590,57.840,53.420,55.760,11209100.0,
2020-11-18,55.350,57.920,54.740,56.860,9383100.0,
2020-11-19,56.020,59.620,56.020,58.660,12133000.0,
2020-11-20,59.520,60.720,58.000,58.630,9799400.0,
2020-11-23,58.730,59.650,57.260,58.650,7262600.0,
2020-11-24,58.830,60.610,58.380,59.910,8365300.0,
2020-11-25,59.910,60.900,59.020,59.130,7080000.0,
2020-11-26,58.720,59.300,57.500,58.300,6239700.0,
2020-11-27,58.250,58.710,56.720,57.620,6695900.0,
2020-11-30,58.050,58.120,56.080,56.100,7257900.0,
2020-12-01,55.720,56.920,55.320,56.090,6145500.0,
2020-12-02,56.160,58.500,56.100,57.180,7658500.0,
2020-12-03,56.820,57.920,56.620,56.690,4164400.0,
2020-12-04,56.310,58.200,55.920,56.850,5124300.0,
2020-12-07,57.150,60.280,57.100,59.970,12114500.0,
2020-12-08,59.920,60.920,59.030,60.600,7417100.0,
2020-12-09,60.610,61.220,59.120,59.720,6566400.0,
2020-12-10,59.730,60.700,58.730,59.930,5871800.0,
2020-12-11,59.540,59.730,56.620,57.950,9226800.0,
2020-12-14,58.050,61.990,57.730,61.370,9839200.0,
2020-12-15,60.810,61.600,58.720,59.400,8064400.0,
2020-12-16,58.720,60.210,57.820,59.940,5663300.0,
2020-12-17,59.080,61.070,57.850,58.120,7840900.0,
2020-12-18,58.750,59.720,57.020,57.230,7190000.0,
2020-12-21,56.820,61.120,56.320,60.550,12007600.0,
2020-12-22,59.740,60.980,57.870,58.100,6946200.0,
2020-12-23,58.080,58.700,56.390,58.120,7521600.0,
2020-12-24,58.120,58.610,56.810,57.670,5297500.0,
2020-12-25,56.840,58.610,56.730,57.430,4411800.0,
2020-12-28,57.320,57.320,53.720,54.430,8224500.0,
2020-12-29,54.220,54.710,50.220,52.560,11163900.0,
2020-12-30,52.520,53.210,51.720,52.780,6311000.0,
2020-12-31,53.020,58.090,53.020,57.810,9918900.0,
2021-01-04,57.720,60.910,56.800,60.550,8408000.0,
2021-01-05,60.470,62.810,59.920,61.520,9267200.0,
2021-01-06,61.220,62.270,60.390,60.820,6833500.0,
2021-01-07,61.120,62.020,59.820,61.420,6883200.0,
2021-01-08,61.320,61.410,59.120,60.520,7099500.0,
2021-01-11,60.220,61.420,58.780,59.770,7151000.0,
2021-01-12,58.960,59.900,57.020,59.600,5907700.0,
2021-01-13,59.520,63.720,58.750,62.780,16838700.0,
2021-01-14,64.140,68.320,62.280,65.240,23268300.0,
2021-01-15,65.730,67.020,63.520,65.320,14777200.0,
2021-01-18,65.190,70.400,65.190,69.770,19894400.0,
2021-01-19,69.620,71.850,68.380,68.570,14867300.0,
2021-01-20,69.220,69.270,67.410,69.020,9595800.0,
2021-01-21,67.720,69.720,65.720,68.540,10607400.0,
2021-01-22,68.730,69.600,65.720,67.720,9026600.0,
2021-01-25,66.330,67.700,64.230,65.300,8892200.0,
2021-01-26,65.330,66.170,63.370,65.420,7859300.0,
2021-01-27,65.050,65.900,63.000,64.220,5336100.0,
2021-01-28,62.720,63.420,59.390,59.500,8582900.0,
2021-01-29,59.890,60.900,57.750,59.120,6433100.0,
2021-02-01,57.920,59.680,57.570,57.920,5877600.0,
2021-02-02,57.830,60.200,57.830,59.820,6846600.0,
2021-02-03,59.720,60.200,56.900,56.920,7239100.0,
2021-02-04,56.730,59.290,55.290,58.620,10795000.0,
2021-02-05,58.640,58.910,55.340,55.720,6158100.0,
2021-02-08,56.600,59.290,56.520,58.590,5357500.0,
2021-02-09,59.220,61.700,57.930,60.420,6552600.0,
2021-02-10,60.480,63.090,59.620,63.090,6721600.0,
2021-02-18,64.410,65.270,62.240,64.530,6556800.0,
2021-02-19,64.320,64.320,60.750,61.530,6027100.0,
2021-02-22,61.750,62.220,58.900,58.940,6481000.0,
2021-02-23,58.320,58.620,56.520,56.780,6341000.0,
2021-02-24,56.800,58.700,55.930,56.880,6158100.0,
2021-02-25,57.920,58.120,55.420,55.670,4398200.0,
2021-02-26,52.950,54.530,52.220,52.740,8351300.0,
2021-03-01,52.920,56.560,52.920,56.520,6696000.0,
2021-03-02,57.050,58.550,56.020,57.970,6838500.0,
2021-03-03,57.710,57.970,56.100,57.770,4978500.0,
2021-03-04,58.220,58.910,56.280,56.810,4486800.0,
2021-03-05,55.960,57.970,55.530,57.670,3762600.0,
2021-03-08,58.320,58.700,54.840,55.110,4405200.0,
2021-03-09,54.430,55.040,52.430,52.770,4557300.0,
2021-03-10,53.880,54.320,51.520,52.550,4041100.0,
2021-03-11,52.520,55.020,51.940,54.680,4442200.0,
2021-03-12,55.510,56.020,52.720,52.980,4315000.0,
2021-03-15,52.720,52.720,48.420,49.760,6533000.0,
2021-03-16,49.770,51.490,49.770,51.300,4154400.0,
2021-03-17,51.600,53.060,50.370,52.760,3721200.0,
2021-03-18,52.840,53.090,51.320,52.720,3369000.0,
2021-03-19,51.520,52.710,51.430,51.960,2037500.0,
2021-03-22,52.020,53.000,51.740,52.390,2104000.0,
2021-03-23,53.720,55.480,52.610,53.460,6807900.0,
2021-03-24,52.420,52.600,50.420,50.500,4349000.0,
2021-03-25,50.120,51.100,49.730,49.940,2379800.0,
2021-03-26,50.000,52.370,49.220,50.730,6036800.0,
2021-03-29,51.320,53.660,51.310,53.000,6414200.0,
2021-03-30,53.020,53.980,52.530,53.020,4927300.0,
2021-03-31,52.720,53.530,51.600,53.370,2608500.0,
2021-04-01,53.720,56.020,53.270,55.250,5024700.0,
2021-04-02,55.440,58.360,55.440,58.070,6752000.0,
2021-04-06,57.890,59.120,57.260,58.400,4556100.0,
2021-04-07,58.340,59.220,57.520,58.700,3244700.0,
2021-04-08,59.310,60.820,58.750,59.790,4786000.0,
2021-04-09,59.090,60.450,56.790,57.090,5969000.0,
2021-04-12,58.690,59.330,55.190,55.540,3962600.0,
2021-04-13,55.720,56.990,54.780,55.720,3279000.0,
2021-04-14,54.980,56.070,54.540,55.290,3972000.0,
2021-04-15,55.550,56.170,54.910,55.910,2976500.0,
2021-04-16,55.590,56.300,54.480,55.500,3379000.0,
2021-04-19,55.820,56.380,55.060,56.220,4960800.0,
2021-04-20,55.940,56.070,54.920,55.230,2700100.0,
2021-04-21,54.740,55.100,53.900,54.720,2755900.0,
2021-04-22,54.860,57.300,54.400,56.310,4133400.0,
2021-04-23,55.860,56.610,55.010,55.890,3554300.0,
2021-04-26,55.930,58.490,55.820,56.220,4639100.0,
2021-04-27,56.310,56.710,54.520,55.720,3473200.0,
2021-04-28,54.980,57.320,54.920,57.230,3730100.0,
2021-04-29,56.770,57.600,56.230,56.370,3356600.0,
2021-04-30,56.200,57.600,56.130,56.830,2847400.0,
2021-05-06,56.490,57.380,55.140,55.140,4275300.0,
2021-05-07,55.150,56.170,52.720,53.190,5112800.0,
2021-05-10,53.120,53.200,51.680,51.870,3775700.0,
2021-05-11,52.360,52.360,50.520,51.900,2092800.0,
2021-05-12,52.090,53.180,51.120,53.150,2581100.0,
2021-05-13,52.430,53.490,52.330,52.550,1898900.0,
2021-05-14,53.220,54.760,52.550,54.320,2969600.0,
2021-05-17,54.670,58.170,53.800,57.860,7122800.0,
2021-05-18,57.360,60.020,57.120,59.440,5803500.0,
2021-05-19,59.230,62.580,58.850,61.500,7050400.0,
2021-05-20,61.530,62.060,60.430,60.630,4309200.0,
2021-05-21,61.180,61.460,59.380,59.380,2795700.0,
2021-05-24,60.250,60.570,57.940,58.350,4227700.0,
2021-05-25,58.710,62.570,57.820,62.220,7743600.0,
2021-05-26,62.040,62.720,60.670,60.790,3324400.0,
2021-05-27,60.790,67.050,60.720,67.050,14651800.0,
2021-05-28,65.900,67.080,64.260,65.000,9964900.0,
2021-05-31,64.980,66.900,64.280,65.910,9952600.0,
2021-06-01,65.560,72.710,65.000,72.710,13784500.0,
2021-06-02,72.890,74.000,69.290,71.900,13086100.0,
2021-06-03,71.070,71.070,65.900,68.300,10957500.0,
2021-06-04,66.900,71.260,66.900,70.170,8201700.0,
2021-06-07,71.930,73.070,69.500,70.050,9454700.0,
2021-06-08,69.180,71.900,68.100,68.790,7217400.0,
2021-06-09,68.080,71.280,66.980,69.680,6598000.0,
2021-06-10,69.210,71.060,67.330,70.200,7542800.0,
2021-06-11,69.970,70.400,65.170,67.500,7825300.0,
2021-06-15,68.050,71.350,66.900,67.520,8048900.0,
2021-06-16,68.160,68.720,62.620,64.500,9406700.0,
2021-06-17,65.500,70.890,64.550,68.600,13991300.0,
2021-06-18,70.120,71.500,67.500,68.870,12662700.0,
2021-06-21,69.170,75.970,68.110,73.660,15313400.0,
2021-06-22,74.280,74.800,68.880,71.980,12530900.0,
2021-06-23,71.050,78.200,71.030,76.890,14639000.0,
2021-06-24,75.910,78.390,74.020,74.900,6845000.0,
2021-06-25,75.040,77.900,74.860,75.860,6742400.0,
2021-06-28,76.930,79.680,75.420,77.200,6832000.0,
2021-06-29,76.900,77.000,73.900,75.830,7427100.0,
2021-06-30,76.200,81.890,75.700,78.900,10525000.0,
2021-07-01,76.600,78.600,74.500,74.500,8487500.0,
2021-07-02,74.000,74.580,71.020,74.350,7425800.0,
2021-07-05,74.870,77.580,74.400,77.300,6733500.0,
2021-07-06,78.390,81.960,76.900,79.350,7681500.0,
2021-07-07,77.980,82.560,76.550,81.900,7225500.0,
2021-07-08,81.320,90.300,81.000,90.300,10836100.0,
2021-07-09,89.900,93.500,86.710,88.990,11857200.0,
2021-07-12,89.370,89.700,86.010,88.560,11752500.0,
2021-07-13,88.560,88.870,83.490,85.430,7492600.0,
2021-07-14,84.900,87.290,83.540,84.170,4809000.0,
2021-07-15,84.000,85.030,81.030,81.960,7062900.0,
2021-07-16,83.890,83.900,80.310,80.700,6456900.0,
2021-07-19,81.860,83.990,78.400,83.950,6748400.0,
2021-07-20,82.700,83.300,79.650,81.450,6874100.0,
2021-07-21,81.450,89.670,80.700,86.420,13054400.0,
2021-07-22,85.890,89.370,84.200,87.900,12383200.0,
2021-07-23,87.940,92.470,87.910,89.760,9178400.0,
2021-07-26,89.020,92.900,85.900,90.900,10489900.0,
2021-07-27,90.900,100.200,90.900,92.250,13423800.0,
2021-07-28,91.900,92.220,82.820,85.900,13858000.0,
2021-07-29,88.910,94.700,88.910,94.700,10296300.0,
2021-07-30,97.910,104.380,96.950,104.380,21420900.0,
2021-08-02,100.690,104.140,95.150,101.600,21747400.0,
2021-08-03,101.600,101.600,91.230,92.380,16250100.0,
2021-08-04,91.690,96.870,91.690,96.400,12164900.0,
2021-08-05,95.410,96.300,91.510,94.370,10926100.0,
2021-08-06,94.890,98.670,92.160,93.020,8955000.0,
2021-08-09,91.800,91.800,86.920,90.250,8742900.0,
2021-08-10,90.100,91.870,87.020,88.810,7520300.0,
2021-08-11,88.820,93.600,88.510,92.900,9009600.0,
2021-08-12,91.400,96.200,91.400,94.900,5848100.0,
2021-08-13,93.630,96.270,90.100,90.100,7373500.0,
2021-08-16,89.400,89.900,84.790,87.500,7359800.0,
2021-08-17,88.230,88.890,84.860,84.970,5086000.0,
2021-08-18,84.970,87.110,81.900,84.890,5875100.0,
2021-08-19,86.060,91.880,83.160,89.560,8311100.0,
2021-08-20,88.900,92.820,88.070,90.280,6410400.0,
2021-08-23,90.900,94.400,88.130,94.400,7001200.0,
2021-08-24,94.220,95.880,91.990,94.600,4804800.0,
2021-08-25,94.190,95.290,90.500,92.890,3840500.0,
2021-08-26,92.370,93.400,90.780,91.530,3218900.0,
2021-08-27,90.510,93.390,89.590,89.690,4987300.0,
2021-08-30,86.910,88.390,80.510,84.300,19773700.0,
2021-08-31,83.780,84.700,79.900,82.350,10166700.0,
2021-09-01,82.350,82.350,75.890,79.810,10144600.0,
2021-09-02,77.300,80.630,76.800,77.900,9277300.0,
2021-09-03,78.460,83.090,77.150,80.800,8375500.0,
2021-09-06,80.120,84.540,77.610,82.450,5430500.0,
2021-09-07,82.680,83.160,80.800,80.900,4861300.0,
2021-09-08,81.800,81.800,77.900,80.400,6394500.0,
2021-09-09,81.400,83.170,76.640,78.600,11495500.0,
2021-09-10,78.200,84.390,77.900,83.990,10241600.0,
2021-09-13,84.100,85.100,79.590,82.560,8016800.0,
2021-09-14,82.500,84.490,80.900,82.700,5466600.0,
2021-09-15,83.910,84.200,80.040,81.280,6102600.0,
2021-09-16,80.930,81.650,77.700,79.590,5824400.0,
2021-09-17,78.400,80.820,76.930,78.110,5629600.0,
2021-09-22,76.990,79.890,76.900,79.510,3654200.0,
2021-09-23,80.400,81.400,79.030,80.760,4596300.0,
2021-09-24,80.620,80.620,77.150,77.760,4301700.0,
2021-09-27,77.950,79.100,74.000,74.540,5912300.0,
2021-09-28,75.070,76.170,72.000,73.180,6778000.0,
2021-09-29,72.710,74.100,71.200,72.350,6214900.0,
2021-09-30,72.400,74.900,71.910,74.260,3642500.0,
2021-10-08,75.050,75.780,71.790,72.580,3897500.0,
2021-10-11,72.450,73.890,71.670,72.150,2642900.0,
2021-10-12,72.400,72.900,69.370,70.670,3613700.0,
2021-10-13,70.680,71.690,69.500,71.310,3350000.0,
2021-10-14,71.900,73.230,70.210,72.730,2964100.0,
2021-10-15,72.460,74.960,71.910,72.600,5896500.0,
2021-10-18,71.660,73.370,69.930,72.520,4859100.0,
2021-10-19,72.530,73.950,72.000,72.450,2675200.0,
2021-10-20,72.030,72.700,70.450,71.700,4443900.0,
2021-10-21,71.700,71.880,69.320,70.930,5091800.0,
2021-10-22,71.880,76.260,70.830,75.100,7246000.0,
2021-10-25,74.510,74.600,69.910,71.840,9809200.0,
2021-10-26,71.600,75.290,70.580,74.010,7653200.0,
2021-10-27,73.560,73.560,70.940,72.660,5597000.0,
2021-10-28,71.400,72.500,70.560,71.880,5263300.0,
2021-10-29,71.900,74.230,70.800,73.850,5442100.0,
2021-11-01,72.790,75.500,72.220,74.700,4572600.0,
2021-11-02,74.300,79.700,74.110,78.240,7296500.0,
2021-11-03,78.970,79.410,76.200,77.300,3814800.0,
2021-11-04,76.870,80.200,76.700,77.890,5880700.0,
2021-11-05,78.450,80.140,76.910,78.020,4834100.0,
2021-11-08,78.900,78.900,72.450,73.900,6452500.0,
2021-11-09,73.430,74.650,71.100,73.890,7007300.0,
2021-11-10,73.320,74.980,73.100,74.830,5250300.0,
2021-11-11,74.600,82.520,73.570,81.870,14744700.0,
2021-11-12,81.870,84.090,79.520,83.560,10218900.0,
2021-11-15,83.560,85.780,81.590,82.880,7272400.0,
2021-11-16,81.970,83.280,78.900,79.740,6581100.0,
2021-11-17,79.250,82.830,78.580,81.540,4647300.0,
2021-11-18,81.460,81.870,79.610,80.100,4728200.0,
2021-11-19,79.900,83.710,79.900,81.900,5264500.0,
2021-11-22,82.600,83.190,80.710,82.950,4988300.0,
2021-11-23,82.950,83.590,81.220,81.510,3745600.0,
2021-11-24,81.400,82.890,78.600,79.200,5356100.0,
2021-11-25,78.860,80.720,78.230,78.700,3219100.0,
2021-11-26,78.700,78.700,75.580,75.610,4751800.0,
2021-11-29,75.200,76.840,74.700,76.500,3234400.0,
2021-11-30,76.900,79.130,76.280,77.730,4447200.0,
2021-12-01,77.430,78.000,75.710,76.860,3174200.0,
2021-12-02,76.300,77.600,75.020,75.200,3266600.0,
2021-12-03,75.200,76.140,74.700,75.770,2406300.0,
2021-12-06,76.530,76.530,71.900,72.420,6202500.0,
2021-12-07,73.150,73.230,68.920,69.700,5684800.0,
2021-12-08,70.390,70.720,69.290,69.690,5132500.0,
2021-12-09,69.900,73.240,69.900,72.900,6710500.0,
2021-12-10,72.770,74.200,71.530,73.190,6759700.0,
2021-12-13,74.050,75.790,72.550,74.710,4961800.0,
2021-12-14,73.950,78.900,73.510,77.300,8903500.0,
2021-12-15,78.700,82.900,77.300,80.400,12439900.0,
2021-12-16,79.900,83.370,79.900,80.350,7581600.0,
2021-12-17,80.110,80.280,78.350,78.510,5487700.0,
2021-12-20,78.520,80.900,76.490,77.200,4950600.0,
2021-12-21,77.370,79.690,76.060,76.790,3619300.0,
2021-12-22,77.510,79.150,76.900,77.810,3606300.0,
2021-12-23,78.160,79.200,77.400,78.300,2768700.0,
2021-12-24,77.800,81.240,75.620,76.750,5676100.0,
2021-12-27,76.100,78.230,75.280,75.790,2997800.0,
2021-12-28,75.800,77.580,75.490,77.270,3622000.0,
2021-12-29,77.900,78.400,76.400,77.030,3558600.0,
2021-12-30,77.430,78.200,76.230,78.100,2630300.0,
2021-12-31,78.250,79.100,77.410,79.070,2625200.0,
2022-01-04,79.2,79.2,74.9,75.72,4283800.0,334549488.0
2022-01-05,75.72,76.4,73.72,74.1,4756700.0,364840032.0
2022-01-06,73.8,74.65,71.9,72.85,2918900.0,219061537.0
2022-01-07,72.83,74.56,72.1,72.81,3233500.0,243847114.0
2022-01-10,72.7,75.29,70.95,74.13,3715300.0,281862128.0
2022-01-11,73.9,75.3,70.3,71.93,4986400.0,367084608.0
2022-01-12,72.23,73.2,71.24,72.28,2162100.0,160214341.0
2022-01-13,72.52,72.52,70.53,70.77,2063500.0,150935769.0
2022-01-14,70.78,71.08,69.79,70.25,3897800.0,281597024.0
2022-01-17,70.18,73.5,69.7,72.2,4347000.0,322252560.0
2022-01-18,72.36,73.69,71.29,71.85,2360600.0,175292297.0
2022-01-19,71.39,72.18,69.51,70.18,2999400.0,217752406.0
2022-01-20,70.17,72.5,69.3,71.47,3341300.0,245763140.0
2022-01-21,71.68,72.11,69.09,69.99,5097200.0,366527344.0
2022-01-24,69.4,70.7,69.11,70.22,2129500.0,153363754.0
2022-01-25,70.48,71.2,68.3,68.95,2725000.0,196418891.0
2022-01-26,69.1,69.44,66.18,66.83,4737900.0,326846400.0
2022-01-27,67.3,67.3,64.9,65.12,3363700.0,228539931.0
2022-01-28,66.14,66.5,62.1,63.82,5134200.0,338352416.0
2022-02-07,64.4,66.19,62.96,63.66,3230800.0,213728926.0
2022-02-08,63.34,64.7,60.94,62.15,3805500.0,245596874.0
2022-02-09,61.4,62.38,55.73,56.29,14485200.0,868804144.0
2022-02-10,56.39,56.58,52.07,53.3,15354000.0,850181120.0
2022-02-11,53.16,53.7,52.21,52.5,13702200.0,753358160.0
2022-02-14,52.06,53.45,51.41,52.87,4765300.0,261675229.0
2022-02-15,52.42,57.9,52.31,57.29,11432100.0,661984224.0
2022-02-16,58.03,58.23,56.5,57.33,6257100.0,371795120.0
2022-02-17,57.4,60.56,56.92,59.89,6471400.0,397393056.0
2022-02-18,59.08,60.39,58.58,58.88,3894300.0,238298449.0
2022-02-21,59.28,59.51,57.43,57.94,5010700.0,302099248.0
2022-02-22,57.6,58.08,56.31,57.78,3391300.0,200957201.0
2022-02-23,57.91,62.1,57.4,61.59,8857500.0,558728640.0
2022-02-24,61.12,62.07,59.2,60.89,6240700.0,393742976.0
2022-02-25,62.29,63.1,60.7,61.37,3986100.0,253763754.0
2022-02-28,60.79,61.9,60.12,60.65,4226800.0,265554430.0
2022-03-01,61.89,61.89,59.9,60.9,3380000.0,212415272.0
2022-03-02,60.4,60.47,58.7,59.73,2765100.0,169958048.0
2022-03-03,60.1,60.26,57.25,57.44,4167000.0,250501704.0
2022-03-04,56.78,59.29,56.41,57.33,2881800.0,172600898.0
2022-03-07,56.62,57.63,53.46,53.78,7520900.0,425913488.0
2022-03-08,54.5,56.28,52.33,54.32,6930000.0,391673552.0
2022-03-09,54.27,56.3,52.13,54.18,6006300.0,340152752.0
2022-03-10,56.22,57.47,54.9,55.98,9780200.0,573139344.0
2022-03-11,54.93,55.9,53.35,54.18,4944200.0,279032848.0
2022-03-14,53.71,54.04,52.29,52.4,4714600.0,259237371.0
2022-03-15,52.0,53.31,50.4,50.6,5476500.0,294861904.0
2022-03-16,51.7,52.8,48.21,52.36,8815300.0,464161616.0
2022-03-17,53.78,56.4,53.03,54.35,9786500.0,556666160.0
2022-03-18,53.9,54.47,51.78,52.59,5858500.0,321662144.0
2022-03-21,52.9,55.99,52.55,54.07,7245600.0,411529792.0
2022-03-22,54.36,54.57,53.12,53.59,4039200.0,224625450.0
2022-03-23,53.61,54.32,53.3,53.89,3252000.0,182169053.0
2022-03-24,53.64,54.13,52.69,53.69,3668500.0,203628700.0
2022-03-25,54.16,55.14,52.3,52.35,3859400.0,213903106.0
2022-03-28,51.77,52.15,50.5,50.89,3948800.0,209754658.0
2022-03-29,51.36,51.74,48.66,48.91,4811200.0,248960149.0
2022-03-30,49.03,50.96,48.78,50.71,4103800.0,212893495.0
2022-03-31,50.7,50.8,48.6,49.14,3295700.0,169402437.0
2022-04-01,48.75,49.86,48.26,49.13,2179800.0,111619983.0
2022-04-06,49.13,49.13,46.6,46.99,3878700.0,191184732.0
2022-04-07,46.65,46.9,44.9,45.7,6408200.0,306086352.0
2022-04-08,45.9,46.24,44.12,45.55,3983300.0,188858232.0
2022-04-11,44.85,45.3,42.12,42.69,4826900.0,219180377.0
2022-04-12,42.24,44.7,42.24,44.45,4859000.0,222683649.0
2022-04-13,44.0,44.68,43.45,43.83,3939100.0,182656809.0
2022-04-14,44.37,46.23,43.7,45.18,3743100.0,176224309.0
2022-04-15,44.81,48.01,44.05,46.25,5285200.0,255936532.0
2022-04-18,45.88,48.4,45.41,47.28,4471500.0,219425354.0
2022-04-19,46.95,47.27,44.8,45.09,4490700.0,214330569.0
2022-04-20,45.08,45.39,43.85,44.28,3129600.0,145751898.0
2022-04-21,44.28,45.55,42.6,42.6,3960000.0,182071012.0
2022-04-22,42.72,43.15,40.4,41.28,5615500.0,244322341.0
2022-04-25,39.99,41.07,37.44,37.49,4757100.0,195821693.0
2022-04-26,38.09,39.37,36.73,37.17,4955300.0,198867495.0
2022-04-27,36.8,39.1,35.31,38.85,7469600.0,293228208.0
2022-04-28,37.92,39.18,36.58,38.83,5968900.0,240681629.0
2022-04-29,39.02,42.92,38.58,42.92,8312100.0,357680032.0
2022-05-05,42.2,43.4,41.67,42.4,6797300.0,303559792.0
2022-05-06,41.4,41.79,40.7,41.39,3822400.0,166003032.0
2022-05-09,41.3,41.9,40.75,41.28,2649100.0,115133375.0
2022-05-10,40.4,42.98,39.93,42.07,6707900.0,296683216.0
2022-05-11,42.08,45.58,41.95,44.4,8844400.0,409074112.0
2022-05-12,43.69,44.56,43.22,43.75,4399100.0,201903824.0
2022-05-13,44.18,44.39,42.95,43.22,3682200.0,167655088.0
2022-05-16,43.41,45.08,43.2,44.09,4635800.0,214851287.0
2022-05-17,44.14,45.35,43.09,45.11,5186400.0,242977266.0
2022-05-18,45.58,46.68,44.86,45.7,5865000.0,281382624.0
2022-05-19,44.97,47.34,44.54,46.81,5709500.0,277597360.0
2022-05-20,46.61,47.3,46.13,46.9,3940800.0,192320971.0
2022-05-23,46.7,46.9,45.96,46.53,2649300.0,128309875.0
2022-05-24,46.49,47.45,44.56,44.58,5454700.0,262174099.0
2022-05-25,44.6,45.37,43.76,44.15,3214700.0,148926233.0
2022-05-26,44.18,44.34,42.62,43.68,3378100.0,154199363.0
2022-05-27,44.09,45.47,43.11,43.61,3462000.0,159624489.0
2022-05-30,44.08,45.21,43.41,45.11,4022100.0,187057577.0
2022-05-31,45.18,47.21,44.64,47.01,5404700.0,259853206.0
2022-06-01,47.16,51.37,46.81,50.12,9375700.0,475852672.0
2022-06-02,49.42,55.32,49.22,54.31,12654000.0,692238256.0
2022-06-06,55.09,55.99,53.34,54.81,11458900.0,646263648.0
2022-06-07,55.11,55.49,53.71,54.91,5578800.0,314888304.0
2022-06-08,55.19,55.41,53.12,54.04,5393900.0,301849296.0
2022-06-09,54.28,54.28,51.97,52.26,6440300.0,351055264.0
2022-06-10,51.61,52.77,51.14,52.4,5677500.0,307127424.0
2022-06-13,51.64,53.78,51.11,52.91,6280100.0,344546640.0
2022-06-14,52.07,52.84,50.0,51.53,5645200.0,299006672.0
2022-06-15,51.91,53.7,50.59,51.71,8238700.0,444969760.0
2022-06-16,51.7,53.94,50.9,52.74,6779600.0,373798016.0
2022-06-17,52.31,53.29,51.42,52.58,4530300.0,245905320.0
2022-06-20,52.43,55.08,52.32,53.78,7173600.0,401188512.0
2022-06-21,53.81,53.96,52.32,52.75,4421100.0,242493728.0
2022-06-22,52.91,53.11,51.01,51.01,3931800.0,210834536.0
2022-06-23,51.61,52.11,50.4,52.11,5129400.0,273374192.0
2022-06-24,52.1,53.51,51.43,52.9,6898800.0,376743104.0
2022-06-27,53.11,53.73,52.06,52.11,7771900.0,422954896.0
2022-06-28,52.28,54.14,50.71,54.1,10788000.0,584545232.0
2022-06-29,54.28,55.59,53.06,53.31,11276300.0,632733728.0
2022-06-30,53.63,54.33,52.02,53.62,7124000.0,393299296.0
2022-07-01,53.3,54.28,52.38,52.5,5806300.0,319254304.0
2022-07-04,52.08,52.08,47.12,49.4,12252800.0,631986880.0
2022-07-05,49.8,50.67,48.43,49.95,7100900.0,364650720.0
2022-07-06,50.11,53.06,48.53,49.36,14032800.0,737035616.0
2022-07-07,49.6,50.01,48.11,49.11,5959000.0,302437808.0
2022-07-08,49.37,50.27,48.65,48.76,5365800.0,274667312.0
2022-07-11,48.26,48.59,46.29,46.78,6655400.0,324795408.0
2022-07-12,46.86,47.4,45.71,45.96,4328400.0,208388275.14
2022-07-13,46.36,46.37,44.41,45.24,4482200.0,210461119.24
2022-07-14,45.26,47.51,44.72,46.61,5373900.0,259953975.02
2022-07-15,46.51,48.11,46.31,46.66,4702400.0,230276820.61
2022-07-18,46.74,48.31,46.12,48.01,6221500.0,306152595.41
2022-07-19,47.83,48.21,45.47,46.6,7780100.0,378443807.79
2022-07-20,46.59,48.14,46.51,47.8,6083200.0,300394680.21
2022-07-21,47.49,49.36,47.21,48.47,6410100.0,323758188.6
2022-07-22,48.28,48.72,46.33,47.08,4786000.0,235671789.63
2022-07-25,46.88,47.57,46.19,46.62,2844500.0,138281310.81
2022-07-26,46.63,47.2,45.71,47.12,2767000.0,134340030.36
2022-07-27,47.12,48.2,46.16,47.89,4438300.0,218545077.79
2022-07-28,47.89,51.56,47.89,50.99,11309800.0,591500296.95
2022-07-29,50.61,50.82,48.77,48.86,6457300.0,332877167.33
2022-08-01,48.51,50.77,46.61,50.25,8288800.0,425492498.07
2022-08-02,49.11,54.57,48.23,53.16,18121900.0,983635672.1
2022-08-03,54.1,58.61,52.81,58.12,18217200.0,1056231096.93
2022-08-04,58.81,62.61,58.61,61.47,17349600.0,1093618188.5
2022-08-05,60.11,64.91,59.77,62.42,12409100.0,796560142.73
2022-08-08,61.61,65.33,60.72,64.61,13668400.0,884989063.16
2022-08-09,63.92,63.92,61.19,62.99,8845900.0,568417572.67
2022-08-10,61.13,65.78,61.12,64.61,9585300.0,632227522.7
2022-08-11,64.99,68.11,63.94,67.46,7976000.0,546684146.44
2022-08-12,67.11,68.94,65.62,67.01,5241600.0,363110417.04
2022-08-15,66.73,71.67,66.61,71.05,7629900.0,549088020.04
2022-08-16,70.61,74.51,69.4,74.1,8626300.0,637580769.77
2022-08-17,73.56,77.16,72.1,73.11,9033100.0,691477996.41
2022-08-18,72.24,76.76,70.66,74.11,8622700.0,651681940.83
2022-08-19,74.1,75.35,69.89,70.12,7891500.0,583363653.89
2022-08-22,70.78,72.78,70.49,71.61,5986600.0,439425086.83
2022-08-23,71.77,72.5,70.41,71.61,4048700.0,296032758.35
2022-08-24,71.41,71.49,67.91,68.11,7603300.0,537507751.8
2022-08-25,68.81,69.08,64.14,65.58,6915900.0,466568161.2
2022-08-26,66.46,66.9,64.18,64.45,5617800.0,375910995.12
2022-08-29,63.64,66.99,63.38,64.12,5486700.0,368184846.98
2022-08-30,63.99,67.47,63.31,64.61,8183600.0,551359213.61
2022-08-31,64.66,65.18,60.13,60.6,7668900.0,489961790.71
2022-09-01,60.85,63.11,58.69,59.26,5019300.0,311997510.1
2022-09-02,59.27,63.89,58.88,62.68,6589400.0,421791188.35
2022-09-05,62.76,66.58,60.8,64.31,7466400.0,496445888.26
2022-09-06,65.45,70.93,65.31,70.93,10080400.0,709338329.79
2022-09-07,70.93,74.32,70.5,71.97,11110600.0,830691458.51
2022-09-08,72.07,73.61,70.63,71.31,5440300.0,400693469.89
2022-09-09,71.34,73.48,70.07,71.6,5822100.0,429205226.14
2022-09-13,71.59,77.08,71.48,73.03,7756100.0,588765518.46
2022-09-14,71.61,73.68,70.23,72.1,6753700.0,495922200.97
2022-09-15,74.11,74.81,65.27,67.05,11090800.0,777988239.72
2022-09-16,67.05,70.41,66.46,68.6,8310000.0,587767889.26
2022-09-19,68.65,70.39,64.67,65.14,6123600.0,418626385.71
2022-09-20,65.61,66.48,62.79,65.1,4765400.0,318620684.78
2022-09-21,65.12,67.37,63.61,65.43,5212200.0,352852524.11
2022-09-22,65.51,66.61,64.11,64.97,3583800.0,240687727.92
2022-09-23,64.98,65.44,62.12,62.48,5226700.0,339803356.18
2022-09-26,62.01,66.21,60.61,64.58,5751200.0,381454377.26
2022-09-27,64.68,66.88,63.6,64.07,5303200.0,353683172.09
2022-09-28,64.12,64.69,60.8,60.81,4381400.0,278856834.83
2022-09-29,61.52,63.31,60.91,62.63,4964300.0,319688549.41
2022-09-30,62.94,63.11,59.4,59.6,4312000.0,269960467.0
2022-10-10,58.63,59.51,53.45,53.45,7227900.0,408251250.2
2022-10-11,53.12,53.94,47.92,47.93,20697300.0,1048817553.5
2022-10-12,48.12,50.59,46.12,50.01,16617900.0,829047052.18
2022-10-13,49.81,51.65,48.61,49.81,11573400.0,602364912.85
2022-10-14,50.18,51.55,48.32,51.15,7230400.0,378802758.46
2022-10-17,50.33,52.99,50.2,52.51,7727100.0,414975707.3
2022-10-18,52.21,53.15,51.46,52.48,5303600.0,287444683.01
2022-10-19,52.11,54.37,51.89,52.42,5354200.0,294953331.77
2022-10-20,52.19,56.71,52.11,55.81,10492300.0,596587983.14
2022-10-21,54.11,54.68,52.11,53.97,9238100.0,508954159.56
2022-10-24,53.41,56.41,53.23,55.02,7541900.0,431665184.06
2022-10-25,54.32,55.68,52.81,55.29,7349500.0,414699262.95
2022-10-26,55.29,57.27,54.13,56.66,7226600.0,419918596.58
2022-10-27,56.25,57.33,55.71,56.11,4342500.0,252973432.57
2022-10-28,56.11,58.6,55.86,56.48,6034800.0,356966398.06
2022-10-31,55.11,57.7,54.96,56.91,5110500.0,299856378.96
2022-11-01,56.99,57.65,55.6,56.51,4874000.0,284379845.54
2022-11-02,56.17,58.06,55.89,56.38,5301200.0,310867102.51
2022-11-03,55.73,60.37,55.73,59.76,6252500.0,379107064.51
2022-11-04,59.61,60.28,58.19,59.59,5367600.0,328611673.36
2022-11-07,59.6,61.28,58.17,58.39,5778700.0,354561941.77
2022-11-08,58.77,59.4,58.12,59.04,2857900.0,173216458.63
2022-11-09,59.19,60.01,57.91,58.12,3311700.0,201120639.5
2022-11-10,57.11,58.9,55.81,56.41,3944500.0,232309127.37
2022-11-11,58.26,58.93,56.32,56.41,3934400.0,233230349.34
2022-11-14,56.02,58.37,55.36,57.1,3212500.0,189812423.59
2022-11-15,56.8,60.08,56.48,58.98,4772900.0,288914935.77
2022-11-16,59.11,59.55,57.32,58.01,3827200.0,230770696.61
2022-11-17,57.34,58.59,55.85,58.59,4472500.0,263977478.2
2022-11-18,58.01,60.79,56.61,56.86,6764200.0,409388422.48
2022-11-21,56.35,58.21,56.08,57.11,3709800.0,218609422.7
2022-11-22,57.06,57.65,54.19,54.86,7229400.0,414891608.6
2022-11-23,54.45,55.67,53.45,55.49,4580700.0,259502331.27
2022-11-24,55.49,55.69,53.91,54.42,4245700.0,239876810.78
2022-11-25,54.19,55.36,53.16,53.52,3159500.0,176261900.23
2022-11-28,52.61,53.74,51.9,52.1,4209600.0,228554070.17
2022-11-29,52.47,52.98,51.32,52.41,5791100.0,312334700.28
2022-11-30,52.7,52.71,50.94,51.71,4173700.0,223255182.39
2022-12-01,52.28,53.27,51.51,51.79,4995700.0,271185714.12
2022-12-02,51.61,52.41,51.41,51.46,3341700.0,179355928.93
2022-12-05,51.89,52.42,51.21,51.6,3490700.0,186930311.07
2022-12-06,51.59,52.66,50.61,51.79,5805100.0,310694815.49
2022-12-07,51.34,52.22,51.29,52.14,4200500.0,225848059.26
2022-12-08,52.14,52.4,50.96,51.24,3720600.0,198222807.87
2022-12-09,51.23,53.01,51.23,51.64,5818000.0,313817661.51
2022-12-12,51.64,52.91,51.29,52.22,5350300.0,289695044.72
2022-12-13,52.22,52.59,50.45,50.48,5268500.0,280401559.76
2022-12-14,51.86,52.28,49.83,50.01,6795200.0,360022567.59
2022-12-15,49.6,51.36,49.12,50.9,5212800.0,273877078.3
2022-12-16,50.71,50.71,48.61,49.31,6293800.0,321924877.21
2022-12-19,49.26,49.7,48.18,48.37,3356900.0,170020427.82
2022-12-20,48.22,49.1,48.07,48.39,2288400.0,115383805.39
2022-12-21,48.09,48.49,47.06,47.51,3103800.0,153730807.22
2022-12-22,47.52,47.91,46.41,46.63,2612700.0,127911021.3
2022-12-23,46.36,47.26,46.01,46.71,2670500.0,129342764.92
2022-12-26,46.7,48.78,46.24,48.41,4073800.0,203521390.22
2022-12-27,48.35,48.79,47.95,48.61,2026100.0,102011524.37
2022-12-28,48.66,49.41,48.14,48.81,3280600.0,166099433.64
2022-12-29,48.51,49.55,48.24,49.01,2914900.0,148594688.14
2022-12-30,49.44,50.34,48.22,48.48,2885000.0,147095642.13
2023-01-03,48.5,49.37,47.84,49.06,4480000.0,226197837.39
2023-01-04,49.1,50.02,48.31,48.71,3298400.0,168015748.62
2023-01-05,48.64,50.04,48.38,49.71,4775600.0,245609940.73
2023-01-06,49.7,50.41,49.01,49.8,3865200.0,200213715.12
2023-01-09,49.89,50.49,49.41,49.74,3265400.0,169013379.82
2023-01-10,49.77,50.39,49.4,49.91,3503800.0,181400825.06
2023-01-11,49.72,50.9,49.29,49.62,4108800.0,212969144.16
2023-01-12,49.52,49.83,48.93,49.21,2228200.0,114137280.38
2023-01-13,49.51,49.55,47.91,48.78,3665400.0,185355633.19
2023-01-16,48.78,51.41,48.42,50.78,6511300.0,339858703.58
2023-01-17,50.75,51.71,50.5,51.41,4121200.0,219125257.0
2023-01-18,51.66,51.7,50.51,50.82,2530500.0,133608965.76
2023-01-19,50.68,51.32,50.62,51.31,2363400.0,125275350.46
2023-01-20,51.43,51.58,50.41,50.61,5102700.0,268514666.6
2023-01-30,51.24,51.25,50.37,50.65,5551900.0,292946937.04
2023-01-31,50.61,51.02,49.96,50.29,3541100.0,184754444.71
2023-02-01,50.52,51.45,50.21,51.05,4209600.0,221915699.23
2023-02-02,51.4,52.28,50.91,51.8,7914900.0,423658837.56
2023-02-03,51.53,52.79,50.41,52.09,7919500.0,422109166.1
2023-02-06,52.09,52.49,50.21,50.59,7154700.0,378364427.33
2023-02-07,50.57,51.01,49.98,50.71,4328000.0,226591491.38
2023-02-08,50.56,51.84,49.52,49.57,6252500.0,327270066.39
2023-02-09,49.46,52.14,48.73,52.11,11147100.0,589785708.5
2023-02-10,52.12,52.76,50.67,51.85,7199400.0,384724060.89
2023-02-13,51.6,52.09,50.93,51.79,6118400.0,326481275.34
2023-02-14,51.81,52.32,50.68,51.14,7251600.0,385713954.94
2023-02-15,51.21,51.37,50.61,51.33,4461600.0,236045312.37
2023-02-16,51.06,51.28,49.41,49.87,8777500.0,459783564.48
2023-02-17,49.64,49.91,48.4,48.51,5893000.0,299579454.34
2023-02-20,48.36,48.88,47.64,48.63,4570400.0,229067370.68
2023-02-21,48.45,49.03,48.0,48.42,2909000.0,146591464.69
2023-02-22,48.14,48.95,48.07,48.25,2726700.0,137278103.51
2023-02-23,48.16,48.63,48.13,48.34,2156800.0,108317558.71
2023-02-24,48.87,48.97,47.91,48.01,2609600.0,130803305.97
2023-02-27,47.9,48.06,47.12,47.27,2708100.0,133774765.77
2023-02-28,47.61,47.91,47.21,47.63,2636000.0,130366944.86
2023-03-01,47.65,48.04,47.55,47.94,3041300.0,151127596.18
2023-03-02,48.07,48.6,47.29,47.35,2981800.0,147946227.69
2023-03-03,47.71,49.19,47.71,48.94,6571800.0,331638160.05
2023-03-06,48.94,51.76,48.27,51.56,12376800.0,650939503.54
2023-03-07,51.52,52.41,50.74,50.79,8727500.0,467286404.66
2023-03-08,50.61,52.29,50.36,51.79,8708300.0,464337585.14
2023-03-09,51.64,54.5,51.63,53.47,14901200.0,825088808.44
2023-03-10,53.13,54.11,51.8,52.44,10448000.0,570619151.58
2023-03-13,51.91,52.7,51.06,51.44,7471700.0,399381156.04
2023-03-14,51.28,52.76,50.71,52.76,10920100.0,587670132.09
2023-03-15,52.51,54.59,52.22,52.71,15307100.0,846119586.41
2023-03-16,51.8,53.19,51.46,51.79,8772700.0,474571909.79
2023-03-17,52.23,54.99,51.41,54.02,13706200.0,758412389.0
2023-03-20,54.07,54.76,53.42,54.23,10558300.0,591685897.07
2023-03-21,54.08,54.77,53.49,54.41,6473000.0,362802775.46
2023-03-22,54.31,54.41,53.19,53.49,6512500.0,361308927.98
2023-03-23,53.3,53.71,51.91,53.31,11660800.0,636036615.68
2023-03-24,53.48,53.6,51.64,51.75,9031900.0,488362017.1
2023-03-27,51.91,53.81,51.91,52.73,10415500.0,570217274.92
2023-03-28,51.11,51.24,48.61,48.61,14794800.0,764560095.57
2023-03-29,48.56,51.03,48.56,50.5,10398700.0,541154415.21
2023-03-30,50.65,51.42,49.34,49.78,7347500.0,382562730.93
2023-03-31,49.72,50.91,49.52,50.21,5841600.0,304338538.03
2023-04-03,50.91,55.42,50.89,55.42,13148400.0,740505966.76
2023-04-04,56.05,60.97,55.63,59.56,34773500.0,2109388070.63
2023-04-06,61.11,65.71,60.97,65.71,24176200.0,1593473068.11
2023-04-07,66.11,66.68,62.81,64.61,23979900.0,1590156231.69
2023-04-10,64.91,66.39,60.29,62.41,27328700.0,1786603261.41
2023-04-11,61.9,65.51,61.18,63.51,19000300.0,1243615787.61
2023-04-12,63.02,63.18,61.29,62.62,12496500.0,802811337.43
2023-04-13,63.11,63.16,59.62,60.05,13045800.0,817226392.58
2023-04-14,60.41,64.64,58.91,64.07,19899600.0,1274732066.32
2023-04-17,64.82,66.59,63.26,64.35,21261700.0,1421208706.16
2023-04-18,63.71,65.1,62.11,63.64,9085300.0,593837677.5
2023-04-19,63.65,70.01,63.37,67.02,18199400.0,1245871140.97
2023-04-20,65.72,69.4,65.71,67.84,18489800.0,1284956160.98
2023-04-21,69.11,73.29,65.11,70.11,28181600.0,2019320868.91
2023-04-24,68.7,69.72,64.91,66.38,18565900.0,1272874381.58
2023-04-25,66.34,67.14,62.51,63.14,15483300.0,1021467195.43
2023-04-26,62.11,63.2,59.72,60.29,12566100.0,791943896.31
2023-04-27,59.43,63.64,59.29,60.73,13218000.0,840244701.16
2023-04-28,63.98,66.99,62.83,65.77,20623100.0,1396397835.49
2023-05-04,63.98,64.21,60.79,62.07,16157100.0,1037494473.35
2023-05-05,61.46,68.47,61.32,66.1,20169800.0,1367189744.37
2023-05-08,65.11,68.18,63.63,66.71,15893100.0,1086001959.63
2023-05-09,66.35,69.81,65.52,67.1,15389100.0,1068978973.77
2023-05-10,66.01,67.29,63.44,64.24,11078100.0,740507742.92
2023-05-11,66.91,67.22,64.71,65.82,9563200.0,649468932.58
2023-05-12,66.01,68.9,62.78,62.96,11515200.0,774774857.75
2023-05-15,61.81,63.48,60.44,62.26,10544800.0,672960941.6
2023-05-16,61.67,64.11,61.39,63.11,9799400.0,635191635.64
2023-05-17,62.11,64.99,62.01,63.19,7630800.0,499923075.52
2023-05-18,63.61,64.99,62.14,62.77,6879900.0,449351048.93
2023-05-19,62.41,69.24,62.41,68.26,20081200.0,1378786628.53
2023-05-22,68.21,68.67,66.8,67.88,12751600.0,886978220.49
2023-05-23,67.48,69.61,65.66,68.46,10448300.0,730097686.85
2023-05-24,67.99,72.92,66.61,70.41,14730600.0,1061042864.45
2023-05-25,70.22,71.61,68.22,69.97,9675300.0,695246187.93
2023-05-26,70.1,72.63,69.39,70.96,10024300.0,728535643.4
2023-05-29,71.06,74.88,68.11,71.49,12761600.0,940006066.88
2023-05-30,70.76,72.67,69.39,72.21,9543500.0,694377794.83
2023-05-31,72.53,74.61,70.61,71.66,10708200.0,791584754.51
2023-06-01,71.88,72.35,68.43,69.03,12421900.0,890462999.91
2023-06-02,69.02,69.66,67.84,68.58,7023500.0,494110554.36
2023-06-05,68.43,70.89,67.98,68.33,8590500.0,606161228.88
2023-06-06,67.98,68.33,65.52,65.86,11209900.0,763742085.85
2023-06-07,66.24,66.33,64.43,65.09,7987700.0,534783927.49
2023-06-08,65.03,65.08,63.48,64.03,6319600.0,414296786.41
2023-06-09,64.51,67.31,63.65,67.31,12281700.0,825542014.08
2023-06-12,67.73,70.93,66.88,67.58,15608900.0,1101144680.25
2023-06-13,67.57,70.63,67.38,70.07,11418400.0,807841117.8
2023-06-14,70.43,71.31,69.43,69.94,8705700.0,626074336.52
2023-06-15,70.13,70.33,67.43,68.63,9229000.0,645260050.82
2023-06-16,68.23,69.42,67.43,68.93,6863100.0,480217040.56
2023-06-19,69.92,70.93,67.67,70.81,11004300.0,787142112.39
2023-06-20,69.73,73.16,69.63,71.01,11105700.0,812148248.45
2023-06-21,71.15,71.63,67.0,67.03,7728000.0,542667794.24
2023-06-26,66.43,68.33,66.02,67.54,7185600.0,493290403.16
2023-06-27,67.5,68.43,65.43,66.0,5529500.0,375833897.98
2023-06-28,66.32,69.43,64.93,68.34,9345900.0,644205155.04
2023-06-29,68.05,70.2,66.93,67.17,6472300.0,452787724.07
2023-06-30,66.43,72.09,65.93,71.31,11479600.0,825439165.59
2023-07-03,71.54,71.83,68.96,69.36,9405700.0,674338056.1
2023-07-04,69.47,69.63,66.13,69.14,9274800.0,644235294.87
2023-07-05,69.17,70.6,67.75,68.09,6214400.0,439438210.28
2023-07-06,67.33,73.73,67.33,72.69,15740600.0,1154247992.82
2023-07-07,72.73,73.34,69.99,71.73,8911100.0,652698671.15
2023-07-10,72.3,74.31,69.62,70.43,8548500.0,624997739.63
2023-07-11,71.48,76.43,69.93,75.29,17542400.0,1320092617.71
2023-07-12,74.37,77.01,73.57,73.98,12492700.0,958580427.01
2023-07-13,74.47,81.54,73.83,81.54,21113200.0,1702206682.81
2023-07-14,84.93,85.55,79.44,82.81,28906800.0,2436289705.54
2023-07-17,82.11,83.96,79.45,81.42,16429600.0,1361588392.33
2023-07-18,80.86,82.51,76.71,76.98,21351100.0,1727936733.98
2023-07-19,75.73,77.52,74.11,74.62,14809800.0,1140886879.28
2023-07-20,74.63,75.08,72.66,72.91,10253700.0,770703431.01
2023-07-21,72.97,73.32,71.28,71.66,9047700.0,666568215.17
2023-07-24,71.15,72.73,70.66,71.39,8551700.0,627554610.15
2023-07-25,71.95,72.65,69.61,70.42,11291300.0,814386407.22
2023-07-26,70.21,71.23,69.36,69.87,7480400.0,538134410.42
2023-07-27,69.25,69.83,65.93,66.54,16905400.0,1162760122.2
2023-07-28,67.22,68.09,65.56,65.88,9058500.0,617807902.12
2023-07-31,65.27,66.67,64.25,66.47,9702900.0,653029559.27
2023-08-01,66.03,69.38,65.94,69.04,12074200.0,842236516.37
2023-08-02,68.4,69.68,67.79,68.63,6263800.0,440910209.12
2023-08-03,67.95,71.03,67.83,69.31,7270600.0,519312765.94
2023-08-04,68.69,70.93,68.65,69.1,5720000.0,406618649.61
2023-08-07,68.93,70.92,68.65,70.18,5349000.0,382868757.12
2023-08-08,70.03,70.44,68.61,68.86,4686500.0,332322611.7
2023-08-09,68.63,69.77,67.13,67.43,5975600.0,415421685.17
2023-08-10,66.73,68.38,66.73,67.44,2884700.0,199436296.69
2023-08-11,67.63,67.9,65.69,65.77,3788800.0,258077203.55
2023-08-14,65.15,66.23,64.53,65.43,4324800.0,289399024.83
2023-08-15,66.1,66.92,63.43,63.83,6432400.0,424963412.87
2023-08-16,63.37,63.79,61.43,61.63,8992100.0,573226891.86
2023-08-17,60.96,62.15,60.53,61.6,7896500.0,496101150.33
2023-08-18,62.06,62.17,60.29,60.47,5882100.0,369568649.32
2023-08-21,60.2,61.75,60.01,60.39,4487900.0,279117965.24
2023-08-22,60.76,61.33,58.93,60.99,6329700.0,391309341.41
2023-08-23,60.78,60.79,58.66,58.75,4402700.0,268668064.78
2023-08-24,58.83,61.97,58.81,60.39,6798800.0,421254548.0
2023-08-25,59.85,60.23,58.5,59.03,4073500.0,247623145.89
2023-08-28,62.13,63.12,58.1,58.31,9089600.0,560269392.23
2023-08-29,57.73,62.06,57.4,61.74,8762700.0,543822008.47
2023-08-30,62.23,64.58,61.73,63.95,12022100.0,784419959.68
2023-08-31,63.83,68.16,63.09,66.36,13655700.0,923153121.38
2023-09-01,65.73,66.95,65.19,66.34,6470900.0,437401798.01
2023-09-04,66.45,66.71,65.16,66.65,4961200.0,335140726.62
2023-09-05,66.43,68.15,66.43,66.66,7997000.0,550967262.73
2023-09-06,66.08,70.07,65.79,69.6,12018000.0,843442290.01
2023-09-07,68.43,68.53,66.03,66.03,9322300.0,639594545.3
2023-09-08,66.19,67.93,65.93,66.27,8040300.0,550902912.51
2023-09-11,65.42,67.63,65.03,66.8,6741100.0,458466302.22
2023-09-12,66.23,66.63,65.43,65.84,5562400.0,375753128.34
2023-09-13,65.44,67.29,64.86,65.61,7410300.0,499631259.69
2023-09-14,65.1,65.88,64.04,64.74,5191700.0,343630407.25
2023-09-15,64.93,66.31,64.43,65.09,5399500.0,360743877.94
2023-09-18,64.43,64.58,62.78,62.9,5810300.0,378739520.7
2023-09-19,63.04,63.16,61.46,61.79,4526700.0,288000853.73
2023-09-20,61.65,62.36,61.07,61.28,3178900.0,201124981.01
2023-09-21,60.79,61.43,60.26,60.8,3815500.0,237761504.68
2023-09-22,60.63,62.03,59.87,61.81,5360400.0,336738044.65
2023-09-25,61.83,63.91,61.78,62.54,6995100.0,450244624.85
2023-09-26,62.41,63.23,61.89,62.76,3372600.0,216624522.27
2023-09-27,62.65,64.06,62.58,62.97,3462800.0,224032706.35
2023-09-28,63.03,64.38,61.58,63.03,6865600.0,442303256.09
2023-10-09,62.44,65.43,62.44,63.82,4897700.0,322153280.32
2023-10-10,65.28,65.9,63.99,64.09,6943500.0,462622969.11
2023-10-11,64.16,64.88,63.12,63.63,5017400.0,328395048.29
2023-10-12,63.64,64.39,62.79,63.8,5146000.0,335125453.56
2023-10-13,63.43,64.41,62.63,63.83,4946300.0,323300763.68
2023-10-16,63.43,64.06,57.29,57.29,12132100.0,745376496.69
2023-10-17,55.99,56.87,53.13,56.63,14228300.0,809008015.95
2023-10-18,55.93,57.08,54.54,54.71,7357500.0,419964654.51
2023-10-19,54.71,56.18,54.31,55.54,6766200.0,385394905.18
2023-10-20,55.3,55.6,53.63,53.87,4898100.0,273843764.01
2023-10-23,53.63,53.85,51.9,52.21,4861600.0,262955611.1
2023-10-24,52.49,54.27,51.88,53.57,6362100.0,348618249.59
2023-10-25,53.77,54.12,51.43,51.93,7183800.0,387520013.68
2023-10-26,51.4,52.13,51.23,51.89,4198300.0,223679095.41
2023-10-27,51.53,54.19,51.5,53.74,7046500.0,383854268.59
2023-10-30,54.01,54.31,52.93,54.13,9059700.0,502175432.72
2023-10-31,55.44,58.81,55.44,56.04,15921200.0,924871636.9
2023-11-01,56.2,56.23,54.21,54.23,9386300.0,529532702.29
2023-11-02,54.71,54.99,52.63,52.78,8143700.0,447851302.08
2023-11-03,52.8,55.33,52.54,54.85,8132000.0,453372516.1
2023-11-06,56.43,56.43,54.74,56.05,10691100.0,611178356.34
2023-11-07,55.68,59.6,54.93,58.72,13279000.0,784730982.32
2023-11-08,58.5,60.34,57.27,59.43,10626900.0,640735233.46
2023-11-09,59.13,59.77,57.94,58.4,6306300.0,380387419.43
2023-11-10,58.39,59.34,57.23,57.53,6003700.0,358278702.66
2023-11-13,58.43,58.5,57.34,57.64,5703000.0,338992690.64
2023-11-14,58.73,60.22,58.03,59.28,9696200.0,588860425.23
2023-11-15,60.05,61.73,59.33,60.78,11924600.0,744581648.78
2023-11-16,60.02,62.36,60.02,60.43,8818400.0,553554190.68
2023-11-17,60.26,65.09,60.22,63.96,16145800.0,1046281144.78
2023-11-20,68.13,68.54,64.24,64.48,23595400.0,1584456544.57
2023-11-21,63.89,64.19,61.46,61.52,16284100.0,1040204598.27
2023-11-22,60.93,63.61,60.84,61.64,12513100.0,797093930.53
2023-11-23,61.23,61.25,59.29,60.65,8134100.0,501875026.99
2023-11-24,60.31,60.31,58.56,58.69,8478000.0,515153886.58
2023-11-27,57.93,61.23,57.88,61.21,9549000.0,587433872.93
2023-11-28,60.53,61.43,59.67,60.48,6038500.0,375116395.94
2023-11-29,61.33,61.91,59.83,60.08,6543100.0,408328360.15
2023-11-30,59.89,60.0,58.23,60.0,6326200.0,381734022.51
2023-12-01,59.15,59.33,58.49,59.26,5822000.0,352498562.79
2023-12-04,59.18,59.82,58.35,58.35,6024700.0,364614328.24
2023-12-05,57.83,58.0,55.68,55.69,8209900.0,478199645.77
2023-12-06,55.54,56.57,55.54,56.05,4253100.0,245256564.7
2023-12-07,55.91,56.23,54.75,55.44,5129800.0,292165739.99
2023-12-08,54.92,57.88,54.92,56.82,7523800.0,437783186.33
2023-12-11,56.37,57.76,55.91,57.44,5015300.0,292829401.85
2023-12-12,58.05,58.23,56.82,57.26,5287700.0,311552520.43
2023-12-13,56.93,57.22,56.32,56.32,2648400.0,154470757.29
2023-12-14,56.66,56.92,55.45,55.69,3528800.0,202998331.88
2023-12-15,55.54,55.93,54.54,54.88,3635700.0,206138133.45
2023-12-18,54.64,54.84,53.43,53.52,4231900.0,234574805.4
2023-12-19,53.76,54.63,53.56,54.16,3682200.0,205001781.11
2023-12-20,54.07,54.3,53.35,53.53,2866900.0,158282704.34
2023-12-21,53.18,54.41,52.54,54.11,4032900.0,221799106.52
2023-12-22,54.53,55.73,52.72,53.27,5188500.0,288080769.44
2023-12-25,53.01,54.33,52.54,53.01,3803700.0,208649019.22
2023-12-26,52.69,53.13,51.34,51.9,4338500.0,231638091.16
2023-12-27,51.9,53.28,51.62,52.58,4754300.0,257592532.38
2023-12-28,52.74,53.88,52.28,53.32,6704000.0,367554657.62
2023-12-29,53.23,54.78,53.09,54.16,7503200.0,417257708.64
2024-01-02,54.16,54.17,52.29,52.29,61529.0,333971930.7
2024-01-03,51.94,52.23,49.83,50.31,88286.0,461516252.62
2024-01-04,50.43,50.43,48.38,48.68,90492.0,457842558.94
2024-01-05,48.72,48.99,47.1,47.44,66079.0,327072114.99
2024-01-08,47.96,47.96,46.0,46.29,80002.0,385157923.02
2024-01-09,46.69,47.31,45.83,46.33,67242.0,321976509.09
2024-01-10,46.02,46.49,45.14,45.48,59018.0,279000501.66
2024-01-11,45.34,46.45,45.23,46.2,59873.0,284009039.74
2024-01-12,46.0,46.0,45.17,45.33,45041.0,212365899.2
2024-01-15,45.11,45.91,44.93,45.12,46720.0,219410223.11
2024-01-16,44.81,45.05,43.66,44.43,67311.0,308505525.7
2024-01-17,44.33,44.33,42.74,42.79,56805.0,255811259.9
2024-01-18,42.43,43.38,41.43,43.08,84629.0,370783673.11
2024-01-19,43.21,43.74,42.75,42.79,52215.0,233599820.55
2024-01-22,42.57,42.88,39.86,40.38,93383.0,398385110.14
2024-01-23,40.32,42.08,39.96,41.73,82401.0,350786059.12
2024-01-24,41.95,42.23,39.74,41.73,84384.0,358952864.94
2024-01-25,41.77,43.91,40.81,43.63,104446.0,462742353.4
2024-01-26,43.21,43.39,41.78,41.88,82458.0,362562961.62
2024-01-29,41.87,42.78,40.08,40.23,78927.0,335801517.41
2024-01-30,40.03,40.57,38.51,38.61,59479.0,244250126.36
2024-01-31,38.5,39.1,37.15,37.28,70065.0,278020363.42
2024-02-01,37.44,38.8,36.58,37.54,67764.0,266484376.26
2024-02-02,37.73,38.07,33.86,35.36,88130.0,329832750.0
2024-02-05,35.0,35.13,31.67,32.75,121248.0,418691914.38
2024-02-06,32.12,36.18,32.12,36.18,124760.0,452498051.07
2024-02-07,36.56,39.93,36.33,39.42,204809.0,832086492.89
2024-02-08,39.93,42.74,39.52,41.88,144100.0,625727982.78
2024-02-19,43.63,43.92,41.68,43.48,143864.0,638315872.78
2024-02-20,42.77,43.6,42.21,43.24,80144.0,355468243.49
2024-02-21,42.91,45.34,42.66,43.49,97869.0,446712873.09
2024-02-22,43.87,45.86,43.86,45.36,109128.0,508891517.69
2024-02-23,46.13,46.13,44.43,44.99,85269.0,396710080.6
2024-02-26,45.07,46.03,44.75,45.31,75150.0,352679695.84
2024-02-27,44.92,46.73,44.59,46.73,90464.0,429067300.17
2024-02-28,46.43,47.94,44.03,44.29,113688.0,544811144.15
2024-02-29,43.77,48.88,43.71,48.88,168536.0,824344732.19
2024-03-01,49.63,49.83,48.34,48.7,127022.0,641071906.7
2024-03-04,49.13,52.71,48.81,51.86,189892.0,994682961.55
2024-03-05,51.14,53.55,50.72,51.61,155791.0,835511326.15
2024-03-06,51.23,51.9,49.54,50.88,93073.0,485665197.02
2024-03-07,51.32,53.31,50.61,50.83,128604.0,686399234.65
2024-03-08,51.03,54.9,50.99,54.49,159704.0,874269197.14
2024-03-11,53.56,54.24,52.61,54.18,116872.0,642755876.68
2024-03-12,53.94,56.07,53.03,53.37,116805.0,653089459.83
2024-03-13,54.13,54.53,52.54,52.66,100076.0,549004983.03
2024-03-14,51.93,53.5,51.72,52.66,93552.0,506060664.06
2024-03-15,52.43,52.88,51.42,52.88,68018.0,365238186.11
2024-03-18,52.91,54.78,52.7,54.75,92871.0,514442666.95
2024-03-19,54.4,54.4,53.15,53.31,83501.0,461560863.84
2024-03-20,53.41,54.71,52.69,53.91,83122.0,459352606.62
2024-03-21,55.43,57.78,54.81,55.84,195057.0,1129432704.15
2024-03-22,56.91,57.77,56.23,57.13,167572.0,983775059.72
2024-03-25,56.43,56.43,53.69,53.69,147330.0,829762264.71
2024-03-26,54.29,55.31,52.83,52.93,102496.0,568745011.58
2024-03-27,52.93,53.92,50.68,50.73,87895.0,468561348.18
2024-03-28,50.74,53.02,50.58,51.82,74746.0,400551821.45
2024-03-29,51.5,54.9,50.95,54.25,84209.0,458459321.98
2024-04-01,53.91,54.88,53.73,54.48,59008.0,329624855.65
2024-04-02,55.01,55.56,53.63,54.56,75906.0,426143761.64
2024-04-03,54.05,54.88,52.23,53.39,69592.0,383646043.93
2024-04-08,52.88,53.81,52.11,52.11,45720.0,248051786.84
2024-04-09,51.96,53.16,51.71,53.13,46432.0,251530627.64
2024-04-10,53.45,53.73,50.75,51.13,64877.0,345341604.72
2024-04-11,50.76,52.36,50.75,51.23,43648.0,232579939.47
2024-04-12,51.66,53.91,51.66,52.13,62263.0,337427316.62
2024-04-15,52.13,53.07,51.36,52.48,50572.0,272099688.27
2024-04-16,51.83,52.39,49.11,49.25,62606.0,325673439.65
2024-04-17,50.23,54.33,50.23,54.33,83582.0,459804836.37
2024-04-18,54.3,57.42,53.48,55.99,140167.0,810207989.25
2024-04-19,55.12,57.06,55.12,56.1,86147.0,496871924.14
2024-04-22,53.81,56.41,53.68,55.86,61687.0,350626913.49
2024-04-23,55.81,57.15,54.47,56.83,84126.0,484002054.5
2024-04-24,56.84,58.43,56.76,58.06,90784.0,538363291.14
2024-04-25,58.42,60.21,57.68,59.13,108075.0,657250500.18
2024-04-26,59.43,59.92,57.43,58.56,137690.0,834106808.98
2024-04-29,59.02,62.93,58.35,62.68,141596.0,884450245.52
2024-04-30,61.83,63.93,61.73,62.62,96834.0,623592108.84
2024-05-06,64.03,64.05,61.1,61.36,104510.0,666412121.04
2024-05-07,61.45,61.68,59.28,59.75,124644.0,769270941.57
2024-05-08,59.67,59.76,58.44,59.04,70362.0,427434633.73
2024-05-09,58.94,59.6,58.11,58.95,81315.0,491834636.48
2024-05-10,58.8,58.93,56.69,57.76,93853.0,553204816.2
2024-05-13,56.89,59.54,56.69,57.91,89942.0,539487591.04
2024-05-14,58.17,58.67,56.94,56.99,56824.0,335964480.32
2024-05-15,56.99,58.54,56.03,57.26,65010.0,384110891.7
2024-05-16,58.07,58.66,56.62,57.31,61548.0,363598543.36
2024-05-17,56.83,57.92,56.35,57.89,45537.0,268173137.51
2024-05-20,58.37,60.43,57.76,60.18,89356.0,541339929.86
2024-05-21,60.19,60.69,58.93,59.43,65415.0,400058106.8
2024-05-22,59.43,59.48,56.73,57.54,67255.0,399110373.34
2024-05-23,57.24,58.33,56.09,56.13,68378.0,398386457.13
2024-05-24,56.03,56.53,54.85,54.92,50754.0,289960355.76
2024-05-27,55.42,60.57,54.39,59.78,171832.0,1032262203.88
2024-05-28,58.98,61.54,58.41,59.11,184433.0,1131920434.58
2024-05-29,58.48,59.81,57.75,58.26,80909.0,487444305.44
2024-05-30,57.25,59.32,57.11,58.24,92340.0,554268069.95
2024-05-31,58.34,59.47,57.69,57.94,69829.0,415980511.4
2024-06-03,58.41,60.37,57.99,59.62,102959.0,624297026.7
2024-06-04,59.22,60.68,58.82,60.58,97643.0,597329063.5
2024-06-05,60.19,61.03,59.63,59.98,75278.0,463447889.4
2024-06-06,60.79,61.25,58.83,59.67,100085.0,615047243.9
2024-06-07,59.61,60.89,58.19,58.36,87385.0,529392270.63
2024-06-11,57.8,60.29,57.2,59.89,124746.0,752581372.0
2024-06-12,59.28,61.24,59.0,60.69,118882.0,732290433.58
2024-06-13,60.64,64.12,60.61,62.19,175340.0,1116988016.2
2024-06-14,61.85,63.88,61.37,62.8,124054.0,792035431.92
2024-06-17,62.6,64.29,62.39,63.87,97786.0,632978299.32
2024-06-18,63.59,64.02,62.54,63.39,96185.0,619035400.9
2024-06-19,63.39,63.58,61.07,62.33,124313.0,787247002.29
2024-06-20,61.99,65.0,61.65,62.63,138418.0,894609229.0
2024-06-21,61.01,64.1,60.69,63.98,106344.0,680090846.14
2024-06-24,63.45,64.99,62.84,62.88,104648.0,681490353.62
2024-06-25,62.88,63.28,59.59,60.39,128226.0,795335063.57
2024-06-26,60.75,61.44,59.39,61.23,77647.0,478276981.17
2024-06-27,60.59,62.62,60.39,61.26,81026.0,510074959.62
2024-06-28,60.88,62.47,60.8,61.7,71965.0,453424579.0
2024-07-01,61.58,65.55,61.34,64.3,111867.0,730535864.95
2024-07-02,64.3,64.57,62.47,62.87,76712.0,494151255.79
2024-07-03,62.81,65.54,61.69,64.98,115902.0,757835393.58
2024-07-04,64.79,65.39,64.09,64.11,69337.0,457119483.0
2024-07-05,63.99,64.27,61.39,63.5,68180.0,437363131.41
2024-07-08,63.96,65.44,62.8,63.39,87692.0,574339312.14
2024-07-09,63.38,66.31,62.42,66.27,138311.0,908974417.4
2024-07-10,66.2,66.2,64.88,65.39,102580.0,685297170.05
2024-07-11,66.19,67.49,64.22,66.76,130309.0,880853127.0
2024-07-12,65.52,68.67,65.19,68.01,121077.0,832690853.05
2024-07-15,68.28,69.48,66.87,67.23,93762.0,649375784.46
2024-07-16,67.19,68.86,66.2,68.6,96397.0,663630943.53
2024-07-17,68.14,68.78,64.3,64.69,137161.0,932113395.08
2024-07-18,63.29,65.74,62.29,64.99,128007.0,835638770.48
2024-07-19,64.69,66.56,64.29,64.51,97320.0,647330265.75
2024-07-22,64.39,65.51,64.29,64.45,74798.0,493758874.19
2024-07-23,64.39,64.45,60.59,60.64,115854.0,733624566.9
2024-07-24,60.64,61.18,57.75,58.02,119817.0,726006145.05
2024-07-25,57.79,58.21,55.93,56.29,104272.0,604486350.78
2024-07-26,56.63,57.59,56.1,57.23,78172.0,455128838.5
2024-07-29,57.16,57.84,55.99,56.08,69118.0,400521832.22
2024-07-30,56.09,56.23,54.58,55.85,78771.0,446672865.36
2024-07-31,55.45,58.09,55.18,57.99,94337.0,549262887.86
2024-08-01,58.29,59.58,57.95,58.92,85195.0,511934922.34
2024-08-02,57.66,58.44,55.56,55.57,97273.0,564378198.65
2024-08-05,54.13,54.74,50.79,50.9,176609.0,947645373.93
2024-08-06,52.09,53.05,51.67,52.45,95922.0,514303713.12
2024-08-07,52.33,52.82,51.87,52.49,49846.0,267496675.48
2024-08-08,51.59,54.07,51.19,53.19,72658.0,392792219.69
2024-08-09,53.81,54.37,52.81,52.91,63817.0,350232109.59
2024-08-12,53.16,53.89,52.33,53.21,51682.0,281493203.1
2024-08-13,53.22,53.99,52.9,53.57,38289.0,208749300.06
2024-08-14,53.75,53.79,52.39,52.43,41829.0,226501732.25
2024-08-15,52.09,53.36,51.93,52.47,46437.0,250052343.15
2024-08-16,52.79,53.39,52.08,52.32,46226.0,249505577.51
2024-08-19,52.09,52.78,51.63,52.04,42835.0,229012303.06
2024-08-20,52.39,52.56,51.04,51.59,46058.0,243066603.06
2024-08-21,51.29,51.87,50.87,51.27,39284.0,206594532.29
2024-08-22,51.26,51.33,49.94,50.21,46851.0,242047848.64
2024-08-23,49.87,50.35,49.59,50.05,37582.0,192297428.57
2024-08-26,49.99,51.11,49.98,50.89,43178.0,224044079.62
2024-08-27,50.69,50.7,49.7,49.93,34610.0,177613565.69
2024-08-28,49.79,51.14,49.71,50.9,55045.0,285367887.74
2024-08-29,50.49,52.89,50.22,52.2,74987.0,398286471.94
2024-08-30,52.29,55.16,52.18,54.56,99133.0,546501425.82
2024-09-02,54.16,54.26,51.29,51.45,77446.0,416786699.41
2024-09-03,51.65,52.9,51.47,52.68,48660.0,260808251.11
2024-09-04,51.87,52.67,51.52,52.18,43132.0,229688385.75
2024-09-05,52.16,52.55,51.65,51.93,35390.0,188337439.37
2024-09-06,51.79,52.03,49.35,49.52,66830.0,343760325.3
2024-09-09,49.23,50.09,48.59,48.77,53010.0,267115416.86
2024-09-10,48.98,50.27,48.42,49.89,61247.0,309790678.0
2024-09-11,49.59,50.02,49.39,49.69,27488.0,140000807.0
2024-09-12,50.37,50.78,49.09,49.1,39099.0,198781522.58
2024-09-13,49.25,49.46,48.29,48.3,37676.0,188649164.67
2024-09-18,48.79,49.08,47.56,48.64,40229.0,199078213.59
2024-09-19,48.71,49.3,47.49,47.71,74421.0,367690230.06
2024-09-20,47.69,47.94,46.69,47.58,54698.0,265066305.86
2024-09-23,47.41,47.79,45.64,45.72,93471.0,445430471.46
2024-09-24,46.33,48.95,45.69,48.8,115239.0,559072484.32
2024-09-25,49.74,50.74,48.68,48.79,112059.0,569726968.13
2024-09-26,49.74,51.14,48.98,51.14,112691.0,575902598.53
2024-09-27,52.21,55.56,51.86,54.91,152277.0,829347533.0
2024-09-30,58.09,60.49,55.82,60.49,211422.0,1258241466.77
2024-10-08,66.63,66.63,63.81,66.63,242050.0,1624009959.84
2024-10-09,65.11,68.49,62.66,64.71,317728.0,2125165952.56
2024-10-10,64.73,65.66,60.47,60.85,219138.0,1386162684.56
2024-10-11,60.31,61.05,57.31,57.96,129236.0,770247544.46
2024-10-14,57.37,59.56,56.11,59.02,139515.0,821434443.75
2024-10-15,58.91,60.72,58.01,58.18,144375.0,869090189.66
2024-10-16,57.01,58.95,56.43,57.56,101975.0,598590826.26
2024-10-17,58.12,58.71,57.25,57.28,87879.0,517371796.22
2024-10-18,57.69,63.09,57.45,61.73,194029.0,1191786964.74
2024-10-21,62.5,64.61,61.11,63.5,243233.0,1552638081.53
2024-10-22,62.61,63.07,60.81,61.55,203423.0,1277766501.79
2024-10-23,61.28,61.98,60.71,60.92,107716.0,668933271.13
2024-10-24,60.27,61.97,60.24,61.11,92607.0,574508501.47
2024-10-25,61.15,62.91,61.13,62.76,141983.0,895780369.59
2024-10-28,62.01,62.01,60.11,61.74,160510.0,995185668.86
2024-10-29,61.53,63.73,60.96,61.64,169361.0,1072783797.37
2024-10-30,61.34,62.59,60.67,61.71,119518.0,746435158.32
2024-10-31,61.41,63.52,60.41,62.9,175055.0,1101410654.54
2024-11-01,62.22,64.12,61.54,61.54,177170.0,1129912198.47
2024-11-04,60.73,65.2,60.43,63.61,170309.0,1091348824.52
2024-11-05,63.51,65.69,63.11,65.29,195103.0,1279973860.51
2024-11-06,65.59,65.96,63.62,64.28,174389.0,1146427022.65
2024-11-07,64.11,66.07,63.66,65.11,128655.0,847641578.64
2024-11-08,66.01,67.61,65.26,66.45,209199.0,1405038173.1
2024-11-11,68.51,73.06,67.72,71.16,279620.0,2009729186.34
2024-11-12,71.11,73.47,68.11,68.9,294817.0,2126909848.43
2024-11-13,70.11,71.0,67.74,69.26,172127.0,1207321428.01
2024-11-14,69.26,69.87,65.41,65.68,182399.0,1242483665.76
2024-11-15,65.11,66.1,63.91,64.01,133233.0,874108868.0
2024-11-18,64.52,64.63,61.11,61.65,126630.0,803855469.66
2024-11-19,62.01,63.9,61.44,63.56,112531.0,714633860.35
2024-11-20,63.11,63.91,62.61,63.5,87679.0,562368459.93
2024-11-21,63.21,63.81,62.67,63.59,86871.0,558028114.28
2024-11-22,63.31,63.98,60.5,60.52,109239.0,688822822.76
2024-11-25,61.21,64.61,60.81,62.21,123661.0,784861932.55
2024-11-26,62.21,62.21,60.99,61.5,66532.0,415264344.32
2024-11-27,60.99,63.56,59.91,63.53,107847.0,678977097.68
2024-11-28,63.53,64.43,62.43,62.67,84082.0,540775505.86
2024-11-29,62.23,64.19,61.52,63.31,112008.0,715132053.27
2024-12-02,63.31,63.61,62.32,63.3,107806.0,688858347.16
2024-12-03,64.19,64.61,62.01,62.47,93798.0,600175292.68
2024-12-04,63.1,63.64,61.46,61.81,79487.0,504873145.05
2024-12-05,60.92,62.84,60.91,62.02,79281.0,495968257.6
2024-12-06,61.74,62.81,61.11,62.41,70240.0,442137808.5
2024-12-09,62.12,62.76,61.14,61.44,50285.0,315261212.23
2024-12-10,63.41,63.61,61.42,61.63,100650.0,639232159.66
2024-12-11,61.12,62.06,60.91,61.28,61586.0,383185247.79
2024-12-12,61.31,61.85,61.02,61.54,51532.0,320944936.12
2024-12-13,61.15,62.16,60.3,60.79,89139.0,551146608.6
2024-12-16,60.18,60.61,58.52,58.73,84411.0,507822660.94
2024-12-17,58.62,59.71,58.53,58.63,54585.0,327295584.95
2024-12-18,58.77,59.63,57.81,59.32,54655.0,327116001.85
2024-12-19,58.33,60.62,58.11,60.2,77187.0,467727688.46
2024-12-20,59.74,61.91,59.74,60.82,103504.0,639936218.14
2024-12-23,61.29,61.35,59.38,59.38,71447.0,436776413.24
2024-12-24,59.61,60.28,58.37,60.12,68826.0,415391445.36
2024-12-25,60.19,60.23,58.61,58.96,58683.0,352787249.1
2024-12-26,58.98,60.41,58.55,59.96,70640.0,427685859.0
2024-12-27,59.88,61.31,59.52,59.83,88253.0,540725599.91
2024-12-30,59.37,61.1,59.37,59.69,74323.0,453606215.73
2024-12-31,59.69,59.81,57.06,57.06,97191.0,572777894.67
2025-01-02,56.89,57.05,54.22,54.74,76770.0,433465358.16
2025-01-03,54.76,55.09,52.97,53.19,75292.0,413058964.5
2025-01-06,53.17,54.21,53.11,53.79,62614.0,342095355.62
2025-01-07,53.85,55.69,53.76,55.53,72036.0,403536054.04
2025-01-08,55.1,56.11,53.73,55.47,62057.0,347037399.0
2025-01-09,55.11,56.66,55.01,55.6,51721.0,294428099.0
2025-01-10,55.27,56.73,54.8,54.82,54393.0,309189771.62
2025-01-13,54.1,55.71,54.04,55.19,50584.0,282783276.75
2025-01-14,55.41,57.2,54.81,57.08,83146.0,475760793.75
2025-01-15,56.97,57.1,56.11,56.26,44470.0,255439628.41
2025-01-16,56.62,57.47,55.88,56.49,64750.0,371824499.08
2025-01-17,56.11,58.06,55.81,57.56,79037.0,458739547.76
2025-01-20,58.11,59.32,57.61,58.6,106208.0,631827098.28
2025-01-21,58.7,59.28,57.99,59.11,68223.0,406557186.7
2025-01-22,58.81,60.89,58.63,60.16,112550.0,687357191.22
2025-01-23,60.8,61.05,59.99,60.21,96584.0,591665005.44
2025-01-24,60.31,60.61,59.42,60.01,95870.0,582997438.07
2025-01-27,60.37,60.51,58.91,58.91,61512.0,371129082.93
2025-02-05,59.71,60.31,57.76,58.06,88601.0,527588235.46
2025-02-06,57.9,60.6,57.61,60.1,130068.0,789460905.49
2025-02-07,60.11,61.88,59.87,61.25,132377.0,820697344.24
2025-02-10,61.61,61.68,60.62,61.02,69930.0,433545672.12
2025-02-11,60.77,61.11,59.72,60.24,64650.0,394849155.7
2025-02-12,59.94,60.81,59.39,60.76,89512.0,545666250.5
2025-02-13,60.62,60.97,58.76,58.79,82425.0,497954211.03
2025-02-14,58.55,58.91,57.79,58.4,77672.0,458564237.0
2025-02-17,58.44,58.79,57.31,58.33,92506.0,544202849.7
2025-02-18,58.41,59.58,57.42,57.7,96127.0,573385462.2
2025-02-19,57.61,59.91,57.56,59.71,121270.0,727892455.59
2025-02-20,60.06,62.57,59.74,61.88,198674.0,1234803096.64
2025-02-21,61.74,62.88,61.21,62.85,153505.0,968287048.53
2025-02-24,62.6,64.45,62.51,63.19,141530.0,909471450.32
2025-02-25,62.22,64.39,61.86,62.98,100899.0,644059504.64
2025-02-26,62.98,63.31,61.61,63.09,85371.0,542684115.94
2025-02-27,63.26,63.7,61.14,62.51,90348.0,570524823.92
2025-02-28,62.12,64.69,61.36,61.65,147820.0,943795886.15
2025-03-03,61.37,62.31,59.77,61.08,102222.0,629973037.8
2025-03-04,60.12,62.6,59.81,61.84,99562.0,620780947.59
2025-03-05,61.99,62.56,60.94,61.55,68151.0,426191909.0
2025-03-06,62.11,64.06,62.09,63.38,125888.0,808094140.82
2025-03-07,62.96,64.29,62.43,63.23,102244.0,657231706.91
2025-03-10,63.23,64.21,62.21,62.63,75448.0,482509564.74
2025-03-11,61.71,62.52,61.11,61.8,73728.0,460958407.74
2025-03-12,61.87,62.03,60.84,60.91,83370.0,517187935.19
2025-03-13,60.96,61.16,59.28,59.73,68464.0,416536150.4
2025-03-14,59.77,60.99,59.53,60.91,62926.0,386369112.5
2025-03-17,61.11,61.4,60.61,60.75,40668.0,251423176.49
2025-03-18,61.24,62.21,60.93,61.39,52894.0,330052665.93
2025-03-19,61.11,61.42,60.11,60.25,47155.0,289600541.69
2025-03-20,60.25,60.51,59.72,59.85,33945.0,207141003.32
2025-03-21,59.67,60.58,58.77,58.77,58126.0,351349148.58
2025-03-24,58.91,59.58,57.76,58.8,62773.0,373277892.0
2025-03-25,58.81,58.87,57.77,58.4,49544.0,292690502.34
2025-03-26,58.31,59.97,58.27,59.12,56257.0,337328681.0
2025-03-27,58.82,61.89,58.35,61.26,124334.0,763850529.95
2025-03-28,60.91,62.61,60.54,60.61,78417.0,487393874.61
2025-03-31,60.1,62.41,59.92,61.08,105196.0,649361752.85
2025-04-01,61.01,61.41,60.27,60.39,66198.0,408086922.25
2025-04-02,60.29,62.01,60.04,60.71,99210.0,613661828.27
2025-04-03,60.06,60.88,58.32,59.03,81386.0,490923741.72
2025-04-07,55.11,56.99,53.04,53.04,81811.0,450815850.67
2025-04-08,52.64,53.74,49.21,50.66,144805.0,748326650.64
2025-04-09,49.63,52.64,47.81,52.02,132739.0,689668598.75
2025-04-10,53.64,53.97,52.48,52.51,88516.0,479375238.28
2025-04-11,52.01,56.25,51.91,54.67,117405.0,648654739.91
2025-04-14,55.51,55.61,54.38,54.68,64015.0,357099203.21
2025-04-15,54.41,55.11,53.46,53.83,48860.0,267782433.68
2025-04-16,53.47,54.64,52.97,53.76,46675.0,255351292.56
2025-04-17,53.21,55.11,53.21,54.67,63864.0,354238876.73
2025-04-18,54.67,55.18,52.73,53.44,77201.0,420716628.0
2025-04-21,53.46,53.91,52.8,53.82,58345.0,317643312.4
2025-04-22,53.71,54.39,53.01,53.56,59549.0,324779558.42
2025-04-23,53.99,54.08,52.57,53.32,91788.0,496471007.13
2025-04-24,53.3,53.32,52.11,52.2,58835.0,314834323.25
2025-04-25,52.28,52.36,51.51,51.91,66878.0,353548421.6
2025-04-28,52.19,52.7,51.76,51.9,50377.0,267451233.35
2025-04-29,51.91,52.17,51.4,51.46,56229.0,295684303.03
2025-04-30,51.97,54.6,51.91,54.27,137109.0,746968972.72
2025-05-06,55.0,56.54,54.38,56.51,104179.0,591469663.0
2025-05-07,56.71,57.01,55.49,55.77,73362.0,417002100.86
2025-05-08,55.71,56.3,55.36,55.7,42190.0,239385733.16
2025-05-09,55.61,55.67,54.58,54.61,48462.0,270592360.85
2025-05-12,55.32,55.44,54.64,55.09,40474.0,226142808.1
2025-05-13,55.96,55.98,54.84,55.26,51021.0,286789537.6
2025-05-14,55.26,56.98,55.22,55.68,72909.0,414257203.4
2025-05-15,55.66,55.68,53.96,53.97,54812.0,304000915.19
2025-05-16,53.79,54.43,53.67,53.91,32209.0,176962035.45
2025-05-19,53.91,54.06,52.77,53.36,40176.0,218032285.42
2025-05-20,53.37,53.58,52.92,53.13,41320.0,223620788.02
2025-05-21,53.2,53.41,52.46,53.18,50031.0,269107689.67
2025-05-22,52.77,54.1,52.71,52.85,57109.0,309730031.03
2025-05-23,52.92,53.6,52.34,52.39,48551.0,261660591.66
2025-05-26,52.29,52.91,51.97,52.38,39566.0,210692550.08
2025-05-27,52.38,52.47,51.76,51.92,34927.0,184675726.04
2025-05-28,52.24,53.23,52.23,52.52,45563.0,243992809.08
2025-05-29,52.4,53.14,52.31,53.1,44287.0,238322681.69
2025-05-30,52.91,52.93,51.68,51.78,52643.0,277542519.64
2025-06-03,51.15,52.12,51.15,51.83,37886.0,198225249.54
2025-06-04,51.84,52.46,51.75,52.09,26782.0,141423109.6
2025-06-05,52.13,52.77,51.63,52.66,43686.0,231048157.46
2025-06-06,52.88,53.32,52.47,52.74,39141.0,209359670.0
2025-06-09,52.87,53.15,52.57,52.97,41616.0,222640986.91
2025-06-10,52.98,53.01,51.27,51.77,52623.0,277504059.92
2025-06-11,51.91,52.73,51.82,52.1,37448.0,198284179.85
2025-06-12,51.89,52.01,51.27,51.42,68596.0,357967136.54
2025-06-13,51.26,51.86,51.11,51.32,45524.0,236940792.38
2025-06-16,51.14,51.82,51.07,51.48,34201.0,178544058.6
2025-06-17,51.67,51.93,50.72,50.87,49000.0,253998133.78
2025-06-18,50.73,51.84,50.55,51.61,47616.0,246895191.0
2025-06-19,51.47,52.07,51.08,51.33,50761.0,265360221.0
2025-06-20,51.17,52.05,50.98,50.98,40184.0,209230025.7
2025-06-23,50.52,51.93,50.52,51.57,45192.0,235533876.98
2025-06-24,51.96,53.01,51.65,52.68,71828.0,382170426.04
2025-06-25,53.01,53.17,52.28,53.15,69392.0,370511599.52
2025-06-26,53.25,53.87,52.84,52.86,64133.0,345669297.02
2025-06-27,53.15,53.47,52.68,53.16,51345.0,276296104.3
2025-06-30,53.62,54.37,53.59,54.06,71371.0,390597291.65
2025-07-01,54.37,54.72,53.8,54.07,65887.0,361677443.5
2025-07-02,53.88,54.0,53.03,53.38,51338.0,277528494.52
2025-07-03,53.39,53.67,52.69,53.42,49991.0,268803055.76
2025-07-04,53.29,53.35,52.15,52.45,71993.0,383108329.82
2025-07-07,52.46,52.7,52.17,52.18,33168.0,175780443.49
2025-07-08,53.59,54.87,52.86,54.24,133155.0,730375851.67
2025-07-09,54.25,54.35,53.13,53.14,87025.0,471430273.31
2025-07-10,53.28,53.43,52.69,52.96,48401.0,259362230.72
2025-07-11,53.04,53.87,52.7,53.57,67181.0,363357421.4
2025-07-14,53.56,53.72,53.19,53.42,48619.0,262509632.3
2025-07-15,53.28,53.79,52.95,53.28,54357.0,293326016.5
2025-07-16,53.26,53.97,53.12,53.42,61001.0,330799437.48
2025-07-17,53.38,54.34,53.32,54.26,80169.0,438373836.64
2025-07-18,54.3,54.65,53.72,54.21,58976.0,322891280.8
2025-07-21,54.07,54.31,53.88,54.3,51972.0,284566111.62
2025-07-22,54.36,54.47,53.99,54.28,53725.0,294777568.64
2025-07-23,54.27,54.84,54.03,54.07,80962.0,445784402.98
2025-07-24,54.18,55.14,54.17,55.14,90866.0,503168157.4
2025-07-25,55.24,55.47,54.68,55.17,81190.0,451709844.75
2025-07-28,55.18,55.85,54.98,55.2,90103.0,504728856.14
2025-07-29,55.04,55.67,54.77,55.62,69633.0,389137995.56
2025-07-30,55.68,57.86,55.59,56.09,137568.0,787719035.96
2025-07-31,56.15,56.59,54.62,54.64,93811.0,527449279.2
2025-08-01,54.51,55.5,54.38,54.59,80112.0,444261038.6
2025-08-04,54.37,54.76,54.07,54.6,54062.0,297407906.08
2025-08-05,54.81,55.02,54.4,54.72,53282.0,294566481.98
2025-08-06,54.72,55.45,54.59,55.35,66867.0,372221359.99
2025-08-07,55.27,55.85,54.98,55.36,73535.0,411904142.24
2025-08-08,55.37,55.37,54.34,54.35,65479.0,362203128.12
2025-08-11,54.37,54.93,54.19,54.65,52737.0,291204946.11
2025-08-12,54.95,56.16,54.69,55.55,98848.0,553075895.48
2025-08-13,55.59,57.56,55.58,56.76,160597.0,920005751.39
2025-08-14,57.23,57.96,55.87,55.9,145195.0,833608467.8
2025-08-15,55.9,58.79,55.86,58.72,226652.0,1324423954.28
2025-08-18,59.32,60.7,58.01,59.5,290505.0,1749877708.21
2025-08-19,59.19,60.42,58.88,59.57,146622.0,885775568.0
2025-08-20,58.87,59.4,57.95,59.38,158065.0,939630778.16
2025-08-21,59.38,59.52,58.17,58.43,138006.0,818906925.77
2025-08-22,58.13,60.57,58.13,60.53,205176.0,1241908974.48
2025-08-25,62.17,62.27,59.75,60.43,206189.0,1264439523.28
2025-08-26,60.0,61.05,59.57,59.67,151394.0,920687937.43
2025-08-27,59.87,61.15,58.62,58.66,215551.0,1311347007.79
2025-08-28,58.78,60.12,58.37,60.05,182646.0,1097000312.22
2025-08-29,59.97,60.06,58.57,59.4,148931.0,893444996.49
2025-09-01,60.51,62.37,59.68,61.16,231728.0,1428170099.97
2025-09-02,61.17,61.17,57.78,58.36,191719.0,1144065917.61
2025-09-03,58.57,60.13,57.78,58.16,135042.0,801784822.29
2025-09-04,58.16,58.34,54.97,55.68,160495.0,915341133.21
2025-09-05,55.81,57.42,55.81,57.29,105343.0,604573466.27
2025-09-08,57.17,58.82,56.53,58.36,106070.0,617180422.3
2025-09-09,57.92,57.92,56.11,56.56,95194.0,547671366.88
2025-09-10,56.47,57.09,55.85,56.01,72723.0,414113134.71
2025-09-11,56.11,58.05,56.03,58.01,142223.0,822549845.5
2025-09-12,58.37,63.23,57.9,61.51,331450.0,2035109877.41
2025-09-15,62.36,62.66,60.42,60.77,194276.0,1202644866.97
2025-09-16,60.73,61.51,59.98,61.02,124331.0,763695659.68
2025-09-17,61.48,61.97,60.75,61.38,155774.0,966285965.69
2025-09-18,61.44,64.85,61.42,63.7,354571.0,2270047443.02
2025-09-19,63.72,67.36,63.72,65.19,287414.0,1916809626.04
2025-09-22,65.39,66.5,64.97,66.02,208720.0,1386619040.4
2025-09-23,66.56,66.72,64.6,66.45,206438.0,1366371701.17
2025-09-24,66.64,71.85,66.39,70.55,368721.0,2602346925.11
2025-09-25,70.61,73.1,70.61,71.99,259309.0,1874228076.6
2025-09-26,71.3,75.49,71.13,71.75,268436.0,1961356831.1
2025-09-29,72.48,73.48,71.51,72.59,180765.0,1313192421.97
2025-09-30,73.68,75.62,72.72,73.44,251193.0,1869650066.62
2025-10-09,77.69,80.82,77.58,80.82,169399.0,1366025419.82
2025-10-10,79.69,86.35,79.18,84.63,488103.0,4122250189.6
2025-10-13,80.7,84.22,79.69,83.69,319300.0,2646400993.9
2025-10-14,85.8,87.81,75.69,76.34,396942.0,3198718902.18
2025-10-15,76.34,76.89,73.04,75.64,247540.0,1853936356.29
2025-10-16,75.44,78.67,74.69,76.56,237251.0,1834671841.7
2025-10-17,76.23,76.29,72.22,72.44,190556.0,1411775206.98
2025-10-20,74.69,78.27,73.19,75.53,222495.0,1698879483.04
2025-10-21,77.39,80.15,76.29,77.27,216092.0,1694375100.5
2025-10-22,75.97,77.01,74.63,75.47,132668.0,1008780036.35
2025-10-23,75.19,75.29,73.3,75.04,107561.0,801343166.46
2025-10-24,76.39,79.98,75.72,79.71,246629.0,1944886157.06
2025-10-27,83.79,84.69,80.69,82.75,312095.0,2588197625.27
2025-10-28,80.7,82.6,79.29,80.83,246178.0,1995037989.79
2025-10-29,80.69,82.35,80.01,81.57,178902.0,1458849077.14
2025-10-30,83.69,85.19,80.39,82.51,295013.0,2458080997.34
2025-10-31,80.39,80.45,76.78,77.08,251903.0,1967273587.59
2025-11-03,76.99,78.52,72.69,77.1,236460.0,1784899802.23
2025-11-04,77.59,78.25,74.9,75.87,118334.0,903769961.95
2025-11-05,73.2,74.87,72.97,74.11,123291.0,915465959.14
2025-11-06,76.63,77.01,75.07,76.69,141851.0,1084768476.62
2025-11-07,75.2,76.75,74.03,75.32,131913.0,997599316.14
2025-11-10,77.0,82.88,77.0,81.05,364225.0,2967174641.59
2025-11-11,80.69,82.79,78.97,79.34,254483.0,2060850862.95
2025-11-12,78.69,79.65,75.94,78.22,173796.0,1354802544.12
2025-11-13,78.19,82.57,78.19,79.38,197708.0,1606413053.87
2025-11-14,77.53,77.53,72.73,72.78,278792.0,2070532259.46
2025-11-17,74.01,76.19,73.5,74.07,164173.0,1235769828.01
2025-11-18,73.95,75.58,72.66,73.09,124711.0,922230588.61
2025-11-19,72.61,74.09,71.19,71.57,138108.0,1002796948.04
2025-11-20,73.01,73.34,70.06,70.29,104494.0,748818735.9
2025-11-21,67.7,68.83,66.39,66.58,148971.0,1008294028.53
2025-11-24,67.69,69.15,66.69,68.59,120906.0,829009694.12
2025-11-25,70.5,70.9,68.49,68.66,120759.0,841877534.95
2025-11-26,67.87,68.77,67.45,67.81,85715.0,585160136.91
2025-11-27,67.83,69.66,67.06,67.14,112978.0,775955691.87
2025-11-28,67.68,69.85,66.85,69.11,127245.0,876870705.76
2025-12-01,69.97,71.12,69.57,71.09,126602.0,895420581.11
2025-12-02,70.38,71.16,69.7,70.07,79910.0,564153061.56
2025-12-03,69.77,70.39,68.97,69.57,70282.0,491831049.68
2025-12-04,69.56,70.59,68.19,70.09,84643.0,591395878.96
2025-12-05,70.18,70.52,68.59,69.72,68617.0,478425332.23
2025-12-08,69.84,72.92,69.79,72.06,149600.0,1076164937.16
2025-12-09,71.51,72.16,70.54,70.97,80279.0,575551064.51
2025-12-10,70.68,71.31,69.02,70.95,83199.0,586412257.69
2025-12-11,71.59,71.68,69.65,69.71,74153.0,526158744.68
2025-12-12,69.69,72.03,68.79,71.63,110561.0,785288593.95
2025-12-15,70.69,73.24,70.2,72.34,141516.0,1027131849.78
2025-12-16,71.69,71.83,69.41,70.79,99802.0,705822605.74
2025-12-17,70.69,72.37,69.54,71.9,98516.0,702409796.52
2025-12-18,71.07,73.84,70.88,71.04,112436.0,815874776.66
2025-12-19,72.47,73.26,69.47,69.64,135200.0,958278245.79
2025-12-22,70.18,74.68,69.99,73.33,195642.0,1430055645.18
2025-12-23,73.19,74.3,72.84,73.43,107703.0,795711016.45
2025-12-24,73.72,74.68,72.89,74.68,117892.0,874998318.16
2025-12-25,75.24,76.39,74.03,74.29,120690.0,908229967.12
2025-12-26,74.6,75.17,73.19,73.71,97326.0,724495150.96
2025-12-29,73.39,74.26,72.39,72.6,112275.0,823190635.66
2025-12-30,72.2,73.86,71.99,72.24,101272.0,740065702.0
2025-12-31,74.58,76.86,72.15,73.79,212060.0,1588311046.75
2026-01-05,75.69,78.78,74.94,77.46,217887.0,1693539329.57
2026-01-06,77.69,84.12,76.9,81.72,276866.0,2272269866.53
2026-01-07,86.7,89.92,84.16,88.32,437302.0,3852698733.13
2026-01-08,90.76,91.98,85.02,85.91,391516.0,3470758060.49
2026-01-09,84.7,86.59,83.59,86.49,241095.0,2059442738.43
2026-01-12,87.38,91.79,86.65,89.09,273166.0,2445667961.44
2026-01-13,88.49,92.89,87.8,88.14,214568.0,1926054259.28
2026-01-14,89.61,90.48,85.5,86.61,230483.0,2028220667.21
2026-01-15,85.81,92.38,85.69,92.37,251570.0,2258330364.42
2026-01-16,91.69,97.01,90.82,96.2,268916.0,2573819758.67
2026-01-19,99.67,100.63,96.81,98.28,267331.0,2648815922.34
2026-01-20,97.69,98.57,94.49,97.35,184071.0,1781403257.36
2026-01-21,96.83,99.67,95.69,96.79,176605.0,1720446246.78
2026-01-22,99.66,99.99,93.69,94.68,176961.0,1693694416.04
2026-01-23,93.57,94.47,92.04,94.4,156667.0,1464716640.12
2026-01-26,94.6,95.34,90.99,91.7,145792.0,1350727518.77
2026-01-27,91.03,93.56,89.69,92.69,131995.0,1217661544.28
2026-01-28,93.58,98.33,93.09,97.68,215789.0,2067263342.97
2026-01-29,97.39,98.32,94.37,94.38,145652.0,1396678590.17
2026-01-30,93.83,97.49,92.24,95.98,169761.0,1625022329.43
2026-02-02,94.12,95.29,87.6,87.74,184932.0,1676860925.02
2026-02-03,90.57,91.07,88.39,90.79,112843.0,1018117605.31
2026-02-04,90.34,90.36,87.78,88.98,91352.0,813870640.08
2026-02-05,86.55,89.18,84.9,88.33,103717.0,903149624.04
2026-02-06,87.04,88.49,85.7,87.09,69758.0,612213640.18
2026-02-09,89.69,90.67,88.71,90.08,95538.0,862465655.68
2026-02-10,89.89,90.67,88.67,89.71,75076.0,676111410.99
2026-02-11,89.09,90.94,88.73,89.34,56918.0,512156029.88
2026-02-12,90.89,91.08,89.0,91.04,81063.0,733650674.94
2026-02-13,90.22,92.57,89.0,89.84,94749.0,866156114.9
2026-02-24,91.69,94.07,91.31,92.3,107991.0,1005704183.71
2026-02-25,92.0,95.65,89.71,94.44,150302.0,1405897786.51
2026-02-26,94.44,99.22,92.8,98.05,161694.0,1561486064.07
2026-02-27,96.71,97.04,94.84,95.66,108504.0,1039994220.61
2026-03-02,93.69,98.84,93.49,96.77,133433.0,1296158875.04
2026-03-03,96.79,97.72,89.69,90.17,158978.0,1473999449.71
2026-03-04,89.07,93.07,88.69,90.25,101799.0,928218693.51
2026-03-05,93.18,95.46,91.41,92.81,121781.0,1139527932.5
2026-03-06,91.62,93.67,91.14,91.85,89431.0,827109317.73
2026-03-09,89.89,90.28,84.36,87.6,146416.0,1268094584.56
2026-03-10,89.7,90.49,87.49,89.7,111336.0,995604617.93
2026-03-11,90.12,92.54,89.92,90.41,105664.0,964127491.05
2026-03-12,89.68,93.34,87.5,88.72,101936.0,921317786.94
2026-03-13,87.7,92.25,86.73,88.86,115345.0,1036525248.04
2026-03-16,88.87,90.58,85.89,89.79,112054.0,993567293.94
2026-03-17,89.76,90.35,86.37,86.49,100128.0,887625214.78
2026-03-18,87.77,91.82,87.3,90.73,175228.0,1582590382.58
2026-03-19,89.07,89.29,84.19,84.84,183428.0,1587282122.71
2026-03-20,85.68,85.82,82.71,82.75,101363.0,859020784.77
2026-03-23,80.7,81.19,77.69,78.24,137044.0,1092127062.92
2026-03-24,79.43,79.57,75.94,78.64,92949.0,724749891.66
2026-03-25,80.26,84.64,80.04,82.41,127267.0,1057051508.73
2026-03-26,81.38,82.66,80.31,80.62,72389.0,590890137.28
2026-03-27,79.14,83.61,78.19,82.9,80556.0,663159879.08
2026-03-30,81.82,86.59,81.74,85.87,119310.0,1018400703.14
2026-03-31,84.12,84.12,78.39,78.43,163004.0,1318486736.39
2026-04-01,81.19,81.37,78.3,79.25,116761.0,929078913.21
2026-04-02,79.25,79.69,76.37,76.92,87930.0,685567753.64
2026-04-03,77.71,79.81,77.34,77.84,85045.0,669222431.52
2026-04-07,78.37,79.66,77.85,78.13,68206.0,540155451.89
2026-04-08,80.95,83.49,80.69,83.39,116689.0,962730019.26
2026-04-09,82.34,85.47,81.96,84.14,103766.0,875344504.58
2026-04-10,84.94,86.35,84.69,85.12,96381.0,828530830.31
2026-04-13,84.19,85.99,84.04,85.25,76101.0,650149922.82
2026-04-14,86.54,88.33,85.95,87.78,121889.0,1068808114.45
2026-04-15,88.65,89.19,85.29,85.78,96891.0,846857484.29
2026-04-16,85.68,86.73,84.49,85.81,95919.0,825317765.21
2026-04-17,85.11,86.28,84.12,85.59,90739.0,777520588.74
2026-04-20,85.58,87.57,84.48,86.15,102246.0,885716845.21
2026-04-21,86.15,88.39,84.61,87.28,104686.0,912646012.91
2026-04-22,87.29,91.08,86.9,90.17,133148.0,1191032020.51
2026-04-23,91.69,92.23,87.19,88.82,136139.0,1221716486.62
2026-04-24,89.02,90.69,88.35,88.79,100789.0,902338295.07
2026-04-27,88.98,91.11,88.18,88.81,150006.0,1353112657.91
2026-04-28,82.69,85.19,80.19,83.31,266528.0,2213372279.63
2026-04-29,82.98,83.94,79.94,83.63,146127.0,1206810406.2
2026-04-30,85.23,86.45,84.14,84.4,118647.0,1012977735.72
2026-05-06,87.24,92.68,87.24,89.9,217313.0,1969548537.87
2026-05-07,90.82,92.05,89.52,91.77,143758.0,1310803076.0
2026-05-08,90.21,90.67,87.91,88.55,130911.0,1168558877.87
2026-05-11,92.47,96.69,92.02,94.24,268927.0,2543721025.14
2026-05-12,95.69,96.22,92.26,93.55,160399.0,1502816734.99
2026-05-13,91.68,102.94,91.04,102.94,236592.0,2335890092.74
2026-05-14,106.69,109.68,104.19,106.59,408573.0,4384316497.79
2026-05-15,108.66,114.49,105.83,107.15,382605.0,4197943572.34
2026-05-18,116.83,117.9,112.7,113.88,392406.0,4544238673.18
2026-05-19,112.66,115.65,107.13,115.65,405614.0,4535207185.05
2026-05-20,115.82,122.67,115.69,120.25,383040.0,4638653632.91
2026-05-21,122.42,124.69,113.32,113.59,425462.0,5103994765.31
2026-05-22,114.44,117.87,110.01,116.19,345053.0,3928009325.54
2026-05-25,119.02,127.84,115.24,127.84,393215.0,4855324835.39
2026-05-26,125.23,125.88,119.29,122.9,396235.0,4856309938.15
2026-05-27,124.69,127.17,116.99,118.1,306556.0,3757295650.63
2026-05-28,114.51,116.59,110.63,115.05,280206.0,3190590904.72
2026-05-29,115.53,117.29,105.92,107.36,301604.0,3334304522.47
2026-06-01,108.0,110.8,104.59,104.99,214901.0,2306379650.37
2026-06-02,104.87,112.0,103.4,109.63,255249.0,2783748882.73
2026-06-03,110.19,116.0,110.1,113.8,244695.0,2791247025.58
2026-06-04,111.5,120.0,111.48,117.78,274044.0,3199932150.37
2026-06-05,113.74,119.09,111.41,115.0,258014.0,2984385315.98
2026-06-08,107.66,110.0,104.7,105.62,237896.0,2555510482.34
2026-06-09,108.79,111.5,105.81,111.41,210295.0,2296126629.86
2026-06-10,107.95,122.55,107.1,122.55,334547.0,3919264514.26
2026-06-11,126.22,134.81,124.0,134.81,576461.0,7504770523.32
2026-06-12,140.01,144.5,131.81,132.99,663193.0,9133081438.8
2026-06-15,133.32,138.88,128.0,138.83,406589.0,5478749452.09
2026-06-16,137.45,143.6,135.05,137.76,366139.0,5070951746.92
2026-06-17,137.0,149.22,136.0,147.92,374932.0,5422421737.95
2026-06-18,146.44,151.6,143.85,150.16,317760.0,4693928727.51
2026-06-22,152.86,165.18,152.86,165.18,347296.0,5520354165.5
2026-06-23,160.03,167.8,155.2,157.32,351117.0,5650015364.4
2026-06-24,155.0,173.05,155.0,173.05,325014.0,5429599238.15
2026-06-25,184.0,186.5,172.0,181.03,407547.0,7310339534.88
2026-06-26,180.0,195.2,178.2,188.6,355978.0,6680838513.52
2026-06-29,199.13,207.46,191.18,207.46,416677.0,8436285956.37
2026-06-30,216.24,228.1,207.47,224.5,447219.0,9713191461.65
2026-07-01,220.0,246.44,218.0,236.09,449673.0,10630285783.44
2026-07-02,216.0,225.88,212.48,212.48,424821.0,9187367227.78
2026-07-03,205.73,209.99,195.88,199.5,463281.0,9369131422.95
2026-07-06,203.25,205.0,181.0,186.45,410305.0,7779495375.63
2026-07-07,184.17,193.33,181.0,185.82,290456.0,5448809828.33
2026-07-08,189.0,196.52,175.11,190.0,339107.0,6357290634.64
2026-07-09,196.52,209.0,194.97,209.0,335414.0,6743197877.35
2026-07-10,220.0,229.0,207.0,207.17,455959.0,10021061823.82
2026-07-13,205.01,209.31,186.83,189.02,344460.0,6783902035.44
2026-07-14,192.8,193.5,174.58,187.49,352871.0,6525680045.33
2026-07-15,190.52,194.88,170.05,171.3,304103.0,5425867272.86
2026-07-16,167.44,169.65,154.17,156.0,329345.0,5320179856.34
2026-07-17,158.24,160.77,144.0,145.0,366828.0,5594098980.72
2026-07-20,149.11,150.0,130.5,130.5,261485.0,3653514446.7
2026-07-21,132.0,143.55,117.45,143.55,456994.0,5945087622.53
2026-07-22,146.42,157.91,146.4,149.86,492182.0,7491910157.97
2026-07-23,151.98,154.36,144.31,149.07,333068.0,4960581199.09
2026-07-24,146.5,158.75,145.0,153.95,417189.0,6387842147.8
2026-07-27,154.2,169.35,153.0,169.35,524016.0,8579165121.39
2026-07-28,163.7,175.3,159.0,166.43,581710.0,9852167241.11
2026-07-29,160.0,162.8,149.79,152.18,516848.0,
2026-07-30,147.99,149.96,136.96,136.96,388356.0,
2026-07-31,150.0,150.0,133.01,133.8,481449.0,
2026-08-03,130.0,131.66,120.42,120.91,384574.0,
2026-08-04,122.01,130.64,118.94,129.48,401298.0,
2026-08-05,128.0,142.43,128.0,140.62,427991.0,
