date,open,high,low,close,volume,amount
2017-04-17,1.137,1.484,1.137,1.484,3900.0,
2017-04-18,1.693,1.693,1.693,1.693,1000.0,
2017-04-19,1.921,1.921,1.921,1.921,3000.0,
2017-04-20,2.174,2.174,2.174,2.174,2400.0,
2017-04-21,2.451,2.451,2.451,2.451,4500.0,
2017-04-24,2.755,2.755,2.755,2.755,11400.0,
2017-04-25,3.091,3.091,3.091,3.091,8900.0,
2017-04-26,3.459,3.459,3.459,3.459,8600.0,
2017-04-27,3.866,3.866,3.866,3.866,71400.0,
2017-04-28,4.314,4.314,4.314,4.314,51800.0,
2017-05-02,4.805,4.805,4.805,4.805,30200.0,
2017-05-03,5.346,5.346,5.346,5.346,79000.0,
2017-05-04,5.941,5.941,5.639,5.941,11649100.0,
2017-05-05,5.830,6.595,5.751,6.177,11521400.0,
2017-05-08,6.454,6.658,5.897,5.958,7691600.0,
2017-05-09,5.812,6.447,5.812,6.282,6227600.0,
2017-05-10,6.280,6.960,6.168,6.466,8269900.0,
2017-05-11,6.832,7.173,6.699,7.173,8961400.0,
2017-05-12,6.906,7.314,6.700,7.314,8216400.0,
2017-05-15,7.390,7.614,6.980,7.005,7375000.0,
2017-05-16,6.600,6.833,6.326,6.786,7023900.0,
2017-05-17,6.610,6.753,6.457,6.457,4967300.0,
2017-05-18,6.329,6.594,6.008,6.103,4778700.0,
2017-05-19,6.062,6.192,5.890,5.958,2875500.0,
2017-05-22,5.906,6.017,5.448,5.519,4203600.0,
2017-05-23,5.463,5.608,5.156,5.301,4215500.0,
2017-05-24,5.257,5.648,5.242,5.565,3570200.0,
2017-05-25,5.527,5.527,5.232,5.454,2309700.0,
2017-05-26,5.535,5.709,5.514,5.557,2378000.0,
2017-05-31,5.885,6.174,5.617,5.651,5480900.0,
2017-06-01,5.448,5.636,5.025,5.025,3936700.0,
2017-06-02,4.923,5.154,4.712,5.033,2820500.0,
2017-06-05,5.171,5.270,5.066,5.104,2033100.0,
2017-06-06,5.084,5.084,4.807,4.938,1518400.0,
2017-06-07,4.971,5.229,4.945,5.215,2617900.0,
2017-06-08,5.200,5.228,5.037,5.065,1904800.0,
2017-06-09,5.027,5.082,4.912,5.082,1646300.0,
2017-06-12,4.938,4.992,4.544,4.648,2690900.0,
2017-06-13,4.620,4.820,4.578,4.780,1878200.0,
2017-06-14,4.780,4.780,4.632,4.699,1309900.0,
2017-06-15,4.699,5.006,4.661,4.952,2315500.0,
2017-06-16,4.938,4.960,4.865,4.928,1019400.0,
2017-06-19,4.965,5.095,4.928,4.945,1297000.0,
2017-06-20,4.923,5.008,4.916,4.941,1115600.0,
2017-06-21,4.916,4.989,4.855,4.874,1096800.0,
2017-06-22,4.821,4.901,4.500,4.632,1514100.0,
2017-06-23,4.719,4.719,4.460,4.582,1093700.0,
2017-06-26,4.573,4.675,4.531,4.646,603600.0,
2017-06-27,4.681,4.859,4.651,4.799,1444700.0,
2017-06-28,4.763,4.776,4.674,4.691,676100.0,
2017-06-29,4.719,4.761,4.687,4.703,436600.0,
2017-06-30,4.705,4.920,4.668,4.814,1693700.0,
2017-07-03,4.792,5.213,4.776,5.142,2513800.0,
2017-07-04,5.114,5.273,5.084,5.178,1864400.0,
2017-07-05,5.132,5.226,5.084,5.202,1539600.0,
2017-07-06,5.221,5.438,5.165,5.331,2365000.0,
2017-07-07,5.286,5.885,5.235,5.535,2265500.0,
2017-07-10,5.423,5.464,5.051,5.060,2381600.0,
2017-07-11,5.054,5.200,4.963,4.990,1021100.0,
2017-07-12,4.995,5.142,4.807,5.113,1188000.0,
2017-07-13,5.057,5.089,4.866,4.904,977600.0,
2017-07-14,4.792,4.821,4.551,4.668,1801500.0,
2017-07-17,4.535,4.585,4.142,4.142,1679100.0,
2017-07-18,4.063,4.107,3.872,3.989,1620100.0,
2017-07-19,3.955,3.978,3.771,3.958,1378000.0,
2017-07-20,3.916,4.062,3.916,3.952,1117600.0,
2017-07-21,3.951,4.019,3.868,3.910,741600.0,
2017-07-24,3.773,4.008,3.773,3.970,802100.0,
2017-07-25,3.989,4.091,3.938,4.025,799400.0,
2017-07-26,4.032,4.060,3.815,3.990,859800.0,
2017-07-27,3.976,4.223,3.904,4.215,1398000.0,
2017-07-28,4.216,4.220,4.092,4.095,603800.0,
2017-07-31,4.076,4.200,4.065,4.153,675600.0,
2017-08-01,4.153,4.190,4.051,4.162,585000.0,
2017-08-02,4.108,4.282,4.063,4.174,1195900.0,
2017-08-03,4.177,4.393,4.177,4.228,1170600.0,
2017-08-04,4.188,4.277,4.019,4.021,994700.0,
2017-08-07,4.037,4.121,4.006,4.063,473800.0,
2017-08-08,4.072,4.075,3.961,4.051,507200.0,
2017-08-09,4.034,4.063,3.992,4.050,303000.0,
2017-08-10,4.063,4.092,3.892,4.005,563500.0,
2017-08-11,3.961,3.961,3.876,3.917,519000.0,
2017-08-14,3.917,4.095,3.891,4.046,655500.0,
2017-08-15,4.067,4.180,4.044,4.108,822900.0,
2017-08-16,4.108,4.290,4.034,4.238,1097500.0,
2017-08-17,4.253,4.277,4.152,4.213,830000.0,
2017-08-18,4.193,4.193,4.086,4.098,469300.0,
2017-08-21,4.116,4.219,4.063,4.212,1128100.0,
2017-08-22,4.206,4.304,4.041,4.076,1641900.0,
2017-08-23,4.053,4.133,3.929,4.107,1411200.0,
2017-08-24,4.127,4.272,4.114,4.152,1766900.0,
2017-08-25,4.121,4.470,4.121,4.420,2344400.0,
2017-08-28,4.514,4.923,4.514,4.923,3027300.0,
2017-08-29,5.006,5.196,4.764,4.909,4208500.0,
2017-08-30,4.855,4.935,4.705,4.748,2284400.0,
2017-08-31,4.767,5.283,4.767,5.283,4099700.0,
2017-09-01,5.275,5.276,5.060,5.200,3708900.0,
2017-09-04,5.171,5.550,5.171,5.291,3919500.0,
2017-09-05,5.286,5.471,5.196,5.353,2041900.0,
2017-09-06,5.263,5.436,5.197,5.361,1913600.0,
2017-09-07,5.381,5.887,5.375,5.417,3120600.0,
2017-09-08,5.432,5.664,5.334,5.550,2643700.0,
2017-09-11,5.562,5.638,5.474,5.594,2027300.0,
2017-09-12,5.667,5.710,5.346,5.385,2675000.0,
2017-09-13,5.326,5.397,5.164,5.302,1765700.0,
2017-09-14,5.237,5.397,5.156,5.222,1132000.0,
2017-09-15,5.257,5.317,5.178,5.254,1018200.0,
2017-09-18,5.245,5.464,5.183,5.403,1222500.0,
2017-09-19,5.642,6.003,5.419,5.920,5192800.0,
2017-09-20,5.957,6.572,5.744,6.572,6103500.0,
2017-09-21,6.469,7.052,6.419,6.699,6254700.0,
2017-09-22,6.690,6.899,6.366,6.773,4215900.0,
2017-09-25,6.731,7.116,6.579,6.657,3001600.0,
2017-09-26,6.483,6.562,6.003,6.101,3025700.0,
2017-09-27,6.241,6.751,6.159,6.425,3894200.0,
2017-09-28,6.470,6.760,6.250,6.629,2759400.0,
2017-09-29,6.687,6.810,6.436,6.616,2641500.0,
2017-10-09,6.897,7.171,6.687,6.899,2992800.0,
2017-10-10,6.855,6.958,6.728,6.906,1886600.0,
2017-10-11,6.861,6.929,6.178,6.307,2473200.0,
2017-10-12,6.250,6.461,6.197,6.394,1117000.0,
2017-10-13,6.352,6.584,6.327,6.495,890600.0,
2017-10-16,6.582,6.833,6.337,6.356,1206500.0,
2017-10-17,6.474,6.760,6.298,6.626,1769000.0,
2017-10-18,6.629,7.055,6.555,6.756,2547700.0,
2017-10-19,6.670,6.986,6.415,6.986,2718200.0,
2017-10-20,6.862,7.632,6.760,7.482,3709100.0,
2017-10-23,7.372,7.591,7.197,7.343,2594000.0,
2017-10-24,7.336,7.496,7.125,7.448,2178400.0,
2017-10-25,7.409,7.565,7.238,7.387,2076300.0,
2017-10-26,7.276,7.413,7.125,7.342,1729500.0,
2017-10-27,7.273,7.460,7.139,7.180,1736500.0,
2017-10-30,7.036,7.399,6.826,7.109,2136500.0,
2017-10-31,7.053,7.563,6.985,7.563,2238100.0,
2017-11-01,7.531,8.272,7.524,7.986,3103700.0,
2017-11-02,8.011,8.196,7.690,7.700,2336300.0,
2017-11-03,7.715,8.074,7.591,7.921,2225700.0,
2017-11-06,8.043,8.416,7.928,8.072,2547300.0,
2017-11-07,8.145,8.940,7.956,8.940,4527100.0,
2017-11-08,8.959,9.341,8.830,8.838,3669400.0,
2017-11-09,8.941,9.472,8.743,9.472,3577600.0,
2017-11-10,9.370,9.895,9.355,9.807,3702500.0,
2017-11-13,9.814,10.285,9.603,10.055,3258000.0,
2017-11-14,9.893,9.960,9.004,9.354,3918700.0,
2017-11-15,9.311,9.403,8.728,8.973,2733300.0,
2017-11-16,8.947,9.160,8.526,8.753,2380600.0,
2017-11-17,8.719,9.002,8.160,8.233,2663400.0,
2017-11-20,8.203,8.929,8.087,8.890,2478600.0,
2017-11-21,9.020,9.075,8.622,8.902,2387600.0,
2017-11-22,8.929,9.396,8.771,9.017,2897100.0,
2017-11-23,9.018,9.053,8.145,8.145,2351500.0,
2017-11-24,8.058,8.058,7.442,7.469,2909800.0,
2017-11-27,7.402,7.649,7.155,7.241,1640300.0,
2017-11-28,7.263,7.708,7.263,7.645,1584200.0,
2017-11-29,7.508,7.644,7.125,7.253,1834900.0,
2017-11-30,7.270,7.588,7.267,7.447,1572600.0,
2017-12-01,7.359,7.797,7.343,7.652,1867500.0,
2017-12-04,7.562,7.562,7.241,7.285,1366700.0,
2017-12-05,7.297,7.415,6.512,6.614,2308700.0,
2017-12-06,6.614,7.125,6.540,6.998,1718200.0,
2017-12-07,6.947,7.416,6.947,7.394,2008600.0,
2017-12-08,7.300,7.797,7.221,7.460,2373300.0,
2017-12-11,7.375,7.667,7.375,7.597,1208600.0,
2017-12-12,7.603,8.091,7.469,7.788,2955000.0,
2017-12-13,7.708,7.883,7.588,7.781,1577100.0,
2017-12-14,7.823,8.101,7.792,7.909,1953300.0,
2017-12-15,7.823,8.071,7.496,7.598,1902500.0,
2017-12-18,7.709,7.738,7.132,7.620,1640600.0,
2017-12-19,7.651,7.766,7.571,7.657,955900.0,
2017-12-20,7.655,7.706,7.351,7.416,1033000.0,
2017-12-21,7.343,7.765,7.270,7.696,1390800.0,
2017-12-22,7.706,8.131,7.683,8.116,1958500.0,
2017-12-25,8.096,8.510,7.999,8.451,2559200.0,
2017-12-26,8.342,8.466,8.160,8.409,2377200.0,
2017-12-27,8.349,8.390,7.899,7.951,1867300.0,
2017-12-28,7.829,8.228,7.829,7.953,1373200.0,
2017-12-29,7.868,8.558,7.868,8.437,2217900.0,
2018-01-02,8.437,8.565,8.279,8.370,1425300.0,
2018-01-03,8.416,8.510,8.176,8.352,1346000.0,
2018-01-04,8.218,8.510,8.206,8.243,1589100.0,
2018-01-05,8.240,8.240,7.591,7.636,2431300.0,
2018-01-08,7.591,7.591,7.107,7.297,2248900.0,
2018-01-09,7.345,7.358,7.212,7.302,1021100.0,
2018-01-10,7.302,7.381,7.154,7.225,1130400.0,
2018-01-11,7.168,7.562,7.110,7.367,1267500.0,
2018-01-12,7.273,7.413,7.183,7.190,896300.0,
2018-01-15,7.093,7.125,6.541,6.556,1589800.0,
2018-01-16,6.540,6.716,6.527,6.643,657000.0,
2018-01-17,6.789,6.964,6.469,6.935,1113400.0,
2018-01-18,6.833,7.030,6.731,6.763,841800.0,
2018-01-19,6.681,6.887,6.681,6.746,533100.0,
2018-01-22,6.686,7.106,6.264,6.932,1433100.0,
2018-01-23,6.833,6.977,6.833,6.937,545100.0,
2018-01-24,6.937,7.196,6.848,7.135,1236200.0,
2018-01-25,7.110,7.340,6.983,7.037,1179600.0,
2018-01-26,6.979,7.117,6.687,6.731,934300.0,
2018-01-29,6.711,6.881,6.132,6.286,1445900.0,
2018-01-30,6.237,6.387,6.227,6.288,542200.0,
2018-01-31,5.681,6.054,5.598,5.598,1683500.0,
2018-02-01,5.592,5.694,5.302,5.349,954200.0,
2018-02-02,5.349,5.483,4.938,5.154,1376700.0,
2018-02-05,5.011,5.200,4.879,5.069,1095100.0,
2018-02-06,4.906,5.031,4.508,4.508,1543700.0,
2018-02-07,4.709,4.868,4.355,4.729,1343900.0,
2018-02-08,4.739,5.003,4.739,4.980,1355600.0,
2018-02-09,4.840,5.538,4.742,5.538,2831300.0,
2018-02-12,5.667,5.763,5.393,5.678,2786700.0,
2018-02-13,5.594,5.834,5.420,5.466,2066800.0,
2018-02-14,5.531,5.570,5.180,5.291,1286500.0,
2018-02-22,5.302,5.578,5.228,5.412,1191000.0,
2018-02-23,5.375,5.433,5.242,5.406,963400.0,
2018-02-26,5.460,6.006,5.460,6.006,2291700.0,
2018-02-27,6.117,6.431,6.011,6.143,2202500.0,
2018-02-28,6.245,6.356,6.062,6.092,1645400.0,
2018-03-01,5.951,6.469,5.939,6.292,1823200.0,
2018-03-02,6.216,6.308,6.053,6.103,1270200.0,
2018-03-05,6.116,6.438,6.054,6.381,1250600.0,
2018-03-06,6.410,6.993,6.410,6.643,2852200.0,
2018-03-07,6.687,6.973,6.469,6.842,1689200.0,
2018-03-08,6.754,6.948,6.683,6.741,981200.0,
2018-03-09,6.690,7.015,6.690,6.957,1369300.0,
2018-03-12,6.963,7.343,6.961,7.197,1340000.0,
2018-03-13,7.125,7.267,6.906,6.993,1299200.0,
2018-03-14,6.944,7.006,6.687,6.725,1227200.0,
2018-03-15,6.636,6.766,6.104,6.611,1938000.0,
2018-03-16,6.607,6.670,6.413,6.492,1176800.0,
2018-03-19,6.483,6.829,6.407,6.648,1612300.0,
2018-03-20,6.625,7.063,6.625,7.058,1949300.0,
2018-03-21,7.039,7.300,6.799,6.855,1643400.0,
2018-03-22,6.832,7.028,6.799,6.919,1403800.0,
2018-03-23,6.396,6.783,6.180,6.238,1717000.0,
2018-03-26,6.076,6.912,6.076,6.874,2199800.0,
2018-03-27,6.928,7.355,6.928,7.285,2892200.0,
2018-03-28,7.136,7.635,7.130,7.302,2709800.0,
2018-03-29,7.457,7.715,7.197,7.485,2153500.0,
2018-03-30,7.489,8.046,7.489,8.026,2811900.0,
2018-04-02,8.145,8.794,8.028,8.437,3159100.0,
2018-04-03,8.145,8.378,7.956,8.233,1988000.0,
2018-04-04,8.349,8.757,8.112,8.144,1859100.0,
2018-04-09,8.141,8.473,7.744,8.310,1737300.0,
2018-04-10,8.581,8.651,7.926,8.055,1916100.0,
2018-04-11,8.218,8.727,8.218,8.276,2191500.0,
2018-04-12,8.466,8.874,8.152,8.408,2636800.0,
2018-04-13,8.451,8.524,8.098,8.262,2607000.0,
2018-04-16,8.138,8.523,8.138,8.263,2264100.0,
2018-04-17,8.422,9.150,8.291,8.571,3763600.0,
2018-04-18,8.763,9.488,8.580,9.488,5830500.0,
2018-04-19,9.212,10.026,9.169,9.238,5378100.0,
2018-04-20,9.189,9.625,9.049,9.179,3219500.0,
2018-04-23,9.310,9.473,8.200,8.393,3866100.0,
2018-04-24,8.488,8.918,8.431,8.772,2832200.0,
2018-04-25,9.163,9.704,9.043,9.370,4322300.0,
2018-04-26,9.448,10.367,9.403,10.367,5462500.0,
2018-04-27,10.332,10.392,9.271,9.443,4753900.0,
2018-05-02,9.603,9.822,8.972,9.314,3456600.0,
2018-05-03,9.170,9.826,8.845,9.603,3468200.0,
2018-05-04,9.457,10.129,9.400,9.924,3698100.0,
2018-05-07,9.902,10.091,9.657,10.058,2097100.0,
2018-05-08,9.908,10.058,9.588,9.807,2172200.0,
2018-05-09,9.749,10.242,9.677,9.893,2232900.0,
2018-05-10,9.943,9.953,9.341,9.580,2305600.0,
2018-05-11,9.460,9.674,9.268,9.341,1835900.0,
2018-05-14,9.209,9.377,8.922,9.005,2053000.0,
2018-05-15,9.036,9.411,9.034,9.405,1550300.0,
2018-05-16,9.341,9.669,9.292,9.409,1506600.0,
2018-05-17,9.415,9.673,9.317,9.527,1533900.0,
2018-05-18,9.507,9.600,8.947,9.228,1718200.0,
2018-05-21,9.284,9.873,9.167,9.775,2568800.0,
2018-05-22,9.676,10.313,9.629,10.224,2633900.0,
2018-05-23,10.139,10.524,10.040,10.186,2483400.0,
2018-05-24,10.348,10.462,9.982,10.040,1791700.0,
2018-05-25,9.998,10.109,9.574,9.580,2087200.0,
2018-05-28,9.602,9.723,9.313,9.393,1835200.0,
2018-05-29,9.457,9.603,9.362,9.390,1402400.0,
2018-05-30,9.313,9.644,8.658,8.714,2517400.0,
2018-05-31,8.762,8.903,8.415,8.756,2723400.0,
2018-06-01,8.145,8.456,7.820,7.947,3924900.0,
2018-06-04,7.926,8.241,7.871,7.956,1614800.0,
2018-06-05,7.985,8.419,7.956,8.327,2269900.0,
2018-06-06,8.291,8.389,8.142,8.211,1510600.0,
2018-06-07,8.270,8.349,8.030,8.065,1113600.0,
2018-06-08,7.995,8.215,7.782,8.186,1390500.0,
2018-06-11,8.090,8.276,7.870,7.961,1160900.0,
2018-06-12,7.964,8.145,7.595,8.069,1229700.0,
2018-06-13,8.052,8.422,7.931,7.954,1960100.0,
2018-06-14,7.953,8.406,7.875,8.310,2452700.0,
2018-06-15,8.393,8.556,8.160,8.531,2870100.0,
2018-06-19,8.364,8.840,7.649,8.072,3022200.0,
2018-06-20,7.999,8.419,7.781,8.390,2289900.0,
2018-06-21,8.228,8.331,7.491,7.491,5025900.0,
2018-06-22,7.176,7.370,6.901,7.081,3204300.0,
2018-06-25,7.170,7.309,6.843,6.843,2719100.0,
2018-06-26,6.558,7.586,6.436,7.586,4771400.0,
2018-06-27,7.768,8.403,7.735,8.403,7762300.0,
2018-06-28,8.286,9.109,8.203,8.616,9912700.0,
2018-06-29,8.505,9.536,8.392,9.494,9362200.0,
2018-07-02,9.458,9.472,9.012,9.206,7591600.0,
2018-07-03,9.170,10.167,9.056,9.641,8504100.0,
2018-07-04,9.392,9.530,9.034,9.447,5224000.0,
2018-07-05,9.372,9.633,9.137,9.322,4066200.0,
2018-07-06,9.322,10.167,9.087,9.115,7279400.0,
2018-07-09,9.392,10.084,9.137,10.084,5159100.0,
2018-07-10,10.585,10.871,9.979,10.206,7626400.0,
2018-07-11,10.120,10.970,9.940,10.970,8816200.0,
2018-07-12,10.721,11.303,10.655,10.984,7048200.0,
2018-07-13,10.915,11.441,10.743,11.278,4554100.0,
2018-07-16,11.170,11.644,10.943,11.054,5513700.0,
2018-07-17,10.821,11.159,10.671,11.137,3457300.0,
2018-07-18,11.081,11.178,10.693,10.696,3101600.0,
2018-07-19,10.713,10.970,10.610,10.691,2250800.0,
2018-07-20,10.691,11.023,10.585,10.832,2415000.0,
2018-07-23,10.777,11.419,10.752,11.106,4085100.0,
2018-07-24,11.109,11.162,10.610,10.882,4315100.0,
2018-07-25,10.837,11.095,10.743,10.887,3150800.0,
2018-07-26,10.887,10.887,10.228,10.236,3434200.0,
2018-07-27,10.223,11.095,10.051,10.846,5219300.0,
2018-07-30,10.876,10.954,9.829,10.192,4243500.0,
2018-07-31,10.112,10.433,10.001,10.223,2349800.0,
2018-08-01,10.505,10.915,10.342,10.541,3972200.0,
2018-08-02,10.544,11.142,10.278,11.040,5914100.0,
2018-08-03,11.040,11.040,10.231,10.361,4469900.0,
2018-08-06,10.062,10.907,9.951,10.214,2870000.0,
2018-08-07,10.441,10.488,9.577,10.231,4106000.0,
2018-08-08,10.167,10.195,9.151,9.151,4943800.0,
2018-08-09,8.976,10.087,8.838,9.832,5716400.0,
2018-08-10,9.926,10.777,9.926,10.530,5768100.0,
2018-08-13,10.760,11.103,10.549,11.012,5367100.0,
2018-08-14,11.156,11.189,10.721,10.813,3783300.0,
2018-08-15,11.020,11.594,10.982,11.109,7289300.0,
2018-08-16,10.984,10.984,10.278,10.472,4966200.0,
2018-08-17,10.815,10.882,10.048,10.236,4313800.0,
2018-08-20,10.223,10.727,9.954,10.693,3882900.0,
2018-08-21,10.610,10.771,10.195,10.696,4182000.0,
2018-08-22,10.724,10.907,10.516,10.749,3560500.0,
2018-08-23,10.657,11.270,10.657,11.054,5351000.0,
2018-08-24,11.051,11.522,10.965,11.134,4705900.0,
2018-08-27,11.137,11.885,11.106,11.754,4721200.0,
2018-08-28,11.632,11.940,11.560,11.782,4481100.0,
2018-08-29,11.777,11.785,11.427,11.621,2585000.0,
2018-08-30,11.608,11.632,11.195,11.331,2261600.0,
2018-08-31,11.303,11.580,11.187,11.239,2397700.0,
2018-09-03,11.084,11.605,10.860,11.605,3414500.0,
2018-09-04,11.519,12.494,11.444,12.203,4988100.0,
2018-09-05,12.148,12.439,11.918,11.973,3508100.0,
2018-09-06,11.943,13.123,11.923,12.979,5465900.0,
2018-09-07,12.843,13.128,11.624,11.940,7170200.0,
2018-09-10,11.635,11.943,10.987,11.159,5198000.0,
2018-09-11,11.261,11.414,10.937,11.245,3260100.0,
2018-09-12,11.164,11.270,10.777,10.951,2991200.0,
2018-09-13,11.109,11.223,9.804,10.461,6304000.0,
2018-09-14,10.414,10.898,10.175,10.544,4223200.0,
2018-09-17,10.375,10.638,9.995,10.223,2822400.0,
2018-09-18,10.325,10.597,10.115,10.527,3143000.0,
2018-09-19,10.472,11.206,10.397,10.970,4530700.0,
2018-09-20,10.912,10.990,10.763,10.804,2043100.0,
2018-09-21,10.887,10.998,10.447,10.749,2834100.0,
2018-09-25,10.657,10.993,10.569,10.777,2565600.0,
2018-09-26,10.777,10.984,10.527,10.727,2743300.0,
2018-09-27,10.682,10.937,10.394,10.441,2889200.0,
2018-09-28,10.469,10.527,9.862,10.308,4222700.0,
2018-10-08,9.843,10.067,9.300,9.350,2808400.0,
2018-10-09,9.372,9.563,8.874,8.948,3609700.0,
2018-10-10,9.092,9.270,8.674,9.198,3262300.0,
2018-10-11,8.716,9.162,8.367,8.608,3497100.0,
2018-10-12,8.605,9.101,8.558,9.031,3674700.0,
2018-10-15,8.871,9.007,8.090,8.120,5511700.0,
2018-10-16,8.048,8.383,7.613,8.234,5137500.0,
2018-10-17,8.311,8.436,7.613,8.173,5205600.0,
2018-10-18,7.849,8.062,7.453,7.536,2946200.0,
2018-10-19,7.472,7.932,7.289,7.915,5015600.0,
2018-10-22,8.040,8.766,8.040,8.766,4913600.0,
2018-10-23,8.815,9.045,8.508,8.588,4955600.0,
2018-10-24,8.685,8.760,8.422,8.500,2939200.0,
2018-10-25,8.007,8.311,7.641,8.189,4165600.0,
2018-10-26,8.314,8.513,7.882,7.912,2943800.0,
2018-10-29,7.730,8.519,7.730,8.073,3210500.0,
2018-10-30,8.173,8.200,7.483,7.793,4283700.0,
2018-10-31,7.896,8.145,7.705,7.937,3605900.0,
2018-11-01,8.134,8.472,7.971,8.173,4701000.0,
2018-11-02,8.408,8.993,8.408,8.962,6381300.0,
2018-11-05,8.802,9.200,8.574,8.932,5071100.0,
2018-11-06,8.721,8.915,8.480,8.851,3039700.0,
2018-11-07,8.843,9.151,8.674,8.893,4257600.0,
2018-11-08,8.998,9.056,8.563,8.646,2819100.0,
2018-11-09,8.561,8.860,8.561,8.638,2012400.0,
2018-11-12,8.680,9.018,8.588,9.004,2780400.0,
2018-11-13,8.854,9.164,8.782,8.962,3650200.0,
2018-11-14,8.857,9.502,8.857,9.261,4256900.0,
2018-11-15,9.206,9.425,9.062,9.392,3028500.0,
2018-11-16,9.525,9.644,9.308,9.400,2950400.0,
2018-11-19,9.272,9.369,9.120,9.220,1992500.0,
2018-11-20,9.106,9.275,8.935,9.051,1872300.0,
2018-11-21,8.860,9.012,8.832,8.946,1414200.0,
2018-11-22,8.946,9.212,8.946,9.029,1445500.0,
2018-11-23,9.029,9.120,8.259,8.317,2532100.0,
2018-11-26,8.347,8.347,7.774,7.929,2636200.0,
2018-11-27,7.957,8.076,7.843,7.965,1268400.0,
2018-11-28,7.979,8.472,7.796,8.325,2144200.0,
2018-11-29,8.425,8.602,8.159,8.295,1988700.0,
2018-11-30,8.120,8.475,7.946,8.383,1621100.0,
2018-12-03,8.705,8.935,8.566,8.838,2867900.0,
2018-12-04,8.677,8.835,8.619,8.754,1486600.0,
2018-12-05,8.547,8.827,8.403,8.774,2217700.0,
2018-12-06,8.644,8.887,8.483,8.533,1960700.0,
2018-12-07,8.466,8.660,8.436,8.436,987800.0,
2018-12-10,8.367,8.447,8.281,8.358,686200.0,
2018-12-11,8.394,8.489,8.292,8.394,966600.0,
2018-12-12,8.422,8.494,8.206,8.292,1094800.0,
2018-12-13,9.176,9.176,8.563,8.965,4919800.0,
2018-12-14,9.142,9.209,8.702,8.757,2447100.0,
2018-12-17,8.561,8.890,8.561,8.630,1464400.0,
2018-12-18,8.630,8.910,8.561,8.752,1755200.0,
2018-12-19,8.702,8.935,8.674,8.807,1556000.0,
2018-12-20,8.835,8.932,8.677,8.832,1115100.0,
2018-12-21,8.824,8.857,8.394,8.400,1683400.0,
2018-12-24,8.422,8.754,8.200,8.713,1765700.0,
2018-12-25,8.574,8.574,8.054,8.328,3311400.0,
2018-12-26,8.259,8.414,7.957,8.070,2779100.0,
2018-12-27,8.176,8.231,7.730,7.735,2245600.0,
2018-12-28,7.802,7.971,7.550,7.896,2309700.0,
2019-01-02,7.896,7.912,7.683,7.724,1087200.0,
2019-01-03,7.743,7.827,7.419,7.419,1238600.0,
2019-01-04,7.231,7.757,7.203,7.641,1852600.0,
2019-01-07,7.757,8.295,7.757,8.095,3028500.0,
2019-01-08,8.056,8.253,8.018,8.059,1381100.0,
2019-01-09,8.048,8.320,8.009,8.151,1811100.0,
2019-01-10,8.018,8.228,8.007,8.007,1081400.0,
2019-01-11,8.015,8.140,7.962,8.004,739200.0,
2019-01-14,8.004,8.004,7.580,7.624,1906000.0,
2019-01-15,7.702,7.702,7.522,7.666,1756700.0,
2019-01-16,7.785,7.838,7.619,7.622,1610000.0,
2019-01-17,7.591,7.599,7.093,7.225,3382400.0,
2019-01-18,7.256,7.358,7.117,7.314,2293000.0,
2019-01-21,7.309,7.497,7.203,7.378,3788500.0,
2019-01-22,7.370,7.370,7.123,7.203,2148700.0,
2019-01-23,7.203,7.297,6.921,7.242,3622000.0,
2019-01-24,7.250,8.004,7.159,7.613,5946500.0,
2019-01-25,7.527,7.735,7.400,7.425,3472000.0,
2019-01-28,7.527,7.536,7.225,7.536,2979800.0,
2019-01-29,7.450,7.508,7.037,7.203,2311400.0,
2019-01-30,7.203,7.339,7.037,7.070,1664400.0,
2019-01-31,7.043,7.203,6.306,6.306,5381900.0,
2019-02-01,6.317,6.804,6.178,6.768,3924500.0,
2019-02-11,6.793,7.502,6.793,7.502,5691500.0,
2019-02-12,7.605,7.619,7.439,7.511,4036300.0,
2019-02-13,7.660,7.935,7.550,7.716,4364800.0,
2019-02-14,7.791,7.863,7.644,7.766,2727500.0,
2019-02-15,7.777,7.846,7.649,7.680,2191100.0,
2019-02-18,7.777,8.505,7.777,8.505,4480800.0,
2019-02-19,8.749,9.073,8.187,8.408,6573900.0,
2019-02-20,8.502,8.660,8.145,8.261,3924000.0,
2019-02-21,8.270,8.779,8.250,8.281,4756600.0,
2019-02-22,8.236,8.749,8.189,8.741,4056600.0,
2019-02-25,8.838,9.549,8.838,9.519,6077100.0,
2019-02-26,9.555,9.807,9.159,9.472,4969300.0,
2019-02-27,9.336,9.489,9.198,9.289,2799700.0,
2019-02-28,9.322,9.389,8.890,9.045,3636700.0,
2019-03-01,9.225,9.248,8.516,8.810,4476000.0,
2019-03-04,9.148,9.447,8.813,8.948,7042300.0,
2019-03-05,8.760,9.901,8.754,9.901,8795400.0,
2019-03-06,10.067,10.117,9.469,9.752,8170700.0,
2019-03-07,9.641,10.043,9.475,9.851,5097600.0,
2019-03-08,9.588,10.896,9.422,10.236,7998600.0,
2019-03-11,10.505,10.932,9.948,10.538,6483700.0,
2019-03-12,10.580,11.267,10.411,11.054,5815600.0,
2019-03-13,11.018,11.729,10.447,10.777,5363700.0,
2019-03-14,10.610,10.929,10.004,10.283,4173000.0,
2019-03-15,10.259,10.566,10.128,10.356,3100800.0,
2019-03-18,10.353,10.392,9.862,10.256,3779500.0,
2019-03-19,10.167,10.760,10.134,10.361,2635500.0,
2019-03-20,10.264,10.466,9.890,10.023,2636500.0,
2019-03-21,9.946,10.295,9.904,10.070,2730300.0,
2019-03-22,10.181,10.610,10.109,10.236,3389900.0,
2019-03-25,9.973,10.455,9.918,10.209,2303600.0,
2019-03-26,10.250,10.356,9.400,9.538,3123700.0,
2019-03-27,9.716,9.926,9.242,9.394,3397100.0,
2019-03-28,9.392,9.760,9.350,9.419,3344700.0,
2019-03-29,9.530,9.851,9.433,9.760,3108200.0,
2019-04-01,9.857,10.275,9.774,10.275,4120900.0,
2019-04-02,10.455,10.973,10.347,10.973,5335400.0,
2019-04-04,11.054,11.295,10.134,10.411,6687200.0,
2019-04-08,10.314,10.414,9.580,9.724,4286200.0,
2019-04-09,9.724,10.544,9.641,10.544,4231300.0,
2019-04-10,10.375,10.375,9.937,10.106,3491900.0,
2019-04-11,10.164,10.211,9.599,9.713,2980700.0,
2019-04-12,9.652,9.718,9.317,9.472,2218000.0,
2019-04-15,9.790,9.807,9.286,9.297,2138700.0,
2019-04-16,9.278,9.602,8.727,9.552,4478600.0,
2019-04-17,9.433,9.716,9.117,9.630,4174100.0,
2019-04-18,9.489,9.727,9.461,9.530,3130900.0,
2019-04-19,9.530,9.621,9.394,9.530,1852200.0,
2019-04-22,9.527,9.807,9.433,9.585,2149000.0,
2019-04-23,9.483,9.779,9.447,9.707,2321500.0,
2019-04-24,9.682,10.223,9.619,10.195,3916100.0,
2019-04-25,9.984,10.414,9.782,9.946,3109600.0,
2019-04-26,9.968,9.968,9.059,9.101,3644400.0,
2019-04-29,9.090,9.092,8.134,8.134,2977300.0,
2019-04-30,8.104,8.389,8.090,8.176,1454100.0,
2019-05-06,7.923,7.946,7.300,7.494,2455300.0,
2019-05-07,7.594,7.771,7.425,7.555,1746200.0,
2019-05-08,7.586,8.206,7.245,7.760,2282100.0,
2019-05-09,7.799,8.275,7.799,7.896,2369500.0,
2019-05-10,8.018,8.624,7.766,8.569,3606700.0,
2019-05-13,8.422,8.586,8.076,8.101,2836300.0,
2019-05-14,7.951,8.311,7.912,7.993,1482000.0,
2019-05-15,8.076,8.223,8.032,8.137,1199100.0,
2019-05-16,8.137,8.164,7.813,7.904,1495300.0,
2019-05-17,8.007,8.242,7.904,7.923,2495000.0,
2019-05-20,8.145,8.466,8.020,8.115,2987000.0,
2019-05-21,8.062,8.206,7.824,8.126,2147500.0,
2019-05-22,8.126,8.419,8.043,8.367,2493200.0,
2019-05-23,8.441,8.441,7.979,8.131,2419000.0,
2019-05-24,7.951,8.056,7.392,7.436,3088500.0,
2019-05-27,7.536,8.070,7.370,7.987,3030900.0,
2019-05-28,8.140,8.392,8.009,8.220,3267400.0,
2019-05-29,8.450,8.530,8.126,8.303,2916600.0,
2019-05-30,8.256,8.264,7.777,8.029,2659400.0,
2019-05-31,8.117,8.284,7.893,8.084,2577400.0,
2019-06-03,8.062,8.242,7.777,7.829,1974200.0,
2019-06-04,7.743,7.951,7.552,7.755,1986000.0,
2019-06-05,7.840,7.871,7.613,7.622,1766500.0,
2019-06-06,7.563,7.674,7.342,7.389,1832200.0,
2019-06-10,7.502,7.605,7.392,7.530,1757600.0,
2019-06-11,7.472,8.342,7.472,8.342,4138600.0,
2019-06-12,8.284,9.081,8.173,8.976,5746300.0,
2019-06-13,8.799,8.948,8.477,8.555,4207700.0,
2019-06-14,8.605,8.616,8.042,8.179,5262200.0,
2019-06-17,8.605,8.911,8.237,8.411,7006200.0,
2019-06-18,7.937,8.763,7.921,8.363,6156300.0,
2019-06-19,8.921,9.253,8.721,9.253,5502400.0,
2019-06-20,10.211,10.232,8.963,9.226,22892500.0,
2019-06-21,8.858,9.653,8.858,9.605,17085700.0,
2019-06-24,9.447,9.863,9.295,9.426,9009200.0,
2019-06-25,9.368,9.795,9.342,9.732,10519300.0,
2019-06-26,9.668,9.968,9.447,9.574,8550100.0,
2019-06-27,9.542,10.584,9.500,9.921,22818000.0,
2019-06-28,9.790,9.790,8.979,9.368,14652900.0,
2019-07-01,9.495,10.363,9.442,10.363,13444000.0,
2019-07-02,10.500,11.290,10.105,10.116,26896900.0,
2019-07-03,9.447,9.790,9.316,9.384,13496800.0,
2019-07-04,9.547,9.547,9.026,9.100,7932200.0,
2019-07-05,9.142,9.379,9.084,9.290,6157600.0,
2019-07-08,9.290,10.132,9.237,9.463,11585700.0,
2019-07-09,9.390,10.447,9.363,10.121,17111400.0,
2019-07-10,9.874,10.084,9.711,9.863,12849600.0,
2019-07-11,9.895,9.932,9.437,9.511,8324300.0,
2019-07-12,9.547,9.579,9.142,9.190,7448100.0,
2019-07-15,8.658,8.663,8.216,8.537,13976800.0,
2019-07-16,8.458,8.847,8.458,8.668,6846200.0,
2019-07-17,8.700,9.005,8.537,8.716,7828400.0,
2019-07-18,8.753,9.079,8.658,8.963,9846000.0,
2019-07-19,8.974,9.647,8.837,9.632,13741900.0,
2019-07-22,9.416,9.416,8.616,8.616,13869700.0,
2019-07-23,8.511,8.790,8.490,8.632,6997600.0,
2019-07-24,8.632,8.958,8.463,8.805,8269900.0,
2019-07-25,8.895,9.016,8.684,8.753,6405300.0,
2019-07-26,8.858,9.063,8.684,8.716,5857800.0,
2019-07-29,8.711,8.784,8.384,8.784,8681600.0,
2019-07-30,8.695,8.921,8.668,8.737,6076300.0,
2019-07-31,8.690,8.790,8.411,8.432,5665600.0,
2019-08-01,8.405,8.626,8.390,8.516,4361400.0,
2019-08-02,8.253,8.384,8.126,8.268,5748700.0,
2019-08-05,8.190,8.384,7.990,8.074,3888200.0,
2019-08-06,7.868,8.158,7.600,8.105,6003800.0,
2019-08-07,8.142,8.221,7.926,7.947,3723000.0,
2019-08-08,7.963,8.695,7.963,8.584,9422100.0,
2019-08-09,8.805,9.237,8.753,8.832,13585500.0,
2019-08-12,9.032,9.653,8.874,9.563,14063700.0,
2019-08-13,9.395,10.026,9.395,9.605,14483000.0,
2019-08-14,9.926,10.147,9.737,9.895,11602500.0,
2019-08-15,9.647,10.211,9.647,10.058,9990000.0,
2019-08-16,10.058,11.121,9.974,11.121,21702400.0,
2019-08-19,11.190,11.632,10.605,11.395,23483500.0,
2019-08-20,11.184,11.368,10.858,11.053,13303500.0,
2019-08-21,10.963,11.463,10.947,11.016,11430300.0,
2019-08-22,11.153,11.526,11.016,11.468,11454300.0,
2019-08-23,11.500,11.500,10.974,11.032,8845300.0,
2019-08-26,10.842,12.190,10.842,12.190,23546000.0,
2019-08-27,11.658,12.211,11.611,11.816,16530900.0,
2019-08-28,11.816,11.816,11.021,11.026,13196600.0,
2019-08-29,11.000,11.279,10.884,10.947,9087900.0,
2019-08-30,10.979,11.363,10.547,10.963,11718800.0,
2019-09-02,10.879,11.426,10.579,11.290,11172700.0,
2019-09-03,11.474,12.474,11.474,12.474,14508800.0,
2019-09-04,13.090,13.379,12.226,12.805,21901600.0,
2019-09-05,12.805,13.953,12.605,13.226,18462400.0,
2019-09-06,13.200,13.947,12.858,13.100,13502500.0,
2019-09-09,13.468,13.716,13.147,13.568,10355300.0,
2019-09-10,13.568,13.579,12.542,13.068,12735900.0,
2019-09-11,13.495,13.753,12.437,12.563,16574200.0,
2019-09-12,12.816,12.895,12.263,12.353,9855000.0,
2019-09-16,12.468,12.695,11.947,12.453,11577700.0,
2019-09-17,12.447,12.632,11.916,11.974,9603100.0,
2019-09-18,12.026,12.090,11.626,11.868,7241500.0,
2019-09-19,11.853,12.490,11.711,12.263,11762100.0,
2019-09-20,12.226,12.800,12.137,12.390,12152800.0,
2019-09-23,12.395,12.684,11.868,12.642,12863800.0,
2019-09-24,12.805,13.495,12.447,13.121,19553600.0,
2019-09-25,13.026,13.384,12.300,12.300,11806900.0,
2019-09-26,12.147,12.395,11.016,11.016,14491000.0,
2019-09-27,11.005,11.237,10.732,10.905,8875300.0,
2019-09-30,10.847,10.947,10.432,10.490,8134000.0,
2019-10-08,10.668,10.821,10.295,10.542,6336200.0,
2019-10-09,10.421,10.711,10.237,10.684,5759500.0,
2019-10-10,10.711,10.895,10.579,10.816,5645400.0,
2019-10-11,10.921,10.942,10.411,10.642,6697400.0,
2019-10-14,10.863,11.237,10.737,11.237,8484700.0,
2019-10-15,10.658,10.658,10.058,10.058,11917900.0,
2019-10-16,9.942,10.221,9.911,9.968,7522500.0,
2019-10-17,10.074,10.079,9.842,9.968,3979200.0,
2019-10-18,9.905,10.042,9.558,9.911,6824800.0,
2019-10-21,9.911,9.953,9.442,9.616,7322900.0,
2019-10-22,9.716,10.121,9.663,9.968,6654700.0,
2019-10-23,10.005,10.111,9.790,9.811,4013200.0,
2019-10-24,9.853,9.895,9.621,9.700,3461900.0,
2019-10-25,9.690,10.095,9.542,9.990,5494800.0,
2019-10-28,10.111,10.842,10.111,10.611,9125300.0,
2019-10-29,10.642,10.842,10.395,10.432,7470200.0,
2019-10-30,10.484,10.995,10.326,10.768,9106000.0,
2019-10-31,10.605,10.968,10.558,10.637,6780000.0,
2019-11-01,10.500,10.905,10.500,10.774,5520600.0,
2019-11-04,10.774,11.095,10.658,10.995,6696500.0,
2019-11-05,10.937,11.332,10.842,11.226,8537000.0,
2019-11-06,11.232,11.316,10.763,11.042,7777000.0,
2019-11-07,10.921,11.053,10.805,10.911,3736600.0,
2019-11-08,10.921,11.026,10.611,10.611,5393400.0,
2019-11-11,10.495,10.726,10.447,10.495,4180100.0,
2019-11-12,10.526,10.542,10.121,10.442,6192000.0,
2019-11-13,10.500,10.747,10.379,10.632,7096900.0,
2019-11-14,10.500,10.916,10.258,10.768,8530300.0,
2019-11-15,10.716,11.105,10.611,10.653,8120700.0,
2019-11-18,10.426,10.579,10.163,10.537,7944500.0,
2019-11-19,10.379,10.979,10.263,10.863,8914400.0,
2019-11-20,10.811,11.011,10.684,10.974,11169300.0,
2019-11-21,10.837,10.942,10.495,10.500,7161400.0,
2019-11-22,10.553,10.742,10.147,10.200,6073300.0,
2019-11-25,10.132,10.195,9.400,9.553,6866300.0,
2019-11-26,9.526,9.711,9.400,9.563,4153700.0,
2019-11-27,9.516,9.905,9.479,9.721,4309100.0,
2019-11-28,9.632,9.900,9.579,9.684,3178700.0,
2019-11-29,9.658,9.868,9.647,9.758,2888500.0,
2019-12-02,9.768,10.195,9.726,10.058,5331900.0,
2019-12-03,10.026,10.368,9.879,10.358,6385500.0,
2019-12-04,10.247,10.911,10.247,10.647,9062000.0,
2019-12-05,10.526,10.963,10.526,10.763,8850500.0,
2019-12-06,10.684,11.432,10.684,11.226,12576300.0,
2019-12-09,11.368,11.790,11.037,11.063,12947000.0,
2019-12-10,11.174,11.463,10.984,11.405,10421100.0,
2019-12-11,11.400,11.532,11.158,11.295,8975900.0,
2019-12-12,11.326,11.942,11.268,11.584,14057300.0,
2019-12-13,11.616,11.805,11.058,11.426,9589500.0,
2019-12-16,11.553,11.816,11.447,11.816,9994600.0,
2019-12-17,11.684,11.900,11.511,11.558,9533800.0,
2019-12-18,11.621,11.774,11.447,11.611,7976600.0,
2019-12-19,11.742,12.211,11.626,11.763,11176000.0,
2019-12-20,11.611,11.779,11.190,11.195,9693400.0,
2019-12-23,11.026,11.521,10.763,11.284,10145700.0,
2019-12-24,11.432,11.921,11.153,11.837,11556200.0,
2019-12-25,11.842,12.816,11.668,12.458,21028300.0,
2019-12-26,12.553,12.853,12.395,12.732,15763600.0,
2019-12-27,12.611,12.653,12.032,12.084,14651100.0,
2019-12-30,11.874,12.158,11.458,12.137,8944400.0,
2019-12-31,12.132,12.237,11.732,11.984,6396000.0,
2020-01-02,12.079,12.547,11.942,12.358,8053800.0,
2020-01-03,12.326,12.700,12.205,12.321,8230600.0,
2020-01-06,11.995,12.658,11.868,12.463,7393400.0,
2020-01-07,12.553,12.553,12.079,12.247,8260900.0,
2020-01-08,12.263,12.263,11.858,11.858,6274200.0,
2020-01-09,11.974,12.126,11.895,12.068,5419000.0,
2020-01-10,12.153,12.437,12.016,12.232,8313500.0,
2020-01-13,12.126,13.053,12.079,13.042,14770100.0,
2020-01-14,12.974,13.116,12.595,12.647,11718500.0,
2020-01-15,12.595,12.963,12.500,12.837,9764000.0,
2020-01-16,12.832,13.790,12.737,13.405,14826700.0,
2020-01-17,13.332,13.763,13.184,13.726,11522300.0,
2020-01-20,13.595,15.153,13.547,14.800,22408700.0,
2020-01-21,14.568,15.579,14.447,14.968,16146500.0,
2020-01-22,14.605,16.521,14.447,16.284,16952700.0,
2020-01-23,15.747,16.190,14.605,15.121,15831000.0,
2020-02-03,13.553,13.800,13.553,13.553,12959000.0,
2020-02-04,13.979,14.658,13.979,14.553,11697800.0,
2020-02-05,14.453,15.400,14.290,15.095,11750200.0,
2020-02-06,14.816,15.647,14.716,15.411,10769300.0,
2020-02-07,15.237,15.758,15.079,15.584,11660500.0,
2020-02-10,15.342,15.732,14.900,15.179,9415800.0,
2020-02-11,15.184,15.390,14.811,14.826,8318700.0,
2020-02-12,14.868,15.290,14.658,15.184,10378000.0,
2020-02-13,15.090,16.632,15.026,15.711,14802800.0,
2020-02-14,15.763,16.816,15.663,16.190,14058900.0,
2020-02-17,16.447,16.695,16.084,16.542,10959800.0,
2020-02-18,16.816,17.595,16.595,17.263,12223100.0,
2020-02-19,16.821,18.390,16.821,17.642,13580600.0,
2020-02-20,17.390,17.853,16.716,17.463,11059500.0,
2020-02-21,17.211,17.805,17.211,17.637,10232800.0,
2020-02-24,17.400,18.711,17.347,18.458,12161500.0,
2020-02-25,17.658,18.868,17.084,18.658,13546700.0,
2020-02-26,18.274,18.605,16.737,16.737,13180900.0,
2020-02-27,16.763,16.942,15.053,15.495,11989100.0,
2020-02-28,14.584,14.816,13.890,13.890,11406700.0,
2020-03-02,14.311,14.642,13.890,14.326,9456500.0,
2020-03-03,14.637,15.047,14.384,14.600,8102200.0,
2020-03-04,14.284,14.526,13.632,14.295,7574600.0,
2020-03-05,14.568,14.679,13.921,14.190,6283600.0,
2020-03-06,13.953,14.368,13.942,14.105,4341000.0,
2020-03-09,13.695,13.953,12.974,13.026,6718400.0,
2020-03-10,13.026,13.711,12.916,13.690,7227800.0,
2020-03-11,13.726,14.021,13.184,13.258,5413900.0,
2020-03-12,13.037,13.426,12.926,13.037,3870600.0,
2020-03-13,12.390,14.121,12.374,13.763,10527800.0,
2020-03-16,14.184,14.611,13.879,14.011,12480100.0,
2020-03-17,14.311,14.790,13.490,14.790,12560800.0,
2020-03-18,15.079,15.432,14.490,14.595,13269600.0,
2020-03-19,14.653,15.442,14.416,15.426,10809300.0,
2020-03-20,15.316,15.658,14.879,15.032,8925100.0,
2020-03-23,14.290,14.663,13.474,13.474,7496600.0,
2020-03-24,13.768,13.784,12.111,12.795,8518800.0,
2020-03-25,13.111,13.279,12.816,12.974,4762000.0,
2020-03-26,13.105,13.205,12.553,12.626,4547600.0,
2020-03-27,12.900,13.026,12.184,12.232,4642200.0,
2020-03-30,11.874,11.968,11.132,11.405,6248100.0,
2020-03-31,11.611,11.868,11.347,11.384,3893100.0,
2020-04-01,11.342,11.790,11.195,11.479,3903900.0,
2020-04-02,11.111,12.000,11.084,12.000,6943000.0,
2020-04-03,11.953,12.053,11.395,11.563,5316000.0,
2020-04-07,11.847,11.995,11.758,11.826,5060200.0,
2020-04-08,11.790,12.132,11.642,11.990,5621200.0,
2020-04-09,12.026,12.163,11.816,11.884,4127700.0,
2020-04-10,11.958,12.011,11.379,11.432,4564700.0,
2020-04-13,11.237,11.490,11.158,11.274,2748100.0,
2020-04-14,11.353,11.600,11.353,11.584,3103200.0,
2020-04-15,11.600,11.958,11.474,11.653,4939200.0,
2020-04-16,11.505,11.900,11.326,11.779,4152800.0,
2020-04-17,11.911,12.432,11.911,12.037,8015400.0,
2020-04-20,12.142,12.368,12.047,12.247,4171300.0,
2020-04-21,12.079,12.084,11.763,11.963,4728000.0,
2020-04-22,11.842,12.479,11.774,12.384,6252700.0,
2020-04-23,12.379,12.590,12.058,12.063,3819600.0,
2020-04-24,12.042,12.226,11.500,11.584,4116200.0,
2020-04-27,11.711,11.763,11.342,11.395,2866200.0,
2020-04-28,11.316,12.200,11.090,11.947,6985200.0,
2020-04-29,11.795,13.200,11.795,12.705,12972600.0,
2020-04-30,12.895,13.421,12.658,13.363,12083400.0,
2020-05-06,13.132,13.974,13.084,13.800,10367300.0,
2020-05-07,13.679,13.953,13.300,13.374,7739300.0,
2020-05-08,13.447,13.763,13.284,13.400,6924500.0,
2020-05-11,13.500,13.826,13.363,13.590,7281200.0,
2020-05-12,13.421,14.237,13.421,14.121,9883600.0,
2020-05-13,14.211,14.805,13.979,14.232,10841000.0,
2020-05-14,14.011,14.626,14.011,14.542,9774800.0,
2020-05-15,14.695,14.974,14.358,14.474,10337300.0,
2020-05-18,14.868,15.279,14.495,14.663,13433100.0,
2020-05-19,14.921,15.263,14.505,15.232,12048200.0,
2020-05-20,14.853,15.084,14.121,14.326,12658500.0,
2020-05-21,14.421,14.421,13.505,13.532,8822000.0,
2020-05-22,13.426,13.568,12.858,13.011,8239000.0,
2020-05-25,13.042,13.268,12.711,13.011,5857800.0,
2020-05-26,13.053,13.905,13.011,13.905,9128700.0,
2020-05-27,13.826,14.163,13.674,13.942,7915300.0,
2020-05-28,13.863,13.942,13.263,13.832,6644500.0,
2020-05-29,13.711,14.316,13.690,13.947,6282100.0,
2020-06-01,14.053,14.942,13.974,14.658,7836900.0,
2020-06-02,14.868,15.137,14.453,15.005,8818500.0,
2020-06-03,15.011,15.642,14.816,15.132,10080300.0,
2020-06-04,15.016,15.653,14.868,15.221,7221000.0,
2020-06-05,15.237,15.632,14.974,15.500,9134600.0,
2020-06-08,15.658,15.732,14.895,15.084,7881700.0,
2020-06-09,14.979,15.837,14.816,15.490,9700100.0,
2020-06-10,15.358,15.474,15.026,15.100,4371400.0,
2020-06-11,15.132,15.395,14.726,14.847,5514300.0,
2020-06-12,14.437,14.974,14.395,14.611,5654100.0,
2020-06-15,14.416,14.595,13.921,13.921,7544900.0,
2020-06-16,14.121,14.326,14.026,14.195,4852400.0,
2020-06-17,14.195,14.226,13.800,14.005,4006300.0,
2020-06-18,13.958,14.311,13.953,14.200,4457000.0,
2020-06-19,14.184,14.574,14.005,14.484,6955600.0,
2020-06-22,14.553,15.274,14.553,15.232,9328700.0,
2020-06-23,15.132,15.368,14.974,15.174,5863300.0,
2020-06-24,15.200,15.553,15.037,15.395,7301300.0,
2020-06-29,15.237,15.726,15.095,15.505,7800200.0,
2020-06-30,15.584,15.726,15.363,15.653,6783100.0,
2020-07-01,15.747,16.021,14.974,15.474,9069200.0,
2020-07-02,15.342,15.868,15.242,15.632,8519500.0,
2020-07-03,15.605,15.953,15.211,15.795,8699100.0,
2020-07-06,16.053,17.105,15.868,16.963,12652400.0,
2020-07-07,17.147,18.111,16.974,17.005,12043700.0,
2020-07-08,17.305,17.811,16.721,17.553,9924200.0,
2020-07-09,17.342,17.853,17.211,17.474,11759300.0,
2020-07-10,17.342,17.911,16.858,17.779,12187800.0,
2020-07-13,17.684,19.026,17.684,18.884,14113600.0,
2020-07-14,18.700,18.700,17.179,17.653,12394100.0,
2020-07-15,17.868,17.968,16.132,16.190,11243000.0,
2020-07-16,16.326,16.516,15.295,15.490,8102400.0,
2020-07-17,15.484,15.763,15.016,15.168,6989400.0,
2020-07-20,15.358,15.884,14.884,15.879,5873900.0,
2020-07-21,15.868,16.174,15.658,16.074,5463800.0,
2020-07-22,16.158,16.537,16.016,16.126,5552700.0,
2020-07-23,15.911,16.184,15.174,15.737,6939500.0,
2020-07-24,15.721,15.853,14.505,14.674,6486000.0,
2020-07-27,14.553,14.790,14.126,14.405,4413100.0,
2020-07-28,14.490,14.705,14.205,14.521,3792300.0,
2020-07-29,14.447,15.016,14.363,14.916,5421300.0,
2020-07-30,15.011,15.174,14.595,14.716,4775800.0,
2020-07-31,14.842,15.490,14.674,15.347,6242500.0,
2020-08-03,15.695,16.342,15.432,16.195,8221300.0,
2020-08-04,16.290,16.321,15.500,15.695,5442300.0,
2020-08-05,16.653,16.747,15.805,16.026,6707600.0,
2020-08-06,15.774,15.921,15.437,15.805,5770600.0,
2020-08-07,15.658,15.842,14.895,15.300,4829900.0,
2020-08-10,15.132,15.584,14.790,15.142,5111700.0,
2020-08-11,15.237,15.263,14.558,14.595,3926600.0,
2020-08-12,14.632,14.779,14.021,14.458,3593300.0,
2020-08-13,14.616,14.616,14.379,14.468,2189900.0,
2020-08-14,14.495,14.684,14.374,14.684,2440900.0,
2020-08-17,14.711,15.053,14.553,14.990,3496300.0,
2020-08-18,14.974,14.990,14.621,14.726,3353600.0,
2020-08-19,14.658,14.668,14.084,14.147,3569100.0,
2020-08-20,13.979,14.268,13.742,13.847,2483400.0,
2020-08-21,13.921,14.132,13.668,13.974,2215200.0,
2020-08-24,14.068,14.590,13.763,14.463,3635600.0,
2020-08-25,14.442,14.816,14.290,14.742,3909300.0,
2020-08-26,14.700,14.816,13.774,14.079,3819100.0,
2020-08-27,13.647,14.532,13.490,14.405,3787700.0,
2020-08-28,14.684,14.753,14.400,14.553,4329900.0,
2020-08-31,14.900,15.742,14.847,15.058,7564100.0,
2020-09-01,14.784,15.437,14.784,15.253,4808400.0,
2020-09-02,15.053,15.637,14.974,15.521,5687400.0,
2020-09-03,15.500,15.711,15.174,15.353,5476600.0,
2020-09-04,15.016,15.958,15.016,15.842,7355800.0,
2020-09-07,16.137,16.290,15.063,15.132,7742400.0,
2020-09-08,15.116,15.205,14.211,14.605,5990400.0,
2020-09-09,14.437,14.458,13.611,13.747,5857200.0,
2020-09-10,13.974,14.158,13.695,13.853,4238300.0,
2020-09-11,13.805,14.205,13.521,14.147,3067400.0,
2020-09-14,14.263,14.700,14.184,14.663,4427500.0,
2020-09-15,14.079,14.690,13.668,14.395,6522100.0,
2020-09-16,14.205,14.500,13.890,13.963,3041500.0,
2020-09-17,13.932,14.579,13.921,14.490,4202300.0,
2020-09-18,14.395,14.600,14.305,14.500,3282700.0,
2020-09-21,14.532,14.632,14.216,14.300,3042700.0,
2020-09-22,14.190,14.295,13.842,13.874,2866600.0,
2020-09-23,13.947,14.053,13.711,13.911,2763600.0,
2020-09-24,13.763,13.921,13.484,13.600,2213900.0,
2020-09-25,13.600,13.853,12.805,12.921,5896700.0,
2020-09-28,12.990,13.384,12.684,12.811,4484500.0,
2020-09-29,12.858,13.211,12.621,13.053,3364600.0,
2020-09-30,12.974,13.237,12.974,13.132,2387400.0,
2020-10-09,13.405,13.705,13.353,13.621,3430600.0,
2020-10-12,13.621,14.211,13.584,14.179,4227600.0,
2020-10-13,14.179,14.300,14.037,14.211,2660700.0,
2020-10-14,14.226,14.279,14.026,14.095,2311200.0,
2020-10-15,14.268,14.821,14.105,14.147,4877400.0,
2020-10-16,14.090,14.337,13.974,14.237,2783100.0,
2020-10-19,14.221,14.295,13.700,13.816,3274900.0,
2020-10-20,13.837,14.184,13.542,14.163,3258000.0,
2020-10-21,14.184,14.184,13.379,13.474,4397700.0,
2020-10-22,13.474,13.500,13.284,13.316,2608700.0,
2020-10-23,13.395,13.405,12.853,12.916,2527200.0,
2020-10-26,12.811,12.932,12.642,12.842,2062400.0,
2020-10-27,12.842,12.916,12.505,12.553,3493000.0,
2020-10-28,12.542,12.758,12.111,12.284,3540700.0,
2020-10-29,12.079,12.442,11.974,12.411,2512500.0,
2020-10-30,12.647,12.832,12.132,12.342,5821300.0,
2020-11-02,12.268,12.416,11.695,11.895,6554200.0,
2020-11-03,11.932,12.584,11.895,12.284,5863300.0,
2020-11-04,12.342,12.526,12.205,12.268,3384800.0,
2020-11-05,12.437,12.590,12.137,12.416,5192700.0,
2020-11-06,12.447,12.774,12.300,12.600,6739000.0,
2020-11-09,12.790,13.800,12.790,13.395,13419300.0,
2020-11-10,13.263,13.368,12.895,12.974,7597600.0,
2020-11-11,12.905,12.958,12.300,12.311,5669600.0,
2020-11-12,12.442,12.574,12.300,12.405,2901800.0,
2020-11-13,12.332,12.590,12.179,12.542,2811400.0,
2020-11-16,12.547,12.653,12.184,12.279,3299500.0,
2020-11-17,12.211,12.268,11.753,12.153,4352300.0,
2020-11-18,12.079,12.374,12.058,12.137,2633300.0,
2020-11-19,12.058,12.384,11.926,12.226,2830400.0,
2020-11-20,12.232,12.311,12.016,12.016,3165900.0,
2020-11-23,12.011,12.016,11.768,11.900,3221500.0,
2020-11-24,11.947,12.132,11.868,11.937,3775300.0,
2020-11-25,11.921,12.053,11.758,11.811,2968500.0,
2020-11-26,11.784,11.868,11.490,11.537,3514800.0,
2020-11-27,11.547,11.700,11.500,11.663,2426800.0,
2020-11-30,11.684,11.837,11.374,11.716,3702800.0,
2020-12-01,11.737,11.826,11.611,11.763,2923200.0,
2020-12-02,11.832,12.168,11.737,12.053,5123500.0,
2020-12-03,12.053,12.221,11.821,11.863,4464800.0,
2020-12-04,11.816,13.074,11.721,12.605,11028700.0,
2020-12-07,13.084,15.184,12.911,13.921,27258500.0,
2020-12-08,13.921,14.974,13.674,14.505,20387100.0,
2020-12-09,14.290,14.779,14.005,14.116,14022500.0,
2020-12-10,14.247,14.537,13.884,14.184,8419200.0,
2020-12-11,14.184,14.421,13.868,13.995,7419100.0,
2020-12-14,14.447,14.684,14.142,14.605,10198900.0,
2020-12-15,14.500,15.158,14.500,14.837,9672200.0,
2020-12-16,14.721,14.974,13.979,14.563,7560700.0,
2020-12-17,14.237,14.653,14.168,14.274,4580000.0,
2020-12-18,14.468,15.147,14.358,14.563,8157600.0,
2020-12-21,15.168,15.842,15.037,15.237,14422300.0,
2020-12-22,15.037,15.737,15.037,15.068,11209000.0,
2020-12-23,15.053,15.968,14.732,15.895,14072600.0,
2020-12-24,15.690,15.953,15.421,15.790,9017200.0,
2020-12-25,15.395,15.516,14.842,15.163,9301600.0,
2020-12-28,15.079,15.142,14.226,14.463,10124600.0,
2020-12-29,14.463,14.916,13.974,14.363,8931500.0,
2020-12-30,14.184,14.905,14.079,14.721,7132500.0,
2020-12-31,14.737,15.700,14.711,15.305,10023800.0,
2021-01-04,15.311,16.195,15.232,16.111,11057600.0,
2021-01-05,16.026,17.726,15.768,17.321,14321000.0,
2021-01-06,17.137,17.558,16.821,17.316,9766300.0,
2021-01-07,17.237,17.637,16.911,17.153,8309600.0,
2021-01-08,17.032,17.153,16.453,16.500,7545200.0,
2021-01-11,16.811,17.574,16.500,17.258,10415500.0,
2021-01-12,17.132,18.532,17.132,18.511,9510000.0,
2021-01-13,18.342,19.795,18.158,19.179,11387200.0,
2021-01-14,19.179,19.816,18.095,18.226,11998500.0,
2021-01-15,18.384,18.963,17.874,18.816,9573200.0,
2021-01-18,19.053,19.747,17.342,18.884,10372200.0,
2021-01-19,18.974,19.337,18.242,18.374,7460500.0,
2021-01-20,18.195,18.663,18.190,18.484,4638400.0,
2021-01-21,18.374,18.653,17.768,17.874,6597300.0,
2021-01-22,17.863,18.274,17.400,18.221,6304900.0,
2021-01-25,18.132,20.184,18.053,19.990,11439900.0,
2021-01-26,20.368,22.374,20.100,21.358,16893100.0,
2021-01-27,21.411,22.342,21.342,21.395,13447200.0,
2021-01-28,21.537,21.553,19.453,19.500,12509500.0,
2021-01-29,20.147,20.205,18.168,18.358,9506500.0,
2021-02-01,18.279,18.747,17.958,18.358,7653500.0,
2021-02-02,18.358,18.700,17.868,18.447,5965100.0,
2021-02-03,18.100,18.790,17.868,17.879,7194300.0,
2021-02-04,17.974,19.211,17.279,18.758,8841700.0,
2021-02-05,18.584,19.026,17.747,17.747,8327200.0,
2021-02-08,17.805,18.674,17.632,18.132,4886600.0,
2021-02-09,18.268,20.821,18.268,20.805,9462200.0,
2021-02-10,20.500,21.005,20.111,20.847,5515700.0,
2021-02-18,21.026,21.490,20.247,20.895,6448800.0,
2021-02-19,21.290,21.290,19.447,19.995,6776200.0,
2021-02-22,19.847,20.437,18.658,19.016,7841100.0,
2021-02-23,18.663,19.321,18.332,18.953,4617000.0,
2021-02-24,19.000,20.142,19.000,19.732,6410500.0,
2021-02-25,19.668,19.937,18.437,19.011,4076900.0,
2021-02-26,18.405,18.884,18.337,18.626,3018500.0,
2021-03-01,18.905,19.011,18.158,18.663,5056200.0,
2021-03-02,18.826,20.079,18.826,19.500,7339500.0,
2021-03-03,19.442,19.595,18.611,18.768,5362600.0,
2021-03-04,18.532,19.016,17.768,17.795,4981300.0,
2021-03-05,17.437,18.574,17.437,18.363,5716100.0,
2021-03-08,18.658,18.700,17.400,17.584,4247000.0,
2021-03-09,17.479,17.858,16.153,16.158,4857600.0,
2021-03-10,16.579,16.753,15.453,15.605,5628000.0,
2021-03-11,15.700,16.553,15.390,16.384,4368600.0,
2021-03-12,16.268,16.542,15.763,16.116,2482300.0,
2021-03-15,15.874,16.137,15.611,15.753,2592000.0,
2021-03-16,15.921,16.074,15.132,15.858,3014200.0,
2021-03-17,15.879,16.290,15.658,15.942,3078100.0,
2021-03-18,16.079,16.079,15.637,15.753,2780600.0,
2021-03-19,15.532,15.947,15.263,15.516,2528400.0,
2021-03-22,15.521,15.868,15.447,15.842,2558800.0,
2021-03-23,15.921,16.279,15.500,15.574,3318300.0,
2021-03-24,15.647,15.690,15.079,15.195,2556500.0,
2021-03-25,15.195,15.463,15.111,15.226,1613900.0,
2021-03-26,15.237,15.463,15.137,15.421,2237300.0,
2021-03-29,15.400,15.647,15.274,15.437,2279700.0,
2021-03-30,15.437,15.621,15.190,15.511,2448600.0,
2021-03-31,15.526,15.526,15.037,15.290,2110200.0,
2021-04-01,15.337,16.126,15.168,15.979,4422700.0,
2021-04-02,15.953,17.337,15.953,17.053,6019000.0,
2021-04-06,16.832,17.337,16.721,17.026,3577200.0,
2021-04-07,16.868,17.053,16.290,16.847,3482500.0,
2021-04-08,16.721,18.132,16.637,17.805,6187700.0,
2021-04-09,17.868,18.100,17.605,17.911,2506300.0,
2021-04-12,17.874,18.295,17.226,17.342,3387700.0,
2021-04-13,17.605,18.047,17.021,17.911,3732600.0,
2021-04-14,16.747,17.511,16.068,17.316,7460200.0,
2021-04-15,17.147,17.521,16.805,17.447,3432400.0,
2021-04-16,17.232,18.700,17.232,18.495,5295600.0,
2021-04-19,18.500,18.863,18.253,18.674,3658300.0,
2021-04-20,18.647,19.342,18.395,19.079,4119200.0,
2021-04-21,19.058,19.600,18.874,19.342,3620100.0,
2021-04-22,19.290,19.658,19.132,19.237,3161200.0,
2021-04-23,19.526,20.268,19.374,20.179,4450500.0,
2021-04-26,20.363,20.384,19.574,20.011,4938000.0,
2021-04-27,20.447,20.447,19.816,20.179,3433100.0,
2021-04-28,20.184,20.763,19.979,20.474,3652300.0,
2021-04-29,20.395,20.816,18.926,19.053,6865800.0,
2021-04-30,19.353,19.847,19.090,19.363,4343100.0,
2021-05-06,19.284,19.516,18.711,18.963,3187700.0,
2021-05-07,19.168,19.500,17.895,18.068,3326100.0,
2021-05-10,18.163,18.258,17.263,17.395,3670400.0,
2021-05-11,17.358,17.605,16.842,17.237,3019000.0,
2021-05-12,17.095,17.268,16.516,17.216,3966900.0,
2021-05-13,17.026,17.137,16.553,16.832,3108100.0,
2021-05-14,16.853,17.358,16.647,17.174,3492300.0,
2021-05-17,17.311,18.921,17.237,17.974,6761000.0,
2021-05-18,18.016,18.226,17.342,18.226,4882100.0,
2021-05-19,18.226,18.226,17.821,17.868,3209400.0,
2021-05-20,17.779,18.063,17.500,17.795,2623200.0,
2021-05-21,17.921,18.053,17.311,17.426,2777800.0,
2021-05-24,17.621,17.637,17.021,17.511,2485000.0,
2021-05-25,17.384,18.290,17.358,18.168,3927000.0,
2021-05-26,18.168,18.337,17.821,17.911,2879500.0,
2021-05-27,17.963,21.605,17.868,21.605,11807500.0,
2021-05-28,22.079,22.079,20.305,21.763,14932200.0,
2021-05-31,21.990,22.732,21.395,22.442,12152200.0,
2021-06-01,22.484,23.658,22.200,23.095,9124700.0,
2021-06-02,22.721,24.395,22.721,23.553,9176400.0,
2021-06-03,23.253,23.600,22.474,23.032,6579700.0,
2021-06-04,23.079,26.695,23.042,25.711,12665600.0,
2021-06-07,26.353,28.553,26.353,26.758,12549600.0,
2021-06-08,27.337,27.647,25.868,27.095,7623200.0,
2021-06-09,27.053,28.395,26.895,28.126,8856500.0,
2021-06-10,28.079,28.611,27.526,27.974,6654200.0,
2021-06-11,27.879,28.205,26.026,26.274,10312500.0,
2021-06-15,26.553,29.216,26.295,28.726,12509000.0,
2021-06-16,28.984,30.100,27.532,28.142,8407300.0,
2021-06-17,28.432,30.500,28.000,29.974,11287000.0,
2021-06-18,29.926,30.784,29.290,29.984,9333600.0,
2021-06-21,30.074,30.547,29.616,30.105,7053300.0,
2021-06-22,30.168,30.279,28.653,29.753,5835400.0,
2021-06-23,30.058,33.568,29.658,32.790,9910800.0,
2021-06-24,32.137,32.711,30.690,30.858,9542900.0,
2021-06-25,30.868,31.758,30.237,31.295,5296200.0,
2021-06-28,31.400,32.747,31.400,32.347,7876100.0,
2021-06-29,32.290,32.795,30.974,32.405,5924000.0,
2021-06-30,33.090,37.568,32.447,35.347,13207500.0,
2021-07-01,35.774,36.558,35.032,35.695,9564900.0,
2021-07-02,35.132,35.958,34.184,35.247,8268300.0,
2021-07-05,35.679,36.747,34.237,36.632,8627100.0,
2021-07-06,36.695,37.816,35.237,37.605,7370100.0,
2021-07-07,36.553,39.547,35.505,39.547,7844400.0,
2021-07-08,39.184,43.921,39.026,43.605,8231800.0,
2021-07-09,43.632,46.226,42.126,45.284,8531200.0,
2021-07-12,44.447,46.005,43.132,44.674,7132900.0,
2021-07-13,43.737,44.079,40.253,41.142,11228300.0,
2021-07-14,40.758,42.079,40.574,40.779,6232000.0,
2021-07-15,39.460,44.480,39.000,43.600,18334200.0,
2021-07-16,42.500,44.730,41.840,42.890,13209500.0,
2021-07-19,42.210,44.860,41.510,42.590,11544700.0,
2021-07-20,42.020,43.880,41.000,43.630,11449700.0,
2021-07-21,44.510,48.980,43.740,47.250,19437100.0,
2021-07-22,47.530,49.500,46.500,48.870,20974100.0,
2021-07-23,48.300,49.120,46.870,47.460,12867700.0,
2021-07-26,47.650,53.890,47.630,53.300,21025500.0,
2021-07-27,53.560,61.350,52.300,53.600,30492100.0,
2021-07-28,53.870,57.160,44.510,56.620,29688600.0,
2021-07-29,57.710,60.840,55.300,59.100,27738700.0,
2021-07-30,59.150,59.500,55.990,57.200,22289500.0,
2021-08-02,56.500,57.190,52.720,53.700,22948900.0,
2021-08-03,52.510,53.550,46.310,46.370,32636400.0,
2021-08-04,46.130,52.300,46.120,51.480,27389400.0,
2021-08-05,50.490,52.020,49.390,51.710,15878700.0,
2021-08-06,53.000,53.000,49.000,50.100,13786700.0,
2021-08-09,49.450,49.890,45.700,48.210,18024900.0,
2021-08-10,48.110,49.060,45.000,46.560,17142000.0,
2021-08-11,46.300,48.080,45.560,47.460,15149800.0,
2021-08-12,47.450,51.720,46.910,50.580,21117700.0,
2021-08-13,51.730,53.750,47.820,48.640,17157500.0,
2021-08-16,47.610,52.790,47.070,50.670,16830200.0,
2021-08-17,50.060,50.640,46.980,47.510,13879400.0,
2021-08-18,47.360,48.890,46.320,47.250,10759400.0,
2021-08-19,47.450,49.500,46.310,47.770,15209500.0,
2021-08-20,47.390,48.990,46.130,46.770,12799900.0,
2021-08-23,46.300,49.620,44.380,49.280,22373400.0,
2021-08-24,49.000,54.800,48.010,52.900,25331100.0,
2021-08-25,53.750,54.450,49.070,49.970,23377900.0,
2021-08-26,50.300,50.340,46.560,46.740,19137200.0,
2021-08-27,46.880,47.750,45.780,47.650,12257400.0,
2021-08-30,47.660,48.300,44.660,46.170,16859900.0,
2021-08-31,45.500,45.700,42.300,42.680,17812600.0,
2021-09-01,42.710,43.050,39.890,40.860,16477400.0,
2021-09-02,40.860,41.100,37.850,38.540,19759000.0,
2021-09-03,38.500,39.550,37.510,39.100,16403300.0,
2021-09-06,39.000,41.500,38.180,40.960,16714800.0,
2021-09-07,40.510,41.800,40.090,40.970,10864600.0,
2021-09-08,41.400,42.170,40.660,41.840,11160100.0,
2021-09-09,42.100,42.660,41.300,42.180,9964700.0,
2021-09-10,42.430,46.400,41.820,45.050,18432100.0,
2021-09-13,44.500,46.070,43.180,43.510,13616900.0,
2021-09-14,43.220,45.270,43.050,44.380,13384000.0,
2021-09-15,44.070,47.700,43.100,46.170,19719100.0,
2021-09-16,45.930,46.900,44.500,44.630,12653900.0,
2021-09-17,44.100,45.690,43.200,43.790,8850300.0,
2021-09-22,43.670,46.240,43.550,45.010,10603600.0,
2021-09-23,45.020,49.000,44.400,47.090,17892100.0,
2021-09-24,47.420,48.240,46.300,47.000,10315800.0,
2021-09-27,46.500,48.510,41.510,44.520,20217300.0,
2021-09-28,44.970,46.940,43.500,46.460,11219600.0,
2021-09-29,45.720,47.780,45.290,45.370,12113600.0,
2021-09-30,45.540,47.760,45.540,47.260,8441400.0,
2021-10-08,48.300,49.150,46.350,47.080,8138300.0,
2021-10-11,46.650,47.400,45.000,45.230,7528800.0,
2021-10-12,45.040,45.900,41.360,41.450,14584400.0,
2021-10-13,41.750,42.430,40.530,42.200,7674600.0,
2021-10-14,42.070,42.350,41.240,41.270,4790700.0,
2021-10-15,41.440,46.800,40.940,45.640,16740700.0,
2021-10-18,44.600,47.080,44.600,45.940,8436600.0,
2021-10-19,45.660,46.260,44.740,44.850,7314600.0,
2021-10-20,45.000,45.380,43.000,43.120,8835000.0,
2021-10-21,42.960,43.290,41.370,41.470,10107300.0,
2021-10-22,42.010,45.750,41.550,44.100,16441900.0,
2021-10-25,44.100,44.700,42.310,44.490,11245200.0,
2021-10-26,44.460,45.650,43.630,44.390,7979700.0,
2021-10-27,44.250,44.250,42.880,43.500,6220800.0,
2021-10-28,43.490,44.170,43.050,43.400,6608200.0,
2021-10-29,43.490,48.520,43.400,46.760,19466400.0,
2021-11-01,46.970,47.660,45.300,45.520,10372900.0,
2021-11-02,45.520,47.300,45.300,45.950,11224500.0,
2021-11-03,46.490,47.600,45.510,47.050,10492500.0,
2021-11-04,47.000,48.890,46.650,48.580,13467100.0,
2021-11-05,48.600,50.240,48.150,49.070,12053000.0,
2021-11-08,48.680,51.600,47.710,50.850,13257200.0,
2021-11-09,51.000,54.100,51.000,53.900,16770500.0,
2021-11-10,53.100,58.100,53.000,57.210,20033900.0,
2021-11-11,56.340,60.400,52.270,52.910,36281100.0,
2021-11-12,54.690,57.100,52.340,52.350,28204500.0,
2021-11-15,52.600,53.300,48.900,49.190,20403700.0,
2021-11-16,49.500,49.500,46.380,46.380,14573800.0,
2021-11-17,47.320,48.900,46.880,48.750,13749300.0,
2021-11-18,48.810,51.980,48.230,51.450,15355200.0,
2021-11-19,50.920,52.690,50.550,52.180,10122700.0,
2021-11-22,53.300,62.720,53.300,60.200,30833800.0,
2021-11-23,60.250,62.890,59.700,59.990,16279700.0,
2021-11-24,60.010,61.640,58.300,59.160,14850800.0,
2021-11-25,60.410,60.570,57.500,57.750,9638400.0,
2021-11-26,58.130,58.250,54.630,55.280,10988200.0,
2021-11-29,55.280,56.190,54.490,55.450,11482900.0,
2021-11-30,56.500,57.380,54.280,55.780,13350000.0,
2021-12-01,55.660,56.170,53.650,55.100,9566200.0,
2021-12-02,55.090,55.510,53.910,54.340,6158500.0,
2021-12-03,54.500,57.870,54.500,56.950,13303800.0,
2021-12-06,57.110,61.300,57.110,60.050,20610800.0,
2021-12-07,60.050,60.480,55.670,56.880,16999500.0,
2021-12-08,57.000,59.500,56.880,59.040,11828800.0,
2021-12-09,58.990,60.000,56.300,56.380,9381200.0,
2021-12-10,56.620,59.800,55.000,58.500,13657200.0,
2021-12-13,59.490,60.080,57.110,59.360,11513600.0,
2021-12-14,59.360,59.660,57.800,59.050,8231200.0,
2021-12-15,58.720,60.060,56.610,57.380,8993300.0,
2021-12-16,57.070,58.720,56.710,58.410,6824300.0,
2021-12-17,57.630,58.380,55.710,55.880,7804600.0,
2021-12-20,55.500,56.790,52.800,53.250,8256800.0,
2021-12-21,53.930,54.800,52.300,54.040,7876800.0,
2021-12-22,54.430,55.300,53.500,54.580,5890300.0,
2021-12-23,55.500,56.300,54.000,54.470,5953200.0,
2021-12-24,54.500,55.500,52.600,54.080,4444900.0,
2021-12-27,53.440,54.080,52.000,52.710,7024900.0,
2021-12-28,53.310,55.680,52.510,55.610,8555900.0,
2021-12-29,55.900,55.990,53.200,53.950,6343000.0,
2021-12-30,54.520,57.150,53.710,55.230,7636800.0,
2021-12-31,55.230,58.320,54.100,57.000,13268100.0,
2022-01-04,57.0,57.3,49.01,49.98,21036700.0,1089383936.0
2022-01-05,49.99,49.99,46.15,47.5,13509400.0,648427888.0
2022-01-06,47.3,48.8,46.06,48.1,8751600.0,418148624.0
2022-01-07,47.9,50.98,47.3,49.25,13865100.0,691092416.0
2022-01-24,47.28,47.28,39.53,44.5,17277900.0,767825008.0
2022-01-25,44.11,46.0,42.49,42.78,12485100.0,552049120.0
2022-01-26,42.7,45.17,42.1,44.25,8012000.0,357030944.0
2022-01-27,44.82,45.21,43.1,43.2,4438400.0,196748917.0
2022-01-28,43.5,44.4,42.16,42.6,4444200.0,193588319.0
2022-02-07,43.4,44.74,42.5,43.59,5661400.0,248498566.0
2022-02-08,42.91,43.59,40.39,41.1,10745600.0,451593056.0
2022-02-09,41.0,41.67,39.31,41.47,9455300.0,387034720.0
2022-02-10,41.3,42.46,40.8,41.29,5285900.0,222363142.0
2022-02-11,41.22,42.03,39.71,40.2,5124000.0,211165154.0
2022-02-14,39.5,39.93,37.78,38.24,10155600.0,398993888.0
2022-02-15,38.43,40.27,38.28,40.12,7782000.0,311266704.0
2022-02-16,40.38,40.92,38.56,38.7,7655800.0,304903712.0
2022-02-17,39.1,39.56,37.92,39.13,8314200.0,327609840.0
2022-02-18,38.67,39.06,38.0,38.77,5975600.0,232982403.0
2022-02-21,38.9,40.08,38.62,38.78,6085900.0,240686687.0
2022-02-22,38.67,38.74,36.8,38.5,8315500.0,318797056.0
2022-02-23,38.42,43.38,38.22,42.76,18393300.0,774891664.0
2022-02-24,42.08,42.55,40.55,41.89,13054100.0,549452400.0
2022-02-25,43.25,43.83,41.75,42.68,8665200.0,373404912.0
2022-02-28,42.39,43.53,41.98,43.16,7835900.0,339890400.0
2022-03-01,43.48,43.5,41.85,42.53,6088900.0,261860510.0
2022-03-02,42.49,42.64,41.5,42.17,4873000.0,206900307.0
2022-03-03,42.65,42.78,40.35,40.4,6075500.0,252520100.0
2022-03-04,40.28,42.16,40.03,40.42,6855600.0,285708752.0
2022-03-07,39.96,40.38,39.0,39.29,5769900.0,231070466.0
2022-03-08,39.21,41.58,38.5,40.47,9654000.0,393468336.0
2022-03-09,40.43,42.1,38.78,40.29,8406800.0,344732448.0
2022-03-10,42.03,42.25,40.0,40.37,8387900.0,346896912.0
2022-03-11,38.99,39.89,38.48,39.64,6262100.0,248605012.0
2022-03-14,39.16,40.63,39.15,39.2,5712500.0,229801395.0
2022-03-15,39.19,40.79,37.92,38.7,7585000.0,303168640.0
2022-03-16,39.5,40.0,33.82,37.6,25610500.0,938147136.0
2022-03-17,37.97,41.18,37.93,40.26,19728700.0,802526752.0
2022-03-18,40.04,41.0,39.13,41.0,11077600.0,452064896.0
2022-03-21,41.27,41.49,39.61,40.05,7764300.0,318042528.0
2022-03-22,39.7,39.95,38.61,38.94,4944000.0,196296307.0
2022-03-23,39.45,39.68,38.38,38.7,4684200.0,185302850.0
2022-03-24,38.5,38.7,37.82,38.2,4675800.0,181155695.0
2022-03-25,38.68,39.36,36.75,36.96,6071000.0,232122885.0
2022-03-28,36.21,36.89,35.5,35.83,5610800.0,204856284.0
2022-03-29,35.84,36.35,34.65,35.43,5329100.0,191094242.0
2022-03-30,35.92,37.78,34.95,37.2,7701900.0,287366800.0
2022-03-31,36.69,37.07,36.09,36.11,4795200.0,177564646.0
2022-04-01,34.5,36.8,34.09,35.75,7902800.0,284908336.0
2022-04-06,35.75,35.88,33.52,33.91,11563800.0,401165168.0
2022-04-07,34.1,34.97,33.35,33.54,5910700.0,203391843.0
2022-04-08,33.45,34.1,32.7,33.37,5592400.0,189093775.0
2022-04-11,32.86,33.35,31.3,31.47,5305800.0,171733495.0
2022-04-12,31.5,32.18,31.3,31.7,5516200.0,177564137.0
2022-04-13,31.64,31.64,30.4,30.58,4211800.0,131811984.0
2022-04-14,30.66,33.25,30.01,32.57,10138900.0,327657568.0
2022-04-15,32.01,32.38,31.1,31.36,6107100.0,196825251.0
2022-04-18,30.99,33.37,30.6,32.83,7009200.0,231873837.0
2022-04-19,32.79,32.91,32.01,32.46,5760900.0,189400344.0
2022-04-20,32.89,33.0,32.11,32.52,5370600.0,177539395.0
2022-04-21,32.38,33.73,31.28,31.56,6656300.0,219000561.0
2022-04-22,31.47,31.82,30.1,30.2,5300400.0,165515729.0
2022-04-25,29.5,30.1,27.6,27.8,6771000.0,198444394.0
2022-04-26,28.33,28.85,27.19,27.63,5677500.0,161697434.0
2022-04-27,27.48,29.79,26.51,29.42,8278100.0,238823672.0
2022-04-28,29.33,30.79,28.88,30.79,9462200.0,289106064.0
2022-04-29,32.38,32.38,29.5,31.3,10756600.0,339416736.0
2022-05-05,31.0,32.48,30.69,31.91,5692200.0,184422408.0
2022-05-06,31.16,32.18,30.71,31.32,5144200.0,163998787.0
2022-05-09,31.3,32.86,30.84,31.95,6142900.0,200749143.0
2022-05-10,31.59,33.85,31.38,33.18,11516100.0,389009520.0
2022-05-11,33.3,35.33,33.0,34.6,10275200.0,359373520.0
2022-05-12,34.26,35.25,33.9,34.55,6028600.0,210881899.0
2022-05-13,34.55,35.15,34.2,34.5,4791900.0,167800542.0
2022-05-16,34.55,35.4,34.5,35.2,4604200.0,163443683.0
2022-05-17,35.02,36.75,34.79,36.55,5445200.0,199968322.0
2022-05-18,37.0,38.33,36.41,37.59,7656200.0,291728160.0
2022-05-19,36.68,38.1,36.6,37.7,4135400.0,157768905.0
2022-05-20,37.6,39.82,37.5,39.1,6550100.0,257517813.0
2022-05-23,39.12,39.72,38.15,39.5,5909200.0,233344431.0
2022-05-24,39.48,39.9,38.16,38.17,5178200.0,204409541.0
2022-05-25,38.42,38.81,37.13,37.66,7710000.0,294176848.0
2022-05-26,38.42,39.0,37.29,38.49,4517100.0,175008875.0
2022-05-27,38.69,40.18,38.52,39.1,4731200.0,188317020.0
2022-05-30,39.39,39.75,38.26,39.12,4425400.0,174603784.0
2022-05-31,39.29,40.25,38.2,39.9,5830100.0,231937104.0
2022-06-01,39.73,40.85,39.26,40.4,5359700.0,217700515.0
2022-06-02,40.4,44.3,40.02,43.46,13304600.0,577539984.0
2022-06-06,43.4,45.46,43.17,45.12,8956600.0,401081456.0
2022-06-07,44.5,45.2,43.52,43.94,5209000.0,232304492.0
2022-06-08,43.94,44.44,42.91,43.43,6159900.0,270915808.0
2022-06-09,43.17,43.65,42.07,42.88,5018600.0,216722888.0
2022-06-10,42.97,44.14,42.2,44.0,6446700.0,283288608.0
2022-06-13,43.68,44.35,43.34,43.61,4208400.0,186251708.0
2022-06-14,43.5,43.61,40.9,41.65,10151600.0,428493456.0
2022-06-15,41.7,43.65,41.7,42.93,6463700.0,281066528.0
2022-06-16,43.05,45.06,42.99,43.43,6656800.0,295993856.0
2022-06-17,43.14,44.0,42.66,43.45,3846000.0,168493112.0
2022-06-20,43.64,44.71,43.43,44.25,4221300.0,189045506.0
2022-06-21,44.2,44.69,43.3,43.88,4789000.0,213303016.0
2022-06-22,44.09,44.53,42.5,42.97,6624700.0,291421728.0
2022-06-23,42.74,43.36,42.53,43.25,5703300.0,248211447.0
2022-06-24,42.89,43.77,42.18,42.46,7101300.0,307075600.0
2022-06-27,42.53,44.17,42.5,43.75,7618200.0,334367712.0
2022-06-28,43.55,45.86,43.1,45.47,10118500.0,457186928.0
2022-06-29,45.47,47.21,44.54,44.82,9127000.0,424044592.0
2022-06-30,44.48,45.7,43.77,44.65,4846400.0,219056933.0
2022-07-01,44.21,45.35,43.86,43.96,4089400.0,184001435.0
2022-07-04,43.93,44.36,42.4,42.98,8376900.0,365335408.0
2022-07-05,43.0,43.5,41.5,42.17,6114800.0,261926848.0
2022-07-06,42.16,45.85,41.91,43.77,10663300.0,479220848.0
2022-07-07,44.51,45.26,43.0,45.0,7500100.0,337298656.0
2022-07-08,44.96,45.5,44.21,44.79,5804600.0,263326105.0
2022-07-11,44.83,44.94,43.01,43.75,5154500.0,227817923.0
2022-07-12,44.82,44.99,41.5,41.62,7235800.0,313630212.0
2022-07-13,41.62,42.61,40.78,42.27,4878700.0,205849940.0
2022-07-14,41.92,44.0,41.74,43.74,7535100.0,328791703.0
2022-07-15,43.07,45.65,42.42,43.45,8387500.0,372171879.0
2022-07-18,43.7,44.0,41.55,42.86,6231800.0,268256370.0
2022-07-19,42.63,43.75,41.7,42.69,4965300.0,214483073.0
2022-07-20,42.89,45.2,42.81,44.86,11254400.0,504317031.0
2022-07-21,44.32,48.6,44.31,47.6,19386500.0,927550186.0
2022-07-22,46.62,49.55,46.6,48.3,13691200.0,663500856.0
2022-07-25,48.04,49.9,47.46,48.61,11179100.0,549183367.0
2022-07-26,48.52,49.64,47.63,49.51,8465400.0,418500894.0
2022-07-27,48.81,49.88,48.28,49.09,6502100.0,321801784.0
2022-07-28,49.0,51.67,48.42,51.0,16465800.0,835715545.0
2022-07-29,50.6,52.62,49.26,50.0,11094300.0,571031682.0
2022-08-01,49.61,54.08,48.48,53.55,16096600.0,842763748.0
2022-08-02,52.89,56.9,52.6,53.73,22344600.0,1230508339.0
2022-08-03,53.81,55.96,49.98,52.0,30598500.0,1604215787.0
2022-08-04,51.6,52.68,49.66,50.79,19254500.0,990856964.0
2022-08-05,50.78,55.78,50.56,55.28,25873200.0,1397875834.0
2022-08-08,58.8,59.6,56.04,58.3,28838000.0,1685808244.0
2022-08-09,57.75,58.3,55.65,57.49,15284000.0,876236817.0
2022-08-10,56.72,63.1,56.72,61.2,20044800.0,1239313274.0
2022-08-11,61.27,63.18,59.9,62.07,13009700.0,811612085.0
2022-08-12,61.22,63.8,60.1,60.1,9315000.0,578606331.0
2022-08-15,59.31,61.86,59.0,60.34,9319800.0,564154556.0
2022-08-16,60.02,60.5,58.11,59.22,10165300.0,606430326.0
2022-08-17,59.26,60.0,58.26,59.18,7320500.0,435668591.0
2022-08-18,59.08,61.42,57.35,60.86,11766700.0,705951298.0
2022-08-19,59.66,60.6,56.8,56.94,9636200.0,564513431.0
2022-08-22,57.6,60.1,56.1,58.64,9977600.0,592178416.0
2022-08-23,58.6,59.04,56.75,57.1,5685100.0,328385861.0
2022-08-24,57.2,58.1,52.97,53.29,13648800.0,750424096.0
2022-08-25,53.3,55.53,52.84,54.91,10580900.0,578785362.0
2022-08-26,54.86,54.9,52.12,52.3,8095000.0,433133223.0
2022-08-29,52.31,55.9,52.31,55.58,10560000.0,585370670.0
2022-08-30,58.1,61.59,57.31,59.59,22320200.0,1341741443.0
2022-08-31,60.1,61.09,57.6,57.98,10443100.0,619922157.0
2022-09-01,57.96,61.5,57.96,61.05,11490100.0,701824700.0
2022-09-02,60.6,63.79,59.48,61.84,11644400.0,724915530.0
2022-09-05,61.38,67.6,60.93,66.33,11796800.0,773891957.0
2022-09-06,66.59,67.48,65.16,66.12,6771700.0,451146326.0
2022-09-07,66.45,70.4,65.76,65.9,12283900.0,836803908.0
2022-09-08,65.36,69.6,64.48,67.88,9755500.0,662220971.0
2022-09-09,66.72,67.59,64.58,66.44,8550100.0,566589334.0
2022-09-13,66.43,67.1,64.8,66.02,7111300.0,472768819.0
2022-09-14,65.74,68.12,64.8,66.43,6014400.0,401349637.0
2022-09-15,66.2,66.89,62.6,63.85,8310700.0,536453186.0
2022-09-16,63.24,65.04,63.24,64.23,6993800.0,453080210.0
2022-09-19,64.81,66.2,62.28,62.68,5383800.0,343774714.0
2022-09-20,62.88,63.09,59.6,60.47,10543900.0,647293050.0
2022-09-21,60.6,61.0,56.63,57.21,14884400.0,872414373.0
2022-09-22,57.57,59.7,55.91,59.27,11529200.0,677431244.0
2022-09-23,59.3,59.48,56.37,58.1,9694000.0,564359606.0
2022-09-26,57.13,60.15,56.32,58.58,12704800.0,750347552.0
2022-09-27,58.8,62.08,56.61,60.72,11676200.0,711814094.0
2022-09-28,60.8,60.9,58.27,59.07,5980400.0,357003035.0
2022-09-29,59.31,60.48,58.4,59.5,5441600.0,326638434.0
2022-09-30,59.6,60.07,56.51,56.62,6915000.0,401749772.0
2022-10-10,54.19,55.59,45.22,45.22,29475600.0,1458851792.0
2022-10-11,45.69,47.44,44.45,44.99,18146500.0,837422109.0
2022-10-12,45.28,48.55,43.11,48.39,21391400.0,995583606.0
2022-10-13,47.43,51.36,47.17,48.9,17156300.0,854717523.0
2022-10-14,49.67,50.52,47.23,48.1,13193200.0,644116414.0
2022-10-17,48.11,53.6,47.7,52.0,15166100.0,780572177.0
2022-10-18,52.6,54.55,51.11,53.57,10057500.0,539262270.0
2022-10-19,53.05,55.55,52.61,54.37,10211400.0,556394806.0
2022-10-20,53.86,60.86,53.72,58.6,13367100.0,773994739.0
2022-10-21,57.96,59.34,55.51,57.69,9749300.0,561624227.0
2022-10-24,57.1,61.16,56.6,59.7,9021000.0,542045241.0
2022-10-25,59.7,60.6,58.29,59.89,7189600.0,430587767.0
2022-10-26,59.95,62.58,59.13,61.54,7410700.0,457192522.0
2022-10-27,62.11,62.26,58.6,59.73,13996600.0,848918881.0
2022-10-28,54.82,63.68,54.6,60.98,18586100.0,1143423691.0
2022-10-31,60.99,61.8,58.1,59.68,15191500.0,914382588.0
2022-11-01,59.6,60.19,57.78,59.35,10067700.0,599136275.0
2022-11-02,59.36,61.05,58.6,59.72,6836400.0,411938463.0
2022-11-03,58.6,61.93,58.14,61.37,7469000.0,461377179.0
2022-11-04,61.37,61.8,59.6,60.05,11373900.0,692294048.0
2022-11-07,60.01,61.57,58.69,59.09,7828600.0,468564388.0
2022-11-08,59.3,60.63,58.02,58.8,6755100.0,403754532.0
2022-11-09,58.69,60.1,56.73,57.4,6922300.0,406794588.0
2022-11-10,57.48,57.53,52.42,53.0,23447000.0,1274618750.0
2022-11-11,56.6,57.26,53.05,53.61,17074800.0,940259339.0
2022-11-14,53.07,53.13,51.1,52.96,9325100.0,492241857.0
2022-11-15,52.6,55.55,52.24,54.22,9212900.0,504949954.0
2022-11-16,54.24,54.25,52.3,52.99,6447500.0,343805728.0
2022-11-17,52.6,53.43,50.78,53.25,8750800.0,457926106.0
2022-11-18,53.19,55.4,52.51,53.33,7793200.0,425093182.0
2022-11-21,53.4,55.08,52.5,54.72,6681800.0,362471321.0
2022-11-22,53.8,55.33,53.4,53.9,5843600.0,320027544.0
2022-11-23,53.6,54.65,52.63,53.59,4127500.0,222201111.0
2022-11-24,53.59,54.9,53.2,54.03,6037900.0,330596675.0
2022-11-25,53.48,57.84,53.44,56.32,13201200.0,749309511.0
2022-11-28,56.15,59.0,55.38,58.92,13899200.0,812892469.0
2022-11-29,58.59,58.62,56.32,57.55,11691100.0,674066870.0
2022-11-30,56.93,57.4,55.1,57.26,9647000.0,545843383.0
2022-12-01,56.88,59.41,55.21,57.6,10598000.0,616834909.0
2022-12-02,57.1,60.2,56.26,58.2,7420000.0,440794906.0
2022-12-05,58.56,58.56,52.5,53.68,12425900.0,679905165.0
2022-12-06,53.18,55.71,52.71,54.02,8267400.0,451831906.0
2022-12-07,54.12,54.18,52.65,53.2,9069400.0,485061415.0
2022-12-08,53.1,53.19,50.4,50.85,10474500.0,542055584.0
2022-12-09,50.6,53.77,49.98,52.37,17423600.0,917476473.0
2022-12-12,51.75,51.75,49.42,50.59,10944600.0,555907972.0
2022-12-13,50.6,50.6,47.7,48.91,13559400.0,664748432.0
2022-12-14,51.01,51.36,47.93,48.19,13725200.0,685442528.0
2022-12-15,48.19,50.54,47.58,49.29,9000900.0,448627518.0
2022-12-16,49.1,49.1,45.71,46.75,15392100.0,724934168.0
2022-12-19,46.3,47.87,46.1,46.81,8288500.0,391466154.0
2022-12-20,46.73,47.73,45.62,45.82,5297700.0,248332849.0
2022-12-21,45.83,46.19,44.52,45.18,5447600.0,248100390.0
2022-12-22,45.35,45.44,43.69,43.79,6181800.0,277186535.0
2022-12-23,43.6,44.34,42.94,43.51,4889800.0,214032233.0
2022-12-26,43.64,44.95,43.32,44.12,5473400.0,245278183.0
2022-12-27,44.04,45.6,42.61,45.12,11982400.0,533055719.0
2022-12-28,44.65,45.18,43.71,44.33,7074000.0,315206439.0
2022-12-29,44.3,44.75,43.48,43.95,6996500.0,311574164.0
2022-12-30,44.14,44.9,43.3,44.18,7405600.0,329187064.0
2023-01-03,44.12,45.49,43.2,45.13,11562800.0,519448421.0
2023-01-04,46.1,47.0,41.71,42.4,29262900.0,1280139552.0
2023-01-05,41.72,42.83,41.42,42.16,14707400.0,627473992.0
2023-01-06,42.0,42.36,40.48,41.53,17255400.0,720848405.0
2023-01-09,41.6,42.76,40.31,40.51,17791500.0,738305612.0
2023-01-10,40.66,41.49,40.49,40.85,10574200.0,437486727.0
2023-01-11,40.2,41.71,38.76,39.0,23033600.0,927042957.0
2023-01-12,39.06,39.49,38.4,39.15,12355600.0,487934349.0
2023-01-13,39.27,39.38,38.18,38.95,10712000.0,418190278.0
2023-01-16,38.85,41.78,38.71,40.45,20538600.0,839376286.0
2023-01-17,40.64,42.88,40.3,42.66,21114200.0,895156267.0
2023-01-18,42.61,43.2,42.08,42.09,10303300.0,441118379.0
2023-01-19,42.09,43.28,41.68,42.86,11748600.0,505009866.0
2023-01-20,44.6,45.0,43.21,43.78,19171800.0,848882716.0
2023-01-30,43.78,44.99,43.27,43.28,16606800.0,739148825.0
2023-01-31,43.1,43.69,42.28,42.8,15002700.0,646552576.0
2023-02-01,43.05,44.28,42.82,44.09,12836200.0,565429854.0
2023-02-02,44.5,46.48,44.01,45.21,22825400.0,1037792406.0
2023-02-03,44.75,45.3,43.43,44.55,15280700.0,680983248.0
2023-02-06,43.9,45.4,43.9,44.55,11343000.0,510272232.0
2023-02-07,44.59,44.7,43.2,43.76,10870300.0,479020536.0
2023-02-08,43.6,44.74,42.76,42.84,11223100.0,492413019.0
2023-02-09,42.65,46.18,42.39,46.02,23518800.0,1059724626.0
2023-02-10,46.0,46.68,44.71,45.4,17509800.0,804969210.0
2023-02-13,45.65,46.04,44.45,45.85,14017500.0,642639063.0
2023-02-14,46.02,48.37,46.02,47.53,23650000.0,1135586961.0
2023-02-15,47.36,50.42,47.1,50.18,22949700.0,1137019077.0
2023-02-16,49.79,51.28,49.19,49.55,20588400.0,1040446368.0
2023-02-17,49.28,49.6,46.3,46.52,17928900.0,857660008.0
2023-02-20,46.5,46.77,45.2,46.53,12778300.0,591883020.0
2023-02-21,46.42,47.0,45.18,45.69,10076400.0,464705874.0
2023-02-22,45.26,46.66,45.26,45.99,8032400.0,373128992.0
2023-02-23,45.66,46.19,45.11,45.59,7159800.0,329406945.0
2023-02-24,45.81,46.1,44.9,44.93,7117500.0,325636509.0
2023-02-27,44.56,44.77,43.7,43.82,8909800.0,397270916.0
2023-02-28,44.18,44.46,42.87,43.88,8506100.0,372577783.0
2023-03-01,43.55,43.63,42.92,43.3,9775600.0,426370882.0
2023-03-02,43.34,44.35,43.08,43.49,10571200.0,465698736.0
2023-03-03,44.25,47.83,44.25,47.82,29736400.0,1375228764.0
2023-03-06,47.6,51.11,46.5,49.35,31243200.0,1540773013.0
2023-03-07,50.1,50.24,48.15,48.35,18430000.0,906539179.0
2023-03-08,48.06,49.75,47.73,49.25,14853400.0,733229596.0
2023-03-09,48.96,52.35,48.96,50.37,24974700.0,1277157890.0
2023-03-10,49.5,51.28,48.41,49.94,20615600.0,1034730715.0
2023-03-13,49.58,50.14,48.48,49.0,17099400.0,846129597.0
2023-03-14,49.2,53.37,48.42,52.65,29121800.0,1491794993.0
2023-03-15,51.9,53.34,51.06,51.5,24774100.0,1298001562.0
2023-03-16,50.62,51.45,44.96,45.77,37483200.0,1806542972.0
2023-03-17,45.71,47.06,43.64,46.18,32873600.0,1500775021.0
2023-03-20,45.61,46.91,45.1,46.48,22391600.0,1038192730.0
2023-03-21,45.9,45.99,43.19,44.11,23745900.0,1060768522.0
2023-03-22,43.8,43.8,42.53,42.95,17135800.0,746126531.0
2023-03-23,42.6,45.25,42.53,44.92,20650300.0,917138530.0
2023-03-24,44.93,46.06,44.15,44.55,15417400.0,699829116.0
2023-03-27,44.18,46.0,43.6,45.49,15121300.0,687900146.0
2023-03-28,45.27,45.93,44.22,44.73,9473200.0,428005725.0
2023-03-29,44.66,51.1,44.19,49.54,30079600.0,1461955933.0
2023-03-30,49.3,49.82,47.16,47.93,20261900.0,985940006.0
2023-03-31,47.81,48.53,47.2,47.96,13502800.0,651850767.0
2023-04-03,48.51,49.8,48.11,49.58,20815200.0,1031315639.0
2023-04-04,49.5,51.1,48.49,49.56,21660900.0,1087759625.0
2023-04-06,48.58,54.6,48.4,52.15,28862300.0,1506792431.0
2023-04-07,52.19,55.77,52.19,55.77,34171900.0,1870582995.0
2023-04-10,55.6,57.03,52.09,52.5,25474400.0,1392316302.0
2023-04-11,52.93,55.26,52.93,53.91,21098300.0,1150968881.0
2023-04-12,53.9,58.28,52.86,57.5,31234600.0,1776459733.0
2023-04-13,56.76,57.7,54.43,56.21,20392800.0,1150865467.0
2023-04-14,56.98,60.53,54.7,58.87,29386600.0,1723909065.0
2023-04-17,59.09,59.77,56.35,57.31,20185100.0,1175283333.0
2023-04-18,56.0,56.52,54.06,54.6,23675800.0,1309789126.0
2023-04-19,54.61,55.12,53.04,53.59,24539300.0,1333533167.0
2023-04-20,53.2,57.02,52.85,56.3,26679900.0,1485245869.0
2023-04-21,55.28,55.42,51.61,51.62,22062500.0,1184061291.0
2023-04-24,52.01,53.2,49.83,50.46,18947200.0,977800911.0
2023-04-25,50.6,50.95,47.73,48.24,17792800.0,881787715.0
2023-04-26,48.24,48.72,45.66,46.1,18300000.0,865715791.0
2023-04-27,46.09,48.58,45.72,46.78,14609100.0,696963736.0
2023-04-28,42.98,49.53,42.95,47.8,31489200.0,1497933737.0
2023-05-04,47.08,47.51,45.05,45.71,13253400.0,612452444.0
2023-05-05,45.71,46.82,44.06,44.54,9751000.0,444477660.0
2023-05-08,44.36,45.01,43.35,43.71,9923100.0,440678183.0
2023-05-09,43.58,43.92,41.84,41.9,14157100.0,608409733.0
2023-05-10,41.6,42.29,39.79,40.95,14120200.0,580334222.0
2023-05-11,41.1,41.95,39.76,39.78,13330600.0,546907956.0
2023-05-12,39.9,40.88,39.16,39.29,9182600.0,369717883.0
2023-05-15,39.08,40.65,39.08,40.52,14121300.0,568863045.0
2023-05-16,40.52,42.5,40.15,42.06,19432000.0,816100161.0
2023-05-17,42.3,46.7,42.26,45.44,25731500.0,1178459067.0
2023-05-18,44.74,46.56,44.69,46.42,14175300.0,656279254.0
2023-05-19,46.2,47.48,45.5,46.48,11664100.0,547079674.0
2023-05-22,46.59,48.04,46.47,47.05,10622900.0,505055794.0
2023-05-23,47.05,47.06,45.3,45.48,10160600.0,470200338.0
2023-05-24,45.61,47.92,44.75,47.38,11575700.0,546176032.0
2023-05-25,47.1,47.88,46.34,47.6,7363800.0,349783497.0
2023-05-26,47.66,49.39,47.07,47.4,10564400.0,514221756.0
2023-05-29,47.6,48.35,46.5,47.53,9740400.0,466831578.0
2023-05-30,47.2,49.6,46.48,49.24,12037800.0,586425275.0
2023-05-31,49.22,51.44,48.7,50.11,9750100.0,493297726.0
2023-06-01,49.85,50.98,48.9,49.7,7087700.0,356392160.0
2023-06-02,49.6,51.39,49.46,50.08,6956900.0,354813944.0
2023-06-05,50.6,53.1,50.54,51.9,11727500.0,618413266.0
2023-06-06,51.39,51.61,50.08,50.08,8392000.0,428868308.0
2023-06-07,49.86,51.56,48.81,50.46,7651300.0,386229261.0
2023-06-08,50.28,50.86,48.48,49.88,8440200.0,424617036.0
2023-06-09,50.13,50.99,49.02,50.59,8296100.0,417791662.0
2023-06-12,50.31,51.09,48.85,49.15,9200200.0,459696070.0
2023-06-13,49.4,50.2,48.57,49.4,5590500.0,278890602.0
2023-06-14,49.41,50.75,48.79,50.72,7475600.0,376276388.0
2023-06-15,50.2,52.45,49.6,50.27,8349900.0,427953218.0
2023-06-16,50.22,53.03,49.6,52.65,11831200.0,618038347.0
2023-06-19,52.2,53.39,51.42,52.76,8166700.0,432669546.0
2023-06-20,52.5,52.77,50.03,51.24,8744700.0,450192232.0
2023-06-21,50.6,51.5,46.8,46.87,16781600.0,812258467.0
2023-06-26,46.29,48.19,45.9,46.88,7376700.0,349892676.0
2023-06-27,47.32,48.02,45.3,45.61,7557400.0,350817167.0
2023-06-28,45.65,47.35,44.6,46.43,9371400.0,437083898.0
2023-06-29,46.29,47.67,45.82,46.43,7974200.0,377313127.0
2023-06-30,46.39,48.3,46.05,47.19,7069600.0,338011633.0
2023-07-03,47.63,49.37,47.21,47.73,9732400.0,472669941.0
2023-07-04,47.7,47.9,46.1,46.9,7018400.0,331619825.0
2023-07-05,46.57,47.35,46.31,46.75,5004000.0,235922181.0
2023-07-06,46.64,47.56,46.3,46.37,4169900.0,196013487.0
2023-07-07,46.04,46.7,45.36,45.58,5629200.0,259885860.0
2023-07-10,45.76,45.86,43.96,44.49,9701300.0,434299835.0
2023-07-11,44.36,45.1,43.67,44.89,8306600.0,371070299.0
2023-07-12,44.31,44.98,42.68,42.7,11300100.0,494917597.0
2023-07-13,43.26,44.69,43.14,44.22,7533500.0,333322406.0
2023-07-14,44.69,44.93,43.85,43.94,5916000.0,263653687.0
2023-07-17,43.8,44.0,41.76,42.95,9743900.0,416968187.0
2023-07-18,43.05,44.28,42.82,43.34,6483100.0,284673114.0
2023-07-19,43.01,43.79,42.67,43.49,5617400.0,244800498.0
2023-07-20,43.43,43.69,42.18,42.42,5078000.0,218395887.0
2023-07-21,42.22,42.3,41.23,41.66,7160500.0,299823658.0
2023-07-24,41.9,41.9,40.91,41.15,4089300.0,169705480.0
2023-07-25,41.6,42.31,41.3,42.1,5263300.0,222354311.0
2023-07-26,42.3,43.31,41.93,42.38,5488700.0,235738575.0
2023-07-27,42.05,42.14,40.59,40.8,6595100.0,273167898.0
2023-07-28,41.1,41.28,40.34,41.04,5637900.0,232143941.0
2023-07-31,40.91,42.75,40.74,41.77,6871300.0,289359290.0
2023-08-01,41.58,42.69,41.4,42.04,5908400.0,250208240.0
2023-08-02,41.67,42.55,41.66,41.99,6149800.0,260707550.0
2023-08-03,41.69,41.94,40.95,41.16,6252900.0,260524900.0
2023-08-04,41.4,41.49,39.08,40.76,14095000.0,568784810.0
2023-08-07,40.6,41.0,40.01,40.23,4921600.0,200124893.0
2023-08-08,40.2,40.35,39.17,39.4,7486900.0,298511782.0
2023-08-09,39.29,39.55,38.58,39.09,6128000.0,241325643.0
2023-08-10,39.11,39.53,38.82,39.2,4847400.0,191452444.0
2023-08-11,39.28,39.29,37.92,38.03,8153800.0,315368329.0
2023-08-14,37.6,37.87,37.1,37.48,5181800.0,195448267.0
2023-08-15,37.61,37.77,35.86,36.2,9694100.0,355897151.0
2023-08-16,36.0,36.46,34.95,35.05,8698600.0,310778279.0
2023-08-17,35.12,36.26,34.61,35.75,9175400.0,329949549.0
2023-08-18,35.84,36.08,35.0,35.05,8914100.0,319332052.0
2023-08-21,34.99,35.32,34.4,34.45,5734200.0,201096922.0
2023-08-22,34.46,34.94,33.51,34.5,8536300.0,293526525.0
2023-08-23,34.51,34.51,33.08,33.15,6183900.0,209265064.0
2023-08-24,33.27,34.17,32.8,33.14,8753000.0,295025008.0
2023-08-25,33.04,33.1,31.75,32.06,7587100.0,248109825.0
2023-08-28,33.7,34.3,31.43,31.54,10234300.0,334542744.0
2023-08-29,31.79,35.6,31.41,35.31,19388400.0,663364653.0
2023-08-30,36.03,37.2,35.2,36.45,17387800.0,638194815.0
2023-08-31,36.14,37.4,35.87,37.07,11189100.0,414606792.0
2023-09-01,37.1,38.9,36.71,37.12,11421900.0,431010680.0
2023-09-04,37.23,38.08,36.72,37.64,9821400.0,369391659.0
2023-09-05,38.02,38.75,37.26,37.42,13121900.0,502240476.0
2023-09-06,37.26,38.5,37.18,38.14,15206900.0,581399043.0
2023-09-07,37.82,38.0,36.44,36.44,12137600.0,453237363.0
2023-09-08,36.7,37.65,35.75,37.1,11421300.0,423540689.0
2023-09-11,36.8,37.49,36.4,36.6,9109000.0,338151266.0
2023-09-12,36.5,36.97,35.36,35.53,12027500.0,434522814.0
2023-09-13,35.45,35.81,34.38,34.78,8049600.0,283344554.0
2023-09-14,34.83,34.84,33.98,34.38,6092300.0,210485012.0
2023-09-15,34.6,35.4,33.65,34.36,7271200.0,251838628.0
2023-09-18,34.09,34.57,33.62,33.77,5567800.0,190888062.0
2023-09-19,33.8,33.8,32.79,33.16,5915800.0,198029321.0
2023-09-20,33.16,33.35,32.75,32.78,5536900.0,184180709.0
2023-09-21,32.78,33.07,32.46,32.8,5334600.0,176278121.0
2023-09-22,32.73,36.05,32.46,36.05,15415200.0,535667875.0
2023-09-25,35.58,35.75,33.81,34.01,15973300.0,556645603.0
2023-09-26,34.15,34.16,33.2,33.35,8683900.0,293928770.0
2023-09-27,33.23,34.56,33.06,33.55,10478300.0,355722474.0
2023-09-28,33.64,34.23,32.56,33.23,12335100.0,415343743.0
2023-10-09,33.44,34.21,33.08,33.3,10433400.0,352860340.0
2023-10-10,33.65,34.29,33.15,33.67,10789000.0,366297984.0
2023-10-11,33.7,34.2,33.03,33.45,10633300.0,359326235.0
2023-10-12,33.52,34.6,32.87,34.0,17071600.0,579756711.0
2023-10-13,33.9,34.22,33.08,33.75,14209000.0,482711294.0
2023-10-16,33.59,33.69,32.37,32.9,11064400.0,366628832.0
2023-10-17,32.86,33.37,32.46,33.09,7378800.0,245155500.0
2023-10-18,33.05,34.18,32.0,32.06,10261500.0,340864529.0
2023-10-19,31.71,35.03,31.71,33.32,23796600.0,812295349.0
2023-10-20,33.01,33.38,32.04,32.11,11436400.0,375119561.0
2023-10-23,31.93,32.05,30.9,31.07,8159100.0,258238725.0
2023-10-24,31.65,37.34,31.32,35.87,45140200.0,1595436881.0
2023-10-25,36.7,38.2,35.97,37.56,41208800.0,1536034458.0
2023-10-26,37.5,37.79,36.59,37.59,18892900.0,707942413.0
2023-10-27,37.61,37.8,36.42,37.11,16146800.0,606610822.0
2023-10-30,37.0,41.28,36.9,40.66,39685200.0,1580957099.0
2023-10-31,41.2,41.83,40.18,40.52,15883600.0,652111494.0
2023-11-01,40.29,40.7,39.52,39.65,10704400.0,431203549.0
2023-11-02,39.64,40.01,37.67,37.89,16322300.0,632295799.0
2023-11-03,37.85,41.29,37.58,40.77,25581600.0,1017119619.0
2023-11-06,40.92,41.28,39.7,40.78,23520500.0,961204960.0
2023-11-07,40.7,42.7,40.0,41.36,18482000.0,770006173.0
2023-11-08,41.01,43.88,40.77,42.03,22769800.0,965840189.0
2023-11-09,41.81,43.13,41.21,41.7,16105800.0,681838078.0
2023-11-10,41.69,42.96,40.42,40.83,14364600.0,601075178.0
2023-11-13,41.28,41.87,39.4,39.75,21083800.0,851765907.0
2023-11-14,39.8,40.81,39.44,40.43,15422600.0,625202047.0
2023-11-15,40.7,40.7,38.5,39.1,18174300.0,718185389.0
2023-11-16,38.69,39.46,38.46,38.62,10846000.0,425773340.0
2023-11-17,38.7,39.64,38.51,39.58,11362800.0,447627948.0
2023-11-20,39.87,41.76,39.22,41.0,19279100.0,792057704.0
2023-11-21,40.7,40.7,38.48,38.77,16205100.0,643335975.0
2023-11-22,38.32,39.06,38.17,38.26,7951400.0,308626626.0
2023-11-23,37.86,38.56,37.51,37.94,9260700.0,354790502.0
2023-11-24,37.91,38.15,36.69,36.7,10439600.0,391099024.0
2023-11-27,36.43,37.64,36.36,37.23,7328900.0,274879985.0
2023-11-28,37.68,40.27,36.83,39.9,22387100.0,877083803.0
2023-11-29,39.5,40.82,39.4,39.76,13506300.0,548032520.0
2023-11-30,39.72,40.47,38.8,40.0,10870100.0,435796547.0
2023-12-01,40.28,42.5,40.0,41.82,17269500.0,717681513.0
2023-12-04,42.13,42.58,41.02,41.02,9780400.0,410674672.0
2023-12-05,40.82,41.38,40.32,40.36,7493000.0,307861876.0
2023-12-06,39.84,40.66,39.24,39.9,9167700.0,366737931.0
2023-12-07,39.78,40.14,39.0,39.26,5616800.0,223312524.0
2023-12-08,39.34,39.96,38.69,38.84,10156300.0,402542681.0
2023-12-11,38.36,41.21,38.13,41.19,15722200.0,636278851.0
2023-12-12,41.1,41.1,39.7,40.9,7531900.0,306667124.0
2023-12-13,40.7,41.2,40.13,40.47,5651200.0,231288831.0
2023-12-14,40.47,41.14,39.05,40.0,7216400.0,290257990.0
2023-12-15,40.0,40.14,39.3,39.76,3207800.0,128149280.0
2023-12-18,39.41,41.64,39.24,40.21,7576100.0,308092458.0
2023-12-19,40.24,42.28,40.11,41.5,9170100.0,381389662.0
2023-12-20,41.7,41.87,40.26,40.32,6906300.0,285158827.0
2023-12-21,40.31,40.57,38.84,39.88,6945900.0,277907095.0
2023-12-22,39.9,39.9,38.72,38.9,4757400.0,187522880.0
2023-12-25,38.99,39.66,37.93,38.36,6094300.0,236983964.0
2023-12-26,38.5,38.52,34.7,36.78,12325100.0,450009555.0
2023-12-27,36.8,37.6,36.43,36.95,6853600.0,255267818.0
2023-12-28,37.13,37.76,36.3,37.35,7170300.0,268739703.0
2023-12-29,37.14,38.06,37.13,37.69,5878700.0,223118218.0
2024-01-02,37.97,37.97,36.5,36.5,56513.0,210042951.0
2024-01-03,36.34,36.89,35.8,36.86,42456.0,156328724.0
2024-01-04,36.7,37.43,36.55,37.11,40769.0,152551964.0
2024-01-05,37.11,38.5,36.0,36.18,65701.0,246322784.0
2024-01-08,35.99,36.45,34.14,34.14,84016.0,295707323.0
2024-01-09,34.5,35.5,34.2,34.35,57545.0,202283183.0
2024-01-10,34.49,34.77,33.62,33.93,45879.0,157879752.0
2024-01-11,33.81,35.5,33.81,34.7,56837.0,198907607.0
2024-01-12,34.69,35.27,34.1,34.2,52498.0,183189873.0
2024-01-15,34.2,35.13,33.6,33.65,57366.0,198251610.0
2024-01-16,33.61,34.59,33.36,34.0,58189.0,198510650.0
2024-01-17,33.97,34.2,31.94,31.94,98794.0,326447933.0
2024-01-18,31.74,32.28,31.18,32.17,83450.0,266123482.0
2024-01-19,32.21,32.9,31.21,31.22,70492.0,227230399.0
2024-01-22,31.38,31.78,28.38,28.83,131990.0,397469053.0
2024-01-23,28.71,29.95,28.21,29.57,92480.0,274265470.0
2024-01-24,29.63,29.73,28.13,29.3,82869.0,242106544.0
2024-01-25,29.38,30.01,28.94,29.69,123925.0,370668116.0
2024-01-26,29.43,29.62,27.28,27.58,190993.0,541137096.0
2024-01-29,27.75,28.18,26.2,26.3,145348.0,394429990.0
2024-01-30,26.14,26.59,24.8,24.89,155594.0,402325870.0
2024-01-31,25.1,25.7,23.66,23.7,162347.0,400924577.0
2024-02-01,23.86,24.2,23.01,23.55,128124.0,306884702.0
2024-02-02,23.57,23.76,21.22,22.29,150334.0,344520866.0
2024-02-05,22.1,22.2,19.58,20.49,196787.0,414194753.0
2024-02-06,20.34,22.7,20.1,22.55,176723.0,385750894.0
2024-02-07,22.58,24.2,22.38,24.05,195619.0,470516002.0
2024-02-08,24.35,27.12,24.06,25.6,198868.0,521175344.0
2024-02-19,26.58,26.58,24.9,25.75,164096.0,423138994.0
2024-02-20,25.3,25.66,24.79,25.45,135666.0,344802558.0
2024-02-21,25.16,26.2,24.94,25.46,126893.0,329736558.0
2024-02-22,25.23,26.5,25.23,26.26,143465.0,375919572.0
2024-02-23,26.41,26.57,25.7,26.5,139933.0,369837320.0
2024-02-26,26.8,28.66,26.76,27.74,204049.0,570684282.0
2024-02-27,27.56,29.17,26.87,28.9,230414.0,655479268.0
2024-02-28,28.8,29.44,26.73,26.76,185438.0,529822713.0
2024-02-29,26.6,29.17,26.5,28.69,218156.0,623010491.0
2024-03-01,28.76,29.74,28.5,29.17,179724.0,529131636.0
2024-03-04,28.94,29.85,28.61,29.59,165128.0,488163995.0
2024-03-05,29.05,29.46,28.01,28.34,171788.0,496695186.0
2024-03-06,28.0,28.44,27.28,27.91,101717.0,286058891.0
2024-03-07,28.3,28.99,27.7,27.7,103729.0,296539055.0
2024-03-08,27.54,30.97,27.47,30.64,265081.0,785255704.0
2024-03-11,29.7,30.02,28.79,29.98,224816.0,666401236.0
2024-03-12,29.81,30.44,29.39,29.84,139108.0,418976769.0
2024-03-13,30.1,30.83,29.58,30.26,189027.0,575663075.0
2024-03-14,29.86,30.15,28.89,29.29,127441.0,379759636.0
2024-03-15,29.31,29.67,28.79,29.56,92488.0,272991585.0
2024-03-18,29.59,30.56,29.41,30.5,140689.0,426236339.0
2024-03-19,30.45,32.87,30.26,31.64,253549.0,814361113.0
2024-03-20,31.81,33.88,31.76,33.29,229466.0,766860930.0
2024-03-21,33.7,33.98,32.62,33.1,164003.0,550221575.0
2024-03-22,32.97,34.64,32.97,34.2,225601.0,771202726.0
2024-03-25,35.38,35.53,32.7,32.8,204747.0,697292871.0
2024-03-26,32.5,33.3,31.23,31.93,186048.0,601569224.0
2024-03-27,31.56,31.95,30.28,30.3,116271.0,362735692.0
2024-03-28,30.2,31.46,30.2,31.15,139110.0,432675757.0
2024-03-29,30.85,33.56,30.68,33.3,279403.0,921958172.0
2024-04-01,33.47,33.57,32.4,32.86,164440.0,544226569.0
2024-04-02,32.64,32.8,31.52,31.78,138860.0,448789033.0
2024-04-03,31.56,32.09,30.47,31.38,120055.0,379332453.0
2024-04-08,30.98,31.55,30.58,30.6,83640.0,261402803.0
2024-04-09,30.75,32.5,30.75,32.05,156053.0,500416397.0
2024-04-10,31.31,31.67,28.41,29.0,234809.0,700920679.0
2024-04-11,28.69,29.52,27.82,27.9,175997.0,505364972.0
2024-04-12,27.9,28.5,27.4,27.49,134936.0,380813186.0
2024-04-15,27.48,28.54,27.29,27.63,106138.0,299956767.0
2024-04-16,27.2,27.63,25.9,26.1,143226.0,383487717.0
2024-04-17,26.3,27.1,26.21,26.83,148896.0,401643184.0
2024-04-18,26.4,27.47,25.77,26.84,119874.0,324179154.0
2024-04-19,26.61,26.61,25.32,25.38,131119.0,341680155.0
2024-04-22,25.05,25.87,24.62,25.57,95115.0,244648608.0
2024-04-23,25.88,26.37,25.53,26.18,96270.0,253758117.0
2024-04-24,26.42,28.1,26.36,27.87,148196.0,409621819.0
2024-04-25,27.66,29.14,27.49,28.5,127195.0,366348501.0
2024-04-26,28.4,29.35,28.38,28.99,121152.0,354059910.0
2024-04-29,28.99,29.9,28.9,29.72,124885.0,372180784.0
2024-04-30,29.78,29.88,28.88,29.05,84190.0,248265864.0
2024-05-06,29.55,29.68,28.72,28.77,91531.0,269237815.0
2024-05-07,28.77,29.58,28.5,28.96,74833.0,219133705.0
2024-05-08,28.89,29.14,28.2,28.7,85872.0,248261926.0
2024-05-09,28.68,30.3,28.52,29.98,155071.0,466341998.0
2024-05-10,29.98,30.26,27.8,27.87,191727.0,551888332.0
2024-05-13,27.46,28.34,26.7,27.06,139730.0,387912514.0
2024-05-14,27.28,27.78,26.85,27.06,90226.0,248330240.0
2024-05-15,27.0,27.85,26.56,26.99,90439.0,249831218.0
2024-05-16,27.25,28.59,26.7,28.05,179511.0,501630488.0
2024-05-17,28.4,31.14,28.26,30.85,368685.0,1111919611.0
2024-05-20,30.7,30.9,29.48,29.95,208190.0,629577790.0
2024-05-21,29.72,30.35,29.56,29.97,131382.0,398471956.0
2024-05-22,30.03,30.36,29.7,30.17,99922.0,303342528.0
2024-05-23,30.25,30.29,28.88,28.95,126792.0,375192371.0
2024-05-24,28.59,29.0,28.16,28.16,112739.0,323868979.0
2024-05-27,28.18,29.38,27.21,29.14,170876.0,488392604.0
2024-05-28,28.9,30.21,28.33,28.96,184932.0,545659036.0
2024-05-29,28.69,29.35,28.16,28.43,112775.0,326736224.0
2024-05-30,28.11,29.35,27.84,28.89,113155.0,328681169.0
2024-05-31,28.74,29.28,28.05,28.1,201626.0,579821069.0
2024-06-03,28.18,29.18,27.92,28.26,146224.0,421461801.0
2024-06-04,28.11,29.0,27.48,28.65,151996.0,430638101.0
2024-06-05,28.88,31.15,28.88,29.8,308521.0,944842099.0
2024-06-06,30.36,30.79,29.34,29.5,252306.0,766119375.0
2024-06-07,29.58,30.58,28.91,29.98,263572.0,791657387.0
2024-06-11,29.85,31.93,29.59,31.6,352533.0,1106458184.0
2024-06-12,31.28,31.85,30.9,31.76,254075.0,805261012.0
2024-06-13,32.2,32.51,31.16,31.22,269199.0,865333259.0
2024-06-14,31.0,31.15,30.2,30.92,210459.0,654004261.0
2024-06-17,30.49,32.05,30.45,31.72,204296.0,648872536.0
2024-06-18,31.6,32.38,30.95,31.34,194190.0,619791015.0
2024-06-19,31.54,31.85,30.53,31.45,190551.0,600495757.0
2024-06-20,31.18,32.02,30.59,30.62,178400.0,564283469.0
2024-06-21,30.29,30.98,29.82,30.63,117139.0,360852054.0
2024-06-24,30.39,30.96,28.96,29.15,166231.0,503075068.0
2024-06-25,29.23,29.26,27.7,27.97,164110.0,470802170.0
2024-06-26,28.08,28.75,27.5,28.36,148195.0,419469481.0
2024-06-27,28.0,28.21,27.25,27.31,135274.0,377766313.0
2024-06-28,27.26,27.66,26.75,26.87,143526.0,395664083.0
2024-07-01,26.75,27.48,26.6,27.23,98074.0,268004232.0
2024-07-02,27.17,28.67,26.86,28.26,167436.0,470855178.0
2024-07-03,28.12,28.65,27.61,28.1,119405.0,339137819.0
2024-07-04,28.01,28.72,27.9,28.09,131453.0,376504558.0
2024-07-05,27.95,28.5,27.57,28.0,103039.0,291916821.0
2024-07-08,28.25,28.85,27.73,28.12,129325.0,370513956.0
2024-07-09,27.99,30.25,27.91,30.13,258978.0,773660826.0
2024-07-10,30.19,31.22,29.92,30.86,193330.0,600627352.0
2024-07-11,31.19,31.96,30.5,31.9,230577.0,727696695.0
2024-07-12,31.46,32.3,31.31,31.95,230962.0,742816043.0
2024-07-15,32.13,32.36,31.59,31.81,156450.0,502330645.0
2024-07-16,33.25,34.05,31.81,33.88,541457.0,1791145266.0
2024-07-17,33.79,35.07,33.59,33.86,381699.0,1321957498.0
2024-07-18,33.25,35.16,32.88,34.91,361419.0,1238386736.0
2024-07-19,34.5,35.68,34.38,34.7,330808.0,1163890918.0
2024-07-22,34.98,35.48,34.36,34.55,233206.0,815723962.0
2024-07-23,34.4,34.47,32.48,32.64,297603.0,1001704303.0
2024-07-24,32.64,33.0,31.58,31.8,197382.0,640654673.0
2024-07-25,31.6,31.97,31.25,31.42,164082.0,520620971.0
2024-07-26,31.48,31.88,30.7,31.62,188068.0,594412519.0
2024-07-29,31.63,32.17,31.24,31.3,175103.0,557863305.0
2024-07-30,31.01,31.74,30.79,31.42,141576.0,444660831.0
2024-07-31,31.2,33.1,30.9,33.05,255276.0,828109921.0
2024-08-01,32.9,34.06,32.67,33.3,274771.0,919968692.0
2024-08-02,32.93,33.2,31.46,31.6,199151.0,647247817.0
2024-08-05,31.06,31.68,30.31,30.31,187128.0,581569637.0
2024-08-06,31.07,31.55,30.28,31.24,132993.0,412386042.0
2024-08-07,31.0,31.59,30.89,30.93,101255.0,318298047.0
2024-08-08,30.8,31.99,30.1,31.44,158081.0,495513334.0
2024-08-09,31.95,32.33,31.45,31.55,152657.0,490229414.0
2024-08-12,31.6,31.7,30.49,30.73,116584.0,362564615.0
2024-08-13,30.73,31.14,30.39,30.94,82377.0,254933535.0
2024-08-14,31.02,31.13,30.4,30.4,76465.0,236901835.0
2024-08-15,30.11,31.24,30.0,30.4,89193.0,275137739.0
2024-08-16,30.62,31.59,30.25,30.57,124937.0,387695570.0
2024-08-19,30.59,31.12,30.03,30.43,98478.0,303595954.0
2024-08-20,30.43,30.55,29.4,29.58,130892.0,391597797.0
2024-08-21,29.4,30.08,29.25,29.61,89828.0,267820328.0
2024-08-22,29.44,29.99,28.8,29.09,130475.0,385413525.0
2024-08-23,28.82,29.2,28.36,28.7,113778.0,329000134.0
2024-08-26,28.98,29.19,28.4,28.55,83709.0,242415353.0
2024-08-27,28.4,28.94,28.08,28.55,89596.0,257861570.0
2024-08-28,28.55,29.41,28.29,29.17,108873.0,316911195.0
2024-08-29,28.86,30.1,28.77,29.32,148102.0,438712739.0
2024-08-30,29.18,30.74,29.09,30.35,177949.0,540706912.0
2024-09-02,30.11,30.44,28.73,28.74,146483.0,435971578.0
2024-09-03,28.85,29.59,28.85,29.29,102240.0,300832631.0
2024-09-04,28.88,29.87,28.66,29.21,113677.0,335197695.0
2024-09-05,29.19,29.86,29.1,29.34,78170.0,231783119.0
2024-09-06,29.33,29.59,28.5,28.58,77980.0,227354016.0
2024-09-09,28.45,28.8,28.12,28.67,74099.0,212341725.0
2024-09-10,28.68,29.09,28.17,28.88,94315.0,271766005.0
2024-09-11,28.71,29.05,28.51,28.84,56790.0,164803053.0
2024-09-12,29.01,29.35,28.39,28.42,66535.0,192996745.0
2024-09-13,28.35,28.71,27.72,27.78,81276.0,230933074.0
2024-09-18,28.05,28.24,27.69,27.98,64127.0,180429689.0
2024-09-19,28.11,28.76,27.37,28.27,97178.0,275053857.0
2024-09-20,28.19,28.34,27.48,27.79,78138.0,218958647.0
2024-09-23,27.6,27.92,26.97,27.04,94208.0,258939595.0
2024-09-24,27.25,28.65,26.93,28.64,158973.0,446830534.0
2024-09-25,29.18,29.38,28.21,28.23,184520.0,536491609.0
2024-09-26,28.21,29.84,28.03,29.84,194962.0,566203083.0
2024-09-27,30.31,32.68,30.0,32.1,305073.0,962340379.0
2024-09-30,33.41,37.75,33.1,37.71,389982.0,1389028543.0
2024-10-08,45.29,45.29,42.39,45.29,535201.0,2408970911.0
2024-10-09,44.36,48.48,41.2,42.8,675844.0,3025165033.0
2024-10-10,43.59,43.8,38.96,40.2,436565.0,1795263416.0
2024-10-11,39.31,40.4,37.12,37.75,298999.0,1154803231.0
2024-10-14,38.01,40.04,37.38,40.03,345453.0,1347487885.0
2024-10-15,39.8,42.69,39.2,40.1,380032.0,1565272062.0
2024-10-16,38.8,41.04,38.63,41.04,282476.0,1138738227.0
2024-10-17,41.83,42.13,39.82,39.96,293426.0,1204823823.0
2024-10-18,39.83,44.95,39.6,43.15,553661.0,2346762891.0
2024-10-21,43.79,46.41,42.59,42.81,609087.0,2719390185.0
2024-10-22,42.25,44.95,42.25,44.73,484255.0,2124772013.0
2024-10-23,43.92,44.16,43.01,44.02,358533.0,1569987173.0
2024-10-24,45.8,48.48,44.21,44.4,895552.0,4168336147.0
2024-10-25,43.6,46.45,42.41,44.76,633611.0,2797008345.0
2024-10-28,44.78,44.78,43.32,43.85,380032.0,1671033151.0
2024-10-29,43.8,44.49,41.94,41.97,420685.0,1831283561.0
2024-10-30,41.71,43.06,41.31,42.36,295700.0,1251184493.0
2024-10-31,42.37,44.52,41.57,43.76,434694.0,1883426460.0
2024-11-01,43.7,43.7,40.45,40.6,363603.0,1529846640.0
2024-11-04,40.33,42.43,40.3,41.8,235840.0,984959923.0
2024-11-05,41.78,43.37,41.52,42.97,346645.0,1486076000.0
2024-11-06,43.0,44.4,42.35,43.81,422160.0,1841282286.0
2024-11-07,43.41,46.79,43.19,46.59,573478.0,2616572336.0
2024-11-08,48.45,55.9,46.7,52.24,838026.0,4223849475.0
2024-11-11,53.8,59.3,51.8,52.56,939044.0,5201197553.0
2024-11-12,52.26,54.18,50.6,51.51,599120.0,3137158232.0
2024-11-13,50.8,52.8,50.48,52.25,436972.0,2276673226.0
2024-11-14,51.7,51.7,49.28,49.4,387521.0,1952230868.0
2024-11-15,49.2,49.89,46.92,46.97,335090.0,1624859738.0
2024-11-18,46.61,48.5,45.18,47.63,355339.0,1676295206.0
2024-11-19,47.65,49.08,45.86,48.77,361524.0,1726060383.0
2024-11-20,48.3,48.7,47.41,48.26,287652.0,1387291048.0
2024-11-21,47.98,49.8,47.71,48.85,324361.0,1596151225.0
2024-11-22,48.36,49.6,45.2,45.72,319089.0,1523758684.0
2024-11-25,45.8,46.51,43.8,45.13,261584.0,1182178939.0
2024-11-26,44.8,45.5,44.16,44.25,157862.0,708986167.0
2024-11-27,43.48,45.25,42.63,45.23,230352.0,1018809456.0
2024-11-28,45.2,46.38,44.49,44.99,211498.0,963386604.0
2024-11-29,44.7,46.65,44.25,45.5,250535.0,1143358923.0
2024-12-02,45.5,46.6,45.11,46.0,231944.0,1068697824.0
2024-12-03,46.3,46.66,44.7,45.23,212723.0,973778664.0
2024-12-04,46.22,47.06,45.21,45.5,248903.0,1153982299.0
2024-12-05,44.67,45.71,44.49,45.08,156119.0,707616185.0
2024-12-06,44.89,46.68,44.48,45.96,229434.0,1052575726.0
2024-12-09,46.1,46.8,45.38,46.21,193172.0,896528295.0
2024-12-10,48.25,48.59,46.26,46.31,259803.0,1234641019.0
2024-12-11,45.92,47.0,45.89,46.33,180295.0,839165337.0
2024-12-12,46.36,47.8,45.95,47.63,264683.0,1255957986.0
2024-12-13,47.06,47.6,46.3,46.6,238788.0,1120230662.0
2024-12-16,46.39,46.59,44.7,44.85,193863.0,880339095.0
2024-12-17,44.72,45.13,44.16,44.35,127808.0,572614381.0
2024-12-18,44.57,45.43,43.96,45.05,138334.0,623427364.0
2024-12-19,44.5,45.95,44.31,45.59,140269.0,636911486.0
2024-12-20,45.46,47.88,45.3,47.16,270696.0,1276184509.0
2024-12-23,47.16,48.78,46.88,46.98,290770.0,1394546369.0
2024-12-24,47.45,48.79,46.24,48.79,332802.0,1598447990.0
2024-12-25,48.31,49.11,47.47,47.99,243743.0,1180802210.0
2024-12-26,48.06,49.37,47.65,48.91,266580.0,1304038674.0
2024-12-27,48.96,49.0,46.97,46.97,306345.0,1479126562.0
2024-12-30,46.7,47.5,45.7,46.76,168476.0,789850762.0
2024-12-31,46.77,47.0,43.81,43.93,229672.0,1038810391.0
2025-01-02,42.28,42.3,38.8,39.45,413166.0,1673412574.0
2025-01-03,39.31,39.35,37.86,37.98,204259.0,792899763.0
2025-01-06,37.88,39.19,37.56,37.98,165754.0,637819162.0
2025-01-07,38.18,39.18,38.01,39.0,163137.0,633571965.0
2025-01-08,38.79,39.98,37.71,39.3,204885.0,800778807.0
2025-01-09,39.1,40.0,38.9,39.53,151832.0,605092148.0
2025-01-10,39.45,40.89,39.24,39.24,206064.0,831076046.0
2025-01-13,38.81,40.29,38.62,40.05,177282.0,707642594.0
2025-01-14,40.13,42.98,39.62,42.9,292634.0,1221186018.0
2025-01-15,42.6,43.36,42.23,43.2,219429.0,943285354.0
2025-01-16,43.06,45.07,43.05,43.91,257878.0,1144340574.0
2025-01-17,43.5,45.79,43.32,44.61,262477.0,1175675473.0
2025-01-20,45.28,45.36,44.31,44.68,187587.0,842793153.0
2025-01-21,44.91,46.0,44.27,45.69,231154.0,1048490792.0
2025-01-22,45.48,46.76,45.32,45.98,262427.0,1214360543.0
2025-01-23,46.7,46.88,44.78,44.79,259278.0,1192952946.0
2025-01-24,44.58,45.27,44.51,44.98,178705.0,807934479.0
2025-01-27,45.17,45.3,44.03,44.03,143147.0,640196289.0
2025-02-05,44.8,45.09,44.02,44.05,157926.0,707692700.0
2025-02-06,44.17,46.78,43.85,46.63,294893.0,1360603733.0
2025-02-07,46.63,47.7,45.88,46.62,350786.0,1649066917.0
2025-02-10,46.8,46.9,45.73,46.04,263900.0,1221569826.0
2025-02-11,45.98,45.98,44.56,45.1,214073.0,966712686.0
2025-02-12,45.19,47.6,44.9,47.56,341898.0,1591467659.0
2025-02-13,47.49,47.5,45.82,45.86,254939.0,1189647631.0
2025-02-14,45.6,45.86,44.41,44.71,261509.0,1178149986.0
2025-02-17,44.79,46.57,44.76,45.89,233610.0,1072543817.0
2025-02-18,45.8,46.2,43.9,44.05,227280.0,1029140351.0
2025-02-19,44.05,46.45,44.0,46.38,360367.0,1659561025.0
2025-02-20,46.37,46.38,45.28,45.89,196123.0,902456598.0
2025-02-21,45.86,47.32,45.85,46.92,354294.0,1663304404.0
2025-02-24,46.65,47.49,46.05,46.66,296673.0,1395710449.0
2025-02-25,46.05,48.54,45.81,47.68,430869.0,2055785074.0
2025-02-26,47.67,48.28,46.48,47.9,320077.0,1524383057.0
2025-02-27,47.9,48.9,46.3,47.27,290614.0,1384705267.0
2025-02-28,46.81,47.3,43.67,43.89,285615.0,1298444625.0
2025-03-03,43.93,44.48,43.02,43.46,185359.0,815215112.0
2025-03-04,43.01,46.76,42.8,46.22,314260.0,1431297466.0
2025-03-05,46.16,46.65,45.03,45.65,166708.0,765154513.0
2025-03-06,46.0,47.39,46.0,46.65,259556.0,1219902001.0
2025-03-07,46.3,47.09,45.61,46.09,209080.0,971960230.0
2025-03-10,45.97,46.58,45.26,45.79,143014.0,658116083.0
2025-03-11,45.05,45.78,44.83,45.38,125415.0,569875435.0
2025-03-12,45.5,45.64,44.7,44.7,176861.0,800985419.0
2025-03-13,44.8,44.86,43.0,43.73,181706.0,797470767.0
2025-03-14,43.69,47.16,43.57,46.41,457858.0,2116489979.0
2025-03-17,46.48,46.64,45.35,45.88,218107.0,1004130288.0
2025-03-18,46.07,46.55,45.6,45.7,168485.0,776887061.0
2025-03-19,45.71,45.78,44.6,44.9,155030.0,700149514.0
2025-03-20,44.96,45.12,44.33,44.34,133820.0,600956605.0
2025-03-21,44.18,44.5,43.15,43.3,183594.0,806300067.0
2025-03-24,43.1,43.93,41.8,43.45,168418.0,728865703.0
2025-03-25,43.24,43.66,41.81,42.18,125285.0,536259474.0
2025-03-26,42.08,42.72,42.06,42.14,89589.0,381260319.0
2025-03-27,41.81,43.2,41.6,41.99,120419.0,511641017.0
2025-03-28,42.21,42.9,41.3,41.32,111685.0,469088305.0
2025-03-31,41.1,41.79,40.7,41.48,102595.0,424560914.0
2025-04-01,41.61,42.73,41.3,42.08,132523.0,559647871.0
2025-04-02,41.91,42.3,41.71,41.95,79292.0,334168006.0
2025-04-03,41.7,42.58,41.61,42.17,108490.0,459795919.0
2025-04-07,40.3,41.4,35.49,36.78,269268.0,1038938424.0
2025-04-08,37.52,38.8,36.59,37.53,195016.0,735678501.0
2025-04-09,36.8,39.68,35.31,39.42,259022.0,998144173.0
2025-04-10,40.09,41.12,39.72,39.77,201187.0,816445676.0
2025-04-11,39.3,42.49,39.07,41.35,258169.0,1067373075.0
2025-04-14,42.12,42.3,40.8,41.18,190506.0,792386403.0
2025-04-15,41.21,41.25,40.42,40.65,94955.0,387665106.0
2025-04-16,40.75,41.19,40.19,40.78,110048.0,450375630.0
2025-04-17,40.49,41.27,40.26,40.26,98906.0,405529621.0
2025-04-18,40.25,40.3,39.5,39.95,73411.0,294256038.0
2025-04-21,39.95,40.49,39.73,40.48,72210.0,292403623.0
2025-04-22,40.39,41.29,40.22,40.79,119566.0,492008685.0
2025-04-23,41.02,41.76,40.55,41.37,126062.0,520793627.0
2025-04-24,41.37,41.64,40.72,40.87,91712.0,378259950.0
2025-04-25,40.97,42.3,40.8,42.06,153905.0,644554572.0
2025-04-28,42.0,43.53,41.72,43.27,206112.0,886060017.0
2025-04-29,42.48,42.51,41.55,41.81,200567.0,844849663.0
2025-04-30,41.9,42.19,41.68,41.68,128508.0,541651380.0
2025-05-06,42.05,42.72,42.04,42.72,159969.0,681697212.0
2025-05-07,43.28,43.6,42.2,42.65,158784.0,683395924.0
2025-05-08,42.6,42.8,42.4,42.66,104247.0,446437355.0
2025-05-09,42.7,42.7,41.69,42.0,102094.0,431574663.0
2025-05-12,42.3,42.79,41.98,42.56,123802.0,528156335.0
2025-05-13,42.89,43.84,42.42,42.48,163058.0,705336926.0
2025-05-14,42.5,43.68,42.49,43.01,177006.0,768627448.0
2025-05-15,42.9,42.98,41.25,41.36,142006.0,598263124.0
2025-05-16,41.6,41.97,41.37,41.55,73443.0,307642565.0
2025-05-19,41.46,41.79,40.88,41.34,69494.0,288034343.0
2025-05-20,41.39,41.68,41.27,41.37,65177.0,271678724.0
2025-05-21,41.56,43.05,41.44,42.22,173105.0,739505621.0
2025-05-22,42.22,44.65,42.15,43.58,337379.0,1476559925.0
2025-05-23,43.18,43.78,42.65,42.83,179488.0,775869711.0
2025-05-26,43.4,43.48,42.3,42.79,132710.0,570156833.0
2025-05-27,42.6,42.79,41.73,42.02,101913.0,429989016.0
2025-05-28,41.95,42.17,40.9,40.91,114775.0,475666122.0
2025-05-29,40.9,41.65,40.83,41.56,102046.0,424088324.0
2025-05-30,41.49,42.05,40.83,40.97,84367.0,349456232.0
2025-06-03,40.54,42.22,40.5,41.51,110809.0,464392696.0
2025-06-04,41.45,41.77,41.29,41.42,73346.0,305714216.0
2025-06-05,41.61,42.46,41.27,42.13,116073.0,488653921.0
2025-06-06,42.05,42.37,41.85,42.24,78186.0,330831812.0
2025-06-09,42.23,42.44,41.99,42.22,85692.0,363256725.0
2025-06-10,42.22,42.23,40.8,41.03,113671.0,472694037.0
2025-06-11,41.1,41.49,41.0,41.07,60883.0,252078688.0
2025-06-12,40.96,41.27,40.81,40.87,61331.0,252512189.0
2025-06-13,40.78,41.18,40.07,40.83,94512.0,386042632.0
2025-06-16,40.71,41.27,40.51,40.88,55108.0,226918636.0
2025-06-17,40.88,41.43,40.85,41.09,66818.0,275897217.0
2025-06-18,41.11,41.54,40.61,41.19,68086.0,280909314.0
2025-06-19,41.17,41.55,40.5,40.63,90985.0,375710763.0
2025-06-20,40.59,41.7,40.5,40.84,97953.0,405496308.0
2025-06-23,40.75,42.75,40.4,42.26,217738.0,923230724.0
2025-06-24,42.27,42.88,42.22,42.7,149507.0,640241900.0
2025-06-25,41.82,43.96,41.69,43.77,265606.0,1148170473.0
2025-06-26,45.96,46.45,44.44,44.59,422566.0,1926400964.0
2025-06-27,44.8,45.18,44.2,44.21,212981.0,953634349.0
2025-06-30,44.66,45.25,44.43,44.71,160773.0,722796810.0
2025-07-01,44.6,45.25,44.48,44.81,163491.0,736759591.0
2025-07-02,44.61,44.61,43.55,43.72,138347.0,611364526.0
2025-07-03,43.75,44.44,43.68,44.35,105106.0,465283508.0
2025-07-04,44.35,45.43,43.93,44.59,180911.0,812390457.0
2025-07-07,45.05,45.43,44.51,44.67,139457.0,628950953.0
2025-07-08,44.68,45.26,44.25,44.8,175478.0,791389739.0
2025-07-09,44.7,44.76,43.62,43.8,188142.0,833811682.0
2025-07-10,43.69,43.95,43.45,43.66,118918.0,521771667.0
2025-07-11,43.6,44.38,42.92,44.17,155389.0,684690448.0
2025-07-14,43.97,44.23,43.74,43.76,86541.0,381564037.0
2025-07-15,43.76,44.51,43.7,44.0,133950.0,593232007.0
2025-07-16,43.92,44.66,43.71,44.22,121473.0,540063026.0
2025-07-17,44.11,44.77,43.82,44.69,137860.0,613108076.0
2025-07-18,44.56,44.9,44.07,44.48,147739.0,657149463.0
2025-07-21,44.49,44.55,44.1,44.28,114860.0,510059221.0
2025-07-22,43.73,44.26,42.61,43.82,247591.0,1081221757.0
2025-07-23,43.86,45.2,43.84,44.92,336870.0,1512868585.0
2025-07-24,45.06,45.58,44.65,45.03,233712.0,1055146707.0
2025-07-25,45.03,45.3,44.51,45.21,175088.0,787759694.0
2025-07-28,45.48,45.59,44.79,44.99,152237.0,688079626.0
2025-07-29,44.73,45.13,44.59,44.95,134598.0,604779345.0
2025-07-30,44.8,45.05,43.93,44.24,153810.0,686726002.0
2025-07-31,44.16,44.66,43.15,43.34,164927.0,724854585.0
2025-08-01,43.4,44.18,43.02,43.58,134220.0,587576382.0
2025-08-04,43.45,44.34,43.25,44.02,113311.0,498523185.0
2025-08-05,43.95,44.05,43.75,43.94,93686.0,412038134.0
2025-08-06,43.9,44.55,43.62,44.36,114926.0,508332285.0
2025-08-07,44.45,45.11,44.16,44.58,200564.0,897561605.0
2025-08-08,44.56,44.57,43.66,43.71,132105.0,581673661.0
2025-08-11,43.7,44.28,43.6,43.94,113470.0,500379170.0
2025-08-12,43.95,44.7,43.56,44.6,189833.0,840350521.0
2025-08-13,44.57,45.36,44.38,45.23,253106.0,1143703659.0
2025-08-14,45.41,46.08,44.55,44.74,262033.0,1191210080.0
2025-08-15,44.54,45.72,44.52,45.54,222655.0,1009254294.0
2025-08-18,45.88,51.8,45.54,49.45,580914.0,2821194718.0
2025-08-19,49.5,49.54,48.14,48.32,302656.0,1477792225.0
2025-08-20,48.08,49.39,47.23,49.35,329347.0,1596265547.0
2025-08-21,49.4,49.79,48.41,48.66,264813.0,1300777490.0
2025-08-22,48.66,51.78,48.58,51.05,512038.0,2588069825.0
2025-08-25,51.9,54.29,50.53,51.21,537558.0,2785849189.0
2025-08-26,50.64,51.91,50.11,50.84,334197.0,1706433382.0
2025-08-27,51.03,61.03,50.63,59.49,1265321.0,7356357328.0
2025-08-28,59.91,62.4,58.33,61.22,953504.0,5778191223.0
2025-08-29,60.7,61.45,58.07,59.65,648078.0,3866722720.0
2025-09-01,60.44,64.45,57.74,62.4,782837.0,4770825952.0
2025-09-02,63.33,63.41,58.41,58.81,549324.0,3320491573.0
2025-09-03,59.38,61.33,58.45,59.26,450342.0,2701118538.0
2025-09-04,59.65,60.2,53.26,54.06,566556.0,3168632449.0
2025-09-05,54.61,57.3,53.85,56.96,381116.0,2109174503.0
2025-09-08,57.76,58.76,56.5,58.4,356577.0,2063681590.0
2025-09-09,58.08,58.1,55.1,55.61,263381.0,1488526674.0
2025-09-10,55.81,57.38,55.5,56.35,220319.0,1245073187.0
2025-09-11,55.93,59.75,55.51,59.0,387918.0,2256436226.0
2025-09-12,60.71,62.66,59.45,61.09,473163.0,2909551275.0
2025-09-15,62.11,62.27,58.64,59.76,337591.0,2019753690.0
2025-09-16,59.9,61.05,59.28,59.62,264350.0,1584695075.0
2025-09-17,59.91,65.0,59.7,64.65,489812.0,3078968466.0
2025-09-18,66.65,68.78,63.56,64.79,566382.0,3750239228.0
2025-09-19,65.77,67.03,63.7,63.89,344106.0,2244184863.0
2025-09-22,63.91,67.7,63.9,66.79,382318.0,2515256453.0
2025-09-23,80.17,80.17,77.78,80.17,530374.0,4240697124.0
2025-09-24,86.92,96.22,86.12,96.22,1239245.0,11289732801.0
2025-09-25,97.63,99.4,92.3,94.49,1118169.0,10587162080.0
2025-09-26,94.03,96.56,90.01,95.5,1105853.0,10361598436.0
2025-09-29,94.9,106.89,94.45,104.02,1112262.0,11046704195.0
2025-09-30,103.9,107.56,97.91,99.52,940317.0,9636292006.0
2025-10-09,101.1,102.49,94.9,95.44,812666.0,8047662455.0
2025-10-10,94.41,98.66,93.41,94.65,645976.0,6185127858.0
2025-10-13,91.91,95.41,90.86,92.16,587474.0,5468588237.0
2025-10-14,93.4,93.86,83.5,83.83,780441.0,6849536056.0
2025-10-15,83.93,85.27,83.02,84.68,497182.0,4194761616.0
2025-10-16,83.9,87.35,83.34,84.9,477880.0,4085074680.0
2025-10-17,84.9,85.41,82.34,82.73,363989.0,3043133268.0
2025-10-20,84.5,84.91,81.4,81.95,372188.0,3096288072.0
2025-10-21,82.3,85.17,80.92,84.77,490501.0,4091350603.0
2025-10-22,83.3,87.17,82.41,85.2,476207.0,4039817827.0
2025-10-23,83.63,84.15,81.42,83.33,300779.0,2495328440.0
2025-10-24,84.7,88.7,83.93,88.52,647772.0,5620148646.0
2025-10-27,90.38,92.79,89.01,90.71,699627.0,6365268454.0
2025-10-28,89.04,91.4,87.37,88.05,511449.0,4569079649.0
2025-10-29,86.75,92.42,86.75,92.42,554430.0,4999820174.0
2025-10-30,92.2,93.68,87.9,87.9,535795.0,4848077704.0
2025-10-31,89.66,89.68,83.22,83.5,430338.0,3665868533.0
2025-11-03,82.55,83.4,78.78,82.32,460424.0,3729955402.0
2025-11-04,81.9,82.9,80.5,81.21,249933.0,2044940478.0
2025-11-05,78.9,80.88,78.62,79.78,252625.0,2014213633.0
2025-11-06,80.91,84.07,79.81,83.16,399464.0,3295832306.0
2025-11-07,81.92,84.36,81.5,82.84,252147.0,2090585718.0
2025-11-10,82.52,84.0,80.4,82.06,262188.0,2156140223.0
2025-11-11,83.2,84.34,79.49,79.66,289412.0,2360187956.0
2025-11-12,78.77,80.66,77.72,79.5,215204.0,1703236716.0
2025-11-13,79.52,80.9,78.9,80.2,193551.0,1548644320.0
2025-11-14,79.1,81.08,77.71,78.51,197884.0,1568707630.0
2025-11-17,78.9,79.56,76.25,76.9,221176.0,1713977763.0
2025-11-18,76.5,80.78,76.4,79.0,340845.0,2705338709.0
2025-11-19,78.37,80.33,77.83,78.35,184769.0,1458256274.0
2025-11-20,79.3,79.82,77.16,77.25,146331.0,1143772102.0
2025-11-21,75.51,76.87,73.5,73.5,210273.0,1574227820.0
2025-11-24,73.9,75.25,72.83,73.52,200637.0,1483106713.0
2025-11-25,74.68,77.24,74.5,75.63,218312.0,1662733926.0
2025-11-26,74.99,78.06,74.78,76.9,233954.0,1805161076.0
2025-11-27,77.5,78.7,75.69,75.81,200344.0,1547766435.0
2025-11-28,76.13,77.4,75.3,77.01,178007.0,1364627383.0
2025-12-01,74.9,80.88,74.78,79.31,349324.0,2751319832.0
2025-12-02,78.92,80.02,78.01,78.58,183629.0,1451891319.0
2025-12-03,78.72,85.25,78.72,81.71,538757.0,4473998887.0
2025-12-04,82.4,88.71,81.4,87.4,632850.0,5418902916.0
2025-12-05,85.9,86.92,83.98,85.53,426717.0,3644598452.0
2025-12-08,84.9,88.12,84.59,87.72,428615.0,3718811721.0
2025-12-09,86.5,88.88,84.91,87.02,343620.0,2988577457.0
2025-12-10,86.0,90.4,86.0,89.9,432956.0,3836906183.0
2025-12-11,90.5,90.95,88.43,89.08,328105.0,2949323499.0
2025-12-12,89.94,94.9,88.14,93.4,522298.0,4813074840.0
2025-12-15,92.93,93.3,87.2,88.7,382625.0,3432739883.0
2025-12-16,89.4,89.8,85.9,87.46,311361.0,2737642665.0
2025-12-17,87.28,90.29,86.08,89.88,272054.0,2410676887.0
2025-12-18,88.87,90.31,87.75,88.39,188635.0,1675820021.0
2025-12-19,88.9,89.89,86.7,87.15,199422.0,1754810936.0
2025-12-22,87.54,95.13,87.53,94.47,406656.0,3805751532.0
2025-12-23,94.27,98.1,94.19,96.99,351031.0,3382305391.0
2025-12-24,96.99,99.79,94.81,98.69,326078.0,3184808109.0
2025-12-25,99.8,109.56,98.91,106.15,545948.0,5738468059.0
2025-12-26,107.42,108.02,103.99,104.93,322703.0,3400652168.0
2025-12-29,106.62,108.75,104.9,105.91,288786.0,3082067847.0
2025-12-30,106.54,111.9,104.58,105.6,380772.0,4099787810.0
2025-12-31,109.92,110.9,100.69,101.21,336689.0,3473376128.0
2026-01-05,101.92,106.86,101.9,105.9,369265.0,3865610099.0
2026-01-06,107.8,117.67,105.6,111.23,439390.0,4906848641.0
2026-01-07,114.9,129.75,112.7,125.8,601228.0,7123268315.0
2026-01-08,124.89,127.7,122.4,123.55,351531.0,4383991597.0
2026-01-09,120.89,125.4,118.0,123.5,364859.0,4451707633.0
2026-01-12,125.0,130.7,123.2,128.56,461200.0,5857833101.0
2026-01-13,127.28,128.79,121.9,122.71,334903.0,4172951882.0
2026-01-14,123.73,133.4,121.61,128.95,413887.0,5324948364.0
2026-01-15,126.97,137.59,126.34,137.2,402690.0,5292998775.0
2026-01-16,137.3,143.23,134.61,138.4,506860.0,7037189209.0
2026-01-19,138.9,141.89,134.55,138.15,290171.0,4001522737.0
2026-01-20,137.06,140.31,133.91,136.4,256966.0,3509766718.0
2026-01-21,136.6,144.78,134.9,138.5,332973.0,4640068912.0
2026-01-22,139.8,139.9,131.4,134.66,339754.0,4553862426.0
2026-01-23,132.8,140.8,129.7,140.0,336287.0,4530789009.0
2026-01-26,137.02,137.56,128.91,130.07,322228.0,4228243022.0
2026-01-27,129.36,133.12,127.5,130.94,281459.0,3676352790.0
2026-01-28,131.49,133.73,128.86,132.59,257445.0,3379244227.0
2026-01-29,132.2,135.82,125.35,125.52,395523.0,5132580083.0
2026-01-30,124.34,128.64,121.32,127.43,329350.0,4139684991.0
2026-02-02,124.43,125.39,119.9,120.51,314795.0,3836420266.0
2026-02-03,125.9,129.7,123.6,129.05,314456.0,3999797170.0
2026-02-04,127.41,132.12,127.13,129.54,200704.0,2601551754.0
2026-02-05,126.9,129.4,123.91,128.15,192140.0,2432567460.0
2026-02-06,126.15,129.48,124.92,125.93,157232.0,2000628310.0
2026-02-09,128.9,131.23,126.71,130.84,218847.0,2834856375.0
2026-02-10,128.4,130.61,126.02,128.1,200862.0,2570741367.0
2026-02-11,127.9,130.4,126.68,128.8,148424.0,1916258560.0
2026-02-12,129.96,132.4,127.9,129.1,178403.0,2312141015.0
2026-02-13,127.88,133.89,127.41,130.49,214777.0,2824150330.0
2026-02-24,132.18,134.72,127.13,131.95,204047.0,2674438018.0
2026-02-25,134.88,142.4,127.92,139.88,352968.0,4778626587.0
2026-02-26,139.74,151.0,133.78,148.1,385162.0,5485692259.0
2026-02-27,143.8,146.34,140.6,144.4,249330.0,3570892859.0
2026-03-02,140.5,147.02,140.02,140.1,229196.0,3279567910.0
2026-03-03,141.2,141.4,128.48,128.8,249158.0,3329332240.0
2026-03-04,126.49,131.78,126.49,129.0,163809.0,2120541216.0
2026-03-05,132.9,134.75,129.11,130.75,184563.0,2439822468.0
2026-03-06,131.48,132.08,128.01,128.85,129522.0,1678860562.0
2026-03-09,122.42,127.4,120.2,126.8,217128.0,2678318080.0
2026-03-10,129.9,133.66,129.25,132.55,179012.0,2364679696.0
2026-03-11,132.04,134.18,127.7,128.87,177042.0,2312495198.0
2026-03-12,128.91,129.4,123.15,124.49,175318.0,2203819369.0
2026-03-13,123.49,128.0,122.41,124.1,140711.0,1755792703.0
2026-03-16,123.88,124.34,118.62,123.48,177542.0,2155423971.0
2026-03-17,124.36,126.8,121.11,121.5,151630.0,1877445683.0
2026-03-18,123.9,128.75,122.9,128.55,211632.0,2679710664.0
2026-03-19,125.9,126.75,123.6,124.25,149601.0,1868534783.0
2026-03-20,125.82,128.4,123.45,123.52,176760.0,2229806653.0
2026-03-23,120.99,123.25,114.89,116.9,184923.0,2198318213.0
2026-03-24,118.9,121.4,116.45,120.82,148131.0,1765495754.0
2026-03-25,123.78,126.96,121.91,124.04,168001.0,2097916465.0
2026-03-26,123.5,124.79,120.34,120.79,108425.0,1325936815.0
2026-03-27,118.81,124.38,117.89,122.99,114829.0,1402868283.0
2026-03-30,121.14,126.78,119.7,125.39,162318.0,2005092872.0
2026-03-31,125.01,125.5,120.8,120.95,128850.0,1585190592.0
2026-04-01,123.9,127.79,122.9,124.38,150864.0,1890043334.0
2026-04-02,123.9,124.26,114.45,115.7,211909.0,2497061998.0
2026-04-03,117.02,117.4,114.6,114.9,101802.0,1179998656.0
2026-04-07,116.4,121.9,115.4,118.88,149196.0,1771605404.0
2026-04-08,124.9,130.97,123.25,130.41,253288.0,3227026734.0
2026-04-09,128.7,136.06,127.91,134.1,227307.0,3034237418.0
2026-04-10,135.97,140.8,135.0,137.95,192344.0,2656317234.0
2026-04-13,136.86,138.9,134.91,135.19,149717.0,2044839134.0
2026-04-14,137.08,142.2,135.9,139.72,222662.0,3105437259.0
2026-04-15,140.9,147.9,139.2,141.11,228754.0,3267359938.0
2026-04-16,141.12,154.41,141.12,153.99,307524.0,4617869922.0
2026-04-17,153.6,153.6,148.65,150.6,213630.0,3215622312.0
2026-04-20,150.89,155.45,150.4,151.7,189293.0,2888571746.0
2026-04-21,151.34,151.34,146.31,148.2,155107.0,2300590881.0
2026-04-22,147.9,152.81,147.16,152.2,182743.0,2749154630.0
2026-04-23,153.42,159.57,151.83,155.51,208448.0,3240245450.0
2026-04-24,157.4,161.2,154.56,157.9,185311.0,2920757716.0
2026-04-27,160.73,178.9,158.48,174.92,436266.0,7359775161.0
2026-04-28,176.36,187.9,173.89,179.21,391566.0,7072236148.0
2026-04-29,178.74,180.48,171.83,174.2,277522.0,4867648520.0
2026-04-30,176.19,177.19,167.22,174.1,326916.0,5617993935.0
2026-05-06,177.6,183.4,175.26,176.1,342173.0,6127315750.0
2026-05-07,177.68,187.49,173.35,185.7,305113.0,5525587284.0
2026-05-08,179.91,187.4,179.37,181.91,219670.0,4006336156.0
2026-05-11,185.9,218.31,183.88,218.31,470624.0,9729833581.0
2026-05-12,219.89,219.9,208.9,212.98,307598.0,6545371892.0
2026-05-13,210.02,227.9,202.71,227.9,406427.0,8787811300.0
2026-05-14,224.9,226.14,208.2,208.77,386715.0,8291834451.0
2026-05-15,212.94,219.21,194.88,209.4,434012.0,8974817236.0
2026-05-18,210.9,213.9,203.21,209.07,289392.0,6061852395.0
2026-05-19,208.39,227.58,203.05,223.95,389886.0,8421963133.0
2026-05-20,229.72,249.67,227.97,241.46,381253.0,9048867134.0
2026-05-21,243.9,257.92,233.9,234.67,426754.0,10477285227.0
2026-05-22,237.61,241.67,229.4,235.92,348710.0,8186842432.0
2026-05-25,235.9,258.58,225.93,247.9,383323.0,9208390944.0
2026-05-26,243.44,247.83,228.9,235.0,315271.0,7424947227.0
2026-05-27,233.9,235.9,219.06,220.1,343397.0,7805080599.0
2026-05-28,221.3,222.9,213.92,218.93,270932.0,5924919737.0
2026-05-29,222.4,223.5,207.58,210.69,288253.0,6157272613.0
2026-06-01,208.9,218.5,203.13,203.54,265570.0,5576107030.0
2026-06-02,204.9,212.2,199.63,207.52,232973.0,4818477593.0
2026-06-03,208.11,222.49,205.9,214.15,316187.0,6798802005.0
2026-06-04,214.0,227.86,211.0,223.35,273089.0,6090663867.0
2026-06-05,218.36,218.51,205.6,206.73,305963.0,6466971413.0
2026-06-08,190.0,206.0,190.0,200.4,227561.0,4587365819.0
2026-06-09,207.22,213.99,203.2,212.73,214971.0,4507630947.0
2026-06-10,212.5,232.85,210.79,226.74,363042.0,8189959401.0
2026-06-11,229.0,234.27,225.01,232.84,292254.0,6725441899.0
2026-06-12,247.1,253.38,223.12,223.12,375510.0,8947298842.0
2026-06-15,230.0,232.5,220.18,231.45,233135.0,5339289282.0
2026-06-16,231.5,243.49,229.5,240.4,238415.0,5663077205.0
2026-06-17,236.0,265.0,236.0,264.01,313188.0,7877377085.0
2026-06-18,263.0,271.21,261.56,264.1,220181.0,5840972984.0
2026-06-22,267.0,268.95,254.72,268.49,246640.0,6470814696.0
2026-06-23,269.98,294.97,268.78,279.4,455451.0,12701921747.0
2026-06-24,275.26,314.63,272.68,307.35,405481.0,11868736306.0
2026-06-25,310.01,316.5,298.9,309.99,324229.0,9958511376.0
2026-06-26,311.0,332.0,310.95,314.9,351554.0,11288282236.0
2026-06-29,318.0,338.0,311.03,337.9,356787.0,11694486937.0
2026-06-30,331.0,345.43,324.0,341.42,280997.0,9456545579.0
2026-07-01,349.91,363.58,325.0,333.67,324026.0,11190942175.0
2026-07-02,316.99,329.99,297.99,301.46,395247.0,12372749899.0
2026-07-03,300.0,313.21,286.0,302.71,342750.0,10268910549.0
2026-07-06,307.46,313.5,289.99,304.0,262994.0,7952964501.0
2026-07-07,298.0,311.88,295.66,304.33,202767.0,6151253409.0
2026-07-08,305.02,332.18,287.59,317.22,311328.0,9707940984.0
2026-07-09,325.0,375.18,310.49,374.0,397850.0,13456200988.0
2026-07-10,379.6,395.0,349.18,352.31,387162.0,14616432987.0
2026-07-13,352.13,358.88,320.15,325.24,351625.0,11922819546.0
2026-07-14,332.0,341.5,312.01,335.62,336845.0,11101954879.0
2026-07-15,344.0,344.02,303.0,304.44,343575.0,10787215944.0
2026-07-16,303.05,309.97,288.0,293.13,254962.0,7572872634.0
2026-07-17,291.89,297.0,273.57,278.76,330970.0,9459544562.0
2026-07-20,288.99,296.66,253.01,265.0,362408.0,9930692552.0
2026-07-21,275.0,318.0,259.0,318.0,414817.0,12047998280.0
2026-07-22,313.47,329.78,308.0,309.05,375620.0,11890881906.0
2026-07-23,309.28,313.0,286.0,291.24,286686.0,8465943736.0
2026-07-24,285.42,310.28,282.39,303.5,292968.0,8803806517.0
2026-07-27,301.88,312.14,284.01,304.7,280362.0,8384316794.0
2026-07-28,294.0,302.29,274.0,276.4,272718.0,7819032681.09
2026-07-29,279,286,249,271,34102500.0,
2026-07-30,270.01,278,243.95,245.5,34742600.0,
2026-07-31,277.62,283.54,259.18,259.64,34973000.0,
2026-08-03,255.06,257.98,226.38,227.42,35791300.0,
2026-08-04,228.59,249.98,224.25,245.82,29984700.0,
2026-08-05,244.03,280,243.76,272,30707000.0,
