date,open,high,low,close,volume,amount
2015-02-25,0.196,0.196,0.196,0.196,4300.0,
2015-02-26,0.470,0.470,0.470,0.470,2800.0,
2015-02-27,0.772,0.772,0.772,0.772,5600.0,
2015-03-02,1.104,1.104,1.104,1.104,21500.0,
2015-03-03,1.470,1.470,1.470,1.470,173500.0,
2015-03-04,1.871,1.871,1.754,1.871,2628600.0,
2015-03-05,2.147,2.313,2.032,2.313,2247200.0,
2015-03-06,2.800,2.800,2.402,2.489,9185000.0,
2015-03-09,1.993,2.192,1.985,2.058,5544900.0,
2015-03-10,1.983,2.215,1.904,2.110,3738300.0,
2015-03-11,2.058,2.177,1.985,2.059,3283900.0,
2015-03-12,2.066,2.130,1.801,1.821,3325900.0,
2015-03-13,1.838,2.024,1.832,1.990,2120200.0,
2015-03-16,2.081,2.276,2.025,2.161,2820700.0,
2015-03-17,2.147,2.266,2.106,2.163,3192600.0,
2015-03-18,2.139,2.406,2.118,2.331,3133600.0,
2015-03-19,2.337,2.450,2.272,2.407,2427400.0,
2015-03-20,2.373,2.511,2.326,2.391,2389100.0,
2015-03-23,2.413,2.445,2.334,2.420,2236500.0,
2015-03-24,2.438,2.790,2.398,2.649,3377300.0,
2015-03-25,2.633,3.169,2.527,3.169,3358500.0,
2015-03-26,3.167,3.167,2.605,2.715,3603300.0,
2015-03-27,2.637,2.795,2.564,2.722,1455308.0,
2015-03-30,2.657,2.738,2.319,2.470,1961000.0,
2015-03-31,2.470,2.574,2.394,2.487,1125200.0,
2015-04-01,2.492,2.591,2.462,2.586,1232900.0,
2015-04-02,2.603,2.782,2.603,2.717,1607200.0,
2015-04-03,2.653,2.752,2.607,2.746,2296500.0,
2015-04-07,2.762,3.015,2.762,2.968,2163300.0,
2015-04-08,2.956,2.981,2.552,2.754,2455400.0,
2015-04-09,2.712,2.997,2.542,2.976,2435600.0,
2015-04-10,2.956,3.301,2.862,3.118,2647000.0,
2015-04-13,3.037,3.570,3.037,3.361,2110200.0,
2015-04-14,3.280,3.472,3.135,3.230,1850000.0,
2015-04-15,3.199,3.199,2.795,2.874,1715200.0,
2015-04-16,2.874,3.157,2.825,3.001,1282300.0,
2015-04-17,3.006,3.074,2.846,2.875,1424300.0,
2015-04-20,2.878,2.980,2.663,2.703,1598600.0,
2015-04-21,2.714,2.996,2.713,2.989,1345100.0,
2015-04-22,3.003,3.129,2.989,3.058,1605000.0,
2015-04-23,3.144,3.149,2.956,3.010,1243800.0,
2015-04-24,2.877,2.995,2.802,2.976,1534900.0,
2015-04-27,3.199,3.480,3.157,3.208,2135600.0,
2015-04-28,3.127,3.661,3.127,3.483,3439300.0,
2015-04-29,3.361,4.074,3.261,3.922,3324400.0,
2015-04-30,3.847,4.144,3.774,3.791,3008900.0,
2015-05-04,3.688,3.764,3.361,3.644,1882800.0,
2015-05-05,3.568,3.730,3.398,3.546,1699400.0,
2015-05-06,3.604,4.009,3.544,3.621,1815200.0,
2015-05-07,3.540,3.540,3.295,3.361,1473200.0,
2015-05-08,3.459,3.904,3.458,3.869,2398900.0,
2015-05-11,3.904,4.309,3.872,4.243,2663200.0,
2015-05-12,4.333,4.356,4.002,4.240,2649300.0,
2015-05-13,4.050,4.647,4.008,4.374,2884600.0,
2015-05-14,4.487,5.066,4.453,5.066,1366600.0,
2015-05-15,5.467,5.548,4.847,5.094,2990900.0,
2015-05-18,5.133,5.859,5.133,5.859,2632500.0,
2015-05-19,5.936,5.936,5.305,5.629,2356800.0,
2015-05-20,5.548,6.002,5.344,5.408,2348400.0,
2015-05-21,5.433,5.781,5.255,5.634,1896600.0,
2015-05-22,5.633,5.880,5.265,5.597,1849400.0,
2015-05-25,5.329,6.384,5.228,6.228,2308000.0,
2015-05-26,6.074,6.890,6.042,6.803,1857600.0,
2015-05-27,6.812,7.735,6.560,7.735,2216400.0,
2015-05-28,7.613,8.666,7.047,7.047,2627500.0,
2015-05-29,6.891,7.463,6.317,7.028,2360000.0,
2015-06-01,7.045,7.192,6.563,7.024,1712400.0,
2015-06-02,6.949,7.436,6.875,7.386,1643800.0,
2015-06-03,7.322,7.336,6.560,6.836,1385900.0,
2015-06-04,6.695,6.835,5.901,6.025,1693300.0,
2015-06-05,6.235,6.560,5.993,6.188,1592400.0,
2015-06-08,6.129,6.129,5.318,5.795,2339800.0,
2015-06-09,5.589,5.908,5.469,5.727,1076200.0,
2015-06-10,5.669,6.236,5.508,6.074,1328400.0,
2015-06-11,6.073,6.228,5.977,6.188,1054400.0,
2015-06-12,6.186,6.273,5.856,5.874,1337500.0,
2015-06-15,5.912,5.912,5.149,5.160,1404900.0,
2015-06-16,4.891,5.320,4.688,5.166,1425100.0,
2015-06-17,5.167,5.418,4.790,5.363,1169900.0,
2015-06-18,5.274,5.385,4.660,4.801,917800.0,
2015-06-19,4.613,5.086,4.463,4.698,1022400.0,
2015-06-23,4.771,5.407,4.771,5.399,1477800.0,
2015-06-24,5.490,5.660,5.250,5.471,1700100.0,
2015-06-25,5.471,5.578,5.078,5.103,1196700.0,
2015-06-26,4.819,4.852,4.342,4.342,1299300.0,
2015-06-29,4.455,4.459,3.657,3.657,1447800.0,
2015-06-30,3.201,4.116,3.041,4.017,1817200.0,
2015-07-01,3.847,4.277,3.566,3.645,1722800.0,
2015-07-02,3.653,3.851,3.054,3.087,1507700.0,
2015-07-03,3.037,3.414,2.532,2.940,1433400.0,
2015-07-06,3.485,3.485,2.471,2.673,1608300.0,
2015-07-07,2.349,2.511,2.155,2.155,722100.0,
2015-07-08,1.688,1.922,1.688,1.689,2038800.0,
2015-07-09,1.461,2.109,1.458,2.109,1940200.0,
2015-07-10,2.511,2.571,2.432,2.571,624100.0,
2015-07-13,3.068,3.079,2.819,3.079,1802600.0,
2015-07-14,3.078,3.604,2.925,3.288,3202900.0,
2015-07-15,3.078,3.118,2.708,2.708,1888600.0,
2015-07-16,2.357,2.985,2.193,2.812,1720200.0,
2015-07-17,2.825,3.279,2.782,3.185,1547100.0,
2015-07-20,3.230,3.360,3.046,3.143,1722600.0,
2015-07-21,3.037,3.289,2.958,3.244,1420000.0,
2015-07-22,3.240,3.483,3.175,3.394,1657600.0,
2015-07-23,3.368,3.969,3.353,3.888,2317400.0,
2015-07-24,3.822,4.224,3.610,3.688,2554300.0,
2015-07-27,3.483,3.740,3.068,3.068,1988400.0,
2015-07-28,2.592,3.015,2.510,2.674,1663700.0,
2015-07-29,2.748,2.998,2.512,2.998,1458800.0,
2015-07-30,2.916,3.232,2.850,2.885,1482900.0,
2015-07-31,2.744,2.973,2.601,2.714,1059300.0,
2015-08-03,2.673,2.673,2.203,2.276,1098800.0,
2015-08-04,2.301,2.755,2.301,2.755,1262700.0,
2015-08-05,2.784,2.997,2.692,2.848,1549000.0,
2015-08-06,2.697,3.010,2.691,2.945,1249600.0,
2015-08-07,3.110,3.230,2.949,3.206,1516300.0,
2015-08-10,3.313,3.726,3.151,3.564,1570100.0,
2015-08-11,3.483,3.645,3.410,3.444,1316000.0,
2015-08-12,3.361,3.456,3.230,3.230,1222200.0,
2015-08-13,3.175,3.659,3.175,3.659,2715200.0,
2015-08-14,3.645,3.935,3.524,3.880,2380700.0,
2015-08-17,3.735,3.872,3.414,3.622,1595100.0,
2015-08-18,3.612,3.646,3.009,3.009,1194700.0,
2015-08-19,2.835,3.146,2.535,3.078,1004300.0,
2015-08-20,2.995,3.068,2.730,2.758,759800.0,
2015-08-21,2.637,2.648,2.349,2.349,1442600.0,
2015-08-24,2.025,2.074,1.863,1.863,994500.0,
2015-08-25,1.434,1.737,1.426,1.426,1272400.0,
2015-08-26,1.515,1.741,1.304,1.523,1459900.0,
2015-08-27,1.701,1.741,1.426,1.678,1069500.0,
2015-08-28,1.741,1.977,1.653,1.934,1205700.0,
2015-08-31,1.865,1.865,1.548,1.560,888300.0,
2015-09-01,1.515,1.515,1.155,1.155,961100.0,
2015-09-02,0.920,1.365,0.920,1.089,1020500.0,
2015-09-07,1.280,1.369,1.159,1.222,807300.0,
2015-09-08,1.222,1.592,1.118,1.542,1216300.0,
2015-09-09,1.587,1.837,1.539,1.756,1511300.0,
2015-09-10,1.624,1.770,1.624,1.645,715600.0,
2015-09-11,1.661,1.781,1.645,1.742,850600.0,
2015-09-14,1.765,1.823,1.317,1.317,1191000.0,
2015-09-15,1.225,1.418,1.176,1.286,740400.0,
2015-09-16,1.280,1.666,1.280,1.665,1114700.0,
2015-09-17,1.664,1.815,1.579,1.612,1359800.0,
2015-09-18,1.621,1.781,1.560,1.721,909500.0,
2015-09-21,1.674,1.940,1.653,1.934,1154400.0,
2015-09-22,1.958,1.985,1.828,1.903,1207000.0,
2015-09-23,1.835,1.989,1.807,1.870,952200.0,
2015-09-24,1.887,2.026,1.887,1.964,1255200.0,
2015-09-25,1.944,1.985,1.629,1.674,918100.0,
2015-09-28,1.667,1.876,1.636,1.857,799000.0,
2015-09-29,1.755,1.944,1.726,1.882,1067800.0,
2015-09-30,1.889,1.943,1.751,1.835,645300.0,
2015-10-08,1.969,2.228,1.934,2.135,1522700.0,
2015-10-09,2.138,2.175,2.045,2.140,927500.0,
2015-10-12,2.157,2.442,2.156,2.376,1319400.0,
2015-10-13,2.309,2.592,2.272,2.581,1349500.0,
2015-10-14,2.592,2.748,2.512,2.514,1430600.0,
2015-10-15,2.445,2.988,2.445,2.955,1439700.0,
2015-10-16,3.013,3.045,2.725,2.902,1389600.0,
2015-10-19,2.865,2.900,2.680,2.747,1420500.0,
2015-10-20,2.748,2.916,2.714,2.872,1057000.0,
2015-10-21,2.850,2.905,2.370,2.406,1842100.0,
2015-10-22,2.507,2.686,2.428,2.663,1046600.0,
2015-10-23,2.709,2.914,2.673,2.892,1288900.0,
2015-10-26,2.979,3.190,2.939,3.188,1749800.0,
2015-10-27,3.078,3.337,2.938,3.323,1544800.0,
2015-10-28,3.236,3.465,3.161,3.321,1768900.0,
2015-10-29,3.364,3.482,3.204,3.394,1125300.0,
2015-10-30,3.393,3.969,3.240,3.725,1680200.0,
2015-11-02,3.564,4.291,3.473,3.973,2059900.0,
2015-11-03,3.967,4.244,3.892,4.030,1337600.0,
2015-11-04,4.041,4.345,3.935,4.329,1633300.0,
2015-11-05,4.277,4.692,4.204,4.366,1415600.0,
2015-11-06,4.414,5.053,4.414,5.053,1652100.0,
2015-11-09,4.885,5.491,4.762,5.386,2033700.0,
2015-11-10,5.225,5.862,5.143,5.695,1809600.0,
2015-11-11,5.702,6.516,5.541,6.516,2043900.0,
2015-11-12,6.807,6.831,6.089,6.554,2851700.0,
2015-11-13,6.317,6.334,5.648,5.648,3008200.0,
2015-11-16,5.232,5.769,5.184,5.765,1443200.0,
2015-11-17,5.766,6.066,5.467,5.592,1613200.0,
2015-11-18,5.669,5.669,4.941,4.979,1229000.0,
2015-11-19,4.969,5.589,4.969,5.512,1180300.0,
2015-11-20,5.546,5.801,5.348,5.594,1182500.0,
2015-11-23,5.589,5.815,5.305,5.354,1065600.0,
2015-11-24,5.425,6.140,5.314,6.140,2111000.0,
2015-11-25,6.139,6.234,5.889,6.144,1758800.0,
2015-11-26,6.144,6.479,5.823,5.872,1615500.0,
2015-11-27,5.669,6.138,5.350,5.609,1565400.0,
2015-11-30,5.627,6.314,5.524,6.271,1501100.0,
2015-12-01,6.173,6.706,5.410,5.807,1915500.0,
2015-12-02,5.750,5.823,4.976,5.807,1392800.0,
2015-12-03,5.781,6.192,5.671,6.012,1033100.0,
2015-12-04,5.994,6.224,5.669,5.682,1212400.0,
2015-12-07,5.687,5.749,5.346,5.479,1232900.0,
2015-12-08,5.479,5.737,5.427,5.523,940400.0,
2015-12-09,5.427,5.501,5.086,5.248,954100.0,
2015-12-10,5.180,5.319,5.039,5.063,624500.0,
2015-12-11,5.066,5.174,5.031,5.055,484200.0,
2015-12-14,4.951,5.391,4.941,5.368,588800.0,
2015-12-15,5.400,5.539,5.252,5.273,555100.0,
2015-12-16,5.385,6.050,5.289,5.837,1268500.0,
2015-12-17,5.840,6.270,5.840,6.186,1172500.0,
2015-12-18,6.236,6.253,5.844,5.957,833800.0,
2015-12-21,5.852,6.804,5.840,6.529,1746900.0,
2015-12-22,6.544,7.168,6.390,7.045,1294100.0,
2015-12-23,8.001,8.001,8.001,8.001,253300.0,
2015-12-24,8.818,9.052,8.195,9.052,3341900.0,
2015-12-25,8.818,8.991,7.937,8.181,3369500.0,
2015-12-28,8.195,8.665,7.520,7.532,3098500.0,
2015-12-29,7.532,7.608,7.046,7.220,1677300.0,
2015-12-30,7.289,7.692,6.900,7.605,1614000.0,
2015-12-31,7.475,7.483,6.641,6.844,1317700.0,
2016-01-04,6.721,6.803,5.908,5.908,814300.0,
2016-01-05,5.265,6.228,5.265,5.912,1547400.0,
2016-01-06,5.912,6.222,5.791,6.195,1379000.0,
2016-01-07,5.993,6.002,5.324,5.324,326200.0,
2016-01-08,5.668,5.783,4.617,5.386,1121700.0,
2016-01-11,5.151,5.151,4.596,4.596,1114400.0,
2016-01-12,4.558,4.818,4.456,4.639,983600.0,
2016-01-13,4.617,4.738,3.928,3.929,1077600.0,
2016-01-14,3.787,4.573,3.645,4.573,1072900.0,
2016-01-15,4.584,4.777,4.374,4.454,1156500.0,
2016-01-18,4.374,4.937,4.025,4.795,1034400.0,
2016-01-19,4.795,5.127,4.633,5.050,1006900.0,
2016-01-20,4.900,5.164,4.799,4.937,783900.0,
2016-01-21,4.860,5.099,4.374,4.414,973000.0,
2016-01-22,4.557,4.931,4.409,4.931,834700.0,
2016-01-25,4.973,5.081,4.860,4.975,636400.0,
2016-01-26,4.860,4.860,4.227,4.227,782300.0,
2016-01-27,4.131,4.292,3.635,4.245,729700.0,
2016-01-28,3.977,4.170,3.570,3.580,603100.0,
2016-01-29,3.564,3.968,3.485,3.839,767000.0,
2016-02-01,3.791,4.040,3.726,3.886,546400.0,
2016-02-02,3.886,4.203,3.847,4.120,760400.0,
2016-02-03,3.974,4.074,3.807,4.048,744800.0,
2016-02-04,4.048,4.389,3.970,4.285,770300.0,
2016-02-05,4.224,4.283,3.758,3.807,1239400.0,
2016-02-15,3.491,3.791,3.352,3.716,670000.0,
2016-02-16,3.717,4.194,3.717,4.179,890200.0,
2016-02-17,4.135,4.281,4.010,4.196,1833100.0,
2016-02-18,4.276,4.745,4.125,4.528,2468700.0,
2016-02-19,4.390,4.481,4.281,4.388,1726500.0,
2016-02-22,4.483,4.537,4.366,4.481,1415000.0,
2016-02-23,4.481,4.694,4.329,4.518,1849300.0,
2016-02-24,4.528,4.614,3.837,4.170,2110700.0,
2016-02-25,4.050,4.106,3.502,3.502,1631900.0,
2016-02-26,3.524,3.645,3.182,3.307,1092600.0,
2016-02-29,3.256,3.256,2.726,2.726,1246700.0,
2016-03-01,2.726,2.921,2.404,2.812,1088900.0,
2016-03-02,2.763,3.078,2.714,3.021,1043300.0,
2016-03-03,3.021,3.239,2.876,2.888,1038900.0,
2016-03-04,2.937,3.224,2.676,2.956,1654400.0,
2016-03-07,3.135,3.287,3.029,3.078,1249200.0,
2016-03-08,2.999,3.101,2.519,3.089,1254000.0,
2016-03-09,2.920,3.062,2.852,2.876,752500.0,
2016-03-10,2.880,2.996,2.726,2.739,636900.0,
2016-03-11,2.731,2.938,2.659,2.889,692700.0,
2016-03-14,3.077,3.362,2.998,3.264,1243700.0,
2016-03-15,3.217,3.264,3.135,3.153,893800.0,
2016-03-16,3.263,3.318,2.942,3.012,870900.0,
2016-03-17,3.023,3.368,3.015,3.334,1234900.0,
2016-03-18,3.345,3.693,3.334,3.680,1729900.0,
2016-03-21,3.698,3.864,3.629,3.811,1803100.0,
2016-03-22,3.726,4.077,3.646,3.929,1672800.0,
2016-03-23,3.888,3.993,3.815,3.993,1203300.0,
2016-03-24,3.945,4.186,3.847,3.991,1683300.0,
2016-03-25,3.944,4.204,3.885,4.132,1398300.0,
2016-03-28,4.179,4.277,3.898,3.941,1674200.0,
2016-03-29,3.917,3.967,3.564,3.637,1300600.0,
2016-03-30,3.710,4.116,3.707,4.111,1289700.0,
2016-03-31,4.131,4.520,4.131,4.455,2012400.0,
2016-04-01,4.374,4.843,4.318,4.811,2030300.0,
2016-04-05,4.827,5.031,4.635,5.021,1557200.0,
2016-04-06,4.916,5.130,4.890,5.070,1247100.0,
2016-04-07,5.062,5.532,4.982,5.305,1829200.0,
2016-04-08,5.282,5.588,4.810,5.085,2760800.0,
2016-04-11,5.188,5.750,4.876,5.726,3863700.0,
2016-04-12,5.508,5.548,4.903,4.903,4502900.0,
2016-04-13,4.903,5.141,4.792,4.895,3046700.0,
2016-04-14,4.937,4.981,4.827,4.957,1969200.0,
2016-04-15,4.924,5.092,4.884,4.924,1447500.0,
2016-04-18,4.860,4.860,4.617,4.737,1354800.0,
2016-04-19,4.754,4.931,4.746,4.894,1405600.0,
2016-04-20,5.005,5.005,4.252,4.367,2111600.0,
2016-04-21,4.374,4.526,4.290,4.293,1363900.0,
2016-04-22,4.220,4.487,4.149,4.479,1103800.0,
2016-04-25,4.475,4.475,4.245,4.411,1007100.0,
2016-04-26,4.358,4.556,4.358,4.552,967900.0,
2016-04-27,4.556,4.649,4.495,4.511,1015600.0,
2016-04-28,4.519,4.647,4.334,4.633,1001900.0,
2016-04-29,4.607,5.070,4.544,4.941,1924500.0,
2016-05-03,4.860,5.111,4.850,5.111,1582400.0,
2016-05-04,5.090,5.182,5.023,5.034,1405200.0,
2016-05-05,5.069,5.335,5.031,5.322,1683600.0,
2016-05-06,5.354,5.491,4.941,4.957,2191200.0,
2016-05-09,4.785,4.941,4.617,4.626,1401900.0,
2016-05-10,4.617,4.777,4.590,4.645,947100.0,
2016-05-11,4.698,4.766,4.295,4.307,1108400.0,
2016-05-12,4.333,4.613,4.259,4.471,1385600.0,
2016-05-13,4.430,4.928,4.422,4.856,1771700.0,
2016-05-16,4.843,5.201,4.779,5.201,1755300.0,
2016-05-17,5.208,5.442,4.907,4.960,2587200.0,
2016-05-18,4.738,4.858,4.268,4.455,2083500.0,
2016-05-19,4.460,4.613,4.018,4.047,4812100.0,
2016-05-20,3.854,4.314,3.779,4.217,4005200.0,
2016-05-23,4.267,4.399,4.166,4.231,3626400.0,
2016-05-24,4.237,4.239,3.953,4.016,2978100.0,
2016-05-25,4.099,4.354,4.047,4.115,3606500.0,
2016-05-26,4.034,4.211,3.787,4.192,3785800.0,
2016-05-27,4.087,4.283,4.034,4.051,2727100.0,
2016-05-30,4.012,4.196,3.941,4.109,2491500.0,
2016-05-31,4.132,4.591,4.109,4.504,4481900.0,
2016-06-01,4.520,4.798,4.500,4.597,4610600.0,
2016-06-02,4.541,5.014,4.541,4.976,5343200.0,
2016-06-03,5.004,5.472,4.978,5.267,7653800.0,
2016-06-06,5.271,5.346,5.022,5.099,4135700.0,
2016-06-07,5.099,5.229,5.081,5.170,3246900.0,
2016-06-08,5.035,5.146,4.945,4.958,3481700.0,
2016-06-13,4.783,4.822,4.318,4.318,4186500.0,
2016-06-14,4.219,4.435,4.219,4.318,2014000.0,
2016-06-15,4.219,4.731,4.217,4.642,3211400.0,
2016-06-16,4.644,4.802,4.492,4.547,2702900.0,
2016-06-17,4.573,4.800,4.563,4.656,2308000.0,
2016-06-20,4.668,4.954,4.449,4.885,3907800.0,
2016-06-21,4.945,5.146,4.725,4.783,3999800.0,
2016-06-22,4.703,4.986,4.630,4.966,3513200.0,
2016-06-23,4.964,5.166,4.931,5.091,5770700.0,
2016-06-24,5.083,5.103,4.516,4.814,5286400.0,
2016-06-27,4.723,5.166,4.723,5.166,5551300.0,
2016-06-28,5.132,5.929,5.079,5.929,7396600.0,
2016-06-29,6.201,6.241,5.751,6.004,9349700.0,
2016-06-30,5.954,5.978,5.719,5.798,5756400.0,
2016-07-01,5.804,6.085,5.705,5.755,5578000.0,
2016-07-04,5.674,6.140,5.468,6.008,5349300.0,
2016-07-05,5.927,6.019,5.796,5.907,4114800.0,
2016-07-06,5.848,6.039,5.796,5.840,3737400.0,
2016-07-07,5.846,5.911,5.462,5.622,4850600.0,
2016-07-08,5.595,5.735,5.553,5.634,2711000.0,
2016-07-11,5.684,5.735,5.286,5.306,5568700.0,
2016-07-12,5.336,5.579,5.180,5.557,4212700.0,
2016-07-13,5.599,5.672,5.482,5.583,3031000.0,
2016-07-14,5.656,5.784,5.553,5.715,3093100.0,
2016-07-15,5.703,5.747,5.565,5.593,2294700.0,
2016-07-18,5.605,5.605,5.348,5.411,2289000.0,
2016-07-19,5.411,5.666,5.348,5.666,2670200.0,
2016-07-20,5.672,5.697,5.492,5.512,2721600.0,
2016-07-21,5.492,5.737,5.442,5.539,3437700.0,
2016-07-22,5.506,5.767,5.506,5.648,4428200.0,
2016-07-25,5.553,5.630,5.387,5.464,2986900.0,
2016-07-26,5.482,5.589,5.444,5.589,2019700.0,
2016-07-27,5.561,5.612,4.796,5.122,4764900.0,
2016-07-28,4.986,5.026,4.593,4.836,3641500.0,
2016-07-29,4.840,4.929,4.692,4.723,1588900.0,
2016-08-01,4.628,4.694,4.194,4.413,2990700.0,
2016-08-02,4.419,4.498,4.395,4.480,1449400.0,
2016-08-03,4.429,4.500,4.395,4.468,1388000.0,
2016-08-04,4.460,4.589,4.421,4.559,1534100.0,
2016-08-05,4.520,4.613,4.435,4.460,1439400.0,
2016-08-08,4.460,4.652,4.405,4.638,1502300.0,
2016-08-09,4.638,4.719,4.622,4.690,1464100.0,
2016-08-10,4.705,4.753,4.662,4.676,1248300.0,
2016-08-11,4.686,4.686,4.520,4.524,1190100.0,
2016-08-12,4.498,4.648,4.490,4.636,1066500.0,
2016-08-15,4.638,4.978,4.630,4.919,2213900.0,
2016-08-16,4.824,4.919,4.783,4.854,2366100.0,
2016-08-17,4.800,4.895,4.783,4.854,1730900.0,
2016-08-18,4.806,4.856,4.755,4.804,1584100.0,
2016-08-19,4.840,4.935,4.779,4.834,1620300.0,
2016-08-22,4.824,4.881,4.490,4.500,1889100.0,
2016-08-23,4.453,4.656,4.453,4.555,1200400.0,
2016-08-24,4.553,4.723,4.522,4.646,1276100.0,
2016-08-25,4.571,4.694,4.435,4.694,1292000.0,
2016-08-26,4.733,5.018,4.672,4.745,1407600.0,
2016-08-29,4.747,4.860,4.747,4.759,1306200.0,
2016-08-30,4.810,4.836,4.723,4.723,1016300.0,
2016-08-31,4.783,4.783,4.591,4.642,1011200.0,
2016-09-01,4.698,4.711,4.630,4.640,953400.0,
2016-09-02,4.613,4.698,4.613,4.678,918000.0,
2016-09-05,4.674,4.759,4.628,4.646,1153000.0,
2016-09-06,4.646,5.055,4.591,4.980,3392500.0,
2016-09-07,4.945,5.024,4.864,4.887,2075400.0,
2016-09-08,4.889,5.213,4.875,5.209,3093600.0,
2016-09-09,5.170,5.306,5.087,5.152,3066600.0,
2016-09-12,4.986,5.063,4.824,4.824,2404700.0,
2016-09-13,4.889,4.954,4.794,4.895,1345400.0,
2016-09-14,4.856,4.869,4.626,4.672,2478400.0,
2016-09-19,4.674,4.771,4.648,4.759,1759200.0,
2016-09-20,4.759,4.773,4.617,4.632,2263500.0,
2016-09-21,4.636,4.974,4.595,4.962,3478700.0,
2016-09-22,4.966,5.205,4.885,5.160,5578400.0,
2016-09-23,5.308,5.836,5.235,5.391,7285400.0,
2016-09-26,5.612,5.794,5.223,5.302,6461200.0,
2016-09-27,5.251,5.723,5.239,5.697,5953200.0,
2016-09-28,5.693,5.772,5.529,5.585,4075400.0,
2016-09-29,5.587,5.634,5.433,5.547,2827700.0,
2016-09-30,5.551,5.721,5.411,5.660,3066600.0,
2016-10-10,5.796,5.984,5.676,5.885,4042700.0,
2016-10-11,5.907,5.907,5.705,5.755,3129200.0,
2016-10-12,5.674,5.826,5.585,5.593,2770200.0,
2016-10-13,5.593,5.634,5.450,5.565,2223600.0,
2016-10-14,5.551,5.614,5.466,5.561,1466900.0,
2016-10-17,5.573,5.603,5.330,5.358,2122700.0,
2016-10-18,5.373,5.525,5.320,5.492,2454700.0,
2016-10-19,5.472,5.522,5.363,5.401,1604700.0,
2016-10-20,5.421,5.691,5.377,5.648,2836700.0,
2016-10-21,5.632,5.634,5.243,5.498,2806500.0,
2016-10-24,5.462,5.462,5.199,5.286,5121500.0,
2016-10-25,5.284,5.318,5.138,5.263,2788500.0,
2016-10-26,5.209,5.350,5.138,5.213,1802800.0,
2016-10-27,5.213,5.247,5.178,5.229,1208600.0,
2016-10-28,5.188,5.267,5.101,5.101,1711300.0,
2016-10-31,5.067,5.126,4.954,5.103,1669000.0,
2016-11-01,5.101,5.247,5.091,5.229,2051600.0,
2016-11-02,5.249,5.249,5.067,5.111,1381200.0,
2016-11-03,5.057,5.209,5.057,5.122,2061400.0,
2016-11-04,5.122,5.170,5.063,5.083,1344000.0,
2016-11-07,5.085,5.124,5.022,5.081,1172000.0,
2016-11-08,5.109,5.199,5.103,5.199,1456800.0,
2016-11-09,5.199,5.217,5.002,5.087,1874400.0,
2016-11-10,5.152,5.306,5.138,5.278,2357000.0,
2016-11-11,5.278,5.496,5.249,5.373,3154700.0,
2016-11-14,5.330,5.472,5.231,5.286,2668900.0,
2016-11-15,5.286,5.314,5.182,5.271,1682500.0,
2016-11-16,5.314,5.405,5.255,5.280,2441500.0,
2016-11-17,5.282,5.361,5.237,5.342,2529200.0,
2016-11-18,5.342,5.361,5.184,5.201,2008300.0,
2016-11-21,5.201,5.284,5.186,5.223,1401500.0,
2016-11-22,5.223,5.468,5.221,5.450,3398100.0,
2016-11-23,5.480,5.480,5.306,5.332,2397200.0,
2016-11-24,5.300,5.338,5.164,5.186,2106400.0,
2016-11-25,5.168,5.168,4.864,5.116,2294600.0,
2016-11-28,5.089,5.114,4.986,5.014,1708900.0,
2016-11-29,5.014,5.077,4.931,4.935,1627800.0,
2016-11-30,4.945,5.061,4.891,4.996,1295400.0,
2016-12-01,4.974,5.059,4.974,5.002,1557300.0,
2016-12-02,5.000,5.045,4.745,4.767,2160900.0,
2016-12-05,4.703,4.743,4.624,4.715,1229100.0,
2016-12-06,4.743,4.804,4.682,4.725,804200.0,
2016-12-07,4.686,4.800,4.682,4.773,569200.0,
2016-12-08,4.783,4.834,4.733,4.757,670900.0,
2016-12-09,4.743,4.802,4.601,4.682,1124100.0,
2016-12-12,4.642,4.658,3.976,3.994,2186500.0,
2016-12-13,4.024,4.083,3.854,3.933,1365000.0,
2016-12-14,3.931,3.931,3.741,3.747,1190300.0,
2016-12-15,3.757,3.949,3.729,3.887,1366400.0,
2016-12-16,3.842,3.968,3.822,3.925,1017900.0,
2016-12-19,3.957,3.964,3.895,3.933,843500.0,
2016-12-20,3.913,3.964,3.913,3.933,681800.0,
2016-12-21,3.937,4.069,3.937,4.055,972900.0,
2016-12-22,4.014,4.069,3.925,3.951,763500.0,
2016-12-23,3.974,3.984,3.822,3.862,902100.0,
2016-12-26,3.885,4.075,3.814,4.071,1808800.0,
2016-12-27,4.055,4.146,3.994,4.008,1224300.0,
2016-12-28,3.984,4.061,3.974,4.030,924200.0,
2016-12-29,3.986,4.103,3.984,4.032,850700.0,
2016-12-30,4.010,4.117,3.996,4.089,851500.0,
2017-01-03,4.115,4.316,4.097,4.247,1248000.0,
2017-01-04,4.235,4.285,4.200,4.257,992200.0,
2017-01-05,4.217,4.271,4.101,4.125,1180000.0,
2017-01-06,4.125,4.235,4.125,4.235,1434000.0,
2017-01-09,4.285,4.285,4.138,4.152,969000.0,
2017-01-10,4.152,4.188,4.117,4.182,601200.0,
2017-01-11,4.150,4.314,3.822,4.063,961100.0,
2017-01-12,4.063,4.146,3.846,3.850,818300.0,
2017-01-13,3.785,3.937,3.670,3.696,1174100.0,
2017-01-25,3.411,3.868,3.411,3.672,1869500.0,
2017-01-26,3.609,3.690,3.512,3.597,1945300.0,
2017-02-03,3.607,3.650,3.470,3.488,836100.0,
2017-02-06,3.548,3.735,3.524,3.729,1855000.0,
2017-02-07,3.698,3.698,3.571,3.668,1534600.0,
2017-02-08,3.648,3.725,3.579,3.710,1220800.0,
2017-02-09,3.672,3.812,3.672,3.800,1447300.0,
2017-02-10,3.806,3.850,3.737,3.757,1013200.0,
2017-02-13,3.743,3.802,3.714,3.759,970500.0,
2017-02-14,3.731,3.793,3.692,3.763,997300.0,
2017-02-15,3.741,3.781,3.660,3.662,733200.0,
2017-02-16,3.658,3.710,3.617,3.656,925300.0,
2017-02-17,3.654,3.708,3.548,3.559,871400.0,
2017-02-20,3.591,3.650,3.518,3.644,820900.0,
2017-02-21,3.646,3.781,3.609,3.745,1186300.0,
2017-02-22,3.751,3.773,3.676,3.751,925000.0,
2017-02-23,3.747,3.812,3.706,3.795,1446600.0,
2017-02-24,3.783,3.889,3.731,3.856,1552200.0,
2017-02-27,3.856,3.878,3.743,3.767,1216500.0,
2017-02-28,3.745,3.800,3.672,3.765,1404000.0,
2017-03-01,3.765,3.984,3.753,3.903,2272500.0,
2017-03-02,3.909,3.953,3.791,3.798,1462900.0,
2017-03-03,3.791,3.911,3.747,3.876,1292400.0,
2017-03-06,3.876,4.055,3.828,4.051,1966400.0,
2017-03-07,4.051,4.085,3.984,4.057,1084300.0,
2017-03-08,4.065,4.115,3.966,3.976,1089700.0,
2017-03-09,3.974,3.996,3.913,3.939,955600.0,
2017-03-10,3.951,4.038,3.927,3.988,921500.0,
2017-03-13,3.980,4.040,3.913,4.014,1432500.0,
2017-03-14,4.020,4.024,3.943,3.988,1209100.0,
2017-03-15,3.974,3.974,3.909,3.939,774800.0,
2017-03-16,3.945,4.109,3.945,4.103,1603000.0,
2017-03-17,4.075,4.125,3.915,3.959,1471600.0,
2017-03-20,3.872,3.974,3.870,3.966,1338900.0,
2017-03-21,3.968,4.030,3.889,4.000,1173700.0,
2017-03-22,3.953,3.964,3.854,3.893,1247500.0,
2017-03-23,3.893,3.951,3.842,3.893,1077100.0,
2017-03-24,3.893,3.913,3.613,3.731,2015100.0,
2017-03-27,3.706,3.769,3.646,3.743,1290900.0,
2017-03-28,3.735,3.767,3.672,3.727,716300.0,
2017-03-29,3.710,3.747,3.573,3.575,1035700.0,
2017-03-30,3.567,3.615,3.421,3.421,1273000.0,
2017-03-31,3.437,3.536,3.423,3.482,861200.0,
2017-04-05,3.492,3.557,3.411,3.548,1150500.0,
2017-04-06,3.546,4.150,3.488,4.150,4420200.0,
2017-04-07,4.117,4.140,3.889,4.057,4781000.0,
2017-04-10,4.077,4.077,3.751,3.785,3487600.0,
2017-04-11,3.802,3.850,3.617,3.714,2366700.0,
2017-04-12,3.640,3.690,3.500,3.502,2303600.0,
2017-04-13,3.524,3.646,3.510,3.575,1684000.0,
2017-04-14,3.528,3.601,3.389,3.439,1770100.0,
2017-04-17,3.387,3.407,3.180,3.214,1429500.0,
2017-04-18,3.265,3.265,3.133,3.142,950000.0,
2017-04-19,3.144,3.196,3.020,3.176,959800.0,
2017-04-20,3.182,3.198,3.028,3.044,1118200.0,
2017-04-21,3.044,3.109,3.020,3.028,678700.0,
2017-04-24,3.063,3.063,2.597,2.820,858600.0,
2017-04-25,2.824,2.921,2.822,2.854,661300.0,
2017-04-26,2.866,2.937,2.803,2.913,701500.0,
2017-04-27,2.893,3.073,2.759,3.054,1470200.0,
2017-04-28,3.030,3.119,3.024,3.091,825900.0,
2017-05-02,3.127,3.127,3.016,3.038,709100.0,
2017-05-03,3.038,3.087,2.988,3.081,550900.0,
2017-05-04,3.079,3.101,3.006,3.010,643200.0,
2017-05-05,3.010,3.036,2.961,2.961,496500.0,
2017-05-08,2.935,2.994,2.888,2.901,461400.0,
2017-05-09,2.846,2.963,2.846,2.939,550300.0,
2017-05-10,2.949,2.965,2.814,2.820,685000.0,
2017-05-11,2.765,2.803,2.631,2.749,928600.0,
2017-05-12,2.712,2.763,2.674,2.739,563300.0,
2017-05-15,2.783,2.850,2.741,2.745,555700.0,
2017-05-16,2.708,2.957,2.702,2.955,847600.0,
2017-05-17,2.965,3.026,2.923,2.959,800900.0,
2017-05-18,2.917,2.992,2.917,2.925,626300.0,
2017-05-19,2.925,3.024,2.919,2.955,480700.0,
2017-05-22,2.992,2.992,2.745,2.745,784700.0,
2017-05-23,2.745,2.763,2.540,2.542,895600.0,
2017-05-24,2.518,2.698,2.461,2.650,642000.0,
2017-05-25,2.650,2.722,2.540,2.680,588400.0,
2017-05-26,2.714,2.733,2.648,2.694,364900.0,
2017-05-31,2.739,2.878,2.684,2.708,642600.0,
2017-06-01,2.688,2.753,2.407,2.411,1256600.0,
2017-06-02,2.411,2.536,2.273,2.492,1174000.0,
2017-06-05,2.492,2.556,2.463,2.508,816400.0,
2017-06-06,2.504,2.552,2.465,2.526,689400.0,
2017-06-07,2.510,2.682,2.502,2.668,1208000.0,
2017-06-08,2.672,2.759,2.621,2.722,1448600.0,
2017-06-09,2.716,2.716,2.625,2.678,744100.0,
2017-06-12,2.627,2.692,2.577,2.599,1008900.0,
2017-06-13,2.599,2.729,2.583,2.710,1042100.0,
2017-06-14,2.720,2.848,2.666,2.785,1572800.0,
2017-06-15,2.785,2.986,2.773,2.929,1986400.0,
2017-06-16,2.980,2.980,2.848,2.868,1163600.0,
2017-06-19,2.870,2.909,2.830,2.886,704900.0,
2017-06-20,2.925,2.925,2.807,2.824,1185200.0,
2017-06-21,2.824,2.862,2.739,2.816,904200.0,
2017-06-22,2.822,2.860,2.745,2.747,916400.0,
2017-06-23,2.803,2.803,2.672,2.733,749500.0,
2017-06-26,2.759,2.888,2.706,2.884,1306200.0,
2017-06-27,2.848,2.901,2.803,2.828,765600.0,
2017-06-28,2.828,2.838,2.747,2.749,532000.0,
2017-06-29,2.743,2.834,2.726,2.787,498700.0,
2017-06-30,2.795,2.816,2.749,2.781,501000.0,
2017-07-03,2.781,2.876,2.773,2.844,965700.0,
2017-07-04,2.826,2.862,2.809,2.846,608300.0,
2017-07-05,2.844,2.909,2.828,2.905,1198100.0,
2017-07-06,2.895,2.945,2.844,2.860,932800.0,
2017-07-07,2.830,2.984,2.830,2.980,1367300.0,
2017-07-10,2.988,2.996,2.753,2.761,1467000.0,
2017-07-11,2.751,2.789,2.631,2.631,1204100.0,
2017-07-12,2.599,2.631,2.490,2.562,1441700.0,
2017-07-13,2.565,2.579,2.520,2.546,577500.0,
2017-07-14,2.540,2.546,2.479,2.494,522600.0,
2017-07-17,2.494,2.494,2.085,2.166,1340700.0,
2017-07-18,2.160,2.222,2.095,2.182,926400.0,
2017-07-19,2.156,2.210,2.121,2.186,715500.0,
2017-07-20,2.182,2.249,2.147,2.188,839400.0,
2017-07-21,2.192,2.192,2.020,2.060,1588600.0,
2017-07-24,2.058,2.058,1.868,2.000,1589400.0,
2017-07-25,2.008,2.079,1.973,2.066,858000.0,
2017-07-26,2.066,2.135,2.022,2.119,1156300.0,
2017-07-27,2.129,2.338,2.042,2.245,1924500.0,
2017-07-28,2.218,2.388,2.218,2.372,2177500.0,
2017-07-31,2.318,2.352,2.271,2.328,1140600.0,
2017-08-01,2.328,2.328,2.267,2.322,954500.0,
2017-08-02,2.322,2.322,2.156,2.168,1197300.0,
2017-08-03,2.117,2.275,2.113,2.182,810000.0,
2017-08-04,2.180,2.228,2.160,2.172,655200.0,
2017-08-07,2.168,2.271,2.160,2.245,659600.0,
2017-08-08,2.218,2.303,2.176,2.299,1071500.0,
2017-08-09,2.299,2.305,2.232,2.257,680800.0,
2017-08-10,2.259,2.287,2.147,2.190,722400.0,
2017-08-11,2.176,2.330,2.168,2.247,1110500.0,
2017-08-14,2.247,2.492,2.222,2.465,1603400.0,
2017-08-15,2.482,2.482,2.405,2.443,914700.0,
2017-08-16,2.455,2.613,2.423,2.520,1852000.0,
2017-08-17,2.540,2.658,2.494,2.579,1485100.0,
2017-08-18,2.544,2.560,2.477,2.518,876500.0,
2017-08-21,2.550,2.660,2.530,2.605,976600.0,
2017-08-22,2.583,2.601,2.445,2.465,1228600.0,
2017-08-23,2.498,2.534,2.459,2.498,552000.0,
2017-08-24,2.492,2.520,2.405,2.405,585500.0,
2017-08-25,2.459,2.682,2.451,2.654,1983400.0,
2017-08-28,2.654,2.722,2.621,2.680,1869400.0,
2017-08-29,2.641,2.692,2.611,2.656,1054200.0,
2017-08-30,2.670,2.676,2.617,2.637,731700.0,
2017-08-31,2.625,2.662,2.607,2.654,759800.0,
2017-09-01,2.641,2.702,2.607,2.670,942100.0,
2017-09-04,2.731,2.731,2.623,2.623,1356200.0,
2017-09-05,2.623,2.680,2.601,2.666,1033600.0,
2017-09-06,2.660,2.818,2.615,2.801,2090700.0,
2017-09-07,2.769,2.895,2.726,2.795,2362500.0,
2017-09-08,2.795,2.812,2.672,2.720,1367500.0,
2017-09-11,2.720,2.735,2.664,2.726,1193100.0,
2017-09-12,2.706,2.791,2.662,2.678,1148800.0,
2017-09-13,2.648,2.682,2.611,2.660,911800.0,
2017-09-14,2.660,2.779,2.621,2.755,1450700.0,
2017-09-15,2.722,2.799,2.718,2.771,1709300.0,
2017-09-18,2.729,2.852,2.726,2.844,1431900.0,
2017-09-19,2.844,3.245,2.803,3.109,5105800.0,
2017-09-20,3.109,3.320,3.046,3.247,4838500.0,
2017-09-21,3.188,3.241,3.097,3.123,2862600.0,
2017-09-22,3.107,3.467,3.018,3.387,4947600.0,
2017-09-25,3.380,3.540,3.093,3.168,4484000.0,
2017-09-26,3.093,3.158,2.941,3.083,2944000.0,
2017-09-27,3.061,3.631,3.028,3.492,7415000.0,
2017-09-28,3.461,3.553,3.372,3.405,5234600.0,
2017-09-29,3.382,3.773,3.370,3.617,5725100.0,
2017-10-09,3.725,3.937,3.555,3.577,6223600.0,
2017-10-10,3.573,3.593,3.387,3.492,4659000.0,
2017-10-11,3.455,3.467,3.208,3.208,4099400.0,
2017-10-12,3.208,3.382,3.208,3.277,2789500.0,
2017-10-13,3.168,3.186,3.032,3.140,3737700.0,
2017-10-16,3.113,3.267,3.042,3.067,2809300.0,
2017-10-17,3.056,3.194,3.048,3.119,1424100.0,
2017-10-18,3.127,3.243,3.036,3.067,1981500.0,
2017-10-19,3.067,3.069,2.897,2.963,2025200.0,
2017-10-20,2.925,2.988,2.864,2.978,1081100.0,
2017-10-23,3.006,3.014,2.921,2.959,1093600.0,
2017-10-24,2.945,3.024,2.884,2.984,1258100.0,
2017-10-25,2.965,3.121,2.951,3.119,1365700.0,
2017-10-26,3.140,3.196,3.087,3.093,1421700.0,
2017-10-27,3.075,3.105,2.935,2.945,1231400.0,
2017-10-30,2.945,2.984,2.666,2.674,1632000.0,
2017-10-31,2.672,2.793,2.664,2.743,845800.0,
2017-11-01,2.737,2.852,2.690,2.797,1111100.0,
2017-11-02,2.787,2.882,2.714,2.799,965800.0,
2017-11-03,2.781,2.886,2.767,2.880,1175900.0,
2017-11-06,2.925,2.967,2.880,2.955,1065800.0,
2017-11-07,2.955,2.963,2.803,2.844,1512500.0,
2017-11-08,2.826,2.903,2.795,2.809,1368600.0,
2017-11-09,2.783,2.856,2.775,2.844,863800.0,
2017-11-10,2.844,3.263,2.838,3.237,4492500.0,
2017-11-13,3.269,3.269,3.135,3.202,3073000.0,
2017-11-14,3.180,3.273,3.079,3.087,2891700.0,
2017-11-15,3.091,3.370,3.091,3.342,4523400.0,
2017-11-16,3.271,3.279,3.148,3.200,2619000.0,
2017-11-17,3.142,3.227,2.641,2.743,3491900.0,
2017-11-20,2.743,2.743,2.358,2.741,2119100.0,
2017-11-21,2.696,3.030,2.664,2.834,2312200.0,
2017-11-22,2.781,2.996,2.686,2.899,1714100.0,
2017-11-23,2.860,2.943,2.718,2.783,1473200.0,
2017-11-24,2.783,3.042,2.783,2.919,2824500.0,
2017-11-27,2.854,2.895,2.390,2.431,2604200.0,
2017-11-28,2.392,2.558,2.364,2.558,1023800.0,
2017-11-29,2.581,2.617,2.388,2.540,993300.0,
2017-11-30,2.459,2.556,2.419,2.451,763200.0,
2017-12-01,2.463,2.558,2.455,2.532,1100000.0,
2017-12-04,2.532,2.575,2.405,2.449,898200.0,
2017-12-05,2.409,2.449,2.156,2.196,1275900.0,
2017-12-06,2.194,2.297,2.156,2.289,921500.0,
2017-12-07,2.289,2.358,2.186,2.196,1523800.0,
2017-12-08,2.166,2.492,2.162,2.368,1622000.0,
2017-12-11,2.348,2.425,2.320,2.419,1099600.0,
2017-12-12,2.425,2.425,2.293,2.322,1066400.0,
2017-12-13,2.328,2.419,2.261,2.419,1695400.0,
2017-12-14,2.429,2.429,2.318,2.396,1282600.0,
2017-12-15,2.366,2.396,2.230,2.275,1343100.0,
2017-12-18,2.257,2.297,2.103,2.135,1001900.0,
2017-12-19,2.172,2.222,2.125,2.218,701000.0,
2017-12-20,2.214,2.214,2.101,2.123,850300.0,
2017-12-21,2.109,2.303,2.060,2.243,1621500.0,
2017-12-22,2.216,2.275,2.131,2.156,990200.0,
2017-12-25,2.145,2.158,2.064,2.091,759200.0,
2017-12-26,2.125,2.218,2.085,2.168,702400.0,
2017-12-27,2.168,2.168,2.036,2.054,731400.0,
2017-12-28,2.056,2.166,2.014,2.079,832200.0,
2017-12-29,2.079,2.131,2.073,2.125,640300.0,
2018-01-02,2.127,2.210,2.105,2.182,813800.0,
2018-01-03,2.184,2.324,2.164,2.291,1503900.0,
2018-01-04,2.269,2.309,2.235,2.267,922500.0,
2018-01-05,2.267,2.362,2.263,2.283,956800.0,
2018-01-08,2.259,2.277,2.180,2.235,631500.0,
2018-01-09,2.216,2.277,2.208,2.257,571000.0,
2018-01-10,2.257,2.257,2.115,2.192,812600.0,
2018-01-11,2.158,2.285,2.145,2.243,998700.0,
2018-01-12,2.247,2.257,2.196,2.198,537200.0,
2018-01-15,2.160,2.204,1.998,2.008,965700.0,
2018-01-16,2.008,2.073,1.943,1.992,737500.0,
2018-01-17,2.004,2.085,1.941,2.040,849500.0,
2018-01-18,2.020,2.052,1.953,1.959,800500.0,
2018-01-19,1.963,2.008,1.921,1.923,737800.0,
2018-01-22,1.923,1.957,1.769,1.951,1109600.0,
2018-01-23,1.890,1.890,1.775,1.789,1582000.0,
2018-01-24,1.787,1.821,1.645,1.797,1777500.0,
2018-01-25,1.791,1.919,1.753,1.813,1868300.0,
2018-01-26,1.773,1.836,1.726,1.730,1249700.0,
2018-01-29,1.738,1.738,1.568,1.577,1599400.0,
2018-01-30,1.589,1.605,1.508,1.530,952300.0,
2018-01-31,1.522,1.530,1.204,1.261,1667800.0,
2018-02-01,1.275,1.291,1.060,1.066,1476100.0,
2018-02-02,1.062,1.129,0.981,1.076,1186600.0,
2018-02-05,1.002,1.099,0.981,1.024,701200.0,
2018-02-06,0.904,0.983,0.783,0.795,1402300.0,
2018-02-07,0.892,0.892,0.661,0.811,1324400.0,
2018-02-08,0.799,0.921,0.759,0.888,1255900.0,
2018-02-09,0.799,0.866,0.740,0.809,1073700.0,
2018-02-12,0.850,0.943,0.840,0.904,1003500.0,
2018-02-13,0.918,0.918,0.819,0.838,1317800.0,
2018-02-14,0.807,0.850,0.807,0.809,752400.0,
2018-02-22,0.844,0.898,0.809,0.874,1091100.0,
2018-02-23,0.896,0.941,0.858,0.918,1231300.0,
2018-02-26,0.941,1.251,0.941,1.251,2952400.0,
2018-02-27,1.285,1.453,1.265,1.317,5181100.0,
2018-02-28,1.249,1.299,1.163,1.295,2799600.0,
2018-03-01,1.242,1.386,1.216,1.364,2972100.0,
2018-03-02,1.321,1.479,1.295,1.346,3250300.0,
2018-03-05,1.327,1.508,1.295,1.453,3359500.0,
2018-03-06,1.512,1.560,1.358,1.390,4522700.0,
2018-03-07,1.380,1.380,1.301,1.309,2617000.0,
2018-03-08,1.293,1.485,1.293,1.483,3777000.0,
2018-03-09,1.510,1.635,1.451,1.619,4906100.0,
2018-03-12,1.637,1.714,1.581,1.627,4784900.0,
2018-03-13,1.643,1.643,1.542,1.552,3021100.0,
2018-03-14,1.528,1.558,1.455,1.471,2599100.0,
2018-03-15,1.417,1.447,1.307,1.419,2386800.0,
2018-03-16,1.427,1.471,1.374,1.378,1582500.0,
2018-03-19,1.366,1.504,1.350,1.423,1698900.0,
2018-03-20,1.261,1.321,1.198,1.301,4015700.0,
2018-03-21,1.323,1.417,1.287,1.291,2551300.0,
2018-03-22,1.289,1.372,1.279,1.366,1660800.0,
2018-03-23,1.224,1.289,1.018,1.052,2766400.0,
2018-03-26,1.006,1.143,0.886,1.133,1759000.0,
2018-03-27,1.159,1.307,1.159,1.299,2580900.0,
2018-03-28,1.230,1.441,1.230,1.404,3063200.0,
2018-03-29,1.410,1.493,1.329,1.382,1817900.0,
2018-03-30,1.382,1.548,1.366,1.546,3199400.0,
2018-04-02,1.609,1.645,1.467,1.530,3568300.0,
2018-04-03,1.467,1.504,1.366,1.475,1981300.0,
2018-04-04,1.465,1.526,1.327,1.366,2125600.0,
2018-04-09,1.368,1.530,1.281,1.530,2884500.0,
2018-04-10,1.530,1.609,1.467,1.564,3262800.0,
2018-04-11,1.568,1.720,1.532,1.690,3940600.0,
2018-04-12,1.660,1.700,1.581,1.597,2635000.0,
2018-04-13,1.621,1.684,1.572,1.653,2562700.0,
2018-04-16,1.649,1.775,1.613,1.684,2753100.0,
2018-04-17,1.811,2.050,1.686,1.941,8870200.0,
2018-04-18,2.054,2.115,1.759,2.038,9736700.0,
2018-04-19,1.854,1.971,1.848,1.852,5338200.0,
2018-04-20,1.797,1.979,1.734,1.864,4237600.0,
2018-04-23,1.781,1.840,1.585,1.684,3443700.0,
2018-04-24,1.674,1.751,1.637,1.734,2372900.0,
2018-04-25,1.732,1.959,1.704,1.917,4636000.0,
2018-04-26,1.876,1.923,1.726,1.738,3216600.0,
2018-04-27,1.785,1.805,1.651,1.653,2331800.0,
2018-05-02,1.651,1.672,1.439,1.473,2618700.0,
2018-05-03,1.451,1.574,1.441,1.562,1818500.0,
2018-05-04,1.532,1.593,1.457,1.498,1649100.0,
2018-05-07,1.477,1.605,1.477,1.603,1588600.0,
2018-05-08,1.605,1.643,1.572,1.623,1614800.0,
2018-05-09,1.623,1.797,1.603,1.795,3039000.0,
2018-05-10,1.761,1.785,1.724,1.781,2330800.0,
2018-05-11,1.757,1.797,1.625,1.631,2113700.0,
2018-05-14,1.775,1.791,1.637,1.637,2379700.0,
2018-05-15,1.589,1.649,1.530,1.639,1879100.0,
2018-05-16,1.609,1.613,1.528,1.528,1203900.0,
2018-05-17,1.530,1.583,1.530,1.570,1002700.0,
2018-05-18,1.556,1.627,1.528,1.595,1237600.0,
2018-05-21,1.601,1.977,1.601,1.836,5617000.0,
2018-05-22,1.795,2.253,1.777,2.196,12975600.0,
2018-05-23,2.064,2.097,1.923,1.941,9111300.0,
2018-05-24,1.990,2.109,1.957,1.957,6127100.0,
2018-05-25,1.890,1.909,1.815,1.856,3591000.0,
2018-05-28,1.884,1.949,1.815,1.826,3266800.0,
2018-05-29,1.815,1.935,1.745,1.854,2746600.0,
2018-05-30,1.745,1.745,1.512,1.556,4161800.0,
2018-05-31,1.593,1.643,1.532,1.623,2175800.0,
2018-06-01,1.613,1.631,1.431,1.463,2456500.0,
2018-06-04,1.473,1.538,1.431,1.467,1215700.0,
2018-06-05,1.491,1.631,1.479,1.601,2645900.0,
2018-06-06,1.613,1.633,1.502,1.568,2431500.0,
2018-06-07,1.572,1.597,1.423,1.423,1897900.0,
2018-06-08,1.431,1.712,1.431,1.587,3598500.0,
2018-06-11,1.556,1.556,1.439,1.467,1899700.0,
2018-06-12,1.461,1.508,1.319,1.423,1892600.0,
2018-06-13,1.356,1.491,1.350,1.350,1483200.0,
2018-06-14,1.311,1.394,1.311,1.374,1101500.0,
2018-06-15,1.370,1.423,1.208,1.261,1531200.0,
2018-06-19,1.184,1.188,0.900,0.955,2518500.0,
2018-06-20,0.912,1.048,0.906,1.012,1261300.0,
2018-06-21,1.010,1.054,0.921,0.955,983200.0,
2018-06-22,0.955,1.082,0.929,1.074,1031600.0,
2018-06-25,1.111,1.163,1.046,1.052,906600.0,
2018-06-26,1.006,1.208,0.965,1.186,1465800.0,
2018-06-27,1.184,1.198,1.123,1.174,944400.0,
2018-06-28,1.204,1.238,1.143,1.143,916600.0,
2018-06-29,1.145,1.267,1.137,1.249,1274900.0,
2018-07-02,1.226,1.267,1.097,1.151,1344700.0,
2018-07-03,1.151,1.309,1.151,1.309,1845900.0,
2018-07-04,1.277,1.315,1.166,1.212,1563200.0,
2018-07-05,1.168,1.218,1.058,1.058,1283500.0,
2018-07-06,1.046,1.214,1.018,1.137,1407600.0,
2018-07-09,1.143,1.240,1.141,1.222,875000.0,
2018-07-10,1.234,1.279,1.198,1.249,1115000.0,
2018-07-18,1.607,1.607,1.370,1.372,5562600.0,
2018-07-19,1.334,1.350,1.208,1.226,3326900.0,
2018-07-20,1.166,1.325,1.157,1.277,2085200.0,
2018-07-23,1.249,1.404,1.242,1.317,2427600.0,
2018-07-24,1.291,1.358,1.271,1.338,1443400.0,
2018-07-25,1.327,1.360,1.253,1.265,1625100.0,
2018-07-26,1.265,1.275,1.200,1.208,1109200.0,
2018-07-27,1.218,1.222,1.133,1.133,901600.0,
2018-07-30,1.107,1.147,1.087,1.125,947300.0,
2018-07-31,1.109,1.161,1.109,1.131,497200.0,
2018-08-01,1.151,1.232,1.133,1.188,1270500.0,
2018-08-02,1.188,1.218,1.042,1.216,1375800.0,
2018-08-03,1.210,1.228,1.111,1.137,586300.0,
2018-08-06,1.133,1.159,1.076,1.093,580700.0,
2018-08-07,1.105,1.186,1.076,1.180,555400.0,
2018-08-08,1.182,1.224,1.099,1.107,853100.0,
2018-08-09,1.105,1.340,1.064,1.293,2314800.0,
2018-08-10,1.271,1.352,1.246,1.295,1437600.0,
2018-08-13,1.269,1.447,1.226,1.368,1485400.0,
2018-08-14,1.319,1.354,1.299,1.309,834300.0,
2018-08-15,1.305,1.382,1.269,1.271,1427700.0,
2018-08-16,1.249,1.423,1.182,1.350,2483100.0,
2018-08-17,1.360,1.394,1.251,1.285,1640800.0,
2018-08-20,1.301,1.577,1.240,1.532,4030700.0,
2018-08-21,1.496,1.625,1.473,1.589,3943700.0,
2018-08-22,1.542,1.609,1.467,1.514,2542600.0,
2018-08-23,1.481,1.771,1.481,1.668,4046000.0,
2018-08-24,1.633,1.821,1.595,1.686,3271400.0,
2018-08-27,1.694,2.016,1.653,1.949,5305000.0,
2018-08-28,1.957,2.220,1.876,1.959,7025000.0,
2018-08-29,1.957,2.018,1.876,2.016,2646900.0,
2018-08-30,2.006,2.012,1.779,1.834,2968200.0,
2018-08-31,1.850,1.902,1.789,1.888,2412500.0,
2018-09-03,1.834,1.987,1.678,1.977,2694200.0,
2018-09-04,1.917,2.004,1.856,1.990,2532300.0,
2018-09-05,1.919,2.073,1.795,1.826,2714100.0,
2018-09-06,1.799,1.957,1.777,1.872,1916200.0,
2018-09-07,1.844,1.990,1.714,1.777,1845500.0,
2018-09-10,1.769,1.937,1.730,1.801,2294300.0,
2018-09-11,1.813,2.048,1.694,2.048,3792900.0,
2018-09-12,2.002,2.135,1.965,2.046,3011700.0,
2018-09-13,2.099,2.160,1.937,2.115,2994900.0,
2018-09-14,2.085,2.180,2.018,2.119,2645200.0,
2018-09-17,2.079,2.095,1.973,2.028,1643200.0,
2018-09-18,1.947,2.018,1.795,1.917,2879100.0,
2018-09-19,1.872,2.129,1.832,2.119,2802300.0,
2018-09-20,2.079,2.206,2.022,2.024,1975800.0,
2018-09-21,2.018,2.103,1.925,2.064,1599600.0,
2018-09-25,2.022,2.038,1.917,1.983,1540700.0,
2018-09-26,1.846,1.856,1.562,1.850,5601800.0,
2018-09-27,1.775,1.824,1.690,1.728,2053100.0,
2018-09-28,1.728,1.765,1.670,1.724,1427900.0,
2018-10-08,1.613,1.811,1.556,1.682,1367800.0,
2018-10-09,1.682,1.771,1.574,1.581,1294100.0,
2018-10-10,1.615,1.971,1.615,1.971,3439600.0,
2018-10-11,1.917,1.943,1.593,1.765,4169500.0,
2018-10-12,1.755,2.113,1.706,2.058,4557600.0,
2018-10-15,2.016,2.421,2.016,2.226,5128400.0,
2018-10-16,2.243,2.273,2.097,2.160,3292800.0,
2018-10-17,2.245,2.348,2.073,2.318,4359900.0,
2018-10-18,2.230,2.230,2.008,2.125,3107200.0,
2018-10-19,2.006,2.518,1.994,2.506,4727200.0,
2018-10-22,2.660,2.923,2.528,2.765,6953600.0,
2018-10-23,2.652,2.777,2.567,2.761,4764900.0,
2018-10-24,2.658,2.747,2.597,2.670,2963400.0,
2018-10-25,2.435,2.929,2.413,2.787,5006000.0,
2018-10-26,2.761,3.206,2.761,3.111,5735500.0,
2018-10-29,3.040,3.040,2.868,2.913,4036100.0,
2018-10-30,2.868,3.162,2.779,2.886,4652600.0,
2018-10-31,2.846,2.935,2.757,2.858,3172100.0,
2018-11-01,2.854,3.131,2.848,2.923,4544900.0,
2018-11-02,3.030,3.107,2.755,2.888,4558700.0,
2018-11-05,2.866,2.866,2.585,2.852,6620700.0,
2018-11-06,2.765,2.858,2.692,2.818,3571400.0,
2018-11-07,2.805,2.923,2.704,2.763,5103300.0,
2018-11-08,2.801,2.969,2.706,2.899,4747400.0,
2018-11-09,2.878,3.382,2.807,3.170,6860300.0,
2018-11-12,3.131,3.289,3.129,3.223,4690000.0,
2018-11-13,3.137,3.372,3.024,3.042,7570300.0,
2018-11-14,3.030,3.054,2.915,2.927,3683400.0,
2018-11-15,2.905,3.030,2.864,3.030,3856600.0,
2018-11-16,2.990,3.121,2.961,3.056,3808000.0,
2018-11-19,3.056,3.101,2.803,3.040,4349500.0,
2018-11-20,2.953,3.034,2.759,2.828,3266900.0,
2018-11-21,2.747,2.899,2.739,2.777,2281700.0,
2018-11-22,2.826,2.886,2.605,2.654,3023400.0,
2018-11-23,2.696,2.745,2.548,2.666,3210200.0,
2018-11-26,2.595,2.757,2.595,2.716,2838300.0,
2018-11-27,2.733,2.866,2.704,2.783,3202200.0,
2018-11-28,2.751,2.846,2.656,2.820,2422400.0,
2018-11-29,2.832,2.862,2.500,2.502,3080500.0,
2018-11-30,2.473,2.682,2.447,2.654,2215700.0,
2018-12-03,2.838,3.069,2.814,3.020,5526000.0,
2018-12-04,2.994,3.063,2.953,3.026,2982800.0,
2018-12-05,2.927,3.046,2.903,2.937,3231900.0,
2018-12-06,2.828,2.828,2.413,2.441,6111700.0,
2018-12-07,2.451,2.682,2.451,2.627,3951000.0,
2018-12-10,2.658,2.895,2.627,2.787,4127100.0,
2018-12-11,2.895,3.028,2.771,2.895,4399600.0,
2018-12-12,3.002,3.054,2.716,2.741,3499800.0,
2018-12-13,2.868,2.909,2.791,2.820,3789900.0,
2018-12-14,2.743,2.793,2.567,2.621,3663800.0,
2018-12-17,2.605,2.625,2.403,2.482,3193300.0,
2018-12-18,2.441,2.449,2.271,2.384,3782200.0,
2018-12-19,2.396,2.471,2.305,2.336,2579200.0,
2018-12-20,2.320,2.413,2.279,2.364,2561500.0,
2018-12-21,2.332,2.403,2.267,2.338,2594600.0,
2018-12-24,2.362,2.643,2.362,2.637,5175500.0,
2018-12-25,2.544,2.923,2.510,2.830,5726300.0,
2018-12-26,2.793,2.797,2.670,2.672,3473400.0,
2018-12-27,2.747,2.801,2.625,2.656,3463900.0,
2018-12-28,2.666,2.710,2.544,2.558,2664700.0,
2019-01-02,2.611,2.822,2.544,2.807,4160100.0,
2019-01-03,2.787,2.787,2.445,2.445,4888100.0,
2019-01-04,2.334,2.686,2.332,2.658,3575100.0,
2019-01-07,2.662,2.949,2.656,2.888,5138800.0,
2019-01-08,2.848,2.917,2.751,2.860,3439300.0,
2019-01-09,2.888,3.008,2.781,2.814,3883500.0,
2019-01-10,2.818,3.107,2.769,3.010,5692200.0,
2019-01-11,3.065,3.186,2.931,2.992,4889300.0,
2019-01-14,2.965,3.097,2.842,3.091,3627300.0,
2019-01-15,2.990,3.180,2.890,3.121,4568600.0,
2019-01-16,3.087,3.328,3.052,3.137,4225900.0,
2019-01-17,3.117,3.212,2.998,3.010,3026400.0,
2019-01-18,3.010,3.099,2.899,3.061,2656900.0,
2019-01-21,3.030,3.223,3.000,3.164,2932500.0,
2019-01-22,3.133,3.162,3.000,3.030,2775000.0,
2019-01-23,3.012,3.067,2.915,2.969,2188200.0,
2019-01-24,2.949,3.170,2.929,3.036,2616000.0,
2019-01-25,3.040,3.172,2.990,3.069,2504500.0,
2019-01-28,3.067,3.097,2.951,2.990,1876900.0,
2019-01-29,2.976,2.976,2.706,2.787,2850500.0,
2019-01-30,2.739,3.069,2.739,2.888,3059500.0,
2019-01-31,2.969,3.156,2.856,3.002,2929400.0,
2019-02-01,3.002,3.287,2.982,3.271,3725000.0,
2019-02-11,3.332,3.759,3.285,3.717,5822900.0,
2019-02-12,3.727,3.759,3.638,3.670,3562100.0,
2019-02-13,3.646,3.980,3.644,3.741,6190000.0,
2019-02-14,3.719,3.741,3.617,3.684,2889800.0,
2019-02-15,3.719,3.862,3.617,3.652,3574000.0,
2019-02-18,3.800,3.870,3.656,3.824,4677700.0,
2019-02-19,3.860,4.176,3.856,4.083,6643200.0,
2019-02-20,3.941,3.976,3.706,3.881,5738700.0,
2019-02-21,3.836,4.259,3.761,3.951,5876300.0,
2019-02-22,3.933,4.403,3.901,4.379,5390800.0,
2019-02-25,4.549,4.885,4.326,4.743,6644100.0,
2019-02-26,4.565,4.850,4.417,4.423,5907100.0,
2019-02-27,4.352,4.526,4.186,4.231,3747200.0,
2019-02-28,4.243,4.441,4.225,4.385,2894600.0,
2019-03-01,4.391,4.498,4.247,4.488,2563900.0,
2019-03-04,4.539,4.660,4.387,4.506,3833400.0,
2019-03-05,4.447,4.620,4.316,4.601,3998400.0,
2019-03-06,4.611,4.650,4.433,4.565,3385200.0,
2019-03-07,4.482,4.565,4.225,4.298,4240600.0,
2019-03-08,4.204,4.788,4.154,4.332,5809000.0,
2019-03-11,4.389,4.591,4.306,4.478,5547600.0,
2019-03-12,4.472,4.526,4.356,4.443,4783700.0,
2019-03-13,4.421,4.433,4.065,4.144,3464100.0,
2019-03-14,4.069,4.249,3.951,4.067,2688500.0,
2019-03-15,4.123,4.217,3.828,3.966,4066400.0,
2019-03-18,3.959,4.306,3.951,4.306,3482300.0,
2019-03-19,4.350,4.387,4.140,4.180,2490000.0,
2019-03-20,4.281,4.326,4.063,4.188,2787300.0,
2019-03-21,4.206,4.285,4.144,4.160,2618700.0,
2019-03-22,4.194,4.366,4.022,4.354,3440200.0,
2019-03-25,4.255,4.476,4.184,4.334,3378400.0,
2019-03-26,4.322,4.377,3.714,3.840,3893100.0,
2019-03-27,3.881,3.974,3.791,3.915,1868300.0,
2019-03-28,3.923,4.211,3.860,3.881,2388000.0,
2019-03-29,3.860,4.162,3.755,4.125,3000400.0,
2019-04-01,4.225,4.488,4.148,4.417,3398700.0,
2019-04-02,4.549,4.549,4.296,4.324,2389700.0,
2019-04-03,4.287,4.421,4.215,4.326,1980400.0,
2019-04-04,4.326,4.405,4.042,4.164,3203400.0,
2019-04-08,4.146,4.235,3.919,4.063,3039000.0,
2019-04-09,3.941,4.225,3.887,4.069,4521600.0,
2019-04-10,4.022,4.211,3.941,4.083,3439400.0,
2019-04-11,4.081,4.204,3.887,3.911,2809700.0,
2019-04-12,3.791,3.957,3.775,3.832,1854800.0,
2019-04-15,3.941,4.225,3.941,4.026,4809200.0,
2019-04-16,4.051,4.662,3.998,4.662,7265900.0,
2019-04-17,4.802,5.083,4.662,4.871,9110100.0,
2019-04-18,4.832,5.028,4.686,4.962,6094500.0,
2019-04-19,4.895,4.909,4.447,4.690,6011300.0,
2019-04-22,4.640,4.871,4.508,4.512,4548100.0,
2019-04-23,4.591,4.638,4.330,4.358,3248600.0,
2019-04-24,4.427,4.458,4.245,4.419,3173800.0,
2019-04-25,4.330,4.417,3.974,4.000,4600100.0,
2019-04-26,3.929,4.200,3.820,4.022,4148000.0,
2019-04-29,4.022,4.117,3.638,3.674,4599100.0,
2019-04-30,3.714,3.798,3.597,3.666,2566200.0,
2019-05-06,3.445,3.445,3.067,3.067,2644700.0,
2019-05-07,3.054,3.089,2.787,2.945,4008100.0,
2019-05-08,2.779,3.111,2.769,2.955,3285000.0,
2019-05-09,2.878,3.111,2.878,2.982,2658300.0,
2019-05-10,3.109,3.306,2.953,3.273,3800100.0,
2019-05-13,3.304,3.304,3.101,3.148,2494600.0,
2019-05-14,3.008,3.310,3.008,3.233,2833600.0,
2019-05-15,3.301,3.354,3.186,3.251,2767500.0,
2019-05-16,3.216,3.263,3.046,3.227,2707400.0,
2019-05-17,3.202,3.318,2.888,2.925,3082700.0,
2019-05-20,2.888,2.888,2.398,2.712,6113800.0,
2019-05-21,2.791,3.210,2.739,3.210,6095400.0,
2019-05-22,3.239,3.484,3.117,3.255,5924400.0,
2019-05-23,3.297,3.297,2.978,3.061,4307000.0,
2019-05-24,2.992,3.123,2.530,2.615,6871600.0,
2019-05-27,2.718,3.103,2.706,3.103,5543800.0,
2019-05-28,3.366,3.384,2.923,3.099,7144500.0,
2019-05-29,3.103,3.261,3.008,3.170,4939300.0,
2019-05-30,3.170,3.172,2.978,3.065,3802100.0,
2019-05-31,3.059,3.251,3.056,3.103,3895400.0,
2019-06-03,3.135,3.340,2.755,3.196,7666000.0,
2019-06-04,3.208,3.376,3.121,3.295,7885000.0,
2019-06-05,3.368,3.559,3.180,3.492,7838400.0,
2019-06-06,3.496,3.498,3.008,3.103,6467200.0,
2019-06-10,3.109,3.346,3.052,3.251,4364300.0,
2019-06-11,3.253,3.403,3.081,3.391,6250100.0,
2019-06-12,3.330,3.492,3.295,3.306,4921300.0,
2019-06-13,3.267,3.401,3.251,3.283,3241600.0,
2019-06-14,3.287,3.324,2.976,3.006,4572600.0,
2019-06-17,3.018,3.089,2.937,2.998,2341400.0,
2019-06-18,3.050,3.050,2.921,2.984,1739400.0,
2019-06-19,3.208,3.239,3.063,3.075,3957100.0,
2019-06-20,3.099,3.194,2.931,3.146,3630300.0,
2019-06-21,3.184,3.330,3.172,3.251,4087100.0,
2019-06-24,3.251,3.273,3.160,3.223,2031400.0,
2019-06-25,3.223,3.255,3.046,3.168,2095900.0,
2019-06-26,3.140,3.295,3.083,3.214,2624300.0,
2019-06-27,3.306,3.478,3.306,3.443,5399200.0,
2019-06-28,3.407,3.407,3.184,3.330,3652800.0,
2019-07-01,3.538,3.848,3.510,3.769,6450600.0,
2019-07-02,3.708,3.751,3.619,3.692,2335000.0,
2019-07-03,3.690,3.872,3.613,3.854,3564000.0,
2019-07-04,3.812,3.840,3.640,3.646,2375900.0,
2019-07-05,3.658,3.743,3.565,3.621,1940200.0,
2019-07-08,3.688,3.688,3.472,3.498,2191200.0,
2019-07-09,3.508,4.014,3.474,3.814,4248100.0,
2019-07-10,3.874,3.974,3.656,3.700,2882400.0,
2019-07-11,3.787,3.844,3.682,3.751,2353400.0,
2019-07-12,3.714,3.949,3.714,3.828,2506700.0,
2019-07-15,3.826,4.287,3.795,4.184,3882200.0,
2019-07-16,4.202,4.419,4.138,4.263,3811300.0,
2019-07-17,4.237,4.375,4.142,4.166,2968600.0,
2019-07-18,4.034,4.281,4.034,4.087,2480100.0,
2019-07-19,4.042,4.215,4.020,4.040,2304000.0,
2019-07-22,4.034,4.095,3.773,3.964,2131900.0,
2019-07-23,3.826,4.071,3.826,4.038,1906600.0,
2019-07-24,4.075,4.277,4.075,4.257,2515900.0,
2019-07-25,4.217,4.411,4.180,4.247,2956700.0,
2019-07-26,4.237,4.316,4.176,4.275,1428300.0,
2019-07-29,4.298,4.480,4.277,4.425,2386100.0,
2019-07-30,4.370,4.569,4.324,4.397,2865400.0,
2019-07-31,4.377,4.476,4.271,4.275,1774500.0,
2019-08-01,4.275,4.545,4.196,4.490,2838400.0,
2019-08-02,4.265,4.334,4.099,4.166,3516000.0,
2019-08-05,4.061,4.243,3.923,4.034,4837700.0,
2019-08-06,4.014,4.073,3.781,4.045,3577900.0,
2019-08-07,4.099,4.115,3.714,3.729,4208500.0,
2019-08-08,3.721,3.832,3.658,3.814,2889400.0,
2019-08-09,3.830,4.008,3.733,3.830,3344000.0,
2019-08-12,3.826,4.237,3.723,4.227,4700200.0,
2019-08-13,4.075,4.516,4.045,4.498,6667800.0,
2019-08-14,4.717,4.723,4.419,4.464,5274800.0,
2019-08-15,4.237,4.520,4.237,4.480,4751700.0,
2019-08-16,4.425,4.536,4.310,4.419,5487100.0,
2019-08-19,4.472,4.666,4.350,4.585,5184600.0,
2019-08-20,4.583,4.650,4.474,4.482,3577400.0,
2019-08-21,4.488,4.854,4.462,4.705,6552000.0,
2019-08-22,4.682,4.759,4.555,4.656,4091400.0,
2019-08-23,4.666,4.672,4.413,4.470,3926700.0,
2019-08-26,4.320,4.458,4.277,4.409,3649100.0,
2019-08-27,4.460,4.536,4.350,4.429,3186000.0,
2019-08-28,4.409,4.468,4.308,4.322,2438700.0,
2019-08-29,4.377,4.425,4.289,4.340,2202100.0,
2019-08-30,4.379,4.389,3.972,4.049,4660700.0,
2019-09-02,4.089,4.514,4.075,4.498,5362800.0,
2019-09-03,4.500,4.739,4.443,4.692,5798700.0,
2019-09-04,4.634,4.901,4.597,4.763,5415700.0,
2019-09-05,4.840,5.466,4.840,5.466,8484500.0,
2019-09-06,5.614,6.100,5.470,5.711,11023200.0,
2019-09-09,5.788,5.917,5.636,5.861,8296100.0,
2019-09-10,5.792,5.867,5.531,5.638,5893900.0,
2019-09-11,5.745,5.745,5.411,5.510,4730200.0,
2019-09-12,5.630,5.630,5.387,5.482,3174000.0,
2019-09-16,5.508,5.812,5.437,5.804,5931500.0,
2019-09-17,5.670,5.709,5.229,5.431,4758400.0,
2019-09-18,5.417,5.444,5.231,5.354,2516400.0,
2019-09-19,5.391,5.464,5.251,5.415,2488600.0,
2019-09-20,5.369,5.510,5.310,5.322,3543300.0,
2019-09-23,5.251,5.425,5.237,5.350,3230800.0,
2019-09-24,5.427,5.725,5.312,5.531,4741600.0,
2019-09-25,5.411,5.494,4.958,5.136,4482100.0,
2019-09-26,5.116,5.188,4.763,4.808,3871900.0,
2019-09-27,4.875,4.976,4.796,4.895,2341300.0,
2019-09-30,4.881,4.941,4.723,4.723,2030500.0,
2019-10-08,4.814,4.860,4.624,4.692,2052700.0,
2019-10-09,4.688,4.952,4.557,4.921,2692600.0,
2019-10-10,4.925,5.148,4.885,5.128,3172800.0,
2019-10-11,5.122,5.215,4.988,5.097,2917900.0,
2019-10-14,5.186,5.186,5.026,5.160,2507600.0,
2019-10-15,5.174,5.492,5.174,5.286,5917900.0,
2019-10-16,5.271,5.527,5.271,5.334,3010700.0,
2019-10-17,5.340,5.389,5.164,5.229,2516300.0,
2019-10-18,5.249,5.326,5.057,5.079,2200000.0,
2019-10-21,5.033,5.144,4.856,5.047,1981200.0,
2019-10-22,5.107,5.496,5.055,5.488,4524200.0,
2019-10-23,5.488,5.527,5.352,5.393,2903700.0,
2019-10-24,5.369,5.427,5.168,5.330,2377300.0,
2019-10-25,5.310,5.417,5.150,5.391,2768200.0,
2019-10-28,5.409,5.567,5.294,5.482,4462300.0,
2019-10-29,5.450,5.450,5.047,5.067,4045900.0,
2019-10-30,5.010,5.176,4.937,5.006,1895100.0,
2019-10-31,5.002,5.182,4.907,4.913,2197800.0,
2019-11-01,4.986,5.065,4.775,4.838,3315400.0,
2019-11-04,4.885,5.075,4.852,4.986,2658200.0,
2019-11-05,5.002,5.077,4.806,4.879,2373100.0,
2019-11-06,4.864,4.893,4.634,4.662,2443800.0,
2019-11-07,4.688,4.800,4.644,4.721,1580600.0,
2019-11-08,4.761,4.889,4.745,4.753,1948500.0,
2019-11-11,4.654,4.674,4.460,4.518,2372200.0,
2019-11-12,4.547,4.591,4.419,4.551,1714300.0,
2019-11-13,4.571,4.607,4.474,4.577,1364800.0,
2019-11-14,4.601,4.668,4.516,4.642,2142100.0,
2019-11-15,4.622,4.664,4.492,4.526,1677800.0,
2019-11-18,4.589,4.658,4.492,4.605,1500100.0,
2019-11-19,4.591,5.063,4.551,5.022,4958800.0,
2019-11-20,4.984,5.067,4.901,4.945,2683800.0,
2019-11-21,4.954,4.976,4.824,4.867,1611300.0,
2019-11-22,4.905,5.097,4.747,4.893,2971700.0,
2019-11-25,4.956,4.956,4.202,4.300,5214600.0,
2019-11-26,4.314,4.409,4.113,4.196,2405200.0,
2019-11-27,4.099,4.316,4.099,4.257,1705700.0,
2019-11-28,4.259,4.379,4.235,4.314,1475400.0,
2019-11-29,4.306,4.431,4.267,4.360,1589700.0,
2019-12-02,4.389,4.460,4.294,4.379,1264500.0,
2019-12-03,4.294,4.638,4.221,4.622,1944200.0,
2019-12-04,4.522,4.654,4.480,4.541,1522300.0,
2019-12-05,4.563,4.753,4.516,4.719,1945000.0,
2019-12-06,4.721,4.885,4.692,4.840,1861700.0,
2019-12-09,4.854,4.921,4.786,4.844,1793000.0,
2019-12-10,4.818,4.901,4.763,4.824,1314900.0,
2019-12-11,4.824,4.935,4.735,4.781,1852200.0,
2019-12-12,4.836,5.012,4.798,4.842,2026600.0,
2019-12-13,4.950,4.966,4.830,4.897,1834000.0,
2019-12-16,4.935,5.259,4.919,5.199,3725700.0,
2019-12-17,5.290,5.452,5.201,5.350,4007100.0,
2019-12-18,5.334,5.387,5.205,5.207,3215100.0,
2019-12-19,5.229,5.284,5.146,5.239,2064000.0,
2019-12-20,5.267,5.350,5.184,5.251,1938300.0,
2019-12-23,5.217,5.217,5.026,5.055,2278300.0,
2019-12-24,5.118,5.290,5.043,5.278,1963400.0,
2019-12-25,5.249,5.336,5.209,5.269,1949900.0,
2019-12-26,5.269,5.429,5.233,5.328,2295400.0,
2019-12-27,5.391,5.425,5.087,5.132,2407600.0,
2019-12-30,5.045,5.227,4.875,5.107,1777900.0,
2019-12-31,5.101,5.587,5.083,5.484,4673400.0,
2020-01-02,5.510,5.583,5.413,5.502,3295700.0,
2020-01-03,5.512,5.610,5.435,5.535,2813200.0,
2020-01-06,5.583,5.737,5.478,5.559,3809500.0,
2020-01-07,5.640,5.640,5.454,5.537,2381800.0,
2020-01-08,5.512,5.531,5.164,5.217,4203700.0,
2020-01-09,5.330,5.522,5.253,5.520,3634600.0,
2020-01-10,5.543,5.767,5.492,5.686,3719000.0,
2020-01-13,5.678,5.810,5.559,5.810,2787000.0,
2020-01-14,5.802,5.810,5.589,5.612,2494400.0,
2020-01-15,5.605,5.751,5.583,5.678,1933500.0,
2020-01-16,5.725,5.808,5.614,5.689,2043600.0,
2020-01-17,5.498,5.498,5.182,5.361,7365600.0,
2020-01-20,5.354,5.816,5.306,5.654,6866600.0,
2020-01-21,5.634,5.723,5.456,5.462,3706600.0,
2020-01-22,5.454,5.814,5.231,5.725,4726800.0,
2020-01-23,5.581,5.873,5.326,5.389,5039500.0,
2020-02-03,4.624,4.624,4.624,4.624,721200.0,
2020-02-04,4.217,4.741,4.217,4.688,4396700.0,
2020-02-05,4.692,4.919,4.597,4.745,4291600.0,
2020-02-06,4.703,5.290,4.703,5.203,4523100.0,
2020-02-07,5.209,5.950,5.114,5.950,6717700.0,
2020-02-10,6.104,6.415,5.897,6.259,8103800.0,
2020-02-11,6.201,6.401,5.998,6.055,4789300.0,
2020-02-12,5.956,6.411,5.901,6.207,6914700.0,
2020-02-13,6.292,6.292,5.944,6.033,3668900.0,
2020-02-14,6.004,6.187,5.954,6.029,3310400.0,
2020-02-17,6.138,6.768,6.089,6.664,7936400.0,
2020-02-18,6.626,6.715,6.444,6.711,4203000.0,
2020-02-19,6.634,6.687,6.403,6.474,3384500.0,
2020-02-20,6.456,6.681,6.243,6.614,3657600.0,
2020-02-21,6.349,6.802,6.347,6.575,5070700.0,
2020-02-24,6.695,7.460,6.693,7.460,6041900.0,
2020-02-25,7.434,8.432,7.355,8.432,9740400.0,
2020-02-26,8.499,9.035,7.877,8.414,10547700.0,
2020-02-27,8.630,8.873,8.059,8.219,9375700.0,
2020-02-28,7.426,7.820,7.171,7.183,7014100.0,
2020-03-02,7.416,8.128,7.088,8.128,8992400.0,
2020-03-03,8.468,8.859,7.644,7.806,8233700.0,
2020-03-04,7.735,7.962,7.337,7.541,5348500.0,
2020-03-05,8.201,8.225,7.173,7.341,6589300.0,
2020-03-06,7.065,7.476,7.053,7.227,4115700.0,
2020-03-09,7.047,7.596,6.970,7.128,6248200.0,
2020-03-10,7.021,7.861,6.905,7.746,5637300.0,
2020-03-11,7.752,8.404,7.660,7.741,7205400.0,
2020-03-12,7.557,8.063,7.403,8.063,4727800.0,
2020-03-13,7.608,8.404,7.517,8.213,5315300.0,
2020-03-16,8.304,8.335,7.166,7.166,4965300.0,
2020-03-17,7.367,7.456,6.849,7.191,3524200.0,
2020-03-18,7.223,7.573,6.919,6.919,3367700.0,
2020-03-19,7.021,7.839,6.849,7.839,5874800.0,
2020-03-20,8.063,8.080,7.231,7.547,5935800.0,
2020-03-23,7.175,7.839,7.175,7.264,4249600.0,
2020-03-24,7.557,7.644,6.636,7.088,5502600.0,
2020-03-25,7.361,7.411,7.152,7.233,4365300.0,
2020-03-26,7.254,7.254,6.768,6.828,3357000.0,
2020-03-27,7.023,7.071,6.444,6.444,3271900.0,
2020-03-30,6.336,6.336,5.735,5.875,3899000.0,
2020-03-31,6.016,6.061,5.608,5.634,2997400.0,
2020-04-01,5.654,6.100,5.498,5.776,4013300.0,
2020-04-02,5.836,6.464,5.674,6.342,4016200.0,
2020-04-03,6.383,6.535,6.286,6.381,2882600.0,
2020-04-07,6.614,6.681,6.500,6.616,2192000.0,
2020-04-08,6.656,7.025,6.545,6.851,3480100.0,
2020-04-09,6.950,6.950,6.642,6.729,2458400.0,
2020-04-10,7.071,7.349,6.847,6.960,5420000.0,
2020-04-13,6.956,7.310,6.853,6.978,2955200.0,
2020-04-14,6.978,7.304,6.877,7.235,3726200.0,
2020-04-15,7.260,7.298,7.071,7.136,2352700.0,
2020-04-16,7.019,7.304,6.944,7.213,2016500.0,
2020-04-17,7.341,7.527,7.256,7.312,2529800.0,
2020-04-20,7.252,7.699,7.154,7.577,2872700.0,
2020-04-21,7.511,7.654,7.363,7.577,2094600.0,
2020-04-22,7.458,7.729,7.424,7.620,1746600.0,
2020-04-23,7.656,7.656,7.254,7.359,2305700.0,
2020-04-24,7.335,8.043,7.335,7.567,4733400.0,
2020-04-27,7.577,8.551,7.577,8.505,6201600.0,
2020-04-28,8.225,8.227,7.428,7.772,6885800.0,
2020-04-29,7.733,7.833,7.438,7.586,3050900.0,
2020-04-30,7.665,8.509,7.598,8.280,4277400.0,
2020-05-06,8.207,8.537,8.132,8.448,4987100.0,
2020-05-07,8.580,8.849,8.076,8.106,4853600.0,
2020-05-08,8.211,8.310,8.086,8.191,3240700.0,
2020-05-11,8.181,8.371,7.993,7.999,3435400.0,
2020-05-12,8.067,8.071,7.764,8.025,2774000.0,
2020-05-13,8.027,8.057,7.800,7.982,2133400.0,
2020-05-14,8.001,8.053,7.719,7.766,2526400.0,
2020-05-15,7.794,8.092,7.683,7.946,2840600.0,
2020-05-18,7.897,7.958,7.288,7.310,4655400.0,
2020-05-19,7.407,7.699,7.399,7.628,2624600.0,
2020-05-20,7.748,7.760,7.395,7.494,2282900.0,
2020-05-21,7.575,7.575,7.138,7.185,2526300.0,
2020-05-22,7.245,7.330,6.909,6.970,2292600.0,
2020-05-25,6.998,7.201,6.855,7.118,2239600.0,
2020-05-26,7.152,7.458,7.116,7.424,2255400.0,
2020-05-27,7.367,7.444,7.237,7.292,1389100.0,
2020-05-28,7.225,7.395,7.146,7.274,1413300.0,
2020-05-29,7.276,7.345,7.142,7.185,1652700.0,
2020-06-01,7.286,7.602,7.286,7.569,2940700.0,
2020-06-02,7.569,7.598,7.375,7.454,2283300.0,
2020-06-03,7.478,7.507,7.189,7.264,3223100.0,
2020-06-04,7.195,7.620,7.195,7.426,2548400.0,
2020-06-05,7.442,7.460,7.154,7.330,1946600.0,
2020-06-08,7.472,7.648,7.397,7.438,2158000.0,
2020-06-09,7.407,7.474,7.270,7.375,1344300.0,
2020-06-10,7.361,8.120,7.199,7.513,3210100.0,
2020-06-11,7.501,7.636,7.361,7.488,2838700.0,
2020-06-12,7.335,7.614,7.213,7.602,2766700.0,
2020-06-15,7.614,8.003,7.561,7.612,4371800.0,
2020-06-16,7.743,8.408,7.743,8.408,6084400.0,
2020-06-17,8.476,8.478,7.962,8.446,5425300.0,
2020-06-18,8.349,9.080,8.290,8.893,6652400.0,
2020-06-19,8.861,8.861,8.632,8.768,4113000.0,
2020-06-22,8.752,9.076,8.693,8.855,4108100.0,
2020-06-23,8.833,9.031,8.732,9.011,3054700.0,
2020-06-24,8.964,9.187,8.891,8.981,2595100.0,
2020-06-29,8.808,9.539,8.804,9.288,3793600.0,
2020-06-30,9.452,10.133,9.319,9.875,4472400.0,
2020-07-01,9.926,9.926,9.274,9.531,4529800.0,
2020-07-02,9.460,9.734,9.430,9.602,3361900.0,
2020-07-03,9.683,9.744,9.272,9.554,3503200.0,
2020-07-06,9.562,10.005,9.371,9.865,3822600.0,
2020-07-07,9.827,10.424,9.720,10.007,4454600.0,
2020-07-08,9.906,10.274,9.683,9.967,4371900.0,
2020-07-09,10.149,11.119,9.989,10.853,4952800.0,
2020-07-10,10.703,10.953,10.396,10.693,3528900.0,
2020-07-13,11.384,11.981,11.384,11.981,2141500.0,
2020-07-14,12.599,13.020,11.981,12.408,8657100.0,
2020-07-15,11.971,12.214,10.999,11.195,6117100.0,
2020-07-16,11.181,11.663,10.647,10.649,4858600.0,
2020-07-17,10.880,11.576,10.778,11.394,4179900.0,
2020-07-20,11.459,11.584,10.776,11.554,3712100.0,
2020-07-21,11.414,11.760,11.009,11.657,3198400.0,
2020-07-22,11.629,12.396,11.426,11.758,4081600.0,
2020-07-23,11.485,12.147,11.400,11.989,3138700.0,
2020-07-24,11.971,12.090,10.979,10.999,3822200.0,
2020-07-27,11.181,11.647,10.979,11.157,2594700.0,
2020-07-28,11.426,12.437,11.301,12.352,3687500.0,
2020-07-29,12.194,12.412,12.015,12.410,3194700.0,
2020-07-30,12.410,12.410,11.748,11.967,3212100.0,
2020-07-31,11.965,12.617,11.868,12.143,3900300.0,
2020-08-03,12.289,12.459,11.951,12.303,5038700.0,
2020-08-04,12.238,13.111,12.149,12.918,5021600.0,
2020-08-05,13.062,13.103,12.396,12.787,2510700.0,
2020-08-06,12.882,12.882,12.416,12.651,2151800.0,
2020-08-07,12.795,12.799,11.910,12.208,3179100.0,
2020-08-10,12.194,12.534,11.910,11.979,2511400.0,
2020-08-11,12.092,12.594,11.586,11.627,2789600.0,
2020-08-12,11.659,11.829,10.981,11.416,3448600.0,
2020-08-13,11.361,11.564,10.999,11.149,2355000.0,
2020-08-14,11.331,11.647,11.187,11.465,1844900.0,
2020-08-17,11.627,11.627,11.013,11.293,3385800.0,
2020-08-18,11.424,11.615,10.473,10.693,6981500.0,
2020-08-19,10.845,10.944,10.580,10.675,3945400.0,
2020-08-20,10.487,10.823,10.234,10.675,2834500.0,
2020-08-21,10.695,11.092,10.637,10.724,2728700.0,
2020-08-24,10.734,11.442,10.568,11.299,4197600.0,
2020-08-25,11.426,11.758,11.226,11.461,3477400.0,
2020-08-26,11.343,11.434,10.837,10.942,2544300.0,
2020-08-27,10.878,11.471,10.878,11.390,2258400.0,
2020-08-28,11.323,11.465,11.112,11.447,2039500.0,
2020-08-31,11.639,11.655,11.299,11.299,1772300.0,
2020-09-01,11.303,11.382,10.934,11.242,2366700.0,
2020-09-02,11.285,11.420,10.993,11.289,1962700.0,
2020-09-03,11.311,11.353,10.894,10.942,1940700.0,
2020-09-04,10.618,11.060,10.618,10.957,1681900.0,
2020-09-07,10.993,11.121,10.537,10.574,1986100.0,
2020-09-08,10.592,11.013,10.086,10.189,2905100.0,
2020-09-09,9.661,10.005,9.230,9.665,3984600.0,
2020-09-10,9.681,9.879,9.339,9.418,2165500.0,
2020-09-11,9.228,9.736,9.228,9.663,2079700.0,
2020-09-14,9.663,9.967,9.582,9.758,2630900.0,
2020-09-15,9.942,9.942,9.541,9.628,2018000.0,
2020-09-16,9.679,9.881,9.523,9.606,1444100.0,
2020-09-17,9.531,9.875,9.440,9.728,2134200.0,
2020-09-18,9.764,9.817,9.509,9.770,2184000.0,
2020-09-21,9.788,9.904,9.468,9.519,2110900.0,
2020-09-22,9.535,9.693,9.359,9.416,1314800.0,
2020-09-23,9.558,9.805,9.440,9.576,1659200.0,
2020-09-24,9.497,9.582,9.118,9.122,1830400.0,
2020-09-25,9.213,9.558,9.102,9.175,2144600.0,
2020-09-28,9.319,9.501,9.015,9.082,1831000.0,
2020-09-29,9.163,9.416,9.096,9.302,1765500.0,
2020-09-30,9.268,9.357,9.062,9.195,1989100.0,
2020-10-09,9.420,9.756,9.193,9.258,3460800.0,
2020-10-12,9.288,10.120,9.288,10.025,4544800.0,
2020-10-13,10.064,10.108,9.790,10.013,2264800.0,
2020-10-14,9.967,10.270,9.888,10.193,2772800.0,
2020-10-15,10.193,10.327,10.050,10.110,2163900.0,
2020-10-16,10.074,10.151,9.807,9.845,2141000.0,
2020-10-19,10.531,11.056,9.572,9.720,6548100.0,
2020-10-20,9.515,9.590,9.055,9.313,4264800.0,
2020-10-21,9.394,9.618,9.055,9.136,3546900.0,
2020-10-22,9.134,9.288,8.985,9.047,2632800.0,
2020-10-23,9.177,9.794,9.177,9.462,5793500.0,
2020-10-26,9.424,10.027,9.396,9.890,4229400.0,
2020-10-27,9.875,10.118,9.784,9.946,2754000.0,
2020-10-28,9.975,10.228,9.825,10.066,3321000.0,
2020-10-29,9.825,10.169,9.683,10.031,2844400.0,
2020-10-30,10.167,10.311,9.764,9.805,3072500.0,
2020-11-02,9.946,10.212,9.543,10.106,2995200.0,
2020-11-03,10.189,10.902,9.926,10.768,3407100.0,
2020-11-04,10.766,10.772,10.246,10.469,3085000.0,
2020-11-05,10.683,12.228,10.299,11.469,6817000.0,
2020-11-06,11.404,11.485,10.991,11.187,4279100.0,
2020-11-09,11.382,12.088,11.222,11.357,5478800.0,
2020-11-10,11.226,11.303,10.732,10.837,3136500.0,
2020-11-11,10.884,11.114,10.489,10.576,2711000.0,
2020-11-12,10.716,10.795,10.371,10.479,1963300.0,
2020-11-13,10.416,10.576,10.173,10.319,2111300.0,
2020-11-16,10.311,10.432,9.922,10.191,2452500.0,
2020-11-17,10.234,10.270,9.568,9.796,2952800.0,
2020-11-18,9.762,9.906,9.592,9.673,1880600.0,
2020-11-19,9.695,9.942,9.359,9.764,2410600.0,
2020-11-20,9.764,9.922,9.687,9.748,1581000.0,
2020-11-23,9.643,9.861,9.302,9.604,2765200.0,
2020-11-24,9.602,9.898,9.602,9.675,2612100.0,
2020-11-25,9.604,9.922,9.365,9.748,2784600.0,
2020-11-26,9.614,9.817,9.359,9.446,2288300.0,
2020-11-27,9.468,9.713,9.440,9.598,1645100.0,
2020-11-30,9.626,9.701,9.258,9.280,2594300.0,
2020-12-01,9.302,9.551,9.177,9.398,2255800.0,
2020-12-02,9.452,9.746,9.359,9.531,2836900.0,
2020-12-03,9.511,9.639,9.298,9.339,1811100.0,
2020-12-04,9.270,9.442,9.270,9.408,1150400.0,
2020-12-07,9.464,9.531,9.339,9.355,1759700.0,
2020-12-08,9.329,9.460,9.280,9.355,1392300.0,
2020-12-09,9.418,9.418,9.015,9.049,2518100.0,
2020-12-10,9.068,9.126,8.727,8.825,2308400.0,
2020-12-11,8.904,8.904,8.306,8.454,3321900.0,
2020-12-14,8.503,8.604,8.351,8.547,2212700.0,
2020-12-15,8.515,8.784,8.373,8.683,2124800.0,
2020-12-16,8.679,8.841,8.549,8.588,1810200.0,
2020-12-17,8.671,8.782,8.466,8.782,1548200.0,
2020-12-18,8.843,8.843,8.553,8.574,1356900.0,
2020-12-21,8.517,8.772,8.491,8.630,1424100.0,
2020-12-22,8.559,8.661,7.743,7.790,4281700.0,
2020-12-23,7.806,8.345,7.804,8.270,4433100.0,
2020-12-24,8.343,8.434,7.968,8.094,2281700.0,
2020-12-25,8.185,8.185,7.790,7.887,1585700.0,
2020-12-28,7.879,7.968,7.486,7.551,2875500.0,
2020-12-29,7.539,8.596,7.486,8.517,5035600.0,
2020-12-30,8.347,8.535,8.043,8.412,3812900.0,
2020-12-31,8.367,8.699,8.308,8.616,3144000.0,
2021-01-04,8.691,9.029,8.683,8.819,3709800.0,
2021-01-05,8.954,9.203,8.754,8.920,3958200.0,
2021-01-06,8.924,8.999,8.304,8.316,5938900.0,
2021-01-07,8.296,8.395,7.652,7.812,4779100.0,
2021-01-08,7.748,8.171,7.699,7.802,5235000.0,
2021-01-11,7.802,8.108,7.547,7.889,4439900.0,
2021-01-12,7.784,8.063,7.598,7.650,5488100.0,
2021-01-13,7.665,8.003,7.523,7.952,4913300.0,
2021-01-14,7.960,8.268,7.812,7.938,5859900.0,
2021-01-15,7.942,8.041,7.715,7.956,3786600.0,
2021-01-18,7.936,8.606,7.705,8.470,5075200.0,
2021-01-19,8.426,8.509,7.822,7.859,5791100.0,
2021-01-20,7.901,8.098,7.743,8.035,3054100.0,
2021-01-21,7.954,8.069,7.831,7.912,3229500.0,
2021-01-22,7.988,8.082,7.233,7.426,6211000.0,
2021-01-25,7.337,7.509,7.100,7.150,4341500.0,
2021-01-26,7.239,7.260,6.747,6.822,6102000.0,
2021-01-27,6.889,7.792,6.857,7.735,7679500.0,
2021-01-28,7.681,7.895,7.557,7.646,4364500.0,
2021-01-29,7.820,7.942,7.426,7.762,3729200.0,
2021-02-01,7.701,7.835,7.292,7.468,4069300.0,
2021-02-02,7.496,7.598,7.335,7.464,2933300.0,
2021-02-03,7.482,7.482,7.000,7.015,3877700.0,
2021-02-04,6.930,7.013,6.170,6.363,7848800.0,
2021-02-05,6.436,6.484,5.917,5.966,4552000.0,
2021-02-08,6.039,6.233,5.861,6.029,3896100.0,
2021-02-09,5.994,6.292,5.877,6.245,2997600.0,
2021-02-10,6.282,6.824,6.116,6.648,4974100.0,
2021-02-18,6.727,7.104,6.703,6.976,3367200.0,
2021-02-19,7.031,7.488,6.909,7.324,3452700.0,
2021-02-22,7.363,7.470,7.140,7.173,3444500.0,
2021-02-23,7.284,7.413,6.988,7.071,2568300.0,
2021-02-24,7.061,7.225,6.940,7.037,2479700.0,
2021-02-25,7.193,7.193,6.841,6.847,1837600.0,
2021-02-26,6.806,7.029,6.713,6.871,2212300.0,
2021-03-01,6.885,7.191,6.832,7.112,2868600.0,
2021-03-02,7.112,7.187,6.867,6.952,2000400.0,
2021-03-03,6.970,6.982,6.646,6.792,2650900.0,
2021-03-04,6.824,6.960,6.555,6.573,2230500.0,
2021-03-05,6.523,6.662,6.462,6.549,1920000.0,
2021-03-08,6.626,6.782,6.272,6.304,2366900.0,
2021-03-09,6.274,6.302,5.917,5.948,2497700.0,
2021-03-10,6.019,6.051,5.802,5.836,2230000.0,
2021-03-11,5.818,5.964,5.711,5.946,2473000.0,
2021-03-12,5.954,5.958,5.725,5.857,1701000.0,
2021-03-15,5.846,5.893,5.549,5.684,2262300.0,
2021-03-16,5.753,5.816,5.537,5.614,2527900.0,
2021-03-17,5.632,5.828,5.518,5.644,2550800.0,
2021-03-18,5.691,5.711,5.520,5.535,2013800.0,
2021-03-19,5.525,5.658,5.352,5.415,2118200.0,
2021-03-22,5.407,5.721,5.387,5.672,3046600.0,
2021-03-23,5.652,5.972,5.597,5.776,4511700.0,
2021-03-24,5.711,5.865,5.603,5.709,2763900.0,
2021-03-25,5.707,5.940,5.634,5.889,2101000.0,
2021-03-26,5.996,6.004,5.802,5.909,2981700.0,
2021-03-29,5.871,6.055,5.844,5.873,2120800.0,
2021-03-30,5.897,5.996,5.836,5.909,1925100.0,
2021-03-31,5.972,6.219,5.859,6.180,2347600.0,
2021-04-01,6.178,6.213,6.083,6.187,1458300.0,
2021-04-02,6.221,6.494,6.176,6.302,2806200.0,
2021-04-06,6.304,6.359,6.152,6.211,1436100.0,
2021-04-07,6.189,6.284,5.992,6.116,2472300.0,
2021-04-08,6.148,6.189,5.960,5.962,1447300.0,
2021-04-09,6.025,6.039,5.887,5.936,1303300.0,
2021-04-12,5.927,5.988,5.684,5.729,1391200.0,
2021-04-13,5.751,5.804,5.640,5.670,1117700.0,
2021-04-14,5.648,6.029,5.597,5.966,1776100.0,
2021-04-15,5.966,6.164,5.857,6.075,1357400.0,
2021-04-16,6.075,6.130,5.927,5.946,1935300.0,
2021-04-19,6.019,6.201,5.938,6.195,1764100.0,
2021-04-20,6.211,6.211,5.871,5.875,2425400.0,
2021-04-21,5.828,5.863,5.715,5.765,1294900.0,
2021-04-22,5.774,6.219,5.743,6.144,2642800.0,
2021-04-23,6.585,7.430,6.585,6.913,9291700.0,
2021-04-26,6.889,7.191,6.808,7.085,6190000.0,
2021-04-27,7.092,7.387,7.071,7.154,4763000.0,
2021-04-28,7.164,7.183,6.990,7.051,3093100.0,
2021-04-29,7.009,7.102,6.883,6.907,2773900.0,
2021-04-30,6.893,6.966,6.444,6.444,4389300.0,
2021-05-06,6.525,6.664,6.401,6.527,2713600.0,
2021-05-07,6.537,6.589,6.221,6.227,2138400.0,
2021-05-10,6.203,6.274,5.893,5.970,3537200.0,
2021-05-11,5.899,6.041,5.816,5.907,3193000.0,
2021-05-12,6.010,6.148,5.857,6.087,2712800.0,
2021-05-13,5.998,6.551,5.958,6.373,4382400.0,
2021-05-14,6.407,6.624,6.367,6.585,3163000.0,
2021-05-17,6.525,6.658,6.484,6.581,3428300.0,
2021-05-18,6.608,6.662,6.357,6.608,2775300.0,
2021-05-19,6.602,6.683,6.464,6.506,2561200.0,
2021-05-20,6.502,6.822,6.454,6.733,2924500.0,
2021-05-21,6.751,6.818,6.488,6.531,3340400.0,
2021-05-24,6.498,6.772,6.484,6.764,2315100.0,
2021-05-25,6.731,6.972,6.699,6.942,3597200.0,
2021-05-26,6.998,7.023,6.800,6.832,2278400.0,
2021-05-27,6.828,7.411,6.782,7.316,5727600.0,
2021-05-28,7.296,7.616,7.260,7.310,4145600.0,
2021-05-31,7.347,7.466,7.249,7.355,2920200.0,
2021-06-01,7.373,7.774,7.258,7.466,4706900.0,
2021-06-02,7.365,7.531,7.142,7.195,2596400.0,
2021-06-03,7.169,7.571,7.169,7.353,3656500.0,
2021-06-04,7.401,7.709,7.355,7.612,3969300.0,
2021-06-07,7.739,7.887,7.537,7.851,4240800.0,
2021-06-08,7.820,7.827,7.628,7.709,2790800.0,
2021-06-09,7.654,7.776,7.391,7.503,2531600.0,
2021-06-10,7.456,7.541,7.355,7.541,3168800.0,
2021-06-11,7.535,7.764,7.458,7.689,4257400.0,
2021-06-15,7.687,7.845,7.567,7.715,2315700.0,
2021-06-16,7.618,7.891,7.310,7.387,4225300.0,
2021-06-17,7.375,7.758,7.324,7.719,3018000.0,
2021-06-18,7.859,8.195,7.810,7.845,4249700.0,
2021-06-21,7.851,7.930,7.739,7.754,2640600.0,
2021-06-22,7.782,7.831,7.594,7.598,3280900.0,
2021-06-23,7.644,8.171,7.577,8.082,5166100.0,
2021-06-24,8.154,8.177,7.703,7.715,3675200.0,
2021-06-25,7.397,7.853,7.372,7.499,5094800.0,
2021-06-28,7.437,7.853,7.426,7.780,6085400.0,
2021-06-29,7.787,7.787,7.244,7.270,6015800.0,
2021-06-30,7.251,7.492,6.945,7.168,6872800.0,
2021-07-01,7.270,7.273,6.756,6.756,5388600.0,
2021-07-02,6.756,6.887,6.617,6.654,3914700.0,
2021-07-05,6.654,6.792,6.366,6.705,5532800.0,
2021-07-06,6.610,6.701,6.315,6.435,4978600.0,
2021-07-07,6.461,6.592,6.253,6.592,6221700.0,
2021-07-08,6.530,6.741,6.300,6.741,6815000.0,
2021-07-09,6.650,7.135,6.617,6.876,7561800.0,
2021-07-12,6.876,8.042,6.807,7.911,17379800.0,
2021-07-13,7.864,7.889,7.583,7.703,10728300.0,
2021-07-14,7.740,7.958,7.579,7.601,7852800.0,
2021-07-15,7.682,7.780,7.036,7.288,10971300.0,
2021-07-16,7.408,7.412,7.128,7.190,5829600.0,
2021-07-19,7.066,8.174,6.971,7.948,13958500.0,
2021-07-20,7.809,8.093,7.725,8.046,10135800.0,
2021-07-21,8.199,8.254,7.846,7.853,10515000.0,
2021-07-22,7.784,8.195,7.714,7.951,9997300.0,
2021-07-23,7.915,8.647,7.754,8.458,16202200.0,
2021-07-26,8.370,8.578,7.926,8.199,11865400.0,
2021-07-27,8.163,9.168,8.163,8.542,19366400.0,
2021-07-28,8.436,9.467,8.334,9.201,21871900.0,
2021-07-29,9.493,10.816,8.928,10.451,25430300.0,
2021-07-30,9.894,11.559,9.821,10.335,24153000.0,
2021-08-02,10.294,11.308,10.076,11.187,19726900.0,
2021-08-03,10.929,11.227,10.265,10.276,18218000.0,
2021-08-04,9.974,10.342,9.697,10.233,27190700.0,
2021-08-05,10.076,10.258,9.584,9.668,18051900.0,
2021-08-06,9.715,9.832,9.154,9.311,16599400.0,
2021-08-09,9.267,9.657,9.227,9.365,11976900.0,
2021-08-10,9.445,9.595,9.194,9.566,10698200.0,
2021-08-11,9.580,10.203,9.529,10.192,20149900.0,
2021-08-12,9.970,10.083,9.788,9.828,11463900.0,
2021-08-13,9.639,9.777,8.848,8.873,16553000.0,
2021-08-16,8.789,9.052,8.684,8.844,8133500.0,
2021-08-17,8.844,8.870,8.330,8.341,10268000.0,
2021-08-18,8.341,8.469,8.061,8.330,8543200.0,
2021-08-19,8.418,9.019,8.359,8.891,11836200.0,
2021-08-20,8.862,8.873,8.512,8.782,8846900.0,
2021-08-23,8.655,9.044,8.509,8.844,7822500.0,
2021-08-24,7.889,8.254,7.583,8.042,23063000.0,
2021-08-25,8.035,8.567,7.962,8.316,10545100.0,
2021-08-26,8.254,8.297,7.780,7.838,9315000.0,
2021-08-27,7.918,7.918,7.616,7.722,6583700.0,
2021-08-30,7.743,7.911,7.456,7.864,8045700.0,
2021-08-31,7.875,7.889,7.434,7.521,7003400.0,
2021-09-01,7.510,7.743,7.423,7.656,6136000.0,
2021-09-02,7.528,7.656,7.456,7.590,4898500.0,
2021-09-03,7.711,8.166,7.620,7.856,7871200.0,
2021-09-06,7.962,8.436,7.798,8.374,10421600.0,
2021-09-07,8.374,8.549,8.199,8.363,6729400.0,
2021-09-08,8.308,8.753,8.192,8.680,8537000.0,
2021-09-09,8.724,9.048,8.516,8.614,9446900.0,
2021-09-10,8.655,8.764,8.228,8.640,9061300.0,
2021-09-13,8.596,8.607,8.075,8.144,6885400.0,
2021-09-14,8.250,8.327,7.900,7.980,6467500.0,
2021-09-15,7.962,8.163,7.871,8.017,4093100.0,
2021-09-16,7.980,8.024,7.521,7.561,6451200.0,
2021-09-17,7.561,7.769,7.233,7.703,5905000.0,
2021-09-22,7.525,7.656,7.397,7.463,3069300.0,
2021-09-23,7.525,7.897,7.521,7.809,3992500.0,
2021-09-24,7.743,7.864,7.525,7.576,3137500.0,
2021-09-27,7.820,8.024,7.321,7.343,4615200.0,
2021-09-28,7.313,7.485,7.047,7.215,3595500.0,
2021-09-29,7.124,7.204,6.763,6.781,4430100.0,
2021-09-30,6.825,7.157,6.789,6.880,4259300.0,
2021-10-08,7.026,7.179,6.960,7.109,2905800.0,
2021-10-11,7.128,7.488,7.011,7.343,3941800.0,
2021-10-12,7.313,7.415,6.945,7.088,3633900.0,
2021-10-13,7.088,7.481,7.029,7.441,4107600.0,
2021-10-14,7.452,7.452,7.179,7.204,3838300.0,
2021-10-15,7.237,7.550,7.190,7.390,4120600.0,
2021-10-18,7.324,7.590,7.222,7.284,4419600.0,
2021-10-19,7.284,7.415,6.978,7.058,4329900.0,
2021-10-20,7.157,7.179,6.989,7.004,3310500.0,
2021-10-21,7.040,7.058,6.734,6.829,4201800.0,
2021-10-22,6.756,6.956,6.745,6.858,2326500.0,
2021-10-25,6.862,7.058,6.687,7.058,3404900.0,
2021-10-26,7.033,8.214,7.011,7.776,16614000.0,
2021-10-27,7.751,7.871,7.055,7.368,11102000.0,
2021-10-28,7.321,7.415,7.069,7.124,4327900.0,
2021-10-29,7.197,7.470,7.131,7.288,3874800.0,
2021-11-01,7.171,7.405,7.106,7.397,3914400.0,
2021-11-02,7.415,7.835,7.284,7.751,8424600.0,
2021-11-03,7.780,7.798,7.492,7.652,3832200.0,
2021-11-04,7.641,7.743,7.605,7.671,3424800.0,
2021-11-05,7.685,7.773,7.547,7.696,3913200.0,
2021-11-08,7.634,8.017,7.550,7.940,4900900.0,
2021-11-09,7.958,8.061,7.780,7.944,5011800.0,
2021-11-10,7.882,8.188,7.765,8.141,4891800.0,
2021-11-11,8.119,8.177,8.020,8.046,3963400.0,
2021-11-12,8.013,8.104,7.911,7.955,3656100.0,
2021-11-15,8.024,8.254,7.951,8.225,6081100.0,
2021-11-16,8.210,8.618,7.991,8.071,8335000.0,
2021-11-17,7.897,8.505,7.897,8.432,8181000.0,
2021-11-18,8.399,8.746,8.356,8.399,7054600.0,
2021-11-19,8.385,8.720,8.381,8.567,5340300.0,
2021-11-22,8.545,9.234,8.476,9.015,7939600.0,
2021-11-23,9.074,11.180,9.074,10.582,35792400.0,
2021-11-24,10.695,11.016,10.331,10.779,16631700.0,
2021-11-25,10.735,10.907,9.773,9.897,18906400.0,
2021-11-26,9.792,9.923,9.329,9.467,13891700.0,
2021-11-29,9.456,10.127,9.208,9.846,11833000.0,
2021-11-30,9.970,10.287,9.792,10.058,10046800.0,
2021-12-01,10.280,10.426,9.908,10.367,8054100.0,
2021-12-02,10.331,10.659,9.952,10.601,10348400.0,
2021-12-03,10.546,11.151,10.298,11.151,11735800.0,
2021-12-06,11.045,11.424,10.499,10.604,8264000.0,
2021-12-07,10.488,10.808,10.105,10.196,9205000.0,
2021-12-08,10.196,10.593,10.039,10.378,6616600.0,
2021-12-09,10.316,10.422,9.813,9.890,7345100.0,
2021-12-10,9.890,10.058,9.722,9.773,4360500.0,
2021-12-13,9.781,10.014,9.504,9.792,6700800.0,
2021-12-14,9.894,10.284,9.726,10.120,6909300.0,
2021-12-15,10.214,10.586,10.007,10.076,5474700.0,
2021-12-16,10.076,10.451,9.675,10.335,5634700.0,
2021-12-17,10.316,10.429,9.886,9.915,4523100.0,
2021-12-20,9.529,9.722,9.110,9.471,8369300.0,
2021-12-21,9.460,9.886,9.391,9.810,6016100.0,
2021-12-22,9.875,10.386,9.609,10.291,6073400.0,
2021-12-23,10.353,10.389,9.967,10.058,4948900.0,
2021-12-24,10.058,10.185,9.602,10.120,6807800.0,
2021-12-27,10.076,10.790,9.886,10.666,7209500.0,
2021-12-28,10.768,10.943,10.535,10.663,7265400.0,
2021-12-29,10.513,11.096,10.488,10.732,7802700.0,
2021-12-30,10.732,11.351,10.597,11.125,7866000.0,
2021-12-31,11.096,11.297,10.918,11.278,4734700.0,
2022-01-04,11.08,11.54,10.51,11.2,8426500.0,305281568.0
2022-01-05,11.13,11.13,10.41,10.44,4775700.0,167265447.0
2022-01-06,10.45,10.79,10.19,10.24,3970700.0,135354789.0
2022-01-07,10.28,10.42,9.76,9.89,3897400.0,128803503.0
2022-01-10,9.75,10.48,9.53,10.41,6069700.0,204372633.0
2022-01-11,10.46,10.56,10.04,10.14,3704500.0,125505522.0
2022-01-12,10.29,10.47,9.87,9.93,2750800.0,91386004.0
2022-01-13,10.21,10.33,9.42,9.7,5135500.0,166381551.0
2022-01-14,9.43,9.99,9.43,9.78,2796900.0,90801425.0
2022-01-17,9.85,11.5,9.79,11.34,12484100.0,447776560.0
2022-01-18,11.46,12.03,11.13,11.58,10583000.0,397961728.0
2022-01-19,11.34,11.82,11.25,11.48,5507600.0,204926576.0
2022-01-20,11.48,11.78,11.21,11.27,7487500.0,278001792.0
2022-01-21,11.17,11.48,10.81,10.89,3998500.0,143491255.0
2022-01-24,11.01,11.13,10.72,10.82,2391300.0,84828786.0
2022-01-25,10.82,10.95,10.33,10.58,4446500.0,154203140.0
2022-01-26,10.63,10.93,10.33,10.76,4358600.0,152140634.0
2022-01-27,10.76,10.78,10.03,10.07,5688600.0,193261272.0
2022-01-28,10.07,10.64,10.05,10.24,4094900.0,139639251.0
2022-02-07,10.64,10.68,9.95,10.14,4101300.0,137863862.0
2022-02-08,10.14,10.24,9.41,9.58,5960700.0,191434237.0
2022-02-09,9.62,10.48,9.5,10.43,6474200.0,214612912.0
2022-02-10,10.33,11.41,10.15,11.39,12026100.0,430841024.0
2022-02-11,11.25,11.36,10.05,11.01,10359800.0,362546736.0
2022-02-14,10.57,11.19,10.22,10.72,5822600.0,206152514.0
2022-02-15,10.79,11.13,10.6,11.1,3683400.0,131346031.0
2022-02-16,11.16,11.28,10.65,10.72,4234800.0,150312108.0
2022-02-17,10.65,10.8,10.29,10.37,4083900.0,140202384.0
2022-02-18,10.51,11.46,10.51,11.24,8886600.0,321760656.0
2022-02-21,11.75,11.88,11.19,11.61,12400700.0,461984976.0
2022-02-22,11.37,11.57,10.99,11.04,7573600.0,276018288.0
2022-02-23,11.06,11.31,10.84,11.17,6553800.0,238009319.0
2022-02-24,11.07,11.07,10.27,10.63,6660700.0,233078260.0
2022-02-25,10.7,10.96,10.36,10.4,5163400.0,178365997.0
2022-02-28,10.46,10.65,10.19,10.52,3567900.0,122083074.0
2022-03-01,10.53,11.52,10.46,11.52,8720500.0,316099968.0
2022-03-02,11.5,11.5,10.98,11.18,5009000.0,181251572.0
2022-03-03,11.17,11.18,10.57,10.63,5781600.0,203316131.0
2022-03-04,10.49,10.93,10.32,10.71,4178700.0,145266115.0
2022-03-07,10.7,10.7,9.59,9.77,7612800.0,250161299.0
2022-03-08,9.77,10.16,9.71,9.78,5913100.0,194140787.0
2022-03-09,9.8,9.97,8.69,9.22,9668300.0,299889920.0
2022-03-10,9.56,9.88,9.46,9.69,6390800.0,205810975.0
2022-03-11,9.48,9.67,9.12,9.56,5084700.0,159715490.0
2022-03-14,9.55,9.55,8.99,8.99,3419600.0,105606690.0
2022-03-15,8.98,9.02,8.18,8.19,7068400.0,206069805.0
2022-03-16,8.45,8.56,7.88,8.29,5976600.0,168656481.0
2022-03-17,8.55,8.94,8.26,8.68,7959500.0,233324038.0
2022-03-18,8.62,8.73,8.33,8.61,4967200.0,144403556.0
2022-03-21,8.72,8.72,8.16,8.33,5611400.0,160193595.0
2022-03-22,8.31,8.33,7.71,7.86,8340800.0,228275844.0
2022-03-23,7.91,8.67,7.64,8.59,10881700.0,310077392.0
2022-03-24,8.36,8.48,7.99,8.12,8156500.0,229793466.0
2022-03-25,8.13,8.2,7.83,7.85,4402500.0,121605083.0
2022-03-28,7.78,7.95,7.49,7.91,4530300.0,121922657.0
2022-03-29,7.98,8.22,7.71,7.8,3667100.0,100828771.0
2022-03-30,7.82,8.09,7.79,7.97,2865500.0,78785511.0
2022-03-31,7.89,8.25,7.74,8.05,3824300.0,105241715.0
2022-04-01,8.01,8.21,7.86,8.13,3109400.0,86330250.0
2022-04-06,8.13,8.14,7.63,7.71,4924100.0,133244610.0
2022-04-07,7.65,7.76,7.29,7.37,6131200.0,159286978.0
2022-04-08,7.44,7.5,6.99,7.22,4632000.0,117437087.0
2022-04-11,7.25,7.36,6.61,6.72,5088700.0,123813872.0
2022-04-12,6.67,6.87,6.4,6.7,4843700.0,115095489.0
2022-04-13,6.63,6.63,6.03,6.1,12464900.0,282735664.0
2022-04-14,6.21,6.29,5.86,6.09,7068700.0,156471901.0
2022-04-15,6.02,6.09,5.69,5.93,8552200.0,185430334.0
2022-04-18,5.92,6.45,5.72,6.41,7376300.0,167945681.0
2022-04-19,6.36,6.62,6.33,6.47,7139900.0,166896200.0
2022-04-20,6.64,6.67,6.33,6.45,5639100.0,132155229.0
2022-04-21,6.35,6.45,5.96,6.01,6189300.0,139735558.0
2022-04-22,5.92,6.03,5.6,5.67,5685200.0,122225263.0
2022-04-25,5.6,5.62,4.97,4.99,7016300.0,140944107.0
2022-04-26,5.05,5.1,4.66,4.72,6454800.0,122891262.0
2022-04-27,4.78,5.68,4.78,5.6,9653600.0,193876726.0
2022-04-28,5.41,5.66,5.34,5.46,7652400.0,158262623.0
2022-04-29,5.57,6.06,5.41,5.91,8786100.0,189128201.0
2022-05-05,5.87,6.42,5.84,6.35,8032500.0,182085718.0
2022-05-06,6.21,6.42,6.03,6.25,5110500.0,115837469.0
2022-05-09,6.22,6.7,6.15,6.61,7040700.0,165618844.0
2022-05-10,6.5,7.52,6.41,7.47,9576800.0,240873528.0
2022-05-11,7.41,8.19,7.07,7.9,10794900.0,289113760.0
2022-05-12,7.81,7.81,7.16,7.42,9214800.0,239032736.0
2022-05-13,7.36,7.57,7.29,7.42,5122600.0,133723796.0
2022-05-16,7.37,7.63,7.17,7.2,2732100.0,70237892.0
2022-05-17,7.14,7.55,7.11,7.46,4533300.0,117848441.0
2022-05-18,7.42,7.59,7.28,7.37,3014100.0,78486153.0
2022-05-19,7.15,7.41,7.1,7.38,3762000.0,96688470.0
2022-05-20,7.49,7.49,7.04,7.36,4940800.0,125947350.0
2022-05-23,7.35,7.36,7.03,7.23,3417900.0,86780096.0
2022-05-24,7.13,7.45,6.76,6.79,4575000.0,114633414.0
2022-05-25,6.73,7.11,6.73,7.05,3331600.0,82395563.0
2022-05-26,7.05,7.55,6.8,7.38,5036500.0,129510170.0
2022-05-27,7.42,7.51,6.8,7.09,6641200.0,166347476.0
2022-05-30,7.16,7.45,6.89,7.38,5132300.0,130311415.0
2022-05-31,7.41,8.04,7.23,7.68,7665700.0,205239391.0
2022-06-01,7.67,7.96,7.6,7.9,4614700.0,125069083.0
2022-06-02,7.89,8.13,7.71,8.0,5373900.0,147901412.0
2022-06-06,7.85,8.64,7.83,8.5,7756900.0,220353185.0
2022-06-07,8.39,8.62,8.15,8.33,5151400.0,146898984.0
2022-06-08,8.38,8.42,7.96,8.15,3729000.0,104510864.0
2022-06-09,8.08,8.08,7.6,7.77,4006100.0,108072350.0
2022-06-10,7.68,8.32,7.67,8.18,4030300.0,110436213.0
2022-06-13,8.18,8.51,7.97,8.25,5307200.0,149042150.0
2022-06-14,8.25,8.29,7.51,7.77,7880000.0,208395395.0
2022-06-15,7.82,8.21,7.77,7.95,4598100.0,125478854.0
2022-06-16,8.13,8.26,7.95,8.06,3311400.0,91478795.0
2022-06-17,8.04,8.35,7.85,8.28,3434500.0,95079906.0
2022-06-20,8.3,8.93,8.3,8.64,6168900.0,180172451.0
2022-06-21,8.65,8.68,7.96,8.22,5988600.0,167334482.0
2022-06-22,8.21,8.37,7.82,7.89,4883400.0,133797310.0
2022-06-23,8.03,8.18,7.74,7.84,7414200.0,199160281.0
2022-06-24,7.84,8.4,7.82,8.38,7229600.0,201055076.0
2022-06-27,8.31,8.41,8.08,8.25,5269500.0,146655251.0
2022-06-28,8.29,8.36,7.94,8.26,3099600.0,85778920.0
2022-06-29,8.25,8.5,7.93,7.95,5187000.0,143112316.0
2022-06-30,7.98,8.17,7.83,7.95,4519100.0,122751865.0
2022-07-01,7.85,8.02,7.57,7.73,5352000.0,141766838.0
2022-07-04,7.83,7.83,6.94,7.12,20175800.0,503135088.0
2022-07-05,7.16,7.3,6.97,7.04,8797700.0,216794507.0
2022-07-06,7.05,7.23,6.84,6.98,6399500.0,156319749.0
2022-07-07,6.98,7.12,6.8,6.9,5379500.0,130447218.0
2022-07-08,6.94,7.11,6.8,6.85,5071600.0,123384897.0
2022-07-11,6.84,6.85,6.59,6.7,4240200.0,100268770.0
2022-07-12,6.74,6.74,6.41,6.45,4818900.0,111683679.0
2022-07-13,6.46,6.61,6.36,6.55,4096500.0,94861553.0
2022-07-14,6.58,6.92,6.36,6.77,5848400.0,139720186.0
2022-07-15,6.73,7.11,6.65,6.95,7057500.0,171541163.0
2022-07-18,6.92,7.55,6.83,7.52,8644800.0,217799604.0
2022-07-19,8.02,8.54,7.82,8.34,21419900.0,597012917.0
2022-07-20,8.53,9.3,8.42,9.23,15958200.0,472323274.0
2022-07-21,9.24,9.44,8.85,8.93,11343100.0,342190844.0
2022-07-22,9.06,9.34,8.87,9.05,6991800.0,210612506.0
2022-07-25,9.06,9.7,8.84,9.16,10473900.0,321498555.0
2022-07-26,9.2,9.33,8.8,9.01,8643100.0,258054960.0
2022-07-27,9.0,9.52,9.0,9.51,7487200.0,231882422.0
2022-07-28,9.51,10.19,9.44,9.63,7893400.0,253024246.0
2022-07-29,9.75,9.78,9.46,9.6,5269700.0,166580363.0
2022-08-01,9.58,10.07,9.44,9.98,6854700.0,222446214.0
2022-08-02,9.8,10.76,9.6,10.55,9621600.0,320900974.0
2022-08-03,10.45,10.85,9.89,10.16,9164200.0,307825828.0
2022-08-04,10.22,10.29,9.72,9.8,7467900.0,242676726.0
2022-08-05,9.79,10.35,9.77,10.25,6138300.0,202824698.0
2022-08-08,10.25,10.46,9.85,10.27,5215300.0,172272329.0
2022-08-09,10.28,10.35,9.97,10.27,3129200.0,103452945.0
2022-08-10,10.13,10.8,9.97,10.73,6148400.0,209317269.0
2022-08-11,11.21,11.76,10.87,11.0,12572200.0,455835246.0
2022-08-12,11.04,11.38,10.51,10.58,6387300.0,224805691.0
2022-08-15,10.58,11.64,10.39,11.43,9167700.0,330070279.0
2022-08-16,11.37,11.49,10.68,10.94,8201200.0,289461235.0
2022-08-17,10.94,11.15,10.77,10.93,3721600.0,131656789.0
2022-08-18,10.74,11.17,10.7,10.93,5389000.0,190261701.0
2022-08-19,10.95,11.19,10.03,10.11,10485600.0,353630723.0
2022-08-22,10.16,10.66,10.02,10.35,6128300.0,206483429.0
2022-08-23,10.38,10.58,10.17,10.39,3955000.0,132924607.0
2022-08-24,10.39,10.4,9.68,9.83,5230600.0,169646906.0
2022-08-25,9.83,10.54,9.75,10.13,9839300.0,324349043.0
2022-08-26,10.13,10.27,9.78,9.86,4466300.0,145890949.0
2022-08-29,9.68,9.97,9.5,9.59,5707600.0,181101653.0
2022-08-30,9.63,10.06,9.46,9.82,5250500.0,169382861.0
2022-08-31,9.82,9.92,9.08,9.14,5356600.0,165404605.0
2022-09-01,9.15,9.34,8.92,9.12,4677100.0,141221347.0
2022-09-02,9.22,9.69,9.07,9.32,4063100.0,126009088.0
2022-09-05,9.55,9.62,9.13,9.36,4057000.0,126410821.0
2022-09-06,9.49,9.81,9.22,9.73,4582800.0,145189688.0
2022-09-07,9.67,9.93,9.52,9.67,5246300.0,167086346.0
2022-09-08,9.67,9.75,9.17,9.26,4749000.0,146040814.0
2022-09-09,9.35,9.36,9.02,9.13,2437600.0,73952805.0
2022-09-13,9.24,9.57,9.16,9.31,2734600.0,84418609.0
2022-09-14,9.14,9.31,8.84,8.91,4343400.0,129490703.0
2022-09-15,8.95,8.95,8.18,8.37,6539300.0,185978905.0
2022-09-16,8.37,8.62,8.17,8.27,4747700.0,134125061.0
2022-09-19,8.29,8.49,8.14,8.26,3421000.0,96142259.0
2022-09-20,8.37,8.53,8.13,8.41,4197100.0,118930027.0
2022-09-21,8.41,8.41,8.17,8.28,2192200.0,61328761.0
2022-09-22,8.28,8.49,8.19,8.36,2431000.0,68819239.0
2022-09-23,8.4,8.47,7.96,8.16,3110300.0,86058892.0
2022-09-26,8.02,8.34,7.98,8.08,2981800.0,82351100.0
2022-09-27,8.09,8.31,8.01,8.28,3491500.0,96375663.0
2022-09-28,8.25,8.26,7.74,7.83,4630700.0,124678329.0
2022-09-29,8.08,8.29,7.83,8.17,4099900.0,112359314.0
2022-09-30,8.12,8.25,7.74,7.76,3777100.0,101679287.0
2022-10-10,7.82,7.83,7.34,7.39,3507400.0,90782558.0
2022-10-11,7.56,7.85,7.29,7.71,3674900.0,96697929.0
2022-10-12,7.75,8.16,7.44,8.07,3741300.0,100250572.0
2022-10-13,8.0,8.22,7.89,8.06,3118000.0,85600989.0
2022-10-14,8.26,8.36,8.04,8.21,3110200.0,86529300.0
2022-10-17,8.12,8.42,8.1,8.29,2004300.0,55879480.0
2022-10-18,8.25,8.4,8.07,8.36,4164800.0,116478045.0
2022-10-19,8.3,8.36,8.12,8.21,2642000.0,73580161.0
2022-10-20,8.12,8.33,7.9,8.1,3140400.0,86524796.0
2022-10-21,8.12,8.27,7.93,8.21,3319900.0,91620463.0
2022-10-24,8.21,8.55,8.16,8.25,4342700.0,122093999.0
2022-10-25,8.51,9.06,8.18,8.76,9186100.0,266600144.0
2022-10-26,8.73,8.87,8.45,8.65,7751800.0,224077277.0
2022-10-27,8.67,9.08,8.55,8.68,9124700.0,268983584.0
2022-10-28,8.64,8.86,7.96,8.11,7363400.0,208332347.0
2022-10-31,7.87,8.44,7.87,8.34,4077500.0,113638677.0
2022-11-01,8.29,8.47,7.99,8.44,4741100.0,132452347.0
2022-11-02,8.39,8.98,8.32,8.85,5926600.0,172876033.0
2022-11-03,9.13,9.13,8.76,8.93,4295400.0,127333157.0
2022-11-04,8.87,9.02,8.74,8.91,4640500.0,137559598.0
2022-11-07,8.96,9.04,8.75,8.84,4078100.0,120646981.0
2022-11-08,8.76,8.85,8.58,8.73,2546700.0,74149891.0
2022-11-09,8.73,8.76,8.3,8.37,4608400.0,131074246.0
2022-11-10,8.21,8.44,8.09,8.13,3984500.0,110448326.0
2022-11-11,8.33,8.51,8.06,8.1,4366400.0,121811781.0
2022-11-14,8.12,8.29,7.74,7.85,5789900.0,156724492.0
2022-11-15,7.93,8.23,7.83,8.18,3905900.0,107361365.0
2022-11-16,8.24,8.43,8.2,8.29,4983200.0,139972175.0
2022-11-17,8.32,8.36,8.01,8.3,3628600.0,100201144.0
2022-11-18,8.32,8.5,8.13,8.14,3767400.0,105662579.0
2022-11-21,8.09,8.15,7.81,7.99,6219700.0,168702684.0
2022-11-22,8.05,8.1,7.73,7.79,4848900.0,130392650.0
2022-11-23,7.84,7.84,7.46,7.67,4301100.0,112464154.0
2022-11-24,7.67,7.81,7.56,7.61,2511100.0,65974271.0
2022-11-25,7.57,7.63,7.42,7.44,3114600.0,80327800.0
2022-11-28,7.3,7.45,7.19,7.29,4058400.0,102549258.0
2022-11-29,7.32,7.48,7.23,7.43,2744600.0,70066558.0
2022-11-30,7.39,7.58,7.31,7.44,3575300.0,91871042.0
2022-12-01,7.51,7.85,7.5,7.67,4541600.0,120023517.0
2022-12-02,7.67,7.84,7.61,7.61,2496700.0,66000335.0
2022-12-05,7.62,7.84,7.6,7.72,3007000.0,79247450.0
2022-12-06,7.64,7.74,7.54,7.66,2495700.0,65367458.0
2022-12-07,7.6,7.63,7.45,7.52,3386300.0,87727575.0
2022-12-08,7.48,7.51,7.16,7.23,4847500.0,122539572.0
2022-12-09,7.23,7.38,7.19,7.27,3164800.0,80029258.0
2022-12-12,7.3,7.68,7.26,7.53,4435900.0,114534512.0
2022-12-13,7.56,7.76,7.31,7.35,2797200.0,71599955.0
2022-12-14,7.45,7.61,7.32,7.41,2460800.0,63127883.0
2022-12-15,7.41,7.6,7.27,7.58,2903600.0,75068244.0
2022-12-16,7.52,7.59,7.28,7.33,2296300.0,58552201.0
2022-12-19,7.36,7.43,7.14,7.19,2617600.0,65991062.0
2022-12-20,7.18,7.46,7.12,7.36,2703500.0,68652629.0
2022-12-21,7.31,7.44,7.05,7.24,2704700.0,67879086.0
2022-12-22,7.28,7.28,6.89,6.94,2812500.0,69146564.0
2022-12-23,6.85,7.01,6.79,6.95,2524300.0,61118507.0
2022-12-26,6.94,7.18,6.9,7.12,2479200.0,60930082.0
2022-12-27,7.08,7.41,7.08,7.39,3001800.0,75969809.0
2022-12-28,7.34,7.41,7.13,7.2,3041800.0,76226682.0
2022-12-29,7.18,7.44,7.08,7.36,2870200.0,72835506.0
2022-12-30,7.36,7.43,7.3,7.32,1647100.0,41847856.0
2023-01-03,7.32,7.65,7.25,7.61,3382100.0,87422029.0
2023-01-04,7.65,7.87,7.57,7.86,5355600.0,142143855.0
2023-01-05,7.85,7.98,7.76,7.85,3207600.0,86099064.0
2023-01-06,7.78,8.07,7.68,7.73,5185700.0,138865517.0
2023-01-09,7.74,7.84,7.63,7.66,3322400.0,87737474.0
2023-01-10,7.66,7.85,7.59,7.65,1553500.0,40848817.0
2023-01-11,7.66,7.73,7.56,7.59,1951000.0,51113438.0
2023-01-12,7.61,7.7,7.5,7.63,1669500.0,43721279.0
2023-01-13,7.63,7.7,7.47,7.54,1619400.0,41986966.0
2023-01-16,7.58,7.81,7.48,7.74,2801600.0,73919254.0
2023-01-17,7.83,7.89,7.68,7.7,2516000.0,66755268.0
2023-01-18,7.74,7.94,7.65,7.86,3143200.0,84010522.0
2023-01-19,7.86,7.99,7.81,7.96,1922400.0,51811117.0
2023-01-20,8.0,8.1,7.93,8.01,3347500.0,91158596.0
2023-01-30,8.12,8.21,7.98,8.06,3160900.0,86577906.0
2023-01-31,8.12,8.57,8.12,8.44,7660900.0,216400365.0
2023-02-01,8.4,8.58,8.3,8.47,5236200.0,148842888.0
2023-02-02,8.48,9.12,8.47,8.8,7355500.0,216912153.0
2023-02-03,9.02,9.73,8.85,9.67,16632900.0,519175341.0
2023-02-06,10.11,10.48,9.64,9.89,22847300.0,751368731.0
2023-02-07,9.84,11.06,9.83,10.55,30106100.0,1036403454.0
2023-02-08,10.58,11.21,9.93,10.01,21513900.0,729402093.0
2023-02-09,10.17,11.89,9.98,11.28,35666000.0,1260745390.0
2023-02-10,11.72,12.66,11.27,12.3,40580200.0,1554090797.0
2023-02-13,11.97,13.69,11.64,13.38,35285000.0,1384886691.0
2023-02-14,12.85,13.02,12.33,12.52,25325000.0,1011869979.0
2023-02-15,12.52,13.75,12.45,12.98,32490600.0,1330719579.0
2023-02-16,12.82,13.34,12.2,12.3,25176300.0,1011062440.0
2023-02-17,12.3,12.77,11.85,11.91,16069200.0,617442385.0
2023-02-20,12.11,12.59,11.73,12.42,20584000.0,796919901.0
2023-02-21,12.19,12.98,12.16,12.47,16451700.0,657600601.0
2023-02-22,12.25,12.44,11.97,12.1,16170400.0,624219912.0
2023-02-23,12.23,12.48,11.92,12.09,11686200.0,451027452.0
2023-02-24,12.66,13.9,12.44,13.29,23846900.0,985676966.0
2023-02-27,13.29,13.39,12.6,12.74,14556400.0,593445588.0
2023-02-28,13.03,13.28,12.44,12.74,14342700.0,579966158.0
2023-03-01,12.67,13.64,12.52,13.17,18076700.0,744978890.0
2023-03-02,13.13,14.85,13.09,14.12,22285500.0,981259883.0
2023-03-03,13.69,13.69,12.7,12.87,22604000.0,929981504.0
2023-03-06,12.63,13.18,12.52,12.68,16359900.0,664229856.0
2023-03-07,12.55,12.72,12.08,12.12,15151100.0,592293538.0
2023-03-08,12.12,12.58,12.11,12.37,9264800.0,363554094.0
2023-03-09,12.43,12.61,11.94,12.42,10915200.0,424302846.0
2023-03-10,12.42,12.73,12.19,12.22,9606200.0,379912829.0
2023-03-13,12.05,12.84,12.05,12.73,11742200.0,463279929.0
2023-03-14,12.72,12.72,12.13,12.17,7865500.0,308201726.0
2023-03-15,12.34,12.44,11.41,11.46,19165600.0,717735809.0
2023-03-16,11.35,11.82,11.24,11.33,10531400.0,387529110.0
2023-03-17,11.48,13.91,11.48,13.44,29929400.0,1206824196.0
2023-03-20,13.39,14.58,13.39,14.14,25768300.0,1133680619.0
2023-03-21,14.09,14.92,13.42,14.67,17712800.0,792109725.0
2023-03-22,14.5,16.44,14.12,16.1,24948100.0,1197464167.0
2023-03-23,16.12,17.22,15.76,16.62,22367600.0,1131513129.0
2023-03-24,16.17,16.45,15.58,16.27,17344400.0,856457070.0
2023-03-27,16.27,16.74,15.22,16.0,24253000.0,1184740082.0
2023-03-28,15.44,15.93,15.04,15.16,15478200.0,735608038.0
2023-03-29,15.21,16.3,15.05,15.88,18657000.0,907602488.0
2023-03-30,15.48,16.14,15.06,15.69,12177300.0,582713793.0
2023-03-31,15.59,17.09,15.12,16.93,15208400.0,759398476.0
2023-04-03,17.2,20.68,16.64,20.15,27602300.0,1565951456.0
2023-04-04,19.91,20.89,19.46,20.42,17673900.0,1065345218.0
2023-04-06,19.61,24.23,19.59,22.43,19197800.0,1258147527.0
2023-04-07,22.43,22.75,20.8,22.69,17635500.0,1146254327.0
2023-04-10,21.96,22.65,19.99,20.58,24461000.0,1546629209.0
2023-04-11,20.68,21.3,19.76,20.46,20417100.0,1251343493.0
2023-04-12,19.95,21.21,19.24,20.86,17845800.0,1095868917.0
2023-04-13,20.4,20.64,18.85,19.14,20286500.0,1198382550.0
2023-04-14,19.18,19.59,18.64,19.28,16761900.0,970276260.0
2023-04-17,18.97,19.27,18.12,18.69,15691700.0,879901115.0
2023-04-18,18.79,22.61,18.79,21.88,30280600.0,1872450668.0
2023-04-19,21.91,22.69,21.41,21.55,21992400.0,1447199443.0
2023-04-20,21.99,24.15,21.99,24.14,21239800.0,1463307793.0
2023-04-21,22.9,23.12,21.26,21.41,24976500.0,1655314419.0
2023-04-24,21.42,22.81,20.92,21.94,20065700.0,1310382822.0
2023-04-25,21.47,21.91,20.05,20.51,17146900.0,1072481372.0
2023-04-26,20.51,21.49,19.44,20.28,16809800.0,1036359920.0
2023-04-27,19.37,20.71,18.63,19.06,16720500.0,972617360.0
2023-04-28,18.68,20.68,18.57,20.27,14730400.0,888848869.0
2023-05-04,19.74,19.95,17.59,17.78,19396400.0,1070266500.0
2023-05-05,18.02,18.46,16.96,17.18,18614600.0,991948390.0
2023-05-08,17.19,17.96,16.71,17.11,17143900.0,904703393.0
2023-05-09,16.99,18.95,16.99,17.45,19305600.0,1055099013.0
2023-05-10,17.77,18.48,16.49,16.81,12712500.0,671150124.0
2023-05-11,16.51,17.11,16.31,16.68,9811300.0,501141377.0
2023-05-12,16.53,17.84,16.4,17.26,16183400.0,853918648.0
2023-05-15,17.63,17.75,16.34,17.34,15723500.0,812089930.0
2023-05-16,17.32,17.46,16.43,16.8,12675900.0,649362341.0
2023-05-17,16.67,17.9,16.62,17.72,14675500.0,781910432.0
2023-05-18,19.41,21.57,18.28,21.06,31516700.0,1915022331.0
2023-05-19,20.13,20.67,18.77,19.0,21279300.0,1254836828.0
2023-05-22,18.7,19.0,17.47,17.67,12803600.0,700947095.0
2023-05-23,17.81,18.71,17.8,18.0,15359400.0,847855922.0
2023-05-24,17.62,19.87,17.5,19.43,19470500.0,1118066977.0
2023-05-25,21.23,23.71,21.23,23.71,37380200.0,2558216505.0
2023-05-26,23.51,23.85,22.28,23.15,27733300.0,1901912574.0
2023-05-29,24.33,27.24,23.84,25.6,36429100.0,2735272488.0
2023-05-30,25.71,27.56,24.4,26.84,34359500.0,2616987387.0
2023-05-31,26.1,26.33,25.02,25.82,23003800.0,1733500410.0
2023-06-01,24.79,26.14,24.62,25.55,16169200.0,1211178889.0
2023-06-02,26.15,26.43,24.39,24.62,15055200.0,1114555707.0
2023-06-05,23.96,25.66,23.96,24.91,14369500.0,1064733760.0
2023-06-06,25.37,28.08,25.05,26.24,23579800.0,1844930391.0
2023-06-07,26.06,27.44,25.33,26.49,19001000.0,1464233596.0
2023-06-08,26.17,26.33,24.69,25.09,15629100.0,1157956346.0
2023-06-09,24.84,27.27,24.44,26.77,17253800.0,1314579016.0
2023-06-12,26.78,29.71,26.35,29.69,21375800.0,1773623029.0
2023-06-13,29.28,32.49,28.7,31.36,16850800.0,1500605018.0
2023-06-14,31.47,37.63,31.43,36.86,20205900.0,1996252556.0
2023-06-15,36.53,37.54,34.93,35.22,21495100.0,2217938124.0
2023-06-16,35.45,38.72,34.38,37.37,21644400.0,2264786096.0
2023-06-19,37.63,44.04,36.17,42.27,21455400.0,2431743477.0
2023-06-20,40.59,42.36,38.88,41.62,18315800.0,2128206135.0
2023-06-21,40.91,41.0,36.55,37.52,22618700.0,2471385498.0
2023-06-26,36.17,37.51,34.71,35.43,18605300.0,1919336240.0
2023-06-27,35.11,35.67,33.81,34.83,13080900.0,1308823350.0
2023-06-28,33.25,34.53,31.69,33.81,16817100.0,1607220559.0
2023-06-29,33.35,36.53,32.54,35.64,23937600.0,2376582902.0
2023-06-30,34.35,39.65,33.98,37.2,21384600.0,2250797059.0
2023-07-03,36.87,36.88,33.15,36.39,16167400.0,1635247013.0
2023-07-04,35.44,37.28,35.08,35.94,12564000.0,1305461367.0
2023-07-05,35.11,36.35,34.11,34.34,12512700.0,1265451417.0
2023-07-06,33.53,36.1,33.53,34.73,10626000.0,1076872143.0
2023-07-07,34.19,35.66,32.63,33.9,15332200.0,1496740330.0
2023-07-10,33.98,34.37,32.98,33.94,9611900.0,935479270.0
2023-07-11,34.11,35.08,32.81,34.82,10539300.0,1033663486.0
2023-07-12,33.98,34.46,30.58,30.82,20621900.0,1910994473.0
2023-07-13,30.82,33.5,30.33,32.78,22728200.0,2088590275.0
2023-07-14,33.99,36.24,32.93,35.44,22128700.0,2222495984.0
2023-07-17,36.0,39.04,36.0,37.66,22101500.0,2377898900.0
2023-07-18,37.99,39.13,36.67,37.66,18015700.0,1950190325.0
2023-07-19,38.92,39.49,37.01,37.15,14086400.0,1530042738.0
2023-07-20,37.34,37.55,32.31,32.45,24472200.0,2411834741.0
2023-07-21,32.13,32.45,30.7,31.53,17005700.0,1545284005.0
2023-07-24,31.59,33.86,31.18,32.53,18856600.0,1778613987.0
2023-07-25,33.2,35.0,31.07,33.44,16965900.0,1625273992.0
2023-07-26,33.46,34.11,31.43,32.55,14519700.0,1371427812.0
2023-07-27,32.41,33.18,31.65,31.89,11871700.0,1105626063.0
2023-07-28,31.91,33.44,31.26,32.06,13815300.0,1284556342.0
2023-07-31,30.92,32.73,30.66,30.84,16967600.0,1550171962.0
2023-08-01,30.86,34.3,30.45,33.87,25056900.0,2361952275.0
2023-08-02,33.62,34.53,32.86,34.1,14555900.0,1413602838.0
2023-08-03,32.36,34.53,32.02,32.73,16038200.0,1535779319.0
2023-08-04,32.97,37.91,32.48,37.34,26268400.0,2613010203.0
2023-08-07,37.63,39.24,36.97,37.52,22109700.0,2406439522.0
2023-08-08,37.71,38.9,36.36,36.53,14863400.0,1598583772.0
2023-08-09,35.73,36.82,32.45,32.71,21547900.0,2133963274.0
2023-08-10,32.2,33.17,31.43,32.6,12166700.0,1137360554.0
2023-08-11,33.29,33.8,32.47,32.73,12256000.0,1169490270.0
2023-08-14,32.16,34.49,32.16,34.39,16090300.0,1553532575.0
2023-08-15,35.92,36.89,34.07,34.56,19140600.0,1948756640.0
2023-08-16,33.52,33.98,31.45,32.53,20319300.0,1908743732.0
2023-08-17,31.98,33.18,31.02,32.09,16141500.0,1502016306.0
2023-08-18,32.05,32.05,28.52,28.83,25424700.0,2200749785.0
2023-08-21,28.92,29.85,28.52,29.1,15208800.0,1289721703.0
2023-08-22,30.17,31.84,29.46,31.68,19606500.0,1727903819.0
2023-08-23,31.08,31.08,29.61,29.83,12883000.0,1122216097.0
2023-08-24,31.43,32.34,30.22,30.81,22244400.0,2016810465.0
2023-08-25,29.3,30.21,27.4,27.62,22117100.0,1834594408.0
2023-08-28,29.92,29.92,27.66,28.37,18585700.0,1551402107.0
2023-08-29,28.33,30.63,27.69,29.27,22540500.0,1904118119.0
2023-08-30,29.27,30.3,28.73,29.24,17312100.0,1474887871.0
2023-08-31,29.22,29.61,28.52,29.05,12818000.0,1082353621.0
2023-09-01,28.81,29.04,27.35,27.78,13145800.0,1072670207.0
2023-09-04,27.79,28.12,27.49,28.06,9590100.0,777791410.0
2023-09-05,27.99,28.0,26.61,26.91,17379300.0,1369057748.0
2023-09-06,26.91,27.49,26.26,27.22,12313500.0,968884404.0
2023-09-07,27.06,27.06,25.99,26.04,11416500.0,879694331.0
2023-09-08,25.78,26.03,24.95,25.6,11301000.0,846359802.0
2023-09-11,25.97,28.33,25.29,27.43,21576400.0,1695537931.0
2023-09-12,26.99,28.08,26.82,27.39,16860500.0,1352885272.0
2023-09-13,27.13,27.37,26.21,26.5,10524400.0,819764793.0
2023-09-14,26.7,27.13,25.6,25.69,9727300.0,747582946.0
2023-09-15,25.83,25.92,24.47,24.85,14438300.0,1059570991.0
2023-09-18,24.51,25.14,23.87,23.97,13127300.0,942664132.0
2023-09-19,24.15,25.85,23.79,24.97,18649500.0,1357945812.0
2023-09-20,24.85,26.33,24.69,24.71,16579300.0,1238160259.0
2023-09-21,24.61,26.22,24.41,25.11,15349200.0,1142521470.0
2023-09-22,25.27,30.48,25.27,30.48,34660400.0,2899515972.0
2023-09-25,30.82,31.68,30.38,30.73,30374300.0,2724875024.0
2023-09-26,31.13,32.47,30.55,30.92,23095500.0,2093972794.0
2023-09-27,30.34,32.93,30.34,32.12,23484300.0,2176738559.0
2023-09-28,32.91,33.62,31.66,32.89,22416000.0,2102673183.0
2023-10-09,31.43,31.8,29.61,31.02,23665400.0,2112920024.0
2023-10-10,31.07,31.19,30.25,30.41,15028200.0,1335858472.0
2023-10-11,30.08,31.13,29.79,30.23,16945200.0,1489764215.0
2023-10-12,30.7,30.7,28.87,29.02,17583300.0,1500684070.0
2023-10-13,29.01,29.38,27.99,28.24,14339800.0,1191414033.0
2023-10-16,28.16,29.19,27.74,28.72,19591900.0,1632702703.0
2023-10-17,28.87,30.81,27.78,29.57,25501000.0,2169004154.0
2023-10-18,27.79,29.97,26.78,29.92,28317500.0,2337869347.0
2023-10-19,29.61,29.76,27.13,28.22,24004100.0,1984053532.0
2023-10-20,29.23,30.08,28.25,28.48,28840600.0,2438074081.0
2023-10-23,28.15,29.85,27.54,29.85,25724400.0,2156482826.0
2023-10-24,30.8,32.81,30.05,30.05,34346600.0,3113853182.0
2023-10-25,28.52,29.35,26.99,27.17,33835400.0,2756985309.0
2023-10-26,26.15,27.28,25.25,26.49,23886700.0,1830324817.0
2023-10-27,26.07,26.3,25.12,25.29,19967700.0,1501475606.0
2023-10-30,25.48,25.72,24.85,25.13,17315800.0,1277861720.0
2023-10-31,25.02,25.22,23.92,24.22,15792900.0,1129359774.0
2023-11-01,23.96,24.61,23.26,23.27,15203800.0,1062727419.0
2023-11-02,23.65,24.37,23.27,23.42,15893300.0,1111090041.0
2023-11-03,23.42,24.61,23.32,24.25,21113700.0,1503711931.0
2023-11-06,24.77,25.05,24.38,24.94,16981700.0,1233560585.0
2023-11-07,24.65,28.59,24.29,26.95,33039500.0,2500770537.0
2023-11-08,25.95,26.47,25.64,26.04,20521800.0,1560961880.0
2023-11-09,26.88,28.26,26.29,26.94,24393200.0,1936417946.0
2023-11-10,26.55,27.98,26.51,26.77,17228900.0,1366415664.0
2023-11-13,27.79,29.16,27.79,28.03,24521400.0,2028106889.0
2023-11-14,28.04,28.69,27.65,28.13,17662900.0,1449267312.0
2023-11-15,29.32,29.56,27.02,27.74,17259600.0,1402936922.0
2023-11-16,27.24,27.86,26.91,26.91,12074000.0,959912722.0
2023-11-17,26.95,28.67,26.61,28.12,17352600.0,1390039749.0
2023-11-20,27.42,28.08,26.96,27.7,13716200.0,1099510321.0
2023-11-21,27.87,28.61,27.35,27.52,12806600.0,1045981397.0
2023-11-22,26.88,26.97,26.11,26.11,16460700.0,1270984431.0
2023-11-23,26.18,26.46,25.84,26.33,7524600.0,575936166.0
2023-11-24,26.31,26.31,25.23,25.29,8619700.0,645245451.0
2023-11-27,25.29,26.1,25.14,25.75,10725400.0,805112005.0
2023-11-28,25.51,25.8,24.9,25.1,8136900.0,599865586.0
2023-11-29,25.05,25.34,24.75,24.87,6603900.0,484195149.0
2023-11-30,24.91,25.11,24.53,24.98,8698100.0,632684620.0
2023-12-01,24.98,26.49,24.53,26.21,19191100.0,1445779594.0
2023-12-04,26.44,28.33,26.33,27.31,22699200.0,1819376898.0
2023-12-05,27.66,29.46,27.63,28.29,27850400.0,2318410918.0
2023-12-06,28.15,28.74,27.68,28.45,14957600.0,1232373520.0
2023-12-07,28.82,29.34,28.37,28.62,16938500.0,1418271043.0
2023-12-08,28.86,34.69,28.85,34.04,37241100.0,3461376230.0
2023-12-11,33.62,36.52,33.26,36.24,26861200.0,2696157522.0
2023-12-12,35.8,36.61,33.98,35.51,26076300.0,2651851232.0
2023-12-13,35.8,36.11,34.67,34.84,15326100.0,1560941116.0
2023-12-14,35.3,35.7,33.91,34.34,14823900.0,1485379250.0
2023-12-15,34.28,35.14,33.07,33.56,12934900.0,1259448892.0
2023-12-18,33.58,34.15,33.29,33.47,11595700.0,1127063734.0
2023-12-19,33.57,33.88,32.75,33.34,10037000.0,961990463.0
2023-12-20,33.25,33.26,31.25,31.37,14073600.0,1293394168.0
2023-12-21,31.45,33.38,30.98,32.45,15461200.0,1437131526.0
2023-12-22,32.42,33.44,31.75,32.16,15016400.0,1410739397.0
2023-12-25,32.49,32.63,30.7,32.16,11061300.0,1018969707.0
2023-12-26,32.16,32.27,30.84,31.21,6696900.0,607405516.0
2023-12-27,31.44,31.63,30.73,30.92,8743200.0,788815600.0
2023-12-28,30.72,32.43,30.66,31.62,11651300.0,1068507822.0
2023-12-29,31.25,33.07,31.18,31.62,15070100.0,1398262482.0
2024-01-02,31.377,32.241,30.706,31.067,83430.0,759061608.0
2024-01-03,30.732,31.104,29.89,30.397,108350.0,955843524.0
2024-01-04,30.338,30.619,29.609,30.083,79156.0,692109399.0
2024-01-05,30.047,30.192,28.706,28.972,84719.0,720557203.0
2024-01-08,29.07,29.741,28.48,28.797,92257.0,778672032.0
2024-01-09,29.792,30.262,29.063,29.423,127666.0,1101383982.0
2024-01-10,29.095,29.609,28.341,28.6,85753.0,721842001.0
2024-01-11,28.589,30.284,28.552,29.613,113290.0,973653663.0
2024-01-12,29.179,29.427,28.432,28.498,85639.0,715535764.0
2024-01-15,28.17,29.263,27.831,28.808,77641.0,650726038.0
2024-01-16,28.516,28.953,28.133,28.607,66038.0,546761652.0
2024-01-17,29.077,30.262,28.95,29.125,153028.0,1310772158.0
2024-01-18,28.472,32.514,27.98,32.157,222801.0,1963843577.0
2024-01-19,32.616,32.845,31.541,31.65,147601.0,1373319309.0
2024-01-22,33.582,34.289,32.219,32.569,215533.0,2065145440.0
2024-01-23,32.889,35.076,32.722,33.983,186113.0,1817408701.0
2024-01-24,33.983,34.27,31.858,33.447,164903.0,1575144270.0
2024-01-25,33.21,35.021,32.973,34.34,155856.0,1529256187.0
2024-01-26,33.567,33.574,32.415,32.598,114479.0,1088341800.0
2024-01-29,32.131,32.16,27.255,29.125,160855.0,1368910508.0
2024-01-30,28.975,30.054,28.975,29.172,103237.0,881659469.0
2024-01-31,28.698,30.703,28.09,29.562,134386.0,1149800935.0
2024-02-01,29.172,35.797,28.917,34.11,234219.0,2218509210.0
2024-02-02,34.168,35.072,32.973,34.347,166521.0,1642331528.0
2024-02-05,33.946,39.77,33.622,35.95,220335.0,2252376200.0
2024-02-06,34.711,39.996,34.595,39.996,210763.0,2269908876.0
2024-02-07,39.431,40.171,37.995,39.34,203765.0,2278231407.0
2024-02-08,40.509,42.918,37.299,37.918,247598.0,2829777205.0
2024-02-19,40.36,45.848,39.157,45.848,250182.0,3044823940.0
2024-02-20,44.66,46.738,44.034,45.152,214509.0,2765695206.0
2024-02-21,43.822,43.957,42.011,43.093,222526.0,2730384566.0
2024-02-22,44.708,45.28,41.362,43.334,236200.0,2899505405.0
2024-02-23,43.862,44.649,41.512,41.789,222870.0,2730066579.0
2024-02-26,40.178,42.762,39.813,41.632,165094.0,1959694284.0
2024-02-27,41.264,48.396,40.652,46.738,279027.0,3531376208.0
2024-02-28,46.195,46.953,43.469,43.713,216598.0,2799764923.0
2024-02-29,44.194,47.831,43.822,47.831,252723.0,3308800555.0
2024-03-01,47.466,49.285,46.26,48.152,239438.0,3273435311.0
2024-03-04,48.308,52.12,47.474,49.908,203694.0,2874081713.0
2024-03-05,49.289,52.211,47.415,47.685,246212.0,3465191715.0
2024-03-06,47.466,48.195,46.089,47.66,160718.0,2161583430.0
2024-03-07,47.853,49.285,46.446,46.8,132070.0,1797896801.0
2024-03-08,47.816,51.111,47.182,50.338,190788.0,2655416274.0
2024-03-11,47.794,48.91,46.592,48.851,171703.0,2334496092.0
2024-03-12,48.742,49.617,46.009,47.277,172129.0,2322757842.0
2024-03-13,48.924,49.945,47.831,48.232,180438.0,2498788702.0
2024-03-14,47.466,52.889,47.284,51.767,230480.0,3307651776.0
2024-03-15,51.767,56.14,50.929,55.123,239368.0,3671228041.0
2024-03-18,56.144,58.727,55.44,57.288,196265.0,3170421451.0
2024-03-19,56.942,58.593,54.733,57.507,174313.0,2796598068.0
2024-03-20,57.306,60.95,55.12,57.426,194194.0,3174343137.0
2024-03-21,57.572,59.085,56.577,56.836,145267.0,2372397893.0
2024-03-22,56.745,58.935,56.745,57.109,144442.0,2359468985.0
2024-03-25,56.322,57.386,54.937,55.338,120403.0,1911702023.0
2024-03-26,54.832,58.862,52.004,54.318,234632.0,3715922225.0
2024-03-27,54.004,54.813,51.657,53.297,168692.0,2551439123.0
2024-03-28,53.684,55.258,51.672,53.596,189872.0,2882024148.0
2024-03-29,52.321,53.658,51.479,53.396,118178.0,1756062114.0
2024-04-01,54.041,57.78,53.024,57.758,167234.0,2628758964.0
2024-04-02,56.978,58.159,55.867,56.971,135091.0,2179928092.0
2024-04-03,55.903,56.209,53.662,54.245,112275.0,1735495410.0
2024-04-08,53.126,57.306,52.937,56.526,150555.0,2385055618.0
2024-04-09,56.096,56.595,53.942,55.156,105272.0,1637128379.0
2024-04-10,53.68,54.937,51.843,51.851,119967.0,1790997959.0
2024-04-11,52.521,54.391,52.521,53.122,111497.0,1687926186.0
2024-04-12,54.7,61.676,54.394,59.423,209963.0,3426413850.0
2024-04-15,59.361,59.73,57.306,58.567,134226.0,2228872332.0
2024-04-16,57.853,61.497,57.102,58.957,162074.0,2703668115.0
2024-04-17,58.993,60.987,57.532,60.845,168716.0,2846513161.0
2024-04-18,59.092,60.739,57.907,59.606,133641.0,2239888594.0
2024-04-19,59.31,60.185,55.13,57.492,164491.0,2664014784.0
2024-04-22,51.475,55.48,50.932,54.682,167560.0,2532271111.0
2024-04-23,55.99,56.559,54.256,56.038,123795.0,1946932622.0
2024-04-24,52.933,54.773,49.62,53.698,330749.0,4889539882.0
2024-04-25,51.832,53.297,50.91,51.73,209240.0,3077266629.0
2024-04-26,53.662,56.712,52.933,55.356,292455.0,4540241689.0
2024-04-29,56.796,58.902,56.796,57.678,196440.0,3210637506.0
2024-04-30,57.306,58.636,57.036,57.069,120591.0,1964916259.0
2024-05-06,58.097,58.367,54.143,54.219,192873.0,3032924723.0
2024-05-07,55.058,55.699,51.067,51.293,234022.0,3493670793.0
2024-05-08,51.114,52.623,50.641,51.475,162378.0,2377366427.0
2024-05-09,50.954,50.954,48.924,50.021,162213.0,2293488476.0
2024-05-10,49.649,49.915,48.009,49.405,139589.0,1940231913.0
2024-05-13,49.208,50.087,46.727,47.47,210368.0,2883048719.0
2024-05-14,48.188,48.68,46.668,47.357,141658.0,1916497316.0
2024-05-15,47.284,49.263,46.738,47.609,121291.0,1657652500.0
2024-05-16,48.964,49.402,47.507,47.824,179473.0,2470417286.0
2024-05-17,46.741,50.929,45.87,50.2,259740.0,3583990314.0
2024-05-20,48.953,51.402,48.644,50.969,212493.0,3032137031.0
2024-05-21,50.56,51.37,49.58,50.025,106470.0,1518955569.0
2024-05-22,49.835,50.014,47.867,48.05,129165.0,1778671841.0
2024-05-23,49.179,49.471,46.555,47.743,132267.0,1790993648.0
2024-05-24,47.667,49.646,45.841,45.939,183198.0,2486304655.0
2024-05-27,46.063,47.394,45.28,45.939,126659.0,1661019393.0
2024-05-28,45.331,45.98,44.329,44.733,160983.0,2063266414.0
2024-05-29,45.28,45.816,44.292,44.664,115219.0,1481124280.0
2024-05-30,44.551,45.367,44.087,44.219,111178.0,1003033488.0
2024-05-31,43.597,45.689,43.429,43.816,148319.0,1329117391.0
2024-06-03,43.893,46.786,43.893,45.102,299962.0,2747560943.0
2024-06-04,45.051,45.674,44.561,45.158,181905.0,1660938006.0
2024-06-05,44.964,45.622,44.286,44.454,120771.0,1094236829.0
2024-06-06,45.316,47.857,45.0,45.189,313479.0,2920334511.0
2024-06-07,44.755,45.061,42.668,42.929,236870.0,2084256700.0
2024-06-11,42.918,44.194,42.918,43.893,148767.0,1307383234.0
2024-06-12,43.617,44.434,43.199,43.464,119982.0,1059075427.0
2024-06-13,43.939,45.367,43.214,44.342,203614.0,1828917765.0
2024-06-14,44.464,50.219,44.092,48.633,471357.0,4545264432.0
2024-06-17,48.821,49.587,47.5,48.061,268779.0,2627271523.0
2024-06-18,48.071,51.439,47.862,49.316,274634.0,2759584710.0
2024-06-19,50.204,52.122,49.321,50.577,292851.0,2996485553.0
2024-06-20,50.163,52.199,49.811,50.964,232473.0,2400316870.0
2024-06-21,49.459,50.816,48.638,49.806,190230.0,1899847207.0
2024-06-24,49.143,50.0,47.23,47.541,194763.0,1899612672.0
2024-06-25,45.571,46.071,43.587,44.066,254429.0,2289626261.0
2024-06-26,45.082,45.485,43.02,44.128,212238.0,1890894418.0
2024-06-27,43.301,43.52,41.429,41.592,220021.0,1881134888.0
2024-06-28,41.556,45.02,41.541,43.745,258026.0,2292348840.0
2024-07-01,43.98,48.469,43.602,47.52,277225.0,2600953088.0
2024-07-02,47.0,47.653,46.372,46.776,181094.0,1712283835.0
2024-07-03,46.388,46.388,43.791,44.25,205876.0,1857448236.0
2024-07-04,44.796,45.138,43.077,43.194,174839.0,1554469634.0
2024-07-05,43.464,43.725,42.214,43.128,159717.0,1387952842.0
2024-07-08,43.148,45.179,42.949,44.592,211055.0,1890847104.0
2024-07-09,44.041,47.02,43.179,46.531,260432.0,2386842669.0
2024-07-10,46.602,50.163,46.388,49.653,314263.0,3083876641.0
2024-07-11,49.653,50.112,47.357,49.352,251666.0,2478488402.0
2024-07-12,48.112,48.112,46.821,47.097,182953.0,1746221885.0
2024-07-15,46.587,46.587,45.337,46.235,153018.0,1419285943.0
2024-07-16,46.337,46.684,45.061,46.301,170897.0,1581262800.0
2024-07-17,45.622,46.184,43.878,43.918,175278.0,1581123631.0
2024-07-18,44.041,47.689,43.786,47.684,352732.0,3258163134.0
2024-07-19,47.102,47.684,45.102,45.168,241504.0,2241368023.0
2024-07-22,44.602,46.694,44.556,45.918,157386.0,1454989106.0
2024-07-23,46.888,47.097,45.311,45.357,180650.0,1685521486.0
2024-07-24,44.566,47.908,44.566,46.429,206083.0,1942287925.0
2024-07-25,45.332,45.469,42.929,43.061,200574.0,1773728997.0
2024-07-26,43.122,45.77,42.918,45.138,181152.0,1629960930.0
2024-07-29,46.077,48.449,45.153,47.561,261655.0,2479319271.0
2024-07-30,47.041,48.954,46.122,48.0,248112.0,2388015724.0
2024-07-31,47.811,50.219,47.163,49.668,261495.0,2577831135.0
2024-08-01,52.0,52.464,49.755,49.939,255174.0,2624896017.0
2024-08-02,48.02,48.02,44.796,45.061,317952.0,2965609396.0
2024-08-05,42.51,43.867,41.403,41.515,268728.0,2311091836.0
2024-08-06,43.25,43.622,41.883,42.475,176767.0,1523615601.0
2024-08-07,42.0,42.903,41.5,41.643,146994.0,1254183018.0
2024-08-08,40.469,41.102,39.862,40.546,138949.0,1140466432.0
2024-08-09,41.49,42.602,41.342,41.347,154820.0,1311572699.0
2024-08-12,40.975,42.061,40.975,41.342,92517.0,778053571.0
2024-08-13,41.898,42.561,41.311,41.908,107266.0,909554212.0
2024-08-14,42.765,42.867,41.148,41.158,107136.0,911038595.0
2024-08-15,41.235,42.357,40.98,41.944,124109.0,1051534502.0
2024-08-16,42.337,45.464,42.337,44.653,235773.0,2108911891.0
2024-08-19,44.551,45.061,43.725,44.194,132214.0,1186123197.0
2024-08-20,44.857,45.0,42.842,43.046,124484.0,1099748271.0
2024-08-21,43.041,43.98,42.628,43.112,104951.0,917176021.0
2024-08-22,43.01,43.276,42.066,42.311,100007.0,859706249.0
2024-08-23,42.0,42.225,39.903,40.694,170417.0,1408474844.0
2024-08-26,41.235,41.439,38.367,38.929,179822.0,1439892403.0
2024-08-27,38.439,39.184,37.704,38.602,120436.0,937870294.0
2024-08-28,38.459,39.602,37.944,38.199,109054.0,855302867.0
2024-08-29,37.204,37.204,35.112,36.587,230836.0,1688471935.0
2024-08-30,36.031,38.413,36.031,37.811,191730.0,1460416975.0
2024-09-02,37.765,37.765,35.556,35.582,164490.0,1211651180.0
2024-09-03,35.842,36.163,35.235,35.98,101801.0,741796399.0
2024-09-04,33.745,35.827,33.658,35.551,167572.0,1185252742.0
2024-09-05,35.357,36.163,35.112,35.27,105238.0,761962074.0
2024-09-06,35.163,35.811,34.719,34.73,81075.0,580599100.0
2024-09-09,34.383,36.434,34.347,36.337,174997.0,1265871542.0
2024-09-10,36.23,37.811,35.786,36.995,221553.0,1657405283.0
2024-09-11,36.898,37.469,36.24,36.612,127878.0,953783242.0
2024-09-12,37.408,37.694,36.061,36.199,127783.0,955350820.0
2024-09-13,36.199,39.184,36.199,37.821,280043.0,2152769854.0
2024-09-18,37.357,37.898,36.847,37.245,108274.0,819848054.0
2024-09-19,37.337,37.459,35.622,36.133,137440.0,1013937591.0
2024-09-20,36.393,36.505,35.643,36.082,97062.0,710105367.0
2024-09-23,35.908,37.408,35.617,36.321,106493.0,794273092.0
2024-09-24,36.439,39.622,36.439,39.556,238657.0,1854926874.0
2024-09-25,40.214,40.393,38.75,38.76,208397.0,1673369150.0
2024-09-26,38.934,40.214,38.48,40.214,173182.0,1381684582.0
2024-09-27,40.225,43.832,39.459,42.551,286298.0,2389411121.0
2024-09-30,43.939,49.908,42.612,49.908,366196.0,3431086196.0
2024-10-08,59.857,60.163,52.316,60.163,410742.0,4730685189.0
2024-10-09,57.112,60.388,54.194,54.704,326386.0,3741446603.0
2024-10-10,55.76,56.332,51.796,52.786,224096.0,2418601222.0
2024-10-11,51.796,53.633,49.143,50.138,217860.0,2237506500.0
2024-10-14,49.704,51.071,48.383,50.837,198173.0,1988454856.0
2024-10-15,50.827,52.388,49.296,49.551,182778.0,1863839628.0
2024-10-16,47.612,48.663,47.153,48.01,156668.0,1511971747.0
2024-10-17,48.372,49.276,47.878,47.944,143539.0,1396175010.0
2024-10-18,48.082,54.643,47.888,52.225,321559.0,3293727361.0
2024-10-21,52.969,59.347,51.515,56.791,426621.0,4725271630.0
2024-10-22,58.582,62.561,56.791,61.796,402036.0,4790669389.0
2024-10-23,57.051,62.612,55.01,59.184,400472.0,4722975489.0
2024-10-24,58.888,70.214,58.174,64.964,407609.0,5225959495.0
2024-10-25,65.214,68.944,64.975,66.694,332093.0,4439592974.0
2024-10-28,66.031,71.48,65.214,67.975,321783.0,4359968493.0
2024-10-29,66.235,69.184,64.959,67.265,262434.0,3511539815.0
2024-10-30,65.98,70.776,64.806,65.969,242871.0,3262036379.0
2024-10-31,63.99,66.184,63.622,64.347,205210.0,2646189669.0
2024-11-01,63.199,64.02,61.071,62.51,179995.0,2253192825.0
2024-11-04,62.918,66.612,62.918,64.617,147997.0,1919129979.0
2024-11-05,63.821,68.265,63.821,67.219,187932.0,2493148739.0
2024-11-06,66.745,68.179,65.367,66.495,164653.0,2186177739.0
2024-11-07,65.485,71.281,65.265,68.607,179170.0,2443009487.0
2024-11-08,68.633,75.357,68.556,69.143,233062.0,3320478289.0
2024-11-11,68.276,68.684,64.765,65.179,258515.0,3431020501.0
2024-11-12,65.082,66.342,63.546,64.449,183620.0,2381411865.0
2024-11-13,64.413,67.765,63.281,67.061,220807.0,2915737121.0
2024-11-14,66.24,66.985,62.663,62.918,165763.0,2143370730.0
2024-11-15,63.684,64.286,57.816,57.847,228048.0,2746347152.0
2024-11-18,57.342,58.796,55.638,56.393,170774.0,1948472672.0
2024-11-19,57.454,59.148,56.255,58.061,128054.0,1471237526.0
2024-11-20,58.112,61.0,58.071,60.138,176871.0,2116944738.0
2024-11-21,59.204,60.26,56.714,57.23,198139.0,2300122451.0
2024-11-22,57.23,58.327,55.026,55.041,154688.0,1751608222.0
2024-11-25,54.964,55.219,50.74,52.204,267570.0,2787874749.0
2024-11-26,51.852,53.332,51.235,52.204,151987.0,1589600142.0
2024-11-27,52.199,52.755,50.51,52.189,155840.0,1613742102.0
2024-11-28,51.954,52.24,49.801,50.556,183494.0,1861209295.0
2024-11-29,51.408,52.612,50.189,51.582,184912.0,1905328657.0
2024-12-02,52.367,56.378,52.367,55.469,296006.0,3242048003.0
2024-12-03,55.01,56.327,53.658,54.811,168560.0,1854186851.0
2024-12-04,53.995,54.796,52.602,53.148,141474.0,1511148365.0
2024-12-05,53.689,55.929,53.689,54.0,150938.0,1654522067.0
2024-12-06,53.99,56.204,53.786,54.357,127123.0,1391400257.0
2024-12-09,53.985,53.985,52.0,52.765,144795.0,1528004833.0
2024-12-10,53.99,54.495,51.352,51.776,205523.0,2149114407.0
2024-12-11,50.954,53.969,50.929,52.75,183586.0,1936470083.0
2024-12-12,52.969,56.174,52.469,54.602,235053.0,2577320866.0
2024-12-13,54.174,56.128,51.867,52.281,316786.0,3361790002.0
2024-12-16,52.281,52.561,48.689,50.168,263685.0,2641604884.0
2024-12-17,49.745,51.73,49.168,49.276,211126.0,2122033038.0
2024-12-18,49.276,49.628,48.25,49.046,132805.0,1297210620.0
2024-12-19,48.357,49.857,48.071,49.362,143714.0,1416295915.0
2024-12-20,48.888,50.321,48.77,49.23,172064.0,1708675424.0
2024-12-23,49.398,50.883,48.944,49.005,224413.0,2241345533.0
2024-12-24,49.291,49.745,48.174,49.454,140641.0,1378569932.0
2024-12-25,49.296,50.934,49.046,50.163,182969.0,1839694457.0
2024-12-26,50.413,54.439,49.301,53.985,298754.0,3156272966.0
2024-12-27,54.066,54.143,52.332,52.765,203787.0,2169566683.0
2024-12-30,51.704,51.806,47.704,47.811,331173.0,3261972666.0
2024-12-31,47.566,47.959,45.449,45.5,226541.0,2104960950.0
2025-01-02,45.316,46.082,44.194,44.679,157537.0,1422945585.0
2025-01-03,44.806,45.163,43.276,43.327,145294.0,1291228335.0
2025-01-06,43.531,45.0,43.429,44.128,132420.0,1176242929.0
2025-01-07,44.704,47.607,43.98,47.393,256137.0,2352211294.0
2025-01-08,45.878,47.179,44.908,46.872,200693.0,1852820319.0
2025-01-09,46.745,47.138,46.087,46.383,128453.0,1201518002.0
2025-01-10,46.133,46.337,44.041,44.041,171560.0,1543760946.0
2025-01-13,43.459,44.429,42.526,43.117,157142.0,1367915543.0
2025-01-14,43.061,44.852,41.709,44.796,205331.0,1796182196.0
2025-01-15,44.301,44.597,42.77,42.776,172281.0,1499996269.0
2025-01-16,43.27,51.551,43.026,51.551,554942.0,5301375018.0
2025-01-17,52.975,55.796,52.459,54.296,639582.0,6907065953.0
2025-01-20,55.179,57.398,53.199,56.781,462430.0,5144981937.0
2025-01-21,57.939,57.969,55.051,56.413,376259.0,4214175497.0
2025-01-22,57.852,60.112,57.459,58.071,403610.0,4721103515.0
2025-01-23,58.367,59.954,55.776,56.5,323828.0,3733853694.0
2025-01-24,56.551,58.225,55.929,57.061,242899.0,2758483707.0
2025-01-27,52.969,53.73,49.786,50.316,324559.0,3351390968.0
2025-02-05,45.827,46.49,41.02,41.638,478468.0,4070398824.0
2025-02-06,42.255,43.112,41.495,42.76,355058.0,3024590688.0
2025-02-07,43.102,45.969,43.097,44.954,375861.0,3394507397.0
2025-02-10,45.24,46.439,44.959,45.689,277228.0,2538748327.0
2025-02-11,46.184,47.352,45.418,46.628,257880.0,2412428502.0
2025-02-12,46.235,46.99,45.622,46.786,202917.0,1884042488.0
2025-02-13,46.372,47.286,45.102,45.23,220335.0,2040004101.0
2025-02-14,45.806,47.612,44.301,44.755,238119.0,2178220230.0
2025-02-17,44.806,50.107,44.806,49.02,385090.0,3681961594.0
2025-02-18,48.378,50.194,47.76,48.48,282261.0,2758682437.0
2025-02-19,48.342,48.709,46.939,48.143,217780.0,2092494470.0
2025-02-20,48.883,50.893,47.867,50.061,296562.0,2945260455.0
2025-02-21,50.342,55.01,49.194,51.99,329754.0,3425215932.0
2025-02-24,50.98,51.439,49.158,50.48,257859.0,2593173942.0
2025-02-25,48.459,51.107,48.357,49.995,176401.0,1753311538.0
2025-02-26,49.704,52.449,48.985,52.163,227616.0,2308771549.0
2025-02-27,52.459,53.444,49.398,50.005,280270.0,2855890323.0
2025-02-28,47.352,47.352,43.786,44.026,347558.0,3156178584.0
2025-03-03,44.194,45.214,42.781,43.495,229138.0,2012751735.0
2025-03-04,40.883,43.459,40.531,43.378,213302.0,1810498683.0
2025-03-05,43.429,45.061,43.429,44.801,204423.0,1830864868.0
2025-03-06,44.903,46.286,43.929,45.372,240945.0,2170131720.0
2025-03-07,44.551,44.551,43.786,43.985,156142.0,1384435344.0
2025-03-10,44.24,45.061,44.0,44.786,159205.0,1425915238.0
2025-03-11,43.439,44.587,43.286,44.582,129608.0,1146920817.0
2025-03-12,45.316,46.286,44.602,45.367,231533.0,2113205663.0
2025-03-13,46.587,47.0,45.148,45.265,195068.0,1802935721.0
2025-03-14,45.25,48.046,44.918,47.424,332884.0,3150256222.0
2025-03-17,47.485,48.903,46.791,48.153,259032.0,2487788520.0
2025-03-18,47.765,49.663,46.643,48.821,315880.0,3044972865.0
2025-03-19,47.163,47.403,44.969,45.158,333266.0,3088144970.0
2025-03-20,45.158,46.163,44.806,44.806,146893.0,1338496558.0
2025-03-21,44.449,44.781,43.429,43.643,143950.0,1271891357.0
2025-03-24,43.684,44.704,43.276,44.214,130750.0,1157691321.0
2025-03-25,44.551,45.612,44.184,44.301,134040.0,1207192454.0
2025-03-26,44.276,44.301,43.204,43.378,121172.0,1062396861.0
2025-03-27,42.204,42.791,41.199,42.102,178255.0,1502915850.0
2025-03-28,41.857,42.638,41.571,41.571,85667.0,724033879.0
2025-03-31,41.388,42.153,41.24,42.061,88756.0,744841536.0
2025-04-01,42.102,42.174,41.684,41.847,66447.0,560284284.0
2025-04-02,42.071,42.924,41.924,42.383,98585.0,843009640.0
2025-04-03,41.235,41.49,38.434,39.424,227566.0,1836563894.0
2025-04-07,34.592,35.316,31.316,31.316,242676.0,1604324025.0
2025-04-08,31.505,32.204,29.48,30.638,288115.0,1780356628.0
2025-04-09,29.5,31.214,28.026,30.893,248050.0,1513725518.0
2025-04-10,34.347,34.607,32.847,32.847,277398.0,1897846490.0
2025-04-11,32.847,33.699,32.143,33.107,180039.0,1199865741.0
2025-04-14,35.112,35.214,33.546,33.633,192821.0,1334091143.0
2025-04-15,33.378,33.526,32.694,33.163,108644.0,728126483.0
2025-04-16,32.444,32.679,31.622,32.49,117909.0,771320055.0
2025-04-17,32.051,32.908,32.051,32.408,87652.0,578684636.0
2025-04-18,32.51,32.975,32.398,32.755,100098.0,662719525.0
2025-04-21,33.577,33.837,32.995,33.837,152229.0,1032716413.0
2025-04-22,33.265,33.622,33.122,33.327,113979.0,770009752.0
2025-04-23,34.031,36.531,33.684,35.878,300254.0,2124289083.0
2025-04-24,34.592,35.153,34.225,34.321,211620.0,1480852718.0
2025-04-25,34.49,35.719,34.49,34.725,211410.0,1502983998.0
2025-04-28,34.5,34.602,33.485,33.719,135698.0,929427003.0
2025-04-29,33.413,33.837,33.209,33.418,85574.0,581333407.0
2025-04-30,33.505,33.949,33.225,33.872,108342.0,740121933.0
2025-05-06,34.475,35.561,34.449,35.464,177323.0,1261633270.0
2025-05-07,36.189,36.388,34.811,35.235,155852.0,1115389179.0
2025-05-08,35.418,38.464,35.393,37.878,373677.0,2814311246.0
2025-05-09,37.153,37.408,36.388,36.704,214477.0,1596079759.0
2025-05-12,37.765,37.969,36.888,37.857,204101.0,1541589514.0
2025-05-13,38.684,39.071,37.449,37.495,217577.0,1680158846.0
2025-05-14,38.102,38.934,37.714,37.832,213068.0,1648032669.0
2025-05-15,37.689,37.867,36.27,36.27,168142.0,1245867816.0
2025-05-16,36.077,37.225,35.929,36.791,137463.0,1022159466.0
2025-05-19,36.367,36.367,35.495,35.852,112233.0,811003211.0
2025-05-20,35.852,38.112,35.689,37.306,179259.0,1336613781.0
2025-05-21,36.954,39.801,36.954,38.776,311347.0,2420612422.0
2025-05-22,38.429,39.168,37.847,37.893,177416.0,1371882699.0
2025-05-23,38.174,38.281,36.643,36.679,141391.0,1061647414.0
2025-05-26,36.617,37.046,36.209,37.041,104525.0,774078496.0
2025-05-27,36.745,37.342,35.638,36.648,138827.0,1017058102.0
2025-05-28,37.102,38.551,36.893,38.495,245818.0,1872591581.0
2025-05-29,38.99,41.133,38.924,40.806,409319.0,3303535253.0
2025-05-30,40.214,40.847,39.796,40.571,166276.0,1352636596.0
2025-06-03,40.214,41.439,39.883,40.607,162664.0,1334431028.0
2025-06-04,41.541,42.765,41.49,42.342,298390.0,2535778389.0
2025-06-05,42.0,44.75,41.893,43.709,287612.0,2507102108.0
2025-06-06,43.48,46.117,43.332,45.071,285877.0,2569804673.0
2025-06-09,46.7,51.636,46.421,49.286,555439.0,3842291969.0
2025-06-10,48.429,48.85,47.486,48.236,378609.0,2598903741.0
2025-06-11,48.286,50.0,47.479,47.686,317184.0,2193332701.0
2025-06-12,47.636,54.729,47.043,52.564,632872.0,4696745145.0
2025-06-13,52.286,53.257,51.521,51.621,312974.0,2321712630.0
2025-06-16,51.171,54.136,51.171,53.0,372988.0,2831259894.0
2025-06-17,53.143,53.4,51.214,51.857,278374.0,2062472298.0
2025-06-18,51.9,54.272,50.271,53.85,433197.0,3246594833.0
2025-06-19,53.157,55.357,52.914,53.5,397267.0,3042510705.0
2025-06-20,53.5,53.779,51.429,52.271,318127.0,2367051073.0
2025-06-23,51.421,52.464,49.0,50.071,425031.0,3042480551.0
2025-06-24,50.564,51.407,49.907,50.286,252991.0,1817802808.0
2025-06-25,51.629,51.757,49.5,50.786,279562.0,2011600844.0
2025-06-26,51.521,52.486,51.007,51.436,386395.0,2844284052.0
2025-06-27,50.857,53.657,49.971,52.779,457328.0,3398186456.0
2025-06-30,53.357,56.2,51.671,56.172,572176.0,4366335764.0
2025-07-01,55.093,56.5,54.714,55.45,306887.0,2431665724.0
2025-07-02,54.143,54.143,52.471,52.5,292520.0,2205262931.0
2025-07-03,53.0,55.922,52.629,54.914,346801.0,2676393764.0
2025-07-04,54.914,55.829,53.071,53.129,338464.0,2613301207.0
2025-07-07,52.271,52.936,50.214,51.336,268561.0,1957165169.0
2025-07-08,50.971,58.857,50.943,57.95,596509.0,4698423746.0
2025-07-09,57.972,59.829,56.836,59.057,442784.0,3688762915.0
2025-07-10,60.686,62.379,59.222,61.636,506739.0,4376688390.0
2025-07-11,61.422,63.429,59.529,59.529,460820.0,3999084495.0
2025-07-14,59.15,60.857,59.0,59.85,255386.0,2172447778.0
2025-07-15,62.729,68.079,61.679,67.114,554034.0,5171177454.0
2025-07-16,67.593,67.7,63.429,63.586,462057.0,4295025947.0
2025-07-17,63.864,66.2,63.429,65.414,361010.0,3335758035.0
2025-07-18,65.929,68.643,63.822,64.143,372321.0,3475125263.0
2025-07-21,62.764,64.5,60.972,62.686,386866.0,3422677445.0
2025-07-22,62.372,66.164,62.143,63.15,399315.0,3641322134.0
2025-07-23,61.286,63.95,60.686,63.622,283816.0,2519860946.0
2025-07-24,64.714,64.857,60.572,61.264,347383.0,3054590542.0
2025-07-25,61.2,62.107,60.572,60.707,202513.0,1754496989.0
2025-07-28,60.786,62.643,60.286,62.572,270734.0,2370141138.0
2025-07-29,62.579,71.357,62.572,71.343,685025.0,6611819173.0
2025-07-30,69.143,72.236,69.0,71.779,389441.0,3893319453.0
2025-07-31,73.422,79.614,72.929,74.593,657159.0,7018545017.0
2025-08-01,74.143,78.429,72.65,76.2,509634.0,5445884297.0
2025-08-04,74.3,76.2,71.643,73.757,375231.0,3878784477.0
2025-08-05,75.129,75.564,71.143,72.857,318367.0,3295768437.0
2025-08-06,71.936,74.057,71.914,72.736,202280.0,2088661024.0
2025-08-07,72.714,75.822,69.322,72.0,387844.0,3987799697.0
2025-08-08,70.929,72.314,70.536,71.0,203031.0,2052120502.0
2025-08-11,69.936,74.786,69.779,73.15,389360.0,4030146946.0
2025-08-12,74.286,76.286,73.643,75.464,361911.0,3845839270.0
2025-08-13,76.143,83.429,75.507,82.857,500725.0,5654548018.0
2025-08-14,80.479,81.272,77.75,77.85,350739.0,3936953541.0
2025-08-15,77.143,78.907,74.743,76.193,364336.0,3932173525.0
2025-08-18,75.264,81.286,75.264,78.493,378697.0,4220435069.0
2025-08-19,79.15,89.5,78.079,86.272,533390.0,6470006800.0
2025-08-20,83.429,88.807,79.964,88.729,470825.0,5676887794.0
2025-08-21,88.429,90.064,82.714,84.664,372451.0,4500364742.0
2025-08-22,83.072,87.714,81.586,86.929,430374.0,5163071572.0
2025-08-25,88.429,93.072,85.572,91.536,559288.0,7062508730.0
2025-08-26,106.293,109.857,99.85,102.557,686263.0,10074988463.0
2025-08-27,104.864,111.972,104.207,106.293,523476.0,8031580593.0
2025-08-28,109.864,127.722,109.664,127.722,665658.0,11391508820.0
2025-08-29,133.357,142.629,131.286,140.95,635709.0,12303751070.0
2025-09-01,140.564,159.893,137.629,157.829,575436.0,11878758774.0
2025-09-02,154.857,159.214,138.272,141.414,702766.0,14711730884.0
2025-09-03,141.643,150.272,137.629,145.793,541615.0,10910935949.0
2025-09-04,145.572,147.714,120.572,123.186,655693.0,12065869737.0
2025-09-05,125.422,134.657,121.472,132.572,510192.0,9164032275.0
2025-09-08,129.15,129.857,117.157,122.75,484937.0,8322599262.0
2025-09-09,123.429,123.529,117.0,119.093,287594.0,4866772194.0
2025-09-10,125.214,127.7,120.25,124.079,451416.0,7867361080.0
2025-09-11,127.722,143.086,125.429,141.0,626248.0,11780144201.0
2025-09-12,133.429,134.857,129.5,131.75,424504.0,7919365210.0
2025-09-15,127.714,131.429,124.857,128.464,268469.0,4867800295.0
2025-09-16,127.55,130.886,122.714,126.5,349173.0,6187768812.0
2025-09-17,126.286,130.586,123.429,129.193,331126.0,5943900722.0
2025-09-18,126.293,133.429,123.714,127.629,410369.0,7411297765.0
2025-09-19,129.643,138.786,128.514,133.772,453332.0,8506737426.0
2025-09-22,133.786,134.122,124.5,132.064,328121.0,5990638709.0
2025-09-23,138.336,141.536,128.072,135.072,389577.0,7385389500.0
2025-09-24,128.243,132.607,125.929,129.864,311585.0,5638496139.0
2025-09-25,128.05,133.072,123.464,129.786,317046.0,5753931044.0
2025-09-26,128.072,132.114,123.679,123.679,244658.0,4366614932.0
2025-09-29,120.929,126.914,120.929,125.279,228748.0,4015696118.0
2025-09-30,126.2,127.214,118.786,119.357,306499.0,5219349527.0
2025-10-09,119.407,121.486,115.922,116.643,297493.0,4975398525.0
2025-10-10,116.557,117.843,111.557,112.5,284367.0,4567733619.0
2025-10-13,104.414,112.493,104.414,111.557,232313.0,3605867409.0
2025-10-14,113.1,113.793,105.214,105.893,263175.0,3997846751.0
2025-10-15,106.043,107.6,103.957,106.779,189910.0,2827504775.0
2025-10-16,106.307,110.214,105.929,107.179,225482.0,3433119554.0
2025-10-17,107.622,107.857,103.929,104.207,162907.0,2412123516.0
2025-10-20,109.443,118.472,109.429,112.336,446692.0,7138695442.0
2025-10-21,112.872,121.4,110.929,118.607,463625.0,7616993167.0
2025-10-22,116.343,130.193,116.343,127.036,529045.0,9318979680.0
2025-10-23,123.629,123.629,116.429,118.929,392204.0,6572041662.0
2025-10-24,120.657,128.072,116.214,126.643,473431.0,8141820680.0
2025-10-27,131.643,136.7,128.786,135.257,481014.0,8979520376.0
2025-10-28,132.05,140.857,130.929,134.579,386425.0,7370174644.0
2025-10-29,138.893,140.286,130.036,138.429,400549.0,7597816866.0
2025-10-30,131.643,131.643,121.972,122.372,586383.0,10352672348.0
2025-10-31,119.5,120.214,111.0,112.364,520838.0,8374212495.0
2025-11-03,109.543,111.279,107.214,110.257,315020.0,4841846982.0
2025-11-04,111.286,112.929,108.393,109.457,269547.0,4203552355.0
2025-11-05,104.5,108.786,104.414,107.75,240478.0,3615015504.0
2025-11-06,107.829,111.414,107.522,110.443,320265.0,4937521100.0
2025-11-07,108.072,130.214,107.793,124.5,789447.0,13424959494.0
2025-11-10,125.936,128.757,120.222,128.072,571849.0,10047621039.0
2025-11-11,129.586,129.757,116.5,117.772,555609.0,9512785849.0
2025-11-12,116.5,118.0,111.843,116.643,362994.0,5881465121.0
2025-11-13,115.929,117.343,113.714,115.743,252769.0,4092989208.0
2025-11-14,112.929,114.486,109.643,110.55,239565.0,3765424502.0
2025-11-17,110.55,112.693,105.2,107.286,310655.0,4700299563.0
2025-11-18,105.322,111.55,105.322,108.5,268645.0,4117461995.0
2025-11-19,108.072,112.229,107.272,108.936,283257.0,4375737226.0
2025-11-20,113.072,116.129,108.072,113.843,446774.0,7047125516.0
2025-11-21,107.357,108.786,104.5,105.45,307482.0,4604773166.0
2025-11-24,105.929,106.822,100.314,102.507,292593.0,4250002337.0
2025-11-25,104.257,109.472,104.036,105.022,324866.0,4860816133.0
2025-11-26,102.979,115.093,101.414,111.607,518914.0,7982288776.0
2025-11-27,110.229,117.357,109.65,110.279,431450.0,6873642602.0
2025-11-28,113.214,115.843,110.4,112.357,365735.0,5810938839.0
2025-12-01,112.372,115.107,107.643,112.586,349619.0,5508511002.0
2025-12-02,112.714,118.629,112.714,115.2,378898.0,6193640240.0
2025-12-03,116.643,127.072,116.229,123.393,686181.0,11779704229.0
2025-12-04,121.057,135.143,120.786,133.157,650316.0,11852268125.0
2025-12-05,137.35,145.929,134.414,141.464,648569.0,12692298117.0
2025-12-08,141.464,169.857,140.972,168.714,712445.0,16212202793.0
2025-12-09,168.072,172.357,164.579,171.036,579018.0,13739523934.0
2025-12-10,169.929,171.757,163.35,167.614,473288.0,11080655706.0
2025-12-11,164.5,166.5,155.829,156.414,552968.0,12510207083.0
2025-12-12,155.857,157.536,146.307,153.186,493509.0,10529102567.0
2025-12-15,148.05,154.786,147.357,149.229,314019.0,6616554819.0
2025-12-16,146.657,149.136,140.572,141.857,283122.0,5710291152.0
2025-12-17,143.279,156.343,142.036,155.057,514815.0,10906252650.0
2025-12-18,153.236,159.536,151.8,155.793,442461.0,9713777634.0
2025-12-19,158.4,159.5,148.5,152.379,367102.0,7914075766.0
2025-12-22,155.214,161.557,152.093,158.786,575111.0,12701678376.0
2025-12-23,159.136,162.357,156.372,158.272,351951.0,7832545148.0
2025-12-24,157.522,160.643,152.986,158.836,411387.0,9057466208.0
2025-12-25,159.207,163.786,148.786,152.929,391361.0,8474522564.0
2025-12-26,152.264,154.936,149.907,151.864,225800.0,4827757414.0
2025-12-29,150.036,153.7,148.072,151.479,262027.0,5550728643.0
2025-12-30,149.429,154.786,148.2,151.264,290987.0,6189979870.0
2025-12-31,151.343,151.364,143.429,144.522,333544.0,6850047166.0
2026-01-05,147.343,147.714,142.357,144.929,298470.0,6068351496.0
2026-01-06,142.379,144.714,139.993,143.614,311352.0,6223159605.0
2026-01-07,145.929,147.2,142.279,143.914,301671.0,6119705513.0
2026-01-08,142.35,143.057,138.793,138.964,286023.0,5630630111.0
2026-01-09,136.186,143.75,134.179,141.643,345062.0,6753897619.0
2026-01-12,139.572,145.836,136.379,144.079,394653.0,7840966591.0
2026-01-13,142.636,147.557,134.179,135.214,452762.0,8879322812.0
2026-01-14,136.836,138.786,134.414,136.286,338835.0,6482597792.0
2026-01-15,134.857,140.35,133.793,137.843,375464.0,7225350112.0
2026-01-16,139.714,145.643,137.357,140.929,460042.0,9131027262.0
2026-01-19,137.993,141.329,136.072,137.514,297029.0,5755470474.0
2026-01-20,136.293,137.529,129.764,131.357,298239.0,5543345223.0
2026-01-21,130.822,136.857,130.357,134.307,250424.0,4719369325.0
2026-01-22,134.286,142.829,132.357,142.343,508054.0,10019372625.0
2026-01-23,141.636,142.314,134.0,134.614,405201.0,7806585964.0
2026-01-26,134.214,141.279,132.807,139.464,401124.0,7782721509.0
2026-01-27,140.643,155.307,139.972,149.543,593126.0,12409043182.0
2026-01-28,153.786,158.072,145.972,156.336,581093.0,12413442899.0
2026-01-29,155.929,167.286,155.679,159.5,555463.0,12590963412.0
2026-01-30,157.279,186.572,156.807,176.95,728420.0,17577561980.0
2026-02-02,177.914,185.143,167.072,169.85,612764.0,15043330821.0
2026-02-03,179.5,194.057,178.543,192.357,619948.0,16224623747.0
2026-02-04,193.793,197.357,179.5,189.972,445590.0,11771295610.0
2026-02-05,180.45,186.243,173.786,179.429,419342.0,10483390859.0
2026-02-06,180.657,190.936,172.157,180.193,492307.0,12519907932.0
2026-02-09,197.357,216.329,189.579,212.286,573642.0,16568274350.0
2026-02-10,207.679,214.7,201.657,205.122,331203.0,9627866724.0
2026-02-11,204.357,213.243,203.072,205.572,346364.0,10085141017.0
2026-02-12,213.786,237.922,210.429,235.214,482957.0,15386242511.0
2026-02-13,230.614,233.786,220.214,222.057,299478.0,9414400814.0
2026-02-24,233.786,255.879,233.786,250.222,362359.0,12633094248.0
2026-02-25,251.15,253.072,234.379,243.436,332606.0,11301342208.0
2026-02-26,245.214,269.007,245.214,258.086,433935.0,15656481422.0
2026-02-27,243.086,268.143,242.543,262.857,406812.0,14431330233.0
2026-03-02,261.543,277.314,247.079,249.5,543114.0,19834946318.0
2026-03-03,260.086,260.207,237.0,238.472,445294.0,15297134357.0
2026-03-04,234.0,244.557,230.929,239.186,288056.0,9636781875.0
2026-03-05,243.786,246.622,231.7,238.643,327860.0,10989892282.0
2026-03-06,238.479,239.714,226.643,230.129,332154.0,10746899823.0
2026-03-09,218.607,221.272,208.072,218.757,378965.0,11365858275.0
2026-03-10,234.5,243.7,231.65,242.7,380508.0,12745689256.0
2026-03-11,244.279,245.529,234.714,235.929,267574.0,8972869883.0
2026-03-12,235.929,240.072,224.222,238.1,356861.0,11618752972.0
2026-03-13,230.343,237.593,229.586,231.643,224433.0,7335764289.0
2026-03-16,231.686,232.786,214.75,221.764,352004.0,10867879814.0
2026-03-17,205.214,206.179,197.479,199.5,532355.0,15067247324.0
2026-03-18,209.493,217.243,208.786,216.143,460771.0,13768828779.0
2026-03-19,217.764,225.643,214.5,219.493,321089.0,9918125588.0
2026-03-20,238.786,239.95,222.357,222.357,400797.0,12865931753.0
2026-03-23,213.829,220.214,210.657,212.707,274295.0,8272528784.0
2026-03-24,212.707,220.129,207.0,212.864,308548.0,9187521646.0
2026-03-25,223.072,236.286,222.486,226.714,383149.0,12238824633.0
2026-03-26,226.764,241.643,225.779,231.643,401077.0,13268658181.0
2026-03-27,221.643,232.25,215.393,226.357,288743.0,9091954232.0
2026-03-30,223.9,229.5,219.5,225.793,231079.0,7287911306.0
2026-03-31,219.929,225.214,212.514,214.929,270576.0,8240526192.0
2026-04-01,225.693,238.7,222.993,237.593,421999.0,13679978951.0
2026-04-02,234.579,239.536,228.072,230.072,281924.0,9179362975.0
2026-04-03,240.7,245.5,237.786,237.972,319238.0,10807630420.0
2026-04-07,238.086,240.093,224.393,226.186,329008.0,10604997153.0
2026-04-08,235.214,241.879,228.072,240.214,464132.0,15397783103.0
2026-04-09,240.229,256.436,236.022,247.286,484902.0,16728771469.0
2026-04-10,247.286,260.25,243.357,255.857,485053.0,17199782789.0
2026-04-13,252.357,254.707,243.072,250.214,374618.0,13073919548.0
2026-04-14,251.143,258.786,245.072,246.529,447787.0,15719189943.0
2026-04-15,246.529,248.064,233.429,235.686,415124.0,13971866474.0
2026-04-16,233.786,256.479,232.107,253.479,485741.0,16798538839.0
2026-04-17,257.993,273.543,256.743,270.414,456069.0,17079362424.0
2026-04-20,268.186,276.643,261.65,267.0,404531.0,15195412263.0
2026-04-21,245.95,264.422,245.929,251.643,551996.0,19630021898.0
2026-04-22,247.107,271.286,243.786,267.65,519330.0,18905961643.0
2026-04-23,267.786,269.5,244.857,249.564,557550.0,19837910674.0
2026-04-24,244.014,246.693,225.429,230.836,551411.0,18056053865.0
2026-04-27,231.643,237.35,226.572,229.679,358152.0,11633657946.0
2026-04-28,228.872,229.243,219.357,220.786,345652.0,10803692462.0
2026-04-29,217.357,226.286,217.357,221.707,254082.0,7938064475.0
2026-04-30,222.979,224.429,217.357,219.143,235989.0,7267276034.0
2026-05-06,222.964,239.914,221.643,225.329,540668.0,17549577559.0
2026-05-07,229.5,235.929,217.357,233.886,581696.0,18582430318.0
2026-05-08,228.886,238.879,228.072,232.572,356609.0,11690928153.0
2026-05-11,237.593,238.786,226.714,236.586,464232.0,15270518541.0
2026-05-12,242.357,249.0,239.722,244.107,505921.0,17372963274.0
2026-05-13,244.107,273.636,244.0,269.636,726252.0,26396649403.0
2026-05-14,281.3,289.9,273.072,279.5,679866.0,26939930630.0
2026-05-15,285.929,295.272,272.293,285.207,676096.0,26926522821.0
2026-05-18,277.35,281.072,263.786,274.464,543490.0,20863411791.0
2026-05-19,268.129,268.786,247.45,258.786,546191.0,19608345147.0
2026-05-20,256.836,263.072,250.214,255.922,416244.0,14909383120.0
2026-05-21,256.786,259.907,239.486,240.364,418305.0,14759278454.0
2026-05-22,246.643,267.357,246.057,265.572,572916.0,20691160951.0
2026-05-25,265.857,283.622,257.772,282.893,524322.0,20105294385.0
2026-05-26,284.5,292.357,280.214,290.043,472980.0,19001726190.0
2026-05-27,288.036,317.1,286.522,305.65,518277.0,22153139734.0
2026-05-28,304.929,321.036,291.643,319.186,488237.0,20991962587.0
2026-05-29,333.072,351.2,322.357,324.643,615055.0,28927133765.0
2026-06-01,327.893,332.143,305.486,305.843,441243.0,19427735852.0
2026-06-02,310.272,330.222,302.693,325.929,475258.0,21081925808.0
2026-06-03,357.357,374.5,344.493,354.772,599370.0,30156692486.0
2026-06-04,341.579,350.429,340.122,342.679,352976.0,17054436605.0
2026-06-05,344.5,357.979,320.214,325.929,471206.0,22474176089.0
2026-06-08,313.072,315.779,296.443,303.15,421234.0,18150638663.0
2026-06-09,312.272,317.779,306.286,316.586,350773.0,15398699159.0
2026-06-10,298.072,303.072,287.386,293.129,447797.0,18432385534.0
2026-06-11,294.157,302.964,286.643,294.0,333287.0,13779259437.0
2026-06-12,303.02,305.0,280.95,280.95,474289.0,13857715111.0
2026-06-15,286.56,306.12,277.18,305.04,541728.0,15995582706.0
2026-06-16,311.56,331.61,306.01,324.71,578379.0,18459969584.0
2026-06-17,318.0,329.97,315.0,329.33,467027.0,15113944017.0
2026-06-18,325.0,340.49,324.0,336.6,491851.0,16497038463.0
2026-06-22,338.0,338.9,315.99,326.12,619272.0,20287301974.0
2026-06-23,326.12,326.12,308.24,311.06,458309.0,14429776922.0
2026-06-24,311.05,326.0,306.0,325.28,451432.0,14141642559.0
2026-06-25,318.08,346.0,312.0,341.97,796690.0,25921063834.0
2026-06-26,331.0,334.68,316.8,318.0,481933.0,15661790120.0
2026-06-29,309.0,313.99,288.86,295.15,528001.0,15863954431.0
2026-06-30,295.0,309.89,290.02,302.68,423892.0,12828514406.0
2026-07-01,301.0,304.0,280.0,285.0,561856.0,16319002368.0
2026-07-02,271.0,272.0,250.01,250.77,529244.0,13743261690.0
2026-07-03,252.0,260.43,245.94,250.1,402819.0,10208258740.0
2026-07-06,250.58,253.99,231.45,237.0,463157.0,11108718096.0
2026-07-07,237.0,246.5,234.66,244.09,424116.0,10210084576.0
2026-07-08,246.01,253.2,240.2,245.68,432555.0,10728540526.0
2026-07-09,252.5,272.94,248.53,271.5,556102.0,14467440780.0
2026-07-10,281.0,291.8,270.91,271.12,646231.0,18290722004.0
2026-07-13,262.0,277.77,255.59,259.31,386886.0,10253310022.0
2026-07-14,257.3,276.16,252.0,273.51,477960.0,12760497501.0
2026-07-15,275.0,275.96,258.88,259.4,347312.0,9172900085.0
2026-07-16,245.52,257.01,239.88,244.13,352788.0,8752272465.0
2026-07-17,238.68,241.0,207.0,211.37,546575.0,11962382322.0
2026-07-20,225.0,227.71,200.0,213.54,521865.0,11211419028.0
2026-07-21,215.2,232.1,188.08,231.0,649079.0,13858692755.0
2026-07-22,228.0,233.18,217.2,217.63,420355.0,9507466764.0
2026-07-23,222.01,224.0,210.53,212.09,286838.0,6193269171.0
2026-07-24,209.07,212.49,203.12,203.41,255014.0,5266409035.0
2026-07-27,201.76,210.32,200.1,209.19,258245.0,5315441285.0
2026-07-28,198.11,202.98,180.01,181.56,445775.0,8504078195.98
2026-07-29,182.5,185.07,170.63,182.09,433603.0,
2026-07-30,180.03,180.76,155.55,160.1,578976.0,
2026-07-31,180.0,185.03,170.93,171.01,548857.0,
2026-08-03,170.97,187.5,168.5,180.5,559978.0,
2026-08-04,189.98,216.0,188.18,212.0,783303.0,
2026-08-05,198.0,218.2,193.0,216.85,859537.0,
