date,open,high,low,close,volume
2014-01-02,2323.43,2325.99,2310.65,2321.98,45194291.0
2014-01-03,2311.97,2314.84,2280.89,2290.78,59782645.0
2014-01-06,2286.37,2286.37,2229.33,2238.64,66300403.0
2014-01-07,2222.31,2246.79,2218.65,2238.0,43753103.0
2014-01-08,2240.64,2262.58,2228.42,2241.91,51348854.0
2014-01-09,2236.97,2258.89,2220.8,2222.22,55987041.0
2014-01-10,2216.52,2224.49,2200.22,2204.85,54169293.0
2014-01-13,2207.0,2222.07,2183.6,2193.68,50122772.0
2014-01-14,2192.84,2214.12,2179.91,2212.85,54049947.0
2014-01-15,2210.02,2215.9,2193.8,2208.94,48962395.0
2014-01-16,2209.45,2227.26,2201.56,2211.84,52298902.0
2014-01-17,2203.82,2205.97,2175.88,2178.49,50273155.0
2014-01-20,2173.65,2182.46,2156.46,2165.99,40560154.0
2014-01-21,2168.42,2197.92,2168.42,2187.41,40306247.0
2014-01-22,2190.43,2244.13,2187.53,2243.8,70641375.0
2014-01-23,2242.25,2248.92,2228.06,2231.89,56345951.0
2014-01-24,2225.76,2257.35,2222.89,2245.68,61167670.0
2014-01-27,2233.01,2233.23,2211.8,2215.92,70344246.0
2014-01-28,2220.78,2233.26,2205.97,2219.85,53269130.0
2014-01-29,2225.71,2233.06,2219.93,2227.78,50222717.0
2014-01-30,2223.16,2223.16,2200.22,2202.45,43632304.0
2014-02-07,2187.34,2212.5,2177.12,2212.48,50459315.0
2014-02-10,2221.54,2270.19,2221.54,2267.53,83065716.0
2014-02-11,2267.74,2296.52,2262.6,2285.56,99229829.0
2014-02-12,2286.19,2294.32,2276.44,2291.25,76592161.0
2014-02-13,2288.45,2307.47,2278.26,2279.55,96217789.0
2014-02-14,2278.4,2295.85,2274.43,2295.57,67082997.0
2014-02-17,2308.79,2315.58,2293.55,2311.65,87831666.0
2014-02-18,2310.31,2310.31,2276.11,2282.44,87049743.0
2014-02-19,2280.93,2317.42,2274.15,2308.66,99352561.0
2014-02-20,2314.09,2331.7,2286.2,2287.44,106439533.0
2014-02-21,2284.03,2287.87,2250.65,2264.29,76368993.0
2014-02-24,2246.72,2246.72,2194.16,2214.51,89215939.0
2014-02-25,2216.51,2225.21,2150.09,2157.91,93237551.0
2014-02-26,2147.74,2164.7,2137.08,2163.41,77993297.0
2014-02-27,2170.81,2180.06,2150.14,2154.11,90104296.0
2014-02-28,2149.45,2180.47,2133.55,2178.97,76668057.0
2014-03-03,2173.91,2194.22,2167.91,2190.37,82072314.0
2014-03-04,2183.86,2188.6,2161.59,2184.27,73069250.0
2014-03-05,2187.35,2189.09,2159.59,2163.98,61332015.0
2014-03-06,2159.4,2181.43,2136.45,2173.63,69093767.0
2014-03-07,2170.04,2189.39,2161.44,2168.36,64265177.0
2014-03-10,2149.68,2149.68,2095.07,2097.79,71416407.0
2014-03-11,2092.61,2118.79,2088.73,2108.66,57621243.0
2014-03-12,2102.8,2130.59,2090.76,2114.13,70069747.0
2014-03-13,2119.55,2149.44,2115.99,2140.33,69226028.0
2014-03-14,2129.87,2140.38,2109.57,2122.84,58617737.0
2014-03-17,2132.79,2143.2,2118.95,2143.04,52409445.0
2014-03-18,2146.12,2152.46,2134.92,2138.13,55354132.0
2014-03-19,2131.28,2131.28,2101.28,2120.87,59303905.0
2014-03-20,2116.19,2134.79,2086.5,2086.97,67631285.0
2014-03-21,2079.87,2163.23,2077.76,2158.8,104024807.0
2014-03-24,2161.9,2186.73,2150.87,2176.55,104491984.0
2014-03-25,2170.78,2191.49,2164.67,2174.44,86877510.0
2014-03-26,2181.23,2186.08,2165.22,2171.05,58276176.0
2014-03-27,2168.34,2186.89,2146.92,2155.71,71275132.0
2014-03-28,2154.51,2172.67,2144.58,2151.97,70086073.0
2014-03-31,2156.05,2165.25,2134.42,2146.3,55457488.0
2014-04-01,2143.72,2170.09,2141.15,2163.11,48866403.0
2014-04-02,2166.07,2182.68,2164.01,2180.73,65039257.0
2014-04-03,2188.64,2196.14,2160.75,2165.01,71536032.0
2014-04-04,2157.98,2186.15,2155.28,2185.47,47945888.0
2014-04-08,2179.92,2243.97,2178.91,2237.32,97219117.0
2014-04-09,2239.79,2246.79,2228.99,2238.62,66357268.0
2014-04-10,2241.45,2290.74,2229.51,2273.76,114545405.0
2014-04-11,2269.56,2281.1,2261.13,2270.67,90615897.0
2014-04-14,2267.94,2275.83,2255.46,2268.61,62264998.0
2014-04-15,2261.41,2261.47,2225.69,2229.46,68218130.0
2014-04-16,2223.47,2245.31,2221.15,2232.53,51678010.0
2014-04-17,2238.78,2241.62,2221.95,2224.8,48333628.0
2014-04-18,2215.88,2228.77,2203.05,2224.48,50757995.0
2014-04-21,2209.94,2231.71,2186.75,2187.25,56278280.0
2014-04-22,2184.02,2196.85,2165.07,2196.79,57094694.0
2014-04-23,2191.23,2205.59,2187.39,2194.24,45197052.0
2014-04-24,2192.77,2209.45,2186.76,2190.47,45058911.0
2014-04-25,2195.81,2201.71,2167.64,2167.83,60245383.0
2014-04-28,2165.77,2171.39,2132.7,2134.97,60485187.0
2014-04-29,2134.41,2159.38,2131.78,2158.47,48204931.0
2014-04-30,2158.76,2164.18,2153.12,2158.66,45334624.0
2014-05-05,2152.59,2161.7,2131.23,2156.47,49344073.0
2014-05-06,2151.39,2173.62,2150.11,2157.33,48086519.0
2014-05-07,2151.47,2153.72,2136.99,2137.32,44607470.0
2014-05-08,2132.04,2168.21,2128.32,2135.5,48332452.0
2014-05-09,2138.84,2141.56,2120.59,2133.91,49181135.0
2014-05-12,2150.31,2184.33,2139.48,2180.05,83472560.0
2014-05-13,2180.06,2185.05,2167.77,2174.85,64912518.0
2014-05-14,2175.09,2184.22,2169.0,2172.37,48514206.0
2014-05-15,2169.28,2171.45,2142.34,2144.08,46734032.0
2014-05-16,2143.93,2150.5,2132.19,2145.95,42253197.0
2014-05-19,2139.36,2139.36,2105.71,2115.14,42893607.0
2014-05-20,2124.71,2131.57,2110.72,2115.77,37299683.0
2014-05-21,2106.76,2136.1,2096.51,2135.91,38946042.0
2014-05-22,2134.09,2160.91,2128.86,2130.87,46252736.0
2014-05-23,2130.77,2148.58,2128.66,2148.41,37623105.0
2014-05-26,2161.89,2165.42,2147.45,2155.98,39550656.0
2014-05-27,2154.4,2160.03,2145.75,2147.28,35897171.0
2014-05-28,2147.47,2171.17,2142.01,2169.35,50056260.0
2014-05-29,2171.26,2178.09,2154.93,2155.16,44891556.0
2014-05-30,2156.38,2166.91,2146.22,2156.46,43923863.0
2014-06-03,2157.64,2169.0,2149.29,2149.92,41982954.0
2014-06-04,2149.41,2149.45,2117.31,2128.27,41817249.0
2014-06-05,2126.61,2150.93,2123.52,2150.6,36477424.0
2014-06-06,2149.21,2149.78,2123.98,2134.72,35738058.0
2014-06-09,2128.23,2153.9,2126.67,2134.28,39311060.0
2014-06-10,2138.67,2161.53,2132.45,2161.27,50507902.0
2014-06-11,2156.15,2163.61,2152.08,2160.77,42563718.0
2014-06-12,2156.76,2160.99,2148.41,2153.41,43025843.0
2014-06-13,2150.99,2183.65,2150.57,2176.24,59252876.0
2014-06-16,2176.44,2196.34,2174.28,2191.85,63296875.0
2014-06-17,2185.68,2185.68,2168.45,2169.67,49933665.0
2014-06-18,2169.25,2172.55,2158.5,2160.24,49463897.0
2014-06-19,2161.43,2166.41,2119.5,2126.91,53162645.0
2014-06-20,2124.96,2137.03,2120.81,2136.73,42393719.0
2014-06-23,2137.93,2147.23,2132.45,2134.11,41179258.0
2014-06-24,2131.69,2145.21,2130.29,2144.82,40164356.0
2014-06-25,2141.73,2141.73,2126.03,2133.37,37666100.0
2014-06-26,2135.16,2151.11,2134.89,2149.08,44351166.0
2014-06-27,2146.37,2159.53,2138.93,2150.26,52722896.0
2014-06-30,2152.31,2168.22,2152.31,2165.12,54304188.0
2014-07-01,2169.2,2171.15,2157.13,2164.56,53323100.0
2014-07-02,2164.0,2171.51,2155.61,2170.87,59685501.0
2014-07-03,2169.0,2184.96,2164.84,2180.19,63690690.0
2014-07-04,2180.45,2183.8,2174.07,2178.7,52851106.0
2014-07-07,2178.55,2186.2,2171.08,2176.29,50242334.0
2014-07-08,2174.83,2180.78,2163.36,2180.47,50743599.0
2014-07-09,2178.14,2178.51,2148.26,2148.71,62022046.0
2014-07-10,2146.6,2151.77,2139.52,2142.85,55732497.0
2014-07-11,2136.32,2154.74,2134.79,2148.01,61374274.0
2014-07-14,2149.54,2171.9,2145.28,2171.76,66158863.0
2014-07-15,2170.09,2176.27,2165.21,2174.98,71815694.0
2014-07-16,2172.82,2183.25,2166.77,2170.87,81560230.0
2014-07-17,2166.83,2166.93,2147.08,2157.07,59453568.0
2014-07-18,2147.66,2176.32,2145.45,2164.14,65473295.0
2014-07-21,2164.22,2171.94,2158.96,2166.29,54172260.0
2014-07-22,2162.44,2197.59,2162.24,2192.7,78542583.0
2014-07-23,2191.39,2210.28,2190.55,2197.83,84213872.0
2014-07-24,2199.83,2239.81,2199.83,2237.01,119435534.0
2014-07-25,2243.07,2260.89,2239.07,2260.45,98972838.0
2014-07-28,2272.38,2331.47,2272.38,2323.9,179869333.0
2014-07-29,2326.04,2342.77,2316.22,2331.37,134269641.0
2014-07-30,2324.69,2339.04,2316.06,2322.01,123022832.0
2014-07-31,2321.97,2350.55,2316.58,2350.25,110987769.0
2014-08-01,2341.23,2371.5,2328.97,2329.4,126317390.0
2014-08-04,2336.63,2375.62,2332.14,2375.62,116713754.0
2014-08-05,2376.8,2380.77,2353.79,2369.35,111861789.0
2014-08-06,2358.21,2371.67,2334.33,2363.22,116341829.0
2014-08-07,2363.61,2369.2,2326.27,2327.46,116729210.0
2014-08-08,2329.18,2339.27,2319.29,2331.13,86739694.0
2014-08-11,2338.01,2367.0,2337.01,2365.35,91601171.0
2014-08-12,2361.17,2361.17,2344.72,2357.05,91822608.0
2014-08-13,2358.46,2370.51,2335.69,2358.9,110447789.0
2014-08-14,2357.2,2363.18,2334.08,2335.95,97969493.0
2014-08-15,2337.99,2366.9,2333.12,2360.64,93592546.0
2014-08-18,2366.27,2379.8,2361.2,2374.56,104509554.0
2014-08-19,2378.89,2379.47,2358.97,2374.77,115850020.0
2014-08-20,2371.65,2375.48,2360.84,2366.14,101288088.0
2014-08-21,2365.73,2367.46,2333.3,2354.24,100690211.0
2014-08-22,2352.32,2368.46,2350.99,2365.36,89823938.0
2014-08-25,2367.02,2367.61,2338.46,2342.86,97373717.0
2014-08-26,2339.6,2350.39,2317.18,2324.09,93844222.0
2014-08-27,2323.79,2336.74,2322.89,2327.59,67676221.0
2014-08-28,2328.06,2336.36,2309.64,2311.28,70490655.0
2014-08-29,2317.3,2338.77,2313.26,2338.29,63211423.0
2014-09-01,2340.93,2355.55,2338.53,2355.32,77320870.0
2014-09-02,2359.86,2387.66,2349.95,2386.46,114436733.0
2014-09-03,2389.69,2414.26,2389.68,2408.84,129734204.0
2014-09-04,2411.93,2427.3,2404.08,2426.22,111272298.0
2014-09-05,2433.17,2450.63,2427.99,2449.26,133551764.0
2014-09-09,2452.23,2454.89,2437.08,2445.22,118194344.0
2014-09-10,2435.59,2437.08,2422.65,2432.43,109175517.0
2014-09-11,2430.68,2461.47,2417.27,2423.45,132982583.0
2014-09-12,2418.75,2438.36,2412.62,2438.36,109160170.0
2014-09-15,2433.0,2439.25,2418.96,2437.19,122247159.0
2014-09-16,2440.34,2442.92,2386.98,2388.76,186742791.0
2014-09-17,2395.36,2405.37,2379.09,2401.33,125269028.0
2014-09-18,2396.38,2414.95,2389.62,2408.66,115926376.0
2014-09-19,2409.31,2430.15,2402.31,2425.21,101813577.0
2014-09-22,2419.33,2419.33,2374.11,2378.92,102240870.0
2014-09-23,2379.52,2402.48,2379.52,2399.46,84033341.0
2014-09-24,2391.42,2443.98,2387.07,2441.86,142713530.0
2014-09-25,2453.42,2462.67,2429.59,2436.97,138661891.0
2014-09-26,2430.81,2439.65,2420.5,2437.2,100299494.0
2014-09-29,2443.91,2453.67,2435.61,2447.8,123401727.0
2014-09-30,2452.17,2454.89,2444.2,2450.99,115804229.0
2014-10-08,2460.87,2478.38,2445.27,2478.38,121953604.0
2014-10-09,2480.2,2488.11,2461.11,2481.96,137923920.0
2014-10-10,2472.1,2482.14,2457.68,2466.79,147634307.0
2014-10-13,2457.41,2460.39,2430.55,2454.95,131593362.0
2014-10-14,2451.09,2467.9,2436.34,2446.56,127393705.0
2014-10-15,2444.54,2465.5,2431.19,2463.87,135801882.0
2014-10-16,2448.97,2480.3,2441.82,2444.4,158166603.0
2014-10-17,2443.22,2456.1,2410.4,2441.73,132759988.0
2014-10-20,2448.45,2456.62,2441.9,2454.71,91435401.0
2014-10-21,2453.41,2459.25,2432.55,2433.39,96241912.0
2014-10-22,2434.89,2447.47,2417.56,2418.64,88656193.0
2014-10-23,2415.44,2424.66,2392.53,2395.94,103491839.0
2014-10-24,2397.85,2404.99,2385.73,2390.71,74974869.0
2014-10-27,2377.54,2377.54,2361.68,2368.83,73862447.0
2014-10-28,2373.16,2416.77,2373.16,2416.65,101523055.0
2014-10-29,2423.81,2461.27,2415.7,2451.38,158584062.0
2014-10-30,2450.36,2474.38,2443.76,2468.93,189626353.0
2014-10-31,2473.5,2512.19,2466.5,2508.32,239172412.0
2014-11-03,2515.82,2524.17,2502.06,2512.55,205801228.0
2014-11-04,2511.04,2517.46,2498.6,2513.17,218247005.0
2014-11-05,2516.87,2519.4,2499.23,2503.45,190491862.0
2014-11-06,2505.17,2510.99,2482.98,2506.07,149651117.0
2014-11-07,2508.76,2541.55,2489.42,2502.15,208760911.0
2014-11-10,2529.83,2565.73,2514.71,2565.73,226599735.0
2014-11-11,2578.44,2602.37,2532.57,2558.61,323711656.0
2014-11-12,2545.4,2594.32,2539.6,2594.32,184686261.0
2014-11-13,2597.39,2607.52,2567.46,2579.75,219815615.0
2014-11-14,2569.21,2581.93,2557.67,2581.09,165049965.0
2014-11-17,2613.51,2614.09,2565.94,2567.1,158478095.0
2014-11-18,2565.27,2570.21,2534.93,2541.42,142941356.0
2014-11-19,2538.23,2550.5,2531.32,2537.22,122146974.0
2014-11-20,2528.78,2545.47,2522.84,2537.1,106149864.0
2014-11-21,2537.54,2585.36,2530.03,2583.46,151028139.0
2014-11-24,2614.16,2667.67,2602.94,2649.26,279839720.0
2014-11-25,2650.08,2686.06,2643.84,2685.56,222611699.0
2014-11-26,2695.26,2723.36,2690.31,2723.02,243962485.0
2014-11-27,2737.03,2754.49,2718.7,2754.49,265464730.0
2014-11-28,2753.93,2809.54,2740.37,2808.82,375323662.0
2014-12-01,2825.61,2855.33,2808.65,2819.81,365487417.0
2014-12-02,2807.34,2944.51,2804.29,2923.94,361465322.0
2014-12-03,2936.12,3028.23,2912.25,2967.55,466156685.0
2014-12-04,2975.4,3104.89,2968.88,3104.35,426812928.0
2014-12-05,3143.97,3195.8,3011.94,3124.89,524881260.0
2014-12-08,3108.27,3270.88,3075.7,3252.88,484462344.0
2014-12-09,3233.1,3387.83,3074.52,3106.91,632874567.0
2014-12-10,3120.21,3229.05,3058.19,3221.55,425018708.0
2014-12-11,3185.16,3254.42,3158.44,3183.01,367091691.0
2014-12-12,3182.92,3239.45,3167.93,3193.23,301065325.0
2014-12-15,3176.83,3226.22,3143.3,3217.23,290193834.0
2014-12-16,3221.36,3303.4,3207.69,3303.4,358123847.0
2014-12-17,3325.82,3368.19,3275.74,3360.6,448140770.0
2014-12-18,3359.09,3393.71,3322.23,3345.93,355970207.0
2014-12-19,3345.63,3397.18,3280.92,3383.17,411211590.0
2014-12-22,3396.25,3455.21,3357.66,3394.48,549801671.0
2014-12-23,3358.8,3431.78,3316.91,3324.92,369736093.0
2014-12-24,3332.15,3340.36,3188.5,3230.39,317449587.0
2014-12-25,3254.48,3335.78,3226.32,3335.42,309799547.0
2014-12-26,3343.64,3453.34,3335.01,3445.84,384614124.0
2014-12-29,3502.18,3524.28,3405.84,3455.46,425015037.0
2014-12-30,3450.81,3491.83,3422.17,3457.55,328233873.0
2014-12-31,3462.39,3542.34,3452.5,3533.71,345934760.0
2015-01-05,3566.09,3669.04,3551.51,3641.54,451198098.0
2015-01-06,3608.43,3683.23,3587.23,3641.06,420962185.0
2015-01-07,3620.92,3671.19,3601.7,3643.79,320191232.0
2015-01-08,3650.07,3659.95,3552.1,3559.26,295003045.0
2015-01-09,3547.57,3689.75,3536.4,3546.72,349982672.0
2015-01-12,3531.51,3560.53,3461.32,3513.58,266567175.0
2015-01-13,3506.45,3550.16,3494.77,3514.04,187153965.0
2015-01-14,3522.91,3547.24,3471.56,3502.42,196012510.0
2015-01-15,3501.72,3604.12,3482.27,3604.12,237812338.0
2015-01-16,3616.25,3662.16,3601.26,3635.15,282681614.0
2015-01-19,3414.01,3497.25,3330.98,3355.16,329505275.0
2015-01-20,3336.79,3419.2,3325.68,3396.22,297843232.0
2015-01-21,3420.49,3557.79,3409.43,3548.89,337928210.0
2015-01-22,3551.05,3576.76,3520.05,3567.61,268853599.0
2015-01-23,3582.09,3627.81,3548.63,3571.73,280172172.0
2015-01-26,3580.12,3611.62,3559.38,3607.99,239766203.0
2015-01-27,3614.04,3616.26,3510.02,3574.93,287669179.0
2015-01-28,3547.24,3583.31,3512.39,3525.32,216220214.0
2015-01-29,3474.92,3505.58,3453.9,3481.8,211618860.0
2015-01-30,3496.89,3514.22,3431.94,3434.39,196479157.0
2015-02-02,3360.19,3407.26,3347.08,3353.96,195183699.0
2015-02-03,3388.6,3441.71,3360.72,3437.45,192846096.0
2015-02-04,3446.14,3476.82,3399.56,3401.77,191304349.0
2015-02-05,3487.95,3487.95,3366.86,3366.95,250430609.0
2015-02-06,3352.33,3374.05,3285.94,3312.42,192664186.0
2015-02-09,3305.73,3376.53,3298.6,3345.92,172353820.0
2015-02-10,3345.08,3407.18,3339.55,3406.94,159309088.0
2015-02-11,3415.98,3445.66,3412.14,3434.12,144613772.0
2015-02-12,3435.36,3453.58,3405.63,3442.87,156081691.0
2015-02-13,3458.83,3509.5,3452.08,3469.83,201089971.0
2015-02-16,3473.29,3504.48,3466.61,3499.48,165641343.0
2015-02-17,3511.54,3536.82,3511.09,3522.32,165328313.0
2015-02-25,3529.55,3529.55,3463.96,3478.73,165539351.0
2015-02-26,3473.71,3569.33,3456.87,3566.29,229328438.0
2015-02-27,3565.23,3594.81,3560.46,3572.84,222786438.0
2015-03-02,3603.45,3608.69,3566.53,3601.26,248176125.0
2015-03-03,3579.31,3579.31,3504.2,3507.9,261866489.0
2015-03-04,3514.67,3540.91,3497.17,3530.82,199663981.0
2015-03-05,3513.25,3517.08,3467.68,3496.34,217508805.0
2015-03-06,3501.18,3516.24,3472.39,3478.52,181518054.0
2015-03-09,3449.7,3546.71,3417.49,3537.75,233940411.0
2015-03-10,3523.64,3551.21,3511.99,3520.61,194267657.0
2015-03-11,3524.57,3568.92,3512.22,3524.65,188947825.0
2015-03-12,3557.69,3603.34,3536.53,3592.84,265664625.0
2015-03-13,3604.67,3641.39,3594.74,3617.66,246864768.0
2015-03-16,3641.77,3705.74,3621.12,3705.67,275438307.0
2015-03-17,3733.96,3762.57,3716.81,3757.12,371625666.0
2015-03-18,3769.09,3846.05,3763.85,3846.05,415190011.0
2015-03-19,3851.25,3859.13,3809.71,3839.74,391547630.0
2015-03-20,3852.49,3916.86,3832.42,3892.57,401817552.0
2015-03-23,3923.08,3972.3,3922.21,3972.06,391119922.0
2015-03-24,3980.07,3989.86,3883.78,3973.05,468581312.0
2015-03-25,3961.58,3980.72,3913.99,3940.41,379968851.0
2015-03-26,3921.75,3992.0,3892.88,3950.0,346756315.0
2015-03-30,3999.02,4101.65,3999.02,4088.18,428297020.0
2015-03-31,4138.88,4166.02,4037.77,4051.2,436065635.0
2015-04-01,4057.5,4139.5,4046.94,4123.9,329512853.0
2015-04-02,4149.95,4156.84,4068.65,4124.78,339070487.0
2015-04-03,4104.67,4170.56,4092.38,4170.54,321303766.0
2015-04-07,4213.89,4260.47,4197.02,4260.04,415362654.0
2015-04-08,4277.45,4304.78,4204.83,4295.8,458676715.0
2015-04-09,4316.96,4332.17,4212.61,4262.14,439699902.0
2015-04-10,4249.38,4351.69,4231.2,4344.42,348190170.0
2015-04-13,4394.05,4432.02,4361.59,4421.07,434153036.0
2015-04-14,4432.13,4474.35,4385.91,4438.18,434432126.0
2015-04-15,4439.31,4476.0,4379.61,4380.51,472154131.0
2015-04-16,4355.49,4513.77,4335.63,4513.55,422603748.0
2015-04-17,4578.68,4630.27,4553.9,4596.14,552802663.0
2015-04-20,4615.03,4671.17,4492.6,4521.92,686439075.0
2015-04-21,4520.46,4620.06,4504.56,4619.16,490314991.0
2015-04-22,4637.06,4740.93,4632.59,4739.81,516213792.0
2015-04-23,4764.48,4782.04,4693.97,4740.89,497430954.0
2015-04-24,4682.63,4730.43,4618.32,4702.64,480152936.0
2015-04-27,4753.87,4810.48,4735.31,4807.59,513076548.0
2015-04-28,4811.32,4839.08,4703.57,4741.86,608638545.0
2015-04-29,4722.9,4797.93,4695.79,4774.33,395056980.0
2015-04-30,4788.41,4818.73,4749.48,4749.89,399727444.0
2015-05-04,4757.64,4795.92,4699.4,4787.74,377843853.0
2015-05-05,4785.19,4785.19,4572.98,4596.84,460419626.0
2015-05-06,4626.23,4700.91,4511.76,4553.33,376073702.0
2015-05-07,4520.82,4546.34,4467.46,4470.09,297759203.0
2015-05-08,4515.55,4559.06,4445.59,4558.4,302407967.0
2015-05-11,4582.09,4690.95,4535.15,4690.53,373838420.0
2015-05-12,4692.12,4748.0,4660.02,4747.42,377053891.0
2015-05-13,4746.71,4758.0,4678.85,4718.44,370730424.0
2015-05-14,4717.96,4735.28,4670.17,4700.78,337725152.0
2015-05-15,4690.75,4690.75,4592.05,4617.47,328431166.0
2015-05-18,4582.06,4623.38,4565.06,4575.14,269180489.0
2015-05-19,4577.64,4740.0,4577.64,4731.22,314785952.0
2015-05-20,4751.57,4843.1,4745.21,4754.92,363180748.0
2015-05-21,4768.69,4841.62,4746.03,4840.98,305054537.0
2015-05-22,4895.92,4951.99,4870.6,4951.33,455846718.0
2015-05-25,4949.11,5099.84,4949.11,5099.5,465736590.0
2015-05-26,5140.8,5199.29,5063.15,5198.92,487949359.0
2015-05-27,5216.17,5226.84,5126.86,5181.43,470798730.0
2015-05-28,5174.1,5213.18,4831.33,4834.01,571829047.0
2015-05-29,4839.53,4924.3,4665.52,4840.83,427878859.0
2015-06-01,4862.76,5079.32,4835.77,5076.18,417503741.0
2015-06-02,5091.27,5162.56,5047.08,5161.87,412973196.0
2015-06-03,5176.6,5186.97,5059.5,5143.59,414258270.0
2015-06-04,5156.01,5194.23,4863.46,5181.42,482767268.0
2015-06-05,5254.9,5288.34,5104.18,5230.55,545961196.0
2015-06-08,5259.41,5370.61,5202.6,5353.75,637313237.0
2015-06-09,5379.47,5380.43,5251.21,5317.46,570427263.0
2015-06-10,5254.3,5374.83,5209.68,5309.11,442165676.0
2015-06-11,5305.14,5329.29,5248.16,5306.59,392338755.0
2015-06-12,5329.28,5351.65,5283.09,5335.12,430131386.0
2015-06-15,5354.01,5362.45,5207.31,5221.17,475745703.0
2015-06-16,5165.02,5204.3,5015.27,5064.82,411675638.0
2015-06-17,5072.31,5158.37,4949.29,5138.83,397124187.0
2015-06-18,5107.69,5121.22,4926.43,4930.55,364395814.0
2015-06-19,4847.06,4910.45,4634.69,4637.05,358104744.0
2015-06-23,4641.42,4786.96,4455.33,4786.09,365087944.0
2015-06-24,4811.6,4883.73,4744.31,4880.13,434638723.0
2015-06-25,4906.24,4919.26,4667.22,4706.52,446135982.0
2015-06-26,4573.87,4650.19,4278.67,4336.19,446639790.0
2015-06-29,4446.84,4451.17,4000.93,4191.55,525662482.0
2015-06-30,4161.07,4475.77,4016.01,4473.0,527045280.0
2015-07-01,4408.98,4526.13,4235.7,4253.02,431721411.0
2015-07-02,4287.73,4312.19,4000.06,4108.0,457062194.0
2015-07-03,4017.2,4164.63,3785.9,3885.92,429300850.0
2015-07-06,4218.27,4218.27,3832.47,3998.54,648094530.0
2015-07-07,3877.85,3960.64,3743.62,3928.0,679385007.0
2015-07-08,3651.06,3762.62,3612.25,3663.04,581467097.0
2015-07-09,3621.68,3930.26,3537.83,3897.63,503870610.0
2015-07-10,3916.27,4179.11,3887.55,4106.56,500701802.0
2015-07-13,4132.23,4278.16,4072.43,4211.81,502092186.0
2015-07-14,4178.63,4258.51,4062.5,4112.15,454422009.0
2015-07-15,4068.88,4114.24,3899.51,3966.76,421956367.0
2015-07-16,3949.64,4067.02,3856.32,3997.36,330531345.0
2015-07-17,4023.76,4190.19,4000.23,4151.5,331107131.0
2015-07-20,4157.06,4221.69,4106.39,4160.61,352673472.0
2015-07-21,4109.76,4201.48,4081.7,4166.01,318374945.0
2015-07-22,4148.56,4187.43,4094.71,4157.16,318945997.0
2015-07-23,4158.93,4262.06,4148.82,4250.81,354471759.0
2015-07-24,4255.2,4299.65,4154.62,4176.28,392045373.0
2015-07-27,4097.8,4156.31,3817.17,3818.73,365054511.0
2015-07-28,3690.97,3883.45,3627.42,3811.09,383527216.0
2015-07-29,3839.96,3934.0,3769.19,3930.38,276972845.0
2015-07-30,3915.78,3968.53,3802.88,3815.41,271548665.0
2015-07-31,3777.16,3863.62,3757.99,3816.7,222376767.0
2015-08-03,3766.07,3829.24,3742.58,3829.24,245805030.0
2015-08-04,3827.37,3948.45,3801.03,3948.16,220236556.0
2015-08-05,3937.62,3962.28,3858.66,3866.9,200484269.0
2015-08-06,3802.93,3888.69,3793.24,3831.85,147278694.0
2015-08-07,3866.43,3926.65,3857.91,3906.95,183349153.0
2015-08-10,3947.47,4101.73,3932.84,4084.36,306780540.0
2015-08-11,4083.59,4110.13,4042.0,4066.67,322034191.0
2015-08-12,4025.67,4078.03,4015.35,4016.13,255146196.0
2015-08-13,4010.01,4075.7,3967.82,4075.46,242836979.0
2015-08-14,4097.92,4113.16,4056.73,4073.54,253392996.0
2015-08-17,4058.11,4081.77,4009.99,4077.87,256939638.0
2015-08-18,4084.31,4103.05,3816.55,3825.41,319881070.0
2015-08-19,3748.27,3898.74,3668.19,3886.14,269049839.0
2015-08-20,3848.4,3880.82,3761.45,3761.45,212167965.0
2015-08-21,3714.29,3757.78,3578.18,3589.54,217986403.0
2015-08-24,3454.6,3468.15,3266.55,3275.53,255436652.0
2015-08-25,3070.01,3200.11,3019.56,3042.93,276081306.0
2015-08-26,3062.57,3192.93,2952.01,3025.69,308270623.0
2015-08-27,3092.81,3206.72,3028.4,3205.64,267294930.0
2015-08-28,3246.24,3353.24,3223.62,3342.29,299498426.0
2015-08-31,3307.4,3368.28,3205.54,3366.54,280250403.0
2015-09-01,3296.53,3370.5,3190.58,3362.08,352458528.0
2015-09-02,3220.85,3387.02,3213.64,3365.83,347789412.0
2015-09-07,3347.29,3422.23,3240.24,3250.49,204224431.0
2015-09-08,3221.79,3340.22,3170.81,3334.02,154599631.0
2015-09-09,3344.82,3426.65,3330.29,3399.3,220467421.0
2015-09-10,3349.28,3398.32,3337.31,3357.56,144882971.0
2015-09-11,3349.88,3383.13,3315.48,3347.19,108547508.0
2015-09-14,3367.64,3373.92,3187.57,3281.13,205457251.0
2015-09-15,3208.74,3240.08,3131.98,3152.23,143555641.0
2015-09-16,3149.16,3345.92,3131.37,3309.25,159709994.0
2015-09-17,3287.66,3354.91,3237.0,3237.0,169401881.0
2015-09-18,3254.44,3280.88,3227.83,3251.27,106903481.0
2015-09-21,3222.6,3312.55,3211.93,3308.25,122788668.0
2015-09-22,3312.37,3371.41,3303.18,3339.03,146221985.0
2015-09-23,3290.07,3315.94,3253.33,3263.03,123171439.0
2015-09-24,3278.9,3300.86,3255.9,3285.0,102011238.0
2015-09-25,3272.67,3290.86,3201.91,3231.95,121419278.0
2015-09-28,3226.61,3246.55,3186.51,3242.75,74219468.0
2015-09-29,3197.22,3208.42,3159.04,3178.85,87150633.0
2015-09-30,3195.9,3223.91,3186.77,3202.95,78559349.0
2015-10-08,3324.98,3337.33,3294.6,3296.48,132081768.0
2015-10-09,3302.36,3352.38,3293.97,3340.12,124352500.0
2015-10-12,3351.14,3486.63,3347.25,3447.69,221400468.0
2015-10-13,3422.48,3452.04,3413.97,3445.04,145433786.0
2015-10-14,3431.14,3458.7,3403.23,3406.11,152173938.0
2015-10-15,3403.39,3486.81,3402.32,3486.81,171158299.0
2015-10-16,3508.52,3537.54,3487.1,3534.06,208964709.0
2015-10-19,3548.95,3573.0,3502.5,3534.18,207606744.0
2015-10-20,3527.88,3577.8,3510.44,3577.7,179025108.0
2015-10-21,3580.84,3601.24,3417.41,3473.25,282076050.0
2015-10-22,3453.2,3530.77,3442.31,3524.53,184305580.0
2015-10-23,3536.84,3581.84,3515.82,3571.24,198294478.0
2015-10-26,3614.7,3620.76,3561.19,3589.26,204248863.0
2015-10-27,3569.45,3601.05,3486.1,3592.88,192056140.0
2015-10-28,3575.8,3598.17,3517.21,3524.92,170977098.0
2015-10-29,3539.98,3561.81,3507.97,3533.31,127010446.0
2015-10-30,3530.22,3574.47,3497.57,3534.08,139141914.0
2015-11-02,3489.23,3543.45,3474.71,3475.96,130002568.0
2015-11-03,3484.72,3501.7,3452.62,3465.49,101401876.0
2015-11-04,3477.16,3628.54,3477.16,3628.54,205423865.0
2015-11-05,3630.78,3781.41,3627.3,3705.97,398046568.0
2015-11-06,3698.34,3801.71,3694.66,3793.37,298753076.0
2015-11-09,3796.38,3891.77,3796.38,3840.35,356804823.0
2015-11-10,3806.67,3876.49,3798.82,3833.24,286519603.0
2015-11-11,3828.45,3843.11,3781.41,3833.65,232234296.0
2015-11-12,3841.74,3843.9,3771.27,3795.32,217537647.0
2015-11-13,3756.2,3793.71,3727.58,3746.24,203489891.0
2015-11-16,3682.74,3764.41,3680.07,3764.13,161690901.0
2015-11-17,3790.43,3852.77,3750.16,3758.39,248533071.0
2015-11-18,3760.46,3771.85,3706.31,3715.58,185689495.0
2015-11-19,3725.62,3775.23,3714.68,3774.97,154631989.0
2015-11-20,3778.88,3793.54,3757.03,3774.38,186951689.0
2015-11-23,3774.44,3802.85,3743.41,3753.33,175626812.0
2015-11-24,3745.76,3754.17,3702.74,3753.89,143383283.0
2015-11-25,3747.76,3781.86,3735.72,3781.61,151944941.0
2015-11-26,3795.25,3805.84,3756.82,3759.43,173525468.0
2015-11-27,3739.1,3742.74,3534.39,3556.99,208939358.0
2015-11-30,3554.89,3587.97,3455.07,3566.41,173201163.0
2015-12-01,3562.32,3617.3,3536.12,3591.7,136536554.0
2015-12-02,3587.76,3725.85,3573.4,3721.96,213538865.0
2015-12-03,3709.55,3758.45,3693.14,3749.3,197762126.0
2015-12-04,3719.73,3726.12,3667.29,3677.59,151199522.0
2015-12-07,3681.58,3699.34,3658.58,3687.61,113883150.0
2015-12-08,3668.84,3668.84,3619.45,3623.02,125781083.0
2015-12-09,3613.42,3655.16,3611.49,3635.94,113325422.0
2015-12-10,3634.37,3678.32,3615.99,3623.08,120215625.0
2015-12-11,3605.37,3630.74,3578.15,3608.06,110322481.0
2015-12-14,3573.88,3712.5,3571.0,3711.32,151769119.0
2015-12-15,3707.73,3717.36,3679.23,3694.39,126481710.0
2015-12-16,3703.95,3713.09,3677.45,3685.44,111342723.0
2015-12-17,3712.78,3768.84,3709.85,3755.89,177924075.0
2015-12-18,3754.96,3810.22,3750.93,3767.91,173465980.0
2015-12-21,3762.1,3877.82,3759.99,3865.97,217435275.0
2015-12-22,3872.1,3880.47,3841.59,3876.73,180303661.0
2015-12-23,3877.87,3926.69,3862.97,3866.38,207017147.0
2015-12-24,3858.14,3867.68,3787.08,3829.4,147181397.0
2015-12-25,3832.08,3848.02,3813.2,3838.2,119624013.0
2015-12-28,3847.53,3853.39,3727.63,3727.63,153988440.0
2015-12-29,3723.05,3762.05,3710.48,3761.87,101885555.0
2015-12-30,3762.91,3765.66,3726.28,3765.18,105629955.0
2015-12-31,3760.9,3772.62,3727.32,3731.0,101873556.0
2016-01-04,3725.86,3726.24,3469.01,3470.41,115370674.0
2016-01-05,3382.18,3518.22,3377.28,3478.78,162116984.0
2016-01-06,3482.41,3543.74,3468.47,3539.81,145966144.0
2016-01-07,3481.15,3481.15,3284.74,3294.38,44102641.0
2016-01-08,3371.87,3418.85,3237.93,3361.56,185959451.0
2016-01-11,3303.12,3342.48,3192.45,3192.45,174638387.0
2016-01-12,3214.82,3242.25,3174.55,3215.71,128225796.0
2016-01-13,3240.48,3257.3,3155.88,3155.88,120666494.0
2016-01-14,3076.64,3226.66,3072.04,3221.57,134537671.0
2016-01-15,3200.89,3216.8,3101.05,3118.73,124601779.0
2016-01-18,3068.23,3165.62,3066.73,3130.73,101128386.0
2016-01-19,3132.7,3227.91,3119.22,3223.12,127653893.0
2016-01-20,3204.22,3225.95,3154.43,3174.38,130650504.0
2016-01-21,3136.38,3202.54,3081.35,3081.35,111189733.0
2016-01-22,3114.9,3132.17,3053.96,3113.46,89951087.0
2016-01-25,3129.03,3149.33,3105.1,3128.89,81540061.0
2016-01-26,3099.6,3106.53,2934.65,2940.51,126933921.0
2016-01-27,2953.18,2963.54,2839.29,2930.35,132229366.0
2016-01-28,2909.33,2941.89,2841.84,2853.76,99222756.0
2016-01-29,2855.6,2965.31,2854.37,2946.09,113304259.0
2016-02-01,2939.04,2944.52,2869.56,2901.05,86795342.0
2016-02-02,2901.53,2972.43,2901.51,2961.33,88601963.0
2016-02-03,2931.29,2954.71,2909.9,2948.64,77389000.0
2016-02-04,2960.33,2999.21,2960.21,2984.76,91779724.0
2016-02-05,2982.06,2988.36,2962.85,2963.79,76850808.0
2016-02-15,2888.43,2961.49,2886.02,2946.71,72919434.0
2016-02-16,2962.19,3042.09,2962.19,3037.04,112579643.0
2016-02-17,3034.09,3065.78,3027.05,3063.32,128291607.0
2016-02-18,3079.53,3093.51,3049.84,3053.7,124401464.0
2016-02-19,3047.94,3065.97,3032.63,3051.58,87338012.0
2016-02-22,3083.93,3128.21,3071.33,3118.87,140946968.0
2016-02-23,3117.2,3119.22,3061.43,3089.36,112567391.0
2016-02-24,3077.61,3109.55,3055.25,3109.55,111782650.0
2016-02-25,3104.41,3104.44,2905.46,2918.75,157829752.0
2016-02-26,2942.1,2964.39,2902.95,2948.03,106949729.0
2016-02-29,2939.58,2939.87,2821.21,2877.47,129341020.0
2016-03-01,2881.34,2950.44,2863.32,2930.69,116045918.0
2016-03-02,2933.92,3054.72,2933.12,3051.33,175972347.0
2016-03-03,3050.39,3078.44,3040.25,3058.42,173105744.0
2016-03-04,3047.54,3101.66,3032.42,3093.89,219172534.0
2016-03-07,3109.0,3130.9,3083.58,3104.84,132462037.0
2016-03-08,3100.15,3109.25,3001.83,3107.67,136235742.0
2016-03-09,3045.92,3072.92,3020.13,3071.91,111466245.0
2016-03-10,3056.21,3074.16,3012.69,3013.15,76072197.0
2016-03-11,2990.21,3026.44,2982.17,3018.28,73333564.0
2016-03-14,3039.57,3106.8,3034.0,3065.69,117108655.0
2016-03-15,3061.34,3077.08,3028.58,3074.78,98311941.0
2016-03-16,3068.87,3100.35,3064.52,3090.03,124736448.0
2016-03-17,3096.81,3147.84,3077.57,3124.2,121661777.0
2016-03-18,3136.22,3197.67,3130.1,3171.96,197302564.0
2016-03-21,3203.29,3267.78,3198.36,3249.44,233269464.0
2016-03-22,3231.61,3249.68,3218.73,3225.79,161020897.0
2016-03-23,3217.73,3242.25,3202.98,3236.09,125679286.0
2016-03-24,3211.5,3221.91,3181.81,3181.85,133131122.0
2016-03-25,3176.81,3204.44,3174.32,3197.82,97395330.0
2016-03-28,3206.95,3229.62,3161.88,3169.73,103441933.0
2016-03-29,3171.31,3178.07,3122.76,3135.41,97294747.0
2016-03-30,3161.29,3216.68,3161.29,3216.28,117802512.0
2016-03-31,3229.2,3241.93,3208.66,3218.09,121552074.0
2016-04-01,3213.67,3222.61,3165.86,3221.89,118122139.0
2016-04-05,3211.3,3271.93,3205.21,3264.49,146047772.0
2016-04-06,3250.52,3267.64,3236.2,3257.53,120196305.0
2016-04-07,3266.29,3270.82,3208.64,3209.29,112409467.0
2016-04-08,3189.85,3197.77,3163.3,3185.73,101005625.0
2016-04-11,3213.51,3251.57,3213.51,3230.1,125212709.0
2016-04-12,3227.37,3232.26,3198.9,3218.45,92869437.0
2016-04-13,3237.86,3296.52,3237.86,3261.38,195613866.0
2016-04-14,3277.1,3286.07,3252.05,3275.83,113157327.0
2016-04-15,3279.86,3282.98,3261.73,3272.21,99807529.0
2016-04-18,3252.67,3252.67,3221.66,3228.45,97090069.0
2016-04-19,3243.97,3250.73,3221.58,3238.3,80871440.0
2016-04-20,3244.14,3248.42,3107.37,3181.03,162207858.0
2016-04-21,3160.8,3198.56,3150.94,3160.6,104752651.0
2016-04-22,3142.56,3175.38,3137.99,3174.9,77078492.0
2016-04-25,3164.74,3172.27,3137.11,3162.03,67519351.0
2016-04-26,3159.77,3181.1,3150.4,3179.16,59020734.0
2016-04-27,3181.93,3188.83,3162.69,3165.92,60004147.0
2016-04-28,3169.33,3174.77,3135.64,3160.58,69870660.0
2016-04-29,3153.54,3171.29,3149.4,3156.75,58029776.0
2016-05-03,3159.82,3218.49,3151.4,3213.54,98164835.0
2016-05-04,3203.47,3222.88,3198.29,3209.46,90862408.0
2016-05-05,3204.17,3217.28,3196.57,3213.92,74733681.0
2016-05-06,3213.14,3216.89,3130.15,3130.35,108680240.0
2016-05-09,3115.43,3115.43,3055.01,3065.62,99230477.0
2016-05-10,3055.21,3084.72,3055.18,3069.11,68849935.0
2016-05-11,3080.64,3102.88,3063.09,3082.81,81794258.0
2016-05-12,3059.38,3095.35,3035.02,3090.14,78765726.0
2016-05-13,3081.68,3103.1,3064.69,3074.94,62629755.0
2016-05-16,3064.53,3095.56,3053.66,3095.31,59461856.0
2016-05-17,3095.52,3105.2,3073.46,3086.02,65278125.0
2016-05-18,3071.53,3072.61,3039.46,3068.04,82715369.0
2016-05-19,3060.34,3086.98,3058.15,3062.5,60444166.0
2016-05-20,3047.78,3078.53,3041.52,3078.22,56080842.0
2016-05-23,3078.51,3098.48,3076.5,3087.22,59697216.0
2016-05-24,3083.24,3083.26,3052.59,3063.56,58734385.0
2016-05-25,3079.75,3089.1,3054.87,3059.23,56652803.0
2016-05-26,3056.6,3072.52,3027.44,3064.21,60392981.0
2016-05-27,3059.73,3073.76,3052.18,3062.5,60468750.0
2016-05-30,3056.31,3075.26,3037.66,3066.71,63098579.0
2016-05-31,3068.6,3170.93,3068.6,3169.56,138863111.0
2016-06-01,3172.96,3181.79,3159.82,3160.55,113148482.0
2016-06-02,3158.03,3168.82,3151.07,3167.1,86003427.0
2016-06-03,3172.95,3201.75,3162.09,3189.33,101491783.0
2016-06-06,3192.78,3197.22,3168.55,3178.79,76693751.0
2016-06-07,3182.44,3186.62,3168.18,3177.05,68928314.0
2016-06-08,3171.81,3174.97,3148.35,3163.99,76291775.0
2016-06-13,3134.05,3145.61,3065.77,3066.34,92975947.0
2016-06-14,3058.44,3078.75,3055.66,3075.98,66279457.0
2016-06-15,3043.96,3128.67,3042.23,3116.37,87393257.0
2016-06-16,3104.36,3112.48,3089.48,3094.67,82974703.0
2016-06-17,3096.09,3131.05,3096.09,3110.36,85402985.0
2016-06-20,3114.91,3118.73,3089.71,3112.67,63587141.0
2016-06-21,3124.9,3155.49,3097.94,3106.32,87965345.0
2016-06-22,3100.45,3134.06,3096.99,3133.96,66487113.0
2016-06-23,3129.72,3129.72,3102.48,3117.32,67751738.0
2016-06-24,3110.65,3130.54,3033.97,3077.16,104792208.0
2016-06-27,3065.13,3120.64,3064.97,3120.54,83267259.0
2016-06-28,3107.4,3139.43,3099.7,3136.4,92024637.0
2016-06-29,3142.48,3158.08,3139.13,3151.39,103723668.0
2016-06-30,3152.83,3163.72,3148.2,3153.92,79692617.0
2016-07-01,3156.93,3170.26,3148.29,3154.2,71746283.0
2016-07-04,3136.39,3210.6,3134.02,3204.7,133310529.0
2016-07-05,3199.16,3216.7,3198.0,3207.38,130226895.0
2016-07-06,3197.62,3217.52,3183.45,3216.8,124897458.0
2016-07-07,3206.55,3220.54,3190.12,3209.95,118595202.0
2016-07-08,3199.75,3204.93,3183.96,3192.28,89734855.0
2016-07-11,3199.04,3235.96,3197.63,3203.33,138529511.0
2016-07-12,3201.91,3273.47,3200.3,3273.18,172534217.0
2016-07-13,3274.02,3300.99,3271.78,3282.87,175196090.0
2016-07-14,3277.48,3281.95,3259.07,3276.76,107525798.0
2016-07-15,3278.84,3285.03,3265.29,3276.28,102665026.0
2016-07-18,3269.71,3281.64,3251.77,3262.02,110312518.0
2016-07-19,3260.43,3264.73,3226.2,3248.23,88886861.0
2016-07-20,3246.86,3254.51,3232.26,3237.6,72701255.0
2016-07-21,3238.34,3271.37,3238.3,3252.52,86004825.0
2016-07-22,3251.24,3253.77,3220.89,3225.16,86029128.0
2016-07-25,3220.17,3243.79,3218.14,3230.89,70203185.0
2016-07-26,3228.23,3269.75,3228.01,3269.59,81051089.0
2016-07-27,3270.08,3276.51,3157.41,3218.24,160188665.0
2016-07-28,3204.46,3235.78,3195.27,3221.14,112779964.0
2016-07-29,3217.19,3225.42,3198.68,3203.93,88044837.0
2016-08-01,3196.43,3199.98,3156.75,3176.81,87003497.0
2016-08-02,3173.76,3189.05,3165.54,3189.05,62167639.0
2016-08-03,3179.68,3197.16,3173.54,3193.51,72864102.0
2016-08-04,3190.55,3201.55,3170.42,3201.29,73504373.0
2016-08-05,3201.35,3224.87,3192.86,3205.11,77196366.0
2016-08-08,3199.57,3234.48,3187.25,3234.18,86676051.0
2016-08-09,3232.6,3257.33,3229.17,3256.98,91065259.0
2016-08-10,3255.18,3261.86,3242.75,3243.34,90430372.0
2016-08-11,3239.56,3274.03,3232.61,3233.36,101041213.0
2016-08-12,3231.81,3294.23,3231.14,3294.23,116254044.0
2016-08-15,3303.47,3417.91,3302.38,3393.42,220543421.0
2016-08-16,3403.38,3418.69,3372.02,3378.25,196389740.0
2016-08-17,3377.77,3394.39,3356.92,3373.05,138847688.0
2016-08-18,3369.95,3394.79,3349.69,3364.49,142380169.0
2016-08-19,3358.55,3374.04,3341.19,3365.02,119961508.0
2016-08-22,3364.68,3372.83,3335.47,3336.79,107951008.0
2016-08-23,3332.62,3359.65,3324.96,3341.83,92924516.0
2016-08-24,3341.93,3348.13,3323.73,3329.86,81191429.0
2016-08-25,3314.08,3315.08,3279.81,3308.97,100589153.0
2016-08-26,3312.5,3328.95,3301.74,3307.09,81530691.0
2016-08-29,3306.57,3315.08,3297.07,3307.78,77036333.0
2016-08-30,3310.32,3325.12,3304.6,3311.99,75725987.0
2016-08-31,3310.57,3333.97,3304.66,3327.79,79570805.0
2016-09-01,3326.74,3329.35,3301.21,3301.58,84947219.0
2016-09-02,3298.72,3320.43,3295.76,3314.11,82791803.0
2016-09-05,3321.01,3338.42,3314.63,3319.68,78292477.0
2016-09-06,3322.02,3347.95,3300.13,3342.63,98283998.0
2016-09-07,3344.07,3357.36,3337.75,3340.82,102940106.0
2016-09-08,3338.01,3343.4,3328.23,3339.56,71916158.0
2016-09-09,3339.37,3344.95,3318.04,3318.04,82657036.0
2016-09-12,3271.87,3276.72,3234.57,3262.6,122917682.0
2016-09-13,3265.34,3269.22,3246.39,3260.33,67180288.0
2016-09-14,3245.74,3255.0,3231.34,3238.73,70432697.0
2016-09-19,3242.74,3264.9,3242.74,3263.12,58831082.0
2016-09-20,3264.66,3265.04,3252.39,3257.4,52784206.0
2016-09-21,3257.71,3270.9,3254.32,3266.64,59142979.0
2016-09-22,3281.47,3303.2,3277.98,3291.12,75753542.0
2016-09-23,3292.28,3293.92,3275.02,3275.67,57993986.0
2016-09-26,3267.69,3267.69,3220.28,3220.28,70452186.0
2016-09-27,3214.87,3240.78,3214.44,3240.75,58460550.0
2016-09-28,3243.65,3243.65,3228.0,3230.89,44727498.0
2016-09-29,3234.86,3257.77,3234.8,3244.39,55452556.0
2016-09-30,3240.18,3260.94,3239.04,3253.28,44978022.0
2016-10-10,3265.36,3294.64,3258.96,3293.87,80519260.0
2016-10-11,3296.87,3308.0,3292.88,3306.56,87713163.0
2016-10-12,3299.14,3302.56,3289.75,3300.01,68669781.0
2016-10-13,3299.16,3307.41,3292.4,3302.65,81224198.0
2016-10-14,3298.73,3306.69,3285.73,3305.85,82316271.0
2016-10-17,3305.96,3309.01,3271.54,3277.88,86113509.0
2016-10-18,3272.68,3321.33,3272.68,3321.33,102860714.0
2016-10-19,3323.3,3332.52,3309.83,3316.24,101167725.0
2016-10-20,3317.18,3324.9,3312.17,3318.6,79238871.0
2016-10-21,3315.72,3341.56,3309.18,3327.74,109785176.0
2016-10-24,3332.51,3382.83,3330.97,3367.58,153014345.0
2016-10-25,3367.48,3373.91,3356.59,3367.45,111191693.0
2016-10-26,3365.2,3367.83,3349.57,3354.8,98024786.0
2016-10-27,3351.46,3352.35,3335.13,3345.7,77629851.0
2016-10-28,3347.14,3370.75,3337.29,3340.13,93133309.0
2016-10-31,3332.41,3340.47,3317.33,3336.28,71352863.0
2016-11-01,3338.71,3359.39,3334.46,3359.05,74938199.0
2016-11-02,3350.71,3356.4,3331.38,3333.35,91197104.0
2016-11-03,3326.9,3379.99,3324.84,3365.08,126223504.0
2016-11-04,3362.21,3377.64,3348.43,3354.17,104069655.0
2016-11-07,3353.44,3362.74,3342.31,3356.59,99877988.0
2016-11-08,3367.7,3383.92,3361.13,3371.12,103148282.0
2016-11-09,3370.6,3373.1,3322.08,3353.05,139110059.0
2016-11-10,3374.91,3403.02,3374.91,3390.61,134705535.0
2016-11-11,3387.95,3422.67,3382.89,3417.22,198781496.0
2016-11-14,3409.22,3452.62,3408.14,3430.25,213247105.0
2016-11-15,3428.87,3434.92,3415.99,3429.87,134566320.0
2016-11-16,3432.43,3435.64,3419.24,3429.59,129808511.0
2016-11-17,3423.47,3437.67,3412.88,3436.53,121561731.0
2016-11-18,3437.49,3443.12,3413.27,3417.46,115951205.0
2016-11-21,3412.65,3463.14,3412.08,3441.11,146434529.0
2016-11-22,3443.22,3469.22,3443.22,3468.36,168523446.0
2016-11-23,3473.9,3492.96,3465.76,3474.73,162388504.0
2016-11-24,3468.81,3508.16,3467.01,3488.74,145746301.0
2016-11-25,3490.04,3521.3,3463.95,3521.3,153621506.0
2016-11-28,3538.68,3553.36,3528.32,3535.08,207375483.0
2016-11-29,3525.9,3583.72,3521.38,3564.04,236918356.0
2016-11-30,3557.64,3567.07,3527.02,3538.0,178560178.0
2016-12-01,3543.96,3575.97,3543.25,3565.04,180170761.0
2016-12-02,3559.77,3562.55,3516.79,3528.95,196355480.0
2016-12-05,3473.69,3496.88,3457.34,3469.41,180852355.0
2016-12-06,3466.24,3477.59,3456.81,3459.15,115529090.0
2016-12-07,3458.37,3475.75,3445.76,3475.75,114345103.0
2016-12-08,3481.81,3484.34,3466.51,3470.14,117383922.0
2016-12-09,3464.87,3507.93,3461.76,3493.7,150303308.0
2016-12-12,3489.27,3495.8,3400.79,3409.18,187467751.0
2016-12-13,3394.21,3416.21,3370.6,3405.04,121105097.0
2016-12-14,3399.41,3412.28,3378.27,3378.95,124007744.0
2016-12-15,3363.86,3378.04,3327.14,3340.43,114960660.0
2016-12-16,3335.36,3356.29,3330.49,3346.03,90775422.0
2016-12-19,3342.34,3344.86,3325.0,3328.98,81640678.0
2016-12-20,3328.3,3329.1,3289.27,3309.06,87569592.0
2016-12-21,3313.75,3342.48,3313.75,3338.54,108254995.0
2016-12-22,3335.12,3340.36,3322.72,3335.67,92277249.0
2016-12-23,3333.4,3334.89,3300.88,3307.6,97444713.0
2016-12-26,3293.22,3322.42,3267.05,3322.4,89793982.0
2016-12-27,3319.21,3330.23,3315.83,3316.39,75486359.0
2016-12-28,3315.75,3320.55,3293.17,3301.89,69000437.0
2016-12-29,3297.04,3312.11,3288.1,3297.76,70087923.0
2016-12-30,3302.6,3313.55,3295.75,3310.08,71744116.0
2017-01-03,3313.95,3345.26,3313.95,3342.23,86567896.0
2017-01-04,3340.56,3369.57,3338.15,3368.31,90050827.0
2017-01-05,3368.34,3373.41,3361.46,3367.79,88336357.0
2017-01-06,3366.85,3368.87,3346.89,3347.67,87459114.0
2017-01-09,3345.75,3366.22,3344.35,3363.9,83707942.0
2017-01-10,3361.64,3370.51,3354.09,3358.27,83819160.0
2017-01-11,3355.8,3366.63,3334.3,3334.5,91071438.0
2017-01-12,3332.69,3343.13,3315.96,3317.62,81239135.0
2017-01-13,3317.96,3338.17,3309.37,3319.91,84180589.0
2017-01-16,3314.15,3322.78,3264.21,3319.45,157779135.0
2017-01-17,3305.6,3327.38,3292.2,3326.36,69453328.0
2017-01-18,3323.34,3350.96,3320.41,3339.37,70623227.0
2017-01-19,3330.95,3346.5,3324.68,3329.29,66159808.0
2017-01-20,3326.98,3358.41,3326.37,3354.89,65300462.0
2017-01-23,3359.05,3378.74,3355.85,3364.08,75557498.0
2017-01-24,3363.14,3371.32,3355.9,3364.45,66194226.0
2017-01-25,3361.66,3376.44,3357.22,3375.9,58376931.0
2017-01-26,3378.26,3395.88,3378.26,3387.96,65316647.0
2017-02-03,3390.93,3392.48,3362.57,3364.49,55188861.0
2017-02-06,3368.11,3381.33,3358.75,3373.21,68521360.0
2017-02-07,3371.77,3376.71,3354.62,3365.68,63754462.0
2017-02-08,3361.78,3383.69,3347.43,3383.29,75402879.0
2017-02-09,3381.9,3406.59,3379.79,3396.29,97558515.0
2017-02-10,3398.32,3422.33,3398.03,3413.49,123768720.0
2017-02-13,3416.92,3439.54,3416.87,3436.27,120144538.0
2017-02-14,3438.51,3440.67,3424.4,3435.8,94809465.0
2017-02-15,3435.39,3448.03,3417.08,3421.71,127643338.0
2017-02-16,3421.83,3440.93,3418.35,3440.93,108276962.0
2017-02-17,3443.62,3457.56,3419.61,3421.44,114600036.0
2017-02-20,3421.64,3472.6,3421.64,3471.39,132628862.0
2017-02-21,3475.06,3490.09,3472.02,3482.82,114842009.0
2017-02-22,3483.2,3489.95,3473.52,3489.76,102815994.0
2017-02-23,3487.57,3492.96,3460.12,3473.32,99536330.0
2017-02-24,3468.96,3473.85,3455.25,3473.85,95535133.0
2017-02-27,3471.13,3472.84,3441.39,3446.22,98672160.0
2017-02-28,3445.03,3460.91,3441.36,3452.81,75215260.0
2017-03-01,3452.21,3472.7,3449.11,3458.44,103260354.0
2017-03-02,3463.48,3468.47,3434.0,3435.1,89898077.0
2017-03-03,3424.66,3428.88,3412.83,3427.86,80994652.0
2017-03-06,3427.25,3449.03,3425.9,3446.48,83070882.0
2017-03-07,3446.16,3454.04,3440.06,3453.96,80334720.0
2017-03-08,3452.2,3457.04,3441.26,3448.73,79587690.0
2017-03-09,3442.9,3443.05,3414.68,3426.94,84570381.0
2017-03-10,3423.98,3436.24,3423.94,3427.89,70016199.0
2017-03-13,3425.67,3458.1,3412.69,3458.1,91684124.0
2017-03-14,3456.66,3465.39,3448.9,3456.69,77077963.0
2017-03-15,3452.21,3463.92,3445.27,3463.64,79104954.0
2017-03-16,3472.27,3492.13,3472.27,3481.51,106333913.0
2017-03-17,3485.31,3488.5,3441.47,3445.81,103755560.0
2017-03-20,3449.05,3454.06,3429.83,3449.61,88734322.0
2017-03-21,3449.77,3466.7,3445.64,3466.35,87707855.0
2017-03-22,3450.75,3464.33,3433.5,3450.05,104935894.0
2017-03-23,3452.41,3470.82,3435.69,3461.98,94318062.0
2017-03-24,3464.2,3499.32,3461.11,3489.6,125645833.0
2017-03-27,3488.76,3505.98,3474.52,3478.04,107015377.0
2017-03-28,3480.25,3482.29,3461.47,3469.81,84194820.0
2017-03-29,3472.97,3483.06,3455.55,3465.19,104851706.0
2017-03-30,3461.62,3467.3,3422.37,3436.76,116376922.0
2017-03-31,3434.82,3456.31,3430.82,3456.05,91577491.0
2017-04-05,3476.42,3504.54,3475.15,3503.89,143399017.0
2017-04-06,3507.99,3517.78,3495.72,3514.05,136767004.0
2017-04-07,3514.45,3526.81,3506.39,3517.46,140293204.0
2017-04-10,3519.46,3522.8,3502.08,3505.14,141887380.0
2017-04-11,3503.83,3520.13,3466.14,3517.33,165945832.0
2017-04-12,3514.57,3523.1,3498.0,3509.44,181824537.0
2017-04-13,3500.28,3518.44,3496.57,3514.57,129981813.0
2017-04-14,3516.81,3517.47,3476.95,3486.5,135474078.0
2017-04-17,3475.74,3480.57,3453.68,3479.94,117164961.0
2017-04-18,3474.89,3489.08,3462.63,3462.74,110927823.0
2017-04-19,3452.99,3459.35,3418.51,3445.88,121349264.0
2017-04-20,3444.52,3465.61,3440.72,3461.55,114184208.0
2017-04-21,3461.39,3475.56,3449.54,3466.79,104419110.0
2017-04-24,3458.23,3458.23,3403.98,3431.26,114660791.0
2017-04-25,3427.73,3449.67,3422.65,3440.97,94072148.0
2017-04-26,3440.25,3466.57,3439.15,3445.18,111940029.0
2017-04-27,3435.1,3449.27,3399.54,3446.72,123298425.0
2017-04-28,3439.57,3439.9,3417.24,3439.75,101632351.0
2017-05-02,3427.92,3436.31,3418.67,3426.58,92797462.0
2017-05-03,3421.76,3432.22,3403.08,3413.13,91669624.0
2017-05-04,3404.94,3421.4,3391.28,3404.39,103482075.0
2017-05-05,3393.48,3395.45,3366.56,3382.55,109895333.0
2017-05-08,3369.11,3374.16,3339.57,3358.81,123749287.0
2017-05-09,3342.6,3358.05,3327.59,3352.53,76771668.0
2017-05-10,3350.65,3369.43,3336.0,3337.7,92082628.0
2017-05-11,3322.95,3359.6,3312.89,3356.65,109252890.0
2017-05-12,3350.94,3387.27,3349.17,3385.38,93386466.0
2017-05-15,3391.59,3406.58,3391.59,3399.19,82977611.0
2017-05-16,3390.93,3428.85,3373.55,3428.65,105242416.0
2017-05-17,3423.19,3433.97,3408.15,3409.97,99736837.0
2017-05-18,3387.67,3409.93,3383.94,3398.11,85759589.0
2017-05-19,3395.23,3405.94,3392.38,3403.85,71473525.0
2017-05-22,3400.59,3424.18,3391.17,3411.24,92539559.0
2017-05-23,3405.03,3434.77,3401.53,3424.19,116911033.0
2017-05-24,3409.72,3424.17,3383.89,3424.17,83553161.0
2017-05-25,3414.4,3490.42,3413.22,3485.66,130721631.0
2017-05-26,3479.62,3498.31,3473.04,3480.43,103241153.0
2017-05-31,3495.07,3515.08,3474.92,3492.88,104829744.0
2017-06-01,3485.22,3499.81,3476.43,3497.74,103127724.0
2017-06-02,3491.59,3498.12,3470.2,3486.51,82668010.0
2017-06-05,3480.17,3484.12,3462.31,3468.75,79738152.0
2017-06-06,3464.38,3492.88,3460.45,3492.88,64089388.0
2017-06-07,3493.88,3537.09,3491.13,3533.87,104419968.0
2017-06-08,3531.24,3562.27,3528.18,3560.98,90224905.0
2017-06-09,3561.24,3590.89,3560.63,3576.17,101188265.0
2017-06-12,3570.22,3603.69,3565.9,3574.39,90381167.0
2017-06-13,3569.16,3584.41,3559.21,3582.27,75177138.0
2017-06-14,3571.25,3571.25,3530.27,3535.3,83810783.0
2017-06-15,3530.75,3542.28,3508.95,3528.79,82632535.0
2017-06-16,3522.97,3536.14,3514.39,3518.76,76452707.0
2017-06-19,3520.06,3554.91,3520.06,3553.67,79797141.0
2017-06-20,3560.79,3563.7,3539.51,3546.49,80509559.0
2017-06-21,3567.13,3587.99,3545.57,3587.96,87859824.0
2017-06-22,3583.56,3635.53,3581.34,3590.34,135526987.0
2017-06-23,3583.44,3623.24,3569.32,3622.88,105129134.0
2017-06-26,3627.02,3671.94,3627.02,3668.09,134637995.0
2017-06-27,3665.58,3676.53,3648.76,3674.72,97558702.0
2017-06-28,3664.16,3672.19,3644.03,3646.17,97920858.0
2017-06-29,3649.25,3669.13,3644.73,3668.83,85589498.0
2017-06-30,3654.73,3669.76,3646.23,3666.8,81510028.0
2017-07-03,3667.23,3667.6,3633.78,3650.85,88820860.0
2017-07-04,3646.83,3646.85,3611.69,3619.98,95071413.0
2017-07-05,3611.9,3660.73,3610.46,3659.68,88232425.0
2017-07-06,3654.56,3666.77,3629.56,3660.1,102379245.0
2017-07-07,3647.64,3657.11,3631.87,3655.93,103735497.0
2017-07-10,3647.94,3667.85,3641.53,3653.69,120591910.0
2017-07-11,3646.88,3701.21,3645.99,3670.81,118760826.0
2017-07-12,3672.63,3691.58,3640.59,3658.82,122287792.0
2017-07-13,3656.35,3690.48,3652.57,3686.92,125669549.0
2017-07-14,3682.62,3703.09,3672.74,3703.09,105514005.0
2017-07-17,3700.62,3716.47,3621.37,3663.56,178821600.0
2017-07-18,3648.49,3667.54,3622.04,3667.18,124622056.0
2017-07-19,3660.87,3731.05,3658.2,3729.75,182477787.0
2017-07-20,3725.14,3750.19,3723.07,3747.88,142410039.0
2017-07-21,3738.18,3751.69,3722.07,3728.6,117941226.0
2017-07-24,3724.38,3755.19,3719.85,3743.47,134868722.0
2017-07-25,3742.64,3752.16,3713.28,3719.56,121672059.0
2017-07-26,3722.88,3738.53,3684.18,3705.39,136325210.0
2017-07-27,3700.86,3716.69,3672.5,3712.19,145002904.0
2017-07-28,3703.49,3725.54,3696.78,3721.89,111411392.0
2017-07-31,3722.43,3746.52,3713.66,3737.87,148429039.0
2017-08-01,3738.74,3770.4,3737.1,3770.38,152546539.0
2017-08-02,3768.19,3784.35,3759.28,3760.85,172293383.0
2017-08-03,3755.11,3766.35,3718.44,3727.83,146153944.0
2017-08-04,3724.72,3738.73,3707.0,3707.58,157470060.0
2017-08-07,3701.22,3730.78,3689.96,3726.79,124231530.0
2017-08-08,3724.33,3737.33,3718.81,3732.21,137241928.0
2017-08-09,3728.03,3739.0,3713.57,3731.04,124679989.0
2017-08-10,3724.96,3746.86,3688.18,3715.92,130085128.0
2017-08-11,3687.93,3700.49,3645.09,3647.35,150387421.0
2017-08-14,3651.38,3698.37,3651.38,3694.68,115308451.0
2017-08-15,3695.78,3719.29,3692.28,3706.06,106444857.0
2017-08-16,3701.13,3707.14,3679.73,3701.42,104134141.0
2017-08-17,3707.07,3722.62,3704.41,3721.28,108656251.0
2017-08-18,3707.19,3733.49,3700.41,3724.67,96561705.0
2017-08-21,3731.84,3744.26,3728.62,3740.99,100313073.0
2017-08-22,3745.75,3758.29,3734.56,3752.3,100292856.0
2017-08-23,3747.61,3772.46,3741.72,3756.09,104961573.0
2017-08-24,3755.89,3765.71,3729.09,3734.65,89947372.0
2017-08-25,3736.29,3795.97,3736.29,3795.75,129940900.0
2017-08-28,3805.66,3866.94,3805.66,3842.71,185576325.0
2017-08-29,3839.18,3847.93,3825.76,3834.54,128227070.0
2017-08-30,3834.27,3854.71,3827.86,3834.3,141352857.0
2017-08-31,3835.84,3840.2,3800.89,3822.09,132944935.0
2017-09-01,3825.34,3843.62,3818.16,3830.54,158645511.0
2017-09-04,3828.54,3847.09,3813.55,3845.62,149566320.0
2017-09-05,3845.55,3865.29,3841.95,3857.05,124964155.0
2017-09-06,3846.75,3858.25,3831.38,3849.45,131398723.0
2017-09-07,3851.69,3858.16,3828.83,3829.87,123884181.0
2017-09-08,3830.07,3843.02,3813.98,3825.99,106036504.0
2017-09-11,3828.34,3850.74,3817.51,3825.65,123883997.0
2017-09-12,3832.24,3849.39,3822.0,3837.93,144190242.0
2017-09-13,3835.55,3847.78,3822.94,3842.61,95410785.0
2017-09-14,3843.57,3854.49,3820.09,3829.96,115358583.0
2017-09-15,3826.14,3843.3,3818.52,3831.3,122427006.0
2017-09-18,3832.96,3862.36,3832.96,3843.14,117934405.0
2017-09-19,3849.88,3857.3,3820.29,3832.12,112432987.0
2017-09-20,3830.15,3850.94,3827.89,3842.44,101129542.0
2017-09-21,3843.26,3860.8,3837.38,3837.82,111098192.0
2017-09-22,3826.46,3842.25,3816.82,3837.73,100619802.0
2017-09-25,3829.22,3835.39,3811.12,3817.79,103948976.0
2017-09-26,3810.33,3821.69,3808.38,3820.78,81869407.0
2017-09-27,3818.96,3832.57,3818.81,3821.2,85655811.0
2017-09-28,3821.59,3827.33,3813.75,3822.54,93544069.0
2017-09-29,3825.2,3852.22,3825.2,3836.5,93306028.0
2017-10-09,3910.11,3918.84,3876.03,3882.21,135535851.0
2017-10-10,3883.0,3900.74,3855.47,3889.86,112532586.0
2017-10-11,3886.82,3913.07,3885.5,3902.69,104418151.0
2017-10-12,3902.02,3917.44,3897.55,3912.95,94340921.0
2017-10-13,3912.98,3927.17,3908.89,3921.0,90142068.0
2017-10-16,3926.28,3947.42,3913.32,3913.45,121355033.0
2017-10-17,3910.79,3924.61,3900.48,3913.07,82241227.0
2017-10-18,3914.82,3944.41,3914.82,3944.16,100969841.0
2017-10-19,3940.58,3944.03,3923.65,3931.25,106527252.0
2017-10-20,3918.53,3928.96,3910.2,3926.85,72980180.0
2017-10-23,3930.89,3936.27,3920.66,3930.8,81484980.0
2017-10-24,3926.23,3959.5,3922.03,3959.4,93058154.0
2017-10-25,3958.17,3978.09,3954.0,3976.95,88205458.0
2017-10-26,3980.05,4013.6,3973.55,3993.58,129895465.0
2017-10-27,3992.55,4024.46,3991.35,4021.97,126672846.0
2017-10-30,4022.16,4033.34,3960.27,4009.72,157387603.0
2017-10-31,3995.39,4009.28,3983.26,4006.72,109178779.0
2017-11-01,4007.91,4032.46,3991.32,3996.62,130417380.0
2017-11-02,3994.09,3999.23,3971.38,3997.13,126100579.0
2017-11-03,3992.35,3999.34,3963.03,3992.7,129404439.0
2017-11-06,3989.18,4021.64,3975.41,4020.89,122081159.0
2017-11-07,4022.4,4064.22,4021.36,4054.25,152116663.0
2017-11-08,4051.49,4089.15,4040.58,4048.01,150827719.0
2017-11-09,4043.07,4076.61,4038.4,4075.9,121056335.0
2017-11-10,4070.28,4116.71,4067.66,4111.91,141817165.0
2017-11-13,4115.55,4137.65,4115.55,4128.07,151446309.0
2017-11-14,4129.27,4133.55,4086.89,4099.35,143236936.0
2017-11-15,4084.21,4102.81,4055.72,4073.67,120635696.0
2017-11-16,4063.49,4107.62,4062.27,4105.01,121384414.0
2017-11-17,4094.08,4122.38,4081.37,4120.85,191784119.0
2017-11-20,4093.73,4144.51,4060.96,4143.83,137447258.0
2017-11-21,4131.85,4220.26,4129.98,4217.7,180350821.0
2017-11-22,4228.37,4260.64,4191.15,4227.57,186477003.0
2017-11-23,4213.38,4214.19,4086.9,4102.4,178147228.0
2017-11-24,4089.47,4116.59,4057.49,4104.2,130858040.0
2017-11-27,4088.93,4088.93,4037.15,4049.95,143455268.0
2017-11-28,4034.21,4056.48,4010.3,4055.82,102058095.0
2017-11-29,4061.35,4069.24,4004.69,4053.75,124553642.0
2017-11-30,4034.01,4052.8,3988.0,4006.1,107983345.0
2017-12-01,4003.56,4027.11,3984.38,3998.14,97386913.0
2017-12-04,3989.05,4032.99,3982.32,4018.86,102647219.0
2017-12-05,4007.94,4045.93,4006.54,4040.17,154087076.0
2017-12-06,4027.12,4031.75,3964.81,4015.82,109286205.0
2017-12-07,4003.58,4017.95,3955.99,3971.06,90254045.0
2017-12-08,3962.83,4014.14,3955.44,4003.38,89282861.0
2017-12-11,4006.88,4069.5,4005.27,4069.5,97148946.0
2017-12-12,4068.51,4070.15,4015.45,4016.02,84338718.0
2017-12-13,4013.83,4052.69,4004.74,4050.09,77546131.0
2017-12-14,4050.9,4057.62,4013.85,4026.15,80768862.0
2017-12-15,4018.73,4020.27,3974.93,3980.86,89044389.0
2017-12-18,3983.3,4008.07,3967.93,3985.29,77853375.0
2017-12-19,3985.82,4035.63,3985.82,4035.33,77528985.0
2017-12-20,4036.02,4044.85,4015.63,4030.49,90604503.0
2017-12-21,4023.08,4080.78,4014.65,4067.85,96836089.0
2017-12-22,4064.91,4076.8,4048.49,4054.6,73473684.0
2017-12-25,4057.42,4086.93,4026.45,4041.54,91926962.0
2017-12-26,4040.62,4056.86,4015.3,4053.62,91118790.0
2017-12-27,4045.28,4047.74,3986.74,3991.21,105153577.0
2017-12-28,3993.0,4036.7,3980.24,4018.9,118542886.0
2017-12-29,4022.88,4043.14,4012.88,4030.85,90486683.0
2018-01-02,4045.21,4087.78,4045.21,4087.4,146935435.0
2018-01-03,4091.46,4140.05,4088.73,4111.39,151852218.0
2018-01-04,4114.12,4137.64,4105.89,4128.81,134543794.0
2018-01-05,4133.34,4151.28,4123.28,4138.75,149009872.0
2018-01-08,4140.85,4166.32,4127.31,4160.16,173877666.0
2018-01-09,4157.54,4191.28,4153.5,4189.3,139034294.0
2018-01-10,4187.2,4211.05,4175.14,4207.81,151121666.0
2018-01-11,4197.11,4211.8,4181.96,4205.59,121578539.0
2018-01-12,4205.14,4227.39,4199.02,4225.0,111354794.0
2018-01-15,4229.84,4262.93,4216.36,4225.24,170907897.0
2018-01-16,4215.62,4260.21,4213.13,4258.47,161494963.0
2018-01-17,4261.78,4283.34,4230.54,4248.12,214311032.0
2018-01-18,4259.38,4292.64,4246.68,4271.42,172032846.0
2018-01-19,4281.94,4316.57,4269.62,4285.4,209490570.0
2018-01-22,4276.48,4338.48,4275.9,4336.6,174643195.0
2018-01-23,4346.89,4383.57,4346.79,4382.61,201867585.0
2018-01-24,4389.45,4397.82,4349.09,4389.89,219818889.0
2018-01-25,4381.98,4392.2,4336.24,4365.08,195374950.0
2018-01-26,4352.22,4403.34,4351.49,4381.3,177227237.0
2018-01-29,4387.06,4395.91,4287.11,4302.02,191100354.0
2018-01-30,4286.68,4308.51,4251.57,4256.1,139034730.0
2018-01-31,4234.11,4287.86,4232.77,4275.9,145210164.0
2018-02-01,4276.34,4287.39,4214.29,4245.9,190002934.0
2018-02-02,4213.94,4271.76,4181.78,4271.23,146066827.0
2018-02-05,4204.46,4274.15,4200.14,4274.15,161347799.0
2018-02-06,4182.33,4211.52,4131.56,4148.89,214910450.0
2018-02-07,4205.74,4212.57,4048.42,4050.5,203127493.0
2018-02-08,4022.88,4071.67,3974.68,4012.05,159269985.0
2018-02-09,3896.17,3911.29,3759.15,3840.65,206349828.0
2018-02-12,3846.27,3907.84,3828.07,3890.1,116182637.0
2018-02-13,3925.6,3986.98,3925.6,3935.63,112565885.0
2018-02-14,3945.09,3971.4,3923.13,3966.96,71081338.0
2018-02-22,4020.97,4058.79,4009.92,4052.73,105811571.0
2018-02-23,4061.75,4085.2,4035.23,4071.09,99458746.0
2018-02-26,4093.4,4128.74,4048.98,4118.42,137881001.0
2018-02-27,4120.87,4120.87,4051.81,4058.98,125934470.0
2018-02-28,4016.79,4051.71,3991.71,4023.64,109343593.0
2018-03-01,3994.87,4061.03,3986.89,4049.09,110199852.0
2018-03-02,4014.95,4044.42,4006.94,4016.46,96165000.0
2018-03-05,4021.66,4042.83,3995.87,4018.1,87952548.0
2018-03-06,4034.99,4067.55,3998.93,4066.56,138762444.0
2018-03-07,4063.5,4089.7,4027.94,4036.65,106952426.0
2018-03-08,4038.95,4078.23,4029.71,4077.6,91155810.0
2018-03-09,4088.07,4110.67,4076.45,4108.87,113701808.0
2018-03-12,4130.71,4139.53,4112.77,4127.67,140906739.0
2018-03-13,4124.33,4130.28,4087.56,4091.25,111766430.0
2018-03-14,4076.06,4089.09,4066.49,4073.34,99013409.0
2018-03-15,4058.71,4098.99,4058.71,4096.16,88161156.0
2018-03-16,4096.89,4110.04,4055.82,4056.42,84896188.0
2018-03-19,4054.62,4074.52,4033.52,4074.25,81502882.0
2018-03-20,4045.74,4080.19,4040.31,4077.7,80605280.0
2018-03-21,4097.02,4110.12,4046.24,4061.05,97609488.0
2018-03-22,4062.07,4072.38,4003.72,4020.35,89095259.0
2018-03-23,3896.74,3928.51,3834.94,3904.94,180080449.0
2018-03-26,3862.69,3883.9,3829.92,3879.89,115139128.0
2018-03-27,3927.49,3936.78,3881.87,3913.27,113700711.0
2018-03-28,3865.05,3907.28,3835.88,3842.72,101494908.0
2018-03-29,3854.59,3913.96,3794.26,3894.05,116629066.0
2018-03-30,3893.75,3915.35,3879.21,3898.5,97512270.0
2018-04-02,3897.01,3937.02,3882.89,3886.92,111242666.0
2018-04-03,3850.15,3878.15,3839.93,3862.48,95137369.0
2018-04-04,3873.63,3898.61,3852.5,3854.86,88730609.0
2018-04-09,3851.95,3870.67,3827.41,3852.93,84105462.0
2018-04-10,3860.72,3927.42,3851.8,3927.17,106173722.0
2018-04-11,3934.17,3958.71,3924.96,3938.34,111933021.0
2018-04-12,3935.67,3937.78,3896.18,3898.64,82699490.0
2018-04-13,3920.74,3929.95,3866.19,3871.14,71544203.0
2018-04-16,3862.47,3869.16,3789.61,3808.86,99217770.0
2018-04-17,3812.87,3822.63,3745.44,3748.64,90610790.0
2018-04-18,3785.31,3789.66,3708.11,3766.28,106676706.0
2018-04-19,3774.78,3824.03,3767.8,3811.84,99054060.0
2018-04-20,3801.21,3815.44,3750.1,3760.85,99282925.0
2018-04-23,3754.69,3787.4,3735.18,3766.33,90356291.0
2018-04-24,3769.88,3854.43,3769.88,3843.49,114219525.0
2018-04-25,3824.59,3838.69,3817.03,3828.7,78172612.0
2018-04-26,3823.39,3828.71,3744.89,3755.49,87150641.0
2018-04-27,3771.04,3776.98,3714.64,3756.88,89531726.0
2018-05-02,3769.93,3787.3,3744.55,3763.65,83301035.0
2018-05-03,3756.17,3797.53,3732.37,3793.0,93961118.0
2018-05-04,3784.32,3801.52,3770.94,3774.6,71554288.0
2018-05-07,3782.54,3834.59,3776.03,3834.19,87286195.0
2018-05-08,3834.61,3892.07,3833.73,3878.68,94215157.0
2018-05-09,3876.13,3878.94,3855.74,3871.62,66712966.0
2018-05-10,3882.84,3894.49,3867.31,3893.06,70667809.0
2018-05-11,3902.15,3903.34,3871.95,3872.84,73356604.0
2018-05-14,3886.87,3919.3,3886.87,3909.29,81975999.0
2018-05-15,3920.14,3924.34,3892.92,3924.1,76049555.0
2018-05-16,3909.82,3923.34,3889.19,3892.84,71913646.0
2018-05-17,3895.49,3899.51,3858.85,3864.05,59030123.0
2018-05-18,3860.16,3903.06,3841.9,3903.06,72613956.0
2018-05-21,3925.54,3937.46,3913.6,3921.24,92641737.0
2018-05-22,3918.82,3918.82,3881.17,3906.21,75368778.0
2018-05-23,3898.27,3898.27,3854.58,3854.58,83722319.0
2018-05-24,3853.29,3859.1,3823.92,3827.22,68345022.0
2018-05-25,3823.74,3841.12,3804.14,3816.5,70836386.0
2018-05-28,3816.26,3846.55,3799.32,3833.26,71521132.0
2018-05-29,3824.19,3841.78,3800.67,3804.01,81552662.0
2018-05-30,3755.18,3767.89,3722.07,3723.37,87913285.0
2018-05-31,3749.3,3804.79,3742.53,3802.38,92666894.0
2018-06-01,3789.67,3802.54,3753.84,3770.59,77821813.0
2018-06-04,3785.19,3813.41,3776.62,3807.58,76624341.0
2018-06-05,3811.29,3845.56,3800.93,3845.32,78687360.0
2018-06-06,3839.68,3848.33,3830.9,3837.35,73117237.0
2018-06-07,3846.94,3859.85,3827.69,3831.01,80256147.0
2018-06-08,3819.45,3819.46,3759.27,3779.62,83337335.0
2018-06-11,3770.21,3792.55,3756.51,3779.98,68709834.0
2018-06-12,3783.19,3830.47,3765.26,3825.95,73206244.0
2018-06-13,3814.62,3817.45,3782.07,3788.34,66377970.0
2018-06-14,3774.64,3808.16,3759.25,3773.37,68471322.0
2018-06-15,3763.04,3780.34,3737.43,3753.43,85488893.0
2018-06-19,3702.67,3712.82,3583.02,3621.12,160706542.0
2018-06-20,3602.55,3649.34,3578.17,3635.44,86718098.0
2018-06-21,3633.56,3673.56,3589.49,3592.97,93908552.0
2018-06-22,3567.89,3609.08,3542.46,3608.9,75117864.0
2018-06-25,3625.8,3631.03,3559.03,3560.48,79877078.0
2018-06-26,3521.59,3541.78,3478.21,3531.11,84985269.0
2018-06-27,3525.13,3537.66,3441.78,3459.26,81491817.0
2018-06-28,3434.94,3477.06,3416.95,3423.53,75918051.0
2018-06-29,3431.96,3512.38,3425.22,3510.98,77257031.0
2018-07-02,3504.46,3506.9,3383.5,3407.96,84351449.0
2018-07-03,3410.48,3422.04,3319.29,3409.28,95278693.0
2018-07-04,3398.78,3418.33,3359.09,3363.75,75157997.0
2018-07-05,3365.55,3398.49,3330.71,3342.44,81587981.0
2018-07-06,3347.06,3396.25,3295.73,3365.12,86097579.0
2018-07-09,3378.91,3459.32,3378.91,3459.18,76601545.0
2018-07-10,3464.91,3474.14,3437.27,3467.52,69548823.0
2018-07-11,3398.93,3427.57,3375.14,3407.53,72040950.0
2018-07-12,3403.33,3499.1,3403.33,3481.06,96353564.0
2018-07-13,3488.5,3499.76,3474.91,3492.69,72955897.0
2018-07-16,3488.97,3506.24,3459.73,3472.09,68281999.0
2018-07-17,3466.42,3467.19,3420.97,3449.38,61983076.0
2018-07-18,3456.61,3479.26,3430.16,3431.32,66530330.0
2018-07-19,3444.8,3466.51,3417.96,3428.34,68477716.0
2018-07-20,3426.46,3505.93,3398.95,3492.89,101984727.0
2018-07-23,3471.86,3527.53,3464.65,3525.75,119036627.0
2018-07-24,3530.66,3596.51,3530.66,3581.71,156912435.0
2018-07-25,3589.51,3589.98,3566.31,3577.75,96758501.0
2018-07-26,3583.32,3593.92,3528.64,3536.25,90349641.0
2018-07-27,3533.77,3545.41,3512.7,3521.23,70178104.0
2018-07-30,3520.85,3550.9,3489.55,3515.08,82116995.0
2018-07-31,3510.47,3528.15,3493.15,3517.66,67980817.0
2018-08-01,3530.03,3543.61,3446.78,3447.39,90348617.0
2018-08-02,3434.35,3434.35,3322.1,3370.96,101308727.0
2018-08-03,3366.66,3381.34,3315.2,3315.28,70796910.0
2018-08-06,3312.82,3344.25,3257.69,3273.27,77975083.0
2018-08-07,3284.98,3368.96,3263.5,3368.87,91783916.0
2018-08-08,3362.15,3368.16,3311.77,3314.51,79284865.0
2018-08-09,3303.48,3408.39,3299.62,3397.53,91957572.0
2018-08-10,3398.41,3424.04,3380.57,3405.02,68967299.0
2018-08-13,3369.98,3396.19,3336.7,3390.34,76191532.0
2018-08-14,3386.48,3391.73,3356.61,3372.91,60651446.0
2018-08-15,3371.96,3372.14,3288.71,3291.98,68174055.0
2018-08-16,3251.86,3315.2,3231.56,3276.73,76547366.0
2018-08-17,3305.9,3311.57,3224.1,3229.62,67395413.0
2018-08-20,3238.22,3267.25,3209.01,3267.25,70904228.0
2018-08-21,3271.84,3331.71,3270.03,3326.65,75205583.0
2018-08-22,3328.97,3328.97,3299.39,3307.95,50787057.0
2018-08-23,3308.46,3336.11,3285.81,3320.03,61112334.0
2018-08-24,3308.48,3353.04,3291.87,3325.33,63765897.0
2018-08-27,3339.39,3406.57,3339.26,3406.57,94270082.0
2018-08-28,3408.15,3416.59,3388.81,3400.17,75445363.0
2018-08-29,3393.05,3398.71,3377.12,3386.57,67020404.0
2018-08-30,3385.81,3402.56,3349.47,3351.09,68385290.0
2018-08-31,3333.38,3356.58,3310.87,3334.5,76205630.0
2018-09-03,3320.69,3325.61,3291.78,3321.82,66429855.0
2018-09-04,3324.19,3370.96,3307.96,3363.9,67088807.0
2018-09-05,3349.7,3354.2,3298.14,3298.14,64301888.0
2018-09-06,3286.66,3311.5,3253.76,3262.88,62300288.0
2018-09-07,3273.89,3316.61,3253.73,3277.64,63947408.0
2018-09-10,3271.38,3277.88,3227.85,3230.07,63817051.0
2018-09-11,3229.71,3245.62,3209.11,3224.21,58491305.0
2018-09-12,3216.99,3225.6,3194.98,3202.02,54627899.0
2018-09-13,3239.69,3249.59,3191.4,3236.57,67290327.0
2018-09-14,3242.83,3254.1,3227.94,3242.09,60130640.0
2018-09-17,3224.93,3230.79,3200.51,3204.92,52259547.0
2018-09-18,3193.64,3270.11,3193.64,3269.43,70425035.0
2018-09-19,3262.0,3335.99,3258.31,3312.48,89170666.0
2018-09-20,3314.88,3332.31,3303.07,3310.13,64561057.0
2018-09-21,3320.7,3410.49,3307.77,3410.49,108416005.0
2018-09-25,3375.97,3394.38,3367.03,3379.8,69054693.0
2018-09-26,3388.56,3448.26,3383.24,3417.24,93173343.0
2018-09-27,3415.95,3423.71,3394.73,3403.59,69765241.0
2018-09-28,3409.96,3444.99,3404.7,3438.86,84377756.0
2018-10-08,3361.56,3364.46,3285.25,3290.9,97888989.0
2018-10-09,3290.17,3309.8,3276.13,3288.69,66723274.0
2018-10-10,3295.43,3315.73,3256.58,3281.6,64492828.0
2018-10-11,3179.54,3209.52,3099.04,3124.11,120941342.0
2018-10-12,3123.37,3184.12,3094.97,3170.73,98611151.0
2018-10-15,3173.85,3183.13,3120.23,3126.45,69605023.0
2018-10-16,3128.58,3166.09,3089.37,3100.97,68887721.0
2018-10-17,3140.68,3149.13,3062.55,3118.25,76837138.0
2018-10-18,3097.79,3097.79,3043.38,3044.39,73771968.0
2018-10-19,3017.75,3137.75,3009.5,3134.95,98839688.0
2018-10-22,3159.56,3297.38,3159.56,3270.27,145862045.0
2018-10-23,3273.13,3276.02,3163.57,3183.43,121013241.0
2018-10-24,3169.46,3245.4,3164.29,3188.2,110909744.0
2018-10-25,3107.84,3197.32,3099.89,3194.31,106951817.0
2018-10-26,3204.28,3218.1,3151.92,3173.64,101299354.0
2018-10-29,3157.49,3158.81,3062.58,3076.89,91839789.0
2018-10-30,3061.93,3146.63,3050.77,3110.26,116070101.0
2018-10-31,3116.66,3168.92,3106.03,3153.82,111207455.0
2018-11-01,3185.2,3217.8,3173.1,3177.03,132653379.0
2018-11-02,3258.61,3290.25,3222.44,3290.25,153466104.0
2018-11-05,3269.47,3279.88,3230.36,3262.84,109706683.0
2018-11-06,3254.98,3254.98,3213.9,3243.15,83869138.0
2018-11-07,3243.88,3270.5,3218.42,3221.91,91615528.0
2018-11-08,3251.73,3253.57,3207.71,3212.77,76414540.0
2018-11-09,3193.3,3193.3,3166.31,3167.44,84282762.0
2018-11-12,3160.25,3206.51,3152.44,3205.14,88062391.0
2018-11-13,3164.92,3254.77,3161.1,3237.38,126493464.0
2018-11-14,3233.64,3239.24,3200.23,3204.94,113808659.0
2018-11-15,3201.28,3242.38,3198.78,3242.37,98558810.0
2018-11-16,3242.88,3282.39,3223.72,3257.67,126876835.0
2018-11-19,3258.79,3294.6,3251.07,3294.6,115956595.0
2018-11-20,3268.08,3278.78,3213.68,3218.41,109361154.0
2018-11-21,3187.1,3230.26,3185.24,3226.49,84119726.0
2018-11-22,3232.97,3235.45,3199.7,3214.43,65098291.0
2018-11-23,3208.59,3212.2,3139.39,3143.48,84638255.0
2018-11-26,3148.67,3169.44,3131.64,3141.24,59379140.0
2018-11-27,3152.77,3162.01,3126.29,3137.24,55407832.0
2018-11-28,3137.75,3179.41,3126.62,3178.93,74881955.0
2018-11-29,3198.83,3204.86,3137.65,3137.65,80498466.0
2018-11-30,3136.2,3175.15,3132.42,3172.69,70921044.0
2018-12-03,3260.69,3273.64,3228.36,3260.95,121487157.0
2018-12-04,3256.23,3267.94,3243.7,3267.71,79415039.0
2018-12-05,3224.26,3266.9,3219.98,3252.0,76153052.0
2018-12-06,3218.11,3223.52,3179.89,3181.67,76328771.0
2018-12-07,3187.49,3193.82,3176.71,3181.56,53361924.0
2018-12-10,3153.52,3170.15,3134.38,3144.76,63437273.0
2018-12-11,3148.23,3161.96,3143.61,3159.82,53223877.0
2018-12-12,3181.57,3182.21,3160.28,3170.61,53309914.0
2018-12-13,3178.89,3234.08,3169.42,3219.69,90442755.0
2018-12-14,3207.35,3210.72,3165.91,3165.91,84301250.0
2018-12-17,3158.28,3167.51,3134.37,3161.2,66497007.0
2018-12-18,3139.95,3165.0,3114.47,3128.43,63820319.0
2018-12-19,3133.74,3137.01,3086.76,3091.13,55522299.0
2018-12-20,3083.54,3097.72,3044.29,3067.42,69749463.0
2018-12-21,3055.33,3057.4,3007.61,3029.4,76758101.0
2018-12-24,3015.5,3040.35,3007.33,3038.2,57299615.0
2018-12-25,3006.88,3030.14,2964.88,3017.28,78689425.0
2018-12-26,3012.87,3029.06,2996.48,3002.03,55647032.0
2018-12-27,3042.95,3047.23,2990.51,2990.51,80541785.0
2018-12-28,2994.79,3024.35,2984.82,3010.65,71053779.0
2019-01-02,3017.07,3018.78,2958.49,2969.54,68663021.0
2019-01-03,2963.02,3000.44,2953.25,2964.84,70867103.0
2019-01-04,2940.19,3036.81,2935.83,3035.87,103318972.0
2019-01-07,3055.15,3061.75,3035.91,3054.3,101164359.0
2019-01-08,3049.87,3055.51,3038.53,3047.7,86170585.0
2019-01-09,3065.23,3117.96,3062.85,3078.48,107364350.0
2019-01-10,3077.48,3092.54,3062.57,3072.69,85271756.0
2019-01-11,3082.26,3102.83,3071.03,3094.78,71786424.0
2019-01-14,3092.5,3097.41,3064.38,3067.78,66121702.0
2019-01-15,3071.52,3129.37,3064.67,3127.99,88772962.0
2019-01-16,3126.13,3135.01,3117.29,3128.65,80214341.0
2019-01-17,3132.63,3141.71,3110.06,3111.42,80174871.0
2019-01-18,3124.5,3171.69,3120.35,3168.17,103963834.0
2019-01-21,3170.88,3199.21,3170.88,3185.64,93915022.0
2019-01-22,3181.95,3181.95,3135.34,3143.32,72990528.0
2019-01-23,3136.1,3157.63,3131.87,3141.05,59870478.0
2019-01-24,3146.6,3165.63,3125.3,3158.78,72934636.0
2019-01-25,3165.18,3203.17,3164.41,3184.47,83967729.0
2019-01-28,3203.12,3228.87,3174.72,3183.78,82622431.0
2019-01-29,3177.26,3200.99,3148.23,3193.97,77658334.0
2019-01-30,3181.66,3202.9,3167.89,3168.48,63746517.0
2019-01-31,3182.7,3216.07,3178.01,3201.63,86247839.0
2019-02-01,3225.73,3247.5,3207.72,3247.4,82019641.0
2019-02-11,3239.81,3307.06,3239.81,3306.47,98818434.0
2019-02-12,3306.35,3335.36,3298.63,3330.34,122232462.0
2019-02-13,3337.78,3405.58,3329.14,3397.03,163828332.0
2019-02-14,3392.85,3415.4,3381.98,3402.14,151127290.0
2019-02-15,3391.24,3395.03,3335.87,3338.7,143668603.0
2019-02-18,3366.42,3445.74,3366.42,3445.74,182886089.0
2019-02-19,3454.72,3480.79,3419.07,3439.61,179083785.0
2019-02-20,3449.93,3463.77,3421.5,3451.93,147390311.0
2019-02-21,3450.14,3500.25,3431.63,3442.71,180143287.0
2019-02-22,3439.38,3520.12,3417.98,3520.12,187237974.0
2019-02-25,3575.85,3729.48,3574.69,3729.48,342557122.0
2019-02-26,3734.71,3762.11,3679.27,3684.69,358038698.0
2019-02-27,3682.81,3737.63,3638.33,3678.39,286236007.0
2019-02-28,3675.26,3695.46,3650.05,3669.37,184810220.0
2019-03-01,3699.22,3749.71,3668.77,3749.71,204711004.0
2019-03-04,3783.04,3886.58,3764.78,3794.1,323490126.0
2019-03-05,3785.38,3816.16,3770.79,3816.01,230853166.0
2019-03-06,3822.86,3855.16,3787.52,3848.09,318077371.0
2019-03-07,3841.15,3845.18,3778.8,3808.85,329846548.0
2019-03-08,3721.4,3774.54,3656.19,3657.58,317990077.0
2019-03-11,3663.98,3731.91,3650.81,3729.95,230912865.0
2019-03-12,3758.32,3804.72,3723.68,3755.35,274926382.0
2019-03-13,3758.71,3763.09,3708.81,3724.19,233682248.0
2019-03-14,3710.29,3747.82,3673.85,3698.49,190817237.0
2019-03-15,3713.94,3782.24,3713.94,3745.0,175174544.0
2019-03-18,3753.64,3851.75,3733.68,3851.75,216928060.0
2019-03-19,3856.59,3868.33,3815.22,3833.96,181727110.0
2019-03-20,3825.34,3855.15,3790.51,3835.44,175632090.0
2019-03-21,3840.28,3864.07,3823.47,3836.89,196310310.0
2019-03-22,3838.13,3845.58,3786.59,3833.8,171356993.0
2019-03-25,3776.44,3807.18,3741.61,3742.83,198586329.0
2019-03-26,3766.53,3770.84,3687.55,3700.44,173046579.0
2019-03-27,3724.41,3750.26,3703.45,3743.39,138758454.0
2019-03-28,3731.06,3755.72,3710.08,3728.4,133272129.0
2019-03-29,3739.77,3876.38,3739.77,3872.34,215639103.0
2019-04-01,3901.17,3982.91,3901.17,3973.93,271382704.0
2019-04-02,3986.34,3988.1,3956.51,3971.29,226000341.0
2019-04-03,3947.87,4026.5,3939.78,4022.16,231917368.0
2019-04-04,4039.74,4072.11,4021.71,4062.23,260410939.0
2019-04-08,4097.1,4122.6,4017.49,4057.23,267505576.0
2019-04-09,4063.81,4084.24,4038.28,4075.43,182956808.0
2019-04-10,4062.44,4115.38,4035.47,4085.85,194687613.0
2019-04-11,4083.46,4097.12,3990.24,3997.58,169049641.0
2019-04-12,3986.78,4006.93,3961.46,3988.62,135862118.0
2019-04-15,4056.49,4085.39,3974.23,3975.52,182645571.0
2019-04-16,3958.1,4085.79,3943.49,4085.79,202041966.0
2019-04-17,4080.72,4106.62,4057.5,4087.24,180367117.0
2019-04-18,4085.11,4094.05,4056.24,4072.08,146562123.0
2019-04-19,4076.3,4120.64,4046.2,4120.61,150794910.0
2019-04-22,4125.97,4126.09,4015.47,4025.61,189353745.0
2019-04-23,4021.63,4061.09,4005.28,4019.01,155611650.0
2019-04-24,4033.63,4044.34,3967.81,4030.09,145498695.0
2019-04-25,4013.6,4022.56,3938.33,3941.82,159722071.0
2019-04-26,3921.89,3943.83,3887.25,3889.27,142008068.0
2019-04-29,3896.58,3953.23,3875.45,3900.33,153870927.0
2019-04-30,3887.18,3923.11,3885.15,3913.21,116233376.0
2019-05-06,3775.08,3791.61,3647.14,3684.62,197472882.0
2019-05-07,3702.27,3738.18,3671.83,3720.67,132847654.0
2019-05-08,3648.55,3722.93,3642.5,3667.46,112867355.0
2019-05-09,3637.35,3656.9,3584.82,3599.7,101037394.0
2019-05-10,3643.06,3732.92,3589.29,3730.45,148003847.0
2019-05-13,3675.76,3702.9,3658.0,3668.73,103391860.0
2019-05-14,3630.44,3683.26,3630.44,3645.15,102313460.0
2019-05-15,3674.99,3741.04,3674.99,3727.09,110161769.0
2019-05-16,3720.04,3745.14,3707.9,3743.96,116258274.0
2019-05-17,3744.88,3745.36,3637.58,3648.76,128453245.0
2019-05-20,3635.74,3644.5,3583.83,3617.79,108963477.0
2019-05-21,3619.44,3690.09,3610.68,3666.78,111022920.0
2019-05-22,3663.15,3679.27,3634.75,3649.38,98346128.0
2019-05-23,3629.53,3631.47,3578.11,3583.96,99897781.0
2019-05-24,3584.9,3623.39,3580.79,3593.91,80934048.0
2019-05-27,3592.6,3648.03,3556.26,3637.2,108830871.0
2019-05-28,3633.02,3683.23,3627.79,3672.26,117886240.0
2019-05-29,3642.54,3693.23,3637.35,3663.91,93355441.0
2019-05-30,3648.85,3650.97,3612.62,3641.18,94202561.0
2019-05-31,3641.0,3668.18,3627.54,3629.79,89222267.0
2019-06-03,3640.61,3672.81,3613.13,3632.01,100723180.0
2019-06-04,3632.56,3636.13,3584.46,3598.47,87097094.0
2019-06-05,3627.79,3634.45,3593.95,3597.1,88642020.0
2019-06-06,3601.04,3601.04,3557.02,3564.68,85534403.0
2019-06-10,3578.01,3623.73,3568.28,3610.74,92375061.0
2019-06-11,3617.52,3723.14,3617.52,3719.28,143482806.0
2019-06-12,3706.86,3711.88,3683.94,3691.1,119178853.0
2019-06-13,3689.58,3697.59,3654.27,3685.39,96331718.0
2019-06-14,3690.48,3709.65,3650.91,3654.88,101817004.0
2019-06-17,3654.44,3683.77,3645.5,3654.82,72976678.0
2019-06-18,3661.13,3675.65,3638.78,3667.62,70692266.0
2019-06-19,3761.34,3771.35,3715.13,3715.94,125595715.0
2019-06-20,3718.94,3845.79,3717.19,3828.52,168872073.0
2019-06-21,3832.73,3856.09,3817.31,3833.94,153635155.0
2019-06-24,3836.31,3853.55,3819.77,3841.27,100084621.0
2019-06-25,3837.43,3838.06,3755.01,3801.31,124075912.0
2019-06-26,3779.51,3809.76,3771.72,3794.33,81820283.0
2019-06-27,3807.54,3854.08,3805.83,3834.82,105316358.0
2019-06-28,3832.06,3835.23,3803.05,3825.59,84766139.0
2019-07-01,3899.33,3936.67,3886.91,3935.81,158370340.0
2019-07-02,3931.05,3942.43,3918.94,3937.17,131863496.0
2019-07-03,3927.44,3927.44,3878.84,3893.53,111992603.0
2019-07-04,3895.2,3906.89,3854.69,3873.1,99342256.0
2019-07-05,3875.37,3900.31,3857.93,3893.2,74006527.0
2019-07-08,3875.75,3875.75,3775.03,3802.79,109539086.0
2019-07-09,3798.1,3811.1,3774.76,3793.13,74842732.0
2019-07-10,3807.95,3810.4,3774.23,3786.74,72833948.0
2019-07-11,3806.19,3830.74,3774.41,3785.22,75311965.0
2019-07-12,3783.07,3820.24,3774.52,3808.73,75465967.0
2019-07-15,3792.64,3844.87,3745.85,3824.19,101205222.0
2019-07-16,3819.25,3828.33,3799.87,3806.84,80730952.0
2019-07-17,3800.11,3820.27,3787.9,3804.64,95183885.0
2019-07-18,3793.19,3793.39,3768.0,3768.4,87496445.0
2019-07-19,3787.51,3828.15,3787.51,3807.96,88086149.0
2019-07-22,3813.5,3816.54,3765.44,3781.68,92101377.0
2019-07-23,3783.54,3792.96,3768.76,3789.91,71313346.0
2019-07-24,3803.59,3840.06,3803.57,3819.83,90940684.0
2019-07-25,3821.39,3851.07,3812.95,3851.07,93740417.0
2019-07-26,3835.23,3863.59,3832.52,3858.57,83259300.0
2019-07-29,3857.94,3862.75,3842.43,3854.27,84814370.0
2019-07-30,3861.57,3890.73,3861.57,3870.32,94123955.0
2019-07-31,3856.75,3856.75,3830.09,3835.36,82151155.0
2019-08-01,3819.32,3831.26,3791.55,3803.47,84114180.0
2019-08-02,3729.13,3754.53,3720.06,3747.44,108335897.0
2019-08-05,3724.41,3739.5,3675.69,3675.69,101325981.0
2019-08-06,3609.11,3649.9,3575.86,3636.33,129833871.0
2019-08-07,3654.63,3659.08,3621.43,3621.43,84238716.0
2019-08-08,3651.36,3675.46,3646.94,3669.29,88457707.0
2019-08-09,3686.75,3689.18,3628.12,3633.53,85295580.0
2019-08-12,3647.87,3699.1,3643.32,3699.1,82083056.0
2019-08-13,3675.59,3686.43,3658.01,3665.75,76500302.0
2019-08-14,3712.07,3717.56,3680.61,3682.4,91202590.0
2019-08-15,3618.01,3694.3,3612.11,3694.0,88598832.0
2019-08-16,3697.94,3738.1,3687.08,3710.54,88319169.0
2019-08-19,3736.03,3791.09,3720.69,3791.09,139327013.0
2019-08-20,3786.03,3799.9,3778.73,3787.73,108602088.0
2019-08-21,3778.31,3792.6,3775.45,3781.76,82299880.0
2019-08-22,3793.86,3797.33,3771.2,3793.51,85807792.0
2019-08-23,3796.88,3829.36,3788.03,3820.86,87954583.0
2019-08-26,3756.36,3778.87,3753.16,3765.91,93859269.0
2019-08-27,3791.46,3848.24,3790.87,3816.95,124731478.0
2019-08-28,3818.81,3822.59,3790.14,3802.58,88750812.0
2019-08-29,3805.49,3808.6,3774.4,3790.19,84083387.0
2019-08-30,3816.68,3828.97,3778.92,3799.59,96695150.0
2019-09-02,3803.69,3855.78,3799.82,3848.32,110289349.0
2019-09-03,3852.58,3856.68,3833.76,3853.61,97714631.0
2019-09-04,3848.65,3886.0,3846.42,3886.0,126628615.0
2019-09-05,3909.21,3970.0,3909.21,3925.32,181656231.0
2019-09-06,3946.69,3948.54,3922.34,3948.51,121882376.0
2019-09-09,3980.96,3985.24,3954.88,3972.95,146809754.0
2019-09-10,3976.87,3976.92,3938.74,3959.26,130889386.0
2019-09-11,3969.68,3971.22,3922.95,3930.1,131594875.0
2019-09-12,3944.69,3975.93,3933.44,3972.38,110241273.0
2019-09-16,3981.36,3982.2,3943.37,3957.72,110259805.0
2019-09-17,3947.16,3947.16,3879.49,3891.22,113694317.0
2019-09-18,3902.99,3923.15,3902.51,3910.08,82056152.0
2019-09-19,3923.96,3924.38,3897.07,3924.38,85984238.0
2019-09-20,3933.46,3942.22,3921.41,3935.65,103455955.0
2019-09-23,3925.19,3925.19,3868.21,3890.66,94036225.0
2019-09-24,3895.87,3927.01,3886.14,3901.08,87783230.0
2019-09-25,3887.55,3889.84,3867.23,3870.98,89520835.0
2019-09-26,3884.7,3890.75,3840.25,3841.14,102698301.0
2019-09-27,3843.46,3859.5,3832.25,3852.65,74003947.0
2019-09-30,3842.07,3857.23,3813.55,3814.53,65931313.0
2019-10-08,3818.59,3861.64,3818.59,3837.68,76657860.0
2019-10-09,3822.61,3845.34,3805.07,3843.24,75854512.0
2019-10-10,3838.49,3877.14,3829.43,3874.64,79222694.0
2019-10-11,3885.52,3922.37,3868.84,3911.73,93412577.0
2019-10-14,3944.86,3983.81,3934.73,3953.24,122393611.0
2019-10-15,3953.16,3953.16,3928.15,3936.25,85273949.0
2019-10-16,3939.28,3964.05,3919.02,3922.69,83229707.0
2019-10-17,3929.39,3935.81,3913.92,3925.22,64863745.0
2019-10-18,3935.42,3940.54,3864.97,3869.38,82321140.0
2019-10-21,3865.34,3884.74,3856.04,3880.84,74182918.0
2019-10-22,3896.31,3897.44,3870.55,3895.88,68918566.0
2019-10-23,3892.68,3901.42,3862.2,3871.08,70198625.0
2019-10-24,3877.92,3890.2,3852.58,3870.67,71334575.0
2019-10-25,3871.77,3899.72,3849.03,3896.79,77453620.0
2019-10-28,3904.98,3927.8,3897.82,3926.58,97406020.0
2019-10-29,3929.71,3932.37,3910.23,3910.23,82257075.0
2019-10-30,3904.72,3908.1,3883.45,3891.23,77872923.0
2019-10-31,3906.86,3907.15,3878.88,3886.75,86714539.0
2019-11-01,3883.81,3956.08,3876.42,3952.39,100689612.0
2019-11-04,3964.01,3985.36,3964.01,3978.12,104193855.0
2019-11-05,3982.12,4030.64,3970.87,4002.81,112911880.0
2019-11-06,4006.33,4007.5,3973.78,3984.88,97312952.0
2019-11-07,3984.55,4005.38,3975.55,3991.88,87254898.0
2019-11-08,4017.67,4022.04,3971.57,3973.01,97106948.0
2019-11-11,3948.62,3948.62,3897.55,3902.98,94155621.0
2019-11-12,3905.96,3914.88,3877.74,3903.69,76543069.0
2019-11-13,3905.28,3908.42,3882.43,3899.98,76749078.0
2019-11-14,3905.93,3916.95,3895.14,3905.86,87008446.0
2019-11-15,3908.49,3915.1,3877.09,3877.09,83730917.0
2019-11-18,3874.44,3913.1,3868.32,3907.93,76645993.0
2019-11-19,3904.1,3947.04,3902.38,3947.04,82161025.0
2019-11-20,3940.13,3943.23,3901.99,3907.86,76815333.0
2019-11-21,3894.54,3901.83,3875.97,3889.6,69130538.0
2019-11-22,3894.17,3918.84,3833.5,3849.99,91042639.0
2019-11-25,3850.97,3878.25,3839.42,3878.21,106066289.0
2019-11-26,3893.43,3899.11,3869.59,3891.65,111513537.0
2019-11-27,3883.43,3889.98,3862.7,3875.62,76437305.0
2019-11-28,3877.9,3887.69,3852.01,3862.3,65230119.0
2019-11-29,3857.19,3861.66,3804.83,3828.67,74144331.0
2019-12-02,3835.51,3854.75,3829.31,3836.06,77412173.0
2019-12-03,3829.21,3851.12,3811.63,3851.09,73611240.0
2019-12-04,3841.66,3852.99,3831.07,3849.82,79683385.0
2019-12-05,3863.61,3883.4,3859.82,3879.36,89051193.0
2019-12-06,3885.06,3902.39,3878.7,3902.39,78648887.0
2019-12-09,3909.53,3911.97,3885.25,3895.45,95353806.0
2019-12-10,3886.44,3900.96,3882.09,3900.38,86262928.0
2019-12-11,3907.16,3909.39,3890.34,3902.75,99765480.0
2019-12-12,3908.45,3908.45,3886.12,3891.02,84708330.0
2019-12-13,3928.0,3969.46,3925.28,3968.22,148571349.0
2019-12-16,3970.71,3987.59,3953.51,3987.55,148486670.0
2019-12-17,3987.74,4067.14,3984.52,4041.8,201162937.0
2019-12-18,4039.72,4057.64,4025.34,4032.78,151351764.0
2019-12-19,4034.62,4038.54,4014.9,4027.15,117900558.0
2019-12-20,4032.15,4046.73,4014.93,4017.25,121267662.0
2019-12-23,4014.69,4032.17,3964.38,3967.1,122816246.0
2019-12-24,3971.56,3994.51,3963.67,3992.96,95989045.0
2019-12-25,3988.66,4000.56,3976.36,3990.87,94938890.0
2019-12-26,3993.67,4025.99,3993.54,4025.99,108860640.0
2019-12-27,4029.25,4066.8,4019.72,4022.03,150926411.0
2019-12-30,4015.52,4083.69,4001.5,4081.63,155971488.0
2019-12-31,4077.75,4098.14,4069.01,4096.58,123264258.0
2020-01-02,4121.35,4172.66,4121.35,4152.24,182116772.0
2020-01-03,4161.22,4164.3,4131.86,4144.96,142826244.0
2020-01-06,4120.52,4170.64,4102.38,4129.3,175309953.0
2020-01-07,4137.4,4161.25,4135.1,4160.23,139489031.0
2020-01-08,4139.63,4149.81,4101.98,4112.32,167585850.0
2020-01-09,4145.53,4165.66,4143.59,4164.37,136886324.0
2020-01-10,4177.58,4180.98,4148.48,4163.19,113031719.0
2020-01-13,4166.93,4203.99,4148.6,4203.99,119691982.0
2020-01-14,4215.16,4223.51,4188.08,4189.89,129320783.0
2020-01-15,4186.88,4193.87,4150.88,4166.73,104633136.0
2020-01-16,4174.82,4175.29,4142.18,4149.04,100267642.0
2020-01-17,4162.19,4177.03,4141.65,4154.85,98725682.0
2020-01-20,4170.74,4185.96,4149.49,4185.83,122409147.0
2020-01-21,4165.02,4165.02,4113.33,4114.31,130527507.0
2020-01-22,4093.8,4141.18,4046.49,4131.93,126758763.0
2020-01-23,4093.32,4103.52,3972.39,4003.9,160357603.0
2020-02-03,3639.91,3732.16,3639.91,3688.36,157559647.0
2020-02-04,3652.0,3786.86,3652.0,3785.64,213933328.0
2020-02-05,3801.1,3866.01,3781.61,3828.53,174925524.0
2020-02-06,3841.75,3914.92,3806.96,3899.78,176462235.0
2020-02-07,3879.55,3899.88,3849.71,3899.87,151731759.0
2020-02-10,3872.37,3920.17,3861.01,3916.01,148406969.0
2020-02-11,3926.42,3970.52,3915.71,3952.46,143441674.0
2020-02-12,3945.67,3984.43,3940.67,3984.43,126710321.0
2020-02-13,3985.88,3999.55,3950.14,3959.92,145001843.0
2020-02-14,3954.23,4001.56,3954.02,3987.73,143239803.0
2020-02-17,3999.65,4077.45,3999.65,4077.42,182778969.0
2020-02-18,4069.83,4076.39,4027.79,4057.51,163236220.0
2020-02-19,4049.59,4085.17,4042.85,4051.31,169046441.0
2020-02-20,4062.9,4148.53,4055.81,4144.66,212232624.0
2020-02-21,4134.87,4184.44,4130.17,4149.49,217213604.0
2020-02-24,4131.84,4149.01,4097.18,4132.84,212869303.0
2020-02-25,4066.3,4126.71,4020.91,4123.85,244167831.0
2020-02-26,4070.1,4132.78,4061.12,4073.02,261094061.0
2020-02-27,4084.08,4110.53,4067.44,4084.88,181290981.0
2020-02-28,3988.73,4031.15,3928.07,3940.05,230275093.0
2020-03-02,3968.84,4092.54,3968.84,4069.67,219313559.0
2020-03-03,4125.14,4147.65,4067.91,4091.36,219369777.0
2020-03-04,4078.5,4115.26,4060.73,4115.05,182424730.0
2020-03-05,4150.21,4215.85,4127.04,4206.73,231823115.0
2020-03-06,4158.2,4181.31,4135.39,4138.51,172475717.0
2020-03-09,4063.08,4063.08,3995.13,3997.13,208102035.0
2020-03-10,3975.23,4093.0,3954.75,4082.73,197416402.0
2020-03-11,4090.93,4091.27,4028.4,4028.43,161656111.0
2020-03-12,3976.11,3987.43,3926.27,3950.91,157060458.0
2020-03-13,3771.01,3937.18,3765.15,3895.31,188296722.0
2020-03-16,3899.86,3899.86,3720.51,3727.84,185968260.0
2020-03-17,3739.78,3786.89,3618.31,3709.68,166246129.0
2020-03-18,3729.69,3775.85,3636.26,3636.26,155037547.0
2020-03-19,3623.79,3647.99,3503.19,3589.09,180807407.0
2020-03-20,3629.51,3663.95,3588.78,3653.22,139603000.0
2020-03-23,3542.68,3585.8,3523.79,3530.31,137108790.0
2020-03-24,3598.65,3627.76,3545.45,3625.11,143103021.0
2020-03-25,3711.48,3732.65,3685.99,3722.52,153495958.0
2020-03-26,3692.61,3736.25,3681.27,3698.05,112310665.0
2020-03-27,3746.39,3758.78,3709.92,3710.06,124060995.0
2020-03-30,3657.46,3690.64,3637.59,3674.11,126876673.0
2020-03-31,3708.14,3716.07,3676.2,3686.16,111453025.0
2020-04-01,3682.3,3731.78,3670.97,3675.08,119352620.0
2020-04-02,3656.32,3734.53,3652.32,3734.53,115168209.0
2020-04-03,3721.48,3738.83,3698.98,3713.22,99825083.0
2020-04-07,3779.91,3803.63,3772.21,3798.02,142778030.0
2020-04-08,3776.42,3793.0,3767.29,3780.34,111389513.0
2020-04-09,3798.49,3801.72,3785.31,3792.81,100485032.0
2020-04-10,3794.84,3824.74,3758.96,3769.18,102444956.0
2020-04-13,3751.71,3769.88,3740.19,3753.26,79053343.0
2020-04-14,3777.83,3825.76,3764.98,3825.7,110637585.0
2020-04-15,3820.85,3829.8,3793.44,3797.36,108461984.0
2020-04-16,3777.8,3807.36,3774.56,3802.38,95947965.0
2020-04-17,3831.92,3863.45,3821.42,3839.49,132004301.0
2020-04-20,3845.46,3853.8,3831.55,3853.46,100013115.0
2020-04-21,3838.23,3838.23,3780.0,3808.05,102921888.0
2020-04-22,3789.13,3839.38,3782.21,3839.38,85899464.0
2020-04-23,3851.91,3857.47,3826.56,3829.75,95508450.0
2020-04-24,3826.31,3827.21,3787.07,3796.97,94844135.0
2020-04-27,3808.02,3842.87,3793.77,3822.77,95462735.0
2020-04-28,3835.35,3859.68,3768.2,3849.15,122093476.0
2020-04-29,3837.51,3880.74,3833.72,3867.03,95854590.0
2020-04-30,3880.41,3921.7,3880.41,3912.58,132917125.0
2020-05-06,3867.26,3937.69,3865.99,3936.25,139855675.0
2020-05-07,3937.59,3941.48,3915.9,3924.89,105514646.0
2020-05-08,3943.0,3979.66,3935.98,3963.62,116943341.0
2020-05-11,3974.76,3998.1,3944.5,3960.18,122673803.0
2020-05-12,3961.34,3970.11,3930.21,3960.24,98250554.0
2020-05-13,3946.64,3972.53,3932.57,3968.25,88190669.0
2020-05-14,3952.2,3952.2,3924.05,3925.22,88530004.0
2020-05-15,3941.12,3945.2,3907.4,3912.82,92618382.0
2020-05-18,3914.66,3946.43,3898.4,3922.91,112801762.0
2020-05-19,3963.78,3966.85,3944.07,3956.25,94015291.0
2020-05-20,3955.71,3955.71,3923.92,3935.22,100791150.0
2020-05-21,3950.6,3951.74,3907.58,3913.79,94861033.0
2020-05-22,3907.58,3907.58,3818.15,3824.06,103378360.0
2020-05-25,3828.32,3835.63,3800.18,3829.32,79033326.0
2020-05-26,3850.0,3874.75,3844.48,3872.77,77448076.0
2020-05-27,3873.7,3873.7,3838.42,3845.61,83711831.0
2020-05-28,3848.49,3885.42,3818.43,3856.63,93064054.0
2020-05-29,3838.38,3872.3,3830.42,3867.02,93813832.0
2020-06-01,3901.73,3976.32,3901.73,3971.34,136456652.0
2020-06-02,3969.95,3991.78,3958.98,3983.57,144303060.0
2020-06-03,4001.17,4018.68,3982.93,3983.65,136597483.0
2020-06-04,3998.16,3999.81,3968.57,3982.19,104277737.0
2020-06-05,3988.22,4001.25,3967.93,4001.25,102443942.0
2020-06-08,4023.61,4050.22,4016.1,4021.95,137925813.0
2020-06-09,4027.56,4052.16,4016.34,4047.03,115304479.0
2020-06-10,4046.23,4046.23,4024.42,4039.71,112265728.0
2020-06-11,4031.74,4043.01,3979.75,3995.88,127308941.0
2020-06-12,3931.62,4011.06,3927.25,4003.08,134166649.0
2020-06-15,3982.97,4007.14,3954.99,3954.99,131297860.0
2020-06-16,3995.58,4014.57,3987.86,4014.57,111051539.0
2020-06-17,4018.61,4018.61,3992.13,4017.59,105605799.0
2020-06-18,4009.78,4047.56,4000.9,4044.38,138148761.0
2020-06-19,4047.05,4109.36,4043.49,4098.71,152946990.0
2020-06-22,4097.51,4126.94,4088.78,4102.05,155829465.0
2020-06-23,4098.04,4124.73,4080.75,4121.79,129229510.0
2020-06-24,4128.1,4144.68,4123.36,4138.99,121712465.0
2020-06-29,4127.93,4137.37,4092.54,4109.72,130865854.0
2020-06-30,4130.0,4174.42,4129.78,4163.96,125933521.0
2020-07-01,4172.64,4247.78,4163.5,4247.78,169990456.0
2020-07-02,4239.41,4340.1,4238.12,4335.84,252939368.0
2020-07-03,4353.19,4419.6,4348.45,4419.6,290485539.0
2020-07-06,4465.81,4678.11,4465.81,4670.09,405821025.0
2020-07-07,4739.61,4796.32,4688.06,4698.13,406008553.0
2020-07-08,4692.86,4803.36,4670.65,4774.0,348074847.0
2020-07-09,4770.08,4854.12,4757.29,4840.77,351046893.0
2020-07-10,4796.09,4821.37,4734.47,4753.13,316949651.0
2020-07-13,4742.37,4878.08,4741.87,4852.96,321645446.0
2020-07-14,4836.17,4860.44,4729.93,4806.69,297241985.0
2020-07-15,4821.52,4837.48,4723.36,4744.47,272389006.0
2020-07-16,4741.53,4772.56,4513.65,4516.25,284657133.0
2020-07-17,4524.77,4601.37,4485.82,4544.7,207375563.0
2020-07-20,4597.2,4681.94,4534.23,4680.3,246068914.0
2020-07-21,4697.5,4714.29,4661.44,4691.04,200415659.0
2020-07-22,4682.66,4790.45,4675.35,4714.45,224199211.0
2020-07-23,4668.74,4731.4,4607.66,4712.44,234314569.0
2020-07-24,4679.03,4691.7,4479.39,4505.59,243905203.0
2020-07-27,4535.01,4558.12,4482.44,4528.45,171420551.0
2020-07-28,4567.67,4590.25,4537.68,4568.26,162768498.0
2020-07-29,4559.16,4680.56,4548.85,4679.01,186695305.0
2020-07-30,4689.76,4704.63,4649.77,4656.15,166967566.0
2020-07-31,4652.18,4741.81,4621.96,4695.05,184839026.0
2020-08-03,4735.9,4771.37,4720.03,4771.31,214776239.0
2020-08-04,4778.49,4807.08,4747.77,4775.8,239974985.0
2020-08-05,4761.76,4786.7,4711.27,4777.11,196700548.0
2020-08-06,4779.24,4791.86,4691.16,4762.76,227854406.0
2020-08-07,4742.29,4749.02,4637.84,4707.93,213518216.0
2020-08-10,4681.76,4757.66,4646.29,4724.87,203788832.0
2020-08-11,4730.37,4791.53,4674.86,4681.78,205546511.0
2020-08-12,4668.89,4681.62,4566.27,4647.64,202887239.0
2020-08-13,4666.49,4671.77,4626.1,4635.71,152550092.0
2020-08-14,4627.61,4708.07,4617.63,4704.63,147292921.0
2020-08-17,4727.12,4838.09,4721.36,4815.23,268001556.0
2020-08-18,4816.57,4825.39,4788.83,4812.76,189139854.0
2020-08-19,4804.67,4809.05,4738.01,4740.68,192442948.0
2020-08-20,4708.13,4721.44,4662.8,4679.15,158368639.0
2020-08-21,4717.79,4739.48,4684.81,4718.84,142657864.0
2020-08-24,4746.4,4769.47,4716.61,4755.85,151143512.0
2020-08-25,4769.21,4802.41,4746.31,4761.95,141701351.0
2020-08-26,4761.72,4786.42,4689.88,4706.13,151305180.0
2020-08-27,4718.06,4731.94,4679.36,4731.35,119042850.0
2020-08-28,4727.29,4850.49,4719.35,4844.27,159399765.0
2020-08-31,4870.93,4901.21,4816.21,4816.22,202567029.0
2020-09-01,4803.39,4842.14,4791.78,4842.12,138395402.0
2020-09-02,4859.08,4863.55,4797.52,4843.89,157989524.0
2020-09-03,4841.5,4877.01,4800.06,4817.1,145671201.0
2020-09-04,4737.24,4778.2,4726.56,4770.22,120032796.0
2020-09-07,4759.52,4789.3,4655.56,4669.37,148607791.0
2020-09-08,4683.83,4707.9,4639.05,4694.39,139199227.0
2020-09-09,4634.25,4645.2,4558.03,4584.59,162277107.0
2020-09-10,4632.1,4647.75,4572.21,4581.98,150652878.0
2020-09-11,4572.26,4630.88,4563.11,4627.28,115302424.0
2020-09-14,4652.05,4666.99,4625.99,4651.05,107235179.0
2020-09-15,4649.45,4691.5,4630.54,4688.48,101915925.0
2020-09-16,4683.01,4690.68,4638.46,4657.36,108753641.0
2020-09-17,4642.05,4664.95,4601.64,4632.71,105983631.0
2020-09-18,4636.64,4737.8,4631.7,4737.09,160426475.0
2020-09-21,4750.75,4752.98,4688.72,4691.43,124535827.0
2020-09-22,4654.22,4706.21,4622.11,4635.76,119672947.0
2020-09-23,4639.66,4665.96,4623.55,4652.33,95826528.0
2020-09-24,4623.95,4631.95,4562.21,4563.07,112593683.0
2020-09-25,4582.48,4599.54,4554.72,4570.02,93015155.0
2020-09-28,4582.65,4613.63,4571.15,4581.91,85048389.0
2020-09-29,4608.29,4616.68,4586.35,4591.8,85993858.0
2020-09-30,4607.58,4634.72,4563.41,4587.4,89081200.0
2020-10-09,4663.61,4695.4,4655.09,4681.14,111337512.0
2020-10-12,4705.19,4823.27,4704.16,4823.16,155784558.0
2020-10-13,4812.9,4845.92,4795.37,4839.2,116516338.0
2020-10-14,4830.46,4830.46,4795.91,4807.1,111906923.0
2020-10-15,4810.78,4833.89,4796.26,4798.74,109964962.0
2020-10-16,4798.92,4825.55,4765.97,4791.68,116716102.0
2020-10-19,4823.49,4849.61,4747.34,4755.49,129246361.0
2020-10-20,4751.37,4793.47,4739.46,4793.47,98048156.0
2020-10-21,4801.63,4801.63,4758.86,4792.83,103805703.0
2020-10-22,4780.6,4791.81,4725.5,4777.98,101350891.0
2020-10-23,4775.47,4802.46,4717.1,4718.49,106825184.0
2020-10-26,4684.05,4713.39,4639.3,4691.24,108343275.0
2020-10-27,4680.14,4708.46,4671.85,4699.28,92656304.0
2020-10-28,4703.0,4753.31,4685.6,4737.27,108463402.0
2020-10-29,4683.61,4803.03,4679.25,4772.92,117117250.0
2020-10-30,4776.47,4778.51,4683.47,4695.33,139802303.0
2020-11-02,4702.75,4738.02,4695.44,4720.83,142867693.0
2020-11-03,4743.17,4793.4,4734.17,4777.56,136055408.0
2020-11-04,4781.45,4825.46,4770.56,4813.66,114661806.0
2020-11-05,4861.34,4885.11,4838.0,4885.11,139244594.0
2020-11-06,4897.63,4897.63,4845.43,4885.72,153639034.0
2020-11-09,4918.86,4997.8,4918.86,4981.35,197131984.0
2020-11-10,4995.41,4995.41,4928.93,4953.88,176267214.0
2020-11-11,4937.76,4957.58,4901.71,4904.9,164470515.0
2020-11-12,4916.77,4926.34,4891.51,4908.46,118114619.0
2020-11-13,4886.98,4886.98,4825.76,4856.85,133693079.0
2020-11-16,4880.96,4904.17,4848.62,4904.17,148770980.0
2020-11-17,4903.12,4909.29,4865.39,4894.79,151487464.0
2020-11-18,4889.67,4911.09,4870.72,4891.67,164216616.0
2020-11-19,4880.92,4939.79,4870.2,4927.99,133681378.0
2020-11-20,4928.22,4947.43,4922.59,4943.29,129400341.0
2020-11-23,4954.6,5029.65,4940.45,5005.03,205915187.0
2020-11-24,4997.05,5001.06,4960.98,4974.29,156637911.0
2020-11-25,4992.75,5004.77,4910.7,4910.7,170340527.0
2020-11-26,4908.32,4925.29,4867.82,4919.59,137202338.0
2020-11-27,4930.59,4980.77,4917.35,4980.77,162952922.0
2020-11-30,4994.11,5055.19,4960.25,4960.25,262638950.0
2020-12-01,4963.13,5072.55,4963.13,5067.1,204065638.0
2020-12-02,5072.98,5090.61,5043.31,5067.14,195435476.0
2020-12-03,5065.45,5072.3,5033.79,5057.06,177865748.0
2020-12-04,5049.52,5072.39,5017.85,5065.92,144347167.0
2020-12-07,5065.73,5067.87,5014.61,5022.24,139896217.0
2020-12-08,5029.11,5043.06,4998.92,5009.88,123073029.0
2020-12-09,5022.38,5033.64,4942.52,4942.7,138916965.0
2020-12-10,4931.29,4962.74,4919.77,4940.52,125914270.0
2020-12-11,4957.82,4957.82,4849.35,4889.63,159357697.0
2020-12-14,4903.63,4937.26,4887.66,4934.84,120801552.0
2020-12-15,4931.6,4954.19,4904.79,4945.1,118342633.0
2020-12-16,4957.3,4968.86,4938.19,4953.87,106778968.0
2020-12-17,4960.73,5021.62,4950.37,5017.48,133385479.0
2020-12-18,5014.32,5027.44,4979.01,4999.97,128049618.0
2020-12-21,4995.76,5048.51,4970.0,5046.84,140811782.0
2020-12-22,5034.98,5055.13,4960.95,4964.77,162344970.0
2020-12-23,4977.3,5028.45,4968.15,5007.12,140292819.0
2020-12-24,5006.01,5033.04,4979.24,5000.02,114418667.0
2020-12-25,4985.77,5042.1,4973.68,5042.01,121006979.0
2020-12-28,5042.94,5089.34,5037.86,5064.41,136914407.0
2020-12-29,5071.45,5077.42,5034.31,5042.94,141198662.0
2020-12-30,5037.98,5113.71,5036.63,5113.71,148626448.0
2020-12-31,5122.48,5215.62,5122.48,5211.29,171602509.0
2021-01-04,5212.93,5284.43,5190.94,5267.72,211711382.0
2021-01-05,5245.84,5368.5,5234.38,5368.5,224931159.0
2021-01-06,5386.51,5433.47,5341.43,5417.67,193773444.0
2021-01-07,5428.39,5513.66,5413.35,5513.66,219872080.0
2021-01-08,5526.29,5547.47,5442.69,5495.43,204324956.0
2021-01-11,5504.24,5555.69,5412.5,5441.16,231835983.0
2021-01-12,5419.5,5596.35,5417.63,5596.35,224220186.0
2021-01-13,5609.26,5644.72,5535.14,5577.97,261569886.0
2021-01-14,5556.21,5568.02,5458.68,5470.46,243683380.0
2021-01-15,5471.39,5500.63,5390.27,5458.08,238637435.0
2021-01-18,5438.16,5541.46,5410.78,5518.52,207051869.0
2021-01-19,5525.97,5532.48,5415.72,5437.52,211043425.0
2021-01-20,5439.91,5496.05,5426.54,5476.43,170913260.0
2021-01-21,5492.96,5593.11,5490.56,5564.97,209950197.0
2021-01-22,5562.38,5573.66,5513.88,5569.78,199300020.0
2021-01-25,5564.12,5655.48,5543.27,5625.92,197047019.0
2021-01-26,5600.9,5600.9,5506.0,5512.97,171904590.0
2021-01-27,5505.77,5534.99,5449.64,5528.0,160190841.0
2021-01-28,5450.37,5462.24,5360.38,5377.14,170485585.0
2021-01-29,5413.97,5430.2,5288.1,5351.96,182178784.0
2021-02-01,5356.85,5422.3,5342.05,5417.65,166313706.0
2021-02-02,5429.7,5503.21,5411.52,5501.09,165210565.0
2021-02-03,5499.3,5532.89,5473.12,5485.2,188054317.0
2021-02-04,5453.98,5510.05,5411.57,5473.95,180575654.0
2021-02-05,5494.7,5550.77,5477.65,5483.41,189699598.0
2021-02-08,5506.14,5576.49,5479.85,5564.56,164033775.0
2021-02-09,5584.17,5686.25,5555.05,5686.25,164887260.0
2021-02-10,5709.68,5823.42,5707.33,5807.72,170169786.0
2021-02-18,5922.07,5930.91,5747.66,5768.38,218848686.0
2021-02-19,5734.02,5787.89,5667.32,5778.84,214475780.0
2021-02-22,5785.51,5785.51,5597.33,5597.33,282124382.0
2021-02-23,5542.68,5644.76,5541.11,5579.67,233807727.0
2021-02-24,5591.48,5598.83,5379.73,5437.57,225428610.0
2021-02-25,5494.47,5527.63,5444.16,5469.56,230736028.0
2021-02-26,5343.9,5416.32,5318.86,5336.76,212264543.0
2021-03-01,5389.25,5421.56,5345.94,5418.78,177463523.0
2021-03-02,5453.28,5454.97,5305.05,5349.63,196511115.0
2021-03-03,5327.35,5452.4,5316.48,5452.21,194709054.0
2021-03-04,5388.48,5392.37,5254.78,5280.71,212775211.0
2021-03-05,5191.97,5307.82,5174.25,5262.8,202627956.0
2021-03-08,5299.79,5326.26,5079.8,5080.02,230231635.0
2021-03-09,5066.15,5094.31,4917.91,4971.0,230711004.0
2021-03-10,5047.06,5055.28,4981.62,5003.61,169928490.0
2021-03-11,5024.56,5138.41,5020.58,5128.22,189600766.0
2021-03-12,5153.67,5153.67,5086.82,5146.38,201020589.0
2021-03-15,5116.12,5120.88,4992.4,5035.54,204153084.0
2021-03-16,5054.41,5084.31,5009.95,5079.36,161390054.0
2021-03-17,5062.77,5123.55,5020.13,5100.86,149162376.0
2021-03-18,5114.59,5160.46,5111.13,5141.77,142901518.0
2021-03-19,5068.53,5089.92,4980.76,5007.09,164174849.0
2021-03-22,5008.4,5071.34,4996.54,5057.15,167402632.0
2021-03-23,5057.06,5064.02,4966.53,5009.25,158013967.0
2021-03-24,4985.4,5024.33,4919.89,4928.69,159385982.0
2021-03-25,4904.07,4950.76,4883.66,4926.35,132945189.0
2021-03-26,4953.95,5050.83,4953.95,5037.99,145926697.0
2021-03-29,5052.26,5086.65,5010.39,5046.88,143388215.0
2021-03-30,5043.1,5106.04,5032.8,5094.73,138618560.0
2021-03-31,5085.95,5085.95,5015.61,5048.36,141335743.0
2021-04-01,5059.94,5115.43,5056.87,5110.78,120324890.0
2021-04-02,5129.85,5169.83,5116.35,5161.56,127002254.0
2021-04-06,5178.64,5181.15,5125.33,5140.34,109834210.0
2021-04-07,5141.66,5141.66,5065.19,5103.74,145763748.0
2021-04-08,5078.26,5129.13,5062.07,5112.21,141771047.0
2021-04-09,5100.04,5100.04,5022.09,5035.34,128416509.0
2021-04-12,5026.98,5045.6,4933.01,4947.75,152644314.0
2021-04-13,4949.81,4994.54,4924.2,4939.64,132919358.0
2021-04-14,4945.69,4987.12,4940.27,4980.63,120860838.0
2021-04-15,4969.91,4969.91,4900.3,4948.97,108829384.0
2021-04-16,4966.9,4979.17,4917.96,4966.18,111239924.0
2021-04-19,4966.41,5088.21,4940.75,5087.02,154769824.0
2021-04-20,5065.78,5119.86,5058.92,5083.37,136541700.0
2021-04-21,5055.24,5110.56,5047.99,5098.74,124637277.0
2021-04-22,5114.28,5119.22,5067.14,5089.24,121167645.0
2021-04-23,5088.83,5149.98,5086.49,5135.45,122056991.0
2021-04-26,5156.59,5181.11,5072.96,5077.24,151381967.0
2021-04-27,5076.64,5095.98,5042.61,5090.52,123961837.0
2021-04-28,5073.97,5119.45,5059.26,5119.24,120620318.0
2021-04-29,5128.28,5170.59,5113.65,5164.17,140092480.0
2021-04-30,5156.36,5163.25,5094.93,5123.49,160121621.0
2021-05-06,5098.8,5132.9,5037.41,5061.12,158822630.0
2021-05-07,5073.46,5093.75,4996.04,4996.05,172258321.0
2021-05-10,5001.44,5019.39,4953.7,4992.42,170820585.0
2021-05-11,4956.08,5033.49,4925.92,5023.06,151526497.0
2021-05-12,5003.82,5051.17,4995.4,5044.55,126619086.0
2021-05-13,4992.35,5022.08,4975.45,4992.97,132279406.0
2021-05-14,5007.63,5112.98,4981.29,5110.59,159426180.0
2021-05-17,5115.31,5206.69,5115.31,5184.99,153889634.0
2021-05-18,5190.93,5201.67,5156.79,5187.6,118404261.0
2021-05-19,5173.17,5193.56,5151.64,5172.27,118729983.0
2021-05-20,5167.05,5201.59,5152.04,5186.41,138454775.0
2021-05-21,5199.13,5216.16,5123.12,5134.15,124768485.0
2021-05-24,5138.81,5155.59,5092.39,5155.59,126742336.0
2021-05-25,5165.04,5324.36,5161.52,5318.48,182996839.0
2021-05-26,5326.12,5344.28,5308.74,5320.59,169607096.0
2021-05-27,5311.37,5378.48,5286.05,5338.23,148462855.0
2021-05-28,5338.73,5360.28,5288.65,5321.09,164605806.0
2021-05-31,5318.08,5331.63,5281.69,5331.57,144603269.0
2021-06-01,5320.47,5343.75,5269.26,5341.68,143831474.0
2021-06-02,5348.34,5352.64,5266.79,5289.97,137754319.0
2021-06-03,5285.71,5314.37,5255.07,5255.29,141968878.0
2021-06-04,5228.28,5334.49,5221.23,5282.28,144732087.0
2021-06-07,5284.89,5286.84,5242.95,5277.63,127704971.0
2021-06-08,5276.97,5319.04,5201.14,5232.12,130559532.0
2021-06-09,5224.95,5253.36,5215.35,5236.45,121820321.0
2021-06-10,5236.47,5299.53,5229.52,5271.47,138991967.0
2021-06-11,5275.75,5276.1,5213.6,5224.7,180807173.0
2021-06-15,5218.56,5225.5,5137.41,5166.56,142880058.0
2021-06-16,5163.25,5164.52,5076.02,5080.49,125147985.0
2021-06-17,5074.38,5123.37,5073.82,5101.89,120452518.0
2021-06-18,5104.93,5128.03,5064.92,5102.47,148585805.0
2021-06-21,5088.09,5123.78,5058.57,5090.39,132184516.0
2021-06-22,5106.07,5125.82,5086.28,5122.16,130416753.0
2021-06-23,5127.19,5171.03,5109.76,5147.39,136356058.0
2021-06-24,5156.56,5160.43,5120.58,5155.97,126685625.0
2021-06-25,5159.8,5251.61,5157.48,5239.97,154931061.0
2021-06-28,5253.61,5260.64,5226.22,5251.76,133193783.0
2021-06-29,5248.52,5248.52,5182.68,5190.54,125162997.0
2021-06-30,5189.38,5231.43,5186.63,5224.04,103752671.0
2021-07-01,5241.2,5252.26,5190.88,5229.66,127240620.0
2021-07-02,5186.66,5186.66,5074.36,5081.12,130426424.0
2021-07-05,5073.78,5098.23,5048.0,5085.79,131211589.0
2021-07-06,5089.78,5092.21,5028.51,5083.1,140655220.0
2021-07-07,5052.42,5152.77,5045.41,5140.49,148549060.0
2021-07-08,5149.31,5151.22,5078.93,5088.26,173901008.0
2021-07-09,5063.15,5081.41,5006.41,5069.44,160653226.0
2021-07-12,5108.38,5159.41,5070.32,5132.71,206212039.0
2021-07-13,5128.61,5154.05,5114.94,5142.1,166482209.0
2021-07-14,5130.75,5130.75,5075.13,5083.08,188352720.0
2021-07-15,5073.26,5153.81,5067.68,5151.46,181077103.0
2021-07-16,5140.9,5140.9,5090.63,5094.77,169955982.0
2021-07-19,5083.73,5120.82,5047.62,5113.49,153199589.0
2021-07-20,5080.22,5114.0,5067.86,5108.99,129300044.0
2021-07-21,5122.78,5160.54,5122.3,5144.04,167976469.0
2021-07-22,5150.39,5171.21,5137.88,5151.75,185556864.0
2021-07-23,5145.43,5145.43,5080.0,5089.23,216536847.0
2021-07-26,5067.31,5067.31,4859.6,4925.3,228111710.0
2021-07-27,4924.28,4940.86,4749.03,4751.31,236631225.0
2021-07-28,4714.29,4785.66,4663.9,4760.48,192634393.0
2021-07-29,4845.76,4857.97,4800.01,4850.27,173322054.0
2021-07-30,4825.7,4825.7,4761.04,4811.17,182349776.0
2021-08-02,4794.82,4938.82,4761.46,4933.74,227194918.0
2021-08-03,4909.23,4957.03,4890.85,4934.46,203533360.0
2021-08-04,4927.74,4979.29,4919.66,4978.85,175466461.0
2021-08-05,4946.17,4997.14,4921.94,4948.67,167381829.0
2021-08-06,4943.04,4944.35,4891.8,4921.56,154179688.0
2021-08-09,4890.26,5002.89,4884.04,4985.56,182436871.0
2021-08-10,4977.82,5043.76,4941.24,5043.15,167051902.0
2021-08-11,5037.08,5059.79,5009.98,5015.34,182266074.0
2021-08-12,4998.07,5016.26,4962.99,4973.35,168223733.0
2021-08-13,4958.76,4993.74,4921.28,4945.98,158314321.0
2021-08-16,4935.92,4973.38,4931.37,4941.07,161953373.0
2021-08-17,4935.0,4967.56,4823.39,4837.4,187573472.0
2021-08-18,4838.47,4909.54,4818.9,4894.24,197474378.0
2021-08-19,4886.56,4893.47,4839.57,4862.14,201711719.0
2021-08-20,4817.49,4835.15,4720.83,4769.27,177635810.0
2021-08-23,4777.73,4843.82,4764.01,4835.88,167579093.0
2021-08-24,4844.59,4906.2,4842.75,4888.39,197883163.0
2021-08-25,4890.52,4899.77,4865.76,4898.16,189448016.0
2021-08-26,4892.2,4892.2,4798.7,4801.61,197617387.0
2021-08-27,4794.97,4863.47,4793.59,4827.04,183310211.0
2021-08-30,4847.03,4849.16,4787.2,4813.27,219635757.0
2021-08-31,4803.09,4821.76,4740.75,4805.61,235118658.0
2021-09-01,4804.69,4906.4,4763.3,4869.46,326721080.0
2021-09-02,4865.82,4892.7,4845.62,4869.41,267858013.0
2021-09-03,4875.07,4886.55,4828.7,4843.06,268091896.0
2021-09-06,4841.06,4944.45,4837.79,4933.73,240507245.0
2021-09-07,4932.98,5005.96,4915.61,4992.83,244178519.0
2021-09-08,4986.8,5013.98,4955.89,4972.13,264615315.0
2021-09-09,4952.49,4970.15,4929.95,4970.01,256530217.0
2021-09-10,4967.98,5042.8,4962.37,5013.52,288304352.0
2021-09-13,5006.77,5029.72,4964.96,4991.66,249915298.0
2021-09-14,4989.83,5000.98,4907.32,4917.16,245590402.0
2021-09-15,4903.85,4903.85,4843.12,4867.32,187984730.0
2021-09-16,4866.79,4879.53,4806.14,4807.7,216752099.0
2021-09-17,4797.11,4857.96,4786.09,4855.94,201958127.0
2021-09-22,4770.73,4830.85,4765.23,4821.77,191220376.0
2021-09-23,4848.22,4877.34,4837.56,4853.2,228151064.0
2021-09-24,4845.64,4897.06,4838.54,4849.43,207693290.0
2021-09-27,4870.85,4922.56,4852.2,4877.37,215967030.0
2021-09-28,4869.08,4901.31,4846.63,4883.83,176890880.0
2021-09-29,4846.02,4868.07,4799.88,4833.93,188171366.0
2021-09-30,4843.95,4876.07,4843.95,4866.38,146113896.0
2021-10-08,4915.73,4937.09,4891.62,4929.94,168968077.0
2021-10-11,4941.29,4983.73,4930.71,4936.19,163511624.0
2021-10-12,4920.66,4925.49,4840.77,4883.84,168079337.0
2021-10-13,4880.14,4953.37,4869.83,4940.11,131142813.0
2021-10-14,4934.26,4953.92,4903.25,4913.61,119557013.0
2021-10-15,4896.56,4939.82,4881.01,4932.11,142822001.0
2021-10-18,4922.51,4922.51,4844.94,4874.78,141245199.0
2021-10-19,4869.39,4928.14,4868.81,4922.72,135266493.0
2021-10-20,4926.77,4944.02,4898.37,4910.18,141533183.0
2021-10-21,4914.74,4946.18,4893.85,4928.02,148898154.0
2021-10-22,4934.87,4989.89,4934.87,4959.73,143926228.0
2021-10-25,4940.9,4981.65,4930.11,4979.52,141861490.0
2021-10-26,4983.24,5002.57,4953.48,4963.1,140888943.0
2021-10-27,4949.23,4949.23,4884.94,4898.16,147111593.0
2021-10-28,4882.59,4898.66,4846.28,4864.14,156649472.0
2021-10-29,4861.27,4908.77,4855.76,4908.77,159887353.0
2021-11-01,4878.13,4908.21,4858.25,4890.69,171583974.0
2021-11-02,4886.18,4911.23,4797.9,4839.85,185437688.0
2021-11-03,4835.81,4858.71,4804.37,4821.11,142763820.0
2021-11-04,4841.09,4873.94,4834.74,4868.74,132592970.0
2021-11-05,4858.9,4889.68,4841.74,4842.35,147789359.0
2021-11-08,4841.15,4866.08,4827.69,4848.18,137398264.0
2021-11-09,4858.25,4870.79,4818.54,4846.74,118375526.0
2021-11-10,4832.8,4832.8,4754.0,4821.19,135118179.0
2021-11-11,4814.77,4898.65,4809.11,4898.65,160484863.0
2021-11-12,4902.93,4909.08,4875.35,4888.37,132662969.0
2021-11-15,4894.41,4906.33,4863.4,4882.38,121823149.0
2021-11-16,4880.9,4915.37,4876.5,4883.32,127254406.0
2021-11-17,4883.25,4891.52,4864.52,4885.75,108459223.0
2021-11-18,4871.42,4871.42,4830.41,4837.62,114480565.0
2021-11-19,4832.06,4892.81,4829.57,4890.06,127198312.0
2021-11-22,4895.39,4919.0,4893.27,4912.4,138092836.0
2021-11-23,4905.76,4927.52,4896.88,4913.35,154304411.0
2021-11-24,4914.03,4935.49,4899.61,4916.66,137150673.0
2021-11-25,4917.61,4921.33,4891.73,4896.44,115984031.0
2021-11-26,4886.95,4886.95,4850.81,4860.13,120368974.0
2021-11-29,4820.01,4858.53,4818.71,4851.42,133626862.0
2021-11-30,4857.18,4871.25,4810.22,4832.03,129630596.0
2021-12-01,4831.89,4844.52,4823.93,4843.85,123086789.0
2021-12-02,4839.91,4866.85,4830.32,4856.16,148088521.0
2021-12-03,4856.98,4901.02,4853.35,4901.02,144059626.0
2021-12-06,4909.43,4943.9,4888.69,4892.62,173615683.0
2021-12-07,4930.83,4934.1,4895.22,4922.1,179053460.0
2021-12-08,4934.41,4995.93,4915.79,4995.93,157490559.0
2021-12-09,5000.69,5114.5,4999.41,5078.69,220568776.0
2021-12-10,5046.27,5060.06,5035.81,5055.12,193695154.0
2021-12-13,5090.02,5143.84,5079.73,5083.8,211801596.0
2021-12-14,5066.35,5075.21,5038.86,5049.7,159107790.0
2021-12-15,5036.28,5060.37,5003.78,5005.9,150529752.0
2021-12-16,5006.61,5034.73,4987.22,5034.73,144053867.0
2021-12-17,5021.34,5022.11,4954.76,4954.76,149005399.0
2021-12-20,4934.97,4971.67,4872.68,4880.42,169675690.0
2021-12-21,4876.51,4917.8,4872.95,4913.49,143339898.0
2021-12-22,4924.58,4936.67,4903.17,4914.45,133256740.0
2021-12-23,4924.29,4948.74,4906.75,4948.74,139555406.0
2021-12-24,4953.06,4964.91,4905.98,4921.34,142673323.0
2021-12-27,4918.15,4939.69,4894.16,4919.32,124100952.0
2021-12-28,4923.69,4959.14,4913.6,4955.96,130457757.0
2021-12-29,4958.65,4958.65,4883.48,4883.48,113587002.0
2021-12-30,4882.16,4940.18,4878.65,4921.51,121617178.0
2021-12-31,4937.46,4950.36,4923.14,4940.37,121313737.0
2022-01-04,4957.98,4961.45,4874.53,4917.77,151534776.0
2022-01-05,4907.93,4916.28,4851.98,4868.12,178816100.0
2022-01-06,4842.16,4857.56,4786.43,4818.23,157665826.0
2022-01-07,4824.32,4856.65,4818.19,4822.37,187139413.0
2022-01-10,4812.23,4844.39,4780.82,4844.05,156211696.0
2022-01-11,4840.01,4850.88,4791.89,4797.77,146928004.0
2022-01-12,4818.89,4852.73,4810.92,4845.58,143200204.0
2022-01-13,4853.03,4853.06,4765.24,4765.92,142519653.0
2022-01-14,4743.91,4764.05,4723.94,4726.73,146863126.0
2022-01-17,4728.76,4775.24,4726.71,4767.28,115295691.0
2022-01-18,4766.78,4826.3,4747.92,4813.35,150870802.0
2022-01-19,4815.81,4828.75,4755.93,4780.38,133927360.0
2022-01-20,4778.26,4845.0,4777.57,4823.51,164971315.0
2022-01-21,4808.77,4818.31,4762.56,4779.31,138952585.0
2022-01-24,4753.94,4801.1,4746.45,4786.74,114463880.0
2022-01-25,4761.95,4781.39,4678.25,4678.45,133667586.0
2022-01-26,4697.1,4718.99,4648.13,4712.31,107070842.0
2022-01-27,4708.1,4708.44,4616.03,4619.88,121263804.0
2022-01-28,4641.81,4660.52,4559.83,4563.77,126480112.0
2022-02-07,4638.58,4672.65,4615.01,4634.09,144849720.0
2022-02-08,4626.44,4626.44,4522.47,4608.77,155830708.0
2022-02-09,4608.15,4659.46,4595.28,4652.06,148335547.0
2022-02-10,4657.21,4657.21,4608.09,4639.86,151576666.0
2022-02-11,4617.87,4662.6,4595.88,4601.4,155974584.0
2022-02-14,4579.42,4593.63,4530.06,4551.69,143673894.0
2022-02-15,4553.81,4601.45,4550.54,4600.1,115025600.0
2022-02-16,4619.85,4643.1,4607.22,4617.99,107258955.0
2022-02-17,4616.9,4650.16,4606.95,4629.16,110014643.0
2022-02-18,4604.57,4651.34,4598.1,4651.24,104550228.0
2022-02-21,4646.05,4646.67,4613.3,4634.31,112516512.0
2022-02-22,4601.92,4602.07,4550.8,4574.15,123317237.0
2022-02-23,4582.01,4625.3,4579.29,4623.05,122952916.0
2022-02-24,4592.07,4610.88,4488.48,4529.32,184403058.0
2022-02-25,4564.63,4611.86,4561.9,4573.42,149722583.0
2022-02-28,4563.74,4581.65,4530.68,4581.65,135406978.0
2022-03-01,4597.86,4623.43,4583.92,4619.69,123139220.0
2022-03-02,4594.02,4594.02,4558.44,4578.6,113298325.0
2022-03-03,4595.02,4599.4,4544.43,4551.63,138285877.0
2022-03-04,4513.36,4539.39,4481.49,4496.43,127266806.0
2022-03-07,4462.52,4462.52,4338.3,4352.78,162197706.0
2022-03-08,4361.64,4383.65,4252.54,4265.39,167863277.0
2022-03-09,4280.98,4304.48,4068.19,4226.35,194232900.0
2022-03-10,4326.2,4335.67,4288.51,4292.84,145266383.0
2022-03-11,4231.2,4316.04,4176.45,4306.52,152399921.0
2022-03-14,4248.15,4280.36,4174.76,4174.76,130187236.0
2022-03-15,4125.49,4163.42,3983.81,3983.81,202524699.0
2022-03-16,4053.1,4168.59,3942.86,4156.08,196021982.0
2022-03-17,4237.67,4302.74,4217.8,4237.7,179407344.0
2022-03-18,4218.47,4283.37,4194.94,4265.9,149458305.0
2022-03-21,4280.14,4287.82,4223.02,4258.75,127036360.0
2022-03-22,4252.57,4283.33,4236.69,4255.3,126382470.0
2022-03-23,4269.61,4287.58,4241.96,4276.52,117089078.0
2022-03-24,4249.53,4273.96,4216.85,4251.31,108918272.0
2022-03-25,4249.07,4254.84,4173.93,4174.57,108808046.0
2022-03-28,4128.84,4174.12,4091.3,4148.47,118449021.0
2022-03-29,4155.42,4177.21,4124.72,4134.14,100266972.0
2022-03-30,4162.17,4254.1,4160.74,4254.1,138346024.0
2022-03-31,4234.72,4247.36,4214.54,4222.6,134029185.0
2022-04-01,4198.82,4290.67,4190.08,4276.16,133803053.0
2022-04-06,4258.83,4277.52,4236.73,4263.84,159062195.0
2022-04-07,4240.02,4278.11,4205.74,4209.1,134880353.0
2022-04-08,4213.21,4237.81,4175.53,4230.77,142843793.0
2022-04-11,4203.79,4203.79,4089.09,4100.07,148197071.0
2022-04-12,4102.97,4179.97,4075.8,4179.97,144285684.0
2022-04-13,4154.41,4194.04,4139.74,4139.74,125097489.0
2022-04-14,4172.64,4217.06,4155.55,4191.57,124791316.0
2022-04-15,4162.37,4211.32,4152.97,4188.75,124762263.0
2022-04-18,4152.93,4171.74,4119.99,4166.38,117504610.0
2022-04-19,4161.93,4186.94,4115.42,4134.9,110217471.0
2022-04-20,4130.54,4136.17,4060.5,4070.79,117331658.0
2022-04-21,4048.73,4086.44,3978.37,3995.83,132783828.0
2022-04-22,3967.2,4037.08,3953.72,4013.25,122101811.0
2022-04-25,3933.45,3958.21,3814.91,3814.91,168364502.0
2022-04-26,3822.49,3871.85,3773.9,3784.12,157577611.0
2022-04-27,3758.08,3895.73,3757.09,3895.54,172734046.0
2022-04-28,3883.42,3943.43,3873.58,3921.11,153056586.0
2022-04-29,3939.62,4017.43,3898.57,4016.24,179458377.0
2022-05-05,3995.35,4039.7,3988.93,4010.21,154170716.0
2022-05-06,3928.85,3947.24,3902.05,3908.82,123005551.0
2022-05-09,3883.95,3914.11,3854.94,3877.44,92936694.0
2022-05-10,3820.63,3932.68,3808.57,3919.87,136416918.0
2022-05-11,3917.93,4033.3,3916.52,3976.42,165632256.0
2022-05-12,3949.95,3985.93,3935.59,3958.74,113376066.0
2022-05-13,3983.82,4003.85,3957.14,3988.6,109968357.0
2022-05-16,4015.0,4018.03,3947.75,3956.54,112425294.0
2022-05-17,3961.76,4005.89,3955.1,4005.89,109661454.0
2022-05-18,4015.01,4017.34,3964.75,3991.91,108074233.0
2022-05-19,3938.3,3999.6,3933.75,3999.6,116293420.0
2022-05-20,4020.82,4077.6,4020.82,4077.6,147069173.0
2022-05-23,4080.97,4080.97,4029.08,4053.98,130477810.0
2022-05-24,4052.87,4055.78,3959.15,3959.15,145554336.0
2022-05-25,3959.77,3983.62,3946.81,3983.18,107734015.0
2022-05-26,3987.68,4015.75,3938.24,3993.04,126263689.0
2022-05-27,4022.71,4051.14,3983.38,4001.3,112769337.0
2022-05-30,4020.86,4040.82,4003.38,4029.02,111152241.0
2022-05-31,4031.76,4096.2,4020.38,4091.52,135415513.0
2022-06-01,4086.62,4094.9,4058.85,4083.18,114850879.0
2022-06-02,4064.0,4091.15,4057.91,4089.57,113893638.0
2022-06-06,4090.53,4166.62,4063.91,4166.09,167871011.0
2022-06-07,4165.69,4198.09,4155.17,4179.13,142992881.0
2022-06-08,4187.15,4224.81,4158.03,4219.81,157374057.0
2022-06-09,4211.72,4227.45,4160.88,4175.67,168449154.0
2022-06-10,4145.65,4241.35,4140.22,4238.99,184796214.0
2022-06-13,4194.46,4218.23,4156.71,4189.35,168475622.0
2022-06-14,4143.22,4224.09,4102.93,4222.31,171385904.0
2022-06-15,4228.29,4348.42,4228.29,4278.22,257046590.0
2022-06-16,4282.08,4302.92,4241.08,4250.06,184074416.0
2022-06-17,4219.23,4318.77,4218.68,4309.04,158649098.0
2022-06-20,4322.83,4368.36,4297.89,4330.43,165666382.0
2022-06-21,4327.92,4357.34,4287.14,4325.57,164667615.0
2022-06-22,4331.9,4333.18,4269.25,4270.62,158565854.0
2022-06-23,4277.96,4343.88,4260.9,4343.88,170882360.0
2022-06-24,4354.55,4400.69,4346.12,4394.77,168972199.0
2022-06-27,4414.33,4472.69,4414.33,4444.26,177385676.0
2022-06-28,4442.58,4497.89,4407.35,4490.52,174756489.0
2022-06-29,4472.73,4503.13,4414.0,4421.36,187276688.0
2022-06-30,4418.07,4515.0,4418.07,4485.01,156666289.0
2022-07-01,4489.52,4500.99,4449.29,4466.72,144779599.0
2022-07-04,4447.22,4496.03,4427.82,4496.03,146345651.0
2022-07-05,4505.46,4530.32,4439.45,4489.54,154962415.0
2022-07-06,4475.48,4484.36,4393.42,4423.97,149800235.0
2022-07-07,4425.28,4457.34,4391.19,4443.47,132660906.0
2022-07-08,4468.06,4479.49,4426.89,4428.78,123195739.0
2022-07-11,4406.15,4406.15,4330.58,4354.62,134448578.0
2022-07-12,4352.65,4370.34,4296.62,4313.62,130187838.0
2022-07-13,4313.36,4341.47,4284.94,4321.46,131113179.0
2022-07-14,4308.82,4352.1,4292.76,4322.07,145250926.0
2022-07-15,4299.47,4344.86,4248.53,4248.53,150214453.0
2022-07-18,4262.15,4300.78,4217.51,4292.59,122601192.0
2022-07-19,4288.44,4288.44,4238.82,4269.34,103805730.0
2022-07-20,4291.28,4303.37,4269.97,4283.8,94490144.0
2022-07-21,4270.36,4283.15,4236.05,4236.06,117156344.0
2022-07-22,4251.79,4275.47,4207.31,4238.23,103840624.0
2022-07-25,4233.93,4234.84,4201.92,4212.64,83636664.0
2022-07-26,4220.09,4259.99,4214.53,4245.98,85823274.0
2022-07-27,4236.15,4242.1,4217.28,4225.04,78904940.0
2022-07-28,4242.27,4267.92,4223.03,4225.67,107531930.0
2022-07-29,4226.42,4243.51,4160.87,4170.1,114179286.0
2022-08-01,4160.65,4196.57,4129.45,4188.68,107749029.0
2022-08-02,4144.38,4144.38,4071.43,4107.02,142224425.0
2022-08-03,4114.83,4150.98,4058.18,4066.98,116666124.0
2022-08-04,4089.44,4108.16,4064.66,4101.54,89532644.0
2022-08-05,4109.63,4159.49,4097.86,4156.91,102571004.0
2022-08-08,4142.11,4155.73,4135.08,4148.07,90208138.0
2022-08-09,4143.67,4161.81,4131.43,4156.29,84136959.0
2022-08-10,4149.21,4160.79,4092.55,4109.74,85565839.0
2022-08-11,4130.74,4193.81,4116.06,4193.54,121385051.0
2022-08-12,4185.42,4202.47,4175.05,4191.15,106808295.0
2022-08-15,4180.0,4219.92,4174.3,4185.68,105898495.0
2022-08-16,4190.53,4208.8,4170.52,4177.84,93906139.0
2022-08-17,4182.57,4222.79,4155.17,4216.96,112864659.0
2022-08-18,4205.79,4211.91,4173.54,4180.1,101052650.0
2022-08-19,4174.55,4185.66,4151.07,4151.07,117402978.0
2022-08-22,4135.16,4183.65,4134.2,4181.4,112442720.0
2022-08-23,4175.53,4187.39,4147.41,4161.08,103153512.0
2022-08-24,4168.58,4174.16,4079.09,4082.42,119069679.0
2022-08-25,4093.29,4119.62,4058.75,4116.24,111320745.0
2022-08-26,4127.81,4139.79,4102.68,4107.55,99000493.0
2022-08-29,4063.88,4092.95,4059.6,4089.52,94354432.0
2022-08-30,4088.53,4093.14,4048.52,4075.79,93301662.0
2022-08-31,4057.14,4112.85,4046.62,4078.84,132449765.0
2022-09-01,4066.19,4090.89,4041.13,4043.74,97387071.0
2022-09-02,4054.84,4056.18,4004.91,4023.61,86789278.0
2022-09-05,4010.41,4017.0,3982.74,4015.43,93767109.0
2022-09-06,4024.47,4054.0,4009.58,4052.28,113506265.0
2022-09-07,4032.72,4067.54,4028.37,4054.98,107678059.0
2022-09-08,4059.17,4067.76,4036.02,4037.68,100886049.0
2022-09-09,4050.59,4099.01,4042.25,4093.79,118427114.0
2022-09-13,4112.01,4128.11,4097.14,4111.11,111789737.0
2022-09-14,4058.04,4089.06,4047.92,4065.36,90793681.0
2022-09-15,4078.65,4088.81,3998.86,4027.12,123951196.0
2022-09-16,4013.58,4019.41,3932.68,3932.68,137193655.0
2022-09-19,3928.42,3953.65,3910.31,3928.0,97719575.0
2022-09-20,3945.65,3957.55,3921.69,3932.84,84824134.0
2022-09-21,3921.32,3924.39,3884.23,3903.73,86458391.0
2022-09-22,3875.18,3900.27,3860.23,3869.34,80946919.0
2022-09-23,3865.1,3888.4,3829.69,3856.02,94342462.0
2022-09-26,3829.6,3893.32,3827.95,3836.68,104526031.0
2022-09-27,3844.07,3893.03,3827.93,3892.3,88860160.0
2022-09-28,3879.44,3879.44,3828.05,3828.71,86592213.0
2022-09-29,3864.32,3873.18,3808.65,3827.14,85654142.0
2022-09-30,3833.35,3848.6,3801.28,3804.89,78559966.0
2022-10-10,3806.56,3807.46,3715.71,3720.94,102647595.0
2022-10-11,3732.02,3739.81,3706.06,3727.69,83944625.0
2022-10-12,3722.87,3784.31,3661.53,3784.31,108089319.0
2022-10-13,3756.42,3783.6,3749.64,3752.67,99018915.0
2022-10-14,3783.32,3863.23,3780.84,3842.47,116242293.0
2022-10-17,3822.24,3849.62,3809.12,3846.41,104192019.0
2022-10-18,3865.83,3870.22,3831.17,3838.27,88346907.0
2022-10-19,3827.47,3840.49,3776.53,3776.53,81574844.0
2022-10-20,3746.58,3804.25,3726.79,3754.93,90290895.0
2022-10-21,3753.89,3768.69,3724.69,3742.89,98750038.0
2022-10-24,3727.92,3762.16,3619.99,3633.37,130056864.0
2022-10-25,3621.94,3670.73,3594.7,3627.45,110953882.0
2022-10-26,3633.31,3700.88,3633.31,3656.9,121301548.0
2022-10-27,3667.66,3685.08,3631.06,3631.14,117998675.0
2022-10-28,3605.16,3618.86,3533.5,3541.33,118772162.0
2022-10-31,3504.51,3553.39,3495.95,3508.7,138465655.0
2022-11-01,3519.82,3634.17,3517.62,3634.17,149286698.0
2022-11-02,3620.37,3703.47,3610.8,3677.81,141592919.0
2022-11-03,3645.06,3670.16,3628.5,3647.9,110566035.0
2022-11-04,3646.77,3782.88,3646.77,3767.17,149734949.0
2022-11-07,3754.52,3792.79,3746.37,3775.3,129826371.0
2022-11-08,3773.66,3779.12,3723.34,3749.33,99016451.0
2022-11-09,3750.78,3760.41,3711.27,3714.27,89434525.0
2022-11-10,3685.83,3701.53,3665.06,3685.69,103509302.0
2022-11-11,3787.76,3828.9,3747.09,3788.44,189685586.0
2022-11-14,3818.14,3848.41,3781.78,3794.02,169665048.0
2022-11-15,3788.93,3871.64,3775.5,3865.97,151515650.0
2022-11-16,3860.81,3877.68,3829.31,3834.39,120610964.0
2022-11-17,3821.27,3821.74,3776.57,3818.66,105940632.0
2022-11-18,3823.82,3840.3,3801.57,3801.57,115078777.0
2022-11-21,3769.63,3769.87,3734.0,3769.13,95866966.0
2022-11-22,3766.08,3809.86,3751.04,3769.57,144486334.0
2022-11-23,3760.22,3791.18,3753.21,3773.53,144527911.0
2022-11-24,3791.54,3804.9,3751.38,3756.81,101073447.0
2022-11-25,3751.28,3790.57,3743.41,3775.78,142929711.0
2022-11-28,3701.9,3736.08,3672.13,3733.24,127825748.0
2022-11-29,3766.57,3854.77,3766.57,3848.42,178701392.0
2022-11-30,3836.56,3867.66,3833.83,3853.04,157511400.0
2022-12-01,3921.3,3944.56,3893.87,3894.77,169964585.0
2022-12-02,3886.4,3898.11,3865.88,3870.95,116786350.0
2022-12-05,3907.64,3947.48,3900.67,3946.88,201747221.0
2022-12-06,3929.01,3988.9,3923.0,3968.2,155108323.0
2022-12-07,3956.67,3999.59,3944.18,3958.44,143001356.0
2022-12-08,3953.2,3971.49,3941.3,3959.18,115199986.0
2022-12-09,3961.99,4003.32,3944.44,3998.24,153774954.0
2022-12-12,3976.17,3983.43,3950.32,3953.44,125935368.0
2022-12-13,3953.55,3964.4,3939.98,3945.68,100994100.0
2022-12-14,3952.79,3972.74,3935.77,3954.89,98528006.0
2022-12-15,3954.67,3963.5,3926.5,3951.99,88864725.0
2022-12-16,3931.23,3960.47,3929.49,3954.23,93178567.0
2022-12-19,3952.77,3966.57,3878.44,3893.22,106919075.0
2022-12-20,3881.23,3881.27,3811.48,3829.02,83096822.0
2022-12-21,3839.0,3853.73,3821.4,3830.54,64839215.0
2022-12-22,3859.2,3882.13,3821.34,3836.03,83705173.0
2022-12-23,3811.62,3848.34,3805.95,3828.22,65278148.0
2022-12-26,3830.57,3856.81,3827.52,3843.49,73005712.0
2022-12-27,3860.91,3891.85,3856.58,3887.85,77515350.0
2022-12-28,3874.91,3884.72,3854.94,3871.26,84424656.0
2022-12-29,3854.24,3868.29,3838.48,3856.7,79394815.0
2022-12-30,3873.94,3887.55,3868.76,3871.63,78773272.0
2023-01-03,3864.84,3893.99,3831.25,3887.9,115051875.0
2023-01-04,3886.25,3905.9,3873.65,3892.95,110660743.0
2023-01-05,3913.49,3974.88,3912.26,3968.58,116502395.0
2023-01-06,3969.55,4000.41,3966.47,3980.89,110953038.0
2023-01-09,3998.53,4023.09,3990.71,4013.12,117054425.0
2023-01-10,4014.71,4030.46,4002.23,4017.47,101751141.0
2023-01-11,4019.88,4043.4,4008.02,4010.03,99997889.0
2023-01-12,4021.75,4030.29,4003.51,4017.87,90552627.0
2023-01-13,4032.29,4074.38,4027.89,4074.38,95871896.0
2023-01-16,4077.88,4177.1,4076.64,4137.96,151395455.0
2023-01-17,4138.84,4148.58,4118.16,4137.24,95479040.0
2023-01-18,4140.1,4151.46,4125.77,4130.31,84200645.0
2023-01-19,4125.58,4156.01,4105.98,4156.01,94608398.0
2023-01-20,4166.84,4189.83,4161.67,4181.53,123553809.0
2023-01-30,4267.62,4268.15,4197.86,4201.35,164607064.0
2023-01-31,4200.58,4212.73,4153.05,4156.86,124550835.0
2023-02-01,4170.13,4195.93,4137.77,4195.93,141008954.0
2023-02-02,4207.41,4207.41,4170.56,4181.15,133823736.0
2023-02-03,4162.03,4162.03,4103.17,4141.63,117041221.0
2023-02-06,4103.83,4105.94,4065.22,4086.88,110192717.0
2023-02-07,4098.31,4107.34,4077.96,4094.23,91360072.0
2023-02-08,4099.86,4111.47,4072.65,4076.14,84786099.0
2023-02-09,4067.56,4130.86,4064.75,4130.86,102289961.0
2023-02-10,4124.1,4125.29,4092.35,4106.31,96716733.0
2023-02-13,4098.88,4146.45,4092.27,4143.57,128892577.0
2023-02-14,4151.25,4152.05,4125.26,4145.29,102499890.0
2023-02-15,4146.85,4153.72,4115.97,4123.69,121664508.0
2023-02-16,4125.41,4167.9,4068.86,4093.49,159310585.0
2023-02-17,4086.22,4104.64,4032.93,4034.51,116142589.0
2023-02-20,4039.96,4134.86,4035.48,4133.49,161794481.0
2023-02-21,4130.06,4151.8,4116.27,4144.35,145776173.0
2023-02-22,4118.97,4134.88,4101.86,4106.95,104290295.0
2023-02-23,4106.21,4132.39,4088.21,4103.65,103564906.0
2023-02-24,4100.99,4102.61,4048.24,4061.05,100989425.0
2023-02-27,4040.46,4067.03,4034.52,4043.84,93787630.0
2023-02-28,4058.13,4074.26,4026.45,4069.46,110323591.0
2023-03-01,4068.73,4135.48,4061.22,4126.94,156015794.0
2023-03-02,4119.99,4137.25,4113.83,4117.74,148217637.0
2023-03-03,4126.02,4135.21,4100.38,4130.55,160331741.0
2023-03-06,4131.15,4132.84,4088.45,4109.01,162971807.0
2023-03-07,4103.64,4124.96,4046.57,4048.85,195912068.0
2023-03-08,4030.74,4037.29,4011.52,4034.11,117936493.0
2023-03-09,4035.84,4043.85,4000.89,4019.85,116539629.0
2023-03-10,3991.8,4004.36,3966.43,3967.14,123855409.0
2023-03-13,3962.64,4008.69,3962.64,4008.69,143561370.0
2023-03-14,3999.88,4001.94,3946.94,3984.7,150544174.0
2023-03-15,4011.84,4018.75,3986.9,3986.9,142026007.0
2023-03-16,3958.2,3981.32,3936.48,3939.15,152515644.0
2023-03-17,3971.16,4004.22,3945.25,3958.82,177433818.0
2023-03-20,3962.66,3979.55,3935.02,3939.08,205264970.0
2023-03-21,3948.16,3982.7,3948.16,3982.38,145090679.0
2023-03-22,3993.78,4016.45,3986.71,3999.44,149228970.0
2023-03-23,3985.99,4039.09,3984.0,4039.09,158887421.0
2023-03-24,4035.16,4037.84,4017.0,4027.05,159442330.0
2023-03-27,4023.3,4023.3,3987.03,4012.48,168482279.0
2023-03-28,4015.7,4023.78,3994.6,3999.51,131895117.0
2023-03-29,4013.59,4017.76,3992.67,4006.14,133743510.0
2023-03-30,4009.56,4040.5,3983.9,4038.53,149901037.0
2023-03-31,4045.45,4063.57,4039.96,4050.93,138842546.0
2023-04-03,4059.62,4094.94,4059.06,4090.57,182124313.0
2023-04-04,4089.29,4103.16,4080.07,4103.11,197146631.0
2023-04-06,4084.13,4098.83,4078.4,4096.64,150703374.0
2023-04-07,4096.9,4131.31,4092.18,4123.28,128676738.0
2023-04-10,4132.01,4132.3,4099.05,4104.81,152453002.0
2023-04-11,4108.51,4116.12,4083.49,4100.15,153901333.0
2023-04-12,4102.4,4108.25,4090.28,4097.29,165965278.0
2023-04-13,4081.39,4088.88,4059.57,4068.98,156444295.0
2023-04-14,4078.97,4098.22,4075.2,4092.0,150695682.0
2023-04-17,4090.07,4149.38,4089.51,4149.38,188773095.0
2023-04-18,4139.31,4169.67,4138.46,4162.03,170184130.0
2023-04-19,4159.39,4159.39,4118.63,4124.56,162554592.0
2023-04-20,4122.95,4125.82,4094.0,4113.02,162706677.0
2023-04-21,4114.26,4114.26,4031.91,4032.57,180802435.0
2023-04-24,4031.3,4033.64,3967.91,3982.64,170099217.0
2023-04-25,3985.11,3991.69,3925.44,3962.67,172555409.0
2023-04-26,3950.26,3975.66,3934.66,3959.23,162702006.0
2023-04-27,3948.03,3999.13,3942.82,3988.42,153828195.0
2023-04-28,3993.26,4030.45,3993.26,4029.09,179508488.0
2023-05-04,4013.47,4035.78,4001.13,4030.25,227582846.0
2023-05-05,4031.09,4047.6,3998.39,4016.88,206626924.0
2023-05-08,4028.11,4070.77,4018.96,4062.66,255583085.0
2023-05-09,4065.44,4092.85,4026.39,4027.88,279306048.0
2023-05-10,4017.94,4019.06,3984.63,3996.87,207552709.0
2023-05-11,4005.78,4018.06,3988.48,3990.66,144804619.0
2023-05-12,3987.77,3999.38,3937.53,3937.76,144421728.0
2023-05-15,3938.83,3998.89,3923.03,3998.89,176257362.0
2023-05-16,4002.52,4005.02,3966.99,3978.21,136833271.0
2023-05-17,3971.7,3982.6,3945.71,3960.17,118448185.0
2023-05-18,3965.52,3982.72,3939.55,3956.07,136533947.0
2023-05-19,3946.22,3967.28,3928.32,3944.54,120212479.0
2023-05-22,3941.0,3985.4,3935.8,3969.33,109116605.0
2023-05-23,3968.23,3971.94,3913.19,3913.19,118685077.0
2023-05-24,3903.78,3903.78,3859.09,3859.09,137258265.0
2023-05-25,3851.41,3861.38,3817.84,3850.5,124150770.0
2023-05-26,3848.42,3859.63,3815.57,3850.95,100326439.0
2023-05-29,3862.08,3866.72,3819.18,3833.94,131859967.0
2023-05-30,3827.79,3844.01,3789.27,3837.75,137619629.0
2023-05-31,3827.16,3827.16,3781.4,3798.54,126387368.0
2023-06-01,3788.59,3832.21,3786.73,3806.87,134561881.0
2023-06-02,3821.62,3865.28,3821.62,3861.83,125015110.0
2023-06-05,3860.56,3860.56,3832.46,3844.25,116163989.0
2023-06-06,3840.46,3867.85,3802.84,3808.16,125781258.0
2023-06-07,3815.48,3823.11,3780.1,3789.34,98862432.0
2023-06-08,3791.08,3834.39,3777.78,3820.19,118700934.0
2023-06-09,3822.41,3836.7,3811.22,3836.7,134319863.0
2023-06-12,3827.33,3859.72,3813.86,3844.43,126758543.0
2023-06-13,3838.13,3867.3,3833.46,3864.91,110924946.0
2023-06-14,3872.72,3891.67,3862.06,3864.02,124955759.0
2023-06-15,3871.77,3925.5,3871.77,3925.5,128369938.0
2023-06-16,3932.21,3968.01,3928.54,3963.35,139760076.0
2023-06-19,3957.03,3957.03,3922.47,3930.91,134905848.0
2023-06-20,3926.09,3937.49,3918.47,3924.24,122520318.0
2023-06-21,3909.1,3920.13,3864.03,3864.03,118346575.0
2023-06-26,3833.44,3841.29,3801.05,3809.7,133990419.0
2023-06-27,3811.69,3851.9,3806.32,3845.43,116992681.0
2023-06-28,3836.61,3846.85,3808.16,3840.8,107021541.0
2023-06-29,3836.73,3840.71,3817.38,3821.84,98289274.0
2023-06-30,3816.33,3860.03,3813.55,3842.45,101268429.0
2023-07-03,3853.29,3897.33,3853.29,3892.88,133158051.0
2023-07-04,3888.03,3899.98,3878.4,3899.01,109494527.0
2023-07-05,3895.19,3899.52,3864.13,3868.81,97636384.0
2023-07-06,3857.03,3876.89,3836.46,3842.75,100121842.0
2023-07-07,3831.6,3844.84,3819.08,3825.7,100906920.0
2023-07-10,3841.56,3865.46,3831.92,3844.33,92033441.0
2023-07-11,3853.8,3870.65,3844.52,3869.49,86510716.0
2023-07-12,3864.6,3874.04,3838.56,3843.44,111522024.0
2023-07-13,3855.66,3901.1,3855.66,3898.42,120300232.0
2023-07-14,3904.6,3908.49,3893.79,3899.1,122364846.0
2023-07-17,3881.62,3881.62,3852.26,3867.17,98340144.0
2023-07-18,3871.04,3871.04,3844.51,3854.94,91438615.0
2023-07-19,3848.48,3860.01,3830.41,3850.87,79585700.0
2023-07-20,3857.77,3875.62,3818.71,3823.69,92042076.0
2023-07-21,3816.98,3849.51,3808.8,3821.91,79507563.0
2023-07-24,3803.35,3828.79,3798.8,3805.22,75483545.0
2023-07-25,3866.64,3915.81,3866.64,3915.12,163066320.0
2023-07-26,3908.17,3912.98,3893.4,3907.01,107881717.0
2023-07-27,3914.23,3935.36,3894.69,3902.35,110667109.0
2023-07-28,3889.79,4000.92,3886.55,3992.74,179735481.0
2023-07-31,4018.89,4064.36,4002.08,4014.63,199606830.0
2023-08-01,4009.18,4031.7,3983.03,3998.0,142286859.0
2023-08-02,3985.7,4008.33,3958.51,3969.9,125855690.0
2023-08-03,3962.13,4005.0,3962.13,4004.98,129006640.0
2023-08-04,4033.72,4058.24,4011.62,4020.58,178267189.0
2023-08-07,4002.97,4002.97,3977.02,3990.15,121310662.0
2023-08-08,3980.04,4002.29,3963.46,3979.73,109871699.0
2023-08-09,3967.36,3982.11,3961.84,3967.57,94640269.0
2023-08-10,3962.86,3976.46,3945.39,3975.72,97176849.0
2023-08-11,3977.98,3977.98,3884.25,3884.25,126082931.0
2023-08-14,3840.89,3859.47,3814.07,3855.91,115966336.0
2023-08-15,3858.37,3865.28,3811.68,3846.54,103097111.0
2023-08-16,3830.83,3852.42,3817.63,3818.33,94616946.0
2023-08-17,3801.2,3836.15,3782.5,3831.1,98415493.0
2023-08-18,3832.46,3844.2,3784.0,3784.0,95549638.0
2023-08-21,3773.23,3782.11,3729.56,3729.56,98708369.0
2023-08-22,3748.07,3770.06,3704.68,3758.23,120318327.0
2023-08-23,3751.77,3756.17,3695.03,3696.63,97081638.0
2023-08-24,3711.54,3748.86,3701.57,3723.43,119614521.0
2023-08-25,3703.51,3734.22,3695.84,3709.15,105182610.0
2023-08-28,3911.55,3911.55,3740.53,3752.62,197990379.0
2023-08-29,3743.05,3810.38,3742.08,3790.11,152486146.0
2023-08-30,3803.12,3813.7,3780.24,3788.51,129671661.0
2023-08-31,3786.93,3794.0,3762.0,3765.27,118961646.0
2023-09-01,3778.91,3808.53,3778.91,3791.49,105319045.0
2023-09-04,3812.99,3854.26,3804.59,3848.95,142385201.0
2023-09-05,3839.58,3839.58,3814.33,3820.32,104052333.0
2023-09-06,3808.1,3817.52,3790.89,3812.03,93442393.0
2023-09-07,3802.23,3802.23,3756.85,3758.47,95103903.0
2023-09-08,3747.65,3753.26,3724.99,3739.99,71638166.0
2023-09-11,3740.58,3788.32,3734.72,3767.54,105358016.0
2023-09-12,3764.33,3775.09,3755.42,3760.6,79385378.0
2023-09-13,3759.61,3768.82,3719.11,3736.65,81576901.0
2023-09-14,3736.94,3748.82,3717.31,3733.51,100386075.0
2023-09-15,3740.79,3749.02,3699.38,3708.78,109395689.0
2023-09-18,3698.93,3737.53,3691.11,3727.71,86727741.0
2023-09-19,3723.42,3724.07,3702.69,3720.5,83199038.0
2023-09-20,3715.96,3718.52,3705.13,3705.69,75448209.0
2023-09-21,3698.31,3708.46,3672.44,3672.44,83031005.0
2023-09-22,3672.64,3740.42,3664.77,3738.93,110231166.0
2023-09-25,3738.06,3738.06,3711.2,3714.6,92596479.0
2023-09-26,3711.71,3723.85,3692.62,3692.89,78044525.0
2023-09-27,3694.96,3731.14,3694.39,3700.5,91629210.0
2023-09-28,3711.21,3716.06,3685.3,3689.52,85221719.0
2023-10-09,3678.93,3694.17,3642.0,3684.73,102148058.0
2023-10-10,3696.25,3701.26,3655.59,3657.13,99163730.0
2023-10-11,3674.75,3689.53,3658.36,3667.55,102091587.0
2023-10-12,3697.93,3711.5,3682.84,3702.38,114363225.0
2023-10-13,3677.96,3678.19,3652.31,3663.41,98287987.0
2023-10-16,3664.04,3664.04,3615.77,3626.6,91853118.0
2023-10-17,3635.3,3645.57,3619.13,3639.4,90745188.0
2023-10-18,3631.07,3632.06,3608.98,3610.58,94545879.0
2023-10-19,3588.52,3588.52,3532.31,3533.54,111737520.0
2023-10-20,3518.35,3535.66,3501.73,3510.59,98518605.0
2023-10-23,3500.2,3505.35,3450.65,3474.24,96561652.0
2023-10-24,3481.76,3495.0,3453.1,3487.13,115547289.0
2023-10-25,3524.3,3531.83,3500.92,3504.46,128009617.0
2023-10-26,3484.78,3515.57,3478.05,3514.14,105143566.0
2023-10-27,3501.17,3576.59,3494.55,3562.39,120225108.0
2023-10-30,3554.11,3592.72,3554.02,3583.77,144010426.0
2023-10-31,3581.68,3581.68,3554.58,3572.51,112587267.0
2023-11-01,3605.76,3606.41,3564.64,3571.03,97645538.0
2023-11-02,3580.07,3597.17,3553.74,3554.19,90359643.0
2023-11-03,3558.53,3596.1,3558.53,3584.14,97542101.0
2023-11-06,3608.32,3635.79,3600.63,3632.61,152982463.0
2023-11-07,3623.78,3628.46,3606.3,3619.76,110288591.0
2023-11-08,3610.64,3627.05,3591.82,3611.07,110594230.0
2023-11-09,3603.11,3624.41,3601.37,3612.83,111872057.0
2023-11-10,3596.07,3599.45,3576.1,3586.49,102107034.0
2023-11-13,3593.91,3599.39,3562.77,3579.41,96707649.0
2023-11-14,3581.1,3600.15,3568.88,3582.06,100884158.0
2023-11-15,3616.88,3620.6,3596.92,3607.25,104929218.0
2023-11-16,3600.98,3605.29,3572.36,3572.36,87464780.0
2023-11-17,3561.31,3573.68,3547.03,3568.07,87319207.0
2023-11-20,3569.73,3586.97,3545.1,3576.32,91080445.0
2023-11-21,3587.88,3615.06,3575.68,3581.07,108594314.0
2023-11-22,3569.44,3574.38,3544.42,3544.42,84784381.0
2023-11-23,3541.44,3562.07,3529.94,3561.52,84800167.0
2023-11-24,3560.65,3560.65,3534.0,3538.01,85018403.0
2023-11-27,3534.44,3534.44,3492.86,3511.94,99102314.0
2023-11-28,3510.66,3521.05,3501.11,3518.52,89335789.0
2023-11-29,3518.88,3519.2,3482.24,3488.31,98841412.0
2023-11-30,3485.52,3505.13,3481.45,3496.2,101350820.0
2023-12-01,3494.22,3494.22,3452.17,3482.88,108530941.0
2023-12-04,3481.04,3488.13,3459.61,3460.14,97156826.0
2023-12-05,3450.09,3450.09,3393.81,3394.26,100472007.0
2023-12-06,3387.88,3420.28,3382.95,3399.6,105805519.0
2023-12-07,3394.31,3404.41,3369.77,3391.28,97713248.0
2023-12-08,3391.86,3409.38,3383.45,3399.46,129522054.0
2023-12-11,3378.05,3426.61,3346.89,3419.45,139626249.0
2023-12-12,3410.0,3427.55,3406.1,3426.8,105590013.0
2023-12-13,3418.64,3418.64,3369.61,3369.61,95285367.0
2023-12-14,3387.38,3399.14,3350.76,3351.96,83655135.0
2023-12-15,3365.94,3388.5,3339.52,3341.55,97787783.0
2023-12-18,3329.19,3352.35,3314.91,3329.37,90526826.0
2023-12-19,3325.66,3345.78,3313.19,3334.04,83808118.0
2023-12-20,3334.33,3338.54,3297.37,3297.5,92412868.0
2023-12-21,3285.6,3339.36,3283.99,3330.87,102546198.0
2023-12-22,3329.47,3359.06,3315.9,3337.23,105220133.0
2023-12-25,3330.33,3348.88,3330.33,3347.45,74542693.0
2023-12-26,3345.4,3345.42,3315.94,3324.79,74732935.0
2023-12-27,3326.93,3341.27,3309.67,3336.36,94403928.0
2023-12-28,3335.56,3423.4,3331.21,3414.54,148064851.0
2023-12-29,3411.11,3432.54,3409.58,3431.11,114928932.0
2024-01-02,3426.27,3426.27,3386.35,3386.35,116180726.0
2024-01-03,3379.75,3392.85,3362.66,3378.3,105613851.0
2024-01-04,3375.02,3375.02,3323.86,3347.05,106721013.0
2024-01-05,3341.31,3372.54,3313.55,3329.11,126400574.0
2024-01-08,3322.61,3333.52,3283.34,3286.06,117429485.0
2024-01-09,3286.71,3304.6,3273.84,3292.5,109330465.0
2024-01-10,3281.67,3312.92,3268.25,3277.13,94199366.0
2024-01-11,3275.31,3311.11,3266.79,3295.67,108789735.0
2024-01-12,3284.36,3310.47,3279.7,3284.17,96853555.0
2024-01-15,3270.1,3306.92,3261.27,3280.92,88851530.0
2024-01-16,3272.57,3300.88,3260.44,3300.88,113276665.0
2024-01-17,3291.14,3291.14,3229.08,3229.08,108769728.0
2024-01-18,3214.28,3279.25,3171.63,3274.73,174909168.0
2024-01-19,3261.24,3286.94,3251.81,3269.78,118501408.0
2024-01-22,3262.47,3281.42,3193.18,3218.9,148705628.0
2024-01-23,3208.43,3249.53,3188.13,3231.93,122012000.0
2024-01-24,3245.96,3281.49,3190.47,3277.11,154371954.0
2024-01-25,3274.34,3344.24,3269.79,3342.92,196833614.0
2024-01-26,3326.65,3351.97,3315.13,3333.82,180664005.0
2024-01-29,3335.39,3351.37,3303.96,3303.96,184164795.0
2024-01-30,3283.9,3300.2,3244.97,3245.04,143649350.0
2024-01-31,3231.54,3252.15,3201.93,3215.35,153143469.0
2024-02-01,3202.26,3251.76,3191.9,3217.71,145516792.0
2024-02-02,3219.87,3235.41,3108.35,3179.63,173758089.0
2024-02-05,3164.25,3233.85,3111.52,3200.42,203042970.0
2024-02-06,3185.25,3314.51,3182.82,3311.69,202713099.0
2024-02-07,3314.03,3343.63,3289.67,3343.63,216647933.0
2024-02-08,3351.41,3367.21,3336.98,3364.93,189977578.0
2024-02-19,3393.19,3403.81,3364.14,3403.81,183319800.0
2024-02-20,3395.19,3415.89,3380.1,3410.85,140734581.0
2024-02-21,3390.36,3500.13,3383.69,3456.87,188879362.0
2024-02-22,3450.35,3486.68,3448.41,3486.67,141020784.0
2024-02-23,3491.34,3507.56,3472.97,3489.74,144821273.0
2024-02-26,3485.54,3492.61,3445.39,3453.36,151248331.0
2024-02-27,3440.05,3494.79,3437.44,3494.79,139528246.0
2024-02-28,3499.83,3521.66,3450.26,3450.26,189837548.0
2024-02-29,3437.9,3516.08,3437.9,3516.08,155944532.0
2024-03-01,3515.06,3544.36,3503.46,3537.8,162709570.0
2024-03-04,3538.37,3548.69,3519.76,3540.87,163244613.0
2024-03-05,3524.96,3570.69,3519.08,3565.51,166422389.0
2024-03-06,3556.53,3577.39,3545.1,3551.05,143076613.0
2024-03-07,3548.1,3569.92,3522.9,3529.72,148110510.0
2024-03-08,3529.55,3548.51,3511.58,3544.91,125792664.0
2024-03-11,3545.94,3589.26,3542.28,3589.26,148202825.0
2024-03-12,3592.58,3605.7,3574.21,3597.49,180685560.0
2024-03-13,3594.42,3594.42,3563.37,3572.36,144590590.0
2024-03-14,3571.79,3597.46,3545.61,3562.22,140962722.0
2024-03-15,3554.91,3572.81,3533.68,3569.99,138316044.0
2024-03-18,3577.06,3604.05,3573.4,3603.53,160379438.0
2024-03-19,3593.34,3610.74,3577.19,3577.63,145571786.0
2024-03-20,3568.72,3589.55,3568.43,3585.38,129528966.0
2024-03-21,3593.07,3601.11,3575.03,3581.09,130743377.0
2024-03-22,3571.27,3575.72,3522.84,3545.0,139227358.0
2024-03-25,3536.71,3564.96,3525.76,3525.76,137015724.0
2024-03-26,3526.68,3547.65,3518.6,3543.75,126209535.0
2024-03-27,3538.72,3542.96,3502.79,3502.79,128626763.0
2024-03-28,3498.48,3551.21,3489.39,3520.96,143334717.0
2024-03-29,3516.88,3538.24,3516.88,3537.48,128643290.0
2024-04-01,3551.58,3600.92,3551.58,3595.65,162776561.0
2024-04-02,3593.22,3596.19,3568.75,3580.68,141272972.0
2024-04-03,3578.68,3582.43,3558.87,3567.8,135592331.0
2024-04-08,3553.56,3567.82,3535.77,3536.41,155304283.0
2024-04-09,3533.38,3543.71,3518.86,3533.49,129670942.0
2024-04-10,3528.97,3531.23,3490.05,3504.71,128790274.0
2024-04-11,3485.03,3520.59,3484.93,3504.24,126534395.0
2024-04-12,3505.75,3516.7,3470.06,3475.84,128921116.0
2024-04-15,3473.5,3552.41,3473.5,3549.08,183941250.0
2024-04-16,3533.36,3545.5,3503.62,3511.11,176153065.0
2024-04-17,3509.13,3565.94,3498.03,3565.4,168466398.0
2024-04-18,3550.56,3602.79,3547.6,3569.8,178574105.0
2024-04-19,3550.61,3560.95,3529.32,3541.66,147281505.0
2024-04-22,3536.18,3558.16,3528.02,3530.9,150579042.0
2024-04-23,3525.67,3533.76,3499.98,3506.22,143113504.0
2024-04-24,3514.01,3524.54,3495.65,3521.62,121739851.0
2024-04-25,3510.64,3543.97,3505.2,3530.28,115187722.0
2024-04-26,3531.96,3588.4,3531.96,3584.27,197216133.0
2024-04-29,3584.54,3645.82,3578.76,3623.91,222721381.0
2024-04-30,3619.26,3630.71,3604.39,3604.39,191296899.0
2024-05-06,3654.05,3668.26,3645.74,3657.88,208018007.0
2024-05-07,3657.0,3665.68,3648.38,3659.01,164834286.0
2024-05-08,3650.75,3650.94,3628.7,3630.22,130035336.0
2024-05-09,3630.41,3669.76,3630.41,3664.56,146559017.0
2024-05-10,3669.09,3674.61,3641.76,3666.28,150720536.0
2024-05-13,3646.35,3673.62,3634.6,3664.69,157267455.0
2024-05-14,3668.23,3675.78,3646.71,3657.05,133406490.0
2024-05-15,3651.05,3656.53,3624.0,3626.06,123522764.0
2024-05-16,3636.6,3657.48,3626.33,3640.36,154630503.0
2024-05-17,3638.56,3677.97,3627.45,3677.97,164570417.0
2024-05-20,3682.06,3703.03,3677.44,3690.96,184609423.0
2024-05-21,3682.29,3684.61,3665.15,3676.16,130678283.0
2024-05-22,3675.65,3691.88,3667.09,3684.45,151914605.0
2024-05-23,3672.84,3674.37,3633.51,3641.79,142572990.0
2024-05-24,3630.83,3650.87,3599.67,3601.48,124791177.0
2024-05-27,3606.65,3638.15,3603.71,3635.71,131272644.0
2024-05-28,3633.25,3638.97,3605.92,3609.17,123532238.0
2024-05-29,3609.07,3633.2,3602.82,3613.52,115906321.0
2024-05-30,3607.05,3624.04,3586.75,3594.31,122602995.0
2024-05-31,3599.82,3614.64,3579.92,3579.92,112462019.0
2024-06-03,3577.38,3600.6,3567.87,3588.75,141054591.0
2024-06-04,3583.81,3622.5,3580.28,3615.67,124545096.0
2024-06-05,3610.36,3623.32,3594.11,3594.79,110906766.0
2024-06-06,3602.16,3625.01,3584.17,3592.25,137893517.0
2024-06-07,3594.63,3603.07,3552.09,3574.11,131103026.0
2024-06-11,3555.82,3565.31,3525.89,3542.88,134522306.0
2024-06-12,3539.09,3551.17,3531.57,3544.12,122813729.0
2024-06-13,3548.22,3551.08,3520.18,3526.13,123245462.0
2024-06-14,3514.8,3547.15,3503.52,3541.53,171516942.0
2024-06-17,3521.44,3540.79,3520.74,3536.2,137433438.0
2024-06-18,3533.49,3551.71,3532.78,3545.59,123671838.0
2024-06-19,3543.36,3543.36,3524.84,3528.75,106642797.0
2024-06-20,3525.17,3533.99,3500.13,3503.28,111617396.0
2024-06-21,3496.34,3505.51,3473.83,3495.62,109186615.0
2024-06-24,3473.64,3505.78,3471.22,3476.81,117990184.0
2024-06-25,3475.16,3483.22,3440.65,3457.9,118448118.0
2024-06-26,3451.54,3487.4,3442.3,3480.26,105898861.0
2024-06-27,3467.29,3471.14,3452.58,3454.12,114918101.0
2024-06-28,3443.67,3484.68,3443.67,3461.66,135409153.0
2024-07-01,3458.26,3479.95,3443.81,3478.18,121829770.0
2024-07-02,3472.45,3488.32,3464.52,3471.79,121650121.0
2024-07-03,3471.56,3478.7,3454.99,3463.41,103857108.0
2024-07-04,3468.3,3483.31,3444.93,3445.81,104429909.0
2024-07-05,3443.36,3451.04,3399.67,3431.06,116609659.0
2024-07-08,3420.8,3428.04,3395.91,3401.76,115528218.0
2024-07-09,3396.8,3448.93,3384.81,3439.81,131629443.0
2024-07-10,3425.88,3447.51,3423.65,3428.97,127203456.0
2024-07-11,3451.04,3473.98,3438.12,3468.17,145892466.0
2024-07-12,3459.96,3479.1,3457.36,3472.4,130874589.0
2024-07-15,3462.61,3481.46,3460.79,3476.25,118517083.0
2024-07-16,3466.85,3500.29,3464.37,3498.28,120659017.0
2024-07-17,3494.21,3514.48,3486.22,3501.58,131802062.0
2024-07-18,3483.3,3522.8,3475.72,3520.93,123768199.0
2024-07-19,3500.81,3545.34,3493.07,3539.02,132447975.0
2024-07-22,3538.4,3540.19,3494.01,3514.92,132126337.0
2024-07-23,3509.79,3509.79,3439.88,3439.88,128897660.0
2024-07-24,3432.35,3451.42,3408.41,3418.17,127036263.0
2024-07-25,3404.61,3415.86,3383.8,3399.27,131022242.0
2024-07-26,3403.71,3420.82,3388.66,3409.29,124195558.0
2024-07-29,3404.37,3408.5,3388.84,3390.74,109787786.0
2024-07-30,3380.69,3380.69,3352.8,3369.38,104952164.0
2024-07-31,3364.03,3445.0,3364.03,3442.08,171959177.0
2024-08-01,3443.14,3448.34,3419.19,3419.27,136323464.0
2024-08-02,3393.92,3419.1,3380.96,3384.39,116615255.0
2024-08-05,3362.11,3409.03,3343.32,3343.32,142812516.0
2024-08-06,3367.35,3376.8,3318.63,3342.98,119340279.0
2024-08-07,3338.59,3362.38,3329.97,3341.49,95084377.0
2024-08-08,3332.43,3364.79,3320.84,3342.94,92495695.0
2024-08-09,3358.13,3366.67,3331.63,3331.63,91511626.0
2024-08-12,3327.56,3338.08,3319.89,3325.86,79938754.0
2024-08-13,3328.01,3335.01,3310.19,3334.39,84489679.0
2024-08-14,3332.79,3332.79,3309.1,3309.24,78742407.0
2024-08-15,3301.45,3356.76,3297.97,3341.95,104766399.0
2024-08-16,3342.03,3356.91,3335.62,3345.63,96519083.0
2024-08-19,3344.26,3375.96,3343.71,3356.97,105571110.0
2024-08-20,3361.64,3362.33,3321.64,3332.7,101668331.0
2024-08-21,3322.91,3339.44,3307.99,3321.64,89954751.0
2024-08-22,3322.87,3327.7,3305.25,3313.14,100366504.0
2024-08-23,3305.93,3336.24,3305.64,3327.19,89525774.0
2024-08-26,3330.72,3336.53,3311.57,3324.22,93990772.0
2024-08-27,3315.69,3320.57,3299.56,3305.33,95808157.0
2024-08-28,3298.91,3305.35,3274.59,3286.5,92696650.0
2024-08-29,3273.54,3290.79,3269.53,3277.68,130702333.0
2024-08-30,3273.75,3351.63,3273.65,3321.43,188695443.0
2024-09-02,3307.54,3307.76,3264.76,3265.01,147612353.0
2024-09-03,3261.74,3281.59,3261.19,3273.43,122897306.0
2024-09-04,3253.9,3272.99,3249.98,3252.16,104832482.0
2024-09-05,3252.96,3266.88,3247.17,3257.76,97109450.0
2024-09-06,3261.15,3274.81,3231.07,3231.35,88400417.0
2024-09-09,3214.8,3222.93,3180.93,3192.95,108673069.0
2024-09-10,3193.46,3205.1,3171.79,3195.76,97290078.0
2024-09-11,3187.05,3197.34,3174.03,3186.13,102482110.0
2024-09-12,3189.43,3201.55,3171.88,3172.47,92868657.0
2024-09-13,3174.03,3188.91,3159.25,3159.25,88336677.0
2024-09-18,3158.82,3179.9,3145.79,3171.01,84722814.0
2024-09-19,3178.4,3213.84,3149.79,3196.04,125439272.0
2024-09-20,3192.43,3207.99,3173.22,3201.05,118064098.0
2024-09-23,3200.87,3230.16,3198.02,3212.76,95344855.0
2024-09-24,3244.65,3351.97,3222.49,3351.91,204072217.0
2024-09-25,3403.7,3465.49,3393.44,3401.53,241564255.0
2024-09-26,3399.32,3545.32,3391.68,3545.32,243134010.0
2024-09-27,3617.92,3708.5,3596.58,3703.68,265487774.0
2024-09-30,3846.65,4038.7,3796.5,4017.85,510217707.0
2024-10-08,4450.37,4450.37,4094.35,4256.1,589867894.0
2024-10-09,4168.84,4197.6,3942.51,3955.98,482269295.0
2024-10-10,3979.61,4098.5,3912.77,3997.79,395053099.0
2024-10-11,3969.76,3978.24,3847.12,3887.17,274096505.0
2024-10-14,3915.22,3979.54,3868.78,3961.34,307578993.0
2024-10-15,3942.53,3967.87,3855.99,3855.99,242486448.0
2024-10-16,3806.14,3877.75,3805.09,3831.59,218866407.0
2024-10-17,3853.84,3882.07,3787.75,3788.22,212313820.0
2024-10-18,3780.31,3998.21,3765.16,3925.23,312958834.0
2024-10-21,3946.9,3979.26,3896.17,3935.2,291185634.0
2024-10-22,3923.74,3965.91,3917.52,3957.78,223433396.0
2024-10-23,3955.32,4012.18,3939.1,3973.21,245873949.0
2024-10-24,3950.9,3957.98,3914.09,3928.83,174724062.0
2024-10-25,3931.32,3992.89,3921.94,3956.42,210694885.0
2024-10-28,3953.11,3964.16,3917.2,3964.16,216160415.0
2024-10-29,3970.01,3991.31,3921.58,3924.65,217293984.0
2024-10-30,3904.16,3926.06,3864.31,3889.45,219436626.0
2024-10-31,3888.42,3923.9,3859.11,3891.04,300636718.0
2024-11-01,3882.46,3933.22,3879.96,3890.02,307986481.0
2024-11-04,3897.71,3944.76,3891.21,3944.76,229239060.0
2024-11-05,3937.62,4046.7,3925.41,4044.57,316862794.0
2024-11-06,4051.29,4091.7,4002.5,4024.28,335807938.0
2024-11-07,3987.27,4146.15,3984.67,4145.7,341436414.0
2024-11-08,4192.08,4200.91,4094.16,4104.05,332350385.0
2024-11-11,4066.93,4132.51,4048.04,4131.13,289594227.0
2024-11-12,4133.35,4181.71,4060.79,4085.74,297778086.0
2024-11-13,4059.59,4121.07,4059.59,4110.89,240484099.0
2024-11-14,4101.22,4118.17,4034.94,4039.62,230152784.0
2024-11-15,4025.65,4049.07,3968.83,3968.83,247399463.0
2024-11-18,3982.1,4034.06,3931.19,3950.38,306777946.0
2024-11-19,3954.6,3979.15,3896.75,3976.89,242946465.0
2024-11-20,3966.12,4001.08,3958.34,3985.77,184599372.0
2024-11-21,3979.46,3999.57,3966.07,3989.3,166125927.0
2024-11-22,3984.24,3990.26,3865.7,3865.7,216285809.0
2024-11-25,3875.61,3889.71,3812.32,3848.09,190702953.0
2024-11-26,3836.26,3875.23,3833.28,3840.18,149892441.0
2024-11-27,3829.34,3907.16,3817.91,3907.04,174136096.0
2024-11-28,3904.25,3908.39,3866.01,3872.55,150117291.0
2024-11-29,3869.89,3962.7,3869.89,3916.58,187656713.0
2024-12-02,3909.7,3955.13,3902.17,3947.63,197289784.0
2024-12-03,3946.7,3963.95,3922.84,3951.89,182496867.0
2024-12-04,3948.13,3957.37,3917.75,3930.56,174626318.0
2024-12-05,3916.56,3936.34,3910.08,3921.59,138534038.0
2024-12-06,3923.9,3995.12,3923.9,3973.14,192057907.0
2024-12-09,3970.66,3995.51,3948.42,3966.57,175959958.0
2024-12-10,4094.05,4098.38,3988.97,3995.64,253463795.0
2024-12-11,3988.02,4005.33,3977.35,3988.83,177252846.0
2024-12-12,3987.15,4031.74,3981.35,4028.5,181621777.0
2024-12-13,4000.99,4000.99,3931.74,3933.18,230353079.0
2024-12-16,3930.78,3938.76,3901.65,3911.84,178511251.0
2024-12-17,3908.13,3955.95,3908.13,3922.03,160939090.0
2024-12-18,3934.54,3956.14,3933.97,3941.89,157738321.0
2024-12-19,3911.89,3954.35,3899.75,3945.46,161081040.0
2024-12-20,3937.47,3958.63,3923.26,3927.74,154986496.0
2024-12-23,3928.15,3965.85,3928.15,3933.57,190067362.0
2024-12-24,3934.94,3985.86,3934.73,3983.69,161494589.0
2024-12-25,3987.96,4007.76,3969.48,3985.63,159390747.0
2024-12-26,3981.73,3991.53,3965.55,3987.48,143425286.0
2024-12-27,3987.02,4007.13,3970.94,3981.03,169268666.0
2024-12-30,3976.7,4005.78,3976.7,3999.05,164612485.0
2024-12-31,3995.87,4004.35,3934.91,3934.91,183928397.0
2025-01-02,3931.82,3934.2,3796.34,3820.4,217898724.0
2025-01-03,3825.24,3835.94,3767.67,3775.16,175342676.0
2025-01-06,3775.99,3788.85,3743.07,3768.97,150946670.0
2025-01-07,3760.87,3797.6,3749.06,3796.11,146455779.0
2025-01-08,3781.26,3810.74,3731.19,3789.22,169166968.0
2025-01-09,3780.73,3795.26,3768.68,3779.88,129794002.0
2025-01-10,3778.89,3786.81,3732.48,3732.48,137523171.0
2025-01-13,3704.44,3737.89,3704.11,3722.51,136446199.0
2025-01-14,3728.56,3826.64,3718.88,3820.54,170664657.0
2025-01-15,3810.04,3816.83,3790.17,3796.03,141475520.0
2025-01-16,3812.19,3842.95,3776.29,3800.38,144505871.0
2025-01-17,3788.37,3831.64,3780.21,3812.34,126621961.0
2025-01-20,3835.3,3858.67,3821.98,3829.68,139581277.0
2025-01-21,3850.36,3850.91,3817.12,3832.61,141218406.0
2025-01-22,3823.94,3823.94,3783.14,3797.02,137255062.0
2025-01-23,3829.05,3864.26,3801.85,3803.74,180569551.0
2025-01-24,3793.85,3847.6,3793.48,3832.86,148971722.0
2025-01-27,3836.96,3852.0,3817.08,3817.08,146670772.0
2025-02-05,3844.7,3844.7,3785.16,3795.08,157168308.0
2025-02-06,3789.61,3843.49,3788.32,3842.83,167288176.0
2025-02-07,3844.06,3919.35,3833.87,3892.7,221857707.0
2025-02-10,3898.1,3906.37,3878.83,3901.06,188903040.0
2025-02-11,3905.16,3905.16,3872.91,3883.14,166574909.0
2025-02-12,3875.96,3920.72,3867.35,3919.86,164228540.0
2025-02-13,3913.9,3939.2,3904.98,3905.14,172485874.0
2025-02-14,3900.83,3942.04,3900.83,3939.01,172976452.0
2025-02-17,3954.41,3955.9,3921.7,3947.4,213588246.0
2025-02-18,3942.58,3965.42,3901.87,3912.78,209425101.0
2025-02-19,3906.22,3943.67,3904.15,3940.16,182829517.0
2025-02-20,3934.65,3940.68,3916.18,3928.9,163895236.0
2025-02-21,3938.05,3981.05,3927.79,3978.44,227400330.0
2025-02-24,3972.48,3995.95,3949.23,3969.72,220810618.0
2025-02-25,3933.64,3955.43,3915.65,3925.65,178108580.0
2025-02-26,3931.84,3960.33,3925.37,3959.94,191062501.0
2025-02-27,3961.06,3973.93,3933.46,3968.12,202887963.0
2025-02-28,3950.19,3972.48,3886.4,3890.05,198104147.0
2025-03-03,3899.7,3930.0,3872.59,3888.47,177623166.0
2025-03-04,3865.99,3890.42,3855.73,3885.22,149850967.0
2025-03-05,3887.8,3906.42,3877.02,3902.57,158652751.0
2025-03-06,3923.38,3964.49,3917.08,3956.24,193960915.0
2025-03-07,3944.91,3967.07,3935.05,3944.01,166732375.0
2025-03-10,3945.58,3949.14,3905.13,3928.8,152765232.0
2025-03-11,3890.43,3941.42,3889.43,3941.42,144754402.0
2025-03-12,3946.86,3953.61,3921.47,3927.23,156732190.0
2025-03-13,3925.74,3939.29,3897.38,3911.58,156536443.0
2025-03-14,3919.62,4014.16,3919.62,4006.56,216139003.0
2025-03-17,4020.64,4021.73,3992.26,3996.79,162202911.0
2025-03-18,4011.78,4016.87,3995.96,4007.72,140208496.0
2025-03-19,4004.83,4025.3,3989.51,4010.17,144419428.0
2025-03-20,4011.06,4012.04,3969.93,3974.99,133754670.0
2025-03-21,3966.51,3983.15,3904.77,3914.7,165905294.0
2025-03-24,3916.11,3938.18,3907.2,3934.85,152234674.0
2025-03-25,3937.9,3946.36,3921.53,3932.3,140475399.0
2025-03-26,3930.21,3942.03,3916.86,3919.36,131164187.0
2025-03-27,3911.38,3952.99,3903.65,3932.41,126793738.0
2025-03-28,3930.78,3934.23,3907.38,3915.17,126356214.0
2025-03-31,3905.98,3928.45,3872.4,3887.31,166798523.0
2025-04-01,3892.78,3905.26,3882.4,3887.68,140380274.0
2025-04-02,3884.42,3900.49,3877.16,3884.39,113043175.0
2025-04-03,3843.42,3883.7,3843.42,3861.5,142599789.0
2025-04-07,3675.2,3707.78,3514.12,3589.44,312578586.0
2025-04-08,3597.99,3650.76,3583.87,3650.76,280197312.0
2025-04-09,3606.1,3686.79,3587.34,3686.79,262305708.0
2025-04-10,3749.13,3756.14,3708.82,3735.12,227252227.0
2025-04-11,3730.31,3762.37,3708.46,3750.52,168759691.0
2025-04-14,3772.04,3776.63,3754.03,3759.14,164462403.0
2025-04-15,3756.48,3764.49,3737.85,3761.23,134006040.0
2025-04-16,3757.88,3775.17,3721.6,3772.82,156359006.0
2025-04-17,3755.09,3779.13,3749.5,3772.22,122371002.0
2025-04-18,3760.04,3782.04,3754.41,3772.52,102948509.0
2025-04-21,3768.14,3790.18,3763.14,3784.88,121355730.0
2025-04-22,3780.11,3799.23,3778.08,3783.95,125688257.0
2025-04-23,3803.43,3807.95,3780.52,3786.88,131986870.0
2025-04-24,3787.46,3807.26,3775.21,3784.36,117164560.0
2025-04-25,3792.08,3801.58,3780.78,3786.99,124591133.0
2025-04-28,3786.39,3792.01,3772.8,3781.62,125145091.0
2025-04-29,3776.0,3785.32,3768.03,3775.08,111514694.0
2025-04-30,3775.83,3787.56,3768.76,3770.57,143681658.0
2025-05-06,3794.38,3809.09,3782.78,3808.54,158520459.0
2025-05-07,3861.58,3863.68,3814.99,3831.63,161172299.0
2025-05-08,3820.55,3867.33,3816.26,3852.9,124959833.0
2025-05-09,3848.62,3853.66,3836.53,3846.16,119389526.0
2025-05-12,3866.53,3890.73,3859.03,3890.61,153332460.0
2025-05-13,3915.59,3915.59,3890.69,3896.26,147320299.0
2025-05-14,3894.84,3960.52,3890.65,3943.21,172033779.0
2025-05-15,3934.03,3936.47,3904.91,3907.2,138081749.0
2025-05-16,3898.67,3903.85,3874.86,3889.09,118405345.0
2025-05-19,3882.57,3885.59,3866.57,3877.15,98643414.0
2025-05-20,3883.1,3911.47,3881.74,3898.17,104885234.0
2025-05-21,3899.44,3928.63,3899.44,3916.38,109791343.0
2025-05-22,3912.6,3923.02,3903.09,3913.87,107597052.0
2025-05-23,3910.37,3931.55,3882.27,3882.27,120277419.0
2025-05-26,3875.79,3884.54,3849.04,3860.11,109601207.0
2025-05-27,3857.63,3865.43,3834.85,3839.4,98572425.0
2025-05-28,3843.07,3849.74,3833.96,3836.24,89031026.0
2025-05-29,3838.01,3869.79,3831.46,3858.7,108471886.0
2025-05-30,3850.49,3858.61,3829.25,3840.23,111672228.0
2025-06-03,3833.46,3863.3,3832.72,3852.01,131403090.0
2025-06-04,3855.49,3875.86,3855.49,3868.74,116803873.0
2025-06-05,3872.64,3883.13,3861.27,3877.56,122878184.0
2025-06-06,3878.1,3889.46,3869.39,3873.98,110987971.0
2025-06-09,3877.8,3894.65,3871.99,3885.25,136306293.0
2025-06-10,3887.55,3897.46,3850.47,3865.47,145563859.0
2025-06-11,3870.67,3911.61,3870.67,3894.63,142414772.0
2025-06-12,3885.52,3900.04,3870.38,3892.2,133998697.0
2025-06-13,3881.49,3889.16,3853.82,3864.18,172539536.0
2025-06-16,3853.62,3876.17,3853.62,3873.8,137341835.0
2025-06-17,3875.18,3880.42,3860.41,3870.38,122342526.0
2025-06-18,3871.65,3881.35,3854.66,3874.97,127528621.0
2025-06-19,3870.05,3872.94,3834.95,3843.09,130280658.0
2025-06-20,3839.78,3856.48,3839.78,3846.64,118151020.0
2025-06-23,3831.17,3867.59,3827.08,3857.9,133800892.0
2025-06-24,3862.39,3914.16,3862.39,3904.03,163656188.0
2025-06-25,3907.07,3963.04,3902.18,3960.07,187213671.0
2025-06-26,3953.16,3964.48,3945.26,3946.02,165316263.0
2025-06-27,3949.79,3969.26,3918.2,3921.76,194557913.0
2025-06-30,3920.31,3940.36,3911.6,3936.08,145170236.0
2025-07-01,3935.91,3946.25,3924.72,3942.76,128959362.0
2025-07-02,3943.32,3952.14,3929.7,3943.68,147063062.0
2025-07-03,3949.4,3971.62,3945.14,3968.07,141004006.0
2025-07-04,3967.46,4013.85,3958.38,3982.2,157197133.0
2025-07-07,3977.29,3979.75,3956.57,3965.17,131135273.0
2025-07-08,3965.43,4002.27,3965.43,3998.45,156402895.0
2025-07-09,3997.5,4016.74,3987.43,3991.4,173293796.0
2025-07-10,3993.42,4032.98,3992.52,4010.02,209778904.0
2025-07-11,4011.47,4065.94,4010.11,4014.81,262052773.0
2025-07-14,4021.21,4034.92,4017.67,4017.67,207917175.0
2025-07-15,4023.99,4042.66,3994.26,4019.06,191042931.0
2025-07-16,4019.39,4027.86,3993.92,4007.2,151027308.0
2025-07-17,4005.07,4034.59,4005.07,4034.49,161249041.0
2025-07-18,4039.87,4064.64,4039.32,4058.55,186211063.0
2025-07-21,4069.77,4086.12,4063.44,4085.61,223268476.0
2025-07-22,4087.34,4119.2,4068.34,4118.96,257596985.0
2025-07-23,4129.15,4155.68,4113.91,4119.77,300506154.0
2025-07-24,4116.83,4152.43,4111.88,4149.04,319632392.0
2025-07-25,4145.32,4150.5,4117.8,4127.16,273594963.0
2025-07-28,4128.2,4146.12,4112.97,4135.82,222759815.0
2025-07-29,4132.68,4153.33,4117.58,4152.02,230807880.0
2025-07-30,4148.94,4185.21,4127.43,4151.24,249853048.0
2025-07-31,4141.56,4141.82,4063.67,4075.59,267087406.0
2025-08-01,4069.93,4085.35,4040.46,4054.93,196221826.0
2025-08-04,4037.94,4070.7,4037.94,4070.7,162275902.0
2025-08-05,4080.39,4106.3,4075.58,4103.45,178851999.0
2025-08-06,4100.43,4116.71,4098.35,4113.49,176676155.0
2025-08-07,4120.28,4129.74,4094.82,4114.67,198641902.0
2025-08-08,4109.27,4122.21,4097.42,4104.97,173171201.0
2025-08-11,4110.29,4134.25,4103.6,4122.51,190443716.0
2025-08-12,4123.58,4153.29,4121.22,4143.83,177287823.0
2025-08-13,4150.5,4186.75,4147.2,4176.58,213934999.0
2025-08-14,4179.97,4220.31,4165.94,4173.31,221103595.0
2025-08-15,4162.42,4214.73,4157.5,4202.35,261327566.0
2025-08-18,4218.25,4272.96,4203.42,4239.41,301479102.0
2025-08-19,4241.77,4264.23,4215.21,4223.37,250818771.0
2025-08-20,4208.4,4272.15,4190.56,4271.4,246481773.0
2025-08-21,4284.37,4308.45,4273.65,4288.07,259030014.0
2025-08-22,4287.36,4378.39,4287.36,4378.0,290434897.0
2025-08-25,4416.29,4472.65,4404.78,4469.22,358090006.0
2025-08-26,4453.35,4476.8,4435.53,4452.59,270621395.0
2025-08-27,4458.84,4494.91,4386.13,4386.13,333133898.0
2025-08-28,4378.04,4464.8,4364.17,4463.78,296834536.0
2025-08-29,4455.8,4516.84,4452.36,4496.76,351938947.0
2025-09-01,4516.88,4528.13,4487.53,4523.71,320366708.0
2025-09-02,4521.98,4548.89,4454.42,4490.45,303932566.0
2025-09-03,4501.34,4510.73,4427.52,4459.83,254320217.0
2025-09-04,4461.25,4465.5,4327.51,4365.21,307934609.0
2025-09-05,4365.61,4466.56,4350.3,4460.32,249625657.0
2025-09-08,4467.17,4482.76,4438.07,4467.57,267638382.0
2025-09-09,4448.74,4472.09,4412.69,4436.26,221375460.0
2025-09-10,4438.3,4466.63,4414.59,4445.36,203597646.0
2025-09-11,4438.84,4548.03,4427.92,4548.03,253264051.0
2025-09-12,4544.59,4564.67,4517.79,4522.0,266442003.0
2025-09-15,4534.89,4566.91,4522.5,4533.06,231885678.0
2025-09-16,4539.92,4552.42,4494.79,4523.34,249269206.0
2025-09-17,4517.29,4556.03,4503.8,4551.02,235716472.0
2025-09-18,4546.03,4573.83,4454.99,4498.11,309859826.0
2025-09-19,4499.09,4533.09,4491.84,4501.92,225044000.0
2025-09-22,4512.03,4523.87,4487.13,4522.61,196459956.0
2025-09-23,4536.76,4560.73,4459.73,4519.78,252827062.0
2025-09-24,4495.27,4567.49,4494.11,4566.07,220482608.0
2025-09-25,4563.98,4613.95,4558.84,4593.49,229823333.0
2025-09-26,4576.91,4597.85,4550.05,4550.05,208482114.0
2025-09-29,4555.03,4647.57,4541.43,4620.05,274358877.0
2025-09-30,4629.9,4647.5,4616.22,4640.69,247980359.0
2025-10-09,4662.11,4726.34,4651.99,4709.48,347678696.0
2025-10-10,4679.5,4692.59,4600.96,4616.83,319020899.0
2025-10-13,4490.87,4601.81,4490.87,4593.98,315010354.0
2025-10-14,4634.05,4641.45,4520.93,4539.06,372954030.0
2025-10-15,4544.24,4608.82,4526.83,4606.29,284771855.0
2025-10-16,4588.92,4645.1,4586.28,4618.42,248235518.0
2025-10-17,4610.7,4618.56,4509.33,4514.23,256905617.0
2025-10-20,4558.24,4570.44,4520.5,4538.22,218420405.0
2025-10-21,4556.12,4615.46,4547.93,4607.87,215711175.0
2025-10-22,4576.03,4603.49,4567.24,4592.57,185333960.0
2025-10-23,4578.7,4611.34,4541.69,4606.34,200463917.0
2025-10-24,4622.79,4660.68,4622.79,4660.68,208814483.0
2025-10-27,4699.38,4720.43,4687.69,4716.02,262200674.0
2025-10-28,4697.73,4734.32,4679.23,4691.97,220906645.0
2025-10-29,4701.04,4747.84,4697.27,4747.84,246211324.0
2025-10-30,4735.98,4761.83,4706.45,4709.91,273289118.0
2025-10-31,4702.49,4706.14,4640.67,4640.67,281464740.0
2025-11-03,4636.73,4653.4,4595.73,4653.4,239869809.0
2025-11-04,4649.35,4665.32,4595.07,4618.7,233224032.0
2025-11-05,4562.11,4642.61,4558.76,4627.26,203045871.0
2025-11-06,4642.01,4698.09,4642.01,4693.4,224241008.0
2025-11-07,4673.76,4701.37,4666.04,4678.79,212497377.0
2025-11-10,4688.12,4695.18,4654.21,4695.05,236026764.0
2025-11-11,4706.34,4707.13,4648.49,4652.17,186638858.0
2025-11-12,4643.56,4669.61,4620.99,4645.91,209460592.0
2025-11-13,4643.79,4703.49,4643.79,4702.07,207367474.0
2025-11-14,4663.32,4684.26,4628.02,4628.14,192092676.0
2025-11-17,4616.81,4624.9,4580.26,4598.05,188955466.0
2025-11-18,4584.79,4606.62,4552.8,4568.19,177713185.0
2025-11-19,4568.04,4607.86,4568.04,4588.29,172924974.0
2025-11-20,4619.54,4620.65,4560.18,4564.95,194562593.0
2025-11-21,4513.39,4527.04,4453.18,4453.61,222851013.0
2025-11-24,4473.16,4478.81,4421.81,4448.05,185833729.0
2025-11-25,4475.84,4510.77,4467.35,4490.4,169571929.0
2025-11-26,4490.2,4538.14,4485.7,4517.63,156200368.0
2025-11-27,4520.01,4559.22,4509.86,4515.4,150311772.0
2025-11-28,4511.5,4531.72,4492.43,4526.66,142902096.0
2025-12-01,4539.19,4576.97,4531.29,4576.49,200382317.0
2025-12-02,4571.91,4575.49,4539.43,4554.33,148493132.0
2025-12-03,4554.59,4569.82,4523.5,4531.05,169762790.0
2025-12-04,4533.6,4557.42,4514.19,4546.57,147198110.0
2025-12-05,4547.91,4593.83,4535.02,4584.54,196799968.0
2025-12-08,4593.14,4640.63,4592.74,4621.75,199620990.0
2025-12-09,4611.38,4628.7,4584.25,4598.22,184160344.0
2025-12-10,4586.25,4598.54,4549.08,4591.83,169111106.0
2025-12-11,4597.19,4610.28,4547.14,4552.18,168419405.0
2025-12-12,4558.74,4583.68,4530.78,4580.95,212826520.0
2025-12-15,4550.0,4595.05,4548.44,4552.06,167589967.0
2025-12-16,4542.42,4553.08,4484.27,4497.55,165165201.0
2025-12-17,4499.77,4594.66,4498.93,4579.88,178424830.0
2025-12-18,4553.98,4571.97,4544.14,4552.79,151681328.0
2025-12-19,4561.37,4591.09,4546.85,4568.18,154876220.0
2025-12-22,4587.67,4615.87,4587.67,4611.62,165252856.0
2025-12-23,4616.03,4644.53,4607.8,4620.73,169256412.0
2025-12-24,4623.68,4639.43,4602.14,4634.06,153711241.0
2025-12-25,4629.32,4651.15,4621.92,4642.54,139434186.0
2025-12-26,4639.79,4676.13,4635.11,4657.24,175396565.0
2025-12-29,4658.27,4672.04,4629.06,4639.37,200397133.0
2025-12-30,4617.32,4664.33,4616.63,4651.28,180374974.0
2025-12-31,4656.48,4667.05,4622.1,4629.94,170760224.0
2026-01-05,4661.62,4721.64,4661.62,4717.75,234144839.0
2026-01-06,4719.21,4790.69,4718.01,4790.69,296970686.0
2026-01-07,4796.93,4802.6,4751.07,4776.67,259095564.0
2026-01-08,4761.01,4765.49,4717.01,4737.65,238804957.0
2026-01-09,4725.96,4771.43,4719.13,4758.92,254688038.0
2026-01-12,4769.65,4795.93,4737.57,4789.92,294833165.0
2026-01-13,4798.05,4836.95,4745.52,4761.03,301449497.0
2026-01-14,4767.7,4818.1,4720.25,4741.93,364951023.0
2026-01-15,4721.8,4769.55,4720.94,4751.43,254003636.0
2026-01-16,4778.43,4792.55,4715.36,4731.87,325278929.0
2026-01-19,4720.19,4761.63,4715.09,4734.46,267612492.0
2026-01-20,4736.91,4748.23,4684.97,4718.88,282719579.0
2026-01-21,4714.55,4758.28,4714.24,4723.07,266353332.0
2026-01-22,4741.75,4757.76,4700.45,4723.71,274199932.0
2026-01-23,4729.59,4734.79,4684.62,4702.5,314635445.0
2026-01-26,4715.38,4754.18,4693.16,4706.96,363004481.0
2026-01-27,4705.17,4736.99,4675.64,4705.69,301475697.0
2026-01-28,4725.6,4739.63,4697.91,4717.99,382255602.0
2026-01-29,4733.09,4770.96,4696.05,4753.87,415513055.0
2026-01-30,4723.08,4738.87,4645.47,4706.34,319786531.0
2026-02-02,4674.28,4716.61,4601.76,4605.98,304773500.0
2026-02-03,4648.36,4662.13,4578.21,4660.11,265549405.0
2026-02-04,4647.97,4701.48,4641.84,4698.68,264881032.0
2026-02-05,4664.75,4687.02,4639.43,4670.42,237856351.0
2026-02-06,4622.97,4678.26,4606.64,4643.6,202716477.0
2026-02-09,4693.67,4719.96,4679.9,4719.06,207251938.0
2026-02-10,4718.26,4732.09,4713.87,4724.3,187000958.0
2026-02-11,4715.67,4723.7,4703.69,4713.82,173391681.0
2026-02-12,4720.01,4726.04,4707.74,4719.58,197841439.0
2026-02-13,4693.41,4703.63,4658.4,4660.41,189167756.0
2026-02-24,4727.3,4727.37,4698.35,4707.54,218488890.0
2026-02-25,4713.58,4766.56,4713.34,4735.89,284268354.0
2026-02-26,4741.39,4742.15,4706.69,4726.87,234847644.0
2026-02-27,4698.3,4721.01,4692.89,4710.65,261420865.0
2026-03-02,4681.01,4735.41,4667.28,4728.67,349260752.0
2026-03-03,4737.32,4744.6,4651.4,4655.9,370624272.0
2026-03-04,4609.19,4639.42,4575.82,4602.62,303035666.0
2026-03-05,4651.94,4671.53,4630.3,4647.69,259317825.0
2026-03-06,4621.49,4671.71,4612.79,4660.44,238527926.0
2026-03-09,4600.25,4625.98,4548.97,4615.46,322787617.0
2026-03-10,4648.79,4677.6,4648.79,4674.76,263903748.0
2026-03-11,4681.03,4711.87,4674.71,4704.5,270175443.0
2026-03-12,4700.72,4704.38,4654.31,4687.56,302986816.0
2026-03-13,4669.06,4707.42,4659.5,4669.14,310772009.0
2026-03-16,4669.22,4673.69,4621.81,4671.56,296215070.0
2026-03-17,4685.57,4720.86,4637.37,4637.44,263021913.0
2026-03-18,4648.75,4662.29,4604.52,4658.33,234690705.0
2026-03-19,4611.44,4634.55,4570.39,4583.25,254130449.0
2026-03-20,4602.82,4628.71,4563.07,4567.02,257873703.0
2026-03-23,4499.1,4514.72,4397.57,4418.0,328081945.0
2026-03-24,4458.91,4474.83,4394.29,4474.72,255532517.0
2026-03-25,4506.62,4542.18,4502.03,4537.47,262639279.0
2026-03-26,4525.33,4541.05,4468.96,4477.53,213736788.0
2026-03-27,4431.5,4519.89,4431.42,4502.57,192400388.0
2026-03-30,4461.74,4496.41,4447.14,4491.95,209293092.0
2026-03-31,4491.92,4523.17,4450.05,4450.05,224541585.0
2026-04-01,4517.27,4532.11,4492.05,4526.07,216483196.0
2026-04-02,4514.44,4519.69,4459.61,4478.91,190992161.0
2026-04-03,4492.85,4494.46,4437.6,4440.79,168321705.0
2026-04-07,4445.86,4458.93,4420.69,4440.62,162638787.0
2026-04-08,4517.34,4595.56,4513.77,4595.56,253339213.0
2026-04-09,4562.67,4579.2,4552.42,4566.22,184939783.0
2026-04-10,4594.95,4655.1,4590.11,4636.57,208678605.0
2026-04-13,4615.13,4653.4,4615.13,4646.15,196712277.0
2026-04-14,4676.12,4701.28,4654.85,4701.28,204700332.0
2026-04-15,4726.64,4731.27,4672.56,4685.25,201688500.0
2026-04-16,4694.43,4739.22,4689.41,4736.61,192057600.0
2026-04-17,4729.0,4738.32,4714.47,4728.67,182915336.0
2026-04-20,4727.17,4763.04,4720.69,4757.44,221633494.0
2026-04-21,4750.51,4776.83,4722.01,4768.0,205614058.0
2026-04-22,4751.28,4801.45,4750.35,4799.63,204481830.0
2026-04-23,4816.03,4823.47,4759.86,4786.33,232865736.0
2026-04-24,4771.73,4786.44,4735.61,4769.37,193798314.0
2026-04-27,4776.34,4795.17,4762.64,4770.95,192796550.0
2026-04-28,4757.08,4778.19,4743.44,4758.21,216724233.0
2026-04-29,4737.58,4813.61,4737.11,4810.35,233298110.0
2026-04-30,4820.97,4829.27,4797.54,4807.31,250633370.0
2026-05-06,4857.65,4892.8,4834.28,4877.09,274443880.0
2026-05-07,4895.8,4901.86,4866.87,4900.51,257833972.0
2026-05-08,4871.12,4887.21,4849.99,4871.91,251720996.0
2026-05-11,4902.28,4960.4,4889.57,4951.84,305734801.0
2026-05-12,4965.02,4971.3,4926.79,4948.05,273812001.0
2026-05-13,4919.42,5001.12,4919.42,4998.34,268454537.0
2026-05-14,5027.64,5030.52,4913.6,4914.6,280695379.0
2026-05-15,4911.62,4935.62,4832.69,4859.59,276967769.0
2026-05-18,4836.33,4868.6,4806.15,4833.52,239077587.0
2026-05-19,4818.71,4854.52,4773.53,4852.88,232280852.0
2026-05-20,4829.61,4866.21,4825.64,4850.7,220023206.0
2026-05-21,4886.24,4937.93,4780.71,4783.1,287342507.0
2026-05-22,4818.84,4851.35,4785.35,4845.1,286940435.0
2026-05-25,4873.2,4922.44,4857.13,4921.6,264743236.0
2026-05-26,4900.12,4952.74,4892.68,4947.85,302799476.0
2026-05-27,4940.95,4974.21,4891.34,4908.17,301709175.0
2026-05-28,4889.27,4922.33,4843.23,4914.21,267432731.0
2026-05-29,4937.51,4954.07,4878.79,4892.12,332518610.0
2026-06-01,4897.9,4918.79,4836.69,4844.26,296134051.0
2026-06-02,4860.61,4930.28,4832.0,4914.56,281731662.0
2026-06-03,4921.34,4991.85,4904.9,4938.81,304035947.0
2026-06-04,4897.32,4938.78,4889.75,4904.75,264808910.0
2026-06-05,4886.96,4924.34,4798.91,4816.92,301929336.0
2026-06-08,4703.77,4779.86,4677.57,4713.64,299647565.0
2026-06-09,4743.45,4802.5,4715.39,4801.81,258391601.0
2026-06-10,4753.12,4786.52,4718.99,4748.59,259297109.0
2026-06-11,4730.07,4766.17,4685.5,4722.41,247177059.0
2026-06-12,4784.64,4809.86,4757.56,4777.32,335922063.0
2026-06-15,4829.29,4892.55,4803.18,4891.71,331316076.0
2026-06-16,4894.88,4908.28,4866.06,4884.23,282584743.0
2026-06-17,4859.7,4933.93,4859.7,4931.39,276053950.0
2026-06-18,4916.04,4976.89,4916.04,4941.6,334459902.0
2026-06-22,4949.35,5061.51,4928.46,5059.66,375100124.0
2026-06-23,5048.03,5064.27,4892.09,4919.39,342719336.0
2026-06-24,4900.38,4953.23,4892.27,4943.02,312249025.0
2026-06-25,4950.98,5032.0,4944.88,5020.1,346664289.0
2026-06-26,4981.83,4981.98,4845.19,4868.22,341179238.0
2026-06-29,4866.04,4928.6,4827.15,4926.92,323216134.0
2026-06-30,4914.49,4987.56,4914.49,4979.43,306150226.0
2026-07-01,4972.69,5017.38,4925.63,4958.98,342934747.0
2026-07-02,4865.17,4896.99,4800.48,4812.3,343243758.0
2026-07-03,4809.5,4890.97,4809.5,4842.17,301067568.0
2026-07-06,4868.54,4878.32,4789.8,4842.0,294050543.0
2026-07-07,4813.87,4839.51,4756.73,4792.26,246305999.0
2026-07-08,4804.48,4830.05,4751.4,4755.53,243928749.0
2026-07-09,4774.4,4882.85,4734.87,4876.31,281627705.0
2026-07-10,4887.54,4906.49,4780.75,4780.79,304130286.0
2026-07-13,4745.44,4775.24,4670.25,4695.38,278634853.0
2026-07-14,4691.12,4796.5,4649.04,4796.5,283250986.0
2026-07-15,4797.94,4826.86,4772.04,4786.78,278692669.0
2026-07-16,4711.53,4771.06,4673.35,4698.43,251560977.0
2026-07-17,4661.62,4663.53,4492.09,4529.1,302629886.0
2026-07-20,4575.67,4628.8,4521.18,4598.32,333116058.0
2026-07-21,4630.85,4739.23,4566.28,4739.23,345403590.0
2026-07-22,4710.66,4772.08,4692.83,4717.24,285556357.0
2026-07-23,4735.17,4737.51,4698.87,4728.0,247331675.0
2026-07-24,4685.41,4704.08,4642.94,4649.19,221261212.0
2026-07-27,4656.03,4702.52,4615.53,4702.43,204786941.0
2026-07-28,4623.8,4646.49,4552.23,4569.52,215705045.0
2026-07-29,4582.09,4626.71,4516.32,4600.26,248082357.0
2026-07-30,4566.05,4596.21,4478.21,4549.72,274651130.0
2026-07-31,4623.85,4635.59,4588.2,4588.2,279243698.0
2026-08-03,4561.82,4572.59,4529.19,4543.18,232042584.0
2026-08-04,4566.94,4613.69,4555.25,4600.93,242073611.0
2026-08-05,4550.19,4679.86,4550.19,4658.15,276921919.0
2026-08-06,4621.798138239241,4675.64058160131,4611.060649534217,4651.304907200488,24751073000.0
2026-08-07,4656.092702164112,4706.723848904207,4649.571409023988,4694.431561834707,23907202000.0
2026-08-10,4698.8112572276195,4714.459840766565,4659.465098616622,4702.019753852538,21307599600.0
2026-08-11,4689.444367080837,4715.8762392766275,4660.469297560284,4663.7837940737,20969909800.0
2026-08-12,4660.460897569121,4700.429755525089,4657.688400485565,4690.911565537462,18493914800.0
2026-08-13,4716.96983812625,4727.229427333985,4661.876696079814,4663.946393902657,21549961500.0
2026-08-14,4672.970284410249,4676.707480479019,4637.1233221183775,4665.87629187256,17843069600.0
2026-08-17,4672.270685146172,4742.399311376485,4662.710095203145,4741.093112750501,19056928600.0
2026-08-18,4734.068320140019,4744.000409692258,4687.520969104096,4725.808428828762,20424551400.0
2026-08-19,4660.050098001248,4674.370182937669,4568.061094766298,4588.690673065637,24407009000.0
2026-08-20,4613.292647186335,4631.1211284322035,4569.2233935436525,4592.745568800212,20087418900.0
2026-08-21,4585.430576494998,4628.994730669003,4579.255982990174,4618.89034129801,17107589100.0
2026-08-24,4620.944039137685,4621.3844386744195,4527.482337451895,4563.121799962039,20661687200.0
2026-08-25,4542.239021929047,4573.372889178717,4523.01814214787,4552.027811632025,17151016800.0
2026-08-26,4549.42731436754,4612.032648511753,4542.837721299263,4590.788670858712,18457816900.0
2026-08-27,4594.474566981446,4631.343728198046,4584.988276960261,4630.272129325283,20201725000.0
2026-08-28,4615.834444512568,4643.330215589223,4608.4568522732025,4609.171551521397,18098949500.0
2026-08-31,4561.981301161753,4625.081334785581,4557.340906043077,4625.081334785581,23744764000.0
2026-09-01,4618.728841467894,4640.076119012272,4604.764656157097,4611.434549140905,21486958100.0
2026-09-02,4581.509180619991,4583.266078771876,4534.384630191236,4547.951115920382,18699188800.0
2026-09-03,4570.906691772959,4585.982475914443,4536.919927524306,4552.573611057888,18224406000.0
2026-09-04,4575.311487139467,4602.191458863894,4530.757634006545,4548.045115821502,19699742800.0
2026-09-07,4567.889694946597,4580.697381473939,4545.405918597726,4575.019687446417,18321847000.0
2026-09-08,4575.985686430264,4587.720874085788,4546.300717656469,4558.732304579437,17356669400.0
2026-09-09,4578.507683777325,4581.899080209848,4548.358215492146,4572.5946899973205,15800443300.0
2026-09-10,4550.181713573972,4569.827992907663,4533.653830959978,4548.385015463955,14692255200.0
2026-09-11,4514.29065132849,4520.164745149415,4461.564806791846,4510.150655683433,20423002700.0
2026-09-14,4474.9426927193845,4504.484661643604,4473.26979447914,4480.077387318098,14948841800.0
2026-09-15,4473.800293921096,4496.951069568338,4444.6234246128215,4450.0355189197335,14271809500.0
2026-09-16,4449.8786190847795,4483.3516838738005,4417.592753046919,4480.263587122231,16349452300.0
2026-09-17,4463.615904634257,4495.830070747539,4453.913914839972,4460.15100827905,17002564200.0
2026-09-18,4492.318574441351,4523.086742075709,4480.580886788457,4507.387858589674,18992416600.0
2026-09-21,4524.338240759232,4540.549323706474,4512.145553584961,4539.560624746506,18636154200.0
2026-09-22,4569.868992864534,4583.378678653429,4537.032227406177,4544.582719463665,17786387600.0
2026-09-23,4547.60581628361,4547.688116197037,4513.444452218623,4517.2737481905115,15714382900.0
2026-09-24,4499.852666516091,4500.196966153915,4439.1396303813335,4439.1396303813335,15196578700.0
