date,open,high,low,close,preclose,volume,amount,volume_unit,special_treatment
2014-10-31,7.74,9.29,7.74,9.29,6.45,113308,1052321.0,shares,0
2014-11-03,10.22,10.22,10.22,10.22,9.29,36365,371650.0,shares,0
2014-11-04,11.24,11.24,11.24,11.24,10.22,20459,229959.0,shares,0
2014-11-05,12.36,12.36,12.36,12.36,11.24,36500,451140.0,shares,0
2014-11-06,13.6,13.6,13.6,13.6,12.36,78400,1066240.0,shares,0
2014-11-07,14.96,14.96,14.96,14.96,13.6,112900,1688984.0,shares,0
2014-11-10,16.46,16.46,16.46,16.46,14.96,200386,3298354.0,shares,0
2014-11-11,18.11,18.11,18.11,18.11,16.46,333500,6039685.0,shares,0
2014-11-12,19.92,19.92,19.92,19.92,18.11,432600,8617392.0,shares,0
2014-11-13,21.91,21.91,21.91,21.91,19.92,443169,9709833.0,shares,0
2014-11-14,24.1,24.1,24.1,24.1,21.91,886700,21369470.0,shares,0
2014-11-17,26.51,26.51,25.5,26.51,24.1,19648563,519075104.0,shares,0
2014-11-18,27.88,29.16,26.05,26.53,26.51,37396680,1033567328.0,shares,0
2014-11-19,24.5,27.52,24.05,25.54,26.53,21013246,534495760.0,shares,0
2014-11-20,24.79,28.09,24.54,28.09,25.54,20657284,555718304.0,shares,0
2014-11-21,29.7,30.5,28.23,28.46,28.09,31769611,929473952.0,shares,0
2014-11-24,27.89,30.48,27.61,29.67,28.46,24397815,709445168.0,shares,0
2014-11-25,28.92,29.0,26.99,27.3,29.67,19010821,527849760.0,shares,0
2014-11-26,27.1,27.88,26.5,27.33,27.3,11124782,302900496.0,shares,0
2014-11-27,27.28,27.59,26.53,26.81,27.33,9242932,250221352.0,shares,0
2014-11-28,27.25,27.49,26.0,26.56,26.81,10009828,266766114.0,shares,0
2014-12-01,26.07,28.46,25.68,27.59,26.56,15901799,433331872.0,shares,0
2014-12-02,27.0,29.3,26.89,28.79,27.59,18062767,517753136.0,shares,0
2014-12-03,28.8,28.8,26.66,27.12,28.79,13610418,372575088.0,shares,0
2014-12-04,27.05,27.39,26.5,26.8,27.12,8660632,232073700.0,shares,0
2014-12-05,26.5,26.8,24.4,24.99,26.8,9658731,246687079.0,shares,0
2014-12-08,24.5,24.95,24.0,24.15,24.99,7521687,182459903.0,shares,0
2014-12-09,23.9,24.11,21.74,21.74,24.15,9759670,223623879.0,shares,0
2014-12-10,21.5,22.32,20.66,21.92,21.74,6010202,130294945.0,shares,0
2014-12-11,21.9,23.9,21.52,23.24,21.92,7414734,169616238.0,shares,0
2014-12-12,22.98,23.24,22.2,22.47,23.24,5240626,118405657.0,shares,0
2014-12-15,22.47,23.1,22.01,22.62,22.47,3952111,88980232.0,shares,0
2014-12-16,22.5,22.88,22.17,22.38,22.62,3286388,73615322.0,shares,0
2014-12-17,22.47,22.65,21.45,21.55,22.38,3939300,86490773.0,shares,0
2014-12-18,21.45,21.79,20.86,20.94,21.55,3377129,72083995.0,shares,0
2014-12-19,20.61,20.85,19.11,19.5,20.94,5226706,103700392.0,shares,0
2014-12-22,19.25,19.28,17.55,17.55,19.5,4706793,84564016.0,shares,0
2014-12-23,17.3,19.2,17.16,18.39,17.55,5202069,95831125.0,shares,0
2014-12-24,18.6,19.89,18.42,19.8,18.39,6256218,119688873.0,shares,0
2014-12-25,19.78,20.06,18.85,19.32,19.8,5672514,109903332.0,shares,0
2014-12-26,19.0,19.75,18.82,18.92,19.32,3418587,65121994.0,shares,0
2014-12-29,18.92,19.0,18.32,18.62,18.92,2922200,54081499.0,shares,0
2014-12-30,18.64,19.24,18.38,18.54,18.62,2883326,54078463.0,shares,0
2014-12-31,18.41,18.79,18.05,18.43,18.54,2596079,47694404.0,shares,0
2015-01-05,18.33,18.7,17.8,18.52,18.43,2935833,53814716.0,shares,0
2015-01-06,18.3,19.25,18.3,19.07,18.52,4057824,76588407.0,shares,0
2015-01-07,18.85,19.04,18.45,18.65,19.07,2896520,54175895.0,shares,0
2015-01-08,18.72,19.53,18.47,18.93,18.65,4648011,89125085.0,shares,0
2015-01-09,18.7,19.3,18.52,18.68,18.93,3621629,68369424.0,shares,0
2015-01-12,18.41,18.41,17.6,17.71,18.68,3279999,58735283.0,shares,0
2015-01-13,17.8,18.35,17.55,18.03,17.71,2483492,44578798.0,shares,0
2015-01-14,17.87,18.09,17.65,17.7,18.03,1858428,33147226.0,shares,0
2015-01-15,17.6,18.2,17.53,17.78,17.7,1908610,34083563.0,shares,0
2015-01-16,17.73,18.12,17.73,18.0,17.78,2162599,38885885.0,shares,0
2015-01-19,17.8,18.9,17.56,18.22,18.0,5011923,92106094.0,shares,0
2015-01-20,18.24,20.04,18.24,20.04,18.22,11039126,215730559.0,shares,0
2015-01-21,20.79,20.8,19.73,20.12,20.04,10765050,217715710.0,shares,0
2015-01-22,19.88,21.5,19.73,21.14,20.12,9818609,204016159.0,shares,0
2015-01-23,21.0,21.0,20.21,20.25,21.14,5984555,122488426.0,shares,0
2015-01-26,20.24,20.39,19.85,20.13,20.25,3246763,65107548.0,shares,0
2015-01-27,20.26,20.27,19.64,19.98,20.13,3684970,73379150.0,shares,0
2015-01-28,19.92,20.24,19.71,20.09,19.98,3245784,65135922.0,shares,0
2015-01-29,19.85,20.0,19.67,19.68,20.09,2296289,45502787.0,shares,0
2015-01-30,19.65,19.85,19.28,19.3,19.68,1904180,37131359.0,shares,0
2015-02-02,19.27,19.49,19.03,19.44,19.3,1462766,28255036.0,shares,0
2015-02-03,19.5,20.09,19.46,20.08,19.44,2679216,53294664.0,shares,0
2015-02-04,20.09,20.09,19.5,19.5,20.08,2331811,45997794.0,shares,0
2015-02-05,19.6,19.78,19.28,19.3,19.5,1940109,37735993.0,shares,0
2015-02-06,19.15,19.3,18.2,18.33,19.3,2535560,46962055.0,shares,0
2015-02-09,18.38,18.38,17.79,17.95,18.33,1478161,26670109.0,shares,0
2015-02-10,17.95,18.33,17.8,18.18,17.95,934320,16937058.0,shares,0
2015-02-11,18.18,18.38,18.12,18.25,18.18,806710,14757836.0,shares,0
2015-02-12,18.32,18.99,18.32,18.79,18.25,1411587,26415424.0,shares,0
2015-02-13,18.9,19.15,18.77,18.98,18.79,1627485,30933956.0,shares,0
2015-02-16,18.98,19.22,18.95,19.14,18.98,1018700,19477929.0,shares,0
2015-02-17,19.2,19.3,19.01,19.12,19.14,959391,18365199.0,shares,0
2015-02-25,19.25,19.25,18.67,18.79,19.12,1116721,21090783.0,shares,0
2015-02-26,18.65,19.1,18.65,19.09,18.79,1159557,21990073.0,shares,0
2015-02-27,19.1,19.16,18.94,19.04,19.09,1268000,24127044.0,shares,0
2015-03-02,19.08,19.5,18.92,19.48,19.04,2317302,44670205.0,shares,0
2015-03-03,19.4,19.45,19.15,19.2,19.48,2127973,41003396.0,shares,0
2015-03-04,19.21,19.4,19.16,19.38,19.2,1730134,33384959.0,shares,0
2015-03-05,19.39,19.97,19.18,19.87,19.38,3797737,74508313.0,shares,0
2015-03-06,19.87,19.98,19.4,19.67,19.87,2522610,49497122.0,shares,0
2015-03-09,19.65,19.65,19.4,19.51,19.67,1476794,28756124.0,shares,0
2015-03-10,19.56,19.78,19.43,19.74,19.51,1851120,36427705.0,shares,0
2015-03-11,19.76,19.8,19.25,19.34,19.74,2099110,40898336.0,shares,0
2015-03-12,19.3,19.42,18.9,18.98,19.34,2356580,44983874.0,shares,0
2015-03-13,18.99,19.4,18.99,19.29,18.98,1275210,24555751.0,shares,0
2015-03-16,19.34,19.84,19.34,19.82,19.29,3344263,65911256.0,shares,0
2015-03-17,19.94,20.68,19.75,20.67,19.82,5532174,111301064.0,shares,0
2015-03-18,20.65,21.06,20.31,20.9,20.67,6544983,135762937.0,shares,0
2015-03-19,20.92,21.59,20.8,21.06,20.9,6257757,132639646.0,shares,0
2015-03-20,21.06,21.28,20.83,20.87,21.06,3987581,83540775.0,shares,0
2015-03-23,21.13,21.19,20.84,21.14,20.87,4318737,90528421.0,shares,0
2015-03-24,21.3,21.35,20.27,20.68,21.14,4551317,94391400.0,shares,0
2015-03-25,20.64,21.47,20.4,21.42,20.68,6635233,139856629.0,shares,0
2015-03-26,21.37,21.88,21.08,21.26,21.42,4908633,105006009.0,shares,0
2015-03-27,20.8,21.35,20.8,21.23,21.26,2627863,55550601.0,shares,0
2015-03-30,21.4,21.45,21.13,21.29,21.23,3292428,70000705.0,shares,0
2015-03-31,21.3,21.85,21.15,21.64,21.29,6038323,129889095.0,shares,0
2015-04-01,21.68,22.98,21.41,22.57,21.64,8655390,192378285.0,shares,0
2015-04-02,22.76,22.78,22.02,22.53,22.57,5836066,131244575.0,shares,0
2015-04-03,22.4,23.19,22.12,23.06,22.53,6720693,153431543.0,shares,0
2015-04-07,23.31,23.6,23.0,23.52,23.06,6291579,147022195.0,shares,0
2015-04-08,23.79,23.79,22.5,22.83,23.52,6616373,153115008.0,shares,0
2015-04-09,22.81,22.81,21.34,22.06,22.83,5111657,112385349.0,shares,0
2015-04-10,22.09,22.7,21.96,22.55,22.06,3802656,85295870.0,shares,0
2015-04-13,22.56,23.74,22.56,23.64,22.55,6330714,148221101.0,shares,0
2015-04-14,23.6,24.53,23.3,23.49,23.64,6853421,163879679.0,shares,0
2015-04-15,22.89,23.16,21.96,22.0,23.49,5821709,130833610.0,shares,0
2015-04-16,21.5,22.24,21.0,21.92,22.0,3536204,76669457.0,shares,0
2015-04-17,22.22,24.11,22.16,24.11,21.92,9284353,219783191.0,shares,0
2015-04-20,24.6,25.48,23.7,23.71,24.11,18076619,442659824.0,shares,0
2015-04-21,23.3,24.23,23.05,24.2,23.71,7196769,170921173.0,shares,0
2015-04-22,24.33,24.79,24.0,24.64,24.2,8915017,218221793.0,shares,0
2015-04-23,24.79,24.84,24.0,24.2,24.64,6272923,152464424.0,shares,0
2015-04-24,23.75,24.0,23.47,23.77,24.2,4647036,110266532.0,shares,0
2015-04-27,23.9,24.24,23.71,23.99,23.77,4552044,109058007.0,shares,0
2015-04-28,24.0,24.0,22.55,22.78,23.99,4527311,104837755.0,shares,0
2015-04-29,22.82,23.31,22.8,23.3,22.78,2844477,65833604.0,shares,0
2015-04-30,23.46,23.72,22.9,22.93,23.3,2958959,69079425.0,shares,0
2015-05-04,22.67,23.34,22.66,23.06,22.93,2399488,55283856.0,shares,0
2015-05-05,23.08,23.56,22.8,23.48,23.06,4129332,95914818.0,shares,0
2015-05-06,23.42,23.95,22.5,22.88,23.48,5236448,123425406.0,shares,0
2015-05-07,22.79,22.79,21.45,21.45,22.88,3542900,77786058.0,shares,0
2015-05-08,22.0,22.1,21.54,22.07,21.45,2754574,60135726.0,shares,0
2015-05-11,22.4,23.24,22.12,23.24,22.07,3777026,86004618.0,shares,0
2015-05-12,23.35,25.56,23.35,25.56,23.24,10818045,265109630.0,shares,0
2015-05-13,25.82,26.6,24.68,25.88,25.56,16714356,428350800.0,shares,0
2015-05-14,25.75,28.47,25.33,28.47,25.88,19392048,531876752.0,shares,0
2015-05-15,29.0,29.9,27.26,28.43,28.47,19634276,558592640.0,shares,0
2015-05-18,27.75,31.27,27.5,30.22,28.43,15334057,456010448.0,shares,0
2015-05-19,30.5,30.5,28.82,29.26,30.22,12527872,368257344.0,shares,0
2015-05-20,28.88,29.77,28.21,28.29,29.26,10844869,315525104.0,shares,0
2015-05-21,28.0,31.11,27.67,30.52,28.29,12453791,363596080.0,shares,0
2015-05-22,30.61,33.57,29.5,31.88,30.52,15464601,481868032.0,shares,0
2015-05-25,31.01,34.0,30.66,33.06,31.88,12117290,397276192.0,shares,0
2015-05-26,33.2,36.0,32.78,35.29,33.06,11071216,380782400.0,shares,0
2015-05-27,35.2,38.82,34.06,38.82,35.29,12484064,455929312.0,shares,0
2015-05-28,40.04,42.7,36.1,36.42,38.82,19226301,794133536.0,shares,0
2015-05-29,34.0,37.23,34.0,34.92,36.42,13184055,467886464.0,shares,0
2015-06-01,35.19,36.0,33.6,35.5,34.92,9785706,342111248.0,shares,0
2015-06-02,35.57,38.85,35.57,37.94,35.5,9843034,361619232.0,shares,0
2015-06-03,37.99,41.0,36.0,38.95,37.94,8996048,341358848.0,shares,0
2015-06-04,38.01,41.98,35.18,37.68,38.95,11562045,445840672.0,shares,0
2015-06-05,37.63,40.0,37.36,37.86,37.68,12381530,478741712.0,shares,0
2015-06-08,37.3,37.32,34.07,34.07,37.86,10822748,376635904.0,shares,0
2015-06-09,33.98,34.68,32.12,34.07,34.07,6024674,202120594.0,shares,0
2015-06-10,34.11,36.91,33.5,35.37,34.07,9293274,330723968.0,shares,0
2015-06-11,35.3,36.0,34.9,35.75,35.37,5241455,186706143.0,shares,0
2015-06-12,35.77,36.19,35.26,35.59,35.75,4987903,177481521.0,shares,0
2015-06-15,34.69,34.99,32.48,32.58,35.09,5309054,176482025.0,shares,0
2015-06-16,32.0,32.01,29.97,30.67,32.58,5160097,159425186.0,shares,0
2015-06-17,30.55,31.44,29.28,31.26,30.67,4215529,128758053.0,shares,0
2015-06-18,31.2,31.8,29.63,29.84,31.26,3520480,109036733.0,shares,0
2015-06-19,28.9,31.08,27.8,29.26,29.84,4281212,125822011.0,shares,0
2015-06-23,29.2,31.27,28.4,31.22,29.26,5107921,153959847.0,shares,0
2015-06-24,31.6,34.34,31.6,34.34,31.22,12166654,406145104.0,shares,0
2015-06-25,34.98,37.75,32.14,33.71,34.34,17347889,616556032.0,shares,0
2015-06-26,31.0,32.7,30.34,30.34,33.71,5187273,161522930.0,shares,0
2015-06-29,30.58,32.46,27.31,27.31,30.34,9006598,262625322.0,shares,0
2015-06-30,26.06,29.0,24.58,28.11,27.31,7590584,200945806.0,shares,0
2015-07-01,27.86,28.6,25.3,25.3,28.11,5486552,149228904.0,shares,0
2015-07-02,24.06,25.3,22.77,22.77,25.3,5336000,124656068.0,shares,0
2015-07-03,21.9,22.55,20.49,20.49,22.77,4662813,97483558.0,shares,0
2015-07-06,22.52,22.52,18.44,18.44,20.49,6056167,120729656.0,shares,0
2015-07-07,17.3,18.66,16.6,16.6,18.44,3491213,59520812.0,shares,0
2015-07-13,18.26,18.26,18.26,18.26,16.6,119120,2175131.0,shares,0
2015-07-14,20.09,20.09,20.09,20.09,18.26,281630,5657947.0,shares,0
2015-07-15,21.88,21.88,18.08,18.08,20.09,9447759,186937866.0,shares,0
2015-07-16,16.27,19.2,16.27,18.43,18.08,5877650,106237434.0,shares,0
2015-07-17,18.52,20.27,18.46,20.14,18.43,5838989,114394564.0,shares,0
2015-07-20,20.2,22.0,20.1,21.2,20.14,8875990,186967377.0,shares,0
2015-07-21,20.6,22.78,20.53,22.6,21.2,7366549,159135551.0,shares,0
2015-07-22,22.56,23.15,22.05,22.56,22.6,6387708,143920761.0,shares,0
2015-07-23,22.66,24.82,22.47,24.82,22.56,13370429,323391728.0,shares,0
2015-07-24,25.5,27.3,25.01,26.72,24.82,20567832,547796464.0,shares,0
2015-07-27,25.1,25.97,24.05,24.05,26.72,11899595,297152544.0,shares,0
2015-07-28,21.65,24.0,21.65,21.65,24.05,10333620,226367140.0,shares,0
2015-07-29,22.01,23.82,21.6,23.82,21.65,12560589,286380576.0,shares,0
2015-07-30,24.3,26.0,23.85,24.35,23.82,14764123,367018480.0,shares,0
2015-07-31,23.51,26.7,23.0,26.52,24.35,19013715,481815152.0,shares,0
2015-08-03,25.18,26.28,23.87,23.87,26.52,11047199,275111664.0,shares,0
2015-08-04,23.49,25.74,23.0,25.5,23.87,9641907,235327883.0,shares,0
2015-08-05,25.06,26.18,24.43,25.04,25.5,9180799,232845066.0,shares,0
2015-08-06,24.5,25.0,23.54,23.77,25.04,5214448,126873131.0,shares,0
2015-08-07,24.02,24.88,24.01,24.44,23.77,4287445,104811726.0,shares,0
2015-08-10,24.7,25.67,24.5,25.43,24.44,6802393,171877322.0,shares,0
2015-08-11,25.36,26.45,25.28,25.6,25.43,7126344,184312512.0,shares,0
2015-08-12,25.14,25.56,24.01,24.22,25.6,5673870,141319187.0,shares,0
2015-08-13,24.0,26.64,21.8,26.07,24.22,11363515,280478256.0,shares,0
2015-08-14,25.98,27.38,25.67,25.81,26.07,13343972,354129808.0,shares,0
2015-08-17,25.05,25.62,24.6,25.28,25.81,6417898,161150443.0,shares,0
2015-08-18,25.03,26.1,22.75,22.81,25.28,8005406,195447802.0,shares,0
2015-08-19,22.78,23.6,20.83,23.39,22.81,5361792,121692356.0,shares,0
2015-08-20,22.85,22.99,21.7,21.77,23.39,4816557,107773218.0,shares,0
2015-08-21,21.43,21.65,19.69,19.74,21.77,4709856,96883304.0,shares,0
2015-08-24,18.05,19.0,17.77,17.77,19.74,2825730,50795975.0,shares,0
2015-08-25,15.99,17.08,15.99,15.99,17.77,3939742,63997827.0,shares,0
2015-08-26,16.35,17.15,15.2,15.99,15.99,5313411,86614674.0,shares,0
2015-08-27,16.36,16.97,15.41,16.85,15.99,3531632,57543003.0,shares,0
2015-08-28,16.96,18.19,16.68,18.07,16.85,5132014,88437620.0,shares,0
2015-08-31,17.6,17.8,16.5,16.56,18.07,3878466,66600687.0,shares,0
2015-09-01,16.77,16.77,14.9,14.91,16.56,3724284,57581665.0,shares,0
2015-09-02,14.2,15.5,13.87,13.92,14.91,3284672,47548900.0,shares,0
2015-09-07,14.3,14.85,14.0,14.36,13.92,2524023,36653446.0,shares,0
2015-09-08,14.4,15.75,14.11,15.58,14.36,3149914,47102594.0,shares,0
2015-09-09,15.57,16.5,15.4,16.47,15.58,4726784,75802835.0,shares,0
2015-09-10,16.05,16.38,15.8,15.82,16.47,3222417,51753800.0,shares,0
2015-09-11,15.82,16.15,15.8,16.11,15.82,2339960,37435020.0,shares,0
2015-09-14,16.23,16.49,14.5,14.53,16.11,3071532,46795485.0,shares,0
2015-09-15,14.01,14.48,13.1,13.18,14.53,2277867,31516476.0,shares,0
2015-09-16,13.36,14.5,13.36,14.5,13.18,2496693,34794279.0,shares,0
2015-09-17,14.5,15.08,14.01,14.05,14.5,3192806,46667029.0,shares,0
2015-09-18,14.26,14.6,13.98,14.5,14.05,2137399,30660779.0,shares,0
2015-09-21,14.38,15.26,14.18,15.23,14.5,3079948,45747665.0,shares,0
2015-09-22,15.1,15.55,14.98,15.26,15.23,3891584,59506245.0,shares,0
2015-09-23,14.91,15.46,14.8,15.16,15.26,2801567,42325580.0,shares,0
2015-09-24,15.26,15.83,15.26,15.64,15.16,2924349,45447746.0,shares,0
2015-09-25,15.48,15.75,14.67,14.79,15.64,2882125,43658467.0,shares,0
2015-09-28,14.79,15.38,14.62,15.28,14.79,1829690,27478489.0,shares,0
2015-09-29,15.0,15.15,14.8,14.91,15.28,1439900,21538506.0,shares,0
2015-09-30,14.97,16.31,14.85,15.79,14.91,3803474,59338526.0,shares,0
2015-10-08,16.2,16.81,16.0,16.56,15.79,4017579,66180208.0,shares,0
2015-10-09,16.35,16.7,16.23,16.55,16.56,3354204,55372150.0,shares,0
2015-10-12,16.66,17.45,16.54,17.2,16.55,4240794,72499114.0,shares,0
2015-10-13,16.93,17.97,16.87,17.63,17.2,4185403,73505468.0,shares,0
2015-10-14,17.32,17.59,16.9,16.92,17.63,4036437,69485661.0,shares,0
2015-10-15,16.94,17.53,16.92,17.49,16.92,3309966,57121960.0,shares,0
2015-10-16,17.62,18.28,17.51,17.95,17.49,4737056,84731514.0,shares,0
2015-10-19,17.94,18.36,17.71,17.94,17.95,4457413,80411249.0,shares,0
2015-10-20,17.77,18.34,17.77,18.31,17.94,3961321,71556274.0,shares,0
2015-10-21,18.31,18.63,16.5,16.54,18.31,5259493,93269331.0,shares,0
2015-10-22,16.53,17.2,16.48,17.19,16.54,3326335,56120058.0,shares,0
2015-10-23,17.19,18.28,17.15,17.98,17.19,4146497,72866116.0,shares,0
2015-10-26,17.91,18.63,17.91,18.28,17.98,4140451,75568256.0,shares,0
2015-10-27,18.07,18.35,17.1,18.16,18.28,3663003,65238495.0,shares,0
2015-10-28,18.01,18.97,17.9,18.62,18.16,5677139,105204597.0,shares,0
2015-10-29,18.9,18.98,18.2,18.66,18.62,4629816,86476267.0,shares,0
2015-10-30,18.5,18.86,18.15,18.37,18.66,3249431,60023205.0,shares,0
2015-11-02,17.93,19.33,17.74,18.81,18.37,5887814,110873767.0,shares,0
2015-11-03,18.72,19.8,18.43,19.64,18.81,7093789,136368469.0,shares,0
2015-11-04,19.7,20.54,19.42,20.38,19.64,7050854,140780571.0,shares,0
2015-11-05,20.3,20.98,20.01,20.41,20.38,6410614,131040168.0,shares,0
2015-11-06,20.2,22.45,20.18,22.23,20.41,11318975,247589971.0,shares,0
2015-11-09,21.78,22.97,21.2,22.74,22.23,9588806,211623124.0,shares,0
2015-11-10,22.25,22.6,21.61,22.09,22.74,5759454,127655911.0,shares,0
2015-11-11,22.05,22.95,21.9,22.72,22.09,4570288,102949554.0,shares,0
2015-11-12,22.82,24.71,22.65,24.23,22.72,8170486,193513849.0,shares,0
2015-11-13,23.66,24.19,22.11,22.3,24.23,6041498,139261564.0,shares,0
2015-11-16,21.85,22.91,21.4,22.59,22.3,3384487,75190382.0,shares,0
2015-11-17,22.55,23.34,22.18,22.25,22.59,4371123,99782811.0,shares,0
2015-11-18,22.15,22.68,20.8,20.83,22.25,5417276,117186090.0,shares,0
2015-11-19,20.91,22.91,20.9,22.91,20.83,4082006,91249689.0,shares,0
2015-11-20,24.5,24.5,23.1,23.6,22.91,12406260,296210960.0,shares,0
2015-11-23,23.4,24.45,22.82,22.99,23.6,7980200,188223448.0,shares,0
2015-11-24,23.37,23.91,22.75,23.87,22.99,5115989,119802334.0,shares,0
2015-11-25,23.86,24.08,23.5,23.87,23.87,4933104,117192692.0,shares,0
2015-11-26,24.05,24.45,23.56,23.61,23.87,5798213,139455956.0,shares,0
2015-11-27,23.33,23.76,21.41,21.59,23.61,5653596,128629031.0,shares,0
2015-11-30,21.59,21.98,19.95,21.85,21.59,5285279,111613084.0,shares,0
2015-12-01,21.79,22.28,21.1,22.01,21.85,3620324,79000342.0,shares,0
2015-12-02,21.7,21.9,20.2,20.9,22.01,3286135,69157910.0,shares,0
2015-12-03,20.95,21.58,20.95,21.44,20.9,2407960,51358225.0,shares,0
2015-12-04,21.45,21.91,21.31,21.76,21.44,3223040,69924026.0,shares,0
2015-12-07,21.95,23.35,21.67,22.81,21.76,4987604,112887748.0,shares,0
2015-12-08,22.65,23.09,22.21,22.35,22.81,3734930,84548771.0,shares,0
2015-12-09,22.2,22.47,21.61,21.81,22.35,2754163,60721216.0,shares,0
2015-12-10,21.98,21.98,21.11,21.23,21.81,2486134,53497880.0,shares,0
2015-12-11,21.23,21.56,20.85,21.3,21.23,1614933,34339562.0,shares,0
2015-12-14,21.28,21.97,21.0,21.95,21.3,1710966,36689179.0,shares,0
2015-12-15,21.96,22.74,21.9,22.36,21.95,2339262,52396666.0,shares,0
2015-12-16,22.57,23.17,22.5,22.83,22.36,3896920,89147898.0,shares,0
2015-12-17,22.86,23.85,22.86,23.58,22.83,4977466,116517129.0,shares,0
2015-12-18,23.88,24.44,23.15,23.91,23.58,6816587,162909735.0,shares,0
2015-12-21,24.05,24.76,23.82,24.03,23.91,5276217,128351937.0,shares,0
2015-12-22,24.06,24.92,24.06,24.84,24.03,5069181,124535205.0,shares,0
2015-12-23,24.62,25.18,24.0,24.09,24.84,5590291,137693294.0,shares,0
2015-12-24,23.71,23.99,23.25,23.88,24.09,3749945,88303455.0,shares,0
2015-12-25,23.95,25.73,23.8,25.64,23.88,4785349,117885977.0,shares,0
2015-12-28,25.4,26.24,24.91,25.55,25.64,8859115,226672797.0,shares,0
2015-12-29,25.15,25.78,24.98,25.37,25.55,4215845,106600393.0,shares,0
2015-12-30,25.16,25.6,24.62,25.14,25.37,5215574,130130417.0,shares,0
2015-12-31,25.13,25.13,23.89,23.92,25.14,3836931,93715657.0,shares,0
2016-01-04,23.91,23.91,21.53,21.53,23.92,3404441,76576313.0,shares,0
2016-01-05,20.13,21.48,19.5,20.28,21.53,4677184,95654696.0,shares,0
2016-01-06,20.67,21.17,20.25,21.04,20.28,2986501,61893422.0,shares,0
2016-01-07,20.6,20.6,18.94,18.94,21.04,857400,16863795.0,shares,0
2016-01-08,19.52,19.8,17.28,19.01,18.94,3631268,69119611.0,shares,0
2016-01-11,18.53,18.95,17.11,17.11,19.01,3051459,54538155.0,shares,0
2016-01-12,17.16,17.74,16.7,17.41,17.11,2077948,35907102.0,shares,0
2016-01-13,17.77,17.8,16.7,16.74,17.41,2006028,34903487.0,shares,0
2016-01-14,16.06,17.55,15.92,17.47,16.74,1949236,32839152.0,shares,0
2016-01-15,17.15,17.6,16.3,16.54,17.47,2090021,35458401.0,shares,0
2016-01-18,16.25,17.32,16.13,16.98,16.54,1752483,29532372.0,shares,0
2016-01-19,16.99,17.78,16.83,17.65,16.98,2339491,40540690.0,shares,0
2016-01-20,17.4,17.95,17.3,17.64,17.65,2548754,44888669.0,shares,0
2016-01-21,17.41,17.87,16.84,16.87,17.64,2268326,39631433.0,shares,0
2016-01-22,17.0,17.36,16.53,17.2,16.87,1875141,31967637.0,shares,0
2016-01-25,17.29,17.9,17.25,17.66,17.2,2078042,36537287.0,shares,0
2016-01-26,17.5,17.74,16.17,16.28,17.66,2266182,38562919.0,shares,0
2016-01-27,16.46,16.8,15.15,16.01,16.28,2179345,34550693.0,shares,0
2016-01-28,15.58,16.09,14.5,14.74,16.01,1467311,22665436.0,shares,0
2016-01-29,14.73,15.98,14.61,15.65,14.74,1967205,30221232.0,shares,0
2016-02-01,15.8,16.35,15.66,15.96,15.65,1670105,26734966.0,shares,0
2016-02-02,15.79,16.8,15.71,16.58,15.96,1553457,25680982.0,shares,0
2016-02-03,16.23,16.84,16.2,16.79,16.58,1434515,23803524.0,shares,0
2016-02-04,16.79,17.38,16.51,17.14,16.79,1727940,29638827.0,shares,0
2016-02-05,17.35,17.35,17.01,17.06,17.14,1257800,21566267.0,shares,0
2016-02-15,16.32,17.26,16.16,17.01,17.06,1320777,22283658.0,shares,0
2016-02-16,17.2,17.66,17.06,17.58,17.01,1644332,28772596.0,shares,0
2016-02-17,17.49,17.75,17.31,17.68,17.58,1733152,30429486.0,shares,0
2016-02-18,17.85,17.96,17.4,17.42,17.68,1661305,29388206.0,shares,0
2016-02-19,17.5,17.68,17.41,17.55,17.42,1181953,20769309.0,shares,0
2016-02-22,18.0,18.09,17.75,17.92,17.55,1714050,30712689.0,shares,0
2016-02-23,18.5,18.5,17.66,17.99,17.92,2392619,43218289.0,shares,0
2016-02-24,17.8,18.16,17.29,17.9,17.99,1659434,29510272.0,shares,0
2016-02-25,17.85,17.85,16.12,16.13,17.9,2444777,41244676.0,shares,0
2016-02-26,16.3,16.63,15.79,16.15,16.13,1408517,22946262.0,shares,0
2016-02-29,15.87,16.6,14.66,15.03,16.15,1881928,28618679.0,shares,0
2016-03-01,15.08,15.61,15.04,15.58,15.03,1613050,24783804.0,shares,0
2016-03-02,15.48,16.46,15.45,16.38,15.58,1840774,29454472.0,shares,0
2016-03-03,16.38,16.75,16.16,16.51,16.38,2048987,33927558.0,shares,0
2016-03-04,16.63,16.63,15.27,15.83,16.51,1839274,29505037.0,shares,0
2016-03-07,15.99,16.3,15.99,16.27,15.83,1548846,25061195.0,shares,0
2016-03-08,16.27,17.79,16.1,17.73,16.27,5907567,100584334.0,shares,0
2016-03-09,17.05,17.3,16.6,16.71,17.73,3763473,63837663.0,shares,0
2016-03-10,16.7,16.93,16.12,16.17,16.71,1679736,27650554.0,shares,0
2016-03-11,16.0,16.24,15.62,16.22,16.17,1323625,21199258.0,shares,0
2016-03-14,16.35,17.18,16.35,16.94,16.22,2131604,36124624.0,shares,0
2016-03-15,17.01,17.01,16.47,16.65,16.94,1732172,28921329.0,shares,0
2016-03-16,16.68,16.88,16.4,16.5,16.65,1720424,28581043.0,shares,0
2016-03-17,16.5,17.12,16.5,16.99,16.5,2252188,37972484.0,shares,0
2016-03-18,17.0,17.69,17.0,17.59,16.99,3760127,65395859.0,shares,0
2016-03-21,17.94,17.97,17.5,17.9,17.59,3239724,57428618.0,shares,0
2016-03-22,17.71,18.47,17.57,18.46,17.9,4426369,80355653.0,shares,0
2016-03-23,18.46,18.82,18.22,18.79,18.46,3012675,55590768.0,shares,0
2016-03-24,18.5,19.88,18.3,18.97,18.79,4880362,94152498.0,shares,0
2016-03-25,18.61,19.5,18.61,19.22,18.97,2642213,50271119.0,shares,0
2016-03-28,19.02,19.5,18.68,18.75,19.22,2458460,46980053.0,shares,0
2016-03-29,18.7,18.9,17.93,18.36,18.75,2224935,40644430.0,shares,0
2016-03-30,18.5,20.2,18.3,19.96,18.36,5762432,112296809.0,shares,0
2016-03-31,19.7,20.35,19.35,19.39,19.96,7385816,145891794.0,shares,0
2016-04-01,19.48,19.48,18.35,18.7,19.39,4811011,90020290.0,shares,0
2016-04-05,18.65,19.27,18.58,19.21,18.7,3105526,59065643.0,shares,0
2016-04-06,19.1,19.38,19.02,19.21,19.21,2551368,48987105.0,shares,0
2016-04-07,19.2,19.54,18.86,18.87,19.21,2651028,50830091.0,shares,0
2016-04-08,18.55,19.15,18.55,18.99,18.87,1837052,34574990.0,shares,0
2016-04-11,19.18,19.77,19.02,19.57,18.99,2882379,56340671.0,shares,0
2016-04-12,19.35,20.25,19.35,20.2,19.57,5177663,103116909.0,shares,0
2016-04-13,20.3,21.17,20.11,20.59,20.2,7120707,146806408.0,shares,0
2016-04-14,20.52,21.83,20.32,21.72,20.59,6170431,129921492.0,shares,0
2016-04-15,21.5,21.99,20.89,21.97,21.72,5589125,119826964.0,shares,0
2016-04-18,21.6,22.8,20.96,22.45,21.97,8146087,178471729.0,shares,0
2016-04-19,20.4,20.91,20.21,20.21,22.45,12149492,249219597.0,shares,0
2016-04-20,19.99,20.47,18.4,18.91,20.21,6620344,129331520.0,shares,0
2016-04-21,18.6,19.1,18.0,18.39,18.91,4024574,75234136.0,shares,0
2016-04-22,18.09,18.64,18.09,18.55,18.39,2411563,44208094.0,shares,0
2016-04-25,18.39,18.68,18.09,18.49,18.55,2129552,39106793.0,shares,0
2016-04-26,18.46,18.8,18.33,18.78,18.49,2050482,38018315.0,shares,0
2016-04-27,18.69,18.88,18.32,18.43,18.78,2576128,48059330.0,shares,0
2016-04-28,18.39,18.54,17.64,18.14,18.43,2403411,43267835.0,shares,0
2016-04-29,17.99,18.0,17.62,17.74,18.14,3030713,53931536.0,shares,0
2016-05-03,17.79,18.81,17.66,18.8,17.74,3734855,68514581.0,shares,0
2016-05-04,18.55,18.99,18.52,18.75,18.8,2458485,46151758.0,shares,0
2016-05-05,18.63,19.09,18.61,19.02,18.75,2188475,41317029.0,shares,0
2016-05-06,18.95,19.1,18.13,18.15,19.02,3006913,55884377.0,shares,0
2016-05-09,18.08,18.1,16.78,16.93,18.15,2365036,40984126.0,shares,0
2016-05-10,17.12,17.29,16.61,17.13,16.93,1252075,21410545.0,shares,0
2016-05-11,17.24,17.35,16.85,16.88,17.13,1051075,18002258.0,shares,0
2016-05-12,16.78,17.2,16.26,17.12,16.88,1229185,20710333.0,shares,0
2016-05-13,17.15,17.5,16.83,16.96,17.12,1318910,22586772.0,shares,0
2016-05-16,16.96,17.27,16.66,17.26,16.96,1345603,22937135.0,shares,0
2016-05-17,17.21,17.47,17.06,17.23,17.26,1296200,22393973.0,shares,0
2016-05-18,16.9,17.35,16.2,16.81,17.23,1516912,25335734.0,shares,0
2016-05-19,16.7,17.49,16.7,17.44,16.81,2310662,39584575.0,shares,0
2016-05-20,17.7,18.26,17.31,18.16,17.44,5577322,99279631.0,shares,0
2016-05-23,18.0,18.12,17.8,17.94,18.16,3732522,66862654.0,shares,0
2016-05-24,17.85,17.96,17.28,17.47,17.94,2820921,49508864.0,shares,0
2016-05-25,17.6,17.81,17.31,17.35,17.47,1734172,30403289.0,shares,0
2016-05-26,17.26,17.45,16.71,17.19,17.35,2405875,40987584.0,shares,0
2016-05-27,17.09,17.29,17.08,17.11,17.19,1997997,34328446.0,shares,0
2016-05-30,16.9,17.46,16.7,17.02,17.11,2360324,40503743.0,shares,0
2016-05-31,17.11,17.89,17.11,17.78,17.02,3639287,64205543.0,shares,0
2016-06-01,17.88,18.18,17.66,18.0,17.78,3868216,69423237.0,shares,0
2016-06-02,18.0,18.2,17.9,18.16,18.0,2907734,52498894.0,shares,0
2016-06-03,18.13,18.29,17.91,18.17,18.16,3193183,57815586.0,shares,0
2016-06-06,18.18,18.77,18.18,18.61,18.17,4308289,79719211.0,shares,0
2016-06-07,18.6,18.88,18.28,18.78,18.61,3459095,64228875.0,shares,0
2016-06-08,18.88,19.88,18.58,19.41,18.78,6647232,127877158.0,shares,0
2016-06-13,19.3,19.31,17.66,17.79,19.41,5352961,99929812.0,shares,0
2016-06-14,17.7,17.85,17.38,17.81,17.79,3260997,57414457.0,shares,0
2016-06-15,17.75,18.74,17.42,18.57,17.81,3741539,68798539.0,shares,0
2016-06-16,18.57,19.29,18.51,18.89,18.57,5088933,96741906.0,shares,0
2016-06-17,19.0,19.2,18.67,18.9,18.89,3937918,74417305.0,shares,0
2016-06-20,18.92,19.48,18.82,19.43,18.9,3981573,76569076.0,shares,0
2016-06-21,19.5,19.6,18.53,18.82,19.43,4165374,79709570.0,shares,0
2016-06-22,18.8,19.2,18.61,19.16,18.82,2982150,56550684.0,shares,0
2016-06-23,19.22,19.34,18.72,18.93,19.16,3162859,60039076.0,shares,0
2016-06-24,18.92,19.05,17.9,18.51,18.83,2822419,52214070.0,shares,0
2016-06-27,18.7,19.79,18.56,19.58,18.51,6570139,127445250.0,shares,0
2016-06-28,19.58,20.38,19.41,20.29,19.58,7585732,150877577.0,shares,0
2016-06-29,20.2,20.38,19.86,20.26,20.29,5331698,107265977.0,shares,0
2016-06-30,20.37,21.85,20.37,20.82,20.26,10306553,218216022.0,shares,0
2016-07-01,20.88,21.69,20.66,21.58,20.82,9215940,195263416.0,shares,0
2016-07-04,21.23,22.51,21.0,21.83,21.58,9800469,215661628.0,shares,0
2016-07-05,21.95,22.04,21.61,21.91,21.83,4875234,106389668.0,shares,0
2016-07-06,22.05,22.98,21.86,22.4,21.91,7745206,174259035.0,shares,0
2016-07-07,22.02,22.24,21.37,21.64,22.4,7350371,159007979.0,shares,0
2016-07-08,21.53,21.81,21.31,21.53,21.64,4836593,104026703.0,shares,0
2016-07-11,21.5,21.98,21.4,21.44,21.53,5057263,109842922.0,shares,0
2016-07-12,21.33,21.45,20.33,21.11,21.44,6518212,136200654.0,shares,0
2016-07-13,21.15,21.66,21.08,21.6,21.11,4383190,94073184.0,shares,0
2016-07-14,21.56,21.56,21.2,21.34,21.6,2522151,53747665.0,shares,0
2016-07-15,21.29,21.65,21.1,21.48,21.34,2758506,58974864.0,shares,0
2016-07-18,21.35,21.36,20.77,21.07,21.48,3006177,63169800.0,shares,0
2016-07-19,21.06,21.5,20.92,21.46,21.07,2751253,58446597.0,shares,0
2016-07-20,21.44,21.64,21.11,21.39,21.46,2934542,62716012.0,shares,0
2016-07-21,21.29,21.46,21.12,21.2,21.39,2909101,61895904.0,shares,0
2016-07-22,21.4,21.4,20.62,20.81,21.2,3033842,63445879.0,shares,0
2016-07-25,20.51,20.85,20.47,20.64,20.81,1908700,39408492.0,shares,0
2016-07-26,20.54,20.99,20.5,20.9,20.64,2166946,45033491.0,shares,0
2016-07-27,20.95,20.99,19.08,19.22,20.9,4646682,92134981.0,shares,0
2016-07-28,19.28,19.55,19.02,19.38,19.22,2595664,50030962.0,shares,0
2016-07-29,19.39,19.47,18.77,19.04,19.38,1968556,37522553.0,shares,0
2016-08-01,19.2,19.37,18.6,19.13,19.04,2318367,43920517.0,shares,0
2016-08-02,18.98,19.38,18.98,19.34,19.13,1378052,26582103.0,shares,0
2016-08-03,19.34,19.46,19.2,19.38,19.34,1143652,22152952.0,shares,0
2016-08-04,19.35,19.5,19.21,19.46,19.38,1602959,31028553.0,shares,0
2016-08-05,19.4,19.55,19.28,19.32,19.46,1303859,25334010.0,shares,0
2016-08-08,19.27,19.48,18.98,19.45,19.32,1617612,30999698.0,shares,0
2016-08-09,19.35,19.98,19.35,19.89,19.45,1879662,36897969.0,shares,0
2016-08-10,19.94,19.94,19.71,19.79,19.89,1576655,31237160.0,shares,0
2016-08-11,19.7,19.7,18.87,18.89,19.79,4521718,86845665.0,shares,0
2016-08-12,18.9,19.25,18.86,19.19,18.89,1759232,33556994.0,shares,0
2016-08-15,19.11,19.84,19.11,19.81,19.19,2710379,53123732.0,shares,0
2016-08-16,19.8,20.11,19.71,19.96,19.81,2013194,40046180.0,shares,0
2016-08-17,19.9,20.09,19.66,19.99,19.96,2621045,51853003.0,shares,0
2016-08-18,19.86,19.94,19.68,19.74,19.99,2637478,52177227.0,shares,0
2016-08-19,19.5,19.54,19.25,19.46,19.74,3576268,69246160.0,shares,0
2016-08-22,19.52,19.75,19.35,19.53,19.46,2984715,58340787.0,shares,0
2016-08-23,19.48,19.71,19.35,19.46,19.53,1349789,26321801.0,shares,0
2016-08-24,19.97,19.97,19.52,19.64,19.46,2288422,45065419.0,shares,0
2016-08-25,19.6,19.6,18.5,19.32,19.64,1847442,35578421.0,shares,0
2016-08-26,19.27,19.74,19.27,19.58,19.32,2204494,43221239.0,shares,0
2016-08-29,19.43,19.81,19.43,19.66,19.58,1757838,34587652.0,shares,0
2016-08-30,19.72,19.77,19.56,19.62,19.66,1808312,35518225.0,shares,0
2016-08-31,19.63,19.67,19.42,19.54,19.62,1561459,30499036.0,shares,0
2016-09-01,19.55,19.9,19.51,19.68,19.54,2928470,57686031.0,shares,0
2016-09-02,19.72,19.85,19.43,19.63,19.68,2291732,45031027.0,shares,0
2016-09-05,19.6,19.76,19.44,19.64,19.63,2429319,47701242.0,shares,0
2016-09-06,19.63,19.83,19.26,19.8,19.64,2595465,50830357.0,shares,0
2016-09-07,19.75,20.46,19.71,20.17,19.8,4807574,96903223.0,shares,0
2016-09-08,20.2,20.35,19.9,20.27,20.17,2864602,57841022.0,shares,0
2016-09-09,20.28,20.35,19.8,19.81,20.27,2557193,51260006.0,shares,0
2016-09-12,19.3,19.5,19.03,19.06,19.81,2214277,42623014.0,shares,0
2016-09-13,19.11,19.85,19.08,19.79,19.06,2791178,54353658.0,shares,0
2016-09-14,19.59,19.78,19.38,19.61,19.79,2166172,42421346.0,shares,0
2016-09-19,19.61,19.78,19.54,19.77,19.61,1708249,33564319.0,shares,0
2016-09-20,19.73,19.8,19.52,19.73,19.77,1427513,28020380.0,shares,0
2016-09-21,19.76,20.93,19.64,20.71,19.73,6097339,125121836.0,shares,0
2016-09-22,20.8,20.8,20.42,20.45,20.71,5578612,114636245.0,shares,0
2016-09-23,20.42,20.56,20.25,20.43,20.45,2920995,59493461.0,shares,0
2016-09-26,20.45,20.5,19.4,19.74,20.43,3786946,75537149.0,shares,0
2016-09-27,19.6,19.83,19.43,19.81,19.74,1688764,33130874.0,shares,0
2016-09-28,19.81,19.88,19.62,19.76,19.81,1353878,26700984.0,shares,0
2016-09-29,19.69,19.96,19.67,19.83,19.76,1564618,30984487.0,shares,0
2016-09-30,19.76,20.35,19.62,20.28,19.83,2561134,51235409.0,shares,0
2016-10-10,20.28,20.8,20.16,20.62,20.28,4005351,82061982.0,shares,0
2016-10-11,20.6,20.75,20.38,20.66,20.62,2871828,58970854.0,shares,0
2016-10-12,21.47,21.47,20.58,20.77,20.66,4007985,83720654.0,shares,0
2016-10-13,20.8,20.81,20.54,20.68,20.77,2478571,51230803.0,shares,0
2016-10-14,20.6,20.74,20.41,20.57,20.68,2014082,41359179.0,shares,0
2016-10-17,20.57,20.79,20.16,20.23,20.57,2216509,45402140.0,shares,0
2016-10-18,20.26,20.69,20.21,20.68,20.23,2250666,46188811.0,shares,0
2016-10-19,20.7,20.8,20.48,20.58,20.68,2275548,46952492.0,shares,0
2016-10-20,20.58,20.75,20.38,20.66,20.58,2265625,46581910.0,shares,0
2016-10-21,20.7,20.7,20.07,20.36,20.66,2399107,48859770.0,shares,0
2016-10-24,20.35,20.69,20.22,20.67,20.36,2411993,49496383.0,shares,0
2016-10-25,20.73,21.19,20.68,21.01,20.67,5329082,111950955.0,shares,0
2016-10-26,20.9,21.01,20.6,20.81,21.01,2456865,51105436.0,shares,0
2016-10-27,20.76,21.1,20.67,21.09,20.81,2938662,61505659.0,shares,0
2016-10-28,21.07,21.3,20.72,20.86,21.09,2974126,62418793.0,shares,0
2016-10-31,20.8,21.33,20.58,21.22,20.86,3939104,83130461.0,shares,0
2016-11-01,21.22,22.57,21.11,21.83,21.22,8004264,174396056.0,shares,0
2016-11-02,21.83,21.99,21.56,21.67,21.83,5149226,111971807.0,shares,0
2016-11-03,21.54,21.92,21.5,21.6,21.67,4293749,93178382.0,shares,0
2016-11-04,21.55,22.39,21.45,22.33,21.6,7610694,168058261.0,shares,0
2016-11-07,22.34,22.34,21.92,22.15,22.33,3757130,82992789.0,shares,0
2016-11-08,22.23,22.82,21.82,22.79,22.15,6379502,142151069.0,shares,0
2016-11-09,22.68,23.73,22.6,23.1,22.79,12771294,296904368.0,shares,0
2016-11-10,23.29,25.41,23.11,25.41,23.1,19736833,488407536.0,shares,0
2016-11-11,25.42,25.98,24.78,25.39,25.41,16898748,425622016.0,shares,0
2016-11-14,24.98,27.9,24.79,26.57,25.39,23883325,622614192.0,shares,0
2016-11-15,26.0,26.0,24.9,24.97,26.57,16014543,404970144.0,shares,0
2016-11-16,24.86,24.95,24.32,24.41,24.97,7865767,192953095.0,shares,0
2016-11-17,24.29,24.68,24.15,24.3,24.41,4656360,113472254.0,shares,0
2016-11-18,24.4,24.94,23.83,23.99,24.3,7387438,180988782.0,shares,0
2016-11-21,24.05,25.2,23.75,24.91,23.99,8512869,208746889.0,shares,0
2016-11-22,24.68,24.89,24.17,24.42,24.91,7933611,193916807.0,shares,0
2016-11-23,24.43,24.43,23.56,23.8,24.42,6492524,155620364.0,shares,0
2016-11-24,23.75,24.13,23.52,23.79,23.8,3720050,88536613.0,shares,0
2016-11-25,23.73,23.74,22.72,23.29,23.79,4975301,115208779.0,shares,0
2016-11-28,23.2,23.42,22.98,23.28,23.29,2912287,67500251.0,shares,0
2016-11-29,23.37,23.57,22.78,22.8,23.28,3262327,75849840.0,shares,0
2016-11-30,22.59,22.86,22.4,22.51,22.8,2391351,54086348.0,shares,0
2016-12-01,22.51,22.8,22.44,22.74,22.51,2698102,60907573.0,shares,0
2016-12-02,22.6,23.07,22.0,22.01,22.74,2850493,63985235.0,shares,0
2016-12-05,21.98,22.23,21.62,22.18,22.01,1837796,40481272.0,shares,0
2016-12-06,22.18,22.85,22.18,22.61,22.18,3274744,74147731.0,shares,0
2016-12-07,22.61,22.81,22.42,22.8,22.61,2313005,52394648.0,shares,0
2016-12-08,22.89,22.97,22.4,22.47,22.8,1833322,41559142.0,shares,0
2016-12-09,22.32,22.5,22.18,22.36,22.47,1469911,32814782.0,shares,0
2016-12-12,22.2,22.36,20.24,20.27,22.36,3544688,75230164.0,shares,0
2016-12-13,20.2,20.84,20.18,20.68,20.27,2014434,41347653.0,shares,0
2016-12-14,20.6,21.0,20.33,20.63,20.68,1818316,37552231.0,shares,0
2016-12-15,20.63,21.1,20.55,20.8,20.63,1586772,33101792.0,shares,0
2016-12-16,20.73,21.27,20.2,21.08,20.8,1780600,37375710.0,shares,0
2016-12-19,21.13,21.27,21.03,21.1,21.08,1130483,23908539.0,shares,0
2016-12-20,21.17,21.25,20.9,21.16,21.1,1544356,32578058.0,shares,0
2016-12-21,21.2,21.79,21.2,21.58,21.16,2036172,43926436.0,shares,0
2016-12-22,21.49,21.65,21.3,21.57,21.58,1460007,31314712.0,shares,0
2016-12-23,21.43,21.69,21.15,21.22,21.57,1518188,32576743.0,shares,0
2016-12-26,21.32,21.32,20.53,21.28,21.22,1482285,30907165.0,shares,0
2016-12-27,21.22,22.19,21.2,22.02,21.28,2925633,63530094.0,shares,0
2016-12-28,21.91,22.06,21.62,21.67,22.02,1860584,40543396.0,shares,0
2016-12-29,21.66,21.86,21.51,21.6,21.67,1291970,27989786.0,shares,0
2016-12-30,21.58,22.5,21.56,22.43,21.6,3523400,78011982.0,shares,0
2017-01-03,22.38,22.95,22.18,22.36,22.43,3965567,89057334.0,shares,0
2017-01-04,22.28,22.3,21.89,22.18,22.36,4584655,101125795.0,shares,0
2017-01-05,22.08,22.34,22.01,22.05,22.18,2859662,63293371.0,shares,0
2017-01-06,22.0,22.09,21.2,21.22,22.05,3187194,68806343.0,shares,0
2017-01-09,21.1,21.58,20.93,21.27,21.22,2145174,45477007.0,shares,0
2017-01-10,21.33,21.36,21.09,21.15,21.27,1462402,31034052.0,shares,0
2017-01-11,21.13,21.4,21.11,21.15,21.15,1863431,39651763.0,shares,0
2017-01-12,21.3,21.3,20.19,20.36,21.15,2685379,55521751.0,shares,0
2017-01-13,20.3,20.4,19.8,19.84,20.36,2154680,43135804.0,shares,0
2017-01-16,19.78,19.78,18.6,19.02,19.84,2214561,42646479.0,shares,0
2017-01-17,19.02,19.46,18.69,19.45,19.02,1741500,33370696.0,shares,0
2017-01-18,19.45,19.49,19.11,19.19,19.45,1088508,21007157.0,shares,0
2017-01-19,19.25,19.34,18.94,19.13,19.19,1026392,19666187.0,shares,0
2017-01-20,19.13,19.61,19.0,19.48,19.13,1129387,21952656.0,shares,0
2017-01-23,19.48,19.75,19.42,19.61,19.48,1279746,25119589.0,shares,0
2017-01-24,19.61,19.93,19.61,19.83,19.61,1229289,24313619.0,shares,0
2017-01-25,19.79,20.09,19.63,20.07,19.83,1025426,20434495.0,shares,0
2017-01-26,20.07,20.25,19.91,19.97,20.07,886478,17825492.0,shares,0
2017-02-03,19.97,19.97,19.0,19.69,19.97,1006800,19746832.0,shares,0
2017-02-06,19.65,20.27,19.63,20.1,19.69,910200,18219129.0,shares,0
2017-02-07,20.1,20.25,19.91,20.1,20.1,953818,19189575.0,shares,0
2017-02-08,20.13,20.55,20.08,20.38,20.1,1190226,24203893.0,shares,0
2017-02-09,20.65,20.65,20.31,20.42,20.38,1016907,20807007.0,shares,0
2017-02-10,20.44,20.46,20.29,20.44,20.42,999054,20364534.0,shares,0
2017-02-13,20.33,20.69,20.33,20.54,20.44,995940,20484646.0,shares,0
2017-02-14,20.55,20.7,20.35,20.53,20.54,969772,19872805.0,shares,0
2017-02-15,20.45,21.46,20.44,21.09,20.53,4442404,93754831.0,shares,0
2017-02-16,21.29,22.2,21.03,21.58,21.09,5764328,125385549.0,shares,0
2017-02-17,21.2,23.74,20.88,23.54,21.58,14579373,326332384.0,shares,0
2017-02-20,22.9,23.92,22.65,22.85,23.54,12214256,281475872.0,shares,0
2017-02-21,22.63,22.99,22.08,22.35,22.85,7116529,158903598.0,shares,0
2017-02-22,22.44,22.44,21.78,22.08,22.35,5677524,125014122.0,shares,0
2017-02-23,21.91,22.3,21.8,22.11,22.08,3778391,83311857.0,shares,0
2017-02-24,21.98,22.09,21.71,21.91,22.11,3043152,66502586.0,shares,0
2017-02-27,21.94,22.08,21.8,21.99,21.91,2025185,44411631.0,shares,0
2017-02-28,21.83,22.08,21.28,21.5,21.99,3989244,86079131.0,shares,0
2017-03-01,21.45,21.65,21.38,21.5,21.5,2125150,45761871.0,shares,0
2017-03-02,21.41,21.57,21.01,21.13,21.5,2771228,59028301.0,shares,0
2017-03-03,20.98,21.36,20.89,21.17,21.13,2068782,43721512.0,shares,0
2017-03-06,21.08,21.61,21.08,21.6,21.17,2129571,45653685.0,shares,0
2017-03-07,21.6,21.68,21.4,21.6,21.6,1760471,37907259.0,shares,0
2017-03-08,21.65,22.02,21.6,21.73,21.6,3428492,74930658.0,shares,0
2017-03-09,21.7,21.76,21.12,21.16,21.73,2468703,52523912.0,shares,0
2017-03-10,21.18,21.34,21.11,21.25,21.16,1275060,27082527.0,shares,0
2017-03-13,21.35,21.35,20.68,21.29,21.25,1624443,34260925.0,shares,0
2017-03-14,21.3,21.68,21.24,21.5,21.29,2516642,54170978.0,shares,0
2017-03-15,21.49,21.49,21.2,21.28,21.5,1355514,28867135.0,shares,0
2017-03-16,21.25,21.67,21.25,21.55,21.28,1770650,38173974.0,shares,0
2017-03-17,21.53,22.15,21.53,21.68,21.55,3678172,80634609.0,shares,0
2017-03-20,21.58,22.15,21.56,22.14,21.68,2984375,65587608.0,shares,0
2017-03-21,22.13,22.22,21.85,22.05,22.14,2438126,53658365.0,shares,0
2017-03-22,21.8,21.96,21.58,21.82,22.05,2177904,47382140.0,shares,0
2017-03-23,21.73,21.95,21.18,21.83,21.82,2685580,58265357.0,shares,0
2017-03-24,21.71,22.15,21.71,22.07,21.83,3304401,72725697.0,shares,0
2017-03-27,22.1,22.3,21.73,21.76,22.07,2886316,63450397.0,shares,0
2017-03-28,21.65,21.8,21.29,21.34,21.76,2172099,46694498.0,shares,0
2017-03-29,21.34,21.45,20.51,20.71,21.34,3055156,64214355.0,shares,0
2017-03-30,20.64,20.7,20.03,20.13,20.71,2473910,50141133.0,shares,0
2017-03-31,20.13,20.43,20.13,20.32,20.13,1490260,30217304.0,shares,0
2017-04-05,20.38,20.82,19.93,20.74,20.32,2048940,41662768.0,shares,0
2017-04-06,20.57,20.8,20.5,20.65,20.74,1271030,26261886.0,shares,0
2017-04-07,20.66,20.8,20.49,20.54,20.65,1082902,22325091.0,shares,0
2017-04-10,20.47,20.55,19.9,19.93,20.54,1900978,38257719.0,shares,0
2017-04-11,19.95,20.18,19.81,20.11,19.93,1789480,35810183.0,shares,0
2017-04-12,20.09,20.17,19.71,19.77,20.11,1499029,29914652.0,shares,0
2017-04-13,19.77,20.07,19.77,19.97,19.77,1104300,22053133.0,shares,0
2017-04-14,20.07,20.07,19.73,19.82,19.97,1334671,26517934.0,shares,0
2017-04-17,19.75,19.75,19.0,19.23,19.82,1255224,24188028.0,shares,0
2017-04-18,19.36,19.68,18.99,19.0,19.23,1080273,20823403.0,shares,0
2017-04-19,19.01,19.25,18.91,19.17,19.0,1145702,21888138.0,shares,0
2017-04-20,19.3,19.35,18.89,19.09,19.17,1229234,23443508.0,shares,0
2017-04-21,19.09,19.43,19.05,19.23,19.09,1113400,21431462.0,shares,0
2017-04-24,19.21,19.22,18.28,18.32,19.23,1298052,24293863.0,shares,0
2017-04-25,18.56,18.6,18.3,18.36,18.32,893168,16497536.0,shares,0
2017-04-26,18.47,18.65,18.36,18.48,18.36,792367,14675433.0,shares,0
2017-04-27,18.48,18.9,17.98,18.79,18.48,1449022,26633309.0,shares,0
2017-04-28,18.67,19.02,18.67,18.93,18.79,842316,15922967.0,shares,0
2017-05-02,18.9,18.94,18.75,18.9,18.93,769922,14496904.0,shares,0
2017-05-03,18.76,19.17,18.76,19.07,18.9,772878,14712466.0,shares,0
2017-05-04,19.0,19.18,18.88,18.9,19.07,702602,13362667.0,shares,0
2017-05-05,19.05,19.05,18.36,18.41,18.9,939162,17510543.0,shares,0
2017-05-08,18.21,18.5,17.73,17.81,18.41,948716,17196786.0,shares,0
2017-05-09,17.66,18.14,17.2,17.97,17.81,1205042,21324913.0,shares,0
2017-05-10,18.0,18.12,17.48,17.49,17.97,723600,12960475.0,shares,0
2017-05-11,17.49,17.81,17.32,17.81,17.49,1364070,24026841.0,shares,0
2017-05-12,17.81,17.9,17.5,17.64,17.81,600343,10600984.0,shares,0
2017-05-15,17.83,17.9,17.53,17.58,17.64,588194,10372367.0,shares,0
2017-05-16,17.57,18.1,17.51,18.08,17.58,980877,17456333.0,shares,0
2017-05-17,18.11,18.28,17.8,18.06,18.08,1188234,21495045.0,shares,0
2017-05-18,18.05,18.5,17.81,18.29,18.06,1410769,25808254.0,shares,0
2017-05-19,18.33,18.54,18.16,18.2,18.29,673961,12324101.0,shares,0
2017-05-22,18.29,18.34,17.75,17.78,18.2,735592,13247096.0,shares,0
2017-05-23,17.79,17.81,16.88,16.94,17.78,1146902,19735624.0,shares,0
2017-05-24,11.39,11.39,10.62,11.19,11.23,1084005,11871318.0,shares,0
2017-05-25,11.2,11.23,10.07,10.55,11.19,4463173,46475230.0,shares,0
2017-05-26,10.8,10.8,10.47,10.6,10.55,1880080,19955629.0,shares,0
2017-05-31,10.81,10.89,10.43,10.6,10.6,1863786,20004644.0,shares,0
2017-06-01,10.64,10.64,10.07,10.16,10.6,1532959,15934910.0,shares,0
2017-06-02,10.09,10.25,9.8,10.18,10.16,2087119,20875529.0,shares,0
2017-06-05,10.12,10.5,10.12,10.4,10.18,1487207,15401494.0,shares,0
2017-06-06,10.41,10.54,10.34,10.48,10.4,870591,9076080.0,shares,0
2017-06-07,10.48,10.75,10.42,10.69,10.48,1578792,16823937.0,shares,0
2017-06-08,10.7,10.86,10.57,10.67,10.69,1571057,16883678.0,shares,0
2017-06-09,10.68,10.72,10.39,10.69,10.67,1558011,16444412.0,shares,0
2017-06-12,10.58,11.76,10.5,11.34,10.69,7723145,88116010.0,shares,0
2017-06-13,11.34,11.95,11.1,11.85,11.34,7743587,89365627.0,shares,0
2017-06-14,11.63,12.45,11.62,12.23,11.85,5805851,68816357.0,shares,0
2017-06-15,12.23,12.81,11.87,12.28,12.23,6693698,81740390.0,shares,0
2017-06-16,12.18,12.42,11.72,11.79,12.28,4937164,59688048.0,shares,0
2017-06-19,11.87,11.95,11.38,11.65,11.79,5479553,63383925.0,shares,0
2017-06-20,11.64,11.66,11.37,11.47,11.65,3892759,44913676.0,shares,0
2017-06-21,11.49,11.58,11.36,11.48,11.47,2465685,28324517.0,shares,0
2017-06-22,11.48,11.54,11.13,11.16,11.48,2781750,31611767.0,shares,0
2017-06-23,11.12,11.39,11.06,11.35,11.16,2271584,25518689.0,shares,0
2017-06-26,11.36,11.58,11.25,11.54,11.35,2233151,25520874.0,shares,0
2017-06-27,11.54,11.6,11.41,11.49,11.54,1550734,17849908.0,shares,0
2017-06-28,11.52,11.52,11.21,11.4,11.49,1445600,16428751.0,shares,0
2017-06-29,11.38,11.59,11.35,11.48,11.4,1412364,16202258.0,shares,0
2017-06-30,11.48,11.59,11.41,11.53,11.48,1392744,16016679.0,shares,0
2017-07-03,11.55,11.55,11.16,11.34,11.53,2584494,29191097.0,shares,0
2017-07-04,11.36,11.36,11.08,11.15,11.34,1819950,20364105.0,shares,0
2017-07-05,11.16,11.24,11.08,11.23,11.15,1236550,13836144.0,shares,0
2017-07-06,11.2,11.52,11.2,11.44,11.23,2550867,29056258.0,shares,0
2017-07-07,11.36,11.46,11.16,11.38,11.44,2168678,24466772.0,shares,0
2017-07-10,11.35,11.47,11.22,11.34,11.38,1566950,17817381.0,shares,0
2017-07-11,11.33,11.33,10.48,10.51,11.34,5253008,56877061.0,shares,0
2017-07-12,10.45,10.63,10.2,10.55,10.51,2765111,28699770.0,shares,0
2017-07-13,10.46,10.72,10.44,10.65,10.55,1876100,19928146.0,shares,0
2017-07-14,10.64,10.76,10.54,10.75,10.65,2018000,21589474.0,shares,0
2017-07-17,10.75,10.8,9.8,10.05,10.75,2975973,30786436.0,shares,0
2017-07-18,10.05,10.51,10.01,10.46,10.05,1850650,18982925.0,shares,0
2017-07-19,10.47,10.76,10.43,10.72,10.46,2311222,24498901.0,shares,0
2017-07-20,10.72,10.95,10.52,10.72,10.72,2314387,25044506.0,shares,0
2017-07-21,10.62,10.82,10.49,10.53,10.72,1480850,15784699.0,shares,0
2017-07-24,10.54,10.81,10.46,10.79,10.53,1414488,15078149.0,shares,0
2017-07-25,10.79,11.35,10.7,11.19,10.79,3491853,38427118.0,shares,0
2017-07-26,11.06,11.45,10.99,11.39,11.19,4333402,48794028.0,shares,0
2017-07-27,11.31,11.4,11.1,11.3,11.39,2714028,30507086.0,shares,0
2017-07-28,11.3,11.36,11.19,11.34,11.3,2234144,25234410.0,shares,0
2017-07-31,11.3,11.69,11.15,11.54,11.34,3670892,41843181.0,shares,0
2017-08-01,11.38,11.39,11.02,11.06,11.54,3880022,43285254.0,shares,0
2017-08-02,11.06,11.15,10.85,10.98,11.06,3126874,34311913.0,shares,0
2017-08-03,11.0,12.08,10.98,12.08,10.98,13337377,158236046.0,shares,0
2017-08-04,12.0,12.21,11.8,12.15,12.08,9812515,118041429.0,shares,0
2017-08-07,12.03,12.12,11.84,11.98,12.15,4857041,58141516.0,shares,0
2017-08-08,12.0,12.56,11.91,12.47,11.98,9571538,118302888.0,shares,0
2017-08-09,12.4,12.53,12.18,12.51,12.47,4959003,61242583.0,shares,0
2017-08-10,12.35,12.45,11.87,11.98,12.51,5553234,67190602.0,shares,0
2017-08-11,11.86,12.09,11.82,11.93,11.98,2714062,32444217.0,shares,0
2017-08-14,11.85,12.13,11.85,12.05,11.93,2328756,27945830.0,shares,0
2017-08-15,12.05,12.18,11.9,12.02,12.05,2330859,27986129.0,shares,0
2017-08-16,11.95,12.09,11.83,11.94,12.02,1992759,23817443.0,shares,0
2017-08-17,11.91,12.05,11.91,12.01,11.94,1662982,19903681.0,shares,0
2017-08-18,11.99,12.44,11.92,12.32,12.01,4147764,50592108.0,shares,0
2017-08-21,12.28,12.44,12.15,12.26,12.32,3099387,38169170.0,shares,0
2017-08-22,12.24,13.25,12.21,12.79,12.26,8064323,102932663.0,shares,0
2017-08-23,12.61,12.91,12.42,12.58,12.79,4459661,56161431.0,shares,0
2017-08-24,12.48,12.67,12.2,12.2,12.58,3415130,42462098.0,shares,0
2017-08-25,12.31,12.45,12.19,12.29,12.2,2502750,30864261.0,shares,0
2017-08-28,12.25,12.5,12.25,12.35,12.29,3081970,38123051.0,shares,0
2017-08-29,12.38,13.15,12.38,12.9,12.35,7467768,96052225.0,shares,0
2017-08-30,12.88,13.5,12.88,13.26,12.9,7430692,98621912.0,shares,0
2017-08-31,13.15,13.78,13.04,13.72,13.26,7878123,105772136.0,shares,0
2017-09-01,13.75,13.93,13.48,13.79,13.72,7584000,104035404.0,shares,0
2017-09-04,13.75,14.18,13.55,14.05,13.79,5869333,81958861.0,shares,0
2017-09-05,14.0,14.28,13.78,13.82,14.05,6341613,88828793.0,shares,0
2017-09-06,13.91,13.99,13.67,13.87,13.82,4706331,65083945.0,shares,0
2017-09-07,13.91,14.07,13.5,13.53,13.87,3905532,53439475.0,shares,0
2017-09-08,13.52,13.95,13.51,13.83,13.53,3866838,53181851.0,shares,0
2017-09-11,13.8,14.13,13.61,14.06,13.83,4526128,63095417.0,shares,0
2017-09-12,14.29,14.29,13.65,13.67,14.06,4127338,57442341.0,shares,0
2017-09-13,13.68,14.05,13.67,13.92,13.67,3211559,44604416.0,shares,0
2017-09-14,13.92,14.88,13.82,14.38,13.92,6614403,95259563.0,shares,0
2017-09-15,14.19,14.66,14.14,14.45,14.38,3936527,56664657.0,shares,0
2017-09-18,14.3,15.9,14.28,15.86,14.45,15121865,233356214.0,shares,0
2017-09-19,15.9,16.2,15.49,15.98,15.86,13166436,208434282.0,shares,0
2017-09-20,15.93,16.4,15.52,16.34,15.98,8896671,142484648.0,shares,0
2017-09-21,16.1,17.92,16.07,17.32,16.34,15935692,273866353.0,shares,0
2017-09-22,17.35,17.4,16.6,17.2,17.32,7065105,120495231.0,shares,0
2017-09-25,17.04,17.28,16.65,17.07,17.2,5789150,97948467.0,shares,0
2017-09-26,17.0,17.2,16.24,16.85,17.07,4580560,76623180.0,shares,0
2017-09-27,16.77,18.0,16.71,17.79,16.85,7036494,123444350.0,shares,0
2017-09-28,17.7,17.8,17.33,17.56,17.79,5045799,88564440.0,shares,0
2017-09-29,17.49,18.18,17.33,17.52,17.56,5165425,91866953.0,shares,0
2017-10-09,17.63,18.0,17.27,17.74,17.52,4594902,81255307.0,shares,0
2017-10-10,17.74,18.35,17.55,18.3,17.74,5893855,106172580.0,shares,0
2017-10-11,18.3,18.39,17.84,17.99,18.3,3857275,69529804.0,shares,0
2017-10-12,17.79,18.02,16.19,16.89,17.99,9314549,159845229.0,shares,0
2017-10-13,16.88,17.35,16.5,17.16,16.89,5857016,99047865.0,shares,0
2017-10-16,17.08,17.92,16.52,16.54,17.16,4280861,72424442.0,shares,0
2017-10-17,16.56,16.82,16.48,16.52,16.54,1982900,33023307.0,shares,0
2017-10-18,16.5,16.85,16.48,16.51,16.52,2812719,46952298.0,shares,0
2017-10-19,16.6,16.65,15.56,16.14,16.51,2748500,44145694.0,shares,0
2017-10-20,16.29,16.29,15.91,16.16,16.14,1945518,31274355.0,shares,0
2017-10-23,16.17,16.47,16.01,16.29,16.16,1950228,31707445.0,shares,0
2017-10-24,16.25,16.76,16.08,16.63,16.29,1996625,32720182.0,shares,0
2017-10-25,16.49,16.86,16.4,16.83,16.63,2196100,36689276.0,shares,0
2017-10-26,16.8,16.8,16.33,16.46,16.83,2511600,41655089.0,shares,0
2017-10-27,16.48,16.53,16.2,16.25,16.46,1479397,24252357.0,shares,0
2017-10-30,16.26,16.26,15.66,16.03,16.25,1698612,27149229.0,shares,0
2017-10-31,16.03,16.8,15.9,16.77,16.03,1995467,32964379.0,shares,0
2017-11-01,16.77,17.76,16.77,17.75,16.77,4241916,73941597.0,shares,0
2017-11-02,17.78,17.96,17.4,17.48,17.75,3118527,54878742.0,shares,0
2017-11-03,17.43,17.67,17.01,17.17,17.48,3195512,55467746.0,shares,0
2017-11-06,17.0,17.5,16.66,16.75,17.17,3955491,66856335.0,shares,0
2017-11-07,16.91,17.0,16.01,16.87,16.75,2902108,48187035.0,shares,0
2017-11-08,16.56,17.49,16.56,17.31,16.87,3253629,56074639.0,shares,0
2017-11-09,17.33,17.48,17.13,17.41,17.31,2005203,34772632.0,shares,0
2017-11-10,17.4,17.79,17.18,17.33,17.41,2203089,38506681.0,shares,0
2017-11-13,17.35,19.06,17.16,19.06,17.33,8672650,160454906.0,shares,0
2017-11-14,18.9,19.99,18.85,19.15,19.06,10233865,197739089.0,shares,0
2017-11-15,19.06,19.5,18.71,19.36,19.15,5021750,95805152.0,shares,0
2017-11-16,19.0,20.71,19.0,20.53,19.36,10906872,219316133.0,shares,0
2017-11-17,20.15,20.85,19.86,20.16,20.53,6802448,137846765.0,shares,0
2017-11-20,19.5,20.47,18.9,20.2,20.16,5918919,115846428.0,shares,0
2017-11-21,20.54,20.92,19.51,19.56,20.2,7028293,141865886.0,shares,0
2017-11-22,19.58,20.2,19.17,19.68,19.56,4946558,97369475.0,shares,0
2017-11-23,19.54,19.58,17.71,17.73,19.68,7099069,132268936.0,shares,0
2017-11-24,17.61,18.16,17.28,17.44,17.73,4163151,73174785.0,shares,0
2017-11-27,17.54,17.6,16.31,16.39,17.44,4493529,76205815.0,shares,0
2017-11-28,16.43,17.63,16.3,17.32,16.39,4045453,69803597.0,shares,0
2017-11-29,17.61,18.19,17.33,17.64,17.32,4139744,73764808.0,shares,0
2017-11-30,17.6,17.97,16.99,17.1,17.64,3132850,54932976.0,shares,0
2017-12-01,17.6,18.33,17.13,18.3,17.1,4481944,79879107.0,shares,0
2017-12-04,18.8,19.03,18.0,18.21,18.3,5334335,99202464.0,shares,0
2017-12-05,18.29,18.48,17.03,17.38,18.21,2659735,47321289.0,shares,0
2017-12-06,17.28,17.95,17.05,17.88,17.38,2618171,45904311.0,shares,0
2017-12-07,17.78,18.49,17.61,18.23,17.88,3268342,59266450.0,shares,0
2017-12-08,17.88,18.91,17.8,18.47,18.23,3806805,70415252.0,shares,0
2017-12-11,18.46,19.2,18.45,19.18,18.47,4468410,83854850.0,shares,0
2017-12-12,19.36,19.36,18.28,18.39,19.18,5252334,98391549.0,shares,0
2017-12-13,18.06,18.39,17.71,17.92,18.39,3686179,66033277.0,shares,0
2017-12-14,18.0,18.05,17.09,17.33,17.92,4914700,85540046.0,shares,0
2017-12-15,17.28,17.28,16.53,16.8,17.33,3638297,61394268.0,shares,0
2017-12-18,16.7,16.7,15.12,15.12,16.8,5391058,85145681.0,shares,0
2017-12-19,15.55,15.95,15.0,15.62,15.12,6372082,99332458.0,shares,0
2017-12-20,15.82,15.88,15.18,15.5,15.62,3397723,52695270.0,shares,0
2017-12-21,15.55,15.95,15.01,15.62,15.5,2889829,45125924.0,shares,0
2017-12-22,15.8,16.15,15.58,15.91,15.62,2696471,42850950.0,shares,0
2017-12-25,15.94,16.1,15.45,15.56,15.91,1564635,24391495.0,shares,0
2017-12-26,15.43,15.94,15.43,15.85,15.56,1534865,24221431.0,shares,0
2017-12-27,15.85,15.89,15.29,15.31,15.85,1684211,26171428.0,shares,0
2017-12-28,15.25,15.57,15.21,15.32,15.31,1102100,16912116.0,shares,0
2017-12-29,15.38,15.7,15.08,15.66,15.32,1737506,26765946.0,shares,0
2018-01-02,15.66,16.18,15.24,16.02,15.66,2806384,44019507.0,shares,0
2018-01-03,15.94,16.12,15.72,15.97,16.02,1537154,24572287.0,shares,0
2018-01-04,16.24,16.24,15.97,16.04,15.97,1953570,31398404.0,shares,0
2018-01-05,16.11,16.12,15.73,15.94,16.04,1365429,21757624.0,shares,0
2018-01-08,15.75,15.95,15.31,15.39,15.94,1783915,27638260.0,shares,0
2018-01-09,15.39,15.54,15.14,15.48,15.39,1589037,24369775.0,shares,0
2018-01-10,15.47,16.04,15.23,16.02,15.48,1984572,31116737.0,shares,0
2018-01-11,15.88,16.02,15.7,15.86,16.02,1461680,23115201.0,shares,0
2018-01-12,15.81,15.81,15.1,15.24,15.86,2932829,44985571.0,shares,0
2018-01-15,15.32,15.32,13.72,14.15,15.24,6046618,85432260.0,shares,0
2018-01-16,14.04,14.25,13.53,14.14,14.15,3360363,46783148.0,shares,0
2018-01-17,14.14,14.42,13.8,13.88,14.14,1879161,26442495.0,shares,0
2018-01-18,13.96,14.04,13.68,13.79,13.88,1766935,24526876.0,shares,0
2018-01-19,13.79,14.06,13.67,13.82,13.79,1946347,27084471.0,shares,0
2018-01-22,13.8,14.24,13.68,14.16,13.82,2156518,30163267.0,shares,0
2018-01-23,14.16,14.26,13.85,13.91,14.16,1584876,22193814.0,shares,0
2018-01-24,13.9,14.03,13.8,13.85,13.91,1295830,18029357.0,shares,0
2018-01-25,13.9,14.52,13.81,14.28,13.85,2935489,41979848.0,shares,0
2018-01-26,14.27,14.5,13.92,13.96,14.28,1705598,24094193.0,shares,0
2018-01-29,13.92,14.02,13.4,13.42,13.96,1873000,25528286.0,shares,0
2018-01-30,13.4,13.51,13.31,13.37,13.42,1282215,17161817.0,shares,0
2018-01-31,13.37,13.4,12.75,12.8,13.37,1820460,23571699.0,shares,0
2018-02-01,12.86,13.25,12.51,12.85,12.8,2239522,29063704.0,shares,0
2018-02-02,12.88,12.88,11.97,12.18,12.85,2632048,32220414.0,shares,0
2018-02-05,12.03,12.4,11.91,12.27,12.18,1396949,17114002.0,shares,0
2018-02-06,12.2,12.2,11.04,11.04,12.27,4149540,46480480.0,shares,0
2018-02-07,11.18,11.3,9.94,10.06,11.04,8151599,83988362.0,shares,0
2018-02-08,10.15,11.07,10.15,11.07,10.06,5408386,58281565.0,shares,0
2018-02-09,11.01,11.98,10.85,11.49,11.07,8155323,93603022.0,shares,0
2018-02-12,11.51,12.64,11.1,12.61,11.49,5026272,59514573.0,shares,0
2018-02-13,12.49,12.49,12.0,12.12,12.61,4292419,52355151.0,shares,0
2018-02-14,11.82,13.16,11.82,12.82,12.12,4595044,57603820.0,shares,0
2018-02-22,13.1,13.17,12.45,12.89,12.82,3403320,43637374.0,shares,0
2018-02-23,12.76,12.92,12.39,12.51,12.89,2624588,33042445.0,shares,0
2018-02-26,12.6,13.25,12.6,13.05,12.51,3708277,48176290.0,shares,0
2018-02-27,13.05,13.2,12.88,13.0,13.05,2214123,28913956.0,shares,0
2018-02-28,12.95,13.63,12.81,13.35,13.0,3228630,43174984.0,shares,0
2018-03-01,13.0,13.87,12.99,13.44,13.35,3369943,45306874.0,shares,0
2018-03-02,13.3,13.9,13.13,13.76,13.44,3361501,46074445.0,shares,0
2018-03-05,13.62,14.09,13.5,13.68,13.76,2807529,38735179.0,shares,0
2018-03-06,13.66,14.01,13.43,13.96,13.68,2931075,40129682.0,shares,0
2018-03-07,13.9,14.56,13.81,14.31,13.96,3651602,51910667.0,shares,0
2018-03-08,14.11,14.45,14.02,14.12,14.31,2443772,34777725.0,shares,0
2018-03-09,14.18,14.39,13.96,14.23,14.12,1754000,24850183.0,shares,0
2018-03-12,14.2,14.8,14.2,14.67,14.23,3271792,47591596.0,shares,0
2018-03-13,14.58,15.26,14.31,15.01,14.67,3361917,50240065.0,shares,0
2018-03-14,14.94,15.96,14.85,15.71,15.01,4852583,75815165.0,shares,0
2018-03-15,15.67,15.99,14.4,15.16,15.71,6752498,102407733.0,shares,0
2018-03-16,15.09,15.13,14.62,14.67,15.16,2572585,37959559.0,shares,0
2018-03-19,14.79,14.8,14.21,14.39,14.67,2733878,39364900.0,shares,0
2018-03-20,14.3,14.7,14.13,14.61,14.39,2692542,39105550.0,shares,0
2018-03-21,14.6,14.93,14.15,14.17,14.61,2351950,34135261.0,shares,0
2018-03-22,14.17,14.28,13.55,13.79,14.17,3611423,49846074.0,shares,0
2018-03-23,13.34,13.69,12.85,13.2,13.79,2891253,38314479.0,shares,0
2018-03-26,12.98,13.78,12.74,13.67,13.2,1802034,24101343.0,shares,0
2018-03-27,13.71,14.4,13.69,14.36,13.67,2460274,34874334.0,shares,0
2018-03-28,14.19,14.65,14.01,14.09,14.36,1645408,23513946.0,shares,0
2018-03-29,14.09,14.36,14.01,14.27,14.09,1783209,25219890.0,shares,0
2018-03-30,14.35,14.47,14.17,14.46,14.27,2257565,32337733.0,shares,0
2018-04-02,14.44,14.65,14.31,14.4,14.46,2773650,40172773.0,shares,0
2018-04-03,14.16,14.16,13.5,13.77,14.4,3522364,48473271.0,shares,0
2018-04-04,13.79,14.03,13.51,13.63,13.77,1796500,24694301.0,shares,0
2018-04-09,13.34,13.84,13.34,13.84,13.63,1338813,18220775.0,shares,0
2018-04-10,13.97,14.15,13.85,14.07,13.84,1944349,27273965.0,shares,0
2018-04-11,14.08,14.28,13.99,14.14,14.07,1801008,25493269.0,shares,0
2018-04-12,14.16,14.65,14.05,14.55,14.14,2532379,36336584.0,shares,0
2018-04-13,14.55,14.55,14.1,14.26,14.55,1909614,27303620.0,shares,0
2018-04-16,14.07,14.26,13.84,14.06,14.26,1691021,23696606.0,shares,0
2018-04-17,14.1,14.41,13.9,13.93,14.06,2196950,31112104.0,shares,0
2018-04-18,13.97,14.29,13.38,14.16,13.93,3271116,45189725.0,shares,0
2018-04-19,13.96,15.58,13.96,15.12,14.16,9515176,142657144.0,shares,0
2018-04-20,15.05,15.37,14.79,15.24,15.12,5122590,77097358.0,shares,0
2018-04-23,15.3,15.42,14.79,15.38,15.24,3932718,59088177.0,shares,0
2018-04-24,15.22,16.12,15.22,15.77,15.38,5545444,87295066.0,shares,0
2018-04-25,15.49,15.99,15.38,15.89,15.77,3508353,55089249.0,shares,0
2018-04-26,15.79,15.85,15.21,15.51,15.89,3554227,55036897.0,shares,0
2018-04-27,15.46,15.9,15.46,15.83,15.51,4115659,64772873.0,shares,0
2018-05-02,15.86,16.22,15.66,15.82,15.83,2264400,35980072.0,shares,0
2018-05-03,15.58,16.45,15.55,16.42,15.82,4538516,73119459.0,shares,0
2018-05-04,16.4,16.83,16.12,16.17,16.42,3895464,64103803.0,shares,0
2018-05-07,16.15,16.86,16.14,16.84,16.17,4127153,68308396.0,shares,0
2018-05-08,16.82,17.08,16.5,16.7,16.84,3017420,50437571.0,shares,0
2018-05-09,16.4,17.42,16.18,17.36,16.7,6098468,103311061.0,shares,0
2018-05-10,17.29,18.15,17.21,17.49,17.36,8137306,143636612.0,shares,0
2018-05-11,17.33,17.68,17.18,17.43,17.49,3023184,52559875.0,shares,0
2018-05-14,17.43,17.64,16.4,16.53,17.43,3143238,52806846.0,shares,0
2018-05-15,16.56,17.27,16.23,17.21,16.53,3278632,55413737.0,shares,0
2018-05-16,17.13,17.21,16.36,16.47,17.21,3703183,61875306.0,shares,0
2018-05-17,16.45,17.0,16.26,16.64,16.47,2994522,50344283.0,shares,0
2018-05-18,16.74,17.17,16.16,16.8,16.64,2173458,36428947.0,shares,0
2018-05-21,16.77,17.01,16.42,16.65,16.8,3015110,50087624.0,shares,0
2018-05-22,16.6,16.89,16.18,16.26,16.55,2211216,36298096.0,shares,0
2018-05-23,16.48,16.95,16.15,16.87,16.26,2422972,40138692.0,shares,0
2018-05-24,16.67,16.97,16.32,16.58,16.87,3155824,52692182.0,shares,0
2018-05-25,16.79,16.9,16.24,16.28,16.58,2279562,37867238.0,shares,0
2018-05-28,16.24,16.31,15.26,15.31,16.28,2743218,43077185.0,shares,0
2018-05-29,15.2,15.68,14.98,15.07,15.31,2022500,31111845.0,shares,0
2018-05-30,14.85,15.88,14.81,15.08,15.07,2878472,44347590.0,shares,0
2018-05-31,15.4,15.79,15.08,15.38,15.08,3812933,58979098.0,shares,0
2018-06-01,15.38,15.38,14.28,14.49,15.38,2892397,42792118.0,shares,0
2018-06-04,14.8,14.8,13.98,14.25,14.49,2716857,38884104.0,shares,0
2018-06-05,14.28,15.25,14.28,15.19,14.25,3724462,55463840.0,shares,0
2018-06-06,15.17,15.33,14.95,15.13,15.19,1523550,23036723.0,shares,0
2018-06-07,15.31,15.45,14.94,15.07,15.13,1410262,21323183.0,shares,0
2018-06-08,15.05,15.23,14.72,14.94,15.07,1871650,28162981.0,shares,0
2018-06-11,14.9,15.05,14.69,14.74,14.94,1105150,16338129.0,shares,0
2018-06-12,14.7,15.29,14.58,15.28,14.74,1968001,29566049.0,shares,0
2018-06-13,15.28,15.42,14.86,15.28,15.28,2453062,37191446.0,shares,0
2018-06-14,15.1,15.89,15.01,15.8,15.28,3231666,50666025.0,shares,0
2018-06-15,15.64,15.85,15.13,15.4,15.8,2675908,41307192.0,shares,0
2018-06-19,14.98,15.48,13.86,13.86,15.4,4162729,59920219.0,shares,0
2018-06-20,13.35,14.98,12.47,14.76,13.86,8064391,110158234.0,shares,0
2018-06-21,14.57,14.7,13.63,13.72,14.76,3970700,56058015.0,shares,0
2018-06-22,13.8,14.64,13.41,14.14,13.72,2700683,38187122.0,shares,0
2018-06-25,14.03,14.45,13.22,13.62,14.14,3308045,45360328.0,shares,0
2018-06-26,13.57,14.23,13.28,13.73,13.62,2576637,35811865.0,shares,0
2018-06-27,13.65,13.96,13.6,13.68,13.73,2495665,34422017.0,shares,0
2018-06-28,14.06,14.12,12.31,13.06,13.68,2253029,30090186.0,shares,0
2018-06-29,12.81,13.8,12.81,13.44,13.06,4006574,54131287.0,shares,0
2018-07-02,14.0,14.2,13.72,13.8,13.44,3848193,53861094.0,shares,0
2018-07-03,14.12,14.14,13.5,13.86,13.8,3439610,47704928.0,shares,0
2018-07-04,13.87,13.99,13.13,13.31,13.86,3236696,43828171.0,shares,0
2018-07-05,13.31,13.63,13.18,13.3,13.31,1464370,19628013.0,shares,0
2018-07-06,13.2,13.4,12.42,12.91,13.3,3895055,50423592.0,shares,0
2018-07-09,12.85,13.18,12.63,13.15,12.91,4792400,61842512.0,shares,0
2018-07-10,13.09,13.34,12.86,13.1,13.15,2745015,35957057.0,shares,0
2018-07-11,12.93,12.93,11.85,12.21,13.1,4877501,60121763.0,shares,0
2018-07-12,12.21,12.55,12.15,12.42,12.21,4230724,52520634.0,shares,0
2018-07-13,12.45,13.09,12.43,13.05,12.42,4585803,58793832.0,shares,0
2018-07-16,13.05,13.52,12.97,13.31,13.05,4311125,57400919.0,shares,0
2018-07-17,14.13,14.47,13.86,14.09,13.31,8199282,115940289.0,shares,0
2018-07-18,14.5,14.5,13.46,13.48,14.09,6468391,89539086.0,shares,0
2018-07-19,13.33,13.55,12.76,12.99,13.48,4729833,62036880.0,shares,0
2018-07-20,12.9,13.01,12.6,12.9,12.99,4326660,55563864.0,shares,0
2018-07-23,13.03,13.31,12.65,13.21,12.9,3582698,47060472.0,shares,0
2018-07-24,13.23,13.4,13.06,13.31,13.21,3390014,44934142.0,shares,0
2018-07-25,13.22,13.46,13.04,13.12,13.31,2926816,38808907.0,shares,0
2018-07-26,13.1,13.3,12.8,12.9,13.12,2731675,35393224.0,shares,0
2018-07-27,12.87,13.54,12.76,13.53,12.9,4838312,64268551.0,shares,0
2018-07-30,13.31,13.4,12.88,12.98,13.53,3433804,44986431.0,shares,0
2018-07-31,12.89,13.12,12.82,12.94,12.98,2102249,27197072.0,shares,0
2018-08-01,12.78,13.01,12.6,12.64,12.94,1886012,24057777.0,shares,0
2018-08-02,12.6,12.69,11.75,12.02,12.64,3104243,37399680.0,shares,0
2018-08-03,12.02,12.08,11.48,11.5,12.02,2442455,28390686.0,shares,0
2018-08-06,11.52,11.6,10.86,10.92,11.5,2925962,32451156.0,shares,0
2018-08-07,11.11,11.41,10.83,11.39,10.92,2474692,27686890.0,shares,0
2018-08-08,11.32,11.48,10.96,11.05,11.39,1777750,19902068.0,shares,0
2018-08-09,11.05,11.89,11.02,11.66,11.05,2765100,32032841.0,shares,0
2018-08-10,11.65,11.81,11.47,11.77,11.66,1814150,21161237.0,shares,0
2018-08-13,11.8,12.12,11.62,12.06,11.77,3263281,38826096.0,shares,0
2018-08-14,11.85,12.08,11.83,11.99,12.06,1555721,18620877.0,shares,0
2018-08-15,11.91,12.08,11.51,11.57,11.99,2430871,28466655.0,shares,0
2018-08-16,11.34,11.85,11.34,11.65,11.57,1183943,13799415.0,shares,0
2018-08-17,11.78,11.91,11.42,11.43,11.65,2002681,23325620.0,shares,0
2018-08-20,11.38,11.78,11.23,11.74,11.43,2215670,25568288.0,shares,0
2018-08-21,11.79,11.94,11.58,11.85,11.74,2583768,30406499.0,shares,0
2018-08-22,11.85,11.88,11.6,11.72,11.85,1285854,15079373.0,shares,0
2018-08-23,11.61,12.11,11.61,12.0,11.72,2046831,24372983.0,shares,0
2018-08-24,11.99,12.13,11.75,11.82,12.0,1970311,23526481.0,shares,0
2018-08-27,12.0,12.49,11.9,12.44,11.82,3289989,40566607.0,shares,0
2018-08-28,12.39,12.66,12.38,12.54,12.44,2057350,25776183.0,shares,0
2018-08-29,12.42,12.66,12.29,12.56,12.54,1804852,22530764.0,shares,0
2018-08-30,12.5,12.85,12.5,12.53,12.56,2724150,34525973.0,shares,0
2018-08-31,12.53,12.75,12.41,12.52,12.53,1822483,22937995.0,shares,0
2018-09-03,12.45,12.49,12.05,12.42,12.52,2408491,29387946.0,shares,0
2018-09-04,12.42,12.88,12.3,12.79,12.42,2897383,36880996.0,shares,0
2018-09-05,12.73,12.87,12.57,12.59,12.79,1539596,19597751.0,shares,0
2018-09-06,12.55,12.64,12.33,12.44,12.59,1476050,18429617.0,shares,0
2018-09-07,12.37,12.67,12.15,12.43,12.44,1823822,22696272.0,shares,0
2018-09-10,12.41,12.43,11.98,12.08,12.43,2231416,27099779.0,shares,0
2018-09-11,12.05,12.45,11.88,12.41,12.08,1644762,20242399.0,shares,0
2018-09-12,12.37,12.6,12.3,12.43,12.41,1437450,17906080.0,shares,0
2018-09-13,12.45,12.63,11.19,11.75,12.43,3425354,40629397.0,shares,0
2018-09-14,11.66,12.18,11.65,11.8,11.75,2990619,35632516.0,shares,0
2018-09-17,11.77,11.79,11.2,11.43,11.8,2931328,33595510.0,shares,0
2018-09-18,11.53,11.64,10.89,11.2,11.43,3624661,40384556.0,shares,0
2018-09-19,11.15,11.7,11.11,11.62,11.2,4689430,53499846.0,shares,0
2018-09-20,11.57,11.71,11.32,11.36,11.62,2942046,33814550.0,shares,0
2018-09-21,11.35,11.72,11.28,11.69,11.36,2642381,30497564.0,shares,0
2018-09-25,11.71,11.89,11.55,11.86,11.69,1870286,21939888.0,shares,0
2018-09-26,11.86,12.03,11.72,11.77,11.86,2066694,24404343.0,shares,0
2018-09-27,11.77,11.78,11.34,11.37,11.77,2235658,25695135.0,shares,0
2018-09-28,11.4,11.85,11.35,11.84,11.37,2581050,29855423.0,shares,0
2018-10-08,11.53,11.55,11.28,11.42,11.84,2247135,25632489.0,shares,0
2018-10-09,11.37,11.58,11.3,11.43,11.42,1055300,12069828.0,shares,0
2018-10-10,11.48,11.48,11.28,11.35,11.43,848300,9621903.0,shares,0
2018-10-11,10.9,11.1,10.22,10.27,11.35,5418600,56725881.0,shares,0
2018-10-12,10.19,10.45,9.24,10.39,10.27,5383820,52924494.0,shares,0
2018-10-15,10.38,10.4,10.02,10.07,10.39,2649480,27176518.0,shares,0
2018-10-16,10.05,10.05,9.18,9.45,10.07,3711408,35658418.0,shares,0
2018-10-17,9.52,9.69,9.08,9.33,9.45,3618904,33818688.0,shares,0
2018-10-18,9.28,9.35,8.86,8.96,9.33,2892674,26213783.0,shares,0
2018-10-19,8.73,9.2,8.73,9.12,8.96,2578050,23160616.0,shares,0
2018-10-22,9.22,9.83,9.19,9.73,9.12,3532170,33805544.0,shares,0
2018-10-23,9.73,9.86,9.36,9.54,9.73,2305054,22088289.0,shares,0
2018-10-24,9.4,9.87,9.33,9.77,9.54,2595556,25170572.0,shares,0
2018-10-25,9.38,9.64,9.2,9.57,9.77,1949832,18418941.0,shares,0
2018-10-26,9.67,9.75,9.46,9.54,9.57,1397500,13446466.0,shares,0
2018-10-29,9.56,9.78,9.4,9.52,9.54,1342150,12823043.0,shares,0
2018-10-30,9.56,9.63,9.19,9.51,9.52,1901036,17913046.0,shares,0
2018-10-31,9.53,9.91,9.52,9.78,9.51,3429245,33523930.0,shares,0
2018-11-01,9.77,10.2,9.7,10.07,9.78,4133956,41396505.0,shares,0
2018-11-02,10.33,10.65,10.3,10.48,10.07,4103848,42855986.0,shares,0
2018-11-05,10.46,10.6,10.2,10.56,10.48,2639050,27541862.0,shares,0
2018-11-06,10.57,10.59,10.21,10.42,10.56,1692954,17585813.0,shares,0
2018-11-07,10.47,10.65,10.4,10.48,10.42,2241033,23627386.0,shares,0
2018-11-08,10.51,10.75,10.46,10.5,10.48,2394226,25311036.0,shares,0
2018-11-09,10.4,10.71,10.25,10.64,10.5,1884450,19953253.0,shares,0
2018-11-12,10.59,10.89,10.5,10.83,10.64,2559703,27463949.0,shares,0
2018-11-13,10.6,11.1,10.6,11.06,10.83,2785888,30512047.0,shares,0
2018-11-14,10.95,11.12,10.94,11.03,11.06,2286624,25194216.0,shares,0
2018-11-15,11.0,11.15,10.75,11.0,11.03,2477324,27056048.0,shares,0
2018-11-16,10.88,11.39,10.88,11.3,11.0,3458700,38889053.0,shares,0
2018-11-19,11.27,11.3,11.05,11.26,11.3,2110776,23620772.0,shares,0
2018-11-20,11.19,11.27,10.62,10.76,11.26,2580802,28105209.0,shares,0
2018-11-21,10.71,10.98,10.5,10.89,10.76,1926200,20805861.0,shares,0
2018-11-22,11.01,11.03,10.64,10.74,10.89,1851200,19986049.0,shares,0
2018-11-23,10.94,10.94,10.19,10.22,10.74,2981465,31197863.0,shares,0
2018-11-26,10.13,10.38,10.13,10.21,10.22,1388391,14205025.0,shares,0
2018-11-27,10.24,10.37,10.1,10.18,10.21,1901900,19493175.0,shares,0
2018-11-28,10.19,10.46,9.9,10.37,10.18,3118300,31978651.0,shares,0
2018-11-29,10.53,10.53,9.98,10.04,10.37,2620150,26673675.0,shares,0
2018-11-30,10.01,10.15,9.91,10.14,10.04,1419732,14259760.0,shares,0
2018-12-03,10.39,10.57,10.33,10.53,10.14,2720783,28451453.0,shares,0
2018-12-04,10.46,10.58,10.4,10.55,10.53,2049300,21523875.0,shares,0
2018-12-05,10.31,10.62,10.29,10.47,10.55,2493550,25991484.0,shares,0
2018-12-06,10.4,10.69,10.36,10.52,10.47,2793200,29443799.0,shares,0
2018-12-07,10.62,10.62,10.21,10.33,10.52,2609900,27055113.0,shares,0
2018-12-10,10.29,11.28,10.05,11.0,10.33,12851480,137642300.0,shares,0
2018-12-11,10.9,10.93,10.66,10.87,11.0,4814200,52004680.0,shares,0
2018-12-12,10.81,10.92,10.65,10.81,10.87,4050113,43567167.0,shares,0
2018-12-13,10.72,10.95,10.63,10.86,10.81,3525903,38186381.0,shares,0
2018-12-14,10.86,11.18,10.7,11.05,10.86,6694591,73657939.0,shares,0
2018-12-17,10.89,11.1,10.62,10.83,11.05,6083150,66172767.0,shares,0
2018-12-18,10.7,10.84,10.57,10.67,10.83,2486300,26558860.0,shares,0
2018-12-19,10.65,10.78,10.16,10.23,10.67,3108403,32385558.0,shares,0
2018-12-20,10.23,10.34,10.07,10.29,10.23,2441049,24951030.0,shares,0
2018-12-21,10.21,10.34,10.0,10.34,10.29,2280628,23126244.0,shares,0
2018-12-24,10.3,10.57,10.2,10.55,10.34,2080038,21695511.0,shares,0
2018-12-25,10.38,10.7,10.29,10.63,10.55,2960558,31113785.0,shares,0
2018-12-26,10.63,10.76,10.55,10.73,10.63,3028469,32300735.0,shares,0
2018-12-27,10.83,10.86,10.57,10.83,10.73,3251500,34793398.0,shares,0
2018-12-28,10.73,11.0,10.64,11.0,10.83,3084960,33365819.0,shares,0
2019-01-02,10.9,11.08,10.8,10.85,11.0,2593450,28256494.0,shares,0
2019-01-03,10.76,10.87,10.44,10.58,10.85,3117835,33173472.0,shares,0
2019-01-04,10.5,10.93,10.38,10.88,10.58,3590835,38431247.0,shares,0
2019-01-07,10.9,11.58,10.79,11.44,10.88,7880656,87917755.0,shares,0
2019-01-08,11.33,11.66,11.26,11.49,11.44,5331750,61169234.0,shares,0
2019-01-09,11.49,11.52,11.22,11.23,11.49,4029291,45891040.0,shares,0
2019-01-10,11.25,12.35,11.25,12.35,11.23,11122700,133559309.0,shares,0
2019-01-11,12.5,12.53,11.94,12.02,12.35,6916120,84241546.0,shares,0
2019-01-14,12.06,12.44,11.86,11.99,12.02,4975379,60417456.0,shares,0
2019-01-15,12.01,12.24,11.89,12.21,11.99,3962155,47945789.0,shares,0
2019-01-16,12.14,12.21,11.9,11.96,12.21,2527540,30353953.0,shares,0
2019-01-17,11.98,12.55,11.98,12.13,11.96,5123167,63063761.0,shares,0
2019-01-18,12.05,12.7,11.9,12.6,12.13,5662885,69723549.0,shares,0
2019-01-21,12.55,12.68,12.33,12.54,12.6,4091169,51224061.0,shares,0
2019-01-22,12.49,12.51,12.1,12.38,12.54,3809623,46893268.0,shares,0
2019-01-23,12.34,12.51,12.25,12.43,12.38,2127775,26300295.0,shares,0
2019-01-24,12.44,12.55,12.0,12.28,12.43,2947349,36369375.0,shares,0
2019-01-25,12.29,12.8,12.13,12.42,12.28,3914805,49078810.0,shares,0
2019-01-28,12.42,13.08,12.31,13.06,12.42,5897200,75740850.0,shares,0
2019-01-29,13.02,13.02,12.56,12.75,13.06,3430746,43648445.0,shares,0
2019-01-30,12.61,12.95,12.49,12.59,12.75,2980350,37819898.0,shares,0
2019-01-31,12.53,12.67,12.41,12.56,12.59,2471279,30955437.0,shares,0
2019-02-01,12.6,12.99,12.58,12.95,12.56,3099900,39803950.0,shares,0
2019-02-11,13.08,14.02,13.08,13.9,12.95,6811184,92932629.0,shares,0
2019-02-12,13.78,14.11,13.6,13.84,13.9,6082233,84524883.0,shares,0
2019-02-13,13.93,14.34,13.79,14.0,13.84,6323016,89002749.0,shares,0
2019-02-14,14.19,14.19,13.91,14.18,14.0,3380153,47599297.0,shares,0
2019-02-15,14.08,14.48,14.02,14.19,14.18,3479807,49815951.0,shares,0
2019-02-18,14.33,14.5,14.09,14.41,14.19,3477077,49745730.0,shares,0
2019-02-19,14.39,14.76,14.01,14.26,14.41,3500446,49972192.0,shares,0
2019-02-20,14.26,14.26,13.88,13.97,14.26,3857275,53956781.0,shares,0
2019-02-21,14.11,14.44,13.93,14.15,13.97,4227127,60119188.0,shares,0
2019-02-22,13.81,14.31,13.81,14.26,14.15,3144598,44346515.0,shares,0
2019-02-25,14.44,15.66,14.44,15.38,14.26,6664576,100384468.0,shares,0
2019-02-26,15.42,15.48,14.9,15.03,15.38,3500887,52921018.0,shares,0
2019-02-27,15.08,15.39,14.9,15.12,15.03,2831800,42986395.0,shares,0
2019-02-28,15.12,15.28,14.7,14.85,15.12,1811750,27011496.0,shares,0
2019-03-01,14.83,15.15,14.67,15.01,14.85,2179822,32556331.0,shares,0
2019-03-04,14.98,15.49,14.93,15.14,15.01,3980555,60437291.0,shares,0
2019-03-05,15.09,15.7,14.88,15.58,15.14,3777750,57932606.0,shares,0
2019-03-06,15.61,15.69,15.18,15.43,15.58,2727892,41957682.0,shares,0
2019-03-07,15.43,15.74,15.13,15.43,15.43,3010604,46296419.0,shares,0
2019-03-08,15.29,16.07,14.84,14.84,15.43,5043429,77046573.0,shares,0
2019-03-11,14.71,15.28,14.45,15.22,14.84,4916674,73623542.0,shares,0
2019-03-12,15.4,16.06,15.12,15.88,15.22,4523374,71010618.0,shares,0
2019-03-13,16.3,16.3,14.9,15.06,15.88,3827854,59588543.0,shares,0
2019-03-14,15.05,15.17,14.31,14.55,15.06,3522067,51666518.0,shares,0
2019-03-15,14.55,15.25,14.55,15.08,14.55,2928595,43767509.0,shares,0
2019-03-18,15.1,15.56,14.81,15.42,15.08,2946450,45313211.0,shares,0
2019-03-19,15.68,15.77,15.43,15.6,15.42,2305600,35924603.0,shares,0
2019-03-20,15.65,15.67,15.14,15.46,15.6,3535519,54255841.0,shares,0
2019-03-21,15.44,15.98,15.31,15.56,15.46,3123850,49134350.0,shares,0
2019-03-22,15.55,15.9,15.25,15.6,15.56,2885027,44857117.0,shares,0
2019-03-25,15.43,16.0,15.25,15.48,15.6,2749767,43064676.0,shares,0
2019-03-26,15.68,15.9,15.03,15.11,15.48,3236860,50230978.0,shares,0
2019-03-27,15.32,15.46,14.6,15.19,15.11,2964600,44506771.0,shares,0
2019-03-28,15.49,15.6,14.99,15.11,15.19,3381700,51787831.0,shares,0
2019-03-29,14.92,16.2,14.92,15.87,15.11,5014182,78708900.0,shares,0
2019-04-01,16.15,16.35,15.8,16.29,15.87,4647394,74952276.0,shares,0
2019-04-02,16.3,17.47,16.03,17.41,16.29,6603809,111324629.0,shares,0
2019-04-03,17.09,17.27,16.74,16.97,17.41,3884533,65771191.0,shares,0
2019-04-04,16.97,17.34,16.62,16.82,16.97,2467472,41508615.0,shares,0
2019-04-08,16.59,17.28,16.15,16.64,16.82,4418333,73824556.0,shares,0
2019-04-09,16.64,16.79,16.28,16.33,16.64,1971633,32515624.0,shares,0
2019-04-10,16.23,16.57,16.11,16.55,16.33,1836673,30083134.0,shares,0
2019-04-11,16.34,16.46,15.18,15.25,16.55,5053221,79325604.0,shares,0
2019-04-12,15.38,15.76,15.2,15.29,15.25,3273083,50390039.0,shares,0
2019-04-15,15.41,15.74,15.0,15.03,15.29,5621525,86598999.0,shares,0
2019-04-16,15.25,15.6,14.74,15.49,15.03,3702880,56206413.0,shares,0
2019-04-17,15.6,15.61,15.26,15.37,15.49,2454251,37800371.0,shares,0
2019-04-18,15.36,15.4,14.92,15.1,15.37,3731278,56299181.0,shares,0
2019-04-19,15.2,15.2,14.73,15.15,15.1,2985573,44623919.0,shares,0
2019-04-22,15.15,15.19,14.58,14.79,15.15,2683076,39887117.0,shares,0
2019-04-23,14.55,14.75,14.05,14.38,14.79,4914114,70214346.0,shares,0
2019-04-24,14.38,14.64,14.16,14.57,14.38,4405916,63883888.0,shares,0
2019-04-25,14.52,14.67,13.85,13.92,14.57,3655943,52312987.0,shares,0
2019-04-26,13.8,14.1,13.38,13.57,13.92,4498744,61140469.0,shares,0
2019-04-29,13.57,14.05,13.42,13.68,13.57,3004146,41099954.0,shares,0
2019-04-30,13.68,13.8,13.25,13.46,13.68,3315950,44800141.0,shares,0
2019-05-06,13.19,13.19,12.12,12.36,13.46,3880634,48986754.0,shares,0
2019-05-07,12.67,12.68,12.38,12.58,12.36,2336950,29355276.0,shares,0
2019-05-08,12.2,12.92,12.2,12.45,12.58,2731403,34433628.0,shares,0
2019-05-09,12.46,12.7,12.42,12.53,12.45,1951621,24534889.0,shares,0
2019-05-10,12.58,13.0,12.3,12.65,12.53,7389282,93443354.0,shares,0
2019-05-13,12.62,12.73,12.17,12.45,12.65,5970654,74561459.0,shares,0
2019-05-14,12.27,12.5,12.21,12.23,12.45,3773858,46435585.0,shares,0
2019-05-15,12.34,12.51,12.22,12.51,12.23,3200012,39596705.0,shares,0
2019-05-16,12.46,12.85,12.25,12.67,12.51,6514539,81633141.0,shares,0
2019-05-17,12.8,12.82,11.85,11.96,12.67,5808029,71373645.0,shares,0
2019-05-20,11.89,12.1,11.6,12.1,11.96,2562396,30223640.0,shares,0
2019-05-21,11.98,12.45,11.88,12.29,12.1,4660554,56893606.0,shares,0
2019-05-22,12.32,12.61,12.23,12.55,12.29,4975007,61882757.0,shares,0
2019-05-23,12.3,12.3,11.8,11.92,12.42,4019467,48079062.0,shares,0
2019-05-24,11.87,11.96,11.75,11.88,11.92,2015366,23897491.0,shares,0
2019-05-27,11.85,12.55,11.79,12.55,11.88,4344949,53442331.0,shares,0
2019-05-28,12.53,12.6,12.33,12.36,12.55,3006350,37450227.0,shares,0
2019-05-29,12.31,13.23,12.31,12.94,12.36,7110124,91726414.0,shares,0
2019-05-30,12.8,13.05,12.61,12.93,12.94,5037951,64674955.0,shares,0
2019-05-31,12.84,13.02,12.58,12.76,12.93,3541200,45300387.0,shares,0
2019-06-03,12.7,12.76,11.48,11.72,12.76,9019089,108251952.0,shares,0
2019-06-04,11.81,11.83,11.3,11.46,11.72,3864015,44888306.0,shares,0
2019-06-05,11.62,11.69,11.3,11.45,11.46,2969598,34168455.0,shares,0
2019-06-06,11.43,11.5,10.96,11.07,11.45,3670936,40963961.0,shares,0
2019-06-10,11.06,11.55,11.05,11.43,11.07,3014540,34149924.0,shares,0
2019-06-11,11.51,11.85,11.31,11.8,11.43,3430250,39985127.0,shares,0
2019-06-12,11.9,12.03,11.73,11.81,11.8,5226631,62032870.0,shares,0
2019-06-13,11.8,11.9,11.65,11.74,11.81,3224387,37942028.0,shares,0
2019-06-14,11.84,12.03,11.39,11.39,11.74,3659450,42809415.0,shares,0
2019-06-17,11.62,11.65,11.35,11.5,11.39,2332178,26849948.0,shares,0
2019-06-18,11.4,11.6,11.32,11.43,11.5,2069753,23669662.0,shares,0
2019-06-19,11.7,11.81,11.53,11.68,11.43,4762998,55623602.0,shares,0
2019-06-20,11.65,12.0,11.51,11.88,11.68,4105216,48446144.0,shares,0
2019-06-21,11.89,12.38,11.89,12.23,11.88,4584650,55924433.0,shares,0
2019-06-24,12.32,12.42,12.15,12.41,12.23,3817524,46960630.0,shares,0
2019-06-25,12.78,13.5,12.41,12.67,12.41,12893354,164895525.0,shares,0
2019-06-26,12.3,13.03,12.28,12.66,12.67,7295335,92469723.0,shares,0
2019-06-27,12.62,12.89,12.45,12.64,12.66,6908736,87421406.0,shares,0
2019-06-28,12.56,12.85,12.24,12.6,12.64,6102300,76359337.0,shares,0
2019-07-01,13.25,13.65,12.88,13.5,12.6,13936479,185227171.0,shares,0
2019-07-02,13.39,13.39,12.96,13.08,13.5,9209047,120963563.0,shares,0
2019-07-03,13.01,13.11,12.81,12.95,13.08,3837872,49812742.0,shares,0
2019-07-04,13.04,13.08,12.77,12.9,12.95,3699500,47785537.0,shares,0
2019-07-05,12.9,12.95,12.66,12.9,12.9,3116608,39959125.0,shares,0
2019-07-08,12.91,12.91,12.16,12.32,12.9,5498951,68346892.0,shares,0
2019-07-09,12.4,12.46,12.17,12.25,12.32,2646548,32540307.0,shares,0
2019-07-10,12.3,12.34,11.88,12.0,12.25,3493050,42166974.0,shares,0
2019-07-11,12.09,12.3,11.97,12.15,12.0,3731050,45324396.0,shares,0
2019-07-12,12.19,12.7,12.14,12.64,12.15,8523200,106322530.0,shares,0
2019-07-15,12.62,12.62,11.61,12.12,12.64,9242279,111396219.0,shares,0
2019-07-16,12.12,12.9,11.85,12.85,12.12,11408538,140635540.0,shares,0
2019-07-17,12.56,12.68,12.4,12.43,12.85,8735605,109545278.0,shares,0
2019-07-18,12.43,12.45,12.02,12.02,12.43,5364779,65385828.0,shares,0
2019-07-19,12.05,12.19,12.01,12.05,12.02,2724497,32992797.0,shares,0
2019-07-22,12.14,12.19,11.61,11.67,12.05,3360484,39553333.0,shares,0
2019-07-23,11.6,11.94,11.6,11.86,11.67,2239634,26487175.0,shares,0
2019-07-24,11.86,12.15,11.86,12.11,11.86,3206671,38709424.0,shares,0
2019-07-25,12.12,12.16,12.05,12.14,12.11,1912440,23180431.0,shares,0
2019-07-26,12.15,12.24,11.93,12.22,12.14,2754140,33333029.0,shares,0
2019-07-29,12.31,12.44,12.13,12.19,12.22,3094034,37944393.0,shares,0
2019-07-30,12.18,12.46,12.1,12.38,12.19,3680049,45519785.0,shares,0
2019-07-31,12.38,12.57,12.22,12.34,12.38,3342034,41465360.0,shares,0
2019-08-01,12.34,12.59,12.26,12.54,12.34,4240004,52869498.0,shares,0
2019-08-02,12.25,12.44,12.18,12.42,12.54,3589150,44270946.0,shares,0
2019-08-05,12.38,12.54,12.21,12.22,12.42,3397381,41979405.0,shares,0
2019-08-06,11.9,11.95,11.47,11.71,12.22,4794866,56265137.0,shares,0
2019-08-07,11.73,11.83,11.5,11.5,11.71,2730076,31890677.0,shares,0
2019-08-08,11.51,11.68,11.51,11.56,11.5,2487450,28871227.0,shares,0
2019-08-09,11.71,11.8,11.36,11.5,11.56,2704150,31413270.0,shares,0
2019-08-12,11.63,11.72,11.44,11.72,11.5,1792950,20752739.0,shares,0
2019-08-13,11.61,11.75,11.55,11.7,11.72,2011350,23456104.0,shares,0
2019-08-14,11.82,11.95,11.78,11.85,11.7,2983350,35383187.0,shares,0
2019-08-15,11.42,11.95,11.42,11.93,11.85,2912800,34130159.0,shares,0
2019-08-16,11.92,12.5,11.88,12.17,11.93,4838850,59229440.0,shares,0
2019-08-19,12.3,13.12,12.3,13.01,12.17,10197590,130300690.0,shares,0
2019-08-20,13.03,13.49,12.87,13.38,13.01,11012404,146277001.0,shares,0
2019-08-21,13.42,13.84,13.19,13.62,13.38,8913351,121046504.0,shares,0
2019-08-22,13.63,14.35,13.63,14.18,13.62,10000171,140319968.0,shares,0
2019-08-23,14.1,14.32,13.91,14.25,14.18,7665350,108163825.0,shares,0
2019-08-26,13.85,14.1,13.76,13.99,14.25,8320787,115475928.0,shares,0
2019-08-27,14.09,14.31,13.8,13.9,13.99,6238950,87324883.0,shares,0
2019-08-28,13.9,14.08,13.82,13.93,13.9,4155100,57903753.0,shares,0
2019-08-29,13.88,13.99,13.77,13.96,13.93,4439174,61576078.0,shares,0
2019-08-30,13.96,14.22,13.51,13.55,13.96,6159811,84919946.0,shares,0
2019-09-02,13.71,14.57,13.69,14.3,13.55,11804507,167655562.0,shares,0
2019-09-03,14.3,14.48,13.98,14.21,14.3,7065043,99991806.0,shares,0
2019-09-04,14.11,14.97,13.9,14.74,14.21,13441782,195452259.0,shares,0
2019-09-05,14.88,15.21,14.5,15.01,14.74,11089888,164105914.0,shares,0
2019-09-06,14.86,15.43,14.7,15.05,15.01,8113780,122476670.0,shares,0
2019-09-09,15.15,16.3,15.15,16.01,15.05,13520839,214298394.0,shares,0
2019-09-10,16.13,16.25,15.55,15.88,16.01,6590984,105125197.0,shares,0
2019-09-11,15.9,16.08,15.54,15.64,15.88,5436773,85869354.0,shares,0
2019-09-12,15.8,16.34,15.55,16.19,15.64,5715836,91171035.0,shares,0
2019-09-16,16.08,16.25,15.57,15.72,16.19,5813438,91984102.0,shares,0
2019-09-17,15.72,15.94,15.36,15.47,15.72,5761214,89848092.0,shares,0
2019-09-18,15.57,15.69,15.16,15.51,15.47,3545329,54774194.0,shares,0
2019-09-19,15.55,16.17,15.45,16.06,15.51,5965575,94754612.0,shares,0
2019-09-20,16.06,16.06,15.66,15.74,16.06,4476750,70749782.0,shares,0
2019-09-23,15.62,16.0,15.51,15.9,15.74,4196000,66238089.0,shares,0
2019-09-24,15.84,16.58,15.55,16.36,15.9,7697589,123680223.0,shares,0
2019-09-25,16.29,16.5,15.57,15.75,16.36,5614709,89531444.0,shares,0
2019-09-26,15.79,15.87,14.87,15.29,15.75,4683095,71964693.0,shares,0
2019-09-27,15.23,16.03,15.23,15.85,15.29,5190140,81806525.0,shares,0
2019-09-30,16.0,16.0,15.18,15.3,15.85,4138061,63781219.0,shares,0
2019-10-08,15.22,15.3,14.85,14.87,15.3,3351150,50528573.0,shares,0
2019-10-09,15.0,15.24,14.62,14.9,14.87,4872100,72683381.0,shares,0
2019-10-10,14.88,15.45,14.88,15.38,14.9,4466150,67685696.0,shares,0
2019-10-11,15.55,15.55,14.7,14.7,15.38,7581078,112658563.0,shares,0
2019-10-14,14.81,15.27,14.75,15.1,14.7,6827400,103114877.0,shares,0
2019-10-15,14.96,15.14,14.56,14.72,15.1,5507628,81347259.0,shares,0
2019-10-16,14.82,14.94,14.56,14.61,14.72,3406800,50089893.0,shares,0
2019-10-17,14.61,14.81,14.45,14.65,14.61,3217685,47046303.0,shares,0
2019-10-18,14.55,15.02,14.37,14.54,14.65,3813975,56088723.0,shares,0
2019-10-21,14.54,14.54,14.08,14.2,14.54,3770925,53511644.0,shares,0
2019-10-22,14.35,15.07,14.29,14.93,14.2,5351890,79163177.0,shares,0
2019-10-23,14.82,15.12,14.67,14.82,14.93,2833300,42062606.0,shares,0
2019-10-24,15.01,15.1,14.27,14.41,14.82,4795300,69784582.0,shares,0
2019-10-25,14.44,15.45,14.36,15.3,14.41,6462750,97042552.0,shares,0
2019-10-28,15.51,15.89,15.11,15.45,15.3,8519040,130852355.0,shares,0
2019-10-29,15.45,15.47,15.15,15.36,15.45,5099860,77859922.0,shares,0
2019-10-30,15.31,15.31,14.89,14.97,15.36,4642943,69824844.0,shares,0
2019-10-31,14.25,14.77,13.86,14.19,14.97,7872499,111962725.0,shares,0
2019-11-01,14.26,14.3,13.89,14.2,14.19,4732227,66545071.0,shares,0
2019-11-04,14.15,14.67,14.15,14.47,14.2,4187186,60733055.0,shares,0
2019-11-05,14.59,14.75,14.43,14.62,14.47,2793150,40806033.0,shares,0
2019-11-06,14.65,14.95,14.4,14.47,14.62,3400674,49767218.0,shares,0
2019-11-07,14.55,14.96,14.4,14.94,14.47,3704118,54425670.0,shares,0
2019-11-08,14.97,15.1,14.74,14.8,14.94,3473102,51776191.0,shares,0
2019-11-11,14.7,14.7,14.35,14.53,14.8,2705082,39217004.0,shares,0
2019-11-12,14.5,14.54,13.98,14.4,14.53,3244150,46162584.0,shares,0
2019-11-13,14.51,15.27,14.37,15.04,14.4,6586174,98355180.0,shares,0
2019-11-14,15.05,15.44,14.85,15.04,15.04,4017692,60514601.0,shares,0
2019-11-15,15.1,15.73,14.85,15.55,15.04,7122624,109813546.0,shares,0
2019-11-18,15.5,15.96,15.4,15.7,15.55,6232524,98253834.0,shares,0
2019-11-19,15.71,15.85,15.61,15.73,15.7,2809544,44084306.0,shares,0
2019-11-20,15.69,15.8,15.45,15.49,15.73,2461524,38248466.0,shares,0
2019-11-21,15.57,15.82,15.25,15.74,15.49,3237933,50467092.0,shares,0
2019-11-22,15.64,15.7,15.0,15.08,15.74,5017792,76734362.0,shares,0
2019-11-25,15.2,15.24,14.15,14.74,15.08,2649100,39464315.0,shares,0
2019-11-26,15.02,15.02,14.72,14.81,14.74,2350802,34879622.0,shares,0
2019-11-27,14.88,15.28,14.67,15.16,14.81,2364250,35708126.0,shares,0
2019-11-28,15.24,15.59,15.19,15.38,15.16,2769046,42687177.0,shares,0
2019-11-29,15.3,15.47,15.15,15.41,15.38,2001270,30681739.0,shares,0
2019-12-02,15.48,16.18,15.33,16.07,15.41,7078161,112447982.0,shares,0
2019-12-03,16.04,16.33,15.85,16.28,16.07,4863247,78427565.0,shares,0
2019-12-04,16.06,16.45,16.06,16.26,16.28,3673111,59800149.0,shares,0
2019-12-05,16.32,16.55,16.12,16.33,16.26,3858438,63104708.0,shares,0
2019-12-06,16.48,16.67,16.17,16.4,16.33,3580521,58670945.0,shares,0
2019-12-09,16.61,16.61,16.16,16.35,16.4,2629697,42966477.0,shares,0
2019-12-10,16.32,16.56,16.08,16.34,16.35,3378853,55323807.0,shares,0
2019-12-11,16.36,16.94,16.07,16.13,16.34,5049375,82736291.0,shares,0
2019-12-12,16.0,17.3,16.0,16.81,16.13,9493861,160499636.0,shares,0
2019-12-13,16.89,17.59,16.85,17.31,16.81,8416901,145489298.0,shares,0
2019-12-16,17.6,17.69,17.12,17.39,17.31,6693162,116253520.0,shares,0
2019-12-17,17.45,17.54,16.98,17.2,17.39,6284075,107990845.0,shares,0
2019-12-18,17.2,17.46,17.06,17.31,17.2,3880138,66992310.0,shares,0
2019-12-19,17.24,17.89,16.95,17.57,17.31,6746054,118440862.0,shares,0
2019-12-20,17.38,17.6,16.98,17.12,17.57,5054231,87044941.0,shares,0
2019-12-23,17.09,17.3,16.63,16.74,17.12,5287368,89554333.0,shares,0
2019-12-24,16.87,17.13,16.57,16.74,16.74,5265241,88398477.0,shares,0
2019-12-25,16.74,17.36,16.57,17.25,16.74,7497469,127995537.0,shares,0
2019-12-26,17.12,17.47,17.12,17.18,17.25,3650699,62961691.0,shares,0
2019-12-27,17.19,18.48,16.8,18.29,17.18,14438022,256193126.0,shares,0
2019-12-30,17.94,18.47,17.8,18.42,18.29,9332663,169858277.0,shares,0
2019-12-31,18.42,19.15,18.2,18.8,18.42,8491370,158228255.0,shares,0
2020-01-02,20.68,20.68,19.62,20.68,18.8,14472947,295742581.0,shares,0
2020-01-03,22.27,22.75,21.58,22.07,20.68,29787465,666481143.0,shares,0
2020-01-06,21.5,22.09,20.7,21.75,22.07,20483927,436262521.0,shares,0
2020-01-07,21.53,23.21,21.26,22.5,21.75,20518150,459170546.0,shares,0
2020-01-08,21.9,22.29,21.08,21.1,22.5,14437516,310367273.0,shares,0
2020-01-09,21.44,21.63,20.97,21.4,21.1,7546883,160783407.0,shares,0
2020-01-10,21.52,21.58,20.8,21.0,21.4,7066104,149266013.0,shares,0
2020-01-13,21.13,21.85,20.88,21.69,21.0,11181918,240108277.0,shares,0
2020-01-14,21.81,22.39,21.26,21.42,21.69,8447513,184006207.0,shares,0
2020-01-15,21.21,21.95,20.8,21.73,21.42,7671965,164818266.0,shares,0
2020-01-16,21.57,22.1,21.52,21.64,21.73,6696870,145694697.0,shares,0
2020-01-17,21.71,23.2,21.71,22.92,21.64,14691609,331202670.0,shares,0
2020-01-20,22.7,25.21,22.59,25.21,22.92,12532451,306369895.0,shares,0
2020-01-21,25.87,26.75,24.58,24.7,25.21,18167334,460616199.0,shares,0
2020-01-22,24.52,26.1,24.31,25.57,24.7,13497904,340941431.0,shares,0
2020-01-23,24.69,25.08,23.01,23.2,25.57,19205569,455830100.0,shares,0
2020-02-03,20.88,20.88,20.88,20.88,23.2,778600,16257168.0,shares,0
2020-02-04,18.8,21.65,18.8,21.35,20.88,12794947,263497023.0,shares,0
2020-02-05,21.28,22.45,20.9,21.67,21.35,12718458,276396826.0,shares,0
2020-02-06,21.89,22.85,21.04,22.46,21.67,10505612,230246970.0,shares,0
2020-02-07,22.06,22.46,21.24,22.3,22.46,10334996,226657805.0,shares,0
2020-02-10,22.3,24.47,22.3,23.41,22.3,11862434,277608118.0,shares,0
2020-02-11,23.5,23.96,22.77,23.4,23.41,8387681,196050159.0,shares,0
2020-02-12,23.93,24.67,23.48,24.55,23.4,11463650,276591661.0,shares,0
2020-02-13,24.72,25.99,24.31,24.8,24.55,12074440,304059843.0,shares,0
2020-02-14,24.8,26.93,24.8,26.25,24.8,13286179,344765547.0,shares,0
2020-02-17,26.31,28.88,25.76,28.13,26.25,12688769,342155347.0,shares,0
2020-02-18,27.71,30.94,27.68,30.94,28.13,11876334,345363259.0,shares,0
2020-02-19,34.03,34.03,30.82,31.45,30.94,23187904,761117176.0,shares,0
2020-02-20,31.5,32.75,30.31,31.91,31.45,17003692,536790434.0,shares,0
2020-02-21,31.23,32.66,30.8,32.32,31.91,15608098,496179771.0,shares,0
2020-02-24,31.51,32.16,29.22,31.79,32.32,15793367,488254524.0,shares,0
2020-02-25,30.7,31.42,28.61,29.9,31.79,17687225,531006871.0,shares,0
2020-02-26,29.07,29.5,27.26,27.73,29.9,14856932,421148042.0,shares,0
2020-02-27,27.98,28.61,27.21,27.45,27.73,11315112,315887116.0,shares,0
2020-02-28,25.93,26.5,24.71,24.71,27.45,14435509,367491752.0,shares,0
2020-03-02,25.21,25.9,24.61,25.27,24.71,11376736,288127438.0,shares,0
2020-03-03,26.01,26.84,25.15,25.33,25.27,12370630,321007059.0,shares,0
2020-03-04,25.39,25.92,24.41,25.28,25.33,8885731,223374357.0,shares,0
2020-03-05,25.78,26.84,25.52,26.5,25.28,13295032,348131214.0,shares,0
2020-03-06,26.0,27.96,25.8,27.25,26.5,12364297,337692125.0,shares,0
2020-03-09,26.6,28.15,26.5,27.35,27.25,11386044,312581946.0,shares,0
2020-03-10,27.3,27.89,25.7,27.64,27.35,12419473,335105278.0,shares,0
2020-03-11,27.82,28.0,25.36,25.36,27.64,12936849,344463462.0,shares,0
2020-03-12,24.51,25.6,24.1,24.6,25.36,8104262,200750593.0,shares,0
2020-03-13,22.87,25.25,22.85,24.66,24.6,9981902,242977825.0,shares,0
2020-03-16,25.0,25.6,22.94,23.26,24.66,9411131,229976227.0,shares,0
2020-03-17,23.7,24.4,22.33,24.2,23.26,9823425,233173949.0,shares,0
2020-03-18,24.63,25.44,24.1,24.1,24.2,9661364,240438181.0,shares,0
2020-03-19,24.22,25.19,23.88,25.07,24.1,9261432,227125126.0,shares,0
2020-03-20,25.42,25.42,24.09,24.46,25.07,6754912,166610670.0,shares,0
2020-03-23,23.35,23.77,22.1,22.28,24.46,11256556,256120786.0,shares,0
2020-03-24,23.0,23.05,21.16,22.5,22.28,7163251,160016619.0,shares,0
2020-03-25,23.1,23.49,22.81,22.96,22.5,6501815,150223156.0,shares,0
2020-03-26,23.01,23.23,22.41,22.52,22.96,5826715,132418000.0,shares,0
2020-03-27,22.89,22.96,22.0,22.17,22.52,4201520,94160248.0,shares,0
2020-03-30,21.71,21.72,20.44,21.0,22.17,6596786,138541498.0,shares,0
2020-03-31,21.39,21.39,20.82,20.82,21.0,3591631,75818909.0,shares,0
2020-04-01,20.88,21.53,20.72,20.95,20.82,3523833,74645788.0,shares,0
2020-04-02,20.88,22.22,20.83,22.21,20.95,5699484,123188840.0,shares,0
2020-04-03,22.01,22.31,21.38,21.53,22.21,4470335,97392492.0,shares,0
2020-04-07,22.07,22.56,21.92,22.09,21.53,4788013,106227870.0,shares,0
2020-04-08,22.03,22.7,22.0,22.15,22.09,4628785,103058892.0,shares,0
2020-04-09,22.32,22.88,22.15,22.77,22.15,6116411,138111829.0,shares,0
2020-04-10,22.63,22.92,20.98,21.4,22.77,7184871,156225433.0,shares,0
2020-04-13,20.7,21.07,20.08,20.39,21.4,6277971,128837316.0,shares,0
2020-04-14,20.5,21.2,20.4,21.1,20.39,4331274,89785778.0,shares,0
2020-04-15,21.17,21.86,21.12,21.25,21.1,5309774,113960966.0,shares,0
2020-04-16,21.18,21.84,20.76,21.7,21.25,5454603,117163254.0,shares,0
2020-04-17,22.06,22.5,21.85,22.05,21.7,4920106,109209691.0,shares,0
2020-04-20,22.1,22.38,21.74,22.32,22.05,3254092,71860352.0,shares,0
2020-04-21,22.24,22.26,21.36,22.16,22.32,3905105,85325899.0,shares,0
2020-04-22,22.05,22.97,21.92,22.29,22.16,5471123,122856635.0,shares,0
2020-04-23,22.51,22.61,21.6,21.76,22.29,4923763,109004626.0,shares,0
2020-04-24,22.04,22.08,21.0,21.26,21.76,3798463,81656605.0,shares,0
2020-04-27,21.26,21.48,20.89,21.03,21.26,2555974,54303074.0,shares,0
2020-04-28,21.11,21.33,19.8,21.06,21.03,4263677,88074092.0,shares,0
2020-04-29,20.83,21.68,20.65,21.29,21.06,3211038,68367061.0,shares,0
2020-04-30,21.49,23.42,21.19,23.42,21.29,8353809,190730391.0,shares,0
2020-05-06,23.42,24.38,23.2,24.15,23.42,8306832,198148686.0,shares,0
2020-05-07,24.19,24.59,23.96,24.08,24.15,5178222,125293690.0,shares,0
2020-05-08,24.34,24.67,23.98,24.17,24.08,4492305,109021398.0,shares,0
2020-05-11,24.36,25.29,24.1,24.41,24.17,5703292,140216553.0,shares,0
2020-05-12,24.21,24.59,23.81,24.4,24.41,4604646,111272096.0,shares,0
2020-05-13,24.55,24.55,24.09,24.2,24.4,3173546,77121755.0,shares,0
2020-05-14,24.25,24.68,23.92,23.94,24.2,4228648,102655055.0,shares,0
2020-05-15,24.1,24.76,23.82,24.03,23.94,7063284,171196636.0,shares,0
2020-05-18,24.17,24.47,23.02,23.45,24.03,6201386,147286306.0,shares,0
2020-05-19,23.55,24.25,23.44,24.06,23.45,5565629,132408578.0,shares,0
2020-05-20,24.2,25.14,23.91,24.03,24.06,10622745,260549359.0,shares,0
2020-05-21,24.39,24.49,22.25,22.48,24.03,8743150,202680336.0,shares,0
2020-05-22,22.3,22.69,21.34,21.72,22.48,5937015,130101304.0,shares,0
2020-05-25,21.7,21.9,20.91,21.3,21.72,4301048,91636918.0,shares,0
2020-05-26,21.5,21.69,21.22,21.54,21.3,4995997,107048198.0,shares,0
2020-05-27,21.5,21.59,20.92,21.17,21.54,4168968,88264186.0,shares,0
2020-05-28,21.28,21.28,20.27,20.58,21.17,6039371,124404033.0,shares,0
2020-05-29,20.45,20.74,20.24,20.51,20.58,2977193,61163421.0,shares,0
2020-06-01,20.73,21.79,20.6,21.54,20.51,5778109,123288613.0,shares,0
2020-06-02,21.49,22.36,21.49,22.25,21.54,6698668,147654691.0,shares,0
2020-06-03,22.25,22.69,21.87,22.23,22.25,6185395,137611057.0,shares,0
2020-06-04,22.22,22.8,21.89,22.05,22.23,3809662,84644834.0,shares,0
2020-06-05,22.05,22.53,22.0,22.3,22.05,3719298,82843903.0,shares,0
2020-06-08,22.54,22.74,22.05,22.27,22.3,3918292,87757093.0,shares,0
2020-06-09,22.15,23.19,21.97,22.23,22.27,6047495,135881940.0,shares,0
2020-06-10,21.8,22.11,21.21,21.89,22.08,6518117,140717823.0,shares,0
2020-06-11,21.72,22.64,21.66,22.01,21.89,6324698,139882874.0,shares,0
2020-06-12,21.48,21.58,21.13,21.28,22.01,5644978,120564164.0,shares,0
2020-06-15,21.24,21.35,20.65,20.65,21.28,4396640,91988765.0,shares,0
2020-06-16,20.88,21.5,20.75,21.5,20.65,4075304,86354169.0,shares,0
2020-06-17,21.75,21.78,21.11,21.45,21.5,3802325,81453695.0,shares,0
2020-06-18,21.1,21.35,20.72,21.22,21.45,6066254,127879064.0,shares,0
2020-06-19,21.26,21.35,20.91,21.1,21.22,4715163,99484721.0,shares,0
2020-06-22,21.23,23.21,21.2,23.21,21.1,11205654,255123374.0,shares,0
2020-06-23,23.61,23.83,23.0,23.36,23.21,16686272,390250119.0,shares,0
2020-06-24,23.24,23.72,23.02,23.23,23.36,10246706,238585068.0,shares,0
2020-06-29,23.57,23.8,22.78,23.55,23.23,9591058,223926042.0,shares,0
2020-06-30,23.55,24.5,23.35,23.82,23.55,13188569,316419510.0,shares,0
2020-07-01,24.05,24.58,23.45,23.87,23.82,10506990,252468904.0,shares,0
2020-07-02,24.05,24.49,23.88,24.29,23.87,8275473,200533680.0,shares,0
2020-07-03,24.43,24.7,24.0,24.27,24.29,8067283,196555263.0,shares,0
2020-07-06,24.38,26.31,24.38,25.67,24.27,11380413,288716393.0,shares,0
2020-07-07,25.7,26.82,25.7,25.88,25.67,12025602,316820177.0,shares,0
2020-07-08,25.88,26.39,25.68,26.16,25.88,8535528,222383295.0,shares,0
2020-07-09,26.07,28.1,25.94,27.76,26.16,11073486,302518616.0,shares,0
2020-07-10,27.5,28.3,27.03,27.39,27.76,8591068,237133773.0,shares,0
2020-07-13,27.43,28.48,27.42,27.9,27.39,8703694,244186004.0,shares,0
2020-07-14,27.8,28.2,26.12,26.89,27.9,12190714,330027552.0,shares,0
2020-07-15,27.07,27.22,25.17,25.21,26.89,10489635,271825564.0,shares,0
2020-07-16,25.3,25.66,23.45,23.54,25.21,9419663,231328304.0,shares,0
2020-07-17,23.87,24.45,23.1,23.62,23.54,7554393,180112345.0,shares,0
2020-07-20,24.05,24.5,23.62,24.29,23.62,6961959,167521114.0,shares,0
2020-07-21,24.25,24.45,23.67,23.96,24.29,6849823,164544358.91,shares,0
2020-07-22,24.12,24.69,23.8,24.45,23.96,7464082,181974385.99,shares,0
2020-07-23,24.13,24.83,23.66,24.31,24.45,6384077,154590961.39,shares,0
2020-07-24,24.29,24.36,22.78,22.81,24.31,7739898,181387712.63,shares,0
2020-07-27,22.66,22.98,22.18,22.39,22.81,4875828,109567662.24,shares,0
2020-07-28,22.58,23.15,22.33,22.62,22.39,3770884,85577929.48,shares,0
2020-07-29,22.73,23.49,22.36,23.4,22.62,4976020,114782041.15,shares,0
2020-07-30,23.4,23.7,23.01,23.27,23.4,3607564,83895205.29,shares,0
2020-07-31,23.17,23.65,23.05,23.4,23.27,4145368,96778762.65,shares,0
2020-08-03,23.95,24.69,23.61,24.64,23.4,9274240,224164610.21,shares,0
2020-08-04,24.75,25.53,24.39,24.61,24.64,8405433,209128411.22,shares,0
2020-08-05,25.3,26.13,24.86,25.72,24.61,10819932,276237371.55,shares,0
2020-08-06,25.68,25.71,24.91,25.25,25.72,7026460,177545918.07,shares,0
2020-08-07,24.96,25.23,24.0,24.57,25.25,6256390,153761874.27,shares,0
2020-08-10,24.57,25.79,24.31,24.92,24.57,7121254,178962713.49,shares,0
2020-08-11,25.15,25.18,23.78,23.86,24.92,6330259,154403831.42,shares,0
2020-08-12,23.58,23.86,22.5,23.21,23.86,5192860,119708298.86,shares,0
2020-08-13,23.3,23.49,22.85,23.0,23.21,3084863,71190470.94,shares,0
2020-08-14,22.99,23.33,22.77,23.28,23.0,2486004,57448937.61,shares,0
2020-08-17,23.29,23.74,23.16,23.71,23.28,4182756,98285123.29,shares,0
2020-08-18,23.8,24.08,23.66,23.73,23.71,3127435,74602613.34,shares,0
2020-08-19,23.73,23.73,23.03,23.05,23.73,2911412,67904924.86,shares,0
2020-08-20,23.3,23.43,22.9,23.17,23.05,2512194,58183369.88,shares,0
2020-08-21,23.21,23.43,23.02,23.15,23.17,2799453,65009384.52,shares,0
2020-08-24,23.11,23.87,22.78,23.56,23.15,3955070,92540749.37,shares,0
2020-08-25,23.58,25.92,23.58,25.92,23.56,10176767,257224878.26,shares,0
2020-08-26,26.1,26.2,24.49,24.97,25.92,13719759,345154900.08,shares,0
2020-08-27,24.8,24.9,23.7,24.59,24.97,8427554,204716596.3,shares,0
2020-08-28,24.3,25.2,24.22,25.08,24.59,6677262,165621431.7,shares,0
2020-08-31,25.18,25.79,24.7,25.22,25.08,7959125,200654992.59,shares,0
2020-09-01,25.22,25.65,24.88,25.55,25.22,5244665,132938757.78,shares,0
2020-09-02,25.7,25.7,24.99,25.06,25.55,4527269,114194569.88,shares,0
2020-09-03,24.9,24.9,24.21,24.4,25.06,4660390,114012394.79,shares,0
2020-09-04,23.95,24.89,23.85,24.63,24.4,4170358,102363389.61,shares,0
2020-09-07,24.85,25.28,23.9,23.98,24.63,4576282,112453714.23,shares,0
2020-09-08,23.95,24.4,23.5,24.03,23.98,3468253,83225970.81,shares,0
2020-09-09,23.72,23.8,22.1,22.11,24.03,7850784,179643736.71,shares,0
2020-09-10,22.49,22.49,20.86,20.86,22.11,6077155,130656770.9,shares,0
2020-09-11,20.79,21.56,20.73,21.44,20.86,4011486,84933903.06,shares,0
2020-09-14,21.46,22.05,21.46,21.95,21.44,3711066,81051827.76,shares,0
2020-09-15,21.97,22.11,21.71,21.98,21.95,2216325,48686067.33,shares,0
2020-09-16,21.86,22.05,21.7,21.8,21.98,1817151,39720921.43,shares,0
2020-09-17,21.73,22.34,21.41,22.1,21.8,3180330,69908847.57,shares,0
2020-09-18,22.06,22.66,21.75,22.35,22.1,3719904,82453124.17,shares,0
2020-09-21,22.42,22.86,22.1,22.24,22.35,2855697,64132744.04,shares,0
2020-09-22,21.91,22.2,21.65,21.75,22.24,2369649,51882902.49,shares,0
2020-09-23,21.8,22.07,21.51,21.9,21.75,2980240,65129591.28,shares,0
2020-09-24,21.7,21.78,21.16,21.35,21.9,2639309,56523149.02,shares,0
2020-09-25,21.45,21.68,21.09,21.18,21.35,2340027,49848953.65,shares,0
2020-09-28,21.22,21.39,20.51,20.72,21.18,2526205,52854929.36,shares,0
2020-09-29,20.78,21.29,20.78,21.15,20.72,2187917,46144387.7,shares,0
2020-09-30,21.2,21.39,20.6,20.78,21.15,1920102,40074552.72,shares,0
2020-10-09,21.2,22.3,21.2,22.18,20.78,4120073,90289797.04,shares,0
2020-10-12,22.31,22.96,22.3,22.85,22.18,4585051,104403314.21,shares,0
2020-10-13,22.74,22.84,22.5,22.75,22.85,2791061,63310575.41,shares,0
2020-10-14,22.76,22.76,22.43,22.51,22.75,2078074,46802130.38,shares,0
2020-10-15,22.61,22.65,22.15,22.16,22.51,2131051,47631845.79,shares,0
2020-10-16,22.21,22.35,21.77,21.9,22.16,2308577,50724928.84,shares,0
2020-10-19,21.9,22.3,21.6,21.63,21.9,2468746,54046306.52,shares,0
2020-10-20,21.55,22.3,21.35,22.24,21.63,2382848,52202720.66,shares,0
2020-10-21,22.38,22.38,21.57,21.58,22.24,2716927,59081505.47,shares,0
2020-10-22,21.58,21.76,21.35,21.57,21.58,1571394,33923924.72,shares,0
2020-10-23,21.67,21.83,21.02,21.03,21.57,2227272,47474984.04,shares,0
2020-10-26,21.0,21.4,20.55,21.11,21.03,2304323,48354698.54,shares,0
2020-10-27,21.01,21.35,20.84,21.35,21.11,1855532,39315529.33,shares,0
2020-10-28,21.35,21.55,21.04,21.42,21.35,2118277,45171114.95,shares,0
2020-10-29,20.9,20.9,19.28,19.28,21.42,11166818,220768044.54,shares,0
2020-10-30,19.08,19.57,18.87,18.92,19.28,5842362,111604883.18,shares,0
2020-11-02,19.0,19.0,18.2,18.38,18.92,4038395,74776191.96,shares,0
2020-11-03,18.4,18.7,18.33,18.62,18.38,3051480,56578961.13,shares,0
2020-11-04,18.63,18.81,18.36,18.66,18.62,2621393,48630826.98,shares,0
2020-11-05,18.8,19.02,18.53,18.95,18.66,3037314,57113058.28,shares,0
2020-11-06,18.95,19.09,18.65,18.82,18.95,2708810,50963583.02,shares,0
2020-11-09,18.99,19.9,18.9,19.63,18.82,4919369,95875946.73,shares,0
2020-11-10,19.7,20.2,19.51,19.79,19.63,4038936,80367473.37,shares,0
2020-11-11,19.79,19.89,19.15,19.26,19.79,2790796,54167129.27,shares,0
2020-11-12,19.39,19.4,18.93,19.08,19.26,2183772,41834899.48,shares,0
2020-11-13,18.99,19.34,18.83,19.05,19.08,2615694,49888087.75,shares,0
2020-11-16,19.16,19.58,19.11,19.28,19.05,2777125,53652636.23,shares,0
2020-11-17,19.24,19.43,18.58,18.9,19.28,3086734,58044384.27,shares,0
2020-11-18,18.85,19.05,18.64,18.91,18.9,2112994,39806329.04,shares,0
2020-11-19,18.91,18.94,18.61,18.88,18.91,1906216,35868069.8,shares,0
2020-11-20,18.88,18.95,18.59,18.91,18.88,2094282,39344197.34,shares,0
2020-11-23,18.93,19.78,18.73,19.65,18.91,5337337,103486360.98,shares,0
2020-11-24,19.55,19.62,19.28,19.51,19.65,2942158,57210475.02,shares,0
2020-11-25,19.42,20.05,19.36,19.64,19.51,5368053,106265730.28,shares,0
2020-11-26,19.55,19.69,19.19,19.25,19.64,2665650,51561818.5,shares,0
2020-11-27,19.2,20.18,19.13,19.69,19.25,4796878,94785171.83,shares,0
2020-11-30,20.18,20.85,19.96,20.5,19.69,8702209,177457991.57,shares,0
2020-12-01,20.51,20.64,20.21,20.35,20.5,3763189,76573090.82,shares,0
2020-12-02,20.7,21.93,20.6,21.63,20.35,11337663,244213801.38,shares,0
2020-12-03,21.74,21.78,21.27,21.55,21.63,5456206,117192581.9,shares,0
2020-12-04,21.86,22.22,21.65,21.87,21.55,7969384,174895947.29,shares,0
2020-12-07,22.01,22.05,21.57,21.88,21.87,5420625,118394627.0,shares,0
2020-12-08,21.87,22.0,21.33,21.53,21.88,4448053,95974952.68,shares,0
2020-12-09,21.7,21.8,20.91,21.06,21.53,3370224,71608551.82,shares,0
2020-12-10,20.81,21.08,20.5,20.9,21.06,2868483,59767293.81,shares,0
2020-12-11,20.91,21.3,20.48,20.98,20.9,3862476,80861359.66,shares,0
2020-12-14,21.13,21.98,20.82,21.78,20.98,4819900,104079746.5,shares,0
2020-12-15,21.7,22.66,21.42,22.14,21.78,7681820,170130502.57,shares,0
2020-12-16,22.21,22.36,20.85,21.02,22.14,7305382,156744577.83,shares,0
2020-12-17,20.96,21.57,20.66,21.57,21.02,5157032,109435619.64,shares,0
2020-12-18,21.91,23.34,21.68,22.19,21.57,10393088,234302474.72,shares,0
2020-12-21,22.44,23.1,22.32,23.05,22.19,9607988,219681436.58,shares,0
2020-12-22,23.28,23.31,22.62,22.81,23.05,7026733,160940010.45,shares,0
2020-12-23,22.68,23.7,22.68,23.67,22.81,10695483,249653987.19,shares,0
2020-12-24,23.8,24.1,23.0,23.18,23.67,7316450,171262599.74,shares,0
2020-12-25,23.15,23.83,22.53,23.81,23.18,8140178,188655510.37,shares,0
2020-12-28,24.08,24.12,22.87,23.1,23.81,7003808,163848823.27,shares,0
2020-12-29,22.95,23.0,22.12,22.6,23.1,6187328,139821258.49,shares,0
2020-12-30,22.69,23.88,22.6,23.58,22.6,7765621,181871713.74,shares,0
2020-12-31,23.5,24.2,23.3,23.52,23.58,5859063,139129783.18,shares,0
2021-01-04,23.47,24.5,23.17,24.25,23.52,8702446,208708103.18,shares,0
2021-01-05,23.83,24.96,23.83,24.53,24.25,8025315,196569897.34,shares,0
2021-01-06,24.4,24.6,23.52,23.68,24.53,6293547,151135480.57,shares,0
2021-01-07,23.6,23.88,22.95,23.2,23.68,6123469,142880357.92,shares,0
2021-01-08,23.08,23.18,22.09,22.29,23.2,6392768,143176674.27,shares,0
2021-01-11,22.3,22.46,21.0,21.33,22.29,6283338,136781904.35,shares,0
2021-01-12,21.35,21.73,20.58,21.29,21.33,5626332,118850083.33,shares,0
2021-01-13,21.27,21.27,19.58,20.32,21.29,9917520,201420106.68,shares,0
2021-01-14,20.1,20.91,19.6,20.76,20.32,6754166,137786118.83,shares,0
2021-01-15,20.5,21.0,20.34,20.5,20.76,3319002,68577609.37,shares,0
2021-01-18,20.44,21.5,20.27,21.32,20.5,4851742,102375603.34,shares,0
2021-01-19,21.28,21.42,20.35,20.43,21.32,4978787,103575362.77,shares,0
2021-01-20,20.37,20.73,20.26,20.45,20.43,3321385,67877579.43,shares,0
2021-01-21,20.54,20.95,20.21,20.68,20.45,3841744,79234597.85,shares,0
2021-01-22,20.57,20.59,19.95,20.09,20.68,4418092,89064403.44,shares,0
2021-01-25,20.09,20.47,19.5,20.03,20.09,5944268,118270995.83,shares,0
2021-01-26,20.1,20.37,19.7,19.78,20.03,3426629,68361955.14,shares,0
2021-01-27,19.78,19.97,19.27,19.34,19.78,3444066,67088205.72,shares,0
2021-01-28,19.2,19.56,19.05,19.22,19.34,2206279,42593642.25,shares,0
2021-01-29,19.32,19.55,18.37,18.6,19.22,3958714,74759125.15,shares,0
2021-02-01,18.54,18.94,18.37,18.76,18.6,2826557,53044789.0,shares,0
2021-02-02,18.85,19.09,18.62,19.06,18.76,2430875,45936040.56,shares,0
2021-02-03,19.2,19.3,18.2,18.28,19.06,3801465,71241822.72,shares,0
2021-02-04,18.21,18.21,16.71,17.15,18.28,7086528,122018679.81,shares,0
2021-02-05,17.16,17.63,16.89,17.16,17.15,3699700,63760265.48,shares,0
2021-02-08,17.11,17.28,16.78,17.04,17.16,2194273,37426799.37,shares,0
2021-02-09,17.05,17.89,17.05,17.72,17.04,2577633,45037822.87,shares,0
2021-02-10,17.88,18.18,17.68,18.13,17.72,2424057,43512386.9,shares,0
2021-02-18,18.3,19.14,18.3,18.65,18.13,3629419,68056858.69,shares,0
2021-02-19,18.65,18.95,18.0,18.8,18.65,3054586,57153632.2,shares,0
2021-02-22,18.85,19.66,18.75,18.78,18.8,4895060,94072281.88,shares,0
2021-02-23,19.01,19.12,18.55,18.92,18.78,3769653,71025839.97,shares,0
2021-02-24,18.72,19.11,18.6,18.79,18.92,2756605,51882473.99,shares,0
2021-02-25,18.88,18.89,18.31,18.33,18.79,2287608,42242295.37,shares,0
2021-02-26,18.32,18.4,17.83,17.93,18.33,2431332,43957055.19,shares,0
2021-03-01,18.06,18.7,18.01,18.68,17.93,2665294,49293831.31,shares,0
2021-03-02,18.66,19.35,18.57,18.96,18.68,4889861,92910523.95,shares,0
2021-03-03,18.96,19.06,18.66,19.03,18.96,2841819,53650063.14,shares,0
2021-03-04,19.03,19.48,18.57,18.67,19.03,3090147,58681570.35,shares,0
2021-03-05,18.24,18.7,18.21,18.68,18.67,2470588,45740117.57,shares,0
2021-03-08,18.84,18.96,17.22,17.65,18.68,6300325,113971966.46,shares,0
2021-03-09,17.47,17.64,16.36,16.89,17.65,4565424,77672447.06,shares,0
2021-03-10,16.96,17.15,16.63,16.89,16.89,2004941,33803026.24,shares,0
2021-03-11,16.88,17.5,16.88,17.3,16.89,2737505,47263085.33,shares,0
2021-03-12,17.28,17.5,17.13,17.35,17.3,2064033,35809755.45,shares,0
2021-03-15,17.29,17.56,17.03,17.33,17.35,1827063,31730118.11,shares,0
2021-03-16,17.42,17.64,17.16,17.51,17.33,3591035,62306137.46,shares,0
2021-03-17,17.65,18.57,17.35,17.78,17.51,5461334,98163467.8,shares,0
2021-03-18,17.62,17.81,17.36,17.6,17.78,3032396,53264949.59,shares,0
2021-03-19,17.39,17.6,17.33,17.44,17.6,1595948,27871566.46,shares,0
2021-03-22,17.44,17.83,17.38,17.81,17.44,2250951,39743337.15,shares,0
2021-03-23,17.8,17.96,17.43,17.5,17.81,1925698,33965410.31,shares,0
2021-03-24,17.74,17.97,17.56,17.75,17.5,2639646,46928563.51,shares,0
2021-03-25,17.57,17.62,17.26,17.32,17.75,2433574,42424686.6,shares,0
2021-03-26,17.26,17.88,17.25,17.81,17.32,2880307,50915037.4,shares,0
2021-03-29,17.81,18.1,17.67,17.86,17.81,2228533,39785053.59,shares,0
2021-03-30,17.84,18.04,17.61,18.03,17.86,2110406,37546163.74,shares,0
2021-03-31,17.71,17.71,17.41,17.5,18.03,2175575,38146346.01,shares,0
2021-04-01,17.58,17.83,17.52,17.7,17.5,1932553,34181569.41,shares,0
2021-04-02,17.95,19.0,17.73,18.47,17.7,7214671,132784599.77,shares,0
2021-04-06,18.57,18.97,18.33,18.7,18.47,4873719,90959020.46,shares,0
2021-04-07,18.74,18.8,18.39,18.61,18.7,2939900,54539939.0,shares,0
2021-04-08,18.58,18.72,18.35,18.39,18.61,2647833,49006436.25,shares,0
2021-04-09,18.35,18.54,18.21,18.3,18.39,1524042,27952287.57,shares,0
2021-04-12,18.3,18.3,17.59,17.72,18.3,2990628,53670898.73,shares,0
2021-04-13,17.69,17.8,17.45,17.6,17.72,1988384,35027895.22,shares,0
2021-04-14,17.51,17.82,17.51,17.71,17.6,1616148,28589725.93,shares,0
2021-04-15,17.72,17.72,17.16,17.33,17.71,2338487,40492145.68,shares,0
2021-04-16,17.33,17.73,17.27,17.57,17.33,1663839,29182324.69,shares,0
2021-04-19,17.57,18.33,17.51,18.31,17.57,3677558,66407573.87,shares,0
2021-04-20,18.37,18.43,18.04,18.05,18.31,2105382,38290475.94,shares,0
2021-04-21,18.07,18.1,17.7,17.88,18.05,1474085,26347456.62,shares,0
2021-04-22,17.94,18.37,17.86,18.15,17.88,2822665,51367388.71,shares,0
2021-04-23,18.16,18.54,17.98,18.31,18.15,3369844,61801620.69,shares,0
2021-04-26,18.33,18.78,18.3,18.45,18.31,4633050,86097992.0,shares,0
2021-04-27,18.61,18.78,18.23,18.46,18.45,2575500,47624609.53,shares,0
2021-04-28,18.4,18.58,18.18,18.45,18.46,2423161,44544508.68,shares,0
2021-04-29,18.37,18.65,18.2,18.26,18.45,2300795,42212413.88,shares,0
2021-04-30,18.23,18.39,17.98,18.16,18.26,2766550,50122951.3,shares,0
2021-05-06,18.3,18.39,18.1,18.25,18.16,1965091,35837783.57,shares,0
2021-05-07,18.24,18.57,18.01,18.46,18.25,3004063,55049330.34,shares,0
2021-05-10,18.46,18.55,17.27,17.4,18.46,5735179,101936971.4,shares,0
2021-05-11,17.37,17.57,17.05,17.44,17.4,2247489,38850641.15,shares,0
2021-05-12,17.33,17.84,17.29,17.8,17.44,1759723,31059955.47,shares,0
2021-05-13,17.6,17.79,17.41,17.45,17.8,1800241,31575246.72,shares,0
2021-05-14,17.49,17.55,17.38,17.5,17.45,1613484,28190090.28,shares,0
2021-05-17,17.38,17.84,17.38,17.62,17.5,2244008,39532760.09,shares,0
2021-05-18,17.72,17.72,17.4,17.49,17.62,1664500,29126708.0,shares,0
2021-05-19,17.38,17.46,17.0,17.42,17.49,2379726,40995607.76,shares,0
2021-05-20,17.42,17.42,17.05,17.17,17.42,2094009,35980452.59,shares,0
2021-05-21,17.18,17.31,16.82,16.88,17.17,2955054,50146026.87,shares,0
2021-05-24,16.7,17.05,16.65,17.0,16.88,1799267,30382796.04,shares,0
2021-05-25,16.97,17.14,16.85,17.07,17.0,2219205,37773562.4,shares,0
2021-05-26,17.25,17.48,17.07,17.34,17.07,2743821,47504133.98,shares,0
2021-05-27,17.34,18.58,17.3,18.44,17.34,8845312,160910451.95,shares,0
2021-05-28,18.5,18.87,18.27,18.4,18.27,6150318,113378872.1,shares,0
2021-05-31,18.4,19.81,18.33,19.61,18.4,8686427,167471117.26,shares,0
2021-06-01,19.64,20.35,19.42,20.15,19.61,9069305,181506719.96,shares,0
2021-06-02,20.12,20.61,19.96,20.37,20.15,7872015,159518978.87,shares,0
2021-06-03,20.1,20.6,20.01,20.06,20.37,4686446,94919160.4,shares,0
2021-06-04,20.08,20.65,19.88,20.49,20.06,5278471,107426582.2,shares,0
2021-06-07,20.79,21.36,20.4,21.25,20.49,7176730,149998103.24,shares,0
2021-06-08,21.89,21.89,21.0,21.38,21.25,8221586,175453456.68,shares,0
2021-06-09,21.1,21.8,21.1,21.62,21.38,5268082,113952675.99,shares,0
2021-06-10,21.79,22.86,21.74,22.6,21.62,7378841,165865588.7,shares,0
2021-06-11,22.41,22.88,21.97,22.46,22.6,5726971,128492426.13,shares,0
2021-06-15,22.48,23.14,22.38,22.6,22.46,5695022,129633025.86,shares,0
2021-06-16,23.0,23.0,21.8,21.9,22.6,8153898,181103778.99,shares,0
2021-06-17,22.12,23.17,21.91,23.02,21.9,8495097,193346675.15,shares,0
2021-06-18,22.6,23.55,22.6,23.18,23.02,5853537,135258714.68,shares,0
2021-06-21,23.46,23.5,22.72,22.86,23.18,4657675,106959510.54,shares,0
2021-06-22,22.86,22.94,22.46,22.75,22.86,4359523,98968132.46,shares,0
2021-06-23,22.64,23.26,22.38,22.87,22.75,4266648,97834850.13,shares,0
2021-06-24,22.95,23.01,22.25,22.79,22.87,5054291,114541155.07,shares,0
2021-06-25,22.79,23.03,22.28,22.94,22.79,4610279,104907288.69,shares,0
2021-06-28,22.97,23.68,22.55,23.58,22.94,7325357,170476060.49,shares,0
2021-06-29,23.44,23.79,23.25,23.32,23.58,5777638,135474791.08,shares,0
2021-06-30,23.4,23.98,23.21,23.5,23.32,4703824,110804029.78,shares,0
2021-07-01,23.53,23.58,22.98,23.13,23.5,4731913,109767496.6,shares,0
2021-07-02,22.87,23.55,22.87,23.2,23.13,3778785,87893298.06,shares,0
2021-07-05,23.4,23.76,23.07,23.59,23.2,3869540,90368973.3,shares,0
2021-07-06,23.58,24.55,23.0,23.72,23.59,7569376,179614057.32,shares,0
2021-07-07,23.78,25.15,23.1,25.04,23.72,9245682,225925216.74,shares,0
2021-07-08,25.49,25.9,24.41,24.67,25.04,9075687,228172094.45,shares,0
2021-07-09,24.91,26.33,24.42,25.89,24.67,9908953,252306133.15,shares,0
2021-07-12,25.71,26.65,25.53,25.67,25.89,7479098,193518719.99,shares,0
2021-07-13,25.5,25.88,24.96,25.57,25.67,6966913,176171310.03,shares,0
2021-07-14,25.22,26.26,24.81,25.39,25.57,5946350,151521092.75,shares,0
2021-07-15,25.28,25.81,24.2,25.45,25.39,8057234,201233145.14,shares,0
2021-07-16,25.43,27.5,25.31,26.99,25.45,11172316,298327707.17,shares,0
2021-07-19,26.93,27.23,25.49,25.6,26.99,8768604,230352682.29,shares,0
2021-07-20,25.25,26.21,25.01,25.51,25.6,5813839,147854032.63,shares,0
2021-07-21,25.98,28.06,25.7,28.06,25.51,9121581,249033444.21,shares,0
2021-07-22,29.0,30.87,29.0,30.87,28.06,9050394,274506986.66,shares,0
2021-07-23,32.0,32.87,30.91,31.9,30.87,24805346,788284518.49,shares,0
2021-07-26,32.5,34.65,31.69,32.68,31.9,18698283,612247826.99,shares,0
2021-07-27,32.5,33.47,31.21,31.4,32.68,14241041,462173710.28,shares,0
2021-07-28,30.76,32.95,30.02,32.0,31.4,14234446,452964007.74,shares,0
2021-07-29,33.0,34.23,32.3,33.59,32.0,12764599,425984713.11,shares,0
2021-07-30,32.52,33.65,32.0,32.54,33.59,9653968,315513644.28,shares,0
2021-08-02,32.56,34.55,32.33,33.45,32.54,10758232,358780930.12,shares,0
2021-08-03,32.98,35.0,32.2,32.88,33.45,12434158,419277236.17,shares,0
2021-08-04,32.62,34.72,32.33,34.56,32.88,11949257,401757310.23,shares,0
2021-08-05,33.99,33.99,31.17,33.99,34.56,17631283,577602486.44,shares,0
2021-08-06,33.5,34.85,33.0,34.01,33.99,7362030,248455657.24,shares,0
2021-08-09,33.88,34.0,32.13,32.58,34.01,7474161,245146266.69,shares,0
2021-08-10,32.05,33.19,31.98,32.97,32.58,5508284,180536402.15,shares,0
2021-08-11,33.0,35.9,32.13,35.26,32.97,10663676,368599242.84,shares,0
2021-08-12,35.95,36.77,34.84,36.08,35.26,8880953,318237882.27,shares,0
2021-08-13,36.08,36.08,32.8,33.08,36.08,11769730,399821670.48,shares,0
2021-08-16,32.52,33.68,31.89,31.95,33.08,10036229,325117122.79,shares,0
2021-08-17,31.68,32.27,30.52,30.69,31.95,9295385,290746148.28,shares,0
2021-08-18,30.53,31.85,30.53,30.75,30.69,3962762,123594935.8,shares,0
2021-08-19,30.45,31.9,30.45,31.42,30.75,4761447,148778070.83,shares,0
2021-08-20,31.05,33.48,30.95,32.45,31.42,7241857,234907298.18,shares,0
2021-08-23,34.5,35.7,33.7,35.7,32.45,9166744,324760753.99,shares,0
2021-08-24,37.5,39.27,37.49,39.27,35.7,21882035,853265920.43,shares,0
2021-08-25,37.77,41.86,37.77,41.36,39.27,20935270,833625728.97,shares,0
2021-08-26,41.51,41.66,40.06,40.71,41.36,10804252,442422345.3,shares,0
2021-08-27,41.4,41.58,39.3,40.44,40.71,8122764,325660921.8,shares,0
2021-08-30,41.86,44.48,41.33,44.48,40.44,7374128,320380500.11,shares,0
2021-08-31,46.1,47.99,44.61,46.45,44.48,15563845,717975649.4,shares,0
2021-09-01,45.23,46.2,41.81,42.45,46.45,15781414,682342014.24,shares,0
2021-09-02,42.45,45.44,42.02,43.8,42.45,10001335,441279267.91,shares,0
2021-09-03,44.29,45.92,40.71,41.02,43.8,10505074,447297800.42,shares,0
2021-09-06,42.83,42.99,39.21,40.56,41.02,7890769,317162774.48,shares,0
2021-09-07,40.7,41.9,39.66,41.27,40.56,8856040,361038691.65,shares,0
2021-09-08,41.27,43.25,40.7,42.72,41.27,7266394,305134467.79,shares,0
2021-09-09,42.04,46.73,41.85,42.95,42.72,6868214,301739079.1,shares,0
2021-09-10,44.0,47.25,42.74,45.85,42.95,14716792,670908330.17,shares,0
2021-09-13,45.91,46.4,42.0,46.17,45.85,10832717,480512955.99,shares,0
2021-09-14,43.83,47.0,43.83,44.9,46.17,8043446,364128619.28,shares,0
2021-09-15,43.35,46.78,43.18,44.0,44.9,9620328,430685799.69,shares,0
2021-09-16,44.12,48.4,44.12,45.63,44.0,14831351,696371120.83,shares,0
2021-09-17,43.4,44.76,41.07,41.2,45.63,14252351,607199099.34,shares,0
2021-09-22,42.0,45.32,41.65,45.32,41.2,8966570,400011143.85,shares,0
2021-09-23,45.58,46.5,42.0,42.4,45.32,13440954,584370033.83,shares,0
2021-09-24,42.9,42.9,40.16,40.4,42.4,8237250,338562314.86,shares,0
2021-09-27,40.23,41.9,37.6,38.27,40.4,9363968,364305190.72,shares,0
2021-09-28,38.65,39.0,37.7,38.13,38.27,6803171,260242876.76,shares,0
2021-09-29,38.0,38.79,36.11,36.45,38.13,5358755,199818415.42,shares,0
2021-09-30,37.08,39.44,36.8,38.9,36.45,5381695,205331777.21,shares,0
2021-10-08,39.27,39.95,37.18,37.67,38.9,4567900,174795164.49,shares,0
2021-10-11,38.23,40.11,37.65,38.95,37.67,4355689,169520244.08,shares,0
2021-10-12,38.64,39.63,36.1,37.11,38.95,6134100,228570136.09,shares,0
2021-10-13,37.27,39.5,36.59,39.43,37.11,5446716,209033308.5,shares,0
2021-10-14,39.0,39.29,38.2,38.87,39.43,4499502,174534706.2,shares,0
2021-10-15,38.97,42.76,38.66,41.98,38.87,7445472,307741743.55,shares,0
2021-10-18,42.32,46.18,41.9,46.18,41.98,12814543,582778378.71,shares,0
2021-10-19,46.7,50.01,45.7,48.87,46.18,13639287,656589796.82,shares,0
2021-10-20,48.84,51.45,48.38,49.61,48.87,8530955,428089386.63,shares,0
2021-10-21,50.47,50.76,48.5,49.21,49.61,6849691,338764492.0,shares,0
2021-10-22,49.36,49.43,47.78,47.88,49.21,5364255,259711779.37,shares,0
2021-10-25,48.36,51.15,47.37,50.4,47.88,11814031,590620147.2,shares,0
2021-10-26,51.65,53.9,50.47,52.8,50.4,10276012,541551764.39,shares,0
2021-10-27,53.26,54.5,52.35,53.98,52.8,6899869,370300010.51,shares,0
2021-10-28,53.07,55.28,52.26,54.0,53.98,6965818,376345387.25,shares,0
2021-10-29,54.02,56.67,51.4,55.6,54.0,8051687,436750034.42,shares,0
2021-11-01,55.54,56.99,53.8,54.8,55.6,7264377,400639123.03,shares,0
2021-11-02,54.8,56.45,53.45,54.6,54.8,5339975,292554765.41,shares,0
2021-11-03,55.15,59.28,53.82,58.96,54.6,8442132,482762394.23,shares,0
2021-11-04,59.24,61.7,57.2,60.5,58.96,7100845,424402198.96,shares,0
2021-11-05,59.98,66.06,59.67,63.89,60.5,8747907,558401892.77,shares,0
2021-11-08,63.89,64.0,57.79,58.66,63.89,10799803,642131669.74,shares,0
2021-11-09,59.8,61.35,59.35,60.68,58.66,5662270,342156839.44,shares,0
2021-11-10,60.5,61.14,57.91,59.83,60.68,4952235,293418648.02,shares,0
2021-11-11,59.83,62.74,58.2,59.29,59.83,5940350,357145271.52,shares,0
2021-11-12,60.22,64.2,59.29,63.35,59.29,7853311,490335445.74,shares,0
2021-11-15,63.78,64.54,58.44,59.19,63.35,8740908,525241533.9,shares,0
2021-11-16,58.87,60.58,57.87,58.16,59.19,4989593,294446529.17,shares,0
2021-11-17,58.11,60.5,57.65,59.76,58.16,4239344,251258097.92,shares,0
2021-11-18,59.81,60.25,58.23,59.32,59.76,3730316,220792664.0,shares,0
2021-11-19,59.53,62.2,57.2,59.0,59.32,7083464,420669758.74,shares,0
2021-11-22,59.74,62.78,57.55,61.25,59.0,5714929,346637860.23,shares,0
2021-11-23,61.0,61.8,59.15,60.0,61.25,5315828,320116827.53,shares,0
2021-11-24,60.09,62.31,59.0,59.1,60.0,5096591,308753437.7,shares,0
2021-11-25,59.19,60.85,57.52,58.72,59.1,4380416,257620222.84,shares,0
2021-11-26,58.73,59.5,57.45,58.7,58.72,4806181,280844170.86,shares,0
2021-11-29,57.69,59.4,57.5,58.6,58.7,5725147,334247062.0,shares,0
2021-11-30,58.33,59.63,57.6,58.5,58.6,3357598,196281944.11,shares,0
2021-12-01,59.0,61.2,57.85,60.5,58.5,6599848,392280314.26,shares,0
2021-12-02,60.98,64.04,59.68,63.99,60.5,7461600,466165300.68,shares,0
2021-12-03,64.3,64.3,58.51,60.9,63.99,9513439,581756329.48,shares,0
2021-12-06,60.9,63.63,60.9,61.88,60.9,5022051,311851181.34,shares,0
2021-12-07,61.88,62.58,58.23,59.1,61.88,7668096,456373369.51,shares,0
2021-12-08,59.09,63.18,59.09,60.71,59.1,6638464,407306849.01,shares,0
2021-12-09,59.93,61.5,59.6,61.12,60.71,5535326,334626959.15,shares,0
2021-12-10,60.66,64.47,59.34,63.82,61.12,5086002,317533526.2,shares,0
2021-12-13,65.1,65.44,59.89,62.2,63.82,5604243,344859207.68,shares,0
2021-12-14,61.8,63.5,61.0,62.49,62.2,2950158,183775821.64,shares,0
2021-12-15,63.75,64.29,60.28,60.4,62.49,3773123,232678442.56,shares,0
2021-12-16,60.62,62.6,59.32,60.38,60.4,3257222,197629562.22,shares,0
2021-12-17,60.66,61.15,58.15,58.7,60.38,3579474,211510160.95,shares,0
2021-12-20,58.7,60.3,58.0,58.43,58.7,4374919,258277307.6,shares,0
2021-12-21,59.09,60.46,58.34,60.1,58.43,3371327,199873798.99,shares,0
2021-12-22,60.99,66.11,60.53,66.11,60.1,6302406,409216076.47,shares,0
2021-12-23,66.11,70.87,66.11,69.33,66.11,10623596,733748502.25,shares,0
2021-12-24,69.22,69.32,65.0,65.56,69.33,6819026,453006761.34,shares,0
2021-12-27,65.28,66.01,62.8,63.92,65.56,5285538,339186294.89,shares,0
2021-12-28,64.32,64.58,61.15,62.83,63.92,4367221,272925448.1,shares,0
2021-12-29,62.83,63.38,60.93,61.62,62.83,3062088,189537303.02,shares,0
2021-12-30,61.6,62.48,60.37,61.5,61.62,3420596,209961568.7,shares,0
2021-12-31,62.18,66.4,62.18,63.11,61.5,6112724,393408104.28,shares,0
2022-01-04,63.22,63.99,59.7,60.7,63.11,4880439,297889104.92,shares,0
2022-01-05,59.4,62.0,58.01,58.5,60.7,3655438,215716627.92,shares,0
2022-01-06,58.51,59.89,55.6,58.43,58.5,6419231,368761803.44,shares,0
2022-01-07,58.2,59.2,55.39,55.73,58.43,4501211,256279975.38,shares,0
2022-01-10,56.12,56.82,54.32,55.9,55.73,4847877,269231627.77,shares,0
2022-01-11,56.33,57.28,54.97,55.85,55.9,3923748,220283941.71,shares,0
2022-01-12,56.42,59.2,55.39,58.55,55.85,5549528,317838188.67,shares,0
2022-01-13,58.57,60.36,57.01,57.76,58.55,3359866,196470310.98,shares,0
2022-01-14,57.63,58.67,56.5,57.01,57.76,2806824,161306986.89,shares,0
2022-01-17,57.5,58.6,56.93,57.77,57.01,2665524,154434374.95,shares,0
2022-01-18,57.8,59.9,56.72,59.29,57.77,2771409,163241720.36,shares,0
2022-01-19,59.49,59.49,55.66,56.22,59.29,3981272,225933438.62,shares,0
2022-01-20,56.05,56.94,53.06,53.6,56.22,4211544,230122098.91,shares,0
2022-01-21,53.6,54.7,52.2,53.0,53.6,3612754,192177299.88,shares,0
2022-01-24,54.11,57.2,53.03,56.27,53.0,3827585,213219114.28,shares,0
2022-01-25,55.92,56.7,55.01,55.02,56.27,1833536,102368204.9,shares,0
2022-01-26,56.27,56.59,53.88,55.44,55.02,2224204,122227049.6,shares,0
2022-01-27,55.89,57.06,53.62,53.79,55.44,2255109,124438980.54,shares,0
2022-01-28,54.21,54.84,52.3,53.48,53.79,2913635,156301122.32,shares,0
2022-02-07,54.13,55.66,51.9,52.32,53.48,2007348,106668574.49,shares,0
2022-02-08,52.63,52.63,50.22,51.36,52.32,3385249,173418550.71,shares,0
2022-02-09,51.0,52.27,49.48,51.89,51.36,3187401,162623306.31,shares,0
2022-02-10,52.22,53.4,49.7,50.05,51.89,2893269,146929269.02,shares,0
2022-02-11,49.94,50.5,48.05,48.22,50.05,4057291,199263620.05,shares,0
2022-02-14,48.41,53.04,48.22,53.04,48.22,5086288,264956451.43,shares,0
2022-02-15,52.62,55.16,50.69,54.22,53.04,6789417,362258695.15,shares,0
2022-02-16,54.54,56.0,54.22,55.58,54.22,3353734,185234250.16,shares,0
2022-02-17,55.13,56.69,54.62,55.6,55.58,2618069,145982111.1,shares,0
2022-02-18,55.49,55.58,54.5,55.07,55.6,1899501,104571765.64,shares,0
2022-02-21,55.26,57.58,55.21,57.24,55.07,3681706,207869643.03,shares,0
2022-02-22,56.3,61.53,56.2,60.46,57.24,4478371,264394420.61,shares,0
2022-02-23,60.0,62.23,59.75,61.37,60.46,2511827,153972337.51,shares,0
2022-02-24,61.41,62.5,59.01,60.77,61.37,3127383,190840173.2,shares,0
2022-02-25,61.0,63.3,61.0,62.2,60.77,2862508,178706284.63,shares,0
2022-02-28,62.18,63.1,61.4,62.36,62.2,2055790,127563466.0,shares,0
2022-03-01,63.12,63.61,60.68,61.45,62.36,2594616,159877552.0,shares,0
2022-03-02,60.65,62.03,59.05,61.44,61.45,2337422,142318707.0,shares,0
2022-03-03,61.6,61.6,59.3,59.85,61.44,2259717,136065606.0,shares,0
2022-03-04,59.98,62.24,59.16,59.8,59.85,3185756,192035753.0,shares,0
2022-03-07,59.88,60.4,57.32,57.92,59.8,3526322,206611583.0,shares,0
2022-03-08,58.5,59.16,55.58,56.74,57.92,3128442,178636543.0,shares,0
2022-03-09,57.18,58.8,54.52,56.18,56.74,3793746,215044551.0,shares,0
2022-03-10,57.31,60.88,57.06,59.25,56.18,4465741,263320771.0,shares,0
2022-03-11,58.0,59.0,56.78,58.44,59.25,2848772,164962162.0,shares,0
2022-03-14,56.0,58.83,55.0,57.04,58.44,4085334,233775409.0,shares,0
2022-03-15,56.5,58.73,55.32,55.96,57.04,3829219,217987362.0,shares,0
2022-03-16,56.51,61.0,55.58,60.26,55.96,4289580,249833689.0,shares,0
2022-03-17,60.48,64.67,60.01,61.2,60.26,5519457,345265312.0,shares,0
2022-03-18,60.79,62.3,59.33,61.2,61.2,2746186,166640036.88,shares,0
2022-03-21,61.08,62.47,60.5,61.74,61.2,2682823,165110902.94,shares,0
2022-03-22,61.94,62.0,59.8,61.34,61.74,2750126,167240139.19,shares,0
2022-03-23,61.33,62.0,60.0,61.31,61.34,1937855,118910371.56,shares,0
2022-03-24,61.28,61.28,59.88,60.76,61.31,1506050,91008538.0,shares,0
2022-03-25,60.5,61.27,58.82,59.2,60.76,1781246,106000047.98,shares,0
2022-03-28,58.44,59.9,58.13,58.89,59.2,1466356,86182450.83,shares,0
2022-03-29,58.91,59.21,57.52,57.75,58.89,1915087,111166580.2,shares,0
2022-03-30,58.37,62.37,57.81,62.22,57.75,2501741,151234251.82,shares,0
2022-03-31,61.84,61.84,60.0,60.7,62.22,1572883,95616708.26,shares,0
2022-04-01,60.02,61.12,59.12,60.36,60.7,1593419,96080562.56,shares,0
2022-04-06,60.0,60.0,58.01,58.85,60.36,3055968,178635937.84,shares,0
2022-04-07,58.37,59.67,55.5,55.9,58.85,4073531,232462779.58,shares,0
2022-04-08,55.9,58.68,55.0,57.8,55.9,2969644,170221384.2,shares,0
2022-04-11,56.94,56.95,53.8,53.83,57.8,3387445,185963887.85,shares,0
2022-04-12,54.35,55.32,52.08,53.6,53.83,2269357,121199652.48,shares,0
2022-04-13,53.8,55.02,52.0,53.73,53.6,2445990,131472950.05,shares,0
2022-04-14,53.73,54.0,50.54,51.0,53.73,3382950,174016605.53,shares,0
2022-04-15,50.66,52.09,48.87,51.25,51.0,3213162,162330566.69,shares,0
2022-04-18,53.0,56.38,52.18,56.38,51.25,4219508,230186448.64,shares,0
2022-04-19,59.0,59.65,57.91,58.79,56.38,5699100,334052288.89,shares,0
2022-04-20,58.01,59.2,57.5,57.96,58.79,2329007,135946174.85,shares,0
2022-04-21,57.86,58.46,55.46,55.46,57.96,2890878,163826814.34,shares,0
2022-04-22,55.6,57.28,55.05,56.54,55.46,2289442,129012195.93,shares,0
2022-04-25,55.65,56.53,53.0,53.87,56.54,2317913,127178406.65,shares,0
2022-04-26,53.88,55.54,49.0,51.5,53.87,3076878,163572305.31,shares,0
2022-04-27,50.14,56.65,50.14,56.65,51.5,2584336,138490178.98,shares,0
2022-04-28,58.2,62.32,58.0,61.72,56.65,6560828,395513597.58,shares,0
2022-04-29,61.72,65.17,59.89,65.0,61.72,4389234,273970689.98,shares,0
2022-05-05,64.01,70.5,63.98,68.01,65.0,4236238,284294210.8,shares,0
2022-05-06,66.73,69.28,65.45,67.5,68.01,3287444,222331999.12,shares,0
2022-05-09,67.99,69.0,66.05,67.82,67.5,2191915,148798434.51,shares,0
2022-05-10,67.32,74.6,67.0,70.0,67.82,5623748,403171471.69,shares,0
2022-05-11,69.8,70.87,67.67,68.06,70.0,4894986,335237482.8,shares,0
2022-05-12,67.95,71.26,67.11,70.26,68.06,4633940,321714044.06,shares,0
2022-05-13,70.64,73.64,70.55,71.2,70.26,3282904,234680226.17,shares,0
2022-05-16,70.67,73.02,70.67,72.18,71.2,2966926,214177835.36,shares,0
2022-05-17,71.81,76.99,71.35,76.79,72.18,4196187,315987583.48,shares,0
2022-05-18,76.39,77.45,73.8,74.87,76.79,4157224,313492103.06,shares,0
2022-05-19,73.77,82.0,73.62,78.36,74.87,6810770,528939707.62,shares,0
2022-05-20,77.01,78.02,74.46,75.76,78.36,6660421,502822401.04,shares,0
2022-05-23,75.76,78.5,74.03,78.08,75.76,3450801,264398037.3,shares,0
2022-05-24,77.7,80.33,76.7,76.78,78.08,3686114,288063202.79,shares,0
2022-05-25,76.85,79.86,76.0,79.18,76.78,3185208,249242837.1,shares,0
2022-05-26,78.99,83.29,77.25,81.81,78.94,3777595,303208276.31,shares,0
2022-05-27,82.0,87.8,81.2,82.57,81.81,4813820,403752556.64,shares,0
2022-05-30,82.13,83.99,79.51,83.95,82.57,3563124,290429809.88,shares,0
2022-05-31,84.49,84.99,81.5,84.8,83.95,3553740,295745081.43,shares,0
2022-06-01,83.5,84.49,81.01,82.4,84.8,3854464,317077319.65,shares,0
2022-06-02,82.8,84.7,81.75,83.83,82.4,3447353,288314834.68,shares,0
2022-06-06,85.0,92.21,84.77,92.21,83.83,9581970,870271101.99,shares,0
2022-06-07,92.3,96.72,92.0,95.75,92.21,7122287,673873866.2,shares,0
2022-06-08,95.94,102.3,95.94,101.88,95.75,8439708,837691205.17,shares,0
2022-06-09,99.3,106.66,99.3,105.32,101.88,6250485,653927005.64,shares,0
2022-06-10,102.01,106.15,101.87,104.98,105.32,8462324,880948860.9,shares,0
2022-06-13,105.0,115.48,105.0,114.91,104.98,7728268,851960578.92,shares,0
2022-06-14,111.85,112.11,105.33,109.99,114.91,8889773,968017599.74,shares,0
2022-06-15,108.5,109.88,102.28,106.0,109.99,7561946,800330541.32,shares,0
2022-06-16,105.0,109.19,104.88,106.29,106.0,5464420,584506134.57,shares,0
2022-06-17,105.85,114.43,105.85,111.92,106.29,6433038,717942982.16,shares,0
2022-06-20,112.24,123.11,112.24,122.0,111.92,11299313,1349425899.28,shares,0
2022-06-21,120.01,120.01,111.0,113.97,122.0,8760692,1002958691.88,shares,0
2022-06-22,114.0,124.02,113.5,120.02,113.97,5942937,701599790.44,shares,0
2022-06-23,120.05,125.5,117.45,122.2,120.02,5615202,682571827.99,shares,0
2022-06-24,129.99,130.2,120.0,125.84,122.2,5673292,710199023.45,shares,0
2022-06-27,128.1,138.42,127.1,138.0,125.84,5844001,783640849.73,shares,0
2022-06-28,136.0,139.55,132.5,138.3,138.0,4942011,671768855.38,shares,0
2022-06-29,136.0,136.0,124.47,124.47,138.3,8547983,1090653037.72,shares,0
2022-06-30,123.54,135.0,123.4,132.61,124.47,7361716,959112895.99,shares,0
2022-07-01,135.1,145.5,134.0,142.99,132.61,6591763,932922553.16,shares,0
2022-07-04,142.76,150.5,136.0,148.77,142.99,7038951,1011959715.05,shares,0
2022-07-05,147.0,154.88,146.87,151.97,148.77,5003715,756139745.62,shares,0
2022-07-06,152.33,157.54,147.77,150.18,151.97,5787740,871356216.94,shares,0
2022-07-07,149.2,153.16,144.0,151.96,150.18,5375897,804582529.86,shares,0
2022-07-08,152.5,152.8,144.17,145.25,151.96,5492178,810228591.73,shares,0
2022-07-11,142.7,150.88,142.26,148.65,145.25,6046774,891485612.66,shares,0
2022-07-12,148.64,156.66,148.0,152.17,148.65,5417715,828176036.31,shares,0
2022-07-13,154.07,154.99,136.95,136.95,152.17,13400387,1872530314.79,shares,0
2022-07-14,134.01,145.2,132.59,141.8,136.95,9929405,1394930432.88,shares,0
2022-07-15,141.0,147.98,140.99,144.51,141.8,5993597,864974848.73,shares,0
2022-07-18,145.42,147.0,134.58,141.0,144.51,7145667,995182154.4,shares,0
2022-07-19,141.0,142.67,129.51,130.32,141.0,9895133,1314341559.96,shares,0
2022-07-20,131.07,135.86,128.51,135.45,130.32,6691658,893815191.75,shares,0
2022-07-21,134.4,139.44,131.61,134.0,135.45,4259379,578477781.61,shares,0
2022-07-22,134.88,134.88,125.02,131.25,134.0,9603389,1245881218.46,shares,0
2022-07-25,130.04,131.88,127.51,130.49,131.25,4490197,582860373.59,shares,0
2022-07-26,132.1,136.3,129.2,133.7,130.49,5381565,717034454.33,shares,0
2022-07-27,132.44,140.22,132.0,139.72,133.7,7057177,971871095.49,shares,0
2022-07-28,140.25,141.72,134.12,137.56,139.72,5525294,763246189.32,shares,0
2022-07-29,138.0,149.88,137.0,146.25,137.56,6706408,975147676.28,shares,0
2022-08-01,143.06,145.95,138.9,145.0,146.25,5710703,815749102.18,shares,0
2022-08-02,139.88,156.78,139.88,152.48,145.0,8908788,1349652869.13,shares,0
2022-08-03,154.14,156.0,145.0,145.0,152.48,7081683,1057703238.48,shares,0
2022-08-04,146.4,148.0,141.5,144.3,145.0,4932283,712209136.0,shares,0
2022-08-05,145.0,145.68,133.7,137.13,144.3,7626990,1051723216.0,shares,0
2022-08-08,134.56,139.55,133.7,137.8,137.13,6085683,833470956.0,shares,0
2022-08-09,139.0,147.93,135.11,145.23,137.8,8882071,1254131516.0,shares,0
2022-08-10,145.67,151.79,142.8,148.65,145.23,7696460,1128646237.0,shares,0
2022-08-11,149.29,151.82,136.5,137.77,148.65,10968998,1542116234.0,shares,0
2022-08-12,137.0,139.97,135.1,138.0,137.77,4571007,628152011.0,shares,0
2022-08-15,136.0,146.91,136.0,142.8,138.0,6449376,925233125.82,shares,0
2022-08-16,152.0,157.08,151.91,157.08,142.8,8232968,1284377619.82,shares,0
2022-08-17,159.39,167.76,154.1,155.51,157.08,13348515,2145925123.06,shares,0
2022-08-18,158.0,158.22,144.0,146.93,155.51,13442649,2007607241.1,shares,0
2022-08-19,146.01,147.9,137.54,139.99,146.93,11414843,1609991404.81,shares,0
2022-08-22,139.99,143.9,138.87,142.79,139.99,6995208,990920819.48,shares,0
2022-08-23,143.0,157.07,142.0,157.07,142.79,10442256,1574325530.87,shares,0
2022-08-24,157.07,162.97,150.94,152.26,157.07,11837482,1855562556.68,shares,0
2022-08-25,154.92,155.55,143.68,145.88,152.26,8661072,1271035716.01,shares,0
2022-08-26,146.99,148.21,140.53,141.99,145.88,6121371,877465786.38,shares,0
2022-08-29,140.5,146.2,137.64,139.8,141.99,7801699,1106664719.63,shares,0
2022-08-30,139.3,142.6,133.0,138.72,139.8,7103214,986436997.7,shares,0
2022-08-31,135.6,140.72,129.44,131.46,138.72,8921810,1186684021.42,shares,0
2022-09-01,133.0,137.03,129.9,136.7,131.46,6447137,862883857.97,shares,0
2022-09-02,147.89,147.89,123.03,123.03,136.7,15642982,2028751752.8,shares,0
2022-09-05,122.0,133.06,121.8,128.72,123.03,11504348,1483358729.99,shares,0
2022-09-06,128.97,135.0,125.5,132.88,128.72,6194355,813889435.44,shares,0
2022-09-07,131.81,136.88,131.52,133.0,132.88,5067248,678037838.58,shares,0
2022-09-08,133.0,134.88,129.52,130.68,133.0,4566539,599499604.48,shares,0
2022-09-09,130.88,131.77,126.3,128.68,130.68,4168833,534829526.72,shares,0
2022-09-13,129.7,131.1,126.7,128.99,128.68,3457115,444215285.54,shares,0
2022-09-14,125.67,129.99,124.8,127.77,128.99,4270914,541113263.3,shares,0
2022-09-15,128.9,128.98,120.4,121.37,127.77,5893956,721816421.14,shares,0
2022-09-16,121.3,125.3,120.66,121.02,121.37,5185895,638183230.34,shares,0
2022-09-19,119.5,123.85,117.5,118.7,121.02,4037252,483640830.17,shares,0
2022-09-20,120.23,124.98,117.82,122.34,118.7,4851833,593226142.61,shares,0
2022-09-21,121.88,123.5,119.0,119.39,122.34,3760817,453457036.21,shares,0
2022-09-22,118.2,122.36,116.66,119.8,119.39,4316865,517699616.07,shares,0
2022-09-23,119.81,122.32,115.22,118.53,119.8,4088497,485083879.05,shares,0
2022-09-26,118.43,124.83,118.0,122.29,118.53,6268797,767067325.13,shares,0
2022-09-27,122.29,124.9,120.07,121.45,122.29,5307517,644383177.42,shares,0
2022-09-28,122.48,124.5,117.38,117.98,121.45,5223613,625642601.31,shares,0
2022-09-29,118.8,122.41,115.6,121.29,117.98,4871535,584823596.49,shares,0
2022-09-30,120.71,122.2,115.55,115.75,121.29,5382582,630745955.63,shares,0
2022-10-10,115.79,119.0,113.22,114.5,115.75,3457356,397673685.54,shares,0
2022-10-11,115.15,122.18,113.7,120.0,114.5,5740892,685111279.93,shares,0
2022-10-12,120.3,130.6,120.02,129.98,120.0,8832382,1108356790.45,shares,0
2022-10-13,129.9,134.6,129.31,131.96,129.98,5623325,743881446.41,shares,0
2022-10-14,134.0,145.16,129.1,145.16,131.96,9639288,1315393721.47,shares,0
2022-10-17,140.23,144.06,138.48,141.18,145.16,5542865,779796480.86,shares,0
2022-10-18,141.18,143.3,139.0,139.7,141.18,4453745,626037196.13,shares,0
2022-10-19,139.74,141.5,136.68,137.1,139.7,4093581,566751317.85,shares,0
2022-10-20,136.06,139.8,133.75,138.87,137.1,4777294,652965722.02,shares,0
2022-10-21,138.28,140.87,135.26,138.4,138.87,3377491,467415449.87,shares,0
2022-10-24,138.66,140.83,135.81,138.1,138.4,3780718,523117011.96,shares,0
2022-10-25,133.99,135.2,125.2,133.4,138.1,9937926,1310731585.19,shares,0
2022-10-26,133.27,138.5,133.19,136.41,133.4,5317696,725756093.6,shares,0
2022-10-27,139.13,144.95,134.81,134.9,136.41,4985882,694480200.97,shares,0
2022-10-28,134.98,137.6,133.46,134.41,134.9,3084934,417621309.56,shares,0
2022-10-31,133.0,135.88,128.5,129.98,134.41,5118667,671757188.04,shares,0
2022-11-01,131.8,134.56,128.53,132.0,129.98,5216150,688191376.22,shares,0
2022-11-02,130.0,132.18,125.8,131.0,132.0,5127964,663665148.07,shares,0
2022-11-03,130.0,139.99,129.0,136.29,131.0,6058232,823258823.28,shares,0
2022-11-04,136.27,140.28,134.01,139.0,136.29,4995019,689935498.65,shares,0
2022-11-07,142.96,145.0,137.19,138.11,139.0,4535923,632762084.51,shares,0
2022-11-08,136.5,138.0,134.65,136.35,138.11,2691055,365643966.03,shares,0
2022-11-09,135.36,138.2,134.55,135.1,136.35,2888536,392233193.81,shares,0
2022-11-10,133.96,134.62,128.5,128.7,135.1,4216693,549515298.11,shares,0
2022-11-11,131.43,132.88,121.65,125.8,128.7,7575875,956921046.92,shares,0
2022-11-14,122.8,126.6,121.68,122.73,125.8,4831505,597721491.62,shares,0
2022-11-15,122.5,125.38,122.49,123.79,122.73,3731094,461929335.92,shares,0
2022-11-16,123.5,124.63,119.85,119.86,123.79,3960294,480374535.98,shares,0
2022-11-17,119.81,121.8,119.2,121.15,119.86,2949439,355107821.18,shares,0
2022-11-18,120.79,124.29,116.51,122.0,121.15,4698730,572383036.92,shares,0
2022-11-21,120.2,124.88,118.88,123.24,122.0,3755330,458586394.74,shares,0
2022-11-22,123.39,124.11,120.1,122.38,123.24,2930465,358486320.95,shares,0
2022-11-23,121.51,125.82,119.5,124.8,122.38,3518371,433082277.06,shares,0
2022-11-24,124.58,128.38,124.3,124.91,124.8,3043632,383843170.97,shares,0
2022-11-25,123.43,124.56,122.01,122.37,124.91,2140575,263632541.14,shares,0
2022-11-28,120.82,127.86,120.3,126.89,122.37,4765427,601350065.43,shares,0
2022-11-29,126.3,126.78,123.57,124.0,126.89,2989417,371608159.22,shares,0
2022-11-30,123.99,125.66,123.0,124.46,124.0,1913137,237326992.93,shares,0
2022-12-01,124.8,127.66,123.5,126.98,124.46,2826242,356860176.97,shares,0
2022-12-02,126.8,133.6,125.82,132.49,126.98,4835649,636608519.49,shares,0
2022-12-05,133.19,134.97,130.23,130.9,132.49,3548291,468933825.36,shares,0
2022-12-06,139.0,143.71,133.33,141.43,130.9,7223122,1010239470.23,shares,0
2022-12-07,135.39,139.32,133.6,135.0,141.43,6753224,921927851.09,shares,0
2022-12-08,133.64,137.0,132.68,133.3,135.0,3280075,441029725.52,shares,0
2022-12-09,134.01,137.45,132.0,136.02,133.3,7518746,1015260098.22,shares,0
2022-12-12,134.05,135.98,130.39,134.02,136.02,3734801,497891039.05,shares,0
2022-12-13,134.93,135.8,130.72,131.4,134.02,3235839,429910230.53,shares,0
2022-12-14,130.97,132.18,128.4,129.5,131.4,2705865,352285562.8,shares,0
2022-12-15,129.49,132.08,127.6,131.22,129.5,1976016,258221227.26,shares,0
2022-12-16,130.18,131.68,123.8,125.35,131.22,4137817,521474509.06,shares,0
2022-12-19,125.33,128.86,122.0,126.0,125.35,2518812,319811553.05,shares,0
2022-12-20,125.67,127.48,123.0,123.88,126.0,2504985,311692786.03,shares,0
2022-12-21,124.1,124.5,121.5,122.69,123.88,1989982,244273286.51,shares,0
2022-12-22,122.69,123.5,116.16,116.61,122.69,3659893,433921726.35,shares,0
2022-12-23,116.63,117.49,108.87,109.45,116.61,7201394,799689235.27,shares,0
2022-12-26,109.81,120.3,109.44,120.29,109.45,5564780,645976637.11,shares,0
2022-12-27,121.0,130.49,120.4,130.14,120.29,6718758,852078099.31,shares,0
2022-12-28,129.73,134.8,128.0,132.9,130.14,7007801,929336612.7,shares,0
2022-12-29,132.4,134.77,131.0,133.96,132.9,4843208,646490123.16,shares,0
2022-12-30,134.32,135.49,131.04,131.32,133.96,4248717,563217479.88,shares,0
2023-01-03,130.59,136.36,128.17,135.9,131.32,6386996,852425457.36,shares,0
2023-01-04,135.9,136.22,131.5,133.14,135.9,3924564,523886990.25,shares,0
2023-01-05,134.0,137.5,133.51,135.88,133.14,4834612,655578212.09,shares,0
2023-01-06,136.0,145.69,136.0,140.01,135.88,9334346,1323059736.85,shares,0
2023-01-09,140.22,141.58,136.5,139.12,140.01,4707005,657386162.11,shares,0
2023-01-10,139.5,141.98,138.12,141.07,139.12,3573354,500125582.98,shares,0
2023-01-11,141.0,143.0,139.07,140.11,141.07,3180328,448118690.12,shares,0
2023-01-12,140.0,140.6,137.74,138.63,140.11,2762179,383941801.43,shares,0
2023-01-13,139.4,140.12,135.83,137.17,138.63,3201263,439798900.71,shares,0
2023-01-16,137.38,137.68,132.34,134.7,137.17,5322073,718515183.44,shares,0
2023-01-17,135.0,136.29,132.7,133.27,134.7,3201982,428631671.97,shares,0
2023-01-18,133.79,134.25,129.51,129.65,133.27,5074748,664632954.44,shares,0
2023-01-19,130.16,131.5,123.64,125.67,129.65,7047588,887076531.22,shares,0
2023-01-20,126.15,129.35,125.24,126.0,125.67,4927145,623618593.03,shares,0
2023-01-30,127.51,132.0,126.52,128.44,126.0,6519607,840266592.52,shares,0
2023-01-31,131.0,131.8,127.1,130.24,128.44,5943935,770335218.12,shares,0
2023-02-01,130.11,134.99,128.68,131.3,130.24,7204238,943197279.96,shares,0
2023-02-02,129.8,132.47,129.4,130.7,131.3,5029469,659584561.72,shares,0
2023-02-03,129.77,131.5,127.3,129.51,130.7,4381518,565268100.01,shares,0
2023-02-06,128.51,131.97,128.51,130.1,129.51,3678815,478880594.67,shares,0
2023-02-07,130.3,130.98,125.3,128.0,130.1,4046376,515381807.99,shares,0
2023-02-08,128.16,128.98,125.12,125.41,128.0,3144103,397885173.24,shares,0
2023-02-09,126.09,129.3,124.75,127.2,125.41,3427078,435439017.28,shares,0
2023-02-10,127.0,127.36,124.3,125.17,127.2,2849296,356678793.83,shares,0
2023-02-13,125.56,125.83,121.92,123.0,125.17,5531412,680678450.55,shares,0
2023-02-14,123.0,124.0,120.99,123.18,123.0,3331551,407903831.93,shares,0
2023-02-15,123.84,124.63,119.5,120.73,123.18,4292347,520450060.79,shares,0
2023-02-16,120.89,121.49,118.08,118.8,120.73,3092162,370868993.65,shares,0
2023-02-17,118.8,120.95,118.03,118.21,118.8,2873325,342649961.72,shares,0
2023-02-20,118.5,121.57,117.09,121.13,118.21,4898403,586637875.68,shares,0
2023-02-21,121.15,124.08,117.6,123.5,121.13,6408549,775714667.69,shares,0
2023-02-22,123.0,124.4,120.68,120.88,123.5,4101654,500033045.29,shares,0
2023-02-23,120.96,132.97,120.8,132.97,120.88,13712664,1781273346.39,shares,0
2023-02-24,133.15,136.84,131.49,132.71,132.97,12513918,1679949546.48,shares,0
2023-02-27,132.86,139.99,131.51,138.98,132.71,11016494,1515935656.76,shares,0
2023-02-28,138.92,143.61,137.63,143.61,138.98,8864568,1244787394.8,shares,0
2023-03-01,140.3,140.3,132.39,133.81,143.61,11223112,1517607204.63,shares,0
2023-03-02,133.85,134.96,131.73,133.11,133.81,5866827,781917277.62,shares,0
2023-03-03,133.11,135.39,130.01,130.1,133.11,4829644,637034016.5,shares,0
2023-03-06,132.88,141.93,131.77,141.93,130.1,14840213,2047741440.02,shares,0
2023-03-07,141.93,143.98,138.11,139.9,141.93,8894993,1249571394.91,shares,0
2023-03-08,140.98,145.56,137.19,138.12,139.9,8783707,1235571457.42,shares,0
2023-03-09,139.0,141.68,135.22,136.9,138.12,6888310,949405173.44,shares,0
2023-03-10,137.0,137.14,131.26,133.45,136.9,7134940,956149403.73,shares,0
2023-03-13,134.0,134.97,131.33,133.96,133.45,5102345,679056948.22,shares,0
2023-03-14,132.36,133.77,125.89,127.7,133.96,9052061,1160603754.55,shares,0
2023-03-15,128.2,130.63,124.33,124.71,127.7,6314691,800237455.38,shares,0
2023-03-16,123.31,124.69,120.3,120.79,124.71,5854507,714644194.2,shares,0
2023-03-17,122.0,122.88,119.44,120.9,120.79,6744183,812704539.87,shares,0
2023-03-20,119.79,127.7,117.08,126.55,120.9,9645964,1190721833.93,shares,0
2023-03-21,125.1,126.75,122.0,126.46,126.55,6628317,824610994.79,shares,0
2023-03-22,126.7,130.48,123.67,124.97,126.46,7665075,968633015.53,shares,0
2023-03-23,124.99,127.56,123.26,123.94,124.97,5208705,652580061.99,shares,0
2023-03-24,117.52,117.62,111.55,116.65,123.94,15867198,1813632699.79,shares,0
2023-03-27,116.26,121.6,115.96,119.6,116.65,7341023,871741532.82,shares,0
2023-03-28,119.0,120.68,117.18,118.32,119.6,4002444,474401947.66,shares,0
2023-03-29,119.5,120.8,117.3,119.9,118.32,4119060,490897170.05,shares,0
2023-03-30,120.0,126.3,118.63,125.1,119.9,6145945,760250610.57,shares,0
2023-03-31,125.2,126.0,123.12,123.48,125.1,4813005,598693054.94,shares,0
2023-04-03,123.46,135.79,123.08,134.74,123.48,10422291,1375976538.47,shares,0
2023-04-04,133.96,136.93,129.31,133.1,134.74,8304653,1106883358.66,shares,0
2023-04-06,132.1,132.87,126.8,130.43,133.1,7309752,946810478.52,shares,0
2023-04-07,130.33,132.56,128.3,130.61,130.43,3885697,508531086.62,shares,0
2023-04-10,131.0,139.6,128.01,137.04,130.61,8610526,1156243974.3,shares,0
2023-04-11,136.46,137.36,133.22,136.0,137.04,4954723,670177386.81,shares,0
2023-04-12,135.01,135.99,130.9,131.45,136.0,4277305,567321276.56,shares,0
2023-04-13,130.02,133.36,129.0,132.1,131.45,4764202,625953856.86,shares,0
2023-04-14,131.02,135.4,129.0,133.4,132.1,5452350,726060946.31,shares,0
2023-04-17,133.41,138.12,133.41,135.67,133.4,4785801,650723872.14,shares,0
2023-04-18,135.0,137.01,133.5,134.31,135.67,3735140,503649883.19,shares,0
2023-04-19,133.6,133.81,130.37,131.46,134.31,3889057,512334834.15,shares,0
2023-04-20,131.98,131.98,128.0,130.61,131.46,3720548,483423603.7,shares,0
2023-04-21,132.37,133.37,128.01,128.31,130.61,3915296,510778965.95,shares,0
2023-04-24,121.76,123.32,116.0,121.0,128.31,11759187,1403848456.4,shares,0
2023-04-25,120.05,122.61,111.0,112.2,121.0,12515692,1429314799.17,shares,0
2023-04-26,112.79,121.0,111.81,117.16,112.2,9293956,1092225816.07,shares,0
2023-04-27,117.16,118.29,114.77,117.28,117.16,6546787,762791658.32,shares,0
2023-04-28,121.91,124.99,115.56,118.7,117.28,10094320,1207084320.58,shares,0
2023-05-04,117.78,119.56,115.58,116.0,118.7,6035420,705738506.32,shares,0
2023-05-05,115.0,116.0,111.0,111.84,116.0,7444884,838186978.45,shares,0
2023-05-08,111.84,116.84,111.42,113.2,111.84,5468497,623706218.0,shares,0
2023-05-09,113.26,114.99,111.5,111.95,113.2,4576040,517583010.04,shares,0
2023-05-10,112.3,113.0,110.0,112.17,111.95,3397728,378318048.82,shares,0
2023-05-11,113.5,114.09,110.88,111.19,112.17,4597812,517443104.18,shares,0
2023-05-12,110.64,111.8,101.01,104.35,111.19,12546167,1322467060.17,shares,0
2023-05-15,103.28,108.55,103.22,104.74,104.35,7834830,825907630.99,shares,0
2023-05-16,104.52,105.87,102.79,104.82,104.74,5065061,529872259.49,shares,0
2023-05-17,104.36,105.49,102.46,105.04,104.82,4443764,463042854.98,shares,0
2023-05-18,104.0,105.38,101.5,102.27,104.17,4806841,493736026.7,shares,0
2023-05-19,101.29,102.68,100.17,101.55,102.27,3630406,367722049.76,shares,0
2023-05-22,104.26,105.98,103.08,105.2,101.55,6770128,709778731.71,shares,0
2023-05-23,104.3,108.68,103.02,106.45,105.2,6737029,715386751.77,shares,0
2023-05-24,106.07,113.98,106.0,111.5,106.45,9164943,1012982141.95,shares,0
2023-05-25,111.18,119.0,110.05,116.4,111.5,12060022,1403026181.28,shares,0
2023-05-26,115.0,119.38,111.48,115.99,116.4,6725934,772190314.73,shares,0
2023-05-29,115.52,115.52,110.6,112.62,115.99,5914790,666483768.54,shares,0
2023-05-30,111.88,115.5,111.37,112.93,112.62,4910657,554110832.83,shares,0
2023-05-31,112.53,114.55,110.62,113.79,112.93,4670539,527514703.05,shares,0
2023-06-01,113.2,113.21,107.8,108.57,113.79,6757621,742437161.91,shares,0
2023-06-02,108.21,110.61,107.63,108.7,108.57,4016280,438192906.72,shares,0
2023-06-05,108.68,108.68,106.01,106.27,108.7,3516788,375734094.65,shares,0
2023-06-06,106.46,109.0,105.45,106.23,106.27,4812074,512596079.83,shares,0
2023-06-07,105.2,105.99,101.6,105.63,106.23,6136719,635729626.57,shares,0
2023-06-08,105.13,108.61,104.18,104.4,105.63,4642296,494013810.52,shares,0
2023-06-09,104.38,106.18,103.1,104.37,104.4,3851945,401694631.13,shares,0
2023-06-12,104.37,105.2,102.07,104.4,104.37,4341111,450560470.83,shares,0
2023-06-13,103.44,105.23,103.05,103.76,104.4,3128032,324828407.03,shares,0
2023-06-14,103.75,104.45,102.88,103.02,103.76,2614839,270832467.64,shares,0
2023-06-15,103.02,109.9,101.83,109.15,103.02,9155871,980473547.71,shares,0
2023-06-16,109.15,110.05,107.89,109.45,109.15,4952645,540839850.89,shares,0
2023-06-19,109.46,110.86,107.26,107.33,109.45,5299032,576744919.01,shares,0
2023-06-20,107.33,107.99,104.51,105.55,107.33,6801028,718110485.1,shares,0
2023-06-21,105.6,107.94,103.18,103.21,105.55,5988833,626136873.31,shares,0
2023-06-26,102.5,108.45,101.56,105.35,103.21,7398149,777531877.23,shares,0
2023-06-27,104.35,108.99,104.01,106.0,105.35,6081918,645497215.62,shares,0
2023-06-28,106.6,111.49,105.01,111.0,106.0,9089173,988779504.57,shares,0
2023-06-29,111.3,116.78,111.3,113.19,111.0,10776586,1228343951.19,shares,0
2023-06-30,112.5,114.35,111.58,113.84,113.19,5699140,645208866.74,shares,0
2023-07-03,113.01,116.0,112.66,112.92,113.84,5876182,669116351.67,shares,0
2023-07-04,113.0,114.16,110.58,111.73,112.92,4663644,521051821.48,shares,0
2023-07-05,111.5,111.96,108.6,109.0,111.73,4051890,445289212.06,shares,0
2023-07-06,109.0,109.14,106.78,107.35,109.0,3214603,346314378.63,shares,0
2023-07-07,106.94,107.3,105.11,105.39,107.35,2984654,315808646.64,shares,0
2023-07-10,105.28,110.39,104.68,109.3,105.39,6021380,653546352.06,shares,0
2023-07-11,109.1,109.5,106.91,108.52,109.3,3595556,388374142.02,shares,0
2023-07-12,106.8,107.5,102.62,105.92,108.52,10668506,1117515002.2,shares,0
2023-07-13,111.0,112.38,108.23,109.8,105.92,11825219,1305171930.89,shares,0
2023-07-14,109.26,110.2,105.93,106.07,109.8,7593623,817959983.55,shares,0
2023-07-17,105.8,107.55,104.85,105.66,106.07,3993809,423108354.05,shares,0
2023-07-18,106.2,106.44,103.65,104.31,105.66,4281799,447257293.12,shares,0
2023-07-19,104.09,106.31,102.7,104.68,104.31,4719371,492278126.67,shares,0
2023-07-20,105.05,105.95,104.0,104.5,104.68,3972105,417165424.28,shares,0
2023-07-21,103.62,104.78,102.77,103.62,104.5,2818651,292629541.35,shares,0
2023-07-24,104.0,104.17,102.56,102.79,103.62,2866951,295545150.97,shares,0
2023-07-25,103.46,105.26,103.46,104.61,102.79,3899024,407954483.54,shares,0
2023-07-26,104.46,106.46,103.5,105.48,104.61,3781283,398323722.33,shares,0
2023-07-27,104.9,105.98,102.85,103.35,105.48,3937042,408867468.41,shares,0
2023-07-28,102.35,104.5,102.3,103.9,103.35,2699786,279462687.94,shares,0
2023-07-31,104.5,104.5,102.33,102.71,103.9,5950152,611942919.85,shares,0
2023-08-01,102.59,103.01,92.67,94.37,102.71,14902758,1438296252.01,shares,0
2023-08-02,94.0,96.37,92.73,93.0,94.37,6025312,565523636.94,shares,0
2023-08-03,93.8,95.38,93.37,93.73,93.0,5654198,531232181.57,shares,0
2023-08-04,93.64,93.94,89.5,93.4,93.73,9473074,872385851.44,shares,0
2023-08-07,92.99,93.37,91.36,91.64,93.4,4381928,404147807.63,shares,0
2023-08-08,92.25,92.25,89.9,90.09,91.64,4247480,384478553.79,shares,0
2023-08-09,89.5,91.15,89.17,90.01,90.09,3657582,329929488.54,shares,0
2023-08-10,90.32,93.11,89.75,91.73,90.01,4973682,456708666.03,shares,0
2023-08-11,91.73,94.48,91.37,93.94,91.73,7231846,676194069.72,shares,0
2023-08-14,93.8,96.26,93.34,95.99,93.94,6179232,587454699.64,shares,0
2023-08-15,95.19,96.37,93.85,94.59,95.99,4011540,381228217.59,shares,0
2023-08-16,94.94,95.5,93.25,93.44,94.59,3054702,287732182.76,shares,0
2023-08-17,92.88,93.6,91.23,92.35,93.44,5037853,463372353.47,shares,0
2023-08-18,92.24,93.18,90.87,90.94,92.35,3884338,357374737.2,shares,0
2023-08-21,90.9,90.91,89.5,89.71,90.94,3425227,308203665.37,shares,0
2023-08-22,89.89,90.5,87.21,88.82,89.71,4359631,386224127.19,shares,0
2023-08-23,88.47,89.79,87.3,88.3,88.82,3008873,266121675.95,shares,0
2023-08-24,88.47,91.39,86.56,90.35,88.3,5788927,517918438.85,shares,0
2023-08-25,90.12,90.19,86.47,86.51,90.35,6811041,597039351.0,shares,0
2023-08-28,92.95,93.6,88.81,91.0,86.51,10156563,928082692.98,shares,0
2023-08-29,90.2,96.14,89.8,95.94,91.0,11161157,1045893395.36,shares,0
2023-08-30,96.11,98.27,95.46,97.16,95.94,6275974,609184225.64,shares,0
2023-08-31,97.0,97.29,95.03,95.66,97.16,4438200,425680522.05,shares,0
2023-09-01,96.66,97.89,95.71,96.94,95.66,4678530,454057035.76,shares,0
2023-09-04,97.25,100.68,95.62,100.09,96.94,7187223,708782398.29,shares,0
2023-09-05,99.62,102.46,99.51,101.52,100.09,5713404,577286103.11,shares,0
2023-09-06,101.23,102.18,99.56,101.55,101.52,4399268,443187962.41,shares,0
2023-09-07,101.28,101.97,99.83,99.86,101.55,4871088,489859875.26,shares,0
2023-09-08,99.01,99.64,98.27,98.47,99.86,3255291,321795213.37,shares,0
2023-09-11,98.68,100.58,98.03,99.57,98.47,3502742,348791950.19,shares,0
2023-09-12,98.79,99.97,98.3,98.88,99.57,2674760,264808979.78,shares,0
2023-09-13,98.7,99.19,97.27,97.83,98.88,3025651,297386202.08,shares,0
2023-09-14,97.65,98.0,96.0,96.57,97.83,2862643,277156799.47,shares,0
2023-09-15,96.68,97.2,95.6,96.19,96.57,2936392,283016924.48,shares,0
2023-09-18,95.64,97.0,95.13,96.04,96.19,3029786,291939114.05,shares,0
2023-09-19,96.29,96.48,93.88,94.31,96.04,3562715,337432823.05,shares,0
2023-09-20,93.98,94.5,92.58,92.65,94.31,2989900,278774907.95,shares,0
2023-09-21,93.24,94.79,92.5,92.7,92.65,3266490,305307650.79,shares,0
2023-09-22,93.0,95.8,93.0,95.6,92.7,3960210,374920560.42,shares,0
2023-09-25,95.5,105.16,94.81,105.16,95.6,12106998,1233703332.85,shares,0
2023-09-26,105.88,106.34,103.75,105.18,105.16,11957110,1256250028.23,shares,0
2023-09-27,105.46,108.98,104.58,107.69,105.18,9220256,989635524.6,shares,0
2023-09-28,107.35,107.98,104.88,106.67,107.69,6649145,706326921.68,shares,0
2023-10-09,106.4,108.55,105.7,106.0,106.67,5795454,619750794.7,shares,0
2023-10-10,105.34,105.34,99.0,100.97,106.0,8515650,865094015.78,shares,0
2023-10-11,101.24,102.54,99.88,100.07,100.97,4985847,503576517.66,shares,0
2023-10-12,100.5,101.1,99.36,100.0,100.07,5255188,525461846.32,shares,0
2023-10-13,99.68,99.68,94.06,95.62,100.0,8731225,837007907.74,shares,0
2023-10-16,95.7,95.78,92.88,93.49,95.62,4836301,453585440.73,shares,0
2023-10-17,93.47,95.15,92.52,93.97,93.49,4159405,390514324.0,shares,0
2023-10-18,93.5,93.5,91.37,91.5,93.97,3994600,367813449.27,shares,0
2023-10-19,90.62,92.0,90.62,91.2,91.5,3514119,320693993.25,shares,0
2023-10-20,90.63,93.37,90.34,92.68,91.2,4982440,458289371.76,shares,0
2023-10-23,92.01,93.47,90.83,91.8,92.68,3457197,318756845.63,shares,0
2023-10-24,92.23,93.35,91.18,93.26,91.8,4273426,396105027.86,shares,0
2023-10-25,96.01,96.19,92.8,92.84,93.26,5308618,498357612.94,shares,0
2023-10-26,92.58,92.58,88.96,90.46,92.84,5153203,466437511.22,shares,0
2023-10-27,88.68,92.26,87.61,91.53,89.16,4835093,435732360.79,shares,0
2023-10-30,90.96,94.42,90.64,93.63,91.53,4751975,441263358.22,shares,0
2023-10-31,93.61,94.06,91.4,92.02,93.63,3502760,323741972.78,shares,0
2023-11-01,92.29,93.28,91.22,92.33,92.02,3005720,277301857.88,shares,0
2023-11-02,92.0,92.49,89.8,90.0,92.33,3596226,326618709.37,shares,0
2023-11-03,90.1,91.62,90.1,90.2,90.0,3910280,354101561.39,shares,0
2023-11-06,90.7,94.18,90.33,93.77,90.2,5951057,553097268.52,shares,0
2023-11-07,93.26,93.51,91.92,92.67,93.77,3996400,369270140.06,shares,0
2023-11-08,92.31,92.83,90.88,91.53,92.67,4298729,395321989.47,shares,0
2023-11-09,91.06,95.2,90.98,93.79,91.53,6107244,570301278.92,shares,0
2023-11-10,93.0,93.0,91.39,91.91,93.79,3485227,320504525.32,shares,0
2023-11-13,92.28,92.69,91.86,92.37,91.91,2396642,221021644.14,shares,0
2023-11-14,92.6,93.44,91.56,92.12,92.37,2974662,274763213.29,shares,0
2023-11-15,93.35,94.33,92.55,93.69,92.12,5935868,555525700.72,shares,0
2023-11-16,93.5,93.69,91.9,92.3,93.69,4515887,416690766.86,shares,0
2023-11-17,92.34,92.58,91.84,92.36,92.3,2327305,214535726.67,shares,0
2023-11-20,92.17,92.3,91.02,91.47,92.36,3675813,336407691.41,shares,0
2023-11-21,91.47,92.1,90.36,90.36,91.47,3316619,302410299.68,shares,0
2023-11-22,90.66,91.7,90.0,90.78,90.36,2605643,236337524.63,shares,0
2023-11-23,90.75,90.76,89.68,90.03,90.78,2781960,250248274.65,shares,0
2023-11-24,90.01,90.01,87.81,88.07,90.03,3819491,338038100.19,shares,0
2023-11-27,87.11,88.12,86.93,87.86,88.07,2120868,185652420.08,shares,0
2023-11-28,87.86,88.1,86.99,87.51,87.86,2112530,184776709.41,shares,0
2023-11-29,87.48,87.73,84.82,85.03,87.51,3839564,329811249.52,shares,0
2023-11-30,85.03,86.86,84.7,85.86,85.03,3020420,258751115.8,shares,0
2023-12-01,85.12,85.88,84.9,85.36,85.86,2244277,191255214.0,shares,0
2023-12-04,85.54,87.2,85.29,86.35,85.36,2948943,254670614.42,shares,0
2023-12-05,85.77,86.49,84.92,84.92,86.35,2434926,208330912.8,shares,0
2023-12-06,84.78,86.3,84.5,85.61,84.92,2726467,233699179.88,shares,0
2023-12-07,85.55,85.58,82.91,83.55,85.61,3604057,302512572.45,shares,0
2023-12-08,83.5,83.83,81.78,81.83,83.55,3881531,320335206.28,shares,0
2023-12-11,80.78,81.77,77.74,81.11,81.83,7550859,597919565.13,shares,0
2023-12-12,80.5,81.26,78.3,78.96,81.11,5466939,434473649.37,shares,0
2023-12-13,78.56,78.9,75.61,75.73,78.96,6347710,487350509.01,shares,0
2023-12-14,75.99,76.87,72.73,72.8,75.73,9102005,674148692.84,shares,0
2023-12-15,73.0,74.04,72.61,73.0,72.8,6568053,481040847.22,shares,0
2023-12-18,72.42,72.83,70.24,70.5,73.0,5275627,375645091.82,shares,0
2023-12-19,70.85,75.37,69.88,72.9,70.5,8708178,634711615.0,shares,0
2023-12-20,72.9,73.69,72.28,72.96,72.9,4167693,303866908.31,shares,0
2023-12-21,72.45,76.56,72.2,75.85,72.96,9265210,696100899.71,shares,0
2023-12-22,75.32,83.4,74.52,79.77,75.85,14499772,1145337236.73,shares,0
2023-12-25,79.67,81.98,78.78,80.48,79.77,7851477,631145218.45,shares,0
2023-12-26,80.28,81.1,79.07,79.85,80.48,5647325,451119488.73,shares,0
2023-12-27,79.6,81.24,78.91,80.94,79.85,5834619,467463534.0,shares,0
2023-12-28,81.08,88.23,81.08,87.38,80.94,13202922,1129034535.54,shares,0
2023-12-29,87.02,87.78,85.96,86.88,87.38,7835897,680889399.85,shares,0
2024-01-02,86.52,89.52,86.16,86.63,86.88,8343294,733150244.11,shares,0
2024-01-03,86.6,88.29,85.13,88.16,86.63,7576767,658924718.2,shares,0
2024-01-04,88.15,88.88,86.3,86.43,88.16,5809689,506726064.56,shares,0
2024-01-05,85.89,86.16,81.52,81.81,86.43,11534260,964494303.85,shares,0
2024-01-08,81.8,83.15,81.2,81.43,81.81,6161675,505244477.13,shares,0
2024-01-09,81.47,85.14,79.48,82.2,81.43,7442640,613649550.88,shares,0
2024-01-10,81.5,86.7,81.1,84.45,82.2,9119573,770624308.04,shares,0
2024-01-11,84.45,85.78,82.97,85.32,84.45,10120989,854786952.12,shares,0
2024-01-12,85.1,91.5,84.66,87.72,85.32,14712511,1303703815.61,shares,0
2024-01-15,87.22,89.3,87.0,88.39,87.72,8851526,780211915.18,shares,0
2024-01-16,87.7,89.96,86.42,88.45,88.39,7838801,690806920.78,shares,0
2024-01-17,88.01,88.44,86.02,86.05,88.45,5215729,455528862.81,shares,0
2024-01-18,85.13,89.38,85.13,89.22,86.05,10289021,900028541.63,shares,0
2024-01-19,88.89,89.49,86.66,86.91,89.22,7335322,644498600.25,shares,0
2024-01-22,86.24,86.44,83.76,84.65,86.91,7393181,628077812.8,shares,0
2024-01-23,84.67,88.48,83.06,86.88,84.65,7265626,628088657.72,shares,0
2024-01-24,80.98,81.87,78.19,78.19,86.88,13925368,1095925511.57,shares,0
2024-01-25,76.0,77.59,71.8,76.35,78.19,17999839,1332322419.96,shares,0
2024-01-26,74.99,75.4,72.78,73.0,76.35,9924932,735283839.61,shares,0
2024-01-29,72.7,72.98,69.0,69.12,73.0,9889217,696556692.67,shares,0
2024-01-30,68.6,71.19,68.04,69.51,69.12,7163756,500641765.65,shares,0
2024-01-31,69.36,73.28,69.01,71.48,69.51,9890296,709657402.7,shares,0
2024-02-01,71.45,73.15,70.17,71.86,71.48,8182636,589586100.79,shares,0
2024-02-02,71.3,71.34,65.71,67.23,71.86,9810464,672752927.91,shares,0
2024-02-05,66.75,67.43,61.99,66.36,67.23,10322465,670179738.95,shares,0
2024-02-06,65.5,70.85,65.2,70.37,66.36,8680766,594424384.83,shares,0
2024-02-07,70.34,74.94,70.22,74.42,70.37,9488444,695242773.53,shares,0
2024-02-08,75.05,76.68,73.16,74.58,74.42,9194993,689630726.75,shares,0
2024-02-19,75.64,75.64,73.33,74.4,74.58,6734550,499959360.22,shares,0
2024-02-20,73.8,73.9,72.45,73.25,74.4,5782834,422401448.49,shares,0
2024-02-21,73.1,76.36,72.4,74.7,73.25,8529865,637303233.71,shares,0
2024-02-22,74.45,76.67,74.03,75.04,74.7,5729247,429862478.81,shares,0
2024-02-23,75.02,76.38,75.01,75.8,75.04,5564691,420794159.29,shares,0
2024-02-26,76.0,78.0,75.4,76.92,75.8,7309945,560572460.66,shares,0
2024-02-27,76.4,78.22,76.2,78.22,76.92,6022715,465783074.1,shares,0
2024-02-28,78.27,82.18,76.9,76.9,78.22,9937066,793750847.83,shares,0
2024-02-29,76.3,80.42,76.11,79.93,76.9,7052601,555844410.41,shares,0
2024-03-01,80.37,81.31,79.35,80.1,79.93,5896800,473482227.63,shares,0
2024-03-04,79.81,81.99,78.88,80.99,80.1,7422593,596202540.16,shares,0
2024-03-05,80.05,80.46,78.6,78.66,80.99,5992775,475141548.55,shares,0
2024-03-06,79.0,82.8,78.95,81.2,78.66,8814827,714008444.22,shares,0
2024-03-07,81.43,81.88,79.36,79.36,81.2,5525244,445588426.11,shares,0
2024-03-08,79.36,81.95,79.36,81.26,79.36,6742320,546286533.17,shares,0
2024-03-11,82.01,84.34,82.01,84.02,81.26,9221489,766712903.12,shares,0
2024-03-12,84.09,84.2,82.68,83.16,84.02,6016547,501500315.27,shares,0
2024-03-13,83.03,83.03,81.61,82.12,83.16,5053555,415440892.82,shares,0
2024-03-14,82.1,83.2,81.51,82.33,82.12,4103302,337550529.49,shares,0
2024-03-15,82.33,82.35,79.88,81.8,82.33,5150086,417345276.0,shares,0
2024-03-18,82.5,87.5,81.98,87.04,81.8,9869298,835552296.0,shares,0
2024-03-19,87.0,87.65,86.05,86.34,87.04,5025733,434949647.45,shares,0
2024-03-20,86.34,87.85,86.01,86.9,86.34,4699952,408364323.28,shares,0
2024-03-21,86.51,87.38,85.83,86.07,86.9,4213680,363758765.16,shares,0
2024-03-22,85.93,86.4,82.28,83.01,86.07,7078596,590463278.06,shares,0
2024-03-25,89.79,91.31,87.01,91.31,83.01,13904089,1253868871.67,shares,0
2024-03-26,92.97,96.88,92.01,94.08,91.31,21946320,2068493501.71,shares,0
2024-03-27,94.08,94.47,90.66,90.66,94.08,10566705,975653809.15,shares,0
2024-03-28,90.66,93.35,90.25,90.73,90.66,10150337,927046340.02,shares,0
2024-03-29,90.73,92.42,89.36,90.32,90.73,8361264,757845713.89,shares,0
2024-04-01,90.53,93.18,90.49,93.14,90.32,10303481,947241401.28,shares,0
2024-04-02,93.33,93.66,91.51,92.08,93.14,8369639,772640850.65,shares,0
2024-04-03,92.0,95.67,90.83,95.59,92.08,11363250,1065152790.9,shares,0
2024-04-08,95.59,96.29,93.71,93.75,95.59,8529301,806908368.19,shares,0
2024-04-09,93.75,94.94,93.37,94.42,93.75,5054943,475882857.34,shares,0
2024-04-10,94.28,94.68,91.26,94.68,94.42,7741878,720365604.7,shares,0
2024-04-11,93.98,95.38,93.34,93.85,94.68,5045798,476076940.75,shares,0
2024-04-12,93.43,93.78,90.75,91.04,93.85,8154957,748911763.77,shares,0
2024-04-15,90.99,93.28,90.4,91.46,91.04,8794737,806739304.49,shares,0
2024-04-16,91.0,91.21,88.47,88.55,91.46,8265896,738958248.4,shares,0
2024-04-17,89.56,90.44,88.74,88.87,88.55,8000829,714989039.36,shares,0
2024-04-18,88.4,88.69,85.5,86.69,88.87,9791749,852290479.91,shares,0
2024-04-19,86.22,86.47,83.47,83.49,86.69,10920076,923633694.08,shares,0
2024-04-22,83.38,85.68,82.47,84.93,83.49,7118666,601888676.85,shares,0
2024-04-23,84.94,85.56,82.91,83.2,84.93,6483522,542610847.5,shares,0
2024-04-24,82.67,83.95,80.6,83.95,83.2,9566429,785671063.07,shares,0
2024-04-25,83.1,85.39,82.66,84.96,83.95,6051202,510473702.85,shares,0
2024-04-26,84.12,86.81,84.11,86.59,84.96,7104547,610886933.48,shares,0
2024-04-29,86.31,87.69,84.8,86.98,86.59,9149040,791302268.3,shares,0
2024-04-30,78.28,78.28,78.28,78.28,86.98,3253900,254715292.0,shares,0
2024-05-06,70.45,73.38,70.45,71.92,78.28,23962675,1717408699.41,shares,0
2024-05-07,71.3,72.5,71.0,72.37,71.92,11355686,817022704.59,shares,0
2024-05-08,72.3,72.58,71.5,72.04,72.37,6786903,487860541.52,shares,0
2024-05-09,71.95,74.0,71.88,73.85,72.04,9586281,703749069.02,shares,0
2024-05-10,73.98,74.1,72.51,73.84,73.85,6777933,496990977.76,shares,0
2024-05-13,73.21,73.78,70.1,70.26,73.84,13364484,957407916.36,shares,0
2024-05-14,70.03,70.5,67.58,68.25,70.26,12520393,858412787.91,shares,0
2024-05-15,68.25,69.0,67.58,68.49,68.25,5280103,360830335.66,shares,0
2024-05-16,69.94,70.25,68.52,69.41,68.49,9100905,632740234.56,shares,0
2024-05-17,69.29,69.6,68.0,69.56,69.41,6561463,451584925.54,shares,0
2024-05-20,69.98,71.0,69.24,70.52,69.56,9199032,647606732.72,shares,0
2024-05-21,70.52,71.5,70.16,71.38,70.52,9835000,696560676.22,shares,0
2024-05-22,43.67,44.65,42.12,43.76,43.81,14921265,644989917.0,shares,0
2024-05-23,43.15,43.4,42.0,42.06,43.76,9520833,405825999.78,shares,0
2024-05-24,41.91,42.6,40.54,40.56,42.06,10698544,441159859.11,shares,0
2024-05-27,40.52,40.62,39.13,40.04,40.56,9768259,387496432.35,shares,0
2024-05-28,39.63,40.29,39.4,39.43,40.04,6322750,251350645.0,shares,0
2024-05-29,39.52,41.1,39.45,39.89,39.43,8997891,363178727.26,shares,0
2024-05-30,39.91,40.07,39.22,39.49,39.89,4885281,193089091.91,shares,0
2024-05-31,39.49,39.68,38.8,38.86,39.49,6467164,254001323.96,shares,0
2024-06-03,38.5,38.75,37.87,38.33,38.86,7881001,301210635.24,shares,0
2024-06-04,38.33,38.86,37.97,38.71,38.33,5704960,219305201.3,shares,0
2024-06-05,38.6,38.86,37.86,37.89,38.71,5257400,201302051.5,shares,0
2024-06-06,37.96,38.16,36.72,36.84,37.89,8620861,321378377.73,shares,0
2024-06-07,36.92,37.1,35.76,36.0,36.84,9014717,326386733.33,shares,0
2024-06-11,35.89,36.48,35.34,36.43,36.0,7477896,269072611.17,shares,0
2024-06-12,36.21,36.94,36.11,36.73,36.43,5715750,209010098.99,shares,0
2024-06-13,36.73,36.89,36.28,36.31,36.73,4908182,179246103.17,shares,0
2024-06-14,36.05,36.31,35.86,36.11,36.31,5048788,181960475.72,shares,0
2024-06-17,35.98,35.98,35.35,35.51,36.11,5886405,209428134.92,shares,0
2024-06-18,35.51,36.1,35.28,35.51,35.51,6243623,222418191.0,shares,0
2024-06-19,35.68,35.68,34.0,34.39,35.51,8856365,306058835.41,shares,0
2024-06-20,34.2,34.26,32.6,32.65,34.39,11827534,393385967.09,shares,0
2024-06-21,32.5,33.03,32.2,32.47,32.65,7216612,236022116.94,shares,0
2024-06-24,32.02,32.2,31.33,31.43,32.47,9047218,286338519.44,shares,0
2024-06-25,31.36,31.76,30.28,30.49,31.43,7930095,244360098.6,shares,0
2024-06-26,30.36,31.16,29.91,31.07,30.49,8222676,252120123.98,shares,0
2024-06-27,31.0,31.06,30.12,30.14,31.07,6507860,198548168.2,shares,0
2024-06-28,30.1,30.64,29.58,29.61,30.14,8108588,243340061.15,shares,0
2024-07-01,29.53,30.17,29.23,30.0,29.61,8525632,253391746.8,shares,0
2024-07-02,29.95,30.04,28.8,28.98,30.0,9345633,274168597.58,shares,0
2024-07-03,28.96,29.15,28.01,28.16,28.98,8954106,254334914.96,shares,0
2024-07-04,28.26,28.3,27.08,27.17,28.16,8231588,226567826.79,shares,0
2024-07-05,27.17,27.45,26.8,27.27,27.17,7863021,213390408.15,shares,0
2024-07-08,27.27,27.35,26.0,26.12,27.27,8744691,230630845.11,shares,0
2024-07-09,26.11,26.83,26.03,26.52,26.12,9526080,251691316.4,shares,0
2024-07-10,25.87,27.6,25.09,26.8,26.52,14229541,381414540.24,shares,0
2024-07-11,27.08,28.06,26.94,27.73,26.8,12355041,340527938.01,shares,0
2024-07-12,27.68,28.07,27.43,27.62,27.73,7692267,213018036.6,shares,0
2024-07-15,27.39,27.47,26.98,27.14,27.62,5296250,143790876.0,shares,0
2024-07-16,27.19,27.28,26.82,27.09,27.14,4591267,124044079.04,shares,0
2024-07-17,27.16,27.35,26.77,26.77,27.09,6120708,165269554.37,shares,0
2024-07-18,26.57,26.99,26.22,26.87,26.77,5690515,151673906.25,shares,0
2024-07-19,26.77,27.3,26.58,27.14,26.87,6237821,168447345.25,shares,0
2024-07-22,27.15,27.45,26.86,27.07,27.14,5898727,160015617.68,shares,0
2024-07-23,27.08,27.1,25.9,25.9,27.07,5901547,156143246.31,shares,0
2024-07-24,25.9,26.0,25.04,25.12,25.9,6245994,158679504.88,shares,0
2024-07-25,24.89,27.07,24.8,26.15,25.12,12514886,326248639.67,shares,0
2024-07-26,26.1,26.75,25.9,26.52,26.15,7330653,193593051.51,shares,0
2024-07-29,26.5,26.57,25.93,26.48,26.52,5306255,139501745.5,shares,0
2024-07-30,26.51,27.37,26.11,27.09,26.48,6346233,170205916.06,shares,0
2024-07-31,27.09,28.61,26.72,28.51,27.09,10742280,301089745.38,shares,0
2024-08-01,28.51,28.68,27.6,27.84,28.51,9113126,255698821.14,shares,0
2024-08-02,27.56,27.87,26.98,27.04,27.84,6849746,187377833.02,shares,0
2024-08-05,26.9,28.24,26.66,26.66,27.04,10314462,281973456.34,shares,0
2024-08-06,26.99,28.26,26.99,27.77,26.66,12240657,338699337.43,shares,0
2024-08-07,27.55,28.08,27.31,27.74,27.77,8272338,228790166.76,shares,0
2024-08-08,27.63,27.85,27.3,27.48,27.74,5938444,163594583.51,shares,0
2024-08-09,27.6,27.82,27.0,27.0,27.48,5010263,136650658.71,shares,0
2024-08-12,27.21,27.32,26.63,26.83,27.0,3964023,106569657.96,shares,0
2024-08-13,26.82,27.08,26.35,26.77,26.83,4951399,131755295.75,shares,0
2024-08-14,26.56,27.11,26.04,26.04,26.77,5385752,141560174.3,shares,0
2024-08-15,25.94,26.9,25.62,26.26,26.04,6591025,172992283.98,shares,0
2024-08-16,26.27,26.36,25.61,25.61,26.26,5897166,152659576.52,shares,0
2024-08-19,25.69,25.84,25.06,25.1,25.61,4639850,117634405.02,shares,0
2024-08-20,25.09,25.17,24.3,24.35,25.1,5239223,128763981.46,shares,0
2024-08-21,24.36,24.5,24.07,24.07,24.35,3730312,90611168.14,shares,0
2024-08-22,24.1,24.22,23.38,23.46,24.07,5407250,127566878.25,shares,0
2024-08-23,23.47,23.83,23.26,23.29,23.46,4073253,95464501.58,shares,0
2024-08-26,23.0,23.65,22.88,23.09,23.29,6144340,142415056.33,shares,0
2024-08-27,22.92,23.56,22.82,23.1,23.09,6945360,160954732.34,shares,0
2024-08-28,23.07,23.23,22.9,23.09,23.1,3509000,80916394.2,shares,0
2024-08-29,23.06,24.43,23.01,24.02,23.09,9101452,216654043.48,shares,0
2024-08-30,23.97,24.97,23.75,24.5,24.02,11286525,276585404.21,shares,0
2024-09-02,24.52,24.59,23.08,23.09,24.5,8726032,206469489.16,shares,0
2024-09-03,23.09,24.2,22.98,23.9,23.09,8359670,198707728.9,shares,0
2024-09-04,23.67,24.42,23.59,23.94,23.9,5306280,127532654.8,shares,0
2024-09-05,23.84,24.42,23.66,23.77,23.94,4975800,119063345.0,shares,0
2024-09-06,23.66,23.82,23.01,23.02,23.77,4899550,113887770.0,shares,0
2024-09-09,22.82,23.09,22.56,22.74,23.02,4993696,113545901.94,shares,0
2024-09-10,22.8,22.9,22.14,22.47,22.74,4966750,111414250.07,shares,0
2024-09-11,22.43,23.79,22.25,23.16,22.47,8938539,206235509.15,shares,0
2024-09-12,23.01,23.96,23.01,23.19,23.16,7490732,176095465.72,shares,0
2024-09-13,23.26,23.33,22.2,22.22,23.19,5776550,130734304.0,shares,0
2024-09-18,22.25,22.49,21.72,22.14,22.22,3759565,82909142.55,shares,0
2024-09-19,22.25,23.18,21.94,22.6,22.14,7579368,171079626.25,shares,0
2024-09-20,22.65,22.65,21.79,21.92,22.6,6856084,150946525.54,shares,0
2024-09-23,21.94,22.09,21.58,21.6,21.92,4546306,98990689.75,shares,0
2024-09-24,21.79,23.47,21.76,23.4,21.6,18786962,426741984.51,shares,0
2024-09-25,23.68,24.48,23.68,23.86,23.4,15193053,365475163.54,shares,0
2024-09-26,23.81,25.15,23.61,25.15,23.86,13229852,323263682.47,shares,0
2024-09-27,25.79,27.3,25.69,27.27,25.15,13436550,356272465.5,shares,0
2024-09-30,29.69,30.0,28.57,30.0,27.27,24342951,720118480.79,shares,0
2024-10-08,33.0,33.0,32.22,33.0,30.0,18679346,614394193.12,shares,0
2024-10-09,33.87,35.78,32.41,34.76,33.0,46451648,1603377232.17,shares,0
2024-10-10,34.76,34.77,31.56,31.62,34.76,35636943,1168172851.06,shares,0
2024-10-11,31.0,31.28,29.0,29.45,31.62,19904019,596695740.75,shares,0
2024-10-14,29.45,30.16,28.51,30.03,29.45,17390295,512173808.78,shares,0
2024-10-15,29.6,30.28,28.9,28.91,30.03,14058769,415917343.21,shares,0
2024-10-16,28.3,28.68,27.81,28.01,28.91,13207472,371976731.07,shares,0
2024-10-17,28.29,28.45,27.5,27.52,28.01,11353954,317999021.84,shares,0
2024-10-18,27.5,29.6,27.18,28.75,27.52,18860727,535113200.83,shares,0
2024-10-21,29.0,30.46,29.0,29.64,28.75,19823643,589269038.25,shares,0
2024-10-22,29.66,30.25,28.8,30.01,29.64,15303025,451962426.2,shares,0
2024-10-23,30.02,31.78,29.6,30.82,30.01,22486642,689015062.41,shares,0
2024-10-24,30.6,30.63,29.52,29.62,30.82,13654862,408153737.29,shares,0
2024-10-25,29.55,32.39,29.5,31.98,29.62,29026188,912174828.57,shares,0
2024-10-28,31.39,31.76,30.49,31.17,31.98,23479889,728322941.65,shares,0
2024-10-29,31.17,31.89,30.23,30.25,31.17,15911525,489409319.35,shares,0
2024-10-30,30.0,30.69,29.81,30.0,30.25,10355977,311985701.73,shares,0
2024-10-31,30.43,30.76,29.95,30.63,30.0,13355545,406500628.95,shares,0
2024-11-01,30.47,30.47,29.52,29.61,30.63,14929481,446708506.33,shares,0
2024-11-04,29.61,30.25,29.45,29.93,29.61,8499026,254327100.02,shares,0
2024-11-05,29.93,30.88,29.54,30.86,29.93,16949322,514466948.06,shares,0
2024-11-06,30.86,31.55,30.2,30.39,30.86,17968904,554435811.97,shares,0
2024-11-07,29.99,31.36,29.52,31.36,30.39,17277759,531375221.97,shares,0
2024-11-08,31.48,31.77,30.96,31.38,31.36,20589051,646159113.44,shares,0
2024-11-11,31.37,33.33,31.18,32.97,31.38,23861257,779964011.28,shares,0
2024-11-12,33.3,33.3,32.02,32.29,32.97,16950823,554419328.36,shares,0
2024-11-13,32.02,32.52,31.66,32.47,32.29,11390508,365299196.23,shares,0
2024-11-14,32.86,33.98,31.9,32.08,32.47,20137653,665703134.9,shares,0
2024-11-15,31.9,32.0,30.5,30.56,32.08,14187380,443147008.57,shares,0
2024-11-18,30.35,30.5,29.18,29.48,30.56,11449502,341826269.52,shares,0
2024-11-19,29.36,30.49,29.28,30.44,29.48,8259531,247570167.12,shares,0
2024-11-20,30.3,30.55,29.91,30.28,30.44,7607154,229771847.97,shares,0
2024-11-21,30.48,30.9,30.2,30.42,30.28,8528980,260489709.6,shares,0
2024-11-22,30.3,30.45,29.28,29.29,30.42,9838150,293472944.35,shares,0
2024-11-25,29.29,29.59,28.7,29.17,29.29,6225902,181195144.27,shares,0
2024-11-26,29.37,29.6,28.78,28.84,29.17,4756941,138483370.22,shares,0
2024-11-27,28.69,29.5,28.5,29.49,28.84,6366284,184795452.38,shares,0
2024-11-28,29.6,29.68,28.98,29.08,29.49,5246651,154042815.91,shares,0
2024-11-29,29.0,29.76,28.89,29.41,29.08,5746505,168457418.6,shares,0
2024-12-02,29.01,29.77,28.86,29.6,29.41,7225615,212586468.04,shares,0
2024-12-03,29.59,31.64,29.53,30.9,29.6,16025357,489114293.46,shares,0
2024-12-04,30.9,31.27,30.15,30.36,30.9,9026466,276587286.26,shares,0
2024-12-05,30.2,30.39,29.92,30.17,30.36,5384463,162181279.83,shares,0
2024-12-06,30.39,30.42,29.72,30.25,30.17,6913084,208208380.38,shares,0
2024-12-09,30.06,30.36,29.95,30.09,30.25,5114735,154068888.13,shares,0
2024-12-10,31.0,31.0,29.94,30.0,30.09,8363353,254104506.96,shares,0
2024-12-11,29.98,30.27,29.8,30.09,30.0,5361502,161127946.08,shares,0
2024-12-12,30.11,30.45,29.82,30.31,30.09,6884402,207369730.53,shares,0
2024-12-13,30.01,30.19,29.53,29.59,30.31,8057771,239764467.48,shares,0
2024-12-16,29.58,29.88,29.26,29.42,29.59,4795871,141484330.78,shares,0
2024-12-17,29.4,29.52,29.14,29.2,29.42,4324033,126647924.09,shares,0
2024-12-18,29.35,29.5,29.03,29.09,29.2,3798523,110920046.81,shares,0
2024-12-19,28.89,29.45,28.6,29.42,29.09,5422200,157114144.53,shares,0
2024-12-20,29.33,29.8,29.21,29.66,29.42,5922288,174964811.99,shares,0
2024-12-23,29.6,29.86,28.98,29.01,29.66,5016530,147349386.59,shares,0
2024-12-24,29.08,29.38,29.0,29.26,29.01,3696020,107807354.9,shares,0
2024-12-25,29.26,30.8,28.91,30.41,29.26,14882610,446976855.33,shares,0
2024-12-26,30.1,30.66,30.0,30.55,30.41,8638778,262531432.49,shares,0
2024-12-27,30.54,30.54,30.01,30.12,30.55,6623950,200308774.98,shares,0
2024-12-30,30.01,30.29,29.69,29.76,30.12,4969444,148861446.45,shares,0
2024-12-31,29.8,29.9,28.6,28.73,29.76,7752106,225022999.4,shares,0
2025-01-02,28.6,28.6,26.77,27.09,28.73,9306324,257079822.93,shares,0
2025-01-03,27.06,27.4,26.21,26.25,27.09,6144590,164591896.22,shares,0
2025-01-06,26.23,27.18,26.05,26.52,26.25,5076064,134457077.34,shares,0
2025-01-07,26.5,26.65,26.07,26.55,26.52,4241150,111853383.5,shares,0
2025-01-08,26.55,26.55,25.38,26.06,26.55,5428228,140950093.07,shares,0
2025-01-09,26.02,26.36,25.57,26.05,26.06,3929250,102542629.5,shares,0
2025-01-10,26.0,26.07,25.1,25.1,26.05,4760150,121883056.5,shares,0
2025-01-13,24.88,25.38,24.78,25.23,25.1,3263069,82114509.79,shares,0
2025-01-14,25.3,26.36,25.13,26.26,25.23,5711147,147448114.0,shares,0
2025-01-15,25.96,26.14,25.31,25.74,26.26,6780503,174156414.49,shares,0
2025-01-16,25.8,26.38,25.59,25.9,25.74,4800826,124766373.95,shares,0
2025-01-17,25.75,26.16,25.7,26.0,25.9,4057815,105322595.01,shares,0
2025-01-20,26.05,26.25,25.91,26.1,26.0,3889500,101485964.5,shares,0
2025-01-21,26.08,26.72,25.99,26.54,26.1,6245000,164605532.5,shares,0
2025-01-22,26.4,26.75,26.3,26.55,26.54,4734059,125705703.09,shares,0
2025-01-23,26.82,27.25,26.48,26.5,26.55,5046650,135802364.5,shares,0
2025-01-24,26.48,27.24,26.47,27.23,26.5,6358191,171049768.87,shares,0
2025-01-27,27.32,27.41,26.33,26.33,27.23,4951627,132584196.89,shares,0
2025-02-05,26.34,26.6,26.11,26.26,26.33,3607211,94852930.38,shares,0
2025-02-06,26.2,26.68,25.87,26.62,26.26,5299508,139987645.53,shares,0
2025-02-07,26.63,27.88,26.46,27.17,26.62,10938791,297068207.54,shares,0
2025-02-10,27.1,27.27,26.8,27.18,27.17,6057000,163785412.0,shares,0
2025-02-11,27.17,27.21,26.52,26.73,27.18,5294208,141441134.82,shares,0
2025-02-12,26.7,27.24,26.56,27.17,26.73,6222096,167229601.9,shares,0
2025-02-13,27.17,27.47,27.01,27.16,27.17,6458550,175738938.5,shares,0
2025-02-14,27.07,27.45,26.99,27.22,27.16,3781419,102881858.02,shares,0
2025-02-17,27.18,27.3,26.8,26.89,27.22,5628487,151864774.12,shares,0
2025-02-18,26.9,26.9,25.97,25.98,26.89,5636450,149015908.19,shares,0
2025-02-19,25.94,26.85,25.86,26.72,25.98,6280512,166361155.54,shares,0
2025-02-20,26.72,26.99,26.37,26.82,26.72,4756550,127295691.0,shares,0
2025-02-21,26.8,26.98,26.51,26.88,26.82,5593546,149771595.41,shares,0
2025-02-24,26.91,26.95,26.46,26.69,26.88,6388930,170341861.35,shares,0
2025-02-25,26.5,26.99,26.35,26.43,26.69,4871033,129889983.53,shares,0
2025-02-26,26.5,27.38,26.5,27.27,26.43,9499382,256827521.68,shares,0
2025-02-27,27.27,27.33,26.35,26.76,27.27,7923477,211883541.8,shares,0
2025-02-28,26.6,26.83,25.85,25.92,26.76,6774846,177653851.68,shares,0
2025-03-03,25.92,26.59,25.86,26.07,25.92,5220993,137219960.54,shares,0
2025-03-04,26.01,26.15,25.64,26.03,26.07,3967008,102753662.06,shares,0
2025-03-05,25.94,26.03,25.46,25.62,26.03,4674362,119743695.72,shares,0
2025-03-06,25.65,26.3,25.65,26.25,25.62,5944804,155225323.93,shares,0
2025-03-07,26.15,26.39,25.78,25.95,26.25,4442227,115483652.99,shares,0
2025-03-10,25.88,28.55,25.88,28.55,25.95,17649824,490486723.58,shares,0
2025-03-11,28.35,28.9,27.9,28.14,28.55,19417996,547445783.87,shares,0
2025-03-12,28.17,29.15,27.96,28.52,28.14,14968193,428295655.27,shares,0
2025-03-13,28.38,30.48,28.27,29.8,28.52,24367149,721531307.79,shares,0
2025-03-14,29.5,29.6,28.86,29.44,29.8,12253052,358647175.5,shares,0
2025-03-17,29.44,29.67,28.77,28.87,29.44,11163578,325139790.4,shares,0
2025-03-18,29.07,30.51,28.79,30.37,28.87,19841866,591725497.19,shares,0
2025-03-19,30.06,30.48,29.48,29.64,30.37,11364238,338944138.0,shares,0
2025-03-20,29.5,29.8,29.22,29.26,29.64,6828286,201245171.45,shares,0
2025-03-21,29.84,30.48,28.48,28.6,29.26,11063500,324741763.0,shares,0
2025-03-24,29.3,31.46,29.3,31.46,28.6,33912593,1047212755.83,shares,0
2025-03-25,32.36,34.61,32.0,34.61,31.46,40865746,1373378205.44,shares,0
2025-03-26,34.87,35.19,32.76,33.46,34.61,48658892,1648797248.55,shares,0
2025-03-27,33.33,35.44,32.2,34.16,33.46,41445325,1413071911.5,shares,0
2025-03-28,33.73,35.21,31.88,31.98,34.16,34050350,1133933746.5,shares,0
2025-03-31,31.95,31.99,29.58,29.95,31.98,27602850,840901073.0,shares,0
2025-04-01,30.41,31.69,30.41,30.72,29.95,20231605,628173489.24,shares,0
2025-04-02,30.73,31.34,30.02,30.33,30.72,14372400,441473856.92,shares,0
2025-04-03,30.03,30.52,29.5,29.85,30.33,12613500,377942889.97,shares,0
2025-04-07,28.33,32.17,28.18,31.46,29.85,44938818,1395237452.68,shares,0
2025-04-08,31.66,32.68,30.88,31.85,31.46,32240819,1025055094.38,shares,0
2025-04-09,31.0,35.04,29.68,35.04,31.85,33758463,1126128047.7,shares,0
2025-04-10,36.3,38.54,35.75,38.54,35.04,39369348,1464689152.24,shares,0
2025-04-11,41.97,42.39,40.49,42.39,38.54,35940937,1500392759.2,shares,0
2025-04-14,43.08,46.5,41.0,41.88,42.39,79384271,3421060867.47,shares,0
2025-04-15,42.66,44.65,40.88,43.68,41.88,71608446,3083518057.19,shares,0
2025-04-16,42.5,43.02,39.31,40.49,43.68,66994007,2731920219.13,shares,0
2025-04-17,40.0,41.93,39.09,40.1,40.49,51893887,2107019952.25,shares,0
2025-04-18,39.4,40.6,37.8,38.5,40.1,46518745,1802462424.26,shares,0
2025-04-21,37.97,40.33,37.4,39.13,38.5,43640576,1692109022.12,shares,0
2025-04-22,39.13,40.18,38.79,38.92,39.13,38040433,1499343075.27,shares,0
2025-04-23,38.0,39.08,37.42,37.73,38.92,33493302,1270998680.84,shares,0
2025-04-24,37.73,37.85,36.68,36.69,37.73,23816824,884459798.68,shares,0
2025-04-25,35.35,36.6,35.0,35.69,36.69,30547972,1088997205.96,shares,0
2025-04-28,34.38,34.77,32.4,32.44,35.69,34116158,1133993196.81,shares,0
2025-04-29,32.24,33.3,32.24,32.87,32.44,18104657,593513281.33,shares,0
2025-04-30,32.86,33.17,32.31,32.34,32.87,15373275,502715720.75,shares,0
2025-05-06,32.61,33.78,32.6,33.75,32.34,22112100,738959268.25,shares,0
2025-05-07,33.95,34.1,33.38,33.83,33.75,16714650,563757860.44,shares,0
2025-05-08,33.7,34.22,33.5,33.84,33.83,15668399,530726310.88,shares,0
2025-05-09,34.0,34.03,32.61,33.07,33.84,16252224,538296075.58,shares,0
2025-05-12,33.01,33.41,32.7,33.16,33.07,12002427,395378351.01,shares,0
2025-05-13,33.29,34.47,33.12,33.47,33.16,21126377,710705354.24,shares,0
2025-05-14,33.2,34.07,33.01,33.56,33.47,15665249,525587145.37,shares,0
2025-05-15,33.4,33.64,32.61,32.85,33.56,13459872,443424579.44,shares,0
2025-05-16,32.62,34.02,32.62,33.31,32.85,19157950,643730880.48,shares,0
2025-05-19,33.11,33.24,32.43,33.13,33.31,12404555,406411152.6,shares,0
2025-05-20,32.96,33.07,32.45,32.88,33.13,9731766,319183438.44,shares,0
2025-05-21,32.76,32.8,32.32,32.55,32.88,10861294,353059507.06,shares,0
2025-05-22,32.3,32.59,31.5,31.5,32.55,13280558,423905169.38,shares,0
2025-05-23,31.5,31.68,30.8,30.8,31.5,12138802,379318014.92,shares,0
2025-05-26,30.8,31.12,30.53,30.66,30.8,9813650,301768155.25,shares,0
2025-05-27,30.6,30.6,30.0,30.17,30.66,10866910,328197352.84,shares,0
2025-05-28,30.01,30.4,29.88,30.16,30.17,8514410,256906560.5,shares,0
2025-05-29,30.17,31.03,30.11,30.69,30.16,13226600,404295437.28,shares,0
2025-05-30,30.69,30.69,30.0,30.01,30.69,7627925,229870716.75,shares,0
2025-06-03,30.07,30.83,29.93,30.57,30.01,8648248,263296491.25,shares,0
2025-06-04,30.52,31.32,30.51,30.78,30.57,12650038,391888356.44,shares,0
2025-06-05,30.91,33.18,30.85,32.58,30.78,32826392,1060575107.43,shares,0
2025-06-06,32.4,35.84,32.13,34.25,32.58,41915873,1425249491.88,shares,0
2025-06-09,33.8,34.04,33.39,33.62,34.25,21857848,736928542.8,shares,0
2025-06-10,33.39,33.6,32.2,32.69,33.62,20495519,669618951.89,shares,0
2025-06-11,32.56,33.2,32.53,32.59,32.69,12264998,401726481.34,shares,0
2025-06-12,32.5,32.5,31.86,31.92,32.4,9270637,297141172.5,shares,0
2025-06-13,31.8,32.85,31.01,31.27,31.92,18182251,578454868.46,shares,0
2025-06-16,31.31,34.4,31.3,34.4,31.27,33821566,1132274751.18,shares,0
2025-06-17,35.5,36.35,34.16,34.23,34.4,37345784,1311734061.17,shares,0
2025-06-18,34.83,34.98,33.9,34.25,34.23,17674148,607081012.95,shares,0
2025-06-19,34.2,35.08,33.81,34.38,34.25,26694776,919397308.64,shares,0
2025-06-20,34.63,37.8,34.38,35.92,34.38,47407780,1706809523.79,shares,0
2025-06-23,35.3,37.01,35.3,36.35,35.92,30598384,1108357310.18,shares,0
2025-06-24,35.9,36.36,35.77,36.18,36.35,21948009,791334731.7,shares,0
2025-06-25,36.1,36.27,35.3,36.09,36.18,19708498,704866971.77,shares,0
2025-06-26,36.23,36.23,35.09,35.17,36.09,18684116,662764126.98,shares,0
2025-06-27,35.0,35.74,35.0,35.11,35.17,13307822,468969407.77,shares,0
2025-06-30,35.21,35.7,34.91,35.22,35.11,14094115,496502305.69,shares,0
2025-07-01,35.06,35.77,34.86,35.58,35.22,16378850,578716613.6,shares,0
2025-07-02,35.5,38.53,34.71,37.36,35.58,38755736,1430915321.3,shares,0
2025-07-03,36.75,37.06,36.05,36.39,37.36,21268076,775287627.2,shares,0
2025-07-04,36.61,37.25,36.06,36.63,36.39,18869164,694195307.9,shares,0
2025-07-07,36.63,36.9,35.6,35.83,36.63,12533009,450376520.35,shares,0
2025-07-08,35.84,37.5,35.61,36.93,35.83,18106557,663944472.76,shares,0
2025-07-09,36.94,37.05,36.17,36.39,36.93,14021679,512008825.55,shares,0
2025-07-10,36.3,36.98,35.9,36.56,36.39,12996550,473866465.68,shares,0
2025-07-11,36.43,36.44,35.75,35.9,36.56,13225274,476059787.09,shares,0
2025-07-14,35.01,35.05,33.24,33.57,35.9,26523800,895342203.56,shares,0
2025-07-15,33.28,33.73,33.09,33.25,33.57,10780522,359857594.82,shares,0
2025-07-16,33.35,33.51,33.11,33.28,33.25,9536625,317675132.5,shares,0
2025-07-17,33.13,33.92,33.12,33.65,33.28,10911441,365722620.46,shares,0
2025-07-18,33.8,35.5,33.51,34.46,33.65,19006592,661491259.5,shares,0
2025-07-21,34.02,34.97,34.02,34.68,34.46,11943250,413412710.7,shares,0
2025-07-22,34.6,35.0,34.5,34.88,34.68,12985348,451193803.43,shares,0
2025-07-23,34.88,35.42,34.5,34.6,34.88,11979558,417663566.8,shares,0
2025-07-24,34.55,35.97,34.45,35.74,34.6,17733381,630241943.12,shares,0
2025-07-25,35.7,35.74,34.88,35.12,35.74,11816645,415975359.35,shares,0
2025-07-28,34.96,35.41,34.75,35.05,35.12,7480250,262859298.0,shares,0
2025-07-29,34.9,35.39,34.75,35.38,35.05,9724600,341327109.99,shares,0
2025-07-30,35.3,35.5,34.43,34.78,35.38,9879045,345084397.7,shares,0
2025-07-31,34.7,36.44,34.57,34.96,34.78,20709608,735746725.17,shares,0
2025-08-01,34.96,37.21,34.66,36.0,34.96,27735041,997591512.09,shares,0
2025-08-04,35.65,36.21,34.68,35.23,36.0,17548611,616114270.15,shares,0
2025-08-05,35.23,35.23,34.41,34.62,35.23,13421569,466175949.33,shares,0
2025-08-06,34.63,34.81,34.51,34.73,34.62,6993477,242459702.74,shares,0
2025-08-07,34.72,34.73,34.22,34.55,34.73,8827552,304754578.67,shares,0
2025-08-08,34.3,34.7,34.1,34.37,34.55,6751704,231951670.33,shares,0
2025-08-11,34.2,34.7,34.18,34.59,34.37,7015018,242058046.06,shares,0
2025-08-12,34.59,34.88,34.14,34.74,34.59,10292500,354624726.29,shares,0
2025-08-13,34.87,35.45,34.6,35.19,34.74,13273485,464251847.49,shares,0
2025-08-14,35.87,36.88,35.36,35.38,35.19,27299641,986945984.77,shares,0
2025-08-15,35.27,38.92,35.25,38.92,35.38,47451382,1790331019.67,shares,0
2025-08-18,40.0,40.72,39.31,39.88,38.92,56725696,2271347819.13,shares,0
2025-08-19,39.2,42.09,39.2,40.75,39.88,38132089,1561302436.63,shares,0
2025-08-20,40.0,40.75,39.21,39.92,40.75,23879162,951649116.04,shares,0
2025-08-21,40.0,43.91,39.71,42.55,39.92,57611156,2448466808.64,shares,0
2025-08-22,42.02,43.49,41.96,42.82,42.55,39570300,1692216569.06,shares,0
2025-08-25,42.79,43.59,41.71,42.23,42.82,30846052,1312034139.96,shares,0
2025-08-26,42.25,42.5,40.01,40.47,42.23,31329574,1289967592.04,shares,0
2025-08-27,40.47,41.16,39.5,39.51,40.47,20088199,813003404.33,shares,0
2025-08-28,39.5,40.53,39.02,40.53,39.51,19004693,758277251.83,shares,0
2025-08-29,41.3,41.56,40.3,40.6,40.53,21103264,864001080.26,shares,0
2025-09-01,40.9,43.75,40.9,41.98,40.6,27284101,1158494061.39,shares,0
2025-09-02,41.57,42.56,39.4,40.04,41.98,19981650,814268032.74,shares,0
2025-09-03,40.15,40.66,38.92,39.34,40.04,14674613,582408636.87,shares,0
2025-09-04,39.35,40.4,36.95,37.61,39.34,17303868,668451498.78,shares,0
2025-09-05,37.76,39.74,37.76,39.51,37.61,18534378,723291187.43,shares,0
2025-09-08,40.0,40.0,38.42,38.68,39.51,18248318,709444382.88,shares,0
2025-09-09,38.5,38.58,37.43,37.47,38.68,12946594,490428232.03,shares,0
2025-09-10,37.42,37.8,36.76,37.2,37.47,10295275,383004365.75,shares,0
2025-09-11,37.3,38.99,37.21,38.79,37.2,17341856,663226410.97,shares,0
2025-09-12,38.81,39.17,38.25,38.31,38.79,12723646,491005486.2,shares,0
2025-09-15,38.34,38.99,38.0,38.5,38.31,10566341,406095976.61,shares,0
2025-09-16,38.44,38.6,37.38,37.96,38.5,11259404,426253289.49,shares,0
2025-09-17,38.0,38.55,37.7,38.32,37.96,10325325,394680638.61,shares,0
2025-09-18,38.17,40.25,37.82,38.79,38.32,27145455,1059738188.12,shares,0
2025-09-19,38.7,40.41,38.6,39.52,38.79,24007916,955362150.31,shares,0
2025-09-22,39.64,40.31,38.75,39.95,39.52,17848040,706083520.83,shares,0
2025-09-23,39.69,40.85,38.37,40.06,39.95,20006633,792547789.41,shares,0
2025-09-24,40.2,43.0,39.8,42.59,40.06,36497070,1512442586.38,shares,0
2025-09-25,42.0,42.59,41.65,42.08,42.59,19463207,819457467.7,shares,0
2025-09-26,42.0,42.0,40.5,40.5,42.08,14700313,605321365.01,shares,0
2025-09-29,40.5,40.67,39.77,40.09,40.5,11662919,467974437.4,shares,0
2025-09-30,40.95,41.48,40.31,40.48,40.09,14754480,603279172.72,shares,0
2025-10-09,41.09,44.53,40.86,43.32,40.48,31604496,1357546959.29,shares,0
2025-10-10,43.11,43.31,40.82,41.0,43.32,21565461,898462901.73,shares,0
2025-10-13,40.26,43.58,40.18,43.48,41.0,28319235,1211697127.98,shares,0
2025-10-14,43.51,44.56,42.16,42.33,43.48,23658441,1023622899.22,shares,0
2025-10-15,42.88,42.99,41.55,41.81,42.33,14823160,622507216.93,shares,0
2025-10-16,41.89,42.13,40.85,41.11,41.81,12452943,514313230.22,shares,0
2025-10-17,40.83,41.11,38.13,38.21,41.11,19934059,779198390.58,shares,0
2025-10-20,38.69,38.88,37.83,38.12,38.21,9658485,370417977.61,shares,0
2025-10-21,38.05,39.5,37.88,38.98,38.12,10257606,397694394.29,shares,0
2025-10-22,38.63,38.89,38.1,38.28,38.98,6574646,252519176.98,shares,0
2025-10-23,37.98,38.17,36.5,38.07,38.28,10205668,380445002.6,shares,0
2025-10-24,38.07,39.05,38.07,38.78,38.07,8228267,318111436.96,shares,0
2025-10-27,38.24,39.4,38.13,38.58,38.78,10593590,410343829.92,shares,0
2025-10-28,40.35,42.44,40.3,42.44,38.58,27710086,1159550668.99,shares,0
2025-10-29,42.44,43.25,41.88,42.96,42.44,31988348,1364375280.48,shares,0
2025-10-30,42.96,44.24,42.05,42.08,42.96,26024726,1116742765.46,shares,0
2025-10-31,42.05,42.76,41.27,41.27,42.08,14359448,599324060.56,shares,0
2025-11-03,41.2,41.39,39.72,40.95,41.27,12455329,504749320.95,shares,0
2025-11-04,41.0,41.16,39.06,39.39,40.95,14465575,575182855.29,shares,0
2025-11-05,38.6,39.34,38.22,39.0,39.39,12903907,500299307.48,shares,0
2025-11-06,39.12,39.8,38.85,39.61,39.0,13151338,517864675.92,shares,0
2025-11-07,39.33,40.9,39.09,40.19,39.61,17360163,699161675.31,shares,0
2025-11-10,40.48,41.2,40.15,40.54,40.19,13864136,563139535.82,shares,0
2025-11-11,40.55,41.14,40.0,40.05,40.54,13173251,534249280.01,shares,0
2025-11-12,39.8,40.0,38.38,38.8,40.05,12371476,481611866.85,shares,0
2025-11-13,38.93,40.48,38.93,39.7,38.8,13568864,541039961.5,shares,0
2025-11-14,39.12,39.47,38.4,38.4,39.7,16364988,632497724.9,shares,0
2025-11-17,38.4,38.75,37.8,38.67,38.4,9875691,377401593.13,shares,0
2025-11-18,38.5,38.68,37.9,38.01,38.67,7409814,282611788.91,shares,0
2025-11-19,37.2,38.3,37.2,37.94,38.01,6594950,249579745.13,shares,0
2025-11-20,38.18,38.48,37.4,37.53,37.94,6978775,262947056.51,shares,0
2025-11-21,37.27,37.52,35.9,35.9,37.53,11875384,433933655.4,shares,0
2025-11-24,35.9,36.56,35.17,36.06,35.9,6499214,232349581.79,shares,0
2025-11-25,36.12,36.75,36.0,36.08,36.06,6488504,235752243.55,shares,0
2025-11-26,35.89,36.58,35.68,36.17,36.08,5771137,208526094.32,shares,0
2025-11-27,36.26,36.66,36.05,36.06,36.17,5668552,206064264.52,shares,0
2025-11-28,36.02,36.47,35.85,36.44,36.06,4622114,167638707.97,shares,0
2025-12-01,36.5,36.88,36.33,36.88,36.44,5173150,189889804.47,shares,0
2025-12-02,36.88,36.98,36.18,36.25,36.88,4276589,155911445.09,shares,0
2025-12-03,36.26,36.65,36.01,36.13,36.25,3283648,118950967.9,shares,0
2025-12-04,36.21,36.48,35.32,36.36,36.13,5103368,183305316.74,shares,0
2025-12-05,36.19,36.45,35.58,36.34,36.36,5298721,190722052.09,shares,0
2025-12-08,36.38,36.84,36.38,36.63,36.34,5487264,201101454.4,shares,0
2025-12-09,36.64,37.41,36.46,37.21,36.63,7962924,294990982.67,shares,0
2025-12-10,37.05,37.29,36.75,37.1,37.21,5529405,204424248.01,shares,0
2025-12-11,37.3,37.38,36.37,36.4,37.1,4971097,182788843.88,shares,0
2025-12-12,36.35,36.85,36.05,36.7,36.4,5135950,187501381.0,shares,0
2025-12-15,36.39,36.85,36.21,36.29,36.7,4458503,162535872.16,shares,0
2025-12-16,36.33,36.5,35.15,35.16,36.29,5667454,200811538.22,shares,0
2025-12-17,35.17,35.79,34.74,35.64,35.16,5115777,180105422.07,shares,0
2025-12-18,35.46,36.29,35.41,35.69,35.64,3978221,142800911.08,shares,0
2025-12-19,35.98,36.17,35.76,35.82,35.69,3632145,130474588.13,shares,0
2025-12-22,35.82,37.18,35.82,36.71,35.82,7713675,283248118.89,shares,0
2025-12-23,36.91,38.34,36.73,37.44,36.71,12319569,462110485.92,shares,0
2025-12-24,37.36,38.44,37.36,38.0,37.44,10646188,403505793.64,shares,0
2025-12-25,37.9,37.9,37.23,37.51,38.0,7095453,266423206.81,shares,0
2025-12-26,37.51,38.19,37.51,37.62,37.51,8126546,307187671.2,shares,0
2025-12-29,37.82,37.95,37.11,37.2,37.62,6245884,233640035.9,shares,0
2025-12-30,36.96,37.3,36.77,36.87,37.2,5428591,200671946.49,shares,0
2025-12-31,36.88,37.19,36.55,36.58,36.87,4502844,165470196.08,shares,0
2026-01-05,36.68,37.36,36.59,37.35,36.58,7648241,284205277.69,shares,0
2026-01-06,37.75,39.97,37.7,38.95,37.35,21287677,836461852.83,shares,0
2026-01-07,38.9,40.19,38.72,39.66,38.95,17379894,686412016.46,shares,0
2026-01-08,39.65,40.2,39.18,39.27,39.66,12892452,509878651.82,shares,0
2026-01-09,39.2,40.07,39.12,39.55,39.27,12656734,501236243.03,shares,0
2026-01-12,39.2,39.84,38.78,39.31,39.55,14020120,548343807.92,shares,0
2026-01-13,39.54,39.55,38.3,38.49,39.31,11415504,442923534.63,shares,0
2026-01-14,38.2,39.09,37.73,38.35,38.49,12443721,479351525.01,shares,0
2026-01-15,38.18,40.2,38.08,39.66,38.35,17699048,695162175.95,shares,0
2026-01-16,39.9,40.65,39.58,40.38,39.66,19930045,801228716.47,shares,0
2026-01-19,40.89,40.9,39.49,39.68,40.38,11896829,474539476.06,shares,0
2026-01-20,39.64,40.18,38.9,39.2,39.68,9366150,369870732.0,shares,0
2026-01-21,39.09,40.45,39.01,39.79,39.2,10293651,410318802.87,shares,0
2026-01-22,39.74,40.88,39.45,39.95,39.79,8330931,332674618.07,shares,0
2026-01-23,40.28,42.73,40.06,42.08,39.95,24978407,1042613239.28,shares,0
2026-01-26,41.98,41.98,39.4,39.75,42.08,21720637,871519374.73,shares,0
2026-01-27,39.4,40.65,38.3,40.48,39.75,15507157,612128879.76,shares,0
2026-01-28,40.48,40.89,39.64,40.71,40.48,12339020,497207081.29,shares,0
2026-01-29,40.7,41.89,40.55,40.88,40.71,18164237,749861267.63,shares,0
2026-01-30,40.4,40.76,38.22,39.77,40.88,15725743,618495603.76,shares,0
2026-02-02,39.29,40.18,38.14,38.14,39.77,10594750,412726721.3,shares,0
2026-02-03,38.53,40.98,38.53,40.74,38.14,20383619,820863945.9,shares,0
2026-02-04,40.51,42.31,40.41,42.2,40.74,21885544,913962773.19,shares,0
2026-02-05,41.88,41.88,40.4,40.54,42.2,14359940,586614412.99,shares,0
2026-02-06,40.01,41.05,39.62,40.32,40.54,11378264,458605981.7,shares,0
2026-02-09,41.3,42.88,41.11,42.43,40.32,19069252,806483648.9,shares,0
2026-02-10,42.41,42.85,41.73,42.19,42.43,11520957,487174268.06,shares,0
2026-02-11,41.88,43.86,41.82,43.15,42.19,21235569,916799520.1,shares,0
2026-02-12,43.26,47.47,43.2,47.47,43.15,34161271,1583697340.23,shares,0
2026-02-13,47.51,47.88,44.58,44.64,47.47,38920292,1772960870.54,shares,0
2026-02-24,45.5,49.1,45.5,48.71,44.64,39435452,1877254708.29,shares,0
2026-02-25,48.67,50.82,48.46,49.63,48.71,40187404,1987409844.88,shares,0
2026-02-26,49.63,50.5,48.72,49.93,49.63,27496171,1367760745.87,shares,0
2026-02-27,48.88,49.88,47.91,49.05,49.93,25168945,1225309222.57,shares,0
2026-03-02,47.8,52.81,47.8,52.08,49.05,37206850,1892704935.37,shares,0
2026-03-03,52.28,52.6,48.2,48.57,52.08,30120379,1501244158.64,shares,0
2026-03-04,47.85,49.89,47.83,48.22,48.57,20502798,995409319.41,shares,0
2026-03-05,50.66,53.04,50.66,53.04,48.22,11599339,610773288.04,shares,0
2026-03-06,52.04,55.75,52.04,53.59,53.04,42734333,2319445850.84,shares,0
2026-03-09,51.19,51.99,49.0,51.02,53.59,29159267,1464343044.1,shares,0
2026-03-10,52.0,54.77,50.2,54.35,51.02,29538912,1568129208.99,shares,0
2026-03-11,54.25,55.25,53.3,53.7,54.35,22711294,1228794879.08,shares,0
2026-03-12,53.02,53.47,49.85,50.79,53.7,28265003,1449426144.03,shares,0
2026-03-13,49.73,50.5,48.16,48.41,50.79,19731676,969725277.58,shares,0
2026-03-16,47.88,48.55,45.56,47.19,48.41,25092725,1173521318.29,shares,0
2026-03-17,47.65,48.33,44.87,44.89,47.19,18671289,859012399.94,shares,0
2026-03-18,45.28,45.66,44.52,45.59,44.89,12526265,565504823.92,shares,0
2026-03-19,44.55,45.0,43.5,43.79,45.59,14190227,625046556.82,shares,0
2026-03-20,44.12,45.43,43.71,43.71,43.79,14564011,648081200.0,shares,0
2026-03-23,42.5,43.26,41.01,41.28,43.71,15798392,665508330.9,shares,0
2026-03-24,42.5,42.58,40.39,41.95,41.28,11349875,469054602.25,shares,0
2026-03-25,42.58,43.73,42.5,43.1,41.95,13940182,601678155.88,shares,0
2026-03-26,43.0,43.24,41.88,42.09,43.1,10080400,428724042.47,shares,0
2026-03-27,41.5,42.87,41.0,42.44,42.09,9549543,401652450.53,shares,0
2026-03-30,41.5,42.44,40.51,42.06,42.44,12914092,535903250.68,shares,0
2026-03-31,41.9,42.56,40.96,41.16,42.06,10216873,425575686.97,shares,0
2026-04-01,42.0,42.99,41.96,42.32,41.16,13608933,576371692.71,shares,0
2026-04-02,41.8,43.45,41.62,42.4,42.32,18477151,785436809.42,shares,0
2026-04-03,42.62,43.11,42.21,42.22,42.4,14096549,599847138.74,shares,0
2026-04-07,42.18,46.44,42.18,44.95,42.22,30188313,1372064462.83,shares,0
2026-04-08,46.36,46.66,45.13,45.93,44.95,27975710,1276428642.7,shares,0
2026-04-09,45.18,46.0,45.13,45.53,45.93,15266497,694771881.99,shares,0
2026-04-10,46.9,48.1,46.01,47.18,45.53,28691299,1349143001.12,shares,0
2026-04-13,47.0,51.9,47.0,50.57,47.18,40991702,2089130040.5,shares,0
2026-04-14,51.01,51.4,49.19,49.96,50.57,28740356,1431938279.15,shares,0
2026-04-15,51.0,54.96,51.0,51.8,49.96,42172288,2243123022.95,shares,0
2026-04-16,51.74,52.66,51.03,52.0,51.8,23739046,1232167098.1,shares,0
2026-04-17,52.8,53.04,51.5,51.8,52.0,19685405,1025404239.73,shares,0
2026-04-20,53.0,53.55,50.9,50.95,51.8,26531754,1377251928.53,shares,0
2026-04-21,51.5,54.27,50.7,52.05,50.95,28272835,1488834208.11,shares,0
2026-04-22,51.51,55.24,51.01,54.34,52.05,30688385,1639091686.73,shares,0
2026-04-23,54.9,55.23,51.8,52.55,54.34,25075655,1331570588.34,shares,0
2026-04-24,51.7,53.95,51.67,52.8,52.55,19601787,1032747019.75,shares,0
2026-04-27,50.0,54.15,48.96,52.9,52.8,34247550,1764553377.2,shares,0
2026-04-28,52.5,56.5,52.02,54.91,52.9,31836934,1729434138.33,shares,0
2026-04-29,53.98,56.88,53.45,55.67,54.91,29852740,1651921006.95,shares,0
2026-04-30,55.67,55.93,54.3,55.18,55.67,20601838,1132292043.08,shares,0
2026-05-06,56.0,58.5,55.4,57.56,55.18,27677030,1582619462.48,shares,0
2026-05-07,58.56,63.32,58.43,63.32,57.56,31570991,1951971587.41,shares,0
2026-05-08,63.32,67.8,62.8,65.5,63.32,45051932,2966501491.99,shares,0
2026-05-11,67.5,71.95,66.0,66.6,65.5,46972197,3188537210.46,shares,0
2026-05-12,66.65,73.26,66.12,73.26,66.6,40366991,2792788002.83,shares,0
2026-05-13,73.3,76.44,71.08,76.19,73.26,51084638,3791721670.25,shares,0
2026-05-14,74.75,75.79,71.82,72.5,76.19,37078164,2726028507.18,shares,0
2026-05-15,71.89,73.0,67.78,69.53,72.5,36506481,2544523237.9,shares,0
2026-05-18,69.24,72.44,68.1,69.64,69.53,28475349,2009505617.99,shares,0
2026-05-19,68.34,68.97,65.9,68.64,69.64,29500205,1988635580.05,shares,0
2026-05-20,67.96,73.46,67.65,71.89,68.64,32353364,2320975131.8,shares,0
2026-05-21,72.2,76.1,70.66,72.57,71.89,46825499,3457761701.78,shares,0
2026-05-22,72.58,75.63,71.71,74.55,72.57,39061126,2884031660.81,shares,0
2026-05-25,74.56,77.8,70.6,76.1,74.55,38615277,2849278390.82,shares,0
2026-05-26,74.5,75.5,71.45,73.47,76.1,31277287,2291164801.3,shares,0
2026-05-27,73.33,74.5,68.1,68.4,73.47,32505224,2284448929.67,shares,0
2026-05-28,67.88,72.2,67.15,71.28,68.4,27302975,1908894290.16,shares,0
2026-05-29,71.99,71.99,66.0,67.22,71.28,28441347,1933538982.74,shares,0
2026-06-01,66.2,66.22,61.39,61.43,67.22,28889785,1835521078.92,shares,0
2026-06-02,62.66,63.0,60.75,61.78,61.43,19313938,1200856331.67,shares,0
2026-06-03,62.7,67.0,62.24,63.78,61.78,24431294,1576717719.14,shares,0
2026-06-04,64.4,67.85,63.83,66.38,63.78,24661023,1633088098.94,shares,0
2026-06-05,65.67,71.91,63.3,69.49,66.38,38144101,2614229078.68,shares,0
2026-06-08,64.45,73.39,64.45,67.93,69.49,41259966,2852401897.2,shares,0
2026-06-09,69.7,74.72,67.97,74.72,67.93,46074757,3314454207.55,shares,0
2026-06-10,75.07,75.8,71.8,73.31,74.72,38255235,2817370636.19,shares,0
2026-06-11,71.66,78.98,71.6,76.15,73.31,46998223,3560222826.54,shares,0
2026-06-12,79.06,83.0,70.33,70.89,76.15,58557830,4428400935.06,shares,0
2026-06-15,71.36,77.4,67.42,76.53,70.89,44296219,3263755520.07,shares,0
2026-06-16,76.4,81.52,74.99,80.33,76.44,39748480,3119987727.71,shares,0
2026-06-17,78.2,82.64,77.75,79.34,80.33,44725578,3576621334.36,shares,0
2026-06-18,78.0,83.05,76.81,80.55,79.34,34149861,2744640171.31,shares,0
2026-06-22,82.0,86.11,81.0,86.1,80.55,41044399,3455429301.35,shares,0
2026-06-23,86.33,86.33,78.5,80.64,86.1,37115868,3023990789.06,shares,0
2026-06-24,79.53,80.33,75.5,79.89,80.64,32050471,2516144320.82,shares,0
2026-06-25,82.3,83.83,77.55,83.56,79.89,38176118,3085388907.23,shares,0
2026-06-26,83.05,87.91,81.0,86.6,83.56,41986718,3568953309.44,shares,0
2026-06-29,85.74,89.5,80.78,84.13,86.6,35537014,3010458411.94,shares,0
2026-06-30,83.29,83.7,77.99,82.61,84.13,28278979,2298539929.01,shares,0
2026-07-01,81.5,84.74,78.7,78.89,82.61,28553410,2319189031.07,shares,0
2026-07-02,75.0,78.0,71.1,72.05,78.89,30501014,2262010949.77,shares,0
2026-07-03,71.4,73.43,69.15,69.25,72.05,25628822,1815430437.71,shares,0
2026-07-06,69.99,70.85,65.15,66.04,69.25,21918268,1478447162.33,shares,0
2026-07-07,65.25,66.8,63.01,64.91,66.04,16287239,1062418091.93,shares,0
2026-07-08,64.9,65.88,60.71,61.06,64.91,22535524,1403864363.56,shares,0
2026-07-09,62.28,67.17,62.25,67.17,61.06,27762954,1793955920.67,shares,0
2026-07-10,68.98,71.17,65.5,65.5,67.17,26228059,1802634393.21,shares,0
2026-07-13,65.1,66.46,60.6,61.0,65.5,18557176,1173142730.06,shares,0
2026-07-14,61.3,63.0,58.68,61.92,61.0,19351918,1184516350.85,shares,0
2026-07-15,63.0,63.63,57.0,57.3,61.92,20332999,1204841207.95,shares,0
2026-07-16,55.55,57.77,53.49,53.99,57.3,19310663,1069805775.82,shares,0
2026-07-17,54.64,54.64,49.47,49.89,53.99,22987279,1184587560.4,shares,0
2026-07-20,51.13,51.45,44.9,44.9,49.89,21847708,1035081515.47,shares,0
2026-07-21,45.43,49.25,40.88,48.97,44.9,27136607,1233414146.36,shares,0
2026-07-22,48.97,50.16,46.88,47.59,48.97,20815851,1013575478.64,shares,0
2026-07-23,48.54,48.95,46.77,47.3,47.59,14135856,673153538.85,shares,0
2026-07-24,46.9,48.2,45.92,46.44,47.3,12734014,597533807.86,shares,0
2026-07-27,46.44,48.12,45.6,48.01,46.44,13264003,625481472.62,shares,0
2026-07-28,47.0,48.2,44.06,44.62,48.01,15134178,695590830.74,shares,0
2026-07-29,44.81,45.88,41.75,43.57,44.62,17257861,746863825.7,shares,0
2026-07-30,43.07,43.99,40.22,40.82,43.57,17602867,733349929.97,shares,0
2026-07-31,43.48,44.5,41.92,41.98,40.82,16359556,707190977.05,shares,0
2026-08-03,41.86,42.29,40.61,40.88,41.98,14076583,578017871.41,shares,0
2026-08-04,41.6,43.87,41.0,43.46,40.88,15101688,646558277.58,shares,0
2026-08-05,43.45,46.97,43.17,46.51,43.46,19993407,909136936.95,shares,0
2026-08-06,45.97,48.18,45.7,47.57,46.51,18064411,848369884.56,shares,0
2026-08-07,47.21,49.9,46.57,49.45,47.57,20641675,1005251706.11,shares,0
2026-08-10,49.72,49.9,47.85,48.87,49.45,17024822,828398763.61,shares,0
2026-08-11,48.6,49.76,47.82,48.6,48.87,11056224,539694048.8,shares,0
2026-08-12,48.44,50.45,48.29,49.71,48.6,11977914,593250328.14,shares,0
2026-08-13,50.44,50.69,48.34,48.39,49.71,12857926,639222845.51,shares,0
2026-08-14,48.74,49.68,48.47,49.54,48.39,11237379,553058365.97,shares,0
2026-08-17,49.96,51.18,49.6,51.18,49.54,14723709,743944421.56,shares,0
2026-08-18,51.28,52.55,50.39,51.5,51.18,15344524,788648839.16,shares,0
2026-08-19,49.68,50.45,47.21,47.45,51.5,14225668,693579562.95,shares,0
2026-08-20,48.53,48.84,47.27,47.83,47.45,9439596,452753817.56,shares,0
2026-08-21,47.41,49.58,46.88,48.75,47.83,9345782,453874247.31,shares,0
2026-08-24,47.9,49.05,46.03,47.3,48.75,13748352,650559957.01,shares,0
2026-08-25,46.5,47.6,44.84,46.7,47.3,11176710,516854816.27,shares,0
2026-08-26,46.71,47.49,45.6,46.87,46.7,9953169,464392185.17,shares,0
2026-08-27,46.86,51.56,46.74,51.56,46.87,20859253,1040093622.32,shares,0
2026-08-28,52.43,54.25,51.43,51.51,51.56,27354680,1442159922.87,shares,0
2026-08-31,50.77,51.66,49.69,51.1,51.51,17247557,874235292.22,shares,0
2026-09-01,51.02,51.55,48.9,49.24,51.1,15226951,757171714.98,shares,0
2026-09-02,48.5,48.86,47.51,48.05,49.24,10401004,500737050.75,shares,0
2026-09-03,50.2,51.02,46.33,47.03,48.05,20013205,959779560.13,shares,0
2026-09-04,47.66,48.3,44.5,44.98,47.03,17610843,816892019.41,shares,0
2026-09-07,45.87,47.06,45.11,46.62,44.98,15941373,740969971.24,shares,0
2026-09-08,46.68,48.78,45.9,46.86,46.62,16203935,766338924.95,shares,0
2026-09-09,47.5,49.81,47.19,47.59,46.86,17860146,862214633.34,shares,0
2026-09-10,46.88,47.96,46.51,46.99,47.59,10462607,494197618.57,shares,0
2026-09-11,46.27,47.08,45.2,46.88,46.99,11980108,555124036.92,shares,0
2026-09-14,46.3,47.89,44.95,47.7,46.88,13232131,619975223.76,shares,0
2026-09-15,47.0,48.95,47.0,48.2,47.7,13608566,656030083.15,shares,0
2026-09-16,48.0,49.75,47.63,49.29,48.2,16411148,803539670.94,shares,0
2026-09-17,49.0,50.15,48.28,48.35,49.29,15404029,756250426.54,shares,0
2026-09-18,49.13,49.74,48.01,49.66,48.35,17812602,873154971.5,shares,0
2026-09-21,49.99,51.81,49.7,50.75,49.66,19892690,1012578811.45,shares,0
2026-09-22,51.25,51.5,49.15,49.31,50.75,17892541,897203700.94,shares,0
2026-09-23,49.31,50.63,49.3,50.1,49.31,12827887,642815519.92,shares,0
2026-09-24,49.7,49.9,48.17,48.19,50.1,9116159,444837382.25,shares,0
