date,open,high,low,close,preclose,volume,amount,volume_unit,special_treatment
2018-07-20,32.05,38.46,32.05,38.46,26.71,57621,2215463.0,shares,0
2018-07-23,42.31,42.31,42.31,42.31,38.46,30506,1290709.0,shares,0
2018-07-24,46.54,46.54,46.54,46.54,42.31,49544,2305778.0,shares,0
2018-07-25,51.19,51.19,51.19,51.19,46.54,130214,6665655.0,shares,0
2018-07-26,56.31,56.31,56.31,56.31,51.19,220755,12430714.0,shares,0
2018-07-27,61.94,61.94,61.94,61.94,56.31,353075,21869466.0,shares,0
2018-07-30,68.13,68.13,68.13,68.13,61.94,731074,49808072.0,shares,0
2018-07-31,74.94,74.94,61.32,61.32,68.13,36666513,2386906668.0,shares,0
2018-08-01,59.0,59.51,56.71,58.66,61.32,27876817,1620339852.0,shares,0
2018-08-02,57.5,58.36,54.18,55.55,58.66,20256358,1141046017.0,shares,0
2018-08-03,55.08,55.72,51.59,51.69,55.55,17709358,940470367.0,shares,0
2018-08-06,50.56,50.6,47.66,47.71,51.69,15523830,763555458.0,shares,0
2018-08-07,48.49,49.28,47.66,48.96,47.71,14941172,726506332.0,shares,0
2018-08-08,48.33,48.33,44.13,44.25,48.96,18108233,839725136.0,shares,0
2018-08-09,43.88,48.22,43.2,46.26,44.25,17072171,792475233.0,shares,0
2018-08-10,45.4,47.8,45.28,47.09,46.26,14122576,658292547.0,shares,0
2018-08-13,46.0,51.8,45.5,50.74,47.09,25387945,1277795010.0,shares,0
2018-08-14,49.0,50.31,48.6,49.5,50.74,17824641,880213065.0,shares,0
2018-08-15,49.55,51.2,48.81,49.25,49.5,14221876,710973900.0,shares,0
2018-08-16,48.0,51.57,46.27,50.43,49.25,19830540,990677183.0,shares,0
2018-08-17,50.66,51.09,47.48,47.59,50.43,15052508,742214329.0,shares,0
2018-08-20,46.49,49.89,46.28,49.72,47.59,12830823,620613183.0,shares,0
2018-08-21,49.79,51.42,48.5,50.14,49.72,15452458,771323155.0,shares,0
2018-08-22,49.67,49.96,47.63,47.77,50.14,11532019,561533573.0,shares,0
2018-08-23,47.83,49.86,47.81,49.36,47.77,12204866,597179906.0,shares,0
2018-08-24,48.7,49.95,48.2,48.65,49.36,9760832,478943936.0,shares,0
2018-08-27,49.6,52.8,49.28,51.61,48.65,19302697,990915749.0,shares,0
2018-08-28,51.76,54.02,51.56,52.09,51.61,19236053,1010718059.0,shares,0
2018-08-29,52.0,53.41,50.87,53.41,52.09,14178772,738356278.0,shares,0
2018-08-30,53.6,53.79,51.91,52.66,53.41,13017990,686719562.0,shares,0
2018-08-31,52.5,53.36,50.74,50.9,52.66,13017604,680802216.0,shares,0
2018-09-03,50.09,50.55,47.1,48.94,50.9,12472828,606664423.0,shares,0
2018-09-04,48.79,49.77,47.9,49.08,48.94,9869461,483418999.0,shares,0
2018-09-05,49.06,50.7,48.4,49.23,49.08,12443625,619278887.0,shares,0
2018-09-06,48.58,49.99,47.77,49.21,49.23,10227823,501619445.0,shares,0
2018-09-07,49.01,50.3,47.4,47.56,49.21,12183781,594457837.0,shares,0
2018-09-10,47.11,47.55,44.79,44.91,47.56,10190802,468576112.0,shares,0
2018-09-11,45.11,46.27,44.7,45.66,44.91,6649984,303111980.0,shares,0
2018-09-12,45.86,46.19,45.0,45.53,45.66,5996766,273740735.0,shares,0
2018-09-13,46.36,47.19,45.72,46.79,45.53,9337586,434716039.0,shares,0
2018-09-14,46.78,46.78,44.6,44.98,46.79,8004012,364790873.0,shares,0
2018-09-17,44.5,44.5,43.58,43.9,44.98,4952951,218300597.0,shares,0
2018-09-18,43.55,45.08,43.36,44.99,43.9,6048344,267543612.0,shares,0
2018-09-19,44.77,46.1,44.18,45.34,44.99,7626283,344636162.0,shares,0
2018-09-20,45.21,45.96,44.61,44.62,45.34,5468248,247203230.0,shares,0
2018-09-21,44.65,45.88,44.22,45.61,44.62,7042956,317777617.0,shares,0
2018-09-25,44.98,45.79,44.86,45.25,45.61,4643596,210145506.0,shares,0
2018-09-26,45.27,45.86,45.25,45.59,45.25,6118606,279026556.0,shares,0
2018-09-27,45.59,45.59,43.7,43.7,45.59,7600432,338236867.0,shares,0
2018-09-28,43.93,44.38,43.91,44.07,43.7,3481037,153568931.0,shares,0
2018-10-08,42.49,42.5,39.8,40.09,44.07,7081449,291970789.0,shares,0
2018-10-09,40.19,40.75,39.63,39.88,40.09,4033469,161554242.0,shares,0
2018-10-10,40.0,40.35,39.53,40.2,39.88,3584539,143450363.0,shares,0
2018-10-11,37.51,38.19,36.18,36.18,40.2,7039746,259984287.0,shares,0
2018-10-12,35.5,35.8,33.7,35.48,36.18,6804428,237766046.0,shares,0
2018-10-15,35.71,36.86,35.46,35.51,35.48,5170891,187000228.0,shares,0
2018-10-16,35.62,35.96,34.65,35.75,35.51,4913651,174096903.0,shares,0
2018-10-17,36.66,36.82,35.25,36.4,35.75,5081276,183856437.0,shares,0
2018-10-18,35.99,35.99,34.61,34.78,36.4,4357620,153325460.0,shares,0
2018-10-19,33.8,35.97,33.55,35.84,34.78,5426511,190761831.0,shares,0
2018-10-22,35.9,38.57,35.9,38.14,35.84,9083270,339755559.0,shares,0
2018-10-23,37.86,37.92,36.45,36.64,38.14,6826369,253683624.0,shares,0
2018-10-24,36.18,37.1,36.11,36.22,36.64,4159859,152268575.0,shares,0
2018-10-25,34.3,35.36,34.03,35.11,36.22,5373066,185985425.0,shares,0
2018-10-26,35.64,37.88,35.38,37.4,35.11,9983674,367011463.0,shares,0
2018-10-29,36.97,37.3,36.14,36.35,37.4,5626736,206480304.0,shares,0
2018-10-30,36.1,36.86,34.91,36.47,36.35,6108091,219426279.0,shares,0
2018-10-31,36.65,37.47,36.64,37.05,36.47,6803384,252226942.0,shares,0
2018-11-01,37.36,38.45,37.05,37.47,37.05,9054205,342033835.0,shares,0
2018-11-02,38.27,38.7,37.7,38.63,37.47,9593567,366792944.0,shares,0
2018-11-05,39.45,39.63,37.87,38.52,38.63,10705774,416542266.0,shares,0
2018-11-06,38.0,38.01,36.88,37.52,38.52,6846774,255275643.0,shares,0
2018-11-07,37.5,39.22,37.25,38.28,37.52,8937705,343106748.0,shares,0
2018-11-08,38.58,38.88,37.6,37.69,38.28,5685973,217082153.0,shares,0
2018-11-09,37.73,39.98,37.61,39.58,37.69,13416319,526491178.0,shares,0
2018-11-12,39.01,40.37,39.0,40.25,39.58,10443860,415616004.0,shares,0
2018-11-13,39.49,40.14,39.2,39.91,40.25,8946555,355277968.0,shares,0
2018-11-14,39.7,41.37,39.53,40.12,39.91,9838604,399179418.0,shares,0
2018-11-15,40.06,40.77,39.68,40.74,40.12,8063353,324938469.0,shares,0
2018-11-16,40.8,40.8,39.9,40.36,40.74,8509976,343164465.0,shares,0
2018-11-19,40.14,40.27,39.42,39.82,40.36,5437069,216036867.0,shares,0
2018-11-20,39.11,39.43,38.42,38.51,39.82,5239608,204064060.0,shares,0
2018-11-21,37.82,38.99,37.82,38.68,38.51,3951130,151853017.0,shares,0
2018-11-22,38.85,41.5,38.1,40.1,38.68,8288897,329427500.0,shares,0
2018-11-23,39.79,39.88,38.09,38.2,40.1,6219863,242417135.0,shares,0
2018-11-26,38.5,39.6,37.98,38.94,38.2,4967574,192433759.0,shares,0
2018-11-27,39.3,40.2,39.0,39.86,38.94,7596118,301926079.0,shares,0
2018-11-28,39.94,40.17,39.05,39.9,39.86,6678662,265415851.0,shares,0
2018-11-29,40.3,40.41,36.66,37.29,39.9,7009625,273215287.0,shares,0
2018-11-30,37.28,37.55,35.99,37.07,37.29,5812595,214218133.0,shares,0
2018-12-03,38.16,39.1,37.77,38.66,37.07,7151653,275614520.0,shares,0
2018-12-04,38.68,39.64,38.51,39.08,38.66,5989684,234159153.0,shares,0
2018-12-05,38.14,38.99,38.0,38.55,39.08,4098775,157961926.0,shares,0
2018-12-06,38.13,38.13,36.85,37.01,38.55,5438249,203890411.0,shares,0
2018-12-07,37.35,37.87,37.31,37.49,37.01,3237779,121705762.0,shares,0
2018-12-10,37.45,38.68,37.2,38.43,37.49,5038480,192771300.0,shares,0
2018-12-11,38.39,38.97,38.01,38.73,38.43,4864794,187693719.0,shares,0
2018-12-12,38.16,38.25,37.27,37.39,38.23,3771908,141891084.0,shares,0
2018-12-13,37.58,38.31,37.29,37.98,37.39,4121479,156136959.0,shares,0
2018-12-14,37.83,37.89,36.75,36.84,37.98,3899134,145187992.0,shares,0
2018-12-17,36.73,37.05,36.36,36.88,36.84,2156724,79195130.0,shares,0
2018-12-18,36.55,36.96,36.13,36.41,36.88,2051600,74871118.0,shares,0
2018-12-19,36.61,37.3,36.42,36.77,36.41,3252663,120134239.0,shares,0
2018-12-20,36.36,37.02,36.22,37.0,36.77,2404965,88383967.0,shares,0
2018-12-21,36.81,37.3,36.7,36.92,37.0,2750930,101830455.0,shares,0
2018-12-24,37.11,39.97,37.06,39.92,36.92,11465915,445134848.0,shares,0
2018-12-25,39.16,42.5,38.51,41.2,39.92,16649493,673247040.0,shares,0
2018-12-26,40.82,41.34,39.71,39.8,41.2,9620123,389235096.0,shares,0
2018-12-27,40.47,41.55,40.0,40.22,39.8,9798732,398965888.0,shares,0
2018-12-28,40.3,40.35,38.73,39.77,40.22,6664693,264695500.0,shares,0
2019-01-02,39.86,40.87,39.6,40.08,39.77,6023960,242603740.0,shares,0
2019-01-03,39.71,39.82,38.0,38.07,40.08,7519439,291613226.0,shares,0
2019-01-04,37.4,38.97,37.1,38.7,38.07,5952063,227811325.0,shares,0
2019-01-07,39.0,40.17,38.7,39.76,38.7,7077746,280349587.0,shares,0
2019-01-08,39.65,40.2,39.26,39.81,39.76,5918311,235974964.0,shares,0
2019-01-09,39.92,41.16,39.22,39.24,39.81,9254995,373271923.0,shares,0
2019-01-10,39.01,42.36,38.92,40.9,39.24,11648313,474533156.0,shares,0
2019-01-11,41.2,42.89,41.0,41.69,40.9,12255682,513241286.0,shares,0
2019-01-14,42.1,42.75,40.9,42.16,41.69,9419871,394249571.0,shares,0
2019-01-15,41.33,42.3,41.03,41.91,42.16,7100341,296503597.0,shares,0
2019-01-16,41.92,42.05,40.56,40.63,41.91,7005730,287855076.0,shares,0
2019-01-17,40.35,41.09,40.2,40.23,40.63,4139928,168271955.0,shares,0
2019-01-18,40.24,40.9,39.55,40.89,40.23,5528545,222469588.0,shares,0
2019-01-21,40.74,41.85,40.6,41.16,40.89,6293557,259983757.0,shares,0
2019-01-22,40.94,41.1,40.5,40.62,41.16,4024508,163951797.0,shares,0
2019-01-23,40.52,40.77,39.77,40.18,40.62,3555449,142629871.0,shares,0
2019-01-24,40.18,41.27,39.94,41.05,40.18,5598702,228321154.0,shares,0
2019-01-25,40.9,41.09,40.11,40.13,41.05,4560333,184933310.0,shares,0
2019-01-28,40.19,40.62,39.66,39.77,40.13,3951749,158232219.0,shares,0
2019-01-29,39.6,39.6,38.0,38.57,39.77,3982817,154346753.0,shares,0
2019-01-30,38.3,38.98,38.16,38.32,38.57,2158224,83357221.0,shares,0
2019-01-31,38.6,39.0,38.2,38.33,38.32,3175111,122599553.0,shares,0
2019-02-01,38.8,39.67,38.78,39.57,38.33,3108935,122111677.0,shares,0
2019-02-11,39.68,40.97,39.68,40.84,39.57,5436536,220316520.0,shares,0
2019-02-12,40.89,41.16,40.52,40.81,40.84,5312532,216555004.0,shares,0
2019-02-13,41.6,42.85,41.4,42.33,40.81,12234166,516132176.0,shares,0
2019-02-14,42.54,42.57,41.61,41.86,42.33,6977295,292877502.0,shares,0
2019-02-15,41.68,42.16,41.28,41.28,41.86,6162189,256864083.0,shares,0
2019-02-18,41.68,42.95,41.43,42.94,41.28,10373592,438624488.0,shares,0
2019-02-19,42.99,43.2,41.61,42.05,42.94,8554071,361677787.0,shares,0
2019-02-20,42.02,42.02,41.2,41.79,42.05,5210192,216826530.0,shares,0
2019-02-21,41.63,44.44,41.5,42.69,41.79,14756095,636050826.0,shares,0
2019-02-22,42.92,46.86,42.91,46.11,42.69,17814477,798907167.0,shares,0
2019-02-25,47.54,49.25,46.12,48.34,46.11,17056033,820806594.0,shares,0
2019-02-26,48.0,48.88,46.27,47.3,48.34,14122381,667431714.0,shares,0
2019-02-27,46.71,47.63,46.3,46.8,47.3,8106810,380830326.0,shares,0
2019-02-28,46.81,47.31,46.19,46.48,46.8,5711622,267077708.0,shares,0
2019-03-01,46.85,46.98,45.32,46.31,46.48,5530735,254347964.0,shares,0
2019-03-04,46.97,49.1,46.96,47.55,46.31,12726878,612072643.0,shares,0
2019-03-05,47.4,48.62,47.01,48.62,47.55,9582065,460187872.0,shares,0
2019-03-06,49.49,50.6,48.11,48.89,48.62,11700442,574278674.0,shares,0
2019-03-07,48.58,53.5,47.18,51.46,48.89,17238152,859920064.0,shares,0
2019-03-08,49.4,54.0,48.88,50.37,51.46,14610896,752866082.0,shares,0
2019-03-11,51.23,53.62,50.55,53.4,50.37,11478694,599528026.0,shares,0
2019-03-12,53.45,53.7,51.35,52.54,53.4,14933812,783975289.0,shares,0
2019-03-13,51.33,51.34,48.13,48.87,52.54,13633586,680001000.0,shares,0
2019-03-14,48.0,48.5,46.81,47.69,48.87,7614485,361627955.0,shares,0
2019-03-15,47.74,48.15,46.98,47.4,47.69,5810822,276777122.0,shares,0
2019-03-18,47.4,48.11,45.52,48.08,47.4,7904454,369354470.0,shares,0
2019-03-19,48.06,48.29,47.25,47.55,48.08,5669438,270325223.0,shares,0
2019-03-20,47.29,47.29,45.92,46.8,47.55,5921174,276207800.0,shares,0
2019-03-21,46.8,47.66,46.8,46.99,46.8,5314902,251191636.0,shares,0
2019-03-22,47.03,48.57,46.41,48.55,46.99,7650827,364028275.0,shares,0
2019-03-25,46.5,47.5,46.06,46.72,48.55,6270304,294739153.0,shares,0
2019-03-26,46.77,47.43,44.95,45.04,46.72,5564460,257010656.0,shares,0
2019-03-27,45.06,45.51,44.1,44.36,45.04,4630743,206426712.0,shares,0
2019-03-28,44.3,46.28,44.0,44.95,44.36,5878156,267118060.0,shares,0
2019-03-29,45.0,45.98,44.31,45.89,44.95,5177056,234931472.0,shares,0
2019-04-01,46.42,47.35,46.42,46.94,45.89,6548222,306901816.0,shares,0
2019-04-02,47.04,47.29,46.53,46.69,46.94,5924588,278114960.0,shares,0
2019-04-03,46.6,46.91,46.11,46.85,46.69,4479810,207885995.0,shares,0
2019-04-04,46.86,46.98,46.38,46.48,46.85,4624073,215493067.0,shares,0
2019-04-08,46.59,46.9,45.02,45.17,46.48,5730206,262771177.0,shares,0
2019-04-09,45.17,46.14,44.72,45.5,45.17,3778039,172295100.0,shares,0
2019-04-10,45.32,46.8,44.88,46.4,45.5,5192778,238178541.0,shares,0
2019-04-11,46.53,46.64,45.05,45.07,46.4,3693731,168269026.0,shares,0
2019-04-12,45.0,45.37,44.85,45.11,45.07,2256416,101606873.0,shares,0
2019-04-15,45.63,46.63,45.13,45.19,45.11,4088080,188125178.0,shares,0
2019-04-16,45.01,47.3,45.0,47.3,45.19,8348563,389153933.0,shares,0
2019-04-17,47.31,47.86,46.55,46.83,47.3,6163785,290460282.0,shares,0
2019-04-18,46.95,48.88,46.4,48.27,46.83,10233936,489354583.0,shares,0
2019-04-19,47.8,48.78,47.05,48.38,48.27,7736844,371466308.0,shares,0
2019-04-22,48.8,49.18,47.09,47.1,48.38,6738070,324965785.0,shares,0
2019-04-23,47.0,47.01,45.31,45.46,47.1,5744670,263502377.0,shares,0
2019-04-24,45.55,45.93,44.5,45.78,45.46,3939337,178248857.0,shares,0
2019-04-25,45.69,45.69,42.87,43.01,45.78,5914247,260964393.0,shares,0
2019-04-26,42.8,43.7,42.33,42.89,43.01,2967097,127938237.0,shares,0
2019-04-29,41.6,41.96,38.6,38.62,42.89,6982123,275061132.0,shares,0
2019-04-30,38.59,39.2,38.3,38.67,38.62,2561069,99284141.0,shares,0
2019-05-06,37.67,37.67,34.94,34.98,38.67,3937830,141388174.0,shares,0
2019-05-07,34.98,35.78,34.6,35.2,34.98,2642523,92873681.0,shares,0
2019-05-08,34.31,35.72,34.01,35.31,35.2,2709194,94999230.0,shares,0
2019-05-09,35.0,35.76,34.8,35.21,35.31,2001830,70785256.0,shares,0
2019-05-10,35.32,36.58,34.66,36.49,35.21,4015679,144834036.0,shares,0
2019-05-13,36.39,36.39,35.82,35.93,36.49,2517779,90868142.0,shares,0
2019-05-14,34.95,35.89,34.79,35.38,35.93,2011361,71389871.0,shares,0
2019-05-15,35.98,36.1,35.6,35.91,35.38,2360407,84731658.0,shares,0
2019-05-16,36.08,36.5,35.77,36.41,35.91,2849731,102866183.0,shares,0
2019-05-17,36.42,36.55,34.81,34.87,36.41,2746441,97867435.0,shares,0
2019-05-20,35.01,35.54,33.9,35.4,34.87,2313206,80442990.0,shares,0
2019-05-21,35.11,36.45,35.11,36.08,35.4,2529267,90774608.0,shares,0
2019-05-22,36.08,37.67,35.95,36.59,36.08,3906409,143970549.0,shares,0
2019-05-23,36.3,36.32,35.36,35.48,36.59,2283061,81614262.0,shares,0
2019-05-24,35.53,36.14,35.3,35.64,35.48,1483400,52851908.0,shares,0
2019-05-27,35.7,36.69,35.65,36.66,35.64,2741812,99669309.0,shares,0
2019-05-28,36.66,37.66,36.41,36.87,36.66,3552227,131791461.0,shares,0
2019-05-29,36.87,37.57,36.61,37.06,36.87,2909962,108009963.0,shares,0
2019-05-30,37.07,37.07,36.18,36.89,37.06,2326742,84954316.0,shares,0
2019-05-31,36.88,38.53,36.82,38.13,36.89,6066127,229675004.0,shares,0
2019-06-03,38.1,39.19,37.1,38.18,38.13,5220470,198259331.0,shares,0
2019-06-04,38.2,39.99,38.19,39.4,38.18,8159633,320605105.0,shares,0
2019-06-05,39.66,39.96,38.59,39.28,39.4,5394063,211935913.0,shares,0
2019-06-06,39.42,39.42,36.76,37.28,39.28,4298584,162132582.0,shares,0
2019-06-10,37.46,38.28,36.8,37.65,37.28,2901587,109817902.0,shares,0
2019-06-11,37.6,38.74,37.2,38.64,37.65,4156466,158352270.0,shares,0
2019-06-12,38.43,38.87,37.83,37.9,38.64,3750534,143532260.0,shares,0
2019-06-13,37.82,37.92,37.28,37.65,37.9,2478328,93200450.0,shares,0
2019-06-14,37.65,37.99,36.05,36.21,37.65,2964752,109626401.0,shares,0
2019-06-17,36.0,36.42,35.81,36.17,36.21,1594660,57601171.0,shares,0
2019-06-18,36.0,36.44,35.92,36.26,36.17,1368353,49522499.0,shares,0
2019-06-19,36.97,37.64,36.4,36.43,36.26,2473134,91350154.0,shares,0
2019-06-20,36.43,37.06,36.01,36.9,36.43,2612538,95666043.0,shares,0
2019-06-21,36.93,37.8,36.93,37.79,36.9,3565798,133669895.0,shares,0
2019-06-24,38.27,38.97,38.25,38.8,37.79,4756520,183562341.0,shares,0
2019-06-25,38.5,38.5,37.71,38.17,38.8,2692714,102409757.0,shares,0
2019-06-26,38.33,39.15,38.11,38.21,38.17,2991127,115516827.0,shares,0
2019-06-27,38.5,38.8,38.14,38.34,38.21,2982500,114594396.0,shares,0
2019-06-28,38.32,38.35,37.02,37.5,38.34,2403965,90323759.0,shares,0
2019-07-01,38.43,38.66,38.21,38.51,37.5,3673265,141362307.0,shares,0
2019-07-02,38.52,38.78,38.16,38.28,38.51,2718291,104489032.0,shares,0
2019-07-03,38.27,38.27,37.55,37.72,38.28,1948339,73595653.0,shares,0
2019-07-04,37.68,37.91,37.1,37.14,37.72,1746130,65254235.0,shares,0
2019-07-05,37.18,37.47,37.04,37.42,37.14,1294336,48253592.0,shares,0
2019-07-08,37.35,37.35,35.66,35.66,37.42,2940800,106203779.0,shares,0
2019-07-09,35.56,35.85,35.15,35.64,35.66,1394940,49592398.0,shares,0
2019-07-10,35.77,35.9,35.42,35.52,35.64,934800,33314903.0,shares,0
2019-07-11,35.64,35.88,35.2,35.28,35.52,1147801,40819203.0,shares,0
2019-07-12,35.13,35.53,35.0,35.35,35.28,1014603,35798026.0,shares,0
2019-07-15,35.2,35.95,35.02,35.91,35.35,1529644,54405012.0,shares,0
2019-07-16,35.88,36.37,35.7,36.21,35.91,1369804,49465225.0,shares,0
2019-07-17,36.2,36.45,35.91,36.01,36.21,1380902,50001778.0,shares,0
2019-07-18,36.0,36.0,35.08,35.09,36.01,1426300,50313149.0,shares,0
2019-07-19,35.2,35.49,34.63,34.65,35.09,1844665,64530578.0,shares,0
2019-07-22,34.8,34.83,33.44,33.46,34.65,2463864,83250099.0,shares,0
2019-07-23,33.33,34.35,33.33,34.35,33.46,1482841,50152759.0,shares,0
2019-07-24,34.36,35.3,34.35,34.98,34.35,2238223,78431751.0,shares,0
2019-07-25,34.86,35.27,34.84,35.23,34.98,1485668,52219242.0,shares,0
2019-07-26,35.0,35.08,34.55,35.04,34.98,1230408,42891174.0,shares,0
2019-07-29,35.0,35.39,34.58,34.73,35.04,1351607,47225466.0,shares,0
2019-07-30,34.76,35.19,34.76,34.81,34.73,1289680,45110744.0,shares,0
2019-07-31,34.69,35.22,34.46,34.84,34.81,1322894,46286984.0,shares,0
2019-08-01,34.65,35.08,34.36,34.91,34.84,1627012,56651392.0,shares,0
2019-08-02,34.3,34.3,33.6,33.88,34.91,2168508,73342308.0,shares,0
2019-08-05,33.64,34.4,33.6,33.66,33.88,1559912,53050941.0,shares,0
2019-08-06,33.0,33.0,31.48,32.09,33.66,2777865,89434260.0,shares,0
2019-08-07,32.2,32.5,31.9,32.1,32.09,1332065,42819550.0,shares,0
2019-08-08,32.12,32.43,32.07,32.18,32.1,1013300,32685412.0,shares,0
2019-08-09,32.4,32.58,31.65,31.68,32.18,1313400,42042262.0,shares,0
2019-08-12,31.81,32.28,31.58,32.27,31.68,1236336,39394135.0,shares,0
2019-08-13,31.91,32.25,31.7,31.9,32.27,889810,28420700.0,shares,0
2019-08-14,32.5,32.64,31.96,32.01,31.9,1394845,44937558.0,shares,0
2019-08-15,31.23,32.0,31.0,31.9,32.01,1611360,50779065.0,shares,0
2019-08-16,31.93,32.59,31.93,32.23,31.9,1751558,56575659.0,shares,0
2019-08-19,32.68,33.33,32.34,33.19,32.23,2550165,83881979.0,shares,0
2019-08-20,33.22,35.09,33.01,34.27,33.19,4725694,162041047.0,shares,0
2019-08-21,34.01,34.21,33.61,33.79,34.27,2264617,76590341.0,shares,0
2019-08-22,33.9,33.94,33.37,33.61,33.79,1909097,64037863.0,shares,0
2019-08-23,33.61,33.87,33.21,33.33,33.61,1409208,47146873.0,shares,0
2019-08-26,32.52,32.75,32.42,32.52,33.33,1686756,54948327.0,shares,0
2019-08-27,32.63,33.48,32.6,33.26,32.52,1826300,60669429.0,shares,0
2019-08-28,32.93,32.93,32.5,32.68,33.26,1810189,59133598.0,shares,0
2019-08-29,32.75,32.9,32.31,32.36,32.68,1645679,53622945.0,shares,0
2019-08-30,32.46,32.75,31.7,31.78,32.36,1795506,57896257.0,shares,0
2019-09-02,31.99,33.2,31.82,33.16,31.78,3217514,105481457.0,shares,0
2019-09-03,33.22,34.5,33.22,34.31,33.16,4815681,164281606.0,shares,0
2019-09-04,34.19,34.6,33.9,34.58,34.31,3750275,128656735.0,shares,0
2019-09-05,36.3,37.22,35.0,35.16,34.58,8195826,296414262.0,shares,0
2019-09-06,35.97,36.89,35.69,36.27,35.16,6990609,254092733.0,shares,0
2019-09-09,36.5,37.22,36.06,37.14,36.27,6048053,223079799.0,shares,0
2019-09-10,37.38,37.5,36.19,36.36,37.14,4056000,148360320.0,shares,0
2019-09-11,36.61,36.73,35.8,35.83,36.36,2982255,107703293.0,shares,0
2019-09-12,36.02,36.35,35.79,36.0,35.83,2448822,88180320.0,shares,0
2019-09-16,36.15,36.26,35.65,35.9,36.0,2233996,80519258.0,shares,0
2019-09-17,35.99,36.03,34.5,35.04,35.9,3483387,122310521.0,shares,0
2019-09-18,35.03,35.16,34.8,34.97,35.04,1612907,56451204.0,shares,0
2019-09-19,35.03,35.79,34.7,35.78,34.97,3212279,113996173.0,shares,0
2019-09-20,36.18,36.65,35.83,36.26,35.78,3508574,127257530.0,shares,0
2019-09-23,36.24,36.24,35.05,35.4,36.26,2517058,88918723.0,shares,0
2019-09-24,35.35,35.94,35.3,35.47,35.4,2247635,80140335.0,shares,0
2019-09-25,35.3,35.65,34.55,34.59,35.47,2585059,90210608.0,shares,0
2019-09-26,34.59,35.09,33.49,33.52,34.59,2466701,84295272.0,shares,0
2019-09-27,33.56,34.0,33.35,33.49,33.52,1719400,57874456.0,shares,0
2019-09-30,33.49,33.73,32.99,33.01,33.49,1354400,44941026.0,shares,0
2019-10-08,33.4,33.8,33.06,33.49,33.01,1650276,55264940.0,shares,0
2019-10-09,33.3,33.44,32.81,33.18,33.49,1339676,44348608.0,shares,0
2019-10-10,33.2,33.77,33.2,33.67,33.18,1655702,55541240.0,shares,0
2019-10-11,33.65,33.95,33.42,33.72,33.67,1402603,47280319.0,shares,0
2019-10-14,34.01,34.59,34.01,34.33,33.72,1905115,65484741.0,shares,0
2019-10-15,34.31,34.31,33.51,33.51,34.33,1509005,50886220.0,shares,0
2019-10-16,33.7,33.89,33.01,33.09,33.51,1270359,42362701.0,shares,0
2019-10-17,33.5,33.5,33.01,33.06,33.09,737157,24445986.0,shares,0
2019-10-18,33.06,33.48,32.8,32.8,33.06,1089764,36084490.0,shares,0
2019-10-21,32.44,32.7,31.88,32.25,32.8,876893,28237835.0,shares,0
2019-10-22,32.3,32.73,32.3,32.61,32.25,981030,31919402.0,shares,0
2019-10-23,32.55,34.15,32.5,33.5,32.61,2310834,77329931.0,shares,0
2019-10-24,33.19,33.5,32.8,32.92,33.5,1348470,44524845.0,shares,0
2019-10-25,32.9,33.14,32.56,33.0,32.92,939508,30873689.0,shares,0
2019-10-28,33.16,33.62,33.11,33.5,33.0,1501609,50136751.0,shares,0
2019-10-29,33.39,33.57,32.9,32.9,33.5,1180100,39157191.0,shares,0
2019-10-30,32.75,33.15,32.3,32.33,32.9,1090549,35582519.0,shares,0
2019-10-31,32.2,33.18,32.2,32.39,32.33,1307426,42825753.0,shares,0
2019-11-01,32.86,32.96,32.25,32.84,32.39,1132229,37066137.0,shares,0
2019-11-04,32.89,33.65,32.85,33.37,32.84,1884591,62925320.0,shares,0
2019-11-05,33.17,33.54,33.04,33.39,33.37,1489313,49599092.0,shares,0
2019-11-06,33.4,33.55,32.68,32.74,33.39,1335883,44057542.0,shares,0
2019-11-07,32.63,32.95,32.6,32.75,32.74,828700,27152660.0,shares,0
2019-11-08,32.83,33.14,32.69,32.8,32.75,912770,30031743.0,shares,0
2019-11-11,32.5,32.85,31.91,32.01,32.8,1269323,40926572.0,shares,0
2019-11-12,32.07,32.2,31.53,31.86,32.01,969281,30771050.0,shares,0
2019-11-13,31.79,31.88,31.4,31.51,31.86,938173,29549914.0,shares,0
2019-11-14,31.48,31.96,31.3,31.94,31.51,899148,28576780.0,shares,0
2019-11-15,31.94,32.02,31.42,31.49,31.94,847730,26877063.0,shares,0
2019-11-18,31.4,31.82,31.4,31.65,31.49,612070,19395673.0,shares,0
2019-11-19,31.78,32.22,31.67,32.2,31.65,1256594,40223975.0,shares,0
2019-11-20,32.3,32.38,31.9,31.9,32.2,794677,25506165.0,shares,0
2019-11-21,31.76,31.98,31.62,31.71,31.9,674870,21447515.0,shares,0
2019-11-22,31.65,32.4,31.59,31.85,31.71,1099478,35116601.0,shares,0
2019-11-25,31.9,32.29,31.8,32.05,31.85,856034,27384006.0,shares,0
2019-11-26,32.0,32.16,31.8,31.85,32.05,645684,20597142.0,shares,0
2019-11-27,31.85,31.9,31.25,31.3,31.85,1302563,41141605.0,shares,0
2019-11-28,31.3,31.5,31.21,31.26,31.3,790918,24768844.0,shares,0
2019-11-29,31.2,31.51,31.16,31.48,31.26,700735,21918853.0,shares,0
2019-12-02,31.48,31.7,31.18,31.26,31.48,658906,20686560.0,shares,0
2019-12-03,31.2,31.2,30.78,30.97,31.26,1166238,36065255.0,shares,0
2019-12-04,30.9,31.17,30.81,31.11,30.97,748023,23213407.0,shares,0
2019-12-05,31.06,31.48,31.05,31.42,31.11,1316416,41242610.0,shares,0
2019-12-06,31.56,32.38,31.39,32.09,31.42,2436267,77989258.0,shares,0
2019-12-09,32.2,32.2,31.81,31.88,32.09,1465690,46803979.0,shares,0
2019-12-10,31.76,32.56,31.76,32.44,31.88,2825210,91091895.0,shares,0
2019-12-11,32.29,32.56,32.06,32.11,32.44,1624128,52310177.0,shares,0
2019-12-12,32.11,32.43,32.05,32.12,32.11,1523630,49091196.0,shares,0
2019-12-13,32.4,32.44,32.14,32.26,32.12,1926283,62163865.0,shares,0
2019-12-16,32.37,32.86,32.33,32.77,32.26,2715560,88795280.0,shares,0
2019-12-17,32.8,33.64,32.78,33.27,32.77,3185183,106124186.0,shares,0
2019-12-18,33.2,33.59,32.96,33.02,33.27,2689524,89343369.0,shares,0
2019-12-19,33.0,33.2,32.84,32.93,33.02,1978221,65175131.0,shares,0
2019-12-20,32.98,33.03,32.5,32.5,32.93,1744673,57075386.0,shares,0
2019-12-23,32.57,32.71,32.06,32.08,32.5,2027900,65621212.0,shares,0
2019-12-24,32.21,32.32,32.01,32.27,32.08,1377848,44331952.0,shares,0
2019-12-25,32.28,32.48,32.05,32.23,32.27,1539257,49667450.0,shares,0
2019-12-26,32.15,32.44,32.11,32.36,32.23,1505760,48637982.0,shares,0
2019-12-27,32.4,32.97,32.38,32.68,32.36,3204416,104976141.0,shares,0
2019-12-30,32.78,33.25,32.48,33.24,32.68,3650506,120459414.0,shares,0
2019-12-31,33.24,33.53,32.81,33.03,33.24,2281066,75590317.0,shares,0
2020-01-02,33.33,33.65,33.06,33.63,33.03,3004743,100480900.0,shares,0
2020-01-03,33.64,33.68,33.26,33.4,33.63,2248477,75157612.0,shares,0
2020-01-06,33.15,33.61,33.0,33.33,33.4,2720632,90655895.0,shares,0
2020-01-07,33.32,33.93,33.19,33.91,33.33,3645715,122572148.0,shares,0
2020-01-08,34.4,35.41,34.36,34.42,33.91,7785408,271884469.0,shares,0
2020-01-09,35.08,35.96,34.6,35.83,34.42,7303268,258074582.0,shares,0
2020-01-10,35.62,35.93,35.36,35.46,35.83,4241522,150941820.0,shares,0
2020-01-13,35.12,35.3,34.57,35.05,35.46,4491313,156709070.0,shares,0
2020-01-14,35.0,35.0,34.6,34.61,35.05,3521541,122389854.0,shares,0
2020-01-15,34.67,34.94,34.5,34.94,34.61,2732946,95031599.0,shares,0
2020-01-16,34.9,35.25,34.7,34.71,34.94,3182979,111403059.0,shares,0
2020-01-17,34.65,34.91,34.14,34.33,34.71,3022959,104086543.0,shares,0
2020-01-20,34.28,35.43,34.2,35.3,34.33,3849748,134905988.0,shares,0
2020-01-21,35.09,35.64,34.66,34.7,35.3,2888757,101094855.0,shares,0
2020-01-22,34.33,34.75,33.96,34.6,34.7,3158463,108666325.0,shares,0
2020-01-23,34.0,34.22,32.0,32.88,34.6,4152549,139294589.0,shares,0
2020-02-03,29.59,29.59,29.59,29.59,32.88,724800,21446832.0,shares,0
2020-02-04,26.63,29.3,26.63,28.67,29.59,5279943,149524678.0,shares,0
2020-02-05,28.9,29.89,28.77,29.04,28.67,3854865,112890948.0,shares,0
2020-02-06,29.04,29.77,28.55,29.34,29.04,2941595,86168316.0,shares,0
2020-02-07,29.19,30.2,28.98,30.2,29.34,3388676,100199985.0,shares,0
2020-02-10,29.95,30.72,29.61,30.45,30.2,3011977,91251206.0,shares,0
2020-02-11,30.45,30.98,30.26,30.41,30.45,2494479,75948611.0,shares,0
2020-02-12,30.45,30.95,30.23,30.88,30.41,3020488,92421498.0,shares,0
2020-02-13,30.7,31.87,30.6,31.01,30.88,3527200,110634635.0,shares,0
2020-02-14,30.99,31.61,30.74,30.95,31.01,2931154,91313202.0,shares,0
2020-02-17,31.13,31.96,30.98,31.92,30.95,3719346,117531463.0,shares,0
2020-02-18,32.01,32.38,31.61,32.16,31.92,3490724,111681487.0,shares,0
2020-02-19,32.16,32.4,31.85,31.9,32.16,3478534,111731646.0,shares,0
2020-02-20,31.96,32.26,31.5,32.19,31.9,3403388,108844841.0,shares,0
2020-02-21,32.15,33.4,31.82,32.77,32.19,4069821,133728129.0,shares,0
2020-02-24,33.0,35.99,32.95,35.85,32.77,10950865,383598490.0,shares,0
2020-02-25,34.97,37.02,34.16,37.0,35.85,13756102,495496809.0,shares,0
2020-02-26,36.0,38.3,36.0,36.27,37.0,11690496,433735397.0,shares,0
2020-02-27,36.59,37.3,35.53,35.9,36.27,6196400,224060808.0,shares,0
2020-02-28,34.4,35.27,33.2,33.39,35.9,6149500,210697415.0,shares,0
2020-03-02,33.96,36.42,33.8,36.01,33.39,8222137,290010165.0,shares,0
2020-03-03,37.32,38.76,36.36,36.9,36.01,12480409,467899147.0,shares,0
2020-03-04,36.5,37.61,36.0,36.96,36.9,6827886,251556938.0,shares,0
2020-03-05,38.1,38.6,36.98,37.28,36.96,8018881,301649701.0,shares,0
2020-03-06,36.9,37.2,36.28,36.32,37.28,5152333,188531746.0,shares,0
2020-03-09,35.33,37.68,35.3,36.41,36.32,7846784,288258882.0,shares,0
2020-03-10,35.99,40.05,35.08,40.05,36.41,12389081,470843295.0,shares,0
2020-03-11,42.2,43.97,40.02,40.19,40.05,22481830,947829747.0,shares,0
2020-03-12,38.88,42.2,38.88,42.18,40.19,15436631,629210025.0,shares,0
2020-03-13,39.53,42.5,39.53,41.67,42.18,14388939,595314175.0,shares,0
2020-03-16,41.92,41.98,37.52,38.0,41.67,13105143,521040838.0,shares,0
2020-03-17,40.0,40.35,37.5,39.52,38.0,10048839,392929393.0,shares,0
2020-03-18,39.51,39.93,37.0,37.11,39.52,11426574,441578542.0,shares,0
2020-03-19,36.6,38.98,36.0,38.08,37.11,10214461,380801426.0,shares,0
2020-03-20,38.0,38.68,37.12,37.49,38.08,6480631,244550632.0,shares,0
2020-03-23,36.12,38.29,36.01,36.51,37.49,7183578,268685855.0,shares,0
2020-03-24,37.5,37.77,35.0,36.79,36.51,7802331,285552402.0,shares,0
2020-03-25,37.54,37.69,36.72,36.98,36.79,5876396,218362704.0,shares,0
2020-03-26,36.49,36.68,35.2,35.28,36.98,6304170,226175553.0,shares,0
2020-03-27,35.78,35.94,34.74,34.78,35.28,4731829,166670748.0,shares,0
2020-03-30,34.0,34.0,32.4,32.68,34.78,4979518,164325845.0,shares,0
2020-03-31,33.0,33.29,31.66,31.76,32.68,4874914,157680790.0,shares,0
2020-04-01,31.59,32.24,31.02,31.28,31.76,4090205,129701014.0,shares,0
2020-04-02,31.37,32.56,31.1,32.48,31.28,4280819,136554165.0,shares,0
2020-04-03,32.08,32.37,31.5,31.89,32.48,3258306,103936580.0,shares,0
2020-04-07,32.44,32.66,32.06,32.64,31.89,4476359,145371673.0,shares,0
2020-04-08,32.6,33.85,32.31,33.1,32.64,5346542,177268809.0,shares,0
2020-04-09,33.45,34.13,33.05,33.33,33.1,3846870,128708224.0,shares,0
2020-04-10,33.5,33.6,31.83,32.3,33.33,3236315,105417285.0,shares,0
2020-04-13,32.0,32.02,31.37,31.45,32.3,2399911,75797490.0,shares,0
2020-04-14,31.77,32.9,31.52,32.53,31.45,3357683,107849139.0,shares,0
2020-04-15,32.4,32.96,32.12,32.2,32.53,2511251,81427729.0,shares,0
2020-04-16,32.03,32.37,31.58,32.11,32.2,2088767,66896475.0,shares,0
2020-04-17,32.3,32.85,32.06,32.08,32.11,3593202,116602876.0,shares,0
2020-04-20,32.26,32.9,32.19,32.81,32.08,2856091,93152948.0,shares,0
2020-04-21,32.4,33.07,32.35,32.92,32.81,3043368,99609885.0,shares,0
2020-04-22,32.58,32.86,32.33,32.7,32.92,2465173,80225700.0,shares,0
2020-04-23,32.72,32.82,31.8,31.82,32.7,3171249,101925687.0,shares,0
2020-04-24,31.85,32.37,31.27,31.55,31.82,2551664,81044449.0,shares,0
2020-04-27,31.58,32.17,31.3,31.7,31.55,2029383,64399160.0,shares,0
2020-04-28,31.74,31.74,29.46,30.7,31.7,3098283,94763295.0,shares,0
2020-04-29,30.23,30.7,29.94,30.32,30.7,1888614,57367107.0,shares,0
2020-04-30,30.5,31.78,30.0,31.58,30.32,3260703,101935344.0,shares,0
2020-05-06,31.37,32.1,31.05,32.1,31.58,3609225,113971483.0,shares,0
2020-05-07,32.41,32.99,32.01,32.03,32.1,3854687,124972078.0,shares,0
2020-05-08,32.44,32.78,32.01,32.38,32.03,3480035,112915499.0,shares,0
2020-05-11,32.46,33.35,32.4,32.73,32.38,4887472,160864004.0,shares,0
2020-05-12,32.7,32.93,31.85,32.48,32.73,2947705,95185606.0,shares,0
2020-05-13,32.25,32.6,32.06,32.2,32.48,1802467,58107843.0,shares,0
2020-05-14,32.0,32.32,31.65,31.68,32.2,2022410,64511785.0,shares,0
2020-05-15,31.66,32.2,31.44,31.59,31.68,2298249,72874112.0,shares,0
2020-05-18,31.6,31.85,30.78,31.16,31.59,2770154,86632448.0,shares,0
2020-05-19,31.47,31.58,31.0,31.26,31.16,1708759,53449800.0,shares,0
2020-05-20,31.27,31.88,30.82,31.48,31.26,2625279,82167713.0,shares,0
2020-05-21,31.48,31.98,31.18,31.47,31.48,2464434,77749388.0,shares,0
2020-05-22,31.37,31.81,30.75,30.79,31.47,2275928,70995301.0,shares,0
2020-05-25,30.54,30.54,28.9,29.3,30.79,3588856,106032953.0,shares,0
2020-05-26,29.35,29.71,29.35,29.52,29.3,1793658,52902158.0,shares,0
2020-05-27,29.63,29.76,29.44,29.64,29.52,1428806,42232430.0,shares,0
2020-05-28,29.5,29.95,29.3,29.78,29.64,1589378,47155283.0,shares,0
2020-05-29,29.45,29.9,29.45,29.73,29.78,1401847,41592525.0,shares,0
2020-06-01,29.75,30.53,29.74,30.38,29.73,2492299,75497142.0,shares,0
2020-06-02,30.45,30.9,30.2,30.79,30.38,1880030,57557016.0,shares,0
2020-06-03,30.87,31.31,30.44,30.68,30.79,2681207,82731049.0,shares,0
2020-06-04,30.68,30.85,30.18,30.2,30.68,1656300,50376502.0,shares,0
2020-06-05,30.62,31.18,30.31,30.59,30.2,2121755,65160940.0,shares,0
2020-06-08,30.8,31.16,30.45,30.5,30.59,1595500,49092618.0,shares,0
2020-06-09,30.71,30.73,30.28,30.51,30.5,1119191,34119782.0,shares,0
2020-06-10,30.6,30.6,30.0,30.22,30.51,1429218,43135005.0,shares,0
2020-06-11,30.45,30.66,30.07,30.25,30.22,1691433,51356324.0,shares,0
2020-06-12,29.79,30.77,29.37,30.63,30.25,2775883,83921227.0,shares,0
2020-06-15,30.39,31.0,30.3,30.78,30.63,2372572,72994276.0,shares,0
2020-06-16,30.88,31.27,30.88,31.15,30.78,1895054,59009653.0,shares,0
2020-06-17,31.27,31.36,30.68,30.85,31.15,1779507,54972281.0,shares,0
2020-06-18,30.85,31.42,30.63,31.18,30.85,2244443,69771401.0,shares,0
2020-06-19,31.3,31.44,31.07,31.23,31.18,1960387,61230944.0,shares,0
2020-06-22,31.01,31.53,30.96,31.0,31.23,2194288,68329575.0,shares,0
2020-06-23,31.07,31.1,30.03,30.6,31.0,1530701,46919322.0,shares,0
2020-06-24,30.65,32.0,30.61,31.4,30.6,4229783,133474030.0,shares,0
2020-06-29,31.36,31.36,30.27,30.62,31.4,2491982,76576355.0,shares,0
2020-06-30,30.78,31.2,30.66,30.81,30.62,1661305,51375578.0,shares,0
2020-07-01,30.89,30.98,30.41,30.63,30.81,1826762,55895001.0,shares,0
2020-07-02,30.65,31.13,30.45,31.06,30.63,2634517,81394822.0,shares,0
2020-07-03,31.06,31.55,31.06,31.54,31.06,3230601,101212200.0,shares,0
2020-07-06,31.95,32.99,31.94,32.79,31.54,5411069,175772767.0,shares,0
2020-07-07,33.01,33.96,32.85,33.09,32.79,5777657,193180116.0,shares,0
2020-07-08,33.0,33.55,32.78,33.46,33.09,4463502,148382093.0,shares,0
2020-07-09,33.51,35.3,33.46,34.46,33.46,6717677,230292396.0,shares,0
2020-07-10,34.0,34.65,33.56,33.68,34.46,4642509,158080210.0,shares,0
2020-07-13,33.9,34.8,33.7,34.67,33.68,5059263,174286099.0,shares,0
2020-07-14,35.2,35.79,33.8,34.37,34.67,6268609,218451583.0,shares,0
2020-07-15,34.5,34.69,32.86,32.9,34.37,5131341,171590762.0,shares,0
2020-07-16,32.83,33.28,31.75,31.76,32.9,3662567,118880802.0,shares,0
2020-07-17,31.65,32.2,31.63,32.0,31.76,2467829,78798247.0,shares,0
2020-07-20,32.35,32.5,31.8,32.49,32.0,2368804,76372646.0,shares,0
2020-07-21,32.5,32.65,31.98,32.17,32.49,2315716,74744781.4,shares,0
2020-07-22,32.25,33.45,32.04,32.82,32.17,4120426,135505606.24,shares,0
2020-07-23,32.7,32.7,31.65,32.06,32.82,3693561,118506431.2,shares,0
2020-07-24,31.95,32.37,30.65,30.89,32.06,3067656,96545413.61,shares,0
2020-07-27,30.88,31.14,30.4,30.92,30.89,1573429,48482995.53,shares,0
2020-07-28,31.17,31.55,30.92,31.16,30.92,1294622,40416620.88,shares,0
2020-07-29,31.15,31.73,30.84,31.64,31.16,1707680,53634873.8,shares,0
2020-07-30,31.66,32.02,31.24,31.26,31.64,1544330,48673578.0,shares,0
2020-07-31,31.35,31.67,31.0,31.25,31.26,1837886,57546484.31,shares,0
2020-08-03,31.48,31.98,31.25,31.97,31.25,2717489,86329976.3,shares,0
2020-08-04,32.0,32.08,31.39,31.53,31.97,2178407,68863262.33,shares,0
2020-08-05,31.57,31.7,31.25,31.53,31.53,1943678,61222228.52,shares,0
2020-08-06,31.4,31.51,30.8,31.1,31.53,2332536,72496031.35,shares,0
2020-08-07,31.15,31.2,30.16,30.34,31.1,2722436,83131500.22,shares,0
2020-08-10,30.3,31.16,30.3,30.88,30.34,1898219,58704482.54,shares,0
2020-08-11,30.76,31.19,30.55,30.87,30.88,2182433,67340486.59,shares,0
2020-08-12,30.87,31.23,30.41,31.23,30.87,1856678,57155951.75,shares,0
2020-08-13,31.24,31.66,31.24,31.5,31.23,1953586,61511886.46,shares,0
2020-08-14,31.69,31.69,30.81,30.91,31.18,1550604,48051830.09,shares,0
2020-08-17,30.98,31.32,30.7,31.16,30.91,1791011,55620873.28,shares,0
2020-08-18,31.06,31.44,31.06,31.3,31.16,1636854,51201583.8,shares,0
2020-08-19,31.22,31.3,30.63,30.75,31.3,1811600,55903365.9,shares,0
2020-08-20,30.61,30.96,30.47,30.75,30.75,1463817,44997917.05,shares,0
2020-08-21,30.78,31.04,30.7,30.85,30.75,1093676,33722363.66,shares,0
2020-08-24,30.92,31.09,30.66,31.06,30.85,1299211,40204568.48,shares,0
2020-08-25,31.06,31.27,30.9,31.05,31.06,914200,28357039.0,shares,0
2020-08-26,31.05,31.05,30.5,30.53,31.05,1271367,39061853.1,shares,0
2020-08-27,30.53,30.92,30.22,30.85,30.53,1002200,30803228.0,shares,0
2020-08-28,30.92,30.92,30.39,30.87,30.85,1225542,37630561.38,shares,0
2020-08-31,31.5,32.26,31.5,31.78,30.87,3707458,118299135.84,shares,0
2020-09-01,31.95,32.28,31.57,32.03,31.78,2147706,68699672.42,shares,0
2020-09-02,32.14,32.42,31.75,31.83,32.03,1739399,55692702.44,shares,0
2020-09-03,31.83,31.98,31.34,31.5,31.83,1444351,45600598.61,shares,0
2020-09-04,31.0,31.47,30.92,31.3,31.5,1439993,44946210.32,shares,0
2020-09-07,31.41,31.75,31.13,31.21,31.3,1502041,47215056.53,shares,0
2020-09-08,31.45,31.48,30.9,31.35,31.21,1308605,40843552.51,shares,0
2020-09-09,31.02,31.37,30.57,31.12,31.35,1852506,57485392.99,shares,0
2020-09-10,31.3,31.35,30.46,30.51,31.12,1713400,52814483.0,shares,0
2020-09-11,30.23,30.8,30.2,30.59,30.51,1130655,34525228.42,shares,0
2020-09-14,30.61,31.1,30.43,30.82,30.59,959154,29521688.44,shares,0
2020-09-15,30.84,30.95,30.39,30.55,30.82,780142,23840905.72,shares,0
2020-09-16,30.49,30.74,30.41,30.47,30.55,622402,19005051.16,shares,0
2020-09-17,30.3,30.88,30.3,30.68,30.47,800548,24503955.2,shares,0
2020-09-18,30.86,31.29,30.61,31.16,30.68,1304839,40513376.35,shares,0
2020-09-21,32.0,32.0,31.17,31.4,31.16,1279270,40210048.22,shares,0
2020-09-22,31.12,31.34,30.85,30.87,31.4,845000,26282833.0,shares,0
2020-09-23,31.01,31.19,30.66,30.74,30.87,622519,19182839.9,shares,0
2020-09-24,30.59,30.74,30.3,30.4,30.74,729284,22174231.92,shares,0
2020-09-25,30.38,30.6,30.12,30.48,30.4,638221,19351979.88,shares,0
2020-09-28,30.5,30.7,29.3,29.41,30.48,1414808,42289983.01,shares,0
2020-09-29,29.71,29.88,29.35,29.45,29.41,740900,21941385.07,shares,0
2020-09-30,29.41,29.65,28.98,29.09,29.45,776582,22704874.12,shares,0
2020-10-09,29.45,29.98,29.45,29.74,29.09,866891,25854877.16,shares,0
2020-10-12,29.8,30.61,29.8,30.53,29.74,1192475,36189638.54,shares,0
2020-10-13,30.48,30.73,30.36,30.5,30.53,875539,26725222.92,shares,0
2020-10-14,30.49,30.63,30.12,30.25,30.5,726306,21988176.44,shares,0
2020-10-15,30.25,30.47,30.1,30.21,30.25,700603,21174170.57,shares,0
2020-10-16,30.02,30.31,29.62,29.83,30.21,837100,24967512.73,shares,0
2020-10-19,30.3,30.68,29.78,30.08,29.83,1212187,36603078.02,shares,0
2020-10-20,30.0,30.0,29.59,29.9,30.08,820223,24396201.43,shares,0
2020-10-21,29.8,29.98,29.4,29.63,29.9,724292,21417614.88,shares,0
2020-10-22,29.63,29.73,29.3,29.51,29.63,711708,20996806.19,shares,0
2020-10-23,29.51,29.94,29.51,29.57,29.51,608800,18092209.0,shares,0
2020-10-26,29.59,29.59,29.11,29.2,29.57,871171,25487304.37,shares,0
2020-10-27,29.15,29.34,29.07,29.26,29.2,528012,15419921.72,shares,0
2020-10-28,29.36,29.36,28.71,29.31,29.26,868286,25230315.58,shares,0
2020-10-29,29.12,29.29,28.91,29.2,29.31,574610,16724257.1,shares,0
2020-10-30,30.0,30.12,28.75,29.11,29.2,1107200,32431187.87,shares,0
2020-11-02,28.7,29.01,27.5,27.64,29.11,2045630,57359491.96,shares,0
2020-11-03,27.88,28.18,27.65,27.96,27.64,944293,26402681.63,shares,0
2020-11-04,27.89,28.17,27.55,27.71,27.96,1088779,30258094.39,shares,0
2020-11-05,27.9,28.88,27.61,28.77,27.71,1969189,55946385.44,shares,0
2020-11-06,28.83,29.25,28.7,28.88,28.77,1223315,35363016.54,shares,0
2020-11-09,29.0,29.73,29.0,29.27,28.88,1755260,51637821.2,shares,0
2020-11-10,29.58,29.58,28.7,28.8,29.27,1202200,34774028.0,shares,0
2020-11-11,28.75,28.8,28.28,28.35,28.8,834400,23701176.0,shares,0
2020-11-12,28.5,28.61,28.04,28.14,28.35,856600,24192184.0,shares,0
2020-11-13,28.1,28.1,27.8,28.02,28.14,813229,22710432.5,shares,0
2020-11-16,28.02,28.36,27.97,28.2,28.02,578712,16325773.16,shares,0
2020-11-17,28.28,28.44,28.15,28.42,28.2,721315,20406574.4,shares,0
2020-11-18,28.3,28.66,28.26,28.42,28.42,755112,21478395.36,shares,0
2020-11-19,28.35,28.48,28.12,28.42,28.42,607692,17220115.04,shares,0
2020-11-20,28.42,28.65,28.4,28.62,28.42,764080,21803037.6,shares,0
2020-11-23,28.63,28.92,28.5,28.73,28.62,1102111,31589970.07,shares,0
2020-11-24,28.75,29.18,28.63,29.14,28.73,1120024,32456955.54,shares,0
2020-11-25,29.14,29.65,28.85,29.11,29.14,1453202,42479258.55,shares,0
2020-11-26,29.07,29.74,29.01,29.55,29.11,1606696,47327117.28,shares,0
2020-11-27,29.71,29.71,28.82,29.24,29.55,1036071,30273639.1,shares,0
2020-11-30,29.6,29.65,28.76,28.76,29.24,1388847,40259728.18,shares,0
2020-12-01,28.76,29.08,28.68,28.9,28.76,924591,26782858.28,shares,0
2020-12-02,28.9,29.61,28.6,29.26,28.9,2106459,61155507.94,shares,0
2020-12-03,29.3,29.3,28.8,28.85,29.26,1137653,32909616.33,shares,0
2020-12-04,28.84,28.96,28.61,28.7,28.85,759069,21797782.96,shares,0
2020-12-07,28.69,28.8,28.33,28.38,28.7,837000,23820913.94,shares,0
2020-12-08,28.4,28.55,28.29,28.43,28.38,619892,17612694.64,shares,0
2020-12-09,28.43,28.44,27.82,27.85,28.43,1220159,34219731.97,shares,0
2020-12-10,27.68,28.23,27.68,28.21,27.85,724529,20347199.93,shares,0
2020-12-11,28.18,28.76,27.87,28.39,28.21,1340400,37910612.48,shares,0
2020-12-14,28.45,28.63,28.12,28.3,28.39,670566,18984825.47,shares,0
2020-12-15,28.22,28.47,27.93,28.27,28.3,660381,18610888.35,shares,0
2020-12-16,28.28,28.45,27.72,27.82,28.27,561465,15701947.65,shares,0
2020-12-17,27.7,28.02,27.35,27.98,27.82,885150,24579044.0,shares,0
2020-12-18,28.0,28.0,27.51,27.58,27.98,680436,18827158.95,shares,0
2020-12-21,27.85,27.98,27.51,27.93,27.58,794107,22107896.16,shares,0
2020-12-22,27.8,27.91,27.35,27.44,27.93,982729,27071947.55,shares,0
2020-12-23,27.5,27.5,27.0,27.03,27.44,898402,24443226.22,shares,0
2020-12-24,27.0,27.06,26.5,26.52,27.03,1086400,28997678.0,shares,0
2020-12-25,26.52,26.89,26.21,26.7,26.52,684765,18218084.49,shares,0
2020-12-28,27.0,27.0,26.05,26.07,26.7,769443,20265725.86,shares,0
2020-12-29,26.15,27.56,26.11,27.36,26.07,1803934,49028165.44,shares,0
2020-12-30,27.35,27.36,26.9,26.98,27.36,819725,22183622.54,shares,0
2020-12-31,26.82,27.37,26.82,27.04,26.98,812554,22010383.09,shares,0
2021-01-04,27.05,27.4,26.88,27.32,27.04,1178826,31982105.06,shares,0
2021-01-05,27.19,27.19,26.8,26.91,27.32,1144829,30801266.73,shares,0
2021-01-06,26.93,26.95,26.3,26.41,26.91,1087012,28803166.86,shares,0
2021-01-07,26.4,26.4,26.05,26.09,26.41,1013545,26475124.63,shares,0
2021-01-08,26.1,26.7,26.07,26.46,26.09,955216,25313607.32,shares,0
2021-01-11,26.47,26.75,26.16,26.22,26.46,964780,25481514.46,shares,0
2021-01-12,26.22,26.8,26.17,26.37,26.22,817904,21579029.2,shares,0
2021-01-13,26.26,26.5,25.53,25.75,26.37,1497452,38626323.38,shares,0
2021-01-14,26.11,26.93,25.75,26.45,25.75,1508007,39767350.6,shares,0
2021-01-15,26.45,26.73,26.21,26.35,26.45,929200,24580798.0,shares,0
2021-01-18,26.35,26.7,26.0,26.41,26.35,882100,23304926.76,shares,0
2021-01-19,26.4,26.8,26.21,26.66,26.41,1149850,30554750.8,shares,0
2021-01-20,26.76,26.76,26.31,26.5,26.66,787790,20835031.53,shares,0
2021-01-21,26.5,26.53,26.21,26.36,26.5,765627,20184528.26,shares,0
2021-01-22,26.24,26.36,25.62,25.66,26.36,1425390,36770975.67,shares,0
2021-01-25,25.58,25.58,24.7,24.81,25.66,1664600,41726260.68,shares,0
2021-01-26,25.09,25.1,24.81,24.89,24.81,936600,23337626.0,shares,0
2021-01-27,24.9,25.38,24.81,24.97,24.89,763695,19131844.65,shares,0
2021-01-28,24.9,25.12,24.5,24.67,24.97,980166,24180325.66,shares,0
2021-01-29,24.52,24.76,23.25,23.62,24.67,1551029,37101823.15,shares,0
2021-02-01,23.48,23.97,23.22,23.55,23.62,1030980,24200385.92,shares,0
2021-02-02,23.65,23.7,22.76,22.86,23.55,1550000,35703580.08,shares,0
2021-02-03,22.76,22.97,22.0,22.37,22.86,1838301,41040523.04,shares,0
2021-02-04,22.37,22.38,21.66,22.02,22.37,1348100,29650555.0,shares,0
2021-02-05,22.26,22.86,21.72,21.72,22.02,1141100,25319606.0,shares,0
2021-02-08,21.72,22.15,21.6,21.63,21.72,886384,19344076.48,shares,0
2021-02-09,21.66,22.07,21.37,21.87,21.63,906968,19746469.73,shares,0
2021-02-10,21.87,22.03,21.66,22.02,21.87,1008900,22117411.0,shares,0
2021-02-18,22.2,22.69,22.07,22.57,22.02,1137730,25605433.87,shares,0
2021-02-19,22.65,23.28,22.4,23.21,22.57,1420000,32704773.0,shares,0
2021-02-22,23.25,23.9,23.25,23.39,23.21,1484400,34959858.0,shares,0
2021-02-23,23.29,23.54,22.93,23.12,23.39,770100,17858864.0,shares,0
2021-02-24,23.12,23.48,22.99,23.25,23.12,1001065,23282463.2,shares,0
2021-02-25,23.54,23.54,22.92,23.02,23.25,762132,17576084.35,shares,0
2021-02-26,22.78,25.3,22.76,24.71,23.02,3411661,82280466.63,shares,0
2021-03-01,25.0,25.01,24.47,24.65,24.71,1689901,41712365.15,shares,0
2021-03-02,24.8,24.8,24.08,24.24,24.65,1184500,28766088.0,shares,0
2021-03-03,24.19,24.49,23.87,24.35,24.24,1005018,24241510.66,shares,0
2021-03-04,24.4,24.42,23.8,23.88,24.35,989300,23783567.0,shares,0
2021-03-05,23.71,24.48,23.7,24.31,23.88,1252061,30363112.39,shares,0
2021-03-08,24.21,24.65,24.05,24.12,24.31,1026444,24971577.8,shares,0
2021-03-09,24.12,24.7,23.68,24.26,24.12,1543928,37399264.22,shares,0
2021-03-10,24.27,24.48,23.73,23.89,24.26,838100,20103243.96,shares,0
2021-03-11,23.73,23.96,23.61,23.89,23.89,764310,18190974.64,shares,0
2021-03-12,23.89,23.94,23.18,23.2,23.89,1056944,24682315.84,shares,0
2021-03-15,23.2,23.36,22.9,22.98,23.2,583759,13453727.85,shares,0
2021-03-16,22.92,23.55,22.92,23.34,22.98,610837,14210619.67,shares,0
2021-03-17,23.1,23.48,23.03,23.19,23.34,528407,12282498.49,shares,0
2021-03-18,23.27,23.3,23.08,23.12,23.19,455556,10545932.59,shares,0
2021-03-19,23.0,23.24,22.93,23.15,23.12,580102,13377313.05,shares,0
2021-03-22,23.15,23.66,23.04,23.45,23.15,748114,17482196.39,shares,0
2021-03-23,24.15,24.2,23.5,23.76,23.45,1238081,29518109.57,shares,0
2021-03-24,23.42,23.8,23.42,23.65,23.76,876018,20643092.94,shares,0
2021-03-25,23.51,25.56,23.4,24.47,23.65,2014250,49159695.74,shares,0
2021-03-26,24.44,24.44,23.8,24.15,24.47,1334340,32149336.01,shares,0
2021-03-29,23.79,24.01,23.65,23.87,24.15,1105923,26281666.33,shares,0
2021-03-30,23.8,23.81,23.24,23.29,23.87,925423,21663983.94,shares,0
2021-03-31,23.25,23.57,23.18,23.47,23.29,607600,14175177.0,shares,0
2021-04-01,23.44,23.55,23.25,23.39,23.47,554100,12957642.46,shares,0
2021-04-02,23.39,23.56,23.28,23.44,23.39,559221,13097690.21,shares,0
2021-04-06,23.44,23.81,23.44,23.7,23.44,680209,16109738.59,shares,0
2021-04-07,23.73,24.19,23.63,24.17,23.7,1353007,32428383.54,shares,0
2021-04-08,24.22,24.4,23.9,23.91,24.17,1186253,28567041.48,shares,0
2021-04-09,23.92,24.05,23.7,23.86,23.91,680768,16235240.44,shares,0
2021-04-12,23.6,24.38,23.6,24.2,23.86,1138681,27481102.56,shares,0
2021-04-13,24.13,24.48,23.8,23.9,24.2,868547,20892356.03,shares,0
2021-04-14,23.75,24.2,23.68,24.0,23.9,566936,13595640.88,shares,0
2021-04-15,24.0,24.33,23.85,24.32,24.0,919942,22220821.37,shares,0
2021-04-16,24.31,24.7,24.12,24.56,24.32,1101320,26963020.46,shares,0
2021-04-19,24.65,24.73,24.33,24.53,24.56,988751,24266986.03,shares,0
2021-04-20,24.46,24.65,24.17,24.33,24.53,836955,20473460.1,shares,0
2021-04-21,24.26,24.33,24.01,24.12,24.33,686829,16600947.63,shares,0
2021-04-22,24.12,24.45,24.03,24.44,24.12,785765,19051667.72,shares,0
2021-04-23,24.39,24.39,23.81,23.89,24.44,850012,20415766.25,shares,0
2021-04-26,23.9,24.28,23.62,23.63,23.89,750558,17856597.75,shares,0
2021-04-27,23.6,23.97,22.98,22.98,23.63,1057676,24518809.79,shares,0
2021-04-28,22.93,23.1,22.51,23.0,22.98,657608,15006565.87,shares,0
2021-04-29,23.15,23.5,22.84,23.3,23.0,656416,15266606.4,shares,0
2021-04-30,23.4,23.58,22.56,22.86,23.3,1020682,23493263.37,shares,0
2021-05-06,22.78,23.35,22.75,23.09,22.86,639893,14772544.06,shares,0
2021-05-07,23.09,23.81,23.04,23.64,23.09,1158769,27294391.73,shares,0
2021-05-10,23.62,23.62,23.24,23.33,23.64,678456,15853849.76,shares,0
2021-05-11,23.19,23.55,23.15,23.2,23.33,615739,14322737.69,shares,0
2021-05-12,23.3,23.56,22.94,23.49,23.2,770082,17961202.5,shares,0
2021-05-13,23.45,23.88,23.2,23.69,23.49,903589,21406341.05,shares,0
2021-05-14,23.53,23.86,23.51,23.81,23.69,668100,15843300.0,shares,0
2021-05-17,23.88,24.25,23.7,23.87,23.81,1133743,27217301.99,shares,0
2021-05-18,23.93,24.35,23.88,24.02,23.87,895494,21618928.25,shares,0
2021-05-19,24.09,24.24,23.73,23.75,24.02,582100,13903468.0,shares,0
2021-05-20,23.76,24.18,23.7,23.95,23.75,691981,16567862.52,shares,0
2021-05-21,23.95,24.19,23.87,24.0,23.95,663241,15933993.73,shares,0
2021-05-24,24.08,24.49,23.92,24.28,24.0,1014697,24664159.17,shares,0
2021-05-25,24.28,24.49,24.16,24.29,24.28,638001,15496876.95,shares,0
2021-05-26,24.29,24.46,24.05,24.09,24.29,958773,23190383.57,shares,0
2021-05-27,24.1,24.34,24.06,24.08,24.09,772885,18675276.47,shares,0
2021-05-28,24.22,24.27,23.88,24.07,24.08,736524,17690071.28,shares,0
2021-05-31,24.08,24.9,24.03,24.79,24.07,2175045,53417879.64,shares,0
2021-06-01,24.98,25.3,24.63,24.84,24.79,1596116,39843084.81,shares,0
2021-06-02,24.7,24.85,24.22,24.27,24.84,1035660,25334401.87,shares,0
2021-06-03,24.48,25.23,24.3,24.97,24.27,1827750,45502412.5,shares,0
2021-06-04,24.8,25.17,24.57,24.7,24.97,1252883,31017860.43,shares,0
2021-06-07,24.69,24.89,24.6,24.62,24.7,900970,22258069.27,shares,0
2021-06-08,24.62,24.75,24.35,24.46,24.62,909966,22297119.16,shares,0
2021-06-09,24.45,24.75,24.16,24.25,24.46,1177614,28768205.53,shares,0
2021-06-10,24.44,24.96,24.13,24.88,24.25,1730291,42508327.95,shares,0
2021-06-11,25.05,25.08,23.6,24.23,24.88,2976192,72162633.74,shares,0
2021-06-15,23.82,24.04,23.31,23.57,24.23,1778540,42042094.19,shares,0
2021-06-16,23.67,23.88,23.4,23.55,23.57,1055141,24884241.26,shares,0
2021-06-17,23.55,24.08,23.42,23.99,23.55,1416838,33782455.16,shares,0
2021-06-18,23.97,25.95,23.82,25.73,23.99,5172538,130374452.93,shares,0
2021-06-21,25.89,25.9,25.06,25.16,25.73,3068426,77815210.71,shares,0
2021-06-22,25.21,25.31,24.83,24.88,25.16,1874200,46860477.85,shares,0
2021-06-23,24.81,25.25,24.7,25.08,24.88,1711241,42760426.33,shares,0
2021-06-24,25.2,25.21,24.58,24.68,25.08,1519074,37576801.82,shares,0
2021-06-25,24.75,24.85,24.5,24.65,24.68,1330768,32817007.83,shares,0
2021-06-28,24.71,24.74,24.1,24.2,24.65,1796486,43685189.96,shares,0
2021-06-29,24.19,24.33,24.02,24.11,24.2,979771,23656956.62,shares,0
2021-06-30,24.11,24.49,24.05,24.36,24.11,979191,23787890.8,shares,0
2021-07-01,24.42,24.42,23.82,23.92,24.36,1059100,25513165.0,shares,0
2021-07-02,23.94,24.08,23.51,23.67,23.92,939012,22235858.96,shares,0
2021-07-05,23.71,23.96,23.67,23.8,23.67,668422,15914690.31,shares,0
2021-07-06,23.8,24.05,23.62,23.87,23.8,694110,16583026.5,shares,0
2021-07-07,23.78,23.96,23.62,23.85,23.87,608354,14455615.38,shares,0
2021-07-08,23.72,23.91,23.31,23.41,23.85,1187702,27895308.8,shares,0
2021-07-09,23.21,23.6,23.1,23.31,23.41,691833,16127371.22,shares,0
2021-07-12,23.53,24.07,23.4,24.0,23.31,1533669,36550574.5,shares,0
2021-07-13,24.03,24.09,23.82,23.91,24.0,801862,19174267.8,shares,0
2021-07-14,23.82,23.99,23.7,23.74,23.91,830598,19798825.26,shares,0
2021-07-15,23.71,23.88,23.45,23.45,23.74,764100,17968340.06,shares,0
2021-07-16,23.45,24.06,23.36,24.06,23.45,1244566,29653229.46,shares,0
2021-07-19,23.9,23.92,23.45,23.82,24.06,1087956,25755982.28,shares,0
2021-07-20,23.82,23.97,23.56,23.79,23.82,759380,18011879.8,shares,0
2021-07-21,23.9,24.45,23.75,24.31,23.79,2091217,50570784.14,shares,0
2021-07-22,24.46,24.71,24.27,24.41,24.31,1804041,44150209.59,shares,0
2021-07-23,24.67,24.78,24.22,24.35,24.41,1530550,37408463.98,shares,0
2021-07-26,24.56,24.67,24.11,24.27,24.35,1913011,46639334.35,shares,0
2021-07-27,24.26,25.12,24.13,24.66,24.27,2854551,70814297.09,shares,0
2021-07-28,24.8,25.66,24.22,25.32,24.66,4476497,112437159.1,shares,0
2021-07-29,25.5,25.5,24.95,25.31,25.32,3671321,92770844.45,shares,0
2021-07-30,25.2,25.83,24.94,25.75,25.31,3553881,90560720.07,shares,0
2021-08-02,25.8,27.45,25.61,27.13,25.75,5671756,151767219.95,shares,0
2021-08-03,26.82,27.27,26.58,26.85,27.13,3565384,95686525.51,shares,0
2021-08-04,26.83,27.16,26.6,26.81,26.85,2817510,75675356.33,shares,0
2021-08-05,26.81,26.87,26.14,26.18,26.81,3279313,86859777.4,shares,0
2021-08-06,26.44,26.48,26.08,26.36,26.18,1877357,49399699.03,shares,0
2021-08-09,26.38,27.09,26.38,27.01,26.36,2417276,64848595.66,shares,0
2021-08-10,27.17,27.18,26.35,26.73,27.01,2121207,56581140.35,shares,0
2021-08-11,26.8,26.8,25.86,26.06,26.73,2991849,78263158.92,shares,0
2021-08-12,26.21,26.77,26.07,26.42,26.06,2088795,55292893.35,shares,0
2021-08-13,26.14,26.2,25.67,25.98,26.2,1629964,42249200.76,shares,0
2021-08-16,25.77,26.35,25.71,26.0,25.98,1464973,38201559.79,shares,0
2021-08-17,25.99,26.34,25.19,25.26,26.0,2020731,51945802.74,shares,0
2021-08-18,25.37,25.58,25.0,25.33,25.26,1144256,28867936.37,shares,0
2021-08-19,25.33,25.77,25.29,25.57,25.33,1179822,30134715.69,shares,0
2021-08-20,25.48,25.99,25.16,25.89,25.57,1659026,42556205.09,shares,0
2021-08-23,26.0,26.25,25.66,25.78,25.89,1566132,40472693.49,shares,0
2021-08-24,25.72,25.86,25.32,25.5,25.78,1544562,39367450.5,shares,0
2021-08-25,25.47,25.61,24.99,25.28,25.5,1679918,42369067.0,shares,0
2021-08-26,25.29,25.51,25.0,25.08,25.28,1062503,26821850.9,shares,0
2021-08-27,25.02,25.55,24.8,25.25,25.08,1598581,40310198.42,shares,0
2021-08-30,25.82,26.26,25.36,25.49,25.25,2739841,70918321.12,shares,0
2021-08-31,25.63,25.77,24.97,25.69,25.49,2159967,54890536.56,shares,0
2021-09-01,25.85,26.2,25.32,26.17,25.69,2990641,77454088.29,shares,0
2021-09-02,26.33,27.41,26.17,27.15,26.17,5959769,161450331.39,shares,0
2021-09-03,27.47,27.47,26.85,27.0,27.15,3000600,81249162.0,shares,0
2021-09-06,27.28,29.7,26.71,29.7,27.0,9194134,269622101.92,shares,0
2021-09-07,29.7,30.89,29.0,30.25,29.7,10491777,314674494.0,shares,0
2021-09-08,30.29,32.08,29.73,31.66,30.25,9705522,299607900.84,shares,0
2021-09-09,31.79,34.83,31.79,34.34,31.66,15183040,513853750.96,shares,0
2021-09-10,34.0,34.98,32.5,32.58,34.34,9616335,320289975.57,shares,0
2021-09-13,32.68,33.57,32.4,32.86,32.58,6418049,211200004.58,shares,0
2021-09-14,32.84,33.17,31.0,31.35,32.86,8388687,266983687.14,shares,0
2021-09-15,31.13,32.06,30.59,30.92,31.35,5367894,167527604.46,shares,0
2021-09-16,31.01,31.59,30.06,30.63,30.92,3700278,113617790.67,shares,0
2021-09-17,30.86,30.86,29.37,29.96,30.63,4533331,135212227.38,shares,0
2021-09-22,29.56,30.17,29.26,29.89,29.96,3179877,94300947.44,shares,0
2021-09-23,29.9,30.72,29.48,29.87,29.89,5503646,165628461.75,shares,0
2021-09-24,29.66,30.24,29.43,29.71,29.87,3364242,100124144.02,shares,0
2021-09-27,29.97,30.46,28.33,28.46,29.71,3907766,112967656.57,shares,0
2021-09-28,28.68,29.14,28.18,28.85,28.46,2760055,79319696.37,shares,0
2021-09-29,28.77,28.77,27.86,28.1,28.85,2599744,73263284.09,shares,0
2021-09-30,28.17,28.29,27.66,27.86,28.1,2652123,74070398.31,shares,0
2021-10-08,28.2,28.92,28.1,28.39,27.86,2416429,68821447.45,shares,0
2021-10-11,28.6,31.23,28.54,31.23,28.39,8279568,251496221.41,shares,0
2021-10-12,31.41,34.35,31.41,34.35,31.23,19605568,657574948.88,shares,0
2021-10-13,34.63,36.0,33.71,34.98,34.35,14043095,488228634.84,shares,0
2021-10-14,33.58,36.0,33.36,35.56,34.98,11038010,386403342.15,shares,0
2021-10-15,35.26,36.65,34.47,35.38,35.56,9033585,320217356.06,shares,0
2021-10-18,34.96,35.78,34.38,34.77,35.38,8130651,283357294.02,shares,0
2021-10-19,34.76,34.89,33.41,33.8,34.77,6988331,236246486.64,shares,0
2021-10-20,33.13,34.67,32.73,32.95,33.8,6993668,233315752.8,shares,0
2021-10-21,32.9,32.9,31.68,32.1,32.95,5513905,176765593.84,shares,0
2021-10-22,31.8,32.42,31.3,31.43,32.1,5067422,160598515.33,shares,0
2021-10-25,31.75,31.88,30.89,31.0,31.43,4680785,145601167.52,shares,0
2021-10-26,31.0,32.11,30.7,30.89,31.0,9205499,289763161.89,shares,0
2021-10-27,31.09,31.88,30.15,30.72,30.89,6181884,191591297.49,shares,0
2021-10-28,31.03,33.79,30.18,33.79,30.72,8659762,281066968.2,shares,0
2021-10-29,34.68,35.0,30.41,30.9,33.79,16875586,538734372.01,shares,0
2021-11-01,30.48,30.49,27.82,29.6,30.9,10269949,300754729.13,shares,0
2021-11-02,29.15,31.5,29.02,30.26,29.6,9441756,286246114.12,shares,0
2021-11-03,30.38,31.22,29.91,30.5,30.26,6410823,196057834.59,shares,0
2021-11-04,30.57,32.81,30.03,32.58,30.5,8652912,275403460.41,shares,0
2021-11-05,32.58,32.58,30.61,31.01,32.58,8780271,274932028.68,shares,0
2021-11-08,30.44,30.93,29.89,30.44,31.01,4002323,121830532.91,shares,0
2021-11-09,30.01,31.14,30.0,30.48,30.44,3102787,94563301.31,shares,0
2021-11-10,30.45,31.49,30.04,31.33,30.48,5240808,161835481.94,shares,0
2021-11-11,31.0,33.56,30.87,32.43,31.33,9814530,317716984.82,shares,0
2021-11-12,32.21,33.26,32.1,32.75,32.43,5985679,196444162.92,shares,0
2021-11-15,32.77,33.1,32.02,32.55,32.75,5080266,165622799.55,shares,0
2021-11-16,32.47,33.79,32.38,33.6,32.55,7188856,239762532.42,shares,0
2021-11-17,33.88,33.9,32.36,33.22,33.6,6775579,223457344.02,shares,0
2021-11-18,33.73,33.73,32.02,32.29,33.22,5507160,178761590.55,shares,0
2021-11-19,31.67,32.23,31.49,31.8,32.29,3923044,124842676.88,shares,0
2021-11-22,31.95,32.84,31.1,32.58,31.8,4797900,154753498.46,shares,0
2021-11-23,32.71,33.44,32.33,33.24,32.58,5602957,184732768.38,shares,0
2021-11-24,33.0,34.93,32.5,33.88,33.24,8551172,291123266.93,shares,0
2021-11-25,33.8,34.21,32.96,33.02,33.88,5071387,169378322.63,shares,0
2021-11-26,32.97,33.8,32.36,33.55,33.02,4798755,159464941.63,shares,0
2021-11-29,32.66,33.44,32.5,32.84,33.55,3577007,117478891.37,shares,0
2021-11-30,33.0,33.15,32.13,32.72,32.84,3498222,114306194.44,shares,0
2021-12-01,32.4,33.63,32.12,33.36,32.72,4716085,155381349.25,shares,0
2021-12-02,33.22,33.48,31.57,31.62,33.36,5122764,165418129.2,shares,0
2021-12-03,31.6,32.28,31.21,31.8,31.62,3240251,103028934.51,shares,0
2021-12-06,32.4,34.21,31.7,32.04,31.8,5907064,194227165.74,shares,0
2021-12-07,31.66,31.8,29.5,29.65,32.04,6278662,190097686.06,shares,0
2021-12-08,29.68,30.4,29.65,30.3,29.65,2453594,73964879.72,shares,0
2021-12-09,30.28,30.74,30.1,30.55,30.3,2150352,65560153.7,shares,0
2021-12-10,30.12,30.44,29.81,30.0,30.55,3813199,114500189.28,shares,0
2021-12-13,29.94,30.4,29.6,30.08,30.0,2426416,73094171.8,shares,0
2021-12-14,29.91,30.92,29.91,30.3,30.08,3393410,103161834.41,shares,0
2021-12-15,30.3,30.97,30.2,30.68,30.3,3531115,108467476.88,shares,0
2021-12-16,30.69,33.75,30.69,33.75,30.68,7920903,259395576.8,shares,0
2021-12-17,34.7,35.87,33.02,35.48,33.75,15395806,536259086.02,shares,0
2021-12-20,35.28,37.5,33.38,33.75,35.48,12587281,441940360.08,shares,0
2021-12-21,34.86,35.04,33.89,34.71,33.75,7477212,257825388.27,shares,0
2021-12-22,34.98,36.93,34.76,36.36,34.71,9262595,333169244.64,shares,0
2021-12-23,36.43,36.95,35.8,36.75,36.36,6360374,232290619.12,shares,0
2021-12-24,36.5,36.89,34.48,34.87,36.75,7301534,259200546.99,shares,0
2021-12-27,35.19,35.2,33.86,34.4,34.87,4117794,141318336.29,shares,0
2021-12-28,34.9,35.45,34.3,34.61,34.4,5852503,203562148.09,shares,0
2021-12-29,34.67,34.67,33.45,34.18,34.61,5332942,181598395.75,shares,0
2021-12-30,34.75,35.22,33.77,34.89,34.18,4994211,172923520.53,shares,0
2021-12-31,34.94,35.38,32.6,32.74,34.89,9254222,308499298.01,shares,0
2022-01-04,32.5,32.86,31.9,32.02,32.74,5475532,176275760.97,shares,0
2022-01-05,32.35,32.47,31.78,32.1,32.02,4357278,139871312.47,shares,0
2022-01-06,31.72,31.99,31.25,31.51,32.1,5429485,171460568.31,shares,0
2022-01-07,31.53,32.2,31.39,31.51,31.51,3707604,117410154.67,shares,0
2022-01-10,31.46,32.12,30.7,32.04,31.51,3842693,121590263.62,shares,0
2022-01-11,32.04,32.48,31.22,31.39,32.04,3346955,106045308.9,shares,0
2022-01-12,31.56,32.08,31.23,32.04,31.39,3020378,95919727.01,shares,0
2022-01-13,32.47,32.98,31.71,31.71,32.04,4333972,139382421.94,shares,0
2022-01-14,31.33,32.1,31.2,31.62,31.71,2630681,83432427.49,shares,0
2022-01-17,31.37,34.6,31.37,33.83,31.62,7893047,262315819.67,shares,0
2022-01-18,33.82,34.2,32.81,33.01,33.83,5048365,168662479.6,shares,0
2022-01-19,32.72,33.4,32.11,32.32,33.01,3875970,126732403.4,shares,0
2022-01-20,32.32,32.49,31.6,31.77,32.32,2995477,95489964.03,shares,0
2022-01-21,31.79,32.14,30.29,30.65,31.77,4120108,127502838.1,shares,0
2022-01-24,30.82,31.57,30.36,31.14,30.65,2399989,74810989.75,shares,0
2022-01-25,31.35,31.4,29.55,29.59,31.14,3052266,92524824.8,shares,0
2022-01-26,29.65,30.38,29.11,29.26,29.59,2288600,67521397.98,shares,0
2022-01-27,29.13,29.21,27.88,27.95,29.26,3198342,90838805.5,shares,0
2022-01-28,28.3,29.1,27.6,28.38,27.95,3145016,89259290.71,shares,0
2022-02-07,29.0,29.13,28.29,28.56,28.38,2151261,61737232.5,shares,0
2022-02-08,28.58,29.35,28.18,29.04,28.56,3004215,86922716.69,shares,0
2022-02-09,29.0,29.55,28.83,29.41,29.04,2637921,77409208.58,shares,0
2022-02-10,29.59,29.8,28.96,29.24,29.41,2114682,61834202.96,shares,0
2022-02-11,29.09,29.19,27.98,28.15,29.24,2892475,82363122.93,shares,0
2022-02-14,28.24,28.7,27.82,27.91,28.15,2683226,75524991.86,shares,0
2022-02-15,28.04,28.4,27.9,28.18,27.91,1973913,55671910.86,shares,0
2022-02-16,28.38,29.1,28.25,28.83,28.18,2519584,72483212.22,shares,0
2022-02-17,28.91,28.91,28.07,28.22,28.83,2469394,69867928.04,shares,0
2022-02-18,28.8,30.15,28.67,29.97,28.22,5498815,161688783.35,shares,0
2022-02-21,30.81,31.86,30.51,31.09,29.97,8386094,260585917.56,shares,0
2022-02-22,30.7,31.4,30.35,30.96,31.09,5602975,173688948.57,shares,0
2022-02-23,30.95,31.63,30.68,31.49,30.96,4681319,145875352.34,shares,0
2022-02-24,31.46,31.56,30.05,30.47,31.49,5131813,157757171.94,shares,0
2022-02-25,30.7,31.47,30.7,30.91,30.47,3504140,108890131.6,shares,0
2022-02-28,31.01,32.0,30.88,31.95,30.91,4777044,150651227.0,shares,0
2022-03-01,31.9,32.72,31.55,32.28,31.95,4650301,150108951.0,shares,0
2022-03-02,32.15,32.15,31.4,31.58,32.28,3064076,96908390.0,shares,0
2022-03-03,31.64,31.7,30.9,31.07,31.58,2432758,75953089.0,shares,0
2022-03-04,30.55,31.24,30.52,30.81,31.07,2017633,62215061.0,shares,0
2022-03-07,30.78,30.78,30.02,30.16,30.81,2110095,63823954.0,shares,0
2022-03-08,30.47,30.65,29.22,29.59,30.16,3070002,92107695.0,shares,0
2022-03-09,29.88,30.47,28.11,29.35,29.59,3618706,106622929.0,shares,0
2022-03-10,31.0,31.0,29.3,29.43,29.35,3359772,100768966.0,shares,0
2022-03-11,29.43,29.87,28.58,29.7,29.43,3117530,91086088.0,shares,0
2022-03-14,29.5,30.43,29.01,29.27,29.7,3838242,114431596.0,shares,0
2022-03-15,28.94,29.15,27.19,27.19,29.27,4220817,119069504.0,shares,0
2022-03-16,27.5,28.0,26.22,27.83,27.19,3427374,93402111.0,shares,0
2022-03-17,27.98,28.94,27.96,28.5,27.83,3512988,100220750.0,shares,0
2022-03-18,28.32,28.7,28.27,28.4,28.5,1824553,52024057.38,shares,0
2022-03-21,28.41,29.28,27.72,28.05,28.4,2321064,65547479.74,shares,0
2022-03-22,28.02,28.4,27.28,27.9,28.05,2605192,72287686.82,shares,0
2022-03-23,28.13,29.08,27.51,28.81,27.9,3694096,105143498.96,shares,0
2022-03-24,28.65,28.65,27.45,27.53,28.81,3946641,109928743.95,shares,0
2022-03-25,27.42,27.68,26.86,26.87,27.53,2688759,73291005.24,shares,0
2022-03-28,26.72,27.14,26.0,26.96,26.87,2358414,62903058.47,shares,0
2022-03-29,27.19,27.31,26.46,26.66,26.96,1649761,44101436.57,shares,0
2022-03-30,26.87,27.05,26.71,26.95,26.66,1380937,37131238.56,shares,0
2022-03-31,27.1,27.13,26.68,26.81,26.95,1434140,38471035.93,shares,0
2022-04-01,26.7,27.2,26.37,26.87,26.81,1602690,43067081.26,shares,0
2022-04-06,26.87,27.05,26.54,26.98,26.87,1663269,44622577.13,shares,0
2022-04-07,26.84,27.08,26.21,26.21,26.98,1867333,49685931.9,shares,0
2022-04-08,27.0,27.03,25.3,25.49,26.21,2991223,77216909.84,shares,0
2022-04-11,25.4,25.4,24.2,24.44,25.49,2872353,71099371.76,shares,0
2022-04-12,24.56,24.98,24.21,24.92,24.44,1823791,44940284.06,shares,0
2022-04-13,24.92,25.0,24.43,24.6,24.92,1512281,37346435.29,shares,0
2022-04-14,25.09,25.2,24.49,24.63,24.6,1154542,28457572.16,shares,0
2022-04-15,24.64,24.85,24.3,24.47,24.63,1135868,27902907.0,shares,0
2022-04-18,24.35,24.99,24.35,24.7,24.47,1264944,31147559.28,shares,0
2022-04-19,24.8,26.17,24.6,25.24,24.7,3256702,82540050.14,shares,0
2022-04-20,25.03,25.5,24.45,24.56,25.24,2545879,63168314.95,shares,0
2022-04-21,24.44,24.91,24.13,24.15,24.56,2353974,57802466.86,shares,0
2022-04-22,24.0,24.31,22.92,23.46,24.15,2536975,59301416.14,shares,0
2022-04-25,23.5,23.5,21.77,21.77,23.46,2320851,52488551.22,shares,0
2022-04-26,22.3,22.3,21.71,21.8,21.77,1993106,43717857.98,shares,0
2022-04-27,21.6,22.35,20.88,22.08,21.8,2068000,44659616.47,shares,0
2022-04-28,22.06,22.22,21.3,21.88,22.08,1513998,32905421.97,shares,0
2022-04-29,22.0,22.8,21.91,22.65,21.88,1960919,43862816.0,shares,0
2022-05-05,23.15,24.92,23.15,24.92,22.65,2921891,71327821.48,shares,0
2022-05-06,24.32,26.35,24.1,25.6,24.92,6877193,175951870.18,shares,0
2022-05-09,25.6,26.25,25.18,25.52,25.6,3680140,94272639.37,shares,0
2022-05-10,25.52,26.24,25.05,26.01,25.52,3236148,83209185.98,shares,0
2022-05-11,26.23,26.82,25.88,26.1,26.01,3434116,90463250.19,shares,0
2022-05-12,25.93,26.34,25.51,25.82,26.1,2589190,66936734.37,shares,0
2022-05-13,26.25,26.31,25.78,26.3,25.82,2217143,57943422.31,shares,0
2022-05-16,26.31,26.68,26.06,26.19,26.3,2050375,53900269.12,shares,0
2022-05-17,26.27,26.48,25.91,26.38,26.19,1916944,50348425.2,shares,0
2022-05-18,26.38,26.57,26.13,26.2,26.38,1386500,36460974.0,shares,0
2022-05-19,25.91,27.17,25.8,26.71,26.2,2763060,73446498.64,shares,0
2022-05-20,26.88,26.95,26.43,26.71,26.71,1955496,52096834.9,shares,0
2022-05-23,26.73,28.76,26.73,28.28,26.71,4288748,119293605.36,shares,0
2022-05-24,28.01,28.43,26.6,26.63,28.28,3299396,90663701.31,shares,0
2022-05-25,26.51,26.92,26.5,26.9,26.63,1614240,43207539.87,shares,0
2022-05-26,26.89,27.7,26.42,27.19,26.9,1961934,53007241.12,shares,0
2022-05-27,27.19,27.58,26.81,27.0,27.19,1549793,42190945.5,shares,0
2022-05-30,26.97,27.33,26.68,27.06,27.0,1228608,33144764.09,shares,0
2022-05-31,27.06,27.65,26.8,27.52,27.06,1694909,46352783.55,shares,0
2022-06-01,27.48,27.94,27.35,27.86,27.52,1860021,51595241.34,shares,0
2022-06-02,27.83,28.46,27.56,28.3,27.86,1872855,52610387.58,shares,0
2022-06-06,28.36,29.26,28.16,28.92,28.3,2591167,74766754.07,shares,0
2022-06-07,29.33,29.33,28.86,29.04,28.92,2299138,67024621.1,shares,0
2022-06-08,28.95,29.24,28.5,28.94,29.04,2187820,63095955.28,shares,0
2022-06-09,28.85,29.09,28.55,28.73,28.94,1593305,45937714.7,shares,0
2022-06-10,28.42,28.77,28.3,28.6,28.73,1574361,45001876.06,shares,0
2022-06-13,28.14,28.9,28.14,28.71,28.6,2069719,59141487.89,shares,0
2022-06-14,28.48,28.72,27.73,28.46,28.71,1767728,49796106.37,shares,0
2022-06-15,28.47,29.38,28.3,28.78,28.46,2078937,60441541.88,shares,0
2022-06-16,28.54,29.15,28.54,28.82,28.78,1850019,53484930.63,shares,0
2022-06-17,28.59,29.64,28.21,29.53,28.82,2475806,72705745.59,shares,0
2022-06-20,30.35,30.48,29.68,29.83,29.53,2505894,75116021.04,shares,0
2022-06-21,30.15,30.61,29.38,29.73,29.83,2213736,66382939.45,shares,0
2022-06-22,29.88,30.51,29.38,30.37,29.73,3270068,98389342.51,shares,0
2022-06-23,30.16,30.36,29.08,29.64,30.37,2960007,87232536.47,shares,0
2022-06-24,29.64,30.26,29.36,30.08,29.64,2225950,66519840.95,shares,0
2022-06-27,29.99,30.43,29.08,29.37,30.08,2875409,84859629.63,shares,0
2022-06-28,29.52,29.85,29.25,29.85,29.37,1814968,53866585.12,shares,0
2022-06-29,29.75,30.57,29.7,29.71,29.85,2634397,79191695.86,shares,0
2022-06-30,30.15,31.66,30.15,30.92,29.71,3392032,105024032.06,shares,0
2022-07-01,30.92,30.92,29.55,29.76,30.92,2553827,76896948.32,shares,0
2022-07-04,29.68,29.98,28.94,29.81,29.76,1888539,55770650.2,shares,0
2022-07-05,29.79,30.37,29.2,29.59,29.81,1665833,49580465.28,shares,0
2022-07-06,29.53,30.18,29.5,29.89,29.59,1720374,51430682.33,shares,0
2022-07-07,29.91,32.88,29.9,32.08,29.89,8600061,275617298.39,shares,0
2022-07-08,32.32,32.8,31.5,32.72,32.08,8004913,258789062.43,shares,0
2022-07-11,32.72,32.75,31.4,31.88,32.72,4363143,139176458.57,shares,0
2022-07-12,32.14,32.33,31.08,31.46,31.88,3444834,108937231.13,shares,0
2022-07-13,31.35,32.5,31.35,32.2,31.46,2556220,82144827.65,shares,0
2022-07-14,32.23,33.58,32.02,33.08,32.2,3232862,106157022.86,shares,0
2022-07-15,32.85,33.08,31.39,31.5,33.08,5027722,161075660.08,shares,0
2022-07-18,31.71,32.64,31.4,32.34,31.5,3002400,96397554.95,shares,0
2022-07-19,32.29,32.56,31.77,31.93,32.34,2250337,72127707.87,shares,0
2022-07-20,31.93,32.1,31.42,31.8,31.93,1962904,62202896.0,shares,0
2022-07-21,31.66,31.97,31.33,31.38,31.8,1735141,54811891.95,shares,0
2022-07-22,31.36,31.6,30.85,30.97,31.38,2567057,79773204.8,shares,0
2022-07-25,31.16,31.75,30.71,30.95,30.97,3134688,97930807.57,shares,0
2022-07-26,30.94,33.98,30.71,33.53,30.95,6598406,216045923.57,shares,0
2022-07-27,33.53,34.0,33.2,33.7,33.53,4400894,147797636.32,shares,0
2022-07-28,33.6,34.84,33.44,33.99,33.7,3851324,131652096.26,shares,0
2022-07-29,34.1,34.38,33.01,33.05,33.99,3604258,120509927.24,shares,0
2022-08-01,33.16,33.38,32.5,33.28,33.05,2851182,93928840.94,shares,0
2022-08-02,32.9,33.98,32.0,33.2,33.28,4375522,145040662.24,shares,0
2022-08-03,33.21,35.43,33.21,34.11,33.2,6186541,213460696.46,shares,0
2022-08-04,34.16,34.8,33.58,34.29,34.11,3538814,120871336.0,shares,0
2022-08-05,34.21,34.69,33.82,34.21,34.29,3299744,112870790.0,shares,0
2022-08-08,34.35,34.61,33.58,33.92,34.21,2320847,78603712.0,shares,0
2022-08-09,33.86,34.68,33.86,34.57,33.92,3126304,107422161.0,shares,0
2022-08-10,34.3,34.5,33.66,33.73,34.57,2469573,83816735.0,shares,0
2022-08-11,33.84,34.2,33.58,33.92,33.73,2069285,70205851.0,shares,0
2022-08-12,33.91,35.0,33.41,34.52,33.92,4054109,138735043.0,shares,0
2022-08-15,34.51,35.49,34.15,34.66,34.52,4529855,158514977.93,shares,0
2022-08-16,34.71,35.0,34.03,34.09,34.66,1986799,68125485.76,shares,0
2022-08-17,34.23,37.5,34.19,37.5,34.09,8602980,315726565.7,shares,0
2022-08-18,38.71,41.25,37.9,41.22,37.5,16025571,648194005.66,shares,0
2022-08-19,41.22,44.0,39.54,39.9,40.94,15039160,626017104.37,shares,0
2022-08-22,40.5,40.5,38.5,38.66,39.9,8723076,340597240.4,shares,0
2022-08-23,39.0,39.29,38.08,38.4,38.66,4166026,160315021.79,shares,0
2022-08-24,38.22,38.59,36.22,36.43,38.4,6023218,222720142.95,shares,0
2022-08-25,36.22,37.18,35.99,36.54,36.43,5085146,185346651.66,shares,0
2022-08-26,37.02,39.66,36.8,38.53,36.54,9215689,356317439.27,shares,0
2022-08-29,37.61,38.6,36.55,37.4,38.53,7632403,286178038.24,shares,0
2022-08-30,37.41,41.14,36.84,41.14,37.4,13226383,527000248.92,shares,0
2022-08-31,43.2,43.2,39.15,39.45,41.14,14210437,582591172.04,shares,0
2022-09-01,40.09,43.4,39.54,43.4,39.45,10182207,427378361.74,shares,0
2022-09-02,43.35,47.68,41.96,45.72,43.4,19059334,862039034.28,shares,0
2022-09-05,45.0,46.95,43.51,46.35,45.72,13775110,628701512.12,shares,0
2022-09-06,45.28,48.12,44.52,47.15,46.35,13658283,626942060.47,shares,0
2022-09-07,46.31,47.6,45.71,45.9,47.15,9136562,423854046.0,shares,0
2022-09-08,45.05,46.74,43.88,45.39,45.9,10443317,470508214.48,shares,0
2022-09-09,45.5,45.6,43.39,44.57,45.39,6971389,308743467.86,shares,0
2022-09-13,45.17,45.18,42.84,43.53,44.57,6591836,286365718.4,shares,0
2022-09-14,42.8,43.46,42.13,43.15,43.53,5430962,231834682.78,shares,0
2022-09-15,43.59,43.8,40.15,40.68,43.15,7434383,307820527.03,shares,0
2022-09-16,41.03,42.37,40.18,40.8,40.68,5326516,220553690.2,shares,0
2022-09-19,40.43,43.38,40.26,42.48,40.8,7717223,326463700.4,shares,0
2022-09-20,43.3,43.91,42.18,42.32,42.48,6438425,276901667.78,shares,0
2022-09-21,42.83,43.08,41.21,42.49,42.32,5802290,245865028.29,shares,0
2022-09-22,42.46,44.25,42.2,43.99,42.49,6985256,304358391.43,shares,0
2022-09-23,43.36,43.88,40.8,41.11,43.99,7794644,325611284.98,shares,0
2022-09-26,41.04,45.22,40.68,45.22,41.11,9788254,426798385.82,shares,0
2022-09-27,44.87,47.0,44.75,46.94,45.22,9657002,443876187.22,shares,0
2022-09-28,46.48,46.94,44.05,45.47,46.94,7064078,319163400.79,shares,0
2022-09-29,45.5,45.95,42.68,43.85,45.47,5873898,256819982.74,shares,0
2022-09-30,44.2,46.0,42.1,42.11,43.85,5144410,224456201.47,shares,0
2022-10-10,42.66,42.8,40.3,40.35,42.11,4954836,204071082.41,shares,0
2022-10-11,40.88,41.6,40.01,41.42,40.35,4120094,169147748.72,shares,0
2022-10-12,41.13,43.98,41.0,43.7,41.42,5452607,231290071.14,shares,0
2022-10-13,43.13,44.66,42.73,43.72,43.7,5225225,228589726.48,shares,0
2022-10-14,44.13,44.48,41.38,41.43,43.72,7116562,299987117.15,shares,0
2022-10-17,40.83,42.12,40.77,41.75,41.43,4964070,205341896.65,shares,0
2022-10-18,41.75,45.93,41.47,45.93,41.75,8247445,365573903.5,shares,0
2022-10-19,46.2,46.94,44.75,44.85,45.93,8621974,393736544.41,shares,0
2022-10-20,44.4,45.25,42.01,43.9,44.85,6895666,300941760.61,shares,0
2022-10-21,43.95,46.99,43.68,45.96,43.9,7169894,329727456.09,shares,0
2022-10-24,45.76,46.5,44.34,44.62,45.96,5400840,244483037.55,shares,0
2022-10-25,44.52,45.85,44.01,44.66,44.62,4871001,219477157.43,shares,0
2022-10-26,44.55,44.65,42.58,44.17,44.66,5193728,227619092.05,shares,0
2022-10-27,44.29,44.61,40.83,41.06,44.17,7353489,309530573.21,shares,0
2022-10-28,41.03,42.99,40.56,41.69,41.06,5712097,238087822.29,shares,0
2022-10-31,42.0,45.05,42.0,43.39,41.69,8490050,372024570.6,shares,0
2022-11-01,43.99,44.87,41.4,43.79,43.39,5704752,244398479.22,shares,0
2022-11-02,43.43,44.1,41.79,42.25,43.79,6300438,268329391.26,shares,0
2022-11-03,42.03,42.36,41.4,41.93,42.25,5210663,217432502.86,shares,0
2022-11-04,42.22,42.53,41.45,42.19,41.93,5658228,237660546.59,shares,0
2022-11-07,42.21,42.5,37.97,38.3,42.19,15091466,589531033.89,shares,0
2022-11-08,38.01,38.68,37.61,38.38,38.3,7908207,302292687.45,shares,0
2022-11-09,38.25,38.36,36.42,36.66,38.38,7654101,282627371.19,shares,0
2022-11-10,36.44,36.6,34.8,34.98,36.66,9990668,355471707.16,shares,0
2022-11-11,35.7,35.78,34.4,34.69,34.98,8285016,289191417.34,shares,0
2022-11-14,34.8,35.42,34.44,35.39,34.69,8365187,293494739.7,shares,0
2022-11-15,35.3,35.78,34.9,35.78,35.39,6065439,215038989.85,shares,0
2022-11-16,35.79,36.33,35.48,35.67,35.78,5239557,187766758.98,shares,0
2022-11-17,35.6,35.6,34.84,35.49,35.67,3309733,116692103.92,shares,0
2022-11-18,35.57,35.85,35.05,35.2,35.49,3228865,114627611.18,shares,0
2022-11-21,35.21,35.85,35.03,35.7,35.2,3604608,128206726.78,shares,0
2022-11-22,35.5,35.84,35.25,35.39,35.7,3236490,114899786.34,shares,0
2022-11-23,35.44,35.93,34.76,35.81,35.39,3965774,140523767.07,shares,0
2022-11-24,35.9,37.12,35.78,36.51,35.81,5194960,190217348.64,shares,0
2022-11-25,36.15,36.3,34.53,34.55,36.51,5514753,193800653.63,shares,0
2022-11-28,34.15,35.11,34.02,35.04,34.55,3832163,133614254.41,shares,0
2022-11-29,35.2,35.29,34.86,35.21,35.04,2585747,90775053.14,shares,0
2022-11-30,35.19,35.21,34.48,34.59,35.21,4088184,142026023.99,shares,0
2022-12-01,35.03,35.49,34.7,35.42,34.59,5922812,208550783.12,shares,0
2022-12-02,35.42,35.79,35.22,35.31,35.42,2975639,105672791.04,shares,0
2022-12-05,35.5,35.84,35.19,35.23,35.31,3640824,128848790.12,shares,0
2022-12-06,35.39,35.48,34.55,35.01,35.23,3917062,137113862.02,shares,0
2022-12-07,35.01,35.13,34.57,34.68,35.01,2556200,88780734.0,shares,0
2022-12-08,34.6,34.87,34.43,34.54,34.68,2219540,76900165.2,shares,0
2022-12-09,34.68,34.81,34.15,34.21,34.54,2914855,100321402.95,shares,0
2022-12-12,34.1,34.65,34.0,34.36,34.21,2528757,86739867.35,shares,0
2022-12-13,34.56,34.56,33.83,33.83,34.36,2044500,69678895.0,shares,0
2022-12-14,34.06,34.55,33.83,34.02,33.83,2409107,82367995.68,shares,0
2022-12-15,34.29,34.48,33.58,34.2,34.02,1818878,62125361.26,shares,0
2022-12-16,33.99,34.23,33.2,33.32,34.2,2723783,91318764.67,shares,0
2022-12-19,33.2,33.48,32.63,32.88,33.32,2019922,66763372.87,shares,0
2022-12-20,32.7,33.4,32.7,32.92,32.88,2192855,72494280.96,shares,0
2022-12-21,32.76,33.2,32.26,32.44,32.92,1797815,58570533.96,shares,0
2022-12-22,32.44,32.61,31.5,31.58,32.44,2222709,71064984.38,shares,0
2022-12-23,31.43,31.85,30.94,31.64,31.58,2079555,65517761.76,shares,0
2022-12-26,31.6,32.19,31.26,32.18,31.64,1599600,51260137.0,shares,0
2022-12-27,32.27,32.69,32.1,32.56,32.18,1592800,51624746.0,shares,0
2022-12-28,32.39,32.82,32.15,32.42,32.56,1854509,60267762.33,shares,0
2022-12-29,32.43,32.66,32.2,32.53,32.42,1413649,45890077.39,shares,0
2022-12-30,32.73,33.07,32.29,32.63,32.53,1762399,57613352.01,shares,0
2023-01-03,32.63,33.97,32.53,33.78,32.63,3931294,131217421.28,shares,0
2023-01-04,33.96,34.43,33.5,34.15,33.78,3053460,103804019.84,shares,0
2023-01-05,34.0,34.45,33.95,34.03,34.15,2254280,76945346.01,shares,0
2023-01-06,34.18,34.62,33.93,34.25,34.03,2256121,77424886.79,shares,0
2023-01-09,34.11,34.66,33.95,34.38,34.25,2605532,89441981.2,shares,0
2023-01-10,34.38,34.72,34.08,34.23,34.38,1666309,57361791.2,shares,0
2023-01-11,34.11,34.56,33.9,33.95,34.23,1779866,60926592.11,shares,0
2023-01-12,34.09,34.52,33.9,34.38,33.95,1957785,67205665.61,shares,0
2023-01-13,34.34,34.41,33.68,33.97,34.38,1807552,61377999.82,shares,0
2023-01-16,33.8,34.36,33.69,34.06,33.97,2356666,80479826.1,shares,0
2023-01-17,34.07,34.67,34.07,34.44,34.06,1821260,62785687.08,shares,0
2023-01-18,34.32,35.06,34.16,34.8,34.44,1983426,68782235.48,shares,0
2023-01-19,34.65,34.78,34.16,34.27,34.8,2897126,99455769.64,shares,0
2023-01-20,34.18,35.15,34.17,35.12,34.27,3530821,123379683.97,shares,0
2023-01-30,35.22,36.15,35.08,35.08,35.12,4323068,152989017.96,shares,0
2023-01-31,35.01,35.98,35.0,35.46,35.08,3785145,134049256.68,shares,0
2023-02-01,35.82,35.82,35.2,35.65,35.46,4206969,149475678.04,shares,0
2023-02-02,35.85,36.15,35.54,35.72,35.65,3677039,131640850.27,shares,0
2023-02-03,35.72,35.83,35.05,35.34,35.72,3007193,106263171.58,shares,0
2023-02-06,35.35,35.65,34.82,35.0,35.34,3758543,132275860.2,shares,0
2023-02-07,35.23,35.96,34.91,35.93,35.0,4428077,158129178.93,shares,0
2023-02-08,36.08,36.19,34.8,34.87,35.93,3762789,132537963.82,shares,0
2023-02-09,34.87,35.97,34.7,35.91,34.87,4229429,150793494.85,shares,0
2023-02-10,36.1,36.56,35.8,36.22,35.91,3959804,143403553.11,shares,0
2023-02-13,36.23,36.65,36.1,36.51,36.22,3732711,135985253.65,shares,0
2023-02-14,36.53,37.5,36.48,37.21,36.51,4992675,185458575.61,shares,0
2023-02-15,37.51,38.24,36.87,38.23,37.21,5427544,204047217.26,shares,0
2023-02-16,38.35,38.36,36.38,36.7,38.23,7597953,282833221.52,shares,0
2023-02-17,36.8,36.83,35.99,36.03,36.7,3712006,134657988.73,shares,0
2023-02-20,36.01,36.47,35.3,36.47,36.03,4290520,153920354.23,shares,0
2023-02-21,36.31,36.86,36.21,36.56,36.47,3184548,116344579.9,shares,0
2023-02-22,36.44,36.44,35.72,36.04,36.56,2934790,105628397.21,shares,0
2023-02-23,36.0,36.41,35.54,35.68,36.04,2335892,83849678.6,shares,0
2023-02-24,35.78,36.4,35.69,36.18,35.68,2359759,85417836.08,shares,0
2023-02-27,35.85,36.19,35.61,35.76,36.18,1918963,68776512.84,shares,0
2023-02-28,36.0,37.16,36.0,36.88,35.76,3806968,139416966.4,shares,0
2023-03-01,36.88,37.77,36.68,37.73,36.88,4612053,173074705.17,shares,0
2023-03-02,38.18,38.46,37.8,38.28,37.73,5686944,217001166.02,shares,0
2023-03-03,38.09,38.09,37.0,37.23,38.28,4006065,149736351.69,shares,0
2023-03-06,37.01,38.0,36.9,37.58,37.23,3581368,134639780.65,shares,0
2023-03-07,37.5,37.59,36.2,36.28,37.58,3621296,133063357.48,shares,0
2023-03-08,36.34,37.18,36.2,36.96,36.28,2739402,101041218.9,shares,0
2023-03-09,37.28,38.29,37.2,38.06,36.96,5315433,200825583.53,shares,0
2023-03-10,37.72,37.82,37.21,37.21,38.06,2955361,110583677.86,shares,0
2023-03-13,36.91,37.68,36.7,37.58,37.21,3240804,121062729.82,shares,0
2023-03-14,37.58,37.75,36.56,37.11,37.58,2906181,107682779.23,shares,0
2023-03-15,37.1,37.43,36.44,36.59,37.11,2651004,97510064.39,shares,0
2023-03-16,36.4,36.75,35.91,35.95,36.59,2536150,92132316.15,shares,0
2023-03-17,36.18,37.48,36.18,37.21,35.95,4060221,150539395.66,shares,0
2023-03-20,37.21,38.19,37.21,37.74,37.21,4514612,171210994.77,shares,0
2023-03-21,37.66,38.9,37.6,38.42,37.74,3947516,151643253.87,shares,0
2023-03-22,38.39,40.79,37.97,40.33,38.42,6942164,275832319.0,shares,0
2023-03-23,40.09,43.23,39.7,42.62,40.33,9127401,383193457.68,shares,0
2023-03-24,42.62,42.94,40.66,41.18,42.62,6810570,281209523.3,shares,0
2023-03-27,41.1,41.8,40.7,41.5,41.18,4583831,189355303.67,shares,0
2023-03-28,41.08,41.2,39.5,39.63,41.5,5609398,225153875.58,shares,0
2023-03-29,39.65,40.72,39.65,40.27,39.63,4189527,168492192.14,shares,0
2023-03-30,40.16,41.94,39.88,41.0,40.27,6897917,282105558.53,shares,0
2023-03-31,41.17,42.99,40.82,41.4,41.0,4803928,199039486.29,shares,0
2023-04-03,41.01,41.01,39.05,40.22,41.4,9171601,365526835.7,shares,0
2023-04-04,40.15,40.15,39.05,39.32,40.22,6864983,270503746.27,shares,0
2023-04-06,39.37,41.5,39.06,41.1,39.32,8631460,350427022.43,shares,0
2023-04-07,41.72,43.3,41.08,41.25,41.1,8553079,358846427.76,shares,0
2023-04-10,41.22,42.3,40.38,41.2,41.25,7156765,297347040.43,shares,0
2023-04-11,41.36,41.36,39.93,40.67,41.2,4900021,198509638.87,shares,0
2023-04-12,40.5,40.94,39.95,40.75,40.67,5026761,203389823.3,shares,0
2023-04-13,40.65,40.65,39.15,39.38,40.75,4715153,186808216.56,shares,0
2023-04-14,39.69,40.05,38.98,39.49,39.38,3391891,133843927.1,shares,0
2023-04-17,39.29,39.49,38.11,38.44,39.49,4323797,166202134.67,shares,0
2023-04-18,38.38,39.77,37.91,39.15,38.44,4948119,192396687.73,shares,0
2023-04-19,38.9,39.79,38.51,39.15,39.15,3650980,143232313.98,shares,0
2023-04-20,38.98,41.63,38.8,41.4,39.15,7838239,321303301.67,shares,0
2023-04-21,41.6,42.93,39.1,39.27,41.4,8571400,352491514.15,shares,0
2023-04-24,39.25,40.87,38.5,39.07,39.27,5534905,219523709.56,shares,0
2023-04-25,38.88,39.25,37.22,37.76,39.07,5812260,220970692.32,shares,0
2023-04-26,37.49,38.33,36.58,36.79,37.76,4064886,151119487.15,shares,0
2023-04-27,36.8,37.27,36.12,36.46,36.79,3689562,135140628.7,shares,0
2023-04-28,36.23,37.28,36.23,36.95,36.46,2870177,105877068.33,shares,0
2023-05-04,36.75,36.88,34.68,35.06,36.95,5967863,211552146.76,shares,0
2023-05-05,34.99,34.99,33.78,34.02,35.06,4169528,142952573.74,shares,0
2023-05-08,33.83,34.49,33.8,34.32,34.02,2922162,99979207.0,shares,0
2023-05-09,34.22,34.63,33.72,33.76,34.32,2883630,98345037.5,shares,0
2023-05-10,33.72,33.98,33.15,33.4,33.76,2755903,92270839.56,shares,0
2023-05-11,33.45,33.73,33.06,33.11,33.4,2532387,84279994.14,shares,0
2023-05-12,33.19,33.39,32.75,32.79,33.11,1697274,56042216.28,shares,0
2023-05-15,32.76,33.22,32.38,33.22,32.79,1899213,62249449.45,shares,0
2023-05-16,33.22,33.39,32.76,32.82,33.22,1820197,59929281.88,shares,0
2023-05-17,32.99,33.05,32.56,32.86,32.82,1527065,50151254.23,shares,0
2023-05-18,33.1,34.5,33.1,34.47,32.86,5668453,192885069.99,shares,0
2023-05-19,34.3,34.32,33.59,34.07,34.47,3459383,117530265.34,shares,0
2023-05-22,33.99,34.67,33.81,33.91,34.07,2705660,92446863.37,shares,0
2023-05-23,33.64,34.25,33.56,33.83,33.91,1704592,57751630.89,shares,0
2023-05-24,33.56,34.22,33.4,33.82,33.83,1999214,67741299.42,shares,0
2023-05-25,33.64,34.29,33.57,34.22,33.82,2757840,93788824.11,shares,0
2023-05-26,34.28,34.46,33.72,34.26,34.22,2590800,88454948.0,shares,0
2023-05-29,34.29,35.28,34.29,34.74,34.26,3128719,108824622.12,shares,0
2023-05-30,34.61,35.32,34.13,35.32,34.74,2757589,96125009.69,shares,0
2023-05-31,35.5,35.79,34.89,35.17,35.32,2570122,90383007.78,shares,0
2023-06-01,35.37,36.14,35.17,35.24,35.17,3396689,120589615.9,shares,0
2023-06-02,35.35,36.08,35.14,35.16,35.24,2786488,99058768.89,shares,0
2023-06-05,35.26,36.0,35.13,35.8,35.16,2968822,105973491.04,shares,0
2023-06-06,35.88,35.97,34.66,34.7,35.8,2964237,104173563.22,shares,0
2023-06-07,34.98,35.66,34.71,34.96,34.7,2567500,90171114.0,shares,0
2023-06-08,34.45,34.61,32.95,33.5,34.96,4987184,166716631.23,shares,0
2023-06-09,33.7,34.97,33.5,34.93,33.5,4127525,141537883.69,shares,0
2023-06-12,34.93,35.17,34.51,34.94,34.93,2862115,99726936.18,shares,0
2023-06-13,34.8,35.77,34.5,35.21,34.94,3102544,108853247.78,shares,0
2023-06-14,35.35,36.05,34.79,35.78,35.21,3801519,135077941.87,shares,0
2023-06-15,36.05,37.97,36.05,36.7,35.78,9045446,334790568.01,shares,0
2023-06-16,36.01,37.8,35.58,37.69,36.7,7257413,268507830.68,shares,0
2023-06-19,38.33,38.83,37.54,38.5,37.69,9434235,360458627.75,shares,0
2023-06-20,38.0,38.12,37.15,37.59,38.5,5996657,225156525.34,shares,0
2023-06-21,37.31,37.5,36.76,36.8,37.59,3944997,146188222.72,shares,0
2023-06-26,37.15,37.9,36.51,36.71,36.8,5874782,218189980.2,shares,0
2023-06-27,37.24,37.24,35.72,36.37,36.71,4301785,155753148.88,shares,0
2023-06-28,36.25,36.35,35.2,35.83,36.37,3127345,111484294.61,shares,0
2023-06-29,35.62,36.18,35.5,35.97,35.83,2309494,82972723.3,shares,0
2023-06-30,35.96,37.35,35.8,37.01,35.97,3844283,141606691.73,shares,0
2023-07-03,37.0,37.31,36.52,36.84,37.01,3126567,115300816.31,shares,0
2023-07-04,37.5,38.79,36.81,36.84,36.84,6002584,225843140.36,shares,0
2023-07-05,36.99,37.22,35.84,36.06,36.84,3833444,139848817.83,shares,0
2023-07-06,36.07,36.93,35.79,36.05,36.06,3068479,111630346.43,shares,0
2023-07-07,35.9,35.94,35.15,35.5,36.05,2690179,95616405.66,shares,0
2023-07-10,35.65,35.88,35.42,35.78,35.5,1715359,61127000.02,shares,0
2023-07-11,36.52,37.5,36.32,36.55,35.78,4018707,147538820.5,shares,0
2023-07-12,36.25,36.57,35.02,35.02,36.55,3865990,138169041.31,shares,0
2023-07-13,35.05,35.35,34.85,35.24,35.02,1857831,65297345.99,shares,0
2023-07-14,35.25,38.22,35.25,37.05,35.24,7698158,283856448.2,shares,0
2023-07-17,36.73,37.18,36.28,36.57,37.05,3397753,124504153.34,shares,0
2023-07-18,36.4,36.56,35.31,35.36,36.57,3719112,133001264.64,shares,0
2023-07-19,35.49,35.6,35.01,35.26,35.36,1950217,68708125.41,shares,0
2023-07-20,35.4,35.42,34.3,34.38,35.26,2567335,89038368.61,shares,0
2023-07-21,34.45,34.5,34.0,34.21,34.38,1447979,49540716.63,shares,0
2023-07-24,34.2,34.88,33.9,34.52,34.21,1321279,45655792.74,shares,0
2023-07-25,34.68,35.34,34.6,35.07,34.52,1867779,65474417.62,shares,0
2023-07-26,35.0,35.25,34.82,34.91,35.07,1449957,50765543.56,shares,0
2023-07-27,34.95,35.14,34.68,34.75,34.91,1360100,47453014.76,shares,0
2023-07-28,34.64,35.2,34.22,35.13,34.75,1967700,68441056.0,shares,0
2023-07-31,35.2,35.28,34.86,34.99,35.13,1934979,67822779.85,shares,0
2023-08-01,34.99,35.13,34.6,34.82,34.99,1438573,49940365.12,shares,0
2023-08-02,34.61,35.04,34.61,34.82,34.82,1122089,39074884.52,shares,0
2023-08-03,34.8,34.95,34.53,34.55,34.82,1197900,41527223.0,shares,0
2023-08-04,34.59,35.1,34.51,35.09,34.55,1791733,62536405.24,shares,0
2023-08-07,35.06,35.27,34.7,34.74,35.09,1507627,52605847.82,shares,0
2023-08-08,34.53,34.9,34.02,34.02,34.74,1739836,59824295.77,shares,0
2023-08-09,34.03,34.12,33.02,33.1,34.02,2394358,80168675.48,shares,0
2023-08-10,33.19,33.32,33.01,33.06,33.1,1145700,37998416.0,shares,0
2023-08-11,33.23,33.23,32.54,32.67,33.06,1482119,48640947.04,shares,0
2023-08-14,32.61,33.06,32.33,33.04,32.67,929162,30432984.26,shares,0
2023-08-15,33.09,33.24,32.54,32.63,33.04,1108100,36391074.0,shares,0
2023-08-16,32.68,32.78,32.09,32.2,32.63,952200,30841899.0,shares,0
2023-08-17,32.16,32.66,32.0,32.59,32.2,864800,27996991.0,shares,0
2023-08-18,32.71,32.78,32.11,32.12,32.59,869100,28166461.0,shares,0
2023-08-21,31.97,32.58,31.97,32.08,32.12,984755,31761343.67,shares,0
2023-08-22,31.71,31.97,31.23,31.96,31.62,1348519,42567156.37,shares,0
2023-08-23,31.91,31.91,30.66,30.69,31.96,1538176,47811217.2,shares,0
2023-08-24,30.7,31.57,30.68,31.12,30.69,1171100,36468308.0,shares,0
2023-08-25,30.89,31.08,29.79,30.01,31.12,1531018,46347956.31,shares,0
2023-08-28,32.0,32.3,31.07,31.2,30.01,2079941,65452592.95,shares,0
2023-08-29,31.32,32.35,31.14,32.15,31.2,2137716,68180035.0,shares,0
2023-08-30,32.25,32.69,32.22,32.32,32.15,1574285,51067874.38,shares,0
2023-08-31,32.28,32.59,32.26,32.46,32.32,1236807,40136935.67,shares,0
2023-09-01,32.46,32.58,32.16,32.3,32.46,1211000,39198429.0,shares,0
2023-09-04,32.3,32.91,32.2,32.9,32.3,1675800,54661263.56,shares,0
2023-09-05,32.88,33.06,32.71,32.92,32.9,1205975,39721151.5,shares,0
2023-09-06,32.71,33.28,32.6,33.24,32.92,1431100,47311050.0,shares,0
2023-09-07,33.26,33.28,32.65,32.65,33.24,1129000,37167907.0,shares,0
2023-09-08,32.5,33.09,32.34,32.97,32.65,1133200,37222304.0,shares,0
2023-09-11,33.18,33.58,32.83,33.3,32.97,1566300,52030053.0,shares,0
2023-09-12,33.43,33.93,33.25,33.76,33.3,1863000,62824464.0,shares,0
2023-09-13,33.72,33.8,33.05,33.3,33.76,1412900,47121686.0,shares,0
2023-09-14,33.4,34.07,33.31,33.48,33.3,1591900,53635934.0,shares,0
2023-09-15,33.56,33.73,33.11,33.48,33.48,1526254,50973710.98,shares,0
2023-09-18,33.71,34.7,33.62,34.15,33.48,3162428,107731343.13,shares,0
2023-09-19,34.0,34.02,32.81,33.15,34.15,2289461,75989359.71,shares,0
2023-09-20,33.04,33.65,32.5,32.58,33.15,2071569,68275573.63,shares,0
2023-09-21,32.5,33.03,32.36,32.55,32.58,1558200,50974412.0,shares,0
2023-09-22,32.32,33.48,32.32,33.44,32.55,2027277,67196081.62,shares,0
2023-09-25,33.92,34.44,33.62,33.81,33.44,2560571,86747638.57,shares,0
2023-09-26,33.7,33.88,33.1,33.22,33.81,1785331,59417010.1,shares,0
2023-09-27,33.01,33.56,33.0,33.5,33.22,1757633,58486488.66,shares,0
2023-09-28,33.35,33.93,33.35,33.77,33.5,1524661,51440065.53,shares,0
2023-10-09,33.76,34.33,33.6,34.02,33.77,2373533,80908538.01,shares,0
2023-10-10,34.01,34.3,34.01,34.12,34.02,1513894,51734333.5,shares,0
2023-10-11,34.15,34.51,34.05,34.17,34.12,1564310,53639612.3,shares,0
2023-10-12,34.34,34.66,34.15,34.43,34.17,1957399,67456070.75,shares,0
2023-10-13,34.44,34.44,33.87,34.2,34.43,1973472,67493767.52,shares,0
2023-10-16,34.19,34.25,33.62,33.82,34.2,1848346,62578335.64,shares,0
2023-10-17,33.81,33.96,33.2,33.64,33.82,1678372,56353287.18,shares,0
2023-10-18,33.54,33.6,33.0,33.14,33.64,1725297,57356349.98,shares,0
2023-10-19,33.19,33.39,32.45,32.5,33.14,1555854,51018863.57,shares,0
2023-10-20,32.34,32.8,31.91,32.0,32.5,1586806,51040826.36,shares,0
2023-10-23,31.75,31.9,30.85,30.95,32.0,2085631,65379904.96,shares,0
2023-10-24,31.03,31.46,30.3,30.59,30.95,1729668,52995316.23,shares,0
2023-10-25,31.01,31.27,30.51,30.93,30.59,1454437,45105090.45,shares,0
2023-10-26,30.85,31.6,30.72,31.59,30.93,1602225,50069678.09,shares,0
2023-10-27,31.41,31.91,31.26,31.82,31.59,1397490,44192040.7,shares,0
2023-10-30,31.67,32.08,31.28,32.03,31.82,1504990,47853925.9,shares,0
2023-10-31,31.33,31.64,30.06,30.31,32.03,3289382,100275915.29,shares,0
2023-11-01,30.1,30.45,29.05,29.15,30.31,3850305,113469509.67,shares,0
2023-11-02,29.11,29.18,28.45,28.54,29.15,2641934,75739542.87,shares,0
2023-11-03,28.5,29.45,28.49,29.23,28.54,2551076,74285932.69,shares,0
2023-11-06,29.4,29.78,29.3,29.75,29.23,2723251,80714549.33,shares,0
2023-11-07,29.76,30.35,29.5,30.08,29.75,2782865,83319473.9,shares,0
2023-11-08,30.06,30.3,29.68,30.06,30.08,2606252,78099428.24,shares,0
2023-11-09,30.01,30.16,29.82,29.98,30.06,1578300,47332753.0,shares,0
2023-11-10,29.84,30.09,29.71,29.88,29.98,1362500,40706450.0,shares,0
2023-11-13,30.01,30.27,29.81,30.25,29.88,1745923,52558511.07,shares,0
2023-11-14,30.24,30.4,30.07,30.35,30.25,1539576,46627693.76,shares,0
2023-11-15,30.5,30.58,30.0,30.24,30.35,1638734,49574104.48,shares,0
2023-11-16,30.41,31.79,30.26,30.32,30.24,3837424,117731460.79,shares,0
2023-11-17,30.68,32.94,30.31,32.4,30.32,8450400,267890260.84,shares,0
2023-11-20,31.6,31.7,30.66,31.21,32.4,9176766,284619079.85,shares,0
2023-11-21,31.01,31.12,30.64,30.77,31.21,5483128,168519067.28,shares,0
2023-11-22,30.64,30.81,30.15,30.19,30.77,3559255,108391761.45,shares,0
2023-11-23,29.97,30.1,29.56,30.04,30.19,2837793,84509725.76,shares,0
2023-11-24,29.96,30.0,29.51,29.59,30.04,2153431,63846433.65,shares,0
2023-11-27,29.59,29.78,29.4,29.71,29.59,1721800,50948295.8,shares,0
2023-11-28,29.75,29.97,29.58,29.89,29.71,1917841,57203632.22,shares,0
2023-11-29,29.89,29.89,29.09,29.23,29.89,2565874,75566086.58,shares,0
2023-11-30,29.24,29.31,28.83,29.09,29.23,1671192,48526646.89,shares,0
2023-12-01,29.0,29.52,28.96,29.4,29.09,1791885,52453763.42,shares,0
2023-12-04,29.55,29.8,29.46,29.61,29.4,2261851,67011067.92,shares,0
2023-12-05,29.51,29.6,29.01,29.18,29.61,1465700,42795577.6,shares,0
2023-12-06,29.04,29.14,28.75,29.0,29.18,1437928,41623028.76,shares,0
2023-12-07,28.8,29.22,28.76,29.09,29.0,1348432,39186905.91,shares,0
2023-12-08,29.29,30.27,28.99,30.11,29.09,6723799,200102297.31,shares,0
2023-12-11,29.6,30.35,29.5,30.15,30.11,5152483,154234149.87,shares,0
2023-12-12,30.0,30.25,29.5,29.61,30.15,3262977,97198355.36,shares,0
2023-12-13,29.63,29.7,29.01,29.02,29.61,2219800,65020630.54,shares,0
2023-12-14,29.06,29.37,28.85,28.88,29.02,1491392,43368457.08,shares,0
2023-12-15,28.85,28.98,28.16,28.29,28.88,2592399,73502032.64,shares,0
2023-12-18,28.2,28.21,27.13,27.2,28.29,2335264,64186557.64,shares,0
2023-12-19,27.13,27.55,26.87,27.1,27.2,1364520,37041510.32,shares,0
2023-12-20,27.1,27.3,26.6,26.61,27.1,1463858,39308463.0,shares,0
2023-12-21,26.61,27.0,26.27,26.77,26.61,1428537,38013235.35,shares,0
2023-12-22,26.77,26.89,26.28,26.49,26.77,1176700,31314114.0,shares,0
2023-12-25,26.38,26.79,26.38,26.69,26.49,1113800,29697374.09,shares,0
2023-12-26,26.69,26.8,26.17,26.28,26.69,1259100,33105364.0,shares,0
2023-12-27,26.33,26.48,26.11,26.46,26.28,895511,23615596.16,shares,0
2023-12-28,26.46,27.27,26.32,27.22,26.46,1720736,46385769.3,shares,0
2023-12-29,27.11,27.6,27.05,27.46,27.22,1278219,35048246.12,shares,0
2024-01-02,27.44,27.55,27.16,27.17,27.46,1466838,40083486.08,shares,0
2024-01-03,27.15,27.25,26.88,27.06,27.17,1122679,30397730.59,shares,0
2024-01-04,27.15,27.15,26.8,27.14,27.06,1004679,27110559.69,shares,0
2024-01-05,27.13,27.18,26.6,26.7,27.14,1273196,34295220.28,shares,0
2024-01-08,26.58,26.8,25.92,25.96,26.7,1309144,34174618.38,shares,0
2024-01-09,25.92,26.15,25.68,25.86,25.96,975700,25238338.0,shares,0
2024-01-10,25.9,26.03,25.42,25.71,25.86,918131,23631055.9,shares,0
2024-01-11,25.71,26.24,25.51,26.03,25.71,1031407,26784428.63,shares,0
2024-01-12,26.05,26.16,25.72,25.73,26.03,854902,22136085.98,shares,0
2024-01-15,25.66,25.95,25.5,25.74,25.73,689700,17757091.25,shares,0
2024-01-16,25.76,26.03,25.5,25.94,25.74,1331178,34304422.28,shares,0
2024-01-17,25.88,25.99,25.53,25.53,25.94,929979,23960094.3,shares,0
2024-01-18,26.12,26.12,25.1,25.86,25.53,1607754,40846229.43,shares,0
2024-01-19,25.99,26.12,25.61,25.63,25.86,1043628,26969412.94,shares,0
2024-01-22,25.62,25.63,24.3,24.44,25.63,1686300,42225256.05,shares,0
2024-01-23,24.45,25.13,24.06,25.12,24.44,1522070,37761812.3,shares,0
2024-01-24,25.1,25.34,24.21,25.32,25.12,1500138,37362956.68,shares,0
2024-01-25,25.37,26.48,25.25,26.39,25.32,2462663,64136983.29,shares,0
2024-01-26,26.4,26.53,26.0,26.04,26.39,1298440,34135005.52,shares,0
2024-01-29,26.0,26.2,25.42,25.55,26.04,1282300,33063069.0,shares,0
2024-01-30,25.55,25.7,24.83,24.89,25.55,993820,25105376.2,shares,0
2024-01-31,24.94,24.99,23.76,23.88,24.89,1669834,40361563.86,shares,0
2024-02-01,23.88,24.5,23.4,23.95,23.88,1574900,37888613.64,shares,0
2024-02-02,23.95,24.22,21.98,22.6,23.95,1852741,42781028.62,shares,0
2024-02-05,22.58,23.4,20.61,22.52,22.6,3133797,68664824.64,shares,0
2024-02-06,22.52,23.7,21.66,23.55,22.52,3482748,80168893.09,shares,0
2024-02-07,23.55,24.72,23.48,24.71,23.55,3900933,95207017.75,shares,0
2024-02-08,24.98,25.95,24.73,25.33,24.71,3462559,88124929.68,shares,0
2024-02-19,25.56,26.26,25.38,26.18,25.33,3652809,94609400.13,shares,0
2024-02-20,25.83,25.87,25.46,25.69,26.18,2382143,61120992.94,shares,0
2024-02-21,25.41,26.37,25.41,26.02,25.69,3635091,94779299.83,shares,0
2024-02-22,25.9,26.62,25.9,26.58,26.02,2525920,66774053.04,shares,0
2024-02-23,26.61,27.14,26.5,26.93,26.58,2761353,74057853.07,shares,0
2024-02-26,26.8,27.12,26.65,26.83,26.93,2718269,73091378.9,shares,0
2024-02-27,26.69,27.85,26.53,27.82,26.83,3752100,102550373.62,shares,0
2024-02-28,27.79,28.25,26.67,26.67,27.82,3944420,108455402.8,shares,0
2024-02-29,26.45,27.65,26.42,27.58,26.67,2704800,73870101.22,shares,0
2024-03-01,27.65,28.18,27.49,28.18,27.58,3614354,101038918.62,shares,0
2024-03-04,28.29,28.36,27.65,28.04,28.18,2931000,82098911.0,shares,0
2024-03-05,27.83,28.28,27.7,27.92,28.04,2713569,76094550.18,shares,0
2024-03-06,27.8,28.27,27.53,27.97,27.92,2306800,64393780.0,shares,0
2024-03-07,27.91,28.15,27.53,27.57,27.97,1980990,55142277.26,shares,0
2024-03-08,27.75,28.47,27.54,28.47,27.57,2973961,83348087.45,shares,0
2024-03-11,28.74,29.04,28.26,28.86,28.47,4650742,133283491.64,shares,0
2024-03-12,28.76,28.86,27.98,28.08,28.86,3792207,107326252.42,shares,0
2024-03-13,28.09,28.69,28.03,28.28,28.08,3172507,89910245.91,shares,0
2024-03-14,28.1,28.38,27.79,28.04,28.28,2277742,63917943.21,shares,0
2024-03-15,27.99,28.64,27.56,28.6,28.04,2954600,83095575.22,shares,0
2024-03-18,28.67,28.93,28.49,28.92,28.6,2835368,81490587.92,shares,0
2024-03-19,28.93,30.42,28.62,29.76,28.92,6101633,180871327.49,shares,0
2024-03-20,30.38,31.24,29.76,29.86,29.76,9141992,277881888.43,shares,0
2024-03-21,29.74,32.35,29.6,31.9,29.86,14347819,447034437.21,shares,0
2024-03-22,31.66,33.49,31.32,33.17,31.9,13282677,430283253.32,shares,0
2024-03-25,32.4,32.47,30.19,30.19,33.17,10011840,311996852.86,shares,0
2024-03-26,29.49,30.69,29.0,29.14,30.19,7024431,208546678.47,shares,0
2024-03-27,28.9,29.08,26.5,26.59,29.14,8405691,231905477.95,shares,0
2024-03-28,26.59,28.77,26.59,28.48,26.59,7103367,199432239.23,shares,0
2024-03-29,28.31,29.52,27.98,29.42,28.48,5605828,161469330.28,shares,0
2024-04-01,29.17,30.05,29.17,29.89,29.42,5040925,149232369.44,shares,0
2024-04-02,29.63,29.78,28.82,29.02,29.89,3988217,116291996.73,shares,0
2024-04-03,28.8,28.88,27.75,27.89,29.02,4470760,125502273.56,shares,0
2024-04-08,27.76,27.79,27.02,27.05,27.89,3933455,107232051.78,shares,0
2024-04-09,27.19,27.36,26.82,27.19,27.05,3208879,86911342.05,shares,0
2024-04-10,27.18,27.18,26.5,26.63,27.19,2855839,76497197.37,shares,0
2024-04-11,26.72,27.09,26.45,26.75,26.63,3008779,80424565.27,shares,0
2024-04-12,26.79,27.97,26.74,27.38,26.75,4022634,109861215.31,shares,0
2024-04-15,27.39,27.8,26.67,27.32,27.38,4092050,111616518.58,shares,0
2024-04-16,27.13,27.43,26.25,26.33,27.32,4228982,113039455.25,shares,0
2024-04-17,26.56,27.65,26.56,27.64,26.33,3553891,97199259.42,shares,0
2024-04-18,27.6,27.97,27.07,27.42,27.64,3363654,92488946.82,shares,0
2024-04-19,27.33,27.68,26.81,27.06,27.42,2571361,69833448.72,shares,0
2024-04-22,26.68,27.37,26.15,27.22,27.06,2489292,67082810.56,shares,0
2024-04-23,27.02,27.5,26.82,26.87,27.22,2321063,62737863.32,shares,0
2024-04-24,26.86,27.69,26.8,27.69,26.87,3468827,95066061.0,shares,0
2024-04-25,27.48,27.55,27.11,27.21,27.69,3088660,84198240.22,shares,0
2024-04-26,27.11,28.3,27.11,28.16,27.21,4402240,122663381.67,shares,0
2024-04-29,28.05,28.71,28.05,28.56,28.16,4190941,119278162.09,shares,0
2024-04-30,27.49,27.49,26.16,26.3,28.56,8413946,223726099.84,shares,0
2024-05-06,26.77,27.19,26.62,26.89,26.3,5088925,136807089.88,shares,0
2024-05-07,26.88,26.93,26.38,26.57,26.89,2891551,76958140.39,shares,0
2024-05-08,26.38,26.58,25.69,25.76,26.57,3690000,95764779.0,shares,0
2024-05-09,25.78,26.29,25.64,26.2,25.76,2648931,69100399.41,shares,0
2024-05-10,26.2,26.27,25.64,25.9,26.2,2161200,55935784.0,shares,0
2024-05-13,25.7,28.4,25.4,27.83,25.9,9242212,251964217.84,shares,0
2024-05-14,27.75,27.93,26.67,27.15,27.83,5739158,156015808.45,shares,0
2024-05-15,26.96,27.29,26.66,26.7,27.15,2866590,77047342.99,shares,0
2024-05-16,26.78,27.53,26.67,26.88,26.7,3608947,97781369.22,shares,0
2024-05-17,26.88,26.96,26.39,26.93,26.88,2450185,65473833.12,shares,0
2024-05-20,26.93,27.02,26.52,26.73,26.93,2310500,61873488.86,shares,0
2024-05-21,26.71,26.71,25.98,26.05,26.73,3161150,82964188.5,shares,0
2024-05-22,26.07,26.21,25.8,26.16,26.05,1791800,46637667.0,shares,0
2024-05-23,26.29,26.29,25.51,25.63,26.16,2465600,63471908.0,shares,0
2024-05-24,25.54,26.08,25.41,25.45,25.63,2636586,67776723.98,shares,0
2024-05-27,25.45,25.77,24.8,25.25,25.45,2031300,50948180.86,shares,0
2024-05-28,25.27,25.5,25.05,25.1,25.25,1406200,35504803.0,shares,0
2024-05-29,24.95,25.35,24.95,25.05,25.1,1031400,25896903.0,shares,0
2024-05-30,24.89,25.24,24.77,25.06,25.05,1226321,30681558.97,shares,0
2024-05-31,25.17,25.6,25.07,25.29,25.06,1533172,38898023.08,shares,0
2024-06-03,25.1,25.4,24.98,25.18,25.29,1497972,37700637.92,shares,0
2024-06-04,25.0,25.15,24.77,25.13,25.18,1196095,29832097.55,shares,0
2024-06-05,25.1,25.33,24.91,24.94,25.13,1382500,34750602.0,shares,0
2024-06-06,24.8,25.08,24.2,24.2,24.94,2159511,53050291.11,shares,0
2024-06-07,24.6,24.64,24.0,24.24,24.2,1262730,30654061.0,shares,0
2024-06-11,24.24,24.5,23.77,24.42,24.24,1376853,33359767.69,shares,0
2024-06-12,24.39,24.8,24.3,24.54,24.42,1286313,31677970.04,shares,0
2024-06-13,24.55,24.7,24.35,24.54,24.54,1151439,28231031.49,shares,0
2024-06-14,24.43,24.84,24.26,24.84,24.54,2125137,52407103.75,shares,0
2024-06-17,24.68,25.1,24.6,25.02,24.84,1375667,34359068.25,shares,0
2024-06-18,24.92,25.6,24.92,25.48,25.02,1895003,48171452.92,shares,0
2024-06-19,25.6,25.75,25.12,25.27,25.48,1436700,36416285.0,shares,0
2024-06-20,25.26,25.37,24.6,24.63,25.27,1468100,36613080.0,shares,0
2024-06-21,24.55,24.82,24.3,24.58,24.63,882200,21662389.73,shares,0
2024-06-24,24.5,25.29,24.03,24.16,24.58,2528939,62287513.56,shares,0
2024-06-25,23.98,24.48,23.19,23.41,24.16,2175400,51403562.0,shares,0
2024-06-26,23.24,24.45,23.23,24.43,23.41,1835707,43920401.42,shares,0
2024-06-27,24.43,24.69,23.81,23.82,24.43,1275938,30812523.94,shares,0
2024-06-28,24.0,24.85,23.73,24.33,23.82,2131188,52176404.16,shares,0
2024-07-01,24.16,24.55,23.55,23.91,24.33,1994050,47680158.0,shares,0
2024-07-02,24.02,24.02,23.5,23.56,23.91,1555200,36768931.12,shares,0
2024-07-03,23.56,23.66,23.23,23.33,23.56,1222480,28619786.8,shares,0
2024-07-04,23.44,23.71,22.78,22.94,23.33,1866997,43179023.34,shares,0
2024-07-05,22.78,23.3,22.76,23.23,22.94,1343100,30976685.0,shares,0
2024-07-08,23.24,23.38,22.66,22.75,23.23,1279899,29345757.88,shares,0
2024-07-09,22.75,24.18,22.58,24.01,22.75,3106246,73351334.79,shares,0
2024-07-10,23.86,24.15,23.55,23.62,24.01,1628900,38789914.0,shares,0
2024-07-11,24.01,24.25,23.74,23.98,23.62,2066200,49588255.0,shares,0
2024-07-12,23.98,24.0,23.61,23.73,23.98,1564035,37213894.2,shares,0
2024-07-15,23.71,23.81,23.4,23.5,23.73,1092500,25706512.0,shares,0
2024-07-16,23.38,23.73,23.28,23.6,23.5,907600,21368446.0,shares,0
2024-07-17,23.63,23.63,23.2,23.23,23.6,1111300,25921562.0,shares,0
2024-07-18,23.2,23.24,22.7,23.11,23.23,1326700,30440874.0,shares,0
2024-07-19,23.0,23.35,22.95,23.18,23.11,907000,21027872.0,shares,0
2024-07-22,23.24,23.34,23.0,23.15,23.18,989600,22914448.0,shares,0
2024-07-23,23.16,23.28,22.67,22.68,23.15,1172600,26877462.0,shares,0
2024-07-24,22.68,22.93,22.49,22.49,22.68,947227,21480499.37,shares,0
2024-07-25,22.21,22.87,22.21,22.58,22.49,862200,19434062.0,shares,0
2024-07-26,22.42,23.1,22.42,22.96,22.58,1015876,23271353.3,shares,0
2024-07-29,22.97,23.13,22.82,22.99,22.96,568142,13057885.9,shares,0
2024-07-30,22.99,23.19,22.78,23.11,22.99,823324,18952980.22,shares,0
2024-07-31,23.11,24.13,23.1,23.82,23.11,2271845,53916552.19,shares,0
2024-08-01,23.84,23.96,23.72,23.81,23.82,1502700,35847101.0,shares,0
2024-08-02,23.69,23.88,23.15,23.23,23.81,1241900,29155391.0,shares,0
2024-08-05,23.02,23.3,22.47,22.53,23.23,1614600,36839926.0,shares,0
2024-08-06,22.76,22.93,22.3,22.63,22.53,1014800,22925689.0,shares,0
2024-08-07,24.89,24.89,24.89,24.89,22.63,3154440,78514011.6,shares,0
2024-08-08,27.02,27.05,24.7,24.74,24.89,13517617,352918394.92,shares,0
2024-08-09,24.02,25.96,23.55,25.0,24.74,10345282,253168165.46,shares,0
2024-08-12,24.1,25.0,23.8,24.49,25.0,5459080,133447407.4,shares,0
2024-08-13,24.24,24.52,23.72,23.96,24.49,4024600,96682543.0,shares,0
2024-08-14,24.08,24.19,23.55,23.71,23.96,3355440,80007629.0,shares,0
2024-08-15,23.66,24.28,23.36,24.02,23.71,3538500,84777008.0,shares,0
2024-08-16,23.46,23.72,22.97,23.0,23.51,3271800,76251774.4,shares,0
2024-08-19,22.99,23.42,22.82,23.05,23.0,2132080,49353136.0,shares,0
2024-08-20,23.16,23.17,22.53,22.64,23.05,2093100,47655955.0,shares,0
2024-08-21,22.54,22.76,22.44,22.48,22.64,1055354,23861030.64,shares,0
2024-08-22,22.45,22.64,21.98,21.99,22.48,1568054,34789415.92,shares,0
2024-08-23,22.11,22.4,21.98,22.32,21.99,1651997,36747260.94,shares,0
2024-08-26,23.21,23.21,22.47,22.56,22.32,2475800,56452544.0,shares,0
2024-08-27,22.3,22.98,22.13,22.35,22.56,1863043,41628474.91,shares,0
2024-08-28,22.11,22.5,22.11,22.47,22.35,1259900,28161342.0,shares,0
2024-08-29,22.2,22.8,22.12,22.69,22.47,1983913,44771820.36,shares,0
2024-08-30,22.66,23.3,22.56,23.0,22.69,2431300,56122211.0,shares,0
2024-09-02,22.86,23.11,22.4,22.43,23.0,1769702,40168373.82,shares,0
2024-09-03,22.3,22.75,22.3,22.73,22.43,1284502,29006798.72,shares,0
2024-09-04,22.51,23.19,22.51,22.79,22.73,1273100,28992284.0,shares,0
2024-09-05,22.78,23.1,22.75,22.94,22.79,1190700,27280067.0,shares,0
2024-09-06,23.0,23.0,22.51,22.56,22.94,1418500,32144486.0,shares,0
2024-09-09,22.42,22.65,22.31,22.41,22.56,1064800,23925715.0,shares,0
2024-09-10,22.42,22.84,22.18,22.68,22.41,1316567,29597860.55,shares,0
2024-09-11,22.18,22.8,22.18,22.66,22.68,879700,19920174.0,shares,0
2024-09-12,23.06,23.06,22.55,22.55,22.66,1134600,25822919.0,shares,0
2024-09-13,22.61,22.75,22.3,22.35,22.55,1139410,25623740.03,shares,0
2024-09-18,22.36,22.52,22.06,22.27,22.35,1112500,24780516.0,shares,0
2024-09-19,22.35,22.77,22.12,22.56,22.27,1347300,30304529.0,shares,0
2024-09-20,22.6,22.72,22.42,22.55,22.56,1042800,23506492.0,shares,0
2024-09-23,22.69,22.89,22.49,22.53,22.55,1446500,32769025.0,shares,0
2024-09-24,22.63,23.1,22.43,23.1,22.53,2789600,63758244.0,shares,0
2024-09-25,23.3,23.76,23.25,23.32,23.1,3027410,71201048.15,shares,0
2024-09-26,23.4,23.97,23.32,23.97,23.32,3119019,73910677.68,shares,0
2024-09-27,24.03,25.1,24.03,24.88,23.97,3001349,74059338.96,shares,0
2024-09-30,25.96,27.17,25.43,27.0,24.88,8085292,213709865.88,shares,0
2024-10-08,29.7,29.7,28.0,29.48,27.0,10799550,314667973.92,shares,0
2024-10-09,28.8,28.93,26.86,26.91,29.48,7494012,209207468.28,shares,0
2024-10-10,27.99,27.99,26.83,27.05,26.91,4216553,115413267.52,shares,0
2024-10-11,27.39,27.39,25.45,25.82,27.05,3898339,101812058.63,shares,0
2024-10-14,26.22,26.4,25.45,26.35,25.82,3213200,83600257.0,shares,0
2024-10-15,26.26,26.68,25.69,25.7,26.35,2804000,73320934.0,shares,0
2024-10-16,25.33,25.9,25.22,25.45,25.7,2374637,60575520.1,shares,0
2024-10-17,25.69,25.79,25.21,25.24,25.45,2472943,63056673.46,shares,0
2024-10-18,25.1,26.87,25.06,26.34,25.24,4940600,128804232.0,shares,0
2024-10-21,26.92,27.23,26.2,26.53,26.34,4810811,128423160.97,shares,0
2024-10-22,26.92,27.12,26.38,26.9,26.53,3947458,105706839.58,shares,0
2024-10-23,26.88,27.75,26.66,27.36,26.9,4456500,121945216.0,shares,0
2024-10-24,27.46,27.75,26.95,27.51,27.36,3782200,103458033.0,shares,0
2024-10-25,28.61,28.61,27.36,28.03,27.51,4807000,134445141.0,shares,0
2024-10-28,27.89,27.89,27.56,27.8,28.03,3789500,105016022.0,shares,0
2024-10-29,27.79,27.9,27.28,27.46,27.8,3483500,96223098.0,shares,0
2024-10-30,27.29,27.75,27.11,27.41,27.46,2611400,71586711.0,shares,0
2024-10-31,27.32,28.39,27.25,28.17,27.41,5467900,152109820.0,shares,0
2024-11-01,28.03,28.03,26.79,26.92,28.17,5819909,158268064.27,shares,0
2024-11-04,27.46,27.95,26.92,27.91,26.92,4596162,127116239.32,shares,0
2024-11-05,27.85,28.63,27.7,28.62,27.91,4839395,137287825.55,shares,0
2024-11-06,28.94,28.96,28.1,28.31,28.62,4470704,127421061.76,shares,0
2024-11-07,28.3,28.55,28.06,28.48,28.31,3396981,96281100.43,shares,0
2024-11-08,28.63,29.48,28.55,29.09,28.48,5874966,170641153.5,shares,0
2024-11-11,32.0,32.0,30.05,30.67,29.09,17183672,530470161.84,shares,0
2024-11-12,30.21,30.51,29.27,29.58,30.67,9793211,291838274.56,shares,0
2024-11-13,29.5,30.24,29.18,29.84,29.58,5592484,166777982.87,shares,0
2024-11-14,30.01,30.23,29.09,29.15,29.84,4488398,133089191.0,shares,0
2024-11-15,29.15,29.42,28.43,28.45,29.15,3564284,103174247.08,shares,0
2024-11-18,28.63,28.97,28.16,28.36,28.45,4038398,115169694.58,shares,0
2024-11-19,28.36,28.87,28.22,28.8,28.36,3344798,95479469.82,shares,0
2024-11-20,28.99,29.0,28.4,28.73,28.8,3285160,94237741.6,shares,0
2024-11-21,28.82,29.19,28.26,28.52,28.73,3252353,93289288.13,shares,0
2024-11-22,28.5,28.73,27.62,27.64,28.52,3980091,112451351.26,shares,0
2024-11-25,28.01,29.91,27.75,28.7,27.64,9238397,269311368.38,shares,0
2024-11-26,28.46,29.17,28.03,28.06,28.7,4293153,121518866.72,shares,0
2024-11-27,27.85,28.79,27.53,28.79,28.06,3675195,103423673.04,shares,0
2024-11-28,28.72,28.79,28.21,28.3,28.79,2362800,67298104.0,shares,0
2024-11-29,28.32,29.06,28.21,28.78,28.3,3205600,91924535.0,shares,0
2024-12-02,28.63,29.34,28.5,28.9,28.78,3346472,96642507.64,shares,0
2024-12-03,28.9,28.98,28.52,28.7,28.9,2384972,68536850.68,shares,0
2024-12-04,28.69,28.85,28.13,28.29,28.7,2634300,74925083.0,shares,0
2024-12-05,28.36,28.5,28.1,28.2,28.29,2548234,72139750.84,shares,0
2024-12-06,28.24,28.43,27.92,28.36,28.2,2431400,68680626.0,shares,0
2024-12-09,28.3,28.46,27.86,28.15,28.36,2564600,72135388.0,shares,0
2024-12-10,28.96,28.96,28.1,28.17,28.15,2906582,82658639.04,shares,0
2024-12-11,28.08,28.42,28.08,28.29,28.17,1897800,53698379.0,shares,0
2024-12-12,28.31,28.4,28.04,28.35,28.29,2124500,59985545.0,shares,0
2024-12-13,28.3,28.47,27.95,28.0,28.35,2371958,66700291.98,shares,0
2024-12-16,28.27,28.69,27.85,27.91,28.0,4702250,132944553.5,shares,0
2024-12-17,27.98,28.38,27.64,27.97,27.91,3605400,101008107.0,shares,0
2024-12-18,27.85,28.53,27.72,28.23,27.97,3147700,88557628.0,shares,0
2024-12-19,28.02,31.05,27.91,31.05,28.23,17147340,516961723.21,shares,0
2024-12-20,30.6,30.99,29.8,30.07,31.05,17472025,527467658.73,shares,0
2024-12-23,30.07,30.69,29.55,29.71,30.07,9997972,299627268.33,shares,0
2024-12-24,30.0,31.58,29.9,30.51,29.71,12218887,371992287.09,shares,0
2024-12-25,30.31,31.09,29.78,30.79,30.51,9552597,289857742.12,shares,0
2024-12-26,30.41,32.6,30.05,32.29,30.79,16981499,541603246.96,shares,0
2024-12-27,31.68,32.35,31.33,31.57,32.29,13522614,430439683.95,shares,0
2024-12-30,31.93,32.32,31.28,31.78,31.57,8998140,286252147.27,shares,0
2024-12-31,31.47,31.52,29.87,29.89,31.78,9852598,300158490.83,shares,0
2025-01-02,29.73,30.04,28.19,28.52,29.89,6711882,194404400.34,shares,0
2025-01-03,28.66,28.87,27.5,27.69,28.52,6161748,174160888.68,shares,0
2025-01-06,27.95,28.6,27.31,27.65,27.69,4254700,118559866.0,shares,0
2025-01-07,27.55,29.25,27.47,28.79,27.65,6161100,174363792.0,shares,0
2025-01-08,28.84,29.95,28.37,29.44,28.79,7628600,221883810.0,shares,0
2025-01-09,28.68,29.45,28.68,28.81,29.44,4551800,131846181.0,shares,0
2025-01-10,28.65,28.79,27.45,27.49,28.81,4701200,132013806.0,shares,0
2025-01-13,27.23,27.24,26.51,26.64,27.49,3553300,95423739.0,shares,0
2025-01-14,26.87,28.46,26.61,28.41,26.64,5116500,142111952.0,shares,0
2025-01-15,28.2,30.81,28.13,29.76,28.41,9441842,278932973.32,shares,0
2025-01-16,29.76,30.0,29.23,29.75,29.76,4897600,145126440.0,shares,0
2025-01-17,29.74,30.15,29.31,30.06,29.75,4722603,140634686.27,shares,0
2025-01-20,30.48,30.55,29.7,30.01,30.06,4796201,144407850.01,shares,0
2025-01-21,30.3,30.59,30.0,30.42,30.01,4606621,139617527.09,shares,0
2025-01-22,30.26,32.12,30.26,31.69,30.42,11402000,357749796.89,shares,0
2025-01-23,31.72,34.86,31.65,34.86,31.69,12040923,415205581.44,shares,0
2025-01-24,35.28,38.35,35.05,38.35,34.86,14240750,533130551.53,shares,0
2025-01-27,42.19,42.19,40.93,41.8,38.35,38932878,1633913712.76,shares,0
2025-02-05,38.04,38.8,37.62,37.62,41.8,3706300,140604302.0,shares,0
2025-02-06,35.0,40.14,33.86,39.4,37.62,36471929,1298442317.67,shares,0
2025-02-07,38.2,40.49,37.86,39.66,39.4,25312678,994787502.0,shares,0
2025-02-10,39.5,40.35,38.81,39.52,39.66,15743135,623854671.3,shares,0
2025-02-11,39.39,41.19,38.99,39.26,39.52,14315606,568517149.37,shares,0
2025-02-12,39.34,40.19,38.58,39.57,39.26,12299298,484846651.58,shares,0
2025-02-13,39.3,39.62,37.8,37.88,39.57,11356826,438151146.29,shares,0
2025-02-14,37.9,38.8,37.6,38.06,37.88,7542189,287868468.97,shares,0
2025-02-17,37.6,38.11,36.94,37.4,38.06,9166182,342980367.17,shares,0
2025-02-18,37.4,37.88,36.43,36.7,37.4,6902800,257085268.0,shares,0
2025-02-19,36.7,37.48,36.66,37.26,36.7,6169335,229385003.56,shares,0
2025-02-20,37.08,37.5,36.5,36.92,37.26,5995900,221878971.0,shares,0
2025-02-21,36.97,39.24,36.97,38.85,36.92,14866824,571238010.71,shares,0
2025-02-24,38.86,42.74,38.38,42.74,38.85,14465283,597886471.11,shares,0
2025-02-25,40.61,46.99,40.4,43.09,42.74,26821955,1136302171.56,shares,0
2025-02-26,42.92,43.0,41.0,42.2,43.09,15258596,639357439.48,shares,0
2025-02-27,41.83,42.2,39.77,40.55,42.2,13380202,545955749.74,shares,0
2025-02-28,39.78,40.38,36.5,36.5,40.55,12095700,456186227.0,shares,0
2025-03-03,36.63,37.0,35.35,35.76,36.5,7876900,284213234.0,shares,0
2025-03-04,35.25,38.0,35.13,36.9,35.76,8547600,312902477.48,shares,0
2025-03-05,39.0,39.5,36.64,37.31,36.9,10023960,378445020.48,shares,0
2025-03-06,37.52,38.68,37.32,37.84,37.31,8210282,310959838.72,shares,0
2025-03-07,37.73,38.1,36.6,36.87,37.84,6616400,246723998.0,shares,0
2025-03-10,36.9,37.92,36.51,37.58,36.87,6199449,230605133.42,shares,0
2025-03-11,36.69,37.54,36.18,36.44,37.58,6833458,250613856.5,shares,0
2025-03-12,36.87,38.1,36.52,37.16,36.44,8673288,324711843.24,shares,0
2025-03-13,37.18,37.84,36.51,36.67,37.16,6977045,258790779.71,shares,0
2025-03-14,36.42,38.7,36.28,37.39,36.67,9628433,362199068.21,shares,0
2025-03-17,37.55,39.47,37.55,38.15,37.39,10161733,390491794.31,shares,0
2025-03-18,38.15,38.35,37.28,37.64,38.15,5585906,210665964.6,shares,0
2025-03-19,37.3,37.38,36.12,36.18,37.64,6789710,247640189.72,shares,0
2025-03-20,36.14,36.4,35.9,36.06,36.18,3550124,128319751.54,shares,0
2025-03-21,35.81,36.14,35.26,35.26,36.06,4113479,146468992.68,shares,0
2025-03-24,35.2,35.6,33.9,34.88,35.26,7233312,248594848.46,shares,0
2025-03-25,34.72,35.15,33.74,33.97,34.88,4320000,148155903.9,shares,0
2025-03-26,33.88,34.33,33.86,34.05,33.97,2401900,81995324.79,shares,0
2025-03-27,34.1,34.51,33.65,34.12,34.05,3124454,106724410.45,shares,0
2025-03-28,34.12,34.38,33.64,33.81,34.12,2319000,78662400.0,shares,0
2025-03-31,33.81,34.93,33.54,33.85,33.81,4479483,152755881.3,shares,0
2025-04-01,33.95,34.38,33.66,34.02,33.85,3356591,114095372.99,shares,0
2025-04-02,34.06,35.1,33.91,34.36,34.02,4233383,145797289.17,shares,0
2025-04-03,33.51,34.29,33.5,34.0,34.36,3617400,123027491.0,shares,0
2025-04-07,32.0,32.89,30.6,30.6,34.0,6044800,190237027.72,shares,0
2025-04-08,30.59,30.99,28.97,29.94,30.6,6100001,182064033.67,shares,0
2025-04-09,29.49,30.65,28.07,30.29,29.94,6758878,198898305.68,shares,0
2025-04-10,31.0,31.93,31.0,31.22,30.29,5422301,170605958.47,shares,0
2025-04-11,31.0,32.04,30.88,31.53,31.22,3953902,124840619.94,shares,0
2025-04-14,32.07,32.21,31.37,31.44,31.53,3539361,111859978.23,shares,0
2025-04-15,31.45,31.5,30.78,31.04,31.44,2755100,85383542.0,shares,0
2025-04-16,30.67,30.98,30.05,30.4,31.04,2358000,71823273.0,shares,0
2025-04-17,30.11,30.67,29.92,29.95,30.4,3091500,93404425.0,shares,0
2025-04-18,29.95,30.9,29.73,30.49,29.95,5379560,163859241.8,shares,0
2025-04-21,30.8,31.28,30.34,31.07,30.49,3690300,114369267.0,shares,0
2025-04-22,30.85,31.01,30.65,30.71,31.07,2329088,71740789.44,shares,0
2025-04-23,31.21,31.76,31.0,31.36,30.71,3542000,111067583.0,shares,0
2025-04-24,31.24,32.12,31.07,31.74,31.36,5503501,174706478.7,shares,0
2025-04-25,31.74,33.2,31.72,31.75,31.74,3967758,127837045.11,shares,0
2025-04-28,31.55,32.6,31.41,32.16,31.75,4120300,131991222.0,shares,0
2025-04-29,33.55,33.88,32.28,33.4,32.16,8082711,266517871.93,shares,0
2025-04-30,32.94,33.1,31.89,32.86,33.4,7521280,244328296.6,shares,0
2025-05-06,33.54,35.5,33.4,34.55,32.86,10372404,358616023.88,shares,0
2025-05-07,34.92,35.1,34.22,34.54,34.55,5269000,182220315.0,shares,0
2025-05-08,34.48,37.21,34.48,36.52,34.54,9379888,340588026.24,shares,0
2025-05-09,36.02,36.28,35.43,35.5,36.52,5304102,189734494.69,shares,0
2025-05-12,35.7,35.85,35.15,35.68,35.5,5119399,181777152.68,shares,0
2025-05-13,37.0,37.08,35.25,35.38,35.68,7077600,254866812.0,shares,0
2025-05-14,35.26,36.48,35.21,35.38,35.38,5454500,194837812.0,shares,0
2025-05-15,35.22,35.25,33.99,34.04,35.38,5951030,204694580.2,shares,0
2025-05-16,34.14,34.63,33.86,34.28,34.04,2516801,86408287.48,shares,0
2025-05-19,34.38,34.53,33.6,33.92,34.28,3021500,102441643.26,shares,0
2025-05-20,33.83,34.0,33.37,33.82,33.92,3139033,105773785.36,shares,0
2025-05-21,33.82,33.98,33.21,33.49,33.82,2534630,84850732.2,shares,0
2025-05-22,33.4,33.7,32.99,33.09,33.49,2021400,67344885.0,shares,0
2025-05-23,33.1,33.26,32.25,32.33,33.09,2714901,88869246.65,shares,0
2025-05-26,32.33,32.62,32.18,32.5,32.33,1992442,64538150.82,shares,0
2025-05-27,32.5,32.54,32.15,32.35,32.5,1634642,52817063.44,shares,0
2025-05-28,32.61,32.67,32.2,32.51,32.35,1953351,63384749.17,shares,0
2025-05-29,32.51,33.27,32.45,33.07,32.51,3571139,117970204.96,shares,0
2025-05-30,33.0,33.01,31.84,31.97,33.07,3574000,115133119.5,shares,0
2025-06-03,31.94,34.09,31.7,33.28,31.97,5987970,199023388.2,shares,0
2025-06-04,33.3,34.4,33.26,34.17,33.28,6470520,220746342.12,shares,0
2025-06-05,34.18,34.98,33.61,34.84,34.17,5894478,202844066.22,shares,0
2025-06-06,34.93,36.0,34.82,34.93,34.84,6501580,228541702.0,shares,0
2025-06-09,35.02,35.3,34.44,34.64,34.93,4153300,144494752.0,shares,0
2025-06-10,34.67,34.8,34.05,34.2,34.64,3848778,132248125.82,shares,0
2025-06-11,34.3,34.5,33.85,33.85,34.2,2754000,93861817.0,shares,0
2025-06-12,33.73,34.72,33.7,34.0,33.85,3918300,134301164.0,shares,0
2025-06-13,33.7,34.14,33.24,33.52,34.0,3253000,109175327.2,shares,0
2025-06-16,33.41,35.05,33.41,34.88,33.52,5648620,196166248.8,shares,0
2025-06-17,34.92,35.0,34.37,34.5,34.88,3078600,106403841.4,shares,0
2025-06-18,34.49,34.95,34.15,34.79,34.5,2976520,102893098.6,shares,0
2025-06-19,34.83,38.27,34.83,37.1,34.79,14584606,542393004.11,shares,0
2025-06-20,37.15,39.5,36.34,38.58,37.1,17795018,684683001.43,shares,0
2025-06-23,37.84,39.15,37.6,38.14,38.58,9812763,374050334.25,shares,0
2025-06-24,38.53,39.45,37.88,38.28,38.14,7429700,284760848.74,shares,0
2025-06-25,38.35,39.1,38.11,38.53,38.28,8671901,334383363.79,shares,0
2025-06-26,38.4,39.88,38.2,38.9,38.53,9320880,364455555.0,shares,0
2025-06-27,38.9,40.48,37.87,39.78,38.9,9439500,371425648.8,shares,0
2025-06-30,40.16,41.1,39.62,40.72,39.78,8134700,329112726.0,shares,0
2025-07-01,40.98,40.98,39.6,40.05,40.72,4660100,186521830.0,shares,0
2025-07-02,40.0,40.05,38.77,39.1,40.05,5929800,232653503.0,shares,0
2025-07-03,39.2,39.67,38.74,39.39,39.1,3877183,152316955.39,shares,0
2025-07-04,39.27,39.47,38.03,38.15,39.39,7920355,304050340.35,shares,0
2025-07-07,37.5,38.3,37.31,37.59,38.15,4212900,158415841.0,shares,0
2025-07-08,37.59,39.8,37.4,39.36,37.59,7721600,299887581.0,shares,0
2025-07-09,39.3,39.3,38.52,38.66,39.36,4044125,157271757.75,shares,0
2025-07-10,38.66,40.0,38.44,39.04,38.66,7286619,285937235.35,shares,0
2025-07-11,39.0,39.72,38.6,38.61,39.04,5153003,200781837.56,shares,0
2025-07-14,38.5,40.06,38.37,39.35,38.61,6681511,264031582.29,shares,0
2025-07-15,39.25,40.17,38.94,39.41,39.35,7261100,287810777.43,shares,0
2025-07-16,39.55,40.89,39.21,39.4,39.41,9353100,374019640.99,shares,0
2025-07-17,38.52,43.34,38.52,43.34,39.4,12024261,498531824.96,shares,0
2025-07-18,43.4,44.77,42.38,42.47,43.34,17493366,759286859.03,shares,0
2025-07-21,41.88,43.41,41.8,41.96,42.47,12614210,535213441.9,shares,0
2025-07-22,41.81,43.66,41.36,41.43,41.96,10849901,457078718.66,shares,0
2025-07-23,41.05,42.22,40.42,41.33,41.43,9977200,412530948.9,shares,0
2025-07-24,41.68,41.85,40.42,40.6,41.33,8839410,361423887.9,shares,0
2025-07-25,40.21,40.98,40.01,40.31,40.6,8118000,328437097.0,shares,0
2025-07-28,40.85,41.11,40.12,40.4,40.31,8994596,364402019.38,shares,0
2025-07-29,40.5,44.32,40.22,44.2,40.4,20090621,850183683.63,shares,0
2025-07-30,43.29,48.62,43.09,48.62,44.2,24825633,1149942310.6,shares,0
2025-07-31,48.88,53.48,48.88,50.85,48.62,30328621,1586340213.48,shares,0
2025-08-01,50.34,52.62,49.01,50.73,50.85,19666637,1002556870.79,shares,0
2025-08-04,49.91,53.0,49.54,51.82,50.73,16296908,841374304.24,shares,0
2025-08-05,53.3,57.0,51.18,57.0,51.82,25951827,1403521247.92,shares,0
2025-08-06,54.49,56.33,52.82,53.08,57.0,21818589,1180213706.58,shares,0
2025-08-07,52.39,55.97,50.46,53.8,53.08,23436147,1228668655.38,shares,0
2025-08-08,53.27,56.88,52.61,55.72,53.8,19999424,1105627448.47,shares,0
2025-08-11,55.0,57.75,54.14,54.9,55.72,16280200,903926484.37,shares,0
2025-08-12,54.5,57.03,53.72,55.95,54.9,14775884,819441634.32,shares,0
2025-08-13,56.09,58.45,55.0,57.23,55.95,20517512,1162998246.03,shares,0
2025-08-14,57.6,57.68,52.73,52.75,57.23,19055450,1035722054.43,shares,0
2025-08-15,53.0,53.78,52.48,53.24,52.75,11968326,635673727.0,shares,0
2025-08-18,53.16,56.81,52.5,55.37,53.24,17464342,962421457.22,shares,0
2025-08-19,55.5,60.91,55.18,59.23,55.37,22991441,1346087826.97,shares,0
2025-08-20,57.95,62.0,56.2,61.58,59.23,20478117,1202844542.74,shares,0
2025-08-21,60.02,60.93,55.77,56.39,61.58,20034991,1154787805.39,shares,0
2025-08-22,55.24,60.54,55.2,58.98,56.39,18320612,1071944703.15,shares,0
2025-08-25,64.88,64.88,64.88,64.88,58.98,4311505,279730444.4,shares,0
2025-08-26,71.07,71.07,69.06,71.07,64.61,19251372,1362113390.74,shares,0
2025-08-27,72.0,78.18,69.95,75.41,71.07,34825080,2595278382.83,shares,0
2025-08-28,75.41,82.95,75.4,82.95,75.41,6018621,483633000.76,shares,0
2025-08-29,91.25,91.25,88.01,91.25,82.95,18848268,1716225605.37,shares,0
2025-09-01,92.5,95.8,88.13,91.98,91.25,35722978,3272648643.71,shares,0
2025-09-02,90.15,95.0,82.78,82.78,91.98,27889542,2446423569.58,shares,0
2025-09-03,83.2,91.06,81.12,91.06,82.78,21696630,1922364193.24,shares,0
2025-09-04,97.0,97.0,81.95,86.0,91.06,31543680,2707713029.19,shares,0
2025-09-05,84.0,91.3,84.0,89.85,86.0,32002276,2832967106.46,shares,0
2025-09-08,83.66,86.0,80.87,83.97,89.85,25122621,2067807891.79,shares,0
2025-09-09,84.0,90.58,80.0,88.71,83.97,24451687,2135575837.69,shares,0
2025-09-10,91.81,93.0,83.5,87.61,88.71,24021991,2097355211.16,shares,0
2025-09-11,88.5,95.36,85.39,93.25,87.61,28517488,2616303994.03,shares,0
2025-09-12,89.96,92.88,88.01,89.3,93.25,23287748,2093258838.96,shares,0
2025-09-15,88.0,91.68,86.11,86.95,89.3,17360320,1529324444.71,shares,0
2025-09-16,88.0,95.65,85.85,95.65,86.95,20004736,1832388481.1,shares,0
2025-09-17,96.98,104.74,93.4,99.68,95.65,30123564,2965063492.52,shares,0
2025-09-18,99.68,109.65,96.0,109.65,99.68,26244954,2703307580.2,shares,0
2025-09-19,115.1,120.62,111.91,120.62,109.65,24747192,2931302736.74,shares,0
2025-09-22,120.54,120.54,108.56,115.28,120.62,31902087,3588212980.26,shares,0
2025-09-23,115.3,120.0,110.01,117.27,115.28,23842762,2753957717.33,shares,0
2025-09-24,112.3,113.59,105.6,110.3,117.27,18672358,2052214311.11,shares,0
2025-09-25,107.35,112.95,105.04,108.08,110.3,15041575,1636417382.41,shares,0
2025-09-26,106.45,110.8,103.0,103.0,108.08,13405858,1425609453.32,shares,0
2025-09-29,102.65,108.0,102.0,105.55,103.0,11289751,1185497404.2,shares,0
2025-09-30,105.54,106.2,99.72,100.84,105.55,13912076,1417285918.59,shares,0
2025-10-09,100.92,102.65,97.7,97.98,100.84,11868955,1178782829.38,shares,0
2025-10-10,98.24,98.55,90.64,91.23,97.98,15601153,1463550492.76,shares,0
2025-10-13,86.15,89.87,86.15,88.6,91.23,9639151,849604938.97,shares,0
2025-10-14,89.51,91.99,84.95,85.18,88.6,11126292,985274216.13,shares,0
2025-10-15,86.06,86.68,83.0,86.01,85.18,10764597,913274707.27,shares,0
2025-10-16,85.78,87.88,85.1,85.66,86.01,7790115,673059969.68,shares,0
2025-10-17,90.0,90.0,82.23,82.6,85.66,14426359,1214712054.25,shares,0
2025-10-20,84.25,85.94,81.24,82.33,82.6,12828960,1072822458.74,shares,0
2025-10-21,82.49,90.56,81.54,87.98,82.33,25689904,2228778391.4,shares,0
2025-10-22,86.74,93.25,85.48,91.59,87.98,22468453,1995135381.74,shares,0
2025-10-23,89.93,89.93,83.38,85.48,91.59,17265612,1478904257.75,shares,0
2025-10-24,86.7,92.19,84.75,89.89,85.48,19429723,1730169477.6,shares,0
2025-10-27,91.5,95.0,90.64,93.38,89.89,20485216,1908645178.12,shares,0
2025-10-28,94.19,95.29,90.78,91.27,93.38,14925210,1384143843.08,shares,0
2025-10-29,91.27,92.33,87.82,91.0,91.27,13684697,1229731521.17,shares,0
2025-10-30,90.01,91.83,87.4,88.5,91.0,10171263,909216593.16,shares,0
2025-10-31,87.0,87.39,83.8,84.89,88.5,11062017,942026954.98,shares,0
2025-11-03,84.01,85.68,82.9,85.06,84.89,7542201,636274760.77,shares,0
2025-11-04,85.58,85.58,82.0,82.58,85.06,5800556,482205843.49,shares,0
2025-11-05,81.0,84.0,80.27,80.75,82.58,9334714,758936569.55,shares,0
2025-11-06,80.75,83.99,80.75,83.2,80.75,9347095,772057672.81,shares,0
2025-11-07,82.0,82.79,80.2,81.73,83.2,6976053,568249317.25,shares,0
2025-11-10,80.79,82.0,78.03,79.95,81.73,8722618,692371588.68,shares,0
2025-11-11,81.21,81.77,78.71,79.39,79.95,7563596,606934715.46,shares,0
2025-11-12,79.4,79.78,76.76,78.25,79.39,6242523,485990374.04,shares,0
2025-11-13,78.2,79.06,77.38,78.35,78.25,5502866,430152504.96,shares,0
2025-11-14,77.22,82.62,76.18,79.44,78.35,15041588,1199514763.64,shares,0
2025-11-17,78.44,83.0,78.4,81.1,79.44,12758949,1029005625.73,shares,0
2025-11-18,80.31,83.46,78.62,81.2,81.1,14837871,1202668366.18,shares,0
2025-11-19,81.44,86.5,80.18,83.68,81.2,20769668,1733886201.84,shares,0
2025-11-20,86.0,86.58,78.0,78.41,83.68,16659222,1339632380.11,shares,0
2025-11-21,74.0,74.94,72.28,72.84,78.41,10848815,797925562.13,shares,0
2025-11-24,74.2,75.42,72.7,73.64,72.84,8348572,615453249.85,shares,0
2025-11-25,74.96,81.0,74.61,81.0,73.64,9453380,743367603.8,shares,0
2025-11-26,83.0,89.1,82.33,85.64,81.0,30420311,2596842901.32,shares,0
2025-11-27,85.47,93.48,84.76,87.3,85.64,27852528,2451651586.63,shares,0
2025-11-28,85.0,90.96,84.5,87.08,87.3,19966446,1733446165.44,shares,0
2025-12-01,87.12,87.48,85.08,85.57,87.08,12476916,1070471946.78,shares,0
2025-12-02,84.0,84.6,82.44,83.11,85.57,10824688,902738107.97,shares,0
2025-12-03,83.57,85.4,82.67,83.02,83.11,10352801,869222653.4,shares,0
2025-12-04,81.56,83.68,80.6,82.64,83.02,9178674,755032376.6,shares,0
2025-12-05,82.4,84.93,80.78,83.63,82.64,11477452,956932715.47,shares,0
2025-12-08,83.65,91.5,83.64,88.31,83.63,22576105,1992249252.24,shares,0
2025-12-09,88.38,91.03,87.81,89.48,88.31,19575065,1752723267.63,shares,0
2025-12-10,88.93,98.43,87.57,98.43,89.48,30978871,2898314319.08,shares,0
2025-12-11,102.0,106.06,95.96,101.27,98.43,33174537,3387586911.28,shares,0
2025-12-12,98.97,108.0,98.5,105.72,101.27,27414785,2843963627.51,shares,0
2025-12-15,101.39,101.4,95.15,95.15,105.72,20828859,2009841386.11,shares,0
2025-12-16,94.32,94.82,88.31,89.3,95.15,20378140,1848441344.47,shares,0
2025-12-17,93.0,98.23,93.0,98.23,89.3,23778984,2300456883.76,shares,0
2025-12-18,102.0,108.05,102.0,108.05,98.23,29292531,3139669428.09,shares,0
2025-12-19,110.0,118.78,105.0,115.5,108.05,37516780,4262515507.86,shares,0
2025-12-22,117.8,127.05,117.8,127.05,115.5,10806091,1331941100.95,shares,0
2025-12-23,124.95,128.05,122.0,126.07,127.05,26726896,3346172489.26,shares,0
2025-12-24,125.0,131.5,123.55,130.5,126.07,22513628,2895742743.7,shares,0
2025-12-25,128.99,129.99,122.37,125.0,130.5,20267998,2529801642.53,shares,0
2025-12-26,124.0,124.5,119.47,121.86,125.0,16049420,1953629347.07,shares,0
2025-12-29,119.99,123.0,119.0,120.75,121.86,11282991,1358176777.7,shares,0
2025-12-30,119.02,124.0,119.01,119.3,120.75,12893758,1564255688.37,shares,0
2025-12-31,120.54,121.0,115.55,116.36,119.3,13329773,1560707471.46,shares,0
2026-01-05,118.0,118.37,113.45,115.19,116.36,10659810,1230580884.83,shares,0
2026-01-06,114.41,114.78,112.08,113.92,115.19,10949939,1240513404.96,shares,0
2026-01-07,114.55,121.22,114.11,117.76,113.92,22086294,2593476107.12,shares,0
2026-01-08,116.59,117.0,111.48,111.63,117.76,16141671,1822919079.82,shares,0
2026-01-09,110.0,113.62,108.89,112.03,111.63,12011177,1337314001.62,shares,0
2026-01-12,111.89,111.95,107.89,110.48,112.03,11487757,1262364269.03,shares,0
2026-01-13,109.98,111.66,106.64,107.2,110.48,11109094,1206961630.4,shares,0
2026-01-14,109.3,109.73,105.33,107.2,107.2,11980706,1287592550.04,shares,0
2026-01-15,105.85,109.1,105.41,108.37,107.2,10089695,1083633953.8,shares,0
2026-01-16,111.1,116.86,111.1,114.4,108.37,21622732,2481447953.47,shares,0
2026-01-19,124.79,125.5,116.95,117.83,114.4,23418404,2834265804.52,shares,0
2026-01-20,118.0,122.23,112.56,118.4,117.83,18136596,2133054580.19,shares,0
2026-01-21,115.08,121.8,113.0,114.17,118.4,17691598,2068666347.86,shares,0
2026-01-22,113.97,114.85,109.18,110.13,114.17,12130444,1342166121.27,shares,0
2026-01-23,112.45,118.28,112.0,112.58,110.13,17570487,2019556589.97,shares,0
2026-01-26,113.82,123.84,112.58,123.84,112.58,14380688,1749332916.47,shares,0
2026-01-27,123.0,128.0,115.6,126.6,123.84,25568632,3127450029.88,shares,0
2026-01-28,139.26,139.26,128.2,135.3,126.6,29372241,3955003501.17,shares,0
2026-01-29,132.04,136.0,129.0,135.56,135.3,21197826,2813350060.38,shares,0
2026-01-30,132.99,149.12,131.67,149.12,135.56,22099274,3157220793.82,shares,0
2026-02-02,151.0,164.03,151.0,158.99,149.12,28567201,4531123093.83,shares,0
2026-02-03,160.0,168.5,156.0,165.22,158.99,21902314,3543742532.52,shares,0
2026-02-04,163.19,175.36,162.74,173.51,165.22,20647108,3520243632.24,shares,0
2026-02-05,164.83,169.2,157.0,161.76,173.51,16602823,2694834854.26,shares,0
2026-02-06,160.65,177.94,160.65,174.77,161.76,21213865,3702162142.81,shares,0
2026-02-09,181.3,192.25,171.23,192.25,174.77,19469552,3589992340.01,shares,0
2026-02-10,198.37,211.48,198.37,211.48,192.25,15565859,3239913113.2,shares,0
2026-02-11,208.08,225.87,208.08,218.26,211.48,20342832,4459299036.98,shares,0
2026-02-12,221.0,229.77,210.15,227.0,218.26,16956487,3773093912.08,shares,0
2026-02-13,225.0,226.99,211.2,213.39,227.0,16041942,3461357082.31,shares,0
2026-02-24,228.0,234.73,221.03,234.73,213.39,11923862,2735330606.12,shares,0
2026-02-25,240.0,244.88,218.51,228.55,234.73,20346910,4640757118.99,shares,0
2026-02-26,233.0,248.88,233.0,236.2,228.55,21625348,5192177527.03,shares,0
2026-02-27,223.09,237.95,215.08,231.31,236.2,19834378,4468564168.37,shares,0
2026-03-02,227.62,254.44,224.65,242.42,231.31,21467664,5278706820.95,shares,0
2026-03-03,242.52,253.87,235.0,236.0,242.42,18400158,4484926835.64,shares,0
2026-03-04,226.87,245.77,224.0,228.27,236.0,14035119,3232836712.73,shares,0
2026-03-05,233.0,236.01,219.59,223.36,228.27,14293877,3206240649.42,shares,0
2026-03-06,219.74,221.66,211.58,213.2,223.36,13741473,2949733046.08,shares,0
2026-03-09,204.78,211.91,196.12,211.91,213.2,13685937,2776506907.12,shares,0
2026-03-10,217.25,233.1,214.25,233.1,211.91,17054301,3800169466.43,shares,0
2026-03-11,244.75,256.41,244.66,250.01,233.1,24669630,6231166368.81,shares,0
2026-03-12,245.01,266.66,242.82,245.0,250.01,19616736,4947694783.4,shares,0
2026-03-13,243.78,254.97,241.06,241.9,245.0,15910513,3922417649.18,shares,0
2026-03-16,242.0,245.0,228.0,233.0,241.9,15235142,3564502701.06,shares,0
2026-03-17,232.98,232.98,213.8,215.81,233.0,16621603,3644213168.75,shares,0
2026-03-18,221.0,224.36,214.67,222.93,215.81,13780837,3026259668.58,shares,0
2026-03-19,212.0,222.93,212.0,215.93,222.93,10539010,2285693391.32,shares,0
2026-03-20,222.3,233.6,215.08,216.88,215.93,20501490,4588502591.62,shares,0
2026-03-23,213.54,222.64,209.6,212.1,216.88,14324645,3093159036.89,shares,0
2026-03-24,216.34,233.31,212.79,233.31,212.1,19516951,4320966944.0,shares,0
2026-03-25,246.0,256.64,243.0,256.64,233.31,21614004,5462444335.21,shares,0
2026-03-26,258.44,276.5,254.07,268.88,256.64,21681184,5743583517.42,shares,0
2026-03-27,258.0,279.66,252.25,274.26,268.88,20566185,5461666608.82,shares,0
2026-03-30,269.28,301.69,269.28,301.69,274.26,14917278,4346270138.68,shares,0
2026-03-31,300.0,320.0,287.01,309.49,301.69,21301014,6489851046.32,shares,0
2026-04-01,320.0,320.0,291.0,308.0,309.49,18290081,5554795108.59,shares,0
2026-04-02,304.9,338.8,304.9,332.49,308.0,19214226,6337712569.67,shares,0
2026-04-03,339.13,363.63,330.0,352.5,332.49,18651875,6523095990.99,shares,0
2026-04-07,351.5,368.0,346.0,357.1,352.5,17236472,6114347424.86,shares,0
2026-04-08,362.2,365.1,341.5,362.1,357.1,21878297,7734318438.95,shares,0
2026-04-09,354.86,398.31,353.0,398.31,362.1,21458321,8098605832.52,shares,0
2026-04-10,392.0,396.53,370.0,384.38,398.31,24883268,9500278889.28,shares,0
2026-04-13,372.0,375.88,360.0,369.18,384.38,23044209,8425001819.33,shares,0
2026-04-14,369.99,376.76,360.01,364.5,369.18,17459379,6413161412.57,shares,0
2026-04-15,360.12,371.8,352.0,358.61,364.5,17089867,6192221276.37,shares,0
2026-04-16,350.0,373.05,346.0,368.52,358.61,18079926,6539563616.84,shares,0
2026-04-17,367.44,372.64,360.35,365.89,368.52,15223111,5564071057.94,shares,0
2026-04-20,374.23,401.98,374.23,385.0,365.89,21011604,8151820598.68,shares,0
2026-04-21,377.3,386.66,360.52,381.58,385.0,15460824,5790020754.76,shares,0
2026-04-22,382.29,417.96,382.29,412.0,381.58,20262863,8180956316.5,shares,0
2026-04-23,411.2,422.88,381.5,385.02,412.0,21328566,8530146001.65,shares,0
2026-04-24,378.39,385.0,364.35,368.16,385.02,16406462,6118799352.48,shares,0
2026-04-27,378.0,394.0,374.09,377.5,368.16,17541034,6726492687.79,shares,0
2026-04-28,370.51,381.16,368.0,373.49,377.5,11231914,4196142921.39,shares,0
2026-04-29,365.0,375.99,358.1,370.52,373.49,12297447,4518087120.34,shares,0
2026-04-30,359.1,365.0,336.99,353.9,370.52,20776927,7244593592.11,shares,0
2026-05-06,362.0,370.0,353.5,361.05,353.9,17378892,6286263257.49,shares,0
2026-05-07,380.11,392.0,368.18,389.2,361.05,20203523,7725768832.88,shares,0
2026-05-08,373.38,405.0,373.0,397.23,389.2,19456188,7575673696.8,shares,0
2026-05-11,404.4,404.99,385.0,400.31,397.23,19399908,7699948538.17,shares,0
2026-05-12,406.05,430.0,406.0,411.46,400.31,17859226,7451922397.69,shares,0
2026-05-13,393.0,412.98,393.0,406.96,411.46,13853362,5614482466.73,shares,0
2026-05-14,410.82,419.68,398.72,404.7,406.96,14203067,5803734204.4,shares,0
2026-05-15,400.01,404.7,366.66,374.45,404.7,15527576,5918609601.59,shares,0
2026-05-18,368.0,401.99,367.5,399.48,374.45,16529908,6488808574.95,shares,0
2026-05-19,395.49,398.98,376.99,397.9,399.48,12450134,4850579365.35,shares,0
2026-05-20,396.9,406.42,382.01,397.95,397.9,12964466,5122592204.77,shares,0
2026-05-21,397.95,402.03,374.0,375.8,397.95,13743500,5323180019.76,shares,0
2026-05-22,380.0,389.98,375.86,388.66,375.8,10080227,3872286920.19,shares,0
2026-05-25,388.66,389.88,378.05,386.03,388.66,10855724,4154673433.73,shares,0
2026-05-26,384.0,384.99,358.48,363.93,386.03,14989738,5477698884.01,shares,0
2026-05-27,362.99,375.0,360.07,366.1,363.93,11470695,4209160458.01,shares,0
2026-05-28,360.66,373.0,351.37,370.55,366.1,11644350,4228194962.98,shares,0
2026-05-29,369.97,407.0,365.0,402.81,370.55,25333692,9891327972.03,shares,0
2026-06-01,399.99,399.99,367.0,371.58,402.81,18322340,6984984726.73,shares,0
2026-06-02,373.11,408.74,368.58,408.74,371.58,19754083,7838952148.38,shares,0
2026-06-03,423.0,449.61,420.99,444.99,408.74,21177245,9383791868.46,shares,0
2026-06-04,434.9,469.99,433.0,455.89,444.99,19068468,8763817197.82,shares,0
2026-06-05,455.95,487.1,436.01,441.67,455.89,20317467,9412681118.24,shares,0
2026-06-08,406.0,462.3,406.0,440.3,441.67,18911367,8228761081.64,shares,0
2026-06-09,454.0,484.33,447.1,484.33,440.3,17308172,8097716959.75,shares,0
2026-06-10,482.0,495.0,445.0,452.69,484.33,17984511,8371310562.24,shares,0
2026-06-11,443.68,459.96,431.1,442.51,452.69,11659593,5163895555.61,shares,0
2026-06-12,456.51,462.46,432.51,436.5,442.51,14907052,6630991954.87,shares,0
2026-06-15,440.0,452.88,421.01,450.3,436.5,14637452,6454327332.59,shares,0
2026-06-16,450.31,474.99,447.0,464.1,450.3,15003029,6973395675.99,shares,0
2026-06-17,452.01,464.69,445.38,460.5,464.1,13368118,6095028481.84,shares,0
2026-06-18,455.0,482.58,454.98,471.55,460.5,15895122,7461804586.23,shares,0
2026-06-22,494.78,518.71,490.1,518.71,471.55,8466096,4335875885.95,shares,0
2026-06-23,555.0,570.58,539.46,570.58,518.71,23056210,12928875317.22,shares,0
2026-06-24,558.2,594.0,553.18,580.0,570.58,18930229,10782440766.94,shares,0
2026-06-25,598.0,600.0,565.0,575.0,580.0,18012020,10446669333.92,shares,0
2026-06-26,565.07,582.0,533.0,543.0,575.0,15583536,8604797385.86,shares,0
2026-06-29,543.0,549.19,490.0,527.1,543.0,14210934,7409155681.52,shares,0
2026-06-30,540.0,549.9,522.69,545.9,527.1,12172821,6582570768.96,shares,0
2026-07-01,535.0,542.87,500.1,508.51,545.9,13503422,7040185120.84,shares,0
2026-07-02,480.01,495.5,460.99,464.37,508.51,11819804,5621137860.53,shares,0
2026-07-03,460.0,492.0,455.0,475.08,464.37,12467093,5929147482.29,shares,0
2026-07-06,489.0,489.0,429.0,441.94,475.08,13657675,6136207972.6,shares,0
2026-07-07,435.0,448.56,418.28,429.16,441.94,12572929,5428316252.85,shares,0
2026-07-08,434.31,439.16,407.68,410.0,429.16,10374858,4350655902.77,shares,0
2026-07-09,418.8,441.95,400.43,441.26,410.0,16019306,6769424559.26,shares,0
2026-07-10,441.26,466.98,414.93,415.03,441.26,18271456,8114342660.23,shares,0
2026-07-13,405.6,413.02,378.37,381.87,415.03,14036965,5516394625.04,shares,0
2026-07-14,381.86,402.97,371.01,400.18,381.87,13342487,5183496756.04,shares,0
2026-07-15,440.2,440.2,421.02,425.45,400.18,24158559,10494956932.97,shares,0
2026-07-16,391.2,413.08,384.0,401.74,425.45,16850841,6751771662.58,shares,0
2026-07-17,385.0,394.35,361.57,361.57,401.74,10225819,3788312530.71,shares,0
2026-07-20,370.7,396.88,346.22,382.0,361.57,22780524,8489532297.52,shares,0
2026-07-21,379.26,408.6,343.8,406.38,382.0,26978308,10104965233.27,shares,0
2026-07-22,387.2,397.0,366.0,366.05,406.38,19569692,7497944391.53,shares,0
2026-07-23,366.8,377.05,350.0,356.12,366.05,12637944,4584497777.71,shares,0
2026-07-24,346.0,352.0,329.5,331.65,356.12,14294067,4842097277.15,shares,0
2026-07-27,326.0,338.23,320.2,335.89,331.65,12424894,4099738771.98,shares,0
2026-07-28,324.2,328.98,302.3,302.3,335.89,10725197,3362576772.18,shares,0
2026-07-29,300.0,301.99,272.11,281.7,302.3,15918148,4483672162.45,shares,0
2026-07-30,281.7,292.0,255.55,262.66,281.7,14414196,3906493873.45,shares,0
2026-07-31,285.0,287.96,271.0,271.5,262.66,14432932,4046343703.91,shares,0
2026-08-03,270.81,275.57,259.0,262.3,271.5,8900874,2363108939.94,shares,0
2026-08-04,267.0,286.88,264.03,284.0,262.3,14147429,3922713483.06,shares,0
2026-08-05,270.0,312.4,269.0,312.4,284.0,15714045,4609200477.44,shares,0
2026-08-06,310.56,333.0,310.5,328.25,312.4,18989547,6111282206.86,shares,0
2026-08-07,328.04,345.0,326.88,338.69,328.25,16076415,5413294764.78,shares,0
2026-08-10,345.0,355.5,330.0,343.09,338.69,13956367,4760615204.55,shares,0
2026-08-11,334.0,344.0,325.56,335.92,343.09,10092628,3377442323.36,shares,0
2026-08-12,342.0,349.8,334.0,345.79,335.92,11028035,3791268598.47,shares,0
2026-08-13,352.0,356.5,337.21,337.51,345.79,11926034,4158867617.46,shares,0
2026-08-14,343.0,363.0,338.6,355.18,337.51,14623491,5121248761.39,shares,0
2026-08-17,356.0,383.03,356.0,376.54,355.18,14901043,5478836150.04,shares,0
2026-08-18,376.54,398.0,371.01,383.6,376.54,15364961,5940701063.06,shares,0
2026-08-19,364.42,368.01,345.24,345.24,383.6,13011565,4627481977.7,shares,0
2026-08-20,349.66,364.76,340.82,358.0,345.24,12190158,4329116987.45,shares,0
2026-08-21,355.0,366.9,350.88,363.6,357.71,9843919,3545818634.59,shares,0
2026-08-24,370.92,379.6,358.58,379.19,363.6,16010819,5922870427.67,shares,0
2026-08-25,360.0,411.11,345.01,394.5,379.19,20903179,8066645578.13,shares,0
2026-08-26,393.0,414.0,386.5,388.02,394.5,18684002,7504866466.67,shares,0
2026-08-27,393.0,426.82,393.0,426.82,388.02,14757480,6145393362.3,shares,0
2026-08-28,430.99,444.13,419.5,422.36,426.82,21342189,9189036931.55,shares,0
2026-08-31,405.0,420.88,405.0,418.57,422.36,13522176,5570743812.24,shares,0
2026-09-01,412.38,412.66,395.56,400.03,418.57,10879747,4376706106.4,shares,0
2026-09-02,392.59,413.68,389.0,407.8,400.03,12578735,5088682137.0,shares,0
2026-09-03,412.0,413.0,385.0,393.46,407.8,11876821,4704891674.75,shares,0
2026-09-04,399.66,400.71,374.5,378.8,393.46,10015799,3861153302.08,shares,0
2026-09-07,390.0,404.0,383.38,400.51,378.8,12472456,4912282838.8,shares,0
2026-09-08,400.88,423.8,397.0,416.85,400.51,15618084,6453939210.11,shares,0
2026-09-09,430.0,458.54,428.1,442.03,416.85,19841415,8886271897.32,shares,0
2026-09-10,437.32,443.98,430.99,435.74,442.03,11356252,4967840426.36,shares,0
2026-09-11,428.0,475.52,428.0,473.99,435.74,18773550,8447753025.6,shares,0
2026-09-14,450.0,473.89,436.66,459.66,473.99,15281387,6977705776.43,shares,0
2026-09-15,446.34,468.8,442.68,462.0,459.66,11859346,5397815432.53,shares,0
2026-09-16,453.03,478.0,453.03,461.0,462.0,12947260,6055233408.54,shares,0
2026-09-17,458.16,478.0,458.0,467.03,461.0,12906484,6041105484.47,shares,0
2026-09-18,475.01,475.5,450.18,454.99,467.03,14093890,6442518859.45,shares,0
2026-09-21,460.0,468.77,455.0,458.99,454.99,9642836,4444523262.33,shares,0
2026-09-22,469.0,483.8,443.5,456.6,458.99,14877782,6956934519.81,shares,0
2026-09-23,450.8,465.88,445.83,457.89,456.6,10492015,4796508101.54,shares,0
2026-09-24,453.63,454.65,437.99,438.0,457.89,8533365,3786028057.85,shares,0
