date,open,high,low,close,preclose,volume,amount,volume_unit,special_treatment
2016-08-18,27.91,33.49,27.91,33.49,23.26,7400,247268.0,shares,0
2016-08-19,36.84,36.84,36.84,36.84,33.49,500,18420.0,shares,0
2016-08-22,40.52,40.52,40.52,40.52,36.84,2900,117508.0,shares,0
2016-08-23,44.57,44.57,44.57,44.57,40.52,1100,49027.0,shares,0
2016-08-24,49.03,49.03,49.03,49.03,44.57,4600,225538.0,shares,0
2016-08-25,53.93,53.93,53.93,53.93,49.03,7160,386139.0,shares,0
2016-08-26,59.32,59.32,59.32,59.32,53.93,5500,326260.0,shares,0
2016-08-29,65.25,65.25,65.25,65.25,59.32,14033,915653.0,shares,0
2016-08-30,71.78,71.78,71.78,71.78,65.25,15119,1085242.0,shares,0
2016-08-31,78.96,78.96,78.96,78.96,71.78,28064,2215933.0,shares,0
2016-09-01,86.86,86.86,86.86,86.86,78.96,12812,1112850.0,shares,0
2016-09-02,95.55,95.55,95.55,95.55,86.86,69312,6622762.0,shares,0
2016-09-05,105.11,105.11,105.11,105.11,95.55,69519,7307142.0,shares,0
2016-09-06,115.62,115.62,115.62,115.62,105.11,54608,6313777.0,shares,0
2016-09-07,127.18,127.18,127.18,127.18,115.62,136628,17376349.0,shares,0
2016-09-08,139.9,139.9,139.9,139.9,127.18,174488,24410871.0,shares,0
2016-09-09,153.89,153.89,153.89,153.89,139.9,181192,27883637.0,shares,0
2016-09-12,169.28,169.28,169.28,169.28,153.89,4883134,826616928.0,shares,0
2016-09-13,183.79,183.79,168.33,171.34,169.28,15950837,2822922752.0,shares,0
2016-09-14,177.08,188.47,177.01,177.97,171.34,10410979,1887215104.0,shares,0
2017-03-13,195.77,195.77,195.77,195.77,177.97,1811883,354712336.0,shares,0
2017-03-14,215.35,215.35,215.35,215.35,195.77,103845,22363021.0,shares,0
2017-03-15,236.89,236.89,230.0,236.89,215.35,5519637,1307287936.0,shares,0
2017-03-16,239.88,254.87,233.01,245.88,236.89,8970852,2174609312.0,shares,0
2017-03-17,243.5,244.53,221.29,224.76,245.88,7241095,1682976496.0,shares,0
2017-03-20,220.12,227.77,213.71,215.85,224.76,3882614,849272192.0,shares,0
2017-03-21,216.88,224.44,216.0,217.07,215.85,3291057,721964624.0,shares,0
2017-03-22,213.0,230.6,212.0,228.48,217.07,4676096,1049851264.0,shares,0
2017-03-23,228.5,230.57,205.63,205.76,228.48,5391841,1160365264.0,shares,0
2017-03-24,203.0,211.88,203.0,206.42,205.76,2600268,539901216.0,shares,0
2017-03-27,210.67,227.0,209.0,215.45,206.42,3309687,720911328.0,shares,0
2017-03-28,215.45,231.0,212.36,225.09,215.45,3836332,859548560.0,shares,0
2017-03-29,220.93,221.0,208.75,215.2,225.09,3015780,650137376.0,shares,0
2017-03-30,220.0,227.0,215.88,223.83,215.2,3084139,684035568.0,shares,0
2017-03-31,220.0,224.86,207.0,210.1,223.83,3051886,655617968.0,shares,0
2017-04-05,204.89,209.89,197.01,206.01,210.1,2328810,473886144.0,shares,0
2017-04-06,207.5,210.8,203.01,209.6,206.01,1600767,332613632.0,shares,0
2017-04-07,208.0,222.77,205.0,215.03,209.6,2397155,517083888.0,shares,0
2017-04-10,211.52,213.0,197.01,204.06,215.03,2578983,527932720.0,shares,0
2017-04-12,197.0,199.91,183.65,183.65,204.06,3441848,648172752.0,shares,0
2017-04-13,179.9,186.7,177.5,179.49,183.65,1531294,279153328.0,shares,0
2017-04-14,179.57,181.8,176.31,177.9,179.49,829829,147937034.0,shares,0
2017-04-17,165.0,179.08,165.0,178.53,177.9,1246005,217375017.0,shares,0
2017-04-18,178.0,185.0,175.64,176.56,178.53,734313,132646213.0,shares,0
2017-04-19,177.99,182.51,171.33,181.5,176.56,1086105,194274873.0,shares,0
2017-04-20,181.05,184.68,177.13,180.09,181.5,969690,176309666.0,shares,0
2017-04-21,182.98,182.98,172.88,174.9,180.09,825821,145637209.0,shares,0
2017-04-24,173.11,177.5,168.24,174.99,174.9,652624,112914411.0,shares,0
2017-04-25,175.0,177.99,173.44,174.58,174.99,584756,102675628.0,shares,0
2017-04-26,173.43,192.04,173.43,191.99,174.58,1902638,352270576.0,shares,0
2017-04-27,191.11,198.0,184.18,194.99,191.99,1352721,258467744.0,shares,0
2017-04-28,203.0,207.7,197.21,198.06,194.99,2019949,408761312.0,shares,0
2017-05-02,199.98,202.5,196.1,198.55,198.06,917609,182669698.0,shares,0
2017-05-03,198.02,201.9,185.02,191.38,198.55,1285079,247491730.0,shares,0
2017-05-04,191.1,192.01,187.69,189.38,191.38,644012,122265883.0,shares,0
2017-05-05,189.48,192.5,186.9,189.99,189.38,797932,151315428.0,shares,0
2017-05-08,188.8,198.98,188.01,193.73,189.99,1188175,231385209.0,shares,0
2017-05-09,192.21,206.0,192.21,204.48,193.73,1748914,351449904.0,shares,0
2017-05-10,203.55,211.13,199.2,201.65,204.48,1519638,311741824.0,shares,0
2017-05-11,200.0,206.78,198.0,205.42,201.65,1159576,235332641.0,shares,0
2017-05-12,205.51,206.94,189.51,194.66,205.42,2154871,422861424.0,shares,0
2017-05-15,194.0,194.5,183.33,188.98,194.66,1351616,253539816.0,shares,0
2017-05-16,190.8,199.37,185.5,198.96,188.98,1118438,215054625.0,shares,0
2017-05-17,198.0,210.98,189.9,200.11,198.96,1825485,372495056.0,shares,0
2017-05-18,198.22,202.95,196.02,199.32,200.11,1078691,215279771.0,shares,0
2017-05-19,199.99,199.99,191.1,195.0,199.32,1163830,226571983.0,shares,0
2017-05-22,97.78,99.79,94.63,94.83,97.24,1027524,99369888.0,shares,0
2017-05-23,91.67,93.49,87.13,87.78,94.83,3055996,275853552.0,shares,0
2017-05-24,87.0,90.39,86.41,89.1,87.78,1303979,115692254.0,shares,0
2017-05-25,89.6,91.78,88.7,90.82,89.1,1597037,144441002.0,shares,0
2017-05-26,90.35,91.0,87.3,88.58,90.82,1344119,119948794.0,shares,0
2017-05-31,91.18,93.28,87.52,87.77,88.58,2498552,226493915.0,shares,0
2017-06-01,87.47,90.75,87.0,87.33,87.77,1607090,143461984.0,shares,0
2017-06-02,86.3,89.91,85.2,89.26,87.33,1623660,143152994.0,shares,0
2017-06-05,90.3,93.15,90.0,90.25,89.26,1552737,141855665.0,shares,0
2017-06-06,89.5,90.41,87.7,88.87,90.25,1520854,134970380.0,shares,0
2017-06-07,89.18,92.28,89.18,91.61,88.87,2126700,193699058.0,shares,0
2017-06-08,91.0,92.2,87.0,88.23,91.61,2286847,205376136.0,shares,0
2017-06-09,87.88,89.77,87.08,88.76,88.23,907395,80469814.0,shares,0
2017-06-12,87.99,88.5,79.88,79.88,88.76,4678433,384502848.0,shares,0
2017-06-13,79.0,80.5,76.0,79.93,79.88,3433176,269890928.0,shares,0
2017-06-14,79.11,80.17,77.56,79.22,79.93,1863343,147511961.0,shares,0
2017-06-15,78.28,83.71,78.28,82.67,79.22,2410957,196881404.0,shares,0
2017-06-16,82.35,83.76,81.5,81.69,82.67,1217187,100035353.0,shares,0
2017-06-19,82.6,83.88,81.92,82.76,81.69,983604,81549608.0,shares,0
2017-06-20,83.88,84.7,82.25,83.8,82.76,1495052,124694227.0,shares,0
2017-06-21,83.8,84.2,82.68,83.23,83.8,935518,77859894.0,shares,0
2017-06-22,83.77,84.12,75.01,77.26,83.23,3251680,262014207.0,shares,0
2017-06-23,76.86,77.86,75.18,77.34,77.26,1756224,134464035.0,shares,0
2017-06-26,76.7,79.96,76.51,79.45,77.34,2124040,166912303.0,shares,0
2017-06-27,79.03,80.0,78.42,78.7,79.45,1347057,106909740.0,shares,0
2017-06-28,78.5,79.0,77.2,77.83,78.7,842336,65567338.0,shares,0
2017-06-29,77.99,79.9,77.62,78.18,77.83,1333166,105285073.0,shares,0
2017-06-30,77.81,78.85,77.03,77.81,78.18,1314533,102433345.0,shares,0
2017-07-03,78.0,85.0,77.65,84.06,77.81,2953158,243386671.0,shares,0
2017-07-04,84.0,85.08,82.68,83.11,84.06,1380534,115544305.0,shares,0
2017-07-05,83.5,84.56,82.51,83.71,83.11,1490542,124338628.0,shares,0
2017-07-06,83.74,86.4,82.28,86.22,83.71,2526523,212702380.0,shares,0
2017-07-07,86.1,92.58,85.25,91.42,86.22,4551764,407981296.0,shares,0
2017-07-10,89.5,91.4,86.9,87.06,91.42,2413933,215061475.0,shares,0
2017-07-11,86.1,88.23,85.29,86.82,87.06,1607346,139184988.0,shares,0
2017-07-12,87.03,87.76,80.81,84.23,86.82,2091247,174849446.0,shares,0
2017-07-13,83.57,85.56,82.25,82.96,84.23,2061708,171537049.0,shares,0
2017-07-14,82.75,83.85,81.1,81.18,82.96,1746115,143189889.0,shares,0
2017-07-17,79.41,80.35,74.18,74.77,81.18,2990328,230127327.0,shares,0
2017-07-18,74.47,76.4,73.22,75.88,74.77,1446715,108604677.0,shares,0
2017-07-19,74.0,75.48,68.29,73.44,75.88,3375226,243083271.0,shares,0
2017-07-20,73.29,76.79,72.0,75.85,73.44,2234513,167035856.0,shares,0
2017-07-21,76.73,78.76,75.92,76.73,75.85,2448782,188990297.0,shares,0
2017-07-24,75.0,75.39,72.0,73.37,76.73,2376558,174547515.0,shares,0
2017-07-25,73.5,73.72,70.8,72.11,73.37,1587921,113777332.0,shares,0
2017-07-26,71.24,72.59,71.24,71.72,72.11,890281,63973633.0,shares,0
2017-07-27,71.55,74.36,71.08,73.25,71.72,2444307,178668756.0,shares,0
2017-07-28,73.15,73.24,70.86,71.08,73.25,2202390,157702881.0,shares,0
2017-07-31,71.1,71.36,68.8,71.1,71.08,2243854,156696942.0,shares,0
2017-08-01,71.1,77.64,70.65,77.01,71.1,3203367,236165887.0,shares,0
2017-08-02,76.0,81.1,75.01,75.64,77.01,2931833,229377769.0,shares,0
2017-08-03,75.71,80.6,74.91,79.25,75.64,2967361,233650937.0,shares,0
2017-08-10,71.33,71.33,71.33,71.33,79.25,550400,39260032.0,shares,0
2017-08-11,64.28,72.0,64.28,68.4,71.33,6865646,464448448.0,shares,0
2017-08-14,67.5,70.65,65.6,70.05,68.4,2643479,177611387.0,shares,0
2017-08-15,69.5,69.96,68.7,69.02,70.05,1038495,71881874.0,shares,0
2017-08-16,68.66,70.78,68.22,69.55,69.02,1140636,79767379.0,shares,0
2017-08-17,69.24,73.77,69.07,71.14,69.55,1528438,109927476.0,shares,0
2017-08-18,70.5,74.88,69.16,70.14,71.14,1865705,133904660.0,shares,0
2017-08-21,70.14,74.58,70.05,73.43,70.14,3064653,223878749.0,shares,0
2017-08-22,73.4,76.3,73.1,74.86,73.43,2188432,164508849.0,shares,0
2017-08-23,73.0,73.92,69.8,70.31,74.86,3545100,254645886.0,shares,0
2017-08-24,71.5,71.5,69.6,69.86,70.31,1419330,99821566.0,shares,0
2017-08-25,70.01,73.5,69.86,72.27,69.86,2279749,164198606.0,shares,0
2017-08-28,75.5,79.5,75.5,79.5,72.27,3373543,266859284.0,shares,0
2017-08-29,87.45,87.45,87.45,87.45,79.5,2167772,189571661.0,shares,0
2017-08-30,91.0,92.6,87.01,91.61,87.45,9446475,852397600.0,shares,0
2017-08-31,91.38,96.0,89.61,95.6,91.61,6075446,561813584.0,shares,0
2017-09-01,94.88,102.32,93.77,98.49,95.6,6148198,605200608.0,shares,0
2017-09-04,98.01,99.99,96.7,98.58,98.49,3660246,360213952.0,shares,0
2017-09-05,98.88,101.88,97.33,98.68,98.58,4463785,444479392.0,shares,0
2017-09-06,101.48,105.48,99.01,102.98,98.68,5420178,554658336.0,shares,0
2017-09-07,101.93,111.8,101.89,106.75,102.98,5967786,640481072.0,shares,0
2017-09-08,108.3,110.67,105.12,109.11,106.75,3593488,388459328.0,shares,0
2017-09-11,107.6,112.88,107.6,109.4,109.11,3654125,401007072.0,shares,0
2017-09-12,109.8,112.5,106.0,111.99,109.4,4895659,534570937.0,shares,0
2017-09-13,112.66,123.19,110.0,123.19,111.99,5441848,645061195.0,shares,0
2017-09-14,125.46,126.88,120.0,124.41,123.19,5255439,646708295.0,shares,0
2017-09-15,124.22,124.88,115.0,115.99,124.41,4727428,565099638.0,shares,0
2017-09-18,116.88,127.59,116.78,127.59,115.99,5670276,700436365.0,shares,0
2017-09-19,127.0,128.98,122.78,123.92,127.59,3910451,491742037.0,shares,0
2017-09-20,124.0,135.28,123.93,131.37,123.92,5061750,659350816.0,shares,0
2017-09-21,134.0,134.0,126.82,129.91,131.37,4195758,544252311.0,shares,0
2017-09-22,128.99,132.49,127.33,132.25,129.91,2967075,387077169.0,shares,0
2017-09-25,130.15,131.78,125.0,125.39,132.25,3353680,426005113.0,shares,0
2017-09-26,122.89,125.88,120.68,123.46,125.39,3303169,405818905.0,shares,0
2017-09-27,124.05,126.77,121.0,124.83,123.46,3096556,385253159.0,shares,0
2017-09-28,124.34,132.08,124.0,127.17,124.83,3248531,418582486.0,shares,0
2017-09-29,128.99,132.66,127.0,130.26,127.17,2809130,364896576.0,shares,0
2017-10-09,133.0,140.4,131.01,134.91,130.26,3831260,521153144.0,shares,0
2017-10-10,135.48,136.58,132.95,135.91,134.91,2345683,315762009.0,shares,0
2017-10-11,135.2,135.98,127.6,128.68,135.91,2991104,391522504.0,shares,0
2017-10-12,129.99,131.47,125.5,129.1,128.68,1986518,255152546.0,shares,0
2017-10-13,129.5,132.4,126.62,131.18,129.1,1852116,240493532.0,shares,0
2017-10-16,130.08,133.5,127.6,129.11,131.18,2078764,271162414.0,shares,0
2017-10-17,128.5,129.61,125.5,126.91,129.11,1789700,228235551.0,shares,0
2017-10-18,127.13,130.51,125.18,126.44,126.91,1776959,227420745.0,shares,0
2017-10-19,125.5,126.86,115.0,115.78,126.44,4161451,500478367.0,shares,0
2017-10-20,115.78,120.97,115.01,118.79,115.78,2572858,305265190.0,shares,0
2017-10-23,119.87,125.5,119.41,124.57,118.79,2642859,326926734.0,shares,0
2017-10-24,124.67,125.26,120.0,123.61,124.57,2010181,246176171.0,shares,0
2017-10-25,121.18,126.62,120.1,124.41,123.61,2032607,252367528.0,shares,0
2017-10-26,124.51,134.9,124.51,134.35,124.41,3549240,468387424.0,shares,0
2017-10-27,134.2,136.0,131.8,135.13,134.35,2715287,364143105.0,shares,0
2017-10-30,148.64,148.64,148.64,148.64,135.13,1255035,186548402.0,shares,0
2017-10-31,155.99,163.5,153.1,163.12,148.64,7665660,1223967833.0,shares,0
2018-03-02,150.0,174.44,150.0,151.68,163.12,14570951,2324096186.0,shares,0
2018-03-05,153.01,166.85,153.0,166.85,151.68,11077096,1804867454.0,shares,0
2018-03-06,171.14,183.42,171.0,177.12,166.85,9820638,1731022901.0,shares,0
2018-03-07,175.31,181.0,170.51,175.48,177.12,6882712,1209197753.0,shares,0
2018-03-08,176.43,178.88,170.51,172.8,175.48,5361468,934841277.0,shares,0
2018-03-09,171.3,181.0,171.08,175.28,172.8,6935713,1223664277.0,shares,0
2018-03-12,177.0,192.81,175.5,192.81,175.28,7097494,1322559402.0,shares,0
2018-03-13,196.0,207.89,193.0,196.86,192.81,7687516,1530979095.0,shares,0
2018-03-14,198.88,202.0,189.0,192.7,196.86,6030373,1177292733.0,shares,0
2018-03-15,191.3,199.98,191.1,199.66,192.7,5645599,1112855514.0,shares,0
2018-03-16,201.0,204.65,185.18,190.01,199.66,6972848,1342114410.0,shares,0
2018-03-19,188.0,207.5,187.66,204.58,190.01,7284526,1456871576.0,shares,0
2018-03-20,203.07,207.5,200.12,202.61,204.58,3858922,784861265.0,shares,0
2018-03-21,203.33,204.33,191.1,193.56,202.61,5740973,1129912584.0,shares,0
2018-03-22,193.53,195.29,180.81,182.12,193.56,6862630,1282868543.0,shares,0
2018-03-23,173.0,184.5,171.01,177.12,182.12,7904498,1403981445.0,shares,0
2018-03-26,182.3,192.77,180.8,188.94,177.12,6464864,1205734671.0,shares,0
2018-03-27,191.77,198.08,186.0,195.9,188.94,7203234,1386975612.0,shares,0
2018-03-28,192.1,204.77,192.1,194.84,195.9,5442422,1083396082.0,shares,0
2018-03-29,197.0,199.9,182.8,190.89,194.84,5347580,1018234529.0,shares,0
2018-03-30,191.08,198.55,188.5,196.8,190.89,6245004,1209689395.0,shares,0
2018-04-02,200.0,215.67,198.59,207.94,196.8,8846693,1821463374.0,shares,0
2018-04-03,205.0,211.8,198.68,208.82,207.94,5683928,1165313771.0,shares,0
2018-04-04,208.0,209.47,199.4,199.85,208.82,4485000,911755528.0,shares,0
2018-04-09,199.86,201.88,191.01,195.28,199.85,3766980,738324238.0,shares,0
2018-04-10,193.97,195.0,184.44,191.19,195.28,4726508,892218292.0,shares,0
2018-04-11,190.97,197.0,188.96,191.43,191.19,2587986,498989907.0,shares,0
2018-04-12,190.0,193.53,180.1,181.0,191.43,4453829,828962150.0,shares,0
2018-04-13,183.02,190.4,180.68,186.93,181.0,4256244,792463977.0,shares,0
2018-04-16,184.0,192.5,180.5,187.7,186.93,5093057,957406925.0,shares,0
2018-04-17,193.0,199.19,177.38,178.17,187.7,7937109,1486772932.0,shares,0
2018-04-18,181.0,195.99,177.91,195.99,178.17,8912764,1669298558.0,shares,0
2018-04-19,199.0,206.71,195.5,196.88,195.99,8589157,1725710025.0,shares,0
2018-04-20,195.0,209.9,194.76,205.37,196.88,8924980,1821907557.0,shares,0
2018-04-23,205.01,205.5,192.21,193.71,205.37,6591356,1304092808.0,shares,0
2018-04-24,191.0,199.49,185.0,199.15,193.71,5107364,988896826.0,shares,0
2018-04-25,195.55,198.0,186.88,189.56,199.15,5797289,1110550125.0,shares,0
2018-04-26,188.68,193.28,180.4,181.23,189.56,5911682,1097701072.0,shares,0
2018-04-27,185.68,185.68,169.0,174.59,181.23,6809531,1192514475.0,shares,0
2018-05-02,174.2,180.35,171.5,174.48,174.59,4389837,770217733.0,shares,0
2018-05-03,167.0,169.0,157.09,168.11,174.48,7335945,1201160325.0,shares,0
2018-05-04,166.0,176.45,164.68,173.18,168.11,4989869,861008205.0,shares,0
2018-05-07,172.2,176.33,169.88,173.11,173.18,3110685,539890561.0,shares,0
2018-05-08,174.0,178.17,170.01,172.99,173.11,3065218,531509519.0,shares,0
2018-05-09,171.2,176.97,171.05,172.72,172.99,2941584,511231531.0,shares,0
2018-05-10,171.95,172.98,165.13,166.91,172.72,3475041,583212219.0,shares,0
2018-05-11,166.75,167.8,161.59,165.07,166.91,2989289,492478130.0,shares,0
2018-05-14,162.0,167.3,160.2,161.71,165.07,2922936,476612676.0,shares,0
2018-05-15,161.9,164.35,157.51,163.89,161.71,4073399,656782052.0,shares,0
2018-05-16,163.0,175.27,162.2,169.29,163.89,5605069,951984884.0,shares,0
2018-05-17,170.09,173.47,167.05,170.55,169.29,2747977,466523265.0,shares,0
2018-05-18,170.5,171.95,164.5,167.56,170.55,2256226,377539553.0,shares,0
2018-05-21,118.8,131.35,118.8,131.35,119.41,6971818,894442188.0,shares,0
2018-05-22,129.01,131.5,127.33,128.87,131.35,5288837,683317339.0,shares,0
2018-05-23,128.6,131.58,127.8,128.27,128.87,5340639,692382827.0,shares,0
2018-05-24,128.05,129.0,123.0,123.23,128.27,4504575,563073056.0,shares,0
2018-05-25,123.21,125.5,120.14,120.65,123.23,4016510,493058169.0,shares,0
2018-05-28,120.32,121.97,115.8,116.0,120.65,4194219,497741472.0,shares,0
2018-05-29,116.99,118.33,112.5,113.2,116.0,4611409,530120079.0,shares,0
2018-05-30,111.18,116.43,108.55,109.71,113.2,5503600,620065144.0,shares,0
2018-05-31,110.69,111.8,104.61,108.45,109.71,5363198,577660925.0,shares,0
2018-06-01,107.9,109.99,103.16,104.18,108.45,5795939,613794957.0,shares,0
2018-06-04,105.88,108.32,103.8,105.93,104.18,5423525,576349905.0,shares,0
2018-06-05,106.6,112.5,105.2,111.68,105.93,5894640,641791955.0,shares,0
2018-06-06,110.99,112.6,109.68,111.1,111.68,4639368,515632807.0,shares,0
2018-06-07,112.3,112.5,107.43,108.33,111.1,3486759,380339803.0,shares,0
2018-06-08,107.0,108.1,103.52,104.7,108.33,4887901,514015498.0,shares,0
2018-06-11,103.88,103.95,100.0,100.26,104.7,4851780,492679388.0,shares,0
2018-06-12,100.25,101.5,96.85,100.0,100.26,5942749,587136908.0,shares,0
2018-06-13,100.5,106.66,99.5,103.83,100.0,7040907,733064053.0,shares,0
2018-06-14,102.72,105.96,101.2,103.92,103.83,4635063,483499908.0,shares,0
2018-06-15,103.74,105.68,101.0,104.87,103.92,4241643,439849312.0,shares,0
2018-06-19,103.52,109.71,95.56,101.19,104.87,7296284,751330331.0,shares,0
2018-06-20,99.5,103.0,96.5,100.26,101.19,5330397,530679924.0,shares,0
2018-06-21,98.73,99.98,90.41,90.56,100.26,6555836,624706468.0,shares,0
2018-06-22,89.17,93.8,88.01,91.92,90.56,4863864,444389705.0,shares,0
2018-06-25,93.09,93.8,90.25,90.87,91.92,3517600,324826368.0,shares,0
2018-06-26,89.02,99.96,88.7,97.64,90.87,8457155,812741277.0,shares,0
2018-06-27,98.5,102.93,98.5,101.01,97.64,8742920,881463830.0,shares,0
2018-06-28,100.98,103.5,98.5,98.7,101.01,5009103,506238400.0,shares,0
2018-06-29,100.0,108.57,99.31,108.52,98.7,8736188,915404160.0,shares,0
2018-07-02,107.9,109.5,104.91,107.53,108.52,6852446,732804087.0,shares,0
2018-07-03,107.2,116.5,105.38,113.16,107.53,9520038,1051761117.0,shares,0
2018-07-04,112.13,113.98,107.8,109.27,113.16,7494667,833271376.0,shares,0
2018-07-05,107.69,108.88,102.45,102.55,109.27,8276908,870967254.0,shares,0
2018-07-06,102.07,108.9,102.07,103.38,102.55,8782563,927359680.0,shares,0
2018-07-09,103.5,105.99,102.55,104.59,103.38,5920830,618412973.0,shares,0
2018-07-10,103.88,105.6,100.5,102.81,104.59,6252191,642688827.0,shares,0
2018-07-11,100.0,103.17,98.21,100.95,102.81,6155012,618637527.0,shares,0
2018-07-12,101.6,111.0,101.5,109.15,100.95,10890274,1169092943.0,shares,0
2018-07-13,108.06,118.0,107.5,116.19,109.15,11368821,1278369270.0,shares,0
2018-07-16,116.6,119.8,114.14,117.04,116.19,7041001,819850099.0,shares,0
2018-07-17,118.13,121.99,115.89,119.58,117.04,7939668,941998967.0,shares,0
2018-07-18,122.1,124.99,116.83,116.97,119.58,7481518,905195162.0,shares,0
2018-07-19,115.9,118.33,114.03,116.02,116.97,5255455,609142483.0,shares,0
2018-07-20,116.9,121.36,114.12,119.04,116.02,6174980,728104736.0,shares,0
2018-07-23,120.89,129.16,120.0,128.24,119.04,9055501,1140732749.0,shares,0
2018-07-24,125.5,127.7,123.5,126.39,128.24,7036011,882349536.0,shares,0
2018-07-25,125.1,129.47,125.1,126.32,126.39,4751683,604581205.0,shares,0
2018-07-26,125.01,125.6,114.0,117.68,126.32,8726835,1044577496.0,shares,0
2018-07-27,117.0,119.6,115.5,118.31,117.68,3446332,405515605.0,shares,0
2018-07-30,118.24,118.55,112.25,113.55,118.31,4612927,526612135.0,shares,0
2018-07-31,114.25,115.7,113.0,114.94,113.55,3020928,345519975.0,shares,0
2018-08-01,116.04,124.5,116.04,118.68,114.94,8545999,1033306325.0,shares,0
2018-08-02,119.0,122.38,114.38,120.5,118.68,6891806,818902308.0,shares,0
2018-08-03,115.53,117.7,108.6,108.69,120.5,7851168,884803238.0,shares,0
2018-08-06,106.0,108.13,102.9,104.69,108.69,4475011,470946170.0,shares,0
2018-08-07,105.06,107.33,100.01,107.07,104.69,5859684,609125432.0,shares,0
2018-08-08,105.9,106.9,98.48,99.42,107.07,4891605,501509400.0,shares,0
2018-08-09,98.72,108.11,98.17,106.79,99.42,7249273,761062230.0,shares,0
2018-08-10,106.7,112.5,106.04,111.17,106.79,6155932,674537865.0,shares,0
2018-08-13,109.66,115.28,108.68,114.64,111.17,6147902,690438062.0,shares,0
2018-08-14,113.33,114.2,106.85,108.96,114.64,6496362,713478154.0,shares,0
2018-08-15,108.12,109.93,104.0,104.9,108.96,5310409,565808065.0,shares,0
2018-08-16,101.98,106.89,100.51,102.87,104.9,4899927,509033202.0,shares,0
2018-08-17,104.9,105.85,101.13,102.79,102.87,3649229,377574539.0,shares,0
2018-08-20,101.88,104.96,99.62,104.96,102.79,4107495,420369935.0,shares,0
2018-08-21,104.49,107.18,102.3,105.9,104.96,4478246,470133784.0,shares,0
2018-08-22,104.88,106.8,102.59,103.57,105.9,3653116,381826664.0,shares,0
2018-08-23,103.0,108.4,102.63,107.72,103.57,6350591,678122205.0,shares,0
2018-08-24,106.8,113.68,106.8,112.1,107.72,7847571,873107574.0,shares,0
2018-08-27,110.0,116.99,110.0,114.0,112.1,7685753,880000286.0,shares,0
2018-08-28,114.2,116.21,113.29,114.76,114.0,3585041,410696876.0,shares,0
2018-08-29,114.2,115.5,113.25,114.95,114.76,3327533,380519623.0,shares,0
2018-08-30,115.0,115.47,110.1,110.5,114.95,4752542,532365651.0,shares,0
2018-08-31,110.62,111.73,109.31,109.32,110.5,3114861,343698519.0,shares,0
2018-09-03,108.9,110.32,103.9,110.0,109.32,4443971,474586466.0,shares,0
2018-09-04,110.07,113.47,108.05,112.1,110.0,5004643,554390260.0,shares,0
2018-09-05,111.11,112.36,107.58,107.6,112.1,4240503,465025578.0,shares,0
2018-09-06,106.79,110.09,105.3,107.71,107.6,3782132,408650555.0,shares,0
2018-09-07,107.25,109.64,99.99,102.58,107.71,6834557,714226213.0,shares,0
2018-09-10,101.66,101.66,92.92,94.16,102.58,8989871,869634655.0,shares,0
2018-09-11,94.98,95.5,90.88,92.78,94.16,6281407,585273441.0,shares,0
2018-09-12,92.77,94.99,91.5,93.3,92.78,4083164,381175683.0,shares,0
2018-09-13,94.8,95.15,85.48,89.91,93.3,8022352,723055889.0,shares,0
2018-09-14,90.9,91.1,87.0,87.81,89.91,4596692,406249919.0,shares,0
2018-09-17,87.07,87.87,84.8,84.95,87.81,4267130,366507532.0,shares,0
2018-09-18,84.47,87.31,84.4,87.2,84.95,4327206,373181090.0,shares,0
2018-09-19,86.88,92.85,85.44,90.36,87.2,7443958,665180631.0,shares,0
2018-09-20,89.99,91.0,88.61,88.96,90.36,3616325,323770168.0,shares,0
2018-09-21,89.49,89.58,84.5,88.7,88.96,6988960,607994671.0,shares,0
2018-09-25,87.51,91.17,86.87,89.5,88.7,4838222,433666843.0,shares,0
2018-09-26,89.05,92.5,88.58,90.87,89.5,4860055,439503121.0,shares,0
2018-09-27,90.61,91.78,88.15,88.5,90.87,3906540,350559632.0,shares,0
2018-09-28,88.77,89.32,86.5,88.73,88.5,3735095,328477997.0,shares,0
2018-10-08,85.0,85.0,79.86,79.86,88.73,5065259,412041609.0,shares,0
2018-10-09,77.11,78.75,72.39,74.45,79.86,9168072,687769310.0,shares,0
2018-10-10,74.05,77.65,73.0,75.23,74.45,5737914,431567811.0,shares,0
2018-10-11,70.0,73.3,67.78,69.0,75.23,7226835,510664092.0,shares,0
2018-10-12,69.14,72.6,67.12,71.65,69.0,6660213,465304083.0,shares,0
2018-10-15,71.2,74.3,71.14,72.07,71.65,4790131,348527830.0,shares,0
2018-10-16,71.95,73.9,68.32,69.3,72.07,4740226,336618978.0,shares,0
2018-10-17,72.0,72.5,68.51,71.48,69.3,6021801,428151357.0,shares,0
2018-10-18,71.47,71.5,68.14,69.24,71.48,3787729,265281970.0,shares,0
2018-10-19,67.26,71.3,65.49,70.6,69.24,7816424,535532650.0,shares,0
2018-10-22,71.3,77.18,70.85,76.04,70.6,7859712,584137561.0,shares,0
2018-10-23,75.2,75.44,70.58,71.39,76.04,6351938,464677862.0,shares,0
2018-10-24,71.75,72.39,68.4,68.94,71.39,6051851,422031691.0,shares,0
2018-11-01,71.0,71.5,63.45,67.47,68.94,11714843,795656395.0,shares,0
2018-11-02,69.69,74.0,68.79,73.18,67.47,11324785,803328892.0,shares,0
2018-11-05,72.14,73.51,69.68,71.27,73.18,8554006,613174460.0,shares,0
2018-11-06,70.38,70.7,65.85,68.26,71.27,9384759,635757736.0,shares,0
2018-11-07,68.0,70.5,67.54,68.63,68.26,8011918,554946957.0,shares,0
2018-11-08,69.8,69.9,66.58,66.87,68.63,5910616,400184845.0,shares,0
2018-11-09,65.91,67.83,65.58,66.11,66.87,4592575,306187047.0,shares,0
2018-11-12,66.11,68.4,66.05,68.1,66.11,5399520,363752637.0,shares,0
2018-11-13,67.0,68.45,66.6,67.88,68.1,6911236,466495162.0,shares,0
2018-11-14,68.96,74.67,68.5,73.99,67.88,17216895,1250458761.0,shares,0
2018-11-15,74.0,76.01,73.0,74.66,73.99,12085137,899573831.0,shares,0
2018-11-16,75.5,80.39,75.0,78.86,74.66,12442330,972031978.0,shares,0
2018-11-19,76.23,83.77,76.0,80.05,78.86,10974721,879082178.0,shares,0
2018-11-20,79.33,79.55,76.37,76.83,80.05,9883102,768484736.0,shares,0
2018-11-21,74.1,76.99,74.1,76.96,76.83,6496387,492226889.0,shares,0
2018-11-22,78.13,78.78,74.65,75.04,76.96,7306225,556224505.0,shares,0
2018-11-23,75.51,76.6,72.66,72.82,75.04,7401064,548596358.0,shares,0
2018-11-26,73.0,74.26,71.58,72.08,72.82,4229238,306925692.0,shares,0
2018-11-27,73.15,74.45,72.38,73.96,72.08,5217699,383871107.0,shares,0
2018-11-28,73.96,76.3,73.5,75.46,73.96,5825061,436742131.0,shares,0
2018-11-29,76.82,78.33,73.88,73.9,75.46,7306021,558640844.0,shares,0
2018-11-30,73.0,76.17,72.39,75.34,73.9,5415888,400763797.0,shares,0
2018-12-03,78.5,80.69,77.22,79.46,75.34,9008292,711596345.0,shares,0
2018-12-04,79.0,80.25,78.55,78.84,79.46,4547154,360011821.0,shares,0
2018-12-05,76.67,78.48,76.11,77.43,78.84,4357763,336779794.0,shares,0
2018-12-06,76.58,76.58,74.68,75.2,77.43,5439431,410712580.0,shares,0
2018-12-07,76.0,77.56,75.8,76.51,75.2,3963941,304065113.0,shares,0
2018-12-10,76.08,77.27,75.68,76.69,76.51,2613388,199713948.0,shares,0
2018-12-11,76.69,77.67,76.63,77.13,76.69,2438963,187935187.0,shares,0
2018-12-12,77.77,77.99,72.0,72.02,77.13,7752973,574972260.0,shares,0
2018-12-13,72.51,73.4,71.83,72.82,72.02,4924153,358387202.0,shares,0
2018-12-14,72.9,73.43,70.18,70.52,72.82,5127698,369449381.0,shares,0
2018-12-17,70.82,71.24,67.48,69.25,70.52,4741784,326311147.0,shares,0
2018-12-18,68.72,70.18,67.68,68.5,69.25,3258841,224257901.0,shares,0
2018-12-19,68.69,69.19,67.31,67.68,68.5,2774105,189176641.0,shares,0
2018-12-20,68.0,68.5,67.3,68.11,67.68,2636338,179005776.0,shares,0
2018-12-21,67.95,68.06,65.47,66.97,68.11,3715040,247670154.0,shares,0
2018-12-24,66.5,67.9,66.07,67.61,66.97,2566054,172662734.0,shares,0
2018-12-25,66.64,66.98,64.22,66.8,67.61,4149545,272528360.0,shares,0
2018-12-26,66.8,67.68,64.9,65.0,66.8,4537406,299199901.0,shares,0
2018-12-27,66.41,66.6,62.0,62.3,65.0,5767062,370673877.0,shares,0
2018-12-28,62.3,63.02,60.52,62.32,62.3,4770622,294226224.0,shares,0
2019-01-02,62.49,62.58,59.69,59.8,62.32,4241653,257682033.0,shares,0
2019-01-03,59.79,60.98,59.02,59.2,59.8,3739603,224237190.0,shares,0
2019-01-04,58.13,61.35,57.55,60.73,59.2,4828528,289201594.0,shares,0
2019-01-07,61.2,63.8,60.9,62.9,60.73,5651963,354243514.0,shares,0
2019-01-08,62.51,62.52,60.95,61.2,62.9,3707417,228363233.0,shares,0
2019-01-09,61.5,63.91,61.01,62.12,61.2,5718728,357674559.0,shares,0
2019-01-10,62.13,62.5,61.09,61.12,62.12,3207693,197833527.0,shares,0
2019-01-11,61.2,61.78,61.0,61.23,61.12,2455050,150560747.0,shares,0
2019-01-14,61.23,61.75,58.2,58.48,61.23,4811542,285681184.0,shares,0
2019-01-15,58.47,60.18,58.05,60.1,58.48,4084553,243198797.0,shares,0
2019-01-16,60.2,62.49,60.2,60.8,60.1,4900961,300271203.0,shares,0
2019-01-17,61.04,61.61,59.88,60.24,60.8,3271208,198805817.0,shares,0
2019-01-18,60.6,61.56,59.87,61.32,60.24,4140474,251952370.0,shares,0
2019-01-21,62.1,67.45,61.32,67.45,61.32,13275615,860145637.0,shares,0
2019-01-22,67.4,67.4,65.16,66.0,67.45,7456368,493331157.0,shares,0
2019-01-23,65.65,65.75,63.84,65.0,66.0,5237659,338560465.0,shares,0
2019-01-24,64.43,70.87,64.43,68.2,65.0,10789273,733455702.0,shares,0
2019-01-25,68.06,71.4,67.64,69.72,68.2,9817784,689434894.0,shares,0
2019-01-28,71.0,72.88,69.58,69.9,69.72,7887596,561194340.0,shares,0
2019-01-29,68.27,70.09,66.88,69.2,69.9,6324181,431905630.0,shares,0
2019-01-30,68.98,69.58,66.8,67.12,69.2,4279562,291088727.0,shares,0
2019-01-31,67.18,69.9,67.18,67.69,67.12,4766575,326639093.0,shares,0
2019-02-01,68.47,71.3,68.13,71.06,67.69,5173057,364134584.0,shares,0
2019-02-11,71.04,75.6,70.75,75.22,71.06,6379066,473328270.0,shares,0
2019-02-12,74.9,75.3,73.55,74.14,75.22,5543177,411684366.0,shares,0
2019-02-13,74.53,78.69,74.53,75.35,74.14,8219939,630077860.0,shares,0
2019-02-14,75.27,77.88,73.88,77.1,75.35,5792298,440984527.0,shares,0
2019-02-15,76.16,77.5,74.66,74.7,77.1,5299719,401911578.0,shares,0
2019-02-18,76.1,78.7,74.48,78.6,74.7,7922965,612292217.0,shares,0
2019-02-19,79.5,80.78,77.03,78.39,78.6,7083040,559510149.0,shares,0
2019-02-20,78.0,78.29,75.18,76.5,78.39,6026217,461551298.0,shares,0
2019-02-21,76.15,79.89,76.15,77.11,76.5,7516728,589196585.0,shares,0
2019-02-22,76.45,81.22,75.18,81.21,77.11,11321896,876794381.0,shares,0
2019-02-25,86.66,89.33,85.5,89.33,81.21,11744919,1034045266.0,shares,0
2019-02-26,89.36,98.25,89.36,93.11,89.33,12116248,1133896875.0,shares,0
2019-02-27,92.7,95.58,90.5,92.6,93.11,7406703,685248918.0,shares,0
2019-02-28,91.22,94.88,91.18,92.0,92.6,4961481,461513179.0,shares,0
2019-03-01,93.5,94.25,89.86,92.21,92.0,5084884,465450429.0,shares,0
2019-03-04,96.2,101.4,95.6,96.71,92.21,9673985,944626431.0,shares,0
2019-03-05,97.0,106.38,95.8,106.38,96.71,9632659,993704962.0,shares,0
2019-03-06,110.0,110.0,103.56,106.95,106.38,8711166,930198007.0,shares,0
2019-03-07,104.1,105.5,100.7,104.5,106.95,10303536,1061284571.0,shares,0
2019-03-08,102.0,114.95,98.5,105.9,104.5,13508143,1479760368.0,shares,0
2019-03-11,107.53,113.88,104.98,108.11,105.9,10794561,1175591721.0,shares,0
2019-03-12,110.99,117.5,108.88,114.0,108.11,9651985,1094139163.0,shares,0
2019-03-13,112.08,114.9,102.6,104.5,114.0,10509157,1134554075.0,shares,0
2019-03-14,101.0,102.5,95.21,100.5,104.5,9981227,988861728.0,shares,0
2019-03-15,100.7,104.0,97.39,98.0,100.5,7006408,707621428.0,shares,0
2019-03-18,99.75,101.98,96.83,101.79,98.0,5237047,522284869.0,shares,0
2019-03-19,101.78,109.0,100.79,104.59,101.79,7308156,769628732.0,shares,0
2019-03-20,102.03,105.65,99.1,101.38,104.59,5060986,513710321.0,shares,0
2019-03-21,101.35,104.2,100.13,102.19,101.38,5547977,568568587.0,shares,0
2019-03-22,107.0,107.0,102.6,104.0,102.19,6861001,718994315.0,shares,0
2019-03-25,100.2,105.96,99.05,102.9,104.0,5560731,574789231.0,shares,0
2019-03-26,103.3,105.5,99.51,100.0,102.9,5074289,519894757.0,shares,0
2019-03-27,101.69,101.95,95.31,98.1,100.0,5652999,555820122.0,shares,0
2019-03-28,98.05,102.76,97.23,98.3,98.1,5940457,593139053.0,shares,0
2019-03-29,98.52,101.99,94.81,101.59,98.3,7802869,769930826.0,shares,0
2019-04-01,102.6,106.3,102.53,104.2,101.59,7912582,826158872.0,shares,0
2019-04-02,105.15,110.73,103.45,108.21,104.2,8921416,957232000.0,shares,0
2019-04-04,115.0,119.03,111.0,119.03,108.21,13234014,1545206209.0,shares,0
2019-04-08,118.0,118.39,109.31,112.27,119.03,8731065,988730878.0,shares,0
2019-04-09,111.13,114.78,109.2,110.35,112.27,4595069,510338521.0,shares,0
2019-04-10,109.51,109.84,105.6,107.8,110.35,4550405,487677753.0,shares,0
2019-04-11,108.1,109.11,102.6,103.95,107.8,4491238,471015456.0,shares,0
2019-04-12,103.71,104.88,100.57,102.0,103.95,3729090,381757256.0,shares,0
2019-04-15,105.0,105.77,99.01,99.34,102.0,4007670,410160596.0,shares,0
2019-04-16,99.5,104.0,96.3,103.3,99.34,6652438,666693204.0,shares,0
2019-04-17,102.81,105.51,101.69,102.22,103.3,4198156,433707022.0,shares,0
2019-04-18,101.82,101.82,97.3,99.57,102.22,4697594,466081221.0,shares,0
2019-04-19,99.56,100.5,97.58,99.1,99.57,2938787,290017896.0,shares,0
2019-04-22,99.51,103.3,98.59,100.11,99.1,5384848,545161905.0,shares,0
2019-04-23,100.0,103.25,99.23,100.3,100.11,4094123,415721627.0,shares,0
2019-04-24,100.5,105.05,100.3,105.03,100.3,5135818,529084112.0,shares,0
2019-04-25,103.75,105.97,99.13,99.67,105.03,4052868,415956917.0,shares,0
2019-04-26,99.67,101.22,96.5,96.7,99.67,3903720,385898740.0,shares,0
2019-04-29,96.84,97.63,87.03,87.14,96.7,7807071,702898823.0,shares,0
2019-04-30,80.0,84.51,79.0,82.98,87.14,8328223,679017145.0,shares,0
2019-05-06,79.5,80.27,74.68,74.68,82.98,5464408,422421902.0,shares,0
2019-05-07,73.66,76.54,73.66,75.34,74.68,5284205,396578780.0,shares,0
2019-05-08,73.88,82.15,72.89,78.9,75.34,6869455,540902474.0,shares,0
2019-05-09,81.32,81.9,78.79,79.65,78.9,4938678,395753101.0,shares,0
2019-05-10,80.8,85.75,76.73,85.26,79.65,7440672,615958934.0,shares,0
2019-05-13,83.5,85.2,81.25,82.4,85.26,4411267,366766246.0,shares,0
2019-05-14,81.07,83.26,79.87,79.87,82.4,4143402,336975348.0,shares,0
2019-05-15,81.73,81.91,80.13,81.2,79.87,3212295,260209403.0,shares,0
2019-05-16,81.5,81.8,78.81,79.79,81.2,3625450,290073014.0,shares,0
2019-05-17,82.04,84.5,77.98,78.32,79.79,7321049,598199288.0,shares,0
2019-05-20,81.0,82.55,79.51,81.48,78.32,6898002,559607681.0,shares,0
2019-05-21,81.99,82.36,78.0,80.87,81.48,5388686,433819470.0,shares,0
2019-05-22,80.72,87.18,80.01,87.15,80.87,11257927,954111138.0,shares,0
2019-05-23,87.88,88.84,83.51,84.85,87.15,8697884,747268573.0,shares,0
2019-05-24,83.39,84.85,81.0,81.52,84.85,5246895,432164832.0,shares,0
2019-05-27,81.88,86.36,81.0,85.04,81.52,7155949,604280423.0,shares,0
2019-05-28,85.8,86.46,83.45,83.82,85.04,5473842,462815702.0,shares,0
2019-05-29,83.0,86.4,82.66,84.39,83.82,4458507,376782858.0,shares,0
2019-05-30,80.0,80.55,76.0,78.89,84.39,8977183,705467238.0,shares,0
2019-05-31,78.89,80.08,76.61,77.01,78.89,5120661,398778476.0,shares,0
2019-06-03,77.87,78.5,75.0,75.1,76.73,4616961,351789642.0,shares,0
2019-06-04,75.5,76.26,73.7,75.48,75.1,2674627,201086865.0,shares,0
2019-06-05,76.41,76.53,74.3,75.18,75.48,2689257,202655851.0,shares,0
2019-06-06,75.39,75.39,74.05,74.4,75.18,2305905,172118034.0,shares,0
2019-06-10,74.6,76.4,74.4,76.03,74.4,3012832,227693019.0,shares,0
2019-06-11,76.07,78.38,74.3,78.3,76.03,5910730,452533439.0,shares,0
2019-06-12,77.68,78.85,77.36,77.93,78.3,3622929,282026837.0,shares,0
2019-06-13,77.89,78.28,77.29,77.86,77.93,2807002,218368721.0,shares,0
2019-06-14,78.16,81.49,78.16,79.01,77.86,6391760,510606784.0,shares,0
2019-06-17,77.21,79.61,76.8,77.12,79.01,2752861,214344446.0,shares,0
2019-06-18,77.45,77.45,76.1,76.27,77.12,1678258,128524606.0,shares,0
2019-06-19,79.0,81.39,78.91,80.56,76.27,6271257,502533518.0,shares,0
2019-06-20,80.39,85.4,80.1,83.9,80.56,6151584,513957380.0,shares,0
2019-06-21,84.44,87.5,84.36,86.45,83.9,6441526,556711848.0,shares,0
2019-06-24,85.17,86.8,83.21,84.58,86.45,4762766,403201394.0,shares,0
2019-06-25,84.0,84.16,80.21,81.15,84.58,5232539,425920349.0,shares,0
2019-06-26,81.01,86.78,80.96,85.93,81.15,7437976,629881584.0,shares,0
2019-06-27,85.9,89.8,85.65,86.37,85.93,6884708,600915533.0,shares,0
2019-06-28,87.49,87.5,85.06,86.7,86.37,3040050,261706314.0,shares,0
2019-07-01,90.1,92.15,89.5,91.32,86.7,6292677,573132012.0,shares,0
2019-07-02,91.0,93.4,90.0,90.9,91.32,4820421,441810367.0,shares,0
2019-07-03,90.6,92.88,89.1,92.18,90.9,4292368,391565550.0,shares,0
2019-07-04,92.43,95.68,91.0,93.45,92.18,4949638,463386254.0,shares,0
2019-07-05,93.76,94.3,90.8,93.15,93.45,3499464,323609561.0,shares,0
2019-07-08,92.25,92.25,87.55,87.7,93.15,4870012,434255297.0,shares,0
2019-07-09,89.63,90.38,87.8,88.49,87.7,3070136,273331302.0,shares,0
2019-07-10,89.93,94.58,89.77,92.98,88.49,5905132,543278200.0,shares,0
2019-07-11,95.0,95.56,91.77,93.0,92.98,5320724,497860585.0,shares,0
2019-07-12,93.77,93.81,91.8,91.82,93.0,2653523,245960501.0,shares,0
2019-07-15,91.5,99.68,88.36,98.6,91.82,8018600,770424963.0,shares,0
2019-07-16,98.02,104.5,97.6,101.78,98.6,6772925,686489715.0,shares,0
2019-07-17,101.48,104.2,99.6,100.48,101.78,6276015,639826208.0,shares,0
2019-07-18,100.0,100.75,95.9,96.85,100.48,5089212,496076930.0,shares,0
2019-07-19,98.09,99.85,96.81,97.93,96.85,3939458,386294862.0,shares,0
2019-07-22,99.3,100.0,92.51,95.77,97.93,4541294,442398697.0,shares,0
2019-07-23,96.8,100.94,95.2,100.9,95.77,4821382,478616857.0,shares,0
2019-07-24,100.12,103.35,98.8,100.27,100.9,5384989,542811418.0,shares,0
2019-07-25,99.8,103.05,99.8,102.95,100.27,5195246,530429917.0,shares,0
2019-07-26,102.0,104.21,101.03,102.1,102.95,4423578,453758736.0,shares,0
2019-07-29,102.02,104.0,100.66,101.6,102.1,2719316,277834699.0,shares,0
2019-07-30,101.7,102.45,97.5,98.06,101.6,5467372,541659859.0,shares,0
2019-07-31,98.39,98.74,96.89,97.8,98.06,2859915,280163449.0,shares,0
2019-08-01,97.06,97.06,91.46,92.3,97.8,7722645,722345090.0,shares,0
2019-08-02,88.14,94.68,88.08,93.1,92.3,5610595,518646679.0,shares,0
2019-08-05,92.77,93.83,89.52,90.14,93.1,4299854,393239182.0,shares,0
2019-08-06,88.01,89.4,84.79,87.87,90.14,6120307,531012935.0,shares,0
2019-08-07,88.28,89.18,86.04,87.43,87.87,4139736,363012104.0,shares,0
2019-08-08,88.01,89.16,86.6,88.68,87.43,3222136,284366038.0,shares,0
2019-08-09,90.0,90.6,85.1,86.2,88.68,4473273,392197761.0,shares,0
2019-08-12,86.41,87.55,84.68,87.0,86.2,6058309,519281825.0,shares,0
2019-08-13,85.76,88.5,83.12,87.2,87.0,5718816,493916243.0,shares,0
2019-08-14,88.89,95.65,88.89,91.81,87.2,9694404,900201694.0,shares,0
2019-08-15,84.37,91.67,84.37,90.59,91.81,9467864,832255573.0,shares,0
2019-08-16,90.97,97.01,90.58,96.33,90.59,9029852,858881880.0,shares,0
2019-08-19,100.2,103.5,98.06,101.23,96.33,10154062,1024083297.0,shares,0
2019-08-20,103.0,104.84,102.0,102.82,101.23,6982215,721635680.0,shares,0
2019-08-21,102.35,112.83,102.3,110.79,102.82,9766590,1060872134.0,shares,0
2019-08-22,110.63,117.0,108.8,112.5,110.79,8989811,1011378064.0,shares,0
2019-08-23,113.01,116.32,110.0,114.8,112.5,6513155,738784874.0,shares,0
2019-08-26,112.5,116.12,111.81,113.85,114.8,5435281,617160208.0,shares,0
2019-08-27,117.2,125.24,116.2,121.5,113.85,10307382,1255303744.0,shares,0
2019-08-28,123.7,124.89,119.88,120.0,121.5,11421798,1397864035.0,shares,0
2019-08-29,121.6,125.24,115.66,123.09,120.0,8332918,1013029201.0,shares,0
2019-08-30,125.0,135.4,124.9,131.55,123.09,14296775,1866533700.0,shares,0
2019-09-02,130.24,138.0,125.51,137.28,131.55,9963632,1310435905.0,shares,0
2019-09-03,137.28,150.5,135.98,143.95,137.28,9567179,1376808385.0,shares,0
2019-09-04,144.07,145.82,138.7,144.77,143.95,7223360,1027167741.0,shares,0
2019-09-05,146.3,149.25,141.63,141.9,144.77,7815381,1128568392.0,shares,0
2019-09-06,141.64,148.9,140.0,141.0,141.9,8393849,1205055749.0,shares,0
2019-09-09,147.88,155.1,145.56,155.1,141.0,13079331,1967381358.0,shares,0
2019-09-10,158.0,159.6,150.0,153.99,155.1,9982080,1544753211.0,shares,0
2019-09-11,152.88,158.43,148.01,150.72,153.99,7151592,1090875667.0,shares,0
2019-09-12,151.69,154.41,147.6,151.2,150.72,5051687,761570751.0,shares,0
2019-09-16,151.0,152.4,148.6,149.96,151.2,5459705,821256383.0,shares,0
2019-09-17,150.8,151.08,142.0,144.02,149.96,10640111,1549966960.0,shares,0
2019-09-18,145.99,150.8,143.7,147.4,144.02,9137816,1345556223.0,shares,0
2019-09-19,146.6,150.5,145.58,150.3,147.4,7897257,1169003543.0,shares,0
2019-09-20,151.16,165.33,151.16,163.9,150.3,15975822,2549658483.0,shares,0
2019-09-23,167.0,180.29,162.79,180.29,163.9,13578615,2332093347.0,shares,0
2019-09-24,176.0,181.87,172.8,172.88,180.29,12778452,2258870038.0,shares,0
2019-09-25,171.0,173.98,156.26,158.38,172.88,16577142,2705770812.0,shares,0
2019-09-26,161.0,161.32,146.0,148.51,158.38,13406182,2048445159.0,shares,0
2019-09-27,149.63,152.66,146.8,148.02,148.51,10002819,1493164690.0,shares,0
2019-09-30,147.85,149.0,141.5,145.38,148.02,8255656,1205051826.0,shares,0
2019-10-08,146.21,147.87,135.98,140.35,145.38,8980707,1272315161.0,shares,0
2019-10-09,139.77,143.6,137.32,142.66,140.35,6995314,989395743.0,shares,0
2019-10-10,142.61,147.8,142.0,146.51,142.66,8063539,1170215476.0,shares,0
2019-10-11,147.0,148.43,139.18,141.2,146.51,7387600,1052797662.0,shares,0
2019-10-14,143.09,148.5,142.85,146.8,141.2,8302655,1210996193.0,shares,0
2019-10-15,145.44,146.2,137.16,138.5,146.8,9153935,1277961660.0,shares,0
2019-10-16,139.28,141.44,136.1,137.3,138.5,6071243,840231120.0,shares,0
2019-10-17,138.28,139.1,135.44,137.72,137.3,3864218,531915004.0,shares,0
2019-10-18,137.54,139.5,129.48,132.0,137.72,9328439,1245536898.0,shares,0
2019-10-21,132.4,136.66,129.57,135.49,132.0,7333804,983440871.0,shares,0
2019-10-22,137.09,145.0,135.0,141.45,135.49,10446871,1476437279.0,shares,0
2019-10-23,142.0,144.45,139.11,141.0,141.45,5379268,763164580.0,shares,0
2019-10-24,139.58,140.59,134.11,136.59,141.0,5518641,754443044.0,shares,0
2019-10-25,138.08,143.5,136.48,142.2,136.59,5189325,725943966.0,shares,0
2019-10-28,145.16,149.87,142.8,149.26,142.2,7732185,1137294604.0,shares,0
2019-10-29,150.01,150.87,143.68,144.5,149.26,6395590,938221815.0,shares,0
2019-10-30,150.2,158.95,150.2,158.6,144.5,15857777,2481074660.0,shares,0
2019-10-31,158.5,160.97,153.0,153.93,158.6,9466587,1489471266.0,shares,0
2019-11-01,154.0,162.22,151.22,159.84,153.93,7512115,1182184681.0,shares,0
2019-11-04,159.8,168.3,158.0,165.12,159.84,8602928,1413762342.0,shares,0
2019-11-05,165.15,179.3,163.5,173.8,165.12,9623883,1649435781.0,shares,0
2019-11-06,173.8,178.6,166.73,169.52,173.8,8451465,1451258848.0,shares,0
2019-11-07,169.5,169.51,163.3,167.4,169.52,7072383,1176494399.0,shares,0
2019-11-08,168.9,170.8,163.23,166.99,167.4,7496012,1258435570.0,shares,0
2019-11-11,165.0,170.46,162.8,166.93,166.99,6872639,1147717923.0,shares,0
2019-11-12,165.02,167.5,155.57,163.6,166.93,7344114,1187901226.0,shares,0
2019-11-13,163.98,177.0,161.0,175.75,163.6,9744038,1666225818.0,shares,0
2019-11-14,173.95,180.88,171.74,180.88,175.75,9007469,1583479330.0,shares,0
2019-11-15,180.32,184.48,171.5,171.9,180.88,8515163,1526372735.0,shares,0
2019-11-18,172.11,174.9,167.5,172.6,171.9,6670312,1143537590.0,shares,0
2019-11-19,170.09,180.27,169.37,178.9,172.6,5997244,1051062157.0,shares,0
2019-11-20,177.05,180.2,169.21,170.38,178.9,6596106,1144327633.0,shares,0
2019-11-21,167.9,172.9,167.01,169.3,170.38,4786113,812983172.0,shares,0
2019-11-22,170.5,177.99,159.5,161.9,169.3,12475915,2074290232.0,shares,0
2019-11-25,161.0,163.09,156.88,157.51,161.9,7633917,1217597463.0,shares,0
2019-11-26,158.92,163.2,158.92,162.87,157.51,7299967,1178198512.0,shares,0
2019-11-27,161.5,171.0,158.5,166.25,162.87,9192150,1519670376.0,shares,0
2019-11-28,165.94,170.9,163.9,166.79,166.25,5351211,898467966.0,shares,0
2019-11-29,165.97,168.67,159.53,165.4,166.79,6955009,1139955548.0,shares,0
2019-12-02,164.5,171.9,163.86,171.6,165.4,6790734,1149981711.0,shares,0
2019-12-03,169.01,180.8,168.14,179.55,171.6,9338895,1637173106.0,shares,0
2019-12-04,177.3,184.67,175.26,181.7,179.55,8100188,1462520343.0,shares,0
2019-12-05,180.26,196.56,179.36,188.5,181.7,9708200,1831253607.0,shares,0
2019-12-06,188.0,195.99,186.0,194.05,188.5,7031312,1343305889.0,shares,0
2019-12-09,194.95,199.98,190.87,196.85,194.05,8040187,1575531649.0,shares,0
2019-12-10,194.85,202.7,191.0,199.11,196.85,7073751,1395199202.0,shares,0
2019-12-11,197.0,202.6,193.46,200.0,199.11,6082419,1208355889.0,shares,0
2019-12-12,201.44,212.99,199.59,210.0,200.0,7576031,1568265566.0,shares,0
2019-12-13,210.0,210.0,198.5,203.33,210.0,8637009,1753827224.0,shares,0
2019-12-16,202.0,208.4,196.77,204.99,203.33,8274246,1673577565.0,shares,0
2019-12-17,204.19,206.43,201.0,203.55,204.99,5214660,1061504291.0,shares,0
2019-12-18,202.52,210.58,202.0,205.97,203.55,6167988,1272339176.0,shares,0
2019-12-19,201.91,202.0,192.22,195.97,205.97,8604383,1692778896.0,shares,0
2019-12-20,197.9,199.88,194.0,195.3,195.97,4844681,954184007.0,shares,0
2019-12-23,183.99,187.16,179.0,182.3,195.3,11348293,2079560121.0,shares,0
2019-12-24,186.24,199.8,182.81,195.38,182.3,8586321,1638218932.0,shares,0
2019-12-25,199.0,214.92,197.92,214.92,195.38,8294568,1747207447.0,shares,0
2019-12-26,216.1,218.64,205.18,210.33,214.92,7377537,1555413723.0,shares,0
2019-12-27,210.0,212.0,199.4,200.0,210.33,7389079,1514537808.0,shares,0
2019-12-30,200.0,209.1,194.0,207.38,200.0,6493710,1324806865.0,shares,0
2019-12-31,207.64,210.15,201.06,204.89,207.38,5247846,1082163007.0,shares,0
2020-01-02,207.01,224.86,206.1,219.53,204.89,9954653,2167567315.0,shares,0
2020-01-03,224.0,224.4,214.66,220.4,219.53,7056444,1545268901.0,shares,0
2020-01-06,215.5,229.8,215.5,226.0,220.4,6469672,1450349029.0,shares,0
2020-01-07,223.0,226.88,209.0,212.78,226.0,9243858,1987585677.0,shares,0
2020-01-08,212.43,217.0,210.39,213.5,212.78,5061014,1080656125.0,shares,0
2020-01-09,215.4,227.89,211.67,225.8,213.5,8010653,1769473261.0,shares,0
2020-01-10,223.0,248.38,223.0,245.0,225.8,8648507,2058410995.0,shares,0
2020-01-13,245.03,264.88,239.2,261.8,245.0,9199618,2293768547.0,shares,0
2020-01-14,256.2,261.12,249.58,253.99,261.8,7057614,1794191623.0,shares,0
2020-01-15,250.11,260.78,248.28,256.18,253.99,5891978,1497958161.0,shares,0
2020-01-16,255.51,262.22,250.0,252.2,256.18,4624879,1173776917.0,shares,0
2020-01-17,254.65,256.66,249.05,253.01,252.2,4468618,1129924369.0,shares,0
2020-01-20,254.37,276.18,254.37,276.0,253.01,7061385,1881473864.0,shares,0
2020-01-21,261.5,277.77,259.0,271.42,276.0,9511933,2546471682.0,shares,0
2020-01-22,268.33,292.04,263.01,289.6,271.42,6981759,1953000376.0,shares,0
2020-01-23,280.0,305.0,262.55,283.0,289.6,10307637,2924347797.0,shares,0
2020-02-03,254.7,258.0,254.7,254.7,283.0,4633941,1180697359.0,shares,0
2020-02-04,254.8,279.17,254.7,278.9,254.7,8921930,2413598692.0,shares,0
2020-02-05,280.17,293.5,275.82,281.49,278.9,9043975,2555335904.0,shares,0
2020-02-06,272.25,284.08,272.0,283.12,281.49,7207122,2010430608.0,shares,0
2020-02-07,280.82,298.76,277.31,294.48,283.12,7717794,2234333779.0,shares,0
2020-02-10,295.8,295.91,275.0,281.6,294.48,8042376,2266772203.0,shares,0
2020-02-11,278.5,289.3,278.5,282.9,281.6,5061909,1442405363.0,shares,0
2020-02-12,277.23,295.53,277.0,291.66,282.9,6012883,1725910388.0,shares,0
2020-02-13,296.58,320.83,296.0,317.96,291.66,11573061,3633693624.0,shares,0
2020-02-14,313.0,325.0,301.58,311.41,317.96,7915968,2485757630.0,shares,0
2020-02-17,309.0,322.8,309.0,318.0,311.41,5058336,1611570898.0,shares,0
2020-02-18,318.88,327.65,315.51,327.07,318.0,5488880,1768996093.0,shares,0
2020-02-19,325.01,356.44,321.11,341.13,327.07,7533114,2564606036.0,shares,0
2020-02-20,341.0,375.24,339.0,375.24,341.13,7590351,2728007658.0,shares,0
2020-02-21,373.39,397.88,370.0,394.48,375.24,8219045,3175535778.0,shares,0
2020-02-24,398.5,407.74,381.33,402.0,394.48,8543764,3369827673.0,shares,0
2020-02-25,392.0,428.18,390.0,426.16,402.0,11251543,4666930561.0,shares,0
2020-02-26,420.0,428.0,383.54,385.0,426.16,10484362,4235850780.0,shares,0
2020-02-27,395.0,398.0,348.0,355.08,385.0,15173660,5545046876.0,shares,0
2020-02-28,344.41,384.7,327.5,363.04,355.08,16030265,5640634580.0,shares,0
2020-03-02,373.0,380.0,341.0,352.34,363.04,13593380,4830110280.0,shares,0
2020-03-03,356.0,374.8,345.0,350.3,352.34,12463833,4484585083.0,shares,0
2020-03-04,340.0,344.03,315.27,321.79,350.3,17642884,5696808906.0,shares,0
2020-03-05,324.0,330.0,307.8,325.9,321.79,15103525,4832094783.0,shares,0
2020-03-06,317.03,328.0,314.9,321.88,325.9,7877030,2537137649.0,shares,0
2020-03-09,314.5,315.0,292.22,295.92,321.88,11604774,3526189437.0,shares,0
2020-03-10,303.09,315.0,297.0,314.61,295.92,13072390,4018060006.0,shares,0
2020-03-11,312.48,313.6,292.51,293.42,314.61,11721055,3547165652.0,shares,0
2020-03-12,288.25,303.88,286.74,300.2,293.42,10886083,3232645889.0,shares,0
2020-03-13,285.19,318.2,285.0,310.62,300.2,14110385,4296163244.0,shares,0
2020-03-16,306.9,306.9,279.56,279.56,310.62,12926752,3771996060.0,shares,0
2020-03-17,288.0,290.0,266.0,283.11,279.56,8910811,2494452955.0,shares,0
2020-03-18,285.1,291.4,269.73,273.58,283.11,9916933,2788225673.0,shares,0
2020-03-19,275.0,278.99,261.58,275.99,273.58,9688106,2645706195.0,shares,0
2020-03-20,280.64,282.0,254.0,273.8,275.99,10653289,2853217184.0,shares,0
2020-03-23,261.0,262.0,246.42,246.42,273.8,11212803,2845233200.0,shares,0
2020-03-24,253.0,253.77,231.32,244.11,246.42,12072687,2938344799.0,shares,0
2020-03-25,253.0,259.85,246.02,251.3,244.11,11321041,2862070553.0,shares,0
2020-03-26,247.66,257.58,245.3,246.3,251.3,8345134,2087182337.0,shares,0
2020-03-27,252.5,258.2,248.0,250.07,246.3,9976959,2520455194.0,shares,0
2020-03-30,244.01,257.6,236.86,252.59,250.07,11557158,2855059315.0,shares,0
2020-03-31,256.0,256.8,242.01,242.01,252.59,10118800,2506584474.0,shares,0
2020-04-01,237.0,252.1,236.0,242.29,242.01,9597410,2365877295.0,shares,0
2020-04-02,242.55,266.52,242.42,266.52,242.29,15649344,3986157714.0,shares,0
2020-04-03,262.67,266.0,256.0,257.78,266.52,10975924,2860226905.0,shares,0
2020-04-07,270.0,272.0,262.29,264.5,257.78,9963434,2662565466.0,shares,0
2020-04-08,263.5,271.93,261.11,268.65,264.5,7914599,2121391702.0,shares,0
2020-04-09,272.0,273.65,259.4,262.15,268.65,6803590,1794420245.0,shares,0
2020-04-10,262.0,262.0,245.0,246.93,262.15,7796345,1957418691.0,shares,0
2020-04-13,242.95,247.58,232.0,236.2,246.93,6663611,1592254454.0,shares,0
2020-04-14,239.93,247.0,236.66,245.32,236.2,7253653,1745426619.0,shares,0
2020-04-15,246.82,265.32,243.11,255.13,245.32,10602306,2705496245.0,shares,0
2020-04-16,253.16,261.0,248.05,258.05,255.13,6683192,1711725390.0,shares,0
2020-04-17,265.05,279.0,265.05,269.0,258.05,14283662,3884732840.0,shares,0
2020-04-20,269.0,272.46,258.6,267.1,269.0,8699471,2300516588.0,shares,0
2020-04-21,261.94,263.5,249.2,257.02,267.1,8795597,2254278948.0,shares,0
2020-04-22,251.01,256.28,250.0,255.99,257.02,5712489,1447441523.0,shares,0
2020-04-23,256.8,258.8,251.48,251.7,255.99,5474139,1391420592.0,shares,0
2020-04-24,251.0,255.5,244.84,246.09,251.7,4806088,1193345395.0,shares,0
2020-04-27,246.04,247.9,237.6,246.0,246.09,5075104,1232359390.0,shares,0
2020-04-28,247.41,259.78,241.5,259.3,246.0,9971870,2530240367.0,shares,0
2020-04-29,262.96,262.97,251.0,252.56,259.3,7137264,1828996008.0,shares,0
2020-04-30,260.0,277.82,257.5,277.82,252.56,12386065,3367841695.0,shares,0
2020-05-06,284.99,305.6,280.11,305.6,277.82,12262366,3618222419.0,shares,0
2020-05-07,226.73,231.77,220.0,226.0,218.01,17931587,4047632496.0,shares,0
2020-05-08,225.01,228.58,218.01,221.01,226.0,18603578,4134251372.0,shares,0
2020-05-11,223.0,226.67,218.39,220.38,221.01,13124987,2912914351.0,shares,0
2020-05-12,221.0,221.0,209.35,217.89,220.38,15469217,3327076011.0,shares,0
2020-05-13,214.21,220.5,213.3,219.0,217.89,10953582,2376469639.0,shares,0
2020-05-14,217.5,220.0,214.53,214.73,219.0,10981536,2378616816.0,shares,0
2020-05-15,216.2,236.2,214.8,230.0,214.73,24505376,5596530516.0,shares,0
2020-05-18,231.93,238.98,215.0,216.0,230.0,26533368,5984449922.0,shares,0
2020-05-19,218.1,222.0,212.29,221.92,216.0,20046548,4367127705.0,shares,0
2020-05-20,218.8,224.98,214.95,216.66,221.92,14298838,3132218145.0,shares,0
2020-05-21,218.0,225.8,213.88,215.0,216.66,15363709,3373253562.0,shares,0
2020-05-22,213.0,217.01,202.0,205.0,215.0,15277338,3173795274.0,shares,0
2020-05-25,201.64,206.49,195.48,199.0,205.0,11477656,2295538333.0,shares,0
2020-05-26,200.3,206.77,200.3,202.95,199.0,9604115,1957352756.0,shares,0
2020-05-27,201.8,202.7,193.9,195.0,202.95,10114776,1989721007.0,shares,0
2020-05-28,195.0,198.89,191.15,196.49,195.0,9284542,1808160450.0,shares,0
2020-05-29,194.0,196.49,191.27,193.39,196.49,7840937,1519276959.0,shares,0
2020-06-01,197.01,209.45,196.0,206.3,193.39,14585342,2960344480.0,shares,0
2020-06-02,207.1,208.77,204.18,207.6,206.3,8664331,1789178661.0,shares,0
2020-06-03,207.6,214.5,203.03,207.6,207.6,11959790,2494046318.0,shares,0
2020-06-04,208.0,210.0,205.0,205.66,207.6,5868687,1212822200.0,shares,0
2020-06-05,218.0,226.23,216.0,226.23,205.66,23805008,5301265035.0,shares,0
2020-06-08,226.23,229.3,222.66,223.51,226.23,16163075,3657879442.0,shares,0
2020-06-09,225.0,229.91,222.11,226.98,223.51,11061937,2513571833.0,shares,0
2020-06-10,225.75,237.88,224.43,234.29,226.98,13473285,3121742363.0,shares,0
2020-06-11,234.97,236.5,225.52,227.9,234.29,14074447,3247670074.0,shares,0
2020-06-12,220.99,233.39,219.3,230.03,227.9,14965933,3397943445.0,shares,0
2020-06-15,220.0,221.96,215.01,215.21,230.03,16733828,3651692669.0,shares,0
2020-06-16,218.29,219.5,214.12,217.52,215.21,9151609,1985914305.0,shares,0
2020-06-17,217.0,217.6,212.45,215.2,217.52,7114580,1526523046.0,shares,0
2020-06-18,214.3,223.0,213.5,221.31,215.2,11769741,2584407445.0,shares,0
2020-06-19,222.1,232.1,219.03,226.3,221.31,12129178,2741262975.0,shares,0
2020-06-22,229.8,241.6,229.6,236.45,226.3,15985781,3748986624.0,shares,0
2020-06-23,237.0,239.59,230.8,237.28,236.45,12213719,2878675670.0,shares,0
2020-06-24,238.01,247.0,236.0,244.07,237.28,13519161,3270036092.0,shares,0
2020-06-29,240.9,242.5,230.2,233.78,244.07,14667270,3450274304.0,shares,0
2020-06-30,234.89,238.64,233.5,235.91,233.78,11426285,2699172669.0,shares,0
2020-07-01,235.5,244.42,231.2,237.12,235.91,12860210,3067773798.0,shares,0
2020-07-02,237.0,241.88,232.8,238.35,237.12,12030904,2857048106.0,shares,0
2020-07-03,238.3,238.88,230.33,234.41,238.35,14134876,3304280136.0,shares,0
2020-07-06,234.4,257.85,234.35,257.85,234.41,21839211,5472891803.0,shares,0
2020-07-07,266.1,282.0,266.1,266.12,257.85,22061652,6014457437.0,shares,0
2020-07-08,266.0,270.0,257.89,268.5,266.12,17908118,4749422202.0,shares,0
2020-07-09,267.0,281.83,265.0,276.91,268.5,17988866,4952219763.0,shares,0
2020-07-10,272.13,281.0,270.0,273.8,276.91,14392187,3944837893.0,shares,0
2020-07-13,272.02,277.25,263.89,274.0,273.8,18371983,4956273816.0,shares,0
2020-07-14,273.49,295.0,272.9,288.9,274.0,23771359,6763309596.0,shares,0
2020-07-15,287.9,288.8,266.81,270.0,288.9,21821279,5980219428.0,shares,0
2020-07-16,267.0,269.99,243.0,243.0,270.0,20215128,5109736302.0,shares,0
2020-07-17,239.89,245.05,230.01,232.9,243.0,16281154,3829262186.0,shares,0
2020-07-20,237.0,240.25,224.7,240.19,232.9,12748812,2979272990.0,shares,0
2020-07-21,238.0,242.9,235.71,241.3,240.19,10493490,2513253329.94,shares,0
2020-07-22,241.02,249.3,238.1,242.53,241.3,9936404,2432731139.77,shares,0
2020-07-23,238.68,242.0,232.07,239.89,242.53,10088670,2403956697.57,shares,0
2020-07-24,237.32,244.8,225.03,225.59,239.89,11896904,2782247305.53,shares,0
2020-07-27,227.84,232.49,220.0,224.68,225.59,9860319,2235266454.16,shares,0
2020-07-28,228.0,228.99,224.46,225.01,224.68,6848653,1551022218.63,shares,0
2020-07-29,227.7,234.42,225.42,233.96,225.01,10448034,2412115254.31,shares,0
2020-07-30,238.0,238.96,228.5,229.66,233.96,8659549,2001940613.95,shares,0
2020-07-31,228.0,235.36,226.88,231.5,229.66,10723218,2476065964.85,shares,0
2020-08-03,234.11,234.98,226.01,232.55,231.5,15636999,3596482859.27,shares,0
2020-08-04,233.0,238.32,230.09,233.9,232.55,12615501,2954594883.45,shares,0
2020-08-05,246.99,247.0,236.3,236.3,233.9,13838247,3327229738.21,shares,0
2020-08-06,233.5,235.0,229.01,230.15,236.3,9702765,2242546944.79,shares,0
2020-08-07,228.96,231.0,215.88,220.89,230.15,11259724,2508567277.13,shares,0
2020-08-10,218.0,220.4,213.0,218.04,220.89,9657579,2094251625.49,shares,0
2020-08-11,221.0,225.0,215.0,215.66,218.04,7202066,1585720964.38,shares,0
2020-08-12,215.6,217.0,205.59,211.5,215.66,10367415,2180287101.16,shares,0
2020-08-13,213.63,214.2,209.0,210.63,211.5,5163115,1089570597.63,shares,0
2020-08-14,210.62,212.68,208.46,212.1,210.63,4576500,965291759.05,shares,0
2020-08-17,212.7,215.0,210.0,214.99,212.1,7856374,1668791157.41,shares,0
2020-08-18,215.0,216.36,210.5,213.98,214.99,7369881,1572073354.45,shares,0
2020-08-19,212.76,212.8,206.51,206.85,213.98,6126293,1282062277.05,shares,0
2020-08-20,204.82,208.86,203.0,205.9,206.85,4905954,1008979996.51,shares,0
2020-08-21,208.56,209.88,202.5,205.8,205.9,6558306,1345817934.92,shares,0
2020-08-24,205.19,207.08,198.8,205.89,205.8,7073281,1441622204.78,shares,0
2020-08-25,207.0,208.7,203.28,205.8,205.89,5930736,1220192847.91,shares,0
2020-08-26,202.0,202.0,191.22,191.27,205.8,14780816,2886328420.7,shares,0
2020-08-27,189.9,195.1,186.05,192.89,191.27,9302447,1777184527.23,shares,0
2020-08-28,192.9,197.5,190.45,196.92,192.89,7461384,1448577490.24,shares,0
2020-08-31,199.0,207.77,199.0,199.53,196.92,10461297,2124430971.07,shares,0
2020-09-01,200.05,201.0,196.22,199.83,199.53,4855119,964651888.8,shares,0
2020-09-02,199.95,200.16,196.54,196.92,199.83,4545158,897912917.05,shares,0
2020-09-03,196.59,202.8,193.22,202.47,196.92,8250923,1641684471.16,shares,0
2020-09-04,199.0,206.59,198.35,204.06,202.47,9936733,2026159484.99,shares,0
2020-09-07,197.99,197.99,183.77,185.51,204.06,16487084,3141317421.07,shares,0
2020-09-08,184.44,186.91,182.1,185.78,185.51,5769238,1067104036.62,shares,0
2020-09-09,183.4,183.49,175.55,176.0,185.78,9039587,1615171404.68,shares,0
2020-09-10,178.87,181.01,173.76,174.5,176.0,6165311,1095896816.41,shares,0
2020-09-11,175.99,179.59,174.4,178.9,174.5,5966610,1059771850.52,shares,0
2020-09-14,180.5,182.2,176.8,178.03,178.9,5601017,1003911961.32,shares,0
2020-09-15,176.88,184.6,174.4,180.5,178.03,8126815,1456973740.1,shares,0
2020-09-16,179.88,182.74,178.1,178.78,180.5,5178572,933625486.66,shares,0
2020-09-17,178.5,183.2,175.0,180.75,178.78,7792867,1400727208.98,shares,0
2020-09-18,180.06,183.33,178.79,182.8,180.75,6212991,1126338362.23,shares,0
2020-09-21,184.0,184.88,179.12,179.32,182.8,5439133,988635054.18,shares,0
2020-09-22,176.71,180.8,176.22,177.0,179.32,4028053,717891726.48,shares,0
2020-09-23,178.0,183.0,177.88,182.7,177.0,7987331,1450973361.11,shares,0
2020-09-24,180.5,182.5,179.42,180.4,182.7,4815912,871336934.12,shares,0
2020-09-25,182.49,182.5,177.49,178.5,180.4,4015123,719132780.03,shares,0
2020-09-28,177.0,177.5,173.5,174.0,178.5,5372334,938452441.29,shares,0
2020-09-29,174.95,177.18,173.9,174.25,174.0,4411034,773652532.26,shares,0
2020-09-30,175.0,175.5,173.05,173.11,174.25,3591075,625301281.38,shares,0
2020-10-09,176.0,179.99,175.3,179.82,173.11,6551178,1166228156.12,shares,0
2020-10-12,181.7,187.58,180.5,187.47,179.82,9343394,1722134635.25,shares,0
2020-10-13,187.95,187.98,184.11,185.96,187.47,5857181,1087448366.21,shares,0
2020-10-14,185.33,185.66,182.28,184.24,185.96,4608085,847378785.35,shares,0
2020-10-15,184.69,191.88,184.6,185.57,184.24,8412989,1579401314.24,shares,0
2020-10-16,187.0,188.0,182.0,183.53,185.57,4634825,852813358.98,shares,0
2020-10-19,184.0,184.88,181.07,181.29,183.53,3395902,621516254.08,shares,0
2020-10-20,181.0,181.95,177.81,181.71,181.29,3382125,608923445.28,shares,0
2020-10-21,182.0,182.0,177.5,177.65,181.71,3719960,665005528.85,shares,0
2020-10-22,177.61,181.5,175.63,180.32,177.65,3756339,674671946.65,shares,0
2020-10-23,179.9,180.8,177.0,177.04,180.32,3064111,547104312.95,shares,0
2020-10-26,175.0,177.99,174.1,174.98,177.04,2849837,500730687.93,shares,0
2020-10-27,174.0,177.99,173.52,177.64,174.98,2764550,487614948.6,shares,0
2020-10-28,178.64,181.78,175.06,181.15,177.64,4047506,725180717.05,shares,0
2020-10-29,178.12,179.85,175.0,177.0,181.15,4330658,766954127.68,shares,0
2020-10-30,181.0,194.7,181.0,194.7,177.0,23636387,4532121479.39,shares,0
2020-11-02,197.0,207.67,192.0,205.6,194.7,22785427,4545932195.62,shares,0
2020-11-03,206.0,207.38,200.22,203.3,205.6,13918974,2834822296.36,shares,0
2020-11-04,204.0,208.8,202.03,205.0,203.3,10262938,2104717561.25,shares,0
2020-11-05,209.18,210.05,202.68,206.8,205.0,9424905,1940653186.48,shares,0
2020-11-06,208.0,212.2,202.0,212.16,206.8,12601738,2611087614.61,shares,0
2020-11-09,216.0,233.37,216.0,225.09,212.16,21192009,4774863206.8,shares,0
2020-11-10,222.0,223.48,215.06,216.44,225.09,11456027,2511785824.41,shares,0
2020-11-11,213.0,214.88,201.12,202.01,216.44,12843124,2655407189.78,shares,0
2020-11-12,206.31,206.44,200.92,203.4,202.01,5619144,1145081663.92,shares,0
2020-11-13,201.02,209.3,200.35,207.15,203.4,7571225,1560513298.83,shares,0
2020-11-16,205.25,206.99,197.73,200.5,207.15,8919984,1803586114.7,shares,0
2020-11-17,200.0,215.85,194.0,214.64,200.5,15337160,3130975318.24,shares,0
2020-11-18,211.0,215.77,208.8,210.8,214.64,12290173,2606856176.91,shares,0
2020-11-19,209.0,218.28,208.72,212.0,210.8,10390414,2223630447.67,shares,0
2020-11-20,211.42,213.58,206.66,207.6,212.0,7981016,1672798258.99,shares,0
2020-11-23,207.0,214.5,206.18,210.61,207.6,9595979,2022031380.71,shares,0
2020-11-24,212.0,215.0,209.0,210.6,210.61,9376202,1990913237.28,shares,0
2020-11-25,210.0,210.88,204.5,205.8,210.6,7941769,1648425174.89,shares,0
2020-11-26,205.8,207.55,201.49,201.76,205.8,5795817,1186318606.08,shares,0
2020-11-27,201.01,205.0,198.89,203.59,201.76,5613982,1138876604.75,shares,0
2020-11-30,205.1,211.58,201.05,206.59,203.59,10623180,2205689961.37,shares,0
2020-12-01,206.49,208.48,204.57,207.07,206.59,6643367,1368525878.77,shares,0
2020-12-02,209.28,217.75,209.2,215.09,207.07,18570057,3984964274.76,shares,0
2020-12-03,214.97,217.5,211.03,212.98,215.09,9994154,2140040775.31,shares,0
2020-12-04,215.01,217.49,213.01,216.5,212.98,8679709,1872580536.39,shares,0
2020-12-07,224.03,225.3,213.48,214.0,216.5,12206108,2660244473.51,shares,0
2020-12-08,213.0,215.88,211.52,213.5,214.0,5743440,1230886630.55,shares,0
2020-12-09,212.8,214.29,206.68,207.26,213.5,7384952,1554380395.44,shares,0
2020-12-10,206.6,212.0,204.1,209.9,207.26,8448410,1765943896.39,shares,0
2020-12-11,210.53,210.53,200.1,200.5,209.9,15434576,3130747523.61,shares,0
2020-12-14,201.2,205.76,199.51,205.59,200.5,8947444,1817387117.81,shares,0
2020-12-15,205.6,207.57,202.0,204.9,205.59,6642313,1360052753.16,shares,0
2020-12-16,203.8,206.23,202.0,203.01,204.9,4613181,938003650.16,shares,0
2020-12-17,202.49,206.5,201.02,205.31,203.01,5058197,1031634555.13,shares,0
2020-12-18,208.4,209.5,201.0,201.9,205.31,7787970,1589617277.08,shares,0
2020-12-21,196.98,201.93,190.0,200.19,201.9,10444984,2055974885.99,shares,0
2020-12-22,196.1,199.8,193.5,193.5,200.19,7842158,1536970565.72,shares,0
2020-12-23,193.5,195.99,190.97,194.49,193.5,8486458,1639297339.31,shares,0
2020-12-24,194.5,196.88,185.5,189.0,194.49,10030074,1906952602.59,shares,0
2020-12-25,188.15,188.2,182.5,183.13,189.0,8794400,1622280038.61,shares,0
2020-12-28,183.01,186.68,180.51,184.25,183.13,6546769,1203506807.71,shares,0
2020-12-29,185.55,199.8,185.15,193.81,184.25,14399067,2802131691.44,shares,0
2020-12-30,191.88,196.61,188.13,195.22,193.81,10116857,1943508037.74,shares,0
2020-12-31,197.48,199.5,194.6,197.5,195.22,8293187,1637645764.19,shares,0
2021-01-04,197.99,200.98,194.6,198.62,197.5,9019076,1783610462.52,shares,0
2021-01-05,195.45,209.63,195.0,208.9,198.62,16550762,3378792591.69,shares,0
2021-01-06,211.33,212.2,201.05,203.72,208.9,12854464,2635813353.46,shares,0
2021-01-07,202.5,203.51,196.6,200.55,203.72,10361907,2067657216.47,shares,0
2021-01-08,200.8,204.18,196.72,202.56,200.55,9413583,1889970592.48,shares,0
2021-01-11,208.0,214.2,203.01,204.19,202.56,16017900,3348725992.26,shares,0
2021-01-12,201.55,206.48,196.41,206.14,204.19,13198597,2668396589.56,shares,0
2021-01-13,207.97,215.2,204.24,215.13,206.14,23391489,4946431199.77,shares,0
2021-01-14,217.91,223.1,210.4,219.42,215.13,27717907,6045610650.69,shares,0
2021-01-15,217.6,221.47,209.28,214.8,219.42,16542026,3559529157.18,shares,0
2021-01-18,212.12,228.5,208.12,224.63,214.8,22001659,4857506387.63,shares,0
2021-01-19,224.89,229.5,221.13,225.0,224.63,15415461,3472744786.3,shares,0
2021-01-20,225.08,227.59,223.1,225.5,225.0,10927176,2461157393.76,shares,0
2021-01-21,227.0,227.0,216.21,218.05,225.5,15088330,3322048581.78,shares,0
2021-01-22,217.0,218.0,207.58,209.68,218.05,19050915,4023867854.77,shares,0
2021-01-25,198.97,206.57,193.33,202.07,209.68,21974099,4405140268.34,shares,0
2021-01-26,200.1,205.2,195.63,195.71,202.07,10448500,2083068858.0,shares,0
2021-01-27,197.0,197.2,188.16,190.68,195.71,11304197,2170521514.6,shares,0
2021-01-28,188.0,192.93,185.77,186.3,190.68,8024092,1509923813.5,shares,0
2021-01-29,187.39,188.5,180.6,182.0,186.3,9653682,1777024363.08,shares,0
2021-02-01,181.0,184.97,180.7,184.36,182.0,5808456,1065677646.06,shares,0
2021-02-02,185.0,191.65,184.98,189.55,184.36,7430417,1402913764.11,shares,0
2021-02-03,188.29,189.35,182.0,182.0,189.55,7853043,1456916866.02,shares,0
2021-02-04,180.01,187.5,169.0,185.97,182.0,15769942,2791349777.57,shares,0
2021-02-05,183.0,183.89,175.0,175.7,185.97,8796967,1583222206.7,shares,0
2021-02-08,175.7,182.22,175.66,179.07,175.7,6265294,1125575345.94,shares,0
2021-02-09,180.18,183.77,178.0,183.66,179.07,5991006,1090666203.11,shares,0
2021-02-10,184.8,184.8,181.68,183.82,183.66,4857492,892208835.36,shares,0
2021-02-18,187.6,193.48,185.95,189.07,183.82,9118520,1731918069.76,shares,0
2021-02-19,188.8,196.58,187.05,195.91,189.07,10455538,2035806670.75,shares,0
2021-02-22,193.01,195.4,188.0,188.0,195.91,8256545,1579426973.4,shares,0
2021-02-23,186.0,186.3,180.68,183.2,188.0,5896885,1083769889.2,shares,0
2021-02-24,184.0,200.0,183.5,194.33,183.2,17262619,3367385835.31,shares,0
2021-02-25,195.88,199.85,192.47,196.41,194.33,10070047,1981982518.26,shares,0
2021-02-26,192.42,200.49,189.32,192.5,196.41,10089261,1971334492.53,shares,0
2021-03-01,196.0,204.48,193.5,202.8,192.5,12874671,2572147418.59,shares,0
2021-03-02,204.52,206.37,200.52,204.66,202.8,12307461,2502063051.67,shares,0
2021-03-03,202.98,202.98,195.11,199.0,204.66,9401558,1860299146.98,shares,0
2021-03-04,197.15,200.71,192.52,194.01,199.0,6163418,1205115360.49,shares,0
2021-03-05,191.0,197.49,190.12,194.78,194.01,5300568,1031591635.42,shares,0
2021-03-08,195.0,195.5,181.0,181.0,194.78,8244696,1549282719.79,shares,0
2021-03-09,178.8,180.98,171.01,173.42,181.0,9161412,1607165604.75,shares,0
2021-03-10,175.5,176.58,170.9,171.06,173.42,5238520,905960685.76,shares,0
2021-03-11,171.07,178.0,168.38,173.74,171.06,7035529,1219410460.43,shares,0
2021-03-12,173.95,174.0,168.61,169.0,173.74,5711743,974135116.31,shares,0
2021-03-15,168.0,168.0,152.1,153.37,169.0,13216596,2075104354.93,shares,0
2021-03-16,155.0,157.09,147.03,155.52,153.37,9694892,1482431054.31,shares,0
2021-03-17,155.52,170.05,153.53,168.88,155.52,11340880,1855048262.14,shares,0
2021-03-18,169.99,170.48,165.22,166.8,168.88,5132196,857564685.21,shares,0
2021-03-19,163.18,175.7,160.79,170.0,166.8,8688322,1476825142.08,shares,0
2021-03-22,170.0,172.63,166.71,169.52,170.0,4054611,686148866.16,shares,0
2021-03-23,170.66,174.6,167.58,168.2,169.52,4823714,822072592.19,shares,0
2021-03-24,167.0,169.6,164.46,166.96,168.2,4166846,693001412.59,shares,0
2021-03-25,165.0,173.43,164.5,169.74,166.96,4657568,794033717.38,shares,0
2021-03-26,169.72,173.3,167.3,170.93,169.74,5597257,954949054.99,shares,0
2021-03-29,172.12,176.69,170.7,172.35,170.93,6835178,1184436078.56,shares,0
2021-03-30,172.0,173.5,168.2,169.11,172.35,5647754,960759464.28,shares,0
2021-03-31,169.6,171.38,167.52,170.88,169.11,4251497,723183312.86,shares,0
2021-04-01,171.5,176.64,170.88,175.03,170.88,6904490,1207182917.3,shares,0
2021-04-02,177.88,184.77,177.88,182.51,175.03,9614001,1754913673.82,shares,0
2021-04-06,184.61,184.99,180.0,180.05,182.51,4545748,826840067.59,shares,0
2021-04-07,178.86,182.43,175.12,182.22,180.05,6205963,1112832785.43,shares,0
2021-04-08,180.33,183.94,179.42,182.2,182.22,4139122,752163028.41,shares,0
2021-04-09,182.2,185.22,181.4,182.0,182.2,4497210,822099310.8,shares,0
2021-04-12,178.68,187.07,176.22,183.9,182.0,7521109,1379430764.36,shares,0
2021-04-13,183.29,185.98,179.33,180.3,183.9,4962417,906183827.05,shares,0
2021-04-14,179.0,185.48,178.85,182.71,180.3,4137243,757657838.69,shares,0
2021-04-15,182.2,183.6,176.75,181.1,182.71,4509859,810582972.34,shares,0
2021-04-16,181.13,182.48,173.98,174.0,181.1,6182336,1090649009.16,shares,0
2021-04-19,167.5,173.5,159.5,170.6,174.0,14093433,2368471543.27,shares,0
2021-04-20,170.0,175.6,169.05,171.8,170.6,7891756,1359401885.04,shares,0
2021-04-21,170.66,172.82,168.75,170.36,171.8,4891771,833087999.39,shares,0
2021-04-22,170.4,173.36,169.5,170.7,170.36,4527137,774390783.86,shares,0
2021-04-23,172.0,175.36,171.0,175.07,170.7,5477177,950795381.76,shares,0
2021-04-26,176.88,189.5,176.0,184.05,175.07,10276334,1891281032.76,shares,0
2021-04-27,184.5,186.61,180.99,185.99,184.05,6159504,1134151596.75,shares,0
2021-04-28,193.0,196.48,184.2,195.77,185.99,12841452,2475951088.63,shares,0
2021-04-29,196.5,202.18,193.4,193.8,195.77,8282326,1627033003.17,shares,0
2021-04-30,193.8,197.0,193.01,193.23,193.8,5517235,1074913940.87,shares,0
2021-05-06,192.35,194.87,187.0,187.38,193.23,6457444,1227498301.12,shares,0
2021-05-07,189.57,191.58,177.8,177.95,187.38,8579640,1576990547.8,shares,0
2021-05-10,177.95,177.95,168.06,169.46,177.95,10043465,1728216758.99,shares,0
2021-05-11,169.45,170.19,164.02,166.05,169.46,7370985,1224862883.03,shares,0
2021-05-12,165.8,170.01,165.0,170.01,166.05,8231344,1376585417.05,shares,0
2021-05-13,167.5,169.92,166.01,167.4,170.01,5733769,961077552.31,shares,0
2021-05-14,169.0,172.5,163.41,171.89,167.4,8295981,1402684542.58,shares,0
2021-05-17,173.0,176.77,171.96,174.1,171.89,7284799,1271455380.53,shares,0
2021-05-18,172.06,173.23,170.13,172.96,174.1,4272625,734166667.41,shares,0
2021-05-19,172.34,176.09,171.96,175.2,172.96,4972840,868351077.09,shares,0
2021-05-20,175.0,175.03,170.3,173.96,175.2,7442370,1284579211.92,shares,0
2021-05-21,123.87,128.0,121.1,121.8,123.86,8418417,1039716042.95,shares,0
2021-05-24,119.03,120.33,115.05,119.72,121.8,14822506,1739150525.94,shares,0
2021-05-25,120.47,131.15,120.47,130.35,119.72,22781346,2909162614.79,shares,0
2021-05-26,131.9,131.9,129.04,129.6,130.35,10939966,1423317311.7,shares,0
2021-05-27,130.25,136.56,129.99,133.88,129.6,18266203,2440215169.2,shares,0
2021-05-28,133.31,137.07,131.0,133.5,133.88,15960335,2149748562.29,shares,0
2021-05-31,136.1,140.91,133.79,135.27,133.5,16603595,2274628974.02,shares,0
2021-06-01,135.27,138.66,131.21,136.08,135.27,14109153,1913235455.52,shares,0
2021-06-02,139.6,142.0,137.72,138.33,136.08,18607191,2598105379.42,shares,0
2021-06-03,137.82,139.85,132.72,138.0,138.33,14243200,1945049602.81,shares,0
2021-06-04,137.98,143.89,137.01,142.62,138.0,18849869,2681689219.48,shares,0
2021-06-07,145.74,146.88,142.25,143.89,142.62,20697636,2993133024.39,shares,0
2021-06-08,144.88,144.98,139.41,140.19,143.89,12918768,1830388207.42,shares,0
2021-06-09,139.41,142.66,138.95,140.69,140.19,9742605,1371762063.82,shares,0
2021-06-10,140.39,142.1,139.5,141.6,140.69,10899841,1536079682.92,shares,0
2021-06-11,142.2,142.8,140.0,141.0,141.6,11319651,1600760620.15,shares,0
2021-06-15,141.0,145.25,137.0,137.87,141.0,15391913,2172712530.6,shares,0
2021-06-16,139.37,143.56,134.98,135.27,137.87,17999126,2512973684.13,shares,0
2021-06-17,136.35,148.8,136.33,148.8,135.27,25491527,3687783408.89,shares,0
2021-06-18,153.0,159.98,152.62,158.0,148.8,37680848,5906923076.96,shares,0
2021-06-21,158.0,161.88,154.9,158.88,158.0,21885455,3467787734.39,shares,0
2021-06-22,159.99,167.0,156.39,165.26,158.88,25665039,4181929498.59,shares,0
2021-06-23,163.09,179.5,162.03,173.15,165.26,32887631,5637711300.88,shares,0
2021-06-24,171.5,174.89,168.15,172.94,173.15,18493493,3172958149.17,shares,0
2021-06-25,172.0,174.5,165.01,171.0,172.94,18334077,3104244066.36,shares,0
2021-06-28,171.0,182.9,170.87,178.58,171.0,19982326,3544923621.15,shares,0
2021-06-29,179.0,180.0,172.9,174.75,178.58,14128090,2477956367.15,shares,0
2021-06-30,177.3,188.43,177.01,187.9,174.75,22523636,4150653746.94,shares,0
2021-07-01,186.95,191.74,183.17,184.68,187.9,17919062,3348386515.74,shares,0
2021-07-02,180.53,184.66,176.8,178.29,184.68,20871304,3758178916.23,shares,0
2021-07-05,181.86,192.55,180.0,191.28,178.29,23374111,4382840511.92,shares,0
2021-07-06,190.0,190.0,173.0,178.8,191.28,28846274,5213186109.69,shares,0
2021-07-07,174.4,184.34,170.99,182.9,178.8,21712264,3880827006.07,shares,0
2021-07-08,183.0,195.64,182.55,191.19,182.9,22741250,4323217790.34,shares,0
2021-07-09,190.0,193.99,183.65,189.0,191.19,15303078,2876226458.82,shares,0
2021-07-12,193.2,195.7,186.36,192.0,189.0,20250109,3878642714.44,shares,0
2021-07-13,190.0,192.4,175.0,178.69,192.0,25137392,4553826087.04,shares,0
2021-07-14,178.6,181.58,174.0,174.9,178.69,14845049,2627656493.91,shares,0
2021-07-15,175.01,175.8,167.0,173.83,174.9,16488983,2826148318.14,shares,0
2021-07-16,173.95,180.32,166.88,167.55,173.83,18339032,3157184155.41,shares,0
2021-07-19,165.0,172.87,164.0,171.18,167.55,12403019,2105297748.91,shares,0
2021-07-20,169.87,174.67,167.0,172.8,171.18,11004849,1889720351.33,shares,0
2021-07-21,174.0,185.93,172.06,184.04,172.8,23431613,4250964397.47,shares,0
2021-07-22,183.98,192.88,180.38,189.69,184.04,18759083,3499809348.63,shares,0
2021-07-23,188.98,200.5,188.0,196.01,189.69,20610099,4042972897.39,shares,0
2021-07-26,196.23,204.5,191.75,200.56,196.01,24868625,4922162882.14,shares,0
2021-07-27,205.0,220.62,204.07,205.62,200.56,40414880,8595104980.68,shares,0
2021-07-28,201.88,212.01,189.98,201.89,205.62,28403181,5711972325.49,shares,0
2021-07-29,207.5,220.0,202.0,214.91,201.89,26577599,5647293157.35,shares,0
2021-07-30,212.1,235.13,210.2,230.05,214.91,27219543,6133918112.72,shares,0
2021-08-02,228.0,228.7,208.99,220.0,230.05,26807946,5875048006.26,shares,0
2021-08-03,215.0,215.0,198.0,198.0,220.0,21650585,4428622263.16,shares,0
2021-08-04,197.0,204.99,192.01,201.35,198.0,31034851,6168512967.85,shares,0
2021-08-05,199.0,206.0,195.01,198.56,201.35,18586320,3728151876.02,shares,0
2021-08-06,202.37,206.74,191.01,196.0,198.56,19567584,3846655103.49,shares,0
2021-08-09,192.01,192.01,180.5,189.74,196.0,20334161,3787248106.21,shares,0
2021-08-10,189.75,191.15,178.01,182.89,189.74,23441260,4293110506.27,shares,0
2021-08-11,183.3,187.97,181.51,186.01,182.89,16640168,3078351138.24,shares,0
2021-08-12,184.51,194.5,183.89,188.27,186.01,16897073,3205513872.38,shares,0
2021-08-13,182.5,183.99,171.48,172.41,188.27,33027063,5795320415.32,shares,0
2021-08-16,172.0,179.63,167.83,174.5,172.41,26008377,4528396645.73,shares,0
2021-08-17,174.51,175.54,163.23,163.72,174.5,25256203,4231440919.78,shares,0
2021-08-18,167.46,168.0,163.0,166.8,163.72,14653350,2430719726.74,shares,0
2021-08-19,166.8,170.7,164.0,167.02,166.8,15174496,2548541834.08,shares,0
2021-08-20,168.0,171.18,163.15,168.09,167.02,15447953,2589019821.4,shares,0
2021-08-23,169.9,171.1,164.73,165.75,168.09,18975459,3176950470.83,shares,0
2021-08-24,166.78,179.45,165.95,178.58,165.75,25335388,4421556918.63,shares,0
2021-08-25,178.58,178.68,166.5,171.35,178.58,24827446,4220490163.27,shares,0
2021-08-26,169.0,176.39,167.07,168.0,171.35,16892288,2887304954.32,shares,0
2021-08-27,167.9,176.5,166.66,175.5,168.0,17659586,3050992183.77,shares,0
2021-08-30,183.0,183.2,168.68,170.06,175.5,26518420,4692891959.87,shares,0
2021-08-31,153.05,158.99,153.05,153.05,170.06,32987921,5073385215.67,shares,0
2021-09-01,151.65,154.99,145.81,153.65,153.05,32292937,4839068232.34,shares,0
2021-09-02,151.5,154.2,145.88,146.49,153.65,24118021,3569001117.37,shares,0
2021-09-03,148.0,151.44,146.1,147.87,146.49,15064793,2239744028.28,shares,0
2021-09-06,147.88,155.2,146.36,152.56,147.87,15998089,2434399734.39,shares,0
2021-09-07,152.62,157.53,152.62,156.0,152.56,11375874,1774500644.62,shares,0
2021-09-08,156.07,159.03,155.0,156.0,156.0,9666434,1515737885.7,shares,0
2021-09-09,156.0,157.0,152.56,154.25,156.0,9904168,1527027283.31,shares,0
2021-09-10,155.0,162.58,153.68,159.9,154.25,17133337,2720060370.52,shares,0
2021-09-13,159.9,161.0,152.0,155.3,159.9,14970675,2331084746.43,shares,0
2021-09-14,154.08,159.1,152.8,154.64,155.3,10662965,1664649943.65,shares,0
2021-09-15,153.99,155.46,150.5,151.55,154.64,11094351,1687494492.34,shares,0
2021-09-16,151.4,153.44,147.3,147.9,151.55,14755485,2215395753.23,shares,0
2021-09-17,149.19,152.1,149.15,151.25,147.9,8022325,1208581249.0,shares,0
2021-09-22,148.36,151.8,148.0,149.29,151.25,7626833,1142412426.24,shares,0
2021-09-23,149.0,153.99,146.46,150.61,149.29,12637164,1906747858.9,shares,0
2021-09-24,150.0,153.3,148.0,150.2,150.61,9218252,1389500925.73,shares,0
2021-09-27,152.54,152.88,145.0,145.19,150.2,15884394,2345043967.99,shares,0
2021-09-28,143.0,157.25,142.85,152.91,145.19,19719236,3009071795.63,shares,0
2021-09-29,152.0,152.0,144.3,147.04,152.91,17178949,2518179929.75,shares,0
2021-09-30,146.99,148.91,144.4,144.99,147.04,12542575,1833616152.39,shares,0
2021-10-08,147.94,155.9,146.48,149.7,144.99,16662947,2517616213.87,shares,0
2021-10-11,149.0,152.4,147.0,147.35,149.7,12175384,1819111920.77,shares,0
2021-10-12,146.0,148.35,141.0,142.15,147.35,14492695,2083616926.59,shares,0
2021-10-13,142.96,145.89,140.74,145.26,142.15,8695223,1248980706.61,shares,0
2021-10-14,145.0,147.99,144.2,146.12,145.26,7015624,1025986929.04,shares,0
2021-10-15,146.0,155.86,145.0,155.54,146.12,24228909,3708057786.71,shares,0
2021-10-18,151.0,152.2,148.03,149.31,155.54,22414963,3350360940.29,shares,0
2021-10-19,148.2,150.3,146.34,148.45,149.31,11533702,1708137085.56,shares,0
2021-10-20,147.71,150.66,146.44,146.84,148.45,10901354,1614413153.77,shares,0
2021-10-21,145.11,148.8,144.84,146.69,146.84,9501857,1395579693.38,shares,0
2021-10-22,148.0,155.69,147.06,154.4,146.69,21608309,3306882737.61,shares,0
2021-10-25,156.36,156.77,150.17,152.6,154.4,13945109,2120103404.64,shares,0
2021-10-26,151.95,160.68,151.53,158.01,152.6,20057868,3138040166.17,shares,0
2021-10-27,158.03,158.07,153.5,157.56,158.01,15100540,2352151592.04,shares,0
2021-10-28,172.0,172.0,161.6,164.3,157.56,41154185,6844366582.7,shares,0
2021-10-29,165.9,176.95,164.31,169.51,164.3,31970400,5470248314.33,shares,0
2021-11-01,169.0,174.43,166.96,171.09,169.51,21310186,3641497084.46,shares,0
2021-11-02,172.0,174.88,169.02,172.0,171.09,20835609,3580353386.3,shares,0
2021-11-03,173.15,174.5,167.93,168.8,172.0,17581047,2999012756.29,shares,0
2021-11-04,170.0,171.6,165.5,167.0,168.8,15654761,2629731997.41,shares,0
2021-11-05,169.2,170.31,165.7,167.31,167.0,13672547,2299709090.57,shares,0
2021-11-08,165.0,165.99,159.54,161.99,167.31,16762338,2712244542.62,shares,0
2021-11-09,162.2,166.62,159.6,164.3,161.99,16200385,2642450298.28,shares,0
2021-11-10,163.0,166.53,160.09,166.2,164.3,12947333,2123112401.89,shares,0
2021-11-11,164.8,169.18,161.13,164.56,166.2,19608437,3233436753.15,shares,0
2021-11-12,162.44,164.8,161.47,162.77,164.56,13058279,2125818123.63,shares,0
2021-11-15,163.01,168.98,163.0,166.78,162.77,19036137,3164767251.96,shares,0
2021-11-16,165.5,167.11,163.02,163.18,166.78,12068992,1988307898.22,shares,0
2021-11-17,162.91,163.47,158.94,161.92,163.18,14492985,2335467111.61,shares,0
2021-11-18,161.21,162.99,158.58,158.59,161.92,10898782,1745678880.25,shares,0
2021-11-19,158.65,160.3,157.03,159.3,158.59,11557095,1831289085.54,shares,0
2021-11-22,159.0,165.88,157.66,165.46,159.3,20478549,3345633118.07,shares,0
2021-11-23,165.0,166.6,161.75,162.16,165.46,14711524,2410820083.52,shares,0
2021-11-24,161.59,163.63,156.0,156.02,162.16,19600320,3128062382.65,shares,0
2021-11-25,156.01,157.01,152.85,156.33,156.02,14300491,2221856418.96,shares,0
2021-11-26,156.34,157.0,150.79,151.99,156.33,14399375,2198586715.97,shares,0
2021-11-29,149.71,152.88,149.22,150.23,151.99,10942530,1647653653.49,shares,0
2021-11-30,151.77,153.34,149.66,150.6,150.23,10353673,1566124855.8,shares,0
2021-12-01,153.5,165.66,153.5,165.66,150.6,22869362,3718123138.02,shares,0
2021-12-02,170.0,172.12,166.67,169.79,165.66,36239228,6155421346.52,shares,0
2021-12-03,170.98,181.41,170.71,176.49,169.79,30229632,5358911245.92,shares,0
2021-12-06,180.72,180.85,172.62,172.62,176.49,18003760,3169669987.16,shares,0
2021-12-07,176.93,178.16,169.69,171.0,172.62,14600082,2520935171.59,shares,0
2021-12-08,175.0,185.67,175.0,180.55,171.0,26639626,4819074836.06,shares,0
2021-12-09,180.0,181.49,177.13,180.11,180.55,13885848,2492093078.71,shares,0
2021-12-10,179.01,179.01,174.3,174.88,180.11,15091916,2648828522.24,shares,0
2021-12-13,174.88,176.3,173.14,174.4,174.88,10565654,1848873359.31,shares,0
2021-12-14,173.5,176.14,172.0,172.55,174.4,9307658,1614716185.46,shares,0
2021-12-15,173.1,174.5,170.3,170.47,172.55,7551329,1300010732.23,shares,0
2021-12-16,172.49,176.59,170.43,170.92,170.47,13091264,2264072766.93,shares,0
2021-12-17,170.15,171.5,167.0,167.14,170.92,11549503,1947388031.01,shares,0
2021-12-20,166.0,170.5,163.01,163.48,167.14,10634034,1770738441.18,shares,0
2021-12-21,165.69,169.7,165.0,166.23,163.48,10451909,1744251447.06,shares,0
2021-12-22,167.98,175.0,167.98,171.08,166.23,15862196,2725391294.93,shares,0
2021-12-23,170.97,173.14,169.48,171.51,171.08,8278923,1419611431.67,shares,0
2021-12-24,172.3,176.3,171.55,173.89,171.51,9993805,1738559914.93,shares,0
2021-12-27,174.47,174.88,166.34,167.7,173.89,11418962,1930929853.4,shares,0
2021-12-28,169.0,171.75,166.55,171.02,167.7,10959384,1851440029.52,shares,0
2021-12-29,170.0,170.8,162.8,165.0,171.02,12086019,1997595883.41,shares,0
2021-12-30,164.94,181.08,164.38,176.47,165.0,22836351,3987206614.34,shares,0
2021-12-31,178.26,178.26,172.17,175.85,176.47,11216088,1964312422.25,shares,0
2022-01-04,176.56,178.9,171.01,175.88,175.85,10874197,1900824345.01,shares,0
2022-01-05,174.77,174.77,158.29,158.3,175.88,25663497,4158864709.15,shares,0
2022-01-06,155.0,167.8,154.6,162.96,158.3,16493526,2658078307.12,shares,0
2022-01-07,161.01,163.98,156.63,157.0,162.96,14487899,2315062078.91,shares,0
2022-01-10,155.58,158.0,151.33,156.5,157.0,9994758,1550603840.61,shares,0
2022-01-11,156.04,156.47,151.0,152.19,156.5,9804885,1500381358.57,shares,0
2022-01-12,153.54,155.59,151.35,154.97,152.19,10990127,1687304635.05,shares,0
2022-01-13,154.8,159.6,152.41,155.14,154.97,10348483,1610197034.55,shares,0
2022-01-14,153.0,160.0,152.55,157.4,155.14,10539679,1662107823.36,shares,0
2022-01-17,157.54,163.05,156.0,161.71,157.4,10085287,1622283975.78,shares,0
2022-01-18,161.19,163.85,160.08,161.37,161.71,8091719,1310081308.85,shares,0
2022-01-19,159.58,161.5,156.68,157.9,161.37,7947419,1259309812.29,shares,0
2022-01-20,157.88,163.8,156.6,158.8,157.9,7249016,1160450256.34,shares,0
2022-01-21,156.48,158.52,152.79,153.0,158.8,8279712,1282094533.48,shares,0
2022-01-24,152.5,155.82,152.18,155.5,153.0,6634721,1023591111.34,shares,0
2022-01-25,160.1,161.0,146.1,148.41,155.5,18536645,2798801389.59,shares,0
2022-01-26,148.41,154.2,147.6,149.92,148.41,11249493,1691318514.21,shares,0
2022-01-27,149.01,151.88,144.0,146.61,149.92,11046898,1626213344.8,shares,0
2022-01-28,147.0,148.33,138.88,139.1,146.61,14685267,2088351215.33,shares,0
2022-02-07,142.95,149.81,141.3,143.83,139.1,12630400,1838419865.19,shares,0
2022-02-08,144.11,144.74,137.15,140.96,143.83,9953786,1390997151.84,shares,0
2022-02-09,140.9,144.43,138.3,143.27,140.96,8084266,1146504531.54,shares,0
2022-02-10,144.3,146.94,142.4,145.04,143.27,8329467,1208828983.0,shares,0
2022-02-11,143.5,145.88,140.69,141.3,145.04,6908940,987316084.24,shares,0
2022-02-14,138.88,141.96,137.2,139.54,141.3,6783559,944504405.04,shares,0
2022-02-15,141.03,145.66,140.41,145.31,139.54,10160246,1459088513.61,shares,0
2022-02-16,147.03,149.03,145.2,145.8,145.31,7343347,1078131680.63,shares,0
2022-02-17,145.8,152.3,144.34,149.31,145.8,9684800,1446048847.01,shares,0
2022-02-18,147.9,148.5,145.56,145.99,149.31,6581244,964289252.74,shares,0
2022-02-21,146.0,146.64,143.67,144.4,145.99,6608874,956090815.62,shares,0
2022-02-22,143.0,147.59,141.0,146.18,144.4,8011270,1157006525.31,shares,0
2022-02-23,146.21,155.0,146.2,153.9,146.18,13550981,2066271942.53,shares,0
2022-02-24,152.95,156.72,149.27,151.73,153.9,13323655,2034439036.05,shares,0
2022-02-25,154.5,157.08,152.39,154.7,151.73,10695172,1660370179.49,shares,0
2022-02-28,154.25,155.97,152.78,153.31,154.7,7490271,1153496384.0,shares,0
2022-03-01,153.42,154.97,151.55,153.14,153.31,6271631,959413376.0,shares,0
2022-03-02,152.01,152.01,147.33,150.5,153.14,10810193,1613482928.0,shares,0
2022-03-03,151.0,153.3,148.0,148.32,150.5,7545506,1128921632.0,shares,0
2022-03-04,150.0,158.58,148.28,154.77,148.32,18876935,2927440256.0,shares,0
2022-03-07,154.79,156.3,148.54,150.0,154.77,13065771,1967923696.0,shares,0
2022-03-08,149.99,154.51,145.18,150.6,150.0,15014206,2261464448.0,shares,0
2022-03-09,152.0,155.05,146.0,154.29,150.6,16821853,2559444576.0,shares,0
2022-03-10,160.0,164.0,155.63,159.23,154.29,21170402,3375648336.0,shares,0
2022-03-11,155.0,159.37,153.35,157.82,159.23,14173018,2203087904.0,shares,0
2022-03-14,155.02,160.58,154.0,154.33,157.82,10675565,1684405792.0,shares,0
2022-03-15,152.03,156.05,146.5,146.85,154.33,13974635,2109305968.0,shares,0
2022-03-16,151.17,161.0,149.43,160.52,146.85,23541083,3641761264.0,shares,0
2022-03-17,165.35,167.0,161.68,162.8,160.52,19759373,3251650640.0,shares,0
2022-03-18,162.77,163.99,160.0,161.54,162.8,8773569,1418295260.73,shares,0
2022-03-21,161.5,162.67,156.01,159.25,161.54,11067941,1764992405.41,shares,0
2022-03-22,160.5,163.58,159.1,159.78,159.25,9067595,1461024165.37,shares,0
2022-03-23,160.6,161.47,155.78,157.9,159.78,9688903,1525266567.0,shares,0
2022-03-24,156.19,157.0,154.0,154.41,157.9,7320340,1134352815.07,shares,0
2022-03-25,157.0,159.0,152.84,153.03,154.41,10659717,1662031643.63,shares,0
2022-03-28,151.65,152.84,149.01,149.82,153.03,6947384,1043900905.67,shares,0
2022-03-29,151.0,151.68,139.24,141.87,149.82,15271347,2198190213.11,shares,0
2022-03-30,142.68,146.97,142.5,146.59,141.87,11053510,1597585559.07,shares,0
2022-03-31,145.0,145.81,138.5,141.03,146.59,11716197,1659580548.31,shares,0
2022-04-01,139.95,142.0,138.8,140.44,141.03,7551879,1058888894.38,shares,0
2022-04-06,139.74,139.8,133.14,134.8,140.44,11834564,1598760244.15,shares,0
2022-04-07,134.0,135.68,132.98,132.98,134.8,6225403,833468260.88,shares,0
2022-04-08,133.42,136.49,131.3,134.37,132.98,7404211,991180002.84,shares,0
2022-04-11,131.71,132.74,123.26,123.58,134.37,12958545,1644585293.3,shares,0
2022-04-12,123.26,127.7,121.99,127.09,123.58,9355640,1168271397.8,shares,0
2022-04-13,126.0,128.88,123.2,123.3,127.09,8997761,1131634918.88,shares,0
2022-04-14,124.8,133.1,124.27,130.6,123.3,13045575,1681137788.68,shares,0
2022-04-15,129.98,135.0,128.5,132.4,130.6,11916596,1577742839.51,shares,0
2022-04-18,131.9,140.4,129.98,139.8,132.4,12101826,1657986948.11,shares,0
2022-04-19,138.08,139.0,135.01,135.27,139.8,7347218,999754743.55,shares,0
2022-04-20,136.5,137.37,133.22,133.5,135.27,7727362,1041590538.49,shares,0
2022-04-21,131.46,136.0,131.22,132.72,133.5,7190193,959943772.18,shares,0
2022-04-22,131.59,135.14,128.51,130.0,132.72,6865697,904036512.31,shares,0
2022-04-25,126.35,128.0,122.61,123.0,130.0,10044388,1257193046.35,shares,0
2022-04-26,123.28,124.65,115.01,115.96,123.0,11065071,1321642895.68,shares,0
2022-04-27,113.0,125.3,112.5,125.0,115.96,12786366,1534475377.52,shares,0
2022-04-28,124.0,124.0,116.0,118.56,125.0,14991954,1793834004.13,shares,0
2022-04-29,120.5,126.72,119.56,124.81,118.56,13126663,1613894170.42,shares,0
2022-05-05,124.7,127.94,123.6,124.97,124.81,9402407,1182749585.63,shares,0
2022-05-06,120.98,122.0,119.11,119.3,124.97,7188710,863736544.16,shares,0
2022-05-09,119.0,119.64,115.63,117.13,119.3,7019085,820889386.19,shares,0
2022-05-10,114.0,122.98,113.5,122.4,117.13,12518935,1508492739.01,shares,0
2022-05-11,121.6,133.18,121.0,129.35,122.4,17461262,2254486526.31,shares,0
2022-05-12,127.0,130.03,126.69,128.6,129.35,7976252,1023735261.62,shares,0
2022-05-13,129.0,130.8,126.0,126.41,128.6,7440317,945210138.22,shares,0
2022-05-16,127.38,128.77,124.48,124.8,126.41,6213061,783316217.33,shares,0
2022-05-17,124.47,131.38,124.47,129.72,124.8,10432761,1345011439.96,shares,0
2022-05-18,130.07,135.16,129.37,134.84,129.72,13176696,1752416350.8,shares,0
2022-05-19,131.85,139.68,131.03,137.61,134.84,13414345,1833025976.27,shares,0
2022-05-20,139.0,144.94,138.54,142.25,137.61,12517153,1785204588.13,shares,0
2022-05-23,144.0,149.23,143.28,148.29,142.25,15577464,2278086587.69,shares,0
2022-05-24,147.0,148.5,141.04,141.35,148.29,11663155,1690164125.13,shares,0
2022-05-25,142.15,144.47,139.4,141.19,141.35,7568682,1067641296.63,shares,0
2022-05-26,141.19,142.19,137.39,139.8,141.19,7350531,1025328018.85,shares,0
2022-05-27,141.4,143.99,138.27,138.96,139.8,7064557,995975960.32,shares,0
2022-05-30,140.4,143.2,138.0,142.0,138.96,6349633,895867325.15,shares,0
2022-05-31,141.58,144.86,137.18,143.64,142.0,9329935,1323629233.58,shares,0
2022-06-01,143.3,145.69,141.99,143.85,143.64,5956124,855019108.96,shares,0
2022-06-02,142.79,146.74,140.15,145.02,142.79,8689524,1255082887.58,shares,0
2022-06-06,145.01,147.3,141.5,143.95,145.02,9415817,1358165403.13,shares,0
2022-06-07,143.44,143.44,137.7,139.86,143.95,15655892,2188556738.87,shares,0
2022-06-08,139.6,145.5,139.03,142.58,139.86,10307399,1469266061.77,shares,0
2022-06-09,141.5,142.58,135.17,136.69,142.58,10955821,1510302806.35,shares,0
2022-06-10,134.19,137.99,134.19,136.71,136.69,14504223,1973073927.18,shares,0
2022-06-13,134.0,136.6,131.67,133.69,136.71,14423273,1925233005.39,shares,0
2022-06-14,132.9,133.51,127.6,131.53,133.69,12579711,1633519020.02,shares,0
2022-06-15,131.25,134.14,129.61,130.6,131.53,12390229,1636044449.12,shares,0
2022-06-16,130.6,133.98,130.3,131.15,130.6,9339954,1235918398.9,shares,0
2022-06-17,130.0,131.66,127.88,131.19,131.15,10836769,1405017340.35,shares,0
2022-06-20,131.57,135.19,130.03,133.35,131.19,13886166,1842879615.18,shares,0
2022-06-21,133.11,133.7,129.25,130.4,133.35,11829745,1545749216.67,shares,0
2022-06-22,130.96,131.28,126.61,126.61,130.4,9890924,1269724995.52,shares,0
2022-06-23,126.61,128.7,124.7,128.22,126.61,11901930,1508603894.09,shares,0
2022-06-24,129.77,133.62,128.5,132.0,128.22,13638841,1793143373.37,shares,0
2022-06-27,132.73,135.0,132.08,133.38,132.0,11412996,1524732740.6,shares,0
2022-06-28,132.49,140.38,130.4,139.98,133.38,21992658,2980313908.3,shares,0
2022-06-29,139.0,142.4,136.32,136.64,139.98,18689770,2613914680.65,shares,0
2022-06-30,136.7,143.45,136.7,142.21,136.64,14721756,2072287950.59,shares,0
2022-07-01,141.35,142.19,138.52,138.85,142.21,10875500,1523790421.55,shares,0
2022-07-04,134.35,134.58,128.0,130.19,138.85,22647685,2938795305.5,shares,0
2022-07-05,129.99,132.08,128.21,130.57,130.19,12020642,1560542071.33,shares,0
2022-07-06,130.58,135.2,129.5,131.28,130.57,13432171,1779009698.94,shares,0
2022-07-07,131.2,131.88,128.2,129.3,131.28,9966587,1291337317.62,shares,0
2022-07-08,130.8,138.86,130.5,135.28,129.3,23295362,3159470507.09,shares,0
2022-07-11,135.0,135.0,128.5,128.99,135.28,15702429,2042947696.15,shares,0
2022-07-12,128.4,129.5,125.66,126.0,128.99,9029923,1144821351.47,shares,0
2022-07-13,125.6,126.99,123.0,124.54,126.0,8474030,1055225224.95,shares,0
2022-07-14,124.55,127.5,124.1,126.13,124.54,7280330,918811458.89,shares,0
2022-07-15,128.17,129.79,126.19,126.3,126.13,11124693,1422776934.05,shares,0
2022-07-18,126.3,127.0,120.99,122.92,126.3,14793297,1809109381.72,shares,0
2022-07-19,122.0,123.33,119.85,121.97,122.92,11070838,1342880079.78,shares,0
2022-07-20,122.86,127.16,122.53,124.71,121.97,12702799,1586131628.16,shares,0
2022-07-21,123.71,130.08,122.22,126.68,124.71,16072542,2053518574.78,shares,0
2022-07-22,126.7,127.33,122.66,123.19,126.68,10774007,1334921401.7,shares,0
2022-07-25,122.37,123.18,120.0,120.63,123.19,7943091,961684780.41,shares,0
2022-07-26,120.63,121.77,119.89,121.52,120.63,6043668,730094013.79,shares,0
2022-07-27,120.2,120.98,118.0,118.62,121.52,10547297,1256206864.91,shares,0
2022-07-28,119.85,122.32,119.0,119.35,118.62,12289606,1483591123.11,shares,0
2022-07-29,120.01,120.5,118.01,118.27,119.35,8667437,1029630554.85,shares,0
2022-08-01,117.31,119.82,114.2,119.28,118.27,9324403,1099082694.18,shares,0
2022-08-02,117.0,120.3,114.9,117.69,119.28,10737710,1267674623.95,shares,0
2022-08-03,119.13,124.76,117.69,122.25,117.69,19429508,2366871874.1,shares,0
2022-08-04,122.87,125.5,122.4,124.58,122.25,13082729,1627733735.0,shares,0
2022-08-05,124.33,132.01,122.48,130.08,124.58,21485826,2761756303.0,shares,0
2022-08-08,131.38,131.68,125.54,127.72,130.08,17178416,2188264553.0,shares,0
2022-08-09,126.48,128.82,124.5,128.8,127.72,11315276,1428753109.0,shares,0
2022-08-10,126.85,130.39,125.75,125.95,128.8,10504388,1335281773.0,shares,0
2022-08-11,126.58,130.24,125.68,128.47,125.95,10664266,1367611102.0,shares,0
2022-08-12,127.0,128.96,126.54,126.7,128.47,7911701,1009522267.0,shares,0
2022-08-15,126.0,127.38,124.5,124.79,126.7,8153450,1021289404.52,shares,0
2022-08-16,124.87,126.41,122.36,123.5,124.79,8549609,1061626465.72,shares,0
2022-08-17,123.0,123.96,121.74,123.25,123.5,6699425,822597680.45,shares,0
2022-08-18,123.25,123.97,121.31,123.67,123.25,9002565,1106139082.61,shares,0
2022-08-19,122.67,126.46,119.08,119.3,123.67,13536317,1652365432.24,shares,0
2022-08-22,118.39,120.21,117.22,119.66,119.3,6705802,799048096.94,shares,0
2022-08-23,119.66,120.1,118.03,118.21,119.66,5941937,704643027.85,shares,0
2022-08-24,118.16,118.48,114.52,114.97,118.21,9734911,1129168943.59,shares,0
2022-08-25,115.14,115.66,110.57,114.35,114.97,11379443,1285741190.74,shares,0
2022-08-26,114.35,116.55,114.1,114.9,114.35,6726918,774594440.13,shares,0
2022-08-29,114.0,116.44,113.14,114.49,114.9,6393159,733385116.64,shares,0
2022-08-30,114.16,115.42,112.23,112.52,114.49,8226448,931226313.14,shares,0
2022-08-31,112.21,117.0,111.55,115.97,112.52,10959266,1254810020.96,shares,0
2022-09-01,116.01,116.9,112.88,112.95,115.97,6941479,794036070.35,shares,0
2022-09-02,112.71,114.68,112.61,113.25,112.95,5178582,588769386.05,shares,0
2022-09-05,112.6,112.82,109.51,111.22,113.25,6923481,770759366.84,shares,0
2022-09-06,112.22,112.96,109.8,112.71,111.22,6717316,748141255.26,shares,0
2022-09-07,112.78,117.96,112.77,116.63,112.71,12942138,1500256449.93,shares,0
2022-09-08,116.49,116.73,115.11,115.3,116.63,5927226,685622495.53,shares,0
2022-09-09,116.0,116.29,113.12,114.92,115.3,5513642,630681238.04,shares,0
2022-09-13,116.49,116.79,114.14,114.19,114.92,5534799,637799513.57,shares,0
2022-09-14,111.0,113.5,111.0,112.42,114.19,6836976,767092094.81,shares,0
2022-09-15,112.55,112.93,107.92,108.6,112.42,9519479,1046581407.54,shares,0
2022-09-16,108.27,110.39,106.21,106.21,108.6,8046877,870543997.02,shares,0
2022-09-19,106.0,107.15,104.4,104.55,106.21,7401953,780370528.47,shares,0
2022-09-20,105.5,106.08,104.11,105.44,104.55,5734452,602725074.63,shares,0
2022-09-21,104.66,105.39,100.6,102.3,105.44,10895727,1112788371.98,shares,0
2022-09-22,100.98,102.8,100.0,101.06,102.3,8152867,825856491.34,shares,0
2022-09-23,100.58,101.3,97.51,98.24,101.06,9541975,942894636.55,shares,0
2022-09-26,97.36,99.56,97.03,98.35,98.24,5929542,585268674.27,shares,0
2022-09-27,98.24,100.12,97.85,99.91,98.35,6319749,626856134.15,shares,0
2022-09-28,99.1,99.99,97.4,97.4,99.91,4856632,478380301.79,shares,0
2022-09-29,98.19,99.3,95.88,96.24,97.4,6719762,654455293.12,shares,0
2022-09-30,96.2,96.58,93.71,93.75,96.24,7421586,706419649.42,shares,0
2022-10-10,91.0,91.85,85.1,85.5,93.75,19191122,1675837237.79,shares,0
2022-10-11,85.49,85.87,82.61,83.38,85.5,18688512,1568821086.89,shares,0
2022-10-12,83.4,83.62,79.53,83.43,83.38,26197295,2138870425.06,shares,0
2022-10-13,82.99,85.08,82.16,82.3,83.43,17784201,1481343906.54,shares,0
2022-10-14,83.83,86.87,83.2,86.43,82.3,20001954,1704341720.84,shares,0
2022-10-17,84.92,87.24,84.6,86.77,86.43,16395012,1408654103.41,shares,0
2022-10-18,87.0,87.25,85.24,85.4,86.77,11282967,968052825.72,shares,0
2022-10-19,85.0,86.05,84.1,84.1,85.4,9620893,816787706.01,shares,0
2022-10-20,83.3,89.43,82.86,87.47,84.1,25941546,2246506869.56,shares,0
2022-10-21,86.46,86.88,84.46,85.18,87.47,14747700,1259724860.35,shares,0
2022-10-24,85.18,90.29,84.0,85.5,85.18,21063868,1846017298.7,shares,0
2022-10-25,85.0,86.7,83.57,83.8,85.5,13663117,1158775588.79,shares,0
2022-10-26,84.01,87.99,83.42,86.6,83.8,15604442,1346064815.89,shares,0
2022-10-27,86.85,88.79,85.6,86.81,86.6,14091404,1225325345.13,shares,0
2022-10-28,86.01,88.08,82.7,82.99,86.81,15630175,1332987486.79,shares,0
2022-10-31,79.5,84.82,77.5,82.27,82.99,20878174,1718403182.3,shares,0
2022-11-01,82.9,86.0,80.5,85.86,82.27,18076910,1521221527.17,shares,0
2022-11-02,85.86,88.5,85.1,87.25,85.86,15073407,1311143116.82,shares,0
2022-11-03,86.0,90.78,85.68,90.25,87.25,19388084,1727584858.4,shares,0
2022-11-04,90.19,92.25,88.7,90.97,90.25,18281332,1651350037.26,shares,0
2022-11-07,90.8,91.8,89.51,90.11,90.97,13769593,1246350666.69,shares,0
2022-11-08,90.34,90.77,88.46,88.95,90.11,10226031,910275042.85,shares,0
2022-11-09,88.95,89.37,88.05,88.16,88.95,7272619,644505560.77,shares,0
2022-11-10,87.74,89.34,86.3,86.77,88.16,10500083,918352384.6,shares,0
2022-11-11,90.0,92.47,88.95,89.08,86.77,20855572,1883470747.78,shares,0
2022-11-14,89.3,96.07,89.16,92.7,89.08,24510242,2282087689.5,shares,0
2022-11-15,92.06,101.97,91.56,101.97,92.7,26487416,2590106969.73,shares,0
2022-11-16,103.0,104.98,101.1,103.25,101.97,27499897,2826551875.36,shares,0
2022-11-17,101.38,112.0,98.58,107.96,103.25,34501563,3592423874.17,shares,0
2022-11-18,105.8,108.77,103.37,103.75,107.96,22965718,2436473523.7,shares,0
2022-11-21,102.0,103.9,99.8,100.38,103.75,17129077,1728259359.45,shares,0
2022-11-22,100.38,102.3,99.49,100.72,100.38,12983519,1310146234.7,shares,0
2022-11-23,100.15,101.15,97.36,99.6,100.72,11669245,1157666298.86,shares,0
2022-11-24,99.54,100.58,98.08,98.63,99.6,7988149,792180947.3,shares,0
2022-11-25,98.63,101.0,98.21,100.38,98.63,9668079,965164419.86,shares,0
2022-11-28,99.01,100.54,97.34,98.06,100.38,9515873,939065998.69,shares,0
2022-11-29,97.5,103.5,97.5,102.1,98.06,13738594,1387847014.81,shares,0
2022-11-30,101.34,102.36,100.35,100.79,102.1,7376555,746113431.46,shares,0
2022-12-01,103.0,104.76,101.31,101.69,100.79,11462046,1180274582.97,shares,0
2022-12-02,100.5,102.0,98.66,98.7,101.69,9845797,983652460.57,shares,0
2022-12-05,98.7,100.3,98.3,99.99,98.7,7742445,768492144.65,shares,0
2022-12-06,99.62,103.1,99.26,102.13,99.99,12951436,1320179247.84,shares,0
2022-12-07,101.11,101.73,99.65,100.1,102.13,9092581,912528804.98,shares,0
2022-12-08,100.09,100.09,98.02,98.48,100.1,8178588,807075444.0,shares,0
2022-12-09,98.66,100.62,98.66,99.36,98.48,8058386,802768521.52,shares,0
2022-12-12,99.41,109.3,99.05,106.7,99.36,31089784,3292262802.64,shares,0
2022-12-13,105.9,108.77,103.86,107.82,106.7,18615183,1983582943.61,shares,0
2022-12-14,112.5,113.0,104.3,104.5,107.82,25572821,2769143796.62,shares,0
2022-12-15,104.48,108.0,104.03,106.24,104.5,14397039,1532944037.08,shares,0
2022-12-16,104.93,105.63,102.53,103.62,106.24,10480169,1087588400.62,shares,0
2022-12-19,102.64,104.3,100.08,100.58,103.62,7517918,764565555.45,shares,0
2022-12-20,100.58,102.29,100.05,101.25,100.58,6782124,685838433.71,shares,0
2022-12-21,100.58,102.73,100.58,101.22,101.25,6249410,636357209.43,shares,0
2022-12-22,101.99,102.87,99.88,100.35,101.22,5675307,575379370.67,shares,0
2022-12-23,98.5,98.61,93.17,94.7,100.35,13307192,1271277746.05,shares,0
2022-12-26,94.88,102.66,94.88,101.21,94.7,13232771,1327789399.55,shares,0
2022-12-27,102.0,104.8,100.17,103.91,101.21,9334704,959273649.44,shares,0
2022-12-28,103.45,104.89,102.77,103.2,103.91,6062425,628243326.99,shares,0
2022-12-29,102.9,104.5,101.81,103.17,103.2,5643302,582584947.73,shares,0
2022-12-30,104.0,104.66,101.48,102.47,103.17,5423982,556499219.49,shares,0
2023-01-03,102.46,103.36,100.2,103.2,102.47,6759789,690555463.57,shares,0
2023-01-04,102.69,105.27,100.1,100.41,103.2,9459803,963508628.14,shares,0
2023-01-05,101.84,102.82,100.42,102.66,100.41,9538955,969910292.31,shares,0
2023-01-06,101.21,103.78,99.3,102.88,102.66,10950137,1117142437.05,shares,0
2023-01-09,103.87,107.68,103.25,105.06,102.88,12596298,1328843278.47,shares,0
2023-01-10,104.86,110.8,104.58,106.38,105.06,18222852,1963597459.69,shares,0
2023-01-11,108.88,112.34,106.86,107.1,106.38,21554160,2373703303.66,shares,0
2023-01-12,107.75,108.0,104.1,106.33,107.1,8915089,945936858.22,shares,0
2023-01-13,107.39,109.66,106.6,108.43,106.33,9830965,1063517467.25,shares,0
2023-01-16,106.71,115.88,105.81,115.02,108.43,21444643,2411500727.02,shares,0
2023-01-17,114.61,120.11,114.13,120.01,115.02,19735727,2337752930.96,shares,0
2023-01-18,119.0,119.67,116.55,116.69,120.01,11566114,1361227561.52,shares,0
2023-01-19,116.9,119.8,116.01,118.83,116.69,12471060,1476986456.06,shares,0
2023-01-20,118.2,123.48,118.0,122.63,118.83,11332993,1371002368.66,shares,0
2023-01-30,125.26,125.5,120.06,121.25,122.63,11185095,1365190648.15,shares,0
2023-01-31,120.88,121.4,113.5,114.55,121.25,21951478,2551368923.16,shares,0
2023-02-01,114.0,115.98,113.4,115.0,114.55,11141923,1277778416.23,shares,0
2023-02-02,115.91,119.29,115.11,117.09,115.0,12552503,1471289576.98,shares,0
2023-02-03,116.0,119.9,115.57,117.52,117.09,9361592,1097847516.46,shares,0
2023-02-06,116.0,117.01,113.7,114.39,117.52,11381991,1304225065.75,shares,0
2023-02-07,114.3,114.99,112.51,113.49,114.39,8036096,910560841.58,shares,0
2023-02-08,113.9,115.96,112.6,113.08,113.49,8640965,985129288.15,shares,0
2023-02-09,112.4,118.6,111.11,118.08,113.08,13992465,1614758438.73,shares,0
2023-02-10,118.1,119.59,115.72,116.55,118.08,8689994,1019678490.73,shares,0
2023-02-13,115.41,117.77,114.35,117.05,116.55,9649758,1120971258.91,shares,0
2023-02-14,117.0,119.03,114.3,115.86,117.05,10019551,1162198681.26,shares,0
2023-02-15,116.0,117.21,113.0,116.77,115.86,10840130,1250492068.02,shares,0
2023-02-16,116.5,119.43,112.58,113.33,116.77,13698013,1590040376.66,shares,0
2023-02-17,113.0,114.26,108.68,108.74,113.33,14211331,1573273089.73,shares,0
2023-02-20,108.73,110.21,107.26,109.52,108.74,11106036,1205588703.49,shares,0
2023-02-21,109.51,110.89,107.7,108.85,109.52,8848761,963522352.58,shares,0
2023-02-22,107.99,109.34,107.2,108.5,108.85,5863952,634304916.49,shares,0
2023-02-23,108.2,109.0,107.71,108.53,108.5,4172427,451936831.32,shares,0
2023-02-24,109.0,109.83,105.99,107.02,108.53,9177391,986091567.32,shares,0
2023-02-27,105.95,106.62,103.81,104.02,107.02,14494139,1519508941.0,shares,0
2023-02-28,105.02,105.4,102.96,104.89,104.02,8669136,902518822.0,shares,0
2023-03-01,104.35,105.7,103.68,104.5,104.89,11124599,1162044421.9,shares,0
2023-03-02,104.9,107.93,104.53,105.19,104.5,13109276,1386551913.14,shares,0
2023-03-03,107.2,107.97,104.76,105.75,105.19,13671611,1454061019.71,shares,0
2023-03-06,105.75,106.62,104.0,105.12,105.75,11295865,1189470413.44,shares,0
2023-03-07,104.58,105.5,101.27,101.27,105.12,11915732,1226424692.48,shares,0
2023-03-08,100.91,102.86,100.0,101.8,101.27,7824771,797066478.92,shares,0
2023-03-09,102.0,103.56,101.65,102.19,101.8,10056719,1031589827.95,shares,0
2023-03-10,101.0,103.1,100.11,101.03,102.19,9409246,957249412.22,shares,0
2023-03-13,100.8,101.64,99.12,101.5,101.03,7620753,766150827.08,shares,0
2023-03-14,101.0,105.36,99.51,105.04,101.5,18694742,1928328193.11,shares,0
2023-03-15,105.5,106.58,104.5,104.96,105.04,11795992,1243233574.52,shares,0
2023-03-16,103.99,106.76,103.8,105.28,104.96,11212530,1184180536.84,shares,0
2023-03-17,106.55,107.0,104.71,105.17,105.28,12513034,1325091423.32,shares,0
2023-03-20,105.0,108.88,103.8,107.82,105.17,15656361,1678782699.52,shares,0
2023-03-21,107.5,108.91,106.62,107.51,107.82,9317784,1001611335.52,shares,0
2023-03-22,107.4,107.45,105.39,106.05,107.51,9131543,970520652.25,shares,0
2023-03-23,105.55,116.66,105.38,116.66,106.05,38890504,4387721320.65,shares,0
2023-03-24,118.96,120.0,115.3,117.9,116.66,42201071,4963827855.16,shares,0
2023-03-27,117.9,117.93,112.68,114.01,117.9,27206610,3114385555.88,shares,0
2023-03-28,113.0,114.27,108.1,108.8,114.01,20580853,2278931476.16,shares,0
2023-03-29,108.08,116.16,106.98,115.02,108.8,31685318,3571578416.89,shares,0
2023-03-30,119.0,125.0,119.0,121.32,115.02,49695815,6068877797.89,shares,0
2023-03-31,120.2,122.2,117.1,122.0,121.32,24708282,2967881106.19,shares,0
2023-04-03,129.36,132.6,126.52,131.53,122.0,48475204,6293285636.15,shares,0
2023-04-04,129.55,133.78,128.7,130.56,131.53,39845479,5232137981.72,shares,0
2023-04-06,130.5,143.22,129.1,134.5,130.56,48016704,6570493935.9,shares,0
2023-04-07,136.51,142.51,135.41,138.6,134.5,36141328,4995710322.97,shares,0
2023-04-10,138.9,139.45,129.97,130.86,138.6,37168458,4991315339.96,shares,0
2023-04-11,133.16,136.49,130.32,132.72,130.86,34584287,4616250057.65,shares,0
2023-04-12,131.01,137.33,129.14,134.99,132.72,27773508,3729294001.48,shares,0
2023-04-13,132.33,134.61,127.76,128.31,134.99,26799704,3488486935.17,shares,0
2023-04-14,130.0,136.97,126.73,135.41,128.31,36508972,4836097909.37,shares,0
2023-04-17,137.5,139.93,135.0,135.9,135.41,26075143,3570632630.11,shares,0
2023-04-18,134.0,135.0,130.98,132.91,135.9,18207163,2414715122.88,shares,0
2023-04-19,132.92,135.05,130.5,130.75,132.91,19339362,2562574821.16,shares,0
2023-04-20,129.76,136.56,129.74,136.28,130.75,26966644,3620369437.32,shares,0
2023-04-21,136.01,136.17,126.33,126.41,136.28,28992046,3782584549.41,shares,0
2023-04-24,126.34,126.4,118.89,120.74,126.41,31261827,3799770423.28,shares,0
2023-04-25,120.4,121.69,116.13,117.72,120.74,21673235,2563754683.08,shares,0
2023-04-26,117.5,118.39,109.9,110.98,117.72,30207916,3406066848.91,shares,0
2023-04-27,109.27,115.55,108.99,112.48,110.98,20937873,2370692089.51,shares,0
2023-04-28,107.06,113.52,107.01,108.47,112.48,32220241,3520135923.67,shares,0
2023-05-04,107.5,108.8,104.75,105.0,108.47,20116087,2129166694.11,shares,0
2023-05-05,104.75,108.37,104.1,104.8,105.0,18276894,1938077838.9,shares,0
2023-05-08,104.8,106.96,103.6,104.16,104.8,16802425,1759635986.0,shares,0
2023-05-09,104.01,104.97,101.6,101.76,104.16,17981952,1851161968.97,shares,0
2023-05-10,101.51,102.39,98.76,100.09,101.76,15926478,1596002931.72,shares,0
2023-05-11,101.4,102.29,100.01,100.83,100.09,14189667,1434300834.01,shares,0
2023-05-12,102.0,103.66,100.5,100.52,100.83,18057404,1841183567.47,shares,0
2023-05-15,100.21,102.08,98.6,102.08,100.52,12430297,1246855836.24,shares,0
2023-05-16,103.64,107.39,100.56,106.07,102.08,26246374,2746177186.81,shares,0
2023-05-17,104.0,110.56,103.9,109.45,106.07,25175668,2738296610.59,shares,0
2023-05-18,108.3,110.49,106.8,107.2,109.45,15694770,1701778339.58,shares,0
2023-05-19,109.19,113.52,108.8,112.01,107.2,23723265,2647274563.25,shares,0
2023-05-22,116.2,118.31,111.0,113.31,112.01,23405220,2676902321.15,shares,0
2023-05-23,111.11,111.5,107.48,107.48,113.31,15628076,1711524046.74,shares,0
2023-05-24,109.09,111.0,106.3,108.38,107.48,16724453,1819525004.05,shares,0
2023-05-25,108.99,111.35,107.69,110.8,108.38,14003687,1535846360.61,shares,0
2023-05-26,111.56,115.2,110.05,114.0,110.8,16098588,1824516381.36,shares,0
2023-05-29,115.03,115.86,111.7,112.17,114.0,15188034,1729335775.02,shares,0
2023-05-30,111.49,113.15,109.05,112.6,112.17,13691485,1523888431.24,shares,0
2023-05-31,111.99,112.71,108.0,110.8,112.6,17489106,1927949121.0,shares,0
2023-06-01,109.01,111.95,108.8,110.31,110.8,13238594,1458522442.27,shares,0
2023-06-02,110.0,111.3,107.66,108.89,110.31,11697140,1272613091.7,shares,0
2023-06-05,108.35,110.19,106.5,107.0,108.89,13806278,1492560150.06,shares,0
2023-06-06,106.1,106.11,102.83,103.06,107.0,14308287,1494092410.87,shares,0
2023-06-07,103.29,104.39,102.56,103.24,103.06,9766783,1009984398.19,shares,0
2023-06-08,102.44,102.65,100.59,101.13,103.24,9524788,966389695.84,shares,0
2023-06-09,101.46,103.31,100.18,103.25,101.13,15737981,1595823207.01,shares,0
2023-06-12,102.41,103.95,101.35,102.9,103.25,14381669,1475562741.57,shares,0
2023-06-13,103.03,113.19,102.61,111.94,102.9,35567309,3868438032.25,shares,0
2023-06-14,111.78,113.5,110.8,112.2,111.94,19541288,2188052475.68,shares,0
2023-06-15,112.8,113.2,110.1,110.91,112.2,13494499,1505287350.29,shares,0
2023-06-16,110.11,112.5,109.21,111.88,110.91,14090345,1566155947.12,shares,0
2023-06-19,110.88,115.43,110.3,114.08,111.88,18523954,2099551154.93,shares,0
2023-06-20,112.5,114.37,111.74,113.36,113.46,12087752,1366130716.34,shares,0
2023-06-21,112.6,112.65,107.8,107.8,113.36,17737583,1938277934.58,shares,0
2023-06-26,105.46,107.3,104.11,105.85,107.8,11311926,1196289213.15,shares,0
2023-06-27,105.85,108.38,105.11,105.84,105.85,9080084,966156639.29,shares,0
2023-06-28,105.79,107.27,103.23,105.05,105.84,11449071,1205345963.15,shares,0
2023-06-29,108.07,109.97,105.2,105.36,105.05,13843526,1485631378.6,shares,0
2023-06-30,104.1,107.64,103.0,106.25,105.36,10106804,1069568137.62,shares,0
2023-07-03,106.0,107.2,104.81,106.39,106.25,9493793,1006458163.57,shares,0
2023-07-04,106.41,110.53,105.16,108.82,106.39,15131026,1635438227.22,shares,0
2023-07-05,108.2,112.5,108.18,110.35,108.82,17081120,1894994848.94,shares,0
2023-07-06,109.4,112.98,109.16,110.44,110.35,12448454,1385672048.04,shares,0
2023-07-07,107.0,107.12,103.02,105.21,110.44,19398924,2042738615.75,shares,0
2023-07-10,105.43,108.28,104.72,106.0,105.21,8868149,942251598.66,shares,0
2023-07-11,106.55,116.16,106.55,115.33,106.0,31510889,3588437800.5,shares,0
2023-07-12,115.3,116.2,112.88,113.21,115.33,18448994,2113443174.74,shares,0
2023-07-13,113.41,119.9,112.85,118.25,113.21,25877935,3037019118.45,shares,0
2023-07-14,119.13,123.3,117.28,117.34,118.25,25653972,3068059226.46,shares,0
2023-07-17,116.31,119.71,116.17,118.36,117.34,15989221,1890946940.81,shares,0
2023-07-18,118.04,119.88,115.46,115.73,118.36,14924319,1749943793.48,shares,0
2023-07-19,115.0,116.7,113.73,114.6,115.73,9572381,1097008283.88,shares,0
2023-07-20,115.02,115.46,111.88,112.37,114.6,9665492,1096183703.0,shares,0
2023-07-21,112.12,114.4,111.08,112.27,112.37,9072093,1023684395.02,shares,0
2023-07-24,112.2,112.78,110.19,110.93,112.27,7471088,831491870.96,shares,0
2023-07-25,112.4,113.87,110.92,112.9,110.93,11945805,1343851635.07,shares,0
2023-07-26,112.8,115.35,111.16,111.8,112.9,10334532,1167132970.2,shares,0
2023-07-27,110.99,112.3,110.22,110.46,111.8,7985787,887691394.1,shares,0
2023-07-28,111.39,114.88,110.82,114.23,110.46,17450577,1978700673.42,shares,0
2023-07-31,113.01,115.97,112.59,114.78,114.23,14299052,1628869452.03,shares,0
2023-08-01,114.79,115.3,113.05,114.41,114.78,8102854,925374814.82,shares,0
2023-08-02,113.59,114.72,113.31,113.98,114.41,7405158,844572612.09,shares,0
2023-08-03,113.32,115.5,112.28,114.11,113.98,8116275,925500426.21,shares,0
2023-08-04,113.35,114.35,103.05,106.86,114.11,35252001,3773909734.18,shares,0
2023-08-07,105.0,106.4,104.0,105.33,106.86,13421585,1409222072.82,shares,0
2023-08-08,104.88,106.1,104.56,104.75,105.33,7939204,835440177.94,shares,0
2023-08-09,104.72,105.18,103.6,104.06,104.75,6514668,678737456.62,shares,0
2023-08-10,104.06,104.47,101.85,103.65,104.06,8718945,900075029.64,shares,0
2023-08-11,103.66,103.88,101.63,102.05,103.65,7679159,786867928.91,shares,0
2023-08-14,100.0,101.49,99.95,101.19,102.05,6519257,655888920.62,shares,0
2023-08-15,101.8,102.23,94.88,97.75,101.19,20399961,1986676984.34,shares,0
2023-08-16,96.79,97.6,94.5,94.5,97.75,11214491,1071940841.88,shares,0
2023-08-17,93.98,96.2,93.5,95.47,94.5,7837641,744702503.14,shares,0
2023-08-18,95.36,96.43,93.65,93.77,95.47,7561659,717629681.74,shares,0
2023-08-21,93.8,94.45,91.35,91.51,93.77,10373337,959477923.72,shares,0
2023-08-22,92.5,92.93,89.53,92.14,91.51,13146983,1201685250.99,shares,0
2023-08-23,92.24,92.88,90.01,90.1,92.14,9146266,836510596.62,shares,0
2023-08-24,90.44,92.48,90.08,91.51,90.1,9039108,827190817.53,shares,0
2023-08-25,90.51,90.92,88.38,89.1,91.51,9342925,836388736.06,shares,0
2023-08-28,95.51,95.51,89.1,89.49,89.1,13606293,1244018110.2,shares,0
2023-08-29,89.4,93.25,89.03,92.27,89.49,12628998,1153857330.2,shares,0
2023-08-30,92.5,95.45,92.3,94.0,92.27,13922373,1308947007.4,shares,0
2023-08-31,93.22,94.76,92.6,93.98,94.0,9090240,853287579.46,shares,0
2023-09-01,95.5,97.46,93.76,94.5,93.98,11498051,1096381394.33,shares,0
2023-09-04,94.0,96.83,93.95,96.8,94.5,10862798,1035712346.06,shares,0
2023-09-05,96.9,101.1,96.8,99.64,96.8,20339873,2020134021.79,shares,0
2023-09-06,98.3,100.5,98.26,99.92,99.64,9823281,976284546.83,shares,0
2023-09-07,99.92,100.97,98.26,98.3,99.92,11844606,1178752937.78,shares,0
2023-09-08,97.01,98.75,96.7,97.35,98.3,7547559,737168755.56,shares,0
2023-09-11,97.36,99.19,96.65,97.5,97.35,9004269,881288895.09,shares,0
2023-09-12,97.52,98.48,96.9,97.79,97.5,6077094,594259210.81,shares,0
2023-09-13,98.6,100.8,97.2,98.95,97.79,12955935,1282024636.98,shares,0
2023-09-14,98.15,98.94,96.14,96.96,98.95,8919241,866682692.45,shares,0
2023-09-15,97.3,102.7,95.81,100.0,96.96,17688912,1765325812.3,shares,0
2023-09-18,99.2,100.5,98.7,99.51,100.0,8906480,887423174.61,shares,0
2023-09-19,99.1,102.88,98.3,101.39,99.51,14155578,1431984619.08,shares,0
2023-09-20,101.04,102.5,99.89,100.44,101.39,8271564,834398103.59,shares,0
2023-09-21,100.0,101.3,99.17,100.52,100.44,6342712,635576667.45,shares,0
2023-09-22,100.2,102.18,99.13,101.98,100.52,9604123,969494334.83,shares,0
2023-09-25,101.44,101.88,99.8,99.95,101.98,6792478,681325231.32,shares,0
2023-09-26,99.63,100.38,98.67,98.78,99.95,7180881,712947202.69,shares,0
2023-09-27,98.98,100.44,98.67,98.88,98.78,5397029,536169975.36,shares,0
2023-09-28,98.88,100.1,98.1,98.6,98.88,5809974,575050838.69,shares,0
2023-10-09,98.6,103.88,98.3,102.69,98.6,12705431,1292782967.02,shares,0
2023-10-10,102.0,105.05,102.0,103.85,102.69,10485637,1089398743.95,shares,0
2023-10-11,104.2,106.55,103.06,105.0,103.85,10776697,1132834698.67,shares,0
2023-10-12,104.0,105.45,102.25,104.3,105.0,9968491,1035944557.21,shares,0
2023-10-13,103.8,104.6,102.5,103.18,104.3,8897509,918845103.64,shares,0
2023-10-16,102.51,102.98,100.54,101.14,103.18,7954919,807862274.97,shares,0
2023-10-17,101.14,102.85,100.41,102.2,101.14,7132876,726393683.11,shares,0
2023-10-18,101.6,102.8,98.0,100.4,102.2,6982389,701935432.42,shares,0
2023-10-19,99.31,103.15,99.2,99.46,100.4,7727956,780063460.69,shares,0
2023-10-20,99.3,100.08,96.97,97.39,99.46,7345693,718585122.03,shares,0
2023-10-23,97.0,97.74,93.63,94.7,97.39,7707685,731123430.62,shares,0
2023-10-24,95.68,98.16,94.43,97.68,94.7,8435061,815753728.72,shares,0
2023-10-25,95.78,96.8,92.01,96.45,97.68,12525678,1191152058.75,shares,0
2023-10-26,96.11,96.43,93.39,94.38,96.45,6733414,637004226.47,shares,0
2023-10-27,94.4,103.16,94.4,101.83,94.38,17379032,1729853762.4,shares,0
2023-10-30,100.93,108.56,100.91,106.88,101.83,21671340,2302770074.12,shares,0
2023-10-31,109.0,109.76,105.27,107.0,106.88,11344234,1211384105.93,shares,0
2023-11-01,106.8,107.46,105.01,105.46,107.0,6439321,682487047.98,shares,0
2023-11-02,105.55,106.7,104.41,104.53,105.46,6126406,646068195.5,shares,0
2023-11-03,104.7,108.86,104.7,108.0,104.53,10967116,1177051978.45,shares,0
2023-11-06,107.85,110.22,107.23,109.35,108.0,12234913,1335603986.96,shares,0
2023-11-07,109.0,109.33,105.86,106.94,109.35,11852754,1267795087.24,shares,0
2023-11-08,106.67,107.48,105.84,106.69,106.94,9362059,998660903.67,shares,0
2023-11-09,106.4,107.05,104.49,105.1,106.69,8370446,882118992.19,shares,0
2023-11-10,105.28,106.82,104.5,105.18,105.1,6555497,692217306.44,shares,0
2023-11-13,105.77,106.5,103.55,104.11,105.18,9527902,995086409.97,shares,0
2023-11-14,104.0,104.98,102.92,103.67,104.11,7471657,775785810.97,shares,0
2023-11-15,105.26,107.9,104.01,106.99,103.67,14771613,1564211466.0,shares,0
2023-11-16,105.9,106.21,103.96,104.69,106.99,7571136,794291731.28,shares,0
2023-11-17,104.29,106.23,103.7,104.98,104.69,7934311,830047858.86,shares,0
2023-11-20,104.98,104.99,99.88,100.06,104.98,18339908,1851434639.13,shares,0
2023-11-21,100.1,100.48,97.61,97.9,100.06,13061174,1290294595.3,shares,0
2023-11-22,97.25,97.75,95.6,95.69,97.9,12158810,1171232388.98,shares,0
2023-11-23,95.63,96.79,94.88,96.69,95.69,10336605,990002963.05,shares,0
2023-11-24,96.7,96.79,94.6,94.76,96.69,7550381,718974087.34,shares,0
2023-11-27,94.13,95.3,93.5,95.04,94.76,8851994,837331347.33,shares,0
2023-11-28,95.04,95.7,94.2,95.2,95.04,7690428,729712568.84,shares,0
2023-11-29,96.5,96.99,94.35,94.64,95.2,9047275,864054137.33,shares,0
2023-11-30,94.2,94.47,93.24,94.1,94.64,6992907,655847320.32,shares,0
2023-12-01,94.15,95.38,92.29,95.15,94.1,10048985,941357723.71,shares,0
2023-12-04,94.87,95.4,94.33,94.47,95.15,6928011,657265018.93,shares,0
2023-12-05,94.0,94.01,89.91,90.06,94.47,12565290,1149399906.28,shares,0
2023-12-06,89.27,92.0,89.2,91.32,90.06,9069573,826435064.65,shares,0
2023-12-07,91.0,91.73,89.3,89.77,91.32,7863039,708309737.59,shares,0
2023-12-08,89.85,92.33,89.33,91.91,89.77,13218653,1202827711.31,shares,0
2023-12-11,91.05,93.45,89.8,92.9,91.91,10581956,967259688.89,shares,0
2023-12-12,93.0,95.53,92.51,93.62,92.9,11180762,1047635011.36,shares,0
2023-12-13,93.15,95.15,92.68,93.3,93.62,9656784,909793431.8,shares,0
2023-12-14,94.41,96.47,93.84,95.11,93.3,13008465,1239790484.86,shares,0
2023-12-15,95.36,95.76,93.51,94.14,95.11,8561626,808300898.05,shares,0
2023-12-18,93.21,93.79,92.27,92.64,94.14,5833148,541790805.15,shares,0
2023-12-19,92.38,95.0,92.24,93.88,92.64,7828817,732943157.81,shares,0
2023-12-20,93.75,93.97,90.48,91.16,93.88,9380117,858566403.4,shares,0
2023-12-21,90.79,92.85,90.4,91.69,91.16,6951757,636971986.47,shares,0
2023-12-22,92.99,93.95,90.6,91.12,91.69,8227364,756366956.69,shares,0
2023-12-25,90.5,91.73,89.99,90.92,91.12,5022404,455437361.67,shares,0
2023-12-26,90.92,91.1,88.81,89.14,90.92,5959556,534503003.94,shares,0
2023-12-27,89.25,92.0,89.25,90.83,89.14,10892918,989705786.76,shares,0
2023-12-28,90.74,93.27,89.34,92.5,90.83,11209263,1025885183.39,shares,0
2023-12-29,92.3,93.5,91.88,92.39,92.5,8548055,791516286.58,shares,0
2024-01-02,92.4,92.4,89.85,89.98,92.39,8930619,806807192.28,shares,0
2024-01-03,89.8,89.9,84.86,86.06,89.98,16606379,1437151317.37,shares,0
2024-01-04,85.72,85.86,80.0,81.3,86.06,21178745,1743646404.46,shares,0
2024-01-05,80.65,82.25,78.39,79.7,81.3,17185508,1378582748.51,shares,0
2024-01-08,79.0,79.88,76.69,77.61,79.7,17052819,1322510374.03,shares,0
2024-01-09,78.0,78.79,76.36,77.7,77.61,12295609,954690454.97,shares,0
2024-01-10,77.13,77.88,75.85,76.58,77.7,9530840,731231861.33,shares,0
2024-01-11,76.16,78.16,76.13,77.86,76.58,10206702,790932449.78,shares,0
2024-01-12,77.37,77.67,76.33,76.6,77.86,7963537,612792878.14,shares,0
2024-01-15,76.15,78.3,75.5,76.55,76.6,9691794,745421097.97,shares,0
2024-01-16,76.4,76.92,74.76,76.48,76.55,11077803,839151229.25,shares,0
2024-01-17,76.0,76.78,74.32,74.33,76.48,8126423,612752237.7,shares,0
2024-01-18,73.87,76.18,72.81,75.93,74.33,13784603,1022013856.84,shares,0
2024-01-19,75.55,76.49,75.0,75.28,75.93,8170013,618426414.44,shares,0
2024-01-22,75.1,75.5,71.3,72.29,75.28,12616436,925619679.84,shares,0
2024-01-23,72.3,74.0,72.0,73.23,72.29,9923749,726033489.1,shares,0
2024-01-24,73.8,73.94,69.9,72.1,73.23,13124861,938844735.59,shares,0
2024-01-25,71.87,74.3,71.36,74.16,72.1,11939188,875957044.93,shares,0
2024-01-26,72.0,72.0,68.0,68.73,74.16,29918652,2087604604.75,shares,0
2024-01-29,67.9,69.3,65.71,66.68,68.73,19437408,1300679030.41,shares,0
2024-01-30,66.52,67.29,65.05,65.35,66.68,9885278,653193240.31,shares,0
2024-01-31,65.0,65.81,62.41,62.5,65.35,14230693,904722906.17,shares,0
2024-02-01,62.42,65.69,61.91,63.31,62.5,15342504,976815627.96,shares,0
2024-02-02,63.7,64.07,58.0,60.18,63.31,18211986,1110422774.96,shares,0
2024-02-05,59.99,60.0,55.2,57.92,60.18,18284040,1056038555.96,shares,0
2024-02-06,57.63,62.0,57.0,61.96,57.92,17348952,1044459486.08,shares,0
2024-02-07,62.15,63.57,61.38,62.3,61.96,17746534,1109051137.48,shares,0
2024-02-08,62.78,68.53,62.75,68.53,62.3,21011024,1368076982.41,shares,0
2024-02-19,68.55,68.99,64.77,66.95,68.53,26161136,1743868482.64,shares,0
2024-02-20,66.19,72.02,64.43,70.15,66.95,30158154,2023748304.07,shares,0
2024-02-21,67.5,71.6,67.35,69.27,70.15,34144703,2358792416.88,shares,0
2024-02-22,68.0,73.04,67.8,72.54,69.27,30134313,2118870480.92,shares,0
2024-02-23,72.55,73.31,70.99,71.98,72.54,26247608,1894461052.95,shares,0
2024-02-26,72.0,72.82,70.8,71.36,71.98,18635305,1334933013.91,shares,0
2024-02-27,70.92,74.63,70.26,74.19,71.36,23433466,1706122365.98,shares,0
2024-02-28,74.3,75.6,69.81,69.9,74.19,24215016,1765600510.63,shares,0
2024-02-29,69.3,73.3,69.11,73.27,69.9,22964032,1658850658.9,shares,0
2024-03-01,73.37,76.66,73.16,75.76,73.27,24492835,1842714849.0,shares,0
2024-03-04,76.18,76.66,74.15,74.93,75.76,19293767,1451842939.85,shares,0
2024-03-05,74.1,75.69,73.79,74.26,74.93,16705729,1248841740.76,shares,0
2024-03-06,74.0,74.25,72.08,72.83,74.26,14820036,1083264983.7,shares,0
2024-03-07,72.97,74.2,70.5,70.52,72.83,15181523,1091534345.94,shares,0
2024-03-08,71.03,72.48,70.47,71.6,70.52,12336319,882027976.91,shares,0
2024-03-11,70.72,74.8,70.05,74.63,71.6,19419285,1422978191.11,shares,0
2024-03-12,74.97,82.09,74.49,79.0,74.63,44915090,3587685995.49,shares,0
2024-03-13,80.0,80.4,77.3,78.35,79.0,29531018,2326696334.83,shares,0
2024-03-14,77.55,78.62,76.36,77.18,78.35,17770735,1376703472.74,shares,0
2024-03-15,77.0,77.76,75.38,77.42,77.18,18226787,1399477744.37,shares,0
2024-03-18,77.65,78.5,76.66,77.89,77.42,21306486,1651864397.74,shares,0
2024-03-19,77.9,79.95,76.9,77.21,77.89,22380477,1751276788.37,shares,0
2024-03-20,76.77,77.85,75.77,77.1,77.21,15425847,1185892418.3,shares,0
2024-03-21,79.34,82.32,78.3,80.15,77.1,37843922,3034982246.73,shares,0
2024-03-22,81.0,82.43,78.29,78.38,80.15,31645246,2545256352.56,shares,0
2024-03-25,77.02,77.42,73.34,73.53,78.38,26722382,2010847785.88,shares,0
2024-03-26,74.65,79.66,74.4,76.47,73.53,30206875,2336501553.69,shares,0
2024-03-27,75.96,76.23,70.52,70.75,76.47,24253899,1765630591.06,shares,0
2024-03-28,70.75,73.46,69.68,72.75,70.75,17020041,1229004595.09,shares,0
2024-03-29,72.74,72.74,70.45,71.87,72.75,14497340,1032679532.45,shares,0
2024-04-01,71.95,72.67,71.0,72.44,71.87,17932957,1290992530.39,shares,0
2024-04-02,73.89,74.01,71.45,71.9,72.44,16482731,1198362020.19,shares,0
2024-04-03,71.36,73.87,69.38,71.61,71.9,23837759,1708266230.7,shares,0
2024-04-08,71.4,72.0,69.74,69.74,71.61,15821765,1114756057.37,shares,0
2024-04-09,69.8,70.89,69.0,69.85,69.74,11952312,832951109.44,shares,0
2024-04-10,70.0,70.26,66.21,66.42,69.85,17433099,1172212696.49,shares,0
2024-04-11,66.6,72.33,66.6,70.18,66.42,33596868,2367461758.83,shares,0
2024-04-12,69.8,76.24,69.6,73.85,70.18,35840065,2619554001.23,shares,0
2024-04-15,73.0,73.78,72.07,73.2,73.85,20979199,1530326520.57,shares,0
2024-04-16,72.68,72.68,68.8,68.87,73.2,18105146,1271934965.61,shares,0
2024-04-17,70.5,75.76,69.8,75.76,68.87,34327549,2535055070.07,shares,0
2024-04-18,76.51,77.4,75.43,76.0,75.76,27641979,2113715938.66,shares,0
2024-04-19,75.3,75.5,72.65,74.09,76.0,22347182,1652996216.4,shares,0
2024-04-22,70.35,76.17,69.09,75.96,74.09,36890346,2671405796.55,shares,0
2024-04-23,75.7,76.3,74.08,74.5,75.96,19473399,1461172539.57,shares,0
2024-04-24,75.25,78.32,75.25,77.9,74.5,29444411,2275319223.02,shares,0
2024-04-25,77.11,79.27,77.01,77.11,77.9,21455033,1671923570.88,shares,0
2024-04-26,77.1,79.68,76.93,78.7,77.11,25022732,1964902562.34,shares,0
2024-04-29,78.7,80.97,78.47,78.75,78.7,28811533,2289676559.42,shares,0
2024-04-30,78.71,80.6,78.22,78.75,78.75,17926047,1421342106.63,shares,0
2024-05-06,80.02,82.93,80.02,81.94,78.75,24131969,1970276420.21,shares,0
2024-05-07,81.98,86.99,81.79,84.03,81.94,27886862,2351539363.48,shares,0
2024-05-08,84.0,84.0,81.52,81.99,84.03,18668070,1541193924.26,shares,0
2024-05-09,81.51,83.5,81.44,82.59,81.99,16650087,1370066212.17,shares,0
2024-05-10,82.8,85.5,81.89,82.49,82.59,23419768,1960286985.02,shares,0
2024-05-13,81.0,87.57,80.77,86.32,82.49,27023946,2307420323.06,shares,0
2024-05-14,86.62,87.2,85.1,86.62,86.32,18139577,1563708363.35,shares,0
2024-05-15,86.71,86.79,83.04,83.42,86.62,17066814,1441566439.2,shares,0
2024-05-16,84.0,84.5,81.0,81.55,83.42,18224707,1499444101.81,shares,0
2024-05-17,81.65,83.0,80.8,82.87,81.55,13686007,1124546602.76,shares,0
2024-05-20,82.85,83.39,81.52,82.68,82.87,12259048,1009544664.22,shares,0
2024-05-21,82.5,84.33,82.1,82.92,82.68,10591201,883017693.75,shares,0
2024-05-22,82.92,83.42,81.27,82.53,82.92,12437459,1022509707.79,shares,0
2024-05-23,82.53,83.6,81.22,81.26,82.53,12084767,993871863.73,shares,0
2024-05-24,81.09,81.88,78.31,78.6,81.26,18008872,1429462414.56,shares,0
2024-05-27,78.84,81.52,77.01,81.48,78.6,18354356,1455332458.73,shares,0
2024-05-28,81.39,85.16,81.02,81.69,81.48,22107670,1834289242.55,shares,0
2024-05-29,81.02,81.98,80.0,80.44,81.69,10737034,866444264.03,shares,0
2024-05-30,80.38,82.98,79.35,82.38,80.44,15428912,1261621233.21,shares,0
2024-05-31,82.49,84.99,82.03,83.11,82.38,16715105,1398761717.74,shares,0
2024-06-03,84.01,87.02,83.5,86.17,83.11,24898109,2133131052.12,shares,0
2024-06-04,86.17,86.78,84.18,85.3,86.17,14370434,1222776721.32,shares,0
2024-06-05,84.95,86.84,84.72,84.77,85.3,12739065,1092191124.33,shares,0
2024-06-06,85.62,86.2,82.88,83.15,84.77,18498410,1569148054.82,shares,0
2024-06-07,83.57,85.3,82.4,83.46,83.15,13729946,1150918960.73,shares,0
2024-06-11,84.0,87.58,83.6,87.56,83.46,23333784,2010455926.77,shares,0
2024-06-12,87.02,88.68,86.3,86.6,87.56,18921814,1650316529.58,shares,0
2024-06-13,87.9,91.33,87.55,89.0,86.6,27153434,2428925638.53,shares,0
2024-06-14,88.5,90.68,86.85,90.66,89.0,19235018,1710874947.02,shares,0
2024-06-17,90.3,94.99,89.99,94.28,90.66,24311161,2257826153.32,shares,0
2024-06-18,94.2,95.49,92.43,93.6,94.28,19500928,1828042733.01,shares,0
2024-06-19,95.2,97.15,93.65,94.71,93.6,21226048,2019792992.36,shares,0
2024-06-20,94.0,95.6,92.75,93.0,94.71,16626929,1565505641.24,shares,0
2024-06-21,91.08,95.0,90.5,94.5,93.0,17103753,1594578284.68,shares,0
2024-06-24,94.2,96.62,92.23,92.45,94.5,18387667,1736175184.31,shares,0
2024-06-25,92.0,93.5,88.97,89.95,92.45,21070142,1905249378.18,shares,0
2024-06-26,90.66,93.8,89.36,93.2,89.95,15530505,1419626129.66,shares,0
2024-06-27,92.11,96.46,92.0,94.2,93.2,20637172,1948038098.96,shares,0
2024-06-28,93.05,96.24,93.01,95.62,94.2,16069384,1525297994.42,shares,0
2024-07-01,95.06,95.99,90.55,94.41,95.62,15848340,1481139843.67,shares,0
2024-07-02,94.01,94.01,89.81,90.21,94.41,18359135,1674675780.29,shares,0
2024-07-03,90.02,92.5,89.41,91.69,90.21,13029988,1186870184.47,shares,0
2024-07-04,91.64,93.99,91.3,91.6,91.69,11445590,1060125266.24,shares,0
2024-07-05,91.6,92.5,88.58,91.84,91.6,14475001,1308486281.26,shares,0
2024-07-08,92.97,93.59,91.67,91.96,91.84,11883652,1100640215.27,shares,0
2024-07-09,92.0,97.0,90.7,96.42,91.96,20846816,1977904902.65,shares,0
2024-07-10,96.46,97.92,95.78,97.04,96.42,14493568,1402807289.61,shares,0
2024-07-11,98.3,99.86,95.52,97.82,97.04,15758720,1542923820.31,shares,0
2024-07-12,96.61,98.2,95.3,97.35,97.82,10475798,1013579972.53,shares,0
2024-07-15,97.0,98.35,96.55,97.2,97.35,7949222,774942032.63,shares,0
2024-07-16,96.7,98.6,95.32,97.99,97.2,14101155,1368233690.89,shares,0
2024-07-17,98.0,98.19,95.91,96.0,97.99,10274739,997123548.26,shares,0
2024-07-18,94.31,95.9,90.0,94.0,96.0,20597174,1909659454.13,shares,0
2024-07-19,93.01,97.29,92.9,96.0,94.0,16018096,1534372054.48,shares,0
2024-07-22,96.07,96.71,93.58,94.37,96.0,12213376,1161548450.22,shares,0
2024-07-23,94.38,94.66,88.88,88.88,94.37,19479001,1768185451.36,shares,0
2024-07-24,88.7,90.01,86.0,86.3,88.88,16962596,1485559032.45,shares,0
2024-07-25,86.25,86.25,83.7,84.4,86.3,12745554,1079167304.18,shares,0
2024-07-26,84.7,85.52,83.26,84.41,84.4,11913837,1003723828.11,shares,0
2024-07-29,84.41,85.17,82.5,82.55,84.41,12616257,1051911946.12,shares,0
2024-07-30,82.22,83.66,80.6,82.99,82.55,12352303,1016701498.06,shares,0
2024-07-31,82.4,86.05,82.0,85.98,82.99,16042966,1360672119.71,shares,0
2024-08-01,86.3,87.67,85.6,86.74,85.98,13555527,1175298644.0,shares,0
2024-08-02,85.24,86.07,82.91,83.06,86.74,13156249,1107621779.68,shares,0
2024-08-05,81.03,82.5,77.61,77.66,83.06,23258132,1850233637.05,shares,0
2024-08-06,78.98,79.48,76.93,78.18,77.66,12730323,992610022.21,shares,0
2024-08-07,78.05,78.4,76.66,76.95,78.18,9295136,719989191.35,shares,0
2024-08-08,76.27,78.15,75.08,77.57,76.95,14485945,1109210252.09,shares,0
2024-08-09,78.8,79.5,78.0,78.12,77.57,11723319,923033044.05,shares,0
2024-08-12,77.77,78.65,77.55,78.19,78.12,6011610,469198576.97,shares,0
2024-08-13,78.6,79.16,77.58,78.96,78.19,7006975,548706990.82,shares,0
2024-08-14,79.0,79.31,78.11,78.23,78.96,6314456,495897621.48,shares,0
2024-08-15,78.2,80.27,77.82,78.75,78.23,9914579,784248139.48,shares,0
2024-08-16,79.08,80.09,78.66,78.9,78.75,8424192,667914708.55,shares,0
2024-08-19,78.6,79.79,78.32,78.98,78.9,6817317,540520904.51,shares,0
2024-08-20,79.47,79.8,78.35,79.23,78.98,8279687,654795341.7,shares,0
2024-08-21,78.57,78.57,73.97,73.99,79.23,27929610,2103120339.52,shares,0
2024-08-22,74.38,74.74,72.61,73.65,73.99,14704266,1081059650.75,shares,0
2024-08-23,73.0,73.5,72.02,72.36,73.65,11164297,809998247.8,shares,0
2024-08-26,72.62,72.88,71.02,71.28,72.36,10119834,724802509.24,shares,0
2024-08-27,71.27,71.56,70.0,70.23,71.28,9216904,651705269.91,shares,0
2024-08-28,70.23,70.74,69.65,69.95,70.23,7639058,535259946.75,shares,0
2024-08-29,69.7,71.05,68.77,70.0,69.95,10725590,751710174.9,shares,0
2024-08-30,70.0,72.93,69.88,72.38,70.0,17053794,1228736748.34,shares,0
2024-09-02,72.38,72.38,68.52,68.54,72.38,15040989,1052578557.75,shares,0
2024-09-03,69.21,70.67,68.92,70.02,68.54,9534208,666840931.25,shares,0
2024-09-04,69.03,69.88,68.57,68.84,70.02,9824716,678479152.15,shares,0
2024-09-05,69.0,70.05,68.82,69.39,68.84,7572898,524826631.73,shares,0
2024-09-06,69.44,69.59,67.88,67.88,69.39,7428440,508285972.2,shares,0
2024-09-09,67.37,68.79,67.26,67.64,67.88,6195010,420636149.3,shares,0
2024-09-10,67.88,68.4,66.4,67.93,67.64,10247245,689828958.58,shares,0
2024-09-11,67.6,68.09,67.0,67.64,67.93,7740953,522518801.88,shares,0
2024-09-12,68.0,68.46,66.8,66.8,67.64,7182167,484822611.0,shares,0
2024-09-13,66.8,67.08,65.3,65.3,66.8,10362866,684544455.68,shares,0
2024-09-18,65.35,66.0,64.13,64.78,65.3,8693296,563239582.37,shares,0
2024-09-19,65.3,66.35,64.44,65.51,64.78,10680573,699201568.24,shares,0
2024-09-20,65.67,66.02,64.6,65.29,65.51,8135227,529724496.1,shares,0
2024-09-23,65.29,66.46,64.84,65.13,65.29,7621567,499567400.93,shares,0
2024-09-24,65.81,68.41,65.0,68.4,65.13,19155435,1283880187.11,shares,0
2024-09-25,69.21,71.54,68.93,69.45,68.4,21660755,1521826413.02,shares,0
2024-09-26,69.98,75.28,69.81,75.27,69.45,28858952,2092796265.7,shares,0
2024-09-27,76.4,80.43,75.74,80.4,75.27,18296278,1414764100.03,shares,0
2024-09-30,85.35,88.44,82.01,88.37,80.4,41920744,3630381976.84,shares,0
2024-10-08,97.21,97.21,91.45,97.21,88.37,42265565,4075074495.14,shares,0
2024-10-09,97.1,101.14,92.0,93.1,97.21,60829780,5876418656.91,shares,0
2024-10-10,93.51,94.77,86.52,88.08,93.1,43039970,3846914155.75,shares,0
2024-10-11,86.5,87.89,82.87,84.0,88.08,26759269,2266644290.07,shares,0
2024-10-14,84.0,86.28,81.48,86.12,84.0,28720800,2414955669.32,shares,0
2024-10-15,86.13,88.45,84.55,85.0,86.12,24654037,2135191116.29,shares,0
2024-10-16,83.0,84.47,82.15,83.08,85.0,18382604,1527468761.49,shares,0
2024-10-17,83.68,85.2,82.38,82.39,83.08,17252313,1442697187.88,shares,0
2024-10-18,82.2,90.0,82.01,87.74,82.39,36143165,3121455836.17,shares,0
2024-10-21,92.49,93.09,89.68,89.92,87.74,48779368,4453240633.26,shares,0
2024-10-22,88.83,90.48,87.8,88.8,89.92,25415141,2253267965.97,shares,0
2024-10-23,88.0,89.55,87.76,88.0,88.8,19867696,1758835741.73,shares,0
2024-10-24,87.52,89.55,87.01,88.3,88.0,18743117,1655087391.87,shares,0
2024-10-25,88.55,90.3,87.2,89.15,88.3,21559241,1912648548.04,shares,0
2024-10-28,89.14,91.64,88.28,90.76,89.15,24488105,2206751271.35,shares,0
2024-10-29,91.0,91.84,88.6,88.6,90.76,25767835,2322471705.4,shares,0
2024-10-30,88.08,90.44,87.74,88.76,88.6,19984518,1773489788.82,shares,0
2024-10-31,88.75,90.8,87.2,90.17,88.76,28035452,2507642758.72,shares,0
2024-11-01,89.48,89.9,86.18,86.3,90.17,22223191,1949233179.21,shares,0
2024-11-04,86.6,90.89,86.3,90.0,86.3,24716399,2213735056.01,shares,0
2024-11-05,90.2,92.74,89.51,92.08,90.0,28777210,2639320194.9,shares,0
2024-11-06,101.26,101.26,93.75,94.52,92.08,49902103,4827690100.56,shares,0
2024-11-07,94.68,97.18,94.01,96.64,94.52,29854689,2859202698.17,shares,0
2024-11-08,97.64,99.29,95.0,95.48,96.64,36673219,3553709671.9,shares,0
2024-11-11,95.68,99.69,95.66,99.14,95.48,40235612,3953847048.05,shares,0
2024-11-12,99.22,99.49,96.05,96.86,99.14,29664817,2892004148.12,shares,0
2024-11-13,95.93,96.8,93.9,96.31,96.86,21244900,2025166520.4,shares,0
2024-11-14,95.9,95.9,92.0,92.22,96.31,19403530,1823283591.81,shares,0
2024-11-15,92.26,94.23,89.15,89.59,92.22,21198816,1949320156.76,shares,0
2024-11-18,89.5,90.33,85.89,86.46,89.59,20314058,1784108783.46,shares,0
2024-11-19,87.07,88.95,85.89,88.76,86.46,16317517,1428765435.59,shares,0
2024-11-20,88.31,88.92,87.51,88.31,88.76,12417981,1094372333.98,shares,0
2024-11-21,88.32,89.17,87.38,88.32,88.31,12234407,1082223380.01,shares,0
2024-11-22,88.33,88.98,84.3,84.38,88.32,17145648,1485773972.5,shares,0
2024-11-25,85.0,85.44,82.2,83.91,84.38,14196156,1186629343.61,shares,0
2024-11-26,83.2,84.37,83.12,83.22,83.91,8780355,734044039.22,shares,0
2024-11-27,83.02,85.0,81.9,85.0,83.22,13866877,1159540807.71,shares,0
2024-11-28,85.29,86.45,84.5,85.24,85.0,14304781,1221395530.6,shares,0
2024-11-29,84.81,87.32,83.91,85.78,85.24,16104599,1379694388.57,shares,0
2024-12-02,84.0,85.3,83.43,84.78,85.78,23990197,2025447560.42,shares,0
2024-12-03,85.06,85.11,83.01,83.72,84.78,16622375,1390260950.05,shares,0
2024-12-04,85.82,87.6,85.36,85.87,83.72,31331614,2714996440.87,shares,0
2024-12-05,85.88,86.15,84.55,85.08,85.87,15354915,1306526686.59,shares,0
2024-12-06,85.05,86.2,84.31,85.98,85.08,15601840,1334326741.44,shares,0
2024-12-09,85.11,85.78,82.8,83.32,85.98,21996964,1847368352.75,shares,0
2024-12-10,85.88,86.24,83.33,83.69,83.32,22781053,1932260992.18,shares,0
2024-12-11,83.3,85.0,83.08,84.21,83.69,13704544,1151881925.16,shares,0
2024-12-12,84.22,85.06,83.38,84.53,84.21,15534949,1306927206.92,shares,0
2024-12-13,84.0,92.98,83.82,92.98,84.53,80388117,7209836961.73,shares,0
2024-12-16,91.58,100.0,91.09,96.66,92.98,89943490,8653349853.67,shares,0
2024-12-17,95.2,97.0,93.16,93.68,96.66,39121516,3694036266.96,shares,0
2024-12-18,93.3,103.05,93.3,103.05,93.68,57622684,5720391058.43,shares,0
2024-12-19,106.5,113.36,105.0,112.15,103.05,104783629,11549024762.61,shares,0
2024-12-20,110.7,114.6,109.55,113.2,112.15,66829266,7519032741.62,shares,0
2024-12-23,116.66,117.0,107.25,107.25,113.2,59923433,6598914054.31,shares,0
2024-12-24,108.0,108.99,102.82,108.0,107.25,56896208,6015827394.69,shares,0
2024-12-25,109.0,114.0,107.96,109.76,108.0,49478897,5504074559.44,shares,0
2024-12-26,108.5,115.88,107.99,115.0,109.76,48428440,5468721210.47,shares,0
2024-12-27,114.99,117.5,111.49,111.96,115.0,40396885,4615567601.72,shares,0
2024-12-30,113.21,115.76,110.29,113.82,111.96,32104010,3648667670.6,shares,0
2024-12-31,114.0,114.08,106.8,106.8,113.82,36654416,3995555148.16,shares,0
2025-01-02,106.25,107.2,101.76,102.99,106.8,30243055,3146583066.77,shares,0
2025-01-03,103.6,106.6,100.09,103.1,102.99,34128860,3543095732.59,shares,0
2025-01-06,103.64,104.8,98.63,99.54,103.1,31342042,3183655204.17,shares,0
2025-01-07,100.44,106.33,99.65,105.2,99.54,33877141,3503531766.29,shares,0
2025-01-08,104.16,115.72,103.8,114.65,105.2,62000544,6885517433.97,shares,0
2025-01-09,113.32,125.29,113.11,122.9,114.65,63692089,7602732557.1,shares,0
2025-01-10,120.0,123.86,119.88,120.5,122.9,35924514,4379028367.01,shares,0
2025-01-13,119.0,121.9,116.03,117.85,120.5,31307714,3694225473.8,shares,0
2025-01-14,117.99,129.64,114.51,129.64,117.85,50403030,6244303724.38,shares,0
2025-01-15,129.79,137.8,128.21,132.86,129.64,53533607,7077664756.39,shares,0
2025-01-16,132.07,133.88,125.17,128.2,132.86,39402398,5094807798.01,shares,0
2025-01-17,128.9,137.76,128.44,134.79,128.2,41894466,5598345065.95,shares,0
2025-01-20,134.8,134.88,131.0,133.0,134.79,27594094,3669606622.92,shares,0
2025-01-21,134.03,139.8,128.12,132.1,133.0,44660065,5961717138.44,shares,0
2025-01-22,130.0,139.3,128.6,136.21,132.1,40713332,5527481374.92,shares,0
2025-01-23,137.0,141.0,129.65,130.47,136.21,39825455,5355847551.28,shares,0
2025-01-24,129.79,131.68,127.45,130.5,130.47,33673487,4370248969.1,shares,0
2025-01-27,129.34,131.45,126.49,127.4,130.5,22323026,2862587664.92,shares,0
2025-02-05,133.98,138.71,133.25,135.35,127.4,35421388,4807238223.85,shares,0
2025-02-06,133.1,143.4,133.0,140.63,135.35,36858239,5141324064.6,shares,0
2025-02-07,139.5,143.55,135.47,138.56,140.63,35777905,4995411214.91,shares,0
2025-02-10,138.5,138.5,133.91,134.63,138.56,26470460,3585109650.09,shares,0
2025-02-11,134.6,136.38,131.99,134.0,134.63,20152162,2699171402.93,shares,0
2025-02-12,133.5,135.44,130.99,134.98,134.0,25482693,3405837563.74,shares,0
2025-02-13,134.88,134.88,127.0,127.68,134.98,36499480,4734748607.0,shares,0
2025-02-14,127.27,128.44,125.04,127.32,127.68,26186191,3313432137.99,shares,0
2025-02-17,127.3,128.8,125.81,127.49,127.32,27084377,3436539127.68,shares,0
2025-02-18,127.4,127.46,122.68,123.47,127.49,28645241,3569947145.1,shares,0
2025-02-19,123.46,128.44,123.0,127.51,123.47,34409434,4380302119.31,shares,0
2025-02-20,127.5,130.01,125.0,128.39,127.51,23578672,3019593742.81,shares,0
2025-02-21,128.41,140.2,127.6,138.05,128.39,49534145,6642724434.08,shares,0
2025-02-24,138.8,147.56,137.05,143.0,138.05,39675449,5667611409.32,shares,0
2025-02-25,139.0,141.75,135.36,137.0,143.0,35920869,4950144510.25,shares,0
2025-02-26,137.0,137.5,131.31,136.77,137.0,27619535,3729755704.4,shares,0
2025-02-27,136.0,138.49,130.51,133.74,136.77,27343186,3651461603.43,shares,0
2025-02-28,131.99,140.77,131.11,131.83,133.74,44693919,6059986878.21,shares,0
2025-03-03,135.0,135.0,126.39,129.58,131.83,27599626,3588491286.91,shares,0
2025-03-04,126.86,137.64,124.01,134.5,129.58,35213977,4628851117.57,shares,0
2025-03-05,135.4,137.88,133.0,135.88,134.5,24585421,3329534312.16,shares,0
2025-03-06,135.9,139.83,135.21,137.73,135.88,27212285,3736796973.81,shares,0
2025-03-07,136.34,136.35,131.2,134.68,137.73,28299207,3774105354.44,shares,0
2025-03-10,132.21,134.01,130.64,132.52,134.68,17774324,2347086127.64,shares,0
2025-03-11,129.11,130.8,127.3,128.18,132.52,21403793,2754189642.13,shares,0
2025-03-12,129.39,131.19,127.15,128.48,128.18,19880842,2563066134.49,shares,0
2025-03-13,127.55,128.19,123.0,124.28,128.48,21533469,2689986049.96,shares,0
2025-03-14,123.96,130.44,123.8,129.89,124.28,24206585,3098398760.7,shares,0
2025-03-17,129.28,130.11,127.5,128.03,129.89,12371773,1589504302.67,shares,0
2025-03-18,128.78,132.2,128.02,129.91,128.03,19766333,2571153357.98,shares,0
2025-03-19,129.0,131.98,128.11,130.95,129.91,18851352,2459087316.21,shares,0
2025-03-20,130.31,132.89,128.13,128.4,130.95,15136489,1967455568.85,shares,0
2025-03-21,127.0,128.13,123.18,123.61,128.4,16610566,2077608093.0,shares,0
2025-03-24,123.81,125.2,121.85,125.12,123.61,15131146,1870799158.7,shares,0
2025-03-25,124.36,124.8,118.96,119.31,125.12,20542677,2483652703.88,shares,0
2025-03-26,119.31,120.14,116.58,116.96,119.31,19642505,2322061563.09,shares,0
2025-03-27,116.55,120.29,116.55,117.63,116.96,14242454,1681630079.5,shares,0
2025-03-28,117.0,118.22,116.65,117.01,117.63,8404063,986703564.48,shares,0
2025-03-31,117.05,117.89,114.1,116.88,117.01,12308461,1424835911.92,shares,0
2025-04-01,117.5,118.98,115.8,117.49,116.88,12079635,1419387603.51,shares,0
2025-04-02,117.49,118.68,116.7,117.59,117.49,7960755,936354627.75,shares,0
2025-04-03,115.65,118.3,114.9,115.75,117.59,9981755,1161711449.75,shares,0
2025-04-07,105.0,111.99,104.18,104.2,115.75,25454171,2710485169.39,shares,0
2025-04-08,105.86,106.66,100.88,103.48,104.2,26951963,2785586814.6,shares,0
2025-04-09,101.99,107.5,98.87,104.96,103.48,27581007,2876581346.88,shares,0
2025-04-10,108.99,110.52,106.68,107.9,104.96,21466858,2330520958.98,shares,0
2025-04-11,107.69,116.8,106.1,112.32,107.9,32246519,3622818836.33,shares,0
2025-04-14,114.32,114.49,110.38,111.73,112.32,18581758,2081709619.01,shares,0
2025-04-15,111.0,111.74,108.8,110.0,111.73,12675010,1392226199.38,shares,0
2025-04-16,110.11,110.6,107.0,109.19,110.0,12639317,1371122688.0,shares,0
2025-04-17,108.93,111.01,108.28,109.2,109.19,11004359,1206101767.68,shares,0
2025-04-18,108.88,108.88,107.39,108.3,109.2,6922479,747979189.17,shares,0
2025-04-21,108.91,113.0,108.01,112.46,108.3,13940203,1547645158.0,shares,0
2025-04-22,112.39,115.78,111.95,112.35,112.46,13886010,1579629783.38,shares,0
2025-04-23,112.99,115.1,112.21,114.6,112.35,15109330,1721581495.43,shares,0
2025-04-24,115.1,115.1,110.2,111.16,114.6,15513043,1737853796.0,shares,0
2025-04-25,111.2,114.88,110.68,112.63,111.16,16191299,1831249073.0,shares,0
2025-04-28,112.63,115.5,109.81,115.2,112.63,21757291,2463793318.32,shares,0
2025-04-29,116.2,126.72,116.12,126.72,115.2,43808595,5303824251.79,shares,0
2025-04-30,126.88,129.7,125.5,128.69,126.72,33476045,4279553583.73,shares,0
2025-05-06,130.56,135.04,130.3,131.85,128.69,30197967,3995581194.26,shares,0
2025-05-07,132.06,132.77,129.35,130.35,131.85,18104363,2363164061.63,shares,0
2025-05-08,129.11,130.0,127.03,127.52,130.35,16185154,2072347892.74,shares,0
2025-05-09,126.32,126.94,123.71,124.4,127.52,16554790,2066340192.69,shares,0
2025-05-12,125.51,126.62,123.87,125.48,124.4,12913098,1619539411.75,shares,0
2025-05-13,127.03,128.52,125.16,125.51,125.48,17563257,2231834166.34,shares,0
2025-05-14,125.53,127.64,123.48,124.49,125.51,14648376,1828488645.63,shares,0
2025-05-15,124.0,124.59,121.5,122.0,124.49,12437269,1528121770.27,shares,0
2025-05-16,122.03,123.38,121.75,122.29,122.0,8363431,1023691553.45,shares,0
2025-05-19,122.97,127.79,121.86,126.3,122.29,22365434,2808603601.55,shares,0
2025-05-20,125.8,128.55,124.51,126.15,126.3,15810718,2000275091.77,shares,0
2025-05-21,124.55,124.57,117.08,118.14,126.15,31614537,3768105531.57,shares,0
2025-05-22,118.0,120.53,117.5,117.66,118.14,13129832,1558622820.07,shares,0
2025-05-23,117.09,118.21,115.4,115.4,117.66,13879993,1619735728.88,shares,0
2025-05-26,115.48,117.08,114.63,116.03,115.4,11203011,1298445994.47,shares,0
2025-05-27,115.43,115.87,112.85,112.9,116.03,11410597,1298510725.39,shares,0
2025-05-28,113.65,115.29,113.23,113.5,112.9,11295866,1287595695.6,shares,0
2025-05-29,113.77,114.44,112.52,113.75,113.5,11502557,1308481621.99,shares,0
2025-05-30,113.2,114.3,111.49,112.3,113.75,10283849,1159624664.33,shares,0
2025-06-03,111.11,115.14,111.01,112.88,112.3,11756415,1331329201.1,shares,0
2025-06-04,113.26,116.86,112.87,115.58,112.88,13662958,1577982342.94,shares,0
2025-06-05,115.99,118.48,114.78,117.9,115.58,14671663,1714741225.0,shares,0
2025-06-06,117.66,127.78,117.01,123.44,117.9,29191812,3598624286.82,shares,0
2025-06-09,123.0,123.9,121.37,122.63,123.44,16133930,1976852390.91,shares,0
2025-06-10,122.9,122.91,117.71,119.4,122.63,14136792,1691228022.27,shares,0
2025-06-11,119.56,121.8,119.0,119.15,119.4,10358003,1243491406.96,shares,0
2025-06-12,119.88,122.2,119.0,119.95,119.15,12892656,1553021803.06,shares,0
2025-06-13,118.9,119.97,117.78,118.9,119.95,11264907,1337755681.02,shares,0
2025-06-16,119.0,124.32,119.0,121.01,118.9,16911704,2069980283.99,shares,0
2025-06-17,122.61,125.0,120.18,122.32,121.01,14441268,1768172710.66,shares,0
2025-06-18,121.99,124.62,119.0,122.62,122.32,14672043,1789217731.43,shares,0
2025-06-19,122.38,126.49,122.2,123.21,122.62,18263988,2267192169.51,shares,0
2025-06-20,122.61,123.25,117.5,118.96,123.21,16593917,1984959227.32,shares,0
2025-06-23,117.71,121.69,117.39,120.21,118.96,11257924,1353675321.19,shares,0
2025-06-24,122.26,124.9,121.9,123.91,120.21,16749954,2074784447.85,shares,0
2025-06-25,124.98,125.79,122.6,125.5,123.91,17473194,2170656894.33,shares,0
2025-06-26,125.2,125.65,123.0,123.25,125.5,13130452,1629284431.58,shares,0
2025-06-27,124.3,127.5,122.3,126.34,123.25,20986705,2643149186.56,shares,0
2025-06-30,128.37,128.5,125.2,126.53,126.34,14143399,1784229846.73,shares,0
2025-07-01,126.0,126.55,123.51,124.02,126.53,14287587,1781322637.04,shares,0
2025-07-02,123.28,123.3,120.1,120.98,124.02,13068106,1586895318.2,shares,0
2025-07-03,120.58,121.55,119.0,119.72,120.64,12859007,1541698795.06,shares,0
2025-07-04,119.19,120.3,117.51,118.85,119.72,14182695,1683622172.65,shares,0
2025-07-07,118.98,120.81,117.86,120.81,118.85,11458495,1370153527.47,shares,0
2025-07-08,123.0,123.5,121.01,121.71,120.81,15187786,1854823190.61,shares,0
2025-07-09,120.91,120.99,119.29,119.47,121.71,12605642,1512241901.88,shares,0
2025-07-10,119.02,119.87,118.04,118.06,119.47,11158331,1322615180.6,shares,0
2025-07-11,117.9,119.1,117.37,118.36,118.06,12977402,1537067954.28,shares,0
2025-07-14,118.61,119.2,117.46,117.59,118.36,11279153,1331566268.2,shares,0
2025-07-15,117.1,117.56,114.0,115.0,117.59,23620259,2718281579.14,shares,0
2025-07-16,115.0,116.4,114.0,114.24,115.0,15874283,1826208290.84,shares,0
2025-07-17,114.05,118.19,113.82,117.99,114.24,24127542,2805867151.81,shares,0
2025-07-18,117.86,120.3,116.23,117.16,117.99,20323308,2391314586.57,shares,0
2025-07-21,116.82,117.53,115.4,117.11,117.16,11594394,1350683001.67,shares,0
2025-07-22,116.97,117.33,115.8,115.87,117.11,14392733,1672922189.26,shares,0
2025-07-23,115.77,118.36,115.5,116.99,115.87,14911076,1741699657.11,shares,0
2025-07-24,116.6,118.0,115.14,117.89,116.99,17225398,2011696441.62,shares,0
2025-07-25,117.9,122.0,117.9,121.94,117.89,35693376,4286282667.19,shares,0
2025-07-28,122.0,122.2,119.71,120.26,121.94,19101197,2302878681.01,shares,0
2025-07-29,120.0,121.5,119.4,120.28,120.26,16994065,2042850876.68,shares,0
2025-07-30,124.06,129.67,123.31,123.99,120.28,47298744,5957278630.12,shares,0
2025-07-31,121.0,126.8,120.28,121.13,123.99,30874773,3788904667.77,shares,0
2025-08-01,120.5,122.1,117.09,117.31,121.13,24781348,2946052921.83,shares,0
2025-08-04,116.3,120.2,116.3,118.84,117.31,16078264,1902328180.95,shares,0
2025-08-05,119.0,119.3,117.3,118.0,118.84,12485055,1471568917.73,shares,0
2025-08-06,118.0,118.65,117.01,118.28,118.0,11448567,1349530060.55,shares,0
2025-08-07,117.98,119.2,117.32,117.67,118.28,16994088,2007916589.18,shares,0
2025-08-08,117.68,117.68,116.4,116.4,117.67,12151300,1418055203.21,shares,0
2025-08-11,116.79,118.5,116.48,117.95,116.4,12798173,1508912168.42,shares,0
2025-08-12,118.31,121.5,117.6,120.47,117.95,25275618,3025712891.35,shares,0
2025-08-13,120.49,123.0,119.94,121.46,120.47,24098654,2925464096.51,shares,0
2025-08-14,121.7,125.49,120.55,121.01,121.46,31400325,3865198489.67,shares,0
2025-08-15,120.01,123.5,120.01,122.9,121.01,21150022,2590294401.68,shares,0
2025-08-18,123.33,127.98,121.51,125.7,122.9,32849852,4106567031.51,shares,0
2025-08-19,125.48,128.88,122.85,123.26,125.7,32317520,4046363005.71,shares,0
2025-08-20,123.0,127.25,122.01,127.01,123.26,35989759,4494071401.11,shares,0
2025-08-21,132.09,139.71,132.09,137.16,127.01,85897149,11832481427.06,shares,0
2025-08-22,135.12,150.88,135.08,150.88,137.16,78079054,11210984975.63,shares,0
2025-08-25,159.0,163.5,152.88,157.8,150.88,83619760,13172131297.23,shares,0
2025-08-26,157.8,157.8,152.62,154.4,157.8,38225332,5917649649.55,shares,0
2025-08-27,155.87,168.5,152.18,158.63,154.4,62381058,10014123480.28,shares,0
2025-08-28,161.0,165.8,159.01,164.45,158.63,49432831,8027959132.82,shares,0
2025-08-29,161.8,162.0,156.4,158.98,164.45,39800586,6325048099.23,shares,0
2025-09-01,164.11,174.88,157.0,174.88,158.98,61279712,10223340505.54,shares,0
2025-09-02,179.28,188.0,173.05,176.0,174.88,76285237,13736024580.26,shares,0
2025-09-03,176.26,177.73,168.55,171.09,176.0,44127598,7587032736.31,shares,0
2025-09-04,169.0,171.07,153.98,153.98,171.09,45498053,7284233850.1,shares,0
2025-09-05,150.0,163.99,145.8,159.56,153.98,69948770,10700137152.55,shares,0
2025-09-08,161.93,169.0,159.15,163.83,159.56,52371475,8602671848.74,shares,0
2025-09-09,161.0,162.8,154.62,157.15,163.83,32732034,5191824525.46,shares,0
2025-09-10,157.14,163.25,155.7,161.29,157.15,33465697,5358368654.69,shares,0
2025-09-11,161.26,177.42,160.0,177.42,161.29,55442395,9422962073.19,shares,0
2025-09-12,179.99,195.16,177.5,190.21,177.42,71035704,13432520617.65,shares,0
2025-09-15,193.51,194.5,186.62,190.94,190.21,49548307,9469855424.4,shares,0
2025-09-16,189.0,196.8,186.89,189.16,190.94,40856221,7810240313.94,shares,0
2025-09-17,188.99,192.58,182.97,186.6,189.16,33924537,6358605811.33,shares,0
2025-09-18,189.39,200.85,186.8,190.88,186.6,59041052,11381851203.01,shares,0
2025-09-19,194.31,195.88,184.91,185.2,190.88,37191821,7051277592.54,shares,0
2025-09-22,188.88,198.09,186.28,195.01,185.2,41197769,8002507022.87,shares,0
2025-09-23,196.0,201.59,188.69,194.07,195.01,39994566,7780830607.76,shares,0
2025-09-24,194.6,208.23,193.0,199.8,194.07,50702069,10165505184.35,shares,0
2025-09-25,199.0,204.5,193.1,197.41,199.8,40427591,8001322067.57,shares,0
2025-09-26,196.01,206.02,190.21,190.21,197.41,43520085,8650850074.28,shares,0
2025-09-29,196.5,203.63,195.1,197.13,190.21,43487798,8628937827.74,shares,0
2025-09-30,204.34,216.84,203.0,213.3,197.13,59786499,12672064936.41,shares,0
2025-10-09,222.0,234.63,218.6,225.49,213.3,58538977,13293421696.59,shares,0
2025-10-10,225.5,230.5,212.12,215.02,225.49,44303098,9636636021.85,shares,0
2025-10-13,201.5,214.9,201.5,207.85,215.02,42481514,8843113207.4,shares,0
2025-10-14,215.45,220.53,193.0,196.0,207.85,52201780,10762183994.36,shares,0
2025-10-15,195.55,202.4,186.41,202.01,196.0,39044231,7587280730.54,shares,0
2025-10-16,201.44,214.8,198.53,208.13,202.01,45866618,9577597463.35,shares,0
2025-10-17,208.12,211.5,201.0,201.21,208.13,32935784,6777034047.5,shares,0
2025-10-20,207.73,215.0,203.03,208.35,201.21,36724406,7696246687.04,shares,0
2025-10-21,211.0,222.0,209.66,219.01,208.35,40511722,8794154720.27,shares,0
2025-10-22,214.0,214.0,205.3,210.93,219.01,37182952,7766034296.94,shares,0
2025-10-23,205.98,208.1,200.39,206.96,210.93,27405848,5585482985.52,shares,0
2025-10-24,214.0,221.88,212.0,221.08,206.96,45061812,9805113355.97,shares,0
2025-10-27,230.0,243.19,222.83,243.19,221.08,52091618,12070372379.79,shares,0
2025-10-28,236.5,254.44,234.58,246.95,243.19,52729642,12909959809.8,shares,0
2025-10-29,246.96,252.63,236.0,241.15,246.95,50374463,12221563110.73,shares,0
2025-10-30,246.24,247.0,231.78,232.0,241.15,43365443,10345840391.97,shares,0
2025-10-31,231.0,234.68,216.0,220.0,232.0,49242882,10882575345.51,shares,0
2025-11-03,217.0,230.68,216.66,230.1,220.0,46261349,10367480648.52,shares,0
2025-11-04,231.0,231.22,222.5,224.99,230.1,29336781,6624358512.67,shares,0
2025-11-05,213.0,220.49,210.95,218.39,224.99,33513145,7203205726.72,shares,0
2025-11-06,224.5,228.0,222.25,227.2,218.39,34334670,7753801390.08,shares,0
2025-11-07,222.68,227.89,219.55,220.95,227.2,27898918,6232949914.32,shares,0
2025-11-10,228.49,231.45,212.5,218.96,220.95,38583223,8553969468.19,shares,0
2025-11-11,223.6,227.01,216.71,216.99,218.96,34192490,7601312659.18,shares,0
2025-11-12,213.0,218.58,207.01,209.5,216.99,34952308,7391713965.35,shares,0
2025-11-13,212.0,230.45,211.88,227.5,209.5,62663858,14161665404.59,shares,0
2025-11-14,216.0,216.49,205.78,205.78,227.5,54863327,11531317142.29,shares,0
2025-11-17,207.81,214.74,206.36,207.5,205.78,33506074,7029315416.69,shares,0
2025-11-18,205.28,207.58,201.57,202.5,207.5,27437846,5596610402.53,shares,0
2025-11-19,200.25,205.5,199.03,202.52,202.5,23881863,4835263415.7,shares,0
2025-11-20,207.5,208.0,198.66,199.1,202.52,21760535,4376548543.46,shares,0
2025-11-21,189.0,190.57,182.51,182.51,199.1,40441609,7512795789.77,shares,0
2025-11-24,183.75,184.75,176.0,179.18,182.51,34049949,6102558862.68,shares,0
2025-11-25,185.0,191.6,184.19,190.62,179.18,36402147,6845489695.93,shares,0
2025-11-26,187.01,198.88,186.8,196.5,190.62,29768530,5796501767.95,shares,0
2025-11-27,198.88,208.0,198.88,200.86,196.5,31973175,6535638162.5,shares,0
2025-11-28,199.0,204.35,196.66,203.0,200.86,21565225,4334514870.49,shares,0
2025-12-01,204.04,215.45,201.2,212.82,203.0,38267003,8001361362.35,shares,0
2025-12-02,211.78,216.79,208.1,210.5,212.82,24924369,5283394788.86,shares,0
2025-12-03,210.42,210.99,206.19,207.6,210.5,17070813,3550298440.39,shares,0
2025-12-04,206.0,212.98,201.99,210.41,207.6,24700726,5130378876.6,shares,0
2025-12-05,210.92,211.0,205.5,206.81,210.41,16981736,3517459254.91,shares,0
2025-12-08,208.62,216.97,207.53,213.89,206.81,31130702,6624931659.13,shares,0
2025-12-09,212.0,215.3,209.3,210.95,213.89,21058596,4464451196.1,shares,0
2025-12-10,209.09,210.2,203.5,208.84,210.95,19181021,3972447948.16,shares,0
2025-12-11,211.88,213.0,207.5,207.81,208.84,18824603,3953045789.84,shares,0
2025-12-12,206.0,214.44,204.01,209.89,207.81,21503384,4488267448.4,shares,0
2025-12-15,205.02,208.68,203.5,204.16,209.89,17506942,3589589514.62,shares,0
2025-12-16,203.0,205.46,196.13,197.86,204.16,20482472,4078991500.9,shares,0
2025-12-17,197.01,202.87,195.95,202.18,197.86,19050158,3802859059.26,shares,0
2025-12-18,203.5,218.88,203.5,214.45,202.18,41852471,8887246198.62,shares,0
2025-12-19,220.0,221.0,208.2,210.21,214.45,33239480,7034876943.32,shares,0
2025-12-22,213.51,219.5,213.51,216.46,210.21,25370057,5485534764.73,shares,0
2025-12-23,216.99,221.33,215.0,217.38,216.46,25429787,5543292841.68,shares,0
2025-12-24,220.0,225.0,216.2,224.1,217.38,29840962,6590470884.45,shares,0
2025-12-25,223.0,228.83,217.33,222.0,224.1,25940049,5752598104.76,shares,0
2025-12-26,221.0,230.0,220.0,226.97,222.0,29663127,6722806559.62,shares,0
2025-12-29,225.71,234.44,225.0,227.93,226.97,29601901,6772169787.75,shares,0
2025-12-30,226.0,229.54,219.1,220.22,227.93,27160988,6063612930.26,shares,0
2025-12-31,228.01,228.88,212.58,214.25,220.22,35457119,7741087427.45,shares,0
2026-01-05,221.32,235.68,221.0,235.68,214.25,49928382,11560778680.3,shares,0
2026-01-06,238.0,253.33,234.0,250.78,235.68,50753550,12310629498.19,shares,0
2026-01-07,270.0,273.77,256.78,262.5,250.78,54516179,14443385678.76,shares,0
2026-01-08,259.0,267.0,256.91,258.75,262.5,31410913,8210508185.06,shares,0
2026-01-09,254.55,254.55,244.32,250.05,258.75,39523831,9873211262.77,shares,0
2026-01-12,255.22,264.04,254.0,261.83,250.05,40381307,10435793484.12,shares,0
2026-01-13,266.0,275.0,257.49,263.5,261.83,46151776,12238674369.41,shares,0
2026-01-14,270.0,271.0,249.05,253.0,263.5,44732134,11546200173.9,shares,0
2026-01-15,249.61,257.55,248.2,254.96,253.0,28389837,7180430118.23,shares,0
2026-01-16,260.03,280.46,257.5,280.46,254.96,55336213,15020119556.72,shares,0
2026-01-19,280.6,292.0,278.88,288.45,280.46,46322995,13241198626.28,shares,0
2026-01-20,282.9,297.1,282.88,292.0,288.45,38978232,11377429956.69,shares,0
2026-01-21,295.0,314.8,293.01,307.65,292.0,40465397,12395709223.08,shares,0
2026-01-22,320.0,320.02,296.7,301.47,307.65,45061697,13710967281.55,shares,0
2026-01-23,296.0,310.68,295.0,297.25,301.47,34937969,10491781698.88,shares,0
2026-01-26,300.0,308.0,290.5,292.6,297.25,27267478,8059039737.65,shares,0
2026-01-27,290.0,312.42,286.67,307.26,292.6,38004368,11465752144.29,shares,0
2026-01-28,313.88,328.58,313.88,323.68,307.26,37717992,12160363681.52,shares,0
2026-01-29,329.88,331.07,306.99,307.5,323.68,33424581,10593801175.36,shares,0
2026-01-30,315.0,320.88,308.01,314.88,307.5,37619944,11864831687.65,shares,0
2026-02-02,300.8,306.09,283.39,283.39,314.88,41628829,12094639948.86,shares,0
2026-02-03,294.01,296.6,285.2,292.57,283.39,30221354,8812712425.01,shares,0
2026-02-04,285.99,289.5,279.0,282.33,292.57,27095763,7646576014.07,shares,0
2026-02-05,269.94,279.52,268.21,277.74,282.33,22905352,6300761896.41,shares,0
2026-02-06,271.0,280.51,268.2,276.17,277.74,18626714,5136089771.28,shares,0
2026-02-09,283.97,294.44,280.2,292.98,276.17,28305521,8148122681.0,shares,0
2026-02-10,287.13,291.5,284.17,289.9,292.98,21596554,6225459477.43,shares,0
2026-02-11,285.0,286.5,280.5,284.59,289.9,17341550,4922177743.56,shares,0
2026-02-12,290.5,305.0,285.0,303.24,284.59,30067434,8842653412.54,shares,0
2026-02-13,303.24,317.6,301.0,308.7,303.24,29925371,9335277998.59,shares,0
2026-02-24,317.5,331.16,311.0,323.05,308.7,30254540,9709224736.98,shares,0
2026-02-25,316.0,317.01,301.96,311.32,323.05,28572801,8846026249.92,shares,0
2026-02-26,316.0,316.0,306.05,309.4,311.32,23105285,7169784208.18,shares,0
2026-02-27,303.5,306.0,296.69,300.0,309.4,22096892,6629753921.01,shares,0
2026-03-02,290.87,299.98,290.55,293.15,300.0,18513228,5453801344.68,shares,0
2026-03-03,295.0,296.1,272.59,272.89,293.15,33329365,9356849949.16,shares,0
2026-03-04,272.89,290.0,272.89,279.07,272.89,32691632,9250036178.76,shares,0
2026-03-05,288.16,289.88,280.23,282.8,279.07,25529973,7288806325.09,shares,0
2026-03-06,277.9,288.88,277.56,284.99,282.8,20857577,5931718814.47,shares,0
2026-03-09,273.0,277.7,264.0,276.09,284.99,28354565,7649552152.86,shares,0
2026-03-10,284.1,286.5,281.18,285.44,276.09,23353742,6640032786.16,shares,0
2026-03-11,288.04,290.83,281.32,281.53,285.44,21649869,6176121565.27,shares,0
2026-03-12,279.83,283.83,272.43,274.78,281.53,17232747,4768478190.83,shares,0
2026-03-13,270.78,285.67,270.78,278.33,274.78,22613749,6301123525.33,shares,0
2026-03-16,280.0,306.16,277.0,306.16,278.33,46273564,13600507643.9,shares,0
2026-03-17,306.5,313.0,295.88,296.0,306.16,39000085,11825489340.83,shares,0
2026-03-18,305.1,313.68,302.0,311.25,296.0,42051352,12995566647.41,shares,0
2026-03-19,300.0,309.71,297.0,303.68,311.25,31214567,9443689781.14,shares,0
2026-03-20,305.55,306.7,290.0,290.2,303.68,31253644,9259119963.67,shares,0
2026-03-23,277.0,282.88,271.0,273.35,290.2,28214191,7806213395.65,shares,0
2026-03-24,277.99,278.0,256.88,273.71,273.35,33691468,8936300506.62,shares,0
2026-03-25,275.15,285.8,275.14,278.4,273.71,28376275,7947975811.02,shares,0
2026-03-26,268.0,268.7,260.0,262.0,278.4,35077307,9217935593.63,shares,0
2026-03-27,248.98,260.18,240.25,258.66,262.0,28977343,7291597265.11,shares,0
2026-03-30,252.0,259.54,250.03,255.85,258.66,21469645,5470168274.95,shares,0
2026-03-31,249.9,252.0,236.86,238.1,255.85,42762334,10377669656.46,shares,0
2026-04-01,250.0,256.1,243.7,255.0,238.1,38795783,9693139251.05,shares,0
2026-04-02,257.86,259.8,245.6,246.99,255.0,25297431,6367107416.01,shares,0
2026-04-03,250.99,254.6,247.5,249.1,246.99,19747197,4948392995.26,shares,0
2026-04-07,253.1,255.96,248.81,249.66,249.1,19847158,5011332740.15,shares,0
2026-04-08,250.11,256.96,243.08,255.96,249.66,75332537,18866761509.79,shares,0
2026-04-09,250.0,253.49,243.9,250.49,255.96,44468257,11053684068.37,shares,0
2026-04-10,255.49,268.32,255.24,265.09,250.49,53476682,14080294764.18,shares,0
2026-04-13,261.0,269.84,260.9,262.14,265.09,41242092,10896229970.23,shares,0
2026-04-14,269.5,281.23,266.39,280.01,262.14,46620521,12861207284.45,shares,0
2026-04-15,285.0,287.65,271.98,274.0,280.01,39697260,11071707520.46,shares,0
2026-04-16,270.1,287.0,268.59,286.73,274.0,40933672,11431621261.53,shares,0
2026-04-17,284.0,295.66,282.9,288.96,286.73,40632112,11768331454.26,shares,0
2026-04-20,293.0,295.96,287.12,290.54,288.96,32564280,9489709815.62,shares,0
2026-04-21,290.8,309.0,288.25,306.27,290.54,42583406,12827436178.34,shares,0
2026-04-22,303.5,314.58,302.51,313.98,306.27,34166195,10559646646.49,shares,0
2026-04-23,326.01,326.02,301.9,304.8,313.98,44199730,13709630157.62,shares,0
2026-04-24,305.0,310.0,292.81,297.7,304.8,34910537,10436275525.16,shares,0
2026-04-27,301.59,309.58,297.75,303.42,297.7,31635478,9594446067.59,shares,0
2026-04-28,305.0,319.33,302.02,307.5,303.42,36794294,11421765606.97,shares,0
2026-04-29,303.01,311.66,297.0,308.89,307.5,41919980,12787874125.06,shares,0
2026-04-30,320.0,321.0,306.48,312.99,308.89,58796514,18516847869.83,shares,0
2026-05-06,330.0,344.29,330.0,344.29,312.99,42342550,14465204492.38,shares,0
2026-05-07,347.0,357.36,339.0,350.16,344.29,52387882,18174549785.58,shares,0
2026-05-08,341.0,343.3,331.8,334.1,350.16,44083273,14821436653.58,shares,0
2026-05-11,350.1,367.51,347.01,362.13,334.1,57507907,20673848905.22,shares,0
2026-05-12,362.14,362.2,349.2,353.55,362.13,40559551,14360590981.76,shares,0
2026-05-13,344.0,366.71,339.33,365.0,353.55,48498284,17127399573.72,shares,0
2026-05-14,365.05,373.5,354.99,356.19,365.0,40836464,14829461847.74,shares,0
2026-05-15,353.0,384.0,345.48,375.34,356.19,62436811,22792196753.49,shares,0
2026-05-18,408.58,412.87,396.34,400.0,375.34,68798434,27876373983.72,shares,0
2026-05-19,390.0,410.0,380.02,404.56,400.0,55310111,21805396340.1,shares,0
2026-05-20,408.0,445.02,407.8,445.02,404.56,61012555,26523529100.57,shares,0
2026-05-21,445.02,464.83,427.33,431.9,445.02,63239768,28199401935.58,shares,0
2026-05-22,448.0,472.99,439.0,468.74,431.9,63796889,28932072443.05,shares,0
2026-05-25,478.11,515.61,461.0,515.6,468.74,59361411,29387713836.27,shares,0
2026-05-26,510.0,538.02,491.2,526.22,514.85,64338392,33017657438.17,shares,0
2026-05-27,541.0,552.82,500.0,514.18,526.22,66726041,35341222580.94,shares,0
2026-05-28,495.0,499.5,470.0,483.0,514.18,62379220,30240489779.09,shares,0
2026-05-29,492.66,496.0,464.91,467.01,483.0,55812542,26715074211.2,shares,0
2026-06-01,476.0,489.96,455.0,468.0,467.01,52158648,24676174086.48,shares,0
2026-06-02,471.0,480.66,448.11,474.69,468.0,49019277,23013728743.91,shares,0
2026-06-03,478.89,510.0,477.0,492.23,474.69,58192978,28838934890.31,shares,0
2026-06-04,487.05,538.0,485.01,529.31,492.23,56335088,29302244792.63,shares,0
2026-06-05,507.0,519.8,484.9,488.0,529.31,54713542,27565110090.63,shares,0
2026-06-08,461.11,490.7,451.0,474.01,488.0,43447474,20573934016.58,shares,0
2026-06-09,493.0,502.88,477.03,500.5,474.01,41968333,20592669383.82,shares,0
2026-06-10,489.11,497.26,475.65,480.84,500.5,32997210,15988381630.41,shares,0
2026-06-11,480.52,486.0,471.0,483.5,480.84,29699143,14211235695.8,shares,0
2026-06-12,508.0,510.0,481.0,481.47,483.5,40708544,20201561529.52,shares,0
2026-06-15,494.97,519.0,476.66,518.0,481.47,47578448,23934989158.78,shares,0
2026-06-16,526.0,542.84,517.71,532.76,518.0,42778507,22673887612.95,shares,0
2026-06-17,521.0,586.04,521.0,586.04,532.76,56800030,31598894525.55,shares,0
2026-06-18,594.0,644.64,586.6,629.0,586.04,59157318,37016387909.85,shares,0
2026-06-22,643.0,689.7,635.0,689.7,629.0,52583095,34699907687.8,shares,0
2026-06-23,680.0,688.8,636.0,640.99,689.7,59291379,39089605510.45,shares,0
2026-06-24,641.0,705.09,630.93,705.09,640.99,59821931,39944848280.74,shares,0
2026-06-25,740.0,775.39,735.0,775.21,705.09,50867836,38432771373.97,shares,0
2026-06-26,753.0,779.0,732.52,770.0,775.21,49392562,37418302893.17,shares,0
2026-06-29,779.0,846.66,750.0,840.0,770.0,54120883,43149934642.37,shares,0
2026-06-30,810.0,833.0,781.11,815.0,840.0,44964679,36399346132.85,shares,0
2026-07-01,803.0,843.38,753.0,772.01,815.0,53970217,43202850798.27,shares,0
2026-07-02,721.0,731.99,694.81,694.81,772.01,45243641,32120680670.73,shares,0
2026-07-03,672.54,717.66,642.35,677.77,694.81,62352215,42673730269.22,shares,0
2026-07-06,690.0,694.99,630.0,654.29,677.77,60150228,39768631632.72,shares,0
2026-07-07,625.0,646.2,607.0,620.0,654.29,51565141,32272585837.38,shares,0
2026-07-08,630.0,641.0,589.0,603.17,620.0,57510792,35494320004.0,shares,0
2026-07-09,633.0,663.49,630.0,663.49,603.17,59092011,38185017353.01,shares,0
2026-07-10,688.0,707.97,607.18,612.0,663.49,88745662,59381239200.6,shares,0
2026-07-13,580.0,600.0,550.8,550.8,612.0,66310699,37737379039.46,shares,0
2026-07-14,551.0,587.2,534.58,583.99,550.8,67949024,38337659762.78,shares,0
2026-07-15,600.0,608.07,565.29,571.79,583.99,55370446,32494750794.21,shares,0
2026-07-16,543.26,548.0,514.61,514.61,571.79,54554237,28806874371.25,shares,0
2026-07-17,500.0,509.88,463.15,463.15,514.61,67208333,32122306065.79,shares,0
2026-07-20,479.0,485.87,416.88,432.3,463.15,71262184,32260372799.49,shares,0
2026-07-21,446.0,475.53,401.0,475.53,432.3,74390185,33087873790.62,shares,0
2026-07-22,479.94,501.26,460.0,470.0,475.53,75906055,36826043198.17,shares,0
2026-07-23,480.0,483.16,444.22,451.96,470.0,47134043,21669875949.69,shares,0
2026-07-24,444.0,462.5,438.5,457.0,451.96,50554262,22860531230.35,shares,0
2026-07-27,446.0,446.1,411.3,434.03,457.0,62878264,26910174775.3,shares,0
2026-07-28,400.22,408.25,390.63,390.63,434.03,44389637,17604154679.21,shares,0
2026-07-29,373.15,378.0,351.57,364.03,390.63,90388991,32439002786.76,shares,0
2026-07-30,356.75,392.07,342.0,371.1,364.03,97123885,35483794588.34,shares,0
2026-07-31,408.21,408.21,378.0,378.6,371.1,85692178,34043468918.24,shares,0
2026-08-03,365.55,370.0,340.74,340.74,378.6,65700912,23032720717.75,shares,0
2026-08-04,341.99,360.76,337.1,356.02,340.74,63223164,22165882065.97,shares,0
2026-08-05,358.0,390.12,358.0,385.44,356.02,69469011,26179493914.0,shares,0
2026-08-06,363.0,394.94,363.0,385.0,385.44,61861191,23396310413.82,shares,0
2026-08-07,384.0,422.48,383.8,417.05,385.0,74751809,30521288583.39,shares,0
2026-08-10,415.43,422.3,391.14,403.03,417.05,63600641,25597872113.32,shares,0
2026-08-11,397.0,414.78,396.58,402.29,403.03,43650230,17721401025.51,shares,0
2026-08-12,408.02,419.95,401.68,413.17,402.29,45611649,18748833166.3,shares,0
2026-08-13,425.26,431.91,402.8,404.5,413.17,54443925,22901029235.49,shares,0
2026-08-14,419.0,421.18,406.55,417.48,404.5,47500735,19698931498.16,shares,0
2026-08-17,423.95,444.0,420.23,444.0,417.48,58882572,25709784052.02,shares,0
2026-08-18,449.97,455.81,429.06,436.74,444.0,60757277,26794872150.41,shares,0
2026-08-19,417.0,420.0,393.1,403.71,436.74,66280613,26918983040.01,shares,0
2026-08-20,410.0,410.59,397.83,403.5,403.71,36176408,14629180702.94,shares,0
2026-08-21,405.0,411.0,400.1,409.06,403.5,34076661,13868009483.56,shares,0
2026-08-24,404.97,405.51,377.98,381.66,409.06,44862737,17362266488.2,shares,0
2026-08-25,367.0,398.5,367.0,395.51,381.66,39649525,15343138130.04,shares,0
2026-08-26,399.0,399.0,384.88,392.5,395.51,28462888,11159256742.63,shares,0
2026-08-27,397.01,412.0,394.58,411.2,392.5,40743045,16542661247.47,shares,0
2026-08-28,406.95,410.53,396.5,396.82,411.2,35251991,14208865488.74,shares,0
2026-08-31,387.06,406.61,387.06,406.0,396.82,31721977,12671318469.75,shares,0
2026-09-01,406.0,406.01,391.54,393.0,406.0,25655079,10164177781.73,shares,0
2026-09-02,388.0,395.95,387.45,388.86,393.0,20951274,8192429911.43,shares,0
2026-09-03,393.11,393.89,380.19,383.2,388.86,23856608,9199220237.55,shares,0
2026-09-04,387.58,388.97,368.77,371.88,383.2,29969135,11312019773.61,shares,0
2026-09-07,382.81,386.26,380.3,385.44,371.88,34965554,13412085196.78,shares,0
2026-09-08,385.82,398.0,381.96,385.96,385.44,37469761,14605531473.35,shares,0
2026-09-09,390.0,392.87,380.0,381.87,385.96,22904691,8816384417.97,shares,0
2026-09-10,380.83,387.5,379.01,380.64,381.87,21520771,8242535192.83,shares,0
2026-09-11,371.8,373.99,363.0,371.32,380.64,29230936,10785933989.59,shares,0
2026-09-14,360.0,365.88,355.55,356.88,371.32,26436533,9497742790.02,shares,0
2026-09-15,356.87,371.66,356.0,363.11,356.88,29317956,10693625914.66,shares,0
2026-09-16,366.11,374.38,360.96,373.14,363.11,26870695,9915793005.72,shares,0
2026-09-17,370.06,377.23,365.34,369.88,373.14,23486632,8714997155.41,shares,0
2026-09-18,379.99,390.66,378.0,388.18,369.88,41051390,15787688481.42,shares,0
2026-09-21,396.0,403.23,388.13,391.71,388.18,32898645,12984764755.1,shares,0
2026-09-22,399.99,413.43,394.0,402.1,391.71,50915065,20578129156.7,shares,0
2026-09-23,406.3,408.06,397.44,398.72,402.1,26195721,10521759466.88,shares,0
2026-09-24,393.0,394.77,383.72,383.77,398.72,22659484,8769242612.28,shares,0
