date,open,high,low,close,preclose,volume,amount,volume_unit,special_treatment
2019-12-16,53.0,65.7,50.0,64.5,26.97,14913226,798596014.0,shares,0
2019-12-17,59.81,59.99,55.0,59.0,64.5,11924387,688081955.0,shares,0
2019-12-18,59.06,82.0,59.06,73.15,59.0,13054459,907729874.0,shares,0
2019-12-19,68.88,78.58,66.6,75.6,73.15,8459687,615376217.0,shares,0
2019-12-20,73.15,77.0,69.6,69.62,75.6,5890970,429429024.0,shares,0
2019-12-23,67.07,69.5,63.0,68.0,69.62,4992091,328546402.0,shares,0
2019-12-24,67.69,68.96,65.5,68.0,68.0,3453644,233106296.0,shares,0
2019-12-25,67.23,81.6,66.66,80.0,68.0,8118991,592524765.0,shares,0
2019-12-26,76.98,80.86,75.1,78.71,80.0,5971052,464385476.0,shares,0
2019-12-27,78.2,86.0,76.2,79.62,78.71,6157219,495969995.0,shares,0
2019-12-30,77.51,78.89,71.0,77.51,79.62,4717737,355731996.0,shares,0
2019-12-31,76.8,77.97,72.66,73.29,77.51,3299565,247970006.0,shares,0
2020-01-02,73.0,78.0,72.34,76.18,73.29,3350733,252814680.0,shares,0
2020-01-03,76.0,78.66,74.06,75.7,76.18,3645930,278794624.0,shares,0
2020-01-06,73.0,74.45,71.1,72.49,75.7,3044160,221901099.0,shares,0
2020-01-07,72.48,76.48,71.01,75.4,72.49,3824493,281788080.0,shares,0
2020-01-08,74.51,77.77,72.09,75.5,75.4,4340489,325317932.0,shares,0
2020-01-09,75.5,83.7,75.23,77.55,75.5,4556842,361168585.0,shares,0
2020-01-10,78.08,81.44,76.91,78.1,77.55,3086475,244094740.0,shares,0
2020-01-13,78.22,82.3,74.0,81.52,78.1,4175735,330934672.0,shares,0
2020-01-14,80.6,83.35,78.8,79.16,81.52,4198825,338924319.0,shares,0
2020-01-15,77.65,80.29,76.66,78.33,79.16,2602975,204023245.0,shares,0
2020-01-16,78.79,94.0,78.79,94.0,78.33,7259892,642634538.0,shares,0
2020-01-17,92.0,109.8,89.0,102.8,94.0,6919337,667301241.0,shares,0
2020-01-20,98.13,108.78,93.38,99.97,102.8,4992688,500884773.0,shares,0
2020-01-21,95.15,104.55,95.1,98.98,99.97,3508109,352295617.0,shares,0
2020-01-22,96.8,118.78,96.8,118.78,98.98,6074595,671849665.0,shares,0
2020-01-23,116.0,138.0,114.05,127.5,118.78,6385191,803685147.0,shares,0
2020-02-03,103.01,129.99,103.01,118.5,127.5,5142092,601304057.0,shares,0
2020-02-04,126.23,142.2,126.23,142.2,118.5,4237475,578781537.0,shares,0
2020-02-05,149.96,168.0,143.0,148.2,142.2,5630746,869280920.0,shares,0
2020-02-06,146.0,163.17,142.05,154.9,148.2,4493935,690739223.0,shares,0
2020-02-07,152.02,163.88,142.65,159.56,154.9,5085372,775170998.0,shares,0
2020-02-10,154.88,165.0,142.23,144.78,159.56,4363453,666298644.0,shares,0
2020-02-11,140.52,149.88,139.19,144.71,144.78,3146708,455967947.0,shares,0
2020-02-12,143.01,166.66,139.56,159.3,144.71,4894855,737686208.0,shares,0
2020-02-13,158.87,167.84,150.88,151.0,159.3,4356837,691249201.0,shares,0
2020-02-14,151.06,157.99,139.0,143.91,151.0,3932563,583796869.0,shares,0
2020-02-17,144.5,147.86,139.33,144.7,143.91,2800528,400072338.0,shares,0
2020-02-18,144.0,152.52,142.09,149.47,144.7,3625984,539891451.0,shares,0
2020-02-19,147.88,148.81,136.01,137.38,149.47,3817363,542345437.0,shares,0
2020-02-20,136.15,138.8,118.5,124.31,137.38,4782918,607024567.0,shares,0
2020-02-21,121.84,128.5,120.53,124.56,124.31,3310161,415524589.0,shares,0
2020-02-24,121.0,134.99,116.88,131.93,124.56,4575946,570113958.0,shares,0
2020-02-25,125.8,138.5,125.0,134.1,131.93,4471870,594453723.0,shares,0
2020-02-26,131.0,134.78,115.61,116.0,134.1,3568732,444864705.0,shares,0
2020-02-27,115.64,122.64,114.55,116.03,116.0,2361766,279349508.0,shares,0
2020-02-28,108.34,111.98,103.22,105.4,116.03,2774871,299027640.0,shares,0
2020-03-02,109.06,110.5,105.0,108.5,105.4,2046698,221647541.0,shares,0
2020-03-03,111.59,121.02,110.05,113.83,108.5,3187550,367632601.0,shares,0
2020-03-04,111.64,113.8,103.59,108.18,113.83,2281249,246848423.0,shares,0
2020-03-05,110.8,113.37,106.03,111.52,108.18,2133647,235117603.0,shares,0
2020-03-06,108.31,109.3,103.84,105.43,111.52,2342943,248942399.0,shares,0
2020-03-09,100.94,102.02,91.5,91.83,105.43,3217761,310416986.0,shares,0
2020-03-10,92.15,110.2,92.15,110.2,91.83,5508358,563828286.0,shares,0
2020-03-11,110.4,119.68,107.81,112.6,110.2,6038105,688393003.0,shares,0
2020-03-12,105.36,120.98,101.0,112.5,112.6,5320126,603871845.0,shares,0
2020-03-13,107.09,135.0,107.09,131.85,112.5,7771222,973511549.0,shares,0
2020-03-16,131.0,136.98,124.01,128.99,131.85,6268454,816028812.0,shares,0
2020-03-17,135.93,142.05,131.72,136.1,128.99,7075071,975640891.0,shares,0
2020-03-18,138.5,138.5,125.85,126.11,136.1,5678871,750445499.0,shares,0
2020-03-19,125.3,131.55,118.0,129.54,126.11,4530398,571671942.0,shares,0
2020-03-20,129.69,130.89,115.2,115.2,129.54,4429484,548029269.0,shares,0
2020-03-23,108.0,109.8,99.07,102.3,115.2,4709750,490241889.0,shares,0
2020-03-24,106.1,116.7,102.55,116.7,102.3,5446348,589225412.0,shares,0
2020-03-25,121.0,129.9,116.6,118.6,116.7,5748048,708702307.0,shares,0
2020-03-26,114.98,127.55,114.3,124.13,118.6,4413488,541922512.0,shares,0
2020-03-27,126.5,128.8,115.6,117.26,124.13,3840147,464278049.0,shares,0
2020-03-30,112.0,124.88,106.0,121.82,117.26,5014960,594757926.0,shares,0
2020-03-31,124.12,128.7,117.28,121.0,121.82,4172562,513973275.0,shares,0
2020-04-01,119.6,127.32,119.6,122.6,121.0,4097869,508157074.0,shares,0
2020-04-02,122.79,142.79,118.1,136.41,122.6,6043383,768137523.0,shares,0
2020-04-03,131.61,137.84,129.15,131.0,136.41,4572622,608519041.0,shares,0
2020-04-07,137.09,138.28,129.5,130.83,131.0,4213623,563678942.0,shares,0
2020-04-08,129.0,135.0,127.0,130.22,130.83,3596212,471381628.0,shares,0
2020-04-09,130.86,131.45,122.81,123.1,130.22,3866104,484928550.0,shares,0
2020-04-10,123.1,125.88,113.18,115.7,123.1,3831710,454880155.0,shares,0
2020-04-13,113.5,121.0,111.99,117.65,115.7,2509841,294772375.0,shares,0
2020-04-14,118.98,122.5,117.47,121.86,117.65,2874684,346419722.0,shares,0
2020-04-15,120.6,126.85,119.7,120.98,121.86,3298468,405959105.0,shares,0
2020-04-16,117.0,123.3,116.2,118.74,120.98,2746019,327197569.0,shares,0
2020-04-17,120.5,127.68,118.8,121.42,118.74,4171099,514010200.0,shares,0
2020-04-20,120.11,122.52,116.57,118.58,121.42,2702111,320360507.0,shares,0
2020-04-21,117.11,118.11,111.11,113.1,118.58,2853899,325069354.0,shares,0
2020-04-22,111.5,118.58,111.0,116.93,113.1,2979467,346832730.0,shares,0
2020-04-23,116.5,118.5,113.1,113.49,116.93,2538860,292421656.0,shares,0
2020-04-24,113.52,118.6,112.52,115.45,113.49,2872089,333344836.0,shares,0
2020-04-27,113.0,113.0,104.0,105.4,115.45,3106584,332852504.0,shares,0
2020-04-28,102.98,106.88,92.11,102.7,105.4,2636579,267109146.0,shares,0
2020-04-29,100.2,103.76,96.4,96.51,102.7,2080862,208234116.0,shares,0
2020-04-30,97.19,109.19,97.19,105.96,96.51,3483649,360664115.0,shares,0
2020-05-06,103.5,126.49,103.5,122.28,105.96,5465013,641735263.0,shares,0
2020-05-07,121.03,124.79,117.22,117.36,122.28,3252979,389782196.0,shares,0
2020-05-08,118.69,128.2,116.65,124.48,117.36,5061362,622162542.0,shares,0
2020-05-11,123.2,131.0,121.0,124.5,124.48,3619041,452294545.0,shares,0
2020-05-12,122.7,123.99,116.78,120.75,124.5,2859106,343390465.0,shares,0
2020-05-13,122.0,126.75,121.28,122.2,120.75,2875530,356744477.0,shares,0
2020-05-14,120.0,128.0,119.1,122.45,122.2,3745665,465947454.0,shares,0
2020-05-15,125.0,142.0,124.1,134.5,122.45,7452840,992177902.0,shares,0
2020-05-18,140.0,143.33,133.01,137.66,134.5,6602260,914560319.0,shares,0
2020-05-19,136.33,159.01,134.96,153.2,137.66,7277784,1051450433.0,shares,0
2020-05-20,150.0,154.19,137.74,139.77,153.2,6177407,897501690.0,shares,0
2020-05-21,137.68,140.51,127.9,129.19,139.77,4475730,595838940.0,shares,0
2020-05-22,128.03,133.6,123.3,131.33,129.19,3679311,476875877.0,shares,0
2020-05-25,130.0,134.91,127.6,128.97,131.33,2645779,346884492.0,shares,0
2020-05-26,130.5,134.43,129.5,132.9,128.97,3215763,425444729.0,shares,0
2020-05-27,131.79,134.3,126.5,126.67,132.9,3302550,429503593.0,shares,0
2020-05-28,126.0,128.4,117.67,120.99,126.67,3381065,411816143.0,shares,0
2020-05-29,118.97,125.6,118.01,121.41,120.99,2769417,339725238.0,shares,0
2020-06-01,123.65,131.45,122.5,129.96,121.41,3696081,471616901.0,shares,0
2020-06-02,130.48,135.0,127.51,132.75,129.96,4246741,558582711.0,shares,0
2020-06-03,132.8,135.99,128.64,128.8,132.75,3849334,508869090.0,shares,0
2020-06-04,129.04,130.9,121.6,123.21,128.8,3099689,387538656.0,shares,0
2020-06-05,123.21,126.9,122.6,124.73,123.21,1941692,242050028.0,shares,0
2020-06-08,126.0,127.2,119.6,119.7,124.73,2353900,290783016.0,shares,0
2020-06-09,118.8,119.0,115.62,117.6,119.7,2204964,258776874.0,shares,0
2020-06-10,117.23,119.88,116.05,117.82,117.6,1685408,198823727.0,shares,0
2020-06-11,119.0,127.47,118.6,123.0,117.82,3600997,447566257.0,shares,0
2020-06-12,118.02,121.48,118.0,119.45,123.0,2187851,261253665.0,shares,0
2020-06-15,117.87,118.98,111.01,111.97,119.45,2770448,316623900.0,shares,0
2020-06-16,113.38,115.79,112.4,114.76,111.97,1896190,216317851.0,shares,0
2020-06-17,114.09,115.85,111.5,113.52,114.76,1517481,171881716.0,shares,0
2020-06-18,113.31,117.92,113.22,116.27,113.52,2367536,275481141.0,shares,0
2020-06-19,116.82,119.88,113.38,116.6,116.27,2268310,264321141.0,shares,0
2020-06-22,118.88,126.17,118.58,122.3,116.6,3535190,435667734.0,shares,0
2020-06-23,125.6,125.89,120.0,121.4,122.3,2440016,299631353.0,shares,0
2020-06-24,122.45,130.68,121.01,128.3,121.4,3950735,499579549.0,shares,0
2020-06-29,126.66,127.89,122.57,127.8,128.3,2619701,327885256.0,shares,0
2020-06-30,129.39,130.99,126.5,127.1,127.8,2681059,344269201.0,shares,0
2020-07-01,128.89,130.0,123.5,126.05,127.1,3227161,409532302.0,shares,0
2020-07-02,131.0,144.0,131.0,135.39,126.05,5770887,791888403.0,shares,0
2020-07-03,131.0,132.8,127.01,129.54,135.39,4344881,564148042.0,shares,0
2020-07-06,130.39,145.0,130.33,141.01,129.42,5665219,780855533.0,shares,0
2020-07-07,141.1,151.99,138.0,138.0,141.01,5626181,815607345.0,shares,0
2020-07-08,139.05,141.88,135.55,140.8,138.0,3425107,475479459.0,shares,0
2020-07-09,140.34,150.85,138.4,145.03,140.8,4381015,632512850.0,shares,0
2020-07-10,142.26,148.93,142.26,144.23,145.03,3795374,553532802.0,shares,0
2020-07-13,144.21,149.96,144.0,149.79,144.23,3796305,560100092.0,shares,0
2020-07-14,148.48,153.79,138.0,148.08,149.79,4717436,690977954.0,shares,0
2020-07-15,151.8,152.88,135.65,136.93,148.08,3907825,558733708.0,shares,0
2020-07-16,134.0,134.8,116.6,118.0,136.93,3660087,459220492.0,shares,0
2020-07-17,118.24,120.95,113.5,113.91,118.0,1934908,226163339.0,shares,0
2020-07-20,114.66,117.8,105.1,116.26,113.91,1863796,210953860.0,shares,0
2020-07-21,116.28,120.48,114.41,117.14,116.26,1783483,210240476.0,shares,0
2020-07-22,117.2,119.36,115.22,116.6,117.14,1609269,189839710.0,shares,0
2020-07-23,114.8,119.5,114.5,116.62,116.6,1662609,194147023.51,shares,0
2020-07-24,115.98,115.98,104.97,105.02,116.62,2202264,240929787.0,shares,0
2020-07-27,105.45,108.17,101.88,102.99,105.02,1270476,133157144.0,shares,0
2020-07-28,104.46,106.9,104.04,105.78,102.99,1011549,106494125.0,shares,0
2020-07-29,105.82,112.8,105.22,112.51,105.78,1557011,170868791.0,shares,0
2020-07-30,111.9,115.88,111.11,112.2,112.51,1478058,166749773.54,shares,0
2020-07-31,111.12,115.45,111.12,114.41,112.2,1653972,188341032.0,shares,0
2020-08-03,116.5,122.5,116.3,118.96,114.41,2156888,258201520.0,shares,0
2020-08-04,118.26,118.91,113.88,114.99,118.96,1641144,189974993.0,shares,0
2020-08-05,121.1,122.0,116.68,117.7,114.99,1699832,202434062.86,shares,0
2020-08-06,115.55,117.8,113.51,115.27,117.7,1363370,156864035.38,shares,0
2020-08-07,115.76,115.96,107.53,108.6,115.27,1606737,177980563.0,shares,0
2020-08-10,108.61,112.5,108.61,112.36,108.6,1289988,142907269.0,shares,0
2020-08-11,117.99,134.0,114.9,128.07,112.36,6073167,761155509.0,shares,0
2020-08-12,132.9,144.7,127.53,144.7,128.07,6907474,934357708.0,shares,0
2020-08-13,144.6,144.7,129.6,130.0,144.7,5127962,702159462.0,shares,0
2020-08-14,128.11,134.93,124.15,128.95,130.0,3455203,447658462.0,shares,0
2020-08-17,129.98,129.98,122.88,126.9,128.95,3183681,400265378.0,shares,0
2020-08-18,125.8,128.95,121.36,122.74,126.9,2866347,356293760.0,shares,0
2020-08-19,122.03,122.8,114.2,114.8,122.74,2357693,278134228.0,shares,0
2020-08-20,112.5,120.8,112.48,116.95,114.8,2356490,277943553.91,shares,0
2020-08-21,117.83,120.11,112.22,113.5,116.95,1843571,213397997.41,shares,0
2020-08-24,114.38,122.4,110.6,120.5,113.5,2547481,298970317.4,shares,0
2020-08-25,120.76,122.89,116.0,117.35,120.5,1768729,209643389.0,shares,0
2020-08-26,116.66,117.5,110.62,111.85,117.35,1894861,214037116.0,shares,0
2020-08-27,112.48,121.98,111.13,117.79,111.85,2718714,317422019.52,shares,0
2020-08-28,117.8,117.8,112.74,114.7,117.79,1738131,198813583.0,shares,0
2020-08-31,114.5,119.0,114.41,114.5,114.7,1452930,169046979.0,shares,0
2020-09-01,114.5,114.7,111.68,113.18,114.5,1102600,124459241.0,shares,0
2020-09-02,113.25,115.44,112.03,114.68,113.18,1139319,129603412.0,shares,0
2020-09-03,113.98,115.9,111.7,114.7,114.68,1205829,137449739.25,shares,0
2020-09-04,112.65,120.97,112.65,116.79,114.7,1889223,222540602.29,shares,0
2020-09-07,119.49,119.49,111.33,112.49,116.79,1772366,203838460.0,shares,0
2020-09-08,111.99,112.18,107.1,108.7,112.49,1440575,156879331.0,shares,0
2020-09-09,108.7,110.98,102.37,107.24,108.7,1448236,154556374.0,shares,0
2020-09-10,108.3,112.8,106.88,107.04,107.24,1190851,130932815.0,shares,0
2020-09-11,108.0,109.8,105.57,108.5,107.04,881506,95162575.0,shares,0
2020-09-14,108.7,112.8,107.38,108.55,108.5,1289572,141970942.89,shares,0
2020-09-15,109.6,118.1,106.33,113.99,108.55,2137477,241853763.0,shares,0
2020-09-16,112.6,114.89,109.7,110.35,113.99,1326495,148365256.0,shares,0
2020-09-17,110.88,115.97,109.93,114.69,110.35,1716053,195424480.0,shares,0
2020-09-18,114.43,115.8,112.6,114.96,114.69,1123625,128377799.0,shares,0
2020-09-21,117.72,117.72,111.78,112.68,114.96,937523,106740504.26,shares,0
2020-09-22,110.3,112.94,109.13,109.92,112.68,781904,86711334.22,shares,0
2020-09-23,110.47,114.83,109.64,112.98,109.92,1045094,117414796.0,shares,0
2020-09-24,112.0,113.99,109.8,109.81,112.98,743042,82882318.0,shares,0
2020-09-25,110.83,111.05,106.66,106.97,109.81,759686,82142951.75,shares,0
2020-09-28,107.99,107.99,104.08,104.21,106.97,680178,71705668.0,shares,0
2020-09-29,105.8,108.46,105.0,106.06,104.21,685772,73398408.38,shares,0
2020-09-30,106.44,110.45,106.44,107.16,106.06,851819,92047944.0,shares,0
2020-10-09,108.52,111.05,108.52,109.55,107.16,680256,74539117.31,shares,0
2020-10-12,109.55,114.66,108.11,113.48,109.55,1107161,124717795.0,shares,0
2020-10-13,112.5,114.9,111.75,112.66,113.48,775845,87518485.0,shares,0
2020-10-14,112.0,112.0,107.37,108.16,112.66,988856,107749700.69,shares,0
2020-10-15,108.12,112.49,106.0,106.15,108.16,1045341,113543203.31,shares,0
2020-10-16,106.72,108.0,104.85,105.19,106.15,709759,74991799.9,shares,0
2020-10-19,106.19,107.82,105.4,106.52,105.19,592186,63026043.0,shares,0
2020-10-20,106.51,106.52,102.4,105.0,106.52,903796,93857872.0,shares,0
2020-10-21,104.23,105.35,99.57,99.98,105.0,1332018,134966020.0,shares,0
2020-10-22,99.98,99.98,97.0,98.34,99.98,588280,58080964.59,shares,0
2020-10-23,99.4,100.86,94.0,94.12,98.34,930935,89759683.96,shares,0
2020-10-26,94.1,95.77,92.25,94.51,94.12,589241,55468088.0,shares,0
2020-10-27,94.0,95.33,93.1,94.01,94.51,548807,51643649.44,shares,0
2020-10-28,94.0,95.06,93.02,94.51,94.01,543312,51185336.22,shares,0
2020-10-29,99.99,103.28,99.01,100.0,94.51,1705299,171824774.0,shares,0
2020-10-30,102.55,115.0,100.38,107.18,100.0,2876901,308091706.0,shares,0
2020-11-02,107.35,110.95,104.0,108.02,107.18,1946966,209000166.76,shares,0
2020-11-03,108.44,112.0,106.0,108.95,108.02,1592865,174713750.61,shares,0
2020-11-04,108.95,110.0,106.11,106.18,108.95,1102484,118555406.89,shares,0
2020-11-05,107.68,109.4,106.03,108.5,106.18,1132868,122167428.25,shares,0
2020-11-06,107.46,108.88,105.26,106.01,108.5,1032267,110135307.77,shares,0
2020-11-09,106.77,117.8,106.76,115.5,106.01,3277958,374272447.18,shares,0
2020-11-10,113.72,114.97,111.4,111.65,115.5,1679932,189659802.29,shares,0
2020-11-11,113.0,113.0,103.2,103.48,111.65,1565749,166691854.41,shares,0
2020-11-12,105.3,105.8,101.18,101.85,103.48,1041007,106994800.01,shares,0
2020-11-13,101.01,104.49,101.01,103.07,101.85,666472,68680350.82,shares,0
2020-11-16,103.0,104.2,101.42,102.21,103.07,584746,59757314.19,shares,0
2020-11-17,102.52,104.36,98.5,103.7,102.21,1168515,118134061.42,shares,0
2020-11-18,103.0,104.88,102.0,102.77,103.7,787109,81278529.56,shares,0
2020-11-19,103.6,104.5,100.24,102.83,102.77,722640,74515976.0,shares,0
2020-11-20,102.39,103.78,102.0,102.96,102.83,545584,56063262.31,shares,0
2020-11-23,102.44,103.44,100.5,101.2,102.96,608006,61992846.88,shares,0
2020-11-24,101.2,103.67,100.68,101.2,101.2,671565,68550334.77,shares,0
2020-11-25,101.2,102.96,99.3,100.48,101.2,687875,69615913.4,shares,0
2020-11-26,100.1,101.22,98.5,98.61,100.48,629066,62509701.18,shares,0
2020-11-27,98.8,100.47,97.32,98.4,98.61,523613,51715307.25,shares,0
2020-11-30,99.7,101.58,97.0,99.5,98.4,702086,69962317.54,shares,0
2020-12-01,99.03,101.2,98.77,101.06,99.5,660085,66098251.69,shares,0
2020-12-02,102.0,103.8,100.5,102.04,101.06,798300,81413244.52,shares,0
2020-12-03,100.75,103.3,99.8,99.91,102.04,883935,89073681.93,shares,0
2020-12-04,99.5,100.3,98.1,98.26,99.91,599663,59184011.39,shares,0
2020-12-07,98.93,100.97,98.4,99.0,98.26,732734,72886761.78,shares,0
2020-12-08,99.0,99.0,95.88,96.2,99.0,858670,83238497.75,shares,0
2020-12-09,96.04,96.54,92.7,93.62,96.2,770050,72796973.95,shares,0
2020-12-10,93.63,96.03,93.63,95.09,93.62,605578,57591708.07,shares,0
2020-12-11,96.5,97.02,94.44,96.0,95.09,699251,66964075.92,shares,0
2020-12-14,96.86,96.87,93.39,94.2,96.0,678216,63972999.32,shares,0
2020-12-15,95.26,97.39,94.77,96.2,94.2,1052726,101238314.0,shares,0
2020-12-16,94.79,94.86,89.8,90.7,96.2,1509490,137829583.18,shares,0
2020-12-17,89.0,89.0,84.41,86.79,90.7,1555455,134277137.77,shares,0
2020-12-18,87.5,91.99,87.33,88.61,86.79,1407943,126353044.19,shares,0
2020-12-21,88.61,93.67,88.61,91.49,88.61,1176369,107954369.72,shares,0
2020-12-22,91.47,91.84,88.5,89.08,91.49,759659,68141517.57,shares,0
2020-12-23,87.71,89.29,86.71,87.3,89.08,870873,76473099.27,shares,0
2020-12-24,87.3,87.98,84.6,85.44,87.3,699142,59849865.58,shares,0
2020-12-25,85.44,85.44,81.98,82.8,85.44,896010,74277957.53,shares,0
2020-12-28,82.57,87.0,82.0,86.0,82.8,1358082,115822131.57,shares,0
2020-12-29,86.0,89.55,84.61,88.1,86.0,1164212,101885635.3,shares,0
2020-12-30,87.9,96.5,87.07,94.9,88.1,2288833,215645552.73,shares,0
2020-12-31,95.1,109.1,95.1,103.05,94.9,2861688,295083363.2,shares,0
2021-01-04,108.0,108.58,103.0,107.05,103.05,3043891,325455872.02,shares,0
2021-01-05,107.05,108.66,104.01,105.14,107.05,2147559,226839735.36,shares,0
2021-01-06,104.11,106.58,101.9,103.31,105.14,1183542,122962833.64,shares,0
2021-01-07,102.39,102.45,91.51,94.21,103.31,2521387,241690003.99,shares,0
2021-01-08,95.68,96.5,91.57,93.5,94.21,1472791,137703690.44,shares,0
2021-01-11,94.94,98.5,92.9,96.24,93.5,1759469,170180438.56,shares,0
2021-01-12,95.12,97.6,93.51,96.61,96.24,1425040,137011290.35,shares,0
2021-01-13,96.59,97.29,90.3,93.5,96.61,1505900,140511076.25,shares,0
2021-01-14,93.9,108.8,93.4,107.56,93.5,3291113,339447498.65,shares,0
2021-01-15,113.8,115.0,105.88,106.5,107.56,3369759,372284262.94,shares,0
2021-01-18,101.11,112.18,101.11,109.31,106.5,3246052,346096886.36,shares,0
2021-01-19,111.3,111.5,103.2,103.5,109.31,2092051,224808542.76,shares,0
2021-01-20,106.0,108.91,103.88,106.0,103.5,1923838,205887532.06,shares,0
2021-01-21,108.0,109.42,103.55,104.73,106.0,1338753,141956588.49,shares,0
2021-01-22,104.0,105.99,98.47,102.96,104.73,1494809,151910714.81,shares,0
2021-01-25,102.11,105.0,98.68,102.5,102.96,1295274,132331069.33,shares,0
2021-01-26,101.98,107.9,99.8,104.5,102.5,1924241,200338415.13,shares,0
2021-01-27,106.0,106.0,101.18,102.6,104.5,1028054,105335969.51,shares,0
2021-01-28,101.3,104.1,100.0,100.49,102.6,978291,99800598.0,shares,0
2021-01-29,101.47,102.36,98.06,102.36,100.49,971593,97589726.55,shares,0
2021-02-01,102.0,106.3,100.45,104.4,102.36,1035778,107955867.88,shares,0
2021-02-02,106.11,106.11,101.11,105.97,104.4,1056178,109394084.83,shares,0
2021-02-03,105.56,105.8,101.0,103.68,105.97,1068661,110119056.19,shares,0
2021-02-04,103.1,104.5,95.02,97.84,103.68,1145549,113140559.98,shares,0
2021-02-05,97.84,98.26,86.0,86.9,97.84,1533449,140067410.21,shares,0
2021-02-08,88.5,94.55,87.99,92.18,86.9,972591,89355408.41,shares,0
2021-02-09,93.56,95.44,91.26,94.5,92.18,682158,63936850.63,shares,0
2021-02-10,94.5,96.31,92.52,92.62,94.5,492474,46434447.13,shares,0
2021-02-18,92.23,98.65,92.23,96.26,92.62,685544,66419978.51,shares,0
2021-02-19,95.01,96.8,94.13,96.42,96.26,514388,49313542.15,shares,0
2021-02-22,97.8,98.8,92.07,95.35,96.42,526729,50237889.79,shares,0
2021-02-23,95.8,95.8,92.18,93.76,95.35,496980,46544632.92,shares,0
2021-02-24,94.43,96.2,92.8,93.5,93.76,498234,47157908.29,shares,0
2021-02-25,93.6,95.0,89.3,90.1,93.5,617273,56246282.08,shares,0
2021-02-26,89.86,92.4,86.61,90.55,90.1,652785,58853310.13,shares,0
2021-03-01,92.36,93.36,90.55,93.25,90.55,425396,39225376.76,shares,0
2021-03-02,94.36,95.96,91.1,92.46,93.25,597221,56121390.19,shares,0
2021-03-03,91.64,92.27,90.5,92.0,92.46,366477,33440530.09,shares,0
2021-03-04,91.89,94.5,90.56,90.77,92.0,459413,42471846.06,shares,0
2021-03-05,91.2,91.55,89.01,90.5,90.77,403750,36451981.21,shares,0
2021-03-08,90.5,91.65,86.8,86.97,90.5,573216,50763210.6,shares,0
2021-03-09,87.25,88.44,82.15,82.45,86.97,748961,63319438.71,shares,0
2021-03-10,84.3,84.3,82.2,83.15,82.45,339099,28194909.7,shares,0
2021-03-11,83.4,86.95,81.32,85.7,83.15,542686,45731007.05,shares,0
2021-03-12,85.8,85.8,83.1,83.42,85.7,485640,40618433.54,shares,0
2021-03-15,83.5,83.58,80.62,81.28,83.42,433489,35393623.17,shares,0
2021-03-16,82.38,82.5,80.25,80.56,81.28,334791,27104589.03,shares,0
2021-03-17,80.42,81.93,80.1,81.06,80.56,359139,29147725.17,shares,0
2021-03-18,81.9,81.9,80.15,80.58,81.06,353839,28554628.13,shares,0
2021-03-19,80.15,80.88,79.1,80.88,80.58,403958,32371230.63,shares,0
2021-03-22,80.5,82.9,79.52,81.36,80.88,537609,43647428.89,shares,0
2021-03-23,81.35,85.4,81.35,84.08,81.36,810114,68082666.84,shares,0
2021-03-24,83.02,83.89,80.1,80.2,84.08,517849,42199308.37,shares,0
2021-03-25,80.19,81.27,79.59,79.77,80.2,325312,26079125.37,shares,0
2021-03-26,79.5,82.55,78.79,81.31,79.77,383158,30955500.39,shares,0
2021-03-29,81.32,82.1,79.82,79.86,81.31,357130,28866287.76,shares,0
2021-03-30,79.99,80.0,78.88,78.99,79.86,383004,30330961.13,shares,0
2021-03-31,78.91,79.24,75.5,76.65,78.99,689908,52820956.39,shares,0
2021-04-01,76.64,79.8,76.55,78.87,76.65,617859,48530595.67,shares,0
2021-04-02,79.64,82.65,79.56,82.12,78.87,880596,71872485.06,shares,0
2021-04-06,83.5,84.8,81.82,82.21,82.12,1068064,88964320.63,shares,0
2021-04-07,84.28,85.57,81.8,84.38,82.21,990519,82828825.42,shares,0
2021-04-08,83.35,84.3,81.92,82.87,84.38,699129,57987959.7,shares,0
2021-04-09,82.43,84.29,81.22,81.93,82.87,448786,36976776.34,shares,0
2021-04-12,81.92,82.51,80.1,80.39,81.93,318730,25888813.49,shares,0
2021-04-13,78.9,80.88,78.36,79.4,80.39,247479,19719573.13,shares,0
2021-04-14,79.53,80.55,78.74,80.19,79.4,301050,23955486.71,shares,0
2021-04-15,79.21,80.8,77.81,80.18,80.19,381831,30184347.81,shares,0
2021-04-16,80.39,81.0,79.0,79.81,80.18,253336,20194694.98,shares,0
2021-04-19,79.81,84.49,79.81,84.22,79.81,841293,70032523.28,shares,0
2021-04-20,83.83,84.47,82.08,82.23,84.22,541376,45105111.58,shares,0
2021-04-21,82.9,83.6,81.2,81.59,82.23,262285,21441190.36,shares,0
2021-04-22,81.6,83.69,80.5,82.72,81.59,420507,34733317.36,shares,0
2021-04-23,82.42,83.47,81.26,82.87,82.72,352530,29062438.09,shares,0
2021-04-26,83.37,86.47,83.1,86.1,82.87,1048967,89538038.03,shares,0
2021-04-27,85.39,85.39,81.0,82.02,86.1,799749,66039905.91,shares,0
2021-04-28,81.82,82.75,78.73,80.25,81.82,499968,39911496.47,shares,0
2021-04-29,80.4,83.46,80.24,80.7,80.25,398424,32658866.7,shares,0
2021-04-30,80.8,83.19,78.8,80.4,80.7,620221,50358500.42,shares,0
2021-05-06,80.1,83.6,80.0,83.35,80.4,674016,55802530.65,shares,0
2021-05-07,83.3,83.95,81.61,82.21,83.35,443387,36572637.51,shares,0
2021-05-10,81.51,83.49,79.88,80.78,82.21,327243,26579231.48,shares,0
2021-05-11,80.4,81.38,78.0,79.44,80.78,435640,34513027.56,shares,0
2021-05-12,82.3,82.3,80.1,81.45,79.44,383011,31049891.99,shares,0
2021-05-13,80.8,83.83,80.0,82.0,81.45,452107,37215117.86,shares,0
2021-05-14,82.0,83.84,81.05,83.35,82.0,530694,43838595.29,shares,0
2021-05-17,82.85,85.43,82.85,85.0,83.35,885219,75067056.15,shares,0
2021-05-18,84.82,84.82,83.2,84.07,85.0,588302,49323154.29,shares,0
2021-05-19,84.08,88.88,83.99,87.3,84.07,1262881,109972160.78,shares,0
2021-05-20,88.0,90.36,85.92,89.97,87.3,1226122,108787772.52,shares,0
2021-05-21,89.96,91.5,88.52,90.28,89.97,974180,88262796.46,shares,0
2021-05-24,90.73,93.0,87.0,92.5,90.28,901032,81711173.68,shares,0
2021-05-25,92.3,93.7,91.51,91.88,92.5,569637,52689637.17,shares,0
2021-05-26,92.0,94.5,91.3,91.98,91.88,563699,52291516.85,shares,0
2021-05-27,92.8,105.0,91.46,101.5,91.98,2181114,218369792.29,shares,0
2021-05-28,100.37,104.49,99.31,100.84,101.5,1878863,192435823.57,shares,0
2021-05-31,103.57,108.13,103.55,106.45,100.84,1506429,160720049.69,shares,0
2021-06-01,106.48,112.94,103.66,109.5,106.45,1637912,179238483.87,shares,0
2021-06-02,109.49,110.08,102.88,107.0,109.5,1853402,197990141.25,shares,0
2021-06-03,105.8,107.95,103.71,104.19,107.0,784859,83073781.09,shares,0
2021-06-04,102.0,107.44,101.0,105.7,104.19,1081876,113744665.34,shares,0
2021-06-07,109.9,118.0,109.9,116.64,105.7,2043842,235816923.54,shares,0
2021-06-08,117.01,117.49,110.56,114.66,116.64,1463286,167077927.16,shares,0
2021-06-09,115.65,115.65,111.11,113.6,114.66,746908,84448044.24,shares,0
2021-06-10,113.08,121.93,112.81,119.42,113.6,1825844,216543540.46,shares,0
2021-06-11,121.18,121.18,116.05,116.48,119.42,909758,107585771.51,shares,0
2021-06-15,111.48,120.64,111.48,117.4,116.48,1187604,139262624.49,shares,0
2021-06-16,119.55,126.28,117.88,118.79,117.4,1852745,225669241.18,shares,0
2021-06-17,117.92,131.24,117.01,129.89,118.79,2050682,257473651.95,shares,0
2021-06-18,130.33,142.0,130.33,138.93,129.89,3050709,417522970.69,shares,0
2021-06-21,141.97,145.58,136.07,138.0,138.93,1657564,232237634.01,shares,0
2021-06-22,138.51,140.1,132.0,139.61,138.0,1335285,182062636.07,shares,0
2021-06-23,135.5,144.77,134.0,139.06,139.61,1804436,253233555.94,shares,0
2021-06-24,135.5,137.63,130.0,133.59,139.06,1392109,185841531.54,shares,0
2021-06-25,135.0,137.29,129.3,131.1,133.59,1750653,231232502.2,shares,0
2021-06-28,130.5,141.3,130.5,137.3,131.1,1747560,240119492.32,shares,0
2021-06-29,135.2,138.88,131.01,132.06,137.3,1366325,182770182.33,shares,0
2021-06-30,152.01,152.88,141.0,149.0,132.06,3241092,481524944.22,shares,0
2021-07-01,149.6,150.0,138.2,139.57,149.0,2142874,303660293.84,shares,0
2021-07-02,132.93,140.0,132.0,134.32,139.57,1513324,205175536.93,shares,0
2021-07-05,131.93,161.18,131.5,161.18,134.32,3263122,485578113.07,shares,0
2021-07-06,168.02,184.82,164.26,168.2,161.18,3994538,689741646.72,shares,0
2021-07-07,174.28,178.0,163.35,176.4,168.2,2369233,410686297.0,shares,0
2021-07-08,170.97,182.0,170.97,174.8,176.4,2081248,366441575.11,shares,0
2021-07-09,175.0,185.8,173.89,182.03,174.8,2151230,389041973.4,shares,0
2021-07-12,181.89,186.88,171.85,186.13,182.03,2221865,398101105.19,shares,0
2021-07-13,180.91,185.0,174.0,180.37,186.13,2023327,362426592.47,shares,0
2021-07-14,177.0,181.0,171.08,174.2,180.37,1322676,233110778.88,shares,0
2021-07-15,172.0,186.18,171.0,182.4,174.2,1424040,253926632.37,shares,0
2021-07-16,184.69,216.0,181.99,194.99,182.4,2570525,516816518.93,shares,0
2021-07-19,198.1,200.08,187.0,194.01,194.99,1223085,238109468.57,shares,0
2021-07-20,194.67,200.98,181.0,199.48,194.01,1700767,324580380.63,shares,0
2021-07-21,198.5,239.38,197.5,239.38,199.48,2507366,564051020.86,shares,0
2021-07-22,245.06,280.0,236.8,273.97,239.38,3843820,973091379.37,shares,0
2021-07-23,258.0,263.95,248.0,255.7,273.97,3227362,820947300.63,shares,0
2021-07-26,256.0,271.0,244.0,270.99,255.7,2909013,738806921.91,shares,0
2021-07-27,265.0,302.35,260.2,261.68,270.99,3166288,876176195.94,shares,0
2021-07-28,249.99,254.05,235.18,239.5,261.68,2633380,646395999.39,shares,0
2021-07-29,249.66,287.4,243.33,280.0,239.5,3053422,807944599.19,shares,0
2021-07-30,273.93,301.0,254.26,283.0,280.0,3564628,996010863.15,shares,0
2021-08-02,270.0,287.0,264.01,267.5,283.0,2270662,618148777.87,shares,0
2021-08-03,261.0,261.0,214.0,214.6,267.5,3969527,917235683.3,shares,0
2021-08-04,215.1,226.8,205.0,221.5,214.6,4573250,991713569.11,shares,0
2021-08-05,221.0,236.9,216.35,228.74,221.5,3618956,829553281.64,shares,0
2021-08-06,234.8,247.53,228.0,235.01,228.74,2326996,551710698.78,shares,0
2021-08-09,223.75,246.3,205.11,229.9,235.01,3755844,832322624.58,shares,0
2021-08-10,230.52,237.47,208.25,217.0,229.9,2692988,592457484.54,shares,0
2021-08-11,214.0,235.94,212.1,224.9,217.0,3162172,707159794.98,shares,0
2021-08-12,222.0,238.0,222.0,230.33,224.9,2410821,563970624.98,shares,0
2021-08-13,231.28,232.04,215.01,224.18,230.33,1803393,403677741.14,shares,0
2021-08-16,215.51,221.81,205.21,213.07,224.18,2887067,616162865.09,shares,0
2021-08-17,210.48,218.98,201.0,202.51,213.07,2402031,497014376.94,shares,0
2021-08-18,206.55,215.76,205.09,212.62,202.51,2418562,509688429.86,shares,0
2021-08-19,212.62,228.6,209.58,220.2,212.62,2135510,469939403.0,shares,0
2021-08-20,225.0,225.0,210.5,214.02,220.2,1623269,350317290.86,shares,0
2021-08-23,214.02,247.62,214.02,243.63,214.02,2807158,657111400.32,shares,0
2021-08-24,234.45,262.19,229.54,246.72,243.63,2564156,629660361.24,shares,0
2021-08-25,240.01,258.0,237.03,244.05,246.72,1693995,417517156.06,shares,0
2021-08-26,245.66,248.9,227.5,234.12,244.05,1792389,424723403.47,shares,0
2021-08-27,229.92,238.46,226.01,227.02,234.12,1431607,330783290.87,shares,0
2021-08-30,226.93,235.57,215.54,220.0,227.02,2004663,448418397.04,shares,0
2021-08-31,221.23,226.0,215.0,220.24,220.0,1517557,335388943.8,shares,0
2021-09-01,215.12,220.6,205.0,215.5,220.24,1942833,410821710.18,shares,0
2021-09-02,214.14,214.14,195.09,198.0,215.5,2337634,468622734.44,shares,0
2021-09-03,198.0,204.6,182.23,197.03,198.0,3167004,610491408.6,shares,0
2021-09-06,192.22,209.33,183.28,203.0,197.03,2084357,414851772.88,shares,0
2021-09-07,200.02,207.8,198.0,202.41,203.0,1051553,213090876.1,shares,0
2021-09-08,204.49,212.65,200.39,203.0,202.41,1454950,300909983.35,shares,0
2021-09-09,204.82,208.82,198.23,204.01,203.0,1425238,289190651.01,shares,0
2021-09-10,202.68,232.02,197.42,229.0,204.01,2412477,525001428.99,shares,0
2021-09-13,221.63,230.6,212.0,217.98,229.0,2209520,489587490.07,shares,0
2021-09-14,220.99,238.81,216.43,237.65,217.98,1850422,428808822.17,shares,0
2021-09-15,230.49,257.99,227.02,248.99,237.65,1797686,438183588.59,shares,0
2021-09-16,239.0,246.73,226.0,231.2,248.99,1414483,331670315.32,shares,0
2021-09-17,233.2,238.7,216.66,228.53,231.2,1084407,246149216.17,shares,0
2021-09-22,225.96,255.0,220.11,248.56,228.53,1688688,413865321.38,shares,0
2021-09-23,253.97,262.08,238.0,253.78,248.56,1895236,478715248.13,shares,0
2021-09-24,248.0,261.92,247.11,248.15,253.78,1445611,366117449.06,shares,0
2021-09-27,247.69,266.6,240.58,242.2,248.15,1385122,349524742.45,shares,0
2021-09-28,237.88,253.58,234.24,236.01,242.2,1240431,300329696.95,shares,0
2021-09-29,235.26,239.0,223.0,230.73,236.01,1069919,246739056.77,shares,0
2021-09-30,235.61,251.58,226.85,244.1,230.73,1164833,282482928.79,shares,0
2021-10-08,252.87,253.0,230.33,233.34,244.1,1210395,288196119.89,shares,0
2021-10-11,232.76,234.5,203.81,206.0,233.34,2336056,503656171.47,shares,0
2021-10-12,207.99,215.0,203.88,209.13,206.0,1988058,417212999.76,shares,0
2021-10-13,211.88,212.77,201.12,206.01,209.13,1096195,224907119.84,shares,0
2021-10-14,203.0,210.88,197.62,200.22,206.01,1360120,274272379.94,shares,0
2021-10-15,201.96,208.12,195.05,203.46,200.22,1420513,287323873.89,shares,0
2021-10-18,201.0,202.15,190.02,196.08,203.46,1794481,348562903.48,shares,0
2021-10-19,196.44,202.49,194.46,194.88,196.08,840941,165834168.33,shares,0
2021-10-20,196.99,196.99,190.3,193.68,194.88,1034245,200570100.88,shares,0
2021-10-21,193.27,198.02,191.0,192.0,193.68,733465,141611645.06,shares,0
2021-10-22,194.45,207.99,191.99,198.0,192.0,1515369,304477837.87,shares,0
2021-10-25,198.0,211.0,196.01,204.8,198.0,1084512,223058365.66,shares,0
2021-10-26,204.0,214.83,201.0,202.02,204.8,1038695,214689939.66,shares,0
2021-10-27,202.02,205.49,196.51,198.47,202.02,702622,140347083.17,shares,0
2021-10-28,195.14,202.0,189.01,189.66,198.47,1157459,223060757.24,shares,0
2021-10-29,191.22,204.18,187.0,197.32,189.66,1191164,235717796.99,shares,0
2021-11-01,186.22,200.84,186.22,187.64,197.32,2340850,448209042.44,shares,0
2021-11-02,187.64,199.87,186.3,191.77,187.64,1681809,326580837.38,shares,0
2021-11-03,192.0,204.0,190.0,194.83,191.77,1644846,322072199.41,shares,0
2021-11-04,194.8,202.1,193.0,195.99,194.83,1266447,250308784.72,shares,0
2021-11-05,200.0,205.77,190.18,190.91,195.99,1621155,317201552.22,shares,0
2021-11-08,188.0,192.17,169.0,180.15,190.91,2568086,452521184.48,shares,0
2021-11-09,178.95,193.93,177.0,191.1,180.15,2148124,403506271.18,shares,0
2021-11-10,190.14,203.0,185.72,199.96,191.1,2242893,436802750.78,shares,0
2021-11-11,202.98,239.95,202.98,239.95,199.96,3421797,772697167.5,shares,0
2021-11-12,239.96,248.0,229.01,233.66,239.95,2807755,662608269.14,shares,0
2021-11-15,237.0,237.0,220.67,221.0,233.66,1558333,350090567.22,shares,0
2021-11-16,216.6,220.99,212.7,213.85,221.0,1551185,334690753.4,shares,0
2021-11-17,216.88,216.88,208.7,214.44,213.85,1353331,288200714.22,shares,0
2021-11-18,214.97,214.97,204.5,207.09,214.44,1273628,265007452.0,shares,0
2021-11-19,206.74,211.0,205.0,208.25,207.09,962449,199852908.15,shares,0
2021-11-22,208.34,221.49,206.01,218.25,208.25,1902092,410987563.79,shares,0
2021-11-23,216.0,227.0,212.88,219.0,218.25,1875931,411840995.34,shares,0
2021-11-24,215.94,235.45,215.2,225.01,219.0,1679009,382724421.57,shares,0
2021-11-25,223.0,237.0,221.0,230.11,225.01,1602830,370699377.58,shares,0
2021-11-26,228.24,231.0,219.51,225.15,230.11,1230597,275640586.66,shares,0
2021-11-29,218.0,229.0,216.74,223.89,225.15,981557,219071680.76,shares,0
2021-11-30,225.89,227.3,214.5,219.0,223.89,1391838,306001093.55,shares,0
2021-12-01,217.01,227.32,217.0,221.15,219.0,1164355,258865237.66,shares,0
2021-12-02,222.48,224.93,213.6,214.02,221.15,1113572,242731155.83,shares,0
2021-12-03,213.05,224.18,213.05,219.5,214.02,1107790,243764609.67,shares,0
2021-12-06,221.0,225.88,216.0,217.65,219.5,858195,188744367.56,shares,0
2021-12-07,219.17,219.91,212.81,217.62,217.65,1174263,253807857.11,shares,0
2021-12-08,220.0,223.99,212.37,215.86,217.62,1152257,248282382.49,shares,0
2021-12-09,213.5,213.88,202.62,209.23,215.86,1507915,314173988.56,shares,0
2021-12-10,205.1,210.0,203.08,205.1,209.23,1463329,299435002.76,shares,0
2021-12-13,204.0,212.59,203.6,210.34,205.1,1212751,252752156.16,shares,0
2021-12-14,211.6,212.12,198.16,199.5,210.34,1657917,336671734.12,shares,0
2021-12-15,202.7,210.77,199.69,207.0,199.5,1570466,323074212.34,shares,0
2021-12-16,205.0,222.74,203.0,210.63,207.0,1518648,324191825.01,shares,0
2021-12-17,210.0,210.24,194.0,194.36,210.63,1479366,292160523.48,shares,0
2021-12-20,192.1,195.68,191.0,192.93,194.36,1258211,243138890.38,shares,0
2021-12-21,195.0,195.43,186.5,188.71,192.93,960588,181915601.94,shares,0
2021-12-22,187.5,191.38,181.94,183.42,188.71,1427888,263823836.52,shares,0
2021-12-23,183.0,184.0,174.0,180.0,183.42,1546244,274923247.67,shares,0
2021-12-24,179.0,180.8,170.5,170.65,180.0,1081533,187860604.12,shares,0
2021-12-27,171.03,173.0,165.15,168.87,170.65,1247231,209913543.07,shares,0
2021-12-28,165.5,170.42,164.81,168.8,168.87,874906,146115711.49,shares,0
2021-12-29,171.5,176.16,164.14,167.01,168.8,1062101,177375039.97,shares,0
2021-12-30,167.99,173.45,165.03,172.1,167.01,1151964,197152646.85,shares,0
2021-12-31,172.1,172.8,165.5,168.8,172.1,1329718,223216706.18,shares,0
2022-01-04,169.58,170.42,160.0,163.6,168.8,1198721,196201387.85,shares,0
2022-01-05,163.19,163.9,154.66,155.0,163.6,1418099,223570507.41,shares,0
2022-01-06,154.95,157.3,153.2,154.68,155.0,1076902,167224964.9,shares,0
2022-01-07,155.18,156.77,149.2,150.5,154.68,1196485,182078310.9,shares,0
2022-01-10,151.6,151.79,143.46,145.46,150.5,1930690,282856391.19,shares,0
2022-01-11,144.99,147.88,136.87,139.85,145.46,2310033,323650447.93,shares,0
2022-01-12,142.55,142.96,139.1,142.0,139.85,1412584,199157759.87,shares,0
2022-01-13,142.0,142.0,135.71,136.06,142.0,817440,112288724.12,shares,0
2022-01-14,136.08,141.31,135.03,138.0,136.06,1746180,242244866.94,shares,0
2022-01-17,138.93,155.8,137.47,150.75,138.0,3319740,494246087.88,shares,0
2022-01-18,153.5,157.59,146.29,150.22,150.75,2873829,439302176.2,shares,0
2022-01-19,149.86,152.34,141.9,142.88,150.22,1776255,257010669.62,shares,0
2022-01-20,142.88,144.5,137.22,138.01,142.88,1097254,153493433.91,shares,0
2022-01-21,138.96,140.99,135.0,138.58,138.01,1154944,159602826.28,shares,0
2022-01-24,138.58,151.25,138.0,150.5,138.58,2124598,312603115.7,shares,0
2022-01-25,150.55,152.95,144.1,145.44,150.5,1720898,253819431.03,shares,0
2022-01-26,145.73,151.0,140.77,148.71,145.44,1735481,255628322.38,shares,0
2022-01-27,149.49,151.0,140.72,140.72,148.71,1135544,164607723.46,shares,0
2022-01-28,142.5,148.8,141.18,141.83,140.72,1270294,183188286.08,shares,0
2022-02-07,144.0,149.0,137.03,138.29,141.83,1183043,166635172.25,shares,0
2022-02-08,138.19,139.79,132.0,135.0,138.29,951734,128771009.59,shares,0
2022-02-09,135.01,136.09,131.2,135.98,135.0,936123,125362697.19,shares,0
2022-02-10,134.5,136.03,127.17,129.79,135.98,1090215,142021910.61,shares,0
2022-02-11,129.79,131.31,124.06,124.95,129.79,941803,119787442.2,shares,0
2022-02-14,123.05,124.78,120.49,122.5,124.95,1004083,123067927.26,shares,0
2022-02-15,124.0,129.99,122.57,129.71,122.5,1064364,135528256.06,shares,0
2022-02-16,130.81,137.8,130.76,132.65,129.71,1534278,205568014.98,shares,0
2022-02-17,132.65,141.88,130.99,138.76,132.65,1459900,200608800.27,shares,0
2022-02-18,137.99,138.57,134.5,134.61,138.76,735918,99702835.31,shares,0
2022-02-21,135.41,138.15,133.0,133.38,134.61,685354,92736455.6,shares,0
2022-02-22,133.27,135.95,128.67,135.0,133.38,680930,90500263.54,shares,0
2022-02-23,133.83,162.0,133.83,162.0,135.0,3504740,544819323.28,shares,0
2022-02-24,164.51,171.69,160.0,163.01,162.0,4686107,774502860.21,shares,0
2022-02-25,170.0,172.5,160.11,162.0,163.01,2869398,476541313.06,shares,0
2022-02-28,161.98,164.49,154.0,159.36,162.0,2655132,420911952.0,shares,0
2022-03-01,157.34,164.88,157.34,163.27,159.36,1941693,314749856.0,shares,0
2022-03-02,160.9,161.79,153.12,158.9,163.27,1984933,310991872.0,shares,0
2022-03-03,162.0,162.73,154.99,155.07,158.9,1321473,207353766.0,shares,0
2022-03-04,154.13,163.5,153.17,155.68,155.07,1525482,241289130.0,shares,0
2022-03-07,154.54,156.98,149.6,150.7,155.68,1474847,223770589.0,shares,0
2022-03-08,151.88,169.92,150.55,160.64,150.7,2492577,396621808.0,shares,0
2022-03-09,162.45,170.87,158.01,166.0,160.64,2672073,439005664.0,shares,0
2022-03-10,171.0,177.0,162.11,162.72,166.0,3228619,548580384.0,shares,0
2022-03-11,163.0,165.33,151.01,162.65,162.72,2443075,385850640.0,shares,0
2022-03-14,158.8,158.8,152.16,154.8,162.65,1238566,192358288.0,shares,0
2022-03-15,151.0,172.99,150.01,160.01,154.8,2384942,386862032.0,shares,0
2022-03-16,164.81,172.04,163.26,171.63,160.01,2895170,489538800.0,shares,0
2022-03-17,173.63,185.0,170.0,170.65,171.63,3391271,601066768.0,shares,0
2022-03-18,170.0,176.74,167.01,170.31,170.65,1731809,297673319.47,shares,0
2022-03-21,170.3,178.84,166.2,174.68,170.31,2092315,360836591.79,shares,0
2022-03-22,173.02,174.99,168.3,168.5,174.68,1357099,232325328.04,shares,0
2022-03-23,169.98,169.98,163.0,167.28,168.5,1225120,203336785.23,shares,0
2022-03-24,164.52,166.09,156.1,159.9,167.28,1623010,259425025.66,shares,0
2022-03-25,159.66,164.91,156.01,156.5,159.9,1207565,191858080.98,shares,0
2022-03-28,155.0,160.86,152.05,156.5,156.5,1087962,171047750.23,shares,0
2022-03-29,158.99,159.97,148.25,148.68,156.5,1299753,198957674.46,shares,0
2022-03-30,151.65,156.93,149.0,154.69,148.68,1756226,269415762.68,shares,0
2022-03-31,153.51,153.8,149.06,149.62,154.69,949582,143417086.18,shares,0
2022-04-01,149.62,150.0,144.82,145.09,149.62,1420376,208323981.0,shares,0
2022-04-06,142.33,143.52,138.0,141.75,145.09,1462304,205819948.16,shares,0
2022-04-07,140.42,142.99,137.52,137.6,141.75,914102,127677340.22,shares,0
2022-04-08,138.27,141.01,133.47,137.79,137.6,1214863,167209256.26,shares,0
2022-04-11,136.42,138.38,129.49,129.49,137.79,1195535,157920077.13,shares,0
2022-04-12,132.0,133.68,124.86,127.29,129.49,1140840,145913178.13,shares,0
2022-04-13,127.07,127.07,120.68,121.04,127.29,1447948,178479673.35,shares,0
2022-04-14,122.15,132.86,116.6,127.22,121.04,2669700,328603611.62,shares,0
2022-04-15,123.2,126.99,119.85,126.01,127.22,1417033,175333436.84,shares,0
2022-04-18,123.46,131.0,123.46,128.98,126.01,1685538,216066803.47,shares,0
2022-04-19,127.31,129.0,122.38,122.96,128.98,1227657,153036021.1,shares,0
2022-04-20,123.93,125.94,121.0,121.31,122.96,897607,110316403.04,shares,0
2022-04-21,120.01,122.97,115.18,115.34,121.31,1427987,169176924.73,shares,0
2022-04-22,113.0,117.01,108.11,108.98,115.04,1310652,146719146.74,shares,0
2022-04-25,110.61,110.61,98.19,98.19,108.98,1759949,180190091.85,shares,0
2022-04-26,99.8,99.8,92.05,93.83,98.19,1368246,131843267.53,shares,0
2022-04-27,91.7,101.52,91.35,100.11,93.83,1628482,157738109.01,shares,0
2022-04-28,103.0,108.0,101.52,103.47,100.11,2377437,247723208.02,shares,0
2022-04-29,104.2,107.6,100.66,106.23,103.47,1991359,206537906.73,shares,0
2022-05-05,106.0,109.66,104.71,107.11,106.23,1552367,166308334.88,shares,0
2022-05-06,101.5,112.2,101.15,108.08,107.11,1676048,180033850.78,shares,0
2022-05-09,105.92,110.0,105.03,106.6,108.08,952360,101891247.39,shares,0
2022-05-10,104.6,122.49,103.75,113.27,106.6,3538334,407414562.21,shares,0
2022-05-11,112.67,120.98,110.7,116.32,113.27,2847236,333257315.54,shares,0
2022-05-12,115.0,121.8,114.43,118.37,116.32,1838239,216617281.0,shares,0
2022-05-13,119.57,121.55,116.4,118.34,118.37,1102211,130056708.82,shares,0
2022-05-16,121.0,123.13,117.58,118.3,118.34,1304502,156348098.77,shares,0
2022-05-17,120.67,125.88,116.57,125.02,118.3,1935244,238045664.27,shares,0
2022-05-18,125.72,129.88,123.73,125.66,125.02,1730768,220492746.96,shares,0
2022-05-19,123.01,134.3,123.0,132.77,125.66,2030083,265021464.46,shares,0
2022-05-20,132.0,133.21,128.1,132.36,132.77,1531642,200160824.6,shares,0
2022-05-23,133.06,135.0,129.37,134.55,132.36,1384682,183355561.41,shares,0
2022-05-24,133.0,136.83,127.78,128.28,134.55,1639463,216966680.84,shares,0
2022-05-25,127.4,133.27,126.33,128.32,128.28,1218564,157295877.26,shares,0
2022-05-26,129.0,129.95,124.08,126.61,128.32,1191026,151385848.83,shares,0
2022-05-27,127.5,131.0,125.55,126.09,126.61,1053799,135208165.53,shares,0
2022-05-30,126.09,129.1,125.08,128.01,126.09,1125933,143161677.98,shares,0
2022-05-31,127.0,138.0,123.4,135.09,128.01,2618002,345102088.55,shares,0
2022-06-01,134.0,144.08,131.52,138.3,135.09,2975984,409739744.71,shares,0
2022-06-02,140.01,156.87,136.0,152.03,138.3,3545589,526226482.68,shares,0
2022-06-06,152.6,163.76,152.44,157.6,152.03,3445776,547677091.75,shares,0
2022-06-07,153.01,155.8,148.01,152.6,157.6,2844615,431752563.12,shares,0
2022-06-08,150.91,153.5,145.5,148.03,152.6,2063987,307231625.2,shares,0
2022-06-09,148.0,148.18,140.66,142.01,148.03,1713130,245182941.17,shares,0
2022-06-10,141.17,147.91,137.69,145.0,142.01,2242617,319630065.02,shares,0
2022-06-13,142.01,147.02,141.94,146.01,145.0,1268790,183347602.31,shares,0
2022-06-14,144.18,144.99,133.9,136.6,146.01,2462108,338585705.24,shares,0
2022-06-15,135.6,140.48,134.32,136.3,136.6,2003745,275638495.76,shares,0
2022-06-16,136.31,144.88,135.14,142.03,136.3,2069430,293880420.28,shares,0
2022-06-17,140.6,144.2,138.61,143.9,142.03,1554619,220856971.78,shares,0
2022-06-20,144.06,146.01,138.8,141.25,143.9,1680236,238445526.51,shares,0
2022-06-21,142.2,142.2,135.5,138.34,141.25,1722995,237867946.74,shares,0
2022-06-22,138.0,140.01,132.3,132.6,138.34,1823636,245749879.07,shares,0
2022-06-23,132.32,138.49,132.32,138.45,132.6,1806958,247556103.95,shares,0
2022-06-24,140.09,141.61,136.2,137.97,138.45,1287714,178383114.56,shares,0
2022-06-27,139.5,150.0,139.0,148.92,137.97,3016227,438198787.38,shares,0
2022-06-28,147.36,151.66,143.0,149.95,148.92,2759825,404705100.76,shares,0
2022-06-29,149.0,152.66,144.2,144.2,149.95,1971969,291405774.82,shares,0
2022-06-30,143.0,146.99,140.8,144.97,144.2,1972411,284316022.12,shares,0
2022-07-01,144.8,147.2,142.0,143.6,144.97,1402934,201752826.18,shares,0
2022-07-04,142.49,142.49,130.6,132.01,143.6,2776482,369112074.91,shares,0
2022-07-05,132.01,137.85,129.46,131.97,132.01,2392601,319052727.1,shares,0
2022-07-06,133.33,149.8,131.8,143.39,131.97,4327416,619714358.77,shares,0
2022-07-07,145.2,146.0,138.74,140.4,143.39,1868859,263389898.0,shares,0
2022-07-08,141.0,149.99,140.0,146.5,140.4,2903716,423410422.64,shares,0
2022-07-11,145.5,149.39,141.89,145.0,146.5,2147348,312118249.64,shares,0
2022-07-12,147.0,149.1,134.98,135.11,145.0,2404249,336715511.21,shares,0
2022-07-13,135.11,137.48,131.11,134.2,135.11,1252246,167913634.51,shares,0
2022-07-14,134.0,147.5,132.2,146.08,134.2,3166908,454505053.01,shares,0
2022-07-15,146.08,151.5,142.88,144.0,146.08,2134102,313053760.78,shares,0
2022-07-18,144.12,147.88,140.5,143.7,144.0,2139810,307381965.98,shares,0
2022-07-19,143.7,149.8,142.02,145.65,143.7,2128458,311103676.66,shares,0
2022-07-20,147.51,150.9,146.0,147.3,145.65,2125069,315161340.41,shares,0
2022-07-21,149.0,163.0,146.62,159.82,147.3,3893080,616209925.23,shares,0
2022-07-22,162.37,162.38,151.0,153.5,159.82,2152862,335364551.28,shares,0
2022-07-25,152.07,153.54,146.03,149.0,153.5,1610460,241025644.3,shares,0
2022-07-26,148.5,149.98,144.0,148.45,149.0,1402842,206715617.44,shares,0
2022-07-27,148.0,148.95,143.0,148.16,148.45,1104219,162241076.39,shares,0
2022-07-28,148.66,158.58,148.66,155.29,148.16,2166088,333701102.39,shares,0
2022-07-29,154.23,164.48,154.23,161.34,155.29,2798763,449055922.19,shares,0
2022-08-01,159.02,183.99,157.0,179.0,161.34,3646538,634248225.02,shares,0
2022-08-02,174.0,196.19,173.0,189.45,179.0,3229433,607448406.08,shares,0
2022-08-03,194.0,212.12,187.45,194.04,189.45,3465483,685740363.63,shares,0
2022-08-04,198.0,209.9,198.0,204.55,194.04,2404404,491061286.0,shares,0
2022-08-05,207.5,233.24,201.21,229.65,204.55,2733411,596170619.0,shares,0
2022-08-08,230.0,245.0,214.88,225.0,229.65,3227891,733140488.0,shares,0
2022-08-09,219.01,240.99,210.01,240.01,225.0,3026355,664218548.0,shares,0
2022-08-10,229.98,248.0,227.08,230.4,240.01,2518787,597107430.0,shares,0
2022-08-11,232.0,239.97,229.0,230.51,230.4,1341557,313031056.0,shares,0
2022-08-12,227.84,235.98,223.0,224.0,230.51,1804979,412339542.0,shares,0
2022-08-15,223.38,228.98,213.01,215.22,224.0,2738673,599899085.09,shares,0
2022-08-16,215.9,222.07,205.84,220.55,215.22,1968143,427162809.65,shares,0
2022-08-17,218.0,222.1,215.02,218.5,220.55,1205854,264406447.18,shares,0
2022-08-18,218.5,235.28,217.0,226.55,218.5,2123575,483766809.73,shares,0
2022-08-19,228.98,228.99,213.16,214.0,226.55,1805144,391979660.86,shares,0
2022-08-22,214.64,219.32,208.0,209.62,214.0,1712414,362431154.83,shares,0
2022-08-23,208.53,211.99,207.01,210.3,209.62,989708,207412509.18,shares,0
2022-08-24,208.3,210.69,188.51,190.8,210.3,3142378,615088523.42,shares,0
2022-08-25,188.6,193.94,182.0,187.56,190.8,1857811,347380660.25,shares,0
2022-08-26,184.19,188.98,177.05,178.35,187.56,2062580,374000599.59,shares,0
2022-08-29,176.18,196.0,176.02,189.78,178.35,2329081,443385243.06,shares,0
2022-08-30,190.11,199.28,187.78,189.62,189.78,1815612,348541873.9,shares,0
2022-08-31,184.23,191.86,184.23,185.5,189.62,1377057,257523397.93,shares,0
2022-09-01,188.5,196.98,181.6,182.04,185.5,1325674,248220002.93,shares,0
2022-09-02,179.29,194.5,178.29,190.0,182.04,1742960,330713088.49,shares,0
2022-09-05,189.88,210.21,185.0,204.54,190.0,2505556,504060542.12,shares,0
2022-09-06,208.02,209.99,201.17,204.99,204.54,1265029,257970493.19,shares,0
2022-09-07,207.0,223.58,207.0,214.9,204.99,1691764,368283694.23,shares,0
2022-09-08,214.0,217.59,209.5,213.31,214.9,1500391,319521054.56,shares,0
2022-09-09,213.31,213.31,203.0,211.46,213.31,1495696,311419632.52,shares,0
2022-09-13,211.46,218.6,210.21,211.0,211.46,936554,200299371.65,shares,0
2022-09-14,208.5,228.0,205.0,228.0,211.0,2229540,493457800.44,shares,0
2022-09-15,226.0,229.7,215.66,218.45,228.0,1597485,352779902.72,shares,0
2022-09-16,217.8,239.88,217.35,228.3,218.45,2413282,562649095.89,shares,0
2022-09-19,231.17,237.79,219.0,220.56,228.3,1789162,408626913.82,shares,0
2022-09-20,222.0,222.5,206.1,217.2,220.56,1530391,330929613.72,shares,0
2022-09-21,217.6,217.9,202.88,203.14,217.2,2077892,432452608.68,shares,0
2022-09-22,203.14,217.99,201.57,211.2,203.14,1568253,330634928.98,shares,0
2022-09-23,210.17,215.46,202.89,206.8,211.2,1434708,298628836.71,shares,0
2022-09-26,203.84,224.8,203.84,221.18,206.8,2008327,438740997.49,shares,0
2022-09-27,221.18,241.76,220.01,236.03,221.18,2218112,520727103.81,shares,0
2022-09-28,236.27,237.8,223.8,229.05,236.03,1377913,315384861.06,shares,0
2022-09-29,228.0,238.88,218.41,237.27,229.05,1714765,397705443.03,shares,0
2022-09-30,236.54,236.54,217.0,218.04,237.27,1451277,325490947.68,shares,0
2022-10-10,210.0,212.21,180.05,181.25,218.04,3243959,621858601.21,shares,0
2022-10-11,182.0,182.95,166.8,169.91,181.25,2386477,413399072.93,shares,0
2022-10-12,166.95,189.68,164.2,188.5,169.91,2906410,516908418.73,shares,0
2022-10-13,187.19,200.5,182.31,189.0,188.5,2308009,448200139.43,shares,0
2022-10-14,195.73,197.0,178.5,187.5,189.0,1677220,312586763.5,shares,0
2022-10-17,184.26,209.55,183.0,208.0,187.5,2450343,485795397.58,shares,0
2022-10-18,207.8,208.98,201.0,205.35,208.0,1461955,298915177.59,shares,0
2022-10-19,205.36,216.99,204.02,209.61,205.35,1823875,384712321.58,shares,0
2022-10-20,209.45,249.94,206.0,243.0,209.61,3320993,771148183.15,shares,0
2022-10-21,237.0,249.66,229.12,244.11,243.0,2393462,572614063.46,shares,0
2022-10-24,245.2,258.28,241.89,249.0,244.11,2054487,514361104.68,shares,0
2022-10-25,244.0,257.0,239.0,253.51,249.0,2018723,505514570.33,shares,0
2022-10-26,250.5,256.2,241.0,250.08,253.51,2074357,515515523.44,shares,0
2022-10-27,249.01,254.0,239.04,241.18,250.08,1555280,380652229.28,shares,0
2022-10-28,239.5,264.63,234.91,249.7,241.18,2192183,556965217.08,shares,0
2022-10-31,248.24,256.99,245.45,250.64,249.7,1346727,337265657.12,shares,0
2022-11-01,252.88,252.88,237.18,244.0,250.64,1970428,477664007.22,shares,0
2022-11-02,246.99,253.68,240.06,247.96,244.0,1621353,404693441.06,shares,0
2022-11-03,239.01,264.99,239.0,258.76,247.96,1846958,473413280.2,shares,0
2022-11-04,257.75,257.75,243.21,251.48,258.76,1870398,465571976.52,shares,0
2022-11-07,249.5,253.0,242.0,244.63,251.48,1642234,404766169.9,shares,0
2022-11-08,244.63,248.89,234.0,239.1,244.63,1408830,335444965.28,shares,0
2022-11-09,239.0,246.5,236.0,238.45,239.1,1057145,254282717.83,shares,0
2022-11-10,234.99,241.5,205.89,207.0,238.45,4392896,939857525.56,shares,0
2022-11-11,223.0,227.76,213.0,214.98,207.0,3246069,716363456.88,shares,0
2022-11-14,211.51,211.51,200.01,203.22,214.98,2725850,557344570.85,shares,0
2022-11-15,204.94,216.33,203.36,206.39,203.22,3766405,790904525.73,shares,0
2022-11-16,206.37,208.0,201.12,202.8,206.39,1794719,364765564.22,shares,0
2022-11-17,202.24,206.7,192.0,206.0,202.8,2329411,464948723.85,shares,0
2022-11-18,203.04,209.0,198.88,199.0,206.0,1866763,378523337.74,shares,0
2022-11-21,199.65,205.6,198.13,203.65,199.0,1613075,326795418.17,shares,0
2022-11-22,200.83,211.33,199.0,205.5,203.65,2281936,469517173.95,shares,0
2022-11-23,205.5,205.55,197.18,202.18,205.5,1457802,294546726.58,shares,0
2022-11-24,203.0,212.19,200.0,207.99,202.18,2171058,451806277.12,shares,0
2022-11-25,205.0,225.01,204.26,206.8,207.99,2286968,486715036.22,shares,0
2022-11-28,199.02,210.14,195.0,201.99,206.8,1236498,251368241.92,shares,0
2022-11-29,202.5,203.04,194.24,195.8,201.99,1679529,331188373.15,shares,0
2022-11-30,196.1,198.0,190.99,194.71,195.8,1363649,264528770.78,shares,0
2022-12-01,193.55,202.85,193.55,196.28,194.71,1354265,268546305.92,shares,0
2022-12-02,195.1,200.5,192.02,194.0,196.28,1084481,212029764.11,shares,0
2022-12-05,195.0,197.9,184.62,195.25,194.0,1678160,321722631.97,shares,0
2022-12-06,193.5,211.52,193.5,209.5,195.25,2686785,550459885.23,shares,0
2022-12-07,208.15,210.59,203.58,207.6,209.5,1326410,274108894.24,shares,0
2022-12-08,209.0,209.0,199.5,201.04,207.6,1142471,232034047.28,shares,0
2022-12-09,201.7,213.66,194.99,198.11,201.04,3092826,630409355.7,shares,0
2022-12-12,192.94,195.5,188.0,190.65,198.11,1913011,366085959.35,shares,0
2022-12-13,190.1,193.98,182.5,187.0,190.65,1697020,318668505.31,shares,0
2022-12-14,199.0,206.0,187.0,188.72,187.0,3475458,683240724.0,shares,0
2022-12-15,188.01,202.8,187.1,196.06,188.72,2293921,448760991.97,shares,0
2022-12-16,196.38,196.38,182.0,187.05,196.06,2168843,405018597.47,shares,0
2022-12-19,184.96,189.8,176.53,179.0,187.05,2392388,433652709.87,shares,0
2022-12-20,176.47,180.97,172.39,172.99,179.0,2061934,361107961.93,shares,0
2022-12-21,173.15,174.8,168.12,170.35,172.99,1395810,238231710.55,shares,0
2022-12-22,170.41,173.39,167.39,168.21,170.35,884587,150862568.97,shares,0
2022-12-23,165.88,167.58,140.13,149.83,168.21,6847263,1030234275.15,shares,0
2022-12-26,148.51,160.8,148.3,159.93,149.83,3674072,580626179.32,shares,0
2022-12-27,160.33,162.49,157.82,159.83,159.93,2189146,349949796.56,shares,0
2022-12-28,158.18,161.99,155.12,159.66,159.83,1776302,281056214.14,shares,0
2022-12-29,160.25,162.99,157.68,158.24,159.66,1655045,264146475.06,shares,0
2022-12-30,159.22,160.88,155.11,156.5,158.24,1645018,258288464.18,shares,0
2023-01-03,156.0,161.84,153.01,160.31,156.5,1660279,264367282.35,shares,0
2023-01-04,162.4,166.5,154.0,154.61,160.31,3104606,490403992.06,shares,0
2023-01-05,155.0,156.61,153.09,153.5,154.61,1875141,289621058.38,shares,0
2023-01-06,153.51,157.27,150.8,152.35,153.5,1678782,258317264.7,shares,0
2023-01-09,150.32,158.51,149.48,151.37,152.35,2124822,324895011.16,shares,0
2023-01-10,151.99,159.75,150.06,157.33,151.37,3058155,478717383.44,shares,0
2023-01-11,163.8,176.49,158.0,159.88,157.33,5171182,865252607.81,shares,0
2023-01-12,159.5,161.47,155.39,158.06,159.88,2330603,367877878.26,shares,0
2023-01-13,158.42,166.95,158.03,163.3,158.06,3235896,527112833.26,shares,0
2023-01-16,162.0,177.21,160.7,175.0,163.3,4479443,772076878.65,shares,0
2023-01-17,174.0,187.0,173.76,186.51,175.0,3647085,668960008.49,shares,0
2023-01-18,186.9,187.9,182.19,184.55,186.51,1790227,331442974.15,shares,0
2023-01-19,183.95,195.01,182.51,193.12,184.55,2396611,456624934.22,shares,0
2023-01-20,192.8,195.0,186.56,186.81,193.12,2292843,434423984.2,shares,0
2023-01-30,190.5,191.88,182.58,186.07,186.81,2519197,468912355.27,shares,0
2023-01-31,185.84,189.03,180.02,180.5,186.07,2116660,386665225.07,shares,0
2023-02-01,180.5,191.18,180.5,187.65,180.5,2522126,470258004.63,shares,0
2023-02-02,186.54,206.98,186.25,199.01,187.65,3667428,722364419.96,shares,0
2023-02-03,199.0,203.72,191.09,194.55,199.01,1884617,368189124.82,shares,0
2023-02-06,195.22,199.48,193.26,196.51,194.55,1752904,342982112.05,shares,0
2023-02-07,196.52,198.57,188.83,194.72,196.51,2057118,396904808.18,shares,0
2023-02-08,194.5,197.96,191.06,192.23,194.72,1012522,195564085.09,shares,0
2023-02-09,190.59,200.3,188.58,199.9,192.23,1849169,361709602.18,shares,0
2023-02-10,198.97,201.9,194.0,198.39,199.9,1520993,300592784.46,shares,0
2023-02-13,196.37,209.9,194.09,207.96,198.39,2311281,474149285.41,shares,0
2023-02-14,208.94,211.5,202.81,205.8,207.96,1393793,287394995.17,shares,0
2023-02-15,206.0,219.0,206.0,217.53,205.8,2382114,508385871.09,shares,0
2023-02-16,216.9,232.22,214.5,221.5,217.53,2657421,598774218.75,shares,0
2023-02-17,218.53,223.3,211.0,211.45,221.5,1587077,342337622.96,shares,0
2023-02-20,208.9,219.56,203.21,211.49,211.45,2609998,546063794.31,shares,0
2023-02-21,212.02,214.88,206.88,208.97,211.49,1134102,237620919.09,shares,0
2023-02-22,208.0,216.86,205.8,213.86,208.97,1465256,312459364.37,shares,0
2023-02-23,214.96,215.01,208.7,212.98,213.86,1082535,229647476.94,shares,0
2023-02-24,214.31,214.96,209.02,211.41,212.98,1061219,224203315.14,shares,0
2023-02-27,211.0,211.99,205.03,207.9,211.41,1048218,218731753.34,shares,0
2023-02-28,208.0,211.0,203.52,211.0,207.9,1166586,242121596.17,shares,0
2023-03-01,209.98,212.0,200.21,210.57,211.0,1821748,375118753.97,shares,0
2023-03-02,210.57,216.66,208.53,209.53,210.57,1225380,260246372.82,shares,0
2023-03-03,215.05,223.98,208.95,217.9,209.53,2258550,491480096.64,shares,0
2023-03-06,217.1,233.0,215.96,231.15,217.9,2495148,565180722.51,shares,0
2023-03-07,230.0,233.31,218.08,220.05,231.15,1588145,357181442.61,shares,0
2023-03-08,220.0,226.8,216.49,224.0,220.05,1491120,332530769.81,shares,0
2023-03-09,223.25,240.88,223.2,235.75,224.0,2628036,617950391.36,shares,0
2023-03-10,234.0,246.8,228.08,238.3,235.75,2216459,529379794.67,shares,0
2023-03-13,237.51,240.0,229.74,235.2,238.3,1829030,428518241.1,shares,0
2023-03-14,233.65,239.24,230.18,236.0,235.2,2644149,623948824.49,shares,0
2023-03-15,235.26,237.0,224.0,225.28,236.0,2935438,673391110.91,shares,0
2023-03-16,223.51,226.49,214.2,216.99,225.28,2805697,617894805.79,shares,0
2023-03-17,220.18,224.42,216.95,217.45,216.99,2343818,515455468.52,shares,0
2023-03-20,217.55,226.5,212.2,217.47,217.45,2465348,542570264.06,shares,0
2023-03-21,215.97,215.97,207.3,212.26,217.47,2287805,482845751.58,shares,0
2023-03-22,213.25,214.0,204.88,207.58,212.26,2043420,424804284.73,shares,0
2023-03-23,205.02,212.9,204.58,211.5,207.58,1816368,380980517.25,shares,0
2023-03-24,209.52,209.7,198.97,200.99,211.5,2694153,545404100.8,shares,0
2023-03-27,201.6,207.33,198.01,201.0,200.99,1988600,400331031.11,shares,0
2023-03-28,200.32,200.32,192.14,192.5,201.0,2038489,397304220.14,shares,0
2023-03-29,194.3,213.88,192.09,209.5,192.5,3489661,716877448.23,shares,0
2023-03-30,212.54,212.54,204.01,205.63,209.5,1866557,387134750.75,shares,0
2023-03-31,206.5,224.88,203.6,222.88,205.63,2883650,621869859.13,shares,0
2023-04-03,226.2,242.5,220.02,241.76,222.88,3936550,922602629.71,shares,0
2023-04-04,238.8,256.82,231.36,233.2,241.76,4083517,987710988.69,shares,0
2023-04-06,232.67,274.44,231.0,271.0,233.2,5321863,1353814436.91,shares,0
2023-04-07,267.0,283.0,256.88,267.99,271.0,3757311,997235273.92,shares,0
2023-04-10,264.0,266.7,244.04,247.98,267.99,3604698,917398342.04,shares,0
2023-04-11,249.22,256.95,240.68,246.9,247.98,2454445,608067194.41,shares,0
2023-04-12,243.92,252.5,241.19,249.25,246.9,2233463,555362805.71,shares,0
2023-04-13,245.85,257.99,242.02,248.0,249.25,2589755,643094229.26,shares,0
2023-04-14,253.99,296.88,253.09,294.0,248.0,4915141,1351339316.47,shares,0
2023-04-17,297.33,309.99,285.0,290.2,294.0,5439540,1608418247.02,shares,0
2023-04-18,285.77,290.5,275.58,283.05,290.2,3007966,848188325.41,shares,0
2023-04-19,285.87,306.39,285.87,295.0,283.05,4238917,1258070891.11,shares,0
2023-04-20,289.82,337.01,288.0,311.8,295.0,5148604,1632354842.62,shares,0
2023-04-21,308.15,314.11,290.58,290.6,311.8,3546691,1064805470.14,shares,0
2023-04-24,291.92,296.79,285.0,289.98,290.6,2690081,783214051.31,shares,0
2023-04-25,290.44,305.79,285.99,293.9,289.98,3861220,1142542838.33,shares,0
2023-04-26,298.0,303.0,266.0,273.09,293.9,5146409,1432882793.17,shares,0
2023-04-27,271.4,288.88,271.4,280.99,273.09,3027665,852313641.1,shares,0
2023-04-28,281.19,294.0,275.5,285.65,280.99,2980096,848041265.4,shares,0
2023-05-04,280.0,280.0,264.05,269.8,285.65,2886366,776913555.51,shares,0
2023-05-05,267.0,276.0,262.0,263.87,269.8,2489758,664813431.49,shares,0
2023-05-08,264.4,273.75,260.5,263.21,263.87,2192744,584432002.0,shares,0
2023-05-09,263.05,265.0,248.0,249.86,263.21,4250025,1079900109.73,shares,0
2023-05-10,249.86,250.99,241.0,246.98,249.86,2407378,588880184.82,shares,0
2023-05-11,254.09,258.86,247.0,247.66,246.98,1833500,460340058.88,shares,0
2023-05-12,251.87,265.0,243.14,244.19,247.66,2881599,727429513.56,shares,0
2023-05-15,242.0,254.28,238.82,254.18,244.19,2897631,718056106.69,shares,0
2023-05-16,251.3,272.67,248.18,264.66,254.18,3629578,953725109.11,shares,0
2023-05-17,265.1,272.77,263.2,265.01,264.66,2212449,590333274.99,shares,0
2023-05-18,265.75,276.0,262.05,274.2,265.01,2301380,623622831.79,shares,0
2023-05-19,275.63,278.85,265.2,271.69,274.2,1806546,491349355.56,shares,0
2023-05-22,270.0,272.98,261.0,268.63,271.69,1546057,411360863.31,shares,0
2023-05-23,267.5,267.8,257.0,257.31,268.63,1571188,408366177.33,shares,0
2023-05-24,262.69,273.78,249.09,266.1,257.31,2589703,682008216.39,shares,0
2023-05-25,262.01,267.51,258.86,266.9,266.1,1266981,333241593.24,shares,0
2023-05-26,269.08,276.0,266.26,272.24,266.9,1736396,472540849.43,shares,0
2023-05-29,275.99,282.99,269.01,282.35,272.24,2409337,669851981.92,shares,0
2023-05-30,276.6,283.83,273.03,279.43,282.35,1570100,437194733.88,shares,0
2023-05-31,279.0,287.61,275.03,279.67,279.43,1269629,355810385.89,shares,0
2023-06-01,273.97,279.63,265.58,270.39,279.67,2177785,590209704.5,shares,0
2023-06-02,270.86,279.6,268.01,272.99,270.39,1766985,484254585.62,shares,0
2023-06-05,285.0,304.01,285.0,289.4,272.99,3351939,985595500.26,shares,0
2023-06-06,283.65,298.86,275.09,286.5,289.4,2227258,641684155.49,shares,0
2023-06-07,289.62,292.58,277.5,279.35,286.5,1650720,469429638.88,shares,0
2023-06-08,279.43,282.43,274.09,276.21,279.35,1392099,386271989.21,shares,0
2023-06-09,280.0,287.99,275.01,286.0,276.21,2453857,693374527.01,shares,0
2023-06-12,285.5,292.0,277.51,278.2,286.0,1806180,509998174.04,shares,0
2023-06-13,279.4,283.12,270.1,282.05,278.2,2234864,615746144.68,shares,0
2023-06-14,283.66,292.1,277.0,291.66,282.05,2180940,627439271.72,shares,0
2023-06-15,198.5,198.5,182.17,186.01,196.8,3874997,725163683.83,shares,0
2023-06-16,185.68,192.04,182.5,189.69,186.01,2890032,538635614.69,shares,0
2023-06-19,188.14,189.61,176.66,186.2,189.69,5365634,987516550.52,shares,0
2023-06-20,188.01,188.01,176.5,181.8,186.2,3782279,682673040.59,shares,0
2023-06-21,179.6,180.78,173.0,173.0,181.8,2102863,370352834.27,shares,0
2023-06-26,171.5,181.96,170.51,174.93,173.0,3466761,609340433.48,shares,0
2023-06-27,173.95,176.37,169.16,170.67,174.93,2255681,388196563.65,shares,0
2023-06-28,173.3,180.66,169.29,170.99,170.67,4740959,826899053.97,shares,0
2023-06-29,169.0,174.28,167.56,169.68,170.99,3035686,517459629.54,shares,0
2023-06-30,169.21,173.3,168.15,170.95,169.68,2609621,446720369.55,shares,0
2023-07-03,173.0,177.7,164.89,167.1,170.95,4632041,782664389.72,shares,0
2023-07-04,166.66,169.2,164.89,167.33,167.1,2049547,341853104.18,shares,0
2023-07-05,166.77,167.98,161.02,162.3,167.33,2929797,478770095.57,shares,0
2023-07-06,161.24,162.66,156.5,158.99,162.3,3580767,568895360.82,shares,0
2023-07-07,158.9,158.9,154.54,157.0,158.99,2206109,346736685.51,shares,0
2023-07-10,156.69,160.75,156.26,159.2,157.0,1865316,295728088.45,shares,0
2023-07-11,159.2,161.83,157.5,157.74,159.2,1932461,306764359.1,shares,0
2023-07-12,156.81,156.93,151.51,151.8,157.74,2831905,434751430.67,shares,0
2023-07-13,151.97,157.57,151.46,155.34,151.8,2159738,333879125.71,shares,0
2023-07-14,154.73,157.71,152.4,153.58,155.34,2053826,316093205.74,shares,0
2023-07-17,153.88,154.55,148.13,149.82,153.58,2357545,354462912.11,shares,0
2023-07-18,148.77,153.72,148.38,149.1,149.82,2174155,328061506.15,shares,0
2023-07-19,147.8,149.88,146.57,147.35,149.1,1500292,222139363.33,shares,0
2023-07-20,147.66,148.3,146.1,146.46,147.35,1436231,211369519.15,shares,0
2023-07-21,145.33,146.8,142.01,143.99,146.46,2370867,340526058.57,shares,0
2023-07-24,143.99,143.99,140.2,141.55,143.99,1966273,278640884.41,shares,0
2023-07-25,142.99,145.1,141.61,144.85,141.55,2096243,300910224.17,shares,0
2023-07-26,143.73,150.98,143.03,145.7,144.85,3584145,530318122.2,shares,0
2023-07-27,144.11,146.44,142.02,142.8,145.7,1873337,269635626.87,shares,0
2023-07-28,142.5,146.0,141.61,143.98,142.8,1607888,231692464.35,shares,0
2023-07-31,143.94,151.39,142.33,148.64,143.98,3008313,444132936.62,shares,0
2023-08-01,148.64,151.3,148.01,150.11,148.64,2407532,360117138.49,shares,0
2023-08-02,149.5,157.58,149.08,154.36,150.11,3722530,575768285.1,shares,0
2023-08-03,153.5,155.87,152.06,153.24,154.36,1742309,267820954.9,shares,0
2023-08-04,153.5,154.5,149.0,152.24,153.24,1816025,275346645.45,shares,0
2023-08-07,152.57,154.97,150.5,153.11,152.24,1475418,225898985.47,shares,0
2023-08-08,151.96,155.88,151.6,152.1,153.11,1277958,196129539.88,shares,0
2023-08-09,151.0,151.77,147.51,149.16,152.1,1384026,206514067.32,shares,0
2023-08-10,151.87,154.87,149.02,153.98,149.16,2205672,337099749.79,shares,0
2023-08-11,153.5,155.07,150.67,150.8,153.98,1385126,211163649.07,shares,0
2023-08-14,148.8,148.89,143.67,146.32,150.8,1572447,229296546.85,shares,0
2023-08-15,148.13,148.34,125.0,129.2,146.32,6982794,926643977.71,shares,0
2023-08-16,129.86,133.77,127.81,128.11,129.2,3238671,423694353.29,shares,0
2023-08-17,128.89,130.0,126.3,128.15,128.11,2082284,267238153.51,shares,0
2023-08-18,130.71,131.0,126.32,126.48,128.15,1846674,237363780.26,shares,0
2023-08-21,126.6,128.3,125.03,125.79,126.48,1469368,185929198.92,shares,0
2023-08-22,125.22,128.1,122.22,127.57,125.79,1963596,245998391.97,shares,0
2023-08-23,127.61,128.0,123.5,123.81,127.57,1054962,132246997.96,shares,0
2023-08-24,125.0,129.5,123.36,127.86,123.81,1757401,222810742.75,shares,0
2023-08-25,126.8,127.85,125.11,125.62,127.86,1288338,162674382.0,shares,0
2023-08-28,134.18,136.0,120.02,120.6,125.62,3400158,421455950.39,shares,0
2023-08-29,119.95,130.0,119.28,129.7,120.6,3134577,395087901.76,shares,0
2023-08-30,133.87,139.0,130.65,135.8,129.7,4297717,582802139.24,shares,0
2023-08-31,134.25,146.53,131.0,145.65,135.8,5950829,835619349.04,shares,0
2023-09-01,145.6,153.99,143.89,148.0,145.65,5567988,828511696.91,shares,0
2023-09-04,148.0,148.0,140.36,144.33,148.0,5333129,761142900.35,shares,0
2023-09-05,143.66,148.79,143.0,144.52,144.33,3792327,552592429.99,shares,0
2023-09-06,145.25,153.59,144.11,152.3,144.52,5187789,773620272.11,shares,0
2023-09-07,150.11,150.15,144.18,144.73,152.3,3499530,511902927.31,shares,0
2023-09-08,144.01,150.55,143.06,147.52,144.73,2595865,383749905.53,shares,0
2023-09-11,147.7,150.51,145.71,148.64,147.52,2393698,354137995.23,shares,0
2023-09-12,147.59,148.49,143.22,143.22,148.64,2975664,431018827.45,shares,0
2023-09-13,143.16,146.15,140.35,144.69,143.22,2615514,375455650.82,shares,0
2023-09-14,144.28,144.3,139.35,140.13,144.69,1980567,278321032.59,shares,0
2023-09-15,141.47,142.85,136.21,139.04,140.13,2235995,311212701.7,shares,0
2023-09-18,136.42,138.49,133.34,134.41,139.04,2390704,322179260.87,shares,0
2023-09-19,135.38,135.49,129.5,131.3,134.41,2163143,285168487.49,shares,0
2023-09-20,130.45,132.06,128.68,128.79,131.3,1367981,177302494.72,shares,0
2023-09-21,128.08,128.66,125.0,125.44,128.79,1676024,211920827.53,shares,0
2023-09-22,125.48,128.35,124.12,127.48,125.44,2752447,347642232.48,shares,0
2023-09-25,127.35,129.0,125.8,127.11,127.48,1700732,216187346.98,shares,0
2023-09-26,127.0,130.5,125.24,126.07,127.11,2002469,255780043.38,shares,0
2023-09-27,125.72,128.47,125.0,125.3,126.07,1691060,213424362.57,shares,0
2023-09-28,126.14,135.4,125.48,132.48,125.3,3801890,496709922.08,shares,0
2023-10-09,132.48,133.01,128.49,131.15,132.48,1775262,232832105.45,shares,0
2023-10-10,131.15,136.38,130.26,134.07,131.15,3253448,437213728.18,shares,0
2023-10-11,133.2,135.44,132.18,134.89,134.07,2287408,305915608.91,shares,0
2023-10-12,136.0,141.89,133.23,140.97,134.89,3731708,513170641.16,shares,0
2023-10-13,139.54,141.5,138.0,140.28,140.97,2130146,297661882.87,shares,0
2023-10-16,140.3,140.77,134.16,136.56,140.28,2117167,288327740.45,shares,0
2023-10-17,136.49,143.18,134.8,141.81,136.56,2514251,350104838.63,shares,0
2023-10-18,141.32,144.81,139.23,139.25,141.81,2084588,296084769.18,shares,0
2023-10-19,138.18,143.75,137.97,139.79,139.25,2025853,286014970.85,shares,0
2023-10-20,138.0,142.85,137.11,137.98,139.79,2055612,287488040.5,shares,0
2023-10-23,137.97,138.87,133.0,134.56,137.98,1498994,201951015.29,shares,0
2023-10-24,135.67,144.35,134.1,141.0,134.56,3224668,452601321.75,shares,0
2023-10-25,140.56,141.11,137.83,139.98,141.0,1932145,269378401.68,shares,0
2023-10-26,138.05,145.45,137.38,144.9,139.98,2499552,355082952.14,shares,0
2023-10-27,143.1,150.7,142.03,148.88,144.9,2723624,400592138.5,shares,0
2023-10-30,149.0,155.51,148.5,149.06,148.88,3412446,516415522.5,shares,0
2023-10-31,152.66,154.58,146.92,151.3,149.06,2188834,328907922.57,shares,0
2023-11-01,151.3,153.5,149.96,151.25,151.3,1459912,221093098.19,shares,0
2023-11-02,151.28,152.0,143.92,144.02,151.25,1860705,272953793.2,shares,0
2023-11-03,144.39,149.88,144.2,149.31,144.02,2443943,361836017.19,shares,0
2023-11-06,150.84,150.97,146.55,150.56,149.31,3159270,470138948.31,shares,0
2023-11-07,149.83,153.5,148.5,151.37,150.56,2163544,327437961.79,shares,0
2023-11-08,150.05,165.66,150.05,160.88,151.37,4182954,662704427.12,shares,0
2023-11-09,161.13,164.0,158.55,160.0,160.88,2350198,377152839.27,shares,0
2023-11-10,161.0,168.68,159.0,166.9,160.0,3494339,575443368.51,shares,0
2023-11-13,167.5,168.88,163.66,166.8,166.9,2060156,340484856.08,shares,0
2023-11-14,164.0,167.4,162.0,164.82,166.8,2336467,383742322.12,shares,0
2023-11-15,166.5,166.77,160.19,160.82,164.82,2085607,339421565.65,shares,0
2023-11-16,160.01,160.95,157.0,157.4,160.82,1907359,302276542.22,shares,0
2023-11-17,156.81,159.99,156.18,158.67,157.4,1668459,263823622.6,shares,0
2023-11-20,158.0,159.33,155.0,155.93,158.67,1722366,270566836.72,shares,0
2023-11-21,155.77,157.68,151.01,151.74,155.93,2063003,316790115.22,shares,0
2023-11-22,151.1,152.45,147.49,147.5,151.74,1749609,261257957.07,shares,0
2023-11-23,147.56,151.01,146.3,149.38,147.5,1640539,244997977.66,shares,0
2023-11-24,148.2,150.8,146.02,146.3,149.38,1263691,187285801.15,shares,0
2023-11-27,146.3,153.8,145.5,151.65,146.3,2386043,360552245.11,shares,0
2023-11-28,151.28,153.77,150.01,151.62,151.65,1158874,175984557.57,shares,0
2023-11-29,152.0,157.78,152.0,153.8,151.62,2564909,398219932.91,shares,0
2023-11-30,154.39,155.83,152.25,155.83,153.8,1349157,207784785.79,shares,0
2023-12-01,154.01,155.56,149.26,152.73,155.83,1664609,252902917.85,shares,0
2023-12-04,152.0,153.86,151.49,153.43,152.73,1145484,175074152.28,shares,0
2023-12-05,151.5,153.14,147.0,147.0,153.43,1988241,295833552.97,shares,0
2023-12-06,145.73,148.88,145.23,146.87,147.0,1206570,177505769.6,shares,0
2023-12-07,146.8,147.67,138.6,140.0,146.87,3229480,456938326.27,shares,0
2023-12-08,140.19,142.69,138.15,139.81,140.0,3222608,451492258.09,shares,0
2023-12-11,139.77,145.02,138.1,145.0,139.81,2866651,406449384.39,shares,0
2023-12-12,145.5,146.31,142.84,146.13,145.0,1710893,248091527.57,shares,0
2023-12-13,145.0,147.86,143.2,144.0,146.13,1407904,204662466.67,shares,0
2023-12-14,144.31,145.43,142.95,143.31,144.0,1292098,185849105.38,shares,0
2023-12-15,143.0,143.74,140.34,141.4,143.31,1306324,184896555.61,shares,0
2023-12-18,139.87,140.9,136.14,136.6,141.4,1469814,202670049.38,shares,0
2023-12-19,136.6,142.01,135.41,139.94,136.6,1490170,207734782.3,shares,0
2023-12-20,140.0,140.8,136.02,136.38,139.94,1304461,179389813.25,shares,0
2023-12-21,135.8,138.88,134.63,137.8,136.38,1337915,183072993.84,shares,0
2023-12-22,137.4,137.41,133.58,135.28,137.8,1580707,213429679.89,shares,0
2023-12-25,134.4,136.61,130.14,131.11,135.28,1798121,237816276.99,shares,0
2023-12-26,130.99,131.47,126.0,126.53,131.11,1839096,235050479.6,shares,0
2023-12-27,126.34,138.38,126.34,134.92,126.53,3995947,537708562.06,shares,0
2023-12-28,134.0,136.8,133.18,135.9,134.92,2349609,317662816.03,shares,0
2023-12-29,135.8,136.88,132.88,133.61,135.9,2778190,372293582.75,shares,0
2024-01-02,133.5,133.5,127.26,127.83,133.61,2790822,358843614.71,shares,0
2024-01-03,127.0,128.96,124.27,125.87,127.83,2665039,336146795.8,shares,0
2024-01-04,124.35,126.5,123.35,123.6,125.87,1504665,187361166.5,shares,0
2024-01-05,124.3,125.25,121.21,122.0,123.6,1518921,187091262.57,shares,0
2024-01-08,120.41,121.42,115.5,115.76,122.0,2333337,273156031.45,shares,0
2024-01-09,117.1,118.54,114.01,115.58,115.76,1747305,202744941.99,shares,0
2024-01-10,115.3,116.38,113.3,113.65,115.58,1601924,183532434.8,shares,0
2024-01-11,113.0,116.38,113.0,116.0,113.65,1786918,206054872.99,shares,0
2024-01-12,115.47,118.2,114.7,115.7,116.0,1976078,230263909.41,shares,0
2024-01-15,115.85,118.75,113.82,115.44,115.7,1875242,217664653.57,shares,0
2024-01-16,115.0,119.35,113.82,116.18,115.44,2323868,269679975.13,shares,0
2024-01-17,116.0,116.1,111.6,111.6,116.18,1723552,195565748.6,shares,0
2024-01-18,110.98,112.93,108.51,112.75,111.6,2238275,247289881.83,shares,0
2024-01-19,113.0,114.25,111.14,111.69,112.75,1583443,178368932.98,shares,0
2024-01-22,111.7,111.7,103.56,104.3,111.69,3345251,357979727.55,shares,0
2024-01-23,105.2,107.6,104.5,106.66,104.3,2322328,246435141.19,shares,0
2024-01-24,107.96,108.28,100.88,104.08,106.66,2753452,283917585.81,shares,0
2024-01-25,104.0,107.5,102.02,106.81,104.08,4217497,443079642.95,shares,0
2024-01-26,105.82,106.29,100.49,100.72,106.81,3525031,362173183.75,shares,0
2024-01-29,101.98,103.48,97.3,97.43,100.72,2918636,290900321.65,shares,0
2024-01-30,97.18,97.7,91.89,92.06,97.43,4075766,385154373.96,shares,0
2024-01-31,92.67,93.98,89.72,89.93,92.06,3284490,299419316.33,shares,0
2024-02-01,89.51,92.52,87.5,90.47,89.93,3955456,357449836.36,shares,0
2024-02-02,89.8,90.75,82.2,85.42,90.47,4515868,390695003.74,shares,0
2024-02-05,83.64,84.59,77.48,80.99,85.42,4232693,343753948.08,shares,0
2024-02-06,79.83,90.47,78.3,90.02,80.99,4332975,366620888.76,shares,0
2024-02-07,89.1,94.6,89.02,92.0,90.02,4734811,438300655.45,shares,0
2024-02-08,93.08,100.8,93.08,96.4,92.0,5032399,489125839.43,shares,0
2024-02-19,98.0,98.8,94.61,97.32,96.4,4603484,445615494.59,shares,0
2024-02-20,96.99,97.29,94.66,96.48,97.32,2935622,281876760.93,shares,0
2024-02-21,95.1,101.38,94.25,98.25,96.48,3925795,386413290.09,shares,0
2024-02-22,98.18,104.49,98.18,103.87,98.25,4055712,414327381.3,shares,0
2024-02-23,104.8,113.33,102.36,111.49,103.87,5477428,589318938.1,shares,0
2024-02-26,110.59,112.62,108.07,109.09,111.49,3805411,417978134.9,shares,0
2024-02-27,107.7,116.11,107.01,115.58,109.09,4144636,464395494.38,shares,0
2024-02-28,114.88,119.63,104.8,104.8,115.58,6222855,697255346.49,shares,0
2024-02-29,104.51,116.68,104.51,116.4,104.8,6233249,707371041.24,shares,0
2024-03-01,116.4,117.79,114.5,116.6,116.4,3516311,408693344.89,shares,0
2024-03-04,117.1,123.66,115.28,123.19,116.6,5069902,605582390.85,shares,0
2024-03-05,121.3,122.04,116.1,118.3,123.19,4243573,505320786.79,shares,0
2024-03-06,116.3,118.3,113.5,116.19,118.3,2971687,343874731.5,shares,0
2024-03-07,118.0,120.49,115.3,115.3,116.19,3338003,394018177.1,shares,0
2024-03-08,115.49,117.75,114.68,116.4,115.3,2599322,301488408.55,shares,0
2024-03-11,115.0,118.58,113.2,118.54,116.4,2335739,272653242.6,shares,0
2024-03-12,118.54,122.37,116.85,120.5,118.54,2949264,354877493.49,shares,0
2024-03-13,123.0,123.5,118.89,118.98,120.5,2150045,259565485.57,shares,0
2024-03-14,117.9,118.52,114.19,115.85,118.98,2763264,320779134.27,shares,0
2024-03-15,116.0,116.12,113.19,115.49,115.85,1946080,222943754.41,shares,0
2024-03-18,115.15,118.4,115.15,118.0,115.49,2399657,281059903.46,shares,0
2024-03-19,119.57,119.57,116.33,116.51,118.0,2479641,293238136.55,shares,0
2024-03-20,116.66,117.75,115.4,117.23,116.51,2129005,248622717.07,shares,0
2024-03-21,118.98,121.65,116.85,119.4,117.23,3589947,426663016.7,shares,0
2024-03-22,119.02,125.0,118.45,119.57,119.4,4687345,571034594.77,shares,0
2024-03-25,119.6,125.0,115.0,118.16,119.57,5058417,607744574.42,shares,0
2024-03-26,118.6,122.9,115.75,116.3,118.16,3547663,423372327.77,shares,0
2024-03-27,116.0,116.3,111.1,111.1,116.3,2815570,319385784.76,shares,0
2024-03-28,111.5,114.5,109.27,110.6,111.1,2631940,293448030.51,shares,0
2024-03-29,112.25,112.69,107.99,111.72,110.6,2606203,288841381.07,shares,0
2024-04-01,114.0,114.0,107.95,108.36,111.72,3167147,347084163.86,shares,0
2024-04-02,108.0,109.18,104.86,107.58,108.36,2975260,317726663.42,shares,0
2024-04-03,107.58,108.5,103.21,103.46,107.58,2868813,300735837.38,shares,0
2024-04-08,103.42,105.79,100.51,100.62,103.46,2211895,226550565.54,shares,0
2024-04-09,100.83,102.28,99.16,101.82,100.62,1677908,169062872.27,shares,0
2024-04-10,101.79,101.79,97.15,97.65,101.82,2691247,265269824.47,shares,0
2024-04-11,97.4,98.35,94.39,94.78,97.65,3318713,318482297.35,shares,0
2024-04-12,94.9,95.8,93.45,93.45,94.78,1657285,156317138.91,shares,0
2024-04-15,94.56,103.23,93.5,101.15,93.45,4735371,473721491.57,shares,0
2024-04-16,100.21,101.65,95.81,96.15,101.15,2797258,275525003.96,shares,0
2024-04-17,98.0,104.0,96.8,104.0,96.15,3846226,381509650.31,shares,0
2024-04-18,103.01,110.99,103.01,107.89,104.0,5192376,560533742.42,shares,0
2024-04-19,106.01,107.31,96.26,97.83,107.89,5671356,570906504.83,shares,0
2024-04-22,95.5,97.8,91.96,93.8,97.83,4085727,386753917.74,shares,0
2024-04-23,93.93,99.13,93.69,97.16,93.8,3224681,309871213.27,shares,0
2024-04-24,97.17,99.0,96.3,97.47,97.16,1929459,188216091.91,shares,0
2024-04-25,96.56,98.37,95.53,96.68,97.47,1440434,140089455.82,shares,0
2024-04-26,97.79,100.56,96.33,99.9,96.68,2908782,287980395.42,shares,0
2024-04-29,95.0,99.9,93.33,96.8,99.9,5544715,538993225.15,shares,0
2024-04-30,97.5,97.9,90.01,90.02,96.8,6390417,589024136.76,shares,0
2024-05-06,91.65,94.65,91.5,93.82,90.02,4964578,462580997.21,shares,0
2024-05-07,93.82,94.0,91.01,91.11,93.82,3150392,289504297.01,shares,0
2024-05-08,91.5,91.5,87.8,88.55,91.11,3279105,292943676.2,shares,0
2024-05-09,88.7,99.99,88.7,95.92,88.55,9706267,930818649.31,shares,0
2024-05-10,95.92,96.39,92.3,94.21,95.92,3871118,364472291.02,shares,0
2024-05-13,92.53,93.79,90.01,90.39,94.21,3047467,279488868.08,shares,0
2024-05-14,91.09,92.71,88.2,88.65,90.39,3194357,285803279.48,shares,0
2024-05-15,88.65,90.48,86.81,89.22,88.65,2231119,198864685.4,shares,0
2024-05-16,89.76,90.56,88.1,88.49,89.22,2121235,189573101.96,shares,0
2024-05-17,88.49,89.3,87.04,89.25,88.49,2056932,181630379.93,shares,0
2024-05-20,89.2,93.64,88.4,91.6,89.25,3626130,332393245.17,shares,0
2024-05-21,91.9,93.6,90.03,92.2,91.6,2941960,270925175.27,shares,0
2024-05-22,92.2,92.2,89.7,91.67,92.2,2041539,185946516.14,shares,0
2024-05-23,91.7,92.24,89.8,89.95,91.67,1841338,167124818.98,shares,0
2024-05-24,89.95,90.49,84.9,85.05,89.95,3805392,330786455.15,shares,0
2024-05-27,85.6,91.62,82.34,91.49,85.05,5086815,442936126.41,shares,0
2024-05-28,91.49,94.6,90.24,90.58,91.49,4160993,383871781.96,shares,0
2024-05-29,90.01,91.42,89.4,90.23,90.58,1942553,175602331.29,shares,0
2024-05-30,89.53,98.02,89.33,94.52,90.23,5873461,558124009.16,shares,0
2024-05-31,94.3,94.85,92.4,92.79,94.52,3089318,288214764.74,shares,0
2024-06-03,93.07,97.99,93.07,97.04,92.79,5835975,563608073.58,shares,0
2024-06-04,97.78,98.33,95.27,97.12,97.04,3130222,302562793.65,shares,0
2024-06-05,96.87,100.64,95.1,95.35,97.12,4053788,396192111.36,shares,0
2024-06-06,99.33,100.8,97.42,98.15,95.35,6795000,672176019.84,shares,0
2024-06-07,98.27,104.95,96.68,102.23,98.15,6403280,651809783.21,shares,0
2024-06-11,103.65,115.7,103.65,111.58,102.23,8509113,926804208.59,shares,0
2024-06-12,111.0,112.9,108.16,109.28,111.58,5527161,607162017.41,shares,0
2024-06-13,109.8,115.0,108.49,112.23,109.28,6420562,714631432.05,shares,0
2024-06-14,110.55,110.55,105.88,106.81,112.23,5403753,581228795.55,shares,0
2024-06-17,103.0,103.78,95.93,103.59,106.81,10161979,1018349129.38,shares,0
2024-06-18,102.64,103.58,99.72,100.75,103.59,5878618,595252322.81,shares,0
2024-06-19,101.68,102.56,98.26,100.9,100.75,4491816,451883126.27,shares,0
2024-06-20,100.69,105.96,99.2,103.62,100.9,5228045,544519879.0,shares,0
2024-06-21,101.55,105.83,99.3,103.93,103.62,3701116,380840867.16,shares,0
2024-06-24,102.4,105.48,98.57,99.07,103.93,3450737,352035693.8,shares,0
2024-06-25,99.6,100.49,90.86,92.1,99.07,5017577,469574076.47,shares,0
2024-06-26,92.73,96.25,91.2,95.88,92.1,2908718,271930225.69,shares,0
2024-06-27,94.6,95.37,92.62,92.8,95.88,1864078,174476766.58,shares,0
2024-06-28,92.0,93.75,88.8,89.0,92.8,4553695,413053513.93,shares,0
2024-07-01,89.02,90.83,86.8,89.9,89.0,2291699,203555982.27,shares,0
2024-07-02,89.89,91.06,89.07,91.0,89.9,1914247,172828735.74,shares,0
2024-07-03,91.0,94.77,89.23,92.73,91.0,2732685,252201806.7,shares,0
2024-07-04,92.83,93.2,87.47,87.64,92.73,3335453,298633970.89,shares,0
2024-07-05,87.83,87.85,84.3,85.25,87.64,3249875,278641816.09,shares,0
2024-07-08,85.27,86.38,82.0,82.4,85.25,3320724,277963330.18,shares,0
2024-07-09,82.4,85.21,80.5,85.0,82.4,4564142,378472163.36,shares,0
2024-07-10,84.02,87.29,83.83,84.2,85.0,2930060,249780409.82,shares,0
2024-07-11,86.68,87.57,84.68,86.41,84.2,3021904,259990635.68,shares,0
2024-07-12,86.0,91.0,85.18,89.77,86.41,4230208,375635377.28,shares,0
2024-07-15,89.78,92.0,89.77,90.2,89.77,2540528,231154262.67,shares,0
2024-07-16,89.62,93.22,88.66,92.15,90.2,3205853,292084555.04,shares,0
2024-07-17,63.39,72.6,62.32,67.62,63.43,9764454,658914217.24,shares,0
2024-07-18,72.0,79.89,68.44,77.0,67.62,18554774,1360343937.11,shares,0
2024-07-19,76.5,77.83,74.15,75.29,77.0,14373224,1089580133.79,shares,0
2024-07-22,76.07,77.59,73.01,73.55,75.29,11514880,859882291.34,shares,0
2024-07-23,71.89,71.89,64.68,64.9,73.55,15212593,1033163396.88,shares,0
2024-07-24,65.49,66.8,64.26,64.58,64.9,8439999,552174546.27,shares,0
2024-07-25,62.32,67.46,62.15,65.98,64.58,7292936,478678032.57,shares,0
2024-07-26,65.73,68.28,64.23,65.88,65.98,6011888,397586192.92,shares,0
2024-07-29,65.7,68.27,64.88,66.29,65.88,4585722,306823574.0,shares,0
2024-07-30,65.43,68.0,64.55,67.38,66.29,5179146,345428654.61,shares,0
2024-07-31,66.7,70.78,66.23,70.57,67.38,7499852,515904319.12,shares,0
2024-08-01,70.24,74.0,69.88,71.8,70.57,8109565,583502910.72,shares,0
2024-08-02,70.8,71.99,68.2,68.35,71.8,6044897,422384425.1,shares,0
2024-08-05,67.11,69.22,65.0,65.28,68.35,5278739,351543768.53,shares,0
2024-08-06,66.47,67.67,65.0,67.21,65.28,4202346,279117477.99,shares,0
2024-08-07,67.01,67.85,66.15,66.31,67.21,2699699,180485181.3,shares,0
2024-08-08,65.5,70.38,65.39,68.5,66.31,5131310,350686953.32,shares,0
2024-08-09,69.96,70.81,67.6,67.74,68.5,3573483,246974866.45,shares,0
2024-08-12,67.55,67.66,65.45,65.69,67.74,3027386,200637859.9,shares,0
2024-08-13,65.9,66.28,63.63,64.91,65.69,2784487,180726394.67,shares,0
2024-08-14,65.25,65.5,61.61,61.84,64.91,4241657,267633852.1,shares,0
2024-08-15,61.58,63.38,60.52,61.22,61.84,4566137,282361107.17,shares,0
2024-08-16,61.27,62.4,60.8,61.46,61.22,2540225,156893806.52,shares,0
2024-08-19,61.75,63.33,60.77,62.36,61.46,2960282,185341168.62,shares,0
2024-08-20,62.0,62.58,60.71,60.87,62.36,2098674,128985271.6,shares,0
2024-08-21,60.79,62.18,60.31,61.22,60.87,1991317,122603294.01,shares,0
2024-08-22,61.26,62.45,60.5,61.58,61.22,2139514,131456636.77,shares,0
2024-08-23,61.0,61.4,57.68,59.18,61.58,4613736,271596946.96,shares,0
2024-08-26,58.89,60.66,58.01,58.29,59.18,2734933,161654472.71,shares,0
2024-08-27,58.0,59.27,57.02,57.91,58.29,2280441,132919252.04,shares,0
2024-08-28,57.91,58.49,56.9,57.04,57.91,2098828,120911797.99,shares,0
2024-08-29,56.56,57.51,56.18,56.85,57.04,3780577,215213718.02,shares,0
2024-08-30,57.45,62.96,57.44,62.17,56.85,7486296,457857720.39,shares,0
2024-09-02,61.96,62.1,58.1,58.6,62.17,4927493,294494325.67,shares,0
2024-09-03,58.7,60.22,58.1,59.63,58.6,3022118,179886167.79,shares,0
2024-09-04,58.51,60.8,58.38,59.88,59.63,2770828,165661992.24,shares,0
2024-09-05,59.9,60.48,58.89,59.33,59.88,3086483,184115038.93,shares,0
2024-09-06,59.35,59.35,56.83,56.93,59.33,3105105,179363574.79,shares,0
2024-09-09,56.9,58.36,56.58,57.5,56.93,2280963,131215494.92,shares,0
2024-09-10,57.92,59.0,56.82,58.42,57.5,3253744,188681302.73,shares,0
2024-09-11,58.32,58.38,57.5,58.2,58.42,1795284,104269029.37,shares,0
2024-09-12,58.99,59.25,57.81,57.83,58.2,1885391,110126253.89,shares,0
2024-09-13,58.0,58.49,57.23,57.45,57.83,2233764,129441972.31,shares,0
2024-09-18,58.38,59.8,57.63,59.3,57.45,4025891,236114724.19,shares,0
2024-09-19,59.14,60.41,57.63,59.2,59.3,3497866,206742714.36,shares,0
2024-09-20,59.36,61.79,59.2,60.24,59.2,5088474,307427794.05,shares,0
2024-09-23,60.7,61.47,58.53,58.68,60.24,3683431,219928573.5,shares,0
2024-09-24,58.99,60.68,56.5,60.51,58.68,5587257,330417932.72,shares,0
2024-09-25,60.51,62.37,60.5,60.82,60.51,5011190,307791566.6,shares,0
2024-09-26,60.41,64.88,59.65,64.5,60.82,5694238,353147922.94,shares,0
2024-09-27,65.5,69.5,65.0,69.05,64.5,3723378,250086655.95,shares,0
2024-09-30,73.27,82.86,71.36,82.85,69.05,13531659,1056155623.18,shares,0
2024-10-08,99.42,99.42,95.18,99.42,82.85,16374550,1616576472.37,shares,0
2024-10-09,95.5,115.0,87.0,97.52,99.42,21348806,2128513811.09,shares,0
2024-10-10,96.54,98.52,87.35,88.66,97.52,13203369,1206171815.0,shares,0
2024-10-11,86.0,88.2,80.0,81.8,88.66,10353117,863149241.96,shares,0
2024-10-14,80.92,84.38,77.46,84.2,81.8,10830581,877367599.85,shares,0
2024-10-15,83.0,86.9,81.5,82.01,84.2,9257901,779158588.7,shares,0
2024-10-16,78.97,81.95,77.91,78.26,82.01,7280037,578862456.23,shares,0
2024-10-17,79.7,80.67,78.6,78.6,78.26,6725024,535276028.71,shares,0
2024-10-18,78.6,94.26,78.5,90.6,78.6,15683692,1361531936.11,shares,0
2024-10-21,92.0,96.79,87.94,89.1,90.6,17626252,1619237310.1,shares,0
2024-10-22,88.0,89.51,85.0,86.77,89.1,10352545,900927431.68,shares,0
2024-10-23,83.0,85.59,81.87,83.61,86.77,10758908,900708252.34,shares,0
2024-10-24,83.01,85.33,82.51,83.39,83.61,7796060,653118840.33,shares,0
2024-10-25,83.6,86.72,82.71,85.36,83.39,7738560,654592406.57,shares,0
2024-10-28,85.38,85.68,83.66,85.59,85.36,5634954,477514239.34,shares,0
2024-10-29,85.7,88.88,85.2,85.55,85.59,8990054,779704722.24,shares,0
2024-10-30,84.94,86.5,83.0,84.31,85.55,6382669,540273089.83,shares,0
2024-10-31,84.6,89.0,82.36,87.39,84.31,10308384,890750802.29,shares,0
2024-11-01,88.18,88.85,82.28,82.63,87.39,7352455,627431059.6,shares,0
2024-11-04,82.66,87.21,82.19,86.55,82.63,6102675,521513399.68,shares,0
2024-11-05,86.57,91.66,85.25,90.84,86.55,9201223,820271049.08,shares,0
2024-11-06,90.72,95.85,89.13,92.51,90.84,11180928,1034365483.08,shares,0
2024-11-07,91.07,95.85,91.0,94.7,92.51,8206560,767618016.88,shares,0
2024-11-08,99.47,108.9,96.26,102.49,94.7,17617850,1821260664.76,shares,0
2024-11-11,106.5,120.0,105.5,112.56,102.49,19496612,2203397372.56,shares,0
2024-11-12,112.0,113.99,105.07,106.79,112.56,12549504,1366151366.33,shares,0
2024-11-13,106.88,114.98,106.85,113.19,106.79,12780189,1429200838.61,shares,0
2024-11-14,111.0,113.36,106.87,107.36,113.19,8647525,948414465.4,shares,0
2024-11-15,106.2,108.65,98.74,98.9,107.36,9273424,951121328.6,shares,0
2024-11-18,99.02,99.6,94.28,96.9,98.9,7464476,723261433.45,shares,0
2024-11-19,97.5,103.45,96.86,102.73,96.9,7930642,789124537.56,shares,0
2024-11-20,102.52,102.52,99.3,101.75,102.73,5891970,594103491.21,shares,0
2024-11-21,100.99,108.79,100.49,105.77,101.75,8309231,881105753.02,shares,0
2024-11-22,104.2,107.5,100.63,100.9,105.77,6609584,692323790.77,shares,0
2024-11-25,102.0,105.67,101.02,103.2,100.9,6076698,625968238.44,shares,0
2024-11-26,103.0,105.0,101.0,102.0,103.2,4021747,414664425.86,shares,0
2024-11-27,101.4,104.07,96.0,103.92,102.0,6102858,607066838.88,shares,0
2024-11-28,103.0,107.23,99.88,100.3,103.92,6138337,635383083.13,shares,0
2024-11-29,99.44,106.27,98.42,102.83,100.3,5407020,553338855.34,shares,0
2024-12-02,103.37,105.8,101.68,102.77,102.83,4898177,506879188.67,shares,0
2024-12-03,103.8,105.97,97.5,98.2,102.77,7632777,770755722.23,shares,0
2024-12-04,101.0,102.4,96.01,96.87,98.2,5568136,549431176.92,shares,0
2024-12-05,96.0,97.15,93.4,96.37,96.87,7065798,672059271.01,shares,0
2024-12-06,96.63,97.81,93.77,96.15,96.37,5068162,485252466.57,shares,0
2024-12-09,95.59,96.28,92.38,92.44,96.15,5237538,492668704.16,shares,0
2024-12-10,98.0,98.8,93.44,93.88,92.44,5219720,500235983.22,shares,0
2024-12-11,94.3,95.54,92.61,92.76,93.88,5007601,468876024.39,shares,0
2024-12-12,92.7,94.99,92.08,93.45,92.76,4484544,418944796.32,shares,0
2024-12-13,92.7,93.21,89.08,89.65,93.45,6913373,625849695.17,shares,0
2024-12-16,89.55,89.56,85.91,86.37,89.65,5535593,482523651.68,shares,0
2024-12-17,86.0,87.4,85.08,85.65,86.37,4417749,380690704.59,shares,0
2024-12-18,86.3,88.18,85.2,87.19,85.65,5013165,436055158.91,shares,0
2024-12-19,86.02,88.18,85.44,87.55,87.19,4300271,373370594.66,shares,0
2024-12-20,87.71,93.5,87.2,91.5,87.55,8292021,752426081.32,shares,0
2024-12-23,91.1,91.9,88.75,89.0,91.5,4939620,445068007.48,shares,0
2024-12-24,90.08,90.52,87.3,90.18,89.0,4089308,365423649.87,shares,0
2024-12-25,90.18,90.78,87.03,87.68,90.18,3479950,307738403.01,shares,0
2024-12-26,87.9,92.5,87.25,91.99,87.68,6302717,572177867.03,shares,0
2024-12-27,90.38,95.35,89.5,92.01,91.99,7253661,671014019.22,shares,0
2024-12-30,91.0,92.67,89.53,90.4,92.01,4399088,399486795.07,shares,0
2024-12-31,90.3,90.7,83.6,83.63,90.4,7558398,648372836.67,shares,0
2025-01-02,83.63,84.16,79.6,80.81,83.63,5808668,473984460.47,shares,0
2025-01-03,81.06,83.12,79.49,79.8,80.81,5230415,425007726.7,shares,0
2025-01-06,80.1,81.56,78.18,78.92,79.8,3184816,253275780.93,shares,0
2025-01-07,79.49,80.8,78.15,80.26,78.92,3650999,290567458.62,shares,0
2025-01-08,79.5,79.5,74.11,77.67,80.26,7355964,566945065.69,shares,0
2025-01-09,77.55,78.76,77.01,77.01,77.67,4036448,313956412.13,shares,0
2025-01-10,76.82,80.55,75.53,75.73,77.01,5086082,397014025.79,shares,0
2025-01-13,75.0,78.39,74.5,78.23,75.73,4693062,360622351.58,shares,0
2025-01-14,78.49,82.22,77.5,81.4,78.23,6312144,507520868.93,shares,0
2025-01-15,81.0,81.25,79.1,79.29,81.4,4324788,345803175.6,shares,0
2025-01-16,80.24,82.18,79.0,79.88,79.29,5066944,406699064.15,shares,0
2025-01-17,79.2,82.08,78.22,80.04,79.88,5302247,424458094.24,shares,0
2025-01-20,80.5,81.77,79.29,79.5,80.04,4074631,327880783.86,shares,0
2025-01-21,80.35,80.68,77.71,78.79,79.5,4227067,332187523.61,shares,0
2025-01-22,78.27,78.92,76.8,77.53,78.79,3902929,302833342.36,shares,0
2025-01-23,78.48,79.9,75.92,75.92,77.53,5883530,457355465.83,shares,0
2025-01-24,76.0,78.56,76.0,78.12,75.92,4563226,354869262.9,shares,0
2025-01-27,78.95,79.2,74.85,74.85,78.12,4130389,314941620.94,shares,0
2025-02-05,76.66,77.98,75.56,76.74,74.85,4837889,371682912.99,shares,0
2025-02-06,75.99,83.72,75.68,83.05,76.74,10286605,838612390.72,shares,0
2025-02-07,82.96,84.88,80.79,82.4,83.05,7754636,643919900.23,shares,0
2025-02-10,82.48,89.45,81.3,88.5,82.4,12497858,1073689352.82,shares,0
2025-02-11,86.5,89.92,84.56,86.97,88.5,9556233,828116059.03,shares,0
2025-02-12,86.11,89.56,86.08,89.11,86.97,8857076,778547983.68,shares,0
2025-02-13,88.46,89.66,85.5,85.52,89.11,7058623,617172541.53,shares,0
2025-02-14,84.5,85.88,82.57,83.59,85.52,7057553,590006916.37,shares,0
2025-02-17,83.6,85.29,82.69,84.66,83.59,7682548,645831567.36,shares,0
2025-02-18,86.1,95.48,86.09,91.49,84.66,20230158,1834746344.13,shares,0
2025-02-19,90.01,95.57,89.22,95.32,91.49,17410062,1624055976.25,shares,0
2025-02-20,95.1,97.8,92.0,93.2,95.32,12064197,1137864218.56,shares,0
2025-02-21,93.2,96.98,92.05,95.0,93.2,11153536,1056951962.13,shares,0
2025-02-24,95.0,99.88,93.6,96.05,95.0,9179440,890378108.92,shares,0
2025-02-25,95.0,99.88,93.21,94.2,96.05,9852233,945823978.43,shares,0
2025-02-26,93.51,95.5,91.36,95.39,94.2,8608876,805223868.89,shares,0
2025-02-27,95.4,95.41,88.28,90.95,95.39,10748442,976860776.17,shares,0
2025-02-28,91.0,91.68,86.1,86.47,90.95,7420339,657820623.93,shares,0
2025-03-03,86.51,88.3,84.6,86.8,86.47,6209492,538189166.73,shares,0
2025-03-04,85.6,95.0,85.1,91.43,86.8,12675776,1154301443.48,shares,0
2025-03-05,89.3,90.35,87.56,88.48,91.43,7562814,671695960.88,shares,0
2025-03-11,94.82,102.82,94.0,97.5,88.48,17843490,1758185019.88,shares,0
2025-03-12,96.36,97.38,92.6,92.84,97.5,12134137,1139751255.46,shares,0
2025-03-13,92.91,95.65,92.3,93.05,92.84,8631152,810065276.17,shares,0
2025-03-14,92.6,98.33,91.6,96.7,93.05,9951151,956441407.67,shares,0
2025-03-17,97.5,102.0,97.5,100.58,96.7,12252963,1229026489.75,shares,0
2025-03-18,100.64,101.49,96.86,98.0,100.58,8632701,851071280.21,shares,0
2025-03-19,97.35,100.78,96.59,98.43,98.0,7015872,695878346.09,shares,0
2025-03-20,98.59,101.15,96.71,96.9,98.43,6597691,652351411.8,shares,0
2025-03-21,97.94,102.08,95.01,98.56,96.9,10125020,999963742.46,shares,0
2025-03-24,97.03,105.0,96.95,103.52,98.56,12165590,1243282865.34,shares,0
2025-03-25,102.98,103.3,100.0,100.5,103.52,5871734,595640089.45,shares,0
2025-03-26,101.0,103.38,96.87,97.26,100.5,7118100,714153524.07,shares,0
2025-03-27,96.5,100.0,95.39,97.92,97.26,5783745,567026366.19,shares,0
2025-03-28,97.84,100.58,94.88,96.86,97.92,5678761,550949814.57,shares,0
2025-03-31,96.2,99.46,95.8,98.32,96.86,4599794,449811934.41,shares,0
2025-04-01,99.0,100.41,96.9,98.39,98.32,4496405,443949121.4,shares,0
2025-04-02,97.8,98.34,93.0,94.35,98.39,5043902,480838628.91,shares,0
2025-04-03,93.41,98.78,93.28,95.84,94.35,5662726,547179545.62,shares,0
2025-04-07,90.01,96.55,83.46,88.26,95.84,9244840,842646144.34,shares,0
2025-04-08,89.1,92.6,89.08,90.5,88.26,7086304,643344307.54,shares,0
2025-04-09,88.57,98.5,88.02,96.82,90.5,9189365,880045964.62,shares,0
2025-04-10,97.51,99.6,96.2,97.3,96.82,6591795,647133255.98,shares,0
2025-04-11,97.0,102.84,96.4,99.9,97.3,8290010,828062796.66,shares,0
2025-04-14,100.98,101.37,97.52,97.8,99.9,5402278,532795213.79,shares,0
2025-04-15,97.33,98.16,93.63,95.28,97.8,4228684,403136621.64,shares,0
2025-04-16,94.28,96.36,93.8,95.23,95.28,3152617,299500078.75,shares,0
2025-04-17,94.06,96.68,94.06,94.67,95.23,3111352,297562893.34,shares,0
2025-04-18,94.56,94.79,92.28,92.6,94.67,2589032,241105911.14,shares,0
2025-04-21,92.7,95.0,92.7,94.19,92.6,2140988,201537967.22,shares,0
2025-04-22,93.83,96.77,93.01,95.46,94.19,3513215,334469219.21,shares,0
2025-04-23,94.95,96.46,93.76,94.0,95.46,2976220,281339355.84,shares,0
2025-04-24,94.07,94.16,92.07,92.07,94.0,2443064,226711056.02,shares,0
2025-04-25,92.3,97.0,87.85,95.4,92.07,7650200,706391715.69,shares,0
2025-04-28,97.0,102.1,96.6,99.7,95.4,10004590,998762385.4,shares,0
2025-04-29,97.0,101.0,96.5,98.4,99.7,5081571,500417584.36,shares,0
2025-04-30,98.4,99.8,95.0,95.29,98.4,5018704,487143868.52,shares,0
2025-05-06,95.99,100.33,94.0,100.1,95.29,6189851,605289533.22,shares,0
2025-05-07,100.8,102.83,98.01,99.8,100.1,5145486,514933274.61,shares,0
2025-05-08,99.0,99.49,97.47,97.59,99.8,3408281,334366675.12,shares,0
2025-05-09,97.55,97.55,93.63,93.95,97.59,4699368,445898432.48,shares,0
2025-05-12,94.94,96.69,93.86,95.92,93.95,3381227,322415161.06,shares,0
2025-05-13,96.51,101.28,95.42,98.76,95.92,7259633,715824525.58,shares,0
2025-05-14,98.66,99.45,97.1,98.15,98.76,3115131,305358647.42,shares,0
2025-05-15,98.0,98.6,95.66,96.0,98.15,2678971,259757252.31,shares,0
2025-05-16,95.75,98.89,95.51,96.08,96.0,3130941,303628307.78,shares,0
2025-05-19,96.25,99.43,95.68,98.6,96.08,4027041,395365740.15,shares,0
2025-05-20,98.2,99.3,97.17,97.78,98.6,2824033,277178392.58,shares,0
2025-05-21,97.32,97.94,95.2,95.59,97.78,2727317,261978610.95,shares,0
2025-05-22,94.81,96.73,94.25,94.39,95.59,2164855,206043879.9,shares,0
2025-05-23,94.39,94.61,92.96,93.34,94.39,2678065,250771025.1,shares,0
2025-05-26,94.5,96.58,93.89,95.1,93.34,2994154,285682319.29,shares,0
2025-05-27,94.15,95.26,93.5,93.95,95.1,2286650,215769929.12,shares,0
2025-05-28,94.59,94.59,92.36,92.79,93.95,1979909,184087069.35,shares,0
2025-05-29,93.15,95.16,92.57,94.65,92.79,2079448,196291402.58,shares,0
2025-05-30,94.06,94.14,91.33,91.33,94.65,2353246,218248540.35,shares,0
2025-06-03,91.5,96.0,91.5,95.3,91.33,4523956,428097170.79,shares,0
2025-06-04,95.0,96.0,93.8,93.96,95.3,2552405,240545058.18,shares,0
2025-06-05,94.0,97.8,93.6,96.7,93.96,3904529,375155248.19,shares,0
2025-06-06,96.52,99.88,96.2,97.03,96.7,2780478,271541204.07,shares,0
2025-06-09,97.0,98.48,96.01,98.41,97.03,3920130,382080025.97,shares,0
2025-06-10,97.95,97.95,94.19,94.38,98.41,3300709,314984464.62,shares,0
2025-06-11,94.9,96.79,93.11,93.95,94.38,3471261,329065917.22,shares,0
2025-06-12,93.95,94.49,93.11,94.1,93.95,2759808,258675232.29,shares,0
2025-06-13,93.37,94.66,92.26,93.7,94.1,4110370,383168132.89,shares,0
2025-06-16,93.0,95.27,92.2,95.09,93.7,3254497,306256566.62,shares,0
2025-06-17,95.06,95.25,93.81,94.37,95.09,2062459,194652261.73,shares,0
2025-06-18,94.07,101.97,94.07,99.55,94.37,9297254,914226934.92,shares,0
2025-06-19,99.57,102.0,98.91,101.41,99.55,6500803,657400342.06,shares,0
2025-06-20,101.41,105.58,101.41,103.9,101.41,7312386,759595378.25,shares,0
2025-06-23,103.99,109.0,103.02,107.1,103.9,6839465,731506738.57,shares,0
2025-06-24,108.0,108.66,104.96,107.15,107.1,4548668,485868167.11,shares,0
2025-06-25,107.16,107.5,104.9,106.99,107.15,4019725,426883713.33,shares,0
2025-06-26,107.18,108.48,104.8,105.05,106.99,4421443,470836623.55,shares,0
2025-06-27,106.0,107.18,105.14,105.4,105.05,2820961,299246289.43,shares,0
2025-06-30,107.03,108.5,105.62,107.2,105.4,4207811,449896146.68,shares,0
2025-07-01,107.0,112.96,107.0,111.8,107.2,6315377,700714686.44,shares,0
2025-07-02,111.8,111.97,106.89,107.4,111.8,3079159,335254894.15,shares,0
2025-07-03,107.8,108.35,104.5,105.1,107.4,3709609,393467575.84,shares,0
2025-07-04,104.05,111.78,103.93,107.5,105.1,4590650,495497132.3,shares,0
2025-07-07,107.08,111.76,107.08,108.21,107.5,3494731,384957397.87,shares,0
2025-07-08,107.8,110.33,105.64,107.31,108.1,3726747,399966188.05,shares,0
2025-07-09,106.9,112.44,106.9,111.36,107.31,5310489,587386586.64,shares,0
2025-07-10,110.57,110.99,108.01,109.0,111.36,2994393,327469311.69,shares,0
2025-07-11,109.01,109.7,107.17,108.7,109.0,2694788,292605590.58,shares,0
2025-07-14,108.7,108.7,106.52,106.8,108.7,2206698,236844175.54,shares,0
2025-07-15,106.8,107.22,103.02,103.78,106.8,4117432,430251405.87,shares,0
2025-07-16,103.78,105.58,103.51,103.61,103.78,2009940,209941505.46,shares,0
2025-07-17,103.71,104.55,101.3,103.93,103.61,4336345,446327818.76,shares,0
2025-07-18,105.0,105.89,103.43,104.6,103.93,2527025,264267606.02,shares,0
2025-07-21,104.6,105.38,103.01,104.71,104.6,2697395,281907753.29,shares,0
2025-07-22,104.2,106.45,103.72,105.06,104.71,2888687,303619918.02,shares,0
2025-07-23,105.98,110.28,104.67,109.7,105.06,6226551,677598219.73,shares,0
2025-07-24,110.0,116.5,109.0,115.8,109.7,6241784,709170495.62,shares,0
2025-07-25,115.73,119.42,114.3,119.0,115.8,5677780,666083219.38,shares,0
2025-07-28,119.51,120.26,116.2,117.77,119.0,3524351,417092417.12,shares,0
2025-07-29,117.38,121.8,117.0,120.73,117.77,3793639,453571569.98,shares,0
2025-07-30,119.88,121.52,115.1,119.48,120.73,4159227,494759641.95,shares,0
2025-07-31,119.01,120.0,113.6,114.02,119.48,5783185,669692163.81,shares,0
2025-08-01,114.5,114.98,110.96,111.7,114.02,3249153,365578632.95,shares,0
2025-08-04,111.0,114.13,110.5,113.74,111.7,3042925,344375929.68,shares,0
2025-08-05,113.7,116.59,112.59,114.9,113.74,2933284,338644302.21,shares,0
2025-08-06,114.56,116.28,113.8,114.65,114.9,2588245,297496381.62,shares,0
2025-08-07,114.65,117.49,113.81,116.28,114.65,3192781,370085192.57,shares,0
2025-08-08,115.59,117.4,112.2,112.9,116.28,3352536,382081673.08,shares,0
2025-08-11,112.5,113.93,111.16,112.63,112.9,3760433,423823589.88,shares,0
2025-08-12,112.32,119.0,112.32,115.96,112.63,4377122,508217640.83,shares,0
2025-08-13,116.22,118.38,115.5,118.1,115.96,2827909,330595441.48,shares,0
2025-08-14,117.93,120.66,115.15,115.2,118.1,3966966,467218208.07,shares,0
2025-08-15,115.5,120.35,114.05,119.96,115.2,4283721,503738445.42,shares,0
2025-08-18,119.99,128.99,118.9,126.17,119.96,6778057,841689119.69,shares,0
2025-08-19,125.5,125.6,121.7,122.0,126.17,4080165,501683991.57,shares,0
2025-08-20,121.6,130.0,119.18,129.98,122.0,6181508,771326996.19,shares,0
2025-08-21,128.1,130.99,126.0,126.38,129.98,4431604,569935617.07,shares,0
2025-08-22,126.41,148.37,126.05,141.04,126.38,9431668,1288013943.16,shares,0
2025-08-25,144.88,144.88,132.07,135.22,141.04,11740116,1591777277.76,shares,0
2025-08-26,132.55,134.7,129.66,130.7,135.22,7089144,933420274.28,shares,0
2025-08-27,130.0,136.0,128.02,128.2,130.7,8039106,1060369667.08,shares,0
2025-08-28,127.82,133.0,127.31,132.78,128.2,7873944,1032316770.36,shares,0
2025-08-29,129.0,129.0,122.51,124.25,132.78,10604065,1320116826.68,shares,0
2025-09-01,125.53,128.8,123.3,127.8,124.25,6673075,843011767.78,shares,0
2025-09-02,126.9,131.49,121.88,122.61,127.8,6957398,880161244.52,shares,0
2025-09-03,123.68,129.52,122.3,125.7,122.61,6941882,877856419.84,shares,0
2025-09-04,126.26,126.96,112.63,115.8,125.7,7720112,913068587.18,shares,0
2025-09-05,116.0,121.21,114.5,120.83,115.8,5770628,685044553.69,shares,0
2025-09-08,120.83,124.75,119.0,124.02,120.83,5379093,654878507.69,shares,0
2025-09-09,123.0,123.88,119.44,119.93,124.02,3840318,464333971.27,shares,0
2025-09-10,120.79,121.0,118.7,120.6,119.93,4228589,507136849.26,shares,0
2025-09-11,120.0,124.96,118.48,123.77,120.6,5143963,628863475.76,shares,0
2025-09-12,123.86,125.48,119.66,120.5,123.77,6055790,742343571.37,shares,0
2025-09-15,124.01,124.69,121.71,122.04,120.5,5894266,725472778.09,shares,0
2025-09-16,121.98,123.19,119.21,122.64,122.04,4707577,571810499.29,shares,0
2025-09-17,122.3,130.78,122.1,128.56,122.64,7742372,987818185.51,shares,0
2025-09-18,128.01,136.66,126.25,129.49,128.56,10794843,1424368534.22,shares,0
2025-09-19,129.61,133.33,126.98,127.79,129.49,6364320,828550164.28,shares,0
2025-09-22,127.42,130.99,126.55,128.78,127.79,5415708,697120320.16,shares,0
2025-09-23,130.83,132.4,125.19,131.43,128.78,6207801,800003784.31,shares,0
2025-09-24,131.48,153.48,131.13,145.46,131.43,14081928,1999905741.69,shares,0
2025-09-25,145.39,145.39,138.38,138.58,145.46,10240400,1434590662.4,shares,0
2025-09-26,137.02,142.84,136.7,138.19,138.58,8046719,1125053831.13,shares,0
2025-09-29,137.8,142.55,137.01,141.46,138.19,5861749,821495492.84,shares,0
2025-09-30,142.81,150.58,140.86,149.0,141.46,7565003,1116744715.5,shares,0
2025-10-09,149.88,158.88,146.3,150.1,149.0,8582385,1312939381.45,shares,0
2025-10-10,147.88,154.0,144.38,148.52,150.1,6942721,1035707465.04,shares,0
2025-10-13,144.0,158.0,142.52,158.0,148.52,7411904,1129971523.38,shares,0
2025-10-14,157.0,157.5,138.17,140.56,158.0,9558594,1402025294.06,shares,0
2025-10-15,140.16,143.5,135.01,138.95,140.56,5466697,760145909.08,shares,0
2025-10-16,138.26,139.18,132.84,133.65,138.95,6601873,897182324.77,shares,0
2025-10-17,133.0,133.88,127.28,127.79,133.65,5257476,679493833.67,shares,0
2025-10-20,130.0,131.43,124.0,125.5,127.79,4708884,601166937.19,shares,0
2025-10-21,126.75,127.47,124.53,127.04,125.5,4668861,589470177.6,shares,0
2025-10-22,126.0,128.4,123.0,125.16,127.04,5279998,660852198.75,shares,0
2025-10-23,124.5,125.75,121.6,123.84,125.16,3178996,391556548.2,shares,0
2025-10-24,125.6,128.49,124.11,125.27,123.84,5765684,727726526.88,shares,0
2025-10-27,129.0,131.1,126.5,128.76,125.27,6099396,786944113.75,shares,0
2025-10-28,127.39,129.96,125.8,126.21,128.76,4409279,564028178.14,shares,0
2025-10-29,126.0,126.6,121.5,123.7,126.21,6520311,803623138.46,shares,0
2025-10-30,123.07,124.0,121.28,121.3,123.7,4738815,580186793.81,shares,0
2025-10-31,118.0,122.6,116.25,119.99,121.3,6056287,727929845.32,shares,0
2025-11-03,118.63,120.35,114.51,120.07,119.99,5016199,589642407.43,shares,0
2025-11-04,120.17,124.09,119.81,122.2,120.07,5736821,703698526.69,shares,0
2025-11-05,120.2,126.3,119.68,124.38,122.2,5495242,679326640.73,shares,0
2025-11-06,124.38,132.23,124.37,131.3,124.38,8906905,1152045225.17,shares,0
2025-11-07,130.51,135.77,129.21,131.33,131.3,6593780,875828292.31,shares,0
2025-11-10,131.0,137.65,129.53,131.36,131.33,6512762,868731010.35,shares,0
2025-11-11,131.6,136.25,128.73,129.01,131.36,5307868,700716126.32,shares,0
2025-11-12,129.0,130.21,124.18,126.84,129.01,4185835,531600983.41,shares,0
2025-11-13,127.0,130.49,125.54,127.01,126.84,3158040,402584046.02,shares,0
2025-11-14,125.6,129.96,122.6,125.52,127.01,3566619,448983427.52,shares,0
2025-11-17,130.69,135.5,124.08,124.85,125.52,6785994,874527300.16,shares,0
2025-11-18,125.11,134.0,124.85,127.13,124.85,8860320,1146691783.37,shares,0
2025-11-19,126.09,132.0,126.09,128.97,127.13,4966032,643223280.61,shares,0
2025-11-20,129.63,131.79,126.01,126.05,128.97,3571667,455637442.55,shares,0
2025-11-21,125.25,126.99,120.0,120.0,126.05,4462266,547115718.71,shares,0
2025-11-24,120.82,124.41,118.58,122.22,120.0,4564803,553017221.09,shares,0
2025-11-25,122.8,123.62,119.92,120.4,122.22,3904217,474502561.1,shares,0
2025-11-26,120.0,127.29,118.83,123.89,120.4,4740030,590103686.26,shares,0
2025-11-27,123.89,126.5,119.4,119.93,123.89,4063267,498581331.93,shares,0
2025-11-28,119.02,127.24,118.2,125.09,119.93,5042056,628166029.45,shares,0
2025-12-01,125.27,127.39,123.43,126.89,125.09,3664278,460155847.41,shares,0
2025-12-02,127.6,127.6,123.38,124.01,126.89,2208797,274958595.92,shares,0
2025-12-03,123.69,128.28,123.42,124.52,124.01,2231467,280004787.44,shares,0
2025-12-04,124.45,133.72,122.3,130.83,124.52,4897964,630512927.86,shares,0
2025-12-05,131.16,131.21,128.19,130.58,130.83,2541841,330265513.46,shares,0
2025-12-08,130.58,131.66,127.8,130.95,130.58,3209534,416795403.37,shares,0
2025-12-09,129.9,131.98,127.6,128.13,130.95,2633628,340946811.54,shares,0
2025-12-10,127.51,128.1,123.03,126.7,128.13,2716454,341055571.09,shares,0
2025-12-11,126.69,127.86,123.68,124.47,126.7,2453386,308014201.49,shares,0
2025-12-12,124.47,128.88,118.41,128.5,124.47,6710057,828913081.16,shares,0
2025-12-15,126.5,128.79,124.65,125.25,128.5,3057086,385993022.55,shares,0
2025-12-16,124.97,133.18,124.0,130.58,125.25,6660315,862115368.21,shares,0
2025-12-17,132.03,134.54,128.08,133.6,130.58,4466475,587193033.27,shares,0
2025-12-18,134.45,136.43,130.0,130.0,133.6,3704683,490798304.67,shares,0
2025-12-19,131.96,134.44,129.01,131.9,130.0,3888661,514262520.14,shares,0
2025-12-22,133.76,145.2,132.68,145.0,131.9,7063653,986681999.08,shares,0
2025-12-23,142.0,151.65,141.16,146.01,145.0,7140421,1052935203.29,shares,0
2025-12-24,150.99,157.98,149.41,150.4,146.01,9847954,1502878522.08,shares,0
2025-12-25,150.85,152.65,146.1,149.14,150.4,4698248,699101871.83,shares,0
2025-12-26,149.0,149.85,144.0,145.27,149.14,4114063,600106912.78,shares,0
2025-12-29,145.13,145.6,140.29,143.24,145.27,6844448,974247769.47,shares,0
2025-12-30,141.81,148.0,141.5,144.99,143.24,4023985,585784209.88,shares,0
2025-12-31,148.13,153.0,146.54,148.51,144.99,5611231,839956104.43,shares,0
2026-01-05,149.01,159.32,149.01,154.0,148.51,5163279,797572601.01,shares,0
2026-01-06,153.82,165.0,152.6,158.99,154.0,6594710,1059872811.04,shares,0
2026-01-07,165.0,190.79,164.2,190.79,158.99,10703670,1936100125.4,shares,0
2026-01-08,200.0,228.88,193.3,215.92,190.79,18352882,3726760048.31,shares,0
2026-01-09,205.0,209.29,193.33,201.0,215.92,16986802,3402209732.59,shares,0
2026-01-12,194.05,198.18,188.0,191.1,201.0,13347202,2572484026.46,shares,0
2026-01-13,192.91,194.63,179.8,181.92,191.1,10322425,1918516186.63,shares,0
2026-01-14,181.0,194.35,180.0,189.0,181.92,11210910,2115332303.5,shares,0
2026-01-15,183.6,211.98,183.0,209.09,189.0,12114740,2405944803.2,shares,0
2026-01-16,215.36,238.08,205.0,220.45,209.09,12362986,2723175473.74,shares,0
2026-01-19,220.0,233.92,212.0,227.5,220.45,10378728,2301068968.71,shares,0
2026-01-20,222.99,225.96,213.03,217.0,227.5,7939470,1732768037.31,shares,0
2026-01-21,215.2,220.88,208.88,212.3,217.0,7731179,1650337230.36,shares,0
2026-01-22,215.02,216.77,202.2,206.0,212.3,7779536,1600440707.59,shares,0
2026-01-23,206.04,212.44,198.9,212.39,206.0,8371353,1718192070.8,shares,0
2026-01-26,209.0,209.55,198.01,200.0,212.39,7247482,1461784360.21,shares,0
2026-01-27,201.45,233.33,201.45,222.63,200.0,12644599,2770427205.16,shares,0
2026-01-28,222.62,226.54,216.11,224.0,222.63,7699734,1704506787.58,shares,0
2026-01-29,220.0,223.49,210.0,210.86,224.0,6941157,1496893383.33,shares,0
2026-01-30,211.0,217.99,205.51,207.1,210.86,4967952,1047792954.84,shares,0
2026-02-02,207.0,207.0,188.88,190.19,207.1,8694353,1686382985.38,shares,0
2026-02-03,193.9,196.2,189.4,195.99,190.19,6682527,1288126681.47,shares,0
2026-02-04,194.03,198.66,192.69,195.29,195.99,4451317,871350009.06,shares,0
2026-02-05,191.5,210.91,187.75,207.03,195.29,9267822,1849267335.83,shares,0
2026-02-06,205.79,209.05,202.22,203.0,207.03,6103361,1258729205.39,shares,0
2026-02-09,214.0,217.9,206.2,209.71,203.0,5357985,1133781658.33,shares,0
2026-02-10,210.14,218.57,207.24,212.82,209.71,5413691,1160699421.72,shares,0
2026-02-11,213.0,213.17,204.31,206.11,212.82,2815593,583005343.83,shares,0
2026-02-12,209.04,211.0,203.14,207.58,206.11,3552967,734439567.22,shares,0
2026-02-13,207.0,219.8,205.69,212.7,207.58,4804808,1035781899.38,shares,0
2026-02-24,213.1,213.49,197.0,202.33,212.7,4503562,910940457.3,shares,0
2026-02-25,204.0,217.4,199.0,212.2,202.33,6367360,1331475058.97,shares,0
2026-02-26,215.99,224.88,208.5,219.38,212.2,5836358,1269875527.69,shares,0
2026-02-27,215.0,224.89,209.38,217.77,219.38,3991496,868105085.06,shares,0
2026-03-02,213.2,224.99,211.4,215.98,217.77,4857356,1053729133.34,shares,0
2026-03-03,216.99,224.59,205.8,208.0,215.98,5307270,1125688866.86,shares,0
2026-03-04,203.0,209.4,198.1,203.87,208.0,4119286,836346272.94,shares,0
2026-03-05,209.0,211.96,204.0,206.52,203.87,3541198,736631067.55,shares,0
2026-03-06,205.84,209.58,187.35,189.79,206.52,8053600,1569526052.56,shares,0
2026-03-09,182.01,185.58,175.29,181.88,189.79,9609943,1721091513.77,shares,0
2026-03-10,186.01,188.64,181.9,184.4,181.88,5429707,1004526486.15,shares,0
2026-03-11,182.0,185.98,175.77,178.33,184.4,7189351,1283451248.59,shares,0
2026-03-12,178.15,180.0,173.58,176.15,178.33,5275970,928033190.35,shares,0
2026-03-13,173.0,176.84,171.0,172.5,176.15,4492943,780742587.81,shares,0
2026-03-16,173.4,174.65,167.68,174.5,172.5,4381788,750205076.03,shares,0
2026-03-17,175.0,177.78,170.01,170.14,174.5,3221302,560696740.83,shares,0
2026-03-18,171.49,173.38,168.85,170.92,170.14,2879901,493047581.49,shares,0
2026-03-19,167.66,170.91,164.38,165.72,170.92,3293961,550455417.01,shares,0
2026-03-20,167.58,169.98,165.0,165.01,165.72,4922210,823720425.97,shares,0
2026-03-23,164.0,165.08,155.0,156.45,165.01,5724577,908175582.57,shares,0
2026-03-24,159.0,159.15,154.0,159.09,156.45,3464498,541766136.34,shares,0
2026-03-25,162.3,169.69,161.88,167.77,159.09,5680508,952998373.37,shares,0
2026-03-26,165.17,166.83,162.21,164.0,167.77,3861627,635037930.38,shares,0
2026-03-27,164.0,172.55,160.39,171.6,164.0,5590919,940998657.6,shares,0
2026-03-30,167.99,178.93,166.08,176.22,171.6,6983669,1210163354.21,shares,0
2026-03-31,174.5,175.66,167.3,167.56,176.22,4180035,714586613.3,shares,0
2026-04-01,171.88,174.57,168.16,172.85,167.56,3989757,685034576.51,shares,0
2026-04-02,171.6,171.6,164.51,166.46,172.85,3444944,575699122.25,shares,0
2026-04-03,168.1,168.8,162.8,164.26,166.46,2415791,398923201.86,shares,0
2026-04-07,167.88,173.34,166.42,169.48,164.26,3182783,543308297.4,shares,0
2026-04-08,177.36,180.87,173.36,180.0,169.48,5144362,916432159.43,shares,0
2026-04-09,176.0,184.76,175.87,178.63,180.0,4043738,731209283.42,shares,0
2026-04-10,183.0,188.36,180.0,184.45,178.63,4667797,867043923.95,shares,0
2026-04-13,181.0,186.8,180.1,183.2,184.45,3420827,628383670.94,shares,0
2026-04-14,186.21,197.91,183.5,195.13,183.2,6513467,1240916310.23,shares,0
2026-04-15,199.13,199.43,181.32,181.99,195.13,6504751,1227514592.17,shares,0
2026-04-16,182.9,189.98,180.3,184.23,181.99,6186090,1151361078.1,shares,0
2026-04-17,181.0,185.31,178.9,182.0,184.23,4762062,865898854.87,shares,0
2026-04-20,178.2,188.28,176.78,181.82,182.0,5763700,1052750607.68,shares,0
2026-04-21,181.25,182.25,173.72,176.8,181.82,5229457,921598778.74,shares,0
2026-04-22,176.4,189.66,176.4,187.0,176.8,7672571,1417614937.47,shares,0
2026-04-23,189.0,190.0,178.58,183.02,187.0,6401196,1173063296.79,shares,0
2026-04-24,185.0,187.95,179.79,179.95,183.02,5352337,975762161.9,shares,0
2026-04-27,182.0,215.94,180.17,212.0,179.95,16613629,3349889649.63,shares,0
2026-04-28,206.0,213.0,197.0,201.5,212.0,10686914,2177568064.99,shares,0
2026-04-29,201.5,206.55,195.1,205.0,201.5,9461312,1902253620.47,shares,0
2026-04-30,198.5,245.0,195.69,232.11,205.0,16745055,3594613017.81,shares,0
2026-05-06,232.11,248.48,226.4,233.0,232.11,13239974,3123625869.87,shares,0
2026-05-07,229.0,238.09,222.22,238.09,233.0,9402011,2149293176.13,shares,0
2026-05-08,232.0,236.81,227.68,227.97,238.09,6948543,1603958373.11,shares,0
2026-05-11,231.01,243.68,223.01,236.48,227.97,12853923,3028370254.97,shares,0
2026-05-12,238.82,283.0,236.5,273.74,236.48,14199666,3753689375.32,shares,0
2026-05-13,265.0,285.5,262.8,274.37,273.74,11058138,3020147023.97,shares,0
2026-05-14,271.31,278.8,254.6,258.0,274.37,11261136,2965683207.4,shares,0
2026-05-15,258.0,297.47,247.1,276.74,258.0,14350184,3871415670.23,shares,0
2026-05-18,279.94,294.12,272.0,286.3,276.74,9872752,2803922526.74,shares,0
2026-05-19,280.36,300.0,266.0,294.52,286.3,9235574,2592946950.26,shares,0
2026-05-20,291.58,313.0,286.2,307.81,294.52,8605814,2588122975.78,shares,0
2026-05-21,310.09,330.0,280.0,285.15,307.81,12900888,3968551474.6,shares,0
2026-05-22,285.15,291.5,275.0,288.74,285.15,8368070,2359531510.8,shares,0
2026-05-25,282.0,307.5,270.01,288.75,288.74,11093346,3179099284.27,shares,0
2026-05-26,286.0,287.99,263.0,268.37,288.75,10750093,2897815040.56,shares,0
2026-05-27,271.6,280.88,259.61,260.5,268.37,9176480,2477417274.64,shares,0
2026-05-28,264.53,266.8,256.09,263.05,260.5,7467976,1954324126.87,shares,0
2026-05-29,264.0,264.9,242.92,245.3,263.05,9387769,2359793600.25,shares,0
2026-06-01,250.21,251.76,236.01,237.32,245.3,7659783,1854849620.62,shares,0
2026-06-02,242.06,245.96,232.99,242.79,237.32,6533571,1576930726.44,shares,0
2026-06-03,245.75,277.0,239.0,256.95,242.79,10420557,2683015413.57,shares,0
2026-06-04,250.0,264.68,246.08,258.63,256.95,8941519,2293694556.27,shares,0
2026-06-05,257.28,258.0,243.7,247.19,258.63,6234707,1561049651.95,shares,0
2026-06-08,235.0,248.38,228.08,230.75,247.19,7724204,1820273893.79,shares,0
2026-06-09,237.67,249.9,234.03,246.0,230.75,6475256,1562720317.88,shares,0
2026-06-10,244.79,255.68,239.86,244.12,246.0,6744398,1668180738.95,shares,0
2026-06-11,244.2,264.08,244.2,260.3,244.12,9670286,2477936132.33,shares,0
2026-06-12,275.99,282.98,254.0,255.59,260.3,12618236,3380267785.99,shares,0
2026-06-15,255.58,269.63,248.0,267.35,255.59,7829005,2060126577.71,shares,0
2026-06-16,267.35,277.48,260.99,272.0,267.35,7917393,2132532975.54,shares,0
2026-06-17,267.59,288.0,262.09,287.3,272.0,9455226,2616328219.01,shares,0
2026-06-18,284.58,299.13,278.0,293.05,287.3,8635130,2478866268.54,shares,0
2026-06-22,293.0,305.0,276.01,288.12,293.05,8545768,2481467307.65,shares,0
2026-06-23,282.02,298.5,276.2,283.77,288.12,8263805,2358947542.59,shares,0
2026-06-24,280.12,318.78,277.92,318.0,283.77,9373786,2823216325.48,shares,0
2026-06-25,318.0,349.0,317.27,333.0,318.0,9037644,3003513206.66,shares,0
2026-06-26,330.0,363.0,328.0,354.9,333.0,10698327,3733190365.4,shares,0
2026-06-29,360.0,399.98,355.6,399.64,354.9,11037141,4151326729.75,shares,0
2026-06-30,396.58,453.64,390.0,439.05,399.64,9751216,4131383139.93,shares,0
2026-07-01,440.0,459.88,401.0,408.0,439.05,10213215,4363607175.37,shares,0
2026-07-02,387.6,406.99,353.09,360.0,408.0,11873216,4447072593.26,shares,0
2026-07-03,357.79,370.0,339.24,355.12,360.0,9911476,3528683400.85,shares,0
2026-07-06,361.5,379.86,340.0,370.76,355.12,9102446,3308884298.91,shares,0
2026-07-07,360.0,401.8,355.85,382.0,370.76,7657169,2931156815.78,shares,0
2026-07-08,389.0,429.0,377.0,406.0,382.0,8416621,3371107086.52,shares,0
2026-07-09,412.08,437.0,391.5,431.62,406.0,8784031,3612317403.72,shares,0
2026-07-10,431.11,441.0,383.23,383.23,431.62,8269615,3422775055.5,shares,0
2026-07-13,381.1,407.0,372.38,378.0,383.23,8772037,3425422645.47,shares,0
2026-07-14,381.62,387.98,357.0,382.5,378.0,6137850,2313720746.38,shares,0
2026-07-15,390.0,397.6,363.5,372.86,382.5,7287594,2759888882.0,shares,0
2026-07-16,369.7,376.33,344.34,349.0,372.86,7880556,2823699165.38,shares,0
2026-07-17,354.55,354.98,305.0,310.59,349.0,8026747,2630137503.22,shares,0
2026-07-20,320.0,327.99,285.21,298.75,310.59,8054064,2495692234.46,shares,0
2026-07-21,304.78,358.5,287.17,358.5,298.75,10056533,3252884526.01,shares,0
2026-07-22,361.2,372.98,342.0,348.0,358.5,9391661,3361896689.14,shares,0
2026-07-23,351.32,353.88,327.0,331.0,348.0,5749652,1940601320.24,shares,0
2026-07-24,327.14,359.95,322.09,342.0,331.0,5940918,2027019721.22,shares,0
2026-07-27,336.7,355.0,323.07,349.3,342.0,5913104,2011859735.78,shares,0
2026-07-28,355.0,372.0,325.08,332.44,349.3,9928067,3491255464.41,shares,0
2026-07-29,327.55,339.8,303.29,335.01,332.44,8509483,2721356957.13,shares,0
2026-07-30,329.89,334.16,285.8,285.8,335.01,8863156,2685070977.38,shares,0
2026-07-31,330.0,338.0,293.0,293.39,285.8,8046564,2484695311.61,shares,0
2026-08-03,292.53,297.5,255.78,261.0,293.39,10677796,2858343145.5,shares,0
2026-08-04,259.86,281.78,251.69,275.73,261.0,9015679,2411924016.67,shares,0
2026-08-05,275.0,304.05,273.0,298.97,275.73,7848645,2287195758.98,shares,0
2026-08-06,290.0,311.98,283.27,301.98,298.97,6633121,1987292821.76,shares,0
2026-08-07,303.0,313.73,296.38,310.87,301.98,5348587,1642275258.74,shares,0
2026-08-10,310.88,328.99,309.0,322.2,310.83,6338087,2019618520.42,shares,0
2026-08-11,318.3,323.3,302.03,315.15,322.2,5594707,1762568045.28,shares,0
2026-08-12,317.41,342.5,316.01,339.0,315.15,6270949,2106468172.31,shares,0
2026-08-13,345.0,349.66,328.78,329.97,339.0,5011142,1704100182.28,shares,0
2026-08-14,333.4,341.98,328.05,336.8,329.97,3606232,1206004316.27,shares,0
2026-08-17,339.0,348.0,332.01,346.03,336.8,4842050,1654711818.24,shares,0
2026-08-18,344.0,358.58,342.22,356.5,346.03,6063496,2131150542.96,shares,0
2026-08-19,347.5,362.55,337.0,344.69,356.5,8917750,3099916605.93,shares,0
2026-08-20,353.0,379.0,344.3,367.59,344.69,8140740,2957540626.75,shares,0
2026-08-21,363.0,375.5,353.23,366.5,367.59,5098743,1860782173.91,shares,0
2026-08-24,369.0,378.6,357.04,366.95,366.5,4469013,1640757500.57,shares,0
2026-08-25,358.0,366.0,337.01,355.65,366.95,5293579,1852491642.48,shares,0
2026-08-26,348.12,376.66,348.12,372.82,355.65,5831990,2137382098.17,shares,0
2026-08-27,372.0,377.77,359.01,375.0,372.82,4987155,1837379835.15,shares,0
2026-08-28,373.13,375.0,360.59,367.74,375.0,4016551,1479094956.13,shares,0
2026-08-31,360.0,372.98,352.17,370.0,367.74,5267453,1918507609.23,shares,0
2026-09-01,367.29,370.0,341.88,342.0,370.0,5114177,1791288720.91,shares,0
2026-09-02,334.9,350.65,331.0,341.29,342.0,3342652,1142863935.44,shares,0
2026-09-03,345.99,348.66,324.0,327.6,341.29,3991926,1324664666.31,shares,0
2026-09-04,332.0,335.87,316.0,317.89,327.6,4301231,1392579693.96,shares,0
2026-09-07,324.0,341.98,321.45,339.94,317.89,3769729,1252610356.71,shares,0
2026-09-08,338.03,343.99,329.09,330.66,339.94,2988675,1008118637.24,shares,0
2026-09-09,337.99,340.66,326.34,327.47,330.66,2555218,847187491.09,shares,0
2026-09-10,326.11,331.09,320.37,322.98,327.47,2310467,749811612.71,shares,0
2026-09-11,320.0,320.0,300.79,312.0,322.98,3650586,1133177117.03,shares,0
2026-09-14,308.0,312.03,301.13,309.38,312.0,3603914,1103082008.36,shares,0
2026-09-15,311.4,328.0,304.88,321.0,309.38,4573258,1454353989.44,shares,0
2026-09-16,321.7,348.0,318.96,338.53,321.0,5711955,1915646736.65,shares,0
2026-09-17,337.85,349.84,335.38,346.0,338.53,3956734,1360801063.49,shares,0
2026-09-18,355.49,371.5,348.04,363.98,346.0,5295978,1912165745.16,shares,0
2026-09-21,363.98,366.22,353.0,356.0,363.98,4197441,1508413931.3,shares,0
2026-09-22,369.0,370.0,356.02,361.5,356.0,3886380,1414193537.78,shares,0
2026-09-23,366.03,366.03,350.0,351.57,361.5,2863871,1016462334.63,shares,0
2026-09-24,349.25,353.09,343.0,344.98,351.57,2058301,716636833.64,shares,0
