date,open,high,low,close,preclose,volume,amount,volume_unit,special_treatment
2019-12-26,50.01,55.1,49.81,52.0,22.16,21117832,1098028701.0,shares,0
2019-12-27,52.4,52.4,46.02,48.0,52.0,15518380,755728033.0,shares,0
2019-12-30,46.99,46.99,42.77,43.59,48.0,9017010,399043824.0,shares,0
2019-12-31,43.4,45.07,42.16,43.85,43.59,6111372,269896818.0,shares,0
2020-01-02,44.2,46.6,43.0,45.3,43.85,6886035,308760011.0,shares,0
2020-01-03,45.5,46.26,44.08,45.0,45.3,6400874,288602325.0,shares,0
2020-01-06,44.61,50.87,44.6,50.7,45.0,11181111,535652828.0,shares,0
2020-01-07,50.0,53.66,49.58,50.9,50.7,8811434,454439477.0,shares,0
2020-01-08,50.7,56.25,50.4,55.0,50.9,8115082,436277059.0,shares,0
2020-01-09,53.16,56.1,52.8,55.52,55.0,6104187,332544148.0,shares,0
2020-01-10,55.58,56.88,54.0,54.45,55.52,3164757,174834753.0,shares,0
2020-01-13,54.0,61.5,53.97,61.0,54.45,6118253,352245930.0,shares,0
2020-01-14,61.0,69.8,59.55,63.41,61.0,6372628,407417551.0,shares,0
2020-01-15,64.32,67.4,63.58,65.88,63.41,3550457,231575174.0,shares,0
2020-01-16,66.15,75.3,65.13,75.1,65.88,5940161,418308132.0,shares,0
2020-01-17,73.5,77.98,71.0,74.77,75.1,5201901,387713236.0,shares,0
2020-01-20,73.6,82.0,73.2,75.38,74.77,4483795,344902521.0,shares,0
2020-01-21,73.66,74.48,68.8,70.0,75.38,4367639,310541062.0,shares,0
2020-01-22,69.53,77.98,66.9,75.8,70.0,3761684,274175259.0,shares,0
2020-01-23,73.88,75.8,66.6,70.0,75.8,3352266,239995507.0,shares,0
2020-02-03,58.3,65.16,58.12,58.38,70.0,3727615,226935320.0,shares,0
2020-02-04,60.5,68.16,60.5,66.9,58.38,3153030,205309726.0,shares,0
2020-02-05,65.0,73.5,64.22,68.2,66.9,3318268,230417588.0,shares,0
2020-02-06,67.19,73.56,67.19,71.29,68.2,2618808,187259816.0,shares,0
2020-02-07,70.6,77.56,68.8,75.1,71.29,4428569,316439169.0,shares,0
2020-02-10,78.8,81.0,74.75,75.08,75.1,3651957,282977077.0,shares,0
2020-02-11,74.23,77.48,71.65,73.29,75.08,2532484,186543791.0,shares,0
2020-02-12,74.0,78.88,71.11,76.71,73.29,3905790,291588052.0,shares,0
2020-02-13,75.68,80.38,73.05,75.85,76.71,3898529,298455773.0,shares,0
2020-02-14,76.0,81.03,74.58,76.9,75.85,4211968,329378297.0,shares,0
2020-02-17,77.16,78.56,74.81,77.72,76.9,3001639,230264849.0,shares,0
2020-02-18,77.01,89.0,76.7,85.4,77.72,5707737,469623962.0,shares,0
2020-02-19,84.0,86.0,80.0,80.38,85.4,4006021,328243557.0,shares,0
2020-02-20,80.38,82.98,75.68,77.12,80.38,2837409,222192975.0,shares,0
2020-02-21,79.3,82.4,78.5,80.32,77.12,3123186,249423230.0,shares,0
2020-02-24,80.0,83.86,76.98,82.0,80.32,3821401,307267342.0,shares,0
2020-02-25,79.4,81.84,76.01,78.89,82.0,3069456,242875403.0,shares,0
2020-02-26,76.5,77.14,67.51,68.5,78.89,3848614,275867622.0,shares,0
2020-02-27,68.6,69.95,64.81,65.0,68.5,2633814,176343723.0,shares,0
2020-02-28,61.0,63.79,59.52,60.66,65.0,3735574,228621529.0,shares,0
2020-03-02,62.81,64.45,60.69,62.23,60.66,3192565,198638673.0,shares,0
2020-03-03,63.8,68.59,62.58,63.25,62.23,4527448,294973956.0,shares,0
2020-03-04,62.47,64.8,59.01,61.31,63.25,3081539,190155015.0,shares,0
2020-03-05,63.0,65.3,61.33,64.33,61.31,3154076,199426760.0,shares,0
2020-03-06,62.98,63.58,61.99,62.21,64.33,1592698,99769063.0,shares,0
2020-03-09,60.36,60.36,55.57,56.21,62.21,2607810,151443992.0,shares,0
2020-03-10,55.88,61.27,54.18,60.99,56.21,3919278,228912677.0,shares,0
2020-03-11,60.9,60.9,57.2,57.71,60.99,2221607,131535809.0,shares,0
2020-03-12,56.4,60.0,56.22,58.08,57.71,1654565,96035021.0,shares,0
2020-03-13,54.28,62.98,54.28,61.15,58.08,4365635,263634156.0,shares,0
2020-03-16,60.6,64.2,60.6,62.01,61.15,4604077,287788486.0,shares,0
2020-03-17,63.8,65.2,59.02,64.1,62.01,4445884,280891720.0,shares,0
2020-03-18,66.13,69.13,63.01,63.95,64.1,4858641,325408375.0,shares,0
2020-03-19,64.33,67.49,60.02,67.25,63.95,5441228,344972509.0,shares,0
2020-03-20,67.21,68.47,64.08,64.66,67.25,3965319,261404647.0,shares,0
2020-03-23,61.2,62.67,54.5,56.18,64.66,3182623,187346271.0,shares,0
2020-03-24,57.87,58.58,54.28,57.51,56.18,2218349,125619252.0,shares,0
2020-03-25,59.92,60.2,57.47,58.03,57.51,2117702,124485363.0,shares,0
2020-03-26,57.07,59.48,56.11,57.65,58.03,1746749,100892950.0,shares,0
2020-03-27,58.93,58.93,55.6,55.88,57.65,1853036,105296088.0,shares,0
2020-03-30,54.0,54.76,50.2,50.9,55.88,2886777,148672985.0,shares,0
2020-03-31,52.1,53.1,49.88,50.21,50.9,2314752,119661817.0,shares,0
2020-04-01,50.3,52.6,50.02,51.2,50.21,1939559,100225929.0,shares,0
2020-04-02,50.46,55.35,50.26,55.35,51.2,2471879,130840683.0,shares,0
2020-04-03,54.5,55.47,52.7,53.33,55.35,1969371,105889303.0,shares,0
2020-04-07,55.0,55.6,53.84,54.56,53.33,1921648,105008226.0,shares,0
2020-04-08,53.85,56.16,53.08,54.76,54.56,1615378,88990226.0,shares,0
2020-04-09,55.0,55.68,53.46,54.1,54.76,1872067,101411834.0,shares,0
2020-04-10,53.63,53.9,50.16,51.62,54.1,1904483,98574695.0,shares,0
2020-04-13,50.49,50.8,48.9,49.27,51.62,1985460,98854527.0,shares,0
2020-04-14,49.55,51.15,49.55,51.02,49.27,1422728,71629103.0,shares,0
2020-04-15,51.08,52.85,50.53,52.13,51.02,1718156,89425883.0,shares,0
2020-04-16,51.79,52.47,51.1,51.86,52.13,1196823,61815813.0,shares,0
2020-04-17,52.5,54.28,52.1,52.66,51.86,2129782,113206210.0,shares,0
2020-04-20,52.62,52.82,51.66,52.35,52.66,1255249,65382250.0,shares,0
2020-04-21,52.35,52.38,50.1,51.3,52.35,1485163,75813646.0,shares,0
2020-04-22,51.28,57.5,50.58,57.4,51.3,4334441,239680147.0,shares,0
2020-04-23,58.0,58.38,56.16,56.69,57.4,2711786,155179803.0,shares,0
2020-04-24,56.56,60.79,55.1,58.64,56.69,2554250,149643672.0,shares,0
2020-04-27,58.1,60.19,55.76,57.25,58.64,1826978,104267286.0,shares,0
2020-04-28,57.05,57.45,49.0,53.3,57.25,2864322,154892826.0,shares,0
2020-04-29,53.32,55.49,53.32,53.8,53.3,1602887,87139085.0,shares,0
2020-04-30,55.11,63.7,54.4,62.6,53.8,4062341,240056491.0,shares,0
2020-05-06,62.4,73.39,61.0,71.5,62.6,5294594,360859377.0,shares,0
2020-05-07,70.26,72.26,67.0,67.7,71.5,4042992,279069586.0,shares,0
2020-05-08,68.5,69.77,65.89,67.96,67.7,4979886,339122778.0,shares,0
2020-05-11,67.91,71.99,66.18,67.4,67.96,4385448,300919934.0,shares,0
2020-05-12,66.07,66.99,63.19,66.51,67.4,3602072,234249415.0,shares,0
2020-05-13,65.41,68.0,65.2,66.06,66.51,2944368,194885232.0,shares,0
2020-05-14,66.66,75.5,66.57,69.26,66.06,7410065,525205934.0,shares,0
2020-05-15,70.3,73.3,68.33,69.5,69.26,5962497,421952731.0,shares,0
2020-05-18,72.27,82.8,70.0,77.08,69.5,8613908,652372228.0,shares,0
2020-05-19,77.5,92.5,75.73,92.5,77.08,8561758,722837576.0,shares,0
2020-05-20,94.59,101.75,88.0,92.5,92.5,10914279,1036444465.0,shares,0
2020-05-21,93.01,94.01,84.25,88.5,92.5,8661080,769108511.0,shares,0
2020-05-22,85.4,87.74,80.21,83.52,88.5,7773680,652311441.0,shares,0
2020-05-25,82.9,89.59,82.31,85.58,83.52,7318637,636280699.0,shares,0
2020-05-26,85.0,91.8,84.61,89.63,85.58,7210808,634108088.0,shares,0
2020-05-27,87.98,94.58,85.6,87.55,89.63,7652994,682585050.0,shares,0
2020-05-28,85.57,85.65,79.51,83.0,87.55,6623037,545036009.0,shares,0
2020-05-29,81.21,91.02,80.52,84.52,83.0,7125937,615122327.0,shares,0
2020-06-01,85.78,90.99,84.6,88.94,84.52,6187440,547346886.0,shares,0
2020-06-02,90.52,101.76,88.3,96.5,88.94,8996442,844936029.0,shares,0
2020-06-03,94.1,104.87,93.2,95.87,96.5,9086529,892193726.0,shares,0
2020-06-04,94.02,97.3,88.61,90.1,95.87,6263731,575592482.0,shares,0
2020-06-05,89.05,92.8,86.8,88.68,90.1,4629903,416666407.0,shares,0
2020-06-08,89.2,91.6,85.8,86.4,88.68,3850921,342025780.0,shares,0
2020-06-09,86.08,89.96,85.23,89.83,86.4,4270449,374869188.0,shares,0
2020-06-10,88.22,88.61,84.8,85.78,89.83,3844272,331400037.0,shares,0
2020-06-11,86.2,89.24,85.58,85.62,85.78,3804208,332509227.0,shares,0
2020-06-12,82.0,84.43,81.6,83.26,85.37,3054240,252801181.0,shares,0
2020-06-15,82.14,82.88,78.01,78.01,83.26,3874237,310315683.0,shares,0
2020-06-16,79.37,82.49,79.37,80.85,78.01,3100719,250730236.0,shares,0
2020-06-17,81.0,81.06,76.8,78.6,80.85,3525058,275933600.0,shares,0
2020-06-18,78.6,81.98,78.0,79.0,78.6,3331417,266549262.0,shares,0
2020-06-19,78.65,81.97,78.0,80.43,79.0,3141568,251293438.0,shares,0
2020-06-22,82.0,92.42,81.85,89.3,80.43,6868622,598986427.0,shares,0
2020-06-23,89.01,94.94,87.55,91.09,89.3,6449424,589689304.0,shares,0
2020-06-24,90.02,93.97,89.05,89.45,91.09,4704580,428170781.0,shares,0
2020-06-29,88.78,92.38,86.71,89.04,89.45,4052799,362751630.0,shares,0
2020-06-30,91.65,95.88,91.0,92.55,89.04,5085026,474339804.0,shares,0
2020-07-01,91.18,93.92,88.54,91.19,92.55,4450165,405855599.0,shares,0
2020-07-02,91.86,97.59,91.79,96.01,91.19,6337593,601993613.0,shares,0
2020-07-03,95.94,96.0,90.22,92.2,96.01,4554474,421769779.0,shares,0
2020-07-06,92.9,105.52,92.86,103.99,92.2,6269097,631786661.0,shares,0
2020-07-07,105.48,109.99,101.0,101.16,103.99,6751000,707259849.0,shares,0
2020-07-08,100.1,103.93,98.5,102.5,101.16,4291937,433038313.0,shares,0
2020-07-09,101.0,112.61,100.2,108.01,102.5,5900982,632186566.0,shares,0
2020-07-10,105.79,108.47,103.29,105.7,108.01,3931147,415265482.0,shares,0
2020-07-13,104.5,114.25,104.1,111.11,105.7,5079322,560083103.0,shares,0
2020-07-14,108.45,112.9,101.81,109.38,111.11,4946523,530237741.0,shares,0
2020-07-15,108.0,110.0,95.0,96.6,109.38,5487550,553882840.0,shares,0
2020-07-16,96.17,96.17,81.68,83.8,96.6,5243851,468811877.0,shares,0
2020-07-17,84.4,86.58,81.83,82.98,83.8,2636006,222298383.0,shares,0
2020-07-20,84.4,85.6,79.28,85.06,82.98,2748731,227343320.0,shares,0
2020-07-21,85.5,88.0,84.3,85.3,85.06,2522071,216429181.0,shares,0
2020-07-22,83.99,91.26,83.4,90.42,85.3,4018843,355839435.0,shares,0
2020-07-23,88.95,90.89,87.0,89.19,90.42,2365501,210461300.79,shares,0
2020-07-24,88.32,89.74,81.68,81.88,89.19,2916443,248174465.0,shares,0
2020-07-27,82.51,84.5,80.5,82.08,81.88,1531073,126301042.0,shares,0
2020-07-28,83.7,84.48,81.52,82.59,82.08,1208604,100286917.0,shares,0
2020-07-29,82.28,89.39,82.03,88.44,82.59,2258832,195197756.0,shares,0
2020-07-30,88.88,93.42,86.9,90.5,88.44,2497013,224379242.87,shares,0
2020-07-31,90.06,97.53,90.0,95.52,90.5,3723382,351460797.0,shares,0
2020-08-03,97.5,100.85,93.93,96.8,95.52,4063218,394905584.0,shares,0
2020-08-04,96.66,96.66,90.14,93.06,96.8,3094953,288829267.0,shares,0
2020-08-05,97.57,98.5,93.07,93.52,93.06,2580812,246382584.66,shares,0
2020-08-06,91.5,93.84,90.43,92.0,93.52,1821070,167477346.16,shares,0
2020-08-07,91.06,92.0,84.0,86.05,92.0,2373522,206832181.0,shares,0
2020-08-10,84.44,89.44,83.22,87.16,86.05,2018310,172761388.0,shares,0
2020-08-11,86.5,93.14,86.34,89.01,87.16,3275467,295031091.0,shares,0
2020-08-12,89.0,93.89,87.5,92.48,89.01,3257534,296891158.0,shares,0
2020-08-13,92.66,93.27,85.7,86.44,92.48,2533696,224734659.0,shares,0
2020-08-14,85.05,87.0,83.48,85.48,86.44,1956858,166286183.0,shares,0
2020-08-17,86.5,86.8,84.88,86.65,85.48,1706106,146604466.0,shares,0
2020-08-18,87.04,87.08,85.05,85.56,86.65,1275228,109169438.2,shares,0
2020-08-19,85.69,85.77,83.03,83.05,85.56,1553843,130696039.0,shares,0
2020-08-20,82.2,85.68,81.58,83.42,83.05,1134644,94960614.58,shares,0
2020-08-21,84.35,85.37,81.2,81.92,83.42,1090617,90578738.11,shares,0
2020-08-24,82.59,82.78,78.78,79.28,81.92,2121339,170814677.77,shares,0
2020-08-25,79.9,80.19,72.6,73.72,79.28,3924292,295462462.0,shares,0
2020-08-26,72.9,73.95,69.9,70.16,73.72,2141462,153388233.0,shares,0
2020-08-27,70.47,75.5,69.22,73.52,70.16,2424480,176646436.17,shares,0
2020-08-28,72.5,74.8,72.04,73.8,73.52,1586149,116631401.0,shares,0
2020-08-31,75.0,75.5,73.18,73.46,73.8,1406678,104645914.0,shares,0
2020-09-01,72.89,74.47,71.6,73.54,73.46,1081309,79026736.0,shares,0
2020-09-02,73.41,73.85,71.68,72.81,73.54,1161744,84265175.0,shares,0
2020-09-03,72.79,73.86,71.71,72.82,72.81,882924,64275498.45,shares,0
2020-09-04,72.59,76.5,71.92,74.79,72.82,1760193,131936389.42,shares,0
2020-09-07,74.77,75.02,71.8,72.18,74.79,1346485,98970487.0,shares,0
2020-09-08,72.01,72.5,69.99,70.78,72.18,1088737,77285056.0,shares,0
2020-09-09,69.5,69.92,66.06,67.53,70.78,1512768,102680310.0,shares,0
2020-09-10,68.04,71.86,68.04,70.08,67.53,1825690,128172550.0,shares,0
2020-09-11,70.08,71.58,68.72,71.17,70.08,1100325,77595891.0,shares,0
2020-09-14,74.0,74.5,71.66,71.88,71.17,1384952,100973116.2,shares,0
2020-09-15,72.46,76.56,71.0,74.96,71.88,2134717,158680762.0,shares,0
2020-09-16,74.31,75.38,72.93,73.3,74.96,1218112,90068813.0,shares,0
2020-09-17,73.21,76.88,72.21,75.75,73.3,2178608,163972255.0,shares,0
2020-09-18,77.5,79.98,76.6,77.3,75.75,2539717,198685921.0,shares,0
2020-09-21,77.5,78.22,76.0,76.02,77.3,1264523,96935221.93,shares,0
2020-09-22,75.77,76.45,73.73,73.79,76.02,1351481,101430494.12,shares,0
2020-09-23,74.15,77.28,74.01,76.3,73.79,1741670,131898513.0,shares,0
2020-09-24,75.7,76.05,72.88,73.2,76.3,1574756,116893534.0,shares,0
2020-09-25,73.7,73.7,70.0,70.42,73.2,1387291,98888245.79,shares,0
2020-09-28,70.42,70.94,67.03,67.5,70.42,1752218,119853235.0,shares,0
2020-09-29,68.23,70.35,68.04,68.5,67.5,1667809,115012665.42,shares,0
2020-09-30,69.5,69.5,65.5,66.0,68.5,1922091,128829387.0,shares,0
2020-10-09,67.42,70.7,67.42,69.66,66.0,2007530,138791413.69,shares,0
2020-10-12,70.88,74.19,69.68,73.4,69.66,2219507,160960318.17,shares,0
2020-10-13,73.57,73.65,72.0,72.7,73.4,1423498,103542886.0,shares,0
2020-10-14,72.7,73.38,70.84,71.38,72.7,1298784,93321197.34,shares,0
2020-10-15,71.68,73.18,69.56,69.92,71.38,1425194,101603253.04,shares,0
2020-10-16,70.55,70.87,68.5,69.81,69.92,966971,67225180.53,shares,0
2020-10-19,70.5,71.45,69.26,69.77,69.81,802134,56381152.0,shares,0
2020-10-20,70.0,70.38,67.5,70.38,69.77,946410,64982801.0,shares,0
2020-10-21,69.92,70.35,67.29,67.72,70.38,1082906,73954478.0,shares,0
2020-10-22,66.95,68.68,66.01,67.6,67.72,852008,57776979.92,shares,0
2020-10-23,66.6,68.21,65.6,66.05,67.6,800661,53414488.48,shares,0
2020-10-26,65.8,66.46,64.02,64.56,66.05,910132,59161077.0,shares,0
2020-10-27,64.39,65.15,63.26,64.75,64.56,748883,48122907.96,shares,0
2020-10-28,64.76,65.9,63.22,65.69,64.75,823287,53201140.16,shares,0
2020-10-29,64.02,65.9,64.02,65.63,65.69,849223,55105206.03,shares,0
2020-10-30,66.3,68.77,64.27,64.32,65.63,2128616,141923117.0,shares,0
2020-11-02,64.07,65.5,61.28,62.35,64.32,1532118,96407825.9,shares,0
2020-11-03,62.82,66.99,62.8,66.75,62.35,2079925,136813475.23,shares,0
2020-11-04,67.27,67.55,65.5,66.03,66.75,1298340,86578847.7,shares,0
2020-11-05,67.55,68.7,65.68,66.76,66.03,1298337,86898727.37,shares,0
2020-11-06,66.99,69.44,66.17,67.45,66.76,2187829,147911293.77,shares,0
2020-11-09,69.0,73.72,68.4,72.7,67.45,3547719,254769646.9,shares,0
2020-11-10,72.0,72.65,70.1,70.45,72.7,1962506,139921671.6,shares,0
2020-11-11,70.22,71.5,66.8,66.87,70.45,1721654,117895858.28,shares,0
2020-11-12,67.83,68.45,66.63,67.36,66.87,929327,62685694.21,shares,0
2020-11-13,67.07,69.19,66.1,68.7,67.36,1128392,76865415.85,shares,0
2020-11-16,68.9,69.97,67.81,68.98,68.7,966339,66311032.34,shares,0
2020-11-17,68.98,68.98,65.56,67.8,68.98,1534364,102284461.92,shares,0
2020-11-18,67.5,68.99,66.76,67.2,67.8,978714,66233835.52,shares,0
2020-11-19,67.5,68.5,66.35,66.92,67.2,804485,54356803.73,shares,0
2020-11-20,66.93,67.15,65.82,66.13,66.92,649915,43071740.8,shares,0
2020-11-23,65.65,66.2,64.52,65.65,66.13,995381,64971775.65,shares,0
2020-11-24,65.57,67.08,64.8,65.86,65.65,1048246,69318319.69,shares,0
2020-11-25,65.8,66.93,65.4,65.48,65.86,848737,56078829.35,shares,0
2020-11-26,65.18,65.58,63.56,63.72,65.48,780538,50375708.04,shares,0
2020-11-27,63.72,65.18,63.3,64.1,63.72,831257,53330452.38,shares,0
2020-11-30,64.35,65.9,63.82,64.81,64.1,876372,56819563.25,shares,0
2020-12-01,64.5,65.75,64.2,65.25,64.81,763247,49647413.29,shares,0
2020-12-02,65.25,68.39,65.25,67.2,65.25,1614666,108131103.27,shares,0
2020-12-03,67.29,68.68,65.95,66.12,67.2,935825,62805895.37,shares,0
2020-12-04,66.5,67.99,65.68,66.87,66.12,876220,58606489.63,shares,0
2020-12-07,67.96,68.47,66.8,67.39,66.87,1035370,70175242.5,shares,0
2020-12-08,67.01,68.1,66.0,66.12,67.39,630598,42245766.82,shares,0
2020-12-09,66.15,67.19,63.0,63.4,66.12,1002928,65186113.14,shares,0
2020-12-10,63.5,65.0,62.57,64.48,63.4,883566,56549925.16,shares,0
2020-12-11,64.13,65.19,62.86,63.45,64.48,701425,44692433.52,shares,0
2020-12-14,63.52,64.59,62.12,63.27,63.45,591848,37221524.66,shares,0
2020-12-15,63.2,63.38,61.66,62.37,63.27,769249,47881936.39,shares,0
2020-12-16,62.15,62.22,58.91,59.12,62.37,1262594,75542990.4,shares,0
2020-12-17,58.5,59.97,56.8,59.52,59.12,1129603,65761284.25,shares,0
2020-12-18,59.99,60.9,58.0,58.6,59.52,720884,42856675.19,shares,0
2020-12-21,58.59,61.88,58.2,61.57,58.6,1250733,76347770.98,shares,0
2020-12-22,61.11,62.39,60.07,60.24,61.57,941767,57483129.94,shares,0
2020-12-23,60.08,61.3,59.18,60.57,60.24,714300,43146680.26,shares,0
2020-12-24,61.25,61.25,58.32,58.38,60.57,754968,44800092.66,shares,0
2020-12-25,58.29,59.26,56.8,57.74,58.38,883870,51058405.14,shares,0
2020-12-28,57.74,57.74,55.14,55.8,57.74,1022408,57215440.55,shares,0
2020-12-29,56.0,59.45,55.8,58.3,55.8,1182611,68799641.64,shares,0
2020-12-30,58.19,59.5,57.26,58.94,58.3,703956,41072014.5,shares,0
2020-12-31,58.94,62.07,58.67,61.41,58.94,1208277,73732580.57,shares,0
2021-01-04,61.29,62.37,60.79,61.56,61.41,1078013,66244917.93,shares,0
2021-01-05,61.72,62.8,60.98,62.06,61.56,1041023,64409606.91,shares,0
2021-01-06,62.0,62.68,59.01,59.54,62.06,1185299,71250706.22,shares,0
2021-01-07,59.24,60.01,57.26,57.77,59.54,891138,51717490.11,shares,0
2021-01-08,57.89,59.0,55.55,58.6,57.77,745947,43159526.41,shares,0
2021-01-11,58.6,60.2,57.38,57.76,58.6,1037812,61085951.39,shares,0
2021-01-12,57.76,57.76,55.8,56.4,57.76,1036906,58470060.49,shares,0
2021-01-13,56.08,58.88,56.05,58.88,56.4,1191560,68535051.21,shares,0
2021-01-14,58.46,64.29,58.1,62.6,58.88,2737903,169741060.17,shares,0
2021-01-15,64.4,67.6,63.1,65.44,62.6,3549360,232010663.51,shares,0
2021-01-18,66.0,69.87,65.63,69.15,65.44,2885480,196595066.98,shares,0
2021-01-19,69.1,73.3,67.06,67.59,69.15,3278822,229866973.13,shares,0
2021-01-20,67.8,69.59,66.45,66.99,67.59,1764750,119132778.88,shares,0
2021-01-21,68.1,69.12,65.66,65.75,66.99,2238358,149844254.82,shares,0
2021-01-22,65.7,66.48,63.88,64.06,65.75,1697493,109611479.3,shares,0
2021-01-25,63.81,65.56,62.0,65.0,64.06,1555138,99904247.12,shares,0
2021-01-26,65.01,67.74,64.51,65.66,65.0,1571667,104367467.21,shares,0
2021-01-27,64.0,65.28,61.7,61.75,65.66,1683193,105834105.43,shares,0
2021-01-28,60.57,62.58,59.81,59.99,61.75,937689,57324515.22,shares,0
2021-01-29,60.96,61.4,56.8,57.75,59.99,1079493,63084529.32,shares,0
2021-02-01,58.17,61.46,58.17,60.99,57.75,718185,43445453.52,shares,0
2021-02-02,61.59,61.79,59.0,60.4,60.99,725899,43851981.57,shares,0
2021-02-03,59.99,61.0,58.15,58.61,60.4,660481,38954029.9,shares,0
2021-02-04,58.03,62.12,57.21,60.68,58.61,1170497,69399696.81,shares,0
2021-02-05,61.0,61.6,56.88,56.9,60.68,1281260,75179865.98,shares,0
2021-02-08,56.8,58.8,55.26,56.98,56.9,784847,44834107.27,shares,0
2021-02-09,56.71,58.67,56.21,57.89,56.98,679171,39189891.71,shares,0
2021-02-10,57.89,58.34,56.25,57.01,57.89,919020,52421495.43,shares,0
2021-02-18,58.0,62.5,57.9,61.28,57.01,1550793,94275707.85,shares,0
2021-02-19,61.77,62.8,60.08,60.89,61.28,1169233,70996650.17,shares,0
2021-02-22,61.74,62.46,60.39,60.93,60.89,1338961,82496294.41,shares,0
2021-02-23,60.0,60.9,58.5,58.57,60.93,1228819,72492545.85,shares,0
2021-02-24,58.82,60.3,58.59,58.87,58.57,1064826,63293722.42,shares,0
2021-02-25,59.3,59.49,57.21,58.0,58.87,963172,55799368.94,shares,0
2021-02-26,56.52,58.15,56.49,56.68,58.0,795090,45338125.7,shares,0
2021-03-01,57.26,59.24,56.72,59.04,56.68,883338,51488299.33,shares,0
2021-03-02,59.99,61.96,59.62,60.66,59.04,1644397,100126750.98,shares,0
2021-03-03,60.74,61.45,60.08,60.89,60.66,908703,55224667.06,shares,0
2021-03-04,61.5,62.39,59.87,60.1,60.89,1073175,65435064.21,shares,0
2021-03-05,59.5,62.77,59.4,62.36,60.1,1917199,118597901.91,shares,0
2021-03-08,62.7,62.89,60.22,60.76,62.36,1241361,76497084.08,shares,0
2021-03-09,60.5,62.6,58.09,59.0,60.76,1504362,91366860.06,shares,0
2021-03-10,60.0,62.57,58.52,60.26,59.0,1890150,114525147.53,shares,0
2021-03-11,61.15,63.8,60.51,62.74,60.26,2563857,159254650.52,shares,0
2021-03-12,64.8,66.54,61.2,61.99,62.74,2947136,189516883.38,shares,0
2021-03-15,60.98,61.0,58.07,58.31,61.99,1995154,118312242.37,shares,0
2021-03-16,58.5,59.5,56.7,58.19,58.31,1185145,68534211.47,shares,0
2021-03-17,57.94,59.06,57.2,58.39,58.19,680154,39737189.09,shares,0
2021-03-18,58.39,58.98,57.55,58.09,58.39,750222,43567350.69,shares,0
2021-03-19,57.51,58.4,57.18,57.48,58.09,519755,29990062.89,shares,0
2021-03-22,57.0,58.1,57.0,57.86,57.48,594062,34208485.02,shares,0
2021-03-23,58.83,61.38,58.5,58.98,57.86,1622194,97412850.51,shares,0
2021-03-24,58.7,58.8,56.08,56.99,58.98,1260570,72206191.48,shares,0
2021-03-25,56.59,57.94,56.39,57.77,56.99,584279,33496221.01,shares,0
2021-03-26,57.76,58.89,57.23,58.53,57.77,744082,43299427.4,shares,0
2021-03-29,58.54,59.58,58.1,58.43,58.53,492327,28913271.01,shares,0
2021-03-30,58.16,58.42,56.7,56.87,58.43,756300,43346340.09,shares,0
2021-03-31,56.84,57.59,56.41,57.2,56.87,328688,18733477.52,shares,0
2021-04-01,57.47,59.91,56.65,59.02,57.2,1312549,77095679.63,shares,0
2021-04-02,59.33,60.97,59.33,60.24,59.02,1200911,72408771.03,shares,0
2021-04-06,60.61,62.34,59.35,60.63,60.24,1270540,77685576.33,shares,0
2021-04-07,60.71,61.49,59.7,61.1,60.63,791981,48042843.27,shares,0
2021-04-08,61.16,61.63,59.88,59.9,61.1,722379,43885874.58,shares,0
2021-04-09,60.1,60.4,59.04,59.36,59.9,540740,32259332.3,shares,0
2021-04-12,59.5,59.86,57.76,58.0,59.36,560505,32803378.04,shares,0
2021-04-13,58.01,60.17,57.45,59.01,58.0,700772,41332184.24,shares,0
2021-04-14,58.7,59.57,58.48,59.13,59.01,392490,23133124.69,shares,0
2021-04-15,59.0,59.17,57.77,58.91,59.13,548609,32031865.03,shares,0
2021-04-16,58.88,59.32,58.08,58.94,58.91,426116,25026524.76,shares,0
2021-04-19,59.09,60.73,58.98,60.6,58.94,841768,50643002.07,shares,0
2021-04-20,60.1,61.5,59.37,59.39,60.6,901868,54409275.06,shares,0
2021-04-21,59.37,59.52,58.16,58.66,59.39,495322,29066870.63,shares,0
2021-04-22,58.66,60.93,58.51,60.42,58.66,1023716,61653573.73,shares,0
2021-04-23,60.4,61.18,59.65,60.48,60.42,714463,43140475.78,shares,0
2021-04-26,60.6,62.8,60.6,60.86,60.48,1478581,91242384.85,shares,0
2021-04-27,60.92,64.8,60.16,63.93,60.86,1952034,121995516.67,shares,0
2021-04-28,63.94,64.28,62.08,63.28,63.93,1319380,82910015.22,shares,0
2021-04-29,62.4,62.86,60.77,61.31,63.28,1214793,74583314.16,shares,0
2021-04-30,61.31,61.5,60.2,60.81,61.31,738143,44912405.97,shares,0
2021-05-06,60.99,61.35,59.22,59.29,60.81,880995,52941765.15,shares,0
2021-05-07,59.33,59.45,57.61,57.78,59.29,810272,47380990.37,shares,0
2021-05-10,57.52,58.32,57.13,57.87,57.78,435757,25179547.52,shares,0
2021-05-11,57.51,58.68,57.3,58.14,57.87,367110,21319282.92,shares,0
2021-05-12,58.08,58.73,57.59,58.73,58.14,430528,25029213.37,shares,0
2021-05-13,58.08,60.27,58.08,59.0,58.73,634978,37664011.07,shares,0
2021-05-14,59.17,60.24,58.9,59.56,59.0,460333,27386090.15,shares,0
2021-05-17,59.98,59.98,58.0,58.22,59.56,666836,39368669.13,shares,0
2021-05-18,58.04,59.69,57.58,59.1,58.22,749481,43899083.79,shares,0
2021-05-19,59.0,59.6,58.07,58.11,59.1,607486,35701180.4,shares,0
2021-05-20,58.28,58.5,57.6,58.03,58.11,524476,30385924.66,shares,0
2021-05-21,58.48,58.48,57.02,57.13,58.03,611315,35156029.9,shares,0
2021-05-24,57.5,57.85,56.78,57.72,57.13,554426,31800176.88,shares,0
2021-05-25,57.76,59.13,57.38,59.05,57.72,679745,39720489.07,shares,0
2021-05-26,58.63,59.49,58.56,58.66,59.05,511795,30150961.14,shares,0
2021-05-27,58.68,63.18,58.68,61.65,58.66,2155170,132440975.2,shares,0
2021-05-28,61.01,63.54,61.0,62.82,61.65,2043440,128403606.16,shares,0
2021-05-31,62.9,66.7,62.9,65.27,62.82,2186955,142106122.08,shares,0
2021-06-01,66.5,71.8,65.05,69.28,65.27,3559545,245156605.34,shares,0
2021-06-02,69.28,69.95,66.1,66.99,69.28,2394190,161356351.27,shares,0
2021-06-03,67.3,68.46,66.14,66.37,66.99,1308361,87524407.25,shares,0
2021-06-04,66.0,68.19,65.36,67.3,66.37,1326289,88716537.7,shares,0
2021-06-07,68.26,70.63,67.72,69.3,67.3,2151397,148606634.79,shares,0
2021-06-08,69.3,69.65,66.16,66.7,69.3,1470963,99427808.94,shares,0
2021-06-09,66.71,69.27,66.5,67.22,66.7,1317518,89461788.86,shares,0
2021-06-10,67.35,68.34,66.33,67.96,66.92,1249965,84290182.88,shares,0
2021-06-11,67.96,67.96,64.57,64.95,67.96,1263349,82933468.94,shares,0
2021-06-15,64.91,66.58,64.07,64.8,64.95,1324332,86296454.95,shares,0
2021-06-16,65.62,68.36,64.0,64.78,64.8,1642285,108610440.63,shares,0
2021-06-17,64.02,74.16,64.02,71.03,64.78,3047192,210964522.02,shares,0
2021-06-18,72.36,77.63,71.1,75.15,71.03,3654060,270791504.7,shares,0
2021-06-21,74.79,75.5,69.96,72.38,75.15,3554846,257574900.02,shares,0
2021-06-22,71.98,73.17,69.69,70.71,72.38,1884430,133780880.13,shares,0
2021-06-23,70.5,74.6,70.2,72.61,70.71,2925058,212582897.84,shares,0
2021-06-24,71.78,73.77,70.33,70.68,72.61,1432167,102189574.9,shares,0
2021-06-25,70.79,73.38,70.03,71.56,70.68,1422710,102203312.02,shares,0
2021-06-28,71.71,75.5,71.71,73.91,71.56,1777016,131497873.65,shares,0
2021-06-29,73.6,74.5,71.11,71.25,73.91,1427217,103283008.26,shares,0
2021-06-30,71.5,75.77,71.5,75.18,71.25,2264567,168614009.17,shares,0
2021-07-01,75.35,77.8,72.7,72.97,75.18,2263659,170764911.38,shares,0
2021-07-02,74.0,74.45,70.7,71.95,72.97,1899400,137619227.44,shares,0
2021-07-05,73.36,75.38,72.11,75.35,71.95,1783693,132271427.62,shares,0
2021-07-06,75.4,77.77,71.01,73.05,75.35,2547340,191054913.5,shares,0
2021-07-07,72.41,77.78,71.89,77.62,73.05,2652085,200626600.12,shares,0
2021-07-08,78.0,80.8,76.8,78.37,77.62,2506594,197574123.46,shares,0
2021-07-09,78.2,79.5,76.5,77.0,78.37,1961397,152196863.33,shares,0
2021-07-12,77.5,79.1,75.68,76.1,77.0,2258251,174304107.61,shares,0
2021-07-13,76.59,76.6,71.7,72.66,76.1,2093141,153638725.15,shares,0
2021-07-14,72.5,73.3,71.11,72.12,72.66,1304197,94116965.92,shares,0
2021-07-15,71.97,73.0,70.8,72.6,72.12,1192178,85870347.54,shares,0
2021-07-16,73.3,74.85,71.6,72.01,72.6,1192060,87256134.64,shares,0
2021-07-19,71.49,74.85,71.25,72.45,72.01,1398943,101963526.32,shares,0
2021-07-20,71.67,73.31,70.87,73.18,72.45,1249805,89642551.2,shares,0
2021-07-21,73.1,75.95,72.26,75.1,73.18,1736242,129307296.99,shares,0
2021-07-22,76.0,85.11,75.11,83.99,75.1,3971009,323491820.91,shares,0
2021-07-23,83.0,86.28,82.14,83.05,83.99,2673075,223563327.48,shares,0
2021-07-26,83.26,90.88,83.12,87.79,83.05,3582793,314618379.37,shares,0
2021-07-27,87.3,98.33,87.1,88.33,87.79,5128188,474418993.01,shares,0
2021-07-28,87.33,92.8,83.35,90.24,88.33,3551635,317895451.54,shares,0
2021-07-29,92.42,102.99,90.0,98.63,90.24,4536153,439727407.28,shares,0
2021-07-30,97.0,102.98,95.53,98.79,98.63,4012377,395884210.2,shares,0
2021-08-02,100.0,102.2,90.0,95.27,98.79,3979992,379457571.69,shares,0
2021-08-03,93.0,94.64,86.04,87.0,95.27,3669515,327636940.17,shares,0
2021-08-04,85.99,91.9,85.58,90.94,87.0,2901630,261502374.49,shares,0
2021-08-05,90.22,92.85,88.0,89.77,90.94,2205697,199954725.18,shares,0
2021-08-06,92.58,93.39,88.4,90.43,89.77,2080401,189476508.78,shares,0
2021-08-09,88.6,93.88,86.2,92.75,90.43,2037648,183738744.16,shares,0
2021-08-10,93.0,94.8,87.86,90.03,92.75,2006259,181842298.68,shares,0
2021-08-11,89.31,93.5,87.48,90.25,90.03,1591080,144362705.95,shares,0
2021-08-12,90.96,96.01,90.22,94.85,90.25,1981356,185519786.57,shares,0
2021-08-13,93.69,95.9,90.57,90.88,94.85,2235132,206583007.39,shares,0
2021-08-16,90.54,92.0,87.57,89.8,90.88,1370496,123155359.5,shares,0
2021-08-17,89.11,92.0,83.5,84.12,89.8,2797521,242147108.2,shares,0
2021-08-18,85.48,88.6,84.16,87.06,84.12,1628944,141566935.35,shares,0
2021-08-19,86.63,93.5,86.0,93.19,87.06,2402185,217780868.69,shares,0
2021-08-20,92.13,96.3,91.5,95.48,93.19,1777272,168063912.65,shares,0
2021-08-23,95.3,97.55,93.4,94.45,95.48,1257277,118807437.98,shares,0
2021-08-24,94.01,101.5,92.5,97.16,94.45,2051491,200262096.73,shares,0
2021-08-25,98.0,98.5,93.0,97.16,97.16,1577076,150579524.71,shares,0
2021-08-26,97.11,98.5,91.99,92.5,97.16,1285351,121288988.8,shares,0
2021-08-27,90.0,95.95,89.61,94.68,92.5,1365975,128957843.15,shares,0
2021-08-30,97.42,98.3,92.22,94.0,94.68,1173530,110990445.53,shares,0
2021-08-31,92.64,93.9,86.65,92.0,94.0,1889126,167999962.9,shares,0
2021-09-01,89.99,91.17,79.0,79.5,92.0,2759693,228321426.12,shares,0
2021-09-02,79.66,81.0,75.36,79.0,79.5,1594818,124401395.46,shares,0
2021-09-03,78.48,81.24,75.5,78.81,79.0,1625456,127267283.34,shares,0
2021-09-06,78.44,80.89,77.56,80.6,78.81,1071315,85519359.22,shares,0
2021-09-07,80.6,82.6,79.82,81.8,80.6,797052,65089463.28,shares,0
2021-09-08,81.81,83.48,80.6,82.39,81.8,875309,71782372.01,shares,0
2021-09-09,82.32,83.41,80.98,81.58,82.39,610641,49987180.16,shares,0
2021-09-10,82.0,88.98,79.07,87.65,81.58,2150136,182194186.45,shares,0
2021-09-13,88.18,88.87,86.0,86.69,87.65,1073644,93538387.25,shares,0
2021-09-14,85.96,90.25,85.9,88.92,86.69,1120803,99600830.67,shares,0
2021-09-15,88.31,92.49,87.34,90.99,88.92,822656,74780611.58,shares,0
2021-09-16,91.41,92.89,87.54,87.54,90.99,1171118,105542044.18,shares,0
2021-09-17,88.0,92.81,88.0,91.62,87.54,1046184,95367964.43,shares,0
2021-09-22,91.0,92.34,85.97,86.82,91.62,1149466,101457449.96,shares,0
2021-09-23,87.24,90.5,86.69,88.3,86.82,970998,86365700.13,shares,0
2021-09-24,88.27,92.17,86.38,89.08,88.3,875579,78560624.78,shares,0
2021-09-27,92.0,92.0,81.5,83.29,89.08,1297273,109684898.32,shares,0
2021-09-28,82.44,84.88,81.01,81.28,83.29,695778,57783499.99,shares,0
2021-09-29,81.02,81.03,77.26,79.05,81.28,952994,75618289.2,shares,0
2021-09-30,80.99,80.99,77.56,78.1,79.05,934634,73501303.12,shares,0
2021-10-08,78.64,79.49,77.2,78.35,78.1,707805,55227549.05,shares,0
2021-10-11,78.97,79.49,76.61,76.93,78.35,634194,49407229.14,shares,0
2021-10-12,77.45,78.2,73.82,74.5,76.93,721086,54403595.69,shares,0
2021-10-13,74.49,75.55,73.2,75.06,74.5,824989,61426937.88,shares,0
2021-10-14,75.07,76.98,74.14,76.25,75.06,461200,34835893.64,shares,0
2021-10-15,76.98,78.94,74.5,77.66,76.25,905655,70251179.45,shares,0
2021-10-18,77.8,78.77,73.67,74.52,77.66,924709,69377568.37,shares,0
2021-10-19,74.52,76.3,74.52,75.04,74.52,815217,61440624.06,shares,0
2021-10-20,75.04,75.7,73.55,75.2,75.04,764736,57195370.83,shares,0
2021-10-21,76.0,76.0,69.7,71.65,75.2,2331282,165873200.87,shares,0
2021-10-22,71.91,77.43,71.54,75.41,71.65,1626648,122087833.9,shares,0
2021-10-25,74.9,75.48,72.2,74.85,75.41,1090040,80627939.99,shares,0
2021-10-26,74.6,75.56,72.53,74.38,74.85,1052191,77936114.22,shares,0
2021-10-27,74.0,75.13,70.36,71.0,74.38,1063836,76281884.87,shares,0
2021-10-28,70.77,72.0,67.67,68.12,71.0,1390946,96255927.62,shares,0
2021-10-29,68.55,70.46,67.77,68.8,68.12,857767,59105016.09,shares,0
2021-11-01,69.35,69.79,67.12,68.0,68.8,1090521,74611122.77,shares,0
2021-11-02,68.13,71.49,67.68,68.98,68.0,1920025,133344540.04,shares,0
2021-11-03,70.06,71.48,69.15,69.98,68.98,1622792,114032308.3,shares,0
2021-11-04,69.98,75.59,69.75,75.0,69.98,2339882,171299918.12,shares,0
2021-11-05,75.44,77.01,73.62,74.3,75.0,1131922,84645904.81,shares,0
2021-11-08,73.48,78.76,72.12,76.04,74.3,1506193,113532351.98,shares,0
2021-11-09,76.8,79.88,76.09,79.08,76.04,1386322,108582443.85,shares,0
2021-11-10,79.52,81.68,78.45,80.65,79.08,1508037,120819588.92,shares,0
2021-11-11,79.93,86.62,79.35,84.3,80.65,2098112,176068805.21,shares,0
2021-11-12,83.88,84.71,81.57,83.99,84.3,1291627,107471555.57,shares,0
2021-11-15,83.67,84.47,80.5,83.2,83.99,1396133,114652852.48,shares,0
2021-11-16,82.04,82.5,78.66,81.44,83.2,1624449,130943952.72,shares,0
2021-11-17,80.7,83.3,80.03,83.01,81.44,928651,76635435.74,shares,0
2021-11-18,83.67,84.92,81.8,83.33,83.01,970767,81122955.15,shares,0
2021-11-19,84.5,85.97,81.08,84.78,83.33,1038063,86995089.48,shares,0
2021-11-22,84.95,91.1,84.95,90.49,84.78,1970040,176091250.1,shares,0
2021-11-23,90.17,91.33,88.55,89.95,90.49,1078801,96916196.71,shares,0
2021-11-24,89.89,90.08,86.76,87.39,89.95,901723,79253387.94,shares,0
2021-11-25,86.82,87.58,84.01,84.65,87.39,920112,78540077.15,shares,0
2021-11-26,84.99,89.16,84.36,88.9,84.65,1330174,116799096.57,shares,0
2021-11-29,88.78,89.9,85.84,87.83,88.9,896869,77820959.51,shares,0
2021-11-30,87.0,89.89,84.0,86.86,87.83,1246064,107023630.51,shares,0
2021-12-01,85.43,87.2,84.3,86.27,86.86,642767,55183927.97,shares,0
2021-12-02,85.8,86.6,84.06,84.25,86.27,604141,51270745.65,shares,0
2021-12-03,84.5,85.68,82.18,83.0,84.25,626272,52534470.66,shares,0
2021-12-06,83.87,83.87,79.57,79.65,83.0,871898,70439050.36,shares,0
2021-12-07,79.68,81.3,75.58,75.6,79.65,874124,67051659.79,shares,0
2021-12-08,76.09,78.87,75.92,77.6,75.6,743147,57471557.41,shares,0
2021-12-09,79.0,79.0,76.35,76.39,77.6,540498,41565714.54,shares,0
2021-12-10,76.12,80.39,75.61,75.73,76.39,1019866,78840475.89,shares,0
2021-12-13,76.2,77.56,75.0,76.66,75.73,633503,48233464.55,shares,0
2021-12-14,77.0,91.99,76.89,91.99,76.66,3943364,343163587.89,shares,0
2021-12-15,91.0,91.17,85.95,88.17,91.99,3123007,276954115.87,shares,0
2021-12-16,88.17,91.28,86.88,89.72,88.17,1311510,117069626.78,shares,0
2021-12-17,90.26,90.66,87.5,87.5,89.72,803806,71311720.03,shares,0
2021-12-20,86.81,90.0,83.89,86.5,87.5,1422892,122555650.46,shares,0
2021-12-21,84.5,87.2,84.12,85.85,86.5,834154,71718032.19,shares,0
2021-12-22,87.9,87.9,85.11,86.98,85.85,830740,72248023.69,shares,0
2021-12-23,87.28,88.2,85.08,86.92,86.98,484887,42087955.9,shares,0
2021-12-24,86.72,87.0,82.22,82.22,86.92,547970,46229733.59,shares,0
2021-12-27,82.0,85.69,81.84,83.81,82.22,688999,58002777.84,shares,0
2021-12-28,84.3,89.91,83.93,88.43,83.81,1119754,98057280.08,shares,0
2021-12-29,89.85,89.85,86.25,86.85,88.43,437173,38165942.28,shares,0
2021-12-30,86.18,90.98,86.18,90.27,86.85,704181,63069343.88,shares,0
2021-12-31,90.0,90.84,88.25,90.2,90.27,662075,59130352.35,shares,0
2022-01-04,90.21,90.49,86.3,89.79,90.2,882022,77861783.96,shares,0
2022-01-05,89.75,91.0,86.63,88.47,89.79,799853,70896620.78,shares,0
2022-01-06,88.0,90.67,84.93,87.0,88.47,615950,53359975.2,shares,0
2022-01-07,85.69,86.99,83.03,84.91,87.0,464484,39321992.38,shares,0
2022-01-10,84.77,85.28,82.13,83.0,84.91,333517,27831205.56,shares,0
2022-01-11,83.0,83.0,79.5,79.65,83.0,432580,34883869.09,shares,0
2022-01-12,79.14,80.65,78.88,79.06,79.65,521874,41422930.48,shares,0
2022-01-13,79.28,81.85,77.45,79.22,79.06,926926,73738045.47,shares,0
2022-01-14,79.88,81.77,78.46,80.82,79.22,717245,57957545.76,shares,0
2022-01-17,81.82,81.82,79.3,80.32,80.82,471856,37709424.57,shares,0
2022-01-18,80.32,81.39,78.71,79.9,80.32,474381,38054434.17,shares,0
2022-01-19,79.9,81.11,78.02,80.66,79.9,553542,44000180.33,shares,0
2022-01-20,80.4,80.78,78.01,78.12,80.66,220498,17424292.95,shares,0
2022-01-21,78.14,78.98,76.0,76.1,78.12,468651,36057041.74,shares,0
2022-01-24,76.86,76.86,73.1,73.69,76.1,475611,35182091.08,shares,0
2022-01-25,73.8,79.99,73.8,74.0,73.69,1759463,135898467.08,shares,0
2022-01-26,76.0,77.56,72.5,76.82,74.0,711614,53873507.87,shares,0
2022-01-27,75.74,77.73,73.2,73.2,76.82,513860,38465301.49,shares,0
2022-01-28,74.22,75.4,72.74,73.23,73.2,530835,39112375.36,shares,0
2022-02-07,73.94,76.78,71.8,73.47,73.23,601535,44430767.3,shares,0
2022-02-08,72.52,75.69,71.0,73.49,73.47,841201,62002868.19,shares,0
2022-02-09,73.46,74.18,72.11,73.28,73.49,447278,32740465.67,shares,0
2022-02-10,73.65,73.65,72.2,72.82,73.28,262320,19068262.13,shares,0
2022-02-11,72.8,72.99,68.69,71.51,72.82,872100,61714864.41,shares,0
2022-02-14,73.01,76.35,71.2,72.55,71.51,1609801,117674844.75,shares,0
2022-02-15,71.53,74.47,70.2,71.33,72.55,822149,58763645.49,shares,0
2022-02-16,71.33,72.74,69.3,70.85,71.33,937041,66589060.97,shares,0
2022-02-17,70.95,74.65,70.33,72.1,70.85,1368252,99032298.17,shares,0
2022-02-18,71.33,72.55,69.01,69.72,72.1,1009820,70347548.94,shares,0
2022-02-21,69.68,71.28,69.0,70.5,69.72,698853,48992028.96,shares,0
2022-02-22,72.5,75.3,71.42,74.0,70.5,2118327,155890806.98,shares,0
2022-02-23,73.9,79.86,73.0,77.75,74.0,2255966,173721288.94,shares,0
2022-02-24,81.0,91.05,77.12,81.36,77.75,5026740,413876636.76,shares,0
2022-02-25,83.0,87.0,79.06,79.89,81.36,4391116,363255261.33,shares,0
2022-02-28,84.0,90.13,83.0,84.67,79.89,4951522,424975744.0,shares,0
2022-03-01,84.0,84.0,78.56,80.66,84.67,3037406,243800905.0,shares,0
2022-03-02,80.0,81.6,78.88,79.21,80.66,2269224,181542653.0,shares,0
2022-03-03,80.0,81.9,76.93,80.5,79.21,2798208,223307089.0,shares,0
2022-03-04,80.5,80.61,75.03,75.84,80.5,2802321,216270866.0,shares,0
2022-03-07,74.6,75.44,73.02,73.59,75.84,1486626,110037137.0,shares,0
2022-03-08,73.45,76.58,72.21,74.86,73.59,1984820,147896856.0,shares,0
2022-03-09,75.0,75.65,69.0,72.0,74.86,1920150,138027490.0,shares,0
2022-03-10,73.9,73.9,70.7,70.83,72.0,1609508,115687592.0,shares,0
2022-03-11,69.67,69.98,66.62,69.14,70.83,1320257,90155406.0,shares,0
2022-03-14,71.0,73.68,70.53,71.27,69.14,1993023,143533440.0,shares,0
2022-03-15,69.65,71.18,64.01,64.01,71.27,2210399,149864491.0,shares,0
2022-03-16,66.0,66.78,62.0,65.55,64.01,1536798,98321969.0,shares,0
2022-03-17,66.5,69.78,66.1,67.88,65.55,2213679,151282173.0,shares,0
2022-03-18,67.05,67.76,64.45,65.2,67.88,1836129,120212722.89,shares,0
2022-03-21,65.08,70.0,64.19,68.81,65.2,2425937,165752459.47,shares,0
2022-03-22,68.2,68.32,66.65,67.26,68.81,1168076,78359864.55,shares,0
2022-03-23,68.02,69.48,66.99,67.61,67.26,1209680,82405764.03,shares,0
2022-03-24,68.89,69.83,67.28,69.01,67.61,1456792,99920864.89,shares,0
2022-03-25,69.1,70.75,68.9,69.22,69.01,1532822,106889411.02,shares,0
2022-03-28,69.0,71.95,68.56,70.02,69.22,1502742,105875118.31,shares,0
2022-03-29,69.7,69.7,67.13,68.37,70.02,1059963,72201588.15,shares,0
2022-03-30,68.04,68.96,66.5,67.39,68.37,906629,60885486.77,shares,0
2022-03-31,67.5,67.59,64.45,64.67,67.39,1197998,77981452.72,shares,0
2022-04-01,65.28,68.85,63.65,68.34,64.67,1735549,115734880.47,shares,0
2022-04-06,68.01,68.01,65.13,65.53,68.34,1220391,80804592.89,shares,0
2022-04-07,65.06,65.27,63.5,63.5,65.53,692854,44365179.17,shares,0
2022-04-08,63.27,64.58,62.08,63.35,63.5,650912,41216369.75,shares,0
2022-04-11,63.34,63.34,59.41,59.6,63.35,990541,59778725.32,shares,0
2022-04-12,59.6,60.6,57.8,60.03,59.6,760112,44887098.09,shares,0
2022-04-13,60.8,60.8,59.01,59.19,60.03,592844,35519345.24,shares,0
2022-04-14,59.27,60.37,58.59,59.5,59.19,576937,34323998.08,shares,0
2022-04-15,59.01,59.01,56.7,57.6,59.5,823133,47301234.06,shares,0
2022-04-18,56.8,58.5,55.32,57.87,57.6,542240,31273196.35,shares,0
2022-04-19,58.39,59.4,57.8,58.21,57.87,450804,26389273.09,shares,0
2022-04-20,58.21,58.75,56.68,57.0,58.21,342055,19790876.78,shares,0
2022-04-21,56.66,57.49,53.65,53.7,57.0,653899,36004883.58,shares,0
2022-04-22,54.61,54.61,52.2,52.4,53.7,487908,25834618.06,shares,0
2022-04-25,51.96,51.96,47.8,48.78,52.4,1102262,53929191.77,shares,0
2022-04-26,50.4,50.4,48.01,48.2,48.78,573755,28146442.1,shares,0
2022-04-27,47.56,51.0,46.68,50.58,48.2,639388,31511964.17,shares,0
2022-04-28,49.69,50.29,47.73,48.04,50.58,624712,30361704.33,shares,0
2022-04-29,48.95,53.7,48.95,53.49,48.04,1205472,62471135.8,shares,0
2022-05-05,53.8,54.79,53.01,53.6,53.49,650121,35173851.95,shares,0
2022-05-06,51.55,53.16,51.51,52.1,53.6,609436,31906772.59,shares,0
2022-05-09,52.1,54.5,51.5,53.86,52.1,618720,33057775.94,shares,0
2022-05-10,53.31,57.29,52.73,56.39,53.86,970545,54336278.26,shares,0
2022-05-11,57.1,61.73,57.1,58.6,56.39,1357954,81139182.64,shares,0
2022-05-12,57.52,60.34,57.52,59.2,58.6,727734,43184557.56,shares,0
2022-05-13,59.53,60.09,58.01,59.72,59.2,559160,32987359.55,shares,0
2022-05-16,59.74,61.19,59.5,60.08,59.72,466316,28158603.2,shares,0
2022-05-17,59.55,63.18,58.99,62.6,60.08,1044012,64801754.55,shares,0
2022-05-18,63.18,63.98,62.11,62.91,62.6,664184,41887562.49,shares,0
2022-05-19,61.8,63.15,61.22,62.29,62.56,554934,34518167.24,shares,0
2022-05-20,62.41,63.58,61.73,62.67,62.29,430003,26894095.45,shares,0
2022-05-23,63.2,63.88,62.41,63.08,62.67,528112,33293084.38,shares,0
2022-05-24,63.95,66.99,62.68,63.22,63.08,1186718,76805363.45,shares,0
2022-05-25,63.22,63.28,61.0,61.4,63.22,639690,39470552.58,shares,0
2022-05-26,61.7,62.49,60.0,60.03,61.4,525607,31818300.16,shares,0
2022-05-27,61.04,62.95,60.06,60.32,60.03,515025,31589823.31,shares,0
2022-05-30,60.28,62.53,60.2,61.65,60.32,513710,31603019.45,shares,0
2022-05-31,62.44,62.71,60.01,62.2,61.65,578799,35564713.99,shares,0
2022-06-01,62.06,63.17,61.01,62.33,62.2,532583,33247965.55,shares,0
2022-06-02,62.66,67.38,62.34,67.18,62.33,1447174,94801959.96,shares,0
2022-06-06,76.0,80.62,72.07,74.82,67.18,5181312,396885671.32,shares,0
2022-06-07,73.0,73.58,68.12,69.66,74.82,3705412,259701221.15,shares,0
2022-06-08,68.7,73.22,68.7,71.15,69.66,2844328,203232332.98,shares,0
2022-06-09,70.62,71.5,67.38,67.38,71.15,1836384,125741504.26,shares,0
2022-06-10,67.0,72.26,66.81,71.01,67.38,2196849,153851235.75,shares,0
2022-06-13,69.87,72.45,69.8,71.3,71.01,1412529,100610896.12,shares,0
2022-06-14,69.51,70.23,66.5,68.12,71.3,1546548,105498262.88,shares,0
2022-06-15,68.33,70.89,68.03,68.15,68.12,1440158,99920654.51,shares,0
2022-06-16,68.2,70.31,67.84,68.58,68.15,1212094,83650216.79,shares,0
2022-06-17,67.65,70.35,67.2,69.63,68.58,1147584,79876412.38,shares,0
2022-06-20,70.34,71.28,68.38,69.92,69.63,1275446,89176367.34,shares,0
2022-06-21,69.89,70.39,67.56,68.55,69.92,941890,64739944.28,shares,0
2022-06-22,68.56,68.77,65.98,66.33,68.55,906260,60929267.07,shares,0
2022-06-23,66.25,69.43,66.25,69.35,66.33,1258208,86420804.35,shares,0
2022-06-24,69.35,75.97,69.35,73.73,69.35,2880923,211430239.17,shares,0
2022-06-27,75.79,75.79,72.37,74.58,73.73,1953948,144595713.46,shares,0
2022-06-28,73.18,74.09,70.0,71.93,74.58,2086835,148575133.28,shares,0
2022-06-29,70.8,72.77,70.49,71.1,71.93,1267564,90329652.24,shares,0
2022-06-30,71.2,71.56,69.0,70.26,71.1,1121500,79133399.93,shares,0
2022-07-01,70.59,71.49,69.18,69.38,70.26,975282,68310172.0,shares,0
2022-07-04,69.38,70.29,66.99,68.58,69.38,935707,63668043.11,shares,0
2022-07-05,68.6,70.13,67.38,69.14,68.58,815108,55963485.46,shares,0
2022-07-06,68.9,73.61,68.14,72.08,69.14,2386202,173033220.47,shares,0
2022-07-07,72.08,72.89,70.24,71.31,72.08,815064,58047181.63,shares,0
2022-07-08,71.67,72.58,69.51,70.03,71.31,731882,51722268.32,shares,0
2022-07-11,69.58,70.5,68.28,70.1,70.03,602147,41675791.54,shares,0
2022-07-12,69.97,70.37,66.8,66.94,70.1,735100,50047492.19,shares,0
2022-07-13,67.59,67.77,65.0,67.35,66.94,777782,51708174.34,shares,0
2022-07-14,67.35,69.65,66.94,69.24,67.35,685156,47236405.12,shares,0
2022-07-15,69.24,69.96,67.82,67.83,69.24,484900,33297283.6,shares,0
2022-07-18,67.7,68.95,66.0,66.74,67.83,875411,58460260.56,shares,0
2022-07-19,66.65,68.69,66.24,68.69,66.74,723099,49124469.69,shares,0
2022-07-20,68.79,70.27,67.32,68.0,68.69,543051,37242868.94,shares,0
2022-07-21,68.88,72.38,67.8,69.78,68.0,1448744,102607964.07,shares,0
2022-07-22,70.79,70.79,67.6,68.15,69.78,809986,55741808.94,shares,0
2022-07-25,67.47,69.39,66.8,67.47,68.15,484892,32810303.66,shares,0
2022-07-26,67.02,73.77,66.72,72.8,67.47,2475282,177648988.55,shares,0
2022-07-27,73.0,75.98,72.03,73.9,72.8,1772705,131805894.31,shares,0
2022-07-28,73.9,78.28,73.3,77.86,73.9,2664898,204723175.99,shares,0
2022-07-29,77.6,80.02,77.17,78.26,77.86,1724447,136285016.43,shares,0
2022-08-01,78.3,79.29,76.31,77.7,78.26,1302386,101313048.31,shares,0
2022-08-02,76.5,77.96,73.68,75.66,77.7,1616539,122159076.86,shares,0
2022-08-03,74.66,84.3,74.66,80.05,75.66,2473297,198246243.02,shares,0
2022-08-04,82.8,83.52,80.11,82.24,80.05,1879907,154452795.0,shares,0
2022-08-05,82.0,92.88,82.0,90.39,82.24,3224838,278265806.0,shares,0
2022-08-08,90.0,96.54,86.51,95.56,90.39,3199915,292722285.0,shares,0
2022-08-09,93.66,98.68,90.37,97.61,95.56,2083011,196051061.0,shares,0
2022-08-10,96.0,97.97,93.5,95.6,97.61,2020890,193370558.0,shares,0
2022-08-11,95.64,98.88,95.0,95.98,95.6,1899434,184669096.0,shares,0
2022-08-12,96.79,99.59,91.3,91.97,95.98,2499470,237031188.0,shares,0
2022-08-15,91.99,94.52,91.09,92.21,91.97,1268014,117112127.67,shares,0
2022-08-16,93.13,95.18,89.9,91.9,92.21,941240,87121077.95,shares,0
2022-08-17,94.5,94.5,88.0,88.89,91.9,1100785,98230001.14,shares,0
2022-08-18,88.97,89.68,85.74,88.71,88.89,1288161,112884406.29,shares,0
2022-08-19,88.5,90.94,84.2,84.78,88.71,1354008,117597129.12,shares,0
2022-08-22,84.1,86.66,82.3,86.41,84.78,1620501,137364993.63,shares,0
2022-08-23,84.84,86.98,84.0,85.06,86.41,798560,68128763.12,shares,0
2022-08-24,85.07,86.1,79.22,82.0,85.06,2501894,204930818.46,shares,0
2022-08-25,81.07,84.48,81.07,82.24,82.0,2072253,171862273.22,shares,0
2022-08-26,82.56,84.75,80.03,81.19,82.24,1237161,101382497.37,shares,0
2022-08-29,79.5,82.39,78.2,81.08,81.19,854509,69249275.77,shares,0
2022-08-30,95.03,95.03,86.78,87.71,81.08,4088421,370544997.82,shares,0
2022-08-31,89.49,92.43,87.31,87.86,87.71,3184358,284820249.25,shares,0
2022-09-01,87.44,102.58,87.08,101.96,87.86,4826196,467338665.39,shares,0
2022-09-02,101.82,106.66,97.0,104.86,101.96,3811334,390871910.62,shares,0
2022-09-05,102.92,113.6,102.92,109.86,104.86,2625881,282976493.62,shares,0
2022-09-06,108.93,113.59,105.58,112.71,109.86,2273110,247493247.88,shares,0
2022-09-07,112.45,116.66,110.92,113.51,112.71,1635713,186951184.82,shares,0
2022-09-08,114.65,118.6,112.11,115.2,113.51,1426698,164539517.16,shares,0
2022-09-09,115.69,118.0,112.0,114.66,115.2,1202258,137442713.71,shares,0
2022-09-13,114.29,125.03,114.29,122.23,114.66,2032392,247655864.13,shares,0
2022-09-14,119.0,122.35,116.84,122.32,122.23,1439115,171898227.64,shares,0
2022-09-15,120.9,120.9,113.04,116.38,122.32,1550977,180051911.9,shares,0
2022-09-16,116.74,128.79,116.06,122.54,116.38,1333993,164200882.26,shares,0
2022-09-19,121.38,128.0,117.61,118.73,122.54,1056559,128237499.94,shares,0
2022-09-20,118.36,121.9,115.11,117.99,118.73,870423,103446287.02,shares,0
2022-09-21,116.27,122.72,115.19,122.23,117.99,1185948,141794737.35,shares,0
2022-09-22,119.79,127.95,117.0,122.8,122.23,1432236,176541600.2,shares,0
2022-09-23,120.89,124.91,115.58,116.36,122.8,1269271,150341077.01,shares,0
2022-09-26,113.0,122.8,113.0,118.81,116.36,1248437,149063486.05,shares,0
2022-09-27,121.03,125.47,117.99,121.68,118.81,947158,115641391.01,shares,0
2022-09-28,122.29,123.6,115.84,116.0,121.68,748611,88518441.43,shares,0
2022-09-29,117.65,118.87,113.6,115.81,116.0,790224,92160423.37,shares,0
2022-09-30,113.43,118.17,112.32,112.39,115.81,774925,89085534.35,shares,0
2022-10-10,109.08,112.3,96.0,98.25,112.39,2880703,293555612.01,shares,0
2022-10-11,99.33,102.53,96.0,98.0,98.25,2078830,205386938.47,shares,0
2022-10-12,95.21,99.65,92.55,97.59,98.0,2140999,203570287.53,shares,0
2022-10-13,95.93,100.93,94.25,95.17,97.59,1688739,163999371.35,shares,0
2022-10-14,95.17,96.92,90.1,92.68,95.17,2276657,210280307.34,shares,0
2022-10-17,92.66,95.28,90.46,92.48,92.68,2023389,186908391.22,shares,0
2022-10-18,92.9,93.8,88.62,89.37,92.48,2696343,244480110.18,shares,0
2022-10-19,88.7,90.88,87.6,88.05,89.37,1696997,151354684.07,shares,0
2022-10-20,87.21,96.79,86.99,93.5,88.05,3460086,320335587.7,shares,0
2022-10-21,93.48,93.48,86.18,90.09,93.5,2626769,234529551.41,shares,0
2022-10-24,91.3,96.8,90.96,93.48,90.09,2334622,219499539.48,shares,0
2022-10-25,94.33,94.34,87.0,91.83,93.48,1806855,165338310.56,shares,0
2022-10-26,92.91,93.2,88.25,90.8,91.83,2046362,186534980.87,shares,0
2022-10-27,90.82,91.85,88.05,89.15,90.8,1893373,169825586.24,shares,0
2022-10-28,89.0,94.0,88.0,88.49,89.15,2262578,205883678.5,shares,0
2022-10-31,87.61,91.9,87.18,87.84,88.49,1917306,171232058.51,shares,0
2022-11-01,85.55,88.28,85.02,87.63,87.84,1959545,169537235.81,shares,0
2022-11-02,87.68,91.49,86.3,89.3,87.63,1981247,175694762.64,shares,0
2022-11-03,88.59,97.55,88.15,95.11,89.3,2948258,275240158.13,shares,0
2022-11-04,95.98,97.53,92.69,96.6,95.11,2741969,260226558.57,shares,0
2022-11-07,96.59,96.59,89.3,89.77,96.6,3387434,310585517.42,shares,0
2022-11-08,90.0,90.77,87.17,87.73,89.77,1793779,158265087.53,shares,0
2022-11-09,86.99,88.75,86.74,88.14,87.73,1153006,101503506.3,shares,0
2022-11-10,88.0,88.96,84.01,84.32,88.14,1949592,166858754.54,shares,0
2022-11-11,86.53,87.5,84.8,85.18,84.32,1438896,123292405.77,shares,0
2022-11-14,85.12,86.0,81.42,82.12,85.18,1901859,157701120.9,shares,0
2022-11-15,82.29,87.78,81.18,87.59,82.12,2242214,191715265.52,shares,0
2022-11-16,86.86,88.18,85.57,87.27,87.59,1789344,155356687.24,shares,0
2022-11-17,86.15,86.98,82.8,86.73,87.27,1615666,137015127.56,shares,0
2022-11-18,86.85,90.4,85.0,85.21,86.73,2000352,175467830.91,shares,0
2022-11-21,83.71,86.78,83.7,85.89,85.21,1038342,88858760.62,shares,0
2022-11-22,85.41,87.24,83.66,84.32,85.89,1231054,104944357.23,shares,0
2022-11-23,83.54,85.46,82.38,84.77,84.32,1152338,96945672.04,shares,0
2022-11-24,84.6,86.99,84.38,86.17,84.77,1047779,90059559.72,shares,0
2022-11-25,85.8,86.73,82.38,82.41,86.17,1291203,108249068.73,shares,0
2022-11-28,81.65,82.89,80.74,82.39,82.41,812101,66483249.05,shares,0
2022-11-29,82.27,82.28,80.4,80.71,82.39,1206806,97916419.84,shares,0
2022-11-30,81.02,81.68,78.63,79.7,80.71,1270577,101349713.26,shares,0
2022-12-01,80.0,83.2,80.0,80.81,79.7,1507969,123485138.07,shares,0
2022-12-02,80.82,82.0,79.8,80.61,80.81,792884,64154896.28,shares,0
2022-12-05,80.35,81.16,79.0,79.95,80.61,951402,76074340.46,shares,0
2022-12-06,79.41,81.69,79.01,80.73,79.95,1205788,96985069.8,shares,0
2022-12-07,80.7,81.18,79.0,79.4,80.73,1066438,84915724.23,shares,0
2022-12-08,79.4,79.49,77.9,78.03,79.4,891655,69913941.29,shares,0
2022-12-09,79.18,81.38,77.81,79.99,78.03,1672474,133595016.26,shares,0
2022-12-12,79.62,81.84,78.5,80.35,79.99,1536286,123002145.7,shares,0
2022-12-13,79.91,80.42,76.28,76.46,80.35,1500144,116607661.39,shares,0
2022-12-14,79.12,80.5,76.3,76.47,76.46,2021787,158987191.25,shares,0
2022-12-15,75.87,78.73,75.0,77.77,76.47,1648620,127849758.36,shares,0
2022-12-16,77.5,77.99,73.73,74.04,77.77,1935641,144164212.13,shares,0
2022-12-19,74.0,75.95,73.51,74.69,74.04,1160169,86399220.18,shares,0
2022-12-20,74.6,75.2,73.12,73.45,74.69,805575,59525276.87,shares,0
2022-12-21,73.33,73.99,72.5,72.66,73.45,1086649,79360406.88,shares,0
2022-12-22,72.7,73.2,71.77,72.38,72.66,947931,68510972.05,shares,0
2022-12-23,72.0,72.28,70.18,70.72,72.38,851129,60563040.82,shares,0
2022-12-26,71.0,74.42,70.0,74.0,70.72,1314332,96559915.23,shares,0
2022-12-27,73.51,77.11,73.0,76.76,74.0,1368610,103089599.67,shares,0
2022-12-28,75.57,76.8,74.6,75.08,76.76,985761,74396674.1,shares,0
2022-12-29,75.09,76.2,74.52,75.75,75.08,627483,47437154.86,shares,0
2022-12-30,76.42,76.42,73.77,74.25,75.75,786683,58683186.25,shares,0
2023-01-03,73.66,79.58,73.5,78.39,74.25,1613673,124818165.83,shares,0
2023-01-04,79.2,79.5,76.76,77.67,78.39,1065334,82682619.59,shares,0
2023-01-05,77.0,78.46,76.04,77.41,77.67,990890,76415417.18,shares,0
2023-01-06,77.43,79.44,76.72,77.07,77.41,1349963,104992322.53,shares,0
2023-01-09,76.91,80.95,76.91,79.19,77.07,1594854,126796850.16,shares,0
2023-01-10,79.11,80.99,78.79,79.1,79.19,941316,75210572.0,shares,0
2023-01-11,78.56,81.8,77.0,77.15,79.1,1623531,128295059.61,shares,0
2023-01-12,77.78,78.59,76.54,78.38,77.15,1058697,82441075.62,shares,0
2023-01-13,78.37,78.4,76.02,77.07,78.38,910376,70086452.83,shares,0
2023-01-16,77.12,80.4,76.66,79.82,77.07,1628355,129022860.88,shares,0
2023-01-17,80.0,83.01,79.2,81.12,79.82,1239997,100993360.17,shares,0
2023-01-18,82.03,82.98,80.36,80.85,81.12,782317,63357775.41,shares,0
2023-01-19,80.53,81.57,79.7,81.2,80.85,740871,59848674.35,shares,0
2023-01-20,80.87,80.87,78.96,79.38,81.2,1347923,107176978.53,shares,0
2023-01-30,80.2,83.39,79.49,81.9,79.38,1892588,154271223.08,shares,0
2023-01-31,80.88,82.37,79.52,80.31,81.9,2186496,176117986.95,shares,0
2023-02-01,80.22,82.5,80.22,81.51,80.31,1324014,107736904.13,shares,0
2023-02-02,82.09,83.98,81.51,82.83,81.51,1818132,150458627.31,shares,0
2023-02-03,83.0,84.13,82.02,83.79,82.83,1975888,164497387.24,shares,0
2023-02-06,83.77,83.77,80.88,81.3,83.79,1683133,137574238.86,shares,0
2023-02-07,81.35,82.69,80.71,81.35,81.3,1139544,92935023.68,shares,0
2023-02-08,81.69,82.6,80.14,80.32,81.35,1322457,106630216.89,shares,0
2023-02-09,79.82,83.42,79.82,83.14,80.32,2348021,193171302.18,shares,0
2023-02-10,82.75,83.78,81.05,81.8,83.14,1355483,111418193.45,shares,0
2023-02-13,81.25,83.45,81.25,83.14,81.8,1385099,114557785.53,shares,0
2023-02-14,83.77,84.19,81.88,82.74,83.14,1459647,121018978.04,shares,0
2023-02-15,82.58,84.55,82.1,84.01,82.74,1645756,137370684.97,shares,0
2023-02-16,83.49,84.11,80.02,80.6,84.01,1907028,157056024.91,shares,0
2023-02-17,81.0,81.82,77.39,77.97,80.6,1389000,109784698.82,shares,0
2023-02-20,77.69,77.69,75.63,77.01,77.97,1210858,92649431.65,shares,0
2023-02-21,77.02,78.1,76.36,77.2,77.01,873909,67459228.49,shares,0
2023-02-22,76.9,77.69,76.5,76.97,77.2,660741,50908309.13,shares,0
2023-02-23,76.54,77.38,75.67,76.1,76.97,813531,62174432.01,shares,0
2023-02-24,76.1,77.3,75.4,75.64,76.1,793318,60472758.49,shares,0
2023-02-27,76.4,76.4,73.83,74.61,75.64,1052932,78542250.19,shares,0
2023-02-28,74.1,74.75,72.8,73.78,74.61,1317434,96803605.25,shares,0
2023-03-01,73.78,74.49,73.01,73.67,73.78,991330,73157357.96,shares,0
2023-03-02,73.67,74.7,71.6,71.65,73.67,1676642,122004849.01,shares,0
2023-03-03,72.25,74.2,72.25,73.21,71.65,1496212,109341720.13,shares,0
2023-03-06,74.17,77.78,72.71,77.43,73.21,2721039,206397629.85,shares,0
2023-03-07,77.13,77.56,74.55,75.11,77.43,1479820,112744529.62,shares,0
2023-03-08,75.12,77.88,74.6,77.05,75.11,1507631,115362390.13,shares,0
2023-03-09,77.28,82.78,77.19,80.7,77.05,3466094,280922692.0,shares,0
2023-03-10,80.7,84.25,79.58,81.68,80.7,3886129,319569009.34,shares,0
2023-03-13,80.99,83.6,79.5,80.16,81.68,2272761,183956119.65,shares,0
2023-03-14,80.12,83.58,78.68,83.23,80.16,3109113,254545469.73,shares,0
2023-03-15,83.07,88.88,83.01,85.0,83.23,3623897,311981760.41,shares,0
2023-03-16,84.33,86.54,82.42,82.92,85.0,2796069,235465623.51,shares,0
2023-03-17,83.4,86.08,82.68,85.01,82.92,2864399,242295948.27,shares,0
2023-03-20,83.91,88.5,82.0,86.38,85.01,3339844,287607347.24,shares,0
2023-03-21,84.96,86.96,84.36,86.0,86.38,2398245,204691128.06,shares,0
2023-03-22,85.88,86.18,84.08,84.75,86.0,1862608,158224121.69,shares,0
2023-03-23,85.14,85.29,82.85,84.57,84.75,2143387,180612566.33,shares,0
2023-03-24,84.09,85.89,82.14,82.49,84.57,2126676,177398727.82,shares,0
2023-03-27,83.82,86.78,83.12,84.41,82.49,2520346,213468636.39,shares,0
2023-03-28,83.74,85.25,81.14,81.5,84.41,1942658,160001258.87,shares,0
2023-03-29,81.32,93.72,80.05,88.9,81.5,5840240,507826482.21,shares,0
2023-03-30,89.72,93.5,89.05,92.21,88.9,4984890,455057007.88,shares,0
2023-03-31,92.8,97.97,91.35,94.86,92.21,5197648,490732861.22,shares,0
2023-04-03,96.5,99.8,93.39,99.19,94.86,4427219,428238024.14,shares,0
2023-04-04,97.5,103.49,96.2,97.67,99.19,4298835,426008936.87,shares,0
2023-04-06,95.01,106.35,95.01,99.41,97.67,4803282,480995179.1,shares,0
2023-04-07,98.98,103.49,97.11,102.33,99.41,3295919,328767035.27,shares,0
2023-04-10,101.45,106.78,98.08,98.1,102.33,3788755,386610659.67,shares,0
2023-04-11,99.87,101.95,94.88,96.72,98.1,3552568,345892419.26,shares,0
2023-04-12,97.19,98.9,94.99,98.35,96.72,2494458,242627805.41,shares,0
2023-04-13,97.0,98.22,93.0,93.75,98.35,2998988,284686903.9,shares,0
2023-04-14,94.43,102.66,92.15,101.99,93.75,5493744,540497560.43,shares,0
2023-04-17,101.5,106.11,96.3,97.16,101.99,4009652,401288572.8,shares,0
2023-04-18,96.96,97.25,93.9,95.88,97.16,2616794,249944293.68,shares,0
2023-04-19,96.58,100.46,94.88,97.46,95.88,3367045,329258222.36,shares,0
2023-04-20,97.2,100.98,96.66,100.71,97.46,4309013,427227671.74,shares,0
2023-04-21,100.5,100.5,94.5,97.19,100.71,4659083,455785223.21,shares,0
2023-04-24,97.5,97.87,88.37,89.0,97.19,4164167,378208689.57,shares,0
2023-04-25,89.39,89.5,83.0,86.03,89.0,4281766,369581264.89,shares,0
2023-04-26,81.86,84.78,77.45,78.34,86.03,4545650,364028675.94,shares,0
2023-04-27,78.0,81.98,77.5,80.37,78.34,2830588,227200112.17,shares,0
2023-04-28,81.81,87.27,81.81,84.99,80.37,3793935,321401441.5,shares,0
2023-05-04,83.02,85.19,81.21,81.28,84.99,2549279,211340895.07,shares,0
2023-05-05,80.98,83.22,79.4,80.35,81.28,1895014,153201733.01,shares,0
2023-05-08,80.57,80.96,77.5,77.64,80.35,2084509,163974661.0,shares,0
2023-05-09,78.0,78.78,76.03,77.18,77.64,1752531,135635583.53,shares,0
2023-05-10,76.33,77.28,73.5,74.2,77.18,2752427,204819760.94,shares,0
2023-05-11,75.48,77.82,74.12,74.17,74.2,1696559,127379083.67,shares,0
2023-05-12,73.9,75.7,72.5,72.6,74.17,1938466,142772540.86,shares,0
2023-05-15,72.6,77.58,72.18,76.9,72.6,2946202,222011299.26,shares,0
2023-05-16,76.9,82.18,76.88,78.8,76.9,3649299,290631799.64,shares,0
2023-05-17,78.0,82.1,78.0,80.61,78.8,3333547,268261606.57,shares,0
2023-05-18,79.2,82.5,79.2,81.5,80.61,2793856,226830025.16,shares,0
2023-05-19,80.88,86.58,80.88,85.84,81.5,3280192,277139591.26,shares,0
2023-05-22,88.0,88.37,83.65,84.38,85.84,1598654,135752499.67,shares,0
2023-05-23,83.92,84.37,82.07,82.91,84.38,2002515,166335526.96,shares,0
2023-05-24,83.03,87.99,82.17,86.21,82.91,2915631,250093633.29,shares,0
2023-05-25,86.52,87.5,83.5,85.1,86.21,1921387,162718260.45,shares,0
2023-05-26,85.61,87.78,84.91,85.5,85.1,1635428,140798574.09,shares,0
2023-05-29,85.9,88.76,85.51,86.53,85.5,1553555,135534139.21,shares,0
2023-05-30,86.03,86.96,84.76,86.45,86.53,923737,79447085.67,shares,0
2023-05-31,86.01,87.77,85.58,86.9,86.45,1124992,97318899.81,shares,0
2023-06-01,86.41,87.66,84.76,86.77,86.9,991135,85509397.95,shares,0
2023-06-02,86.88,87.6,82.51,84.95,86.77,1542587,131039698.71,shares,0
2023-06-05,85.97,87.3,83.43,83.5,84.95,1174078,99699191.77,shares,0
2023-06-06,83.26,85.7,82.46,83.61,83.5,1434663,120769390.2,shares,0
2023-06-07,83.23,84.99,82.59,83.16,83.61,744830,62108588.96,shares,0
2023-06-08,82.3,83.0,79.0,80.48,83.16,1535747,123584794.97,shares,0
2023-06-09,81.23,81.88,78.0,81.03,80.48,1340500,106982378.52,shares,0
2023-06-12,80.72,83.38,80.0,80.32,81.03,1169142,95455130.54,shares,0
2023-06-13,80.73,82.19,79.33,81.56,80.32,1109896,89785162.34,shares,0
2023-06-14,81.3,83.3,80.59,82.18,81.56,1001429,82275501.75,shares,0
2023-06-15,82.0,83.92,81.11,82.15,82.18,1299959,107589010.49,shares,0
2023-06-16,82.23,83.48,81.2,82.52,82.15,1236203,102081467.36,shares,0
2023-06-19,82.97,85.28,82.0,82.65,82.52,1393927,116428435.62,shares,0
2023-06-20,82.39,84.2,80.44,80.61,82.65,1530957,124887322.89,shares,0
2023-06-21,80.3,80.61,77.19,77.3,80.61,1266547,99052777.22,shares,0
2023-06-26,77.18,79.32,76.7,78.13,77.3,959975,74884119.76,shares,0
2023-06-27,77.97,79.18,76.01,77.0,78.13,1118501,86499608.02,shares,0
2023-06-28,77.01,78.78,75.0,77.68,77.0,1115789,86118253.61,shares,0
2023-06-29,78.6,78.8,76.8,77.99,77.68,1013055,78837894.87,shares,0
2023-06-30,77.66,81.38,77.01,80.73,77.99,1458835,116878086.56,shares,0
2023-07-03,80.64,81.82,80.01,81.31,80.73,935394,75787025.66,shares,0
2023-07-04,80.96,82.29,78.88,80.11,81.31,1445794,116030781.07,shares,0
2023-07-05,79.9,81.2,78.56,78.83,80.11,890654,70937910.9,shares,0
2023-07-06,78.79,79.89,77.0,77.38,78.43,1110051,86495634.21,shares,0
2023-07-07,77.38,77.8,75.88,77.28,77.38,944901,72768400.19,shares,0
2023-07-10,76.95,78.48,76.67,77.49,77.28,624935,48572766.59,shares,0
2023-07-11,77.5,79.17,77.49,78.5,77.49,605348,47446352.3,shares,0
2023-07-12,78.42,78.48,74.84,75.2,78.5,1341915,102141842.35,shares,0
2023-07-13,75.48,77.14,75.37,76.85,75.2,1044889,79909409.87,shares,0
2023-07-14,77.05,77.99,75.37,75.43,76.85,886148,67424434.91,shares,0
2023-07-17,75.52,75.83,73.88,74.96,75.43,695985,51943972.4,shares,0
2023-07-18,74.1,76.0,74.1,74.35,74.96,582622,43699594.05,shares,0
2023-07-19,74.5,74.94,72.75,73.21,74.35,700054,51461359.71,shares,0
2023-07-20,73.5,73.94,72.67,72.88,73.21,504789,36924751.62,shares,0
2023-07-21,72.72,73.29,71.94,72.3,72.88,506696,36737370.71,shares,0
2023-07-24,72.93,72.93,71.7,71.92,72.3,389696,28077682.16,shares,0
2023-07-25,72.5,73.6,72.11,73.42,71.92,531650,38894529.58,shares,0
2023-07-26,74.3,74.3,72.85,73.0,73.42,459079,33612856.4,shares,0
2023-07-27,73.1,73.37,72.51,73.15,73.0,546916,39882437.08,shares,0
2023-07-28,72.65,73.25,71.75,73.25,73.15,528905,38343752.42,shares,0
2023-07-31,73.32,74.22,72.69,73.26,73.25,992149,72759868.39,shares,0
2023-08-01,73.56,74.37,72.7,74.35,73.26,1080725,79719919.03,shares,0
2023-08-02,74.25,75.83,73.77,75.36,74.35,801259,60166888.98,shares,0
2023-08-03,75.33,75.41,74.51,75.33,75.36,528744,39625643.49,shares,0
2023-08-04,75.33,75.74,73.89,74.53,75.33,606191,45179703.35,shares,0
2023-08-07,74.0,74.39,71.84,74.39,74.53,1458157,105822856.5,shares,0
2023-08-08,73.52,73.52,71.9,72.86,74.39,835854,60387545.39,shares,0
2023-08-09,72.01,72.69,71.71,72.02,72.86,853766,61417749.38,shares,0
2023-08-10,70.65,70.65,62.2,64.67,72.02,2847527,185036313.63,shares,0
2023-08-11,64.67,64.67,62.5,63.2,64.67,1581084,99984188.89,shares,0
2023-08-14,62.7,62.94,61.13,62.54,63.2,986627,61202950.94,shares,0
2023-08-15,62.79,62.88,58.6,59.19,62.54,1834705,109879154.56,shares,0
2023-08-16,59.19,59.25,57.71,58.06,59.19,971871,56703902.67,shares,0
2023-08-17,57.72,59.59,57.14,59.3,58.06,1033399,60466284.19,shares,0
2023-08-18,59.79,61.36,59.51,59.68,59.3,1276205,77205742.19,shares,0
2023-08-21,60.01,60.96,59.43,59.71,59.68,694216,41759650.3,shares,0
2023-08-22,59.77,60.8,58.18,60.5,59.71,815355,48533974.17,shares,0
2023-08-23,60.73,60.73,57.95,57.99,60.5,818878,48127035.28,shares,0
2023-08-24,57.8,58.94,57.2,58.44,57.99,919242,53456384.19,shares,0
2023-08-25,58.15,58.2,56.5,56.98,58.44,1101190,62927354.13,shares,0
2023-08-28,61.0,61.38,59.0,59.0,56.98,1450654,86926315.1,shares,0
2023-08-29,58.68,64.8,58.55,64.2,59.0,2473886,154635352.28,shares,0
2023-08-30,64.1,66.38,63.86,65.56,64.2,1455139,95083511.11,shares,0
2023-08-31,65.48,66.78,64.41,66.22,65.56,1851738,122096273.07,shares,0
2023-09-01,66.63,67.89,65.23,65.79,66.22,1242437,82581693.38,shares,0
2023-09-04,65.79,66.5,64.92,66.2,65.79,1392800,91545506.24,shares,0
2023-09-05,66.55,68.2,66.47,66.85,66.2,1582917,106310866.33,shares,0
2023-09-06,66.4,71.32,66.05,71.17,66.85,2751479,190867538.66,shares,0
2023-09-07,71.88,72.88,67.7,67.91,71.17,2838835,199002220.64,shares,0
2023-09-08,68.31,72.59,68.31,70.81,67.91,3164426,224985715.0,shares,0
2023-09-11,72.01,72.01,68.0,68.91,70.81,4104394,284121262.01,shares,0
2023-09-12,68.18,68.66,65.62,67.74,68.91,2499033,167453301.48,shares,0
2023-09-13,66.66,68.06,65.8,66.6,67.74,1449417,96484939.36,shares,0
2023-09-14,65.8,67.11,65.56,66.25,66.6,1245622,82690725.12,shares,0
2023-09-15,66.1,69.5,65.12,67.85,66.25,2206061,148223904.82,shares,0
2023-09-18,66.66,67.22,65.3,65.86,67.85,1741610,115099073.11,shares,0
2023-09-19,65.67,68.69,65.08,67.31,65.86,1941148,130263589.53,shares,0
2023-09-20,66.8,67.58,65.61,65.93,67.31,1108822,73544614.64,shares,0
2023-09-21,65.0,66.69,65.0,65.98,65.93,684369,45222661.2,shares,0
2023-09-22,65.67,67.19,65.3,67.16,65.98,939555,62363358.36,shares,0
2023-09-25,66.3,68.65,66.3,67.9,67.16,1600719,108410493.08,shares,0
2023-09-26,67.68,67.68,66.06,66.3,67.9,662658,44122168.96,shares,0
2023-09-27,66.28,67.28,66.0,66.07,66.3,687823,45701246.87,shares,0
2023-09-28,66.01,68.59,65.82,67.7,66.07,1228689,82773410.45,shares,0
2023-10-09,68.5,68.64,66.68,66.9,67.7,872549,58773199.72,shares,0
2023-10-10,67.86,68.6,65.98,66.37,66.9,1146591,76594276.98,shares,0
2023-10-11,65.96,67.23,65.6,66.7,66.37,1221874,81195549.55,shares,0
2023-10-12,66.71,70.34,65.17,69.95,66.7,2232206,150037132.94,shares,0
2023-10-13,69.0,69.88,67.9,69.39,69.95,1803609,123904614.05,shares,0
2023-10-16,69.39,70.37,67.69,68.52,69.39,1495215,102952247.65,shares,0
2023-10-17,68.52,69.21,66.67,67.32,68.52,1048831,70646962.26,shares,0
2023-10-18,67.27,67.85,65.27,65.28,67.32,959542,63446733.78,shares,0
2023-10-19,65.28,67.86,65.03,65.99,65.28,1043033,69580504.74,shares,0
2023-10-20,65.9,67.42,65.21,66.13,65.99,861260,57055116.64,shares,0
2023-10-23,66.0,66.2,62.67,63.2,66.13,948870,60669726.96,shares,0
2023-10-24,63.62,65.95,62.6,64.88,63.2,621057,40085036.56,shares,0
2023-10-25,64.88,66.41,64.5,65.0,64.88,590574,38645693.15,shares,0
2023-10-26,64.55,65.01,61.8,62.99,65.0,1025115,64856658.92,shares,0
2023-10-27,63.0,66.26,61.84,65.95,62.99,1856001,119095463.73,shares,0
2023-10-30,65.5,69.17,65.3,68.4,65.95,1277449,86553519.26,shares,0
2023-10-31,69.16,70.4,68.8,69.61,68.4,1566746,109166254.12,shares,0
2023-11-01,69.03,70.15,68.4,69.84,69.61,760435,52892097.43,shares,0
2023-11-02,69.97,69.97,68.01,68.35,69.84,918198,63258285.86,shares,0
2023-11-03,68.69,70.64,68.21,70.29,68.35,1025084,71604312.52,shares,0
2023-11-06,70.85,71.49,69.59,71.38,70.29,1436049,101539939.5,shares,0
2023-11-07,70.93,71.6,70.2,71.0,71.38,642559,45538377.67,shares,0
2023-11-08,70.5,72.58,70.15,71.97,71.0,768138,54913037.56,shares,0
2023-11-09,72.97,73.99,71.3,71.53,71.97,1176635,85460988.01,shares,0
2023-11-10,71.53,72.66,71.01,71.75,71.53,792436,57063368.68,shares,0
2023-11-13,72.39,72.4,71.19,71.96,71.75,502059,36005467.42,shares,0
2023-11-14,72.0,72.6,71.19,71.76,71.96,508923,36568618.73,shares,0
2023-11-15,72.44,72.83,71.36,71.88,71.76,563758,40563769.55,shares,0
2023-11-16,71.68,72.26,70.65,70.65,71.88,689561,49016899.28,shares,0
2023-11-17,70.99,71.4,70.28,71.07,70.65,499102,35390772.19,shares,0
2023-11-20,71.71,77.6,71.67,77.3,71.07,2559404,191869356.69,shares,0
2023-11-21,76.0,76.97,74.58,76.15,77.3,1512821,114719606.75,shares,0
2023-11-22,76.0,76.0,73.0,73.42,76.15,1141805,84656566.62,shares,0
2023-11-23,73.57,74.97,72.9,74.72,73.42,763402,56613051.69,shares,0
2023-11-24,74.08,75.23,73.71,74.36,74.72,587457,43868767.59,shares,0
2023-11-27,73.16,77.65,73.12,76.51,74.36,942046,71870571.4,shares,0
2023-11-28,76.56,78.86,75.5,76.43,76.51,805950,62258091.88,shares,0
2023-11-29,76.4,77.57,74.68,76.24,76.43,796064,60349919.82,shares,0
2023-11-30,75.99,75.99,74.08,74.68,76.24,561621,42107355.4,shares,0
2023-12-01,74.68,75.43,73.66,74.56,74.68,573241,42785823.72,shares,0
2023-12-04,75.15,75.99,73.93,74.48,74.56,882202,66003847.17,shares,0
2023-12-05,74.0,75.59,73.16,73.54,74.48,640749,47432507.98,shares,0
2023-12-06,73.87,74.5,71.19,71.82,73.54,1191224,86424659.6,shares,0
2023-12-07,71.34,72.34,69.8,70.41,71.82,1486287,105078849.17,shares,0
2023-12-08,70.11,70.86,68.77,69.42,70.41,2085101,144729396.58,shares,0
2023-12-11,69.07,69.65,67.53,69.48,69.42,1140014,78152528.61,shares,0
2023-12-12,69.67,70.1,68.61,68.86,69.48,532597,36899672.08,shares,0
2023-12-13,69.1,69.45,67.64,67.79,68.86,652952,44606856.59,shares,0
2023-12-14,67.93,68.6,67.08,67.32,67.79,485901,33001635.76,shares,0
2023-12-15,67.94,68.25,66.63,66.69,67.32,384533,25847054.43,shares,0
2023-12-18,66.53,66.97,65.13,65.44,66.69,447805,29440115.92,shares,0
2023-12-19,65.81,66.75,65.0,65.83,65.44,532814,35083473.54,shares,0
2023-12-20,65.83,66.81,65.1,65.12,65.83,313102,20486352.27,shares,0
2023-12-21,65.1,66.29,64.17,65.38,65.12,379975,24775809.62,shares,0
2023-12-22,65.32,65.64,64.21,64.56,65.38,659913,42745724.29,shares,0
2023-12-25,64.56,65.35,63.99,64.33,64.56,258721,16625790.56,shares,0
2023-12-26,64.63,64.63,62.4,62.82,64.33,415335,26264965.68,shares,0
2023-12-27,63.24,65.88,62.36,64.68,62.82,729839,47112578.5,shares,0
2023-12-28,64.63,66.31,63.82,65.63,64.68,662519,43362699.05,shares,0
2023-12-29,65.62,68.4,65.3,67.38,65.63,686068,46278922.33,shares,0
2024-01-02,67.4,67.42,66.08,66.4,67.38,553711,36877649.46,shares,0
2024-01-03,66.25,66.59,64.08,65.05,66.4,673116,43850138.82,shares,0
2024-01-04,65.0,65.28,63.51,63.72,65.05,464268,29786250.06,shares,0
2024-01-05,63.52,64.14,62.22,62.41,63.72,517514,32635936.47,shares,0
2024-01-08,61.01,61.01,56.62,56.73,62.41,1319045,76000231.62,shares,0
2024-01-09,57.0,58.6,56.7,57.17,56.73,678269,38982290.36,shares,0
2024-01-10,56.87,57.3,55.26,55.43,57.17,908786,51015998.76,shares,0
2024-01-11,55.5,57.18,54.38,56.59,55.43,1066381,59204813.06,shares,0
2024-01-12,56.35,56.5,54.53,55.04,56.59,1000554,55251899.85,shares,0
2024-01-15,54.94,55.4,53.9,54.4,55.04,779372,42511179.33,shares,0
2024-01-16,54.82,54.82,52.94,53.98,54.4,839368,45044902.62,shares,0
2024-01-17,53.53,54.15,52.5,52.6,53.98,1012911,54003080.45,shares,0
2024-01-18,52.59,52.63,50.16,51.8,52.6,1427397,72935825.43,shares,0
2024-01-19,52.0,52.91,51.58,51.72,51.8,871113,45517131.38,shares,0
2024-01-22,51.71,51.74,47.87,48.12,51.72,999322,49780609.4,shares,0
2024-01-23,47.28,50.75,47.28,50.05,48.12,1528612,75772309.65,shares,0
2024-01-24,50.0,50.55,47.83,50.55,50.05,894441,43791178.12,shares,0
2024-01-25,49.8,51.73,48.77,51.5,50.55,1349616,68205833.79,shares,0
2024-01-26,51.5,51.5,49.39,50.44,51.5,909362,45734197.35,shares,0
2024-01-29,50.03,55.49,47.68,55.49,50.44,1117814,54917920.31,shares,0
2024-01-30,49.8,49.8,46.0,46.46,55.49,2393465,112449719.73,shares,0
2024-01-31,45.46,45.87,43.39,43.79,46.46,1830783,81557334.91,shares,0
2024-02-01,43.79,45.06,42.33,44.3,43.79,1404717,61619084.5,shares,0
2024-02-02,44.56,44.56,39.98,41.26,44.3,1617121,68164897.79,shares,0
2024-02-05,37.72,40.87,37.51,40.6,41.26,1756883,69117043.92,shares,0
2024-02-06,38.81,44.1,37.53,43.0,40.6,2014852,82937797.43,shares,0
2024-02-07,43.06,44.89,42.22,44.25,43.0,1833596,80910368.57,shares,0
2024-02-08,43.36,48.68,43.36,47.5,44.25,2069843,97373711.03,shares,0
2024-02-19,47.62,49.3,45.92,46.96,47.5,1681750,79522603.46,shares,0
2024-02-20,47.25,47.33,45.95,47.04,46.96,671701,31322114.24,shares,0
2024-02-21,46.84,48.24,46.16,47.18,47.04,1296455,61500549.75,shares,0
2024-02-22,46.88,48.5,46.8,48.07,47.18,1197838,57087687.26,shares,0
2024-02-23,48.9,49.41,48.13,48.84,48.07,1525547,74233701.95,shares,0
2024-02-26,48.47,49.96,47.5,48.88,48.84,1687186,82075259.97,shares,0
2024-02-27,48.53,50.99,48.28,50.99,48.88,1502117,74792102.9,shares,0
2024-02-28,51.01,52.3,47.01,47.13,50.99,2191145,109355295.86,shares,0
2024-02-29,46.65,50.55,46.56,50.37,47.13,1911128,94381588.28,shares,0
2024-03-01,52.05,52.3,50.0,50.85,50.37,2125872,108449601.07,shares,0
2024-03-04,50.78,52.29,50.0,50.93,50.85,1830311,93368298.26,shares,0
2024-03-05,50.9,50.9,49.15,49.6,50.93,1511228,75101432.69,shares,0
2024-03-06,49.29,50.5,48.35,49.38,49.6,1104068,54438028.69,shares,0
2024-03-07,49.85,50.96,49.08,49.24,49.38,1819289,91174511.82,shares,0
2024-03-08,49.15,50.02,48.66,49.77,49.24,1140146,56398628.95,shares,0
2024-03-11,49.5,50.49,48.81,50.47,49.77,1166050,58389953.96,shares,0
2024-03-12,50.47,52.6,50.28,51.29,50.47,2169581,111081928.38,shares,0
2024-03-13,51.5,51.83,50.6,50.88,51.29,1359659,69502633.61,shares,0
2024-03-14,50.78,51.07,49.56,50.15,50.88,964204,48447613.25,shares,0
2024-03-15,50.0,50.79,49.5,50.53,50.15,834666,41895050.02,shares,0
2024-03-18,50.89,52.29,50.4,52.11,50.53,1276308,65463219.73,shares,0
2024-03-19,51.89,52.28,51.5,51.6,52.11,948687,49223034.63,shares,0
2024-03-20,51.88,53.18,51.6,52.28,51.6,1179763,61680237.58,shares,0
2024-03-21,53.3,53.9,51.45,51.64,52.28,1282333,67338118.36,shares,0
2024-03-22,51.82,52.44,50.7,51.01,51.64,1024377,52746557.86,shares,0
2024-03-25,50.99,51.32,48.91,48.92,51.01,1290726,64366599.12,shares,0
2024-03-26,48.67,49.85,46.86,47.78,48.92,1556712,74652098.92,shares,0
2024-03-27,47.68,47.78,45.5,45.5,47.78,1028239,47662231.62,shares,0
2024-03-28,45.5,47.41,45.29,46.66,45.5,1177800,54587911.32,shares,0
2024-03-29,46.75,46.85,45.68,46.25,46.66,834400,38510141.33,shares,0
2024-04-01,47.2,48.36,47.19,48.33,46.25,1085206,51825682.16,shares,0
2024-04-02,48.35,48.4,47.2,47.97,48.33,695677,33267018.35,shares,0
2024-04-03,47.97,48.09,46.61,46.93,47.97,974681,45987140.73,shares,0
2024-04-08,46.75,46.75,44.22,44.27,46.93,1240371,55994548.84,shares,0
2024-04-09,44.38,45.79,44.18,45.39,44.27,1448839,65313510.63,shares,0
2024-04-10,45.3,45.3,43.66,44.01,45.39,923115,40862823.69,shares,0
2024-04-11,43.72,44.7,43.37,43.74,44.01,965521,42520162.61,shares,0
2024-04-12,44.1,45.21,43.81,44.58,43.74,1339006,59502309.01,shares,0
2024-04-15,44.58,45.49,43.68,44.31,44.58,1175386,52309067.91,shares,0
2024-04-16,43.98,43.98,42.25,42.35,44.31,1319872,56927115.88,shares,0
2024-04-17,43.0,44.19,42.71,44.07,42.35,1005309,43896164.97,shares,0
2024-04-18,43.98,45.18,43.48,44.43,44.07,1115974,49685147.38,shares,0
2024-04-19,44.21,44.83,43.5,44.31,44.43,808589,35659467.66,shares,0
2024-04-22,44.0,44.77,42.92,44.46,44.31,610983,26882265.02,shares,0
2024-04-23,44.46,45.3,44.16,44.95,44.46,753061,33760948.39,shares,0
2024-04-24,44.95,47.48,44.95,47.03,44.95,1393296,65028649.39,shares,0
2024-04-25,47.03,47.85,46.62,46.92,47.03,824629,38920330.08,shares,0
2024-04-26,46.6,48.84,46.57,48.75,46.92,1481903,71182308.52,shares,0
2024-04-29,48.41,52.32,48.31,51.99,48.75,2047941,104088582.27,shares,0
2024-04-30,52.44,52.6,51.21,51.74,51.99,1289962,66978927.41,shares,0
2024-05-06,52.77,53.09,51.74,52.97,51.74,1299271,68330176.83,shares,0
2024-05-07,52.8,54.49,52.77,54.28,52.97,1315916,71262216.17,shares,0
2024-05-08,54.3,54.65,53.02,53.5,54.28,1075574,57808617.51,shares,0
2024-05-09,53.51,54.69,53.12,53.58,53.5,1241486,66698597.77,shares,0
2024-05-10,53.6,53.65,51.75,51.92,53.58,1152258,60185391.53,shares,0
2024-05-13,52.49,52.57,51.08,51.47,51.92,956789,49557526.15,shares,0
2024-05-14,51.65,52.21,50.8,51.0,51.47,629669,32190816.79,shares,0
2024-05-15,50.91,51.17,50.15,50.58,51.0,444133,22538000.2,shares,0
2024-05-16,51.13,51.13,50.0,50.35,50.58,670280,33850562.35,shares,0
2024-05-17,50.59,51.5,49.9,51.45,50.35,617512,31314980.53,shares,0
2024-05-20,51.31,52.39,51.22,52.35,51.45,846454,43974493.52,shares,0
2024-05-21,52.56,52.56,50.88,51.32,52.35,742866,38152279.67,shares,0
2024-05-22,51.68,51.83,50.2,50.68,51.32,705097,35705187.26,shares,0
2024-05-23,50.69,50.86,49.55,49.82,50.68,649230,32456223.22,shares,0
2024-05-24,49.8,49.81,48.15,48.69,49.82,1031209,50426061.81,shares,0
2024-05-27,45.08,49.49,45.08,49.24,48.69,1995430,94730283.75,shares,0
2024-05-28,49.2,52.18,48.81,50.73,49.24,2191632,111453980.57,shares,0
2024-05-29,50.5,51.42,49.35,49.67,50.73,907883,45638467.66,shares,0
2024-05-30,49.47,50.96,49.27,50.94,49.67,765467,38688869.42,shares,0
2024-05-31,50.4,51.49,50.36,50.81,50.94,542449,27584321.48,shares,0
2024-06-03,50.82,52.85,50.51,52.29,50.81,1469099,76708761.66,shares,0
2024-06-04,52.2,52.54,50.89,52.19,52.29,930685,47999643.88,shares,0
2024-06-05,51.6,53.33,51.6,52.05,52.19,822078,43178648.17,shares,0
2024-06-06,51.84,54.49,51.84,51.95,52.05,1884746,100651539.09,shares,0
2024-06-07,51.46,53.6,51.18,51.44,51.95,1037586,54325265.85,shares,0
2024-06-11,50.95,54.9,50.7,54.12,51.44,2336409,123508077.96,shares,0
2024-06-12,53.84,54.89,53.0,54.21,54.12,1510873,81731860.12,shares,0
2024-06-13,54.3,56.49,54.2,56.33,54.21,2152804,119453247.37,shares,0
2024-06-14,55.8,56.29,54.38,55.86,56.33,1819948,100588071.65,shares,0
2024-06-17,55.3,58.69,55.15,58.0,55.86,1649163,94401616.97,shares,0
2024-06-18,57.52,58.79,56.53,57.25,58.0,1084253,62093433.13,shares,0
2024-06-19,57.3,57.8,56.0,56.15,57.25,1489786,84538018.91,shares,0
2024-06-20,55.0,57.45,54.81,55.78,56.15,1242079,69913712.01,shares,0
2024-06-21,54.83,56.24,54.55,55.04,55.78,969121,53494918.28,shares,0
2024-06-24,55.3,56.2,53.15,53.2,55.04,1424618,77697816.11,shares,0
2024-06-25,52.89,53.64,51.27,51.47,53.2,1156344,60259050.97,shares,0
2024-06-26,51.48,52.76,51.03,52.39,51.47,895359,46519714.34,shares,0
2024-06-27,51.96,54.0,51.96,52.16,52.39,1277125,67592943.91,shares,0
2024-06-28,52.12,53.48,51.03,51.61,52.16,1070047,56085093.11,shares,0
2024-07-01,51.61,52.24,49.82,51.56,51.61,949311,48399163.3,shares,0
2024-07-02,51.26,51.3,50.38,50.62,51.56,619005,31420091.46,shares,0
2024-07-03,50.5,51.5,49.43,50.12,50.62,956974,48128008.1,shares,0
2024-07-04,49.84,50.56,48.65,48.85,50.12,777339,38428513.67,shares,0
2024-07-05,48.3,48.74,46.01,48.05,48.35,1238021,58703569.56,shares,0
2024-07-08,48.0,48.63,46.81,46.97,48.05,858307,40999515.11,shares,0
2024-07-09,46.71,49.15,46.6,48.9,46.97,966120,46450536.96,shares,0
2024-07-10,48.67,49.58,48.04,48.31,48.9,592621,28954824.18,shares,0
2024-07-11,49.14,49.57,48.0,48.6,48.31,1395542,67875792.92,shares,0
2024-07-12,48.9,49.56,47.88,49.33,48.6,1022519,49959323.53,shares,0
2024-07-15,49.39,51.0,48.97,49.68,49.33,1287625,64688887.11,shares,0
2024-07-16,49.68,51.1,48.73,51.08,49.68,1049157,52537638.47,shares,0
2024-07-17,51.14,51.39,50.19,50.66,51.08,754335,38228183.31,shares,0
2024-07-18,50.38,51.7,49.17,51.27,50.66,1074971,54409248.74,shares,0
2024-07-19,51.7,53.66,51.2,52.82,51.27,1419317,74819193.23,shares,0
2024-07-22,52.5,52.95,52.02,52.49,52.82,859187,45026763.92,shares,0
2024-07-23,52.5,52.9,48.7,48.83,52.49,1250374,62902179.59,shares,0
2024-07-24,48.55,49.43,47.84,47.92,48.83,728586,35443156.72,shares,0
2024-07-25,47.45,48.91,47.32,47.5,47.92,598960,28758182.0,shares,0
2024-07-26,47.5,48.16,47.07,47.66,47.5,501897,23898144.63,shares,0
2024-07-29,47.67,47.93,46.51,46.66,47.66,766649,36024866.8,shares,0
2024-07-30,46.75,47.57,46.18,47.12,46.66,738058,34641735.74,shares,0
2024-07-31,47.16,50.75,46.72,50.75,47.12,1828278,89969311.42,shares,0
2024-08-01,51.0,51.5,50.11,50.28,50.75,752299,38172663.15,shares,0
2024-08-02,50.0,50.01,48.01,48.26,50.28,687204,33682849.18,shares,0
2024-08-05,48.01,48.68,46.75,46.83,48.26,1013136,48123090.91,shares,0
2024-08-06,47.19,48.18,46.74,47.34,46.83,478411,22626537.39,shares,0
2024-08-07,47.1,47.78,46.92,47.14,47.34,386934,18302600.15,shares,0
2024-08-08,46.91,48.19,46.3,47.53,47.14,550302,26008008.18,shares,0
2024-08-09,48.0,48.75,46.67,46.67,47.53,478715,22752606.99,shares,0
2024-08-12,46.33,46.68,44.78,45.21,46.67,1083109,49170701.7,shares,0
2024-08-13,45.5,45.69,44.43,45.41,45.21,622127,27924238.29,shares,0
2024-08-14,45.4,45.4,43.66,43.76,45.41,926480,41151785.59,shares,0
2024-08-15,43.71,44.85,43.05,43.83,43.76,612338,26856588.85,shares,0
2024-08-16,43.72,44.5,43.7,43.72,43.83,501142,22048674.33,shares,0
2024-08-19,43.75,44.37,43.27,43.4,43.72,475048,20740403.45,shares,0
2024-08-20,44.0,44.0,41.31,41.89,43.4,1358051,57196539.58,shares,0
2024-08-21,41.5,42.17,40.83,41.31,41.89,657156,27195558.63,shares,0
2024-08-22,41.3,41.78,39.88,40.78,41.31,971437,39282160.37,shares,0
2024-08-23,40.55,40.68,39.86,40.38,40.78,514352,20717871.91,shares,0
2024-08-26,40.18,41.45,40.18,40.91,40.38,629727,25823049.99,shares,0
2024-08-27,40.64,41.08,40.08,40.25,40.91,344529,13921907.03,shares,0
2024-08-28,40.24,41.13,39.9,40.7,40.25,416213,16910648.35,shares,0
2024-08-29,40.47,42.0,40.29,41.91,40.7,624329,25914482.42,shares,0
2024-08-30,43.0,46.69,42.06,44.81,41.91,2720107,120904103.96,shares,0
2024-09-02,44.97,45.09,43.03,43.12,44.81,1772424,77837824.13,shares,0
2024-09-03,43.0,44.21,43.0,43.63,43.12,619455,27052403.01,shares,0
2024-09-04,43.02,45.15,43.02,44.19,43.63,1270268,56191765.54,shares,0
2024-09-05,44.11,44.54,43.51,43.8,44.19,619010,27272315.25,shares,0
2024-09-06,43.89,44.3,42.52,42.63,43.8,765275,32952709.6,shares,0
2024-09-09,42.65,43.2,41.9,41.98,42.63,571492,24264392.02,shares,0
2024-09-10,42.0,42.62,41.31,42.6,41.98,760438,31939179.91,shares,0
2024-09-11,42.9,43.02,41.97,42.22,42.6,799478,33842503.61,shares,0
2024-09-12,42.35,42.39,41.03,41.19,42.22,1092109,45515668.06,shares,0
2024-09-13,41.1,41.37,40.5,40.52,41.19,801569,32788236.46,shares,0
2024-09-18,41.42,42.0,40.1,40.57,40.52,1173889,47936763.05,shares,0
2024-09-19,40.9,41.39,40.01,40.2,40.57,1994137,80827635.59,shares,0
2024-09-20,40.19,40.63,39.32,39.61,40.2,1209644,48225406.36,shares,0
2024-09-23,39.61,40.0,38.97,39.44,39.61,941702,37161329.8,shares,0
2024-09-24,39.78,41.59,39.44,41.4,39.44,1527056,62035095.3,shares,0
2024-09-25,42.0,42.85,41.42,41.51,41.4,1791405,75555627.4,shares,0
2024-09-26,41.39,44.17,41.05,43.91,41.51,1961678,83672864.52,shares,0
2024-09-27,44.42,47.08,44.16,46.89,43.91,1586805,72229128.17,shares,0
2024-09-30,49.03,54.4,48.0,54.38,46.89,3611177,186671042.04,shares,0
2024-10-08,65.2,65.2,57.01,64.39,54.38,5782140,360318921.64,shares,0
2024-10-09,62.0,63.47,55.38,57.0,64.39,6220736,371154049.4,shares,0
2024-10-10,57.51,58.89,55.34,56.45,57.0,3265939,187609850.83,shares,0
2024-10-11,55.5,56.48,50.52,50.91,56.45,3238230,171020718.64,shares,0
2024-10-14,51.2,52.98,49.68,52.91,50.91,2514251,129729683.24,shares,0
2024-10-15,52.92,54.25,52.03,52.03,52.91,2127865,112867478.45,shares,0
2024-10-16,51.51,53.06,51.05,51.93,52.03,1513954,79086818.88,shares,0
2024-10-17,52.31,53.05,51.51,51.55,51.93,1352733,70890295.52,shares,0
2024-10-18,51.55,58.48,51.15,55.63,51.55,3885174,212819127.49,shares,0
2024-10-21,56.36,59.88,55.5,56.56,55.63,4040456,231935198.9,shares,0
2024-10-22,57.14,58.48,56.0,56.8,56.56,3225033,183982200.18,shares,0
2024-10-23,56.51,56.98,55.0,55.48,56.8,3000978,168373640.62,shares,0
2024-10-24,55.08,55.93,54.74,55.33,55.48,1574613,87171479.92,shares,0
2024-10-25,55.61,56.94,54.83,56.49,55.33,1816739,101570942.84,shares,0
2024-10-28,56.59,56.59,55.21,56.24,56.49,1387574,77643238.72,shares,0
2024-10-29,56.0,57.22,55.14,55.4,56.24,1763983,98709769.25,shares,0
2024-10-30,54.1,54.18,51.85,52.55,55.4,3161874,166553714.06,shares,0
2024-10-31,52.2,53.68,50.73,52.98,52.55,2633264,137891571.66,shares,0
2024-11-01,53.02,53.86,51.53,52.51,52.98,2385427,125680487.74,shares,0
2024-11-04,52.07,53.83,51.58,53.2,52.51,1565169,83161789.52,shares,0
2024-11-05,52.8,55.48,52.8,55.2,53.2,2326995,126925845.73,shares,0
2024-11-06,55.5,56.35,54.41,55.06,55.2,2490553,137741698.94,shares,0
2024-11-07,55.0,56.3,54.52,56.08,55.06,2341693,130012499.39,shares,0
2024-11-08,56.52,59.2,56.52,58.08,56.08,4205943,244634871.51,shares,0
2024-11-11,58.37,61.58,58.11,60.76,58.08,4589593,277073714.79,shares,0
2024-11-12,60.75,61.3,57.5,58.15,60.76,4338551,256688536.91,shares,0
2024-11-13,57.52,58.58,56.7,58.08,58.15,2129773,122889780.58,shares,0
2024-11-14,58.0,58.0,55.38,55.62,58.08,2091634,118426266.94,shares,0
2024-11-15,55.62,56.0,53.13,53.13,55.62,2019120,110058561.49,shares,0
2024-11-18,53.55,53.88,51.55,52.09,53.13,1649700,86514155.35,shares,0
2024-11-19,52.6,54.29,52.03,54.08,52.09,1375825,72925432.36,shares,0
2024-11-20,53.73,55.14,53.6,54.5,54.08,1579956,85713294.37,shares,0
2024-11-21,54.37,54.82,52.62,53.0,54.5,1932916,103580315.51,shares,0
2024-11-22,53.05,54.2,51.2,51.25,53.0,1943091,102651759.9,shares,0
2024-11-25,50.9,52.52,50.69,51.67,51.25,1230529,63347781.87,shares,0
2024-11-26,51.32,52.0,50.6,50.81,51.67,978012,50160299.48,shares,0
2024-11-27,50.63,51.9,49.01,51.9,50.81,1620978,81501559.65,shares,0
2024-11-28,51.66,52.39,51.26,51.85,51.9,1163998,60308298.23,shares,0
2024-11-29,51.96,53.23,50.81,52.2,51.85,1509290,78721898.64,shares,0
2024-12-02,52.2,53.09,51.75,52.76,52.2,1319234,69301752.73,shares,0
2024-12-03,52.8,53.5,51.85,52.38,52.76,1352353,71243692.3,shares,0
2024-12-04,52.83,53.32,51.33,51.52,52.38,1489700,77737912.22,shares,0
2024-12-05,51.12,52.08,51.12,51.66,51.52,817630,42245974.82,shares,0
2024-12-06,51.74,52.44,50.5,52.15,51.66,1506258,77900016.82,shares,0
2024-12-09,52.15,52.38,51.02,51.4,52.15,964935,49893284.04,shares,0
2024-12-10,52.85,53.38,51.51,51.6,51.4,1781075,93611344.07,shares,0
2024-12-11,51.69,52.95,51.69,52.35,51.6,1140177,59703799.17,shares,0
2024-12-12,52.4,52.84,51.61,52.35,52.35,1022126,53249651.21,shares,0
2024-12-13,52.05,52.19,51.15,51.21,52.35,1259301,64842275.39,shares,0
2024-12-16,51.1,51.47,50.51,50.72,51.21,948532,48246149.36,shares,0
2024-12-17,50.52,51.01,49.89,49.9,50.72,781204,39268625.21,shares,0
2024-12-18,49.89,50.66,49.81,50.0,49.9,752262,37754945.78,shares,0
2024-12-19,49.51,50.13,49.1,49.95,50.0,1530563,75916204.69,shares,0
2024-12-20,49.71,51.75,49.51,50.96,49.95,1480912,75297542.83,shares,0
2024-12-23,50.85,51.16,49.02,49.18,50.96,1915458,95183580.76,shares,0
2024-12-24,49.17,49.47,47.91,48.95,49.18,1863659,90523577.13,shares,0
2024-12-25,48.95,48.96,47.52,47.7,48.95,1236148,59518858.79,shares,0
2024-12-26,47.71,48.6,47.61,48.22,47.7,1266283,60937330.47,shares,0
2024-12-27,48.26,48.88,47.96,47.98,48.22,1204985,58384691.88,shares,0
2024-12-30,47.92,48.46,47.01,47.48,47.98,1060550,50572205.47,shares,0
2024-12-31,47.56,47.77,45.87,45.92,47.48,1440230,66917546.21,shares,0
2025-01-02,45.87,46.2,44.17,44.57,45.92,1194360,53997750.14,shares,0
2025-01-03,44.77,45.15,43.62,43.75,44.57,1079384,47877770.38,shares,0
2025-01-06,43.6,44.19,43.08,43.37,43.75,979535,42740025.92,shares,0
2025-01-07,43.58,44.01,43.01,43.92,43.37,869274,37879842.98,shares,0
2025-01-08,43.83,44.2,42.4,43.79,43.92,1049805,45472695.57,shares,0
2025-01-09,43.73,44.42,43.36,43.88,43.79,761104,33480417.38,shares,0
2025-01-10,44.0,44.67,42.88,42.88,43.88,888635,39091945.11,shares,0
2025-01-13,42.25,43.48,42.2,43.2,42.88,1091626,46793898.71,shares,0
2025-01-14,43.69,44.75,43.19,44.67,43.2,1351832,59647980.38,shares,0
2025-01-15,44.67,44.74,44.01,44.03,44.67,687205,30401174.1,shares,0
2025-01-16,44.26,45.12,44.0,44.31,44.03,890614,39622351.99,shares,0
2025-01-17,44.24,45.5,44.17,45.02,44.31,1099590,49287078.46,shares,0
2025-01-20,45.25,45.46,44.77,45.23,45.02,917454,41432590.71,shares,0
2025-01-21,45.88,45.88,44.71,45.22,45.23,776340,35017105.47,shares,0
2025-01-22,45.12,45.48,44.56,44.75,45.22,831923,37322404.84,shares,0
2025-01-23,45.25,45.66,44.23,44.27,44.75,1366831,61378736.12,shares,0
2025-01-24,44.22,44.91,44.1,44.81,44.27,1033103,46114399.27,shares,0
2025-01-27,44.58,44.98,43.88,43.9,44.81,1040818,46067754.6,shares,0
2025-02-05,44.53,44.85,43.94,44.16,43.9,1049705,46672125.86,shares,0
2025-02-06,44.04,45.85,44.0,45.82,44.16,1502486,68007745.38,shares,0
2025-02-07,45.9,47.11,45.75,46.3,45.82,1620380,75286532.46,shares,0
2025-02-10,46.75,46.8,46.08,46.28,46.3,2085970,96627521.9,shares,0
2025-02-11,46.29,46.6,45.0,45.38,46.28,2022298,91885410.3,shares,0
2025-02-12,45.4,46.67,44.99,46.66,45.38,2057044,94239756.96,shares,0
2025-02-13,46.52,46.8,45.75,45.75,46.66,1526125,70384900.65,shares,0
2025-02-14,45.7,46.26,45.5,46.14,45.75,1367904,62777268.93,shares,0
2025-02-17,46.14,46.3,45.6,45.86,46.14,1507672,69213518.31,shares,0
2025-02-18,46.02,46.78,45.05,45.16,45.86,1753934,80676880.69,shares,0
2025-02-19,45.02,46.5,45.02,46.47,45.16,2030335,93618447.97,shares,0
2025-02-20,46.44,47.1,46.28,46.89,46.47,1711323,80048118.02,shares,0
2025-02-21,47.08,48.29,46.38,48.12,46.89,2563381,121814173.34,shares,0
2025-02-24,48.3,48.58,47.73,48.16,48.12,1919183,92355943.87,shares,0
2025-02-25,47.5,49.13,47.47,48.32,48.16,2228257,107600105.35,shares,0
2025-02-26,49.56,49.88,48.56,49.11,48.32,2779563,136869194.07,shares,0
2025-02-27,48.95,49.88,48.69,49.54,49.11,2384817,117299929.07,shares,0
2025-02-28,49.33,49.88,48.08,48.36,49.54,2529421,123576398.49,shares,0
2025-03-03,48.66,49.15,48.07,48.26,48.36,1817519,88378991.46,shares,0
2025-03-04,47.99,49.29,47.53,49.15,48.26,2230686,108556580.52,shares,0
2025-03-05,49.2,49.99,48.79,49.25,49.15,1896673,93481527.88,shares,0
2025-03-06,49.59,50.18,49.27,49.74,49.25,2618267,130580145.58,shares,0
2025-03-07,49.93,49.96,48.55,48.8,49.74,2014154,98939733.71,shares,0
2025-03-10,48.37,49.69,48.3,48.86,48.8,1310686,64191387.63,shares,0
2025-03-11,48.59,49.98,48.21,49.36,48.86,1385016,68023615.17,shares,0
2025-03-12,49.38,49.96,48.98,49.01,49.36,1857183,91757716.51,shares,0
2025-03-13,48.78,48.84,47.61,47.95,49.01,1516299,72892137.29,shares,0
2025-03-14,48.07,48.72,47.6,48.67,47.95,1217814,58956402.88,shares,0
2025-03-17,48.67,48.96,48.39,48.95,48.67,1208102,58861464.82,shares,0
2025-03-18,49.02,49.58,48.5,48.86,48.95,1121160,55008995.18,shares,0
2025-03-19,48.42,48.83,47.78,47.87,48.86,1289056,62012446.51,shares,0
2025-03-20,47.98,48.15,47.56,47.63,47.87,932326,44610596.07,shares,0
2025-03-21,47.51,47.63,46.51,46.6,47.63,1250209,58713275.37,shares,0
2025-03-24,46.6,47.05,45.64,46.64,46.6,1299259,60286527.04,shares,0
2025-03-25,46.83,47.33,46.08,47.02,46.64,871725,40744077.66,shares,0
2025-03-26,46.78,47.5,46.51,47.05,47.02,889810,41993746.28,shares,0
2025-03-27,46.9,52.25,46.65,50.85,47.05,7434999,374572941.76,shares,0
2025-03-28,50.95,51.85,48.8,49.3,50.85,4879605,242975564.59,shares,0
2025-03-31,49.28,52.1,49.05,51.69,49.3,7488585,382628289.1,shares,0
2025-04-01,50.97,53.2,50.5,51.66,51.69,5948370,308587833.41,shares,0
2025-04-02,53.17,55.5,51.19,51.71,51.66,6131361,323580362.18,shares,0
2025-04-03,49.92,52.52,49.65,50.46,51.71,4907304,248300699.51,shares,0
2025-04-07,47.48,51.5,46.56,48.04,50.46,6957513,341431668.18,shares,0
2025-04-08,48.3,50.29,47.3,49.4,48.04,5342509,260607690.04,shares,0
2025-04-09,48.89,53.26,46.65,52.85,49.4,7967193,407122562.6,shares,0
2025-04-10,52.38,55.0,51.83,52.5,52.85,8359899,446462383.89,shares,0
2025-04-11,53.26,55.11,52.55,54.17,52.5,7692116,414141614.9,shares,0
2025-04-14,54.4,58.0,53.3,56.58,54.17,7955884,442904240.6,shares,0
2025-04-15,55.58,56.13,54.45,55.05,56.58,4271983,235026871.06,shares,0
2025-04-16,54.35,55.9,53.51,54.86,55.05,4340840,237313996.5,shares,0
2025-04-17,54.66,56.51,53.97,54.15,54.86,4439103,245972432.53,shares,0
2025-04-18,53.4,54.15,52.1,52.31,54.15,3987400,210338758.51,shares,0
2025-04-21,52.49,53.28,52.33,53.02,52.31,2607537,137727842.31,shares,0
2025-04-22,52.76,55.48,52.5,55.01,53.02,4779530,259531991.29,shares,0
2025-04-23,54.19,54.25,52.51,53.7,55.01,4630797,247682924.94,shares,0
2025-04-24,53.75,53.8,50.95,51.08,53.7,4151264,215431732.32,shares,0
2025-04-25,51.09,51.5,50.6,51.16,51.08,2039659,104216954.17,shares,0
2025-04-28,51.14,51.98,50.31,51.42,51.16,1896902,97427145.7,shares,0
2025-04-29,51.0,52.17,50.39,51.86,51.42,2360021,121224990.6,shares,0
2025-04-30,51.69,52.45,51.54,52.21,51.86,2279222,118621054.24,shares,0
2025-05-06,52.54,54.5,52.24,54.37,52.21,3958085,211587406.57,shares,0
2025-05-07,54.72,55.15,53.37,54.1,54.37,3379740,182975699.8,shares,0
2025-05-08,53.7,54.47,53.46,54.04,54.1,2097164,113221317.86,shares,0
2025-05-09,54.0,54.0,52.05,52.5,54.04,2325513,122301713.26,shares,0
2025-05-12,52.92,53.18,52.16,52.65,52.5,1807512,95024616.98,shares,0
2025-05-13,52.96,53.13,51.75,51.8,52.65,1989276,103864363.88,shares,0
2025-05-14,52.17,52.4,51.03,52.26,51.8,1721202,89357169.38,shares,0
2025-05-15,51.4,51.49,49.5,49.53,52.26,3547046,177158331.96,shares,0
2025-05-16,49.77,49.83,48.78,48.88,49.53,1700403,83888618.53,shares,0
2025-05-19,48.88,50.38,48.68,50.25,48.88,2013828,99845797.6,shares,0
2025-05-20,50.0,50.44,49.52,49.98,50.25,1523955,76092741.79,shares,0
2025-05-21,49.9,51.25,49.5,50.79,49.98,2019702,101865237.84,shares,0
2025-05-22,50.35,51.1,50.07,50.09,50.79,1539491,77922040.81,shares,0
2025-05-23,50.0,50.39,49.0,49.0,50.09,1602714,79676033.64,shares,0
2025-05-26,49.1,49.79,48.8,49.12,49.0,1553906,76530446.29,shares,0
2025-05-27,49.09,50.28,48.63,49.88,49.12,1465911,72988659.64,shares,0
2025-05-28,49.6,49.95,48.91,48.91,49.88,1211608,59643168.24,shares,0
2025-05-29,49.09,50.18,48.79,49.99,48.91,1590686,79009636.74,shares,0
2025-05-30,50.01,50.14,49.08,49.31,49.99,1179832,58240010.09,shares,0
2025-06-03,48.82,49.37,47.85,47.86,49.31,2737610,132729225.15,shares,0
2025-06-04,47.91,49.4,47.75,48.91,47.86,2342064,113751396.77,shares,0
2025-06-05,48.7,48.99,48.0,48.49,48.91,1717354,83040615.29,shares,0
2025-06-06,48.64,48.79,48.02,48.18,48.49,1267659,61341664.26,shares,0
2025-06-09,48.45,49.69,48.16,49.42,48.18,2565610,125550954.86,shares,0
2025-06-10,49.2,49.4,47.9,48.06,49.42,2647333,128293301.08,shares,0
2025-06-11,48.43,48.8,47.98,48.12,48.06,1447547,69978210.25,shares,0
2025-06-12,48.12,48.29,47.5,47.65,48.12,1895668,90684926.09,shares,0
2025-06-13,47.6,47.92,46.6,46.94,47.65,2177504,102551050.58,shares,0
2025-06-16,46.69,47.27,46.69,47.03,46.94,925357,43501234.65,shares,0
2025-06-17,46.96,47.33,46.86,47.11,47.03,882303,41541666.76,shares,0
2025-06-18,46.9,47.9,46.88,47.83,47.11,1287315,61024019.5,shares,0
2025-06-19,47.84,48.29,47.3,47.42,47.83,1452148,69380374.32,shares,0
2025-06-20,47.5,48.2,47.43,47.43,47.42,1173417,56140522.05,shares,0
2025-06-23,47.0,48.15,46.59,47.98,47.43,1224946,58441984.45,shares,0
2025-06-24,48.14,48.67,47.97,48.6,47.98,2031594,98441454.86,shares,0
2025-06-25,48.7,48.88,48.15,48.83,48.6,1877187,91171036.94,shares,0
2025-06-26,48.7,49.13,48.25,48.25,48.83,1635209,79631515.95,shares,0
2025-06-27,48.49,49.08,48.22,48.48,48.25,1623972,79018615.81,shares,0
2025-06-30,49.0,50.75,49.0,50.37,48.48,3353332,168361446.27,shares,0
2025-07-01,50.97,51.46,50.27,50.38,50.37,3343602,169977854.02,shares,0
2025-07-02,49.9,50.88,49.8,50.08,50.38,2262092,113565991.86,shares,0
2025-07-03,49.95,49.95,48.6,49.22,49.48,1957219,96042761.14,shares,0
2025-07-04,48.9,49.4,48.42,48.42,49.22,2002119,97794781.04,shares,0
2025-07-07,48.88,51.55,48.49,50.99,48.42,4559835,230207597.65,shares,0
2025-07-08,51.24,51.3,50.36,50.59,50.99,2990598,151963291.85,shares,0
2025-07-09,50.86,50.86,49.97,50.09,50.59,1975815,99489141.15,shares,0
2025-07-10,49.95,50.49,49.95,50.39,50.09,1414154,71094862.89,shares,0
2025-07-11,50.12,50.83,49.9,50.42,50.39,1743263,87821855.48,shares,0
2025-07-14,50.38,50.81,50.0,50.09,50.42,1373347,69172783.72,shares,0
2025-07-15,50.32,50.53,49.5,50.09,50.09,1590052,79391902.54,shares,0
2025-07-16,49.99,50.27,49.42,49.64,50.09,1450170,72216928.87,shares,0
2025-07-17,49.6,50.13,49.51,50.11,49.64,1256182,62610023.75,shares,0
2025-07-18,50.28,50.54,49.7,50.49,50.11,1569504,78542654.82,shares,0
2025-07-21,50.39,50.55,50.12,50.5,50.49,1594131,80271854.25,shares,0
2025-07-22,50.49,51.19,50.43,50.8,50.5,2203494,111960236.83,shares,0
2025-07-23,50.82,52.55,50.31,51.3,50.8,3647051,188542300.57,shares,0
2025-07-24,51.42,52.5,51.33,52.19,51.3,3043556,158603724.4,shares,0
2025-07-25,52.49,52.98,51.8,52.89,52.19,2902018,152191750.49,shares,0
2025-07-28,53.19,53.25,52.18,52.38,52.89,2367094,124186995.1,shares,0
2025-07-29,52.77,53.87,52.08,53.32,52.38,3349671,178226685.34,shares,0
2025-07-30,53.35,54.33,52.43,52.8,53.32,3039702,162085175.51,shares,0
2025-07-31,52.68,53.08,51.5,51.75,52.8,3049276,159167648.27,shares,0
2025-08-01,51.75,53.98,51.32,52.42,51.75,4026436,212285196.75,shares,0
2025-08-04,51.61,53.6,51.33,53.32,52.42,2901927,152823261.88,shares,0
2025-08-05,53.6,54.05,52.9,53.19,53.32,2280643,121603020.78,shares,0
2025-08-06,53.22,55.13,53.09,54.41,53.19,4236862,230124347.58,shares,0
2025-08-07,54.74,54.83,53.89,54.45,54.41,2534489,137615588.81,shares,0
2025-08-08,54.11,55.89,54.01,54.35,54.45,3223336,177213598.26,shares,0
2025-08-11,54.3,54.85,53.5,54.54,54.35,2942169,159649054.88,shares,0
2025-08-12,54.55,55.83,53.63,55.5,54.54,4199521,230010420.8,shares,0
2025-08-13,56.92,63.1,56.81,62.47,55.5,11465818,699855935.51,shares,0
2025-08-14,62.48,62.88,58.5,58.63,62.47,8953544,535334220.18,shares,0
2025-08-15,58.34,62.17,58.34,60.47,58.63,7020972,424933719.05,shares,0
2025-08-18,60.8,62.4,59.6,61.5,60.47,6895707,418998113.85,shares,0
2025-08-19,61.42,61.42,59.6,59.66,61.5,4465020,268418509.05,shares,0
2025-08-20,60.0,60.56,58.38,59.84,59.66,3501545,207915770.93,shares,0
2025-08-21,60.44,60.46,58.61,59.08,59.84,2693105,159725842.14,shares,0
2025-08-22,58.99,61.33,58.93,60.59,59.08,4956502,298815552.49,shares,0
2025-08-25,61.8,61.9,59.09,59.67,60.59,5594910,336080083.09,shares,0
2025-08-26,59.06,60.36,58.33,59.4,59.67,3701487,219203505.98,shares,0
2025-08-27,59.61,60.99,57.82,57.83,59.4,5220923,312578578.92,shares,0
2025-08-28,56.76,59.12,56.65,58.98,57.83,5681064,329855129.13,shares,0
2025-08-29,58.75,58.9,57.0,57.47,58.98,3950937,227192337.59,shares,0
2025-09-01,57.89,60.44,57.82,58.61,57.47,4076671,240011809.96,shares,0
2025-09-02,58.49,59.44,55.61,56.4,58.61,4248799,241909414.66,shares,0
2025-09-03,56.25,57.84,55.55,56.25,56.4,3293375,186948521.6,shares,0
2025-09-04,56.11,56.7,52.9,53.89,56.25,4011307,219585634.82,shares,0
2025-09-05,53.9,55.79,53.9,55.6,53.89,2439275,134107901.91,shares,0
2025-09-08,55.6,57.75,55.19,57.66,55.6,3574271,202716124.94,shares,0
2025-09-09,57.18,57.4,55.31,55.57,57.66,2336095,131167320.86,shares,0
2025-09-10,55.57,55.98,54.7,54.77,55.57,1762847,97152387.24,shares,0
2025-09-11,54.63,56.34,54.16,56.03,54.77,2363562,131525787.52,shares,0
2025-09-12,56.03,57.18,55.49,56.22,56.03,2416870,135985695.97,shares,0
2025-09-15,55.0,55.66,54.51,55.44,56.22,2617787,144306171.43,shares,0
2025-09-16,55.07,55.59,55.05,55.28,55.44,1761775,97331755.27,shares,0
2025-09-17,55.55,58.2,55.55,57.38,55.28,4016492,228633409.04,shares,0
2025-09-18,56.96,59.3,56.61,57.89,57.38,5590295,325808491.58,shares,0
2025-09-19,57.37,59.57,57.2,58.57,57.89,4801228,281835883.63,shares,0
2025-09-22,59.66,59.95,58.31,59.0,58.57,3991192,235540532.09,shares,0
2025-09-23,58.57,61.0,57.01,60.88,59.0,4922646,289204032.9,shares,0
2025-09-24,60.5,68.09,60.0,64.78,60.88,11209665,715799825.87,shares,0
2025-09-25,64.03,69.68,63.28,67.65,64.78,10473095,694856032.24,shares,0
2025-09-26,66.66,67.03,64.6,64.75,67.65,6400790,419823686.91,shares,0
2025-09-29,64.03,64.7,63.2,63.99,64.75,4010578,256217090.34,shares,0
2025-09-30,64.5,66.45,63.81,65.0,63.99,4789680,311343853.41,shares,0
2025-10-09,66.0,68.94,64.48,66.44,65.0,5810586,386737106.33,shares,0
2025-10-10,65.38,71.0,63.54,68.59,66.44,7074627,473038986.7,shares,0
2025-10-13,67.49,77.5,66.0,77.18,68.59,11176017,821938098.51,shares,0
2025-10-14,77.25,77.62,70.4,71.0,77.18,9096335,664195080.77,shares,0
2025-10-15,71.02,71.02,66.0,68.16,71.0,5563630,376820988.29,shares,0
2025-10-16,67.9,67.9,65.0,65.75,68.16,4016358,266558757.27,shares,0
2025-10-17,66.59,66.63,62.88,62.98,65.75,3803163,244361220.87,shares,0
2025-10-20,64.18,64.5,62.4,62.8,62.98,2470897,156632523.27,shares,0
2025-10-21,62.8,63.88,62.29,63.46,62.8,2141366,135498401.21,shares,0
2025-10-22,63.19,64.22,61.71,63.63,63.46,2510370,158013085.26,shares,0
2025-10-23,63.06,63.61,61.18,62.01,63.63,2516072,155439009.23,shares,0
2025-10-24,62.5,64.43,62.33,63.95,62.01,3482471,221777027.96,shares,0
2025-10-27,65.88,67.66,65.0,65.0,63.95,4311571,284593104.04,shares,0
2025-10-28,64.5,69.0,64.08,68.52,65.0,4478095,297295725.24,shares,0
2025-10-29,67.28,69.99,66.81,68.29,68.52,4895079,336197171.67,shares,0
2025-10-30,66.95,67.54,64.31,64.51,68.29,4028389,265898830.77,shares,0
2025-10-31,64.02,66.44,64.02,64.32,64.51,2394648,155640684.72,shares,0
2025-11-03,64.46,64.46,61.45,63.07,64.32,2786303,173373463.96,shares,0
2025-11-04,62.55,64.37,61.11,61.28,63.07,1804750,112011894.2,shares,0
2025-11-05,60.45,61.16,59.7,60.69,61.28,1926373,116412589.97,shares,0
2025-11-06,61.0,62.17,60.53,61.99,60.69,1880546,115717793.04,shares,0
2025-11-07,61.5,63.45,60.31,61.97,61.99,1936549,120531736.06,shares,0
2025-11-10,62.28,64.77,62.28,63.67,61.97,2765223,176284396.67,shares,0
2025-11-11,63.11,64.31,62.5,64.09,63.67,2221101,140793515.71,shares,0
2025-11-12,63.72,63.72,60.92,61.36,64.09,2206536,136162183.85,shares,0
2025-11-13,61.02,62.88,61.02,61.71,61.36,1994205,123978607.08,shares,0
2025-11-14,61.01,61.36,58.58,58.65,61.71,3067169,183177847.67,shares,0
2025-11-17,59.38,60.88,58.58,58.91,58.65,1850048,110280649.89,shares,0
2025-11-18,58.71,60.42,58.21,59.51,58.91,1995328,118510988.36,shares,0
2025-11-19,59.13,60.81,59.0,60.15,59.51,1811635,108705818.74,shares,0
2025-11-20,60.71,61.03,58.9,59.0,60.15,1554532,93277615.5,shares,0
2025-11-21,58.21,62.86,57.8,59.84,59.0,4042043,243379136.42,shares,0
2025-11-24,60.9,61.24,59.12,60.73,59.84,2662120,160132567.64,shares,0
2025-11-25,60.1,61.23,59.4,59.82,60.73,2859925,172902709.52,shares,0
2025-11-26,59.58,59.8,58.0,58.2,59.82,2976342,174551094.43,shares,0
2025-11-27,58.17,59.16,57.4,57.45,58.2,1799928,105044617.95,shares,0
2025-11-28,57.5,58.02,57.03,58.0,57.45,1504163,86766288.43,shares,0
2025-12-01,58.02,59.8,57.61,59.3,58.0,2761949,162428063.71,shares,0
2025-12-02,59.0,59.84,58.37,58.4,59.3,1915066,112841340.01,shares,0
2025-12-03,58.6,58.99,57.33,57.81,58.4,1437811,83225312.28,shares,0
2025-12-04,57.6,58.19,56.31,57.97,57.81,1502885,86107268.29,shares,0
2025-12-05,57.7,58.49,56.6,58.39,57.97,1462114,84323597.88,shares,0
2025-12-08,58.34,59.18,57.55,58.59,58.39,3629027,212007612.83,shares,0
2025-12-09,58.11,58.42,56.68,56.78,58.59,3207347,184314103.49,shares,0
2025-12-10,56.58,57.87,56.5,57.66,56.78,2030700,116267581.4,shares,0
2025-12-11,58.1,58.17,56.8,57.18,57.66,2252213,129760189.28,shares,0
2025-12-12,57.07,59.39,56.71,59.25,57.18,4029561,235330562.79,shares,0
2025-12-15,58.78,61.16,58.53,59.85,59.25,3818264,229201236.56,shares,0
2025-12-16,59.85,60.29,58.04,59.32,59.85,3227738,190632087.14,shares,0
2025-12-17,59.03,59.32,56.66,59.14,59.32,3610347,208952762.12,shares,0
2025-12-18,59.1,61.28,58.81,58.88,59.14,3573848,214402491.74,shares,0
2025-12-19,58.9,59.88,57.75,58.09,58.88,2442525,142614597.05,shares,0
2025-12-22,57.9,60.14,57.9,59.55,58.09,3207631,190362209.83,shares,0
2025-12-23,59.39,61.75,59.2,60.55,59.55,3825079,232368627.55,shares,0
2025-12-24,60.6,61.07,60.0,60.67,60.55,2396737,145199743.16,shares,0
2025-12-25,61.12,61.3,60.02,60.87,60.67,2402461,145595921.89,shares,0
2025-12-26,61.2,61.2,59.3,59.43,60.87,3298210,198071109.82,shares,0
2025-12-29,59.21,59.47,58.51,58.62,59.43,2260709,133091599.93,shares,0
2025-12-30,58.68,58.9,57.53,57.65,58.62,2501230,145140957.28,shares,0
2025-12-31,57.9,58.47,57.3,57.39,57.65,2038112,117793195.32,shares,0
2026-01-05,58.0,59.88,57.98,59.45,57.39,3127765,184860885.27,shares,0
2026-01-06,60.18,63.52,59.26,62.45,59.45,5906674,367223189.45,shares,0
2026-01-07,64.91,67.8,63.88,66.47,62.45,10636297,699430782.04,shares,0
2026-01-08,72.0,77.49,68.13,68.45,66.47,15131200,1093346878.24,shares,0
2026-01-09,67.47,68.39,66.34,66.85,68.45,8723773,585136577.5,shares,0
2026-01-12,65.03,66.3,64.68,65.42,66.85,7414278,484219520.72,shares,0
2026-01-13,65.37,65.37,62.66,62.8,65.42,5879621,375343030.25,shares,0
2026-01-14,62.8,64.62,62.62,63.43,62.8,5338664,339213514.69,shares,0
2026-01-15,62.91,66.8,62.91,66.45,63.43,7602891,494975306.4,shares,0
2026-01-16,68.5,69.15,65.9,68.57,66.45,8103169,547426239.86,shares,0
2026-01-19,68.77,71.7,67.42,69.25,68.57,7215976,497997054.85,shares,0
2026-01-20,68.55,69.15,67.0,68.7,69.25,4928148,334567437.01,shares,0
2026-01-21,68.36,70.85,67.56,69.98,68.7,6347305,442033969.43,shares,0
2026-01-22,71.08,71.48,67.41,67.88,69.98,5185335,354389095.16,shares,0
2026-01-23,67.63,68.56,66.9,68.3,67.88,3870558,262262240.2,shares,0
2026-01-26,68.21,68.21,65.01,65.57,68.3,3612679,238907897.46,shares,0
2026-01-27,65.0,67.29,63.72,67.15,65.57,3764863,247726135.86,shares,0
2026-01-28,67.35,68.5,66.6,67.97,67.15,4096867,276887349.84,shares,0
2026-01-29,67.5,67.96,64.66,64.7,67.97,3449139,228571905.02,shares,0
2026-01-30,64.51,66.66,63.33,65.9,64.7,3362547,219465137.38,shares,0
2026-02-02,65.08,66.25,62.07,62.12,65.9,3304756,209849072.77,shares,0
2026-02-03,62.59,63.86,62.56,63.6,62.12,1935802,122550392.15,shares,0
2026-02-04,63.58,63.85,62.2,62.79,63.6,1392723,87573053.7,shares,0
2026-02-05,62.66,62.87,60.92,61.69,62.79,2104215,129747166.85,shares,0
2026-02-06,60.95,62.43,60.95,61.73,61.69,1404005,87016909.02,shares,0
2026-02-09,64.7,66.88,64.0,64.03,61.73,4249424,277428583.85,shares,0
2026-02-10,63.99,65.29,63.53,64.01,64.03,2652828,170663959.17,shares,0
2026-02-11,63.82,65.19,63.37,64.05,64.01,1735609,111746209.08,shares,0
2026-02-12,64.56,65.65,64.0,65.24,64.05,2110187,137153943.74,shares,0
2026-02-13,64.91,66.6,64.45,65.51,65.24,2802791,184257523.98,shares,0
2026-02-24,66.22,67.5,65.52,66.86,65.51,3409588,227047767.31,shares,0
2026-02-25,66.91,70.7,65.9,69.53,66.86,5943459,408079647.58,shares,0
2026-02-26,68.92,70.98,68.33,70.77,69.53,4890316,342201848.63,shares,0
2026-02-27,70.29,70.4,69.01,69.74,70.77,3219192,224104867.97,shares,0
2026-03-02,69.74,71.53,68.22,68.89,69.74,4396382,304592160.52,shares,0
2026-03-03,70.0,72.95,69.12,69.49,68.89,10676957,761824761.04,shares,0
2026-03-04,69.7,72.97,68.35,69.1,69.49,7335231,514312818.69,shares,0
2026-03-05,70.23,71.0,67.37,67.7,69.1,5728414,395915447.05,shares,0
2026-03-06,67.72,69.61,66.3,68.23,67.7,4592585,312564852.42,shares,0
2026-03-09,68.0,72.47,67.52,72.36,68.23,9373662,667973469.24,shares,0
2026-03-10,70.18,70.5,68.52,69.07,72.36,7695114,532988897.61,shares,0
2026-03-11,69.59,70.38,67.89,69.4,69.07,6700617,462470120.47,shares,0
2026-03-12,70.53,73.73,69.38,73.31,69.4,10600965,762650397.38,shares,0
2026-03-13,76.0,80.99,70.14,78.8,73.31,14934318,1125435358.48,shares,0
2026-03-16,81.55,84.2,78.0,78.0,78.8,12718814,1033120280.14,shares,0
2026-03-17,75.63,77.0,72.15,73.68,78.0,8910677,660690252.3,shares,0
2026-03-18,72.0,72.3,69.68,71.23,73.68,6631508,469429811.29,shares,0
2026-03-19,73.12,84.76,73.12,82.77,71.23,14558973,1152353180.55,shares,0
2026-03-20,79.35,82.5,79.35,80.07,82.77,10234291,826901459.3,shares,0
2026-03-23,81.0,95.01,79.16,92.03,80.07,16701018,1501612578.3,shares,0
2026-03-24,86.82,93.0,86.82,92.0,92.03,13073084,1178304133.32,shares,0
2026-03-25,88.0,91.87,85.05,91.62,92.0,11750975,1041293751.36,shares,0
2026-03-26,92.0,98.8,88.41,96.15,91.62,13733200,1301839761.43,shares,0
2026-03-27,96.95,102.0,93.2,100.59,96.15,11997396,1175626848.95,shares,0
2026-03-30,104.99,109.92,97.95,98.51,100.59,14017898,1455325999.85,shares,0
2026-03-31,95.62,98.9,90.9,91.0,98.51,10414911,966769052.71,shares,0
2026-04-01,89.97,91.0,84.22,89.0,91.0,9777664,862645430.83,shares,0
2026-04-02,90.2,96.98,90.2,95.5,89.0,9767852,922420886.67,shares,0
2026-04-03,99.0,106.29,96.55,105.02,95.5,11606057,1179485851.87,shares,0
2026-04-07,109.0,112.0,106.0,107.07,105.02,10278240,1114811219.84,shares,0
2026-04-08,93.55,97.09,93.55,95.34,107.07,14755069,1405038932.12,shares,0
2026-04-09,97.6,108.22,97.6,102.1,95.34,15497474,1601039106.95,shares,0
2026-04-10,103.24,108.76,100.38,100.5,102.1,12147860,1257964442.03,shares,0
2026-04-13,105.5,107.98,95.12,97.97,100.5,12577167,1251332116.94,shares,0
2026-04-14,97.5,102.9,96.0,100.85,97.97,10665747,1069613015.56,shares,0
2026-04-15,100.5,103.78,95.63,97.0,100.85,9942559,972538981.56,shares,0
2026-04-16,96.91,98.8,89.45,94.05,97.0,10609007,995256733.72,shares,0
2026-04-17,93.0,93.05,89.41,90.86,94.05,9492857,860128811.35,shares,0
2026-04-20,94.0,103.88,92.01,99.2,90.86,13818776,1333458987.44,shares,0
2026-04-21,100.0,119.04,98.44,119.04,99.2,14560692,1584953659.54,shares,0
2026-04-22,125.03,142.17,124.8,137.9,119.04,18989162,2487112537.86,shares,0
2026-04-23,141.89,149.5,135.01,147.33,137.9,14078443,2021668559.61,shares,0
2026-04-24,157.11,176.8,157.11,176.8,147.33,15533475,2674231533.39,shares,0
2026-04-27,185.63,200.85,176.19,182.0,176.8,18496169,3454400071.05,shares,0
2026-04-28,189.0,213.07,180.5,208.27,182.0,17015213,3334829627.86,shares,0
2026-04-29,197.0,197.0,182.0,190.23,208.27,12236846,2340127863.59,shares,0
2026-04-30,193.97,205.19,175.2,188.3,190.23,11708767,2206903037.19,shares,0
2026-05-06,191.0,195.0,177.0,193.6,188.3,11597617,2149189677.52,shares,0
2026-05-07,183.14,184.07,166.8,167.21,193.6,14365363,2522995897.0,shares,0
2026-05-08,163.94,169.96,159.89,164.95,167.21,9748906,1608696500.5,shares,0
2026-05-11,164.24,184.2,163.91,184.2,164.95,12274410,2152605098.77,shares,0
2026-05-12,177.27,179.09,161.68,164.18,184.2,10220926,1727831734.57,shares,0
2026-05-13,162.0,174.8,161.88,172.49,164.18,8426170,1431525017.38,shares,0
2026-05-14,176.69,197.0,176.0,179.02,172.49,11495274,2133688763.18,shares,0
2026-05-15,169.0,197.98,168.01,191.19,179.02,11349638,2096442183.25,shares,0
2026-05-18,181.0,187.99,174.02,179.95,191.19,10067783,1821324541.57,shares,0
2026-05-19,177.8,187.85,168.68,176.44,179.95,8410234,1480756214.75,shares,0
2026-05-20,174.68,190.6,172.11,183.0,176.44,11647937,2142964794.54,shares,0
2026-05-21,184.6,185.7,158.0,158.72,183.0,13096849,2235511775.41,shares,0
2026-05-22,157.0,165.19,153.07,163.88,158.72,7306784,1170989435.57,shares,0
2026-05-25,156.51,161.79,154.0,157.93,163.88,8398780,1325148585.43,shares,0
2026-05-26,155.45,161.85,150.99,158.0,157.93,8445207,1324698649.98,shares,0
2026-05-27,158.0,167.8,155.1,159.31,158.0,8119780,1304583425.07,shares,0
2026-05-28,155.02,158.75,150.18,152.3,159.31,8012945,1236148969.94,shares,0
2026-05-29,150.16,152.3,142.0,143.1,152.3,9977621,1454067561.81,shares,0
2026-06-01,145.6,159.6,145.6,147.65,143.1,9045066,1378202905.47,shares,0
2026-06-02,147.65,150.11,142.5,146.89,147.65,6875852,1006314088.14,shares,0
2026-06-03,145.81,176.27,145.14,176.27,146.89,16372633,2675199477.23,shares,0
2026-06-04,183.18,206.58,183.0,203.6,176.27,17299957,3405510379.39,shares,0
2026-06-05,195.18,208.0,194.06,196.7,203.6,13911471,2763108536.47,shares,0
2026-06-08,184.89,194.93,179.01,183.02,196.7,10753309,2002393213.59,shares,0
2026-06-09,192.0,205.3,181.8,189.33,183.02,12427424,2375146318.53,shares,0
2026-06-10,188.0,198.53,179.82,190.68,189.33,17095429,3268419963.95,shares,0
2026-06-11,185.18,228.82,185.18,228.82,190.68,17609472,3639895775.25,shares,0
2026-06-12,220.62,222.8,183.23,188.5,228.82,18907664,3791320618.53,shares,0
2026-06-15,178.0,188.49,161.0,183.93,188.5,12871841,2296043362.4,shares,0
2026-06-16,186.15,197.98,184.7,184.77,183.93,13499097,2601024705.0,shares,0
2026-06-17,179.41,193.2,175.01,187.35,184.77,11094342,2041769895.73,shares,0
2026-06-18,181.06,191.17,175.75,188.36,187.35,11443413,2085627453.5,shares,0
2026-06-22,194.0,219.5,192.13,219.06,188.36,16148166,3381536197.91,shares,0
2026-06-23,234.16,252.8,213.0,249.09,219.06,17916234,4209356169.9,shares,0
2026-06-24,231.39,248.0,215.55,237.53,249.09,15810667,3619056780.47,shares,0
2026-06-25,241.9,259.9,228.18,251.99,237.53,13012068,3167782448.97,shares,0
2026-06-26,246.86,256.78,222.22,231.99,251.99,10376266,2529196223.05,shares,0
2026-06-29,245.4,254.78,230.0,252.0,231.99,12122784,2974791504.79,shares,0
2026-06-30,247.5,278.6,232.08,267.5,252.0,12282620,3088007746.8,shares,0
2026-07-01,256.0,290.0,256.0,277.95,267.5,12364846,3439201428.59,shares,0
2026-07-02,260.98,275.5,237.75,249.0,277.95,9975331,2587524362.81,shares,0
2026-07-03,246.66,256.0,225.0,225.91,249.0,10217529,2389944155.73,shares,0
2026-07-06,224.8,230.0,209.0,212.2,225.91,8184280,1775932012.12,shares,0
2026-07-07,211.97,220.99,208.1,218.0,212.2,7446288,1594973561.96,shares,0
2026-07-08,215.0,226.0,209.0,215.02,218.0,7400651,1621993825.04,shares,0
2026-07-09,220.0,229.98,207.53,229.21,214.52,7384179,1620016413.92,shares,0
2026-07-10,229.21,233.33,194.0,195.22,229.21,10694672,2320445356.57,shares,0
2026-07-13,215.96,226.98,205.0,208.1,195.22,11481478,2469483335.68,shares,0
2026-07-14,202.1,215.52,192.0,209.4,208.1,8616863,1766810513.8,shares,0
2026-07-15,209.42,209.98,194.44,198.94,209.4,6109440,1220123865.34,shares,0
2026-07-16,189.5,197.7,182.5,182.84,198.94,6190572,1171099150.32,shares,0
2026-07-17,180.0,189.0,168.0,169.4,182.84,8177377,1457918706.67,shares,0
2026-07-20,176.0,179.5,142.0,146.9,169.4,10988247,1721309891.05,shares,0
2026-07-21,131.28,156.13,123.0,156.08,146.9,15174584,2106122327.27,shares,0
2026-07-22,148.18,156.09,147.55,148.34,156.08,8777540,1324744194.86,shares,0
2026-07-23,151.12,154.54,145.18,146.26,148.34,5378026,799398455.62,shares,0
2026-07-24,143.96,156.39,141.05,149.01,146.26,7888626,1194124589.35,shares,0
2026-07-27,147.26,157.6,145.0,156.48,149.01,8827659,1350745720.95,shares,0
2026-07-28,156.4,165.37,145.01,146.34,156.48,9973652,1557505548.59,shares,0
2026-07-29,145.62,148.34,130.5,139.45,146.34,9932644,1367027555.25,shares,0
2026-07-30,139.0,139.16,126.43,126.99,139.45,8033361,1053283786.17,shares,0
2026-07-31,140.0,141.24,126.8,126.85,126.99,8656100,1163802029.65,shares,0
2026-08-03,127.0,129.92,121.06,121.5,126.85,6894911,856771574.1,shares,0
2026-08-04,122.55,129.65,120.16,128.3,121.5,7391571,927308653.83,shares,0
2026-08-05,128.0,141.23,127.8,139.0,128.3,9561161,1298836762.4,shares,0
2026-08-06,134.99,153.2,134.96,151.1,139.0,12434905,1812754965.79,shares,0
2026-08-07,148.72,157.0,146.1,155.6,151.1,12579460,1917236869.76,shares,0
2026-08-10,155.6,157.57,149.0,155.55,155.6,9493383,1453339243.34,shares,0
2026-08-11,154.1,158.68,151.0,154.7,155.55,7483389,1159203391.92,shares,0
2026-08-12,154.33,157.27,152.57,155.55,154.7,6316569,980451888.67,shares,0
2026-08-13,158.55,159.55,149.9,150.1,155.55,7445366,1154692101.6,shares,0
2026-08-14,153.1,158.88,150.62,155.0,150.1,7342917,1141348462.52,shares,0
2026-08-17,155.45,162.87,154.57,162.67,155.0,8245486,1316254591.49,shares,0
2026-08-18,163.96,164.65,157.11,159.89,162.67,6481123,1040070384.16,shares,0
2026-08-19,152.5,157.85,144.9,145.02,159.89,6982783,1051405456.42,shares,0
2026-08-20,148.68,149.0,139.7,141.35,145.02,6084627,869224520.55,shares,0
2026-08-21,141.11,153.49,140.58,145.2,141.35,6689285,981243908.14,shares,0
2026-08-24,145.0,146.87,139.28,142.75,145.2,4994731,709601763.39,shares,0
2026-08-25,139.5,144.4,134.51,142.3,142.75,4803592,671205984.87,shares,0
2026-08-26,143.52,145.22,140.0,144.0,142.3,4427158,632660647.54,shares,0
2026-08-27,144.0,149.8,140.18,148.28,144.0,6984932,1021198451.28,shares,0
2026-08-28,148.17,151.59,144.2,144.2,148.28,5600053,826538915.22,shares,0
2026-08-31,138.32,155.0,137.09,153.57,144.2,8538184,1243263980.23,shares,0
2026-09-01,152.22,154.0,137.0,141.6,153.57,10535732,1493198528.88,shares,0
2026-09-02,139.66,141.6,136.18,137.56,141.6,4856085,670846654.53,shares,0
2026-09-03,135.5,137.33,131.31,135.5,137.56,5923873,793380355.19,shares,0
2026-09-04,136.03,139.2,129.03,129.86,135.5,4972966,661078592.66,shares,0
2026-09-07,131.65,133.77,130.1,132.88,129.86,3696941,489987432.34,shares,0
2026-09-08,137.8,138.8,130.0,130.98,132.88,4484999,596742860.58,shares,0
2026-09-09,132.66,135.52,129.3,130.7,130.98,3980811,527050499.77,shares,0
2026-09-10,130.44,131.8,127.85,129.3,130.7,2710783,352529901.83,shares,0
2026-09-11,127.0,130.0,123.36,127.55,129.3,3888161,491888811.67,shares,0
2026-09-14,125.01,128.8,123.79,128.0,127.55,2652466,336640223.25,shares,0
2026-09-15,129.0,132.56,127.0,130.4,128.0,3472722,453127714.03,shares,0
2026-09-16,130.7,135.65,129.21,135.06,130.4,4193069,559857844.56,shares,0
2026-09-17,134.08,137.09,132.8,133.73,135.06,3906831,525516760.15,shares,0
2026-09-18,136.1,140.78,133.51,138.21,133.73,6196316,855065955.74,shares,0
2026-09-21,141.98,142.0,135.08,136.17,138.21,4848189,664801055.89,shares,0
2026-09-22,138.03,139.55,133.8,134.68,136.17,4446372,607174476.38,shares,0
2026-09-23,135.01,136.03,133.28,134.87,134.68,2637159,355626360.88,shares,0
2026-09-24,133.84,135.99,131.95,132.03,134.87,2548552,340724809.36,shares,0
