date,open,high,low,close,preclose,volume,amount,volume_unit,special_treatment
2020-02-21,90.0,96.0,77.7,77.96,21.67,27089790,2261366024.0,shares,0
2020-02-24,74.0,77.77,67.67,76.5,77.96,18726678,1357333221.0,shares,0
2020-02-25,73.05,82.0,73.05,77.6,76.5,15676199,1225889769.0,shares,0
2020-02-26,73.5,76.5,69.67,71.01,77.6,11145850,803864866.0,shares,0
2020-02-27,69.98,72.01,65.61,65.61,71.01,8174889,551157023.0,shares,0
2020-02-28,60.0,67.21,59.0,61.66,65.61,7786366,485886874.0,shares,0
2020-03-02,64.4,65.0,61.02,62.38,61.66,5617244,352234907.0,shares,0
2020-03-03,63.12,66.22,62.2,62.9,62.38,6769444,433237423.0,shares,0
2020-03-04,61.0,61.98,58.88,61.3,62.9,5825325,352640131.0,shares,0
2020-03-05,62.5,65.48,61.61,63.79,61.3,6615219,419128398.0,shares,0
2020-03-06,61.94,63.2,61.58,62.02,63.79,3919906,244015433.0,shares,0
2020-03-09,60.0,60.99,56.78,56.81,62.02,4668631,275418279.0,shares,0
2020-03-10,58.85,59.96,56.59,59.65,56.81,5659501,330311250.0,shares,0
2020-03-11,58.9,59.5,55.99,56.11,59.65,5022639,289962813.0,shares,0
2020-03-12,54.29,56.22,54.01,54.46,56.11,2781706,152609474.0,shares,0
2020-03-13,50.8,56.38,50.51,54.54,54.46,4458278,238718994.0,shares,0
2020-03-16,54.25,56.48,51.33,51.5,54.54,3634159,196885949.0,shares,0
2020-03-17,53.14,53.88,50.1,52.66,51.5,3638586,190582874.0,shares,0
2020-03-18,53.88,54.44,51.67,51.8,52.66,3734359,199966557.0,shares,0
2020-03-19,52.3,58.87,51.88,58.85,51.8,7502832,422308025.0,shares,0
2020-03-20,60.1,60.98,57.8,58.65,58.85,6669625,396146827.0,shares,0
2020-03-23,55.95,57.2,51.0,51.7,58.65,5008873,269690488.0,shares,0
2020-03-24,53.51,54.0,50.1,54.0,51.7,4155877,218114135.0,shares,0
2020-03-25,55.4,56.8,54.16,54.61,54.0,3965372,219457667.0,shares,0
2020-03-26,52.98,54.6,52.4,52.5,54.61,2972004,158090799.0,shares,0
2020-03-27,54.4,55.5,52.55,52.94,52.5,3059505,165054903.0,shares,0
2020-03-30,50.96,51.83,49.01,50.17,52.94,3416623,170712798.0,shares,0
2020-03-31,51.27,51.82,49.08,49.25,50.17,2545779,127911013.0,shares,0
2020-04-01,48.99,50.8,48.99,49.28,49.25,2214337,110133607.0,shares,0
2020-04-02,48.59,52.25,48.49,52.16,49.28,3377215,170256651.0,shares,0
2020-04-03,51.41,51.55,49.76,49.81,52.16,2801543,141524005.0,shares,0
2020-04-07,51.1,51.39,50.51,50.67,49.81,2092493,106385078.0,shares,0
2020-04-08,50.75,52.7,50.66,51.74,50.67,3134180,162792103.0,shares,0
2020-04-09,51.01,52.0,50.67,50.9,51.74,2371857,121144117.0,shares,0
2020-04-10,50.75,51.0,48.77,48.92,50.9,2324821,115127125.0,shares,0
2020-04-13,49.0,49.2,47.32,47.4,48.92,1635791,78768890.0,shares,0
2020-04-14,48.03,48.5,47.58,48.22,47.4,1203776,57819457.0,shares,0
2020-04-15,48.16,48.98,47.66,47.67,48.22,1686061,81475674.0,shares,0
2020-04-16,47.39,47.59,46.49,46.66,47.67,2272768,106643693.0,shares,0
2020-04-17,47.09,48.25,46.93,47.39,46.66,2483488,118142365.0,shares,0
2020-04-20,47.0,47.33,46.5,47.09,47.39,1487736,69811023.0,shares,0
2020-04-21,47.0,47.0,45.82,46.04,47.09,1550267,71665274.0,shares,0
2020-04-22,45.62,48.2,45.34,47.52,46.04,3182758,151328324.0,shares,0
2020-04-23,47.34,48.38,47.06,47.47,47.52,2064323,98416012.0,shares,0
2020-04-24,47.2,48.88,46.5,48.3,47.47,3018668,144597634.0,shares,0
2020-04-27,48.1,48.28,46.76,47.01,48.3,1910331,90254594.0,shares,0
2020-04-28,46.78,46.78,40.0,43.16,47.01,3487206,150758315.0,shares,0
2020-04-29,42.99,43.4,40.75,41.02,43.16,2136742,89505267.0,shares,0
2020-04-30,40.76,45.68,40.76,44.12,41.02,3912755,169652476.0,shares,0
2020-05-06,43.12,51.49,43.0,50.85,44.12,7134852,339106931.0,shares,0
2020-05-07,50.8,50.8,48.31,48.6,50.85,5194246,255533896.0,shares,0
2020-05-08,48.66,50.55,48.41,48.69,48.6,4038262,198814936.0,shares,0
2020-05-11,49.37,50.8,48.76,49.3,48.69,3622217,179632777.0,shares,0
2020-05-12,49.99,53.99,48.51,53.9,49.3,6423283,331379256.0,shares,0
2020-05-13,53.9,56.0,52.7,52.76,53.9,6141969,332917916.0,shares,0
2020-05-14,51.96,55.86,51.75,53.4,52.76,6225865,337538539.0,shares,0
2020-05-15,53.45,55.36,52.5,53.96,53.4,4887421,264401901.0,shares,0
2020-05-18,55.81,56.5,53.6,54.46,53.96,6069696,335392531.0,shares,0
2020-05-19,54.1,58.58,52.53,57.67,54.46,7821634,435505284.0,shares,0
2020-05-20,56.85,59.5,55.03,55.67,57.67,6438395,367577330.0,shares,0
2020-05-21,55.88,56.6,51.98,52.0,55.67,4505726,243733515.0,shares,0
2020-05-22,52.3,58.39,51.8,58.03,52.0,7704209,422350958.0,shares,0
2020-05-25,59.7,60.9,56.68,57.02,58.03,6707966,392159232.0,shares,0
2020-05-26,56.4,60.18,56.11,58.85,57.02,7292959,424733524.0,shares,0
2020-05-27,58.09,62.43,56.79,62.09,58.85,9408669,560742676.0,shares,0
2020-05-28,62.1,66.07,59.2,64.59,62.09,10241896,639059039.0,shares,0
2020-05-29,62.44,64.99,57.5,58.2,64.59,11832595,731887442.0,shares,0
2020-06-01,59.01,59.99,56.27,59.0,58.2,9068883,530667636.0,shares,0
2020-06-02,59.9,60.88,57.02,60.05,59.0,8438785,499947716.0,shares,0
2020-06-03,59.79,61.0,57.59,57.6,60.05,7576498,446708539.0,shares,0
2020-06-04,57.88,58.17,54.5,55.06,57.6,6060264,339953504.0,shares,0
2020-06-05,55.06,57.68,54.62,56.3,55.06,4506961,254461099.0,shares,0
2020-06-08,57.5,58.77,55.82,57.27,56.3,4724379,271676225.0,shares,0
2020-06-09,57.27,57.6,55.06,56.9,57.27,3905109,219682178.0,shares,0
2020-06-10,56.58,57.36,54.8,54.91,56.9,3135300,175111241.0,shares,0
2020-06-11,55.0,56.97,54.29,54.84,54.91,3416569,189861587.0,shares,0
2020-06-12,53.0,53.95,52.68,52.9,54.84,3559269,189206230.0,shares,0
2020-06-15,52.8,53.48,51.01,51.09,52.9,2789252,146361107.0,shares,0
2020-06-16,51.55,52.8,51.36,52.77,51.09,2657283,138313871.0,shares,0
2020-06-17,52.98,52.98,51.18,51.68,52.77,2044051,106080321.0,shares,0
2020-06-18,51.76,53.23,51.6,52.28,51.68,2179997,114356659.0,shares,0
2020-06-19,51.87,52.77,51.58,51.97,52.28,1750421,91034139.0,shares,0
2020-06-22,52.26,54.96,52.24,53.99,51.97,4085594,220192157.0,shares,0
2020-06-23,53.8,54.1,52.8,53.17,53.99,2100771,111877405.0,shares,0
2020-06-24,53.5,54.85,53.05,54.22,53.17,3178929,171994208.0,shares,0
2020-06-29,53.3,53.88,51.5,51.77,54.22,2985944,156620924.0,shares,0
2020-06-30,52.3,52.84,51.89,52.21,51.77,1968923,102998885.0,shares,0
2020-07-01,52.19,52.9,50.01,50.49,52.21,2990539,153645667.0,shares,0
2020-07-02,50.5,55.35,50.03,54.56,50.49,5509923,293133222.0,shares,0
2020-07-03,54.44,54.98,53.09,54.12,54.56,3189810,171905194.0,shares,0
2020-07-06,55.2,59.95,54.12,58.99,53.97,6345534,365995469.0,shares,0
2020-07-07,59.25,62.18,58.1,58.1,58.99,7423870,444289927.0,shares,0
2020-07-08,59.47,60.79,58.5,60.0,58.1,4824119,288273914.0,shares,0
2020-07-09,60.0,64.5,59.03,62.3,60.0,6142740,380448257.0,shares,0
2020-07-10,61.99,63.7,60.28,60.79,62.3,4454449,275093363.0,shares,0
2020-07-13,60.88,63.8,60.18,63.8,60.79,5186128,323412301.0,shares,0
2020-07-14,65.13,65.98,59.8,61.81,63.8,6361770,398678805.0,shares,0
2020-07-15,61.7,62.0,55.98,56.39,61.81,5217179,306494958.0,shares,0
2020-07-16,56.6,57.18,50.88,50.99,56.39,4411465,237060303.0,shares,0
2020-07-17,51.07,51.99,49.11,49.8,50.99,2649688,134184606.0,shares,0
2020-07-20,50.29,50.94,48.45,50.94,49.8,2401223,119581311.0,shares,0
2020-07-21,51.42,52.1,50.13,50.99,50.94,1958832,99649602.0,shares,0
2020-07-22,50.47,51.3,50.1,50.2,50.99,2154869,109129074.0,shares,0
2020-07-23,49.66,50.21,47.5,48.18,50.2,2950793,143143193.88,shares,0
2020-07-24,47.87,48.38,43.56,44.36,48.18,3134364,145301569.0,shares,0
2020-07-27,44.68,45.5,43.83,44.42,44.36,1383149,61690907.0,shares,0
2020-07-28,45.78,46.47,44.84,45.48,44.42,1469310,67160023.0,shares,0
2020-07-29,45.47,48.06,45.08,47.88,45.48,2128795,99413389.0,shares,0
2020-07-30,48.1,48.5,47.08,47.69,47.88,1779497,85067641.61,shares,0
2020-07-31,47.41,48.69,47.23,48.34,47.69,1881633,90445514.0,shares,0
2020-08-03,48.76,50.1,48.58,49.85,48.34,2171807,107630468.0,shares,0
2020-08-04,49.85,50.05,47.61,48.15,49.85,2051867,100312847.0,shares,0
2020-08-05,50.65,50.65,48.7,49.02,48.15,2310860,114367519.13,shares,0
2020-08-06,48.58,48.87,47.59,48.02,49.02,1701656,81954428.1,shares,0
2020-08-07,48.15,49.67,47.81,48.41,48.02,2588119,126020575.0,shares,0
2020-08-10,48.1,48.53,46.91,47.51,48.41,1811600,86038325.0,shares,0
2020-08-11,47.3,48.24,46.85,46.9,47.51,1612326,76503334.0,shares,0
2020-08-12,46.5,47.0,45.31,45.82,46.9,1495690,68476746.0,shares,0
2020-08-13,46.24,46.61,45.76,45.91,45.82,946413,43647651.0,shares,0
2020-08-14,46.0,46.88,45.8,46.86,45.91,1245588,57875593.0,shares,0
2020-08-17,46.79,47.17,46.06,47.09,46.86,1400418,65327106.0,shares,0
2020-08-18,47.52,48.98,46.71,48.52,47.09,2137968,102473703.0,shares,0
2020-08-19,47.88,48.48,47.0,47.1,48.52,1449383,69324502.0,shares,0
2020-08-20,46.88,47.46,45.01,45.24,47.1,1277054,58742782.55,shares,0
2020-08-21,45.1,45.56,44.0,44.55,45.24,1762030,78986805.69,shares,0
2020-08-24,44.55,45.0,42.01,43.45,44.55,1444311,62459284.59,shares,0
2020-08-25,43.55,45.0,42.9,44.93,43.45,1380614,60715658.0,shares,0
2020-08-26,44.42,44.87,42.39,42.87,44.93,1627644,70492965.0,shares,0
2020-08-27,43.18,44.49,42.51,43.95,42.87,1246523,54516032.46,shares,0
2020-08-28,43.81,44.7,43.05,44.3,43.95,1275586,56233071.0,shares,0
2020-08-31,44.51,45.79,43.99,44.8,44.3,1432143,64578583.0,shares,0
2020-09-01,44.79,45.4,44.12,45.0,44.8,929295,41622542.0,shares,0
2020-09-02,45.0,45.29,44.36,44.56,45.0,851871,38078686.0,shares,0
2020-09-03,44.56,44.8,43.4,43.53,44.56,929075,40783477.86,shares,0
2020-09-04,43.3,46.5,42.74,46.42,43.53,2596669,118446142.02,shares,0
2020-09-07,46.47,49.28,45.6,48.06,46.42,3706115,179038740.0,shares,0
2020-09-08,47.76,48.8,46.5,46.88,48.06,1699429,80333712.0,shares,0
2020-09-09,46.0,47.59,45.56,46.2,46.88,1699027,78926150.0,shares,0
2020-09-10,46.0,48.55,45.53,45.8,46.2,2041357,96231824.0,shares,0
2020-09-11,45.8,50.35,45.76,50.33,45.8,4097946,200046806.0,shares,0
2020-09-14,51.41,51.97,49.41,50.1,50.33,3733996,189208611.57,shares,0
2020-09-15,50.6,52.0,48.71,51.08,50.1,3238181,163555237.0,shares,0
2020-09-16,50.53,51.64,48.9,49.22,51.08,1957175,97749134.0,shares,0
2020-09-17,48.6,51.61,48.41,51.25,49.22,2660456,134299507.0,shares,0
2020-09-18,50.99,51.41,49.65,51.0,51.25,1936615,97892508.0,shares,0
2020-09-21,50.8,51.45,49.76,49.9,51.0,1359785,68630212.9,shares,0
2020-09-22,49.3,49.45,47.18,47.34,49.9,2225596,107154284.37,shares,0
2020-09-23,47.51,49.18,47.34,48.27,47.34,1458767,70493558.0,shares,0
2020-09-24,48.27,48.72,46.02,46.36,48.27,1562838,73753783.0,shares,0
2020-09-25,46.44,47.29,45.98,46.37,46.36,786023,36562033.74,shares,0
2020-09-28,46.05,46.35,44.67,45.24,46.37,813435,36941089.0,shares,0
2020-09-29,45.78,46.66,45.6,46.0,45.24,631117,29121242.84,shares,0
2020-09-30,46.28,46.6,45.5,45.8,46.0,531377,24456662.0,shares,0
2020-10-09,46.87,47.4,46.49,46.78,45.8,665592,31291230.85,shares,0
2020-10-12,46.98,48.77,46.78,48.58,46.78,1242895,59699484.0,shares,0
2020-10-13,48.3,49.09,47.51,48.49,48.58,1144274,55340866.0,shares,0
2020-10-14,48.5,48.57,47.15,47.58,48.49,870934,41419284.34,shares,0
2020-10-15,47.93,47.98,46.51,46.6,47.58,776225,36639236.03,shares,0
2020-10-16,47.1,47.28,45.55,45.81,46.6,620654,28597070.63,shares,0
2020-10-19,45.7,46.37,45.3,45.55,45.81,601278,27543090.0,shares,0
2020-10-20,45.39,45.95,44.6,45.89,45.55,582972,26309198.0,shares,0
2020-10-21,46.18,46.18,44.82,45.18,45.89,535575,24249521.0,shares,0
2020-10-22,44.61,45.36,44.25,44.7,45.18,376584,16898843.98,shares,0
2020-10-23,44.99,45.37,43.96,44.09,44.7,535356,23854299.67,shares,0
2020-10-26,44.09,44.58,43.42,43.48,44.09,443658,19429704.0,shares,0
2020-10-27,43.48,43.9,43.26,43.88,43.48,350505,15283661.44,shares,0
2020-10-28,45.76,45.87,44.61,45.15,43.88,823743,37129622.6,shares,0
2020-10-29,44.85,45.35,44.41,45.06,45.15,742733,33427660.74,shares,0
2020-10-30,45.1,46.19,44.52,44.92,45.06,930904,42201779.0,shares,0
2020-11-02,44.92,46.01,43.36,44.35,44.92,824152,36277389.43,shares,0
2020-11-03,44.57,46.42,44.44,46.18,44.35,1025300,46946528.3,shares,0
2020-11-04,46.22,46.7,45.71,46.32,46.18,602080,27894201.01,shares,0
2020-11-05,47.65,47.65,46.07,46.57,46.32,696356,32470042.02,shares,0
2020-11-06,46.61,47.51,45.9,46.38,46.57,701469,32613662.35,shares,0
2020-11-09,47.16,49.86,46.92,49.14,46.38,2198885,107062321.09,shares,0
2020-11-10,49.0,49.47,47.83,48.23,49.14,1081100,52430639.34,shares,0
2020-11-11,48.1,48.2,46.55,46.66,48.23,1121267,53003468.78,shares,0
2020-11-12,46.93,47.09,46.24,46.68,46.66,730372,34065975.55,shares,0
2020-11-13,46.3,48.99,46.0,47.92,46.68,1094526,52244196.72,shares,0
2020-11-16,47.97,48.82,47.79,48.63,47.92,834233,40387169.88,shares,0
2020-11-17,48.18,48.6,46.3,47.28,48.63,942074,44353647.23,shares,0
2020-11-18,47.27,47.58,46.5,47.15,47.28,555690,26142551.58,shares,0
2020-11-19,46.66,47.76,46.4,46.91,47.15,611425,28810451.85,shares,0
2020-11-20,46.91,47.21,46.61,46.9,46.91,495036,23216152.82,shares,0
2020-11-23,47.16,47.28,45.7,45.73,46.9,975700,45117400.94,shares,0
2020-11-24,45.78,46.3,45.3,45.45,45.73,592710,27145637.32,shares,0
2020-11-25,45.55,45.8,44.44,44.48,45.45,824676,37041339.8,shares,0
2020-11-26,44.39,44.76,44.14,44.16,44.48,445497,19760190.46,shares,0
2020-11-27,44.39,44.59,44.02,44.38,44.16,446246,19762237.96,shares,0
2020-11-30,44.77,45.15,44.15,44.69,44.38,595501,26647160.16,shares,0
2020-12-01,45.0,45.14,44.52,45.06,44.69,511013,22975458.83,shares,0
2020-12-02,44.95,46.2,44.68,45.76,45.06,701146,32058115.81,shares,0
2020-12-03,45.76,46.56,45.5,45.51,45.76,677778,31137137.82,shares,0
2020-12-04,45.85,46.16,45.3,45.94,45.51,503855,23050806.61,shares,0
2020-12-07,46.78,47.35,46.2,46.39,45.94,882941,41233600.67,shares,0
2020-12-08,46.39,46.55,45.16,45.19,46.39,664874,30278344.78,shares,0
2020-12-09,45.21,45.39,43.55,43.77,45.19,859432,38040882.46,shares,0
2020-12-10,43.5,44.39,43.35,43.68,43.77,454174,19914817.79,shares,0
2020-12-11,44.35,44.41,42.33,42.67,43.68,749791,32229242.96,shares,0
2020-12-14,42.67,44.12,42.27,43.65,42.67,657394,28335643.1,shares,0
2020-12-15,43.6,44.22,42.53,42.79,43.65,629197,27182124.31,shares,0
2020-12-16,42.68,42.68,40.62,40.74,42.79,967999,40233400.53,shares,0
2020-12-17,40.78,41.4,40.2,41.3,40.74,623803,25481364.45,shares,0
2020-12-18,41.98,41.98,39.8,40.06,41.3,836513,34062700.51,shares,0
2020-12-21,40.08,43.36,40.02,43.15,40.06,1759938,73948142.04,shares,0
2020-12-22,42.89,43.15,41.7,42.59,43.15,1302340,55218893.93,shares,0
2020-12-23,43.09,44.44,42.16,43.96,42.59,1277283,55825297.5,shares,0
2020-12-24,43.59,44.65,43.0,43.18,43.96,803219,35055177.31,shares,0
2020-12-25,43.79,43.85,41.84,42.05,43.18,720963,30655382.43,shares,0
2020-12-28,41.5,41.77,40.06,40.46,42.05,985605,40173512.38,shares,0
2020-12-29,40.4,41.56,40.4,40.94,40.46,727287,29830855.45,shares,0
2020-12-30,40.73,41.48,40.71,41.07,40.94,510986,21018294.99,shares,0
2020-12-31,40.99,44.24,40.99,43.72,41.07,1803748,77996500.28,shares,0
2021-01-04,43.72,45.49,43.51,45.4,43.72,1329001,59710446.73,shares,0
2021-01-05,45.4,47.1,44.8,47.03,45.4,1859902,85543232.6,shares,0
2021-01-06,46.35,48.2,45.55,45.63,47.03,1562072,72984177.57,shares,0
2021-01-07,45.54,46.38,42.55,43.78,45.63,1864050,82503230.83,shares,0
2021-01-08,43.78,44.7,42.33,42.63,43.78,957531,41322304.37,shares,0
2021-01-11,42.63,43.75,41.58,42.03,42.63,874457,37296247.36,shares,0
2021-01-12,41.71,42.59,41.4,42.0,42.03,762248,31992109.16,shares,0
2021-01-13,42.1,42.5,40.5,40.94,42.0,925189,38087760.27,shares,0
2021-01-14,41.85,44.38,40.76,43.48,40.94,1381172,59346277.7,shares,0
2021-01-15,43.02,44.7,42.2,42.38,43.48,1439850,62407298.59,shares,0
2021-01-18,42.13,44.14,41.5,43.93,42.38,1230244,53303932.25,shares,0
2021-01-19,43.5,44.44,43.19,43.2,43.93,930344,40706555.98,shares,0
2021-01-20,43.7,47.77,43.7,46.09,43.2,3235817,150045889.16,shares,0
2021-01-21,46.78,46.91,44.73,46.12,46.09,2375945,109125329.95,shares,0
2021-01-22,46.11,46.69,45.0,45.49,46.12,1400718,63994693.69,shares,0
2021-01-25,45.1,47.88,43.6,47.8,45.49,2375959,107762218.82,shares,0
2021-01-26,48.01,48.88,46.53,47.26,47.8,1959115,93332927.62,shares,0
2021-01-27,46.03,47.5,45.57,46.64,47.26,1142145,53001671.75,shares,0
2021-01-28,46.0,47.14,45.22,46.22,46.64,944974,43768016.92,shares,0
2021-01-29,46.3,46.84,43.59,43.81,46.22,1114723,49843620.43,shares,0
2021-02-01,43.26,43.81,42.13,42.38,43.81,899176,38497670.2,shares,0
2021-02-02,42.3,43.5,42.13,42.84,42.38,656721,28008677.71,shares,0
2021-02-03,42.9,43.4,41.05,41.48,42.84,929516,39026229.54,shares,0
2021-02-04,41.48,41.8,39.5,40.38,41.48,1103719,44448289.8,shares,0
2021-02-05,39.89,40.65,33.65,34.27,40.38,2788805,102864483.65,shares,0
2021-02-08,32.8,34.8,31.3,33.36,34.27,1707431,56435622.13,shares,0
2021-02-09,33.38,34.6,32.71,33.8,33.36,1042016,35040509.92,shares,0
2021-02-10,34.0,34.4,32.75,32.95,33.8,953642,31852403.43,shares,0
2021-02-18,34.55,35.75,33.55,35.3,32.95,1322623,46370953.72,shares,0
2021-02-19,35.29,35.93,34.51,35.67,35.3,879950,31175562.9,shares,0
2021-02-22,35.62,37.17,35.62,36.36,35.67,762846,27917949.31,shares,0
2021-02-23,35.63,36.88,35.5,36.48,36.36,589259,21427700.54,shares,0
2021-02-24,38.49,40.4,37.51,39.18,36.48,2292477,90272324.61,shares,0
2021-02-25,39.48,40.17,37.49,38.15,39.18,1768892,68330549.34,shares,0
2021-02-26,36.51,39.0,36.51,37.5,38.15,1104815,41775813.04,shares,0
2021-03-01,38.48,39.57,37.78,38.18,37.5,1151487,44278393.09,shares,0
2021-03-02,38.86,38.9,37.85,38.3,38.18,635517,24388017.46,shares,0
2021-03-03,38.02,38.7,37.78,38.12,38.3,727715,27715887.14,shares,0
2021-03-04,38.46,39.44,37.7,37.74,38.12,755584,28908212.13,shares,0
2021-03-05,37.03,38.28,37.03,38.06,37.74,559152,21171707.38,shares,0
2021-03-08,38.04,39.25,37.79,37.86,38.06,521487,20125362.97,shares,0
2021-03-09,37.86,37.86,35.59,35.59,37.86,831056,30408445.04,shares,0
2021-03-10,35.87,36.91,35.35,35.38,35.59,633249,22896948.92,shares,0
2021-03-11,35.58,37.9,35.31,36.8,35.38,769111,28192318.24,shares,0
2021-03-12,36.82,37.26,35.59,35.97,36.8,699629,25258139.94,shares,0
2021-03-15,35.72,35.72,34.0,34.3,35.97,743387,25738680.75,shares,0
2021-03-16,34.39,34.81,34.1,34.4,34.3,681564,23434740.11,shares,0
2021-03-17,33.87,35.22,33.87,34.91,34.4,786015,27330177.8,shares,0
2021-03-18,34.97,35.9,34.61,34.75,34.91,617377,21580108.67,shares,0
2021-03-19,34.5,35.29,34.34,34.86,34.75,419604,14616405.2,shares,0
2021-03-22,34.75,35.7,34.7,35.54,34.86,566702,19965864.95,shares,0
2021-03-23,35.49,36.36,35.49,35.9,35.54,606353,21816862.0,shares,0
2021-03-24,36.3,36.3,35.27,35.4,35.9,452808,16110177.77,shares,0
2021-03-25,35.38,35.42,34.58,34.72,35.4,439789,15349581.29,shares,0
2021-03-26,34.8,35.67,33.98,35.0,34.72,562708,19469456.14,shares,0
2021-03-29,34.83,35.72,34.54,34.68,35.0,622563,21859460.03,shares,0
2021-03-30,35.0,35.41,34.34,34.97,34.68,426315,14853899.05,shares,0
2021-03-31,34.41,34.99,34.14,34.9,34.97,409978,14165017.93,shares,0
2021-04-01,34.79,36.16,33.8,35.25,34.9,1160423,40647308.36,shares,0
2021-04-02,35.28,37.27,35.26,36.91,35.25,1552446,56915051.48,shares,0
2021-04-06,37.28,38.61,37.01,37.37,36.91,1656370,62599768.71,shares,0
2021-04-07,37.26,37.99,36.4,37.63,37.37,1197272,44628220.36,shares,0
2021-04-08,37.56,38.15,37.3,37.53,37.63,701994,26422767.98,shares,0
2021-04-09,37.53,38.63,37.35,37.71,37.53,1148426,43719793.27,shares,0
2021-04-12,37.67,37.67,36.05,36.3,37.71,728050,26782775.98,shares,0
2021-04-13,36.3,36.97,35.89,36.0,36.3,553814,20147107.24,shares,0
2021-04-14,36.0,37.38,35.76,36.77,36.0,761452,27967114.68,shares,0
2021-04-15,36.21,37.18,36.01,37.02,36.77,821234,30187399.24,shares,0
2021-04-16,37.02,38.55,36.7,38.01,37.02,1104672,41616028.22,shares,0
2021-04-19,39.27,39.5,37.72,39.18,38.01,1613728,62471229.62,shares,0
2021-04-20,38.99,39.47,38.62,38.8,39.18,1257979,49097675.72,shares,0
2021-04-21,38.67,40.95,38.67,40.68,38.8,2159659,86226182.07,shares,0
2021-04-22,40.49,40.49,38.0,38.4,40.68,3725498,144587920.87,shares,0
2021-04-23,38.0,38.35,36.98,37.19,38.4,2233720,83900718.04,shares,0
2021-04-26,37.0,39.65,36.92,37.7,37.19,2856715,109316051.3,shares,0
2021-04-27,38.27,38.36,37.0,37.49,37.7,1055742,39609398.13,shares,0
2021-04-28,37.49,38.66,36.8,37.34,37.49,1721642,64933369.61,shares,0
2021-04-29,37.41,38.68,37.41,38.18,37.34,1573227,59949376.14,shares,0
2021-04-30,38.15,38.15,36.37,37.66,38.18,1827655,68577906.18,shares,0
2021-05-06,37.6,38.15,36.89,37.7,37.66,1201958,45253134.1,shares,0
2021-05-07,37.66,38.08,36.09,36.22,37.7,1583430,58510692.12,shares,0
2021-05-10,36.2,36.22,34.65,35.1,36.22,1685037,59412152.09,shares,0
2021-05-11,34.97,35.76,34.65,35.44,35.1,901745,31873990.79,shares,0
2021-05-12,35.38,36.0,35.01,35.8,35.44,735836,26179149.54,shares,0
2021-05-13,35.58,37.31,35.28,36.58,35.8,1654442,60267530.12,shares,0
2021-05-14,36.61,37.39,36.3,37.26,36.58,927754,34325696.85,shares,0
2021-05-17,37.3,37.97,36.65,36.75,37.26,1249098,46444590.74,shares,0
2021-05-18,36.7,39.13,36.33,38.54,36.75,2032921,77595103.2,shares,0
2021-05-19,38.55,39.5,38.18,38.18,38.54,1732571,67234415.72,shares,0
2021-05-20,38.44,39.13,37.81,38.57,38.18,1503028,57962321.24,shares,0
2021-05-21,38.79,39.18,37.68,37.9,38.57,1339304,51338596.11,shares,0
2021-05-24,37.87,38.57,37.38,38.57,37.9,1152236,43897226.91,shares,0
2021-05-25,38.58,39.1,38.18,38.9,38.57,1508887,58562392.35,shares,0
2021-05-26,38.9,39.3,38.22,38.26,38.9,1716146,66412163.39,shares,0
2021-05-27,38.44,41.33,38.35,40.56,38.26,3579391,143364042.45,shares,0
2021-05-28,40.96,43.33,40.21,41.99,40.56,4940941,207242070.39,shares,0
2021-05-31,41.99,47.66,41.99,46.6,41.99,6631320,303217446.94,shares,0
2021-06-01,45.52,47.52,45.52,46.3,46.6,4506875,208673514.3,shares,0
2021-06-02,46.46,48.38,45.7,46.29,46.3,4326572,203113062.57,shares,0
2021-06-03,45.89,46.57,43.77,44.2,46.29,5183709,234134343.29,shares,0
2021-06-04,43.93,48.18,43.93,47.06,44.1,4918024,228726110.17,shares,0
2021-06-07,48.2,49.88,47.0,47.29,47.06,4807210,232112434.94,shares,0
2021-06-08,48.1,48.8,46.5,46.89,47.29,3393951,161136763.35,shares,0
2021-06-09,46.87,49.27,46.87,48.45,46.89,3977859,192341107.79,shares,0
2021-06-10,48.38,51.61,48.38,50.08,48.45,3350461,167640282.33,shares,0
2021-06-11,49.0,49.99,47.68,47.76,50.08,3224629,156382374.56,shares,0
2021-06-15,47.49,49.2,47.45,48.61,47.76,2655167,129185159.88,shares,0
2021-06-16,48.2,49.91,47.11,48.18,48.61,3175446,153530685.77,shares,0
2021-06-17,48.58,51.85,48.39,51.14,48.18,5381859,270145719.43,shares,0
2021-06-18,51.7,53.5,50.0,52.03,51.14,4995286,259352277.15,shares,0
2021-06-21,52.6,53.49,51.5,52.14,52.03,3796581,198851710.18,shares,0
2021-06-22,52.55,52.76,49.68,50.58,52.14,4104795,207939908.5,shares,0
2021-06-23,49.9,51.5,49.71,50.85,50.58,3949521,200073468.09,shares,0
2021-06-24,50.97,50.97,48.05,48.28,50.85,3369791,165032227.14,shares,0
2021-06-25,48.61,48.8,46.0,47.1,48.28,3835804,181102617.91,shares,0
2021-06-28,47.79,49.87,46.7,49.05,47.1,3074493,149418820.08,shares,0
2021-06-29,49.0,49.8,48.08,48.56,49.05,2193907,107108095.19,shares,0
2021-06-30,49.06,55.66,49.06,54.0,48.56,6719255,354963488.62,shares,0
2021-07-01,53.54,55.0,52.0,52.1,54.0,4221760,225797205.25,shares,0
2021-07-02,51.48,55.49,51.11,54.14,52.1,4898911,263011116.36,shares,0
2021-07-05,54.89,56.68,52.73,54.21,54.14,4651894,252743796.29,shares,0
2021-07-06,54.5,55.6,51.47,52.65,54.21,5630265,302761911.55,shares,0
2021-07-07,52.0,54.02,51.02,53.64,52.65,3350880,176838552.77,shares,0
2021-07-08,53.8,55.3,53.18,54.5,53.64,4058481,220529192.63,shares,0
2021-07-09,53.6,54.41,51.68,52.96,54.5,3252914,171216171.65,shares,0
2021-07-12,53.0,53.66,52.0,53.06,52.96,2808103,148357043.58,shares,0
2021-07-13,53.06,53.06,48.01,48.27,53.06,5284634,262382472.7,shares,0
2021-07-14,48.26,50.04,47.88,48.56,48.27,3461923,168949162.13,shares,0
2021-07-15,48.5,48.74,47.07,48.33,48.56,2387159,114120514.44,shares,0
2021-07-16,48.32,50.48,47.69,47.9,48.33,2832801,139338812.15,shares,0
2021-07-19,47.35,48.44,47.0,47.45,47.9,1766034,84251259.12,shares,0
2021-07-20,46.99,49.51,46.8,49.3,47.45,2411473,116520968.61,shares,0
2021-07-21,49.8,54.49,49.37,53.56,49.3,5278953,275406394.65,shares,0
2021-07-22,54.0,56.41,53.5,55.89,53.56,5457003,300518567.44,shares,0
2021-07-23,56.65,57.89,55.6,56.39,55.89,4079323,230966802.7,shares,0
2021-07-26,57.45,59.48,55.6,58.77,56.39,5492050,316636797.72,shares,0
2021-07-27,59.01,63.5,58.2,58.59,58.77,6873209,418276348.9,shares,0
2021-07-28,58.73,59.38,54.63,56.88,58.59,4778608,273504909.88,shares,0
2021-07-29,58.2,60.45,57.51,59.63,56.88,4085136,242177613.53,shares,0
2021-07-30,59.0,62.3,58.5,61.8,59.63,4851014,294732033.94,shares,0
2021-08-02,61.14,62.36,57.53,60.72,61.8,4551520,271749248.72,shares,0
2021-08-03,72.86,72.86,72.86,72.86,60.72,1876044,136688565.84,shares,0
2021-08-04,77.77,87.43,77.01,87.43,72.86,16704441,1405464762.09,shares,0
2021-08-05,87.1,95.68,87.1,89.0,87.43,14393957,1314324422.65,shares,0
2021-08-06,92.55,93.87,85.5,86.84,89.0,7349446,648077249.02,shares,0
2021-08-09,88.0,89.78,81.0,87.1,86.84,6732972,577735893.99,shares,0
2021-08-10,87.48,88.88,82.11,84.31,87.1,4714055,403229486.4,shares,0
2021-08-11,86.16,87.9,83.08,85.9,84.31,3424035,292549510.17,shares,0
2021-08-12,85.9,103.08,85.26,103.08,85.9,7896217,776150752.74,shares,0
2021-08-13,103.74,104.99,96.71,97.99,103.08,5896618,587433378.14,shares,0
2021-08-16,96.32,98.18,92.5,92.8,97.99,4313502,409491341.45,shares,0
2021-08-17,93.32,97.9,90.0,90.88,92.8,3541730,330832707.97,shares,0
2021-08-18,91.33,94.97,88.0,89.95,90.88,3447929,312082092.11,shares,0
2021-08-19,90.73,96.8,89.61,91.03,89.95,5115320,472352481.87,shares,0
2021-08-20,90.49,95.28,87.85,89.02,91.03,4241881,386186551.73,shares,0
2021-08-23,89.09,90.69,87.0,89.54,89.02,4085582,363908305.8,shares,0
2021-08-24,84.0,88.0,77.61,84.45,89.54,10713501,881478382.19,shares,0
2021-08-25,84.34,89.98,84.0,87.12,84.45,4662595,406979520.58,shares,0
2021-08-26,86.76,86.76,82.21,82.7,87.12,3383983,284191244.09,shares,0
2021-08-27,82.7,85.38,81.4,83.91,82.7,3684762,309333529.27,shares,0
2021-08-30,83.5,83.59,79.01,80.8,83.91,3034805,246367032.39,shares,0
2021-08-31,81.62,81.64,77.66,78.28,80.8,2249748,177317695.05,shares,0
2021-09-01,80.28,80.28,75.33,76.56,78.28,3272086,253500462.96,shares,0
2021-09-02,76.0,77.0,73.8,76.3,76.56,2724947,204816160.26,shares,0
2021-09-03,76.29,76.29,71.3,73.5,76.3,2900624,214114190.22,shares,0
2021-09-06,74.2,77.85,71.87,76.75,73.5,2595982,194642068.33,shares,0
2021-09-07,75.99,77.44,74.19,74.5,76.75,2748059,206470777.19,shares,0
2021-09-08,74.7,75.3,73.27,74.49,74.5,2631116,195707642.37,shares,0
2021-09-09,75.43,75.43,71.31,72.0,74.49,2004670,145120441.92,shares,0
2021-09-10,72.0,76.89,70.7,75.1,72.0,3584649,265698820.25,shares,0
2021-09-13,75.0,75.5,71.7,71.7,75.1,1830668,133556193.35,shares,0
2021-09-14,70.56,76.47,70.56,73.01,71.7,2353025,174958835.47,shares,0
2021-09-15,71.88,75.89,71.08,72.43,73.01,2459883,179911476.6,shares,0
2021-09-16,73.43,73.43,70.21,70.7,72.43,2025755,144363334.82,shares,0
2021-09-17,71.9,72.68,67.5,69.69,70.7,1644643,115099069.68,shares,0
2021-09-22,69.0,70.39,68.0,69.5,69.69,1464763,101555401.79,shares,0
2021-09-23,69.69,74.1,69.42,70.96,69.5,2313294,166026103.78,shares,0
2021-09-24,71.97,72.93,69.14,69.81,70.96,2270978,160934043.55,shares,0
2021-09-27,71.0,71.86,66.0,67.2,69.81,2234035,152597674.82,shares,0
2021-09-28,66.9,70.1,66.03,68.31,67.2,1945245,133602424.93,shares,0
2021-09-29,68.9,68.9,64.51,65.88,68.31,2388344,157120552.21,shares,0
2021-09-30,66.8,72.35,65.38,71.21,65.88,2441915,170892525.64,shares,0
2021-10-08,71.86,72.88,68.86,69.37,71.21,1735002,121631826.57,shares,0
2021-10-11,69.99,74.2,69.75,70.92,69.37,2488343,178772503.61,shares,0
2021-10-12,70.91,70.91,64.28,65.27,70.92,3374595,224702396.33,shares,0
2021-10-13,65.5,68.35,65.5,67.67,65.27,1697298,113655107.12,shares,0
2021-10-14,67.02,68.6,66.7,67.53,67.67,1224229,82809514.39,shares,0
2021-10-15,67.88,74.35,66.66,72.77,67.53,2832882,203126534.3,shares,0
2021-10-18,73.02,74.31,70.5,71.9,72.77,2892288,208070715.06,shares,0
2021-10-19,72.4,73.0,70.6,72.1,71.9,1641915,117765241.25,shares,0
2021-10-20,72.18,74.47,71.16,74.01,72.1,2543037,186389887.47,shares,0
2021-10-21,74.4,74.4,70.69,72.14,74.01,2838494,204176703.93,shares,0
2021-10-22,72.14,78.48,72.14,76.1,72.14,3609610,275422865.48,shares,0
2021-10-25,76.99,86.8,74.08,84.82,76.1,6089788,492742260.2,shares,0
2021-10-26,78.0,81.47,71.36,71.95,84.82,10540238,780957662.57,shares,0
2021-10-27,72.46,73.69,68.83,69.98,71.95,4720932,333389118.34,shares,0
2021-10-28,69.3,71.28,65.7,66.0,69.98,3931859,266910248.1,shares,0
2021-10-29,66.6,68.5,65.73,67.43,66.0,3191008,215494565.46,shares,0
2021-11-01,67.34,69.88,66.5,67.8,67.43,3235185,219942889.35,shares,0
2021-11-02,68.1,70.0,66.35,67.09,67.8,3686991,252001516.02,shares,0
2021-11-03,67.87,68.84,66.38,68.1,67.09,2206907,149072076.63,shares,0
2021-11-04,68.1,71.49,68.1,71.19,68.1,3143738,221497970.89,shares,0
2021-11-05,71.35,74.3,69.8,69.92,71.19,2701392,193205728.45,shares,0
2021-11-08,69.1,71.3,68.93,69.3,69.92,2114875,147639681.28,shares,0
2021-11-09,69.68,77.2,69.41,75.45,69.3,5043749,372329945.41,shares,0
2021-11-10,75.45,78.54,74.62,77.45,75.45,3718719,286774481.93,shares,0
2021-11-11,78.0,92.94,78.0,90.09,77.45,10779186,945141231.22,shares,0
2021-11-12,90.98,91.87,89.33,90.55,90.09,6195654,561630189.84,shares,0
2021-11-15,89.8,90.66,81.5,81.5,90.55,6050862,513289612.7,shares,0
2021-11-16,82.0,82.0,78.23,78.38,81.5,4298296,341357646.21,shares,0
2021-11-17,78.38,80.14,77.95,79.0,78.38,4247783,334855703.81,shares,0
2021-11-18,79.65,81.79,78.37,78.88,79.0,4128148,330859007.73,shares,0
2021-11-19,78.21,80.74,78.19,78.6,78.88,3145288,248747350.99,shares,0
2021-11-22,79.0,94.32,78.66,94.32,78.6,9617145,849120488.32,shares,0
2021-11-23,97.38,98.88,93.66,93.66,94.32,7069892,675755156.07,shares,0
2021-11-24,93.66,99.02,92.01,92.1,93.66,5789420,549021246.96,shares,0
2021-11-25,92.98,93.67,88.29,89.88,92.1,4463615,402931033.06,shares,0
2021-11-26,89.84,90.86,87.69,89.2,89.88,3707460,330853000.29,shares,0
2021-11-29,90.25,94.38,88.26,92.93,89.2,4528997,415170885.95,shares,0
2021-11-30,94.0,104.8,92.03,98.88,92.93,6628465,651474972.83,shares,0
2021-12-01,100.01,101.78,95.46,97.55,98.88,3528774,346525876.19,shares,0
2021-12-02,96.19,98.78,93.6,94.08,97.55,3005912,286774422.24,shares,0
2021-12-03,94.08,95.9,93.2,94.16,94.08,2944291,278584843.34,shares,0
2021-12-06,93.89,95.14,89.51,90.65,94.16,2845146,260581175.04,shares,0
2021-12-07,91.0,91.77,83.88,85.95,90.65,3914085,337392112.23,shares,0
2021-12-08,88.0,90.89,87.0,90.0,85.95,2777487,247550330.53,shares,0
2021-12-09,90.1,91.97,88.56,90.57,90.0,1840250,166272991.87,shares,0
2021-12-10,89.5,91.8,89.0,91.03,90.57,1621762,147117117.13,shares,0
2021-12-13,91.5,92.38,88.0,90.56,91.03,1827916,163648951.58,shares,0
2021-12-14,90.58,95.85,89.1,93.88,90.56,2428917,225578872.13,shares,0
2021-12-15,93.21,94.48,90.9,91.2,93.88,1732481,159834588.78,shares,0
2021-12-16,91.0,97.55,91.0,95.45,91.2,3046887,290754961.75,shares,0
2021-12-17,94.56,95.45,88.0,90.6,95.45,3504035,318636574.75,shares,0
2021-12-20,89.87,93.98,89.0,89.01,90.6,2122497,193897216.19,shares,0
2021-12-21,89.27,91.44,85.52,90.46,89.01,2304422,204062851.8,shares,0
2021-12-22,90.85,92.0,88.18,88.33,90.46,1659013,148599225.28,shares,0
2021-12-23,88.83,88.83,85.75,85.8,88.33,1434652,124292694.66,shares,0
2021-12-24,85.85,87.49,82.8,86.52,85.8,2159727,184319077.32,shares,0
2021-12-27,86.0,87.87,84.18,85.88,86.52,1431527,122855526.28,shares,0
2021-12-28,84.5,85.24,81.77,82.8,85.88,2490753,206953213.13,shares,0
2021-12-29,82.02,83.44,79.51,80.66,82.8,2873601,232965218.96,shares,0
2021-12-30,80.01,85.42,79.77,84.45,80.66,2727584,227324875.58,shares,0
2021-12-31,84.4,88.51,83.45,88.2,84.45,2825826,246128743.43,shares,0
2022-01-04,86.71,90.36,86.22,87.46,88.2,1859258,162953580.8,shares,0
2022-01-05,87.0,87.61,79.6,80.5,87.46,3973904,325299618.17,shares,0
2022-01-06,80.5,85.97,79.88,83.1,80.5,2593858,215917191.38,shares,0
2022-01-07,82.9,84.51,77.88,78.58,83.1,2868917,227869523.49,shares,0
2022-01-10,78.0,79.82,75.22,78.78,78.58,1874276,146408284.6,shares,0
2022-01-11,79.61,79.61,74.0,74.6,78.78,3596936,270972143.05,shares,0
2022-01-12,74.11,75.86,73.1,75.17,74.6,2353658,175428890.36,shares,0
2022-01-13,75.21,75.63,73.12,73.51,75.17,1598714,118918254.09,shares,0
2022-01-14,74.29,80.15,71.96,76.81,73.51,3026137,233237979.06,shares,0
2022-01-17,77.98,78.23,75.67,76.3,76.81,1553494,119050663.13,shares,0
2022-01-18,76.3,77.38,73.89,75.0,76.3,2247543,169911621.76,shares,0
2022-01-19,74.28,75.09,71.59,72.11,75.0,2687367,195062919.17,shares,0
2022-01-20,72.0,72.4,67.68,68.27,72.11,3092015,214179842.62,shares,0
2022-01-21,68.47,68.66,66.2,66.37,68.27,2108224,141239048.44,shares,0
2022-01-24,65.51,69.23,65.51,68.29,66.37,1946384,132637406.15,shares,0
2022-01-25,68.0,74.74,68.0,70.25,68.29,4879286,349158869.63,shares,0
2022-01-26,71.64,76.2,71.45,74.98,70.25,3265390,241939032.72,shares,0
2022-01-27,74.98,75.89,72.6,72.6,74.98,1750604,128843747.71,shares,0
2022-01-28,72.95,74.74,70.89,71.33,72.6,1613689,116723512.27,shares,0
2022-02-07,73.5,73.85,70.7,71.66,71.33,1273829,91580718.93,shares,0
2022-02-08,71.8,72.35,68.57,69.7,71.66,1461219,102378829.84,shares,0
2022-02-09,69.7,70.05,67.08,68.09,69.7,1986093,134667042.9,shares,0
2022-02-10,68.58,69.2,65.6,66.4,68.09,1630537,108351316.21,shares,0
2022-02-11,65.75,67.17,63.17,67.03,66.4,2381221,155273225.14,shares,0
2022-02-14,64.8,66.51,62.63,64.8,67.03,2204876,143618140.17,shares,0
2022-02-15,67.12,76.18,67.01,75.98,64.8,5210597,376165021.61,shares,0
2022-02-16,76.0,76.0,73.95,75.08,75.98,2916369,218067314.62,shares,0
2022-02-17,74.66,75.73,73.05,74.74,75.08,1895177,141181137.48,shares,0
2022-02-18,74.08,75.18,73.51,74.73,74.74,1246244,92772700.94,shares,0
2022-02-21,74.67,77.8,74.07,76.32,74.73,2234547,170090564.15,shares,0
2022-02-22,75.58,75.88,73.15,75.15,76.32,1720749,128519293.62,shares,0
2022-02-23,75.15,84.58,75.06,83.32,75.15,4257485,346657972.4,shares,0
2022-02-24,83.32,83.33,77.81,79.53,83.32,3200211,257243997.11,shares,0
2022-02-25,81.63,86.68,79.04,81.1,79.53,3872756,321216079.5,shares,0
2022-02-28,81.02,87.5,79.22,86.96,81.1,4469073,376637920.0,shares,0
2022-03-01,86.01,86.29,82.0,83.4,86.96,2798540,235120695.0,shares,0
2022-03-02,83.38,83.56,80.91,82.28,83.4,2326957,190416357.0,shares,0
2022-03-03,82.42,82.98,80.16,80.71,82.28,1373800,111319235.0,shares,0
2022-03-04,79.11,83.95,78.21,81.7,80.71,2439407,199954411.0,shares,0
2022-03-07,80.8,81.0,77.8,79.9,81.7,2048550,162125853.0,shares,0
2022-03-08,79.9,85.6,79.31,82.68,79.9,2961818,244682299.0,shares,0
2022-03-09,83.8,87.35,81.0,84.66,82.68,3264754,275673744.0,shares,0
2022-03-10,87.31,88.66,83.47,83.97,84.66,3757784,325780848.0,shares,0
2022-03-11,82.48,86.83,82.0,86.2,83.97,2005992,171056289.0,shares,0
2022-03-14,86.85,86.88,83.8,84.03,86.2,1338902,113134111.0,shares,0
2022-03-15,84.03,88.52,82.33,83.59,84.03,2550472,217915473.0,shares,0
2022-03-16,86.32,92.33,84.16,90.91,83.59,3484242,306664688.0,shares,0
2022-03-17,93.18,94.99,86.3,87.0,90.91,4135641,371736672.0,shares,0
2022-03-18,85.55,87.0,80.11,86.22,87.0,4378017,366033150.78,shares,0
2022-03-21,84.5,86.98,83.5,85.4,86.22,2206009,186776556.12,shares,0
2022-03-22,84.52,84.92,80.49,80.49,85.4,1780258,146253668.71,shares,0
2022-03-23,80.63,83.75,80.3,81.61,80.49,1659738,136405122.7,shares,0
2022-03-24,81.42,81.5,78.88,80.69,81.61,1315427,105369028.98,shares,0
2022-03-25,81.98,82.38,77.4,78.01,80.69,1159470,92287412.78,shares,0
2022-03-28,77.3,77.79,74.78,76.73,78.01,1721567,131065939.35,shares,0
2022-03-29,77.0,78.4,74.51,75.36,76.73,1019433,77759234.44,shares,0
2022-03-30,76.01,79.38,74.67,78.28,75.36,1181779,92197940.49,shares,0
2022-03-31,77.52,79.37,76.3,77.85,78.28,1114596,86405785.97,shares,0
2022-04-01,76.3,79.2,74.48,77.54,77.85,1594495,123127327.01,shares,0
2022-04-06,77.0,77.0,72.1,72.23,77.54,2544138,186286358.06,shares,0
2022-04-07,72.1,74.73,71.05,73.15,72.23,1828050,133115056.41,shares,0
2022-04-08,72.72,78.38,72.34,75.89,73.15,2598928,197487863.83,shares,0
2022-04-11,75.75,77.01,72.5,75.3,75.89,1609409,119515139.34,shares,0
2022-04-12,73.8,76.5,73.21,75.4,75.3,985016,73737463.05,shares,0
2022-04-13,75.0,75.88,72.83,73.2,75.4,896270,66517728.97,shares,0
2022-04-14,72.59,74.24,69.04,71.46,73.2,1538222,110071460.46,shares,0
2022-04-15,70.57,71.3,69.2,70.96,71.46,953257,67173687.51,shares,0
2022-04-18,70.0,75.93,69.81,74.99,70.96,1220178,90714511.64,shares,0
2022-04-19,75.2,77.31,74.11,76.68,74.99,1399029,106772803.73,shares,0
2022-04-20,77.0,77.88,74.7,75.02,76.68,683172,51748263.1,shares,0
2022-04-21,74.7,76.88,72.5,73.35,75.02,912755,68291818.07,shares,0
2022-04-22,73.0,74.8,71.5,72.0,73.35,716903,52211208.03,shares,0
2022-04-25,70.22,71.48,65.22,65.85,72.0,1123347,77601864.81,shares,0
2022-04-26,64.64,65.17,52.68,53.56,65.85,5263684,301066485.48,shares,0
2022-04-27,53.0,55.36,50.42,53.95,53.56,4986282,262681170.96,shares,0
2022-04-28,53.79,53.79,49.0,50.81,53.95,3861175,196585294.12,shares,0
2022-04-29,51.36,54.22,48.66,53.21,50.81,4608285,236948206.83,shares,0
2022-05-05,53.0,55.58,52.34,54.51,53.21,3201503,173046397.75,shares,0
2022-05-06,52.49,55.5,52.41,54.96,54.51,2258609,122489986.02,shares,0
2022-05-09,54.49,55.95,53.8,53.83,54.96,1113784,60831378.92,shares,0
2022-05-10,53.0,58.44,52.45,56.95,53.83,2543098,144646999.71,shares,0
2022-05-11,57.9,60.88,56.42,59.37,56.95,2799938,166276489.72,shares,0
2022-05-12,59.4,62.28,57.92,60.19,59.37,2749116,164438108.94,shares,0
2022-05-13,59.78,60.88,58.58,59.84,60.19,1797486,106814377.12,shares,0
2022-05-16,60.85,61.66,58.62,59.56,59.84,1606830,95966156.1,shares,0
2022-05-17,59.68,62.18,58.1,62.0,59.56,2447988,149494296.63,shares,0
2022-05-18,62.08,63.0,61.1,61.22,62.0,1737860,107689797.55,shares,0
2022-05-19,60.21,64.7,60.0,63.4,61.22,2151030,134968050.62,shares,0
2022-05-20,63.26,63.82,62.07,63.3,63.4,1330774,83812347.48,shares,0
2022-05-23,62.8,64.38,62.16,64.13,63.3,1298882,82394364.73,shares,0
2022-05-24,63.94,64.95,60.01,60.49,64.13,1927594,120656468.5,shares,0
2022-05-25,60.59,62.62,60.5,61.3,60.49,1474444,90749753.51,shares,0
2022-05-26,61.09,61.79,59.22,60.7,61.3,1249436,75537573.18,shares,0
2022-05-27,61.3,61.99,58.78,59.03,60.7,1188579,71394851.15,shares,0
2022-05-30,59.02,60.79,58.56,60.0,59.03,1569654,93885951.28,shares,0
2022-05-31,60.8,61.97,58.08,61.78,60.0,1505151,90808463.82,shares,0
2022-06-01,61.32,63.63,60.81,61.9,61.78,1445696,89722125.12,shares,0
2022-06-02,61.98,65.32,61.23,64.81,61.9,2283976,145950189.79,shares,0
2022-06-06,65.7,68.8,65.33,66.15,64.81,3178581,213479014.99,shares,0
2022-06-07,66.36,66.41,63.91,64.4,66.15,1976413,128056947.88,shares,0
2022-06-08,64.55,65.23,61.5,62.88,64.4,2201284,138522213.69,shares,0
2022-06-09,63.8,66.6,62.51,63.05,62.88,2669217,172049219.73,shares,0
2022-06-10,62.01,62.77,61.01,61.84,63.05,3251426,201378725.27,shares,0
2022-06-13,61.69,61.77,55.77,56.93,61.84,5144997,299149230.66,shares,0
2022-06-14,55.81,56.3,53.62,55.08,56.93,3216653,175747671.57,shares,0
2022-06-15,55.08,58.0,55.0,56.7,55.08,2794659,158391871.81,shares,0
2022-06-16,57.41,59.52,56.5,58.05,56.7,3029164,176981279.36,shares,0
2022-06-17,57.75,58.2,55.88,56.77,58.05,2900370,164665169.71,shares,0
2022-06-20,57.18,58.77,56.2,56.36,56.77,3447357,197334556.97,shares,0
2022-06-21,56.98,57.46,54.78,55.05,56.36,2336095,129723150.87,shares,0
2022-06-22,55.18,55.88,53.48,53.52,55.05,2182571,118970615.86,shares,0
2022-06-23,54.19,55.39,53.03,55.38,53.52,2543694,138417708.25,shares,0
2022-06-24,55.74,56.48,53.7,54.72,55.38,4711799,259229170.84,shares,0
2022-06-27,55.1,57.99,54.95,56.7,54.72,3645833,205823759.58,shares,0
2022-06-28,56.68,56.94,52.58,54.86,56.7,7441361,401455137.48,shares,0
2022-06-29,54.38,57.5,54.08,54.24,54.86,6507094,363975398.09,shares,0
2022-06-30,54.08,57.32,54.08,56.2,54.24,5187610,289771371.35,shares,0
2022-07-01,56.87,57.08,54.25,54.82,56.2,5096582,282527091.82,shares,0
2022-07-04,54.2,54.2,50.11,51.8,54.82,6078008,311962153.78,shares,0
2022-07-05,51.79,52.53,50.37,51.1,51.8,3523564,181120902.98,shares,0
2022-07-06,51.28,53.87,50.66,51.88,51.1,4438140,233297117.64,shares,0
2022-07-07,52.08,52.58,51.12,51.8,51.88,2231949,115432983.89,shares,0
2022-07-08,52.23,53.61,51.72,51.92,51.8,3532505,185832494.26,shares,0
2022-07-11,51.3,51.6,49.69,50.11,51.51,2529464,127125130.59,shares,0
2022-07-12,50.51,50.68,48.23,48.23,50.11,2801658,136909488.06,shares,0
2022-07-13,48.3,48.68,46.91,47.1,48.23,2762266,130765779.49,shares,0
2022-07-14,47.19,49.1,46.86,48.14,47.1,2700635,130633007.1,shares,0
2022-07-15,48.0,49.47,47.5,48.18,48.14,2330230,112973524.49,shares,0
2022-07-18,48.58,48.58,47.0,47.82,48.18,2231274,106184753.06,shares,0
2022-07-19,47.82,48.07,46.72,47.36,47.82,2025149,95793748.26,shares,0
2022-07-20,47.65,49.43,47.51,48.22,47.36,3238670,156938637.64,shares,0
2022-07-21,48.23,52.68,47.71,50.9,48.22,6357485,324898419.17,shares,0
2022-07-22,51.65,51.65,49.33,49.82,50.9,3349099,167868378.95,shares,0
2022-07-25,49.61,51.58,49.06,51.04,49.82,3049029,155140282.03,shares,0
2022-07-26,51.17,53.38,50.2,53.14,51.04,4198503,219756849.9,shares,0
2022-07-27,52.84,53.78,52.28,53.11,53.14,2464075,130899392.22,shares,0
2022-07-28,53.58,55.83,53.14,55.49,53.11,3705246,203917473.81,shares,0
2022-07-29,55.49,56.49,54.49,54.83,55.49,3400692,188186879.84,shares,0
2022-08-01,54.24,57.45,52.28,57.3,54.83,4224958,235498254.55,shares,0
2022-08-02,56.08,58.37,55.38,55.71,57.3,3819717,216357512.65,shares,0
2022-08-03,55.6,60.01,55.1,57.52,55.71,5317026,307151217.6,shares,0
2022-08-04,57.64,59.37,56.64,57.66,57.52,2905963,169185264.0,shares,0
2022-08-05,57.86,62.28,57.34,62.03,57.66,5651382,340959613.0,shares,0
2022-08-08,62.0,63.49,59.5,61.01,62.03,4826883,294280315.0,shares,0
2022-08-09,60.49,61.19,58.03,60.92,61.01,3306657,196245913.0,shares,0
2022-08-10,60.77,65.58,60.0,62.79,60.92,6529751,412501122.0,shares,0
2022-08-11,62.79,64.0,61.72,62.17,62.79,3257931,203769216.0,shares,0
2022-08-12,61.9,62.68,58.48,58.49,62.17,4330239,260399387.0,shares,0
2022-08-15,58.49,60.44,58.27,58.8,58.49,3335128,197400215.06,shares,0
2022-08-16,58.8,60.63,57.9,58.88,58.8,2426693,144408479.05,shares,0
2022-08-17,59.49,59.49,57.84,58.55,58.88,2511724,147422675.11,shares,0
2022-08-18,58.37,63.35,57.75,62.95,58.55,4356535,268321579.98,shares,0
2022-08-19,63.1,64.17,59.0,59.01,62.95,2885381,176187465.97,shares,0
2022-08-22,58.68,60.5,58.21,59.21,59.01,2325500,137807878.89,shares,0
2022-08-23,59.15,61.4,58.73,60.14,59.21,1991184,119706359.79,shares,0
2022-08-24,59.92,60.02,53.1,53.48,60.14,5612026,309142658.25,shares,0
2022-08-25,53.6,53.78,51.65,52.38,53.48,2220642,116877351.13,shares,0
2022-08-26,52.9,53.75,51.36,51.48,52.38,1834871,96047179.21,shares,0
2022-08-29,50.3,53.27,49.8,52.7,51.48,1785197,93130256.9,shares,0
2022-08-30,50.2,51.98,49.5,50.32,52.7,4109576,206849900.43,shares,0
2022-08-31,49.72,50.6,47.95,48.06,50.32,3081350,150236780.04,shares,0
2022-09-01,48.05,48.88,47.61,48.0,48.06,1972861,94929607.2,shares,0
2022-09-02,48.09,49.98,47.8,49.12,48.0,1754857,86178593.47,shares,0
2022-09-05,48.87,49.47,47.78,48.16,49.12,1447404,70143896.84,shares,0
2022-09-06,48.21,50.67,47.23,50.38,48.16,2455118,121229748.06,shares,0
2022-09-07,50.07,54.24,50.0,53.1,50.38,3498417,185518282.27,shares,0
2022-09-08,53.0,53.71,52.02,52.33,53.1,1343740,70883596.84,shares,0
2022-09-09,52.02,52.6,50.86,51.86,52.33,1240477,63874643.88,shares,0
2022-09-13,51.66,53.3,51.4,51.8,51.86,1160354,60461785.66,shares,0
2022-09-14,50.62,52.3,50.62,51.69,51.8,1181232,60773438.92,shares,0
2022-09-15,51.75,52.18,49.18,50.48,51.69,1735321,87283212.7,shares,0
2022-09-16,50.08,51.42,49.69,49.97,50.48,1441224,73026749.19,shares,0
2022-09-19,49.97,50.79,48.11,48.39,49.97,1230073,60307221.24,shares,0
2022-09-20,48.84,49.33,47.9,48.35,48.39,1027667,49862546.75,shares,0
2022-09-21,47.81,48.6,47.02,47.73,48.35,1024290,49066981.27,shares,0
2022-09-22,47.21,49.06,47.14,47.45,47.73,1182274,56863311.96,shares,0
2022-09-23,47.45,48.05,45.18,45.6,47.45,1860171,85878385.09,shares,0
2022-09-26,45.21,46.38,44.5,45.1,45.6,1106090,50225964.19,shares,0
2022-09-27,45.21,47.5,45.21,46.83,45.1,1363724,63680813.99,shares,0
2022-09-28,46.98,46.98,44.33,44.36,46.83,1091022,49617657.6,shares,0
2022-09-29,44.49,45.45,44.15,44.23,44.36,984964,43976475.27,shares,0
2022-09-30,44.15,44.58,41.01,41.09,44.23,2261783,95997176.18,shares,0
2022-10-10,41.38,41.95,39.25,39.67,41.09,1643757,66539537.69,shares,0
2022-10-11,40.05,40.56,37.9,38.27,39.67,1478991,57129572.68,shares,0
2022-10-12,38.27,41.0,38.05,40.75,38.27,1728914,68125467.47,shares,0
2022-10-13,40.81,42.34,40.52,40.78,40.75,1504597,62501371.83,shares,0
2022-10-14,41.62,41.96,40.58,41.8,40.78,1144772,47508053.48,shares,0
2022-10-17,41.54,43.18,41.5,42.85,41.8,1346127,57091253.14,shares,0
2022-10-18,43.2,44.0,42.3,42.38,42.85,1245307,53329070.08,shares,0
2022-10-19,42.34,42.69,41.44,41.67,42.38,983475,41349027.29,shares,0
2022-10-20,41.26,45.2,41.23,43.7,41.67,2472754,107210461.6,shares,0
2022-10-21,42.99,45.06,42.0,44.53,43.7,2413189,105765375.7,shares,0
2022-10-24,44.96,46.11,44.3,45.41,44.53,1945686,88435484.99,shares,0
2022-10-25,44.93,45.99,44.1,44.47,45.41,1242878,55675675.21,shares,0
2022-10-26,43.8,47.64,42.3,47.47,44.47,3764118,172923540.82,shares,0
2022-10-27,47.8,48.64,46.65,47.33,47.47,1972157,93327930.43,shares,0
2022-10-28,47.28,48.49,46.26,46.67,47.33,1997672,94724846.2,shares,0
2022-10-31,46.33,48.69,46.33,48.4,46.67,1825322,87885117.96,shares,0
2022-11-01,48.6,48.9,47.14,48.58,48.4,1549007,74452633.56,shares,0
2022-11-02,48.58,50.0,48.03,48.67,48.58,1448166,71167659.3,shares,0
2022-11-03,48.03,50.48,48.03,50.3,48.67,1995110,98739231.97,shares,0
2022-11-04,50.0,50.93,49.42,50.3,50.3,1608631,80752499.15,shares,0
2022-11-07,50.27,50.79,48.72,49.7,50.3,1366552,67959473.14,shares,0
2022-11-08,50.03,50.11,48.38,49.01,49.7,955022,46734263.07,shares,0
2022-11-09,49.06,49.78,47.7,48.42,49.01,1275246,62142587.76,shares,0
2022-11-10,48.35,49.1,46.58,46.66,48.42,1717318,81381509.27,shares,0
2022-11-11,48.65,48.77,46.82,46.82,46.66,1635061,78133499.43,shares,0
2022-11-14,46.91,47.9,46.0,46.27,46.82,1271389,59351444.76,shares,0
2022-11-15,46.27,49.89,46.27,49.52,46.27,2670839,129031726.82,shares,0
2022-11-16,49.43,51.0,48.7,49.0,49.52,1729617,85994638.52,shares,0
2022-11-17,49.3,50.8,47.4,50.52,49.0,2152717,105729939.74,shares,0
2022-11-18,50.29,51.17,48.3,48.3,50.52,1752185,86679262.23,shares,0
2022-11-21,48.0,49.24,47.5,47.96,48.3,883994,42597590.88,shares,0
2022-11-22,47.88,48.38,46.51,46.52,47.96,1927688,90977506.25,shares,0
2022-11-23,46.57,47.58,44.89,45.86,46.52,1344825,61541104.14,shares,0
2022-11-24,46.6,46.68,45.48,45.66,45.86,721512,33190282.85,shares,0
2022-11-25,45.2,46.75,44.72,44.78,45.66,914940,41452004.54,shares,0
2022-11-28,43.8,45.1,43.8,44.29,44.78,768370,34123125.31,shares,0
2022-11-29,44.0,45.37,44.0,45.1,44.29,848272,38100273.57,shares,0
2022-11-30,44.76,45.47,44.51,44.58,45.1,830082,37211179.47,shares,0
2022-12-01,45.3,45.87,44.8,45.11,44.58,952170,43169160.13,shares,0
2022-12-02,44.9,45.78,44.22,44.87,45.11,917117,41257357.98,shares,0
2022-12-05,45.11,45.4,44.08,44.66,44.87,941061,41915806.6,shares,0
2022-12-06,44.71,46.15,44.71,45.63,44.66,1258069,57172805.74,shares,0
2022-12-07,45.98,45.98,44.92,45.0,45.63,868009,39299335.72,shares,0
2022-12-08,45.01,45.09,43.9,44.15,45.0,737529,32673150.56,shares,0
2022-12-09,44.08,44.89,43.27,43.48,44.15,1602605,70364119.71,shares,0
2022-12-12,43.72,44.79,42.81,44.22,43.48,1254846,55194516.17,shares,0
2022-12-13,44.04,44.23,43.27,43.3,44.22,838277,36574994.47,shares,0
2022-12-14,45.8,45.99,44.07,44.09,43.3,2347828,105898823.05,shares,0
2022-12-15,44.1,47.53,43.52,45.8,44.09,3553152,164117756.64,shares,0
2022-12-16,46.12,46.12,43.5,43.98,45.8,2184741,97271315.68,shares,0
2022-12-19,43.87,44.21,42.34,42.42,43.98,1157323,49901930.89,shares,0
2022-12-20,42.43,43.2,41.81,42.12,42.42,795252,33658962.47,shares,0
2022-12-21,42.12,42.31,40.91,41.09,42.12,746046,30949189.24,shares,0
2022-12-22,41.1,41.84,40.05,40.21,41.09,861248,35108078.7,shares,0
2022-12-23,40.19,40.28,39.5,40.1,40.21,608936,24302526.66,shares,0
2022-12-26,40.86,41.6,40.21,41.25,40.1,1050440,43190999.92,shares,0
2022-12-27,41.24,42.78,40.65,42.08,41.25,1529040,63725326.83,shares,0
2022-12-28,41.73,42.2,41.17,41.32,42.08,499043,20755936.03,shares,0
2022-12-29,41.48,42.04,41.05,41.11,41.32,610243,25280559.69,shares,0
2022-12-30,41.6,41.62,40.7,40.8,41.11,559288,22978164.44,shares,0
2023-01-03,40.76,42.07,40.6,41.94,40.8,1097435,45623909.62,shares,0
2023-01-04,42.07,42.85,41.54,42.73,41.94,1229401,51969063.25,shares,0
2023-01-05,42.68,42.94,42.13,42.81,42.73,892670,38049070.4,shares,0
2023-01-06,42.81,44.15,42.48,43.33,42.81,1404920,61269887.06,shares,0
2023-01-09,43.4,44.24,42.6,42.76,43.33,1629448,70486422.75,shares,0
2023-01-10,42.81,44.43,42.76,43.38,42.76,1434298,62677674.77,shares,0
2023-01-11,43.38,44.59,43.1,43.63,43.38,1500147,65627833.4,shares,0
2023-01-12,43.63,43.95,43.01,43.31,43.63,697651,30239977.8,shares,0
2023-01-13,43.31,43.69,42.0,42.56,43.31,1078302,45876858.81,shares,0
2023-01-16,42.48,44.29,42.43,43.78,42.56,1379967,60100106.62,shares,0
2023-01-17,44.16,45.28,43.76,44.44,43.78,1522253,67884012.29,shares,0
2023-01-18,44.53,44.83,44.07,44.26,44.44,724939,32132369.87,shares,0
2023-01-19,44.02,45.41,43.92,45.37,44.26,1126366,50682548.98,shares,0
2023-01-20,45.5,45.81,44.71,45.13,45.37,1021261,46059509.61,shares,0
2023-01-30,45.83,45.89,44.89,45.13,45.13,1474261,66791755.49,shares,0
2023-01-31,45.15,45.34,44.02,44.22,45.13,1408088,62500078.72,shares,0
2023-02-01,44.49,45.69,44.23,45.3,44.22,1761694,79386993.2,shares,0
2023-02-02,45.3,46.47,45.3,45.58,45.3,1906378,87499794.47,shares,0
2023-02-03,45.18,46.29,44.58,45.31,45.58,1339801,60500653.89,shares,0
2023-02-06,45.19,45.7,44.33,45.1,45.31,1346161,60401038.81,shares,0
2023-02-07,45.05,45.35,44.66,45.16,45.1,904419,40676819.45,shares,0
2023-02-08,45.17,45.99,44.11,44.44,45.16,1645775,73560959.87,shares,0
2023-02-09,44.28,47.4,43.74,46.98,44.44,3340231,153108764.67,shares,0
2023-02-10,46.76,47.23,45.6,45.76,46.98,1904927,88149179.67,shares,0
2023-02-13,45.81,46.18,45.18,45.52,45.76,1536786,69873068.79,shares,0
2023-02-14,45.5,46.25,45.0,45.38,45.52,1158353,52701095.78,shares,0
2023-02-15,45.49,46.46,45.12,46.28,45.38,1884313,86400615.66,shares,0
2023-02-16,46.21,46.67,43.97,44.39,46.28,2351341,106731138.6,shares,0
2023-02-17,44.5,44.92,43.4,43.4,44.39,1554338,68296133.21,shares,0
2023-02-20,43.4,43.72,42.43,43.72,43.4,1786940,76987944.86,shares,0
2023-02-21,43.56,44.7,43.0,43.39,43.72,1654917,72548234.79,shares,0
2023-02-22,43.26,43.7,42.88,43.29,43.39,907246,39186227.35,shares,0
2023-02-23,43.45,43.65,42.77,43.0,43.29,1023515,44183852.45,shares,0
2023-02-24,43.17,43.69,42.82,43.07,43.0,1079007,46656368.79,shares,0
2023-02-27,42.65,43.04,42.08,42.24,43.07,967396,41128661.09,shares,0
2023-02-28,42.2,42.74,41.48,42.1,42.24,1479149,62009916.87,shares,0
2023-03-01,42.1,42.79,41.92,42.67,42.1,1201124,50834237.6,shares,0
2023-03-02,42.67,43.33,42.25,42.34,42.67,1066289,45481741.19,shares,0
2023-03-03,42.9,43.42,42.5,43.35,42.34,1872631,80697266.16,shares,0
2023-03-06,43.36,43.95,42.69,43.36,43.35,1477804,64103728.57,shares,0
2023-03-07,43.36,43.64,41.88,41.88,43.36,1475469,62956597.44,shares,0
2023-03-08,41.88,42.85,41.66,42.76,41.88,1098684,46679849.41,shares,0
2023-03-09,42.81,45.39,42.76,45.15,42.76,5299214,237082405.33,shares,0
2023-03-10,45.25,48.78,45.0,46.48,45.15,6735860,316065378.22,shares,0
2023-03-13,46.5,47.46,45.6,46.65,46.48,4265056,197195697.05,shares,0
2023-03-14,46.43,50.11,46.0,49.1,46.65,6615459,322307302.88,shares,0
2023-03-15,49.38,50.99,48.48,49.25,49.1,5960264,295962381.76,shares,0
2023-03-16,47.23,47.89,46.15,46.66,49.25,6025398,282962925.89,shares,0
2023-03-17,46.66,47.9,45.8,46.7,46.66,5064888,236405681.84,shares,0
2023-03-20,46.45,50.5,45.17,49.8,46.7,7926402,383089484.85,shares,0
2023-03-21,49.11,50.18,48.8,49.73,49.8,3779433,186730002.57,shares,0
2023-03-22,50.0,50.68,48.41,49.46,49.73,3130514,154203227.94,shares,0
2023-03-23,49.31,50.88,48.43,50.81,49.46,5325744,264387417.12,shares,0
2023-03-24,50.85,51.22,48.7,49.17,50.81,4331022,214769078.32,shares,0
2023-03-27,48.96,49.21,47.81,48.59,49.17,3314079,160891640.29,shares,0
2023-03-28,48.58,48.58,47.07,47.16,48.59,2336582,111272567.05,shares,0
2023-03-29,46.99,54.98,46.81,52.35,47.16,7844722,398816031.17,shares,0
2023-03-30,52.0,52.26,50.23,51.9,52.35,5549780,285398649.74,shares,0
2023-03-31,51.87,53.0,50.98,52.48,51.9,3673511,191360021.26,shares,0
2023-04-03,53.5,55.48,51.98,53.86,52.48,6857908,370648319.31,shares,0
2023-04-04,53.88,56.5,53.43,53.6,53.86,6451032,354063576.85,shares,0
2023-04-06,52.6,57.24,52.3,55.0,53.6,6495178,359321441.52,shares,0
2023-04-07,55.0,55.52,53.4,53.95,55.0,5099581,276249023.5,shares,0
2023-04-10,53.61,54.13,50.77,51.05,53.95,5789646,301985228.53,shares,0
2023-04-11,51.42,52.41,50.56,51.63,51.05,3554013,183061682.18,shares,0
2023-04-12,51.63,52.88,51.0,52.4,51.63,4253671,222385736.11,shares,0
2023-04-13,51.95,52.38,49.51,49.75,52.4,5284512,267443720.79,shares,0
2023-04-14,50.35,53.95,49.25,53.45,49.75,7147872,372302512.0,shares,0
2023-04-17,53.48,55.0,52.51,53.76,53.45,5618733,302006725.28,shares,0
2023-04-18,53.3,53.59,51.25,52.35,53.76,3976081,207426439.4,shares,0
2023-04-19,52.37,57.66,51.59,55.53,52.35,9861084,541600806.55,shares,0
2023-04-20,55.08,59.16,54.65,57.81,55.53,8632700,494317845.75,shares,0
2023-04-21,57.34,58.65,55.27,56.48,57.81,6951604,395210670.17,shares,0
2023-04-24,51.0,51.0,45.18,45.18,56.48,9222221,437818349.62,shares,0
2023-04-25,42.51,42.51,39.01,39.73,45.18,8563571,345270839.39,shares,0
2023-04-26,39.4,40.72,39.0,39.85,39.73,3823090,152745317.72,shares,0
2023-04-27,39.23,40.49,37.87,38.1,39.85,3873449,150868924.65,shares,0
2023-04-28,38.02,40.17,38.02,39.95,38.0,3524933,139075915.48,shares,0
2023-05-04,39.94,40.4,38.0,38.1,39.95,2738236,105908187.19,shares,0
2023-05-05,38.1,38.58,37.46,37.7,38.1,2379676,90266630.1,shares,0
2023-05-08,37.7,37.99,36.03,36.42,37.7,3807926,139541585.0,shares,0
2023-05-09,36.63,37.28,35.69,35.7,36.42,2277537,82507791.0,shares,0
2023-05-10,35.89,35.89,34.21,34.96,35.7,2971321,103283133.47,shares,0
2023-05-11,34.9,35.27,33.66,33.74,34.96,3043244,103758155.0,shares,0
2023-05-12,34.0,34.25,32.78,32.92,33.74,2582193,86158849.98,shares,0
2023-05-15,33.08,33.45,32.53,33.4,32.92,2379113,78572748.91,shares,0
2023-05-16,33.39,34.04,33.01,33.63,33.4,2667812,89444940.36,shares,0
2023-05-17,33.6,34.28,33.1,33.43,33.63,3060619,102941919.73,shares,0
2023-05-18,33.67,34.23,33.49,33.73,33.43,3588405,121408243.78,shares,0
2023-05-19,33.99,36.3,33.8,35.77,33.73,4613483,161926852.92,shares,0
2023-05-22,35.89,36.98,35.2,35.42,35.77,3300274,118061372.41,shares,0
2023-05-23,35.42,35.92,34.71,35.31,35.42,2355214,83313888.63,shares,0
2023-05-24,35.31,36.88,34.81,36.11,35.31,2833171,102226890.14,shares,0
2023-05-25,36.2,37.32,35.87,37.08,36.11,3545308,130415180.95,shares,0
2023-05-26,37.2,39.5,37.16,37.62,37.08,4463213,170185062.09,shares,0
2023-05-29,37.48,38.47,36.96,37.59,37.62,2670764,100215587.49,shares,0
2023-05-30,37.21,37.97,36.83,37.9,37.59,2151658,80372237.62,shares,0
2023-05-31,37.71,37.99,37.1,37.7,37.9,1920586,72130954.11,shares,0
2023-06-01,37.7,37.73,36.8,36.81,37.7,2824789,104749532.08,shares,0
2023-06-02,37.06,37.7,36.3,37.28,36.81,1989639,73966133.42,shares,0
2023-06-05,37.48,38.1,37.28,37.47,37.28,1747792,65921462.55,shares,0
2023-06-06,37.1,37.47,35.46,35.63,37.47,2307375,83478930.95,shares,0
2023-06-07,35.63,36.65,35.49,36.41,35.63,1721106,62338156.28,shares,0
2023-06-08,36.34,36.35,34.5,34.69,36.41,2340388,82175859.03,shares,0
2023-06-09,34.7,35.05,33.8,34.9,34.69,2441394,84059470.0,shares,0
2023-06-12,34.7,35.33,34.56,34.66,34.9,1524609,53241561.39,shares,0
2023-06-13,34.65,35.61,34.2,35.53,34.66,2294841,80509654.99,shares,0
2023-06-14,35.82,35.82,34.65,35.12,35.53,2059806,72291944.79,shares,0
2023-06-15,35.19,35.2,34.48,34.61,35.12,1763222,61218411.13,shares,0
2023-06-16,34.63,34.88,33.8,33.94,34.61,4017526,137208295.78,shares,0
2023-06-19,33.98,35.18,33.6,34.97,33.94,3137120,108684282.3,shares,0
2023-06-20,34.75,35.29,34.3,34.34,34.97,2700426,93321426.29,shares,0
2023-06-21,34.33,34.34,32.58,32.6,34.34,3970543,131608714.09,shares,0
2023-06-26,32.55,32.6,30.65,31.05,32.6,4187814,131257640.36,shares,0
2023-06-27,31.14,31.52,30.81,31.11,31.05,1960082,60991605.5,shares,0
2023-06-28,31.3,31.3,30.03,30.65,31.11,2424823,74302746.25,shares,0
2023-06-29,30.7,31.4,30.52,30.95,30.65,1961691,60959593.42,shares,0
2023-06-30,30.79,31.85,30.7,31.58,30.95,1705926,53531104.7,shares,0
2023-07-03,31.82,32.37,31.66,31.85,31.58,1894756,60537892.24,shares,0
2023-07-04,32.08,33.15,31.54,33.0,31.85,2875413,93525001.56,shares,0
2023-07-05,33.02,33.42,32.54,32.7,33.0,2246225,74069019.53,shares,0
2023-07-06,32.86,33.32,32.46,32.93,32.7,1449973,47746335.07,shares,0
2023-07-07,32.72,32.75,31.96,32.23,32.93,1700693,54785311.25,shares,0
2023-07-10,32.22,32.79,32.0,32.21,32.23,1549712,50086524.49,shares,0
2023-07-11,32.44,33.66,32.22,33.38,32.21,2388901,78923798.39,shares,0
2023-07-12,33.21,33.4,32.58,32.63,33.38,1684494,55625099.39,shares,0
2023-07-13,32.63,34.49,32.53,34.39,32.63,4086620,138709695.39,shares,0
2023-07-14,34.63,38.9,34.5,38.33,34.39,9383859,351795264.99,shares,0
2023-07-17,37.85,38.71,36.0,36.99,38.33,6108459,225871356.76,shares,0
2023-07-18,36.99,38.5,36.6,37.02,36.99,4433702,166550556.6,shares,0
2023-07-19,36.8,37.6,36.4,36.48,37.02,2420054,89098911.47,shares,0
2023-07-20,36.38,36.85,35.08,35.16,36.48,2942316,105053699.14,shares,0
2023-07-21,35.34,35.85,34.38,35.02,35.16,2127827,74639925.7,shares,0
2023-07-24,34.74,35.06,34.12,34.25,35.02,1618186,55615397.93,shares,0
2023-07-25,34.69,34.95,34.2,34.42,34.25,2277364,78477503.67,shares,0
2023-07-26,34.35,34.39,33.6,33.82,34.42,1897483,64389823.02,shares,0
2023-07-27,33.83,33.83,32.38,32.61,33.82,2607115,85773744.76,shares,0
2023-07-28,32.76,33.36,32.48,33.15,32.61,1897740,62669465.37,shares,0
2023-07-31,33.39,33.48,32.97,33.26,33.15,1693927,56279365.81,shares,0
2023-08-01,33.31,33.39,32.65,32.83,33.26,1647515,54287656.6,shares,0
2023-08-02,32.68,33.18,32.62,33.11,32.83,1411359,46481228.74,shares,0
2023-08-03,33.02,33.1,32.11,32.6,33.11,2477614,80557185.98,shares,0
2023-08-04,32.7,33.05,32.4,32.47,32.6,1503644,49130653.73,shares,0
2023-08-07,32.6,32.94,31.72,31.9,32.47,2286922,73408553.11,shares,0
2023-08-08,32.0,32.09,31.46,31.64,31.9,1462648,46295220.48,shares,0
2023-08-09,31.35,31.77,31.18,31.5,31.64,1047530,32975694.61,shares,0
2023-08-10,31.14,31.9,31.13,31.62,31.5,793696,25083390.15,shares,0
2023-08-11,32.07,32.11,30.86,30.86,31.62,1688941,52910885.42,shares,0
2023-08-14,30.51,31.0,30.31,30.92,30.86,1178860,36118729.67,shares,0
2023-08-15,30.95,31.14,30.31,30.54,30.92,1317674,40377816.22,shares,0
2023-08-16,30.5,31.0,30.06,30.07,30.54,1283871,39107974.65,shares,0
2023-08-17,30.07,30.78,29.8,30.46,30.07,1665938,50415973.63,shares,0
2023-08-18,31.29,31.31,30.54,30.54,30.46,2168165,67134871.89,shares,0
2023-08-21,30.54,30.76,29.59,29.65,30.54,1447753,43565894.43,shares,0
2023-08-22,29.78,30.04,28.65,29.85,29.65,2358342,69376864.95,shares,0
2023-08-23,29.83,29.85,28.9,28.92,29.85,1284157,37672039.02,shares,0
2023-08-24,28.85,29.6,28.38,28.9,28.92,1779984,51655163.68,shares,0
2023-08-25,28.89,28.96,27.7,27.9,28.9,2404610,67912821.69,shares,0
2023-08-28,29.0,29.5,25.4,25.75,27.9,6163096,165377938.77,shares,0
2023-08-29,25.85,27.96,25.75,27.86,25.75,4571373,123794715.95,shares,0
2023-08-30,27.99,30.19,27.99,29.85,27.86,4582368,134415813.09,shares,0
2023-08-31,29.68,31.08,29.31,30.54,29.85,3961450,120783114.78,shares,0
2023-09-01,30.53,30.99,29.8,30.21,30.54,2071798,62520389.74,shares,0
2023-09-04,30.2,30.5,29.5,30.11,30.21,1899130,56714139.25,shares,0
2023-09-05,30.0,30.99,30.0,30.42,30.11,2056929,62799500.19,shares,0
2023-09-06,30.31,32.25,30.09,32.12,30.42,4431255,139952628.93,shares,0
2023-09-07,32.05,32.05,30.45,30.54,32.12,3038443,94782217.52,shares,0
2023-09-08,30.17,33.09,30.17,32.38,30.54,4414862,142073254.21,shares,0
2023-09-11,32.23,32.24,30.86,31.0,32.38,5980944,187515407.94,shares,0
2023-09-12,31.15,31.88,30.96,31.45,31.0,5642486,177500677.69,shares,0
2023-09-13,31.55,31.72,30.5,30.92,31.45,2491790,77184933.69,shares,0
2023-09-14,31.38,31.38,30.28,30.95,30.92,2091027,64104374.93,shares,0
2023-09-15,30.87,33.1,30.65,32.0,30.95,3863125,123081276.28,shares,0
2023-09-18,31.68,31.89,31.07,31.46,32.0,2659226,83568748.79,shares,0
2023-09-19,31.32,32.4,30.9,31.77,31.46,2345235,74301203.07,shares,0
2023-09-20,31.65,31.98,30.81,31.01,31.77,2380997,74361706.35,shares,0
2023-09-21,31.08,31.08,30.38,30.66,31.01,1537099,47169033.14,shares,0
2023-09-22,30.73,31.09,29.8,30.91,30.66,2385261,72437128.52,shares,0
2023-09-25,30.81,31.2,30.29,30.58,30.91,1988855,61046451.81,shares,0
2023-09-26,30.33,30.73,29.89,29.93,30.58,1269266,38222340.68,shares,0
2023-09-27,30.0,30.65,29.7,29.9,29.93,1314714,39540674.65,shares,0
2023-09-28,29.73,30.85,29.73,30.47,29.9,1356346,41114327.38,shares,0
2023-10-09,30.25,30.65,29.9,30.05,30.47,1290016,38933173.43,shares,0
2023-10-10,30.09,30.86,30.09,30.35,30.05,1129141,34487182.69,shares,0
2023-10-11,30.16,31.38,30.0,31.1,30.35,1679594,51927422.3,shares,0
2023-10-12,31.14,31.59,30.6,31.34,31.1,1763979,54830730.1,shares,0
2023-10-13,31.41,31.53,30.92,31.06,31.34,1122609,35050016.24,shares,0
2023-10-16,31.15,31.24,29.68,29.85,31.06,1621687,48993368.44,shares,0
2023-10-17,30.0,30.2,29.33,30.08,29.85,1171055,34889068.89,shares,0
2023-10-18,30.22,30.36,29.32,29.32,30.08,1042582,30927356.6,shares,0
2023-10-19,29.32,30.78,28.64,29.8,29.32,1752280,52833646.82,shares,0
2023-10-20,29.63,30.13,28.9,29.01,29.8,1187426,34762203.71,shares,0
2023-10-23,29.01,29.26,27.66,27.96,29.01,1132582,31910882.88,shares,0
2023-10-24,28.33,30.5,27.6,29.88,27.96,2263090,66842222.78,shares,0
2023-10-25,30.01,30.4,29.3,30.0,29.88,1275714,38030841.0,shares,0
2023-10-26,29.58,30.27,29.01,30.1,30.0,1152747,34287348.8,shares,0
2023-10-27,29.94,30.25,29.63,30.12,30.1,1943413,58216702.41,shares,0
2023-10-30,29.66,31.57,29.3,31.42,30.12,2592362,80013222.5,shares,0
2023-10-31,31.68,31.72,31.01,31.5,31.42,1740175,54657229.5,shares,0
2023-11-01,31.57,31.68,31.02,31.04,31.5,1161770,36309533.59,shares,0
2023-11-02,31.39,31.39,30.46,30.57,31.04,1201050,36905403.31,shares,0
2023-11-03,30.65,32.0,30.65,31.78,30.57,2192176,69165649.24,shares,0
2023-11-06,31.99,32.67,31.77,32.35,31.78,2049057,66195086.98,shares,0
2023-11-07,32.23,32.58,31.91,32.19,32.35,1503863,48462328.24,shares,0
2023-11-08,32.23,33.62,31.92,33.05,32.19,3683754,121067629.93,shares,0
2023-11-09,33.07,34.86,32.98,34.42,33.05,4889145,167822452.6,shares,0
2023-11-10,34.1,36.0,33.76,33.76,34.42,4174085,144610326.5,shares,0
2023-11-13,33.94,34.39,33.17,33.74,33.76,3076541,103617511.11,shares,0
2023-11-14,33.86,34.88,33.45,34.58,33.74,2447966,84168074.22,shares,0
2023-11-15,34.7,34.9,33.81,33.96,34.58,2327710,79589885.5,shares,0
2023-11-16,33.52,34.41,33.52,34.15,33.96,2328079,79533415.43,shares,0
2023-11-17,34.04,37.19,33.9,35.88,34.15,5052413,181337525.44,shares,0
2023-11-20,39.4,39.98,37.68,38.05,35.88,11532165,445063150.08,shares,0
2023-11-21,38.09,39.69,36.66,38.93,38.05,7177874,274198750.21,shares,0
2023-11-22,38.3,38.8,36.87,36.88,38.93,4871516,182460172.86,shares,0
2023-11-23,36.63,37.21,35.67,37.09,36.88,2520475,91756791.65,shares,0
2023-11-24,36.66,36.82,34.71,34.87,37.09,2882323,102181971.34,shares,0
2023-11-27,34.84,35.49,34.57,35.23,34.87,2128682,74600738.84,shares,0
2023-11-28,35.23,37.08,34.56,36.88,35.23,3356363,121536058.8,shares,0
2023-11-29,37.06,39.38,36.8,38.69,36.88,4643964,177968448.3,shares,0
2023-11-30,38.51,38.51,37.38,37.71,38.69,2116129,79839185.87,shares,0
2023-12-01,37.49,38.65,36.83,38.5,37.71,1826395,68650772.18,shares,0
2023-12-04,38.05,38.11,36.19,36.35,38.5,2511293,92812127.01,shares,0
2023-12-05,36.36,36.9,34.5,34.97,36.35,2319869,82733834.89,shares,0
2023-12-06,34.73,35.55,34.5,35.01,34.97,1897893,66325549.21,shares,0
2023-12-07,35.01,35.5,34.74,34.86,35.01,1084397,38020473.36,shares,0
2023-12-08,34.8,35.7,34.78,34.88,34.86,1620440,57006614.67,shares,0
2023-12-11,34.59,35.46,33.94,35.18,34.88,1411753,48755098.08,shares,0
2023-12-12,35.14,35.58,34.67,34.76,35.18,1228788,43001771.93,shares,0
2023-12-13,34.95,34.99,34.0,34.3,34.76,1070515,36819144.5,shares,0
2023-12-14,34.6,36.08,34.31,35.53,34.3,2862172,101427772.46,shares,0
2023-12-15,35.53,35.54,34.66,34.91,35.53,1342207,46883053.45,shares,0
2023-12-18,34.57,34.8,33.77,33.86,34.91,1159873,39581462.92,shares,0
2023-12-19,33.79,35.49,33.7,35.0,33.86,1387836,48323492.76,shares,0
2023-12-20,35.09,35.27,34.42,34.52,35.0,881530,30668442.53,shares,0
2023-12-21,34.27,35.52,34.0,34.87,34.52,1071875,37271252.48,shares,0
2023-12-22,35.22,35.22,33.8,33.96,34.87,1162299,39745094.58,shares,0
2023-12-25,33.35,34.75,33.34,34.01,33.96,882640,30000199.86,shares,0
2023-12-26,33.86,34.33,32.73,32.9,34.01,1207907,40054583.05,shares,0
2023-12-27,33.26,33.85,32.84,33.5,32.9,1181354,39514082.47,shares,0
2023-12-28,33.49,35.0,33.0,34.33,33.5,1534153,52315703.86,shares,0
2023-12-29,34.33,35.69,34.1,35.29,34.33,1509102,52733689.56,shares,0
2024-01-02,35.29,35.3,33.7,33.71,35.29,1520051,51840307.44,shares,0
2024-01-03,33.76,34.0,33.25,33.55,33.71,774603,25985068.11,shares,0
2024-01-04,33.55,33.55,31.66,32.0,33.55,2165416,69912490.96,shares,0
2024-01-05,31.87,32.48,31.31,31.49,32.0,1199504,38110639.2,shares,0
2024-01-08,31.44,31.95,31.05,31.41,31.49,1161479,36686632.36,shares,0
2024-01-09,31.84,31.84,30.81,31.42,31.41,1066893,33293158.86,shares,0
2024-01-10,31.16,31.54,30.31,31.09,31.42,1240650,38280373.74,shares,0
2024-01-11,31.13,31.53,30.92,31.27,31.09,878017,27420453.48,shares,0
2024-01-12,31.31,31.35,30.58,30.68,31.27,585890,18123491.92,shares,0
2024-01-15,30.5,31.12,29.88,30.04,30.68,1943718,58815526.82,shares,0
2024-01-16,30.26,30.34,29.71,30.04,30.04,1059225,31737202.78,shares,0
2024-01-17,29.67,30.25,28.85,28.9,30.04,1062163,31257211.85,shares,0
2024-01-18,28.76,29.59,28.32,29.46,28.9,1504992,43513705.52,shares,0
2024-01-19,29.49,29.99,28.93,29.05,29.46,694275,20369945.29,shares,0
2024-01-22,28.83,29.08,26.62,27.0,29.05,1326459,36899417.64,shares,0
2024-01-23,26.87,27.45,26.51,27.05,27.0,1580631,42635336.91,shares,0
2024-01-24,27.32,27.49,25.88,27.16,27.05,1260505,33522480.88,shares,0
2024-01-25,27.38,27.99,26.6,27.37,27.16,1570449,42911984.3,shares,0
2024-01-26,27.37,27.75,26.21,26.37,27.37,1183329,31700111.04,shares,0
2024-01-29,26.37,26.76,24.8,24.85,26.37,1666895,42226326.78,shares,0
2024-01-30,21.02,23.59,21.02,22.8,24.85,4496051,103321718.26,shares,0
2024-01-31,23.15,23.55,21.0,21.02,22.8,2905726,63264749.15,shares,0
2024-02-01,21.44,21.82,20.08,20.43,21.02,3985645,82104906.84,shares,0
2024-02-02,20.55,20.7,17.98,18.82,20.43,5277474,101167572.06,shares,0
2024-02-05,18.6,18.8,15.47,15.53,18.82,6904928,113268406.84,shares,0
2024-02-06,15.52,16.08,13.94,15.91,15.53,6609841,99374427.02,shares,0
2024-02-07,16.15,16.54,14.39,15.07,15.91,5844499,90490674.64,shares,0
2024-02-08,15.15,17.63,14.5,17.57,15.07,5737876,92367016.67,shares,0
2024-02-19,17.71,18.35,17.49,18.08,17.57,5676799,101828164.04,shares,0
2024-02-20,17.97,18.39,17.36,18.16,18.08,3120434,55542224.58,shares,0
2024-02-21,18.14,19.08,17.73,18.2,18.16,4563366,84636519.62,shares,0
2024-02-22,18.13,19.34,18.13,19.34,18.2,4296131,81635504.52,shares,0
2024-02-23,19.48,21.05,19.41,20.89,19.34,5294991,107894224.4,shares,0
2024-02-26,20.91,21.61,20.18,21.01,20.89,5615324,117009908.58,shares,0
2024-02-27,20.9,21.99,20.5,21.99,21.01,4286912,91206637.78,shares,0
2024-02-28,21.94,22.56,19.3,19.65,21.99,6557036,137841993.54,shares,0
2024-02-29,19.5,22.3,19.38,21.24,19.65,7096367,149826719.32,shares,0
2024-03-01,21.35,21.85,21.05,21.68,21.24,3834302,82408760.69,shares,0
2024-03-04,21.84,21.84,20.65,21.55,21.68,3578592,76277647.54,shares,0
2024-03-05,21.21,21.61,20.65,20.79,21.55,2867381,60464848.8,shares,0
2024-03-06,20.8,21.19,20.1,20.64,20.79,2522340,51947498.47,shares,0
2024-03-07,20.59,21.18,20.02,20.02,20.64,2255349,46333669.57,shares,0
2024-03-08,20.02,20.94,19.95,20.4,20.02,3265017,66710512.21,shares,0
2024-03-11,20.45,20.76,20.06,20.69,20.4,2354532,48049018.34,shares,0
2024-03-12,20.84,21.81,20.67,21.57,20.69,4080678,87084586.35,shares,0
2024-03-13,21.65,23.23,21.65,22.38,21.57,6197419,139361006.57,shares,0
2024-03-14,22.19,22.41,20.96,21.27,22.38,4897772,105123144.64,shares,0
2024-03-15,21.6,21.6,20.8,21.38,21.27,2783864,58701382.96,shares,0
2024-03-18,21.67,21.89,21.07,21.88,21.38,3396922,73313462.11,shares,0
2024-03-19,21.84,22.79,21.71,22.27,21.88,4614269,102980499.38,shares,0
2024-03-20,22.3,23.15,21.88,22.95,22.27,4168166,94371167.54,shares,0
2024-03-21,24.2,24.66,22.6,23.16,22.95,6466310,152421185.14,shares,0
2024-03-22,23.79,24.09,22.36,22.43,23.16,5331089,123381598.57,shares,0
2024-03-25,22.27,22.52,20.88,21.05,22.43,4217555,91424279.95,shares,0
2024-03-26,21.0,21.67,20.33,20.67,21.05,3293779,68887047.41,shares,0
2024-03-27,20.51,20.64,19.28,19.28,20.67,2810383,55675978.36,shares,0
2024-03-28,19.41,20.13,19.23,19.83,19.28,3455787,67870897.4,shares,0
2024-03-29,19.81,20.2,19.08,19.79,19.83,3405046,66418113.31,shares,0
2024-04-01,19.64,20.76,19.55,20.58,19.79,3095302,62555094.24,shares,0
2024-04-02,20.58,20.6,19.96,20.3,20.58,2647286,53751575.39,shares,0
2024-04-03,20.5,20.5,19.42,19.95,20.3,2376161,47229222.31,shares,0
2024-04-08,20.08,20.08,18.88,18.96,19.95,2425970,46798821.6,shares,0
2024-04-09,18.98,19.49,18.79,19.42,18.96,1858006,35690300.59,shares,0
2024-04-10,19.38,19.42,18.2,18.54,19.42,2354544,43888943.55,shares,0
2024-04-11,18.2,18.88,17.98,18.53,18.54,4678897,86423120.37,shares,0
2024-04-12,18.28,18.97,18.23,18.5,18.53,3154726,58555146.21,shares,0
2024-04-15,18.43,18.73,16.66,17.0,18.5,4221413,73370923.42,shares,0
2024-04-16,17.04,17.04,15.3,15.46,17.0,5467109,85981425.4,shares,0
2024-04-17,15.46,17.24,15.46,16.87,15.46,4716463,78819774.82,shares,0
2024-04-18,16.88,17.3,16.26,16.8,16.87,3139809,52782829.69,shares,0
2024-04-19,16.77,16.98,16.28,16.4,16.8,1963478,32343518.91,shares,0
2024-04-22,16.2,16.49,15.44,16.15,16.4,2255516,36191460.05,shares,0
2024-04-23,16.1,16.66,15.97,16.56,16.15,2188355,36092728.91,shares,0
2024-04-24,16.56,17.06,16.4,16.96,16.56,2058062,34730059.87,shares,0
2024-04-25,16.85,17.38,16.69,17.05,16.96,2330101,39888240.6,shares,0
2024-04-26,18.08,19.87,17.9,19.46,17.05,6999424,132863001.86,shares,0
2024-04-29,19.36,20.39,19.19,20.2,19.46,5168168,102502426.02,shares,0
2024-04-30,20.11,21.04,20.0,20.6,20.2,4839996,99395429.06,shares,0
2024-05-06,20.68,21.19,20.51,20.69,20.6,3201733,66526238.66,shares,0
2024-05-07,20.47,20.98,20.45,20.88,20.69,2416550,50281971.56,shares,0
2024-05-08,20.95,21.1,20.23,20.45,20.88,2593324,53396083.27,shares,0
2024-05-09,20.8,21.1,20.49,20.95,20.45,2556533,53122571.62,shares,0
2024-05-10,21.1,21.25,20.2,20.29,20.95,2270599,46698668.31,shares,0
2024-05-13,20.1,20.11,19.13,19.36,20.29,3942198,76880762.11,shares,0
2024-05-14,19.48,19.85,19.25,19.49,19.36,2181068,42651112.5,shares,0
2024-05-15,19.43,19.85,19.15,19.35,19.49,1348786,26347334.38,shares,0
2024-05-16,19.52,19.96,19.45,19.54,19.35,2321668,45797108.32,shares,0
2024-05-17,19.42,20.38,19.25,20.37,19.54,2406654,47982068.2,shares,0
2024-05-20,20.37,20.59,19.97,20.1,20.37,1731209,34949704.86,shares,0
2024-05-21,19.9,20.19,19.69,20.03,20.1,1360609,27165469.96,shares,0
2024-05-22,19.88,20.55,19.72,20.43,20.03,2031215,41066811.78,shares,0
2024-05-23,20.9,20.93,20.06,20.07,20.43,1940513,39407447.13,shares,0
2024-05-24,20.22,20.35,19.3,19.39,20.07,2044818,40376000.22,shares,0
2024-05-27,19.49,20.25,18.93,20.17,19.39,3693740,72854773.06,shares,0
2024-05-28,20.1,21.66,19.87,20.61,20.17,4686566,97877398.57,shares,0
2024-05-29,20.52,21.12,20.49,20.63,20.61,2679448,55639551.46,shares,0
2024-05-30,20.38,21.13,20.1,21.05,20.63,3416185,71138867.99,shares,0
2024-05-31,20.91,21.55,20.85,21.15,21.05,2703892,57194928.35,shares,0
2024-06-03,20.99,21.8,20.98,21.45,21.15,4523269,96874849.01,shares,0
2024-06-04,20.88,21.04,19.91,20.48,21.45,5328178,108271689.98,shares,0
2024-06-05,20.37,20.9,20.02,20.13,20.48,3252549,66605451.04,shares,0
2024-06-06,20.68,21.59,19.26,19.32,20.13,4754477,96448777.91,shares,0
2024-06-07,19.67,20.2,19.0,19.27,19.32,3809466,74712093.19,shares,0
2024-06-11,19.26,20.51,19.03,20.45,19.27,4521744,89679215.07,shares,0
2024-06-12,20.44,20.79,20.19,20.35,20.45,3258256,66644658.13,shares,0
2024-06-13,20.36,21.97,20.36,21.25,20.35,5863366,124080113.64,shares,0
2024-06-14,21.2,21.5,20.56,21.46,21.25,4379097,92416770.45,shares,0
2024-06-17,21.2,21.55,21.01,21.34,21.46,3642585,77652744.15,shares,0
2024-06-18,21.24,21.82,21.21,21.65,21.34,4212252,90584883.82,shares,0
2024-06-19,21.55,21.85,21.0,21.36,21.65,3664337,78222621.87,shares,0
2024-06-20,21.35,23.07,21.16,22.01,21.36,7280232,162231433.42,shares,0
2024-06-21,21.89,22.02,21.21,21.85,22.01,3819342,82869933.35,shares,0
2024-06-24,21.7,21.92,20.04,20.2,21.85,5136606,107542631.7,shares,0
2024-06-25,20.2,20.46,18.93,19.06,20.2,4823760,94375861.3,shares,0
2024-06-26,19.0,19.92,18.7,19.87,19.06,3601126,69895217.79,shares,0
2024-06-27,19.78,20.06,19.06,19.08,19.87,2651003,51868632.72,shares,0
2024-06-28,19.12,19.82,18.95,19.27,19.08,2619048,50866100.59,shares,0
2024-07-01,19.35,19.57,18.32,18.8,19.27,4040119,76223849.94,shares,0
2024-07-02,18.9,18.99,18.32,18.4,18.8,2372181,44197795.8,shares,0
2024-07-03,18.4,18.85,18.15,18.46,18.4,2682166,49476144.6,shares,0
2024-07-04,18.54,18.69,17.59,17.67,18.46,2487943,44766889.74,shares,0
2024-07-05,17.58,17.81,17.26,17.59,17.67,2628964,46049934.08,shares,0
2024-07-08,17.6,17.93,17.2,17.22,17.59,2353237,41089689.14,shares,0
2024-07-09,17.2,18.3,17.18,18.28,17.22,2984945,53171851.37,shares,0
2024-07-10,18.01,18.49,18.01,18.22,18.28,2423189,44357462.43,shares,0
2024-07-11,18.61,19.1,18.45,19.04,18.22,3780781,71263589.54,shares,0
2024-07-12,19.03,19.14,18.67,18.92,19.04,2507557,47321826.75,shares,0
2024-07-15,19.1,19.27,18.52,18.6,18.92,1937239,36449620.87,shares,0
2024-07-16,18.49,19.12,18.22,19.08,18.6,2495819,46737715.45,shares,0
2024-07-17,18.89,19.18,18.66,18.68,19.08,2094712,39485126.89,shares,0
2024-07-18,18.52,18.56,17.7,18.26,18.68,2918807,52688498.68,shares,0
2024-07-19,18.21,19.23,18.0,18.93,18.26,3658847,68923993.82,shares,0
2024-07-22,19.01,19.22,18.86,19.11,18.93,2713725,51658453.6,shares,0
2024-07-23,18.93,19.06,17.82,17.9,19.11,2655706,48879502.55,shares,0
2024-07-24,18.36,18.55,17.13,17.2,17.9,4174819,73807843.4,shares,0
2024-07-25,17.2,17.49,16.71,17.15,17.2,2598289,44294309.0,shares,0
2024-07-26,17.19,17.4,16.87,17.23,17.15,2139375,36700866.92,shares,0
2024-07-29,17.23,17.23,16.46,16.58,17.23,3294061,55150689.14,shares,0
2024-07-30,16.5,17.06,16.3,16.88,16.58,2550814,42710516.55,shares,0
2024-07-31,17.0,18.05,16.63,17.98,16.88,3996233,70053194.06,shares,0
2024-08-01,18.0,18.69,17.9,18.36,17.98,4633893,84716471.27,shares,0
2024-08-02,18.15,18.4,17.5,17.52,18.36,3428570,61634567.2,shares,0
2024-08-05,17.41,17.5,16.44,16.44,17.52,3587847,60946081.2,shares,0
2024-08-06,16.77,16.93,16.5,16.86,16.44,2446119,40782723.96,shares,0
2024-08-07,16.72,17.18,16.72,16.9,16.86,1967030,33308994.57,shares,0
2024-08-08,14.0,16.95,14.0,16.56,16.9,2794446,45938863.87,shares,0
2024-08-09,16.9,16.98,16.39,16.4,16.56,2255866,37602247.15,shares,0
2024-08-12,16.25,16.59,15.94,16.16,16.4,1965099,31813195.57,shares,0
2024-08-13,16.18,16.3,15.93,16.21,16.16,1419104,22847568.3,shares,0
2024-08-14,16.25,16.48,16.11,16.11,16.21,1158822,18830065.04,shares,0
2024-08-15,16.05,16.45,15.88,16.09,16.11,1911371,30894749.87,shares,0
2024-08-16,16.12,16.42,16.09,16.12,16.09,2213031,35926698.21,shares,0
2024-08-19,16.33,16.41,15.63,15.63,16.12,3101140,49478394.51,shares,0
2024-08-20,15.63,15.67,14.97,15.05,15.63,2587940,39425602.69,shares,0
2024-08-21,14.97,15.19,14.82,14.87,15.05,1943820,29088772.96,shares,0
2024-08-22,14.87,14.99,14.66,14.7,14.87,1810893,26795476.52,shares,0
2024-08-23,14.8,14.8,14.36,14.5,14.7,2339849,34041589.86,shares,0
2024-08-26,14.45,15.12,14.45,14.83,14.5,1903666,28266887.07,shares,0
2024-08-27,14.8,15.03,14.43,14.52,14.83,2111263,30992472.11,shares,0
2024-08-28,14.46,14.78,14.32,14.5,14.52,1627396,23635070.28,shares,0
2024-08-29,14.34,14.97,14.32,14.84,14.5,2243448,33068998.6,shares,0
2024-08-30,14.85,15.72,14.76,15.43,14.84,2875548,44123572.44,shares,0
2024-09-02,15.36,15.86,14.93,14.97,15.43,2782675,42416749.67,shares,0
2024-09-03,14.83,15.38,14.79,15.23,14.97,1997891,30234397.21,shares,0
2024-09-04,14.93,15.35,14.86,15.16,15.23,1466200,22160895.34,shares,0
2024-09-05,15.32,15.36,15.01,15.15,15.16,1480431,22471914.89,shares,0
2024-09-06,15.3,15.3,14.61,14.7,15.15,1771168,26271036.31,shares,0
2024-09-09,14.71,14.84,14.43,14.54,14.7,1449926,21156058.75,shares,0
2024-09-10,14.47,14.82,14.29,14.7,14.54,1608342,23373789.91,shares,0
2024-09-11,14.6,14.79,14.45,14.6,14.7,1208524,17682427.2,shares,0
2024-09-12,14.67,14.9,14.43,14.43,14.6,1225757,17987854.42,shares,0
2024-09-13,14.43,14.49,14.0,14.0,14.43,1817127,25773775.03,shares,0
2024-09-18,14.14,14.18,13.64,13.9,14.0,1571893,21835900.49,shares,0
2024-09-19,14.0,14.44,13.78,14.23,13.9,1743088,24748010.5,shares,0
2024-09-20,14.32,14.38,13.87,14.0,14.23,1924711,27050951.79,shares,0
2024-09-23,14.14,14.18,13.83,13.96,14.0,1524401,21343345.91,shares,0
2024-09-24,14.08,14.76,13.95,14.74,13.96,3051265,43863222.05,shares,0
2024-09-25,15.12,15.35,14.86,14.89,14.74,3520599,53189687.78,shares,0
2024-09-26,14.89,15.63,14.84,15.63,14.89,2937161,44908998.49,shares,0
2024-09-27,15.76,17.09,15.76,17.0,15.63,2994261,49158896.81,shares,0
2024-09-30,18.08,20.37,17.67,20.25,17.0,8110759,154414389.88,shares,0
2024-10-08,24.3,24.3,23.22,24.3,20.25,10148035,244995280.59,shares,0
2024-10-09,23.5,26.56,22.64,23.43,24.3,17445227,428083871.25,shares,0
2024-10-10,24.3,24.32,22.0,22.49,23.43,7942259,182636643.96,shares,0
2024-10-11,22.0,22.25,20.1,20.38,22.49,7302831,153531095.44,shares,0
2024-10-14,20.64,21.21,19.6,21.16,20.38,7299655,149636657.07,shares,0
2024-10-15,21.19,21.87,20.5,20.62,21.16,5065261,107253536.02,shares,0
2024-10-16,20.05,20.56,19.82,20.02,20.62,4165879,83986211.28,shares,0
2024-10-17,20.23,20.6,20.01,20.09,20.02,3626676,73867455.4,shares,0
2024-10-18,20.06,22.5,19.95,21.8,20.09,7794202,166268893.45,shares,0
2024-10-21,22.83,23.77,22.05,23.22,21.8,10781834,248699905.05,shares,0
2024-10-22,23.5,23.51,22.6,23.08,23.22,6186346,142448273.77,shares,0
2024-10-23,23.31,23.35,22.5,22.55,23.08,6141551,140713508.09,shares,0
2024-10-24,22.67,23.15,22.21,22.86,22.55,4042965,91781115.86,shares,0
2024-10-25,22.86,24.68,22.7,24.22,22.86,8067721,190112468.24,shares,0
2024-10-28,25.23,28.65,25.23,26.24,24.22,14682635,389160325.76,shares,0
2024-10-29,26.56,26.85,25.23,25.26,26.24,8909613,230289649.6,shares,0
2024-10-30,25.17,25.55,24.39,24.9,25.26,5980869,148939649.77,shares,0
2024-10-31,24.91,26.3,24.65,25.98,24.9,8056946,207462225.5,shares,0
2024-11-01,25.66,26.05,23.96,23.99,25.98,7888107,195597994.25,shares,0
2024-11-04,23.76,24.85,23.76,24.58,23.99,4988517,122148448.23,shares,0
2024-11-05,24.58,26.0,24.3,25.93,24.58,6270885,159546085.67,shares,0
2024-11-06,26.11,26.5,25.32,25.79,25.93,6102218,158458119.32,shares,0
2024-11-07,25.65,26.5,25.43,26.42,25.79,4823727,125941849.19,shares,0
2024-11-08,27.5,28.45,26.9,26.98,26.42,8565932,236682681.35,shares,0
2024-11-11,27.5,30.0,27.5,29.95,26.98,11405507,333164094.04,shares,0
2024-11-12,30.46,30.46,28.8,29.2,29.95,7136627,209867853.09,shares,0
2024-11-13,28.94,29.7,28.48,29.69,29.2,5699284,166206612.51,shares,0
2024-11-14,29.51,29.69,28.1,28.15,29.69,4802494,138472781.99,shares,0
2024-11-15,28.14,28.78,27.04,27.21,28.15,4528056,125622118.13,shares,0
2024-11-18,27.2,27.58,25.83,26.39,27.21,4824699,127523273.86,shares,0
2024-11-19,26.5,27.87,26.02,27.85,26.39,4987004,134227851.78,shares,0
2024-11-20,27.52,27.96,27.28,27.69,27.85,3610256,99532533.33,shares,0
2024-11-21,27.46,27.9,26.58,27.22,27.69,3688848,100845982.67,shares,0
2024-11-22,26.99,27.55,25.02,25.08,27.22,5454759,142657539.33,shares,0
2024-11-25,25.88,25.88,24.51,25.4,25.08,3493688,87734914.76,shares,0
2024-11-26,25.15,25.88,24.99,25.08,25.4,2231994,56647026.23,shares,0
2024-11-27,24.85,25.57,23.91,25.53,25.08,4631793,114129069.86,shares,0
2024-11-28,25.53,26.17,25.14,25.36,25.53,3752318,96362369.4,shares,0
2024-11-29,25.27,26.21,24.76,25.8,25.36,3545302,90610644.16,shares,0
2024-12-02,25.74,26.21,25.6,26.02,25.8,3485519,90603300.9,shares,0
2024-12-03,26.64,27.17,26.09,26.38,26.02,4907809,130655467.38,shares,0
2024-12-04,26.78,27.35,25.64,25.77,26.38,4636947,122544782.22,shares,0
2024-12-05,25.55,26.23,25.33,25.85,25.77,3253316,84105054.62,shares,0
2024-12-06,25.8,26.25,25.28,25.86,25.85,3774095,97303684.83,shares,0
2024-12-09,25.85,25.91,25.18,25.62,25.86,2607118,66636139.13,shares,0
2024-12-10,27.0,27.01,25.92,25.96,25.62,3879419,102665389.18,shares,0
2024-12-11,25.96,26.5,25.82,26.28,25.96,3007903,78680245.91,shares,0
2024-12-12,26.34,26.44,25.79,26.11,26.28,2584712,67249156.18,shares,0
2024-12-13,26.11,26.38,25.58,26.02,26.11,3954004,102522484.37,shares,0
2024-12-16,25.96,26.08,24.83,25.06,26.02,3653305,93135542.22,shares,0
2024-12-17,25.11,25.23,24.27,24.34,25.06,2983054,73586820.52,shares,0
2024-12-18,24.35,25.2,23.8,24.93,24.34,2792918,68580634.97,shares,0
2024-12-19,24.61,25.09,24.34,24.95,24.93,2134196,52861816.52,shares,0
2024-12-20,25.08,26.3,24.83,25.93,24.95,4218394,108927142.34,shares,0
2024-12-23,26.04,26.07,24.38,24.43,25.93,3353242,83974476.68,shares,0
2024-12-24,24.77,24.92,23.93,24.65,24.43,2421399,59193436.48,shares,0
2024-12-25,24.58,24.9,24.13,24.6,24.65,2154525,52811032.02,shares,0
2024-12-26,24.7,25.1,24.38,24.91,24.6,1640694,40767968.06,shares,0
2024-12-27,24.91,25.49,24.6,24.67,24.91,2469246,61892392.89,shares,0
2024-12-30,24.49,24.8,23.81,24.41,24.67,1940173,47457772.38,shares,0
2024-12-31,24.55,24.78,23.45,23.45,24.41,2377696,56989452.84,shares,0
2025-01-02,23.45,23.74,22.4,22.61,23.45,2381852,54859967.44,shares,0
2025-01-03,22.68,22.98,21.55,21.61,22.61,2702959,60174192.49,shares,0
2025-01-06,21.51,21.97,21.0,21.4,21.61,2063506,44449060.07,shares,0
2025-01-07,21.44,22.12,21.36,22.12,21.4,2011099,43706012.96,shares,0
2025-01-08,22.12,22.2,21.05,22.02,22.12,2332846,50675494.16,shares,0
2025-01-09,22.02,22.35,21.77,22.01,22.02,1913832,42382023.43,shares,0
2025-01-10,22.02,22.48,21.4,21.4,22.01,1938302,42676931.61,shares,0
2025-01-13,21.36,22.03,20.77,21.79,21.4,2099147,45155007.09,shares,0
2025-01-14,21.79,22.88,21.72,22.88,21.79,2228711,49997924.74,shares,0
2025-01-15,22.88,23.05,22.53,22.68,22.88,2062917,46989273.45,shares,0
2025-01-16,22.68,23.28,22.42,22.74,22.68,1959037,44789329.93,shares,0
2025-01-17,22.74,23.69,22.31,23.43,22.74,2828852,65270647.46,shares,0
2025-01-20,23.48,23.65,22.97,23.39,23.43,2425093,56451859.97,shares,0
2025-01-21,23.55,23.67,22.96,23.44,23.39,2164780,50415146.28,shares,0
2025-01-22,23.58,23.79,23.12,23.43,23.44,1868273,43727259.38,shares,0
2025-01-23,23.6,23.94,23.38,23.53,23.43,2578424,60986740.75,shares,0
2025-01-24,23.41,23.78,23.25,23.78,23.53,2153536,50688226.62,shares,0
2025-01-27,23.5,23.6,22.78,23.1,23.78,3803750,88047109.54,shares,0
2025-02-05,23.44,23.65,22.93,23.01,23.1,3108860,72535795.75,shares,0
2025-02-06,23.0,23.95,22.78,23.88,23.01,3805804,89663896.6,shares,0
2025-02-07,24.01,24.26,23.48,23.78,23.88,4251596,101490650.39,shares,0
2025-02-10,23.78,24.15,23.6,24.09,23.78,3401351,81329694.87,shares,0
2025-02-11,24.14,24.14,23.51,23.6,24.09,3039992,71975727.28,shares,0
2025-02-12,23.61,24.07,23.41,24.07,23.6,3532402,83992525.29,shares,0
2025-02-13,24.07,24.14,23.47,23.53,24.07,2661315,63190880.3,shares,0
2025-02-14,23.69,23.75,23.21,23.4,23.53,2501661,58528852.42,shares,0
2025-02-17,23.48,23.68,23.1,23.33,23.4,2822245,65890393.85,shares,0
2025-02-18,23.39,23.64,22.29,22.41,23.33,3501745,80644568.71,shares,0
2025-02-19,22.5,23.56,22.23,23.56,22.41,4136083,95655926.67,shares,0
2025-02-20,23.38,23.7,23.3,23.53,23.56,2365923,55536376.83,shares,0
2025-02-21,23.9,24.28,23.36,24.24,23.53,4761845,114063265.95,shares,0
2025-02-24,24.49,25.07,24.39,24.87,24.24,6159353,152521772.33,shares,0
2025-02-25,24.43,25.23,24.4,24.9,24.87,4379732,108914507.74,shares,0
2025-02-26,25.05,25.77,24.66,25.54,24.9,4815386,122012553.28,shares,0
2025-02-27,25.54,26.06,24.89,25.73,25.54,4908654,125262480.69,shares,0
2025-02-28,25.38,25.68,24.16,24.3,25.73,4218150,104411910.56,shares,0
2025-03-03,24.4,25.0,24.04,24.5,24.3,3351394,82318303.93,shares,0
2025-03-04,24.16,25.14,24.07,25.03,24.5,3453881,85471632.23,shares,0
2025-03-05,25.2,25.21,24.28,24.66,25.03,3203003,79183929.8,shares,0
2025-03-06,24.73,25.5,24.7,25.03,24.66,3832709,96368562.71,shares,0
2025-03-07,25.1,25.48,24.71,24.88,25.03,3638190,91315334.61,shares,0
2025-03-10,24.68,25.07,24.51,24.67,24.88,2383913,59018416.07,shares,0
2025-03-11,24.59,24.83,24.34,24.72,24.67,2371481,58196369.86,shares,0
2025-03-12,24.66,24.98,24.63,24.71,24.72,2501692,62014212.91,shares,0
2025-03-13,24.75,24.77,23.79,23.98,24.71,2873556,69422220.56,shares,0
2025-03-14,23.98,24.48,23.74,24.44,23.98,2356394,57045724.24,shares,0
2025-03-17,24.6,24.62,24.19,24.44,24.44,2193814,53534742.9,shares,0
2025-03-18,24.51,25.25,24.46,25.01,24.44,3234458,80805487.17,shares,0
2025-03-19,24.99,25.17,24.68,24.86,25.01,2663077,66171037.97,shares,0
2025-03-20,24.86,25.35,24.62,24.86,24.86,2855105,71306338.84,shares,0
2025-03-21,24.89,24.89,24.06,24.19,24.86,2885026,70148214.19,shares,0
2025-03-24,24.2,24.36,23.17,23.68,24.19,2521710,59966071.29,shares,0
2025-03-25,23.66,23.96,23.33,23.5,23.68,1477277,34873873.52,shares,0
2025-03-26,23.5,24.02,23.5,23.73,23.5,1752342,41725282.86,shares,0
2025-03-27,23.7,24.49,23.17,23.88,23.73,3289926,78876538.03,shares,0
2025-03-28,24.0,25.56,24.0,24.17,23.88,5194811,128712873.57,shares,0
2025-03-31,24.03,24.23,23.0,23.39,24.17,3865022,91297704.48,shares,0
2025-04-01,23.43,24.4,23.4,24.14,23.39,3570490,85993160.23,shares,0
2025-04-02,23.94,24.75,23.94,24.49,24.14,2724942,66733171.6,shares,0
2025-04-03,24.26,24.72,23.44,23.71,24.49,2836848,68127443.13,shares,0
2025-04-07,22.02,22.62,18.97,19.3,23.71,5364213,109733085.22,shares,0
2025-04-08,19.28,20.63,19.03,19.64,19.3,4281636,84676278.02,shares,0
2025-04-09,19.24,20.96,18.36,20.76,19.64,5039012,101004654.83,shares,0
2025-04-10,21.5,22.0,21.21,21.33,20.76,4065708,87585612.71,shares,0
2025-04-11,21.21,23.88,21.15,22.81,21.33,7063080,160665601.11,shares,0
2025-04-14,23.45,23.48,22.76,22.97,22.81,3748971,86314732.73,shares,0
2025-04-15,22.83,23.2,22.64,22.9,22.97,2551763,58302064.42,shares,0
2025-04-16,22.74,23.13,22.01,22.4,22.9,2891909,65129405.18,shares,0
2025-04-17,22.06,24.05,22.06,23.4,22.4,5312786,124820878.71,shares,0
2025-04-18,23.33,23.37,22.65,22.8,23.4,3288908,75426810.37,shares,0
2025-04-21,22.8,23.99,22.67,23.55,22.8,4465451,105063565.7,shares,0
2025-04-22,23.4,24.29,23.34,24.02,23.55,4973135,118226663.14,shares,0
2025-04-23,24.11,24.11,23.63,23.92,24.02,3544798,84523596.87,shares,0
2025-04-24,23.97,24.05,23.42,23.71,23.92,2867131,68078466.76,shares,0
2025-04-25,23.77,25.36,23.44,25.29,23.71,7012867,173196992.13,shares,0
2025-04-28,26.0,27.83,25.7,26.9,25.29,12422704,335433170.81,shares,0
2025-04-29,27.2,28.42,26.86,27.55,26.9,10856434,300135909.19,shares,0
2025-04-30,27.22,29.45,27.22,28.64,27.55,10569925,303212007.67,shares,0
2025-05-06,28.64,28.79,27.85,28.62,28.64,8842758,250858307.03,shares,0
2025-05-07,28.93,30.65,28.71,28.93,28.62,12176310,360385936.66,shares,0
2025-05-08,28.65,30.0,28.51,29.37,28.93,8103678,238642439.9,shares,0
2025-05-09,29.42,29.68,28.27,28.91,29.37,6007624,172935993.71,shares,0
2025-05-12,28.93,29.35,28.32,28.71,28.91,5139780,147241452.06,shares,0
2025-05-13,29.0,29.13,28.31,28.44,28.71,4665642,133766804.67,shares,0
2025-05-14,28.44,28.78,27.71,27.94,28.44,5400189,151452415.69,shares,0
2025-05-15,28.15,28.39,27.23,27.61,27.94,5066586,140333312.99,shares,0
2025-05-16,27.49,28.23,27.44,27.8,27.61,4156828,116128795.17,shares,0
2025-05-19,28.21,28.5,27.71,27.97,27.8,4587478,128954395.67,shares,0
2025-05-20,28.05,28.45,27.37,28.17,27.97,3972961,110980691.75,shares,0
2025-05-21,28.17,28.27,27.58,27.88,28.17,2943641,82074367.33,shares,0
2025-05-22,27.9,28.25,27.17,27.18,27.88,3842789,106092030.48,shares,0
2025-05-23,27.15,27.29,26.7,26.7,27.18,3223419,86988946.54,shares,0
2025-05-26,26.77,26.99,26.48,26.67,26.7,2798045,74817028.68,shares,0
2025-05-27,26.66,26.98,26.5,26.78,26.67,2499517,66814715.19,shares,0
2025-05-28,26.85,26.99,26.35,26.49,26.78,2736300,72705742.65,shares,0
2025-05-29,26.48,27.1,26.48,27.04,26.49,3449027,92674579.41,shares,0
2025-05-30,26.85,26.96,26.13,26.25,27.04,3412928,90179067.41,shares,0
2025-06-03,26.38,27.28,26.22,27.03,26.25,4040466,108518142.01,shares,0
2025-06-04,27.02,27.45,26.82,27.02,27.03,3859429,104732234.83,shares,0
2025-06-05,27.05,27.64,26.86,27.53,27.02,3754549,102495605.35,shares,0
2025-06-06,27.54,28.1,27.31,27.4,27.46,3683739,101805852.6,shares,0
2025-06-09,27.69,27.76,27.11,27.42,27.4,2848340,78147440.91,shares,0
2025-06-10,27.54,27.64,26.27,26.71,27.42,4246704,113722006.99,shares,0
2025-06-11,26.69,27.09,26.67,26.77,26.71,2255544,60474786.03,shares,0
2025-06-12,26.41,26.91,26.41,26.72,26.77,1938937,51850601.38,shares,0
2025-06-13,26.67,26.85,26.11,26.39,26.72,2406680,63577606.09,shares,0
2025-06-16,26.35,27.15,26.2,26.58,26.39,3098637,82885833.85,shares,0
2025-06-17,26.9,28.17,26.79,27.98,26.58,7073390,195995269.33,shares,0
2025-06-18,27.78,28.75,27.68,28.25,27.98,6139274,172732660.21,shares,0
2025-06-19,28.38,28.68,27.87,28.02,28.25,4651706,131317762.61,shares,0
2025-06-20,28.18,29.3,28.13,28.5,28.02,5769827,165753000.57,shares,0
2025-06-23,28.21,29.76,28.21,29.51,28.5,6725462,197387896.33,shares,0
2025-06-24,29.75,29.89,29.21,29.67,29.51,4732098,139609355.73,shares,0
2025-06-25,29.89,30.29,29.15,30.02,29.67,6578696,195189247.57,shares,0
2025-06-26,29.91,30.0,29.18,29.3,30.02,4959168,146384587.02,shares,0
2025-06-27,29.59,29.6,28.97,29.03,29.3,4055963,118423125.99,shares,0
2025-06-30,29.2,31.85,29.08,31.77,29.03,12581277,387487815.44,shares,0
2025-07-01,31.5,32.54,31.25,32.09,31.77,10798758,345550551.39,shares,0
2025-07-02,31.81,33.05,31.69,32.5,32.09,9042150,293434952.79,shares,0
2025-07-03,32.42,32.49,31.61,32.45,32.5,5885957,188733830.34,shares,0
2025-07-04,32.29,32.4,31.04,31.78,32.45,6110861,193585317.32,shares,0
2025-07-07,31.88,32.3,31.3,31.62,31.78,3494882,110640437.76,shares,0
2025-07-08,32.0,32.5,31.66,32.23,31.62,5117853,163873169.9,shares,0
2025-07-09,32.2,33.5,31.88,32.21,32.23,5883609,191479567.29,shares,0
2025-07-10,32.45,32.82,31.76,32.51,32.21,4475098,144274555.85,shares,0
2025-07-11,32.3,32.48,31.51,32.04,32.51,4751958,151420611.15,shares,0
2025-07-14,32.34,34.24,32.05,33.58,32.04,7602444,254371159.98,shares,0
2025-07-15,33.62,33.62,31.22,31.27,33.58,10077686,324173365.55,shares,0
2025-07-16,31.18,31.72,30.7,31.4,31.27,5606961,175342571.43,shares,0
2025-07-17,31.4,31.55,31.15,31.38,31.4,3236746,101509007.69,shares,0
2025-07-18,31.43,33.15,31.43,32.46,31.38,6437581,209493948.61,shares,0
2025-07-21,32.16,32.6,31.91,32.19,32.46,4253011,137144505.27,shares,0
2025-07-22,32.19,32.89,32.0,32.17,32.19,3788000,122471375.52,shares,0
2025-07-23,32.3,32.94,32.01,32.47,32.17,4490425,145971080.78,shares,0
2025-07-24,32.48,33.23,32.2,32.55,32.47,4746168,154642871.24,shares,0
2025-07-25,32.59,32.95,31.65,32.85,32.55,5738123,185453174.77,shares,0
2025-07-28,33.02,33.17,32.43,32.95,32.85,5542739,181674282.31,shares,0
2025-07-29,32.8,33.49,32.61,33.16,32.95,6297984,208021697.74,shares,0
2025-07-30,33.2,33.2,31.9,32.33,33.16,5730339,186229933.65,shares,0
2025-07-31,32.28,33.3,31.95,32.18,32.33,6652729,216876017.93,shares,0
2025-08-01,32.45,32.51,31.8,31.94,32.18,3739462,120021644.15,shares,0
2025-08-04,31.7,32.19,31.5,32.15,31.94,3634999,115965787.67,shares,0
2025-08-05,32.27,32.99,31.83,32.58,32.15,4898652,158650168.23,shares,0
2025-08-06,32.38,33.09,32.26,33.09,32.58,4477532,146921194.47,shares,0
2025-08-07,33.58,36.8,33.18,36.05,33.09,14494141,512621490.91,shares,0
2025-08-08,35.88,35.89,34.31,34.36,36.05,8596482,298504558.94,shares,0
2025-08-11,34.38,34.9,34.0,34.58,34.36,6008789,207031373.14,shares,0
2025-08-12,34.32,35.24,33.68,34.96,34.58,8066546,277369715.2,shares,0
2025-08-13,34.75,35.14,34.3,34.78,34.96,6008470,208700432.9,shares,0
2025-08-14,34.73,35.2,33.7,33.73,34.78,6321737,217676140.1,shares,0
2025-08-15,33.8,35.23,33.78,35.12,33.73,6785986,235075738.35,shares,0
2025-08-18,36.0,36.5,35.5,35.93,35.12,6751811,242746283.39,shares,0
2025-08-19,35.8,37.8,35.66,37.1,35.93,7745449,287690961.24,shares,0
2025-08-20,36.81,37.68,35.92,37.55,37.1,6853756,250824983.29,shares,0
2025-08-21,37.89,37.89,36.61,37.17,37.55,5393998,199623519.25,shares,0
2025-08-22,37.13,40.37,37.02,39.82,37.17,10920909,428253430.04,shares,0
2025-08-25,38.8,40.5,38.1,39.11,39.82,16226170,633607893.14,shares,0
2025-08-26,38.5,38.7,36.9,37.45,39.11,8990090,338490708.04,shares,0
2025-08-27,37.32,38.68,37.0,37.21,37.45,9474441,359471234.81,shares,0
2025-08-28,37.41,37.93,35.98,37.77,37.21,8936689,331441799.72,shares,0
2025-08-29,37.8,37.8,36.51,36.56,37.77,5993041,220657053.76,shares,0
2025-09-01,36.8,37.58,36.78,37.32,36.56,5633313,209415519.16,shares,0
2025-09-02,37.31,37.31,34.61,34.67,37.32,8354550,296011693.17,shares,0
2025-09-03,35.08,35.23,33.68,33.84,34.67,4937997,170600827.79,shares,0
2025-09-04,33.85,34.04,31.47,32.32,33.84,6066267,199209185.03,shares,0
2025-09-05,32.45,33.58,32.15,33.5,32.32,4349510,143214536.83,shares,0
2025-09-08,33.51,33.88,33.04,33.63,33.5,3918134,131279112.94,shares,0
2025-09-09,33.64,33.64,32.15,32.3,33.63,3841888,125913179.58,shares,0
2025-09-10,32.3,32.72,31.73,32.15,32.3,3327995,107114741.96,shares,0
2025-09-11,32.0,33.76,31.63,33.74,32.15,5748585,189477117.56,shares,0
2025-09-12,34.22,35.38,33.78,34.86,33.74,6570774,227976990.79,shares,0
2025-09-15,35.2,35.57,34.5,34.55,34.86,4349851,151832118.85,shares,0
2025-09-16,34.5,34.62,33.87,34.45,34.55,4222276,144664476.76,shares,0
2025-09-17,34.45,35.5,34.34,35.05,34.45,4794713,167853186.98,shares,0
2025-09-18,35.24,35.88,34.1,34.55,35.05,7675668,270140186.62,shares,0
2025-09-19,34.61,35.25,33.85,34.37,34.55,4666409,161340291.18,shares,0
2025-09-22,34.3,34.9,34.03,34.75,34.37,4012005,138618481.44,shares,0
2025-09-23,35.1,37.41,33.58,37.09,34.75,13093224,465868044.65,shares,0
2025-09-24,37.2,44.51,37.2,44.51,37.09,21109937,898924767.0,shares,0
2025-09-25,48.96,48.96,45.43,46.53,44.51,32841212,1551227500.35,shares,0
2025-09-26,46.91,47.84,44.73,45.3,46.53,20603379,953171697.62,shares,0
2025-09-29,45.59,46.45,44.66,45.2,45.3,13689780,618995540.36,shares,0
2025-09-30,45.72,52.86,45.5,50.77,45.2,23092980,1134988993.31,shares,0
2025-10-09,52.27,54.62,50.13,50.55,50.77,19034689,990725211.81,shares,0
2025-10-10,49.3,50.38,47.38,49.02,50.55,12564304,616102239.58,shares,0
2025-10-13,46.13,50.97,46.13,49.82,49.02,14202024,701461801.63,shares,0
2025-10-14,50.83,53.7,48.6,48.84,49.82,15516393,792500827.24,shares,0
2025-10-15,48.95,50.0,46.5,48.38,48.84,10451269,499806520.58,shares,0
2025-10-16,47.89,51.6,47.6,49.57,48.38,12703491,627122983.0,shares,0
2025-10-17,49.5,49.56,45.39,45.39,49.57,11193228,522286554.89,shares,0
2025-10-20,46.0,46.71,44.89,45.11,45.39,6697752,306441341.62,shares,0
2025-10-21,45.76,46.96,45.16,46.19,45.11,6602587,305314537.65,shares,0
2025-10-22,45.46,46.2,44.6,45.7,46.19,5006230,227379850.32,shares,0
2025-10-23,45.44,45.44,42.05,43.72,45.7,7126875,309190104.72,shares,0
2025-10-24,44.3,51.85,44.07,51.3,43.72,16550405,808997684.78,shares,0
2025-10-27,48.95,50.7,48.31,50.17,51.3,15558411,768797904.65,shares,0
2025-10-28,48.86,54.68,48.83,52.38,50.17,16022077,838464808.45,shares,0
2025-10-29,51.86,55.5,51.39,51.78,52.38,12256647,648132874.12,shares,0
2025-10-30,52.3,55.52,51.6,55.07,51.78,16505227,887015787.8,shares,0
2025-10-31,53.8,56.45,52.09,52.78,55.07,12022611,644641625.07,shares,0
2025-11-03,51.8,51.8,48.8,51.24,52.78,9633344,483160399.37,shares,0
2025-11-04,51.77,52.5,49.8,49.9,51.24,6661156,338962620.87,shares,0
2025-11-05,45.84,48.61,45.84,48.08,49.9,8621121,408523332.33,shares,0
2025-11-06,49.1,50.07,47.45,49.27,48.08,8650173,422568839.67,shares,0
2025-11-07,49.0,50.99,47.9,50.99,49.27,9448705,467919551.49,shares,0
2025-11-10,59.0,61.19,59.0,61.19,50.99,11473582,699638621.6,shares,0
2025-11-11,71.0,73.43,69.0,73.43,61.19,22688460,1647290081.68,shares,0
2025-11-12,70.38,74.06,66.66,71.87,73.43,26748001,1882427041.13,shares,0
2025-11-13,71.7,84.66,70.2,78.2,71.87,27435676,2123840400.49,shares,0
2025-11-14,73.51,73.98,69.18,70.38,78.2,18202405,1302171044.02,shares,0
2025-11-17,72.5,77.7,71.08,75.0,70.38,20572695,1524405621.49,shares,0
2025-11-18,75.29,75.7,69.75,70.41,75.0,13953632,992156860.96,shares,0
2025-11-19,70.17,73.9,70.0,70.56,70.41,12529169,900813579.95,shares,0
2025-11-20,72.5,72.68,65.7,66.33,70.56,12479873,841175931.24,shares,0
2025-11-21,61.3,63.37,58.0,59.29,66.33,12906887,780674403.37,shares,0
2025-11-24,60.0,65.59,59.38,63.37,59.29,12385309,777943674.84,shares,0
2025-11-25,67.0,73.0,65.2,71.45,63.37,16641335,1148593053.46,shares,0
2025-11-26,69.32,70.48,67.21,67.95,71.45,14481893,994149581.6,shares,0
2025-11-27,69.21,69.79,65.0,66.04,67.95,10468413,707004118.17,shares,0
2025-11-28,66.06,72.0,65.16,68.62,66.04,15992087,1101551284.69,shares,0
2025-12-01,69.07,69.59,65.23,66.0,68.62,11058180,732101068.09,shares,0
2025-12-02,65.58,66.54,63.88,64.17,66.0,7640477,492826437.63,shares,0
2025-12-03,64.17,64.17,61.58,61.87,64.17,6617143,414402610.31,shares,0
2025-12-04,62.48,63.52,60.97,62.0,61.87,7405978,460203286.87,shares,0
2025-12-05,62.28,62.97,60.56,62.2,62.0,7052518,435464206.01,shares,0
2025-12-08,62.09,70.48,61.71,67.62,62.2,16384814,1069710975.7,shares,0
2025-12-09,66.66,68.68,65.2,65.56,67.62,11587286,772240291.49,shares,0
2025-12-10,65.41,65.79,61.95,64.79,65.56,9267784,591032380.09,shares,0
2025-12-11,68.0,68.37,63.48,63.9,64.79,9875129,642269654.85,shares,0
2025-12-12,63.06,67.4,61.52,66.47,63.9,12690611,819707082.61,shares,0
2025-12-15,64.0,69.18,64.0,66.88,66.47,10665524,718538681.24,shares,0
2025-12-16,64.0,64.8,59.14,61.57,66.88,12800572,783275060.23,shares,0
2025-12-17,61.22,63.97,59.82,62.86,61.57,8082814,498570211.37,shares,0
2025-12-18,64.12,70.9,63.0,67.07,62.86,13929061,942863335.23,shares,0
2025-12-19,69.51,69.64,61.0,61.29,67.07,15527095,986876818.08,shares,0
2025-12-22,61.66,68.57,61.66,66.19,61.29,15007698,979281226.14,shares,0
2025-12-23,66.12,71.71,64.94,70.64,66.19,13979178,954825347.91,shares,0
2025-12-24,70.91,75.4,69.85,72.28,70.64,13729995,990891222.5,shares,0
2025-12-25,71.7,73.49,70.18,71.99,72.28,7743046,554505920.61,shares,0
2025-12-26,70.6,74.3,69.8,70.43,71.99,8283230,592398835.8,shares,0
2025-12-29,69.18,71.12,68.43,69.58,70.43,5827011,404255180.19,shares,0
2025-12-30,68.56,75.7,68.56,73.31,69.58,10686978,778161644.81,shares,0
2025-12-31,76.66,76.66,69.72,70.03,73.31,8671301,620094116.66,shares,0
2026-01-05,71.65,76.3,71.63,74.56,70.03,11220021,831574463.12,shares,0
2026-01-06,74.02,77.19,72.5,73.91,74.56,10833778,804230882.94,shares,0
2026-01-07,79.0,83.6,75.93,82.0,73.91,18772603,1490987418.78,shares,0
2026-01-08,79.52,82.18,77.7,82.02,82.0,12639562,998972732.59,shares,0
2026-01-09,79.11,81.9,78.3,80.08,82.02,7986273,638682272.9,shares,0
2026-01-12,80.07,80.55,76.16,76.94,80.08,11930336,921253099.67,shares,0
2026-01-13,76.5,76.5,70.28,71.29,76.94,10374502,749106383.34,shares,0
2026-01-14,71.29,73.58,70.45,70.91,71.29,7423192,534160575.45,shares,0
2026-01-15,69.5,74.0,68.99,73.39,70.91,7388662,528787021.67,shares,0
2026-01-16,74.28,81.0,73.6,79.95,73.39,13221433,1025790337.69,shares,0
2026-01-19,80.0,82.8,78.53,80.17,79.95,9530439,765163914.39,shares,0
2026-01-20,79.2,91.99,79.2,86.58,80.17,15982512,1373235545.29,shares,0
2026-01-21,85.62,89.85,85.52,87.09,86.58,10803517,943135599.39,shares,0
2026-01-22,89.26,92.23,86.8,91.0,87.09,10833265,972776911.49,shares,0
2026-01-23,88.88,89.99,84.51,88.6,91.0,9584185,829483939.99,shares,0
2026-01-26,88.65,91.0,84.0,90.05,88.6,9157023,804382504.53,shares,0
2026-01-27,89.0,103.0,88.02,100.89,90.05,13145196,1246449315.5,shares,0
2026-01-28,99.0,108.97,97.15,106.78,100.89,11428766,1191799126.72,shares,0
2026-01-29,108.0,108.46,97.42,99.47,106.78,11204221,1139107360.49,shares,0
2026-01-30,98.48,101.97,95.58,98.32,99.47,9171561,906753060.37,shares,0
2026-02-02,94.59,95.99,89.68,89.83,98.32,7921881,730678676.45,shares,0
2026-02-03,92.99,95.85,89.81,95.0,89.83,7800722,724153575.42,shares,0
2026-02-04,92.5,93.64,89.01,92.7,95.0,6639148,605672193.01,shares,0
2026-02-05,88.0,91.85,87.51,90.26,92.7,5818899,522049538.56,shares,0
2026-02-06,88.0,90.2,86.5,86.64,90.26,5883562,518579511.24,shares,0
2026-02-09,89.0,90.1,86.78,89.98,86.64,7335327,648216900.87,shares,0
2026-02-10,89.2,90.2,85.0,86.12,89.98,6431232,556965485.28,shares,0
2026-02-11,85.94,86.14,82.3,82.96,86.12,6739572,563854005.48,shares,0
2026-02-12,84.99,85.76,83.21,83.86,82.96,4626686,389711053.16,shares,0
2026-02-13,83.9,86.5,82.6,84.15,83.86,5484351,466211123.7,shares,0
2026-02-24,85.57,87.3,82.0,85.46,84.15,5111420,436734153.43,shares,0
2026-02-25,85.8,89.3,83.08,87.86,85.46,6917268,602953898.63,shares,0
2026-02-26,89.0,93.88,87.33,93.81,87.86,8257258,748651530.81,shares,0
2026-02-27,91.17,94.66,89.55,93.68,93.81,5512285,511149179.61,shares,0
2026-03-02,91.65,93.6,87.58,87.7,93.68,6197563,554741405.87,shares,0
2026-03-03,87.47,89.77,78.85,79.5,87.7,8249926,684087570.85,shares,0
2026-03-04,79.53,83.96,79.5,81.87,79.5,5444188,446446705.65,shares,0
2026-03-05,84.7,85.21,80.76,81.73,81.87,5017798,417794725.14,shares,0
2026-03-06,80.51,83.48,80.51,82.5,81.73,3350478,275792119.37,shares,0
2026-03-09,77.0,80.0,75.36,79.4,82.5,5541424,428325419.72,shares,0
2026-03-10,81.5,83.0,80.1,82.65,79.4,4233187,345586730.59,shares,0
2026-03-11,83.0,83.15,78.9,79.0,82.65,5771553,463945488.9,shares,0
2026-03-12,78.45,79.98,76.69,78.0,79.0,3955849,308798192.06,shares,0
2026-03-13,77.0,78.98,76.08,76.17,78.0,3993986,309062146.52,shares,0
2026-03-16,76.87,80.45,75.36,79.2,76.17,5247713,411314051.51,shares,0
2026-03-17,80.3,80.3,75.7,75.72,79.2,3364599,261116689.95,shares,0
2026-03-18,76.5,79.9,76.5,79.42,75.72,4810332,376154740.48,shares,0
2026-03-19,77.03,78.3,75.15,75.6,79.42,4858633,371592481.89,shares,0
2026-03-20,75.0,78.8,74.89,74.89,75.6,4772549,366893629.0,shares,0
2026-03-23,72.9,74.37,69.62,70.2,74.89,4694754,337346301.14,shares,0
2026-03-24,71.53,71.88,68.01,71.6,70.2,5763281,403055258.06,shares,0
2026-03-25,72.03,74.3,70.7,72.27,71.6,5238516,379858944.4,shares,0
2026-03-26,71.5,72.1,70.15,70.5,72.27,3452748,245202913.46,shares,0
2026-03-27,70.65,71.38,68.33,70.85,70.5,4658185,327141322.36,shares,0
2026-03-30,68.95,70.66,68.52,69.86,70.85,3746238,260539578.2,shares,0
2026-03-31,69.28,69.97,67.3,67.35,69.86,3756612,256590100.15,shares,0
2026-04-01,69.64,70.72,68.58,70.43,67.35,4837843,337562906.94,shares,0
2026-04-02,70.01,70.93,66.8,67.0,70.43,5260039,359513099.46,shares,0
2026-04-03,68.3,68.5,66.7,67.68,67.0,3722983,252028514.15,shares,0
2026-04-07,67.9,71.38,67.9,69.41,67.68,4132666,290182261.12,shares,0
2026-04-08,73.0,75.24,72.01,75.16,69.41,6603209,486836112.05,shares,0
2026-04-09,73.75,75.5,73.01,74.38,75.16,4613665,343093403.48,shares,0
2026-04-10,75.49,76.49,73.91,74.05,74.38,5079136,380971195.88,shares,0
2026-04-13,73.07,75.49,72.5,72.69,74.05,5339823,393332458.04,shares,0
2026-04-14,74.0,76.0,73.88,75.32,72.69,6356257,478175274.44,shares,0
2026-04-15,76.0,77.15,72.38,72.87,75.32,5680653,423013299.24,shares,0
2026-04-16,72.8,75.1,71.88,74.37,72.87,5049749,373928508.1,shares,0
2026-04-17,74.37,76.1,73.5,75.48,74.37,4704684,353098756.64,shares,0
2026-04-20,76.49,77.43,74.71,76.5,75.48,5996085,456964818.5,shares,0
2026-04-21,77.3,79.8,74.82,79.33,76.5,8329119,650358347.35,shares,0
2026-04-22,78.97,84.29,77.0,83.72,79.33,9220428,748544077.03,shares,0
2026-04-23,83.8,85.08,81.3,81.97,83.72,7855249,651469204.88,shares,0
2026-04-24,80.65,83.27,78.89,82.71,81.97,6330479,512618058.84,shares,0
2026-04-27,78.93,78.93,70.38,70.39,82.71,16776343,1219666489.96,shares,0
2026-04-28,70.9,71.97,67.9,68.53,70.39,9623598,673390539.49,shares,0
2026-04-29,68.16,70.99,66.71,70.01,68.53,8050818,555915613.74,shares,0
2026-04-30,70.5,71.82,69.28,71.28,70.01,6550198,463186300.05,shares,0
2026-05-06,73.88,83.88,73.88,81.41,71.28,15915186,1273006618.11,shares,0
2026-05-07,81.2,85.49,79.88,83.69,81.41,10648402,887382226.38,shares,0
2026-05-08,82.48,84.87,80.86,83.56,83.69,7643883,631610440.18,shares,0
2026-05-11,87.0,97.36,83.38,94.7,83.56,15840329,1446745988.7,shares,0
2026-05-12,94.0,94.12,89.62,92.36,94.7,9031640,830351795.83,shares,0
2026-05-13,89.95,97.1,89.95,95.5,92.36,9814006,922122187.92,shares,0
2026-05-14,95.0,99.13,92.6,96.13,95.5,12969137,1251782740.67,shares,0
2026-05-15,95.43,100.1,90.61,96.31,96.13,12753610,1222654863.49,shares,0
2026-05-18,97.0,102.8,95.1,96.1,96.31,11926180,1174584504.37,shares,0
2026-05-19,95.0,100.0,93.01,99.85,96.1,10764125,1045860390.36,shares,0
2026-05-20,101.1,110.0,101.1,107.38,99.85,12862763,1368152948.13,shares,0
2026-05-21,110.0,111.0,93.0,93.98,107.38,16821223,1708107097.39,shares,0
2026-05-22,96.0,96.3,91.51,94.65,93.98,10171670,956279782.71,shares,0
2026-05-25,93.93,98.58,92.0,96.42,94.65,9518625,907929661.76,shares,0
2026-05-26,95.45,96.49,89.12,93.09,96.42,9285743,850041123.02,shares,0
2026-05-27,95.07,95.88,89.2,89.74,93.09,7080302,651754644.37,shares,0
2026-05-28,89.08,92.0,87.13,91.15,89.74,6489561,588264303.59,shares,0
2026-05-29,91.05,91.87,83.5,85.47,91.15,9861744,853686218.23,shares,0
2026-06-01,84.66,85.72,80.61,80.85,85.47,5612789,464136897.33,shares,0
2026-06-02,82.3,82.3,78.09,79.43,80.85,5972371,478332195.8,shares,0
2026-06-03,79.33,89.68,79.33,86.1,79.43,10815269,930711499.3,shares,0
2026-06-04,84.01,90.36,84.01,89.0,86.1,8026651,709189534.96,shares,0
2026-06-05,86.73,92.25,84.7,87.3,89.0,7814969,691731777.09,shares,0
2026-06-08,83.0,85.17,80.16,81.96,87.3,5308826,439758289.05,shares,0
2026-06-09,83.9,93.98,81.26,93.06,81.78,11347721,1009473038.3,shares,0
2026-06-10,91.08,95.63,88.6,90.41,93.06,10845657,1005276305.97,shares,0
2026-06-11,90.07,103.0,90.07,99.55,90.41,13887438,1376257362.68,shares,0
2026-06-12,107.53,119.46,103.0,104.1,99.55,24543240,2739358677.97,shares,0
2026-06-15,106.85,115.2,98.0,111.8,104.1,19041784,2051081650.35,shares,0
2026-06-16,111.6,113.43,109.0,110.94,111.8,10922388,1214381484.44,shares,0
2026-06-17,108.7,121.99,107.6,121.71,110.94,16173183,1874373914.25,shares,0
2026-06-18,121.03,130.3,119.0,124.37,121.71,16327609,2038063434.96,shares,0
2026-06-22,129.2,130.88,122.98,128.54,124.37,14100446,1792180926.29,shares,0
2026-06-23,128.93,134.7,122.0,124.93,128.54,11000269,1389348320.3,shares,0
2026-06-24,124.44,141.9,123.04,141.9,124.93,11714151,1572173510.53,shares,0
2026-06-25,142.92,156.99,142.92,153.66,141.9,14711951,2219529867.32,shares,0
2026-06-26,152.5,165.98,148.1,161.94,153.66,12495746,1957304338.77,shares,0
2026-06-29,184.14,194.33,179.17,194.33,161.94,22318495,4201717119.61,shares,0
2026-06-30,190.0,220.01,182.0,214.42,194.33,20068815,4098806980.53,shares,0
2026-07-01,213.0,247.0,210.46,238.56,214.42,17972829,4171508728.62,shares,0
2026-07-02,224.26,233.26,196.12,203.97,238.56,24173341,5121298325.15,shares,0
2026-07-03,199.51,203.5,185.36,188.29,203.97,16625699,3176832517.13,shares,0
2026-07-06,190.5,194.9,173.33,180.55,188.29,13393820,2467066616.57,shares,0
2026-07-07,184.0,186.62,174.45,182.0,180.55,11660086,2114714205.96,shares,0
2026-07-08,185.5,188.89,173.0,174.8,182.0,12520289,2267687621.8,shares,0
2026-07-09,183.5,198.0,180.5,196.9,174.8,14847297,2836885858.03,shares,0
2026-07-10,199.83,204.69,173.0,173.01,196.9,16482847,3097168681.75,shares,0
2026-07-13,166.53,177.21,152.44,154.31,173.01,14762884,2422966269.84,shares,0
2026-07-14,155.52,158.82,145.5,154.5,154.31,9951657,1525630187.09,shares,0
2026-07-15,157.74,161.98,142.42,144.88,154.5,8532823,1277494371.71,shares,0
2026-07-16,143.56,148.79,125.3,127.75,144.88,13044231,1772125126.48,shares,0
2026-07-17,127.47,130.0,113.48,114.26,127.75,10947861,1332250618.44,shares,0
2026-07-20,119.48,123.0,106.13,108.8,114.26,15556901,1773104755.1,shares,0
2026-07-21,112.5,124.32,94.78,123.3,108.8,21189172,2365653211.6,shares,0
2026-07-22,120.9,124.99,113.48,115.2,123.3,14847971,1778032124.3,shares,0
2026-07-23,118.44,118.58,105.96,107.29,115.2,10948232,1203441238.48,shares,0
2026-07-24,104.5,109.33,102.65,104.3,107.29,10477712,1107046154.36,shares,0
2026-07-27,105.0,110.6,100.03,109.3,104.3,10563725,1122679808.69,shares,0
2026-07-28,106.29,113.55,101.61,102.61,109.3,10537502,1132135170.21,shares,0
2026-07-29,102.23,104.38,95.08,100.28,102.61,12053480,1198217643.02,shares,0
2026-07-30,99.98,102.99,89.66,89.81,100.28,11101147,1047144357.93,shares,0
2026-07-31,101.55,105.59,93.15,93.43,89.81,12262304,1228681207.06,shares,0
2026-08-03,93.1,93.19,83.18,84.32,93.43,11686626,1014485603.2,shares,0
2026-08-04,84.89,92.2,83.16,91.05,84.32,12983205,1141961293.6,shares,0
2026-08-05,90.8,106.36,90.05,105.25,91.05,15956297,1589111948.14,shares,0
2026-08-06,102.76,112.37,101.78,109.6,105.25,14910040,1611276482.55,shares,0
2026-08-07,110.62,116.9,107.17,116.15,109.6,15844026,1792354973.35,shares,0
2026-08-10,116.8,120.18,113.84,119.22,116.15,14359548,1679597848.14,shares,0
2026-08-11,117.0,119.98,111.67,114.14,119.22,11940772,1381271658.11,shares,0
2026-08-12,115.5,120.88,114.0,117.56,114.14,10173393,1199570775.5,shares,0
2026-08-13,119.99,122.55,112.99,113.21,117.56,10987364,1302448956.38,shares,0
2026-08-14,116.0,119.99,114.0,119.12,113.21,10743642,1263890562.04,shares,0
2026-08-17,119.0,124.73,118.27,123.94,119.12,12665925,1545357961.6,shares,0
2026-08-18,125.0,135.57,123.01,134.2,123.94,15898025,2050248672.2,shares,0
2026-08-19,125.02,126.9,113.71,116.5,134.2,14218347,1710135987.31,shares,0
2026-08-20,118.0,119.66,110.36,113.0,116.5,11916768,1358440348.58,shares,0
2026-08-21,113.52,114.94,109.8,113.19,113.0,7320143,823941992.51,shares,0
2026-08-24,112.39,113.39,106.52,110.85,113.19,8913145,976444088.26,shares,0
2026-08-25,106.66,109.6,103.0,107.71,110.85,7151100,764030015.47,shares,0
2026-08-26,108.2,109.76,105.3,107.19,107.71,5667740,608873288.36,shares,0
2026-08-27,101.66,108.65,101.07,108.65,107.19,15055988,1576490636.25,shares,0
2026-08-28,107.1,109.1,103.66,104.0,108.65,10079633,1067965478.75,shares,0
2026-08-31,101.66,103.97,98.7,103.35,104.0,8619669,874614252.45,shares,0
2026-09-01,103.78,104.55,98.34,98.49,103.35,7040279,703510401.74,shares,0
2026-09-02,96.0,97.1,94.26,95.5,98.49,5828610,558256819.81,shares,0
2026-09-03,97.28,100.0,95.85,98.1,95.5,6854874,669719412.34,shares,0
2026-09-04,100.0,100.78,92.0,93.18,98.1,7242255,692922933.06,shares,0
2026-09-07,95.18,98.79,93.5,97.31,93.18,6899277,666014220.7,shares,0
2026-09-08,98.19,98.4,94.56,95.12,97.31,5315974,511351153.93,shares,0
2026-09-09,97.01,97.01,93.01,93.6,95.12,4553750,430838229.55,shares,0
2026-09-10,92.78,95.1,91.19,93.0,93.6,4005997,373610915.19,shares,0
2026-09-11,90.9,91.79,86.33,90.04,93.0,5745936,512005432.86,shares,0
2026-09-14,89.0,92.16,87.0,90.82,90.04,4645294,418122341.24,shares,0
2026-09-15,90.91,95.0,89.83,92.67,90.82,5985489,556235716.12,shares,0
2026-09-16,92.11,100.78,92.11,100.5,92.67,11355815,1108679214.79,shares,0
2026-09-17,99.79,103.99,99.2,100.18,100.5,8727804,882274773.87,shares,0
2026-09-18,103.11,105.5,100.89,103.82,100.18,10882174,1123788235.08,shares,0
2026-09-21,105.68,106.99,102.8,104.05,103.82,7640718,799331587.91,shares,0
2026-09-22,105.99,106.88,100.9,102.0,104.05,7752383,802813706.53,shares,0
2026-09-23,102.2,103.88,101.51,103.08,102.0,4708876,484238081.34,shares,0
2026-09-24,102.8,106.22,100.11,100.36,103.08,6397891,659175306.36,shares,0
