date,open,high,low,close,preclose,volume,amount,volume_unit,special_treatment
2019-07-22,109.8,125.0,62.0,81.03,29.01,36520183,3090029229.0,shares,0
2019-07-23,74.96,89.79,74.9,83.28,81.03,17441884,1465149109.0,shares,0
2019-07-24,84.0,85.98,81.2,85.0,83.28,13791161,1154103564.0,shares,0
2019-07-25,84.3,89.89,83.8,87.11,85.0,16005684,1392563677.0,shares,0
2019-07-26,85.0,86.5,78.0,78.59,87.11,12001208,981437289.0,shares,0
2019-07-29,78.8,83.5,78.8,82.03,78.59,9232525,754175976.0,shares,0
2019-07-30,82.2,84.5,80.58,83.78,82.03,10526392,876202420.0,shares,0
2019-07-31,83.81,91.88,83.81,88.48,83.78,16798110,1490764789.0,shares,0
2019-08-01,86.65,91.59,85.93,91.05,88.48,16036874,1423165416.0,shares,0
2019-08-02,88.6,102.3,88.06,95.5,91.05,21739755,2066907062.0,shares,0
2019-08-05,94.99,99.51,90.11,99.37,95.5,16109072,1547800241.0,shares,0
2019-08-06,97.0,106.5,87.5,91.0,99.37,21003763,2109266742.0,shares,0
2019-08-07,92.99,94.35,85.7,90.01,91.0,12660483,1138874592.0,shares,0
2019-08-08,90.0,92.55,86.5,86.5,90.01,9782281,874599345.0,shares,0
2019-08-09,87.0,87.8,81.51,81.88,86.5,9546931,801101422.0,shares,0
2019-08-12,81.75,84.45,78.98,82.93,81.88,7021680,575536805.0,shares,0
2019-08-13,82.8,83.87,81.02,83.74,82.93,5595248,463306203.0,shares,0
2019-08-14,84.67,85.06,83.0,84.0,83.74,5915410,497940268.0,shares,0
2019-08-15,81.47,83.17,80.9,83.01,84.0,5346393,439399673.0,shares,0
2019-08-16,83.01,84.41,82.2,82.6,83.01,4841838,402648199.0,shares,0
2019-08-19,82.61,83.38,80.61,82.95,82.6,6210595,509520901.0,shares,0
2019-08-20,83.0,85.0,82.52,84.05,82.95,6855238,574183791.0,shares,0
2019-08-21,83.69,84.66,79.5,79.6,84.05,7440739,606012852.0,shares,0
2019-08-22,80.99,86.51,80.26,82.6,79.6,11053404,925638495.0,shares,0
2019-08-23,81.02,81.8,74.01,75.45,82.6,11264204,876105433.0,shares,0
2019-08-26,75.3,76.76,74.08,74.92,75.45,4700089,353410541.0,shares,0
2019-08-27,74.6,75.64,74.18,75.31,74.92,3908419,292896992.0,shares,0
2019-08-28,75.0,75.5,72.51,72.6,75.31,4661423,345094238.0,shares,0
2019-08-29,72.8,73.08,69.69,71.5,72.6,5494909,389484281.0,shares,0
2019-08-30,71.79,72.36,70.65,70.71,71.5,3367142,241119809.0,shares,0
2019-09-02,71.71,73.86,70.71,72.82,70.71,4209172,305846002.0,shares,0
2019-09-03,72.29,78.38,72.28,76.86,72.82,7565368,575654777.0,shares,0
2019-09-04,77.82,82.89,76.89,77.4,76.86,9248514,739900142.0,shares,0
2019-09-05,76.8,79.3,76.01,77.9,77.4,5786848,449703454.0,shares,0
2019-09-06,77.0,78.18,75.0,75.2,77.9,4509972,344287254.0,shares,0
2019-09-09,75.5,77.42,75.2,76.28,75.2,3400839,260159204.0,shares,0
2019-09-10,76.31,78.5,76.3,76.95,76.28,3453237,267366630.0,shares,0
2019-09-11,76.91,77.76,76.13,76.13,76.95,2840615,218384378.0,shares,0
2019-09-12,76.13,76.28,72.62,73.04,76.13,3993047,293891851.0,shares,0
2019-09-16,73.05,73.86,72.83,73.22,73.04,1824180,133578479.0,shares,0
2019-09-17,72.83,73.5,71.46,71.48,73.22,2020646,145816134.0,shares,0
2019-09-18,71.51,71.84,70.02,70.5,71.48,1900315,134071204.0,shares,0
2019-09-19,70.5,73.23,70.24,72.53,70.5,3092492,224029842.0,shares,0
2019-09-20,72.03,73.93,72.03,73.43,72.53,2681099,196235885.0,shares,0
2019-09-23,73.31,76.68,71.17,75.98,73.43,3753503,278171155.0,shares,0
2019-09-24,75.5,84.3,75.23,81.57,75.98,11289066,916838553.0,shares,0
2019-09-25,80.89,81.9,76.88,77.2,81.57,6255140,492648318.0,shares,0
2019-09-26,77.89,78.0,70.9,70.97,77.2,6068111,445279986.0,shares,0
2019-09-27,70.98,73.8,69.98,72.57,70.97,3232391,232385744.0,shares,0
2019-09-30,72.5,72.95,67.97,68.85,72.57,3680576,256385792.0,shares,0
2019-10-08,67.91,69.45,66.66,66.91,68.85,2498744,169964172.0,shares,0
2019-10-09,66.8,68.5,66.36,68.3,66.91,1543275,104680616.0,shares,0
2019-10-10,68.7,69.81,68.16,69.34,68.3,1693131,116835558.0,shares,0
2019-10-11,69.58,69.58,67.65,67.95,69.34,1706595,116375060.0,shares,0
2019-10-14,68.64,68.97,67.0,68.36,67.95,2151170,146959571.0,shares,0
2019-10-15,68.23,68.76,66.68,66.73,68.36,1988198,134219899.0,shares,0
2019-10-16,66.9,67.29,64.73,64.8,66.73,2181753,143481191.0,shares,0
2019-10-17,64.74,65.15,63.47,63.69,64.8,1730317,110874031.0,shares,0
2019-10-18,64.0,65.74,63.8,64.15,63.69,2104100,136530350.0,shares,0
2019-10-21,63.6,63.99,60.08,61.46,64.15,2415364,149199242.0,shares,0
2019-10-22,61.0,62.62,61.0,62.03,61.46,1163414,71998959.0,shares,0
2019-10-23,62.03,66.28,61.51,65.23,62.03,3042153,195589514.0,shares,0
2019-10-24,64.5,65.68,63.6,63.77,65.23,2127019,137565382.0,shares,0
2019-10-25,63.38,63.94,61.77,62.44,63.77,1416205,88773588.0,shares,0
2019-10-28,63.2,66.47,63.2,65.84,62.44,2896490,188916349.0,shares,0
2019-10-29,67.82,67.9,64.83,64.83,65.84,2873710,190794073.0,shares,0
2019-10-30,64.0,68.45,63.5,66.0,64.83,3876265,259054449.0,shares,0
2019-10-31,66.39,68.65,65.6,67.6,66.0,3980463,269175983.0,shares,0
2019-11-01,66.96,72.66,66.67,70.09,67.6,5294600,370606560.0,shares,0
2019-11-04,71.0,72.58,69.8,70.79,70.09,3872555,275503373.0,shares,0
2019-11-05,70.11,71.39,68.83,69.47,70.79,3318874,231914670.0,shares,0
2019-11-06,69.05,70.7,66.36,66.76,69.47,3166810,217462568.0,shares,0
2019-11-07,66.77,70.14,66.47,69.6,66.76,3648855,249796587.0,shares,0
2019-11-08,69.33,72.56,68.86,68.88,69.6,4240114,299964982.0,shares,0
2019-11-11,67.83,68.21,65.4,65.5,68.88,3130360,209184113.0,shares,0
2019-11-12,65.32,66.75,65.32,65.79,65.5,1770264,116855186.0,shares,0
2019-11-13,65.82,70.5,65.79,69.59,65.79,4647475,319736751.0,shares,0
2019-11-14,69.31,71.39,68.8,70.25,69.59,4269880,299610734.0,shares,0
2019-11-15,69.56,72.85,69.56,70.4,70.25,4503539,322700742.0,shares,0
2019-11-18,70.2,71.69,69.18,69.98,70.4,2115543,148241775.0,shares,0
2019-11-19,70.7,72.49,70.32,72.45,69.98,3449643,247395300.0,shares,0
2019-11-20,72.9,73.5,71.2,71.8,72.45,3100652,224095748.0,shares,0
2019-11-21,71.55,73.28,70.58,70.78,71.8,2461175,176755082.0,shares,0
2019-11-22,70.67,72.1,67.48,68.57,70.78,3370180,234189500.0,shares,0
2019-11-25,68.22,68.45,64.5,65.15,68.57,3078744,202841909.0,shares,0
2019-11-26,65.35,65.99,64.71,65.06,65.15,1234847,80607107.0,shares,0
2019-11-27,65.14,67.5,64.77,66.66,65.06,2302521,153153898.0,shares,0
2019-11-28,66.55,67.88,66.55,67.37,66.66,1853424,124676015.0,shares,0
2019-11-29,67.02,67.84,66.31,66.81,67.37,1205793,80749249.0,shares,0
2019-12-02,67.0,68.15,66.56,66.9,66.81,1460986,98572925.0,shares,0
2019-12-03,65.97,65.97,63.78,65.0,66.9,2340442,151406855.0,shares,0
2019-12-04,64.55,73.08,64.55,70.48,65.0,6489169,452787076.0,shares,0
2019-12-05,70.4,72.6,69.28,71.7,70.48,5191798,370005561.0,shares,0
2019-12-06,71.99,76.28,71.63,74.8,71.7,5411987,403950363.0,shares,0
2019-12-09,76.8,79.84,76.12,78.4,74.8,6103986,479371006.0,shares,0
2019-12-10,78.5,82.51,77.05,79.45,78.4,6694290,533774034.0,shares,0
2019-12-11,78.51,80.5,77.42,78.04,79.45,4522823,355911348.0,shares,0
2019-12-12,78.08,84.15,78.08,82.61,78.04,6685733,550215709.0,shares,0
2019-12-13,82.57,83.27,80.5,83.0,82.61,4341149,354621065.0,shares,0
2019-12-16,83.99,83.99,81.58,83.3,83.0,3295236,273146280.0,shares,0
2019-12-17,83.27,85.6,82.2,83.32,83.3,3214298,269078072.0,shares,0
2019-12-18,83.0,85.8,83.0,84.16,83.32,3777316,319216246.0,shares,0
2019-12-19,83.78,84.46,79.7,79.9,84.16,4172487,339155405.0,shares,0
2019-12-20,79.02,80.7,79.02,79.02,79.9,2436785,194509737.0,shares,0
2019-12-23,77.0,78.48,74.88,75.41,79.02,3542790,271591243.0,shares,0
2019-12-24,76.03,79.36,76.03,79.1,75.41,2727349,213759778.0,shares,0
2019-12-25,79.21,89.11,79.21,89.0,79.1,7239213,618789940.0,shares,0
2019-12-26,88.3,96.18,87.51,91.4,89.0,7135441,659014618.0,shares,0
2019-12-27,91.1,95.5,91.1,95.0,91.4,5336789,499750345.0,shares,0
2019-12-30,94.06,96.88,91.88,93.31,95.0,3464651,326047627.0,shares,0
2019-12-31,93.44,94.95,91.51,92.4,93.31,2275529,211602095.0,shares,0
2020-01-02,92.62,103.98,92.62,103.85,92.4,4990693,489074818.0,shares,0
2020-01-03,105.0,109.68,102.28,103.96,103.85,5024064,532436019.0,shares,0
2020-01-06,102.4,107.31,100.33,103.06,103.96,3311728,343776121.0,shares,0
2020-01-07,104.52,107.8,102.5,107.0,103.06,3727416,393301590.0,shares,0
2020-01-08,105.8,119.05,104.05,117.97,107.0,5064967,563926781.0,shares,0
2020-01-09,117.0,121.87,115.03,118.08,117.97,3868587,456426450.0,shares,0
2020-01-10,118.5,125.02,114.06,115.5,118.08,4848000,583585841.0,shares,0
2020-01-13,113.9,138.5,113.0,134.0,115.5,6393744,791615931.0,shares,0
2020-01-14,131.89,148.88,130.11,135.01,134.0,7502352,1029115766.0,shares,0
2020-01-15,135.09,147.82,132.5,147.0,135.01,5944521,830668951.0,shares,0
2020-01-16,147.0,172.66,145.06,171.01,147.0,7353894,1181850943.0,shares,0
2020-01-17,167.87,198.0,160.19,196.01,171.01,9108618,1608356060.0,shares,0
2020-01-20,188.0,195.2,175.6,177.61,196.01,8799789,1626728190.0,shares,0
2020-01-21,178.41,184.79,168.0,170.55,177.61,7142737,1261914588.0,shares,0
2020-01-22,167.75,200.96,165.13,200.9,170.55,10533096,1911814521.0,shares,0
2020-01-23,190.5,199.47,168.66,183.38,200.9,8784483,1645309982.0,shares,0
2020-02-03,155.0,168.78,147.77,150.3,183.38,8001014,1258564271.0,shares,0
2020-02-04,159.98,179.48,156.65,177.66,150.3,8259352,1392653657.0,shares,0
2020-02-05,180.0,198.5,172.03,179.21,177.66,9057068,1687910781.0,shares,0
2020-02-06,175.18,187.38,173.23,183.0,179.21,6053599,1095992295.0,shares,0
2020-02-07,179.54,200.0,174.76,195.66,183.0,8193297,1544073865.0,shares,0
2020-02-10,192.2,209.98,188.18,193.11,195.66,6726400,1327279554.0,shares,0
2020-02-11,193.02,209.88,193.02,204.0,193.11,7039307,1420875801.0,shares,0
2020-02-12,202.03,214.99,193.08,205.6,204.0,6809966,1386317827.0,shares,0
2020-02-13,210.0,233.77,203.85,216.0,205.6,7237109,1579399741.0,shares,0
2020-02-14,216.0,223.98,192.88,205.1,216.0,7793969,1633434466.0,shares,0
2020-02-17,205.0,209.36,199.0,205.48,205.1,4505530,918171673.0,shares,0
2020-02-18,205.6,218.75,204.2,210.0,205.48,5273745,1116922726.0,shares,0
2020-02-19,208.44,215.05,199.88,203.07,210.0,5627401,1156530592.0,shares,0
2020-02-20,202.88,204.98,186.01,192.4,203.07,7626796,1475554180.0,shares,0
2020-02-21,191.0,200.1,190.3,192.99,192.4,4755783,928465157.0,shares,0
2020-02-24,189.0,199.99,185.08,197.33,192.99,5448285,1053683982.0,shares,0
2020-02-25,190.11,217.58,189.16,216.25,197.33,8639828,1788155892.0,shares,0
2020-02-26,208.99,217.0,193.0,195.0,216.25,6616353,1350870882.0,shares,0
2020-02-27,197.0,200.97,176.75,180.21,195.0,6619311,1236834032.0,shares,0
2020-02-28,165.94,173.0,160.0,161.6,180.21,6889882,1138770088.0,shares,0
2020-03-02,165.98,169.0,157.88,160.0,161.6,6028486,985108797.0,shares,0
2020-03-03,165.0,172.9,162.0,165.89,160.0,6116113,1026402711.0,shares,0
2020-03-04,161.41,164.5,148.28,154.3,165.89,6838005,1064560768.0,shares,0
2020-03-05,158.5,160.88,151.55,158.31,154.3,5033106,786911877.0,shares,0
2020-03-06,155.0,157.87,151.6,152.73,158.31,2963199,456949693.0,shares,0
2020-03-09,148.0,149.99,139.0,140.12,152.73,4537348,657676702.0,shares,0
2020-03-10,137.0,156.6,137.0,156.6,140.12,8231351,1230778453.0,shares,0
2020-03-11,157.3,158.0,147.4,149.45,156.6,4954086,754238742.0,shares,0
2020-03-12,144.98,154.55,142.22,151.35,149.45,4068335,610572965.0,shares,0
2020-03-13,145.0,172.28,143.56,165.93,151.35,9868236,1596609663.0,shares,0
2020-03-16,168.6,178.09,161.84,168.0,165.93,8353991,1423544459.0,shares,0
2020-03-17,173.32,177.95,161.99,174.24,168.0,7470821,1279858888.0,shares,0
2020-03-18,177.73,179.77,163.0,163.03,174.24,6650414,1144312072.0,shares,0
2020-03-19,162.5,167.5,154.81,165.3,163.03,5741775,926137272.0,shares,0
2020-03-20,166.18,169.28,159.22,160.57,165.3,3446314,564751134.0,shares,0
2020-03-23,154.0,155.0,134.22,138.18,160.57,6538852,944600698.0,shares,0
2020-03-24,143.05,144.44,127.36,142.0,138.18,6060965,829109742.0,shares,0
2020-03-25,148.0,151.89,143.53,144.8,142.0,4844777,716320556.0,shares,0
2020-03-26,143.0,146.75,139.41,140.03,144.8,3517229,499138423.0,shares,0
2020-03-27,141.5,145.16,138.88,140.42,140.03,2536122,358507513.0,shares,0
2020-03-30,135.2,140.0,130.88,136.81,140.42,3408296,459297204.0,shares,0
2020-03-31,139.46,143.66,136.85,137.8,136.81,2786353,390627338.0,shares,0
2020-04-01,134.29,143.3,134.29,139.0,137.8,3188401,448181934.0,shares,0
2020-04-02,138.5,152.99,138.45,151.2,139.0,5541424,806271859.0,shares,0
2020-04-03,149.0,150.42,145.18,146.5,151.2,3431078,507380073.0,shares,0
2020-04-07,153.0,155.0,148.88,149.63,146.5,2858196,433080730.0,shares,0
2020-04-08,147.01,151.98,147.01,148.8,149.63,1868641,278772810.0,shares,0
2020-04-09,149.6,150.23,144.5,145.75,148.8,1840691,269699296.0,shares,0
2020-04-10,145.75,146.5,136.0,137.38,145.75,2663917,372201257.0,shares,0
2020-04-13,135.01,142.44,135.01,137.2,137.38,2000389,277330249.0,shares,0
2020-04-14,139.99,142.32,138.5,141.6,137.2,2341463,329771124.0,shares,0
2020-04-15,142.43,152.89,141.2,150.86,141.6,5134701,766766133.0,shares,0
2020-04-16,148.0,153.72,148.0,152.86,150.86,2801216,425923460.0,shares,0
2020-04-17,158.88,168.45,155.3,161.0,152.86,5942851,966371440.0,shares,0
2020-04-20,160.02,165.6,159.69,161.13,161.0,3159006,512729186.0,shares,0
2020-04-21,160.7,160.7,151.7,154.0,161.13,3401567,525774889.0,shares,0
2020-04-22,150.9,159.69,150.6,159.69,154.0,3443826,540910513.0,shares,0
2020-04-23,160.07,161.68,155.02,155.96,159.69,2390001,376596320.0,shares,0
2020-04-24,155.6,158.96,153.24,156.07,155.96,2173019,338890200.0,shares,0
2020-04-27,157.66,158.6,153.43,156.07,156.07,1702906,266927115.0,shares,0
2020-04-28,156.07,162.62,130.07,159.11,156.07,5091515,787295981.0,shares,0
2020-04-29,155.79,158.65,150.0,151.0,159.11,2542058,394102922.0,shares,0
2020-04-30,152.8,172.88,152.8,168.06,151.0,4936531,808374028.0,shares,0
2020-05-06,170.15,196.41,170.0,190.9,168.06,6443685,1184048985.0,shares,0
2020-05-07,190.8,192.6,182.4,183.49,190.9,3997142,743082286.0,shares,0
2020-05-08,186.0,199.45,184.0,188.8,183.49,3950200,756356745.0,shares,0
2020-05-11,191.86,196.55,183.5,186.28,188.8,3115550,589309360.0,shares,0
2020-05-12,184.45,187.36,176.66,184.88,186.28,3014114,546890304.0,shares,0
2020-05-13,191.84,199.5,189.9,191.2,184.88,4569608,888759365.0,shares,0
2020-05-14,192.0,198.7,190.0,194.88,191.2,3403326,663253992.0,shares,0
2020-05-15,196.0,213.99,192.5,210.15,194.88,5441366,1113960524.0,shares,0
2020-05-18,221.0,225.0,200.08,211.7,210.15,7126301,1521242462.0,shares,0
2020-05-19,211.0,254.04,208.0,249.18,211.7,7986044,1847292610.0,shares,0
2020-05-20,242.0,248.0,230.0,235.81,249.18,6214714,1482776480.0,shares,0
2020-05-21,235.1,245.0,219.14,225.8,235.81,5899651,1368359053.0,shares,0
2020-05-22,222.4,230.2,208.1,225.34,225.8,5658190,1239787651.0,shares,0
2020-05-25,221.0,229.89,212.5,218.05,225.34,4080566,900919717.0,shares,0
2020-05-26,221.38,236.97,221.38,234.51,218.05,5453270,1261423382.0,shares,0
2020-05-27,230.03,241.58,230.03,231.79,234.51,3813185,898365998.0,shares,0
2020-05-28,230.08,232.5,211.17,218.01,231.79,4857504,1063432690.0,shares,0
2020-05-29,216.06,228.0,213.0,217.11,218.01,3189431,703768551.0,shares,0
2020-06-01,219.2,232.0,219.2,226.6,217.11,3676729,837416550.0,shares,0
2020-06-02,231.7,233.84,223.5,228.81,226.6,3332888,764236706.0,shares,0
2020-06-03,228.69,230.81,216.52,220.6,228.81,4321743,964670183.0,shares,0
2020-06-04,219.78,222.8,210.0,210.0,220.6,4207033,902116932.0,shares,0
2020-06-05,209.57,216.78,209.57,213.3,210.0,2632698,563434313.0,shares,0
2020-06-08,217.87,218.0,210.31,212.38,213.3,2153230,460811334.0,shares,0
2020-06-09,212.96,213.4,206.22,209.47,212.38,2528791,531261348.0,shares,0
2020-06-10,208.6,211.28,201.5,202.9,209.47,2825212,578241808.0,shares,0
2020-06-11,204.0,215.5,204.0,208.12,202.9,3636086,763788594.0,shares,0
2020-06-12,202.38,209.97,198.8,205.81,208.12,2330172,476537405.0,shares,0
2020-06-15,203.0,203.0,193.0,195.59,205.81,3233223,641955920.0,shares,0
2020-06-16,198.8,202.86,196.3,198.61,195.59,2260324,451025368.0,shares,0
2020-06-17,198.0,200.57,191.66,195.22,198.61,2031588,396205512.0,shares,0
2020-06-18,196.75,208.8,195.0,206.28,195.22,3734984,761761703.0,shares,0
2020-06-19,204.51,213.09,201.21,212.91,206.28,3770682,786027421.0,shares,0
2020-06-22,216.0,235.0,216.0,231.93,212.91,5155616,1183339113.0,shares,0
2020-06-23,229.91,235.48,224.02,232.6,231.93,3307304,759409178.0,shares,0
2020-06-24,232.32,240.85,228.56,232.0,232.6,3429920,804233866.0,shares,0
2020-06-29,227.6,227.89,217.67,218.5,232.0,3222824,713842941.0,shares,0
2020-06-30,222.42,226.1,217.61,219.31,218.5,2617140,579937435.0,shares,0
2020-07-01,219.35,227.98,217.0,226.71,219.31,3758378,842554422.0,shares,0
2020-07-02,226.0,231.48,221.28,227.99,226.71,3083877,697545827.0,shares,0
2020-07-03,229.0,230.0,216.6,227.8,227.99,3257752,730303501.0,shares,0
2020-07-06,235.05,270.78,235.05,266.08,227.8,5429266,1381788952.0,shares,0
2020-07-07,273.27,297.7,258.0,258.5,266.08,6604339,1828450649.0,shares,0
2020-07-08,256.0,268.37,255.61,260.0,258.5,4390694,1148489243.0,shares,0
2020-07-09,260.55,266.21,257.0,264.89,260.0,4629429,1211253386.0,shares,0
2020-07-10,260.9,274.77,257.37,269.18,264.89,4983042,1321212804.0,shares,0
2020-07-13,267.85,271.6,260.93,271.4,269.18,5063942,1345195837.0,shares,0
2020-07-14,268.4,298.0,258.0,285.1,271.4,5697789,1550307710.0,shares,0
2020-07-15,288.0,288.99,264.0,268.0,285.1,4351286,1207511214.0,shares,0
2020-07-16,260.25,260.34,220.0,230.0,268.0,5324867,1272751627.0,shares,0
2020-07-17,225.2,233.33,212.1,213.79,230.0,3244205,718220104.0,shares,0
2020-07-20,212.5,216.4,190.27,210.08,213.79,4386991,886563486.0,shares,0
2020-07-21,207.16,232.68,207.1,217.0,210.08,4100909,914385222.0,shares,0
2020-07-22,212.0,227.5,207.5,209.55,217.0,7079390,1532135413.0,shares,0
2020-07-23,209.8,214.55,196.81,205.23,209.55,4822386,985070629.73,shares,0
2020-07-24,196.0,209.0,195.0,199.97,205.23,5405694,1092830083.0,shares,0
2020-07-27,202.0,203.88,185.0,190.45,199.97,6812453,1299129225.0,shares,0
2020-07-28,193.1,194.44,184.0,188.0,190.45,4251894,799056725.0,shares,0
2020-07-29,188.0,203.0,187.01,200.18,188.0,8208092,1627001799.0,shares,0
2020-07-30,204.0,215.88,204.0,208.14,200.18,6165099,1290148933.79,shares,0
2020-07-31,207.26,221.7,207.26,220.39,208.14,8939994,1939049093.0,shares,0
2020-08-03,230.45,256.8,230.45,249.49,220.39,8124279,2017675405.0,shares,0
2020-08-04,249.0,249.0,225.88,228.77,249.49,8038944,1898079018.0,shares,0
2020-08-05,242.0,243.0,222.99,226.2,228.77,7003187,1620696202.12,shares,0
2020-08-06,223.0,227.6,216.0,220.0,226.2,4907340,1083079590.07,shares,0
2020-08-07,220.0,222.97,204.8,208.21,220.0,5960668,1255738011.0,shares,0
2020-08-10,206.0,226.78,205.36,220.99,208.21,6432501,1382155002.0,shares,0
2020-08-11,220.0,223.87,211.6,211.91,220.99,4776991,1040200178.0,shares,0
2020-08-12,209.0,216.0,200.05,214.99,211.91,5682236,1182022608.0,shares,0
2020-08-13,214.56,216.5,208.35,210.65,214.99,3788648,805118685.0,shares,0
2020-08-14,209.56,214.48,203.55,207.1,210.65,2936886,611967489.0,shares,0
2020-08-17,209.92,209.92,204.02,207.7,207.1,2994225,619491401.0,shares,0
2020-08-18,207.11,212.0,204.27,210.86,207.7,4267580,889286372.03,shares,0
2020-08-19,209.52,211.5,200.0,200.0,210.86,3733974,760729950.0,shares,0
2020-08-20,198.0,207.08,195.0,201.0,200.0,2444516,497539692.88,shares,0
2020-08-21,203.81,205.0,196.0,197.68,201.0,2254665,450926968.42,shares,0
2020-08-24,197.68,199.48,191.11,193.93,197.68,3105084,603046140.55,shares,0
2020-08-25,195.06,199.44,190.23,190.49,193.93,2250302,435741608.0,shares,0
2020-08-26,190.88,191.41,175.8,175.8,190.49,4667187,852796157.0,shares,0
2020-08-27,177.7,193.27,176.25,190.0,175.8,5816871,1083584339.93,shares,0
2020-08-28,188.0,189.87,184.88,187.06,190.0,2622847,488845451.0,shares,0
2020-08-31,188.03,196.78,183.82,185.58,187.06,4023533,766670501.0,shares,0
2020-09-01,185.0,186.91,181.21,183.99,185.58,2370306,437639845.0,shares,0
2020-09-02,185.56,186.88,179.3,180.3,183.99,2888095,525927817.0,shares,0
2020-09-03,180.0,182.78,177.0,178.29,180.3,3724981,666905579.18,shares,0
2020-09-04,176.3,187.5,176.05,185.39,178.29,6492539,1197747526.68,shares,0
2020-09-07,185.5,185.5,164.0,165.0,185.39,8757828,1501070677.0,shares,0
2020-09-08,163.8,166.8,159.66,161.76,165.0,3287289,532723998.0,shares,0
2020-09-09,159.43,159.85,153.5,155.23,161.76,3460954,540842002.0,shares,0
2020-09-10,158.0,160.48,153.0,153.78,155.23,2598516,408848301.0,shares,0
2020-09-11,155.6,158.2,153.13,158.05,153.78,2637124,412816523.0,shares,0
2020-09-14,162.5,165.77,157.86,158.9,158.05,3608907,583136278.64,shares,0
2020-09-15,159.68,174.0,156.01,170.26,158.9,5531349,926733912.0,shares,0
2020-09-16,168.02,170.6,164.21,166.91,170.26,3316444,554008552.0,shares,0
2020-09-17,167.5,175.76,164.51,172.6,166.91,4687870,805859985.0,shares,0
2020-09-18,172.98,176.88,171.0,175.73,172.6,3248186,564853935.0,shares,0
2020-09-21,177.01,184.26,174.4,175.98,175.73,4024445,722503047.11,shares,0
2020-09-22,174.5,178.56,173.08,174.3,175.98,2478930,435445240.96,shares,0
2020-09-23,175.5,180.0,174.1,176.04,174.3,2735866,484378492.0,shares,0
2020-09-24,174.71,176.48,171.0,172.05,176.04,2500588,432775248.0,shares,0
2020-09-25,173.72,173.8,162.88,165.8,172.05,2814801,473348050.33,shares,0
2020-09-28,164.85,164.97,157.26,163.19,165.8,2801050,452816779.0,shares,0
2020-09-29,164.9,174.17,164.65,172.37,163.19,3832516,656337057.41,shares,0
2020-09-30,172.37,174.57,170.0,170.16,172.37,2413002,416381175.0,shares,0
2020-10-09,175.0,176.99,168.88,170.64,170.16,3268173,561281581.76,shares,0
2020-10-12,173.0,184.5,171.0,184.28,170.64,6193417,1106166907.0,shares,0
2020-10-13,183.0,183.98,177.8,179.13,184.28,3391061,609193816.0,shares,0
2020-10-14,179.13,179.13,171.4,172.87,179.13,3278864,569760250.54,shares,0
2020-10-15,172.0,176.6,170.0,170.52,172.87,2791024,481757723.29,shares,0
2020-10-16,172.3,174.08,164.08,166.2,170.52,3276042,547747610.82,shares,0
2020-10-19,167.4,168.6,164.0,164.69,166.2,2351263,390663401.0,shares,0
2020-10-20,164.89,166.5,161.0,166.5,164.69,2376284,388529912.0,shares,0
2020-10-21,166.3,166.3,159.6,160.4,166.5,2719082,438766422.0,shares,0
2020-10-22,159.79,161.68,156.12,156.2,160.4,2648081,419549285.02,shares,0
2020-10-23,156.0,158.66,151.01,151.35,156.2,2864774,441366260.94,shares,0
2020-10-26,151.0,152.6,147.54,150.0,151.35,2505313,375402164.0,shares,0
2020-10-27,151.0,153.47,148.99,152.28,150.0,2982995,450921424.03,shares,0
2020-10-28,152.5,158.12,149.36,157.08,152.28,3400566,522319914.04,shares,0
2020-10-29,152.78,157.68,150.5,156.13,157.08,3688861,569296253.0,shares,0
2020-10-30,156.13,167.79,154.65,161.98,156.13,7357305,1184515887.0,shares,0
2020-11-02,162.11,164.33,152.02,155.43,161.98,5353458,837532710.99,shares,0
2020-11-03,157.0,170.49,155.0,165.79,155.43,5833936,959579752.54,shares,0
2020-11-04,168.2,170.42,162.5,163.2,165.79,3914513,652638540.13,shares,0
2020-11-05,168.9,171.0,163.55,165.11,163.2,3746489,623079078.58,shares,0
2020-11-06,165.66,166.6,159.0,164.95,165.11,4734015,770586451.29,shares,0
2020-11-09,167.14,185.44,167.14,181.96,164.95,10314142,1842138215.45,shares,0
2020-11-10,181.96,181.96,174.38,174.42,181.96,4902876,867575331.4,shares,0
2020-11-11,174.88,175.66,156.56,159.0,174.42,7073897,1161038043.69,shares,0
2020-11-12,160.88,161.45,155.5,157.0,159.0,3715202,587004375.5,shares,0
2020-11-13,157.0,160.48,153.3,159.46,157.0,3413000,536706866.57,shares,0
2020-11-16,154.45,157.8,148.71,150.0,159.46,7028484,1061510249.38,shares,0
2020-11-17,150.7,150.83,142.68,150.8,150.0,5570769,815634248.9,shares,0
2020-11-18,150.8,150.98,147.12,149.62,150.8,2602970,388963345.22,shares,0
2020-11-19,149.0,153.32,147.69,150.21,149.62,2493097,376473789.85,shares,0
2020-11-20,150.21,151.62,147.92,148.79,150.21,1925100,286914966.4,shares,0
2020-11-23,148.79,148.79,143.5,146.2,148.79,3733091,543023034.8,shares,0
2020-11-24,145.07,147.8,145.01,146.09,146.2,2451688,358602628.86,shares,0
2020-11-25,146.7,148.48,143.8,143.81,146.09,2770994,403484796.09,shares,0
2020-11-26,143.55,145.0,140.04,140.6,143.81,2740014,388089235.19,shares,0
2020-11-27,141.0,146.38,141.0,143.24,140.6,2957588,423595932.42,shares,0
2020-11-30,145.3,152.32,145.01,148.41,143.24,5456137,812060480.09,shares,0
2020-12-01,148.2,151.36,147.05,150.3,148.41,3196251,477074428.21,shares,0
2020-12-02,150.01,155.88,150.01,152.79,150.3,4156718,638824195.53,shares,0
2020-12-03,152.99,154.5,150.57,151.02,152.79,2388114,362983142.21,shares,0
2020-12-04,150.0,151.8,146.7,148.3,151.02,3314569,493197607.08,shares,0
2020-12-07,152.17,154.58,150.2,150.97,148.3,3169579,482652210.44,shares,0
2020-12-08,150.6,153.58,149.0,151.9,150.97,2718653,412207105.98,shares,0
2020-12-09,152.98,155.0,151.04,152.8,151.9,4349886,668526900.2,shares,0
2020-12-10,151.7,159.91,151.45,159.21,152.8,6849720,1080712719.05,shares,0
2020-12-11,159.3,171.22,158.3,171.0,159.21,11194110,1884664407.63,shares,0
2020-12-14,169.5,170.3,164.12,165.45,171.0,7036495,1173725985.88,shares,0
2020-12-15,166.0,166.88,156.77,158.8,165.45,5737294,926095090.63,shares,0
2020-12-16,158.8,158.8,155.2,155.99,158.8,2995521,468909146.58,shares,0
2020-12-17,155.21,157.21,152.33,155.15,155.99,2753118,426461018.85,shares,0
2020-12-18,161.0,161.0,155.56,157.0,155.15,3044743,480663642.22,shares,0
2020-12-21,156.0,172.28,153.49,165.5,157.0,6491460,1083141033.73,shares,0
2020-12-22,164.9,167.9,156.25,156.68,165.5,4629794,741569705.95,shares,0
2020-12-23,156.68,160.6,155.05,159.77,156.68,3879980,614258163.14,shares,0
2020-12-24,160.23,162.94,156.77,157.77,159.77,2715022,432180652.13,shares,0
2020-12-25,155.11,156.85,145.4,146.85,157.77,5823175,866779500.71,shares,0
2020-12-28,145.0,148.0,143.37,146.1,146.85,2629859,382196199.36,shares,0
2020-12-29,146.3,150.5,146.3,147.83,146.1,2649809,394250717.84,shares,0
2020-12-30,146.41,149.99,144.85,148.77,147.83,3062289,451868586.63,shares,0
2020-12-31,152.0,160.6,152.0,157.59,148.77,6677753,1048635374.26,shares,0
2021-01-04,159.0,162.9,153.68,160.49,157.59,5198113,826510732.72,shares,0
2021-01-05,159.02,164.87,154.5,159.97,160.49,7159142,1133012340.93,shares,0
2021-01-06,160.28,165.87,155.27,156.0,159.97,5521989,884325912.3,shares,0
2021-01-07,155.0,155.9,147.01,149.2,156.0,5775389,866235119.02,shares,0
2021-01-08,150.2,152.17,145.7,150.85,149.2,3562085,532119559.61,shares,0
2021-01-11,150.36,159.0,150.0,157.94,150.85,5739717,896718859.07,shares,0
2021-01-12,157.9,160.28,154.36,157.83,157.94,4398321,694080861.19,shares,0
2021-01-13,157.8,171.8,157.0,167.8,157.83,10411764,1738870907.2,shares,0
2021-01-14,168.72,187.89,168.72,181.05,167.8,13695860,2462350971.85,shares,0
2021-01-15,182.0,193.65,172.56,175.36,181.05,14989425,2753497127.37,shares,0
2021-01-18,174.32,188.44,172.72,183.0,175.36,11126234,2006546452.22,shares,0
2021-01-19,184.0,184.0,173.0,174.0,183.0,7073436,1264124405.41,shares,0
2021-01-20,174.92,177.3,167.2,176.65,174.0,6652085,1140134298.71,shares,0
2021-01-21,174.5,177.58,170.11,174.01,176.65,5348139,930154148.28,shares,0
2021-01-22,173.99,175.25,163.9,168.5,174.01,5896762,989207395.25,shares,0
2021-01-25,166.0,172.41,162.49,168.72,168.5,5081971,855241644.24,shares,0
2021-01-26,167.92,174.79,166.5,172.2,168.72,4593498,786034355.22,shares,0
2021-01-27,172.82,173.41,164.5,165.51,172.2,4294081,718487599.88,shares,0
2021-01-28,162.0,168.26,157.5,158.01,165.51,4217306,686015735.02,shares,0
2021-01-29,160.6,162.0,151.8,153.55,158.01,4451729,691111112.3,shares,0
2021-02-01,152.0,160.5,152.0,157.04,153.55,3608709,565194080.87,shares,0
2021-02-02,157.53,157.79,153.1,154.21,157.04,3224437,498855202.48,shares,0
2021-02-03,154.5,154.5,145.9,146.96,154.21,6499121,966450992.7,shares,0
2021-02-04,145.0,148.95,140.18,145.92,146.96,5745283,826799337.71,shares,0
2021-02-05,146.01,147.47,135.2,135.8,145.92,6286341,878003540.1,shares,0
2021-02-08,135.79,138.95,134.0,134.7,135.8,4087032,558738898.15,shares,0
2021-02-09,136.0,139.49,133.58,138.12,134.7,3161158,434035292.16,shares,0
2021-02-10,137.22,138.58,133.58,137.22,138.12,3805146,519524768.32,shares,0
2021-02-18,140.14,144.26,139.2,140.8,137.22,5155992,730483372.19,shares,0
2021-02-19,140.93,140.93,136.8,139.53,140.8,4863082,672613354.46,shares,0
2021-02-22,140.73,145.0,140.73,140.9,139.53,5155178,734777254.52,shares,0
2021-02-23,140.05,140.05,136.0,137.52,140.9,4409751,605278247.02,shares,0
2021-02-24,137.01,140.53,136.16,137.5,137.52,5112792,705825762.35,shares,0
2021-02-25,139.57,139.58,130.32,130.58,137.5,6657606,890456554.35,shares,0
2021-02-26,127.5,129.44,124.66,124.75,130.58,5641495,712793884.5,shares,0
2021-03-01,126.07,128.98,126.02,128.8,124.75,4311348,550774891.73,shares,0
2021-03-02,132.0,133.25,126.51,128.8,128.8,5491258,709706159.3,shares,0
2021-03-03,128.5,128.5,125.5,127.62,128.8,3335814,422810081.01,shares,0
2021-03-04,128.55,130.02,121.3,121.31,127.62,6817819,848944458.09,shares,0
2021-03-05,121.0,123.5,118.0,121.03,121.31,4210144,510640429.91,shares,0
2021-03-08,121.59,122.49,112.37,112.68,121.03,6142885,718797490.13,shares,0
2021-03-09,112.0,113.89,104.7,104.95,112.68,5544371,599998945.66,shares,0
2021-03-10,109.0,109.88,105.0,105.21,104.95,4271682,459365206.27,shares,0
2021-03-11,106.57,113.5,102.6,111.83,105.21,6394649,698301562.85,shares,0
2021-03-12,111.0,111.0,105.77,106.34,111.83,4851489,520716031.75,shares,0
2021-03-15,106.0,106.71,101.0,102.02,106.34,3930936,403561556.44,shares,0
2021-03-16,103.0,103.77,99.89,102.63,102.02,3013114,307297168.68,shares,0
2021-03-17,102.63,105.52,101.41,104.56,102.63,3369170,350556575.65,shares,0
2021-03-18,104.8,105.4,103.11,104.47,104.56,2481891,258868617.91,shares,0
2021-03-19,101.57,106.58,101.56,104.66,104.47,2802123,292691750.78,shares,0
2021-03-22,104.38,105.55,103.01,105.52,104.66,2114106,221600067.95,shares,0
2021-03-23,106.0,110.57,105.61,105.99,105.52,4299226,463749988.94,shares,0
2021-03-24,104.6,105.0,100.68,100.7,105.99,3688628,376736532.69,shares,0
2021-03-25,98.61,102.47,98.18,98.71,100.7,3351823,336315106.44,shares,0
2021-03-26,99.58,103.56,98.71,103.26,98.71,4979032,504119191.64,shares,0
2021-03-29,103.52,106.5,102.81,104.0,103.26,3209232,335720389.07,shares,0
2021-03-30,104.03,105.55,102.38,102.86,104.0,2777037,287745416.64,shares,0
2021-03-31,103.3,108.35,103.0,107.51,102.86,5414602,573935688.11,shares,0
2021-04-01,108.0,119.0,107.2,114.9,107.51,8802216,1004073627.49,shares,0
2021-04-02,112.0,120.83,112.0,118.88,114.9,10334806,1215914378.71,shares,0
2021-04-06,118.59,119.68,115.8,118.35,118.88,4407488,519071965.52,shares,0
2021-04-07,118.91,126.26,116.73,124.55,118.35,7221398,887535686.41,shares,0
2021-04-08,123.3,126.88,121.11,121.82,124.55,4520629,558061647.47,shares,0
2021-04-09,121.88,123.9,118.6,119.0,121.82,3890519,468479375.5,shares,0
2021-04-12,119.81,122.5,115.71,116.45,119.0,3159342,373848716.66,shares,0
2021-04-13,115.48,118.3,113.25,113.7,116.45,2892906,333994854.71,shares,0
2021-04-14,113.97,116.29,113.25,115.14,113.7,2247559,257744219.11,shares,0
2021-04-15,114.0,121.0,112.5,118.78,115.14,4247366,495755586.42,shares,0
2021-04-16,118.0,120.0,116.28,117.76,118.78,2799082,329700856.13,shares,0
2021-04-19,117.01,123.45,115.5,122.3,117.76,4730784,572228619.63,shares,0
2021-04-20,121.6,123.58,118.7,119.1,122.3,2899141,350209529.39,shares,0
2021-04-21,118.0,120.1,117.03,117.71,119.1,2047797,243174470.62,shares,0
2021-04-22,117.71,122.82,117.71,118.47,117.71,3271582,392993432.86,shares,0
2021-04-23,117.63,120.98,117.12,118.99,118.47,2247422,268111910.43,shares,0
2021-04-26,119.43,122.93,117.5,117.65,118.99,4343836,522108727.33,shares,0
2021-04-27,116.66,116.83,111.47,113.1,117.65,4089894,464828056.35,shares,0
2021-04-28,115.49,115.99,112.88,114.4,113.1,2858724,326317201.2,shares,0
2021-04-29,114.7,120.2,114.37,118.68,114.4,4283979,506432006.42,shares,0
2021-04-30,118.0,119.97,116.28,118.8,118.68,3548012,419716617.84,shares,0
2021-05-06,118.75,119.39,116.51,116.53,118.8,2529208,297739016.84,shares,0
2021-05-07,116.13,117.98,107.71,108.9,116.53,5599165,623274267.22,shares,0
2021-05-10,108.01,109.38,105.48,107.32,108.9,2847560,305087670.95,shares,0
2021-05-11,106.79,108.42,104.5,107.59,107.32,2687470,285868166.96,shares,0
2021-05-12,107.3,110.0,104.82,109.46,107.59,2626106,281480301.16,shares,0
2021-05-13,107.5,116.34,107.33,112.77,109.46,4461088,502737974.91,shares,0
2021-05-14,113.7,122.34,113.0,121.0,112.77,7630706,903971704.56,shares,0
2021-05-17,121.03,124.27,119.91,120.07,121.0,5146420,627883864.88,shares,0
2021-05-18,119.99,125.35,119.07,122.37,120.07,4919528,606904188.57,shares,0
2021-05-19,122.03,125.17,121.01,121.48,122.37,3922044,482135158.67,shares,0
2021-05-20,120.1,123.29,120.02,120.43,121.48,2820121,342053595.03,shares,0
2021-05-21,121.47,122.7,117.19,117.59,120.43,2680586,319328461.82,shares,0
2021-05-24,117.6,119.68,114.63,119.01,117.59,3555887,416233290.16,shares,0
2021-05-25,118.37,123.86,118.37,123.1,119.01,5109541,625016270.2,shares,0
2021-05-26,123.58,129.2,123.58,125.09,123.1,6806581,860773459.93,shares,0
2021-05-27,125.0,134.45,124.5,131.53,125.09,9603011,1255869765.95,shares,0
2021-05-28,130.24,130.4,127.4,128.38,131.53,5567633,716864652.54,shares,0
2021-05-31,130.19,132.2,128.55,130.8,128.38,4803950,625862564.96,shares,0
2021-06-01,130.83,139.9,129.04,137.53,130.8,10486937,1436513410.91,shares,0
2021-06-02,137.2,141.88,134.35,138.61,137.53,6979119,963136654.57,shares,0
2021-06-03,138.3,138.32,132.35,133.21,138.61,5557601,752027546.41,shares,0
2021-06-04,131.0,138.68,130.51,137.09,133.21,5839796,794424576.97,shares,0
2021-06-07,143.0,147.99,138.0,139.76,137.09,9016854,1293044202.38,shares,0
2021-06-08,141.1,141.1,133.87,134.98,139.76,6859700,936283616.55,shares,0
2021-06-09,135.0,138.69,132.5,133.83,134.98,5708510,772294536.7,shares,0
2021-06-10,134.7,139.25,134.7,137.6,133.83,9019247,1236619829.04,shares,0
2021-06-11,137.7,138.6,129.11,129.18,137.6,11213371,1482790597.6,shares,0
2021-06-15,129.32,135.45,126.85,134.21,129.18,11926129,1583418682.64,shares,0
2021-06-16,135.0,139.98,131.02,131.95,134.21,9574744,1295357929.41,shares,0
2021-06-17,132.81,158.34,132.8,153.68,131.95,22277870,3262918530.52,shares,0
2021-06-18,157.49,163.8,153.76,160.76,153.68,17918534,2828888357.92,shares,0
2021-06-21,160.0,162.86,158.2,161.6,160.76,9410624,1511941276.7,shares,0
2021-06-22,161.5,162.89,155.08,157.5,161.6,8205644,1295611371.32,shares,0
2021-06-23,158.88,171.39,155.38,164.18,157.5,13347376,2189835145.28,shares,0
2021-06-24,162.01,166.66,156.66,158.0,164.18,9090962,1457063202.39,shares,0
2021-06-25,159.9,163.0,155.1,162.12,158.0,8795582,1405513555.38,shares,0
2021-06-28,164.2,169.19,160.1,165.7,162.12,9056292,1493603028.69,shares,0
2021-06-29,165.0,166.0,160.03,161.89,165.7,7318702,1186440496.7,shares,0
2021-06-30,162.89,171.36,162.88,165.92,161.89,11108599,1867766189.93,shares,0
2021-07-01,163.0,167.0,156.8,158.99,165.92,9281730,1501378462.84,shares,0
2021-07-02,155.6,156.91,150.33,151.5,158.99,9227073,1412065597.32,shares,0
2021-07-05,158.9,171.33,158.0,162.7,151.5,21415885,3505813746.99,shares,0
2021-07-06,163.61,169.6,156.95,161.18,162.7,13197354,2149122834.96,shares,0
2021-07-07,156.61,166.51,153.98,165.04,161.18,12032607,1940759368.72,shares,0
2021-07-08,165.0,180.58,165.0,177.49,165.04,18515548,3259355639.18,shares,0
2021-07-09,175.56,180.8,170.86,178.04,177.49,12241059,2146432821.95,shares,0
2021-07-12,177.0,181.57,171.6,175.98,178.04,14266433,2506816904.82,shares,0
2021-07-13,174.03,175.96,167.2,168.0,175.98,11064486,1885614605.76,shares,0
2021-07-14,169.79,171.4,164.75,168.0,168.0,8941959,1499793098.81,shares,0
2021-07-15,165.27,168.79,162.11,166.4,168.0,8838488,1457959367.54,shares,0
2021-07-16,168.47,171.98,156.11,156.5,166.4,12256516,2011460954.05,shares,0
2021-07-19,152.5,155.58,149.33,154.8,156.5,8287023,1265681635.66,shares,0
2021-07-20,153.94,155.99,150.88,153.13,154.8,6056366,927782983.1,shares,0
2021-07-21,154.25,169.71,153.5,165.0,153.13,14157193,2305874056.24,shares,0
2021-07-22,167.6,194.3,164.68,191.0,165.0,22108561,3991065578.27,shares,0
2021-07-23,195.31,208.0,193.28,197.04,191.0,19187691,3824140115.27,shares,0
2021-07-26,200.0,215.0,192.0,212.9,197.04,18134701,3672918596.82,shares,0
2021-07-27,208.0,230.85,197.98,200.96,212.9,23889679,5075876187.77,shares,0
2021-07-28,195.0,202.9,183.9,195.65,200.96,14894506,2896593683.98,shares,0
2021-07-29,203.47,226.82,197.3,225.05,195.65,18924981,4014159466.63,shares,0
2021-07-30,219.99,234.97,215.0,229.89,225.05,17059693,3829560647.86,shares,0
2021-08-02,226.0,229.0,202.38,213.8,229.89,16927511,3639728182.43,shares,0
2021-08-03,207.5,209.5,185.66,187.67,213.8,21321118,4151428943.64,shares,0
2021-08-04,189.0,197.55,185.7,195.0,187.67,13259893,2549321109.4,shares,0
2021-08-05,191.84,194.99,185.71,190.78,195.0,8189350,1565842468.25,shares,0
2021-08-06,195.38,198.25,179.08,183.2,190.78,14536621,2699403511.11,shares,0
2021-08-09,178.1,183.7,175.05,182.5,183.2,10442555,1866366180.16,shares,0
2021-08-10,182.51,186.0,175.38,180.55,182.5,9406174,1687365871.92,shares,0
2021-08-11,180.0,187.58,177.49,182.3,180.55,9134268,1670057964.12,shares,0
2021-08-12,180.0,190.83,178.53,185.99,182.3,10138860,1892974587.9,shares,0
2021-08-13,182.98,184.84,171.61,172.95,185.99,10226707,1815504097.18,shares,0
2021-08-16,171.4,179.83,169.0,174.48,172.95,8740262,1531846281.19,shares,0
2021-08-17,173.48,177.5,166.5,167.2,174.48,7941328,1352444690.05,shares,0
2021-08-18,168.64,171.21,165.05,167.9,167.2,7414774,1244670458.06,shares,0
2021-08-19,167.0,176.87,166.01,171.38,167.9,9413801,1627632044.19,shares,0
2021-08-20,171.78,179.65,171.7,174.41,171.38,7447031,1305200522.83,shares,0
2021-08-23,176.01,182.8,171.58,181.46,174.41,8804029,1577615727.47,shares,0
2021-08-24,180.8,186.55,177.8,182.0,181.46,7824581,1430423870.76,shares,0
2021-08-25,185.3,189.49,176.2,178.51,182.0,9521555,1727918765.54,shares,0
2021-08-26,180.68,183.5,171.0,172.16,178.51,9233125,1630556203.67,shares,0
2021-08-27,173.0,176.9,171.01,173.31,172.16,6359090,1103327123.91,shares,0
2021-08-30,172.99,176.7,158.01,159.28,173.31,14959347,2464799493.49,shares,0
2021-08-31,159.6,164.85,155.07,164.85,159.28,11626173,1859771503.12,shares,0
2021-09-01,165.0,165.0,154.0,158.3,164.85,9391596,1481576679.24,shares,0
2021-09-02,155.61,157.33,148.3,149.8,158.3,10822054,1642817333.35,shares,0
2021-09-03,149.8,158.0,149.55,154.52,149.8,9273243,1427255592.31,shares,0
2021-09-06,153.02,161.98,151.45,160.78,154.52,7944843,1266456506.99,shares,0
2021-09-07,159.99,162.8,157.6,159.0,160.78,5336857,850102294.71,shares,0
2021-09-08,160.57,162.66,156.0,159.16,159.0,5559405,884572269.28,shares,0
2021-09-09,158.0,164.3,154.7,161.82,159.16,7938827,1264652227.95,shares,0
2021-09-10,161.03,170.45,158.12,167.32,161.82,10822841,1796039773.33,shares,0
2021-09-13,165.0,165.7,157.33,157.9,167.32,7491151,1197615371.35,shares,0
2021-09-14,156.01,162.47,155.6,157.48,157.9,5791861,921454403.89,shares,0
2021-09-15,156.9,160.87,155.04,158.11,157.48,4097439,650158589.86,shares,0
2021-09-16,156.1,161.6,155.01,159.69,158.11,6459584,1027145152.1,shares,0
2021-09-17,158.0,161.1,153.2,153.2,159.69,5209791,814489982.02,shares,0
2021-09-22,153.17,160.66,152.64,157.75,153.2,4798861,757449109.4,shares,0
2021-09-23,159.14,165.69,155.9,163.01,157.75,7295318,1181683729.95,shares,0
2021-09-24,163.0,165.66,161.21,162.95,163.01,5100271,834559824.63,shares,0
2021-09-27,165.05,167.7,157.77,158.09,162.95,5458880,884889343.6,shares,0
2021-09-28,156.51,163.5,155.15,158.8,158.09,5155050,822929275.14,shares,0
2021-09-29,157.12,158.28,152.6,155.59,158.8,5677894,885187986.29,shares,0
2021-09-30,155.8,157.74,151.6,151.8,155.59,6993456,1075197929.73,shares,0
2021-10-08,154.3,158.36,153.5,154.18,151.8,5522744,858694092.1,shares,0
2021-10-11,154.36,156.0,149.8,150.0,154.18,5608526,854303315.31,shares,0
2021-10-12,149.53,151.97,142.88,144.19,150.0,6511381,951746626.71,shares,0
2021-10-13,144.35,147.68,144.15,145.7,144.19,5992185,873929125.91,shares,0
2021-10-14,145.53,147.56,143.0,145.21,145.7,4459198,649668489.66,shares,0
2021-10-15,146.39,153.94,143.02,153.87,145.21,8484120,1278820582.32,shares,0
2021-10-18,151.81,153.16,148.44,150.48,153.87,4587389,689474001.44,shares,0
2021-10-19,150.17,152.8,149.23,150.9,150.48,3357525,506487627.41,shares,0
2021-10-20,151.01,152.88,149.01,149.85,150.9,3530478,530218927.2,shares,0
2021-10-21,150.0,153.35,148.35,149.95,149.85,4344203,654834235.5,shares,0
2021-10-22,151.7,158.5,151.55,156.8,149.95,7660270,1193149483.26,shares,0
2021-10-25,156.36,157.8,152.77,157.43,156.8,5079251,788436331.61,shares,0
2021-10-26,157.45,158.27,153.65,154.95,157.43,4616844,718911850.74,shares,0
2021-10-27,153.83,155.97,148.94,150.59,154.95,5829193,882785033.14,shares,0
2021-10-28,145.94,150.42,143.11,143.47,150.59,6066134,886054042.85,shares,0
2021-10-29,145.0,157.69,144.66,156.2,143.47,9853420,1513984890.22,shares,0
2021-11-01,157.0,158.56,153.5,157.0,156.2,4856145,759771024.67,shares,0
2021-11-02,157.9,162.9,155.43,156.8,157.0,5923668,940799372.43,shares,0
2021-11-03,159.8,161.53,154.18,157.15,156.8,4886397,770068120.32,shares,0
2021-11-04,157.98,160.3,155.6,156.7,157.15,4219305,664426731.56,shares,0
2021-11-05,159.95,162.25,156.52,157.19,156.7,5552208,882388727.06,shares,0
2021-11-08,156.7,156.7,149.13,151.98,157.19,5424671,826089766.37,shares,0
2021-11-09,152.6,159.05,150.78,158.2,151.98,6748969,1052206700.97,shares,0
2021-11-10,156.07,170.42,155.6,169.36,158.2,13680187,2248797439.81,shares,0
2021-11-11,166.01,180.66,165.28,173.38,169.36,14822403,2564273448.38,shares,0
2021-11-12,170.7,175.6,168.33,169.89,173.38,7065311,1209545710.32,shares,0
2021-11-15,171.66,172.8,165.17,167.68,169.89,6005636,1009513600.18,shares,0
2021-11-16,167.5,169.35,162.6,163.28,167.68,5609659,928554477.38,shares,0
2021-11-17,163.0,165.46,161.3,164.17,163.28,5218223,852808890.51,shares,0
2021-11-18,163.4,165.5,160.5,164.45,164.17,5191015,846023816.92,shares,0
2021-11-19,163.9,165.39,161.78,164.5,164.45,4307674,706344469.94,shares,0
2021-11-22,164.0,170.0,163.0,169.09,164.5,6063379,1020832756.52,shares,0
2021-11-23,168.16,171.0,164.5,164.61,169.09,6075435,1020636469.24,shares,0
2021-11-24,163.3,169.38,161.5,162.42,164.61,5341356,881169680.36,shares,0
2021-11-25,162.71,167.29,161.7,166.4,162.42,5605259,922919321.61,shares,0
2021-11-26,167.0,167.0,160.39,162.0,166.4,4930461,801272881.14,shares,0
2021-11-29,158.9,161.5,158.0,158.2,162.0,4183785,666953091.67,shares,0
2021-11-30,160.0,164.0,159.0,160.03,158.2,5307920,855168701.64,shares,0
2021-12-01,158.9,163.55,158.72,160.24,160.03,3962034,636761189.96,shares,0
2021-12-02,160.24,161.21,151.18,151.97,160.24,8170730,1268045249.14,shares,0
2021-12-03,152.5,157.88,152.26,156.9,151.97,6787949,1056955267.41,shares,0
2021-12-06,156.0,157.8,152.3,153.03,156.9,4471775,690002639.32,shares,0
2021-12-07,153.9,154.89,147.06,149.1,153.03,5228010,781796147.97,shares,0
2021-12-08,149.98,151.99,149.14,150.54,149.1,3926828,590435321.91,shares,0
2021-12-09,150.57,152.85,149.6,152.0,150.54,4823038,730026917.56,shares,0
2021-12-10,151.0,152.0,149.22,150.0,152.0,5915436,887774432.88,shares,0
2021-12-13,150.0,150.99,147.09,147.76,150.0,5437262,807258973.43,shares,0
2021-12-14,148.18,149.88,147.01,148.53,147.76,3437041,511140337.48,shares,0
2021-12-15,148.96,149.75,144.98,145.15,148.53,4456269,652829801.16,shares,0
2021-12-16,145.8,147.57,144.45,145.8,145.15,3339229,486816731.78,shares,0
2021-12-17,145.0,146.0,138.03,138.1,145.8,7899285,1108500545.67,shares,0
2021-12-20,136.29,138.96,132.2,133.05,138.1,6247504,842965694.78,shares,0
2021-12-21,133.02,133.91,129.83,131.92,133.05,4957351,653221174.33,shares,0
2021-12-22,132.61,133.19,130.15,130.3,131.92,4192937,550396346.31,shares,0
2021-12-23,130.01,130.68,127.43,128.45,130.3,5135010,660092440.22,shares,0
2021-12-24,128.53,129.39,125.08,125.8,128.45,4675015,590889273.78,shares,0
2021-12-27,126.0,127.95,125.11,126.18,125.8,3891426,492201293.72,shares,0
2021-12-28,126.5,127.33,123.7,125.36,126.18,4333672,542484598.53,shares,0
2021-12-29,125.81,127.5,123.4,124.05,125.36,4840007,605100743.94,shares,0
2021-12-30,123.07,127.87,123.03,127.14,124.05,6403025,809501623.05,shares,0
2021-12-31,127.18,128.14,125.28,126.6,127.14,5056968,641667179.29,shares,0
2022-01-04,127.11,127.88,118.0,120.11,126.6,19493831,2344618871.66,shares,0
2022-01-05,120.11,120.67,117.08,118.9,120.11,11044191,1303389034.52,shares,0
2022-01-06,118.9,123.55,117.82,121.04,118.9,9641063,1167546933.68,shares,0
2022-01-07,121.46,123.76,120.02,120.7,121.04,6557714,798886495.25,shares,0
2022-01-10,120.5,121.34,115.71,118.66,120.7,6517556,774782134.21,shares,0
2022-01-11,118.88,119.4,114.81,115.03,118.66,6312770,733946501.81,shares,0
2022-01-12,115.56,119.45,115.55,118.88,115.03,7144934,840921274.86,shares,0
2022-01-13,118.12,119.24,116.3,116.52,118.88,4905374,575553698.43,shares,0
2022-01-14,116.8,119.18,116.32,117.3,116.52,5599932,660933680.92,shares,0
2022-01-17,117.99,120.3,117.15,119.61,117.3,6775875,807280244.51,shares,0
2022-01-18,119.61,121.7,117.57,118.37,119.61,7457743,891795393.78,shares,0
2022-01-19,118.0,119.5,115.98,116.86,118.37,4935919,577915788.42,shares,0
2022-01-20,117.0,119.49,114.8,115.2,116.86,5532947,645063781.14,shares,0
2022-01-21,115.0,116.16,112.13,113.15,115.2,5743866,654549644.98,shares,0
2022-01-24,116.15,121.2,115.41,121.0,113.15,11566539,1375142404.72,shares,0
2022-01-25,120.7,122.77,119.89,119.91,121.0,8857846,1073274566.09,shares,0
2022-01-26,120.93,126.76,120.06,125.75,119.91,11217198,1393937384.22,shares,0
2022-01-27,123.0,125.5,120.8,122.88,125.75,7699287,947556709.01,shares,0
2022-01-28,123.78,123.98,118.15,118.71,122.88,7379214,893894369.4,shares,0
2022-02-07,121.5,123.0,119.6,120.03,118.71,5310719,641659813.6,shares,0
2022-02-08,119.1,119.98,112.55,115.19,120.03,8418256,966069127.09,shares,0
2022-02-09,115.0,118.43,114.31,117.99,115.19,5318328,620564990.61,shares,0
2022-02-10,117.99,120.48,116.51,116.68,117.99,5443398,642622609.15,shares,0
2022-02-11,116.46,117.9,114.05,114.56,116.68,4749418,550995396.27,shares,0
2022-02-14,113.3,113.89,110.0,111.39,114.56,5371744,599315521.29,shares,0
2022-02-15,112.52,121.99,111.9,121.99,111.39,11584473,1373444643.3,shares,0
2022-02-16,122.0,125.46,121.3,122.9,121.99,6868425,846316923.59,shares,0
2022-02-17,122.0,126.48,122.0,124.99,122.9,7097798,884030991.68,shares,0
2022-02-18,123.69,127.46,123.01,124.48,124.99,4989752,623519182.07,shares,0
2022-02-21,124.49,124.66,122.2,122.91,124.48,3041414,375044712.24,shares,0
2022-02-22,121.99,125.8,120.57,124.57,122.91,5198755,642432770.63,shares,0
2022-02-23,124.81,132.3,124.81,129.8,124.57,11186471,1451516422.85,shares,0
2022-02-24,129.8,131.97,124.05,127.06,129.8,9610917,1226911866.96,shares,0
2022-02-25,130.0,130.78,126.5,127.8,127.06,6003281,770658270.66,shares,0
2022-02-28,126.95,129.56,126.5,128.08,127.8,4236163,543116880.0,shares,0
2022-03-01,128.0,129.18,126.03,128.9,128.08,4224028,539191024.0,shares,0
2022-03-02,127.9,127.9,125.1,126.91,128.9,4469287,564949088.0,shares,0
2022-03-03,128.98,128.98,124.05,124.08,126.91,4383895,552843008.0,shares,0
2022-03-04,123.0,129.69,122.75,126.05,124.08,6613712,840428352.0,shares,0
2022-03-07,125.01,127.68,122.0,123.28,126.05,5826057,723964400.0,shares,0
2022-03-08,123.0,128.88,121.0,124.5,123.28,7381071,923124176.0,shares,0
2022-03-09,125.0,129.37,122.33,128.14,124.5,9703469,1233614880.0,shares,0
2022-03-10,132.0,133.0,125.7,126.1,128.14,9692483,1250892928.0,shares,0
2022-03-11,123.02,124.35,116.66,120.85,126.1,10445860,1257073104.0,shares,0
2022-03-14,118.89,120.83,117.08,118.8,120.85,3529294,420264064.0,shares,0
2022-03-15,117.99,122.2,116.02,116.2,118.8,6220999,739981712.0,shares,0
2022-03-16,118.51,123.36,114.01,122.68,116.2,7516153,894117392.0,shares,0
2022-03-17,124.77,126.5,122.51,122.51,122.68,7351741,912078432.0,shares,0
2022-03-18,121.6,123.89,120.83,121.56,122.51,3537265,431007749.43,shares,0
2022-03-21,121.21,123.5,120.81,122.01,121.56,3111043,379546503.28,shares,0
2022-03-22,120.86,122.63,118.25,119.82,122.01,4169674,500413681.19,shares,0
2022-03-23,120.5,121.95,119.01,119.47,119.82,3161872,379962009.17,shares,0
2022-03-24,118.52,118.96,115.16,117.35,119.47,3964812,462737700.94,shares,0
2022-03-25,118.38,120.62,115.15,115.2,117.35,4264949,500260194.39,shares,0
2022-03-28,113.8,115.37,113.1,114.68,115.2,2629712,300165656.49,shares,0
2022-03-29,114.72,115.98,112.68,112.8,114.68,2872242,327976442.26,shares,0
2022-03-30,113.88,115.75,113.4,115.49,112.8,3463622,397685003.14,shares,0
2022-03-31,115.72,118.53,114.86,116.45,115.49,5759255,671451605.3,shares,0
2022-04-01,116.0,119.2,115.55,117.2,116.45,3860652,454216584.32,shares,0
2022-04-06,118.0,118.0,113.11,113.94,117.2,4713299,539628106.73,shares,0
2022-04-07,113.92,116.94,113.58,114.3,113.94,3488462,401347770.28,shares,0
2022-04-08,115.02,117.3,113.64,116.19,114.3,4116324,477079830.48,shares,0
2022-04-11,115.39,115.81,111.2,111.5,116.19,3953251,447614957.81,shares,0
2022-04-12,111.0,112.97,106.68,110.69,111.5,5111687,557433734.3,shares,0
2022-04-13,110.0,110.0,106.98,107.1,110.69,3320971,359824636.79,shares,0
2022-04-14,108.17,110.97,101.09,108.1,107.1,7186492,758610885.98,shares,0
2022-04-15,106.0,108.39,105.0,106.65,108.1,3008980,320594313.47,shares,0
2022-04-18,105.87,111.66,105.0,110.0,106.65,5166253,567381488.09,shares,0
2022-04-19,109.74,110.94,107.48,107.78,110.0,3680100,399349603.78,shares,0
2022-04-20,108.5,109.49,105.6,106.2,107.78,2947492,316348957.58,shares,0
2022-04-21,105.15,108.9,104.58,104.79,106.2,3493158,372285206.57,shares,0
2022-04-22,104.5,106.57,102.45,102.45,104.79,3608058,375096419.77,shares,0
2022-04-25,100.48,101.49,96.16,96.16,102.45,5001734,495911123.42,shares,0
2022-04-26,97.0,98.28,92.9,93.8,96.16,4754083,455956094.46,shares,0
2022-04-27,92.85,98.25,91.28,97.86,93.8,4959922,471290117.07,shares,0
2022-04-28,98.99,101.5,98.5,100.01,97.86,6554657,655936371.23,shares,0
2022-04-29,101.97,106.18,99.75,105.0,100.01,5790957,598625067.42,shares,0
2022-05-05,107.1,107.19,103.88,104.25,105.0,5132116,538929168.09,shares,0
2022-05-06,102.0,105.5,101.52,103.92,104.25,3346767,347688846.36,shares,0
2022-05-09,102.01,104.5,101.0,101.36,103.92,2459378,251792855.84,shares,0
2022-05-10,100.01,108.7,99.6,106.5,101.36,6126854,648727842.25,shares,0
2022-05-11,107.71,111.11,105.89,108.91,106.5,6374912,698480694.16,shares,0
2022-05-12,108.17,110.86,108.08,109.39,108.91,3552475,388665758.8,shares,0
2022-05-13,110.25,110.5,108.06,109.36,109.39,2461774,268781932.22,shares,0
2022-05-16,109.98,110.95,106.62,107.1,109.36,2847878,308458444.28,shares,0
2022-05-17,106.88,109.94,106.39,109.51,107.1,3756195,409125395.17,shares,0
2022-05-18,109.59,112.78,108.92,110.52,109.51,4357635,483821456.2,shares,0
2022-05-19,108.2,113.95,108.08,112.2,110.52,4326302,483629338.72,shares,0
2022-05-20,111.3,113.78,110.18,113.58,112.2,4423634,496164263.2,shares,0
2022-05-23,113.39,113.89,111.84,112.8,113.58,2554608,287926263.99,shares,0
2022-05-24,112.8,113.77,108.77,109.0,112.8,3501822,389332747.72,shares,0
2022-05-25,108.94,110.38,107.8,108.25,109.0,2786317,303084517.82,shares,0
2022-05-26,108.22,109.3,106.53,108.0,108.25,2559647,275768839.93,shares,0
2022-05-27,108.4,109.78,105.51,106.36,108.0,3370865,361761720.16,shares,0
2022-05-30,106.82,110.32,105.98,109.39,106.36,4049881,442108779.08,shares,0
2022-05-31,109.52,116.34,107.2,115.44,109.39,7306095,819577203.69,shares,0
2022-06-01,115.3,117.3,114.47,116.3,115.44,7596661,882401825.18,shares,0
2022-06-02,117.0,124.97,115.55,123.47,116.3,12706214,1545212390.19,shares,0
2022-06-06,123.9,128.1,121.9,127.33,123.47,9748368,1233598009.13,shares,0
2022-06-07,126.0,127.5,124.67,126.8,127.33,6033566,760576853.59,shares,0
2022-06-08,126.76,127.77,124.01,126.72,126.8,5375107,676656491.65,shares,0
2022-06-09,126.45,126.45,122.16,122.63,126.72,6613261,816037695.4,shares,0
2022-06-10,122.1,129.18,122.01,126.67,122.63,10951570,1383709773.84,shares,0
2022-06-13,124.88,127.56,123.54,125.07,126.67,5770618,722553975.13,shares,0
2022-06-14,123.0,124.37,118.61,121.2,125.07,7794565,939652038.31,shares,0
2022-06-15,121.6,124.49,120.11,120.7,121.2,4903155,599896580.86,shares,0
2022-06-16,121.5,123.85,120.35,120.92,120.7,4086570,498031587.3,shares,0
2022-06-17,119.24,121.96,118.3,121.24,120.92,4565335,548272963.88,shares,0
2022-06-20,122.42,122.85,120.1,120.4,121.24,4247240,514472914.56,shares,0
2022-06-21,120.6,122.95,118.31,121.28,120.4,4801096,579891882.23,shares,0
2022-06-22,121.0,121.0,114.88,114.88,121.28,6362867,746463223.05,shares,0
2022-06-23,115.2,117.55,115.01,117.02,114.88,4087548,475019257.23,shares,0
2022-06-24,117.4,119.71,115.8,117.2,117.02,4339090,510758239.75,shares,0
2022-06-27,118.79,119.2,115.91,116.06,117.2,4859466,569697835.03,shares,0
2022-06-28,116.06,121.88,113.3,121.14,116.06,7236796,853026862.6,shares,0
2022-06-29,120.5,123.75,116.11,116.15,121.14,6709560,803625417.84,shares,0
2022-06-30,116.27,118.48,114.88,116.75,116.15,5261271,614329792.46,shares,0
2022-07-01,116.09,118.01,114.81,116.26,116.75,4037169,469429594.12,shares,0
2022-07-04,114.7,114.7,109.01,110.95,116.26,7268353,807389744.86,shares,0
2022-07-05,111.0,113.76,109.1,111.1,110.95,4699478,524076812.33,shares,0
2022-07-06,116.0,133.0,116.0,126.42,111.1,23563823,2984451688.61,shares,0
2022-07-07,127.88,128.71,122.98,125.59,126.42,10106573,1268312869.21,shares,0
2022-07-08,126.83,127.5,124.0,125.51,125.59,7490158,943565940.91,shares,0
2022-07-11,125.0,125.43,119.83,121.77,125.51,6570589,801627550.2,shares,0
2022-07-12,122.22,123.56,114.77,114.8,121.77,8767315,1022421342.86,shares,0
2022-07-13,114.45,115.94,112.38,112.63,114.8,4643533,527135402.88,shares,0
2022-07-14,112.05,114.99,111.76,113.39,112.63,4847195,550343609.04,shares,0
2022-07-15,112.8,118.35,112.51,114.3,113.39,6242516,720692767.49,shares,0
2022-07-18,114.35,116.38,111.0,114.98,114.3,5106370,584125964.73,shares,0
2022-07-19,114.5,114.98,109.35,112.04,114.98,7410639,828232239.32,shares,0
2022-07-20,112.5,115.89,111.89,113.32,112.04,5879701,668339166.96,shares,0
2022-07-21,114.5,127.55,113.39,121.2,113.32,16061264,1978815093.38,shares,0
2022-07-22,123.62,124.7,120.23,121.99,121.2,7242709,883983626.4,shares,0
2022-07-25,121.0,126.99,120.73,122.36,121.99,5678624,702593415.25,shares,0
2022-07-26,123.0,126.8,120.8,125.28,122.36,6607951,822002260.62,shares,0
2022-07-27,122.58,124.98,120.73,121.72,125.28,5575503,682122475.56,shares,0
2022-07-28,124.5,125.71,122.77,123.0,121.72,5352044,665083832.86,shares,0
2022-07-29,122.52,124.0,120.98,121.34,123.0,5761749,705011463.87,shares,0
2022-08-01,120.43,127.68,118.9,126.86,121.34,10541872,1327587668.81,shares,0
2022-08-02,125.22,133.99,125.16,130.3,126.86,15238365,1990407085.08,shares,0
2022-08-03,133.0,140.6,127.8,133.3,130.3,18022696,2415373683.2,shares,0
2022-08-04,133.99,139.0,133.5,136.0,133.3,10359644,1414641804.0,shares,0
2022-08-05,137.1,147.85,136.01,147.5,136.0,18011524,2573535307.0,shares,0
2022-08-08,146.56,150.48,141.88,144.9,147.5,13161876,1925745993.0,shares,0
2022-08-09,144.9,145.0,138.51,144.21,144.9,11165506,1576751418.0,shares,0
2022-08-10,140.98,150.0,140.13,143.8,144.21,11072666,1617199070.0,shares,0
2022-08-11,146.9,149.86,145.0,146.75,143.8,10605092,1562107354.0,shares,0
2022-08-12,146.16,148.0,142.69,142.69,146.75,7703643,1117214642.0,shares,0
2022-08-15,143.35,144.0,139.43,139.81,142.69,6624196,931940518.23,shares,0
2022-08-16,139.82,141.5,137.91,138.69,139.81,5922858,827370409.54,shares,0
2022-08-17,139.47,140.5,137.8,139.0,138.69,4981453,692728923.81,shares,0
2022-08-18,139.67,141.1,137.5,139.8,139.0,9896181,1382174017.03,shares,0
2022-08-19,139.4,142.65,136.41,136.8,139.8,5957856,829274393.69,shares,0
2022-08-22,137.02,141.6,136.6,139.6,136.8,5902972,825286676.54,shares,0
2022-08-23,139.3,139.85,135.8,136.12,139.6,5359559,735582533.87,shares,0
2022-08-24,136.1,136.5,130.1,130.81,136.12,6993983,924232652.97,shares,0
2022-08-25,131.09,132.25,128.5,129.95,130.81,3676090,477760369.22,shares,0
2022-08-26,130.97,131.58,125.72,125.72,129.95,4991601,636525731.78,shares,0
2022-08-29,124.49,127.49,123.93,125.57,125.72,5595070,703108929.61,shares,0
2022-08-30,124.78,127.38,124.48,125.3,125.57,4541001,570228825.58,shares,0
2022-08-31,125.3,126.33,122.5,123.18,125.3,3995826,494578513.51,shares,0
2022-09-01,124.3,126.66,121.0,121.7,123.18,5308733,653995261.61,shares,0
2022-09-02,122.14,125.47,121.07,123.51,121.7,4429715,548260190.51,shares,0
2022-09-05,122.8,124.1,120.1,122.5,123.51,3600495,439911166.98,shares,0
2022-09-06,122.5,124.31,121.47,123.21,122.5,3816013,468661954.42,shares,0
2022-09-07,124.0,129.5,124.0,127.65,123.21,9692288,1234773169.16,shares,0
2022-09-08,126.8,130.8,126.5,128.26,127.65,5819133,747872582.53,shares,0
2022-09-09,128.14,128.37,122.29,125.77,128.26,6010804,749767436.56,shares,0
2022-09-13,125.75,130.25,124.5,125.2,125.77,4409999,559626584.06,shares,0
2022-09-14,123.0,129.9,122.68,128.27,125.2,7251815,924096058.12,shares,0
2022-09-15,129.51,132.68,125.51,126.98,128.27,7557825,971608983.02,shares,0
2022-09-16,126.11,132.44,126.11,129.14,126.98,7999156,1037797912.51,shares,0
2022-09-19,129.15,130.99,121.98,122.07,129.14,7924119,989915339.44,shares,0
2022-09-20,122.7,124.21,118.26,123.1,122.07,5201256,634504455.76,shares,0
2022-09-21,121.84,123.25,116.5,116.65,123.1,6221959,740160421.23,shares,0
2022-09-22,115.5,117.88,115.12,116.79,116.65,5874955,685052278.82,shares,0
2022-09-23,117.42,117.48,112.23,113.0,116.79,5426423,616005508.92,shares,0
2022-09-26,111.86,114.82,111.68,113.6,113.0,3803958,432696872.3,shares,0
2022-09-27,113.57,115.45,112.09,114.17,113.6,4593540,521636378.83,shares,0
2022-09-28,113.6,113.7,110.18,110.5,114.17,4025226,447881648.91,shares,0
2022-09-29,111.87,112.35,110.15,110.62,110.5,2589754,287600950.54,shares,0
2022-09-30,110.6,111.43,107.5,107.87,110.62,3461716,377734057.03,shares,0
2022-10-10,102.0,102.0,86.38,86.94,107.87,18455111,1685239352.78,shares,0
2022-10-11,86.7,86.7,80.12,81.22,86.94,18217339,1496752766.25,shares,0
2022-10-12,80.13,81.48,76.7,81.22,81.22,16962520,1342050089.87,shares,0
2022-10-13,79.21,83.58,78.5,80.15,81.22,11536615,934355133.05,shares,0
2022-10-14,81.49,83.66,79.41,82.4,80.15,11873075,971533027.25,shares,0
2022-10-17,81.47,87.33,81.08,86.45,82.4,13165585,1118396278.81,shares,0
2022-10-18,86.35,86.86,84.5,85.76,86.45,8929562,765861633.7,shares,0
2022-10-19,85.06,88.2,85.06,86.41,85.76,9042580,784582000.82,shares,0
2022-10-20,85.4,101.66,85.4,100.0,86.41,21010266,1977778674.71,shares,0
2022-10-21,96.5,98.33,93.43,95.98,100.0,11729994,1118514845.34,shares,0
2022-10-24,95.95,100.0,95.58,97.04,95.98,9704397,949626606.51,shares,0
2022-10-25,96.03,102.58,95.51,100.9,97.04,10534064,1047634360.47,shares,0
2022-10-26,100.51,105.18,98.5,102.72,100.9,8293067,848104077.55,shares,0
2022-10-27,102.11,107.48,100.2,104.8,102.72,9809880,1017313479.86,shares,0
2022-10-28,105.0,108.5,104.09,106.75,104.8,11762967,1256459420.7,shares,0
2022-10-31,108.5,114.47,108.01,110.99,106.75,9663571,1076046588.98,shares,0
2022-11-01,110.0,113.1,108.0,110.07,110.99,7338169,806850461.63,shares,0
2022-11-02,109.33,112.98,108.6,110.7,110.07,7215402,799937259.41,shares,0
2022-11-03,109.7,115.86,109.01,115.17,110.7,8536364,974624069.3,shares,0
2022-11-04,115.0,116.08,112.56,114.39,115.17,7868235,897117564.72,shares,0
2022-11-07,113.08,115.76,108.0,109.23,114.39,12678380,1401583050.12,shares,0
2022-11-08,108.75,110.0,107.02,109.0,109.23,6572833,711685210.11,shares,0
2022-11-09,109.5,110.6,107.75,107.78,109.0,4768671,520476235.68,shares,0
2022-11-10,107.3,108.9,103.35,103.78,107.78,10335949,1085602643.01,shares,0
2022-11-11,108.91,109.99,105.2,105.2,103.78,7110219,762098651.36,shares,0
2022-11-14,105.33,109.99,103.52,105.82,105.2,7709296,823497438.82,shares,0
2022-11-15,105.3,113.4,104.66,109.0,105.82,14925546,1636088583.55,shares,0
2022-11-16,108.97,109.49,106.11,106.96,109.0,6887033,741996754.47,shares,0
2022-11-17,102.0,104.48,97.07,104.48,106.96,15354277,1542858450.33,shares,0
2022-11-18,103.76,107.48,102.89,103.09,104.48,6844583,715633684.69,shares,0
2022-11-21,102.09,104.98,101.39,102.84,103.09,4049443,416276121.64,shares,0
2022-11-22,102.5,103.6,99.03,101.94,102.84,5665183,574833672.8,shares,0
2022-11-23,101.26,102.0,97.91,100.94,101.94,6170428,616457623.56,shares,0
2022-11-24,101.79,101.9,99.4,100.45,100.94,3826593,384350058.76,shares,0
2022-11-25,100.28,103.4,98.2,98.2,100.45,5670857,567453474.89,shares,0
2022-11-28,96.0,98.5,95.5,97.86,98.2,3496134,341610592.58,shares,0
2022-11-29,98.84,99.84,96.43,99.41,97.86,5607627,550946838.97,shares,0
2022-11-30,99.13,100.32,97.2,98.4,99.41,4450464,439740206.23,shares,0
2022-12-01,99.88,102.7,99.09,100.33,98.4,5977771,603977404.59,shares,0
2022-12-02,100.1,101.3,99.0,99.24,100.33,3321675,332171849.26,shares,0
2022-12-05,100.15,101.63,99.12,101.35,99.24,5765718,579371916.28,shares,0
2022-12-06,102.0,106.0,101.0,103.96,101.35,9414030,980050425.03,shares,0
2022-12-07,104.33,105.79,103.01,104.87,103.96,7005446,733071513.14,shares,0
2022-12-08,105.2,105.8,102.2,102.59,104.87,4726758,489614432.85,shares,0
2022-12-09,103.0,107.65,103.0,107.0,102.59,10971608,1166991860.31,shares,0
2022-12-12,107.0,109.46,106.0,108.22,107.0,8432648,910902756.79,shares,0
2022-12-13,107.51,108.58,105.55,106.29,108.22,4490133,479546454.24,shares,0
2022-12-14,113.0,115.0,108.58,109.15,106.29,13625356,1509006139.66,shares,0
2022-12-15,110.0,112.87,108.0,110.23,109.15,8159768,909688478.17,shares,0
2022-12-16,108.48,110.16,106.66,109.99,110.23,6114383,660955879.65,shares,0
2022-12-19,108.98,109.97,105.57,106.13,109.99,4074484,436867634.84,shares,0
2022-12-20,105.94,108.0,105.55,105.89,106.13,3403203,363228594.0,shares,0
2022-12-21,105.55,106.8,103.4,104.27,105.89,3102860,325258304.7,shares,0
2022-12-22,105.0,105.17,101.1,101.58,104.27,3703491,380484780.09,shares,0
2022-12-23,100.0,102.3,99.55,100.77,101.58,3329016,335484092.95,shares,0
2022-12-26,100.75,103.22,99.81,103.08,100.77,2851493,291776540.52,shares,0
2022-12-27,103.0,104.3,101.3,103.99,103.08,3400319,349493894.45,shares,0
2022-12-28,102.9,103.0,98.98,99.0,103.99,5586739,559158578.21,shares,0
2022-12-29,98.18,100.81,97.97,99.65,99.0,3397033,337655155.24,shares,0
2022-12-30,100.0,101.5,97.63,98.01,99.65,4164637,411560892.65,shares,0
2023-01-03,97.8,100.37,96.31,99.9,98.01,4462454,439930465.71,shares,0
2023-01-04,100.1,102.5,98.17,98.66,99.9,4499788,449586966.12,shares,0
2023-01-05,98.42,100.56,97.52,99.45,98.66,4525097,448309078.61,shares,0
2023-01-06,98.45,101.21,97.8,99.49,99.45,4348818,433186414.96,shares,0
2023-01-09,100.0,100.98,97.02,98.6,99.49,6353311,627671005.12,shares,0
2023-01-10,98.5,101.14,98.03,100.14,98.6,4596078,459526107.5,shares,0
2023-01-11,100.28,104.86,99.87,100.03,100.14,7116615,731574515.45,shares,0
2023-01-12,99.55,100.15,98.28,99.25,100.03,3279530,325232996.76,shares,0
2023-01-13,99.48,100.15,98.58,100.15,99.25,2784185,276986028.73,shares,0
2023-01-16,99.35,105.1,99.0,104.66,100.15,7321341,755973820.4,shares,0
2023-01-17,104.98,107.14,104.61,106.32,104.66,5976204,633894612.64,shares,0
2023-01-18,107.0,107.5,105.88,106.36,106.32,3500801,373102283.09,shares,0
2023-01-19,105.9,109.3,105.5,108.93,106.36,4749987,514125051.91,shares,0
2023-01-20,108.4,109.6,107.55,108.35,108.93,3557801,385523769.57,shares,0
2023-01-30,110.1,110.4,105.23,106.9,108.35,6388282,685271208.96,shares,0
2023-01-31,107.43,107.98,104.0,104.89,106.9,5168064,543923223.47,shares,0
2023-02-01,105.2,106.94,104.58,105.79,104.89,6399180,675086152.26,shares,0
2023-02-02,106.65,110.57,106.65,108.93,105.79,12503261,1358628729.12,shares,0
2023-02-03,107.88,109.39,106.06,108.2,108.93,5507704,592763461.86,shares,0
2023-02-06,107.7,108.88,106.74,107.33,108.2,4954693,532985283.97,shares,0
2023-02-07,107.5,107.99,104.0,104.65,107.33,6599660,693387200.15,shares,0
2023-02-08,104.49,106.47,104.29,104.95,104.65,4685420,493700584.05,shares,0
2023-02-09,104.23,109.2,103.64,108.81,104.95,10038221,1076503869.78,shares,0
2023-02-10,109.0,110.6,108.19,109.35,108.81,6249652,683623919.4,shares,0
2023-02-13,108.9,109.96,107.1,109.8,109.35,5939866,646089791.07,shares,0
2023-02-14,110.0,113.74,108.33,109.31,109.8,7039537,780057573.42,shares,0
2023-02-15,109.16,113.26,109.01,112.47,109.31,9172790,1026849834.17,shares,0
2023-02-16,112.09,113.99,109.45,110.3,112.47,8572045,963330549.34,shares,0
2023-02-17,109.98,110.29,104.82,104.82,110.3,7220149,771756343.57,shares,0
2023-02-20,104.13,108.1,104.08,107.88,104.82,5042264,535552494.9,shares,0
2023-02-21,107.21,108.8,106.6,108.02,107.88,2808475,302191286.15,shares,0
2023-02-22,107.01,109.48,106.75,108.49,108.02,4007728,433666778.37,shares,0
2023-02-23,107.83,109.39,107.78,108.43,108.49,3206790,347972197.69,shares,0
2023-02-24,109.48,110.0,106.6,106.95,108.43,3316731,358068609.69,shares,0
2023-02-27,107.1,107.6,103.8,104.34,106.95,5139711,538705082.21,shares,0
2023-02-28,105.1,105.5,103.58,105.3,104.34,3007880,314498842.33,shares,0
2023-03-01,104.86,106.69,104.7,106.27,105.3,2727130,288180699.27,shares,0
2023-03-02,106.3,111.08,106.3,109.3,106.27,6149289,671597667.98,shares,0
2023-03-03,113.0,120.3,113.0,119.19,109.3,14609660,1717427897.77,shares,0
2023-03-06,119.2,124.99,117.99,123.24,119.19,13985430,1704743649.93,shares,0
2023-03-07,122.45,124.33,119.0,119.25,123.24,8797783,1070193211.0,shares,0
2023-03-08,120.93,126.38,119.11,124.0,119.25,11156562,1377872354.28,shares,0
2023-03-09,125.0,128.3,124.25,124.25,124.0,13255364,1670378857.56,shares,0
2023-03-10,122.83,126.53,122.5,123.5,124.25,10202717,1273431251.19,shares,0
2023-03-13,122.28,126.5,119.85,122.0,123.5,11285089,1379691433.71,shares,0
2023-03-14,122.0,127.4,121.1,126.18,122.0,13692660,1706234998.65,shares,0
2023-03-15,125.5,129.36,124.08,124.7,126.18,11298780,1423597942.59,shares,0
2023-03-16,122.9,125.9,120.13,121.26,124.7,9232124,1130660197.65,shares,0
2023-03-17,123.1,125.12,120.7,124.22,121.26,11421945,1407845966.53,shares,0
2023-03-20,125.1,136.08,124.01,130.65,124.22,16786734,2187478957.96,shares,0
2023-03-21,130.65,133.36,128.21,131.03,130.65,8871859,1154636341.08,shares,0
2023-03-22,133.0,136.0,131.0,132.6,131.03,11726941,1565904917.67,shares,0
2023-03-23,131.2,135.5,130.3,133.87,132.6,11174814,1482064473.89,shares,0
2023-03-24,133.9,133.9,127.52,128.14,133.87,12113639,1568048521.6,shares,0
2023-03-27,127.1,131.28,126.37,128.41,128.14,7381492,950728890.67,shares,0
2023-03-28,128.02,130.93,126.1,128.2,128.41,8060178,1038907058.05,shares,0
2023-03-29,128.18,142.55,126.66,138.35,128.2,18113703,2472651802.09,shares,0
2023-03-30,138.9,141.17,136.83,139.99,138.35,10601128,1474736607.4,shares,0
2023-03-31,139.97,149.39,138.03,147.51,139.99,19444391,2818931501.19,shares,0
2023-04-03,151.0,166.66,151.0,163.9,147.51,20402385,3267723316.6,shares,0
2023-04-04,161.8,175.74,161.01,165.8,163.9,23159721,3920204339.6,shares,0
2023-04-06,168.36,179.63,168.0,172.8,165.8,24213380,4236360921.25,shares,0
2023-04-07,174.5,181.97,170.26,180.2,172.8,16923647,2994374581.13,shares,0
2023-04-10,180.9,190.84,174.12,175.08,180.2,25062775,4538046242.89,shares,0
2023-04-11,177.47,179.92,164.0,168.43,175.08,25670106,4373905409.99,shares,0
2023-04-12,166.5,172.3,166.0,167.9,168.43,14092318,2384859419.5,shares,0
2023-04-13,165.94,174.59,165.0,166.74,167.9,15903143,2694717712.48,shares,0
2023-04-14,171.97,189.96,166.86,189.5,166.74,29252798,5250353666.31,shares,0
2023-04-17,188.5,198.28,186.51,190.88,189.5,22056331,4242641978.05,shares,0
2023-04-18,182.02,185.69,176.94,183.94,190.88,21811910,3967308411.47,shares,0
2023-04-19,184.46,196.37,184.01,186.85,183.94,19804512,3750685194.3,shares,0
2023-04-20,186.31,199.81,186.31,193.01,186.85,19695639,3820096030.53,shares,0
2023-04-21,194.2,199.39,184.0,184.0,193.01,16259249,3111294249.63,shares,0
2023-04-24,188.0,191.77,179.5,187.15,184.0,15773040,2931345363.08,shares,0
2023-04-25,189.14,190.18,174.41,179.0,187.15,22635651,4074430530.68,shares,0
2023-04-26,178.97,181.0,169.23,175.5,179.0,16504191,2890759373.52,shares,0
2023-04-27,173.01,185.8,172.38,177.9,175.5,12242975,2194679076.69,shares,0
2023-04-28,178.5,184.96,175.01,181.45,177.9,12974002,2323806576.08,shares,0
2023-05-04,175.8,176.99,165.01,168.69,181.45,18387071,3105303955.71,shares,0
2023-05-05,168.69,173.16,168.18,170.3,168.69,9473453,1615274557.63,shares,0
2023-05-08,170.6,178.17,166.5,174.59,170.3,10553057,1837950789.0,shares,0
2023-05-09,174.7,177.77,165.52,167.8,174.59,12360081,2092193016.15,shares,0
2023-05-10,166.0,169.48,163.58,166.7,167.8,9276008,1543435771.48,shares,0
2023-05-11,169.49,172.63,167.38,167.91,166.7,6741610,1143693269.26,shares,0
2023-05-12,169.98,175.79,167.2,168.58,167.91,9266190,1588498203.06,shares,0
2023-05-15,166.83,167.94,155.9,160.16,168.58,18559490,2971086353.08,shares,0
2023-05-16,161.68,164.0,158.22,162.82,160.16,11317412,1834266211.02,shares,0
2023-05-17,161.95,168.15,161.95,163.45,162.82,9658933,1596069616.46,shares,0
2023-05-18,163.6,165.55,161.14,164.0,163.45,7920435,1294368190.27,shares,0
2023-05-19,166.21,168.28,161.0,163.66,164.0,8903895,1460919327.62,shares,0
2023-05-22,165.99,167.5,159.0,162.69,163.66,7370558,1193599456.09,shares,0
2023-05-23,161.32,161.98,158.0,158.5,162.69,5664845,903085749.18,shares,0
2023-05-24,157.7,163.19,154.51,158.58,158.5,8816083,1399927339.18,shares,0
2023-05-25,159.45,161.3,156.65,159.65,158.58,5939489,944533449.67,shares,0
2023-05-26,161.0,166.8,160.0,164.53,159.65,9648834,1581512164.76,shares,0
2023-05-29,165.33,174.35,163.5,171.8,164.53,13045127,2226213692.62,shares,0
2023-05-30,171.8,175.78,169.05,173.89,171.8,9681046,1670550302.62,shares,0
2023-05-31,173.0,174.7,170.66,173.34,173.89,8560057,1477058131.29,shares,0
2023-06-01,172.0,174.88,170.05,171.26,173.34,6708755,1156349822.42,shares,0
2023-06-02,171.52,175.6,171.0,171.92,171.26,5919681,1024297141.15,shares,0
2023-06-05,179.2,185.5,174.57,175.3,171.92,14155493,2545496655.6,shares,0
2023-06-06,170.31,170.62,163.8,164.3,175.3,11505149,1930135491.4,shares,0
2023-06-07,164.0,164.96,151.2,154.05,164.3,18646696,2921917579.18,shares,0
2023-06-08,152.84,154.49,148.24,152.11,154.05,10059052,1525057844.58,shares,0
2023-06-09,152.72,153.32,146.04,152.29,152.11,13770773,2061440153.57,shares,0
2023-06-12,150.02,157.43,149.3,151.75,152.29,9834784,1509083756.57,shares,0
2023-06-13,152.8,160.02,152.2,158.48,151.75,12703727,1983049693.99,shares,0
2023-06-14,158.53,168.0,158.51,164.86,158.48,10591431,1743267302.59,shares,0
2023-06-15,165.66,166.58,160.91,163.48,164.86,6979179,1138357174.83,shares,0
2023-06-16,163.16,170.98,162.67,169.9,163.48,9703334,1626615459.62,shares,0
2023-06-19,170.5,170.96,166.31,168.8,169.9,6940399,1165786632.6,shares,0
2023-06-20,168.0,171.8,165.64,165.8,168.8,6964459,1171272255.64,shares,0
2023-06-21,165.68,166.47,157.0,158.0,165.8,10397194,1667046851.3,shares,0
2023-06-26,157.83,163.23,155.07,159.6,158.0,7381183,1177045199.88,shares,0
2023-06-27,161.05,161.2,150.38,151.5,159.6,11097411,1706993606.39,shares,0
2023-06-28,152.27,161.3,152.27,155.5,151.5,9384229,1465403651.33,shares,0
2023-06-29,155.26,159.69,154.2,155.06,155.5,5103486,796085427.53,shares,0
2023-06-30,153.82,158.28,152.56,156.45,155.06,6194173,965246356.03,shares,0
2023-07-03,158.35,162.45,152.2,153.2,156.45,9175412,1430284361.41,shares,0
2023-07-04,153.58,156.95,151.85,154.33,153.2,4939068,761126373.9,shares,0
2023-07-05,154.01,154.85,149.6,150.98,154.33,6995535,1058272415.13,shares,0
2023-07-06,150.0,150.9,148.0,150.6,150.98,4623709,692308120.79,shares,0
2023-07-07,149.5,152.5,148.31,149.33,150.6,4433129,666363755.76,shares,0
2023-07-10,149.0,149.48,145.0,146.76,149.33,6047405,888197786.19,shares,0
2023-07-11,147.2,149.7,145.6,148.48,146.76,5550584,819877012.13,shares,0
2023-07-12,147.8,148.0,142.01,142.68,148.48,10951366,1581936189.46,shares,0
2023-07-13,144.0,146.0,143.0,144.55,142.68,5467199,790596182.8,shares,0
2023-07-14,144.6,146.43,143.72,144.39,144.55,4864873,703632894.6,shares,0
2023-07-17,146.36,146.51,138.41,139.8,144.39,10505691,1475463022.61,shares,0
2023-07-18,139.94,141.66,138.68,138.87,139.8,6020288,842898850.5,shares,0
2023-07-19,138.36,139.86,136.55,137.0,138.87,5584692,768658207.53,shares,0
2023-07-20,137.99,138.3,135.59,136.0,137.0,4993555,683478841.84,shares,0
2023-07-21,136.18,136.18,132.48,133.4,136.0,5929217,793802636.78,shares,0
2023-07-24,133.39,134.83,131.5,132.09,133.4,6024685,799623334.16,shares,0
2023-07-25,134.8,135.87,132.1,134.66,132.09,6504484,870481162.05,shares,0
2023-07-26,134.68,139.48,133.88,136.94,134.66,9470576,1302135970.27,shares,0
2023-07-27,137.08,138.7,135.3,136.27,136.94,6399180,878542969.6,shares,0
2023-07-28,135.61,141.23,135.6,138.59,136.27,8435065,1173582752.45,shares,0
2023-07-31,137.9,144.88,137.77,142.82,138.59,8714832,1236665678.84,shares,0
2023-08-01,143.59,144.5,139.8,141.43,142.82,5547333,783710880.07,shares,0
2023-08-02,141.45,146.0,140.8,143.5,141.43,7433936,1071359402.43,shares,0
2023-08-03,142.0,145.79,141.5,144.86,143.5,5592449,806760080.56,shares,0
2023-08-04,145.51,147.0,140.95,142.29,144.86,7146555,1020918434.19,shares,0
2023-08-07,141.78,144.62,141.3,143.15,142.29,3876325,555591545.39,shares,0
2023-08-08,142.47,145.25,142.47,143.16,143.15,3156710,453894016.57,shares,0
2023-08-09,142.45,143.5,139.58,140.5,143.16,4195349,590435624.12,shares,0
2023-08-10,140.9,144.5,140.43,143.54,140.5,4960317,710980190.49,shares,0
2023-08-11,143.9,143.9,138.33,139.58,143.54,5636717,791979641.14,shares,0
2023-08-14,137.34,140.89,137.3,138.18,139.58,3395710,469847491.77,shares,0
2023-08-15,138.97,139.26,133.5,135.5,138.18,5520047,748438236.43,shares,0
2023-08-16,135.05,138.09,133.45,133.52,135.5,4723925,639393656.14,shares,0
2023-08-17,132.96,135.83,132.26,135.41,133.52,3994485,537461383.26,shares,0
2023-08-18,138.0,138.3,132.59,134.5,135.41,5000502,677756078.95,shares,0
2023-08-21,134.54,138.75,133.63,135.15,134.5,4437773,603338528.12,shares,0
2023-08-22,136.77,139.0,132.16,138.14,135.15,6065605,824699177.57,shares,0
2023-08-23,137.64,137.78,129.21,129.32,138.14,7539567,995041976.65,shares,0
2023-08-24,129.92,136.0,129.35,133.8,129.32,6372951,848458391.74,shares,0
2023-08-25,133.68,134.0,129.37,130.55,133.8,5336443,699027060.04,shares,0
2023-08-28,140.0,142.41,130.03,130.56,130.55,8785150,1192162160.67,shares,0
2023-08-29,133.0,139.43,130.56,138.8,130.56,8884146,1207971397.11,shares,0
2023-08-30,143.0,149.55,141.75,146.79,138.8,14346377,2105123146.48,shares,0
2023-08-31,146.1,152.8,145.72,152.34,146.79,13537826,2039913391.12,shares,0
2023-09-01,153.2,159.8,149.3,151.57,152.34,12789915,1961605641.51,shares,0
2023-09-04,152.85,152.99,146.16,149.47,151.57,13872457,2058508243.67,shares,0
2023-09-05,149.49,151.15,147.69,148.86,149.47,10346464,1549225102.85,shares,0
2023-09-06,149.52,158.88,148.25,158.48,148.86,15095230,2324076995.95,shares,0
2023-09-07,155.87,155.88,147.51,148.16,158.48,13213337,1996680692.27,shares,0
2023-09-08,147.03,153.55,147.03,151.0,148.16,8356417,1258204965.13,shares,0
2023-09-11,149.99,150.48,147.68,148.88,151.0,6622016,986455561.59,shares,0
2023-09-12,147.71,149.14,145.5,147.45,148.88,5116009,754569480.09,shares,0
2023-09-13,146.85,151.3,145.0,147.06,147.45,5591522,824638807.05,shares,0
2023-09-14,146.0,147.0,142.7,143.8,147.06,5570314,802448279.42,shares,0
2023-09-15,143.99,147.72,141.32,144.59,143.8,6275543,909750828.9,shares,0
2023-09-18,143.5,143.91,139.79,140.38,144.59,5685469,803606428.59,shares,0
2023-09-19,140.28,141.68,136.5,140.78,140.38,5277531,737025421.8,shares,0
2023-09-20,139.87,140.68,137.58,138.58,140.78,4015677,557471058.81,shares,0
2023-09-21,138.59,139.2,136.82,137.22,138.58,3230489,445271161.12,shares,0
2023-09-22,136.41,141.67,136.03,141.12,137.22,6322371,885282790.29,shares,0
2023-09-25,140.11,144.91,139.32,142.4,141.12,6153395,876267290.38,shares,0
2023-09-26,141.71,145.0,140.4,142.38,142.2,4157189,593590333.72,shares,0
2023-09-27,142.01,144.5,137.7,139.98,142.38,5644115,794687460.28,shares,0
2023-09-28,140.06,152.0,138.89,150.55,139.98,11590769,1699840108.36,shares,0
2023-10-09,148.29,153.12,147.34,152.79,150.55,7361701,1111897895.45,shares,0
2023-10-10,152.79,155.55,150.33,151.0,152.79,7189889,1097959930.2,shares,0
2023-10-11,151.0,152.78,149.3,152.1,151.0,5089546,770080029.41,shares,0
2023-10-12,153.84,163.36,153.84,161.9,152.1,12762145,2023757731.5,shares,0
2023-10-13,161.0,163.5,158.92,162.82,161.9,6543284,1057451016.78,shares,0
2023-10-16,164.13,164.35,153.62,158.65,162.82,9404508,1483488455.75,shares,0
2023-10-17,158.17,168.0,156.05,166.2,158.65,8272761,1353115716.1,shares,0
2023-10-18,166.0,172.24,162.9,162.9,166.2,8927890,1492776500.9,shares,0
2023-10-19,162.06,166.88,161.55,162.0,162.9,6963426,1141705823.73,shares,0
2023-10-20,160.25,164.8,158.66,159.5,162.0,7819447,1259027673.2,shares,0
2023-10-23,157.95,160.76,155.0,157.28,159.5,5541842,872426150.08,shares,0
2023-10-24,158.33,169.88,157.67,167.1,157.28,10048951,1659730264.0,shares,0
2023-10-25,169.0,169.79,164.12,166.2,167.1,6286184,1044858959.61,shares,0
2023-10-26,164.03,167.5,161.77,164.75,166.2,5698715,936432560.34,shares,0
2023-10-27,158.5,167.3,158.0,165.56,164.75,8780857,1433925766.43,shares,0
2023-10-30,163.89,173.66,161.28,169.68,165.56,10684644,1807311488.95,shares,0
2023-10-31,173.1,176.0,169.1,171.15,169.68,7147490,1229381984.64,shares,0
2023-11-01,170.8,172.2,167.5,168.2,171.15,4634386,786570276.22,shares,0
2023-11-02,169.0,169.5,165.7,166.18,168.2,3057951,512259775.82,shares,0
2023-11-03,166.09,168.4,164.04,165.38,166.18,5801038,962151080.21,shares,0
2023-11-06,166.3,166.88,159.49,163.0,165.38,10436321,1692236856.84,shares,0
2023-11-07,162.0,165.22,161.05,165.2,163.0,7033233,1148729852.61,shares,0
2023-11-08,165.96,173.99,164.51,171.95,165.2,10951170,1859749160.86,shares,0
2023-11-09,171.0,171.96,165.1,168.19,171.95,6210791,1045505934.42,shares,0
2023-11-10,169.02,171.95,166.0,170.01,168.19,7105972,1208569304.87,shares,0
2023-11-13,170.7,173.3,169.5,171.72,170.01,5242698,897066948.06,shares,0
2023-11-14,170.8,174.99,168.82,173.52,171.72,5996140,1033650070.96,shares,0
2023-11-15,174.75,174.78,166.71,167.39,173.52,5774836,983648204.77,shares,0
2023-11-16,166.8,167.21,163.16,165.0,167.39,4931379,813150967.61,shares,0
2023-11-17,164.82,169.85,163.6,167.78,165.0,4689370,781943288.34,shares,0
2023-11-20,167.4,169.58,162.2,164.97,167.78,5351950,886831481.61,shares,0
2023-11-21,164.2,167.2,162.0,162.0,164.97,4568275,746696795.69,shares,0
2023-11-22,161.68,162.68,158.85,159.69,162.0,3899291,624905327.71,shares,0
2023-11-23,158.92,163.35,158.92,162.55,159.69,3626557,586176678.56,shares,0
2023-11-24,161.4,164.5,160.21,160.77,162.55,3170001,514505951.11,shares,0
2023-11-27,159.95,167.15,159.1,166.43,160.77,5904279,974780846.21,shares,0
2023-11-28,166.34,168.37,164.36,166.3,166.43,4004886,665636721.94,shares,0
2023-11-29,166.01,170.7,165.91,166.9,166.3,4424942,747005130.36,shares,0
2023-11-30,166.9,169.9,165.51,169.9,166.9,4565953,768521285.66,shares,0
2023-12-01,169.01,170.67,167.47,169.02,169.9,3550760,599814392.52,shares,0
2023-12-04,168.02,170.0,163.45,164.5,169.02,4279910,709320077.02,shares,0
2023-12-05,163.51,164.0,161.47,163.29,164.5,3668532,597319818.49,shares,0
2023-12-06,162.64,164.03,160.78,161.28,163.29,4377991,709357437.48,shares,0
2023-12-07,161.68,162.3,152.81,154.04,161.28,9354082,1458987946.43,shares,0
2023-12-08,154.09,156.03,152.0,156.03,154.04,10307687,1583830779.14,shares,0
2023-12-11,154.0,159.11,153.77,158.51,156.03,6737815,1058594891.67,shares,0
2023-12-12,157.9,159.19,156.3,158.51,158.51,3949468,623612687.27,shares,0
2023-12-13,158.15,162.28,157.4,157.85,158.51,3899959,621518382.37,shares,0
2023-12-14,158.37,159.4,153.11,156.59,157.85,4984933,773857895.66,shares,0
2023-12-15,155.4,156.36,152.89,153.5,156.59,4008367,617799400.58,shares,0
2023-12-18,153.56,153.95,150.58,151.4,153.5,3618405,548910167.77,shares,0
2023-12-19,151.7,155.05,151.34,153.3,151.4,3672743,562405033.12,shares,0
2023-12-20,153.8,154.95,151.61,153.2,153.3,3154600,484919509.78,shares,0
2023-12-21,152.7,156.59,151.72,155.01,153.2,3932171,607574451.27,shares,0
2023-12-22,155.0,155.31,151.15,152.06,155.01,3389229,517132028.62,shares,0
2023-12-25,152.0,153.4,147.73,150.5,152.06,3150668,475384268.86,shares,0
2023-12-26,150.97,151.3,147.77,149.68,150.5,3046304,454587835.55,shares,0
2023-12-27,149.08,159.78,148.77,157.56,149.68,6607235,1032164197.19,shares,0
2023-12-28,157.56,160.2,156.21,159.88,157.56,5285444,840191507.16,shares,0
2023-12-29,160.26,160.29,152.8,153.6,159.88,9583600,1484351950.69,shares,0
2024-01-02,152.88,152.88,142.0,146.05,153.6,9838940,1445527528.91,shares,0
2024-01-03,145.43,149.08,144.73,145.44,146.05,4235711,620604784.24,shares,0
2024-01-04,145.5,147.8,142.3,144.9,145.44,4862084,702920268.45,shares,0
2024-01-05,144.0,146.38,143.2,144.2,144.9,4830363,699000165.87,shares,0
2024-01-08,142.63,144.18,137.1,137.73,144.2,7255346,1006435297.6,shares,0
2024-01-09,137.7,139.97,135.0,136.36,137.73,5005903,685405023.1,shares,0
2024-01-10,135.92,138.99,133.01,136.94,136.36,5032309,687286735.99,shares,0
2024-01-11,136.0,138.49,135.61,137.5,136.94,4526994,621279512.54,shares,0
2024-01-12,138.0,138.69,134.59,134.66,137.5,4460638,608607251.77,shares,0
2024-01-15,136.61,141.25,134.66,137.29,134.66,8204067,1129278396.53,shares,0
2024-01-16,137.29,140.96,136.7,140.23,137.29,6860592,956240514.61,shares,0
2024-01-17,139.53,140.5,136.35,136.71,140.23,4852579,670450128.07,shares,0
2024-01-18,135.63,139.6,132.6,139.31,136.71,8021160,1087587823.29,shares,0
2024-01-19,139.31,143.2,139.31,141.52,139.31,7767287,1099930369.0,shares,0
2024-01-22,141.2,142.73,138.3,139.85,141.52,6824776,959781652.98,shares,0
2024-01-23,138.78,139.59,135.11,137.11,139.85,5668162,779455768.23,shares,0
2024-01-24,138.0,138.38,126.32,132.0,137.11,11373411,1480973175.35,shares,0
2024-01-25,131.88,135.79,129.0,134.96,132.0,6569892,872722876.22,shares,0
2024-01-26,133.43,134.0,126.5,126.5,134.96,9692847,1250228286.78,shares,0
2024-01-29,126.5,128.48,121.0,121.71,126.5,8959178,1108950182.9,shares,0
2024-01-30,120.5,121.35,114.6,114.71,121.71,8480272,996992133.36,shares,0
2024-01-31,114.04,116.55,113.12,114.06,114.71,7683004,880683755.32,shares,0
2024-02-01,114.0,120.49,111.82,116.81,114.06,10092277,1180616864.16,shares,0
2024-02-02,117.0,118.0,109.15,112.31,116.81,11037737,1247509953.67,shares,0
2024-02-05,112.6,113.5,104.92,111.5,112.31,11316186,1242635069.11,shares,0
2024-02-06,111.24,117.55,108.98,116.8,111.5,11529200,1321592307.1,shares,0
2024-02-07,117.15,123.25,115.03,119.48,116.8,12267936,1471434574.05,shares,0
2024-02-08,123.91,126.12,120.15,122.77,119.48,10412568,1285014360.51,shares,0
2024-02-19,125.22,126.33,123.23,125.57,122.77,8596380,1075198356.85,shares,0
2024-02-20,125.45,125.8,122.28,123.8,125.57,5368578,662752145.7,shares,0
2024-02-21,122.5,127.26,121.51,124.8,123.8,6542231,815207305.81,shares,0
2024-02-22,124.78,126.84,124.12,125.8,124.8,5546775,695634227.73,shares,0
2024-02-23,126.81,130.8,125.3,130.58,125.8,7896786,1010690245.62,shares,0
2024-02-26,132.0,134.0,129.25,130.19,130.58,7075952,928984177.62,shares,0
2024-02-27,129.2,139.0,128.0,138.45,130.19,9750738,1305303320.06,shares,0
2024-02-28,137.8,141.25,133.41,133.41,138.45,8720130,1201004000.05,shares,0
2024-02-29,137.0,147.8,136.5,146.79,133.41,14109201,2024722788.26,shares,0
2024-03-01,147.79,147.99,144.88,147.1,146.79,8858611,1298087853.43,shares,0
2024-03-04,147.1,150.49,145.12,149.0,147.1,8026207,1188613848.38,shares,0
2024-03-05,148.0,150.38,146.27,149.57,149.0,7750433,1151045716.24,shares,0
2024-03-06,149.54,149.54,144.3,146.12,149.57,6157017,900467043.97,shares,0
2024-03-07,147.97,150.33,144.84,145.88,146.12,5648475,831208479.42,shares,0
2024-03-08,146.2,149.4,145.66,148.88,145.88,5367666,792516972.06,shares,0
2024-03-11,146.99,150.0,146.3,149.86,148.88,5362203,794014928.47,shares,0
2024-03-12,149.86,156.95,149.15,155.99,149.86,10966063,1692648466.49,shares,0
2024-03-13,155.99,157.88,153.28,154.0,155.99,5309619,821978201.12,shares,0
2024-03-14,152.8,154.46,149.96,151.49,154.0,5045045,766385288.03,shares,0
2024-03-15,151.49,151.79,148.11,150.58,151.49,3927756,588769288.39,shares,0
2024-03-18,151.87,155.2,150.3,155.09,150.58,6620272,1015273608.46,shares,0
2024-03-19,154.01,155.52,151.87,153.58,155.09,5575355,855927732.53,shares,0
2024-03-20,153.02,155.16,152.3,154.38,153.58,4262429,656654850.13,shares,0
2024-03-21,155.01,161.71,154.8,155.89,154.38,6542489,1033875430.47,shares,0
2024-03-22,156.0,161.67,155.0,158.81,155.89,7913166,1259518233.79,shares,0
2024-03-25,158.0,163.07,155.3,156.72,158.81,6445815,1026653937.5,shares,0
2024-03-26,157.81,159.66,152.56,152.79,156.72,5484997,850051016.73,shares,0
2024-03-27,153.37,154.3,150.59,150.79,152.79,4711338,716915515.99,shares,0
2024-03-28,151.74,151.9,147.5,149.26,150.79,5367256,804357034.68,shares,0
2024-03-29,149.0,151.5,145.71,149.3,149.26,4330772,644054378.44,shares,0
2024-04-01,151.0,153.8,149.8,151.75,149.3,4717646,715875403.79,shares,0
2024-04-02,151.76,152.75,148.56,149.55,151.75,3792529,571569714.2,shares,0
2024-04-03,150.0,151.99,146.9,150.09,149.55,4396991,658926355.96,shares,0
2024-04-08,150.6,153.79,149.01,149.2,150.09,4078447,618021382.79,shares,0
2024-04-09,148.4,149.6,145.8,147.42,149.2,3747935,551314629.01,shares,0
2024-04-10,147.22,147.42,142.67,142.99,147.42,5243721,753217659.54,shares,0
2024-04-11,142.0,145.22,139.39,140.1,142.99,5239344,742175153.79,shares,0
2024-04-12,140.6,140.98,138.5,138.66,140.1,3871898,539851196.61,shares,0
2024-04-15,140.44,148.9,140.07,146.49,138.66,8075511,1173632750.4,shares,0
2024-04-16,144.8,147.64,143.55,143.59,146.49,4200338,609344550.68,shares,0
2024-04-17,144.66,145.15,140.18,141.84,143.59,6908497,981624002.76,shares,0
2024-04-18,141.19,141.68,137.66,137.88,141.84,6851046,956665877.7,shares,0
2024-04-19,136.52,136.94,133.09,133.85,137.88,5869433,789938563.93,shares,0
2024-04-22,133.03,136.66,131.16,134.49,133.85,4269669,575064904.61,shares,0
2024-04-23,135.28,135.49,133.2,134.3,134.49,3313518,444705494.02,shares,0
2024-04-24,134.98,136.5,134.26,135.52,134.3,4330111,586914739.2,shares,0
2024-04-25,135.5,136.88,134.39,135.78,135.52,4305118,583954641.48,shares,0
2024-04-26,133.51,136.92,130.61,135.04,135.78,11140582,1494799070.91,shares,0
2024-04-29,135.01,146.51,134.7,145.68,135.04,12442025,1775921202.2,shares,0
2024-04-30,145.6,146.52,141.64,141.67,145.68,6224674,892179083.2,shares,0
2024-05-06,143.1,146.0,141.11,143.21,141.67,6504079,934296085.36,shares,0
2024-05-07,143.0,143.7,139.82,140.42,143.21,4518050,639100997.66,shares,0
2024-05-08,139.91,141.0,136.01,136.7,140.42,4405078,605495987.64,shares,0
2024-05-09,136.7,139.17,136.28,138.13,136.7,4608573,635794534.94,shares,0
2024-05-10,138.56,138.96,130.1,133.04,138.13,7895858,1054015574.21,shares,0
2024-05-13,131.51,135.39,130.74,130.99,133.04,4307734,569735311.14,shares,0
2024-05-14,131.84,132.66,129.53,131.26,130.99,4442476,581623018.85,shares,0
2024-05-15,130.67,132.4,129.78,129.84,131.26,2873035,376034493.29,shares,0
2024-05-16,131.0,131.09,128.5,129.13,129.84,4088128,530110697.61,shares,0
2024-05-17,129.31,130.95,128.18,130.71,129.13,2875295,372922803.15,shares,0
2024-05-20,131.0,134.73,130.23,131.41,130.71,6065339,803216001.72,shares,0
2024-05-21,131.6,134.88,131.0,133.62,131.41,4910199,655103780.24,shares,0
2024-05-22,133.55,134.5,131.8,133.65,133.62,3623686,482243637.28,shares,0
2024-05-23,133.88,135.6,132.88,133.64,133.65,4257017,571561470.82,shares,0
2024-05-24,133.72,134.02,130.0,130.4,133.64,3491446,461172979.34,shares,0
2024-05-27,126.0,129.99,122.22,129.41,130.4,11715107,1476470603.01,shares,0
2024-05-28,129.41,136.37,128.99,130.41,129.41,8927921,1183568220.6,shares,0
2024-05-29,129.46,131.02,128.1,129.5,130.41,4312014,558786401.37,shares,0
2024-05-30,129.6,132.79,128.1,131.84,129.5,5200707,682749317.27,shares,0
2024-05-31,131.62,132.25,128.24,129.75,131.54,5152750,670209224.95,shares,0
2024-06-03,132.34,138.0,132.05,137.31,129.75,10473492,1421679750.96,shares,0
2024-06-04,136.5,140.13,136.38,139.88,137.31,6025826,835217914.08,shares,0
2024-06-05,140.0,143.04,139.18,140.8,139.88,5930237,839235568.93,shares,0
2024-06-06,141.88,143.8,139.61,140.09,140.8,6691505,949991361.36,shares,0
2024-06-07,140.98,144.2,139.62,142.25,140.09,6224350,886642619.28,shares,0
2024-06-11,142.52,148.18,142.52,147.96,142.25,9625879,1406724156.37,shares,0
2024-06-12,148.57,149.25,144.28,145.13,147.96,9071994,1324487952.32,shares,0
2024-06-13,146.01,147.15,143.77,144.9,145.13,7896238,1147218682.22,shares,0
2024-06-14,144.0,144.5,138.57,140.56,144.9,13870915,1956192727.31,shares,0
2024-06-17,140.16,143.3,137.6,142.29,140.56,8374433,1184534805.27,shares,0
2024-06-18,142.0,145.8,141.99,142.97,142.29,6727954,966679152.89,shares,0
2024-06-19,144.99,147.55,142.9,145.51,142.97,8169057,1187305591.21,shares,0
2024-06-20,145.52,152.37,144.0,148.08,145.51,8946660,1331311316.06,shares,0
2024-06-21,146.01,151.12,145.91,150.5,148.08,6721063,1000746343.8,shares,0
2024-06-24,150.29,152.58,147.37,147.51,150.5,7429031,1114811272.74,shares,0
2024-06-25,147.01,147.51,140.2,141.3,147.51,9297890,1325875083.11,shares,0
2024-06-26,142.02,144.26,139.3,143.59,141.3,4749680,673189533.5,shares,0
2024-06-27,142.51,144.3,141.23,141.43,143.59,4413324,628811372.85,shares,0
2024-06-28,140.8,143.0,139.41,141.26,141.43,5643835,796212301.35,shares,0
2024-07-01,141.1,142.68,136.5,142.27,141.26,5266513,737032865.42,shares,0
2024-07-02,141.58,142.2,137.87,138.31,142.27,4130481,575935999.37,shares,0
2024-07-03,138.31,144.49,137.19,143.56,138.31,6038168,855954326.8,shares,0
2024-07-04,143.0,143.99,140.5,140.6,143.56,3400772,482907965.69,shares,0
2024-07-05,140.02,140.5,135.0,138.5,140.6,5304553,729869568.65,shares,0
2024-07-08,138.6,139.88,137.11,138.06,138.5,3951487,547206885.73,shares,0
2024-07-09,137.99,142.33,137.33,141.9,138.06,5687718,797560359.93,shares,0
2024-07-10,141.1,144.5,140.81,142.02,141.9,3955972,563480726.01,shares,0
2024-07-11,144.68,144.69,135.01,139.66,142.02,8498416,1184227048.66,shares,0
2024-07-12,138.0,142.45,136.47,141.03,139.66,5151055,717755217.85,shares,0
2024-07-15,141.32,143.81,141.1,143.44,141.03,4944050,704511896.63,shares,0
2024-07-16,142.6,148.13,141.05,147.3,143.44,7459500,1080805088.92,shares,0
2024-07-17,146.59,152.56,146.23,149.91,147.3,9394257,1408088103.37,shares,0
2024-07-18,148.23,155.38,147.85,153.0,149.91,9457604,1433497079.98,shares,0
2024-07-19,152.83,154.45,150.52,153.85,153.0,8263939,1265439980.86,shares,0
2024-07-22,153.55,154.77,151.3,152.69,153.85,6081211,928591435.48,shares,0
2024-07-23,152.5,152.97,147.7,147.92,152.69,5748010,861112716.14,shares,0
2024-07-24,147.57,148.96,145.18,145.7,147.92,4332144,635137577.43,shares,0
2024-07-25,144.44,146.44,142.65,142.89,145.7,4059277,583644025.38,shares,0
2024-07-26,142.7,147.31,141.4,146.78,142.89,4342311,629443490.68,shares,0
2024-07-29,146.9,149.79,144.34,144.34,146.78,4094093,602188788.09,shares,0
2024-07-30,144.48,147.87,143.0,147.55,144.34,3979536,580638199.83,shares,0
2024-07-31,146.78,157.5,146.78,157.2,147.55,8299718,1277664956.9,shares,0
2024-08-01,158.46,160.69,155.7,158.44,157.2,6837588,1082616797.75,shares,0
2024-08-02,156.6,162.45,156.32,158.6,158.44,7253556,1160297798.95,shares,0
2024-08-05,157.63,161.49,152.52,153.39,158.6,8256873,1286497424.21,shares,0
2024-08-06,155.55,155.98,151.66,154.13,153.39,4996747,767890098.34,shares,0
2024-08-07,153.5,157.3,151.74,152.55,154.13,4552976,702198684.16,shares,0
2024-08-08,151.5,157.5,149.5,155.16,152.55,6074782,935590877.55,shares,0
2024-08-09,157.3,158.5,153.18,153.27,155.16,4979285,775856506.93,shares,0
2024-08-12,152.4,154.5,150.26,152.6,153.27,3734659,567049985.33,shares,0
2024-08-13,152.63,155.38,152.12,155.37,152.6,3250412,500880716.88,shares,0
2024-08-14,155.14,155.3,147.2,147.72,155.37,6857445,1026637169.61,shares,0
2024-08-15,146.85,149.48,146.2,148.41,147.72,4802826,710090747.9,shares,0
2024-08-16,148.11,149.78,145.81,146.92,148.41,5245160,771862870.97,shares,0
2024-08-19,146.45,147.96,145.11,145.95,146.92,3534834,517463428.96,shares,0
2024-08-20,145.57,147.11,143.36,144.33,145.95,3243446,470685035.84,shares,0
2024-08-21,144.27,145.13,141.82,142.11,144.33,3159253,452104272.89,shares,0
2024-08-22,142.12,142.38,137.71,138.8,142.11,5868753,816788548.08,shares,0
2024-08-23,136.0,136.0,124.03,131.01,138.8,17691935,2283227305.57,shares,0
2024-08-26,129.8,133.88,129.17,130.46,131.01,5874595,772054129.02,shares,0
2024-08-27,130.01,131.49,128.99,130.0,130.46,4084548,532720368.21,shares,0
2024-08-28,130.2,131.43,128.4,129.27,130.0,3918606,508522369.69,shares,0
2024-08-29,128.0,133.77,127.8,132.3,129.27,4498497,591765255.29,shares,0
2024-08-30,132.6,136.32,132.01,135.05,132.3,5877826,793548365.7,shares,0
2024-09-02,134.8,135.24,127.8,127.82,135.05,5497304,715746650.15,shares,0
2024-09-03,128.1,130.02,128.01,128.81,127.82,2908737,375532130.22,shares,0
2024-09-04,127.99,130.11,126.99,127.15,128.81,3301271,423467237.47,shares,0
2024-09-05,126.88,129.05,126.6,128.58,127.15,3089901,395361742.27,shares,0
2024-09-06,128.84,129.8,127.2,127.41,128.58,2037672,261603257.74,shares,0
2024-09-09,127.9,129.7,126.76,127.45,127.41,2723622,348305898.62,shares,0
2024-09-10,128.0,130.51,127.12,129.76,127.45,3303637,426021815.92,shares,0
2024-09-11,129.01,131.24,128.58,130.65,129.76,3399234,442107175.87,shares,0
2024-09-12,130.65,131.8,129.2,130.02,130.65,2490494,324907122.19,shares,0
2024-09-13,129.8,130.35,123.79,125.48,130.02,5505671,695114170.45,shares,0
2024-09-18,125.61,125.99,122.35,124.07,125.48,3413331,422821043.44,shares,0
2024-09-19,124.32,126.8,122.2,124.44,124.07,4346392,542128437.7,shares,0
2024-09-20,124.5,124.86,118.85,120.51,124.44,6818217,820716717.42,shares,0
2024-09-23,121.0,121.18,116.61,117.3,120.51,6306444,743785726.58,shares,0
2024-09-24,118.9,121.77,115.5,121.2,117.3,8313623,990495264.88,shares,0
2024-09-25,123.01,126.5,120.75,120.97,121.2,8744468,1083082597.71,shares,0
2024-09-26,120.88,127.5,119.11,127.44,120.97,8313937,1024082187.86,shares,0
2024-09-27,130.01,138.8,130.0,136.9,127.44,7508275,1005921922.68,shares,0
2024-09-30,145.0,164.2,144.49,164.0,136.9,19668775,3043662177.4,shares,0
2024-10-08,196.8,196.8,186.1,196.8,164.0,24740187,4831521571.88,shares,0
2024-10-09,192.0,217.0,185.5,198.0,196.8,42813703,8606026957.86,shares,0
2024-10-10,202.0,202.0,179.48,180.18,198.0,25719383,4791056627.71,shares,0
2024-10-11,174.0,181.17,166.02,168.56,180.18,15090957,2587476344.16,shares,0
2024-10-14,168.1,175.2,162.51,173.25,168.56,15836608,2680592523.34,shares,0
2024-10-15,173.26,177.98,169.1,169.1,173.25,12961880,2247021287.2,shares,0
2024-10-16,159.0,167.77,158.88,163.46,169.1,11122121,1821868523.98,shares,0
2024-10-17,165.9,167.83,162.57,163.5,163.46,10406240,1716211848.94,shares,0
2024-10-18,163.5,195.0,161.03,185.65,163.5,24175417,4266829203.06,shares,0
2024-10-21,187.09,201.0,182.0,187.13,185.65,26099647,4980419279.01,shares,0
2024-10-22,185.0,189.01,180.21,182.83,187.13,15381241,2827686522.1,shares,0
2024-10-23,181.5,184.58,178.23,179.95,182.83,10138291,1833943454.35,shares,0
2024-10-24,178.9,182.99,178.38,180.0,179.95,7767715,1400261663.8,shares,0
2024-10-25,180.99,188.81,178.62,183.45,180.0,10981841,2012759051.08,shares,0
2024-10-28,183.0,183.32,179.62,180.88,183.45,7125944,1289193832.66,shares,0
2024-10-29,180.65,185.88,180.13,180.3,180.88,10715891,1953177729.85,shares,0
2024-10-30,182.9,184.22,177.7,181.15,180.3,10845951,1966240834.65,shares,0
2024-10-31,181.0,199.0,177.4,192.43,181.15,18754988,3525337986.16,shares,0
2024-11-01,192.43,196.69,188.5,188.61,192.43,13697806,2640405369.11,shares,0
2024-11-04,188.0,203.9,186.0,199.82,188.61,13000181,2559183200.22,shares,0
2024-11-05,198.0,207.69,197.51,202.5,199.82,15164325,3073215394.18,shares,0
2024-11-06,202.0,210.8,198.11,201.31,202.5,15220712,3090356120.42,shares,0
2024-11-07,200.5,209.8,198.96,208.0,201.31,12665899,2584552014.15,shares,0
2024-11-08,213.18,229.26,208.99,217.15,208.0,19677740,4303690367.45,shares,0
2024-11-11,223.5,249.0,223.0,245.15,217.15,21678563,5172961127.45,shares,0
2024-11-12,243.0,256.99,239.0,246.3,245.15,18442342,4549845333.73,shares,0
2024-11-13,240.0,249.66,237.02,242.5,246.3,12335026,2993225495.61,shares,0
2024-11-14,240.01,245.0,232.95,235.0,242.5,12997697,3109500399.11,shares,0
2024-11-15,232.0,235.0,211.7,212.2,235.0,19987820,4413421914.01,shares,0
2024-11-18,214.0,219.6,207.75,211.08,212.2,14041233,2993020004.64,shares,0
2024-11-19,213.33,217.5,205.97,215.15,211.08,12571086,2668622814.32,shares,0
2024-11-20,214.0,216.4,210.13,213.01,215.15,9261121,1976142756.02,shares,0
2024-11-21,211.02,219.87,210.0,216.5,213.01,10430527,2258923279.04,shares,0
2024-11-22,218.0,223.33,209.32,209.46,216.5,10989403,2373871382.83,shares,0
2024-11-25,208.18,212.28,203.21,203.48,209.46,9723410,2012804320.04,shares,0
2024-11-26,205.39,208.0,203.98,205.24,203.48,6046276,1244023472.13,shares,0
2024-11-27,204.1,213.02,198.66,211.84,205.24,10730036,2234541828.28,shares,0
2024-11-28,213.02,215.52,210.36,210.78,211.84,9837626,2095371210.61,shares,0
2024-11-29,209.0,227.5,208.62,222.0,210.78,12670810,2778090757.82,shares,0
2024-12-02,221.56,224.0,216.5,220.0,222.0,11993450,2633135305.78,shares,0
2024-12-03,221.5,223.98,211.2,212.89,220.0,9405529,2032719505.55,shares,0
2024-12-04,216.3,219.86,212.33,213.71,212.89,8531236,1835944819.6,shares,0
2024-12-05,211.0,214.07,209.36,212.47,213.71,6587639,1392244946.78,shares,0
2024-12-06,212.48,219.0,210.53,216.09,212.47,7076307,1524190759.53,shares,0
2024-12-09,214.9,218.64,211.5,214.04,216.09,5294501,1138021748.71,shares,0
2024-12-10,228.0,229.66,215.69,217.02,214.04,9454838,2098833404.5,shares,0
2024-12-11,217.02,219.5,205.02,205.8,217.02,12028378,2524738162.38,shares,0
2024-12-12,204.0,207.0,201.41,205.9,205.8,9861484,2016386737.22,shares,0
2024-12-13,203.9,204.74,198.4,200.51,205.9,12605598,2528685556.5,shares,0
2024-12-16,199.4,200.26,190.25,192.0,200.51,11941322,2306256047.6,shares,0
2024-12-17,192.01,193.77,190.22,190.9,192.0,7280268,1397464546.77,shares,0
2024-12-18,192.0,202.0,192.0,194.3,190.9,14616278,2868944823.27,shares,0
2024-12-19,190.07,196.17,188.8,194.88,194.3,11788569,2268794753.66,shares,0
2024-12-20,194.27,202.49,193.8,196.85,194.88,15040517,2985551479.76,shares,0
2024-12-23,197.78,200.98,195.03,197.0,196.85,10774852,2128483641.51,shares,0
2024-12-24,196.95,200.38,193.28,199.88,197.0,9955038,1963825116.2,shares,0
2024-12-25,199.88,202.2,195.55,196.0,199.88,7984122,1584639799.14,shares,0
2024-12-26,195.0,199.0,193.63,195.91,196.0,7874981,1542567990.18,shares,0
2024-12-27,195.91,204.98,193.31,197.35,195.91,15559932,3111913220.14,shares,0
2024-12-30,197.4,201.19,196.19,198.0,197.35,8504294,1686865138.75,shares,0
2024-12-31,197.85,198.5,188.9,189.16,198.0,10027906,1928095869.95,shares,0
2025-01-02,188.81,188.87,178.65,180.9,189.16,11382890,2079401915.68,shares,0
2025-01-03,181.18,184.85,179.77,181.53,180.9,8911193,1624494889.23,shares,0
2025-01-06,181.0,183.83,178.8,181.71,181.53,5455117,990217030.33,shares,0
2025-01-07,181.8,185.5,181.22,184.33,181.71,7446137,1363771476.59,shares,0
2025-01-08,183.0,185.97,178.0,183.01,184.33,8529900,1558328772.25,shares,0
2025-01-09,184.7,185.8,182.0,182.01,183.01,6270341,1151693768.0,shares,0
2025-01-10,182.69,185.28,179.1,179.1,182.01,7588176,1381373326.5,shares,0
2025-01-13,174.81,181.15,174.51,178.96,179.1,6023500,1075818245.66,shares,0
2025-01-14,180.6,188.68,178.07,188.45,178.96,9635767,1787405698.77,shares,0
2025-01-15,189.73,193.88,186.17,186.39,188.45,8938698,1695953986.54,shares,0
2025-01-16,188.0,193.66,185.25,188.0,186.39,9172385,1733856436.78,shares,0
2025-01-17,187.12,194.0,186.86,188.6,188.0,7761678,1473007343.86,shares,0
2025-01-20,189.66,191.36,187.28,188.18,188.6,5454538,1031376237.29,shares,0
2025-01-21,189.3,190.0,185.66,186.87,188.18,7514052,1408245230.35,shares,0
2025-01-22,186.2,186.68,182.66,185.13,186.87,6393951,1180217143.03,shares,0
2025-01-23,187.5,191.02,185.57,185.82,185.13,7976160,1500565874.71,shares,0
2025-01-24,185.0,187.5,184.88,185.48,185.82,5665373,1054370493.39,shares,0
2025-01-27,186.0,187.29,180.01,180.09,185.48,5906760,1083170868.35,shares,0
2025-02-05,185.7,186.0,178.95,181.94,180.09,8699987,1578797005.51,shares,0
2025-02-06,180.16,195.3,180.11,192.57,181.94,14156553,2685873641.92,shares,0
2025-02-07,192.0,195.01,188.5,192.24,192.57,12859296,2469630354.88,shares,0
2025-02-10,192.25,192.99,188.65,191.16,192.24,9460572,1801675411.71,shares,0
2025-02-11,191.16,191.23,186.11,187.41,191.16,6984109,1311589078.32,shares,0
2025-02-12,190.99,197.42,189.67,196.93,187.41,14750830,2850632376.05,shares,0
2025-02-13,196.93,197.0,190.6,190.6,196.93,8794094,1698479539.05,shares,0
2025-02-14,189.0,191.4,186.5,190.52,190.6,7883799,1488966184.4,shares,0
2025-02-17,190.5,195.77,189.52,193.21,190.52,10212512,1965451641.97,shares,0
2025-02-18,193.5,199.0,192.5,192.5,193.21,15336590,2998641453.59,shares,0
2025-02-19,192.0,203.4,191.84,201.27,192.5,17845497,3548655325.49,shares,0
2025-02-20,201.0,206.89,200.3,205.1,201.27,13980039,2862007365.89,shares,0
2025-02-21,208.0,214.6,205.0,211.36,205.1,15858940,3348428144.92,shares,0
2025-02-24,210.0,219.35,209.8,218.1,211.36,13752398,2973842557.32,shares,0
2025-02-25,214.99,220.99,211.0,213.5,218.1,11460074,2465388518.3,shares,0
2025-02-26,214.87,215.8,208.8,214.84,213.5,10916827,2323378087.0,shares,0
2025-02-27,213.72,213.83,204.8,210.51,214.84,12057950,2524207897.47,shares,0
2025-02-28,212.19,213.88,201.5,204.27,210.51,11982642,2493661879.42,shares,0
2025-03-03,204.67,205.5,198.37,199.98,204.27,9614808,1929080710.33,shares,0
2025-03-04,198.0,202.88,196.2,200.9,199.98,8181896,1632257607.44,shares,0
2025-03-05,201.19,203.95,199.16,202.71,200.9,7194660,1455054420.95,shares,0
2025-03-06,208.0,217.88,207.16,215.89,202.71,14825663,3180867811.08,shares,0
2025-03-07,214.6,217.28,212.84,214.66,215.89,7588113,1629794357.93,shares,0
2025-03-10,212.29,214.49,204.81,206.0,214.66,10782447,2238925172.81,shares,0
2025-03-11,203.0,208.36,202.7,204.7,206.0,6403365,1311527844.08,shares,0
2025-03-12,207.98,208.25,200.8,200.86,204.7,7378579,1503000969.15,shares,0
2025-03-13,201.11,201.88,197.4,199.69,200.86,6405297,1277705983.8,shares,0
2025-03-14,200.0,204.86,198.5,204.31,199.69,7944463,1612060672.84,shares,0
2025-03-17,203.1,203.7,199.1,199.7,204.31,5627791,1131226481.49,shares,0
2025-03-18,201.7,204.54,200.48,204.0,199.7,5969511,1214981788.73,shares,0
2025-03-19,202.85,203.75,198.38,198.6,204.0,4920785,986489230.34,shares,0
2025-03-20,198.6,201.06,193.5,193.7,198.6,6224486,1215854263.0,shares,0
2025-03-21,193.2,196.2,190.45,191.24,193.7,6243930,1203966432.2,shares,0
2025-03-24,190.11,194.83,188.4,191.1,191.24,6080609,1163936296.79,shares,0
2025-03-25,191.2,192.9,189.49,190.87,191.1,4202897,803712829.01,shares,0
2025-03-26,190.8,193.39,188.03,188.5,190.87,4043601,769058819.91,shares,0
2025-03-27,189.11,192.39,186.5,189.69,188.5,5508525,1044014103.58,shares,0
2025-03-28,190.02,190.66,184.15,184.31,189.69,8680495,1614806268.67,shares,0
2025-03-31,184.26,186.37,181.75,184.36,184.31,5913335,1089448028.36,shares,0
2025-04-01,184.93,187.98,183.91,186.46,184.36,5001678,931110428.74,shares,0
2025-04-02,186.0,187.55,184.03,184.6,186.46,3610308,669048566.24,shares,0
2025-04-03,183.46,189.62,183.46,186.6,184.6,5715451,1069035937.87,shares,0
2025-04-07,178.5,188.0,166.66,176.0,186.6,13913568,2486137900.57,shares,0
2025-04-08,176.0,178.41,172.6,176.14,176.0,11776738,2064270584.59,shares,0
2025-04-09,173.0,190.66,172.8,186.96,176.14,14785212,2731010098.37,shares,0
2025-04-10,191.88,191.9,186.65,188.86,186.96,7996792,1510598289.07,shares,0
2025-04-11,189.85,195.2,187.2,188.88,188.86,12055816,2296644789.08,shares,0
2025-04-14,191.0,191.76,186.81,189.83,188.88,7159273,1356504057.41,shares,0
2025-04-15,188.98,189.49,184.68,188.0,189.83,5788909,1078859712.71,shares,0
2025-04-16,190.74,192.8,187.66,192.72,188.0,8325024,1585813254.04,shares,0
2025-04-17,192.3,194.5,189.99,191.5,192.72,6079734,1167641240.89,shares,0
2025-04-18,190.01,191.34,188.26,190.0,191.5,3529686,670755814.51,shares,0
2025-04-21,188.5,190.99,188.49,189.52,190.0,3794443,720708331.33,shares,0
2025-04-22,190.0,193.85,187.66,190.55,189.52,5659498,1081257569.33,shares,0
2025-04-23,190.1,191.5,187.2,188.03,190.55,5326589,1003843583.47,shares,0
2025-04-24,188.03,189.79,186.3,187.35,188.03,3342220,628187906.23,shares,0
2025-04-25,185.0,187.96,181.02,187.46,187.35,7290367,1346197993.66,shares,0
2025-04-28,187.0,189.75,186.04,186.11,187.46,4723512,886102916.12,shares,0
2025-04-29,185.62,188.35,184.6,187.52,186.11,3785545,706023445.91,shares,0
2025-04-30,187.0,189.49,186.49,188.26,187.52,4512193,849162464.25,shares,0
2025-05-06,188.18,189.83,185.63,188.88,188.26,6668484,1255547360.28,shares,0
2025-05-07,193.0,193.01,187.78,189.33,188.88,6356593,1206177066.92,shares,0
2025-05-08,188.75,190.8,187.56,190.07,189.33,3848322,729491307.57,shares,0
2025-05-09,189.0,189.59,181.7,181.7,190.07,6663952,1226170832.1,shares,0
2025-05-12,182.98,184.25,181.37,183.4,181.7,4431972,810127390.63,shares,0
2025-05-13,184.0,185.8,182.7,182.95,183.4,3622053,666032553.09,shares,0
2025-05-14,183.05,187.88,182.4,187.7,182.95,5962835,1106609316.84,shares,0
2025-05-15,186.61,187.88,182.38,182.71,187.7,3886398,715054888.09,shares,0
2025-05-16,182.71,183.33,179.22,180.33,182.71,4344234,786630151.32,shares,0
2025-05-19,179.89,180.52,177.12,178.81,180.33,3894435,695548730.13,shares,0
2025-05-20,178.83,180.18,177.68,178.2,178.81,3457650,618226990.97,shares,0
2025-05-21,177.93,178.95,176.29,176.45,178.2,3807895,673905119.52,shares,0
2025-05-22,176.0,177.17,174.37,175.6,176.45,3542437,622060309.82,shares,0
2025-05-23,175.25,176.4,174.06,174.53,175.6,4397894,769831619.43,shares,0
2025-05-26,176.0,177.65,173.73,174.49,174.53,4561166,800390018.0,shares,0
2025-05-27,174.49,175.2,172.8,173.13,174.49,4011600,696416049.32,shares,0
2025-05-28,173.89,174.85,170.66,170.93,173.13,4559656,784357421.18,shares,0
2025-05-29,171.5,177.19,171.06,176.71,170.93,5355550,935677962.44,shares,0
2025-05-30,176.47,177.0,175.0,175.01,176.71,4157999,731944798.5,shares,0
2025-06-03,174.89,180.74,174.62,178.9,175.01,5068052,904071424.58,shares,0
2025-06-04,178.8,180.3,177.89,179.42,178.9,3434306,616323616.62,shares,0
2025-06-05,180.2,181.2,178.86,180.0,179.42,4314765,776688312.42,shares,0
2025-06-06,180.0,180.68,179.17,180.01,180.0,2622355,471517133.58,shares,0
2025-06-09,180.0,180.5,177.3,178.8,180.01,3674052,657657867.11,shares,0
2025-06-10,178.8,179.29,170.5,171.3,178.8,6771501,1176916298.1,shares,0
2025-06-11,171.56,174.5,169.8,169.88,171.3,6475921,1112780424.63,shares,0
2025-06-12,169.58,169.58,165.79,165.98,169.88,8315132,1388078811.99,shares,0
2025-06-13,165.01,172.27,164.88,171.79,165.98,9060820,1537992944.61,shares,0
2025-06-16,170.2,173.96,170.09,173.17,171.79,3802061,656226525.98,shares,0
2025-06-17,172.88,174.18,170.3,170.97,173.17,4242684,729549615.23,shares,0
2025-06-18,171.18,174.0,170.58,171.85,170.97,4634148,798268922.22,shares,0
2025-06-19,171.55,176.23,171.01,172.91,171.85,5264470,915359145.01,shares,0
2025-06-20,172.85,175.3,171.2,171.61,172.91,3784220,654213442.36,shares,0
2025-06-23,170.6,181.09,170.6,178.63,171.61,10101681,1802327458.33,shares,0
2025-06-24,178.5,179.66,177.52,179.16,178.63,5187513,926890243.47,shares,0
2025-06-25,179.96,181.57,177.68,180.81,179.16,6090393,1095858493.41,shares,0
2025-06-26,181.12,182.0,178.88,178.98,180.81,5193269,935533461.56,shares,0
2025-06-27,180.79,181.48,178.18,179.79,178.98,4751068,856694173.4,shares,0
2025-06-30,180.57,185.0,180.55,182.3,179.79,5289495,965690937.7,shares,0
2025-07-01,181.99,184.39,181.33,182.79,182.3,4081881,748006363.13,shares,0
2025-07-02,182.3,182.6,178.39,178.78,182.79,4251361,764358917.18,shares,0
2025-07-03,179.0,179.4,176.7,178.02,178.78,4055427,720388420.71,shares,0
2025-07-04,177.99,185.3,176.21,180.95,178.02,7910333,1432894568.18,shares,0
2025-07-07,180.5,183.95,180.34,180.55,180.95,4505668,819881561.13,shares,0
2025-07-08,182.4,185.2,181.88,184.5,180.55,5803988,1068249673.64,shares,0
2025-07-09,184.5,185.86,181.95,182.36,184.5,4006604,735316705.21,shares,0
2025-07-10,181.21,183.44,180.22,180.58,182.06,4140280,751416219.5,shares,0
2025-07-11,180.61,185.49,180.51,184.37,180.58,6268306,1152764566.33,shares,0
2025-07-14,184.6,184.6,178.87,179.0,184.37,6344313,1145780022.3,shares,0
2025-07-15,179.0,180.89,178.0,179.98,179.0,4376026,784931018.87,shares,0
2025-07-16,179.98,182.0,177.77,178.29,179.98,4605819,826922685.04,shares,0
2025-07-17,178.18,178.44,174.76,178.18,178.29,7025987,1241611953.66,shares,0
2025-07-18,180.99,184.48,180.99,182.25,178.18,7757458,1416631671.63,shares,0
2025-07-21,182.0,184.2,180.88,183.7,182.25,6954225,1271729704.51,shares,0
2025-07-22,183.6,189.49,182.31,187.5,183.7,8768212,1639104271.56,shares,0
2025-07-23,188.0,200.5,187.73,198.51,187.5,15942913,3132861383.79,shares,0
2025-07-24,198.26,199.9,196.03,199.02,198.51,9126972,1809026801.11,shares,0
2025-07-25,198.85,200.55,197.21,199.88,199.02,7731329,1537387659.68,shares,0
2025-07-28,200.17,201.47,197.6,200.06,199.88,7580692,1514572333.43,shares,0
2025-07-29,199.05,207.98,198.61,206.39,200.06,10931680,2236910529.08,shares,0
2025-07-30,205.03,207.46,202.38,203.79,206.39,7095741,1453956312.08,shares,0
2025-07-31,203.78,203.99,196.77,197.62,203.79,9608067,1921132088.14,shares,0
2025-08-01,197.5,198.32,192.08,192.51,197.62,6389452,1241974179.64,shares,0
2025-08-04,191.6,196.19,191.0,195.8,192.51,6377917,1234951038.42,shares,0
2025-08-05,195.54,196.27,194.16,195.19,195.8,3978472,776264743.71,shares,0
2025-08-06,195.85,196.88,193.68,196.06,195.19,4079671,797398972.87,shares,0
2025-08-07,195.28,200.45,195.28,196.23,196.06,7020104,1386854484.81,shares,0
2025-08-08,195.13,199.38,194.53,195.93,196.23,6514385,1284157335.34,shares,0
2025-08-11,195.01,196.3,193.2,193.4,195.93,5805407,1128675065.13,shares,0
2025-08-12,193.51,195.6,192.09,192.66,193.4,8554523,1656782931.45,shares,0
2025-08-13,193.74,195.76,191.01,192.5,192.66,8363346,1611793619.29,shares,0
2025-08-14,192.8,199.48,191.76,192.04,192.5,13342208,2607810682.67,shares,0
2025-08-15,191.18,195.59,187.2,194.2,192.04,10673494,2056041521.21,shares,0
2025-08-18,195.69,199.11,193.61,194.46,194.2,14037116,2756279356.12,shares,0
2025-08-19,194.44,196.26,191.6,191.61,194.46,10756088,2087225008.13,shares,0
2025-08-20,191.62,198.01,188.9,198.01,191.61,14564515,2824173353.31,shares,0
2025-08-21,198.2,204.52,196.7,202.41,198.01,17409851,3497063222.96,shares,0
2025-08-22,201.82,216.19,201.8,215.8,202.41,24155971,5088231357.75,shares,0
2025-08-25,220.0,225.75,208.0,211.0,215.8,26498230,5701723443.23,shares,0
2025-08-26,209.03,221.49,208.11,213.99,211.0,18179417,3900707466.62,shares,0
2025-08-27,210.0,218.52,207.0,207.02,213.99,21692920,4605588269.85,shares,0
2025-08-28,206.4,225.5,206.38,225.5,207.02,27869177,6022525266.99,shares,0
2025-08-29,220.0,220.73,212.22,214.17,225.5,23798466,5119695812.08,shares,0
2025-09-01,220.0,224.98,215.86,223.2,214.17,21924815,4830106770.81,shares,0
2025-09-02,221.12,224.3,210.3,212.51,223.2,17379123,3754130107.36,shares,0
2025-09-03,213.0,216.5,208.78,212.0,212.51,12463474,2653306065.77,shares,0
2025-09-04,211.1,211.28,191.88,195.4,212.0,19732838,3932331117.51,shares,0
2025-09-05,195.99,201.0,194.34,200.01,195.4,12619636,2494413258.01,shares,0
2025-09-08,198.02,212.78,198.0,212.7,200.01,18842252,3880518828.95,shares,0
2025-09-09,209.95,212.03,203.2,204.38,212.7,10722829,2224146276.9,shares,0
2025-09-10,205.1,210.01,203.45,205.6,204.38,9179927,1895313197.37,shares,0
2025-09-11,206.0,213.59,204.08,211.8,205.6,13631169,2867202512.02,shares,0
2025-09-12,214.8,218.99,211.51,211.51,211.8,14566826,3134336909.11,shares,0
2025-09-15,216.8,218.98,210.1,215.1,211.51,14176615,3053856425.56,shares,0
2025-09-16,215.09,216.0,211.21,214.0,215.1,11779139,2516907799.83,shares,0
2025-09-17,214.0,231.66,213.04,227.2,214.0,21923027,4900412558.67,shares,0
2025-09-18,227.6,271.95,226.26,253.18,227.2,38671786,9712339311.64,shares,0
2025-09-19,265.68,267.74,251.51,254.0,253.18,25433352,6557844818.54,shares,0
2025-09-22,254.0,260.67,248.53,256.6,254.0,22061325,5616214595.24,shares,0
2025-09-23,260.0,280.0,254.15,280.0,256.6,29174209,7652954561.14,shares,0
2025-09-24,272.13,313.95,270.3,290.5,280.0,37498043,10898360133.96,shares,0
2025-09-25,285.0,294.8,281.2,288.0,290.5,20175230,5802742695.57,shares,0
2025-09-26,285.0,305.5,284.88,290.0,288.0,22310521,6575277059.93,shares,0
2025-09-29,293.0,305.0,292.13,304.99,290.0,20460661,6089399829.76,shares,0
2025-09-30,302.0,310.58,294.58,298.99,304.99,19570071,5908843685.7,shares,0
2025-10-09,304.0,342.5,302.73,319.11,298.99,27815462,8906414906.59,shares,0
2025-10-10,314.64,318.89,292.68,293.0,319.11,23934346,7283473701.64,shares,0
2025-10-13,281.28,302.58,281.28,295.1,293.0,21516151,6361696708.99,shares,0
2025-10-14,297.0,300.0,270.93,273.5,295.1,26516657,7522841900.04,shares,0
2025-10-15,273.41,276.88,267.0,274.0,273.5,19447772,5273472039.54,shares,0
2025-10-16,272.0,280.92,269.15,274.4,274.0,15672706,4299363930.53,shares,0
2025-10-17,272.4,276.0,260.28,261.91,274.4,16691069,4429001963.84,shares,0
2025-10-20,268.0,270.88,261.0,262.83,261.91,11824927,3143722223.51,shares,0
2025-10-21,266.1,271.7,263.25,269.68,262.83,13581236,3638689498.51,shares,0
2025-10-22,268.0,271.8,261.6,266.79,269.68,11677871,3107032060.62,shares,0
2025-10-23,266.45,270.59,263.5,267.2,266.79,8596710,2288620120.17,shares,0
2025-10-24,270.01,282.63,269.13,281.36,267.2,19816030,5514140983.72,shares,0
2025-10-27,290.0,298.0,288.0,295.37,281.36,20462561,6014429610.56,shares,0
2025-10-28,291.01,301.99,291.01,295.5,295.37,14106872,4197924468.31,shares,0
2025-10-29,292.75,298.23,288.32,296.66,295.5,13268204,3891127268.03,shares,0
2025-10-30,296.98,314.8,293.02,300.04,296.66,21383657,6502810775.51,shares,0
2025-10-31,301.28,301.7,279.0,279.36,300.04,19015290,5423010555.39,shares,0
2025-11-03,273.0,281.81,267.0,277.9,279.36,13305293,3636761327.27,shares,0
2025-11-04,279.8,302.85,277.9,292.85,277.9,20787829,6098697642.82,shares,0
2025-11-05,284.0,297.08,277.98,293.5,292.85,15286067,4405400362.42,shares,0
2025-11-06,297.66,313.66,293.61,306.0,293.5,19147382,5826448272.63,shares,0
2025-11-07,302.59,316.0,301.2,309.14,306.0,15192882,4720633457.84,shares,0
2025-11-10,313.1,329.89,308.86,316.43,309.14,19604837,6254620417.83,shares,0
2025-11-11,320.0,324.8,306.0,306.1,316.43,15128106,4721574153.32,shares,0
2025-11-12,305.0,314.88,296.99,302.75,306.1,13193755,4006270244.8,shares,0
2025-11-13,304.0,309.83,299.58,303.52,302.75,9794433,2968191639.76,shares,0
2025-11-14,296.0,304.06,292.55,294.02,303.52,9540356,2833265295.6,shares,0
2025-11-17,294.03,301.99,286.9,289.2,294.02,10347644,3024352321.36,shares,0
2025-11-18,286.67,312.66,285.68,299.88,289.2,15652615,4721358019.99,shares,0
2025-11-19,299.49,308.56,296.5,298.5,299.88,9197086,2772836372.23,shares,0
2025-11-20,302.33,303.74,283.01,283.55,298.5,11400635,3287358198.41,shares,0
2025-11-21,275.34,278.54,267.0,267.0,283.55,12078198,3284466225.38,shares,0
2025-11-24,270.0,275.0,264.42,271.1,267.0,10098131,2721850576.26,shares,0
2025-11-25,274.5,276.54,267.3,269.43,271.1,9944534,2689529531.08,shares,0
2025-11-26,267.9,274.18,266.25,270.25,269.43,9069347,2457437254.36,shares,0
2025-11-27,271.68,278.5,265.0,265.7,270.25,11483891,3126496455.39,shares,0
2025-11-28,265.05,274.69,264.0,268.1,265.7,11299342,3038944815.09,shares,0
2025-12-01,265.05,265.8,258.0,262.02,268.1,12974348,3389458410.44,shares,0
2025-12-02,262.0,265.94,257.53,260.4,262.02,7986470,2086543541.71,shares,0
2025-12-03,260.35,267.97,258.5,259.48,260.4,9527891,2503603649.75,shares,0
2025-12-04,258.77,277.3,256.21,270.45,259.48,16268190,4343058670.99,shares,0
2025-12-05,270.0,275.88,267.18,273.83,270.45,10478440,2848425731.73,shares,0
2025-12-08,273.04,278.5,264.6,276.26,273.83,14396845,3913449525.05,shares,0
2025-12-09,272.21,279.0,271.66,276.5,276.26,10836933,2983536542.87,shares,0
2025-12-10,275.0,275.0,266.0,273.8,276.5,9546875,2583479285.19,shares,0
2025-12-11,273.58,275.35,268.01,268.03,273.8,7565883,2052779643.88,shares,0
2025-12-12,268.05,279.58,261.69,279.54,268.03,18311622,4997941055.59,shares,0
2025-12-15,280.0,287.5,275.0,275.87,279.54,15359268,4324723885.61,shares,0
2025-12-16,273.0,276.93,266.66,272.51,275.87,10273257,2794923742.08,shares,0
2025-12-17,272.01,280.3,270.95,279.17,272.51,9774821,2704800609.6,shares,0
2025-12-18,276.01,279.0,270.12,272.72,279.17,8706346,2384639740.69,shares,0
2026-01-05,278.0,313.13,277.99,311.33,272.72,28120611,8466503366.81,shares,0
2026-01-06,314.0,335.88,311.78,329.67,311.33,25382490,8327547916.83,shares,0
2026-01-07,339.88,358.9,336.68,352.34,329.67,24067287,8411471579.85,shares,0
2026-01-08,348.31,356.58,343.6,345.88,352.34,16554956,5788749965.46,shares,0
2026-01-09,332.43,342.0,330.8,336.68,345.88,20378587,6835094481.0,shares,0
2026-01-12,345.0,369.0,341.66,352.69,336.68,17891534,6353734995.97,shares,0
2026-01-13,348.45,357.38,343.5,346.0,352.69,12762805,4464431210.55,shares,0
2026-01-14,347.98,368.97,340.41,352.38,346.0,17215906,6114563398.57,shares,0
2026-01-15,349.42,374.55,346.5,371.0,352.38,17752256,6420074904.0,shares,0
2026-01-16,377.0,397.3,373.5,377.14,371.0,26306810,10089084507.88,shares,0
2026-01-19,385.61,387.99,372.0,379.0,377.14,15921639,6045333613.52,shares,0
2026-01-20,376.0,381.87,360.5,364.32,379.0,15793393,5817436022.51,shares,0
2026-01-21,364.0,381.12,361.26,365.0,364.32,15677590,5770969221.13,shares,0
2026-01-22,369.3,370.99,349.8,353.46,365.0,14780793,5260302850.21,shares,0
2026-01-23,353.49,373.88,348.35,367.55,353.46,16029419,5766538618.8,shares,0
2026-01-26,367.0,367.0,347.18,353.11,367.55,14763216,5236241088.17,shares,0
2026-01-27,353.88,369.7,352.35,357.08,353.11,14202601,5134564142.8,shares,0
2026-01-28,366.0,375.0,355.32,368.59,357.08,18429320,6723649268.81,shares,0
2026-01-29,365.1,365.99,347.1,347.4,368.59,17407900,6131749545.67,shares,0
2026-01-30,345.49,356.98,339.0,347.95,347.4,11304456,3945559644.39,shares,0
2026-02-02,344.49,347.0,332.32,332.68,347.95,13928364,4706481449.48,shares,0
2026-02-03,340.7,348.5,337.1,346.36,332.68,11157473,3835714355.84,shares,0
2026-02-04,343.0,355.83,340.0,349.21,346.36,9283484,3236244248.2,shares,0
2026-02-05,340.0,361.16,338.88,356.88,349.21,11565632,4051348237.01,shares,0
2026-02-06,352.48,360.0,348.82,349.2,356.88,9194775,3254095013.31,shares,0
2026-02-09,354.87,357.2,346.31,352.1,349.2,8590734,3012225332.54,shares,0
2026-02-10,352.1,353.0,346.37,350.49,352.1,6442404,2252401565.58,shares,0
2026-02-11,348.0,349.5,343.01,346.86,350.49,5360820,1857846153.73,shares,0
2026-02-12,349.0,351.2,337.99,345.0,346.86,9031579,3100167704.99,shares,0
2026-02-13,342.83,353.45,341.31,344.5,345.0,8011492,2790927814.87,shares,0
2026-02-24,348.84,352.5,339.54,352.0,344.5,9905832,3431946607.41,shares,0
2026-02-25,351.3,376.22,339.88,369.1,352.0,17665293,6365708393.2,shares,0
2026-02-26,367.5,373.38,356.0,367.3,369.1,11652736,4252560178.14,shares,0
2026-02-27,361.31,361.37,351.0,352.66,367.3,9852847,3487155562.23,shares,0
2026-03-02,348.53,366.6,347.04,349.14,352.66,10679389,3784345622.56,shares,0
2026-03-03,350.02,354.89,332.8,333.5,349.14,11098782,3786352499.78,shares,0
2026-03-04,329.0,338.6,328.33,332.74,333.5,6746335,2251663387.14,shares,0
2026-03-05,340.01,349.9,335.5,340.49,332.74,9485131,3260845491.63,shares,0
2026-03-06,338.0,346.0,335.33,336.3,340.49,6729116,2282538207.99,shares,0
2026-03-09,327.0,327.0,315.04,323.71,336.3,11350753,3641832132.47,shares,0
2026-03-10,332.0,337.48,324.25,327.29,323.71,9103855,3001300373.92,shares,0
2026-03-11,325.0,326.74,317.0,320.3,327.29,9598835,3075137456.04,shares,0
2026-03-12,320.0,326.29,313.33,315.33,320.3,7284550,2314948905.67,shares,0
2026-03-13,312.14,316.29,309.07,312.93,315.33,6691022,2088913935.14,shares,0
2026-03-16,314.99,321.44,303.1,320.77,312.93,10861387,3397843349.55,shares,0
2026-03-17,318.8,324.89,312.8,313.01,320.77,7842767,2496268014.97,shares,0
2026-03-18,315.0,322.38,314.0,320.93,313.01,8918496,2843084995.79,shares,0
2026-03-19,316.0,318.88,312.5,314.1,320.93,5866971,1850159702.51,shares,0
2026-03-20,315.67,319.9,308.84,309.3,314.1,8601857,2707991290.16,shares,0
2026-03-23,303.0,308.93,295.05,297.5,309.3,10117389,3048100365.6,shares,0
2026-03-24,302.0,304.5,293.67,300.45,297.5,8429718,2522370012.88,shares,0
2026-03-25,305.0,314.87,303.1,311.58,300.45,8642674,2690769744.78,shares,0
2026-03-26,308.52,311.58,305.01,306.0,311.58,5902627,1810666189.45,shares,0
2026-03-27,301.39,310.8,299.52,305.61,306.0,6532124,1993614920.32,shares,0
2026-03-30,303.03,322.22,301.01,316.74,305.61,10369997,3247101638.58,shares,0
2026-03-31,318.0,322.98,306.09,306.38,316.74,8095368,2539929621.87,shares,0
2026-04-01,314.33,318.88,310.63,313.54,306.38,7421169,2332641812.8,shares,0
2026-04-02,312.0,312.0,296.03,299.19,313.54,8683908,2615034236.95,shares,0
2026-04-03,303.48,303.48,292.33,293.5,299.19,5892048,1741338281.43,shares,0
2026-04-07,294.0,300.29,292.34,293.6,293.5,5946493,1758087427.77,shares,0
2026-04-08,305.0,322.25,304.5,317.69,293.6,15812092,4986536170.58,shares,0
2026-04-09,314.03,329.39,311.03,321.3,317.69,13158051,4234144036.32,shares,0
2026-04-10,326.3,331.63,322.92,324.0,321.3,9257079,3024921550.2,shares,0
2026-04-13,322.0,323.49,315.69,316.58,324.0,9363364,2983105238.45,shares,0
2026-04-14,321.58,329.76,320.06,324.5,316.58,12795009,4154763898.13,shares,0
2026-04-15,327.95,334.66,319.0,320.36,324.5,13764563,4498310906.59,shares,0
2026-04-16,323.1,324.5,316.0,318.5,320.36,10501167,3350409237.23,shares,0
2026-04-17,316.5,320.3,309.2,314.0,318.5,13860230,4351391750.41,shares,0
2026-04-20,309.58,317.5,303.88,313.54,314.0,11349932,3544381330.82,shares,0
2026-04-21,314.85,314.95,305.58,308.88,313.54,9588394,2961495636.97,shares,0
2026-04-22,308.88,320.78,308.18,319.99,308.88,15335562,4866178732.93,shares,0
2026-04-23,322.0,323.8,311.0,315.05,319.99,11790930,3734182949.49,shares,0
2026-04-24,317.0,327.8,309.5,323.38,315.05,17267206,5522597695.32,shares,0
2026-04-27,329.13,355.0,322.78,352.01,323.38,26227060,8951169135.84,shares,0
2026-04-28,353.02,373.11,353.01,362.27,352.01,21302380,7762330603.26,shares,0
2026-04-29,358.92,364.0,349.53,359.76,362.27,14407925,5150764692.59,shares,0
2026-04-30,360.0,379.0,355.55,376.3,359.76,19165385,7112514370.22,shares,0
2026-05-06,400.0,412.22,381.2,383.3,376.3,23789159,9383781782.02,shares,0
2026-05-07,390.0,393.0,377.27,384.6,383.3,17007969,6529224168.77,shares,0
2026-05-08,380.0,386.76,366.64,370.0,384.6,17541017,6554934291.49,shares,0
2026-05-11,377.05,393.33,371.3,383.64,370.0,22906568,8768200329.32,shares,0
2026-05-12,384.0,396.78,374.36,388.45,383.64,18776847,7286494959.01,shares,0
2026-05-13,376.0,409.53,374.0,405.6,388.45,20702806,8106644980.98,shares,0
2026-05-14,407.98,409.58,387.01,387.17,405.6,15778297,6233168277.87,shares,0
2026-05-15,393.36,464.0,369.98,432.9,387.17,38098098,16018523192.16,shares,0
2026-05-18,441.0,461.88,435.01,438.75,432.9,27979239,12525856432.16,shares,0
2026-05-19,432.17,480.0,428.1,479.51,438.75,30037968,13794444725.12,shares,0
2026-05-20,475.0,498.0,470.0,490.33,479.51,29314750,14171009597.92,shares,0
2026-05-21,490.62,533.33,473.0,475.8,490.33,36529860,18242120113.37,shares,0
2026-05-22,480.0,483.33,452.0,469.6,475.8,29706796,13801279609.6,shares,0
2026-05-25,453.36,491.98,438.0,485.3,469.6,36397918,16943297520.59,shares,0
2026-05-26,475.6,480.0,452.15,463.51,485.3,24682054,11412617791.8,shares,0
2026-05-27,463.95,486.7,453.48,455.05,463.51,22938772,10815858057.0,shares,0
2026-05-28,453.9,458.88,441.03,453.12,455.05,20992926,9439901304.62,shares,0
2026-05-29,305.99,306.58,287.0,297.68,303.87,30135520,8935163691.51,shares,0
2026-06-01,290.0,291.73,271.5,273.0,297.68,32573167,9101783530.95,shares,0
2026-06-02,278.46,286.32,268.44,282.8,273.0,26923612,7511327698.82,shares,0
2026-06-03,281.99,296.74,278.8,285.92,282.8,33241380,9575819076.18,shares,0
2026-06-04,280.99,295.88,280.88,289.39,285.92,22578440,6534358207.75,shares,0
2026-06-05,281.74,287.65,274.54,276.0,289.39,21973317,6168092560.29,shares,0
2026-06-08,265.2,272.88,261.6,265.47,276.0,21104733,5648274843.47,shares,0
2026-06-09,272.09,286.0,270.6,285.04,265.47,21281269,5947599575.06,shares,0
2026-06-10,282.89,306.0,282.0,289.11,285.04,29607941,8704926682.69,shares,0
2026-06-11,299.99,303.86,292.0,303.12,289.11,27503246,8222524302.89,shares,0
2026-06-12,318.27,324.9,303.9,303.92,303.12,39806694,12488246432.16,shares,0
2026-06-15,309.99,319.98,299.17,319.98,303.92,25842173,8097859455.61,shares,0
2026-06-16,319.98,323.7,313.39,319.0,319.98,20501454,6513324291.15,shares,0
2026-06-17,314.0,351.88,312.17,351.0,319.0,31337870,10444151404.19,shares,0
2026-06-18,350.0,368.0,345.0,360.0,351.0,26144797,9363424812.45,shares,0
2026-06-22,371.99,385.0,358.0,372.74,360.0,28331926,10550819522.56,shares,0
2026-06-23,372.74,388.5,364.5,371.72,372.74,33153561,12416821675.56,shares,0
2026-06-24,362.5,395.0,359.3,383.0,371.72,31193196,11825953839.55,shares,0
2026-06-25,388.01,412.5,388.01,399.13,383.0,29675720,11902653380.91,shares,0
2026-06-26,397.0,423.8,393.24,413.0,399.13,31952325,13152855738.14,shares,0
2026-06-29,419.19,459.0,419.19,456.69,413.0,40809933,17834156551.75,shares,0
2026-06-30,457.0,474.07,446.1,468.5,456.69,35068311,16125147904.19,shares,0
2026-07-01,460.01,500.0,452.96,462.0,468.5,35334500,16753888177.04,shares,0
2026-07-02,428.5,444.5,407.0,408.9,462.0,43639954,18486487048.6,shares,0
2026-07-03,396.21,428.68,392.0,413.69,408.9,33812280,13807373004.93,shares,0
2026-07-06,424.96,427.77,392.45,420.0,413.69,30017456,12365069128.94,shares,0
2026-07-07,408.0,430.13,401.56,420.04,420.0,24777645,10350140212.64,shares,0
2026-07-08,420.0,439.31,402.0,423.0,420.04,27152689,11483204003.61,shares,0
2026-07-09,433.99,474.5,430.0,471.59,423.0,33945458,15179037190.54,shares,0
2026-07-10,471.59,492.05,434.0,434.51,471.59,37994710,17798376508.21,shares,0
2026-07-13,421.47,443.6,402.03,408.6,434.51,36380764,15345631161.61,shares,0
2026-07-14,400.43,415.0,379.0,405.3,408.6,35642993,14227168826.82,shares,0
2026-07-15,414.0,414.8,385.85,391.29,405.3,26111292,10383998064.49,shares,0
2026-07-16,383.18,391.0,359.09,361.42,391.29,31869135,11893782979.38,shares,0
2026-07-17,364.62,368.04,341.86,350.69,361.42,37124423,13191835581.3,shares,0
2026-07-20,355.0,361.97,332.99,342.5,350.69,36684652,12719411229.43,shares,0
2026-07-21,352.97,409.0,341.02,407.89,342.5,44991412,16645555544.36,shares,0
2026-07-22,395.34,408.0,381.2,392.99,407.89,34705494,13733987789.93,shares,0
2026-07-23,398.97,399.0,367.0,375.2,392.99,26321332,9961174685.81,shares,0
2026-07-24,370.0,396.0,363.56,388.5,375.2,26443325,10162906773.35,shares,0
2026-07-27,388.48,405.0,370.08,399.77,388.5,24620408,9606494484.44,shares,0
2026-07-28,388.0,405.73,376.8,383.0,399.77,25435793,9971631703.16,shares,0
2026-07-29,390.37,391.54,340.11,360.0,383.0,37828703,13554356326.48,shares,0
2026-07-30,350.01,363.8,335.0,346.5,360.0,33968727,11903850012.83,shares,0
2026-07-31,389.0,389.0,344.0,344.0,346.5,32711368,11944345519.45,shares,0
2026-08-03,340.47,342.0,308.12,309.85,344.0,35277790,11315252060.15,shares,0
2026-08-04,312.78,327.13,305.23,317.74,309.85,31297652,9890334138.89,shares,0
2026-08-05,322.72,365.8,322.0,358.0,317.74,37993961,13218245229.04,shares,0
2026-08-06,348.0,373.44,347.55,361.59,358.0,29424121,10610439299.38,shares,0
2026-08-07,360.84,369.58,356.1,367.65,361.59,22696882,8274100628.57,shares,0
2026-08-10,369.5,389.99,366.77,389.99,367.65,28731752,10926425500.77,shares,0
2026-08-11,378.0,384.0,362.0,363.1,389.99,30479199,11412088548.61,shares,0
2026-08-12,370.0,385.91,367.47,380.95,363.1,26125291,9901701100.87,shares,0
2026-08-13,388.0,388.23,370.0,370.42,380.95,24276028,9242028781.72,shares,0
2026-08-14,377.95,378.0,367.5,374.85,370.42,14869855,5551760678.9,shares,0
2026-08-17,373.47,388.99,371.17,387.82,374.85,21910617,8392315605.25,shares,0
2026-08-18,387.82,399.58,383.01,398.33,387.82,21590545,8447273945.08,shares,0
2026-08-19,382.84,390.59,365.65,372.0,398.33,25727075,9672852382.38,shares,0
2026-08-20,375.0,382.38,360.4,365.5,372.0,20625513,7663836485.71,shares,0
2026-08-21,365.9,369.75,359.5,362.5,365.5,14627381,5329720074.99,shares,0
2026-08-24,364.0,369.58,350.2,357.65,362.5,20044311,7209538348.53,shares,0
2026-08-25,356.34,359.36,341.64,354.0,357.65,14300451,5029704935.02,shares,0
2026-08-26,352.0,370.66,349.0,368.05,354.0,16616157,6022038624.55,shares,0
2026-08-27,367.01,376.46,367.01,376.01,368.05,15901891,5920649681.42,shares,0
2026-08-28,374.0,378.0,367.0,367.0,376.01,12401196,4616962307.01,shares,0
2026-08-31,360.98,362.0,349.02,362.0,367.0,17710177,6296291178.38,shares,0
2026-09-01,360.01,363.5,348.28,350.52,362.0,13793791,4872246763.96,shares,0
2026-09-02,346.0,350.97,341.3,343.88,350.52,11215119,3873833514.17,shares,0
2026-09-03,348.0,349.1,337.18,341.0,343.88,12190978,4168823232.8,shares,0
2026-09-04,343.99,347.1,332.58,335.42,341.0,13101087,4433776910.56,shares,0
2026-09-07,340.0,347.93,335.78,344.0,335.42,15801880,5417398960.47,shares,0
2026-09-08,342.01,343.0,330.51,336.01,344.0,15898188,5353663314.14,shares,0
2026-09-09,339.97,340.9,332.16,333.0,336.01,10084104,3377718852.95,shares,0
2026-09-10,330.9,338.5,330.1,334.19,333.0,8324517,2783286904.82,shares,0
2026-09-11,331.49,333.88,323.0,333.59,334.19,12988078,4276079924.56,shares,0
2026-09-14,327.0,329.86,321.5,324.64,333.59,9461991,3073011598.85,shares,0
2026-09-15,323.44,337.8,322.16,330.6,324.64,14400321,4761883205.14,shares,0
2026-09-16,334.19,358.34,329.1,352.6,330.6,21621295,7476570101.6,shares,0
2026-09-17,351.0,356.5,347.86,351.23,352.6,12650374,4459409357.39,shares,0
2026-09-18,357.6,362.0,350.83,354.92,351.23,20605046,7336173264.75,shares,0
2026-09-21,358.0,360.66,350.5,353.55,354.92,11983910,4251826330.13,shares,0
2026-09-22,359.0,363.07,347.69,350.06,353.55,15792854,5632498583.69,shares,0
2026-09-23,350.23,354.55,347.03,349.35,350.06,8627344,3018035749.99,shares,0
2026-09-24,347.01,347.94,338.99,339.3,349.35,9973753,3416781571.09,shares,0
