date,open,high,low,close,preclose,volume,amount,volume_unit,special_treatment
2020-02-18,355.0,380.0,336.5,340.01,107.41,9677517,3376591821.0,shares,0
2020-02-19,349.0,365.0,324.0,327.7,340.01,6041367,2096323244.0,shares,0
2020-02-20,320.86,333.0,301.2,307.4,327.7,3560936,1116797384.0,shares,0
2020-02-21,328.86,334.99,308.5,321.8,307.4,3841990,1229497714.0,shares,0
2020-02-24,313.0,316.01,296.26,312.4,321.8,2695873,827508866.0,shares,0
2020-02-25,302.51,340.1,301.2,328.0,312.4,3106211,1011461624.0,shares,0
2020-02-26,325.0,329.7,288.0,291.5,328.0,2840182,864865146.0,shares,0
2020-02-27,289.01,294.46,265.0,267.98,291.5,2148825,589842752.0,shares,0
2020-02-28,249.0,268.5,247.01,254.0,267.98,1727647,443505654.0,shares,0
2020-03-02,263.0,266.08,250.23,256.5,254.0,1662818,428709066.0,shares,0
2020-03-03,261.9,272.87,257.02,258.71,256.5,2044597,540123241.0,shares,0
2020-03-04,255.0,256.8,240.85,246.59,258.71,1510133,375386474.0,shares,0
2020-03-05,251.07,268.6,242.02,261.8,246.59,1802058,461572518.0,shares,0
2020-03-06,256.0,258.88,250.01,252.03,261.8,1072697,272422255.0,shares,0
2020-03-09,243.15,249.88,230.0,230.4,252.03,1723071,411341531.0,shares,0
2020-03-10,230.99,244.55,230.0,244.0,230.4,1760547,419657437.0,shares,0
2020-03-11,240.2,241.99,227.15,227.15,244.0,1627966,380451725.0,shares,0
2020-03-12,221.14,226.1,220.11,222.86,227.15,937943,209102480.0,shares,0
2020-03-13,210.9,235.6,205.0,228.47,222.86,2010746,452647038.0,shares,0
2020-03-16,233.0,246.5,228.11,230.0,228.47,1918701,455951511.0,shares,0
2020-03-17,238.0,243.33,221.0,239.39,230.0,1622740,382795911.0,shares,0
2020-03-18,243.8,251.12,236.0,236.5,239.39,1634918,400177661.0,shares,0
2020-03-19,238.0,254.22,235.0,254.2,236.5,1916720,472209725.0,shares,0
2020-03-20,256.0,261.65,245.01,248.2,254.2,1566767,393886814.0,shares,0
2020-03-23,238.87,238.87,212.33,217.0,248.2,1447549,329227596.0,shares,0
2020-03-24,222.3,224.6,206.0,219.5,217.0,1223724,264173014.0,shares,0
2020-03-25,227.58,227.58,219.0,220.4,219.5,972404,216342606.0,shares,0
2020-03-26,217.6,221.3,208.88,209.1,220.4,980266,209779538.0,shares,0
2020-03-27,213.88,215.0,205.0,205.45,209.1,694852,145084461.0,shares,0
2020-03-30,198.0,198.0,190.66,194.47,205.45,919931,178986139.0,shares,0
2020-03-31,198.12,202.99,194.01,194.55,194.47,727356,144445988.0,shares,0
2020-04-01,193.03,201.41,191.05,193.4,194.55,686412,134245128.0,shares,0
2020-04-02,192.01,207.7,192.01,207.5,193.4,1118752,225398972.0,shares,0
2020-04-03,205.57,206.46,200.45,200.8,207.5,728618,147511399.0,shares,0
2020-04-07,206.66,207.48,202.68,203.2,200.8,630698,128888387.0,shares,0
2020-04-08,202.01,206.65,201.01,203.64,203.2,495699,101149817.0,shares,0
2020-04-09,204.96,205.69,197.98,198.07,203.64,651099,130301900.0,shares,0
2020-04-10,198.47,198.88,187.01,188.1,198.07,686192,131330493.0,shares,0
2020-04-13,185.25,191.88,185.25,187.33,188.1,439360,82534738.0,shares,0
2020-04-14,188.38,192.5,188.38,190.62,187.33,380983,72427644.0,shares,0
2020-04-15,191.01,195.6,190.18,191.59,190.62,489854,94233472.0,shares,0
2020-04-16,189.0,191.28,188.0,190.38,191.59,299693,56837400.0,shares,0
2020-04-17,192.88,198.88,192.1,193.42,190.38,767678,150316811.0,shares,0
2020-04-20,192.5,195.69,192.5,193.8,193.42,397122,77024035.0,shares,0
2020-04-21,192.38,193.9,186.38,187.75,193.8,562237,106016718.0,shares,0
2020-04-22,186.0,193.64,185.55,193.4,187.75,600627,115170291.0,shares,0
2020-04-23,195.26,202.71,195.26,198.3,193.4,696760,139078893.0,shares,0
2020-04-24,198.39,205.5,196.18,204.96,198.3,772378,156140149.0,shares,0
2020-04-27,206.1,214.82,200.5,202.97,204.96,851752,177981051.0,shares,0
2020-04-28,200.4,205.58,180.02,204.41,202.97,1253977,243619326.0,shares,0
2020-04-29,201.0,215.0,200.0,212.69,204.41,925577,195546849.0,shares,0
2020-04-30,214.69,235.0,214.0,232.65,212.69,1585180,357664606.0,shares,0
2020-05-06,228.0,255.5,227.27,250.96,232.65,1773160,432929198.0,shares,0
2020-05-07,251.0,257.87,238.89,238.89,250.96,1307938,321870956.0,shares,0
2020-05-08,243.0,248.5,236.08,239.65,238.89,915208,221574489.0,shares,0
2020-05-11,242.0,249.0,235.01,239.61,239.65,1047427,254514786.0,shares,0
2020-05-12,238.21,241.58,230.5,240.8,239.61,750870,176642718.0,shares,0
2020-05-13,240.0,256.71,240.0,251.0,240.8,1302621,328409278.0,shares,0
2020-05-14,249.96,266.99,249.22,260.0,251.0,1304045,340279546.0,shares,0
2020-05-15,262.62,283.0,262.62,273.12,260.0,1665976,456462409.0,shares,0
2020-05-18,282.0,289.88,266.11,275.96,273.12,2007095,557580289.0,shares,0
2020-05-19,276.2,299.97,272.11,299.43,275.96,1794479,517022920.0,shares,0
2020-05-20,293.36,297.7,268.0,273.87,299.43,1690891,480528849.0,shares,0
2020-05-21,269.0,275.5,255.3,255.3,273.87,1354344,358738955.0,shares,0
2020-05-22,256.0,265.01,251.1,259.59,255.3,1091824,282658868.0,shares,0
2020-05-25,257.03,260.57,244.14,248.99,259.59,901609,226254829.0,shares,0
2020-05-26,249.99,262.5,249.99,261.02,248.99,820914,212586599.0,shares,0
2020-05-27,260.9,261.79,251.01,253.0,261.02,782533,200776813.0,shares,0
2020-05-28,252.11,258.0,236.2,244.0,253.0,1078943,262922744.0,shares,0
2020-05-29,241.0,249.19,241.0,242.88,244.0,623392,153006917.0,shares,0
2020-06-01,245.58,273.8,245.3,273.65,242.28,1193498,312837967.0,shares,0
2020-06-02,272.99,294.93,269.0,285.16,273.65,1425203,401108222.0,shares,0
2020-06-03,285.97,289.85,274.38,275.5,285.16,893602,250640085.0,shares,0
2020-06-04,275.48,287.11,274.2,278.08,275.5,731524,205202075.0,shares,0
2020-06-05,278.09,281.5,267.0,272.18,278.08,962250,263353656.0,shares,0
2020-06-08,274.5,284.5,272.18,274.82,272.18,600095,166952077.0,shares,0
2020-06-09,274.34,281.5,268.0,275.9,274.82,670435,185687510.0,shares,0
2020-06-10,276.43,277.99,267.51,273.0,275.9,638261,173302407.0,shares,0
2020-06-11,270.52,277.5,262.15,262.15,273.0,1296086,348708579.0,shares,0
2020-06-12,253.0,265.0,250.07,260.69,262.15,932125,237668248.0,shares,0
2020-06-15,256.0,256.86,245.06,247.28,260.69,1037816,259966127.0,shares,0
2020-06-16,249.99,255.97,249.31,254.99,247.28,744314,188681757.0,shares,0
2020-06-17,258.38,258.5,244.89,252.59,254.99,971816,241345634.0,shares,0
2020-06-18,250.0,259.77,247.11,257.0,252.59,678771,173595917.0,shares,0
2020-06-19,257.0,261.12,253.88,258.5,257.0,574058,148079445.0,shares,0
2020-06-22,261.53,284.99,261.53,275.0,258.5,1396029,383594693.0,shares,0
2020-06-23,273.55,281.81,271.01,276.26,275.0,699117,193104864.0,shares,0
2020-06-24,276.46,295.0,272.68,291.0,276.26,1270208,364430580.0,shares,0
2020-06-29,285.88,296.8,283.7,287.39,291.0,704524,203474793.0,shares,0
2020-06-30,291.87,294.55,284.0,286.25,287.39,873359,252320140.0,shares,0
2020-07-01,288.46,302.95,285.0,301.4,286.25,1358641,402768385.0,shares,0
2020-07-02,300.08,313.5,298.02,304.28,301.4,1284948,393522115.0,shares,0
2020-07-03,305.0,312.0,290.0,308.28,304.28,1042874,314133646.0,shares,0
2020-07-06,308.1,339.0,308.06,332.0,308.28,1191169,389555640.0,shares,0
2020-07-07,338.0,344.72,326.0,326.9,332.0,1429871,474014104.0,shares,0
2020-07-08,326.0,326.0,310.2,321.09,326.9,1836052,582162908.0,shares,0
2020-07-09,318.0,327.87,314.01,321.5,321.09,1623901,519735055.0,shares,0
2020-07-10,316.97,323.66,314.0,317.13,321.5,876378,279054058.0,shares,0
2020-07-13,320.0,325.99,315.0,324.0,317.13,1261867,404773185.0,shares,0
2020-07-14,323.99,325.87,300.78,307.05,324.0,1804424,561302332.0,shares,0
2020-07-15,308.98,309.34,287.0,287.53,307.05,1308649,386747545.0,shares,0
2020-07-16,286.0,291.87,260.0,260.0,287.53,1239617,340449456.0,shares,0
2020-07-17,260.0,266.8,254.2,262.01,260.0,790185,206165813.0,shares,0
2020-07-20,266.5,275.95,256.0,275.28,262.01,884599,235558096.0,shares,0
2020-07-21,273.98,281.0,262.3,263.07,275.28,933822,251099436.0,shares,0
2020-07-22,261.97,268.68,258.05,266.29,263.07,576927,153308760.0,shares,0
2020-07-23,262.15,268.9,250.58,268.0,266.29,801833,208310908.57,shares,0
2020-07-24,262.0,262.89,247.17,250.0,268.0,682131,173953662.0,shares,0
2020-07-27,250.01,252.2,239.45,241.79,250.0,494182,121072065.0,shares,0
2020-07-28,244.0,251.99,244.0,250.46,241.79,506335,126348848.0,shares,0
2020-07-29,255.0,269.99,251.01,268.31,250.46,844258,222670355.0,shares,0
2020-07-30,271.59,285.39,270.0,276.88,268.31,1082151,304203275.55,shares,0
2020-07-31,280.85,295.55,276.0,295.55,276.88,1247400,362275986.0,shares,0
2020-08-03,304.96,313.88,301.22,312.0,295.55,1223173,376811643.0,shares,0
2020-08-04,335.95,335.95,298.02,303.1,312.0,2314501,740314071.0,shares,0
2020-08-05,318.0,323.0,308.41,310.11,303.1,1687434,538865328.34,shares,0
2020-08-06,307.93,324.8,300.11,317.0,310.11,1047186,328601527.79,shares,0
2020-08-07,314.85,315.0,294.0,296.77,317.0,1016528,306134908.0,shares,0
2020-08-10,298.55,310.92,286.08,306.0,296.77,991798,294343004.0,shares,0
2020-08-11,302.05,305.79,291.0,291.53,306.0,581354,173242813.0,shares,0
2020-08-12,293.28,315.49,285.0,314.98,291.53,950618,284749243.0,shares,0
2020-08-13,314.0,316.77,306.2,310.6,314.98,562802,175346301.0,shares,0
2020-08-14,310.6,313.53,298.0,305.98,310.6,480715,146465489.0,shares,0
2020-08-17,305.5,307.6,294.0,302.04,305.98,642648,192736051.0,shares,0
2020-08-18,299.0,301.88,293.49,295.9,302.04,648932,192629586.82,shares,0
2020-08-19,296.98,296.98,273.88,273.9,295.9,973327,275457639.0,shares,0
2020-08-20,274.0,278.94,271.0,272.67,273.9,385508,105841697.45,shares,0
2020-08-21,272.66,278.88,272.0,274.16,272.67,266651,73383002.99,shares,0
2020-08-24,274.16,277.95,263.0,272.76,274.16,414306,111842483.54,shares,0
2020-08-25,271.0,279.98,271.0,275.8,272.76,372192,102524997.0,shares,0
2020-08-26,274.0,283.0,263.0,265.0,275.8,599645,163367126.0,shares,0
2020-08-27,262.5,286.3,262.5,281.6,265.0,729903,203246468.45,shares,0
2020-08-28,277.99,284.8,272.3,284.8,281.6,526263,146763420.0,shares,0
2020-08-31,286.0,294.73,279.0,280.82,284.8,678704,193488338.0,shares,0
2020-09-01,280.94,283.38,274.0,275.19,280.82,527292,146507581.0,shares,0
2020-09-02,276.03,279.0,270.23,272.25,275.19,433369,118900028.0,shares,0
2020-09-03,273.23,276.5,267.4,270.28,272.25,470968,127656867.35,shares,0
2020-09-04,268.0,279.96,267.01,278.2,270.28,551644,152372150.78,shares,0
2020-09-07,279.0,293.91,270.7,272.81,278.2,707234,200312595.0,shares,0
2020-09-08,270.05,289.7,266.1,288.89,272.81,875088,246360019.0,shares,0
2020-09-09,285.3,285.3,262.02,262.56,288.89,792442,216502220.0,shares,0
2020-09-10,265.09,266.9,248.0,249.4,262.56,720597,185579630.0,shares,0
2020-09-11,247.04,260.88,245.01,259.36,249.4,387382,98789521.0,shares,0
2020-09-14,262.74,272.2,260.06,265.8,259.36,387061,103195611.02,shares,0
2020-09-15,268.85,273.99,260.98,268.71,265.8,324765,86716191.0,shares,0
2020-09-16,264.0,271.66,263.01,266.0,268.71,266386,71068608.0,shares,0
2020-09-17,265.0,276.91,260.15,271.56,266.0,671712,180789965.0,shares,0
2020-09-18,271.81,276.5,268.22,273.79,271.56,349462,95300771.0,shares,0
2020-09-21,277.88,277.88,265.0,266.7,273.79,459329,123478745.99,shares,0
2020-09-22,262.89,266.67,260.0,262.4,266.7,284130,74602098.88,shares,0
2020-09-23,264.16,272.5,263.5,268.36,262.4,394852,106169245.0,shares,0
2020-09-24,267.57,271.45,262.03,263.14,268.36,269004,71488919.0,shares,0
2020-09-25,263.2,265.0,255.4,258.26,263.14,266329,68981545.81,shares,0
2020-09-28,259.3,259.95,243.26,245.0,258.26,536347,133960017.0,shares,0
2020-09-29,246.22,256.0,246.22,253.16,245.0,354715,89530044.88,shares,0
2020-09-30,255.0,258.49,252.33,253.01,253.16,226226,57812276.0,shares,0
2020-10-09,260.0,261.88,256.01,259.9,253.01,226948,59022296.64,shares,0
2020-10-12,259.0,270.88,259.0,270.29,259.9,397853,106205936.0,shares,0
2020-10-13,270.29,271.26,267.0,270.28,270.29,231248,62211438.0,shares,0
2020-10-14,269.01,269.95,260.02,261.9,270.28,538824,142202019.77,shares,0
2020-10-15,261.0,268.52,258.22,259.43,261.9,347032,91402294.03,shares,0
2020-10-16,263.0,265.0,256.5,259.49,259.43,241102,62667420.74,shares,0
2020-10-19,259.9,264.98,257.01,258.6,259.49,250888,65518398.0,shares,0
2020-10-20,258.92,260.99,253.2,260.62,258.6,260706,66920059.0,shares,0
2020-10-21,261.45,261.45,248.7,250.0,260.62,337172,85240339.0,shares,0
2020-10-22,248.03,261.87,247.21,258.98,250.0,449185,114875546.38,shares,0
2020-10-23,250.0,256.32,242.73,248.01,258.98,600162,150004935.95,shares,0
2020-10-26,248.01,255.0,246.0,249.85,248.01,296360,74332927.0,shares,0
2020-10-27,252.0,254.8,248.46,251.99,249.85,135852,34219296.4,shares,0
2020-10-28,251.99,257.99,248.8,256.25,251.99,253290,64400982.41,shares,0
2020-10-29,251.88,265.48,250.6,264.38,256.25,504132,131225944.0,shares,0
2020-10-30,265.98,268.15,258.81,260.0,264.38,581378,153835360.0,shares,0
2020-11-02,258.0,262.5,245.3,246.88,260.0,619526,155161184.04,shares,0
2020-11-03,249.48,266.0,246.88,265.31,246.88,604550,156269415.12,shares,0
2020-11-04,265.3,269.5,261.12,264.1,265.31,371081,98409370.26,shares,0
2020-11-05,271.94,272.5,261.5,265.34,264.1,432664,115088895.76,shares,0
2020-11-06,265.44,267.98,260.38,262.5,265.34,312498,82343957.85,shares,0
2020-11-09,266.0,299.38,263.69,298.99,262.5,1399544,399723148.87,shares,0
2020-11-10,294.0,298.99,285.43,288.8,298.99,783285,228249301.46,shares,0
2020-11-11,285.0,291.6,273.43,274.57,288.8,690064,193963349.81,shares,0
2020-11-12,277.82,278.6,270.28,273.0,274.57,315106,86371538.36,shares,0
2020-11-13,273.5,282.78,270.12,278.65,273.0,452303,125517992.21,shares,0
2020-11-16,278.65,281.65,266.6,267.8,278.65,425379,116134561.31,shares,0
2020-11-17,266.0,267.79,256.0,265.05,267.8,430359,112559356.98,shares,0
2020-11-18,264.0,268.38,258.0,260.5,265.05,396164,104042991.64,shares,0
2020-11-19,259.0,264.6,256.6,260.0,260.5,278705,72963848.95,shares,0
2020-11-20,262.6,262.61,256.06,259.3,260.0,244936,63279443.13,shares,0
2020-11-23,258.0,267.2,256.05,263.68,259.3,318633,83677718.21,shares,0
2020-11-24,261.8,279.88,260.03,272.65,263.68,612335,167357419.53,shares,0
2020-11-25,273.0,277.33,264.8,265.6,272.65,457772,123210382.48,shares,0
2020-11-26,266.69,268.9,261.36,261.89,265.6,235039,62241760.76,shares,0
2020-11-27,261.64,268.23,259.96,265.0,261.89,259735,68566088.61,shares,0
2020-11-30,266.37,289.88,265.12,280.1,265.0,1037952,292397911.93,shares,0
2020-12-01,283.0,293.85,283.0,293.84,280.1,910607,264927125.41,shares,0
2020-12-02,293.87,309.65,293.87,308.02,293.84,1428140,438063478.29,shares,0
2020-12-03,313.03,323.1,310.0,315.6,308.02,1194703,378136743.45,shares,0
2020-12-04,312.2,319.96,307.98,319.19,315.6,845623,266663144.98,shares,0
2020-12-07,325.0,334.38,319.2,329.0,319.19,1447726,476996731.94,shares,0
2020-12-08,329.0,337.64,324.06,327.2,329.0,1052911,348176758.15,shares,0
2020-12-09,331.1,331.88,314.2,320.5,327.2,856095,276621012.83,shares,0
2020-12-10,321.99,327.99,317.87,321.8,320.5,691113,223042565.04,shares,0
2020-12-11,322.0,324.99,310.33,313.21,321.8,851934,269741744.31,shares,0
2020-12-14,315.0,321.21,308.83,319.46,313.21,410757,129753555.58,shares,0
2020-12-15,317.91,322.0,306.0,309.0,319.46,506444,157361592.38,shares,0
2020-12-16,309.0,312.44,301.05,305.6,309.0,372569,113902250.8,shares,0
2020-12-17,306.44,315.0,297.5,315.0,305.6,682504,208554892.53,shares,0
2020-12-18,319.22,323.0,306.02,307.0,315.0,734999,229754401.52,shares,0
2020-12-21,307.0,339.88,306.19,332.37,307.0,1245163,408036407.92,shares,0
2020-12-22,328.5,351.95,328.5,342.17,332.37,1276276,438315664.57,shares,0
2020-12-23,340.55,358.5,337.09,352.2,342.17,894500,312362297.54,shares,0
2020-12-24,346.8,355.0,343.0,347.0,352.2,528096,183751864.93,shares,0
2020-12-25,341.03,344.93,320.52,340.0,347.0,862983,286546432.57,shares,0
2020-12-28,334.8,352.87,330.0,343.1,340.0,517720,177963699.97,shares,0
2020-12-29,342.0,364.96,336.0,351.05,343.1,606601,213312699.69,shares,0
2020-12-30,346.01,357.09,340.01,340.02,351.05,589432,204861195.57,shares,0
2020-12-31,344.0,374.34,336.56,373.53,340.02,946230,338443439.47,shares,0
2021-01-04,373.0,382.9,367.88,377.0,373.53,852279,318599515.49,shares,0
2021-01-05,372.0,379.25,366.11,376.0,377.0,479100,178373180.48,shares,0
2021-01-06,380.77,404.61,365.1,373.82,376.0,916976,353104380.98,shares,0
2021-01-07,379.5,379.5,354.2,366.7,373.82,597536,217438460.27,shares,0
2021-01-08,366.0,369.1,343.0,343.0,366.7,648785,229264392.47,shares,0
2021-01-11,347.49,382.45,347.49,374.01,343.0,898506,331687890.02,shares,0
2021-01-12,374.34,408.33,368.56,396.6,374.01,890217,352450723.94,shares,0
2021-01-13,405.22,407.0,372.0,392.11,396.6,749143,291756961.71,shares,0
2021-01-14,390.0,418.87,374.0,412.89,392.11,876767,352971214.98,shares,0
2021-01-15,425.0,487.0,418.0,432.0,412.89,1769914,795944150.36,shares,0
2021-01-18,445.82,461.0,430.0,454.96,432.0,937095,419569799.76,shares,0
2021-01-19,444.0,459.99,427.98,439.0,454.96,944503,416275515.55,shares,0
2021-01-20,443.4,448.0,416.0,429.6,439.0,969151,413068851.67,shares,0
2021-01-21,433.0,446.01,426.12,437.25,429.6,649064,282975486.69,shares,0
2021-01-22,432.0,437.86,412.0,424.26,437.25,806447,341193882.23,shares,0
2021-01-25,430.0,435.9,414.0,427.0,424.26,1075434,459061552.1,shares,0
2021-01-26,424.0,425.27,398.0,403.97,427.0,800549,327523377.78,shares,0
2021-01-27,405.27,417.16,399.0,406.4,403.97,493600,201756086.68,shares,0
2021-01-28,399.0,415.0,391.01,391.23,406.4,419923,168750524.44,shares,0
2021-01-29,394.87,400.0,375.0,386.82,391.23,733056,284618799.57,shares,0
2021-02-01,396.0,396.55,371.0,378.24,386.82,734166,279144604.55,shares,0
2021-02-02,377.2,412.0,372.33,407.83,378.24,750847,297177185.52,shares,0
2021-02-03,400.0,405.0,382.01,387.0,407.83,465034,181604104.85,shares,0
2021-02-04,378.0,392.99,350.92,384.23,387.0,814612,302211103.0,shares,0
2021-02-05,380.33,382.41,359.59,362.39,384.23,443878,164206937.05,shares,0
2021-02-08,362.41,398.68,356.69,390.35,362.39,449823,173496210.09,shares,0
2021-02-09,390.47,403.5,383.0,393.0,390.35,386027,152240892.97,shares,0
2021-02-10,392.6,398.98,383.63,386.0,393.0,419771,163671929.21,shares,0
2021-02-18,390.0,429.6,386.91,428.25,386.0,720115,297778824.48,shares,0
2021-02-19,419.99,427.79,391.5,393.73,428.25,919950,368920725.95,shares,0
2021-02-22,397.94,397.94,365.0,371.5,393.73,825821,310963790.54,shares,0
2021-02-23,369.69,391.3,365.06,383.99,371.5,488060,185880728.09,shares,0
2021-02-24,387.0,396.24,373.0,387.0,383.99,429580,165703268.32,shares,0
2021-02-25,387.12,395.58,375.2,393.88,387.0,310043,119849562.31,shares,0
2021-02-26,378.0,408.97,370.0,404.88,393.88,634470,250633976.17,shares,0
2021-03-01,407.88,432.0,400.84,431.6,404.88,622142,260952362.77,shares,0
2021-03-02,437.27,440.8,423.1,431.88,431.6,584669,251858488.24,shares,0
2021-03-03,425.26,435.99,418.0,426.04,431.88,411731,175605842.31,shares,0
2021-03-04,421.35,425.0,392.1,392.1,426.04,357893,145117041.08,shares,0
2021-03-05,385.0,388.85,350.23,353.31,392.1,959247,350236683.34,shares,0
2021-03-08,357.5,363.0,340.31,341.02,353.31,417816,146336768.18,shares,0
2021-03-09,340.18,354.51,329.99,334.0,341.02,622665,211776852.9,shares,0
2021-03-10,338.99,343.96,334.51,336.27,334.0,260764,88512353.05,shares,0
2021-03-11,337.77,358.88,331.09,348.9,336.27,336861,117014039.39,shares,0
2021-03-12,346.16,358.35,346.16,350.0,348.9,284661,100333731.39,shares,0
2021-03-15,350.0,353.11,303.01,319.5,350.0,1030763,333817641.44,shares,0
2021-03-16,310.0,312.79,293.8,301.0,319.5,910818,274676738.68,shares,0
2021-03-17,297.63,311.99,297.63,310.98,301.0,315589,97350100.19,shares,0
2021-03-18,311.55,318.77,308.91,316.0,310.98,277611,86972507.88,shares,0
2021-03-19,309.5,327.99,306.62,317.19,316.0,427905,135846335.01,shares,0
2021-03-22,317.2,318.41,300.5,305.03,317.19,317517,97418158.64,shares,0
2021-03-23,307.66,307.66,295.81,303.04,305.03,302411,91059558.51,shares,0
2021-03-24,295.81,304.5,285.3,292.58,303.04,198508,58757802.32,shares,0
2021-03-25,291.98,299.58,286.5,289.0,292.58,226967,66152767.36,shares,0
2021-03-26,290.0,298.85,285.55,296.53,289.0,347898,101794988.35,shares,0
2021-03-29,299.63,304.98,286.55,288.55,296.53,279810,82815705.17,shares,0
2021-03-30,287.1,294.88,286.5,294.46,288.55,199082,58085286.68,shares,0
2021-03-31,294.99,298.87,286.0,292.78,294.46,261368,75906320.58,shares,0
2021-04-01,291.99,323.17,291.61,311.1,292.78,662073,205887012.12,shares,0
2021-04-02,313.36,338.0,312.0,328.0,311.1,766014,251180162.01,shares,0
2021-04-06,336.68,336.68,316.88,320.0,328.0,367313,117802768.96,shares,0
2021-04-07,319.99,330.0,313.03,320.8,320.0,444926,142783446.2,shares,0
2021-04-08,320.8,330.33,318.66,325.5,320.8,401351,130777024.45,shares,0
2021-04-09,326.56,327.99,315.0,317.85,325.5,320140,102008822.04,shares,0
2021-04-12,317.5,320.0,310.0,310.95,317.85,348643,110051503.02,shares,0
2021-04-13,310.96,315.0,300.99,302.59,310.95,235754,72261924.34,shares,0
2021-04-14,300.05,305.88,290.0,291.1,302.59,653659,193067791.62,shares,0
2021-04-15,274.31,305.0,271.1,294.95,291.1,845425,243389645.14,shares,0
2021-04-16,298.57,319.99,291.86,318.78,294.95,600789,184273806.04,shares,0
2021-04-19,315.08,323.0,307.08,312.18,318.78,628600,197722444.32,shares,0
2021-04-20,310.31,319.88,308.51,314.5,312.18,348208,109612731.77,shares,0
2021-04-21,310.13,327.17,308.34,315.0,314.5,377176,119186025.85,shares,0
2021-04-22,313.58,322.9,311.07,314.92,315.0,495495,157129688.47,shares,0
2021-04-23,314.77,316.9,301.36,305.0,314.92,516896,158559203.84,shares,0
2021-04-26,310.0,337.0,306.02,323.0,305.0,997760,324245630.44,shares,0
2021-04-27,323.0,326.12,305.91,313.35,323.0,644036,202466866.06,shares,0
2021-04-28,308.54,314.9,303.33,304.41,313.35,429151,131725293.46,shares,0
2021-04-29,308.5,308.5,287.86,293.59,304.41,745757,220171651.96,shares,0
2021-04-30,295.0,324.0,293.59,323.15,293.59,729678,225584013.08,shares,0
2021-05-06,323.99,323.99,308.0,310.0,323.15,419449,131717914.37,shares,0
2021-05-07,308.43,313.98,278.96,280.75,310.0,803361,234562735.29,shares,0
2021-05-10,282.0,293.73,275.16,289.43,280.75,484390,138877365.9,shares,0
2021-05-11,291.6,291.6,277.02,283.45,289.43,529576,150133914.17,shares,0
2021-05-12,284.0,298.7,276.0,294.5,283.45,445567,128319594.14,shares,0
2021-05-13,291.78,295.0,285.71,288.15,294.5,202472,58805536.59,shares,0
2021-05-14,288.5,302.78,282.03,298.0,288.15,321420,94622000.42,shares,0
2021-05-17,318.05,339.45,305.15,333.88,298.0,714641,235004468.96,shares,0
2021-05-18,333.8,373.88,326.56,365.0,333.88,1005080,355307028.06,shares,0
2021-05-19,360.0,383.0,358.09,376.34,365.0,593802,222304248.8,shares,0
2021-05-20,378.58,383.43,366.99,378.99,376.34,429394,160806060.32,shares,0
2021-05-21,382.0,384.95,372.0,372.0,378.99,352418,133480805.23,shares,0
2021-05-24,369.26,384.5,364.94,380.57,372.0,427431,161379409.94,shares,0
2021-05-25,380.77,388.87,377.5,386.0,380.57,335655,129055392.89,shares,0
2021-05-26,381.2,388.0,373.5,377.65,386.0,284644,108221284.23,shares,0
2021-05-27,382.32,406.0,380.59,403.94,377.65,425654,168793645.47,shares,0
2021-05-28,398.36,419.98,390.0,395.74,403.94,465024,187821923.54,shares,0
2021-05-31,403.9,417.07,399.71,407.89,395.74,440679,180048910.83,shares,0
2021-06-01,399.83,448.0,399.83,405.7,407.89,721480,302771455.52,shares,0
2021-06-02,404.5,404.51,384.0,392.01,405.7,634466,249722558.92,shares,0
2021-06-03,391.85,398.01,382.0,394.0,392.01,330415,129762301.38,shares,0
2021-06-04,400.0,412.77,383.0,405.5,394.0,372072,150036739.31,shares,0
2021-06-07,405.5,424.98,405.37,421.0,405.5,555765,231292484.23,shares,0
2021-06-08,417.12,419.98,388.01,401.58,421.0,549190,221791574.04,shares,0
2021-06-09,405.0,412.0,396.5,403.8,401.58,430182,173298726.44,shares,0
2021-06-10,397.57,412.0,391.7,408.86,403.8,382683,154782509.62,shares,0
2021-06-11,404.28,406.5,388.0,397.0,408.86,373020,147313426.16,shares,0
2021-06-15,395.69,401.98,373.8,391.99,397.0,538385,208026872.57,shares,0
2021-06-16,392.88,414.43,380.0,389.41,391.99,584439,232504844.18,shares,0
2021-06-17,381.7,442.1,381.7,433.2,389.41,877115,366116562.89,shares,0
2021-06-18,441.0,447.0,425.56,426.89,432.21,800054,348975269.27,shares,0
2021-06-21,425.71,459.46,425.71,448.7,426.89,696609,308088029.24,shares,0
2021-06-22,451.48,451.48,421.04,432.06,448.7,540155,233988150.86,shares,0
2021-06-23,430.0,468.82,430.0,459.98,432.06,692798,315641240.87,shares,0
2021-06-24,466.88,466.88,443.0,453.62,459.98,476205,215439787.14,shares,0
2021-06-25,449.0,463.36,437.57,449.1,453.62,310321,138982084.14,shares,0
2021-06-28,448.6,468.8,440.66,447.86,449.1,388564,178015513.89,shares,0
2021-06-29,447.89,467.9,447.66,459.86,447.86,416531,191151368.53,shares,0
2021-06-30,464.0,490.0,463.0,473.33,459.86,520963,248537318.11,shares,0
2021-07-01,469.0,515.0,462.28,498.0,473.33,796916,399483357.35,shares,0
2021-07-02,500.0,518.0,494.08,499.84,498.0,437551,221464469.41,shares,0
2021-07-05,508.01,535.0,501.99,517.58,499.84,623622,323789146.32,shares,0
2021-07-06,508.57,534.9,482.58,504.3,517.58,642580,323176522.47,shares,0
2021-07-07,496.0,503.9,475.0,502.0,504.3,556656,275457387.84,shares,0
2021-07-08,501.99,529.99,482.0,484.7,502.0,616920,309469061.08,shares,0
2021-07-09,484.0,489.99,462.0,475.0,484.7,478708,225674333.02,shares,0
2021-07-12,475.0,488.43,463.03,470.34,475.0,652052,307517483.41,shares,0
2021-07-13,464.78,477.0,448.0,463.0,470.34,656062,303000578.21,shares,0
2021-07-14,462.16,484.99,453.41,475.3,463.0,533381,253244747.07,shares,0
2021-07-15,483.99,483.99,445.03,460.23,475.3,735381,336382167.85,shares,0
2021-07-16,458.23,471.88,447.22,450.0,460.23,416258,189803885.22,shares,0
2021-07-19,445.11,492.94,444.93,487.98,450.0,548477,260384785.1,shares,0
2021-07-20,480.0,480.0,452.0,469.2,487.98,606871,281492663.94,shares,0
2021-07-21,460.04,512.35,460.04,506.03,469.2,781391,383803281.04,shares,0
2021-07-22,498.8,524.95,495.0,511.0,506.03,606149,309582979.87,shares,0
2021-07-23,509.0,536.0,503.0,528.02,511.0,540076,284048671.77,shares,0
2021-07-26,529.99,534.98,508.83,517.9,528.02,532524,275967810.7,shares,0
2021-07-27,517.85,577.0,513.8,519.58,517.9,716495,391287624.25,shares,0
2021-07-28,503.35,529.05,472.13,512.0,519.58,549534,278979861.82,shares,0
2021-07-29,527.36,585.79,505.0,580.0,512.0,749172,406883969.54,shares,0
2021-07-30,570.0,592.79,555.33,580.3,580.0,548358,317413823.49,shares,0
2021-08-02,572.11,579.94,509.55,536.31,580.3,923869,492710573.98,shares,0
2021-08-03,528.25,536.0,472.34,489.0,536.31,995829,496732088.98,shares,0
2021-08-04,485.28,498.18,460.06,489.0,489.0,855857,413291929.68,shares,0
2021-08-05,482.88,502.97,470.22,482.0,489.0,718961,346803113.07,shares,0
2021-08-06,471.0,493.99,462.0,470.19,482.0,494793,235636390.16,shares,0
2021-08-09,468.36,485.96,447.21,483.54,470.19,602409,281383374.15,shares,0
2021-08-10,483.33,494.87,477.11,485.02,483.54,416084,201542304.62,shares,0
2021-08-11,485.0,529.0,480.0,496.39,485.02,688544,343652653.17,shares,0
2021-08-12,498.0,516.32,488.0,502.69,496.39,374252,186738750.1,shares,0
2021-08-13,502.69,502.69,468.02,474.0,502.69,737269,351591701.5,shares,0
2021-08-16,467.21,493.9,451.06,488.39,474.0,499372,238842902.96,shares,0
2021-08-17,490.55,494.99,466.12,475.7,488.39,442216,210286630.1,shares,0
2021-08-18,480.99,490.69,465.52,477.13,475.7,307334,147241394.94,shares,0
2021-08-19,476.71,538.8,476.7,520.0,477.13,822391,425978135.67,shares,0
2021-08-20,517.18,552.0,510.52,533.37,520.0,438819,233396355.13,shares,0
2021-08-23,521.08,541.0,515.0,523.97,533.37,409659,215432505.15,shares,0
2021-08-24,529.8,535.0,506.0,523.99,523.97,381848,198254857.69,shares,0
2021-08-25,544.82,628.79,544.1,627.28,523.99,1340122,807733457.38,shares,0
2021-08-26,657.62,658.0,618.4,627.45,627.28,1114778,709825076.21,shares,0
2021-08-27,651.21,655.0,612.48,630.64,627.45,623374,393608341.14,shares,0
2021-08-30,630.07,633.1,581.0,586.65,630.64,946815,568415829.3,shares,0
2021-08-31,601.4,601.4,575.01,587.0,586.65,522820,307036371.34,shares,0
2021-09-01,587.66,604.0,576.0,592.06,587.0,516514,305524687.26,shares,0
2021-09-02,590.62,598.18,546.6,552.9,592.06,580884,327115818.68,shares,0
2021-09-03,558.99,567.51,525.0,541.55,552.9,573154,311860659.22,shares,0
2021-09-06,546.68,553.33,520.04,547.39,541.55,649642,348127587.44,shares,0
2021-09-07,543.0,552.5,525.1,538.18,547.39,371197,200478775.01,shares,0
2021-09-08,542.0,559.72,533.0,546.55,538.18,463681,252898598.39,shares,0
2021-09-09,545.55,545.55,510.0,522.0,546.55,493865,257335374.83,shares,0
2021-09-10,522.08,559.57,496.0,558.12,522.0,1075286,561139565.55,shares,0
2021-09-13,545.88,546.86,470.0,482.11,558.12,1072713,533359850.36,shares,0
2021-09-14,481.92,519.99,481.92,497.0,482.11,915329,462021086.77,shares,0
2021-09-15,489.0,513.99,485.02,504.46,497.0,410243,207060342.4,shares,0
2021-09-16,500.52,513.33,488.2,490.18,504.46,377409,188367018.27,shares,0
2021-09-17,487.18,506.48,473.42,498.0,490.18,396043,195240142.88,shares,0
2021-09-22,490.06,544.05,485.1,538.02,498.0,646478,339540409.15,shares,0
2021-09-23,530.17,540.39,509.0,521.61,538.02,573186,298310549.89,shares,0
2021-09-24,511.18,536.87,511.0,516.05,521.61,335077,175493897.79,shares,0
2021-09-27,515.21,556.57,502.0,511.1,516.05,484217,253336798.32,shares,0
2021-09-28,518.0,548.87,505.01,536.61,511.1,615915,330108994.35,shares,0
2021-09-29,540.0,549.97,522.14,541.0,536.61,535906,289459574.43,shares,0
2021-09-30,544.9,585.0,528.59,556.75,541.0,561447,316544796.3,shares,0
2021-10-08,566.58,566.58,518.33,522.03,556.75,512952,273518304.32,shares,0
2021-10-11,532.47,533.51,509.0,513.0,522.03,386652,200763809.01,shares,0
2021-10-12,512.32,527.98,493.0,494.16,513.0,453764,229091232.36,shares,0
2021-10-13,491.36,510.5,490.01,500.21,494.16,396695,197107586.97,shares,0
2021-10-14,495.15,507.19,477.53,487.14,500.21,588526,286933375.93,shares,0
2021-10-15,487.11,536.83,472.0,535.73,487.14,700572,361827050.31,shares,0
2021-10-18,525.0,544.76,511.0,540.65,535.73,616896,327792616.06,shares,0
2021-10-19,540.96,549.5,521.77,529.51,540.65,567099,301357623.63,shares,0
2021-10-20,528.79,552.88,522.73,524.5,529.51,325683,173388247.4,shares,0
2021-10-21,524.93,526.9,502.32,519.15,524.5,348658,178809927.44,shares,0
2021-10-22,517.48,555.0,513.0,553.05,519.15,527615,284330382.77,shares,0
2021-10-25,625.0,625.0,545.0,587.5,553.05,1558204,901335516.92,shares,0
2021-10-26,586.0,609.57,583.58,591.5,587.5,806201,480787510.94,shares,0
2021-10-27,596.61,621.01,591.02,602.11,591.5,673525,408614908.05,shares,0
2021-10-28,608.14,612.68,595.12,604.0,602.11,432705,261751106.32,shares,0
2021-10-29,582.59,606.11,558.0,601.0,604.0,982327,568137440.02,shares,0
2021-11-01,601.0,614.0,555.13,574.13,601.0,1035739,597651764.35,shares,0
2021-11-02,573.01,608.0,565.35,605.5,574.13,741471,439233950.53,shares,0
2021-11-03,606.0,609.0,579.35,603.0,605.5,554994,330370006.98,shares,0
2021-11-04,602.08,613.33,582.08,584.22,603.0,440178,262698451.07,shares,0
2021-11-05,595.56,622.88,594.26,597.58,584.22,478146,291045261.43,shares,0
2021-11-08,593.1,599.78,560.02,573.0,597.58,621068,355848390.49,shares,0
2021-11-09,578.68,604.89,566.99,599.09,573.0,546601,323110187.42,shares,0
2021-11-10,591.0,603.47,581.62,595.89,599.09,433374,256535666.52,shares,0
2021-11-11,584.99,633.33,584.99,611.98,595.89,735905,450150246.73,shares,0
2021-11-12,608.0,632.88,601.13,617.0,611.98,665940,413624020.07,shares,0
2021-11-15,628.21,628.21,568.0,572.03,617.0,875516,513204224.99,shares,0
2021-11-16,569.51,596.04,567.0,580.0,572.03,494480,289957267.52,shares,0
2021-11-17,579.68,583.0,563.1,574.74,580.0,544855,311303715.32,shares,0
2021-11-18,573.01,577.74,562.11,572.71,574.74,343890,196237362.26,shares,0
2021-11-19,570.4,589.68,570.4,579.44,572.71,400825,233167519.53,shares,0
2021-11-22,580.18,602.0,574.0,584.55,579.44,728948,425729131.33,shares,0
2021-11-23,580.98,607.0,557.8,563.05,584.55,1294608,748826856.8,shares,0
2021-11-24,549.58,574.91,549.0,555.0,563.05,773053,432641272.56,shares,0
2021-11-25,554.99,572.58,551.0,555.6,555.0,548867,307179378.99,shares,0
2021-11-26,558.86,562.0,531.0,545.99,555.6,771863,418353540.69,shares,0
2021-11-29,543.72,552.5,532.89,546.89,545.99,573961,313824295.71,shares,0
2021-11-30,554.0,563.58,534.58,543.69,546.89,682274,370973513.96,shares,0
2021-12-01,540.0,551.0,528.0,538.0,543.69,608647,328285556.12,shares,0
2021-12-02,537.0,542.87,519.01,522.85,538.0,709488,373775880.5,shares,0
2021-12-03,523.84,537.88,514.0,518.0,522.85,805625,422393971.52,shares,0
2021-12-06,522.99,522.99,500.0,507.82,518.0,869678,440947743.31,shares,0
2021-12-07,505.26,507.81,476.98,482.98,507.82,854968,415746410.65,shares,0
2021-12-08,492.29,502.38,477.51,499.6,482.98,893229,439226317.37,shares,0
2021-12-09,500.88,501.0,486.19,496.46,499.6,568508,280733297.49,shares,0
2021-12-10,488.18,505.0,488.18,501.54,496.46,509861,254647425.54,shares,0
2021-12-13,501.67,533.48,493.87,522.8,501.54,923386,478754799.03,shares,0
2021-12-14,523.85,525.98,503.84,511.0,522.8,708801,361278678.45,shares,0
2021-12-15,525.08,525.08,497.01,499.0,511.0,594200,301543569.42,shares,0
2021-12-16,499.37,512.76,489.79,508.19,499.0,372722,189056307.13,shares,0
2021-12-17,519.0,519.0,485.55,488.1,508.19,605303,298430607.56,shares,0
2021-12-20,483.45,494.88,472.0,472.65,488.1,355079,170436700.54,shares,0
2021-12-21,472.6,475.9,461.8,471.0,472.65,513720,240543388.61,shares,0
2021-12-22,472.91,478.98,462.9,474.2,471.0,432746,204862528.52,shares,0
2021-12-23,471.89,492.21,466.0,488.0,474.2,628027,303228591.97,shares,0
2021-12-24,484.89,518.8,484.89,515.12,488.0,945620,482218635.56,shares,0
2021-12-27,513.36,525.0,488.85,491.36,515.12,549019,275368838.41,shares,0
2021-12-28,490.02,506.04,490.02,504.59,491.36,434298,216574945.89,shares,0
2021-12-29,502.0,506.95,483.7,489.9,504.59,505222,248268577.96,shares,0
2021-12-30,486.82,509.0,484.44,500.54,489.9,453765,227215150.26,shares,0
2021-12-31,502.94,514.76,494.4,511.9,500.54,436201,221639629.88,shares,0
2022-01-04,513.0,516.88,489.29,495.0,511.9,476388,237469931.92,shares,0
2022-01-05,500.98,507.99,466.28,469.8,495.0,623395,298486445.24,shares,0
2022-01-06,466.01,469.57,453.76,456.13,469.8,546779,251446924.21,shares,0
2022-01-07,458.29,464.77,450.26,451.6,456.13,349247,159080752.64,shares,0
2022-01-10,453.47,456.86,434.0,438.6,451.6,654301,287358327.12,shares,0
2022-01-11,438.51,445.5,412.51,415.85,438.6,1041018,438135781.19,shares,0
2022-01-12,415.61,424.45,403.49,420.65,415.85,1099125,452592490.9,shares,0
2022-01-13,418.01,420.76,400.24,403.0,420.65,927030,377271700.77,shares,0
2022-01-14,405.0,425.64,398.36,423.5,403.0,889840,371954038.19,shares,0
2022-01-17,418.09,423.48,383.34,410.85,423.5,2169475,878717914.07,shares,0
2022-01-18,409.81,422.76,400.85,414.83,410.85,1048661,434422241.47,shares,0
2022-01-19,412.37,418.3,406.3,408.32,414.83,522115,214508230.64,shares,0
2022-01-20,397.72,415.0,397.72,404.16,408.32,743724,302830267.6,shares,0
2022-01-21,400.75,406.64,395.0,395.75,404.16,630885,251936346.99,shares,0
2022-01-24,390.75,412.5,390.65,409.01,395.75,694599,281747515.11,shares,0
2022-01-25,409.63,414.78,399.01,401.0,409.01,689064,278698649.5,shares,0
2022-01-26,404.61,404.61,390.22,402.89,401.0,566390,225734156.95,shares,0
2022-01-27,396.26,410.89,392.3,394.95,402.89,655975,262146202.69,shares,0
2022-01-28,391.1,400.76,385.24,385.24,394.95,839596,329284172.99,shares,0
2022-02-07,393.51,401.73,383.0,387.0,385.24,722578,282489169.6,shares,0
2022-02-08,384.33,389.13,370.02,377.48,387.0,584793,220589308.54,shares,0
2022-02-09,373.2,386.82,373.2,376.69,377.48,625208,236196846.27,shares,0
2022-02-10,378.51,381.93,362.02,370.75,376.69,429952,158834585.06,shares,0
2022-02-11,365.5,374.4,362.01,364.0,370.75,347444,127480265.06,shares,0
2022-02-14,359.93,373.66,352.0,370.0,364.0,492712,180727939.67,shares,0
2022-02-15,368.0,389.79,368.0,389.28,370.0,578695,222275339.49,shares,0
2022-02-16,395.0,396.88,387.02,391.09,389.28,446635,175108558.53,shares,0
2022-02-17,391.09,407.54,385.63,405.0,391.09,469004,187562219.25,shares,0
2022-02-18,401.63,403.0,388.97,392.0,405.0,801475,314584945.19,shares,0
2022-02-21,392.0,402.33,388.37,391.35,392.0,493713,194576650.63,shares,0
2022-02-22,392.0,396.33,380.15,395.64,391.35,555823,215461162.67,shares,0
2022-02-23,395.99,444.0,392.6,441.0,395.64,816579,346869273.76,shares,0
2022-02-24,436.8,437.5,407.0,416.2,441.0,761123,319411229.39,shares,0
2022-02-25,421.18,428.31,412.73,419.69,416.2,651471,273990775.77,shares,0
2022-02-28,416.0,422.0,401.22,415.9,419.69,867987,360161008.0,shares,0
2022-03-01,419.99,420.4,398.98,405.53,415.9,708868,287203504.0,shares,0
2022-03-02,404.66,406.0,385.56,400.5,405.53,627458,249213314.0,shares,0
2022-03-03,405.15,417.8,403.0,408.8,400.5,729845,300119104.0,shares,0
2022-03-04,402.0,425.31,396.01,416.3,408.8,774926,323121600.0,shares,0
2022-03-07,413.68,419.78,396.2,400.18,416.3,624500,252591839.0,shares,0
2022-03-08,404.58,407.99,386.0,393.16,400.18,464853,184651045.0,shares,0
2022-03-09,400.0,423.99,393.0,418.18,393.16,734078,299002816.0,shares,0
2022-03-10,432.8,457.41,432.8,443.6,418.18,792383,353613280.0,shares,0
2022-03-11,441.14,443.58,423.25,437.5,443.6,568574,246333557.0,shares,0
2022-03-14,450.0,452.24,419.11,422.5,437.5,658079,281755264.0,shares,0
2022-03-15,414.05,444.44,413.5,437.0,422.5,665973,287851840.0,shares,0
2022-03-16,446.97,480.28,435.61,472.99,437.0,1055901,483351360.0,shares,0
2022-03-17,487.0,490.0,460.01,463.91,472.99,816105,382672864.0,shares,0
2022-03-18,461.86,474.49,451.2,459.64,463.91,557259,257897721.7,shares,0
2022-03-21,464.57,468.0,442.1,464.1,459.64,660699,299085385.63,shares,0
2022-03-22,460.09,464.1,441.0,441.4,464.1,522937,234590180.24,shares,0
2022-03-23,443.0,449.0,431.88,445.51,441.4,421349,185229132.72,shares,0
2022-03-24,440.79,442.0,426.07,436.38,445.51,395956,171663772.57,shares,0
2022-03-25,437.9,453.87,437.9,452.66,436.38,593672,266019823.94,shares,0
2022-03-28,446.26,466.83,438.0,462.0,452.66,429920,195098783.16,shares,0
2022-03-29,460.7,471.0,452.57,462.0,462.0,330299,152270370.52,shares,0
2022-03-30,465.98,478.33,458.15,473.21,462.0,279304,131934013.67,shares,0
2022-03-31,472.0,472.2,450.0,452.42,473.21,291837,133783351.66,shares,0
2022-04-01,450.0,458.58,447.09,455.58,452.42,168801,76531012.31,shares,0
2022-04-06,455.58,456.89,424.0,434.8,453.43,288785,124865941.7,shares,0
2022-04-07,434.8,434.95,425.03,429.08,434.8,161209,69384644.42,shares,0
2022-04-08,432.68,441.04,420.0,432.36,429.08,208822,90333126.32,shares,0
2022-04-11,432.36,432.36,406.2,411.0,432.36,300365,123835841.52,shares,0
2022-04-12,411.99,413.88,391.95,405.01,411.0,227481,91309810.55,shares,0
2022-04-13,394.08,399.98,380.35,389.04,405.01,274343,107290169.34,shares,0
2022-04-14,392.13,403.79,377.1,385.0,389.04,373666,145586284.13,shares,0
2022-04-15,378.0,391.8,374.0,379.5,385.0,225916,86384152.98,shares,0
2022-04-18,378.0,399.93,373.14,397.3,379.5,415876,162409975.39,shares,0
2022-04-19,384.76,391.93,355.0,360.5,397.3,1024544,374715154.96,shares,0
2022-04-20,360.88,360.88,343.04,345.05,360.5,761646,266415429.23,shares,0
2022-04-21,343.05,347.5,340.06,342.06,345.05,372253,128023734.36,shares,0
2022-04-22,343.2,344.97,331.01,333.35,342.06,374751,126392973.09,shares,0
2022-04-25,331.0,331.0,299.0,300.0,333.35,965606,297002513.27,shares,0
2022-04-26,304.68,304.78,282.23,289.01,300.0,749073,218093435.53,shares,0
2022-04-27,279.03,323.91,279.03,321.56,289.01,1037504,315151117.44,shares,0
2022-04-28,320.0,324.97,313.21,320.0,321.56,496672,158030468.75,shares,0
2022-04-29,320.48,327.0,296.22,323.0,320.0,935722,291588773.67,shares,0
2022-05-05,316.0,328.0,310.0,321.26,323.0,548593,176138210.16,shares,0
2022-05-06,312.85,324.88,308.01,319.89,321.26,409610,129130552.93,shares,0
2022-05-09,315.0,321.23,310.01,315.61,319.89,385804,121344775.14,shares,0
2022-05-10,308.98,346.27,308.98,333.02,315.61,813111,272499874.61,shares,0
2022-05-11,333.54,363.0,329.02,351.2,333.02,784358,276116606.4,shares,0
2022-05-12,350.2,366.0,347.28,360.0,351.2,472925,169234749.65,shares,0
2022-05-13,360.08,369.48,356.19,365.83,360.0,428508,156571500.13,shares,0
2022-05-16,364.47,373.97,364.47,369.67,365.83,337321,125005080.7,shares,0
2022-05-17,369.67,387.6,362.72,382.75,369.67,333967,127128133.85,shares,0
2022-05-18,383.18,385.89,376.0,378.72,382.75,293351,111207137.88,shares,0
2022-05-19,370.42,392.49,370.0,390.15,378.72,419209,162208512.15,shares,0
2022-05-20,394.41,395.0,380.0,382.76,390.15,237350,91224022.43,shares,0
2022-05-23,383.0,387.79,378.02,386.0,382.76,259028,99477353.32,shares,0
2022-05-24,385.88,391.98,373.01,374.0,386.0,283737,108434926.63,shares,0
2022-05-25,370.46,382.33,360.71,367.64,374.0,503518,184052672.1,shares,0
2022-05-26,368.05,373.0,352.05,358.5,367.64,402491,145082160.21,shares,0
2022-05-27,362.1,370.97,356.0,359.0,358.5,391232,142039012.02,shares,0
2022-05-30,364.16,367.08,343.29,365.08,359.0,376560,135765014.32,shares,0
2022-05-31,364.7,373.31,355.48,369.06,365.08,394300,144535068.52,shares,0
2022-06-01,370.97,383.91,368.0,378.91,369.06,478972,181070000.84,shares,0
2022-06-02,374.01,402.91,373.0,402.2,378.91,687308,271121449.38,shares,0
2022-06-06,402.2,428.65,402.0,420.15,402.2,901077,379188254.64,shares,0
2022-06-07,419.16,420.75,395.18,400.17,420.15,650039,263413933.25,shares,0
2022-06-08,401.0,403.55,388.1,396.99,400.17,534298,210605844.05,shares,0
2022-06-09,395.91,395.91,380.11,385.81,396.99,410721,158040381.53,shares,0
2022-06-10,375.18,391.85,375.0,389.01,385.81,439017,169935581.95,shares,0
2022-06-13,382.0,387.99,367.0,370.0,389.01,757405,283885188.95,shares,0
2022-06-14,367.0,369.0,348.8,362.93,370.0,559981,200495902.8,shares,0
2022-06-15,353.48,376.88,353.48,362.99,362.93,582782,213217724.84,shares,0
2022-06-16,363.5,375.73,362.95,368.62,362.99,400555,148328938.62,shares,0
2022-06-17,366.43,373.78,360.6,366.0,368.62,432264,158059737.94,shares,0
2022-06-20,365.0,373.9,356.01,360.0,366.0,611737,221950831.47,shares,0
2022-06-21,358.9,363.7,349.43,354.15,360.0,509226,180803913.85,shares,0
2022-06-22,355.0,361.58,338.0,338.88,354.15,797474,274575645.27,shares,0
2022-06-23,338.0,345.07,329.21,345.0,338.88,907974,306315974.69,shares,0
2022-06-24,342.58,365.0,342.01,355.2,345.0,708706,251626702.35,shares,0
2022-06-27,362.5,370.0,356.0,358.51,355.2,758666,275439157.94,shares,0
2022-06-28,362.71,366.01,346.0,363.36,358.51,837698,296913792.29,shares,0
2022-06-29,360.0,369.95,351.28,352.2,363.36,657285,237097784.66,shares,0
2022-06-30,350.03,360.5,347.3,356.4,352.2,529590,187762154.95,shares,0
2022-07-01,355.32,355.32,344.41,345.86,356.4,504245,175865747.65,shares,0
2022-07-04,341.58,341.58,319.0,333.3,345.86,1092444,358318837.92,shares,0
2022-07-05,332.04,334.16,319.19,323.5,333.3,831377,270041728.65,shares,0
2022-07-06,323.77,351.52,323.1,335.25,323.5,1162808,393796738.71,shares,0
2022-07-07,336.38,340.0,327.54,337.0,335.25,688691,230766341.53,shares,0
2022-07-08,339.49,344.0,329.01,330.3,337.0,601800,200210544.14,shares,0
2022-07-11,330.3,335.97,323.5,327.5,330.3,444923,146302303.34,shares,0
2022-07-12,329.93,329.93,306.61,307.5,327.5,865476,271495555.48,shares,0
2022-07-13,308.66,309.38,299.0,303.89,307.5,499496,151847679.97,shares,0
2022-07-14,304.88,312.8,300.94,307.28,303.89,606846,186448980.03,shares,0
2022-07-15,307.0,323.56,304.73,317.57,307.28,738195,234023036.54,shares,0
2022-07-18,314.61,317.49,299.53,308.65,317.57,833445,256047991.21,shares,0
2022-07-19,308.0,308.99,299.31,307.55,308.65,657611,199916665.54,shares,0
2022-07-20,309.32,318.0,304.76,306.81,307.55,664907,205456061.51,shares,0
2022-07-21,307.36,330.0,306.01,322.26,306.81,1156503,374068000.46,shares,0
2022-07-22,325.0,326.48,311.35,314.07,322.26,809352,255491246.27,shares,0
2022-07-25,317.0,324.86,308.93,322.99,314.07,751981,241567962.18,shares,0
2022-07-26,321.0,326.5,315.88,322.0,322.99,414440,133013044.26,shares,0
2022-07-27,321.69,325.8,318.01,318.39,322.0,415041,132810078.7,shares,0
2022-07-28,320.33,332.0,320.0,330.0,318.39,786221,257736441.52,shares,0
2022-07-29,330.3,330.3,316.04,317.0,330.0,643763,206222565.58,shares,0
2022-08-01,316.97,329.0,305.97,325.5,317.0,604599,193793615.86,shares,0
2022-08-02,321.4,342.96,319.0,330.0,325.5,1014250,337521233.48,shares,0
2022-08-03,330.9,349.84,327.45,340.8,330.0,1229345,419319404.52,shares,0
2022-08-04,346.5,364.31,342.84,361.32,340.8,1294905,460934260.0,shares,0
2022-08-05,366.5,433.58,366.5,433.58,361.32,2461310,1012290006.0,shares,0
2022-08-08,460.0,475.0,420.13,443.08,433.58,3266172,1459114468.0,shares,0
2022-08-09,439.0,474.0,406.0,462.0,443.08,2132735,912650324.0,shares,0
2022-08-10,453.0,528.0,439.0,467.9,462.0,2951321,1412435402.0,shares,0
2022-08-11,472.86,488.94,468.31,474.03,467.9,1552683,740817285.0,shares,0
2022-08-12,469.0,514.9,464.0,477.0,474.03,1598097,779563582.0,shares,0
2022-08-15,470.6,488.88,455.56,457.91,477.0,1649341,772263339.99,shares,0
2022-08-16,460.41,465.92,450.0,457.94,457.91,1081701,495432517.38,shares,0
2022-08-17,458.0,461.0,441.83,452.72,457.94,678052,306157400.97,shares,0
2022-08-18,452.72,462.82,438.9,456.33,452.72,1075796,484243693.62,shares,0
2022-08-19,455.02,475.0,444.47,446.75,456.33,764224,346714634.16,shares,0
2022-08-22,444.72,463.3,433.76,449.5,446.75,710233,320835560.95,shares,0
2022-08-23,446.0,451.95,440.02,441.99,449.5,572194,253314252.55,shares,0
2022-08-24,443.0,445.0,412.0,413.05,441.99,1145617,482450467.62,shares,0
2022-08-25,420.0,422.0,380.8,398.0,413.05,1452840,571956331.05,shares,0
2022-08-26,397.5,399.48,382.0,385.32,398.0,941227,366132170.12,shares,0
2022-08-29,379.77,392.9,374.03,377.69,385.32,810617,308919258.86,shares,0
2022-08-30,378.11,383.88,371.77,375.05,377.69,692152,260435760.22,shares,0
2022-08-31,376.0,380.69,358.0,358.85,375.05,696436,255682470.75,shares,0
2022-09-01,359.56,366.0,351.0,352.12,358.85,680303,243361363.09,shares,0
2022-09-02,350.52,357.45,346.12,355.4,352.12,695185,246042029.26,shares,0
2022-09-05,352.12,362.58,340.21,357.36,355.4,1025752,364706827.39,shares,0
2022-09-06,358.41,369.95,352.35,367.81,357.36,950973,345826405.41,shares,0
2022-09-07,369.93,402.0,369.93,387.7,367.81,1339298,520556580.47,shares,0
2022-09-08,389.0,389.0,378.06,381.9,387.7,498154,190577302.05,shares,0
2022-09-09,382.0,382.04,371.37,379.83,381.9,573194,215620316.6,shares,0
2022-09-13,378.69,394.9,378.0,378.0,379.83,544093,208821390.11,shares,0
2022-09-14,372.22,387.77,372.0,386.43,378.0,569499,216337282.48,shares,0
2022-09-15,383.06,386.4,362.0,368.91,386.43,725012,269781060.95,shares,0
2022-09-16,369.08,384.35,365.88,374.18,368.91,821651,310956558.46,shares,0
2022-09-19,374.18,384.96,357.0,360.61,374.18,606828,223766489.21,shares,0
2022-09-20,365.59,366.0,347.57,357.0,360.61,656254,233637958.55,shares,0
2022-09-21,358.4,358.4,344.63,345.0,357.0,647363,225669468.05,shares,0
2022-09-22,343.0,354.02,340.66,348.0,345.0,457290,159292562.27,shares,0
2022-09-23,348.59,348.95,333.03,335.67,348.0,608900,205463117.17,shares,0
2022-09-26,331.55,349.72,330.08,344.5,335.67,553645,190676464.16,shares,0
2022-09-27,234.3,248.99,233.22,242.13,232.77,1024470,249045207.27,shares,0
2022-09-28,237.01,238.0,225.01,225.08,242.13,972330,223183764.84,shares,0
2022-09-29,225.72,235.43,221.24,232.98,225.08,931816,213411482.71,shares,0
2022-09-30,231.87,234.0,224.0,224.38,232.98,548482,125022781.9,shares,0
2022-10-10,220.8,221.0,200.08,200.9,224.38,1570951,322049571.25,shares,0
2022-10-11,200.5,201.89,192.62,199.51,200.9,1078561,213156813.51,shares,0
2022-10-12,201.0,213.69,196.76,212.8,199.51,945915,195971815.57,shares,0
2022-10-13,208.87,220.0,207.12,211.02,212.8,744358,160141610.18,shares,0
2022-10-14,215.0,216.98,207.5,214.0,211.02,741501,157772915.86,shares,0
2022-10-17,210.09,225.16,210.09,223.99,214.0,903212,199293330.95,shares,0
2022-10-18,225.98,226.0,220.0,220.53,223.99,430746,95514103.07,shares,0
2022-10-19,218.84,221.7,215.01,217.49,220.53,564031,122921699.03,shares,0
2022-10-20,217.83,247.5,216.0,234.19,217.49,2421010,561471975.78,shares,0
2022-10-21,232.0,234.94,224.13,230.66,234.19,1001246,229183034.09,shares,0
2022-10-24,235.19,239.18,229.66,233.4,230.66,1025918,240881452.73,shares,0
2022-10-25,236.31,236.6,226.26,228.25,233.4,829578,191127693.65,shares,0
2022-10-26,228.92,243.69,222.0,237.9,228.25,1178198,278356474.15,shares,0
2022-10-27,238.65,264.9,236.2,251.19,237.9,1990852,492455909.88,shares,0
2022-10-28,230.0,252.52,222.1,245.5,251.19,2177505,524183656.57,shares,0
2022-10-31,240.0,276.62,239.0,264.67,245.5,1629152,422098783.56,shares,0
2022-11-01,260.69,279.99,256.8,269.94,264.67,1372832,370818220.42,shares,0
2022-11-02,269.94,278.17,266.01,275.0,269.94,997883,271830099.75,shares,0
2022-11-03,272.52,287.0,270.0,284.96,275.0,1452583,404017131.57,shares,0
2022-11-04,284.0,284.0,266.0,276.4,284.96,1522252,415681030.78,shares,0
2022-11-07,271.0,279.0,268.81,272.51,276.4,819700,225148778.89,shares,0
2022-11-08,273.0,275.0,258.01,263.81,272.51,1186951,311875255.09,shares,0
2022-11-09,263.17,263.79,257.15,261.2,263.81,633197,165089550.83,shares,0
2022-11-10,261.0,266.0,246.1,251.0,261.2,1134366,286189923.21,shares,0
2022-11-11,259.03,263.5,251.0,251.08,251.0,746825,192467188.32,shares,0
2022-11-14,248.1,249.99,238.9,243.59,251.08,1006825,245690545.91,shares,0
2022-11-15,243.59,265.98,241.06,260.12,243.59,1289196,333891052.93,shares,0
2022-11-16,260.26,263.0,250.3,252.08,260.12,874567,223074974.15,shares,0
2022-11-17,252.08,266.59,243.29,263.9,252.08,1098368,282210123.63,shares,0
2022-11-18,261.0,272.0,260.02,261.0,263.9,666844,176668316.92,shares,0
2022-11-21,259.0,263.17,255.0,256.96,261.0,518558,133826068.79,shares,0
2022-11-22,256.0,263.88,251.1,256.94,256.96,713694,185072641.65,shares,0
2022-11-23,255.01,269.38,251.05,265.2,256.94,1021281,267280424.76,shares,0
2022-11-24,263.66,267.5,263.0,264.99,265.2,534334,141637092.79,shares,0
2022-11-25,263.46,274.81,258.0,261.25,264.99,744981,196898060.21,shares,0
2022-11-28,257.0,263.5,253.5,261.02,261.25,558957,145199907.54,shares,0
2022-11-29,261.18,264.01,248.61,252.78,261.02,744869,191178540.42,shares,0
2022-11-30,251.6,253.99,242.9,246.27,252.78,588000,145303185.09,shares,0
2022-12-01,249.6,263.52,248.0,260.22,246.27,665648,171283481.15,shares,0
2022-12-02,258.0,279.95,257.25,269.18,260.22,799017,216547885.22,shares,0
2022-12-05,269.18,276.4,265.0,274.66,269.18,512514,139655371.37,shares,0
2022-12-06,271.28,289.36,271.28,283.96,274.66,790329,224866185.43,shares,0
2022-12-07,283.79,288.0,275.0,284.0,283.96,886436,249231051.28,shares,0
2022-12-08,280.0,281.97,275.19,275.5,284.0,525141,146051944.1,shares,0
2022-12-09,275.24,303.35,275.0,300.5,275.5,1324801,386733786.92,shares,0
2022-12-12,298.0,310.0,290.3,308.0,300.5,1040156,310148124.18,shares,0
2022-12-13,305.17,305.17,284.52,285.07,308.0,905661,262515532.22,shares,0
2022-12-14,298.88,305.77,292.01,296.97,285.07,899005,268342647.86,shares,0
2022-12-15,294.6,303.0,291.33,295.5,296.97,604181,179848666.42,shares,0
2022-12-16,297.9,298.05,287.0,291.02,295.5,449134,130493916.2,shares,0
2022-12-19,291.5,292.99,280.58,285.0,291.02,592399,168584958.08,shares,0
2022-12-20,290.47,291.98,274.92,277.77,285.0,462008,129749109.66,shares,0
2022-12-21,273.71,281.67,272.0,273.1,277.77,356397,98057804.77,shares,0
2022-12-22,275.0,277.68,262.6,265.23,273.1,577200,154442445.61,shares,0
2022-12-23,265.47,265.48,255.73,260.0,265.23,390508,101323657.78,shares,0
2022-12-26,261.0,275.5,255.0,274.99,260.0,438938,119519259.88,shares,0
2022-12-27,271.0,283.99,271.0,281.18,274.99,287692,80163646.23,shares,0
2022-12-28,276.15,280.0,272.0,273.19,281.18,381681,105135769.87,shares,0
2022-12-29,272.1,281.71,272.01,275.53,273.19,331826,91985110.95,shares,0
2022-12-30,276.7,280.97,271.79,276.47,275.53,393790,108724605.88,shares,0
2023-01-03,278.99,279.0,267.5,278.02,276.47,525569,143262664.56,shares,0
2023-01-04,280.0,281.56,255.1,264.8,278.02,1088088,287317109.09,shares,0
2023-01-05,261.2,268.3,258.89,266.37,264.8,449427,118984095.12,shares,0
2023-01-06,262.47,271.4,261.09,261.33,266.37,448856,119289168.36,shares,0
2023-01-09,261.0,268.88,260.51,265.58,261.33,386014,102336131.37,shares,0
2023-01-10,267.0,273.9,265.02,266.0,265.58,566440,152751924.75,shares,0
2023-01-11,267.5,274.7,267.5,269.99,266.0,635073,172495223.39,shares,0
2023-01-12,270.0,272.0,263.97,269.35,269.99,472172,126635213.49,shares,0
2023-01-13,270.9,274.35,266.51,272.67,269.35,436093,118649982.34,shares,0
2023-01-16,273.99,292.88,271.0,289.45,272.67,536917,153199835.23,shares,0
2023-01-17,289.46,309.88,287.99,303.81,289.45,1070622,324568288.32,shares,0
2023-01-18,307.04,307.87,293.5,293.97,303.81,575668,171828645.52,shares,0
2023-01-19,291.99,303.95,290.35,295.35,293.97,727712,216473816.84,shares,0
2023-01-20,296.5,296.5,281.04,285.23,295.35,906284,258966288.21,shares,0
2023-01-30,285.5,291.0,278.33,279.64,285.23,1104794,310407029.91,shares,0
2023-01-31,278.52,281.54,273.5,274.95,279.64,580188,160583995.6,shares,0
2023-02-01,274.94,283.49,274.51,282.33,274.95,539156,151291789.53,shares,0
2023-02-02,283.33,306.0,282.5,299.36,282.33,1090610,322237607.85,shares,0
2023-02-03,296.36,301.97,294.0,300.11,299.36,568816,170190602.57,shares,0
2023-02-06,299.0,309.44,295.61,301.3,300.11,613216,184948458.39,shares,0
2023-02-07,298.34,301.3,294.0,296.0,301.3,316458,93831647.7,shares,0
2023-02-08,298.98,300.97,292.07,293.89,296.0,395447,116846616.61,shares,0
2023-02-09,293.76,303.9,291.16,303.6,293.89,542531,162230091.78,shares,0
2023-02-10,300.5,304.7,296.51,299.66,303.6,414397,124178151.01,shares,0
2023-02-13,297.0,308.0,294.13,300.57,299.66,408289,123336901.16,shares,0
2023-02-14,300.84,313.5,300.84,303.4,300.57,615587,188893338.3,shares,0
2023-02-15,303.4,305.0,294.0,302.63,303.4,732133,218801299.09,shares,0
2023-02-16,299.9,303.0,290.49,292.08,302.63,540133,159824582.73,shares,0
2023-02-17,292.05,297.58,282.22,283.0,292.08,955709,274271940.48,shares,0
2023-02-20,284.88,284.88,272.66,280.0,283.0,739514,204998287.39,shares,0
2023-02-21,280.46,283.45,273.5,282.06,280.0,1043562,290168490.3,shares,0
2023-02-22,279.99,284.8,278.56,282.99,282.06,484928,136762643.14,shares,0
2023-02-23,282.99,283.58,273.55,275.06,282.99,762930,211290895.29,shares,0
2023-02-24,275.3,277.8,273.18,275.2,275.06,361083,99409330.31,shares,0
2023-02-27,272.71,275.69,267.49,273.6,275.2,809081,219666791.51,shares,0
2023-02-28,275.93,286.96,275.87,280.86,273.6,930824,263012725.16,shares,0
2023-03-01,280.6,285.86,278.61,283.66,280.86,637499,180466574.92,shares,0
2023-03-02,283.66,285.97,272.8,273.88,283.66,591465,164411427.53,shares,0
2023-03-03,278.9,292.5,278.0,284.56,273.88,1068078,303201292.53,shares,0
2023-03-06,284.56,310.0,276.69,305.5,284.56,1852601,556254324.15,shares,0
2023-03-07,301.36,305.36,295.53,302.0,305.5,747259,224984672.01,shares,0
2023-03-08,298.2,309.8,293.0,295.58,302.0,854004,256119568.68,shares,0
2023-03-09,295.58,312.0,295.01,302.99,295.58,974318,297329846.5,shares,0
2023-03-10,299.53,306.28,295.0,297.06,302.99,1051562,315905921.09,shares,0
2023-03-13,297.0,303.14,290.55,299.01,297.06,832336,247228867.81,shares,0
2023-03-14,295.97,315.0,295.58,312.0,299.01,1212151,371390768.26,shares,0
2023-03-15,308.91,318.0,305.77,308.68,312.0,860222,267719973.8,shares,0
2023-03-16,305.01,311.71,296.05,300.01,308.68,1074893,324905262.25,shares,0
2023-03-17,301.1,317.88,300.7,311.67,300.01,1166360,362763781.28,shares,0
2023-03-20,308.5,316.0,305.0,311.65,311.67,973861,303015197.39,shares,0
2023-03-21,310.54,311.0,289.07,297.0,311.65,1171145,350508716.13,shares,0
2023-03-22,298.0,298.0,284.25,288.55,297.0,906122,262583636.82,shares,0
2023-03-23,287.68,295.92,287.5,293.25,288.55,635077,185447135.11,shares,0
2023-03-24,294.94,298.15,282.44,286.0,293.25,916041,263115981.61,shares,0
2023-03-27,286.25,288.5,278.24,283.4,286.0,919082,259249736.8,shares,0
2023-03-28,281.1,287.0,280.01,285.78,283.4,883877,251758927.18,shares,0
2023-03-29,286.45,316.8,284.41,308.0,285.78,2228584,685859863.27,shares,0
2023-03-30,309.89,315.88,307.0,311.78,308.0,831644,259250458.08,shares,0
2023-03-31,311.65,317.06,307.33,312.88,311.78,770429,240177605.62,shares,0
2023-04-03,314.1,317.98,307.0,314.96,312.88,1001230,313260163.68,shares,0
2023-04-04,315.0,336.0,310.64,319.12,314.96,1865496,603220819.9,shares,0
2023-04-06,318.0,344.02,311.8,331.8,319.12,1911014,626244639.51,shares,0
2023-04-07,332.0,340.0,325.0,339.99,331.8,1340572,446698739.19,shares,0
2023-04-10,335.0,339.0,313.18,315.0,339.99,1393166,448458857.85,shares,0
2023-04-11,318.0,322.5,310.16,313.05,315.0,842378,266317777.77,shares,0
2023-04-12,313.13,319.5,307.0,308.81,313.05,1149913,358916964.6,shares,0
2023-04-13,307.46,312.17,298.32,301.58,308.81,1323102,402695140.53,shares,0
2023-04-14,305.0,325.88,297.54,319.9,301.58,2126276,665038433.78,shares,0
2023-04-17,321.04,321.94,308.2,309.85,319.9,1423358,446027979.01,shares,0
2023-04-18,309.0,309.0,289.89,292.17,309.85,2195936,647673378.79,shares,0
2023-04-19,291.0,298.0,285.02,292.5,292.17,1785549,521119238.88,shares,0
2023-04-20,292.51,312.5,290.0,305.94,292.5,2095216,636459288.17,shares,0
2023-04-21,308.23,312.28,292.77,299.99,305.94,1777813,533904531.94,shares,0
2023-04-24,299.0,299.0,267.56,269.85,299.99,2214040,612490224.6,shares,0
2023-04-25,268.76,269.97,260.57,262.25,269.85,1225928,323866987.43,shares,0
2023-04-26,251.0,277.0,250.0,267.23,262.25,1799205,483765319.84,shares,0
2023-04-27,263.89,273.47,258.77,260.97,267.23,918866,243735703.02,shares,0
2023-04-28,259.0,269.96,259.0,266.25,260.97,787018,209242070.84,shares,0
2023-05-04,266.25,267.36,254.66,255.0,266.25,825839,213643142.97,shares,0
2023-05-05,253.0,258.49,248.75,249.02,255.0,763669,192707700.55,shares,0
2023-05-08,247.0,251.97,246.75,250.68,249.02,519720,129628133.0,shares,0
2023-05-09,250.0,250.95,237.15,238.2,250.68,1410180,340797174.34,shares,0
2023-05-10,237.62,243.48,233.4,239.15,238.2,886437,210719441.86,shares,0
2023-05-11,239.28,243.48,235.2,235.39,239.15,625346,148862819.83,shares,0
2023-05-12,234.51,238.5,230.3,230.9,235.39,478490,111737894.36,shares,0
2023-05-15,230.0,240.42,225.43,239.0,230.9,898752,211116370.39,shares,0
2023-05-16,240.43,250.0,236.03,245.07,239.0,973130,238027134.76,shares,0
2023-05-17,244.0,256.0,243.52,249.46,245.07,1118237,279923119.1,shares,0
2023-05-18,248.66,258.0,248.56,257.95,249.46,943195,240634594.32,shares,0
2023-05-19,255.13,262.98,255.0,261.01,257.95,716367,186288030.37,shares,0
2023-05-22,261.54,265.0,256.19,258.77,261.01,605343,157295057.36,shares,0
2023-05-23,255.05,257.98,253.31,255.18,258.77,471610,120628444.54,shares,0
2023-05-24,255.18,261.98,252.66,259.14,255.18,411235,106068623.26,shares,0
2023-05-25,259.82,263.0,256.6,262.36,259.14,319052,82908760.83,shares,0
2023-05-26,262.9,265.81,260.8,265.01,262.36,369182,97622336.09,shares,0
2023-05-29,265.13,277.92,265.13,270.34,265.01,983714,267358157.94,shares,0
2023-05-30,272.44,272.44,255.19,264.37,270.34,906404,238192336.87,shares,0
2023-05-31,179.99,181.99,173.63,176.77,177.68,881946,155509315.47,shares,0
2023-06-01,175.73,177.01,172.1,173.0,176.77,1072471,185839237.8,shares,0
2023-06-02,173.0,175.6,171.32,173.0,173.0,843536,146218636.25,shares,0
2023-06-05,173.0,181.9,165.0,166.49,173.0,2544421,434682024.42,shares,0
2023-06-06,167.0,169.65,164.5,166.09,166.49,1204597,201192589.99,shares,0
2023-06-07,165.5,167.02,162.11,163.0,166.09,852537,139931414.95,shares,0
2023-06-08,164.18,164.18,157.59,160.09,163.0,1009588,160790497.86,shares,0
2023-06-09,159.6,165.56,157.26,165.56,160.09,2287378,369218224.41,shares,0
2023-06-12,165.97,165.97,158.58,158.72,165.56,1644373,263826322.69,shares,0
2023-06-13,158.72,164.8,155.8,163.35,158.72,1086522,175304175.94,shares,0
2023-06-14,163.35,164.6,161.0,163.54,163.35,675177,110064570.31,shares,0
2023-06-15,165.0,167.5,163.06,167.37,163.54,1157288,192015184.97,shares,0
2023-06-16,167.99,168.2,163.89,166.86,167.37,922635,152895463.39,shares,0
2023-06-19,165.9,167.6,163.68,164.98,166.86,960013,158643556.11,shares,0
2023-06-20,164.78,165.0,161.66,163.02,164.98,785320,127992174.1,shares,0
2023-06-21,161.37,162.88,156.5,156.57,163.02,897422,142068204.2,shares,0
2023-06-26,155.85,161.5,153.2,156.98,156.57,973749,152555639.8,shares,0
2023-06-27,156.98,157.99,153.0,153.22,156.98,726616,112094047.4,shares,0
2023-06-28,153.24,159.28,151.8,154.5,153.22,832376,128969221.13,shares,0
2023-06-29,152.65,157.68,149.22,149.58,154.5,1292443,195653183.85,shares,0
2023-06-30,149.58,154.98,146.68,153.0,149.58,1451202,220647936.5,shares,0
2023-07-03,154.19,155.55,149.0,151.89,153.0,1009074,152978261.36,shares,0
2023-07-04,151.6,155.88,149.11,154.52,151.89,1033022,158546130.65,shares,0
2023-07-05,153.5,155.38,149.28,149.69,154.52,829087,125608870.11,shares,0
2023-07-06,149.58,149.63,146.5,147.5,149.69,867103,127738906.3,shares,0
2023-07-07,146.21,147.68,144.02,144.49,147.5,845511,122925201.8,shares,0
2023-07-10,145.38,146.0,142.0,143.4,144.49,1051540,150668178.87,shares,0
2023-07-11,142.2,149.8,142.2,149.35,143.4,1309062,192467879.68,shares,0
2023-07-12,148.55,152.48,147.11,150.88,149.35,1334318,200803072.62,shares,0
2023-07-13,151.06,155.33,150.53,153.52,150.88,1065503,162488707.19,shares,0
2023-07-14,161.2,166.66,160.16,163.99,153.52,3201153,522649944.78,shares,0
2023-07-17,164.0,164.93,156.25,158.31,163.99,1188755,188809985.52,shares,0
2023-07-18,157.5,167.6,157.5,163.18,158.31,1834223,300491785.95,shares,0
2023-07-19,162.69,162.97,157.37,158.48,163.18,1491604,237350328.13,shares,0
2023-07-20,158.23,161.96,158.0,160.59,158.48,1179266,189181474.62,shares,0
2023-07-21,159.15,163.58,157.71,159.41,160.59,700788,111854609.95,shares,0
2023-07-24,159.4,162.88,157.42,159.98,159.41,606079,97158513.14,shares,0
2023-07-25,159.8,166.22,159.11,165.33,159.98,1532731,251029564.41,shares,0
2023-07-26,163.77,168.43,163.0,167.63,165.33,800184,133173700.43,shares,0
2023-07-27,166.01,167.6,156.8,158.96,167.63,1389973,222058241.62,shares,0
2023-07-28,158.0,159.87,156.21,159.36,158.96,686093,108851390.66,shares,0
2023-07-31,158.81,159.09,152.0,157.8,159.36,1110267,172948759.51,shares,0
2023-08-01,158.45,158.45,153.0,153.57,157.8,602479,93428445.66,shares,0
2023-08-02,154.0,156.0,152.24,153.31,153.57,690658,106410396.01,shares,0
2023-08-03,153.0,154.38,151.5,152.67,153.31,647166,98717994.72,shares,0
2023-08-04,153.45,154.77,151.01,152.45,152.67,519617,79504285.97,shares,0
2023-08-07,151.44,157.0,149.47,156.1,152.45,1484020,227059550.11,shares,0
2023-08-08,155.0,155.81,153.13,154.54,156.1,514161,79438503.47,shares,0
2023-08-09,154.37,158.88,153.3,158.16,154.54,743157,116721915.17,shares,0
2023-08-10,157.51,159.83,156.01,157.18,158.16,370861,58425688.44,shares,0
2023-08-11,157.18,158.4,151.0,151.1,157.18,571095,87749172.88,shares,0
2023-08-14,149.62,151.38,145.42,150.08,151.1,1034928,153353678.68,shares,0
2023-08-15,151.58,151.97,147.49,150.74,150.08,586486,87644234.69,shares,0
2023-08-16,150.55,151.0,146.05,146.05,150.74,674179,99782708.97,shares,0
2023-08-17,146.54,146.57,143.01,146.5,146.05,941460,136433118.89,shares,0
2023-08-18,148.0,148.0,144.11,145.9,146.5,678315,98804137.24,shares,0
2023-08-21,145.74,147.0,143.9,144.42,145.9,436653,63398363.26,shares,0
2023-08-22,144.2,145.99,138.55,143.7,144.42,701759,99454361.8,shares,0
2023-08-23,143.01,143.01,134.8,135.65,143.7,927862,127717334.01,shares,0
2023-08-24,136.9,139.28,135.01,136.87,135.65,1408105,193114170.45,shares,0
2023-08-25,135.0,136.02,129.2,135.65,136.87,1395600,186360746.15,shares,0
2023-08-28,142.01,144.7,134.4,135.5,135.65,1293141,178784564.48,shares,0
2023-08-29,134.11,140.5,133.34,139.08,135.5,1163335,161318531.11,shares,0
2023-08-30,141.87,146.59,138.01,142.05,139.08,1649908,235988188.0,shares,0
2023-08-31,142.1,145.52,139.3,140.6,142.05,1704744,241718488.85,shares,0
2023-09-01,140.61,144.18,140.01,142.52,140.6,891030,126449425.15,shares,0
2023-09-04,141.21,143.6,138.77,140.73,142.52,987441,138261102.88,shares,0
2023-09-05,141.6,143.0,138.51,138.75,140.73,779544,109540574.02,shares,0
2023-09-06,138.0,145.0,137.0,144.6,138.75,1325243,189255361.4,shares,0
2023-09-07,144.21,144.44,140.83,141.14,144.6,828338,118049470.32,shares,0
2023-09-08,139.35,143.65,139.35,142.67,141.14,741734,105356228.43,shares,0
2023-09-11,142.5,144.98,140.12,142.62,142.67,616903,88419240.1,shares,0
2023-09-12,140.55,144.4,140.52,141.32,142.62,496523,70528250.93,shares,0
2023-09-13,140.84,145.1,140.33,142.81,141.32,901423,128510808.98,shares,0
2023-09-14,141.6,142.29,137.28,137.4,142.81,714975,99451889.35,shares,0
2023-09-15,138.45,138.45,133.05,135.34,137.4,1017782,137705160.5,shares,0
2023-09-18,135.05,136.1,131.63,132.11,135.34,829286,110523663.42,shares,0
2023-09-19,132.38,133.17,129.42,130.72,132.11,677839,88871318.39,shares,0
2023-09-20,131.25,131.25,128.9,130.19,130.72,383028,49779642.72,shares,0
2023-09-21,128.68,130.45,126.5,127.2,130.19,871609,111280768.59,shares,0
2023-09-22,125.6,131.5,125.0,131.38,127.2,775709,100092837.57,shares,0
2023-09-25,131.0,131.8,129.11,130.33,131.38,361708,47104371.23,shares,0
2023-09-26,130.43,131.98,129.47,130.05,130.33,451694,58944491.84,shares,0
2023-09-27,130.07,132.65,129.07,131.08,130.05,452057,59313425.22,shares,0
2023-09-28,131.84,133.33,129.01,130.79,131.08,609979,79959921.85,shares,0
2023-10-09,129.88,131.6,128.46,129.19,130.79,455343,59016566.47,shares,0
2023-10-10,128.86,130.88,127.66,128.14,129.19,679121,87453343.96,shares,0
2023-10-11,128.16,132.68,127.6,130.35,128.14,717212,93867266.43,shares,0
2023-10-12,130.5,132.16,128.28,131.33,130.35,683489,89048676.73,shares,0
2023-10-13,130.51,130.97,128.21,129.58,131.33,449540,58068890.42,shares,0
2023-10-16,129.03,130.3,124.2,124.8,129.58,600754,75630258.08,shares,0
2023-10-17,124.25,126.29,123.1,124.6,124.8,489738,60860759.67,shares,0
2023-10-18,123.99,125.25,122.0,122.9,124.6,540141,66682025.1,shares,0
2023-10-19,123.8,125.38,121.52,122.03,122.9,719724,88987285.5,shares,0
2023-10-20,121.67,124.0,119.5,120.01,122.03,770365,93459050.75,shares,0
2023-10-23,118.0,119.49,114.11,115.14,120.01,627366,72999158.46,shares,0
2023-10-24,116.15,123.37,114.95,122.89,115.14,1273901,154396204.56,shares,0
2023-10-25,123.83,123.99,114.33,115.65,122.89,1442618,169674648.13,shares,0
2023-10-26,114.01,117.18,114.01,115.76,115.65,606947,70163218.56,shares,0
2023-10-27,115.0,121.89,114.0,120.76,115.76,1221249,145678991.5,shares,0
2023-10-30,119.52,121.94,117.0,119.1,120.76,1317864,155908978.29,shares,0
2023-10-31,119.04,122.28,118.93,120.2,119.1,839214,101119881.42,shares,0
2023-11-01,120.2,123.0,119.6,120.58,120.2,748374,90643781.09,shares,0
2023-11-02,120.54,121.53,118.3,118.5,120.58,666167,79618897.89,shares,0
2023-11-03,118.49,126.69,118.49,126.02,118.5,1908850,235802589.92,shares,0
2023-11-06,127.28,138.08,127.28,136.41,126.02,2624877,351310526.45,shares,0
2023-11-07,135.5,138.26,133.55,134.67,136.41,1111209,149953460.11,shares,0
2023-11-08,134.96,137.67,134.1,136.32,134.67,1047571,142752047.65,shares,0
2023-11-09,135.91,137.8,134.03,136.29,136.32,770129,104557910.61,shares,0
2023-11-10,135.88,139.0,135.0,138.5,136.29,881713,121572027.13,shares,0
2023-11-13,138.97,138.98,136.1,138.25,138.5,658683,90587670.85,shares,0
2023-11-14,137.8,139.5,136.65,138.23,138.25,710676,98050372.52,shares,0
2023-11-15,139.99,140.77,135.8,136.83,138.23,699920,96300296.55,shares,0
2023-11-16,135.8,136.0,133.03,133.46,136.83,749769,100488568.51,shares,0
2023-11-17,133.08,134.87,132.57,133.15,133.46,586836,78275626.02,shares,0
2023-11-20,133.81,134.13,130.86,131.59,133.15,738066,97355197.96,shares,0
2023-11-21,131.3,132.78,130.3,130.97,131.59,671846,88270334.64,shares,0
2023-11-22,130.87,132.89,128.3,128.5,130.97,860814,112352176.16,shares,0
2023-11-23,128.45,128.8,126.3,128.66,128.5,639289,81665646.12,shares,0
2023-11-24,127.59,127.77,124.4,125.47,128.66,525180,66073921.04,shares,0
2023-11-27,125.61,127.42,124.29,126.38,125.47,481103,60578329.5,shares,0
2023-11-28,126.95,128.33,125.38,127.36,126.38,610781,77687614.6,shares,0
2023-11-29,126.98,128.48,126.35,126.63,127.36,584550,74362020.4,shares,0
2023-11-30,126.25,126.3,123.0,124.58,126.63,477186,59320341.92,shares,0
2023-12-01,124.94,125.45,122.61,124.45,124.58,422950,52427378.5,shares,0
2023-12-04,124.2,127.15,124.08,124.58,124.45,599414,75173281.97,shares,0
2023-12-05,124.23,126.19,121.22,121.4,124.58,624198,76857132.71,shares,0
2023-12-06,121.45,122.72,119.97,120.47,121.4,453740,55051552.89,shares,0
2023-12-07,120.47,120.89,116.18,118.47,120.47,839267,99013584.95,shares,0
2023-12-08,119.4,119.81,115.2,116.7,118.47,1443650,168402775.6,shares,0
2023-12-11,116.35,118.92,114.72,118.73,116.7,919359,107314501.22,shares,0
2023-12-12,118.73,120.49,117.2,119.58,118.73,616761,73623053.9,shares,0
2023-12-13,119.0,124.73,118.4,123.01,119.58,1039532,127666419.99,shares,0
2023-12-14,122.0,126.38,121.61,124.66,123.01,825568,103045982.03,shares,0
2023-12-15,124.66,125.49,121.2,121.7,124.66,606704,74475634.22,shares,0
2023-12-18,120.7,121.7,117.0,117.69,121.7,648950,77121997.17,shares,0
2023-12-19,117.68,121.81,116.5,120.51,117.69,970571,115734699.52,shares,0
2023-12-20,120.78,121.44,117.0,117.3,120.51,427334,50640506.33,shares,0
2023-12-21,116.61,121.61,116.0,119.94,117.3,700287,83261984.11,shares,0
2023-12-22,119.94,119.94,117.01,117.82,119.94,508391,60148778.6,shares,0
2023-12-25,117.82,119.73,115.51,116.92,117.82,344608,40260177.64,shares,0
2023-12-26,117.2,117.34,113.6,113.99,116.92,504833,57818146.14,shares,0
2023-12-27,113.75,118.36,113.75,115.53,113.99,726758,84377370.12,shares,0
2023-12-28,116.62,121.88,114.78,120.51,115.53,828088,98118137.11,shares,0
2023-12-29,121.15,123.88,119.6,122.8,120.51,926151,112739578.02,shares,0
2024-01-02,122.65,122.65,117.0,117.73,122.8,747587,88537200.54,shares,0
2024-01-03,117.33,117.35,111.2,111.35,117.73,981355,111369435.37,shares,0
2024-01-04,111.0,111.51,108.22,108.65,111.35,761953,83312104.64,shares,0
2024-01-05,108.6,110.47,105.02,105.53,108.65,601008,64362490.04,shares,0
2024-01-08,105.02,105.5,100.29,100.83,105.53,952382,97068425.59,shares,0
2024-01-09,100.88,103.0,96.62,98.3,100.83,1722612,170311630.28,shares,0
2024-01-10,98.18,100.49,96.0,98.57,98.3,740836,72952290.43,shares,0
2024-01-11,97.79,100.38,97.5,99.3,98.57,845292,83712489.09,shares,0
2024-01-12,99.35,100.88,98.1,98.1,99.3,621513,61725140.01,shares,0
2024-01-15,98.1,99.69,96.6,96.6,98.1,891042,87195982.95,shares,0
2024-01-16,97.0,97.29,95.03,96.49,96.6,814698,78196376.12,shares,0
2024-01-17,99.38,99.5,92.69,92.69,96.49,652968,62041770.95,shares,0
2024-01-18,90.52,94.95,90.5,93.89,92.69,946370,87822048.9,shares,0
2024-01-19,93.5,95.59,91.54,91.9,93.89,634881,58958066.99,shares,0
2024-01-22,91.62,92.35,86.31,87.08,91.9,1415975,125907312.6,shares,0
2024-01-23,86.19,89.6,85.59,88.71,87.08,863362,75791541.56,shares,0
2024-01-24,88.74,89.04,84.51,88.15,88.71,1248990,107872013.75,shares,0
2024-01-25,88.4,89.9,86.72,89.55,88.15,1553592,137432147.76,shares,0
2024-01-26,89.2,89.2,85.22,85.6,89.55,1004389,87101475.09,shares,0
2024-01-29,86.89,86.89,82.02,83.0,85.6,1134101,95036621.81,shares,0
2024-01-30,82.99,83.83,80.14,80.26,83.0,1198151,98125605.44,shares,0
2024-01-31,80.31,81.52,76.3,76.84,80.26,1306493,102729994.83,shares,0
2024-02-01,77.4,80.84,76.07,77.84,76.84,1571001,123597014.86,shares,0
2024-02-02,78.77,79.0,71.34,73.9,77.84,1701337,127997064.48,shares,0
2024-02-05,73.0,73.9,66.28,70.44,73.9,1623114,114417347.01,shares,0
2024-02-06,68.33,76.66,68.08,76.14,70.44,1958547,143182104.56,shares,0
2024-02-07,76.4,85.38,76.4,84.65,76.14,2751753,228631121.03,shares,0
2024-02-08,85.24,93.61,81.5,83.0,84.65,3025799,266285611.98,shares,0
2024-02-19,83.5,84.6,81.12,84.0,83.0,2118158,176265174.1,shares,0
2024-02-20,82.84,84.17,81.06,83.3,84.0,1218812,100092584.17,shares,0
2024-02-21,82.3,85.6,81.68,83.08,83.3,1190285,99546875.68,shares,0
2024-02-22,83.06,84.99,82.62,84.49,83.08,1036254,86944788.37,shares,0
2024-02-23,86.85,86.85,83.62,85.1,84.49,1350424,114384919.92,shares,0
2024-02-26,85.7,87.66,83.68,85.7,85.1,1568694,133883109.37,shares,0
2024-02-27,84.56,89.4,84.09,89.4,85.7,1710292,148649609.91,shares,0
2024-02-28,89.43,91.77,83.32,83.35,89.4,2051663,180730740.88,shares,0
2024-02-29,82.9,91.0,82.8,90.79,83.35,2598142,229370493.98,shares,0
2024-03-01,93.35,94.84,91.7,93.53,90.79,2443612,227833922.29,shares,0
2024-03-04,92.29,94.06,90.08,91.12,93.53,1685570,154355810.5,shares,0
2024-03-05,90.8,91.11,88.5,89.25,91.12,1061497,95090603.41,shares,0
2024-03-06,88.02,89.89,86.11,88.2,89.25,1141398,100247252.73,shares,0
2024-03-07,88.4,89.6,85.18,85.18,88.2,1189022,103397715.4,shares,0
2024-03-08,85.17,87.79,83.79,87.57,85.18,1483548,127270339.95,shares,0
2024-03-11,86.33,88.89,85.12,88.89,87.57,1455695,127257023.61,shares,0
2024-03-12,89.5,96.79,88.75,94.61,88.89,2905269,273783866.34,shares,0
2024-03-13,93.9,95.95,93.0,94.32,94.61,1819717,171734749.85,shares,0
2024-03-14,94.25,98.87,94.22,96.48,94.32,2779096,268037420.83,shares,0
2024-03-15,96.2,98.5,94.29,98.41,96.48,1960195,189420084.84,shares,0
2024-03-18,98.68,101.8,97.41,100.4,98.41,1706530,169384064.18,shares,0
2024-03-19,101.0,107.43,99.82,103.8,100.4,2936448,305971391.0,shares,0
2024-03-20,103.6,116.58,103.48,111.95,103.8,3539367,389880853.35,shares,0
2024-03-21,113.12,117.55,112.2,114.19,111.95,2784538,319119494.72,shares,0
2024-03-22,115.9,117.1,112.39,115.0,114.19,2056369,236247013.75,shares,0
2024-03-25,114.9,117.2,112.23,114.85,115.0,2045686,235567593.0,shares,0
2024-03-26,113.56,114.8,108.0,108.06,114.85,2200691,242702243.43,shares,0
2024-03-27,108.11,109.0,102.99,104.49,108.06,1670113,175520871.99,shares,0
2024-03-28,105.0,107.68,103.16,104.49,104.49,1485567,156219248.68,shares,0
2024-03-29,104.99,105.0,99.24,104.2,104.49,1373253,140447034.97,shares,0
2024-04-01,105.5,106.4,102.0,103.76,104.2,1220333,126387406.09,shares,0
2024-04-02,103.24,104.0,100.33,103.24,103.76,1198443,122336789.93,shares,0
2024-04-03,102.69,105.49,100.0,100.0,103.24,1483749,151522408.28,shares,0
2024-04-08,99.0,102.1,99.0,100.0,100.0,1022117,102787197.53,shares,0
2024-04-09,100.11,104.48,99.8,104.2,100.0,1175233,120776141.16,shares,0
2024-04-10,105.03,105.22,102.17,102.71,104.2,1239786,128432689.06,shares,0
2024-04-11,102.44,107.55,102.44,105.8,102.71,1475800,155597945.14,shares,0
2024-04-12,105.42,107.74,103.5,104.4,105.8,1344998,141867552.99,shares,0
2024-04-15,104.4,109.48,103.31,108.2,104.4,1712337,183558054.58,shares,0
2024-04-16,108.2,108.5,101.51,101.94,108.2,1204544,125324769.3,shares,0
2024-04-17,101.59,104.0,99.5,100.33,101.94,1193134,120914154.6,shares,0
2024-04-18,100.08,101.95,95.5,96.92,100.33,1525089,150397607.62,shares,0
2024-04-19,95.99,96.67,93.0,93.38,96.92,993581,93646632.06,shares,0
2024-04-22,93.0,95.44,91.02,94.54,93.38,889590,83522697.72,shares,0
2024-04-23,93.83,100.39,93.5,99.5,94.54,1092497,106623268.53,shares,0
2024-04-24,99.87,101.38,98.14,100.68,99.5,624019,62389257.26,shares,0
2024-04-25,100.0,101.98,97.6,99.99,100.68,864654,86567093.33,shares,0
2024-04-26,97.0,103.35,96.0,100.56,99.99,1833796,182532108.88,shares,0
2024-04-29,99.88,106.0,99.88,105.3,100.56,1023672,106811986.17,shares,0
2024-04-30,105.05,113.6,103.5,112.0,105.3,1667563,180350231.29,shares,0
2024-05-06,112.0,112.95,107.99,107.99,112.0,1436654,158204690.18,shares,0
2024-05-07,108.0,109.76,105.11,106.18,107.99,906306,96848312.63,shares,0
2024-05-08,106.5,124.0,106.5,118.0,106.18,3218638,373281122.35,shares,0
2024-05-09,117.87,120.69,116.01,119.0,118.0,1719899,204256492.32,shares,0
2024-05-10,121.35,122.56,114.3,115.14,119.0,989320,115279226.94,shares,0
2024-05-13,114.0,116.98,112.02,112.91,115.14,881914,100538581.03,shares,0
2024-05-14,112.36,113.52,110.46,110.8,112.91,700768,78290923.42,shares,0
2024-05-15,110.0,112.68,108.2,108.28,110.8,582690,64163552.33,shares,0
2024-05-16,107.91,109.79,106.6,107.9,108.28,599463,64688326.61,shares,0
2024-05-17,106.5,109.49,106.25,108.5,107.9,486765,52485534.99,shares,0
2024-05-20,108.33,112.36,106.6,107.99,108.5,1130082,123771082.8,shares,0
2024-05-21,107.22,108.64,106.35,107.45,107.99,451069,48528276.58,shares,0
2024-05-22,107.51,108.8,104.77,107.03,107.45,521345,55455469.06,shares,0
2024-05-23,106.8,107.11,102.02,102.06,107.03,735573,76529165.29,shares,0
2024-05-24,101.96,102.62,98.0,98.9,102.06,947796,94822593.85,shares,0
2024-05-27,98.58,108.88,96.36,107.68,98.9,1594892,163898111.26,shares,0
2024-05-28,108.88,109.87,105.53,107.97,107.68,989642,106798138.57,shares,0
2024-05-29,107.1,109.6,104.4,105.2,107.97,546366,58241965.18,shares,0
2024-05-30,104.1,109.81,102.5,109.22,105.2,908506,98115562.59,shares,0
2024-05-31,109.1,112.51,107.99,112.0,109.22,1085733,120772136.71,shares,0
2024-06-03,112.44,115.0,110.53,114.03,112.0,896607,101725318.45,shares,0
2024-06-04,112.88,113.61,109.35,112.55,114.03,804574,89511310.63,shares,0
2024-06-05,112.4,114.18,109.45,109.45,112.55,890200,98817137.33,shares,0
2024-06-06,108.89,111.04,104.98,105.01,108.89,1070324,114647899.98,shares,0
2024-06-07,105.45,108.8,104.14,104.64,105.01,950404,101058293.53,shares,0
2024-06-11,104.15,110.85,102.3,110.8,104.64,1525736,164075575.77,shares,0
2024-06-12,110.52,111.12,107.05,107.55,110.8,842230,91604469.47,shares,0
2024-06-13,107.52,117.8,106.1,113.08,107.55,2069170,231362037.41,shares,0
2024-06-14,111.0,113.59,110.01,113.54,113.08,1531008,171633706.52,shares,0
2024-06-17,112.46,117.49,111.8,116.03,113.54,1241007,143148429.25,shares,0
2024-06-18,115.8,116.94,111.0,111.1,116.03,1324551,149248383.92,shares,0
2024-06-19,111.28,112.8,106.48,107.55,111.1,1440924,155619875.35,shares,0
2024-06-20,106.76,113.69,106.28,110.82,107.55,2013714,223382819.88,shares,0
2024-06-21,109.67,110.6,106.58,107.61,110.82,1070410,115456194.82,shares,0
2024-06-24,106.58,108.5,103.03,103.16,107.61,1046118,111012930.71,shares,0
2024-06-25,103.97,105.0,98.57,99.48,103.16,1236854,125555416.95,shares,0
2024-06-26,101.77,101.85,94.68,96.87,99.48,2078699,199679631.15,shares,0
2024-06-27,96.2,97.73,92.5,92.9,96.87,1309684,123734809.78,shares,0
2024-06-28,94.01,95.37,91.06,91.75,92.9,1335031,124610371.46,shares,0
2024-07-01,91.75,92.39,88.16,90.68,91.75,982289,88412877.55,shares,0
2024-07-02,90.68,90.76,86.56,87.18,90.68,1053108,92744533.69,shares,0
2024-07-03,87.1,90.18,85.2,88.2,87.18,1105500,96950184.61,shares,0
2024-07-04,88.01,89.5,86.58,87.0,88.2,797494,70318307.93,shares,0
2024-07-05,87.0,88.79,84.66,88.49,87.0,1040563,90236715.13,shares,0
2024-07-08,88.01,90.37,86.98,87.97,88.49,1015604,90236001.21,shares,0
2024-07-09,87.64,93.08,87.0,92.0,87.97,1231865,111663902.55,shares,0
2024-07-10,91.75,93.3,91.08,91.78,92.0,648556,59791282.08,shares,0
2024-07-11,92.98,95.58,91.31,92.93,91.78,1386230,129077744.4,shares,0
2024-07-12,92.34,95.83,91.0,95.3,92.93,1013866,95534406.4,shares,0
2024-07-15,94.5,97.51,94.0,94.5,95.3,698243,66718753.29,shares,0
2024-07-16,94.51,96.5,92.19,95.31,94.5,860383,81222598.55,shares,0
2024-07-17,95.19,100.0,94.6,98.85,95.31,1502755,147656533.95,shares,0
2024-07-18,97.66,99.37,96.2,97.6,98.85,953635,92861839.35,shares,0
2024-07-19,96.8,100.99,96.7,99.5,97.6,1053459,104566666.04,shares,0
2024-07-22,99.99,101.99,98.93,98.93,99.5,844237,84464840.1,shares,0
2024-07-23,99.15,99.5,92.5,92.6,98.93,934462,89351908.07,shares,0
2024-07-24,92.49,93.07,89.3,90.0,92.6,1027538,93676949.71,shares,0
2024-07-25,88.5,90.79,88.22,89.7,90.0,544233,48557084.33,shares,0
2024-07-26,89.7,90.7,88.08,89.3,89.7,568758,50782787.69,shares,0
2024-07-29,89.01,90.48,87.5,87.86,89.3,459068,40786786.58,shares,0
2024-07-30,87.5,88.28,85.02,85.9,87.86,928387,80071732.39,shares,0
2024-07-31,85.89,93.45,85.11,93.2,85.9,1269538,114778497.47,shares,0
2024-08-01,94.8,97.6,92.52,95.35,93.2,1066107,101527503.21,shares,0
2024-08-02,94.8,95.6,89.1,89.1,95.35,1186710,109031845.07,shares,0
2024-08-05,89.15,90.37,86.48,86.48,89.1,909722,80179245.37,shares,0
2024-08-06,87.49,89.4,86.77,89.11,86.48,652887,57548389.35,shares,0
2024-08-07,90.0,90.26,87.62,87.79,89.11,366354,32391077.19,shares,0
2024-08-08,87.3,92.78,86.01,89.84,87.79,813436,73037241.1,shares,0
2024-08-09,91.0,91.68,88.0,88.37,89.84,602987,53762982.95,shares,0
2024-08-12,87.72,88.66,85.7,86.07,88.37,494643,42881560.53,shares,0
2024-08-13,86.07,86.98,83.37,84.7,86.07,994955,84480455.6,shares,0
2024-08-14,85.08,85.18,82.7,82.91,84.7,552458,46072412.08,shares,0
2024-08-15,82.81,85.11,82.0,83.09,82.91,629514,52528622.43,shares,0
2024-08-16,83.09,83.62,81.35,81.39,83.09,884146,72758438.11,shares,0
2024-08-19,81.23,83.3,80.41,81.11,81.39,698124,57136958.48,shares,0
2024-08-20,81.11,82.0,79.52,79.88,81.11,666511,53435637.96,shares,0
2024-08-21,79.18,80.88,79.18,79.91,79.88,412108,33040140.35,shares,0
2024-08-22,79.83,81.49,78.77,79.05,79.91,598929,48101942.37,shares,0
2024-08-23,79.41,81.4,78.94,80.44,79.05,822207,66070342.07,shares,0
2024-08-26,80.56,82.2,77.76,79.71,80.44,1114584,88424508.35,shares,0
2024-08-27,84.0,84.0,80.62,82.5,79.71,1442573,119231960.76,shares,0
2024-08-28,82.5,85.88,82.03,84.0,82.5,1079520,91038728.93,shares,0
2024-08-29,83.9,86.46,82.73,85.2,84.0,727258,61892112.17,shares,0
2024-08-30,83.04,88.87,83.04,87.12,85.2,1255753,109932088.94,shares,0
2024-09-02,86.2,87.0,84.09,84.25,87.12,1148245,97919379.0,shares,0
2024-09-03,84.02,85.99,83.5,83.95,84.25,714824,60429268.83,shares,0
2024-09-04,83.01,85.9,82.44,84.0,83.95,636896,53778966.68,shares,0
2024-09-05,84.39,85.8,83.2,84.6,84.0,1041346,88036283.74,shares,0
2024-09-06,85.85,85.85,81.2,81.25,84.6,607630,50307292.56,shares,0
2024-09-09,80.16,82.41,78.86,79.88,81.25,1127326,90174153.94,shares,0
2024-09-10,79.66,80.61,77.15,78.87,79.88,1085238,85169476.24,shares,0
2024-09-11,78.5,79.6,77.8,78.5,78.87,875448,68775405.99,shares,0
2024-09-12,78.34,82.2,78.34,78.92,78.5,879493,70395827.02,shares,0
2024-09-13,78.77,79.8,77.89,77.89,78.92,626441,49316323.54,shares,0
2024-09-18,78.55,78.99,75.75,77.37,77.89,613789,47270526.0,shares,0
2024-09-19,77.69,78.77,76.28,77.61,77.37,605170,46925143.86,shares,0
2024-09-20,78.0,78.3,76.01,76.38,77.61,509264,39133742.68,shares,0
2024-09-23,76.29,77.35,75.5,76.04,76.38,440788,33649867.72,shares,0
2024-09-24,77.0,84.41,76.59,84.28,76.04,1707258,137615294.35,shares,0
2024-09-25,86.81,86.81,81.5,81.83,84.28,1467319,123132116.78,shares,0
2024-09-26,81.87,85.7,81.21,85.57,81.83,1165404,97066604.0,shares,0
2024-09-27,89.5,94.0,86.06,93.5,85.57,932876,83837892.94,shares,0
2024-09-30,97.81,109.0,95.6,108.0,93.5,2981754,307232054.57,shares,0
2024-10-08,129.6,129.6,122.4,129.6,108.0,4587628,586394100.74,shares,0
2024-10-09,125.65,135.0,116.3,119.51,129.6,5381140,680330985.98,shares,0
2024-10-10,117.18,123.99,115.0,118.11,119.51,3451125,414172550.5,shares,0
2024-10-11,115.5,118.1,105.1,106.55,117.88,2381360,260846950.69,shares,0
2024-10-14,111.09,112.99,103.2,111.6,106.55,2102731,227953323.94,shares,0
2024-10-15,111.89,113.45,107.37,107.5,111.6,1306503,144012123.34,shares,0
2024-10-16,104.18,111.6,103.91,104.1,107.5,1332023,140162719.65,shares,0
2024-10-17,105.55,106.25,102.47,102.68,104.1,1205545,126482810.59,shares,0
2024-10-18,103.1,119.77,102.55,113.85,102.68,2910537,324149782.29,shares,0
2024-10-21,117.0,123.3,112.53,115.46,113.85,3544956,416632200.47,shares,0
2024-10-22,114.0,114.99,109.0,110.8,115.46,2323162,258930619.56,shares,0
2024-10-23,111.09,113.39,109.18,110.69,110.8,1520921,168596808.09,shares,0
2024-10-24,110.71,114.95,109.49,111.0,110.69,1766141,197650714.78,shares,0
2024-10-25,110.0,114.01,109.5,111.18,111.0,1788530,200314322.81,shares,0
2024-10-28,111.22,111.8,107.07,109.93,111.18,1765927,192218314.89,shares,0
2024-10-29,112.39,120.91,112.0,112.5,109.93,3829933,444655699.12,shares,0
2024-10-30,111.31,116.24,110.52,115.02,112.5,2186403,248191960.1,shares,0
2024-10-31,114.0,120.98,112.8,119.88,115.02,2861437,338441748.09,shares,0
2024-11-01,118.55,119.27,112.69,112.69,119.88,2110284,242840585.87,shares,0
2024-11-04,112.65,117.5,112.0,113.35,112.69,1949513,222441439.74,shares,0
2024-11-05,113.34,119.58,111.21,118.0,113.35,2781240,323896506.15,shares,0
2024-11-06,119.6,123.29,117.58,121.0,118.0,2590558,312313039.21,shares,0
2024-11-07,119.18,123.88,118.26,121.05,121.0,2130214,256427750.53,shares,0
2024-11-08,123.0,136.72,121.78,127.2,121.05,4165131,537421258.16,shares,0
2024-11-11,129.4,139.02,129.2,135.54,127.2,3539375,473442331.46,shares,0
2024-11-12,135.82,135.82,128.53,130.89,135.54,2817097,369691832.59,shares,0
2024-11-13,128.09,132.2,126.0,127.87,130.89,2024941,260796560.64,shares,0
2024-11-14,126.77,128.47,120.25,120.3,127.87,2346247,290545006.14,shares,0
2024-11-15,120.3,121.8,116.18,116.45,120.3,1774719,210087772.89,shares,0
2024-11-18,115.76,118.41,113.38,115.45,116.45,1823061,211348557.26,shares,0
2024-11-19,116.32,118.86,114.0,118.77,115.45,1627513,190031433.6,shares,0
2024-11-20,118.16,119.52,116.58,117.6,118.77,1257096,148359133.26,shares,0
2024-11-21,117.6,120.46,116.0,117.69,117.6,1286812,152422676.43,shares,0
2024-11-22,117.6,118.79,110.17,110.17,117.69,1898976,217298797.42,shares,0
2024-11-25,110.2,111.91,107.3,109.69,110.17,1256022,137658969.85,shares,0
2024-11-26,109.73,111.55,107.72,111.55,109.69,1380634,152573290.29,shares,0
2024-11-27,111.13,113.35,107.21,113.35,111.55,1521533,168395793.71,shares,0
2024-11-28,114.0,114.6,111.01,111.3,113.35,1232758,138719374.53,shares,0
2024-11-29,111.05,117.5,110.12,115.62,111.3,1475883,168922604.16,shares,0
2024-12-02,115.63,117.6,114.75,115.6,115.62,1401525,162361045.88,shares,0
2024-12-03,115.01,116.23,108.88,111.06,115.6,2221823,246289495.22,shares,0
2024-12-04,113.55,115.0,109.4,110.46,111.06,1462228,164403198.92,shares,0
2024-12-05,109.75,110.99,109.0,109.24,110.46,1709150,187655335.2,shares,0
2024-12-06,109.39,111.85,107.02,110.4,109.24,2028840,222018063.31,shares,0
2024-12-09,109.62,110.89,107.31,107.94,110.4,1235700,134572888.13,shares,0
2024-12-10,112.86,114.0,109.25,109.67,107.94,1813714,202274353.32,shares,0
2024-12-11,109.18,110.99,108.21,109.07,109.67,1437778,157194942.58,shares,0
2024-12-12,109.41,109.88,107.8,108.35,109.07,1878642,203846710.22,shares,0
2024-12-13,107.6,107.85,103.57,105.1,108.35,4181427,440412730.67,shares,0
2024-12-16,104.8,105.83,102.18,104.1,105.1,2347027,242998020.72,shares,0
2024-12-17,104.72,104.98,101.41,101.77,104.1,1767713,181982235.96,shares,0
2024-12-18,102.29,106.15,101.3,104.33,101.77,1736720,180543852.35,shares,0
2024-12-19,103.0,104.7,102.48,104.42,104.33,1289537,133605032.8,shares,0
2024-12-20,104.8,108.8,104.22,106.79,104.42,2144520,228879840.32,shares,0
2024-12-23,106.77,108.18,103.75,104.28,106.79,2022529,214426878.61,shares,0
2024-12-24,105.6,105.6,102.0,104.35,104.28,1800803,186854537.33,shares,0
2024-12-25,104.55,104.58,100.52,102.02,104.35,1796305,183458154.23,shares,0
2024-12-26,101.88,103.65,101.05,103.05,102.02,2052042,210868005.0,shares,0
2024-12-27,103.57,104.68,101.95,102.55,103.05,2355254,243112240.7,shares,0
2024-12-30,102.6,108.43,101.1,104.09,102.55,3624074,380255403.13,shares,0
2024-12-31,105.13,107.78,104.0,104.5,104.09,3161892,333355902.0,shares,0
2025-01-02,104.0,106.3,100.0,102.0,104.5,3115198,321321942.96,shares,0
2025-01-03,102.02,105.78,100.74,102.1,102.0,2192368,226233150.37,shares,0
2025-01-06,103.96,108.62,102.68,106.26,102.1,3651502,387901129.1,shares,0
2025-01-07,107.77,108.58,103.28,104.19,106.26,3908803,412048380.93,shares,0
2025-01-08,104.1,111.0,101.6,109.45,104.19,4577441,488510329.93,shares,0
2025-01-09,109.3,119.01,109.3,115.66,109.45,5618832,650830316.12,shares,0
2025-01-10,115.21,124.2,114.69,118.46,115.66,5620868,675233426.29,shares,0
2025-01-13,115.0,119.99,114.76,116.0,118.46,3158129,368453607.92,shares,0
2025-01-14,116.0,120.98,115.01,119.53,116.0,3206833,379841502.47,shares,0
2025-01-15,118.96,120.0,116.21,117.91,119.53,2267619,267688410.79,shares,0
2025-01-16,118.38,122.0,116.5,117.98,117.91,2222137,264578397.35,shares,0
2025-01-17,117.03,125.66,117.0,124.36,117.98,3753325,458485153.31,shares,0
2025-01-20,124.91,128.88,123.8,125.68,124.36,3179961,402194289.72,shares,0
2025-01-21,125.0,127.7,122.34,127.5,125.68,2674981,335330540.47,shares,0
2025-01-22,127.1,130.3,126.58,128.79,127.5,2079522,266379066.98,shares,0
2025-01-23,128.79,130.32,125.59,126.17,128.79,2001494,255918278.97,shares,0
2025-01-24,125.64,129.33,125.5,126.5,126.17,1995294,253691392.28,shares,0
2025-01-27,125.5,129.0,125.02,126.0,126.5,1295575,164530244.47,shares,0
2025-02-05,127.0,131.52,121.9,122.22,126.0,2900681,364797753.83,shares,0
2025-02-06,122.0,125.48,119.26,124.86,122.22,3056996,374936535.93,shares,0
2025-02-07,124.05,129.38,123.08,126.12,124.86,2411426,304052578.93,shares,0
2025-02-10,126.89,127.01,117.88,118.59,126.12,4012352,480609947.66,shares,0
2025-02-11,118.56,123.96,116.11,120.78,118.59,3186402,381509869.83,shares,0
2025-02-12,120.3,125.65,120.27,124.52,120.78,2540526,313405353.48,shares,0
2025-02-13,123.39,125.07,121.2,122.96,124.52,2166202,266493391.06,shares,0
2025-02-14,122.39,123.31,119.24,121.19,122.96,1701923,205897881.64,shares,0
2025-02-17,120.95,122.28,119.0,120.57,121.19,1998198,240223161.35,shares,0
2025-02-18,120.57,124.51,117.72,118.49,120.57,2279759,275048920.27,shares,0
2025-02-19,118.02,129.5,118.02,129.31,118.49,3581351,448813634.39,shares,0
2025-02-20,129.28,131.4,126.28,130.32,129.31,2759444,358316541.0,shares,0
2025-02-21,130.84,132.65,127.8,130.89,130.32,2475288,323754748.67,shares,0
2025-02-24,131.0,139.89,130.6,137.4,130.89,3234739,441514467.38,shares,0
2025-02-25,135.03,143.28,135.03,141.0,137.4,3014953,421990253.02,shares,0
2025-02-26,139.59,143.8,138.5,139.19,141.0,2315961,325575590.67,shares,0
2025-02-27,139.05,144.5,137.51,142.54,139.19,2830918,400520410.48,shares,0
2025-02-28,141.42,148.8,141.0,141.5,142.54,2582355,372604872.99,shares,0
2025-03-03,141.0,144.87,139.81,141.36,141.5,2006214,284808429.41,shares,0
2025-03-04,140.0,149.56,135.94,149.04,141.36,3057500,437646930.45,shares,0
2025-03-05,145.56,161.62,145.56,156.9,149.04,3481210,539258315.95,shares,0
2025-03-06,161.29,164.32,155.2,157.5,156.9,3043211,485908695.98,shares,0
2025-03-07,156.53,160.46,153.98,155.48,157.5,1896632,296409224.59,shares,0
2025-03-10,155.0,158.58,152.18,157.25,155.48,1395907,218497860.84,shares,0
2025-03-11,155.22,158.78,152.0,153.29,157.25,1453803,224295980.63,shares,0
2025-03-12,153.29,155.5,151.88,152.92,153.29,1290667,197978321.31,shares,0
2025-03-13,151.81,152.65,142.51,144.05,152.92,2786007,406665326.11,shares,0
2025-03-14,144.43,149.49,142.6,148.22,144.05,2297422,338490050.04,shares,0
2025-03-17,150.15,151.8,145.33,147.4,148.22,1576638,232278004.54,shares,0
2025-03-18,148.75,148.75,142.83,143.0,147.4,1234500,179155747.81,shares,0
2025-03-19,143.0,147.2,142.0,144.73,143.0,1267665,183476393.45,shares,0
2025-03-20,144.23,145.56,141.8,142.07,144.73,861185,123632540.42,shares,0
2025-03-21,141.55,142.98,139.05,141.0,142.07,1400331,196701057.59,shares,0
2025-03-24,141.8,146.98,140.83,146.56,141.0,2034479,294618632.88,shares,0
2025-03-25,147.0,148.54,142.0,143.39,146.56,1370663,198180128.77,shares,0
2025-03-26,142.0,145.25,141.05,141.67,143.39,908883,129594627.98,shares,0
2025-03-27,141.46,147.75,141.05,144.0,141.67,1462282,211847312.25,shares,0
2025-03-28,142.72,147.86,142.72,143.0,144.0,1096250,158674709.18,shares,0
2025-03-31,142.71,147.2,141.0,143.45,143.0,1413217,203808269.35,shares,0
2025-04-01,144.12,150.72,141.57,147.34,143.45,2683118,393954171.06,shares,0
2025-04-02,147.53,148.59,141.32,143.33,147.34,1291149,185748676.28,shares,0
2025-04-03,141.46,145.2,139.1,139.8,143.33,1367497,193218944.47,shares,0
2025-04-07,128.1,144.28,128.1,135.0,139.8,4052265,558347428.23,shares,0
2025-04-08,136.0,141.63,130.0,133.27,135.0,3042562,408270429.13,shares,0
2025-04-09,130.89,145.5,127.9,140.5,133.27,3322547,462402392.83,shares,0
2025-04-10,141.22,143.95,138.18,139.92,140.5,2805760,394478542.73,shares,0
2025-04-11,139.2,164.49,137.2,159.8,139.92,4538985,703880275.58,shares,0
2025-04-14,157.8,158.0,152.8,154.21,159.8,2651103,411845255.4,shares,0
2025-04-15,154.11,155.1,147.79,148.48,154.21,2718262,406365989.03,shares,0
2025-04-16,149.06,155.5,148.32,149.98,148.48,1938361,292266891.76,shares,0
2025-04-17,149.0,155.88,149.0,153.02,149.98,2195871,336263665.1,shares,0
2025-04-18,153.5,154.42,146.0,148.67,153.02,1446814,215693114.65,shares,0
2025-04-21,147.5,149.17,146.28,148.03,148.67,1263907,186756265.9,shares,0
2025-04-22,147.44,156.89,146.2,155.1,148.03,2623736,401108251.07,shares,0
2025-04-23,154.02,156.0,152.07,154.9,155.1,1666156,256192324.64,shares,0
2025-04-24,154.9,156.36,151.39,155.4,154.9,1206730,185748211.04,shares,0
2025-04-25,152.77,153.95,142.22,146.25,155.4,2805490,410551476.98,shares,0
2025-04-28,146.87,151.2,144.9,149.64,146.25,1398457,207909948.5,shares,0
2025-04-29,148.96,156.67,148.96,153.55,149.64,1470685,225218643.35,shares,0
2025-04-30,151.5,152.55,143.98,145.18,152.8,2761944,404845887.41,shares,0
2025-05-06,145.64,150.24,145.0,145.83,145.18,2161442,317261095.58,shares,0
2025-05-07,144.9,148.48,138.82,142.57,145.83,3130047,445681743.74,shares,0
2025-05-08,140.0,143.59,135.01,142.81,142.57,2952691,411253774.53,shares,0
2025-05-09,141.79,141.79,137.85,138.02,142.81,1684591,234798981.65,shares,0
2025-05-12,138.8,139.0,135.1,136.21,138.02,1786560,243461489.13,shares,0
2025-05-13,137.87,138.87,136.0,136.69,136.21,1141045,156114830.47,shares,0
2025-05-14,136.84,140.0,136.4,138.98,136.69,1422004,196671600.45,shares,0
2025-05-15,138.0,139.82,136.02,137.78,138.98,1241870,171595364.75,shares,0
2025-05-16,136.51,139.2,135.22,137.6,137.78,989568,136096574.14,shares,0
2025-05-19,137.5,137.87,134.5,136.27,137.6,1370050,186153543.23,shares,0
2025-05-20,136.0,137.69,135.35,136.78,136.27,886263,121251545.21,shares,0
2025-05-21,135.01,139.64,135.01,137.18,136.78,949296,129875080.09,shares,0
2025-05-22,136.49,141.68,135.62,138.33,137.18,1301542,181477163.84,shares,0
2025-05-23,138.9,140.49,136.45,138.88,138.33,981457,136441547.7,shares,0
2025-05-26,139.94,141.99,138.8,140.9,138.88,1065501,150197857.53,shares,0
2025-05-27,140.5,143.5,139.88,141.17,140.9,946415,134261506.92,shares,0
2025-05-28,140.63,142.28,133.12,133.33,141.17,1452725,198246357.8,shares,0
2025-05-29,133.98,139.88,133.35,138.53,133.33,1642658,225316779.73,shares,0
2025-05-30,137.63,138.58,134.7,135.5,138.53,746445,101952031.25,shares,0
2025-06-03,135.4,143.65,135.4,140.54,135.5,2014873,285693653.72,shares,0
2025-06-04,139.58,142.3,138.6,141.5,140.54,989027,138990907.37,shares,0
2025-06-05,141.6,143.5,140.5,142.43,141.5,1006420,143183135.52,shares,0
2025-06-06,142.0,143.03,140.61,141.04,142.43,572716,81088295.57,shares,0
2025-06-09,141.04,142.65,139.56,141.39,141.04,1097977,154186609.06,shares,0
2025-06-10,141.21,141.39,137.28,137.7,141.39,813231,112687548.52,shares,0
2025-06-11,137.7,139.78,136.3,136.43,137.7,669043,92105079.53,shares,0
2025-06-12,136.64,136.76,134.07,134.35,136.43,796761,107788121.63,shares,0
2025-06-13,134.0,136.2,132.02,134.72,134.35,1099761,147446752.41,shares,0
2025-06-16,133.64,134.56,132.03,132.04,134.72,964821,128225218.56,shares,0
2025-06-17,132.57,132.9,128.39,129.39,132.04,1041687,135218944.38,shares,0
2025-06-18,129.7,133.3,128.86,132.32,129.39,959920,126422920.42,shares,0
2025-06-19,134.38,135.01,132.03,133.8,132.32,861519,115408622.61,shares,0
2025-06-20,134.27,139.59,133.8,138.1,133.8,1478064,202913313.16,shares,0
2025-06-23,136.44,142.98,136.44,142.05,138.1,1325499,187190949.53,shares,0
2025-06-24,142.5,143.78,140.4,143.5,142.05,1053803,150136826.94,shares,0
2025-06-25,142.72,144.18,140.93,141.66,143.5,1316150,186655600.97,shares,0
2025-06-26,141.23,145.68,140.88,141.7,141.66,1183486,168882294.82,shares,0
2025-06-27,142.13,144.44,139.53,142.31,141.7,1151490,163790360.78,shares,0
2025-06-30,142.74,147.98,141.25,144.2,142.31,1722802,248562275.22,shares,0
2025-07-01,145.8,147.96,141.55,142.93,144.2,1129229,162502640.17,shares,0
2025-07-02,142.93,142.93,138.5,140.2,142.93,915773,128681833.46,shares,0
2025-07-03,140.0,141.5,137.23,137.86,140.2,1004866,139079127.07,shares,0
2025-07-04,137.72,142.98,137.01,139.22,137.86,1452210,202675508.55,shares,0
2025-07-07,139.23,142.41,138.57,139.92,139.22,725420,102259377.71,shares,0
2025-07-08,139.92,143.3,139.22,140.61,139.92,1146985,162676792.78,shares,0
2025-07-09,140.01,142.13,134.39,135.1,140.61,1397451,191964014.09,shares,0
2025-07-10,135.31,135.85,133.0,134.1,135.1,873518,117278131.89,shares,0
2025-07-11,133.99,137.5,133.52,136.55,134.1,800349,108855282.07,shares,0
2025-07-14,136.55,136.55,134.1,134.5,136.55,725236,97893074.91,shares,0
2025-07-15,134.13,135.7,133.38,134.01,134.5,795828,106877750.47,shares,0
2025-07-16,133.7,136.43,133.63,134.38,134.01,615383,83001580.57,shares,0
2025-07-17,134.46,137.37,133.2,135.99,134.38,1028159,138806865.6,shares,0
2025-07-18,135.92,137.47,133.03,133.79,135.99,1224279,164322681.28,shares,0
2025-07-21,133.2,134.11,131.87,133.81,133.79,1156487,153716234.08,shares,0
2025-07-22,133.51,137.0,133.05,135.35,133.81,1518828,205513994.82,shares,0
2025-07-23,135.3,138.75,134.32,136.28,135.35,1712003,234178171.76,shares,0
2025-07-24,136.7,139.48,135.76,138.5,136.28,1321633,182119055.63,shares,0
2025-07-25,138.2,139.28,136.63,138.13,138.5,1201559,165329277.93,shares,0
2025-07-28,138.65,139.28,135.61,136.4,138.13,1199530,163993555.85,shares,0
2025-07-29,136.5,144.58,134.71,144.29,136.4,2678061,377377471.09,shares,0
2025-07-30,143.96,149.99,143.0,144.28,144.29,2114111,309751320.6,shares,0
2025-07-31,145.05,147.95,142.0,142.62,144.28,2014577,291258293.34,shares,0
2025-08-01,143.0,145.88,140.51,142.0,142.62,1332880,189913495.14,shares,0
2025-08-04,141.82,145.66,141.26,142.33,142.0,1480852,212104317.4,shares,0
2025-08-05,142.01,143.17,140.17,142.97,142.33,952800,135083795.3,shares,0
2025-08-06,142.33,144.88,139.5,143.72,142.97,1251414,177996502.43,shares,0
2025-08-07,143.8,144.79,140.0,141.11,143.72,1794324,254569455.62,shares,0
2025-08-08,140.1,141.88,136.8,139.07,141.11,1751917,244031705.72,shares,0
2025-08-11,139.43,140.81,138.57,139.99,139.07,939702,131366055.28,shares,0
2025-08-12,139.98,141.0,138.23,139.16,139.99,917098,127887616.58,shares,0
2025-08-13,139.16,142.9,139.16,141.7,139.16,1531019,216779401.88,shares,0
2025-08-14,141.15,144.84,139.79,141.99,141.7,1899211,269616277.27,shares,0
2025-08-15,141.18,144.19,140.05,143.6,141.99,1465403,208827368.44,shares,0
2025-08-18,143.65,146.93,142.55,145.58,143.6,1831301,266142005.43,shares,0
2025-08-19,145.58,147.43,143.69,144.48,145.58,1273767,184726188.33,shares,0
2025-08-20,144.48,149.99,141.8,149.56,144.48,1918592,280300524.23,shares,0
2025-08-21,150.75,153.3,147.61,148.6,149.56,2380743,356869934.64,shares,0
2025-08-22,148.0,163.78,147.6,159.98,148.6,3993725,629687774.4,shares,0
2025-08-25,160.1,170.0,158.66,161.88,159.98,4291088,703761309.13,shares,0
2025-08-26,160.11,171.88,158.78,167.2,161.88,2940238,487455195.0,shares,0
2025-08-27,165.95,188.64,165.05,175.77,167.2,4257757,753800835.77,shares,0
2025-08-28,172.99,183.6,170.03,179.99,175.77,4358257,774198700.1,shares,0
2025-08-29,181.0,183.32,169.0,173.02,179.99,3604950,621815703.86,shares,0
2025-09-01,179.25,195.9,176.21,189.99,173.02,4660141,863517656.38,shares,0
2025-09-02,188.89,197.3,183.02,185.81,189.99,4228861,807175972.81,shares,0
2025-09-03,188.01,197.0,184.18,186.88,185.81,3745340,711115884.28,shares,0
2025-09-04,186.34,188.5,165.27,168.1,186.88,4823775,834131904.22,shares,0
2025-09-05,168.65,172.0,166.65,171.12,168.1,2452245,415572945.12,shares,0
2025-09-08,170.12,172.0,167.51,169.69,171.12,2446870,414667038.51,shares,0
2025-09-09,168.48,170.65,166.63,168.3,169.69,1647405,277713100.1,shares,0
2025-09-10,169.25,169.78,165.48,167.7,168.3,1498670,250994643.31,shares,0
2025-09-11,167.4,180.0,165.0,175.88,167.7,3197738,554299950.93,shares,0
2025-09-12,180.0,188.5,178.19,180.77,175.88,3816047,701824020.82,shares,0
2025-09-15,183.0,185.0,174.5,174.64,180.77,2591216,459607180.92,shares,0
2025-09-16,174.52,181.0,173.0,176.81,174.64,2692152,477216992.15,shares,0
2025-09-17,176.79,189.6,174.5,188.07,176.81,3465844,638076414.48,shares,0
2025-09-18,188.0,202.0,186.02,191.1,188.07,4458742,865831926.4,shares,0
2025-09-19,192.13,197.48,187.06,187.6,191.1,2948260,566827244.35,shares,0
2025-09-22,187.7,192.05,185.55,188.78,187.6,1828933,345500753.95,shares,0
2025-09-23,205.0,214.97,196.97,207.7,188.78,4831121,994257737.86,shares,0
2025-09-24,206.44,228.99,204.02,219.0,207.7,6055632,1307760968.64,shares,0
2025-09-25,213.01,216.76,202.6,209.45,219.0,5162353,1072459585.92,shares,0
2025-09-26,205.49,213.5,203.32,204.6,209.45,3201446,666607867.31,shares,0
2025-09-29,204.55,209.9,202.93,209.03,204.6,2509135,521294688.47,shares,0
2025-09-30,209.35,215.89,207.33,208.3,209.03,2732238,576335651.61,shares,0
2025-10-09,209.99,223.5,205.0,209.72,208.3,4043274,858915697.6,shares,0
2025-10-10,203.9,209.5,196.36,198.69,209.72,3458898,698308612.05,shares,0
2025-10-13,189.72,203.88,189.61,202.62,198.69,3354654,667282337.18,shares,0
2025-10-14,202.2,204.0,185.3,186.9,202.62,3712265,720700147.81,shares,0
2025-10-15,185.84,192.92,184.83,190.32,186.9,2207264,417178079.69,shares,0
2025-10-16,188.89,192.98,186.7,188.32,190.32,1514920,286602291.64,shares,0
2025-10-17,186.1,188.71,180.01,180.06,188.32,1773629,324537109.87,shares,0
2025-10-20,182.0,184.5,178.34,180.4,180.06,1318699,239049604.86,shares,0
2025-10-21,181.2,185.9,178.92,185.7,180.4,1713612,314136526.09,shares,0
2025-10-22,184.2,193.0,182.86,190.0,185.7,2944383,561109322.52,shares,0
2025-10-23,187.75,191.0,184.33,188.2,190.0,1474506,276469508.23,shares,0
2025-10-24,191.0,193.68,188.36,192.63,188.2,2114372,405225899.18,shares,0
2025-10-27,196.12,199.8,192.0,198.01,192.63,2711667,531135272.56,shares,0
2025-10-28,196.8,213.56,195.6,208.04,198.01,4160959,861662287.8,shares,0
2025-10-29,209.76,220.97,206.01,217.0,208.04,3644399,775326759.66,shares,0
2025-10-30,216.5,219.8,207.0,208.12,217.0,3697570,785575083.39,shares,0
2025-10-31,208.82,210.0,199.76,200.05,208.12,2684219,545852031.29,shares,0
2025-11-03,190.1,191.0,181.2,189.22,200.05,3660773,683107096.02,shares,0
2025-11-04,188.6,190.37,184.05,186.54,189.22,1818150,340126378.58,shares,0
2025-11-05,184.0,187.29,181.03,184.22,186.54,1477541,271794712.56,shares,0
2025-11-06,186.98,190.0,184.0,188.63,184.22,2133683,399727185.79,shares,0
2025-11-07,187.0,189.29,185.05,185.3,188.63,1675614,312479349.46,shares,0
2025-11-10,185.08,186.5,177.11,178.31,185.3,3842395,696540215.21,shares,0
2025-11-11,180.06,185.77,177.07,178.44,178.31,2046260,370293163.69,shares,0
2025-11-12,176.96,180.7,174.01,177.8,178.44,1755382,311562914.69,shares,0
2025-11-13,176.94,178.68,174.86,177.05,177.8,1461860,258569172.89,shares,0
2025-11-14,177.0,179.88,174.0,174.11,177.05,1073572,189208195.98,shares,0
2025-11-17,175.03,176.37,171.0,172.32,174.11,1034805,179307108.68,shares,0
2025-11-18,174.0,175.8,170.01,172.19,172.32,1947126,337556735.53,shares,0
2025-11-19,172.96,174.88,171.3,172.25,172.19,1151473,199074808.02,shares,0
2025-11-20,175.0,175.6,170.31,170.61,172.25,1141952,196737232.46,shares,0
2025-11-21,168.3,170.8,164.1,165.0,170.61,1372506,229921353.25,shares,0
2025-11-24,164.71,167.58,162.92,165.26,165.0,2112280,348340008.25,shares,0
2025-11-25,166.74,171.15,165.0,165.16,165.26,2402045,404500704.61,shares,0
2025-11-26,165.16,169.67,164.47,166.33,165.16,1892575,316292714.45,shares,0
2025-11-27,166.4,171.56,166.4,166.97,166.33,2392957,404938443.44,shares,0
2025-11-28,166.64,173.0,164.8,170.3,166.97,2757136,467859938.27,shares,0
2025-12-01,171.49,177.83,168.64,177.47,170.3,2682256,466860116.41,shares,0
2025-12-02,176.04,177.89,172.7,173.62,177.47,1898302,330759659.16,shares,0
2025-12-03,174.49,177.47,173.17,174.55,173.62,1981212,346452627.0,shares,0
2025-12-04,173.98,181.5,170.32,177.15,174.55,2575634,453014888.59,shares,0
2025-12-05,176.0,178.91,171.75,174.04,177.15,2142739,372701986.39,shares,0
2025-12-08,174.5,179.5,173.08,178.98,174.04,1860694,329084866.31,shares,0
2025-12-09,177.32,180.74,176.11,177.52,178.98,1529243,272489753.74,shares,0
2025-12-10,176.0,177.9,170.0,174.7,177.52,2188496,379870451.98,shares,0
2025-12-11,174.7,177.02,173.25,173.5,174.7,1518125,265796252.67,shares,0
2025-12-12,172.64,180.14,171.01,178.9,173.5,2890613,510863018.21,shares,0
2025-12-15,176.11,178.44,171.67,172.0,178.9,2239103,388982944.73,shares,0
2025-12-16,172.5,174.9,167.0,169.5,172.0,1961277,333923902.8,shares,0
2025-12-17,169.5,177.88,169.1,176.94,169.5,2154596,374997870.46,shares,0
2025-12-18,175.99,177.37,171.91,172.66,176.94,1625023,283324169.16,shares,0
2025-12-19,174.03,174.8,170.25,171.0,172.66,1331898,229284339.68,shares,0
2025-12-22,171.5,184.5,171.5,180.73,171.0,2880092,519336581.33,shares,0
2025-12-23,181.51,191.95,180.0,185.6,180.73,2771527,517862846.82,shares,0
2025-12-24,186.26,189.2,183.54,188.0,185.6,1937622,361534826.11,shares,0
2025-12-25,187.68,197.88,186.1,193.46,188.0,3228272,622851711.77,shares,0
2025-12-26,191.8,194.76,189.11,190.0,193.46,1937925,370673558.05,shares,0
2025-12-29,189.81,192.95,187.67,188.8,190.0,1525675,289943579.93,shares,0
2025-12-30,189.96,197.99,188.5,191.99,188.8,2268415,438351038.52,shares,0
2025-12-31,194.19,195.5,189.58,190.2,191.99,1581701,303759789.85,shares,0
2026-01-05,191.91,194.95,189.0,192.65,190.2,3356412,642805868.95,shares,0
2026-01-06,191.11,206.46,191.11,199.38,192.65,3962904,794648609.93,shares,0
2026-01-07,205.0,210.95,200.01,209.66,199.38,4194988,868276967.33,shares,0
2026-01-08,209.17,219.43,207.9,210.69,209.66,3209035,681914331.68,shares,0
2026-01-09,208.31,215.99,204.38,209.35,210.69,3413567,710474065.23,shares,0
2026-01-12,209.68,224.8,208.33,224.0,209.35,3905125,851498468.16,shares,0
2026-01-13,224.0,228.59,214.2,216.1,224.0,3720585,816435132.7,shares,0
2026-01-14,216.66,231.55,212.61,224.0,216.1,4343861,966998507.87,shares,0
2026-01-15,222.97,229.59,217.0,228.65,224.0,2727539,609760025.24,shares,0
2026-01-16,231.25,242.68,231.02,240.03,228.65,4270288,1011820595.19,shares,0
2026-01-19,240.2,246.0,232.66,233.44,240.03,2883275,682480830.06,shares,0
2026-01-20,233.98,238.44,230.01,236.17,233.44,2285336,536558582.81,shares,0
2026-01-21,233.81,259.86,232.0,253.94,236.17,3981052,989264645.26,shares,0
2026-01-22,261.0,264.56,245.09,246.61,253.94,3364377,849959572.25,shares,0
2026-01-23,247.85,264.81,246.0,264.81,246.61,3728922,946686589.05,shares,0
2026-01-26,251.0,260.1,238.88,255.0,264.81,3965704,994125526.87,shares,0
2026-01-27,250.0,279.99,250.0,274.0,255.0,3835050,1026769450.79,shares,0
2026-01-28,276.0,278.5,268.19,269.72,274.0,3281635,893896913.07,shares,0
2026-01-29,271.0,279.79,264.0,268.39,269.72,3093543,837313341.09,shares,0
2026-01-30,263.59,312.89,261.98,301.27,268.39,4680496,1344743241.73,shares,0
2026-02-02,294.0,295.59,275.0,281.57,301.27,4220688,1195290753.54,shares,0
2026-02-03,287.0,307.88,286.9,296.95,281.57,4269993,1267818756.75,shares,0
2026-02-04,292.0,298.0,283.2,293.41,296.95,2756658,795778742.35,shares,0
2026-02-05,277.0,283.69,269.01,272.9,293.41,3688975,1012331796.43,shares,0
2026-02-06,272.15,278.47,267.03,267.21,272.9,3644281,988470574.85,shares,0
2026-02-09,275.97,284.75,275.4,282.37,267.21,3041762,852936250.49,shares,0
2026-02-10,288.8,312.55,288.8,307.73,282.37,4522406,1379789682.31,shares,0
2026-02-11,308.99,317.8,298.6,307.88,307.73,2616123,810872575.73,shares,0
2026-02-12,310.0,313.32,301.98,304.92,307.88,2409795,736445455.08,shares,0
2026-02-13,304.62,319.66,304.62,305.8,304.92,2917433,906839649.43,shares,0
2026-02-24,309.6,310.0,290.02,293.47,305.8,2453156,725118656.35,shares,0
2026-02-25,294.05,301.79,284.6,293.24,293.47,2843422,833517475.31,shares,0
2026-02-26,293.24,307.88,292.0,303.0,293.24,3041888,910138417.38,shares,0
2026-02-27,294.0,298.67,288.23,295.3,303.0,2005797,588791097.7,shares,0
2026-03-02,288.0,299.0,285.0,287.57,295.3,2932341,849711816.02,shares,0
2026-03-03,283.97,291.0,266.26,268.58,287.57,3507888,963872910.92,shares,0
2026-03-04,266.98,273.99,263.3,265.37,268.58,2091109,558380753.85,shares,0
2026-03-05,272.0,276.99,265.3,267.0,265.37,2597953,703184018.82,shares,0
2026-03-06,265.0,276.73,264.0,265.71,267.0,1643965,441090758.34,shares,0
2026-03-09,256.0,262.6,252.2,260.0,265.71,2344274,604995729.14,shares,0
2026-03-10,266.4,269.0,259.09,264.84,260.0,1881992,496845057.29,shares,0
2026-03-11,262.96,264.8,254.2,257.33,264.84,2057223,532023805.77,shares,0
2026-03-12,256.36,260.48,250.58,254.29,257.33,1634132,416676681.51,shares,0
2026-03-13,255.06,259.36,250.2,251.14,254.29,2168378,550428765.79,shares,0
2026-03-16,255.0,266.88,247.1,265.01,251.14,3286576,848088748.41,shares,0
2026-03-17,266.3,276.98,263.01,267.56,265.01,4101813,1107375253.24,shares,0
2026-03-18,268.18,274.97,262.0,269.98,267.56,2817883,757060301.92,shares,0
2026-03-19,266.38,273.65,259.0,266.5,269.98,2874197,766471326.23,shares,0
2026-03-20,271.53,277.75,267.32,270.0,266.5,2665529,729902771.89,shares,0
2026-03-23,266.6,268.0,256.11,258.97,270.0,2333752,611766895.59,shares,0
2026-03-24,263.0,268.28,255.02,266.88,258.97,2416380,634458951.94,shares,0
2026-03-25,270.0,277.82,264.01,267.5,266.88,2196339,593967636.09,shares,0
2026-03-26,263.63,266.41,257.63,260.56,267.5,1896109,496109689.41,shares,0
2026-03-27,258.21,273.73,255.8,268.47,260.56,2229740,595255327.62,shares,0
2026-03-30,267.66,285.99,263.29,282.97,268.47,3574068,989006768.49,shares,0
2026-03-31,280.14,282.1,261.49,262.8,282.97,4239482,1145744242.34,shares,0
2026-04-01,271.88,277.77,267.0,272.3,262.8,2690086,734802175.58,shares,0
2026-04-02,270.68,274.99,260.2,266.0,272.3,1993981,531245900.7,shares,0
2026-04-03,266.73,271.0,260.2,262.2,266.0,1227128,324345608.63,shares,0
2026-04-07,265.1,268.91,259.0,261.25,262.2,1572568,414117778.51,shares,0
2026-04-08,270.01,284.88,270.01,283.43,261.25,2428129,674679960.63,shares,0
2026-04-09,277.1,293.98,276.61,285.15,283.43,2217907,637835091.16,shares,0
2026-04-10,289.95,303.2,286.0,293.03,285.15,2447416,724042584.55,shares,0
2026-04-13,290.04,295.0,279.13,281.77,293.03,2257816,641634660.38,shares,0
2026-04-14,284.77,300.94,283.8,296.94,281.77,2503546,737093711.79,shares,0
2026-04-15,297.52,299.0,284.08,286.0,296.94,2125617,620107875.38,shares,0
2026-04-16,284.57,302.53,281.51,299.08,286.0,2578369,758481364.82,shares,0
2026-04-17,295.0,306.0,290.2,305.98,299.08,2515149,751153694.41,shares,0
2026-04-20,302.93,302.93,289.61,294.21,305.98,3105842,915643890.36,shares,0
2026-04-21,293.75,300.09,286.58,294.2,294.21,2269458,666492546.71,shares,0
2026-04-22,294.21,301.88,291.02,301.3,294.2,2287306,680414265.15,shares,0
2026-04-23,301.3,314.98,295.09,308.51,301.3,3575510,1092898990.91,shares,0
2026-04-24,318.0,332.99,305.0,308.6,308.51,5124627,1633793108.53,shares,0
2026-04-27,310.14,321.42,297.03,318.13,308.6,4000665,1250162013.05,shares,0
2026-04-28,319.67,331.98,311.0,324.02,318.13,3026794,978721520.53,shares,0
2026-04-29,313.46,337.76,308.6,335.04,324.02,4114101,1329447185.12,shares,0
2026-04-30,335.0,362.8,326.3,349.5,335.04,3963674,1371496059.87,shares,0
2026-05-06,356.49,373.88,341.58,347.0,349.5,3478183,1234758067.52,shares,0
2026-05-07,347.01,354.21,340.01,350.69,347.0,2772593,965126823.58,shares,0
2026-05-08,342.15,347.0,337.0,339.0,350.69,2297845,781892728.76,shares,0
2026-05-11,345.0,368.98,339.0,367.55,339.0,3383774,1204647344.38,shares,0
2026-05-12,362.61,389.0,356.8,373.6,367.55,2966049,1113480351.51,shares,0
2026-05-13,373.15,408.0,359.98,399.27,373.6,3294020,1267697828.6,shares,0
2026-05-14,400.63,408.79,391.66,397.0,399.27,2199031,879438683.66,shares,0
2026-05-15,398.21,419.88,382.3,412.0,397.0,3088527,1244630834.43,shares,0
2026-05-18,407.88,430.1,401.01,412.6,412.0,2781479,1163556149.1,shares,0
2026-05-19,411.28,435.0,391.68,433.3,412.6,2855667,1181978403.0,shares,0
2026-05-20,428.89,478.0,428.0,478.0,433.3,3189140,1454014266.11,shares,0
2026-05-21,495.0,499.97,426.16,432.0,478.0,4362225,2015012278.4,shares,0
2026-05-22,432.0,453.0,401.0,449.95,432.0,4952163,2065138555.49,shares,0
2026-05-25,433.0,477.86,418.0,462.5,449.95,4904404,2180668243.98,shares,0
2026-05-26,451.0,458.0,432.0,442.01,462.5,3580170,1578002627.78,shares,0
2026-05-27,435.0,437.0,406.66,409.33,442.01,4180148,1765630454.96,shares,0
2026-05-28,413.48,425.8,404.97,425.0,409.33,3252069,1356315040.34,shares,0
2026-05-29,417.35,423.89,392.0,398.04,425.0,3723377,1515184271.32,shares,0
2026-06-01,405.2,406.06,373.52,377.3,398.04,3769294,1452113089.29,shares,0
2026-06-02,382.96,386.38,367.79,373.46,377.3,3588743,1351772430.73,shares,0
2026-06-03,376.0,407.17,376.0,390.1,373.46,4244642,1663558564.43,shares,0
2026-06-04,388.0,444.44,388.0,441.0,390.1,4822441,2057819182.71,shares,0
2026-06-05,433.0,443.0,420.0,427.92,441.0,3351659,1444853990.87,shares,0
2026-06-08,418.0,445.0,415.08,437.1,427.92,3811328,1651597987.92,shares,0
2026-06-09,443.0,468.65,438.0,463.0,437.1,3420749,1552428529.95,shares,0
2026-06-10,456.0,480.0,448.04,467.46,463.0,3117053,1451013282.29,shares,0
2026-06-11,312.58,333.0,304.73,315.0,315.13,5190303,1641259181.25,shares,0
2026-06-12,327.96,335.74,293.92,299.98,315.0,8389128,2609821878.7,shares,0
2026-06-15,299.0,309.58,287.78,298.0,299.98,7218461,2160880559.3,shares,0
2026-06-16,304.98,323.33,301.9,316.99,298.0,5762825,1813818366.42,shares,0
2026-06-17,311.0,375.0,309.33,363.82,316.99,8607047,2892965816.96,shares,0
2026-06-18,365.0,378.85,356.0,375.0,363.82,6361140,2338414931.76,shares,0
2026-06-22,378.02,417.56,378.02,407.9,375.0,7214880,2879718203.04,shares,0
2026-06-23,405.0,442.88,405.0,424.15,407.9,5608343,2361467006.0,shares,0
2026-06-24,408.01,448.0,408.01,439.0,424.15,5568471,2402220923.94,shares,0
2026-06-25,447.98,465.0,435.0,454.74,439.0,4948768,2226526874.68,shares,0
2026-06-26,451.0,475.0,446.0,469.1,454.74,4249651,1968249001.77,shares,0
2026-06-29,470.5,539.45,470.5,531.2,469.1,6584620,3278021236.97,shares,0
2026-06-30,525.89,540.0,495.6,525.1,531.2,5997545,3110590568.79,shares,0
2026-07-01,527.68,570.0,507.9,529.85,525.1,5833442,3125166009.74,shares,0
2026-07-02,499.98,513.0,439.0,450.0,529.85,8919400,4211977561.27,shares,0
2026-07-03,448.0,480.68,421.07,464.0,450.0,8068957,3655096593.52,shares,0
2026-07-06,466.0,474.91,426.0,443.4,464.0,6637645,2979411475.13,shares,0
2026-07-07,443.5,483.75,430.05,463.28,443.4,7197057,3298524770.65,shares,0
2026-07-08,472.55,529.98,460.0,498.76,463.28,8116938,4007625158.78,shares,0
2026-07-09,510.0,544.77,490.03,543.0,498.76,6194345,3192603802.65,shares,0
2026-07-10,535.0,564.65,501.0,505.0,543.0,6245590,3395409059.54,shares,0
2026-07-13,490.0,532.23,483.0,489.0,505.0,6124457,3112315428.49,shares,0
2026-07-14,496.89,531.29,475.12,501.0,489.0,7790031,3915956871.15,shares,0
2026-07-15,508.0,508.0,440.05,447.0,501.0,8622634,3953962975.25,shares,0
2026-07-16,445.65,451.14,416.0,422.0,447.0,5934511,2570451091.97,shares,0
2026-07-17,420.0,422.0,370.0,372.91,422.0,7908333,3103337072.55,shares,0
2026-07-20,391.56,395.0,340.03,353.06,372.91,7528199,2756971030.79,shares,0
2026-07-21,361.89,408.88,328.15,406.96,353.06,8798846,3310626578.08,shares,0
2026-07-22,406.0,415.0,366.03,369.0,406.96,9545825,3711167203.09,shares,0
2026-07-23,378.22,380.22,351.74,359.75,369.0,5911370,2153179760.32,shares,0
2026-07-24,357.96,376.99,345.01,368.0,359.75,5900716,2151522611.57,shares,0
2026-07-27,368.0,396.66,351.74,385.58,368.0,6677421,2532507798.86,shares,0
2026-07-28,385.58,392.0,352.0,355.9,385.58,5883452,2178207529.64,shares,0
2026-07-29,359.25,376.43,335.35,360.82,355.9,7129298,2536696231.61,shares,0
2026-07-30,357.06,370.0,332.0,336.0,360.82,7385026,2564798506.09,shares,0
2026-07-31,370.0,386.94,357.0,357.67,336.0,7159073,2659130486.14,shares,0
2026-08-03,354.5,360.0,307.0,319.88,357.67,8786582,2876214158.09,shares,0
2026-08-04,320.0,351.5,318.29,344.98,319.88,5955171,2012841332.95,shares,0
2026-08-05,347.61,383.36,340.0,375.42,344.98,7667682,2828899053.94,shares,0
2026-08-06,368.24,405.0,365.0,395.15,375.42,6545003,2535996928.4,shares,0
2026-08-07,395.0,410.89,385.0,408.47,395.15,4643276,1859304693.01,shares,0
2026-08-10,409.28,428.88,400.0,422.1,408.47,4471594,1859000026.5,shares,0
2026-08-11,425.0,425.0,399.01,416.3,422.1,4118454,1695509312.69,shares,0
2026-08-12,416.0,421.99,401.39,410.14,416.3,3777400,1559063469.76,shares,0
2026-08-13,415.91,434.74,406.0,415.01,410.14,4253524,1805939803.7,shares,0
2026-08-14,415.0,420.63,393.43,408.0,415.01,4292119,1733261338.88,shares,0
2026-08-17,415.47,440.66,405.0,437.1,408.0,4250880,1811975139.05,shares,0
2026-08-18,437.79,441.45,425.1,437.9,437.1,3258962,1411592408.41,shares,0
2026-08-19,425.11,435.7,396.01,406.93,437.9,4467885,1849694030.62,shares,0
2026-08-20,410.36,430.56,406.99,415.6,406.93,3536211,1482456579.8,shares,0
2026-08-21,418.09,418.09,402.2,412.52,415.6,2577186,1057649578.05,shares,0
2026-08-24,414.0,423.0,391.0,405.99,412.52,3994880,1624097187.12,shares,0
2026-08-25,404.4,404.41,372.01,382.73,405.99,5802244,2214504881.38,shares,0
2026-08-26,381.81,393.05,375.28,381.41,382.73,3645375,1399274582.59,shares,0
2026-08-27,386.4,402.0,379.01,400.0,381.41,3335072,1312625924.77,shares,0
2026-08-28,400.0,404.54,387.1,389.03,400.0,2920785,1151820702.85,shares,0
2026-08-31,385.0,404.26,373.2,396.08,389.03,4922642,1910055136.9,shares,0
2026-09-01,396.08,399.6,382.0,388.8,396.08,3396026,1327277724.75,shares,0
2026-09-02,389.38,389.38,374.0,381.45,388.8,2651733,1012215186.68,shares,0
2026-09-03,387.0,387.5,368.27,373.6,381.45,2324157,873866204.69,shares,0
2026-09-04,376.83,380.0,352.3,354.71,373.6,3707072,1354723080.8,shares,0
2026-09-07,360.8,380.96,358.0,379.81,354.71,3837497,1428421174.15,shares,0
2026-09-08,379.82,383.77,352.04,360.06,379.81,5143388,1870723648.59,shares,0
2026-09-09,363.2,369.99,351.58,353.99,360.06,3939905,1409619009.67,shares,0
2026-09-10,349.3,360.86,346.98,355.55,353.99,2632614,933132737.94,shares,0
2026-09-11,353.88,353.88,334.99,349.11,355.55,3464925,1198819740.12,shares,0
2026-09-14,346.8,351.3,341.02,346.52,349.11,2933906,1015003662.62,shares,0
2026-09-15,347.26,364.98,345.0,354.7,346.52,3180615,1127963012.47,shares,0
2026-09-16,355.0,369.82,348.27,362.0,354.7,5050441,1818522046.4,shares,0
2026-09-17,361.99,365.0,352.66,356.71,362.0,3236892,1162065753.76,shares,0
2026-09-18,363.0,411.0,361.2,407.93,356.71,7910980,3079333522.39,shares,0
2026-09-21,407.0,411.66,393.33,398.38,407.93,5857238,2343034498.24,shares,0
2026-09-22,401.68,407.68,382.0,389.59,398.38,5558584,2183816411.82,shares,0
2026-09-23,392.99,405.8,385.08,397.32,389.59,3565043,1420305087.35,shares,0
2026-09-24,391.84,409.5,384.87,398.08,397.32,4835539,1935951110.55,shares,0
