date,open,high,low,close,preclose,volume,amount,volume_unit,special_treatment
2019-11-15,43.0,45.0,40.01,44.0,27.28,14244948,599049511.0,shares,0
2019-11-18,40.8,41.0,36.76,37.46,44.0,8179204,315057999.0,shares,0
2019-11-19,37.0,38.01,35.99,36.99,37.46,6030472,222403174.0,shares,0
2019-11-20,36.47,36.47,34.0,34.55,36.99,6037490,213297854.0,shares,0
2019-11-21,34.16,35.48,33.33,34.0,34.55,4449505,151690327.0,shares,0
2019-11-22,33.88,34.35,32.05,32.1,34.0,4358306,144449742.0,shares,0
2019-11-25,32.2,32.45,30.55,31.02,32.1,3622282,112939525.0,shares,0
2019-11-26,31.03,31.31,30.55,30.83,31.02,2057330,63393795.0,shares,0
2019-11-27,30.82,31.33,30.4,31.07,30.83,2320306,71767835.0,shares,0
2019-11-28,30.95,32.0,30.83,31.08,31.07,2455306,76985028.0,shares,0
2019-11-29,31.2,31.71,30.87,31.44,31.08,2011400,62867092.0,shares,0
2019-12-02,31.88,33.4,31.78,32.01,31.44,4341706,141235148.0,shares,0
2019-12-03,32.0,32.0,29.99,31.5,32.01,3327782,102995133.0,shares,0
2019-12-04,31.0,31.47,30.56,30.9,31.5,1324966,41107809.0,shares,0
2019-12-05,30.98,31.24,30.65,31.08,30.9,1574983,48764198.0,shares,0
2019-12-06,31.03,31.55,30.95,31.3,31.08,1644757,51389345.0,shares,0
2019-12-09,31.38,31.98,30.91,31.8,31.3,2226239,69989155.0,shares,0
2019-12-10,31.65,33.9,31.5,32.83,31.8,4947391,163422579.0,shares,0
2019-12-11,32.4,33.3,32.29,32.3,32.83,2102440,68648757.0,shares,0
2019-12-12,32.5,33.25,32.4,32.52,32.3,1856136,60988646.0,shares,0
2019-12-13,32.57,32.95,31.92,32.25,32.52,1673754,53947314.0,shares,0
2019-12-16,33.0,34.46,32.96,34.07,32.25,3837303,130142213.0,shares,0
2019-12-17,33.84,34.86,33.69,34.69,34.07,2968703,102196763.0,shares,0
2019-12-18,34.74,36.0,34.74,35.19,34.69,2773861,98281293.0,shares,0
2019-12-19,35.6,36.33,34.92,35.87,35.19,2666309,95204077.0,shares,0
2019-12-20,35.89,39.3,35.68,38.75,35.87,4505846,169248388.0,shares,0
2019-12-23,39.8,42.38,38.18,38.92,38.75,4921610,198868291.0,shares,0
2019-12-24,39.05,44.3,38.6,43.85,38.92,4085517,168842256.0,shares,0
2019-12-25,42.5,46.98,41.6,46.03,43.85,4320350,190082653.0,shares,0
2019-12-26,45.6,46.68,43.9,44.65,46.03,2804423,126705584.0,shares,0
2019-12-27,44.71,45.31,42.03,42.77,44.65,2536673,109796535.0,shares,0
2019-12-30,43.3,43.3,40.01,42.36,42.77,2236999,93846380.0,shares,0
2019-12-31,42.39,45.86,42.23,45.45,42.36,2387684,106070593.0,shares,0
2020-01-02,46.0,53.5,44.69,50.18,45.45,2902519,137772881.0,shares,0
2020-01-03,49.0,58.31,49.0,56.89,50.18,3536248,192706142.0,shares,0
2020-01-06,55.0,56.88,52.0,53.89,56.89,2488962,135019211.0,shares,0
2020-01-07,53.29,57.25,53.29,54.28,53.89,2367078,130449281.0,shares,0
2020-01-08,53.52,53.64,50.86,52.62,54.28,2442418,126789432.0,shares,0
2020-01-09,52.56,55.44,52.55,53.3,52.62,2379602,128613155.0,shares,0
2020-01-10,53.3,53.76,50.88,52.13,53.3,1682876,87165467.0,shares,0
2020-01-13,51.63,54.28,50.5,53.78,52.13,1868214,98273049.0,shares,0
2020-01-14,53.88,54.5,52.13,53.44,53.78,1789043,95450084.0,shares,0
2020-01-15,53.71,55.3,50.57,51.1,53.44,2321336,122784705.0,shares,0
2020-01-16,50.0,54.26,49.65,53.26,51.1,2850437,148930400.0,shares,0
2020-01-17,52.31,56.37,52.22,56.05,53.26,2647585,144680518.0,shares,0
2020-01-20,55.99,59.87,53.51,57.27,56.05,2225099,125130610.0,shares,0
2020-01-21,56.55,56.99,53.03,53.33,57.27,1713699,93837701.0,shares,0
2020-01-22,53.33,55.87,51.32,55.32,53.33,1329439,71951569.0,shares,0
2020-01-23,55.42,55.85,49.95,50.21,55.32,1681344,88028065.0,shares,0
2020-02-03,40.75,46.8,40.75,44.0,50.21,2226906,98609109.0,shares,0
2020-02-04,44.01,48.66,44.01,48.46,44.0,1168806,55672389.0,shares,0
2020-02-05,48.46,51.8,47.52,49.17,48.46,1647678,82800881.0,shares,0
2020-02-06,48.2,50.85,48.2,50.68,49.17,1034779,51742645.0,shares,0
2020-02-07,50.3,55.2,49.84,54.5,50.68,1628854,84615750.0,shares,0
2020-02-10,54.73,55.95,52.51,53.34,54.5,1400151,75201517.0,shares,0
2020-02-11,53.1,53.4,50.06,50.6,53.34,1393377,71406635.0,shares,0
2020-02-12,50.41,52.99,49.8,52.3,50.6,1409984,72548322.0,shares,0
2020-02-13,52.57,58.88,51.3,56.99,52.3,2975346,164642097.0,shares,0
2020-02-14,56.06,61.61,55.05,58.48,56.99,2883617,168397633.0,shares,0
2020-02-17,59.09,60.58,57.29,60.0,58.48,2118230,125660186.0,shares,0
2020-02-18,60.65,72.0,57.6,70.39,60.0,4754091,300438050.0,shares,0
2020-02-19,66.55,67.8,62.8,64.45,70.39,3384160,222373851.0,shares,0
2020-02-20,64.75,66.38,60.2,61.86,64.45,2340640,146633395.0,shares,0
2020-02-21,62.7,64.88,62.01,63.05,61.86,2060464,130783784.0,shares,0
2020-02-24,65.07,70.89,62.88,69.5,63.05,2801779,187782503.0,shares,0
2020-02-25,66.0,70.33,64.3,68.46,69.5,2899347,196436148.0,shares,0
2020-02-26,66.09,68.09,60.0,62.86,68.46,2342402,148703188.0,shares,0
2020-02-27,62.94,62.94,58.8,59.03,62.86,1814739,110091548.0,shares,0
2020-02-28,56.3,58.66,53.86,54.21,59.03,1831847,101581214.0,shares,0
2020-03-02,55.48,58.8,54.49,57.94,54.21,1478652,84320979.0,shares,0
2020-03-03,59.68,60.99,56.36,57.0,57.94,1877684,110869112.0,shares,0
2020-03-04,57.48,58.96,54.72,55.72,57.0,1325779,75215382.0,shares,0
2020-03-05,57.99,59.0,56.99,57.99,55.72,1894367,109521187.0,shares,0
2020-03-06,56.27,59.35,55.5,58.87,57.99,1282864,74525133.0,shares,0
2020-03-09,57.0,58.27,55.6,56.39,58.87,1056448,59625888.0,shares,0
2020-03-10,55.2,58.96,53.37,58.88,56.39,1275278,71957463.0,shares,0
2020-03-11,59.0,60.47,56.7,57.27,58.88,1069711,62993694.0,shares,0
2020-03-12,54.98,56.79,54.5,55.6,57.27,741998,41085089.0,shares,0
2020-03-13,52.8,57.77,51.28,55.84,55.6,1009684,55241987.0,shares,0
2020-03-16,56.67,56.69,52.05,53.2,55.84,972372,52788310.0,shares,0
2020-03-17,53.58,54.85,50.33,50.8,53.2,1068771,55230902.0,shares,0
2020-03-18,51.0,52.93,49.2,49.2,50.8,741167,38140589.0,shares,0
2020-03-19,48.66,51.25,48.66,50.79,49.2,883673,44074516.0,shares,0
2020-03-20,50.99,54.3,50.82,53.29,50.79,1208955,63797814.0,shares,0
2020-03-23,51.99,52.83,49.57,50.51,53.29,765487,39092935.0,shares,0
2020-03-24,52.39,52.39,49.61,51.25,50.51,577377,29475466.0,shares,0
2020-03-25,52.5,53.6,52.0,52.13,51.25,552536,29166721.0,shares,0
2020-03-26,51.66,52.21,50.2,50.62,52.13,455840,23173227.0,shares,0
2020-03-27,51.46,51.86,48.51,48.65,50.62,592176,29705392.0,shares,0
2020-03-30,48.69,48.69,44.37,45.85,48.65,750587,34284549.0,shares,0
2020-03-31,46.05,46.64,44.8,45.45,45.85,431212,19646124.0,shares,0
2020-04-01,45.59,46.03,43.96,45.3,45.45,439665,19868915.0,shares,0
2020-04-02,44.7,47.88,44.7,47.82,45.3,441317,20452318.0,shares,0
2020-04-03,47.69,47.69,45.9,46.0,47.82,407596,18993008.0,shares,0
2020-04-07,47.8,48.28,46.71,47.5,46.0,360517,17088193.0,shares,0
2020-04-08,47.06,48.16,46.8,47.59,47.5,258925,12308367.0,shares,0
2020-04-09,47.94,47.94,47.21,47.24,47.59,217924,10328516.0,shares,0
2020-04-10,47.39,47.39,45.26,45.26,47.24,379479,17399498.0,shares,0
2020-04-13,45.0,45.0,43.5,44.8,45.26,236496,10480874.0,shares,0
2020-04-14,44.94,46.01,44.94,46.01,44.8,173627,7936056.0,shares,0
2020-04-15,46.05,47.87,46.05,46.88,46.01,392912,18568753.0,shares,0
2020-04-16,46.7,47.22,45.97,47.01,46.88,144865,6772784.0,shares,0
2020-04-17,48.0,51.88,48.0,48.56,47.01,1180207,59036422.0,shares,0
2020-04-20,48.54,50.2,48.24,49.91,48.56,453697,22336551.0,shares,0
2020-04-21,49.33,49.73,47.34,47.51,49.91,549649,26398663.0,shares,0
2020-04-22,47.6,48.95,47.16,48.36,47.51,562512,27067268.0,shares,0
2020-04-23,48.44,50.0,48.14,49.0,48.36,872834,42943996.0,shares,0
2020-04-24,49.01,50.44,47.95,48.8,49.0,702754,34542191.0,shares,0
2020-04-27,48.42,49.61,48.01,48.9,48.8,458117,22419285.0,shares,0
2020-04-28,48.98,49.9,45.04,47.12,48.9,939158,44012013.0,shares,0
2020-04-29,48.44,51.0,47.69,50.29,47.12,969551,48244752.0,shares,0
2020-04-30,50.48,56.4,50.48,55.42,50.29,1356723,73106638.0,shares,0
2020-05-06,55.45,58.74,54.32,58.05,55.42,1462043,83367221.0,shares,0
2020-05-07,57.25,59.5,55.56,56.02,58.05,1142804,64917745.0,shares,0
2020-05-08,56.12,57.69,55.88,55.93,56.02,1009794,56946647.0,shares,0
2020-05-11,55.8,56.82,53.84,54.09,55.93,1187707,65562623.0,shares,0
2020-05-12,54.56,55.99,53.48,55.99,54.09,730498,39997441.0,shares,0
2020-05-13,55.74,56.49,54.81,55.81,55.99,643270,35865659.0,shares,0
2020-05-14,55.32,58.44,55.3,56.22,55.81,1082565,61854879.0,shares,0
2020-05-15,55.82,58.47,55.51,57.7,56.22,1303622,74278197.0,shares,0
2020-05-18,58.0,58.98,54.8,55.0,57.7,1436580,80935758.0,shares,0
2020-05-19,56.33,56.34,54.89,55.7,55.0,1210811,67394166.0,shares,0
2020-05-20,55.8,57.75,55.02,55.3,55.7,1557070,87673045.0,shares,0
2020-05-21,55.31,55.8,52.25,52.49,55.3,1114130,59717417.0,shares,0
2020-05-22,52.02,52.92,49.22,50.03,52.49,895368,45353579.0,shares,0
2020-05-25,49.32,50.26,48.23,49.1,50.03,706350,34667192.0,shares,0
2020-05-26,49.1,50.73,49.04,50.73,49.1,794242,39737149.0,shares,0
2020-05-27,52.0,52.0,48.83,49.39,50.73,1169889,58692637.0,shares,0
2020-05-28,48.7,49.7,47.0,49.68,49.39,1203648,58178325.0,shares,0
2020-05-29,49.5,50.7,49.0,50.11,49.68,809239,40536884.0,shares,0
2020-06-01,50.36,54.44,50.36,53.92,50.11,1415026,74790827.0,shares,0
2020-06-02,53.96,55.7,53.23,54.73,53.92,1299428,70962247.0,shares,0
2020-06-03,54.94,55.67,53.73,53.88,54.73,1214087,66448507.0,shares,0
2020-06-04,53.99,56.89,53.62,56.2,53.88,1463438,81546014.0,shares,0
2020-06-05,56.8,61.88,56.8,60.0,56.2,2476629,147578473.0,shares,0
2020-06-08,59.89,59.98,57.02,57.78,60.0,2013994,117798478.0,shares,0
2020-06-09,57.81,57.99,55.88,56.9,57.78,1232780,70037315.0,shares,0
2020-06-10,56.9,56.9,55.28,56.73,56.9,822235,46097183.0,shares,0
2020-06-11,56.73,58.77,56.04,56.06,56.73,1068488,61318603.0,shares,0
2020-06-12,54.83,55.78,54.22,54.76,56.06,838526,46079142.0,shares,0
2020-06-15,54.21,55.5,54.0,54.0,54.76,825461,45132926.0,shares,0
2020-06-16,54.5,57.98,54.5,57.98,54.0,1402828,79662921.0,shares,0
2020-06-17,57.98,58.85,57.0,57.78,57.98,1387607,80308895.0,shares,0
2020-06-18,58.5,63.94,57.57,61.31,57.78,2553514,155632876.0,shares,0
2020-06-19,61.8,64.88,60.66,62.11,61.31,1961219,123250510.0,shares,0
2020-06-22,63.3,63.88,61.3,62.59,62.11,1392460,87012235.0,shares,0
2020-06-23,62.6,66.05,62.0,65.6,62.59,1852453,118429229.0,shares,0
2020-06-24,64.83,67.2,64.09,64.56,65.1,1170754,76229745.0,shares,0
2020-06-29,64.8,68.8,64.06,67.32,64.56,1421058,94336461.0,shares,0
2020-06-30,67.81,71.7,66.93,68.78,67.32,1532182,105777404.0,shares,0
2020-07-01,69.8,70.83,68.09,70.6,68.78,1342899,93401323.0,shares,0
2020-07-02,70.57,77.8,70.01,77.3,70.6,2092326,157415578.0,shares,0
2020-07-03,76.45,76.47,70.3,72.68,77.3,2089251,153412846.0,shares,0
2020-07-06,72.59,75.84,72.49,74.15,72.68,2054884,152042584.0,shares,0
2020-07-07,75.0,78.38,74.01,75.67,74.15,1706589,130251031.0,shares,0
2020-07-08,75.06,76.87,73.43,74.34,75.67,1595060,118694728.0,shares,0
2020-07-09,74.58,76.5,73.21,74.98,74.34,1974338,147869344.0,shares,0
2020-07-10,73.64,79.7,73.64,76.71,74.98,1754668,134632343.0,shares,0
2020-07-13,76.44,81.93,76.2,81.72,76.71,1644045,131582454.0,shares,0
2020-07-14,81.72,84.77,74.51,78.2,81.72,2382727,187986137.0,shares,0
2020-07-15,78.11,78.29,72.04,73.15,78.2,1568028,117876457.0,shares,0
2020-07-16,72.59,75.33,64.31,65.65,73.15,2052330,142741180.0,shares,0
2020-07-17,66.42,68.0,64.58,67.0,65.65,1035673,68914948.0,shares,0
2020-07-20,68.27,68.27,64.78,67.6,67.0,805714,53472135.0,shares,0
2020-07-21,68.88,68.88,67.04,68.49,67.6,751714,50920567.0,shares,0
2020-07-22,68.0,69.68,66.61,68.1,68.49,991812,67606498.0,shares,0
2020-07-23,67.12,67.94,63.01,64.8,68.1,1601199,103722628.21,shares,0
2020-07-24,64.02,64.03,57.69,58.0,64.8,1941760,118046461.0,shares,0
2020-07-27,58.12,60.0,56.0,59.94,58.0,1112691,65181899.0,shares,0
2020-07-28,59.92,61.22,59.14,61.07,59.94,629497,38075484.0,shares,0
2020-07-29,61.07,62.86,60.46,62.74,61.07,870313,53830928.0,shares,0
2020-07-30,62.45,63.96,62.02,63.79,62.74,794575,50064555.37,shares,0
2020-07-31,63.5,66.25,63.1,64.9,63.79,1213070,78661590.0,shares,0
2020-08-03,65.97,67.28,64.41,66.45,64.9,1503670,99246126.0,shares,0
2020-08-04,66.3,67.19,63.01,64.0,66.45,1262910,81547142.0,shares,0
2020-08-05,64.8,67.94,63.11,66.52,64.0,1531684,100067703.15,shares,0
2020-08-06,66.18,67.4,64.14,66.0,66.52,1078194,70822551.49,shares,0
2020-08-07,65.81,66.5,63.88,65.0,66.0,822455,53327502.0,shares,0
2020-08-10,65.0,65.29,62.59,64.48,65.0,641132,40830073.0,shares,0
2020-08-11,65.0,65.0,59.8,60.37,64.48,2083990,127422395.0,shares,0
2020-08-12,59.63,61.55,56.7,61.29,60.37,1507452,88522125.0,shares,0
2020-08-13,60.94,61.53,60.12,60.32,61.29,450104,27408006.0,shares,0
2020-08-14,61.93,61.93,58.32,61.06,60.32,910650,54461873.0,shares,0
2020-08-17,61.25,62.44,60.23,61.99,61.06,725892,44541572.0,shares,0
2020-08-18,60.47,63.22,60.47,62.5,61.99,723260,45087936.77,shares,0
2020-08-19,62.5,64.48,61.08,62.3,62.5,1025312,64597124.0,shares,0
2020-08-20,62.05,62.75,61.05,61.61,62.3,414798,25542625.73,shares,0
2020-08-21,61.94,62.56,61.04,61.17,61.61,437503,26929742.02,shares,0
2020-08-24,61.58,61.58,59.05,60.33,61.17,527704,31808360.46,shares,0
2020-08-25,60.79,60.93,59.2,60.12,60.33,541930,32482190.0,shares,0
2020-08-26,60.31,60.31,55.67,55.91,60.12,1234794,70805726.0,shares,0
2020-08-27,56.0,57.8,55.57,57.54,55.91,745222,42379408.61,shares,0
2020-08-28,57.38,57.47,56.21,57.47,57.54,517533,29427398.0,shares,0
2020-08-31,57.6,58.78,57.27,57.49,57.47,638197,37046325.0,shares,0
2020-09-01,57.02,57.48,56.06,56.65,57.49,358526,20310138.0,shares,0
2020-09-02,57.2,57.2,55.68,56.22,56.65,385624,21628715.0,shares,0
2020-09-03,56.08,57.2,55.01,55.77,56.22,356079,19721954.61,shares,0
2020-09-04,54.7,55.88,53.2,55.52,55.77,514911,28084581.81,shares,0
2020-09-07,55.8,56.43,54.84,55.24,55.52,323384,18034434.0,shares,0
2020-09-08,55.02,55.48,53.2,53.99,55.24,340055,18327260.0,shares,0
2020-09-09,53.9,54.7,51.28,53.65,53.99,508383,27010106.0,shares,0
2020-09-10,54.0,55.14,53.0,53.32,53.65,466949,25260793.0,shares,0
2020-09-11,53.01,54.9,51.8,54.75,53.32,410676,22032870.0,shares,0
2020-09-14,55.61,57.24,54.9,56.68,54.75,817158,46304668.91,shares,0
2020-09-15,56.67,56.99,55.26,55.55,56.68,463057,25790149.0,shares,0
2020-09-16,55.22,55.67,52.39,53.2,55.55,1031006,55022033.0,shares,0
2020-09-17,53.01,55.68,51.87,54.88,53.2,814181,43876555.0,shares,0
2020-09-18,55.21,56.04,54.64,55.32,54.88,541476,29933009.0,shares,0
2020-09-21,55.47,56.5,54.53,55.11,55.32,476528,26378822.51,shares,0
2020-09-22,55.0,55.0,52.66,52.9,55.11,586119,31491461.94,shares,0
2020-09-23,52.81,55.66,52.81,53.35,52.9,694045,37738962.0,shares,0
2020-09-24,53.31,53.31,51.37,51.88,53.35,667992,34654459.0,shares,0
2020-09-25,51.88,52.18,50.31,50.6,51.88,667486,34183678.96,shares,0
2020-09-28,51.0,51.3,50.01,50.21,50.6,276108,13970213.0,shares,0
2020-09-29,50.3,51.4,50.05,50.98,50.21,270895,13792979.49,shares,0
2020-09-30,51.28,52.47,50.37,51.02,50.98,347650,17869519.0,shares,0
2020-10-09,51.49,52.75,51.47,52.49,51.02,389663,20358423.98,shares,0
2020-10-12,52.73,54.2,52.73,53.95,52.49,464540,24886468.96,shares,0
2020-10-13,53.8,54.74,53.65,54.43,53.95,437141,23724153.0,shares,0
2020-10-14,54.25,54.51,53.3,53.5,54.43,368018,19733667.72,shares,0
2020-10-15,53.5,53.88,52.8,53.29,53.5,263691,14043422.78,shares,0
2020-10-16,53.45,53.45,51.7,52.15,53.29,332428,17381209.68,shares,0
2020-10-19,52.8,52.8,50.5,50.7,52.15,367727,18941792.0,shares,0
2020-10-20,51.09,51.09,49.71,50.5,50.7,457353,22968825.0,shares,0
2020-10-21,50.99,52.59,50.57,51.18,50.5,645238,33080243.0,shares,0
2020-10-22,50.81,52.84,49.22,52.39,51.18,954992,49233190.09,shares,0
2020-10-23,52.56,54.26,51.77,53.1,52.39,994199,52858084.07,shares,0
2020-10-26,54.0,54.68,52.31,54.44,53.1,986514,53080905.0,shares,0
2020-10-27,54.38,54.82,53.81,54.23,54.44,628486,34079899.59,shares,0
2020-10-28,54.39,55.9,53.91,54.47,54.23,918191,50504620.61,shares,0
2020-10-29,53.63,54.49,52.8,53.7,54.47,760062,40691657.0,shares,0
2020-10-30,53.99,54.5,51.81,52.01,53.7,708264,37630680.0,shares,0
2020-11-02,52.5,52.5,50.01,50.1,52.01,756056,38610987.3,shares,0
2020-11-03,50.48,53.3,50.07,52.8,50.1,685359,35618262.35,shares,0
2020-11-04,53.59,53.59,51.31,52.98,52.8,571601,29891510.99,shares,0
2020-11-05,54.63,54.66,52.9,53.92,52.98,639029,34347711.56,shares,0
2020-11-06,54.38,54.7,53.33,54.0,53.92,496181,26785234.94,shares,0
2020-11-09,54.0,55.77,52.6,55.6,54.0,874301,48037660.71,shares,0
2020-11-10,55.83,55.83,51.77,52.09,55.6,1085683,58030896.95,shares,0
2020-11-11,52.15,52.29,49.33,49.39,52.09,951930,47837091.02,shares,0
2020-11-12,49.58,50.25,47.81,47.97,49.39,707995,34403291.53,shares,0
2020-11-13,47.8,48.33,46.68,47.12,47.97,683769,32464289.9,shares,0
2020-11-16,47.8,53.0,47.8,52.86,47.12,1563573,79282377.84,shares,0
2020-11-17,52.5,53.36,50.45,51.57,52.86,1031738,53246682.68,shares,0
2020-11-18,52.28,52.28,50.71,51.5,51.57,484392,24882251.51,shares,0
2020-11-19,51.31,51.98,49.67,49.9,51.5,733091,37102374.84,shares,0
2020-11-20,49.41,51.87,49.41,50.18,49.9,779537,39652705.72,shares,0
2020-11-23,50.18,50.18,48.37,49.13,50.18,713886,35030106.73,shares,0
2020-11-24,49.42,51.38,48.66,50.48,49.13,668571,33298959.65,shares,0
2020-11-25,50.13,52.26,50.13,50.52,50.48,970999,49439435.67,shares,0
2020-11-26,51.0,51.0,49.06,49.2,50.52,462902,23068660.27,shares,0
2020-11-27,49.06,49.26,48.33,49.03,49.2,366955,17914915.54,shares,0
2020-11-30,49.3,49.7,48.73,49.13,49.03,392122,19330671.82,shares,0
2020-12-01,49.13,51.48,48.73,51.05,49.13,605540,30626938.17,shares,0
2020-12-02,50.98,51.8,50.71,50.78,51.05,381512,19528069.18,shares,0
2020-12-03,51.43,51.43,50.05,50.55,50.78,487402,24664951.37,shares,0
2020-12-04,50.55,53.8,50.28,53.69,50.55,1412769,74204907.3,shares,0
2020-12-07,53.7,55.59,53.7,54.67,53.69,1329851,72857154.1,shares,0
2020-12-08,54.77,56.47,54.02,54.37,54.67,1114644,61672386.8,shares,0
2020-12-09,54.35,55.19,52.52,52.83,54.37,1125892,60390481.57,shares,0
2020-12-10,52.95,53.3,52.1,52.1,52.83,689743,36249690.28,shares,0
2020-12-11,52.18,52.59,49.8,50.3,52.1,793123,40467290.59,shares,0
2020-12-14,50.8,50.94,49.63,50.4,50.3,740261,37226994.16,shares,0
2020-12-15,50.77,50.9,49.2,49.5,50.4,821122,40771103.1,shares,0
2020-12-16,49.8,49.94,47.34,47.6,49.5,907834,43844997.21,shares,0
2020-12-17,47.46,48.5,47.0,48.36,47.6,517935,24904604.06,shares,0
2020-12-18,48.6,48.77,47.1,47.31,48.36,615782,29415358.96,shares,0
2020-12-21,47.27,49.16,47.2,49.0,47.31,575754,27881666.55,shares,0
2020-12-22,49.0,49.38,47.76,48.05,49.0,856402,41567426.0,shares,0
2020-12-23,48.01,48.33,46.72,47.02,48.05,649454,30715227.35,shares,0
2020-12-24,46.87,47.19,44.8,45.23,47.02,723761,33186657.44,shares,0
2020-12-25,45.06,45.8,44.13,45.29,45.23,549173,24777270.03,shares,0
2020-12-28,45.8,46.15,45.0,45.32,45.29,465241,21203496.77,shares,0
2020-12-29,45.31,46.5,45.31,45.69,45.32,329542,15160138.94,shares,0
2020-12-30,45.69,46.46,45.13,46.22,45.69,283101,13041798.89,shares,0
2020-12-31,46.22,47.1,45.92,46.83,46.22,382529,17827780.92,shares,0
2021-01-04,46.62,48.18,46.1,47.7,46.83,536702,25433130.95,shares,0
2021-01-05,47.7,48.1,47.03,47.18,47.7,462655,21928390.22,shares,0
2021-01-06,47.25,47.79,43.33,44.85,47.18,1614345,72321381.52,shares,0
2021-01-07,43.55,44.47,43.02,43.5,44.85,720402,31339225.19,shares,0
2021-01-08,43.25,43.88,41.42,42.55,43.5,469717,19987008.51,shares,0
2021-01-11,42.55,42.69,40.68,40.9,42.55,604322,25136521.23,shares,0
2021-01-12,40.9,42.21,40.5,41.6,40.9,306163,12710208.3,shares,0
2021-01-13,41.95,41.95,40.18,40.48,41.6,776083,31666600.96,shares,0
2021-01-14,40.25,42.62,40.25,42.18,40.48,550202,23018077.04,shares,0
2021-01-15,42.18,43.32,41.86,42.65,42.18,471002,20121875.08,shares,0
2021-01-18,42.99,43.4,42.2,43.29,42.65,355291,15264188.06,shares,0
2021-01-19,43.31,44.8,43.02,43.16,43.29,508145,22296296.77,shares,0
2021-01-20,43.14,45.33,42.71,45.12,43.16,755244,33544575.57,shares,0
2021-01-21,44.44,46.09,44.44,45.15,45.12,644168,29296194.7,shares,0
2021-01-22,45.49,45.54,44.06,44.32,45.15,424262,18894606.76,shares,0
2021-01-25,43.57,44.31,42.0,42.0,44.32,618695,26396215.53,shares,0
2021-01-26,42.68,43.36,41.65,42.01,42.0,325779,13816548.49,shares,0
2021-01-27,42.97,42.98,41.3,42.65,42.01,309143,13039321.59,shares,0
2021-01-28,42.58,42.87,41.02,41.29,42.65,300444,12648101.87,shares,0
2021-01-29,41.29,41.94,40.4,40.94,41.29,430067,17649192.03,shares,0
2021-02-01,40.75,43.88,40.75,42.92,40.94,571758,24449787.64,shares,0
2021-02-02,42.06,43.87,42.06,42.75,42.92,360602,15451618.57,shares,0
2021-02-03,42.32,44.37,41.62,44.19,42.75,899694,38923443.69,shares,0
2021-02-04,43.88,44.39,41.95,42.45,44.19,651012,27812340.46,shares,0
2021-02-05,42.81,42.98,40.2,40.31,42.45,444363,18409188.96,shares,0
2021-02-08,40.31,43.39,39.8,42.21,40.31,707089,29689762.99,shares,0
2021-02-09,42.95,44.5,42.0,44.18,42.21,892757,38971248.68,shares,0
2021-02-10,43.46,44.5,43.15,43.43,44.18,577364,25309423.29,shares,0
2021-02-18,44.0,45.48,43.31,44.9,43.43,879360,39244654.6,shares,0
2021-02-19,44.85,45.45,44.1,45.2,44.9,817756,36746635.44,shares,0
2021-02-22,45.19,46.28,44.74,44.74,45.2,822307,37489994.49,shares,0
2021-02-23,45.45,45.45,43.22,44.3,44.74,651033,28549577.08,shares,0
2021-02-24,47.4,49.8,47.02,48.4,44.3,2071667,100519825.99,shares,0
2021-02-25,49.2,51.5,48.01,51.04,48.4,1917649,95237150.12,shares,0
2021-02-26,49.2,53.37,49.18,53.2,51.04,1946402,101263092.5,shares,0
2021-03-01,52.88,54.22,51.92,53.33,53.2,1244457,66375971.83,shares,0
2021-03-02,53.67,54.0,52.57,52.88,53.33,729879,38883006.35,shares,0
2021-03-03,52.48,53.9,52.1,52.81,52.88,815885,43322362.21,shares,0
2021-03-04,53.28,53.79,50.86,51.0,52.81,898854,46885500.84,shares,0
2021-03-05,51.1,51.43,50.0,50.46,51.0,650403,32841976.86,shares,0
2021-03-08,50.39,51.83,50.01,50.02,50.46,505837,25736696.1,shares,0
2021-03-09,50.98,50.98,47.35,47.75,50.02,703551,34366142.93,shares,0
2021-03-10,48.18,49.26,46.37,46.51,47.75,687123,32476407.19,shares,0
2021-03-11,47.2,48.87,46.75,48.56,46.51,634756,30533877.7,shares,0
2021-03-12,48.7,50.62,47.67,49.7,48.56,816134,40059034.17,shares,0
2021-03-15,49.8,50.02,47.69,48.11,49.7,463449,22563973.41,shares,0
2021-03-16,48.39,48.39,46.4,47.05,48.11,553178,26046443.01,shares,0
2021-03-17,46.98,48.88,46.4,48.37,47.05,419606,19997234.94,shares,0
2021-03-18,48.86,53.22,48.51,51.09,48.37,1706651,87754532.29,shares,0
2021-03-19,51.37,51.8,50.5,51.11,51.09,552570,28332580.02,shares,0
2021-03-22,50.98,52.3,50.68,51.7,51.11,472801,24404267.85,shares,0
2021-03-23,51.99,52.38,50.72,51.1,51.7,295021,15142915.86,shares,0
2021-03-24,51.66,51.86,49.02,49.52,51.1,396539,19784098.92,shares,0
2021-03-25,49.77,51.36,49.01,50.85,49.52,462782,23294602.1,shares,0
2021-03-26,50.46,52.58,50.25,52.3,50.85,746342,38535506.69,shares,0
2021-03-29,52.17,52.6,51.03,51.1,52.3,345278,17858964.7,shares,0
2021-03-30,51.59,51.77,50.81,51.38,51.1,267117,13682011.26,shares,0
2021-03-31,51.66,51.88,50.5,50.89,51.38,241663,12302721.93,shares,0
2021-04-01,51.28,51.34,50.56,50.8,50.89,235641,11987322.21,shares,0
2021-04-02,50.88,54.14,50.88,52.8,50.8,1288019,68396679.81,shares,0
2021-04-06,53.27,55.79,53.01,54.88,52.8,1132769,61681285.71,shares,0
2021-04-07,54.95,54.95,54.03,54.51,54.88,530151,28794509.67,shares,0
2021-04-08,54.2,55.38,53.89,54.18,54.51,411953,22457198.4,shares,0
2021-04-09,54.65,54.86,52.22,53.78,54.18,582537,30893236.63,shares,0
2021-04-12,53.53,53.53,51.18,51.66,53.78,565922,29495284.17,shares,0
2021-04-13,51.25,52.23,50.7,50.7,51.66,341676,17543432.56,shares,0
2021-04-14,51.19,51.48,50.5,50.8,50.7,248026,12597657.9,shares,0
2021-04-15,50.63,50.96,49.03,49.05,50.8,542070,26869034.02,shares,0
2021-04-16,49.21,49.96,49.02,49.65,49.05,359360,17828145.35,shares,0
2021-04-19,49.78,54.5,49.57,54.37,49.65,1450978,76854868.23,shares,0
2021-04-20,54.34,56.77,54.05,55.87,54.37,1623823,90743551.22,shares,0
2021-04-21,56.91,57.0,53.53,54.84,55.87,1690767,92695256.26,shares,0
2021-04-22,54.6,56.59,54.6,54.94,54.84,1003318,55782996.6,shares,0
2021-04-23,55.33,58.29,55.33,57.2,54.94,1445779,82539120.12,shares,0
2021-04-26,57.4,59.16,56.28,58.03,57.2,1288042,74434820.95,shares,0
2021-04-27,58.5,58.5,56.06,56.96,58.03,894704,50940810.26,shares,0
2021-04-28,56.9,57.88,56.4,57.11,56.96,642123,36652631.67,shares,0
2021-04-29,57.19,57.94,56.65,56.67,57.11,492009,27997916.52,shares,0
2021-04-30,56.51,57.38,56.04,56.7,56.67,633371,35883344.43,shares,0
2021-05-06,56.19,58.84,56.19,58.69,56.7,899391,52280354.87,shares,0
2021-05-07,58.11,58.72,55.22,55.5,58.69,1199641,67337272.61,shares,0
2021-05-10,55.81,58.37,55.81,57.4,55.5,782775,44894274.61,shares,0
2021-05-11,57.87,58.68,56.77,57.27,57.4,674807,38941309.6,shares,0
2021-05-12,57.27,57.41,54.7,57.01,57.27,816418,45755222.72,shares,0
2021-05-13,56.04,59.08,55.95,56.79,57.01,601567,34666494.17,shares,0
2021-05-14,57.28,60.25,56.75,60.25,56.79,1024143,60597537.02,shares,0
2021-05-17,60.2,60.65,59.52,59.76,60.25,458171,27526310.57,shares,0
2021-05-18,59.72,60.4,59.31,59.98,59.76,418695,25004086.92,shares,0
2021-05-19,60.08,60.36,59.01,59.05,59.98,415540,24698278.52,shares,0
2021-05-20,59.01,59.35,57.88,58.91,59.05,651883,38143935.77,shares,0
2021-05-21,58.5,59.48,55.36,55.56,58.91,1126893,63864705.36,shares,0
2021-05-24,55.56,57.3,55.33,55.59,55.56,615226,34492825.86,shares,0
2021-05-25,56.07,57.44,55.2,56.22,55.59,696196,39149312.88,shares,0
2021-05-26,56.64,56.95,55.15,55.85,56.22,566969,31714227.45,shares,0
2021-05-27,56.13,57.74,55.51,57.01,55.85,598768,34162734.35,shares,0
2021-05-28,56.94,59.42,56.7,58.91,57.01,947990,55593178.04,shares,0
2021-05-31,59.03,60.65,58.68,60.49,58.91,790607,47449733.3,shares,0
2021-06-01,60.13,60.96,59.49,60.5,60.49,725066,43606357.06,shares,0
2021-06-02,60.2,61.16,59.5,60.4,60.5,580107,34991737.5,shares,0
2021-06-03,60.22,63.5,60.0,60.23,60.4,1027293,63170409.04,shares,0
2021-06-04,59.51,62.55,59.51,62.19,60.23,893890,54974422.36,shares,0
2021-06-07,62.4,62.98,60.88,61.44,62.19,590426,36500010.45,shares,0
2021-06-08,61.99,61.99,59.75,59.9,61.44,465706,28171101.97,shares,0
2021-06-09,59.9,61.67,59.59,60.75,59.9,498717,30272720.51,shares,0
2021-06-10,60.45,62.46,60.0,62.3,60.75,745883,45973815.29,shares,0
2021-06-11,61.68,62.44,60.1,60.16,62.3,580977,35275650.61,shares,0
2021-06-15,60.2,60.66,58.85,58.9,60.16,528390,31396862.29,shares,0
2021-06-16,58.66,60.07,55.6,55.83,58.9,1020903,58455876.61,shares,0
2021-06-17,55.91,58.37,55.55,58.1,55.83,731067,42109911.43,shares,0
2021-06-18,58.66,63.07,58.66,61.4,58.1,1698147,104500794.2,shares,0
2021-06-21,61.23,62.38,61.07,61.58,61.4,801228,49487101.06,shares,0
2021-06-22,61.99,62.55,61.1,61.33,61.58,647158,39980346.81,shares,0
2021-06-23,61.1,62.8,60.05,62.2,61.33,776130,47816280.73,shares,0
2021-06-24,61.9,62.7,59.41,59.69,61.7,730697,44369509.89,shares,0
2021-06-25,59.7,60.5,57.88,59.0,59.69,603943,35621029.1,shares,0
2021-06-28,58.5,60.11,58.23,59.54,59.0,545167,32301629.55,shares,0
2021-06-29,59.22,59.8,57.68,57.8,59.54,498915,29094953.74,shares,0
2021-06-30,57.69,62.0,57.69,62.0,57.8,896965,54426976.09,shares,0
2021-07-01,62.5,62.69,61.31,61.33,62.0,723698,44780473.04,shares,0
2021-07-02,60.5,64.86,60.5,63.92,61.33,1382203,87699451.23,shares,0
2021-07-05,63.18,66.37,62.9,65.51,63.92,1347091,87748821.81,shares,0
2021-07-06,65.1,67.5,63.4,64.1,65.51,1369567,89440430.8,shares,0
2021-07-07,65.0,67.39,62.66,66.84,64.1,1279524,83763551.62,shares,0
2021-07-08,66.83,66.89,65.31,65.9,66.84,715085,47214748.6,shares,0
2021-07-09,65.25,67.98,64.93,66.8,65.9,779210,51637271.67,shares,0
2021-07-12,67.09,68.88,66.02,66.5,66.8,942083,63420901.45,shares,0
2021-07-13,66.35,66.55,64.8,66.03,66.5,767565,50292522.62,shares,0
2021-07-14,66.6,66.6,63.83,64.72,66.03,605027,39284015.92,shares,0
2021-07-15,64.47,65.15,62.4,64.26,64.72,529118,33747394.06,shares,0
2021-07-16,64.25,65.29,63.53,63.9,64.26,438646,28205841.03,shares,0
2021-07-19,63.9,64.14,62.08,63.53,63.9,531362,33462093.5,shares,0
2021-07-20,62.58,65.58,61.76,65.3,63.53,824817,52366521.01,shares,0
2021-07-21,65.29,66.81,64.21,66.55,65.3,666645,43868994.99,shares,0
2021-07-22,66.18,75.31,66.18,74.43,66.55,1864472,133818528.0,shares,0
2021-07-23,74.4,75.0,70.02,70.28,74.43,1190611,85347144.15,shares,0
2021-07-26,70.28,70.93,65.8,67.46,70.28,1216098,82480054.04,shares,0
2021-07-27,68.17,74.57,68.17,69.0,67.46,1534536,109279667.82,shares,0
2021-07-28,69.58,70.23,63.88,66.59,69.0,1109125,75214933.55,shares,0
2021-07-29,67.64,72.88,67.5,71.5,66.59,1100050,77763493.47,shares,0
2021-07-30,72.0,72.69,68.9,70.23,71.5,962934,67811519.63,shares,0
2021-08-02,70.44,72.49,68.71,71.32,70.23,862861,60836783.17,shares,0
2021-08-03,71.88,76.49,69.56,69.9,71.32,1637853,119152881.19,shares,0
2021-08-04,70.58,75.23,69.52,74.89,69.9,1380003,101218564.35,shares,0
2021-08-05,75.35,75.8,72.38,73.37,74.89,1088050,80386242.11,shares,0
2021-08-06,73.52,74.77,71.65,73.02,73.37,781953,56865605.42,shares,0
2021-08-09,73.0,73.02,68.03,70.44,73.02,1543448,107522001.79,shares,0
2021-08-10,70.68,72.31,69.83,71.0,70.44,760125,53997821.97,shares,0
2021-08-11,70.67,71.48,69.11,69.82,71.0,681272,47490053.05,shares,0
2021-08-12,70.65,76.23,69.5,73.91,69.82,1382312,101780484.17,shares,0
2021-08-13,73.55,74.55,71.22,72.53,73.91,851755,61650023.38,shares,0
2021-08-16,76.51,81.48,69.05,70.22,72.53,2722413,200722404.9,shares,0
2021-08-17,70.0,71.56,66.53,66.53,70.22,1633137,112076090.25,shares,0
2021-08-18,66.45,67.94,65.59,66.1,66.53,820546,54689057.74,shares,0
2021-08-19,66.18,69.35,65.67,67.9,66.1,889622,60162290.79,shares,0
2021-08-20,67.53,69.77,67.01,69.31,67.9,865717,59475483.44,shares,0
2021-08-23,69.55,73.8,68.87,73.2,69.31,1123157,80449602.48,shares,0
2021-08-24,73.63,74.49,71.62,74.21,73.2,1028003,75504749.06,shares,0
2021-08-25,74.21,78.36,74.21,77.89,74.21,1422721,108845217.9,shares,0
2021-08-26,78.15,78.52,74.76,75.1,77.89,1269683,96579825.9,shares,0
2021-08-27,74.73,78.04,73.12,77.12,75.1,1067513,81510061.81,shares,0
2021-08-30,77.3,78.37,75.04,76.14,77.12,1305158,99510286.84,shares,0
2021-08-31,75.5,79.44,75.15,78.73,76.14,1242956,97352474.78,shares,0
2021-09-01,78.01,78.72,73.62,75.99,78.73,1213797,91918793.16,shares,0
2021-09-02,75.18,76.75,73.0,73.48,75.99,939153,69573549.13,shares,0
2021-09-03,72.63,74.26,69.58,69.95,73.48,1218036,86709386.39,shares,0
2021-09-06,69.95,72.51,69.31,71.15,69.95,875684,62108353.83,shares,0
2021-09-07,71.9,77.77,71.22,75.49,71.15,1574087,118266709.27,shares,0
2021-09-08,77.29,77.29,73.06,73.3,75.49,1017549,75292317.62,shares,0
2021-09-09,73.3,73.85,70.62,72.05,73.3,812704,58523533.34,shares,0
2021-09-10,71.51,77.28,71.5,76.23,72.05,1299232,97005044.74,shares,0
2021-09-13,76.23,76.81,70.53,71.4,76.23,1440937,104441354.64,shares,0
2021-09-14,70.5,73.76,70.5,71.39,71.4,792162,57022892.1,shares,0
2021-09-15,70.6,72.48,70.03,71.76,71.39,528493,37742595.94,shares,0
2021-09-16,72.28,72.28,69.62,70.52,71.76,678628,47865154.04,shares,0
2021-09-17,71.01,71.5,66.67,69.4,70.52,908265,62248753.26,shares,0
2021-09-22,69.0,69.0,66.6,67.82,69.4,367000,24815846.6,shares,0
2021-09-23,68.42,69.88,67.1,69.4,67.82,518941,35633343.58,shares,0
2021-09-24,68.7,68.92,66.3,66.4,69.4,566375,38016716.38,shares,0
2021-09-27,66.01,66.96,63.06,65.0,66.4,760627,49273284.87,shares,0
2021-09-28,64.09,65.58,64.05,64.82,65.0,321935,20892191.69,shares,0
2021-09-29,63.61,64.07,60.8,61.06,64.82,542820,33634402.06,shares,0
2021-09-30,61.08,62.17,60.54,61.0,61.06,443721,27201392.9,shares,0
2021-10-08,61.51,62.95,60.87,61.77,61.0,546429,33766199.06,shares,0
2021-10-11,62.08,64.49,61.02,62.78,61.77,640170,40355635.9,shares,0
2021-10-12,62.25,63.33,60.11,60.6,62.78,663884,40813157.17,shares,0
2021-10-13,60.97,61.3,58.11,60.5,60.6,384290,23062834.59,shares,0
2021-10-14,60.69,62.85,59.6,62.58,60.5,335214,20785732.73,shares,0
2021-10-15,62.92,65.48,62.02,64.68,62.58,591221,37988641.22,shares,0
2021-10-18,65.15,65.15,62.5,63.73,64.68,436236,27594652.04,shares,0
2021-10-19,63.56,64.44,62.87,64.39,63.73,360842,22917365.97,shares,0
2021-10-20,64.21,67.77,64.0,66.3,64.39,772766,51097836.31,shares,0
2021-10-21,66.59,66.66,63.51,64.21,66.3,554777,35920310.12,shares,0
2021-10-22,64.0,66.19,63.17,64.91,64.21,362088,23530145.69,shares,0
2021-10-25,66.02,66.02,63.18,65.3,64.91,534751,34429781.88,shares,0
2021-10-26,64.64,68.95,64.64,68.91,65.3,835762,56627187.01,shares,0
2021-10-27,72.0,74.95,69.25,69.3,68.91,3001863,216574169.58,shares,0
2021-10-28,70.9,72.95,68.3,68.71,69.3,1369528,96312974.86,shares,0
2021-10-29,68.03,72.76,68.03,72.28,68.71,1029581,73465911.14,shares,0
2021-11-01,72.51,79.27,72.2,77.86,72.28,2152728,164640051.42,shares,0
2021-11-02,78.55,79.24,75.37,76.94,77.86,1285876,99020139.21,shares,0
2021-11-03,76.7,77.87,75.19,77.44,76.94,898322,68842640.65,shares,0
2021-11-04,77.44,79.92,77.22,79.2,77.44,1088231,85718900.89,shares,0
2021-11-05,79.48,79.48,76.0,77.73,79.2,1053758,81763007.0,shares,0
2021-11-08,77.7,77.7,73.48,74.09,77.73,826824,61886940.75,shares,0
2021-11-09,75.65,79.94,74.52,79.19,74.09,1097057,85213873.58,shares,0
2021-11-10,78.74,81.89,77.81,81.31,79.19,1511242,121491797.93,shares,0
2021-11-11,80.44,88.8,80.44,86.0,81.31,2087677,178623644.35,shares,0
2021-11-12,86.66,90.44,84.03,89.34,86.0,1619974,142276299.74,shares,0
2021-11-15,91.0,93.8,86.76,89.63,89.34,1121478,100216861.45,shares,0
2021-11-16,88.4,90.37,87.02,88.47,89.63,1016534,90327688.76,shares,0
2021-11-17,87.58,93.12,87.03,92.6,88.47,1322945,119451478.97,shares,0
2021-11-18,92.25,93.8,87.02,88.0,92.6,1544199,137897680.66,shares,0
2021-11-19,88.6,92.69,87.58,92.0,88.0,1057063,96468897.88,shares,0
2021-11-22,91.53,95.77,91.52,94.86,92.0,1229520,115900891.85,shares,0
2021-11-23,94.86,97.3,92.03,95.73,94.86,935722,88550448.72,shares,0
2021-11-24,96.59,97.09,91.11,91.88,95.73,1304032,121474361.89,shares,0
2021-11-25,92.0,93.94,90.79,90.93,91.88,668030,61639137.55,shares,0
2021-11-26,90.91,96.5,90.11,95.0,90.93,1060362,99312938.8,shares,0
2021-11-29,94.02,95.0,91.21,93.24,95.0,1331774,123666322.45,shares,0
2021-11-30,94.0,94.0,89.11,91.0,93.24,1121809,101988230.4,shares,0
2021-12-01,90.98,94.8,87.11,88.33,91.0,1755654,156156161.39,shares,0
2021-12-02,88.33,91.6,88.1,90.1,88.33,1308632,117968183.26,shares,0
2021-12-03,91.08,98.5,87.62,95.14,90.1,1566256,145847809.87,shares,0
2021-12-06,94.77,97.6,93.8,94.8,95.14,1324290,127456275.49,shares,0
2021-12-07,95.67,99.03,92.55,93.7,94.8,1480014,141935565.5,shares,0
2021-12-08,93.68,107.75,93.12,107.2,93.7,2807580,289205490.87,shares,0
2021-12-09,105.41,107.0,99.5,101.41,107.2,1989406,203396651.26,shares,0
2021-12-10,100.48,102.87,98.39,101.23,101.41,1370266,137844406.15,shares,0
2021-12-13,101.23,101.66,97.6,99.57,101.23,1199563,119751313.25,shares,0
2021-12-14,99.57,105.95,98.07,104.36,99.57,1217830,125701710.71,shares,0
2021-12-15,103.22,105.99,100.0,100.96,104.36,662350,67827385.31,shares,0
2021-12-16,101.21,101.96,97.6,98.3,100.96,642139,63765390.98,shares,0
2021-12-17,97.9,99.84,94.01,98.08,98.3,1150413,111553590.95,shares,0
2021-12-20,98.08,98.96,95.01,97.01,98.08,677066,65647540.3,shares,0
2021-12-21,97.96,109.75,94.38,104.3,97.01,1928284,197483098.4,shares,0
2021-12-22,105.21,114.2,102.58,112.0,104.3,1989309,218391088.06,shares,0
2021-12-23,112.79,112.96,109.1,111.96,112.0,947232,105681587.75,shares,0
2021-12-24,113.95,113.95,106.88,109.28,111.96,837147,91238385.7,shares,0
2021-12-27,109.34,109.34,102.01,106.5,109.28,1447942,152725570.95,shares,0
2021-12-28,107.09,111.0,105.03,109.48,106.5,722601,77950474.05,shares,0
2021-12-29,107.65,109.51,104.0,105.6,109.48,724200,76676692.07,shares,0
2021-12-30,107.77,112.0,104.05,110.06,105.6,959066,104069790.68,shares,0
2021-12-31,111.68,112.99,107.03,110.87,110.06,881354,96871342.66,shares,0
2022-01-04,110.87,115.98,108.66,110.88,110.87,940244,105468269.86,shares,0
2022-01-05,110.85,112.37,103.52,105.51,110.88,1007344,107695037.75,shares,0
2022-01-06,105.44,112.2,102.75,109.51,105.51,932095,100486444.99,shares,0
2022-01-07,109.45,110.6,104.03,108.03,109.51,960770,103498020.84,shares,0
2022-01-10,107.6,112.5,102.71,108.72,108.03,956817,103383723.22,shares,0
2022-01-11,110.98,110.98,104.15,107.71,108.72,816315,87661260.3,shares,0
2022-01-12,107.71,115.5,107.71,108.66,107.71,798640,88812672.58,shares,0
2022-01-13,106.5,108.88,102.6,103.4,108.66,749284,78997539.66,shares,0
2022-01-14,101.75,109.94,101.33,102.46,103.4,956433,99550499.03,shares,0
2022-01-17,100.1,104.99,98.11,102.45,102.46,528609,54188274.81,shares,0
2022-01-18,102.95,107.98,101.62,107.0,102.45,859074,90921145.08,shares,0
2022-01-19,107.42,107.42,99.4,101.0,107.0,871189,88891937.44,shares,0
2022-01-20,100.0,105.5,97.63,101.37,101.0,1036769,105099097.64,shares,0
2022-01-21,101.0,104.48,98.0,102.64,101.37,754727,76806090.0,shares,0
2022-01-24,101.88,107.55,100.0,105.8,102.64,673615,70184558.89,shares,0
2022-01-25,107.0,107.0,95.55,97.76,105.8,1980750,195315481.02,shares,0
2022-01-26,95.5,100.44,94.18,97.58,97.76,900804,87877066.0,shares,0
2022-01-27,96.11,101.44,96.02,96.53,97.58,1058772,104436050.8,shares,0
2022-01-28,96.47,101.38,91.49,99.99,96.53,2151838,208078428.77,shares,0
2022-02-07,100.65,102.0,94.18,96.7,99.99,768067,74349678.56,shares,0
2022-02-08,97.09,97.52,92.49,94.77,96.7,601640,56777595.21,shares,0
2022-02-09,94.11,94.88,91.0,93.01,94.77,902865,83964625.51,shares,0
2022-02-10,93.77,93.98,88.6,89.6,93.01,1139418,102837702.73,shares,0
2022-02-11,90.15,90.15,85.7,86.17,89.6,1517602,131705267.91,shares,0
2022-02-14,85.54,89.86,85.15,88.0,86.17,1015236,89665323.75,shares,0
2022-02-15,85.66,91.99,85.66,90.61,88.0,791487,71784031.09,shares,0
2022-02-16,91.9,93.1,89.7,91.08,90.61,652271,59913140.7,shares,0
2022-02-17,91.08,95.2,90.64,94.5,91.08,669444,62753830.19,shares,0
2022-02-18,93.9,97.69,92.65,97.09,94.5,724070,69780813.24,shares,0
2022-02-21,98.12,99.39,96.3,98.7,97.09,507103,49879890.73,shares,0
2022-02-22,98.7,98.7,95.35,97.26,98.7,404760,38984502.28,shares,0
2022-02-23,96.21,105.2,96.21,103.4,97.26,752921,77333948.55,shares,0
2022-02-24,103.2,104.77,100.0,100.49,103.4,586559,59809997.55,shares,0
2022-02-25,103.8,107.0,101.55,105.02,100.49,869572,90815706.35,shares,0
2022-02-28,104.1,107.21,101.6,103.62,105.02,605211,62856469.0,shares,0
2022-03-01,104.09,104.43,100.63,101.6,103.62,514996,52649149.0,shares,0
2022-03-02,102.82,102.82,99.05,100.01,101.6,470293,47157577.0,shares,0
2022-03-03,101.05,101.05,95.3,95.68,100.01,797177,77055223.0,shares,0
2022-03-04,95.4,95.93,92.01,95.0,95.68,1052749,98761438.0,shares,0
2022-03-07,94.0,94.99,89.46,91.66,95.0,1207250,110544820.0,shares,0
2022-03-08,93.03,93.03,88.2,88.98,91.66,968400,87842450.0,shares,0
2022-03-09,88.52,93.65,88.52,92.16,88.98,1217901,111708925.0,shares,0
2022-03-10,95.11,96.44,92.79,93.01,92.16,837019,79106745.0,shares,0
2022-03-11,92.26,94.92,90.46,93.23,93.01,685224,63633883.0,shares,0
2022-03-14,93.87,95.64,88.3,88.3,93.23,550122,50037670.0,shares,0
2022-03-15,88.41,91.0,85.32,85.33,88.3,892891,78747406.0,shares,0
2022-03-16,86.76,90.84,80.8,89.65,85.33,1104104,93806280.0,shares,0
2022-03-17,89.78,95.1,89.6,93.87,89.65,778346,71904999.0,shares,0
2022-03-18,93.1,94.55,89.52,90.88,93.87,525596,48033858.87,shares,0
2022-03-21,90.87,90.9,88.12,90.88,90.88,377892,33837799.64,shares,0
2022-03-22,90.8,90.8,87.1,87.68,90.88,501297,44184597.9,shares,0
2022-03-23,88.67,88.67,85.99,87.63,87.68,272307,23680863.71,shares,0
2022-03-24,86.94,87.62,83.58,84.99,87.63,497148,42408577.64,shares,0
2022-03-25,85.3,88.28,84.48,85.3,84.99,444712,38365996.0,shares,0
2022-03-28,84.0,85.28,81.37,82.61,85.3,498381,41210866.71,shares,0
2022-03-29,83.48,84.01,79.77,81.28,82.61,625531,50734648.47,shares,0
2022-03-30,82.6,85.88,82.06,84.84,81.28,508420,43082486.03,shares,0
2022-03-31,84.02,86.99,82.17,83.8,84.84,639973,53789839.33,shares,0
2022-04-01,82.6,83.28,80.61,83.09,83.8,594215,48666270.13,shares,0
2022-04-06,80.57,84.26,79.61,80.56,83.09,852064,69143263.23,shares,0
2022-04-07,80.21,80.9,76.05,77.7,80.56,1010039,78825245.33,shares,0
2022-04-08,76.01,77.76,74.11,76.43,77.7,1464074,111083974.27,shares,0
2022-04-11,76.48,77.12,72.48,73.05,76.43,639823,46964248.73,shares,0
2022-04-12,73.64,74.9,72.13,73.19,73.05,719782,52734842.64,shares,0
2022-04-13,73.88,73.88,70.5,71.2,73.19,773573,55497901.38,shares,0
2022-04-14,72.4,74.21,71.44,72.61,71.2,562211,41016867.28,shares,0
2022-04-15,70.38,73.76,68.02,71.0,72.61,1211043,85139550.27,shares,0
2022-04-18,69.99,73.95,68.38,72.28,71.0,651236,47143084.51,shares,0
2022-04-19,72.75,74.15,69.52,69.6,72.28,441485,31563764.64,shares,0
2022-04-20,70.47,71.0,67.55,68.56,69.6,378691,26046501.56,shares,0
2022-04-21,67.51,69.8,64.76,65.0,68.56,446694,29751475.74,shares,0
2022-04-22,64.0,65.48,62.01,62.47,65.0,923814,58764520.72,shares,0
2022-04-25,61.57,61.62,57.01,57.38,62.47,1344937,80260719.33,shares,0
2022-04-26,57.38,58.42,53.17,53.6,57.38,1242521,68507038.89,shares,0
2022-04-27,54.0,59.87,51.66,59.14,53.6,1802965,101535977.7,shares,0
2022-04-28,60.08,60.08,57.06,57.75,59.14,955158,55384276.17,shares,0
2022-04-29,58.5,62.89,57.5,61.7,57.75,959236,58108440.54,shares,0
2022-05-05,62.6,65.51,60.01,65.0,61.7,835361,53696962.75,shares,0
2022-05-06,63.36,64.54,61.75,61.78,65.0,610311,38345430.4,shares,0
2022-05-09,61.6,64.38,60.22,62.19,61.78,791641,49057193.64,shares,0
2022-05-10,60.1,65.6,60.0,64.95,62.19,771691,49374745.58,shares,0
2022-05-11,64.58,70.65,64.5,67.73,64.95,1063582,73255265.54,shares,0
2022-05-12,66.66,68.27,65.18,67.04,67.73,655828,43667515.5,shares,0
2022-05-13,67.73,68.0,64.57,66.54,67.04,806402,53257706.57,shares,0
2022-05-16,67.47,68.55,65.56,66.15,66.54,537398,35969119.41,shares,0
2022-05-17,66.15,67.31,64.1,66.32,66.15,511500,33440010.85,shares,0
2022-05-18,66.94,70.5,66.94,68.62,66.32,843076,57789710.25,shares,0
2022-05-19,67.11,70.3,67.11,69.34,68.62,642860,44426962.29,shares,0
2022-05-20,69.42,70.39,68.11,70.01,68.73,452789,31419225.23,shares,0
2022-05-23,69.9,73.18,67.58,71.6,70.01,775609,54070762.11,shares,0
2022-05-24,71.22,72.85,66.68,67.07,71.6,790418,55116619.56,shares,0
2022-05-25,67.58,71.56,67.58,68.18,67.07,533194,36801174.04,shares,0
2022-05-26,67.43,69.19,65.55,69.0,68.18,564952,38173784.43,shares,0
2022-05-27,69.5,71.99,68.28,69.66,69.0,350406,24667841.18,shares,0
2022-05-30,68.9,71.0,67.77,70.03,69.66,361402,25079220.55,shares,0
2022-05-31,68.5,76.08,68.5,75.8,70.03,801685,58872053.05,shares,0
2022-06-01,75.6,78.88,75.04,77.61,75.8,610712,47151666.87,shares,0
2022-06-02,77.6,81.2,76.0,79.7,77.61,561115,43904651.74,shares,0
2022-06-06,79.72,84.37,79.72,82.87,79.7,813423,67435990.74,shares,0
2022-06-07,82.52,83.98,78.04,78.86,82.87,605305,48452877.38,shares,0
2022-06-08,78.86,82.2,78.0,80.05,78.86,462352,37085683.39,shares,0
2022-06-09,79.05,81.0,76.24,77.48,80.05,382834,29618835.85,shares,0
2022-06-10,78.44,78.44,75.01,77.19,77.48,812993,62163427.01,shares,0
2022-06-13,76.2,79.44,76.16,78.81,77.19,524322,40908238.06,shares,0
2022-06-14,78.81,78.81,75.8,76.58,78.81,308677,23750338.15,shares,0
2022-06-15,76.59,78.0,74.33,74.55,76.58,683560,51518796.96,shares,0
2022-06-16,74.05,76.76,73.81,75.35,74.55,816488,61415528.77,shares,0
2022-06-17,74.53,79.68,74.53,78.98,75.35,756900,58686636.62,shares,0
2022-06-20,80.6,83.39,76.85,77.4,78.98,1079024,85041248.04,shares,0
2022-06-21,77.01,77.23,72.34,73.8,77.4,1097192,81510341.84,shares,0
2022-06-22,73.09,75.4,71.6,71.7,73.8,881563,64103787.62,shares,0
2022-06-23,71.59,73.21,70.05,72.99,71.7,1218167,87251559.01,shares,0
2022-06-24,73.98,80.28,73.98,78.49,72.99,2614293,205149072.43,shares,0
2022-06-27,80.3,84.0,78.2,80.27,78.49,1182055,94810906.05,shares,0
2022-06-28,81.5,87.33,81.5,82.22,80.27,1372269,114448728.58,shares,0
2022-06-29,81.52,82.15,77.78,77.78,82.22,1369638,108448106.85,shares,0
2022-06-30,77.26,78.87,76.0,77.65,77.78,863224,66748200.25,shares,0
2022-07-01,78.44,78.44,74.52,74.98,77.65,898471,67778132.19,shares,0
2022-07-04,74.91,74.91,72.5,73.3,74.98,1216836,89003307.3,shares,0
2022-07-05,72.67,74.32,69.3,70.4,73.3,1261117,89217769.74,shares,0
2022-07-06,70.4,73.65,69.99,71.59,70.4,862783,62124802.79,shares,0
2022-07-07,71.3,72.48,69.02,69.77,71.59,897470,62871813.49,shares,0
2022-07-08,70.1,71.37,69.8,70.2,69.77,578748,40796742.97,shares,0
2022-07-11,70.9,70.9,67.5,67.76,70.2,549118,37456734.87,shares,0
2022-07-12,67.2,68.16,64.14,65.0,67.76,746475,49273657.45,shares,0
2022-07-13,65.16,65.99,64.21,65.0,65.0,379920,24678165.31,shares,0
2022-07-14,65.08,67.77,64.32,66.68,65.0,474105,31521967.36,shares,0
2022-07-15,66.9,69.69,66.78,68.05,66.68,782534,53786297.11,shares,0
2022-07-18,68.05,70.7,67.74,70.1,68.05,751998,52213478.52,shares,0
2022-07-19,70.12,72.73,70.0,70.81,70.1,786641,56238055.13,shares,0
2022-07-20,71.9,72.24,69.87,70.78,70.81,525008,37201199.96,shares,0
2022-07-21,70.78,75.45,70.53,74.3,70.78,1453665,107097808.11,shares,0
2022-07-22,74.39,75.69,72.38,73.56,74.3,802729,59273393.14,shares,0
2022-07-25,73.41,74.99,72.05,73.55,73.56,631411,46159203.49,shares,0
2022-07-26,73.02,75.78,71.8,75.69,73.55,836320,62283317.6,shares,0
2022-07-27,75.69,77.09,74.52,76.31,75.69,631598,48188676.87,shares,0
2022-07-28,77.47,78.97,75.77,78.86,76.31,782218,60785772.09,shares,0
2022-07-29,79.28,80.05,77.72,79.22,78.86,739227,58525781.64,shares,0
2022-08-01,78.89,83.88,77.13,83.55,79.22,977960,79638235.41,shares,0
2022-08-02,83.0,85.06,81.0,83.21,83.55,1310207,108531226.9,shares,0
2022-08-03,82.49,85.93,80.6,81.11,83.21,1468230,122197949.04,shares,0
2022-08-04,81.9,83.08,80.77,82.6,81.11,706324,57786525.0,shares,0
2022-08-05,82.9,86.61,82.0,84.9,82.6,1115835,94529102.0,shares,0
2022-08-08,87.77,88.15,83.78,87.2,84.9,978137,84032523.0,shares,0
2022-08-09,86.06,87.2,83.14,84.66,87.2,734870,62147952.0,shares,0
2022-08-10,88.46,101.59,88.0,97.51,84.66,4698844,468192017.0,shares,0
2022-08-11,97.93,100.41,96.16,99.0,97.51,3908303,386170941.0,shares,0
2022-08-12,100.45,101.0,94.5,96.07,99.0,2087381,202298896.0,shares,0
2022-08-15,96.0,100.0,95.47,98.22,96.07,1886058,185022729.63,shares,0
2022-08-16,98.21,99.88,96.52,98.88,98.22,836343,82572365.07,shares,0
2022-08-17,99.87,100.77,94.82,95.2,98.88,930699,90018871.58,shares,0
2022-08-18,94.04,96.92,94.03,96.5,95.2,745542,71498071.95,shares,0
2022-08-19,95.66,96.4,90.11,90.65,96.5,1227259,113944205.56,shares,0
2022-08-22,90.24,92.46,89.7,91.49,90.65,839895,76751219.92,shares,0
2022-08-23,92.68,94.9,90.68,91.22,91.49,821861,75793560.26,shares,0
2022-08-24,92.55,92.6,84.99,85.84,91.22,1479704,128589550.59,shares,0
2022-08-25,87.19,87.63,81.55,83.8,85.84,841399,70236127.88,shares,0
2022-08-26,83.8,85.77,82.55,82.9,83.8,604238,50693974.32,shares,0
2022-08-29,81.58,84.24,79.76,80.77,82.9,1240694,101284490.68,shares,0
2022-08-30,81.21,81.21,77.02,78.0,80.77,1501079,117789204.47,shares,0
2022-08-31,78.5,78.5,75.09,76.39,78.0,1442677,110175933.74,shares,0
2022-09-01,76.33,77.46,75.0,76.22,76.39,782536,59672164.23,shares,0
2022-09-02,75.28,80.82,75.28,79.13,76.22,951735,75087325.31,shares,0
2022-09-05,79.4,85.24,79.0,81.5,79.13,1287857,106168586.92,shares,0
2022-09-06,83.66,84.6,81.12,84.31,81.5,711253,59317762.45,shares,0
2022-09-07,83.76,90.75,83.29,89.02,84.31,1001873,88690883.46,shares,0
2022-09-08,88.56,90.18,86.7,87.29,89.02,945364,83448197.96,shares,0
2022-09-09,87.0,87.34,83.8,86.92,87.29,892826,76449613.51,shares,0
2022-09-13,85.9,91.3,85.9,88.66,86.92,809674,72034074.02,shares,0
2022-09-14,88.3,88.3,85.53,86.0,88.66,575375,49684000.79,shares,0
2022-09-15,86.66,86.66,81.84,83.97,86.0,1456380,121678931.39,shares,0
2022-09-16,82.47,85.85,82.4,83.9,83.97,709018,59847865.3,shares,0
2022-09-19,84.9,85.53,79.8,80.3,83.9,676589,55125282.55,shares,0
2022-09-20,82.16,83.5,79.89,81.68,80.3,750439,61460488.66,shares,0
2022-09-21,81.52,81.68,79.19,79.43,81.68,564330,45233741.77,shares,0
2022-09-22,79.2,81.93,78.53,80.64,79.43,531122,42597298.13,shares,0
2022-09-23,80.99,80.99,75.5,76.0,80.64,1137133,87327329.55,shares,0
2022-09-26,76.22,77.7,74.91,76.02,76.0,584344,44624135.18,shares,0
2022-09-27,75.11,78.5,75.11,78.1,76.02,455342,35219853.22,shares,0
2022-09-28,78.0,78.77,73.83,74.5,78.1,750345,56420069.18,shares,0
2022-09-29,75.24,76.18,73.28,74.2,74.5,418820,31284092.92,shares,0
2022-09-30,73.1,73.4,69.99,70.0,74.2,656308,46800294.97,shares,0
2022-10-10,69.9,70.4,65.37,66.2,70.0,1002595,67310882.1,shares,0
2022-10-11,66.66,66.66,64.2,65.53,66.2,1155485,75460452.96,shares,0
2022-10-12,66.64,68.0,63.45,67.6,65.53,875593,57425460.78,shares,0
2022-10-13,68.3,70.6,67.0,69.71,67.6,985817,68581078.57,shares,0
2022-10-14,70.0,71.61,68.5,70.66,69.71,602563,42420271.99,shares,0
2022-10-17,71.0,73.12,69.95,72.2,70.66,620250,44640855.26,shares,0
2022-10-18,73.78,73.78,70.66,72.56,72.2,491759,35531737.75,shares,0
2022-10-19,72.11,73.9,72.0,72.35,72.56,364620,26553845.8,shares,0
2022-10-20,71.25,76.9,70.8,74.5,72.35,825064,60895365.93,shares,0
2022-10-21,73.73,74.32,71.1,72.19,74.5,608973,44140927.93,shares,0
2022-10-24,72.22,73.63,70.45,70.91,72.19,598073,42928228.6,shares,0
2022-10-25,70.9,73.22,69.6,71.0,70.91,590553,42172469.59,shares,0
2022-10-26,71.6,72.83,70.21,72.28,71.0,712211,50996115.8,shares,0
2022-10-27,68.93,69.0,62.15,63.38,72.28,4419695,286139991.06,shares,0
2022-10-28,63.61,64.77,61.0,62.51,63.38,2742839,173025003.19,shares,0
2022-10-31,61.79,65.84,61.2,65.66,62.51,1336452,86873225.82,shares,0
2022-11-01,65.33,69.9,64.5,69.26,65.66,1619437,110683728.87,shares,0
2022-11-02,69.35,72.27,68.56,70.46,69.26,1711032,121173626.62,shares,0
2022-11-03,70.53,73.9,70.08,73.0,70.46,1649439,118795927.16,shares,0
2022-11-04,73.83,73.84,71.6,72.98,73.0,980826,71119928.79,shares,0
2022-11-07,72.98,73.35,71.4,72.5,72.98,1018868,73666428.15,shares,0
2022-11-08,49.86,50.8,48.63,49.11,50.0,1002497,49247403.87,shares,0
2022-11-09,49.41,49.54,48.0,48.46,49.11,673939,32654419.37,shares,0
2022-11-10,48.39,48.49,46.1,46.28,48.46,1490904,69920380.43,shares,0
2022-11-11,47.3,48.23,46.42,47.2,46.28,1037133,48996951.02,shares,0
2022-11-14,47.86,47.86,46.51,47.48,47.2,809773,38377528.25,shares,0
2022-11-15,47.25,52.17,47.08,52.0,47.48,1189867,59943911.03,shares,0
2022-11-16,52.9,53.76,51.82,52.0,52.0,1009059,53404325.93,shares,0
2022-11-17,51.48,52.9,50.31,52.47,52.0,1082050,56109778.42,shares,0
2022-11-18,52.0,53.26,51.55,51.75,52.47,822499,43101698.54,shares,0
2022-11-21,50.92,52.9,50.51,52.86,51.75,605270,31345733.41,shares,0
2022-11-22,52.05,54.27,51.9,52.2,52.86,838389,44469622.14,shares,0
2022-11-23,52.31,52.64,50.19,51.42,52.2,546986,28136659.03,shares,0
2022-11-24,51.57,52.0,50.55,50.97,51.42,475662,24281478.59,shares,0
2022-11-25,50.72,50.99,50.0,50.34,50.97,350622,17671053.51,shares,0
2022-11-28,50.8,50.8,49.12,49.8,50.34,268087,13353159.79,shares,0
2022-11-29,50.43,51.49,49.5,51.13,49.8,515849,26100574.51,shares,0
2022-11-30,51.29,51.3,50.37,50.45,51.13,217597,11046769.99,shares,0
2022-12-01,51.38,52.88,50.92,52.56,50.45,799099,41709035.46,shares,0
2022-12-02,52.81,54.5,52.37,54.5,52.56,588625,31469572.85,shares,0
2022-12-05,55.0,55.96,53.21,55.0,54.5,582059,31621315.38,shares,0
2022-12-06,55.1,56.88,54.6,56.58,55.0,530718,29821890.95,shares,0
2022-12-07,56.6,56.6,54.76,54.78,56.58,383110,21312554.02,shares,0
2022-12-08,55.35,55.35,53.55,54.27,54.78,303538,16483733.22,shares,0
2022-12-09,54.73,55.66,53.94,54.8,54.27,404927,22264002.41,shares,0
2022-12-12,54.8,55.6,54.1,55.15,54.8,215456,11855128.54,shares,0
2022-12-13,55.43,56.55,53.05,53.22,55.15,267012,14318446.75,shares,0
2022-12-14,53.72,54.05,53.16,53.44,53.22,143158,7661351.86,shares,0
2022-12-15,53.9,54.28,53.02,53.9,53.44,195945,10505907.63,shares,0
2022-12-16,54.3,54.77,53.01,53.8,53.9,164767,8816540.14,shares,0
2022-12-19,53.21,54.03,51.16,51.75,53.8,412274,21592145.26,shares,0
2022-12-20,51.84,51.84,49.68,49.97,51.75,443671,22351119.25,shares,0
2022-12-21,49.97,50.87,49.11,50.7,49.97,319457,15990459.39,shares,0
2022-12-22,50.1,50.69,49.0,49.64,50.7,827785,41229547.49,shares,0
2022-12-23,49.15,50.55,47.6,50.51,49.64,823960,40213724.53,shares,0
2022-12-26,50.2,51.88,49.99,50.98,50.51,389221,19854564.75,shares,0
2022-12-27,50.22,50.3,49.37,49.78,50.98,267459,13347281.86,shares,0
2022-12-28,49.79,49.92,48.71,49.71,49.78,235789,11634035.81,shares,0
2022-12-29,50.1,50.1,49.23,49.77,49.71,142368,7076564.24,shares,0
2022-12-30,49.77,49.77,48.22,48.68,49.77,314061,15291931.34,shares,0
2023-01-03,48.2,50.3,48.0,49.81,48.68,611398,30131633.78,shares,0
2023-01-04,49.3,51.75,49.25,51.58,49.81,877146,44408054.82,shares,0
2023-01-05,51.78,52.5,51.02,52.18,51.58,383750,19947490.61,shares,0
2023-01-06,52.69,54.6,51.74,54.08,52.18,562534,30137628.93,shares,0
2023-01-09,54.08,54.13,53.0,53.41,54.08,616006,32875034.97,shares,0
2023-01-10,53.49,53.75,52.0,52.3,53.41,627560,33058740.72,shares,0
2023-01-11,52.55,52.55,51.21,51.21,52.3,747668,38791462.15,shares,0
2023-01-12,51.05,51.99,51.05,51.25,51.21,283840,14618306.79,shares,0
2023-01-13,51.75,51.75,50.52,50.57,51.25,198685,10073653.97,shares,0
2023-01-16,50.98,52.5,50.73,52.15,50.57,328517,16987186.51,shares,0
2023-01-17,52.16,54.78,52.16,54.54,52.15,479147,25822409.02,shares,0
2023-01-18,54.05,54.68,53.71,54.49,54.54,278916,15114609.11,shares,0
2023-01-19,54.22,56.99,54.21,56.46,54.49,546504,30558047.02,shares,0
2023-01-20,56.7,56.9,55.51,55.72,56.46,292877,16348510.46,shares,0
2023-01-30,56.77,57.69,55.2,57.21,55.72,668930,38004062.51,shares,0
2023-01-31,56.6,57.18,55.8,56.5,57.21,548507,30872044.34,shares,0
2023-02-01,56.5,58.8,56.5,58.25,56.5,1005763,58414975.86,shares,0
2023-02-02,58.26,59.5,57.08,57.45,58.25,432136,24936956.45,shares,0
2023-02-03,57.6,60.1,57.26,59.54,57.45,1155984,68072823.87,shares,0
2023-02-06,59.95,59.95,57.31,57.9,59.54,826079,47933882.55,shares,0
2023-02-07,57.9,58.12,57.0,57.56,57.9,444838,25539841.86,shares,0
2023-02-08,57.4,57.75,56.71,56.88,57.56,298044,16999977.71,shares,0
2023-02-09,56.9,59.7,56.56,59.18,56.88,487714,28727183.88,shares,0
2023-02-10,58.73,60.6,58.0,60.34,59.18,761827,45227790.57,shares,0
2023-02-13,60.49,63.36,60.33,61.39,60.34,714146,44209760.34,shares,0
2023-02-14,61.89,62.49,60.55,62.01,61.39,273396,16901346.67,shares,0
2023-02-15,62.5,63.3,61.52,61.92,62.01,271422,16864196.56,shares,0
2023-02-16,62.35,63.1,60.0,60.8,61.92,711343,43557616.16,shares,0
2023-02-17,60.36,61.22,59.1,59.33,60.8,403239,24146041.78,shares,0
2023-02-20,59.32,61.14,58.46,60.9,59.33,383428,22897662.38,shares,0
2023-02-21,60.8,61.65,60.29,61.23,60.9,254244,15532559.86,shares,0
2023-02-22,60.53,61.55,60.06,60.6,61.23,206809,12570679.34,shares,0
2023-02-23,60.12,60.9,58.3,59.1,60.6,611071,36107526.43,shares,0
2023-02-24,59.5,60.18,58.55,58.92,59.1,512585,30317459.35,shares,0
2023-02-27,58.8,58.99,57.01,57.29,58.92,485648,27970069.37,shares,0
2023-02-28,57.49,60.2,57.3,58.78,57.29,780481,45943917.67,shares,0
2023-03-01,58.43,59.77,57.85,58.22,58.78,824532,48336501.46,shares,0
2023-03-02,58.19,62.2,57.96,60.4,58.22,1424793,86270032.37,shares,0
2023-03-03,60.52,61.5,59.77,60.05,60.4,717732,43483704.26,shares,0
2023-03-06,60.27,61.1,58.01,60.5,60.05,931797,55349066.55,shares,0
2023-03-07,60.02,61.1,58.59,58.95,60.5,436954,26072285.57,shares,0
2023-03-08,59.11,59.97,58.3,58.61,58.95,518199,30537340.64,shares,0
2023-03-09,58.27,61.06,58.27,59.86,58.61,666116,39906067.32,shares,0
2023-03-10,59.45,60.88,59.05,59.78,59.86,439649,26434026.47,shares,0
2023-03-13,59.5,59.95,57.0,57.71,59.78,899368,52052299.13,shares,0
2023-03-14,57.54,57.71,56.12,57.08,57.71,510047,29005478.89,shares,0
2023-03-15,57.18,58.67,56.72,57.2,57.08,498806,28646750.01,shares,0
2023-03-16,57.0,57.34,55.25,55.5,57.2,335021,18844807.42,shares,0
2023-03-17,55.53,57.17,55.06,55.92,55.5,942337,52707932.19,shares,0
2023-03-20,56.4,58.81,55.6,57.48,55.92,817063,47086948.05,shares,0
2023-03-21,57.98,68.18,57.41,67.18,57.48,2329634,151015099.23,shares,0
2023-03-22,67.24,68.97,65.6,67.66,67.18,1474050,98847625.5,shares,0
2023-03-23,66.02,67.5,64.36,67.01,67.66,1451607,95389797.79,shares,0
2023-03-24,66.55,67.8,65.6,66.83,67.01,615520,40802784.28,shares,0
2023-03-27,66.84,67.37,64.38,64.76,66.83,1051484,68727986.02,shares,0
2023-03-28,64.6,65.2,63.5,64.01,64.76,696188,44745640.52,shares,0
2023-03-29,64.61,66.17,64.0,64.69,64.01,742595,48262389.48,shares,0
2023-03-30,65.26,67.74,64.45,66.45,64.69,1008928,66898052.21,shares,0
2023-03-31,66.33,68.5,66.33,68.06,66.45,900008,60539044.51,shares,0
2023-04-03,69.05,69.49,67.2,68.87,68.06,1032506,70488443.62,shares,0
2023-04-04,69.49,73.4,68.5,72.98,68.87,1829310,132030533.03,shares,0
2023-04-06,73.9,87.58,73.9,87.58,72.98,2377244,195836785.78,shares,0
2023-04-07,90.78,97.0,85.52,87.34,87.58,4308819,385884696.01,shares,0
2023-04-10,85.31,88.99,80.7,81.97,87.34,2826552,237643346.87,shares,0
2023-04-11,81.69,84.59,80.08,80.57,81.97,1869100,153374570.63,shares,0
2023-04-12,80.28,82.4,78.62,80.88,80.57,1537385,123459250.5,shares,0
2023-04-13,81.1,81.36,78.07,78.51,80.88,1686267,133316824.93,shares,0
2023-04-14,78.51,80.46,76.47,79.7,78.51,1889685,148828940.58,shares,0
2023-04-17,80.88,80.88,75.71,78.0,79.7,1751141,136874919.89,shares,0
2023-04-18,77.75,77.98,76.23,76.7,78.0,1009554,77667895.91,shares,0
2023-04-19,76.7,78.9,76.08,77.26,76.7,1204421,93553331.97,shares,0
2023-04-20,76.68,83.0,76.11,82.8,77.26,2791817,223832155.02,shares,0
2023-04-21,81.95,83.0,76.5,76.89,82.8,1908595,151565241.7,shares,0
2023-04-24,78.31,78.31,73.4,75.31,76.89,1400266,104849579.72,shares,0
2023-04-25,75.5,75.98,72.95,75.01,75.31,1356410,100562794.5,shares,0
2023-04-26,75.06,75.06,71.88,72.5,75.01,1325380,96889210.21,shares,0
2023-04-27,72.49,74.39,70.13,71.15,72.5,1077587,77472331.67,shares,0
2023-04-28,70.05,72.9,70.01,70.62,71.15,874829,62293210.83,shares,0
2023-05-04,69.01,70.58,66.8,67.2,70.62,1914119,129845555.25,shares,0
2023-05-05,67.3,67.68,66.7,66.89,67.2,506015,33975161.89,shares,0
2023-05-08,67.64,67.64,66.1,66.5,66.89,600717,40064678.0,shares,0
2023-05-09,66.59,67.58,64.82,64.96,66.5,632170,41764268.07,shares,0
2023-05-10,64.97,65.18,63.8,64.0,64.96,540765,34687833.17,shares,0
2023-05-11,64.4,64.65,63.09,63.5,64.0,350773,22303781.18,shares,0
2023-05-12,63.6,64.16,62.48,62.59,63.5,263511,16593537.92,shares,0
2023-05-15,62.11,62.93,61.0,62.48,62.59,524242,32473019.55,shares,0
2023-05-16,62.98,62.99,61.82,62.1,62.48,480580,29948076.81,shares,0
2023-05-17,62.4,63.25,61.47,63.02,62.1,974174,60863952.48,shares,0
2023-05-18,62.5,64.94,62.5,63.59,63.02,1177824,74794927.67,shares,0
2023-05-19,63.83,65.51,63.01,65.0,63.59,1193235,76951828.56,shares,0
2023-05-22,65.29,66.37,63.0,63.57,65.0,845227,54056670.77,shares,0
2023-05-23,63.3,64.39,62.34,63.35,63.57,724322,45979970.92,shares,0
2023-05-24,63.0,64.69,62.1,64.05,63.35,582367,36940512.79,shares,0
2023-05-25,64.58,65.99,63.02,63.98,64.05,613349,39348118.31,shares,0
2023-05-26,63.82,65.87,63.15,64.59,63.98,991899,64260750.49,shares,0
2023-05-29,65.6,66.72,64.25,65.17,64.59,860288,56451002.99,shares,0
2023-05-30,65.31,66.18,62.52,64.48,65.17,846823,54183614.23,shares,0
2023-05-31,64.45,66.55,62.1,66.38,64.48,1432781,92211151.85,shares,0
2023-06-01,69.9,73.86,69.61,70.62,66.38,3083736,219428520.17,shares,0
2023-06-02,69.2,71.35,67.58,70.0,70.62,1733817,119900176.96,shares,0
2023-06-05,70.0,71.58,68.95,69.33,70.0,1189126,83344661.39,shares,0
2023-06-06,69.24,69.24,66.55,66.57,69.33,847929,57512635.44,shares,0
2023-06-07,66.71,68.28,66.4,67.0,66.57,840195,56558216.99,shares,0
2023-06-08,67.0,67.29,64.5,66.01,67.0,609848,40198856.57,shares,0
2023-06-09,66.46,66.46,63.55,65.67,66.01,1070456,69420016.43,shares,0
2023-06-12,66.15,69.55,65.78,69.0,65.67,1086367,73898805.95,shares,0
2023-06-13,69.22,70.54,68.0,70.18,69.0,852621,59206034.43,shares,0
2023-06-14,70.42,70.55,67.71,68.01,70.18,863529,58968505.7,shares,0
2023-06-15,45.0,45.92,43.6,45.83,45.34,1690629,75631241.9,shares,0
2023-06-16,46.45,48.13,44.7,47.9,45.83,2408849,112538858.9,shares,0
2023-06-19,48.45,50.5,47.92,49.99,47.9,3927892,195052324.7,shares,0
2023-06-20,49.05,50.45,46.6,47.3,49.99,2771597,133167737.24,shares,0
2023-06-21,47.3,47.93,45.71,46.65,47.3,1811161,84681283.25,shares,0
2023-06-26,46.02,47.39,45.38,46.29,46.65,1048297,48539333.83,shares,0
2023-06-27,46.39,47.44,46.02,46.11,46.29,656946,30522062.99,shares,0
2023-06-28,46.5,46.5,44.52,45.3,46.11,962970,43462230.85,shares,0
2023-06-29,45.33,46.29,44.56,44.78,45.3,871530,39423834.63,shares,0
2023-06-30,44.52,47.0,44.3,46.75,44.78,1205220,55720759.82,shares,0
2023-07-03,46.42,47.19,43.5,45.02,46.75,2244672,100982202.33,shares,0
2023-07-04,44.6,45.78,43.63,45.52,45.02,1690435,75322318.48,shares,0
2023-07-05,45.67,46.92,44.75,44.92,45.52,1322406,60687463.57,shares,0
2023-07-06,44.92,47.2,44.33,46.94,44.92,1423645,66068601.62,shares,0
2023-07-07,47.0,47.0,45.02,45.79,46.94,893519,41100870.5,shares,0
2023-07-10,45.67,45.88,43.9,45.57,45.79,1198613,53581410.95,shares,0
2023-07-11,45.43,50.4,45.02,48.86,45.57,3530474,170937358.46,shares,0
2023-07-12,49.44,53.5,49.01,51.75,48.86,6788680,347789777.35,shares,0
2023-07-13,50.17,56.22,49.56,55.08,51.75,10438208,559766140.18,shares,0
2023-07-14,57.0,58.5,53.01,53.62,55.08,9907566,549965752.3,shares,0
2023-07-17,54.32,56.5,53.02,54.95,53.62,5526273,301781764.81,shares,0
2023-07-18,55.0,57.89,49.72,49.76,54.95,8078095,436981273.76,shares,0
2023-07-19,49.11,51.41,48.6,50.41,49.76,4860753,243645202.37,shares,0
2023-07-20,50.49,51.2,47.4,47.73,50.41,4441540,216079291.31,shares,0
2023-07-21,48.08,49.28,47.1,48.42,47.73,2709795,130531747.88,shares,0
2023-07-24,48.02,49.71,46.3,46.48,48.42,2169963,104258463.4,shares,0
2023-07-25,47.12,48.5,45.53,48.2,46.48,2578550,122782076.73,shares,0
2023-07-26,47.93,48.29,44.92,45.33,48.2,2807257,129266594.46,shares,0
2023-07-27,45.0,45.49,43.62,44.69,45.33,2658031,118358682.37,shares,0
2023-07-28,44.64,44.96,42.88,44.06,44.69,2748809,120433261.85,shares,0
2023-07-31,43.01,44.8,42.75,44.12,44.06,2143007,94230000.99,shares,0
2023-08-01,44.01,44.55,42.96,43.11,44.12,1298399,56496803.54,shares,0
2023-08-02,42.9,44.44,42.5,43.99,43.11,1680304,73505313.21,shares,0
2023-08-03,43.75,44.87,42.93,44.37,43.99,1532682,67386429.52,shares,0
2023-08-04,44.0,44.4,42.92,43.29,44.37,1589859,69263398.81,shares,0
2023-08-07,43.01,43.75,43.01,43.5,43.29,748525,32421966.35,shares,0
2023-08-08,43.26,44.7,41.98,44.49,43.5,2048702,89008636.46,shares,0
2023-08-09,44.3,44.3,43.18,43.18,44.49,597898,26063021.66,shares,0
2023-08-10,43.01,43.5,42.68,42.74,43.18,521272,22388339.05,shares,0
2023-08-11,43.0,43.0,42.11,42.3,42.74,435814,18525754.97,shares,0
2023-08-14,42.0,43.08,41.55,42.98,42.3,720935,30513820.79,shares,0
2023-08-15,43.0,43.1,41.93,42.1,42.98,586871,24850577.1,shares,0
2023-08-16,42.06,42.68,41.7,42.12,42.1,545412,23026549.54,shares,0
2023-08-17,41.9,42.75,41.6,42.15,42.12,339638,14345251.26,shares,0
2023-08-18,42.05,43.19,41.91,42.0,42.15,818597,34824087.46,shares,0
2023-08-21,42.0,42.49,41.5,41.51,42.0,640325,26849942.81,shares,0
2023-08-22,41.74,42.21,40.38,42.2,41.51,979469,40511153.87,shares,0
2023-08-23,41.89,41.97,40.68,40.74,42.2,442309,18188600.59,shares,0
2023-08-24,41.0,41.25,40.13,40.6,40.74,897414,36410454.37,shares,0
2023-08-25,40.46,41.0,39.03,39.18,40.6,1028331,40804084.71,shares,0
2023-08-28,41.15,41.34,38.91,39.11,39.18,658330,26367020.6,shares,0
2023-08-29,39.19,41.19,39.0,41.01,39.11,848923,34326103.59,shares,0
2023-08-30,41.01,43.5,41.01,43.05,41.01,1399113,59980811.95,shares,0
2023-08-31,43.3,44.15,42.71,42.99,43.05,819866,35564398.17,shares,0
2023-09-01,43.04,43.77,42.62,43.45,42.99,444528,19192084.06,shares,0
2023-09-04,43.02,44.0,42.5,43.82,43.45,754415,32802731.36,shares,0
2023-09-05,43.82,44.69,43.52,43.68,43.82,530259,23409490.45,shares,0
2023-09-06,43.59,45.8,43.3,45.48,43.68,1336664,60204753.02,shares,0
2023-09-07,45.46,46.0,44.05,44.06,45.48,809349,36077034.7,shares,0
2023-09-08,44.0,45.16,43.92,44.54,44.06,753825,33654443.66,shares,0
2023-09-11,44.5,45.77,44.11,44.46,44.54,690023,30858350.89,shares,0
2023-09-12,44.7,45.09,44.0,44.85,44.46,695249,30993337.97,shares,0
2023-09-13,44.85,45.5,43.61,43.97,44.85,673758,29788478.52,shares,0
2023-09-14,43.99,44.1,43.15,43.9,43.97,601089,26229553.02,shares,0
2023-09-15,43.79,45.15,43.42,44.0,43.9,492832,21751044.58,shares,0
2023-09-18,43.55,44.49,43.32,43.39,44.0,394177,17189863.82,shares,0
2023-09-19,43.4,43.44,42.5,42.86,43.39,460375,19734162.88,shares,0
2023-09-20,42.51,42.99,42.02,42.04,42.86,443087,18747943.17,shares,0
2023-09-21,41.99,42.44,41.73,41.76,42.04,256255,10779549.46,shares,0
2023-09-22,41.99,43.03,41.06,42.98,41.76,383398,16291331.82,shares,0
2023-09-25,43.47,43.5,42.15,42.66,42.98,361390,15375036.55,shares,0
2023-09-26,42.4,42.6,41.95,42.02,42.66,248842,10494206.62,shares,0
2023-09-27,42.02,42.55,41.77,42.1,42.02,282194,11896421.14,shares,0
2023-09-28,42.39,43.19,42.09,42.98,42.1,567503,24217439.58,shares,0
2023-10-09,43.2,43.3,42.53,42.77,42.98,392800,16815216.69,shares,0
2023-10-10,42.99,43.43,42.63,42.9,42.77,336145,14444090.23,shares,0
2023-10-11,42.77,44.37,42.55,43.49,42.9,535797,23281495.67,shares,0
2023-10-12,43.53,43.68,42.6,43.05,43.49,452598,19480544.24,shares,0
2023-10-13,43.05,44.18,42.75,43.98,43.05,581557,25377907.16,shares,0
2023-10-16,44.01,44.48,43.12,43.46,43.98,784648,34112753.89,shares,0
2023-10-17,43.12,44.1,43.12,43.9,43.46,406062,17759001.71,shares,0
2023-10-18,43.8,44.0,43.41,43.61,43.9,313043,13686878.76,shares,0
2023-10-19,43.5,44.38,43.43,43.46,43.61,613436,26919449.85,shares,0
2023-10-20,43.51,43.65,40.64,41.65,43.46,1281830,53614153.2,shares,0
2023-10-23,41.62,41.62,39.8,40.64,41.65,623518,25180606.57,shares,0
2023-10-24,40.86,41.88,40.28,41.5,40.64,410283,16912027.17,shares,0
2023-10-25,41.5,42.54,41.14,42.2,41.5,422446,17696314.03,shares,0
2023-10-26,42.95,45.4,42.9,45.28,42.2,1585287,70410815.26,shares,0
2023-10-27,44.81,46.91,44.21,46.28,45.28,1496350,68395083.92,shares,0
2023-10-30,46.23,47.49,46.01,46.95,46.28,656252,30813309.4,shares,0
2023-10-31,46.95,47.8,45.91,46.13,46.95,600653,27930718.5,shares,0
2023-11-01,46.01,46.61,45.8,46.0,46.13,412716,19050225.05,shares,0
2023-11-02,45.91,46.27,44.58,44.76,46.0,751792,33898031.15,shares,0
2023-11-03,44.99,45.86,44.5,45.6,44.76,740886,33448896.33,shares,0
2023-11-06,45.87,46.55,45.11,45.62,45.6,935069,42918940.52,shares,0
2023-11-07,45.72,47.1,45.72,46.59,45.62,1215347,56558503.12,shares,0
2023-11-08,46.59,47.84,45.82,47.19,46.59,1128851,53215743.72,shares,0
2023-11-09,47.21,49.21,47.02,48.9,47.19,1709307,83499566.12,shares,0
2023-11-10,48.51,49.74,47.38,47.38,48.9,949357,45765839.11,shares,0
2023-11-13,47.69,48.61,47.69,47.9,47.38,536015,25744423.82,shares,0
2023-11-14,51.0,54.88,50.0,51.39,47.9,3318398,170968896.37,shares,0
2023-11-15,54.44,61.67,54.43,57.99,51.39,8793661,511303048.06,shares,0
2023-11-16,57.49,59.73,54.3,54.3,57.99,6801316,386840428.7,shares,0
2023-11-17,55.65,65.16,55.65,65.16,54.3,10596250,641924567.17,shares,0
2023-11-20,67.0,67.0,61.85,63.88,65.16,11439293,728245871.66,shares,0
2023-11-21,63.26,63.87,58.09,59.13,63.88,9184739,559784993.19,shares,0
2023-11-22,59.66,60.47,58.19,58.2,59.13,6520400,387512665.28,shares,0
2023-11-23,58.31,59.39,56.4,58.35,58.2,5119081,297142097.92,shares,0
2023-11-24,58.5,58.99,54.6,54.67,58.35,5851305,327076918.82,shares,0
2023-11-27,54.5,56.08,54.1,55.5,54.67,3332951,183725450.57,shares,0
2023-11-28,55.59,57.83,55.32,57.02,55.5,4026813,228728081.24,shares,0
2023-11-29,56.99,57.5,56.14,56.75,57.02,2102000,119077819.97,shares,0
2023-11-30,56.61,56.61,55.08,55.97,56.75,2215994,123189186.47,shares,0
2023-12-01,55.82,57.5,55.33,57.26,55.97,2482579,140853149.36,shares,0
2023-12-04,57.5,58.8,56.7,57.15,57.26,3592562,207908278.83,shares,0
2023-12-05,56.72,57.32,55.24,55.24,57.15,2210219,123476546.65,shares,0
2023-12-06,55.0,56.16,54.5,54.83,55.24,1866560,102894125.06,shares,0
2023-12-07,54.83,55.48,54.1,54.59,54.83,1679702,92153837.46,shares,0
2023-12-08,55.0,57.41,54.84,56.7,54.59,2710017,152801819.98,shares,0
2023-12-11,55.82,56.18,54.55,55.6,56.7,2191267,121185540.24,shares,0
2023-12-12,55.66,56.45,54.72,54.86,55.6,1631550,90529168.73,shares,0
2023-12-13,54.82,55.15,54.3,54.9,54.86,1290779,70793040.22,shares,0
2023-12-14,55.29,56.28,54.1,54.12,54.9,1746382,95991778.69,shares,0
2023-12-15,54.12,54.63,53.2,53.48,54.12,1795609,96462777.58,shares,0
2023-12-18,53.01,53.26,51.91,52.15,53.48,1899249,99709338.83,shares,0
2023-12-19,51.99,52.99,51.91,52.33,52.15,1323172,69219754.72,shares,0
2023-12-20,52.33,52.65,51.61,51.72,52.33,974651,50703359.22,shares,0
2023-12-21,51.55,53.12,50.78,52.47,51.72,1717340,89630613.28,shares,0
2023-12-22,52.55,53.2,50.91,51.18,52.47,1758452,91099934.96,shares,0
2023-12-25,50.55,51.29,50.11,50.5,51.18,1427093,72209491.1,shares,0
2023-12-26,50.42,50.91,49.6,49.94,50.5,990611,49687409.8,shares,0
2023-12-27,50.26,51.66,49.63,51.22,49.94,1204903,61362753.55,shares,0
2023-12-28,51.97,52.93,50.77,51.79,51.22,1744105,90592279.93,shares,0
2023-12-29,51.36,53.25,51.36,52.95,51.79,1766627,92902817.84,shares,0
2024-01-02,52.71,52.83,50.9,51.49,52.95,1368351,70448663.18,shares,0
2024-01-03,51.2,51.33,49.75,49.9,51.49,1824681,91779081.52,shares,0
2024-01-04,49.97,50.19,49.35,49.35,49.9,1038514,51715756.85,shares,0
2024-01-05,49.2,50.35,48.36,48.52,49.35,1392362,68684772.67,shares,0
2024-01-08,48.55,48.87,47.8,48.07,48.52,897188,43235374.43,shares,0
2024-01-09,47.9,48.65,46.6,46.85,48.07,1866363,88446837.19,shares,0
2024-01-10,46.5,47.15,46.07,46.47,46.85,870845,40597080.77,shares,0
2024-01-11,46.25,47.9,46.25,47.63,46.47,1417240,67003298.23,shares,0
2024-01-12,47.38,47.58,46.27,46.28,47.63,1133399,52950989.53,shares,0
2024-01-15,46.35,46.75,45.9,46.3,46.28,1020185,47191735.11,shares,0
2024-01-16,46.13,46.3,44.75,45.22,46.3,2219268,100332773.16,shares,0
2024-01-17,45.17,45.35,43.8,43.8,45.22,893068,39700402.82,shares,0
2024-01-18,43.38,44.41,42.64,43.88,43.8,1630652,70601582.63,shares,0
2024-01-19,44.45,45.98,43.9,44.0,43.88,1667162,74475008.02,shares,0
2024-01-22,44.09,45.19,41.56,41.76,44.0,1984630,86386958.08,shares,0
2024-01-23,42.09,42.09,40.9,41.37,41.76,1546304,64181298.82,shares,0
2024-01-24,41.75,42.1,39.6,41.0,41.37,1439589,58476381.05,shares,0
2024-01-25,40.97,42.67,40.38,42.55,41.0,1235537,51771535.67,shares,0
2024-01-26,42.46,42.79,40.98,41.09,42.55,1251978,52270237.74,shares,0
2024-01-29,41.31,41.75,39.48,39.53,41.09,995588,40072266.35,shares,0
2024-01-30,39.17,39.72,37.6,37.65,39.53,1335961,51510524.27,shares,0
2024-01-31,37.4,38.35,35.6,35.6,37.65,1355702,49628380.86,shares,0
2024-02-01,35.5,36.67,34.34,35.82,35.6,1532228,54741150.72,shares,0
2024-02-02,35.7,36.1,32.65,33.94,35.82,1557890,53516051.06,shares,0
2024-02-05,33.17,33.5,29.8,30.61,33.94,2668732,83361105.95,shares,0
2024-02-06,30.1,33.7,28.88,33.7,30.61,3408761,107149402.49,shares,0
2024-02-07,33.69,38.5,33.15,34.76,33.7,3803730,136764845.08,shares,0
2024-02-08,34.55,38.88,33.51,38.07,34.76,4145139,149410917.08,shares,0
2024-02-19,39.15,40.98,38.77,40.45,38.07,3923277,156913941.82,shares,0
2024-02-20,39.97,41.3,39.05,41.0,40.45,2872849,114658961.83,shares,0
2024-02-21,40.22,40.44,39.25,39.28,41.0,2765157,110087168.73,shares,0
2024-02-22,39.6,41.56,39.59,40.89,39.28,2807319,114085575.91,shares,0
2024-02-23,40.8,42.28,40.64,41.3,40.89,2930148,121261444.05,shares,0
2024-02-26,42.9,44.48,41.8,43.35,41.3,3716156,160268751.53,shares,0
2024-02-27,43.4,45.48,43.01,45.0,43.35,3534784,156656487.47,shares,0
2024-02-28,44.35,45.9,41.6,41.63,45.0,3683266,160689908.32,shares,0
2024-02-29,41.8,44.19,41.52,44.05,41.63,2982037,128782061.29,shares,0
2024-03-01,44.38,46.13,44.0,45.66,44.05,2788005,125662471.28,shares,0
2024-03-04,46.88,50.19,46.17,48.92,45.66,4784145,231272574.28,shares,0
2024-03-05,48.63,51.28,46.01,46.45,48.92,5302230,258320715.45,shares,0
2024-03-06,46.46,46.98,44.58,45.92,46.45,3525976,160852340.41,shares,0
2024-03-07,46.58,48.2,44.69,45.65,45.92,3453991,160579013.54,shares,0
2024-03-08,46.07,50.0,46.0,50.0,45.65,5642967,273468042.54,shares,0
2024-03-11,48.52,49.03,47.25,48.89,50.0,5130387,246310741.08,shares,0
2024-03-12,48.2,50.18,46.7,47.69,48.89,4068492,195714822.78,shares,0
2024-03-13,48.5,49.44,47.6,48.24,47.69,3972481,192338307.98,shares,0
2024-03-14,47.5,47.5,45.75,46.55,48.24,3247835,151182931.22,shares,0
2024-03-15,46.01,46.95,45.2,46.69,46.55,2478721,114204895.56,shares,0
2024-03-18,46.62,48.18,46.51,48.09,46.69,3243851,153970111.21,shares,0
2024-03-19,47.99,48.46,47.06,47.25,48.09,2781782,132519325.03,shares,0
2024-03-20,47.3,49.79,46.61,47.83,47.25,5170872,248246040.31,shares,0
2024-03-21,49.98,50.88,47.33,47.37,47.83,6763517,330693059.58,shares,0
2024-03-22,47.38,48.97,45.15,45.22,47.37,6422047,301369831.58,shares,0
2024-03-25,44.73,45.66,43.13,43.43,45.22,4486933,199221005.4,shares,0
2024-03-26,43.71,44.87,42.31,42.94,43.43,3256064,141357749.04,shares,0
2024-03-27,42.67,43.04,40.11,40.3,42.94,3391840,140071312.52,shares,0
2024-03-28,40.08,42.59,40.06,41.77,40.3,3405286,140818932.87,shares,0
2024-03-29,41.8,43.8,40.56,43.18,41.77,3139748,132900659.64,shares,0
2024-04-01,43.08,44.3,42.68,43.4,43.18,2517973,109119479.86,shares,0
2024-04-02,43.34,43.79,41.83,42.37,43.4,2196777,93446062.54,shares,0
2024-04-03,42.3,42.98,40.7,41.5,42.37,2137291,89273049.1,shares,0
2024-04-08,41.27,41.27,40.1,40.15,41.5,2178849,88175022.38,shares,0
2024-04-09,40.11,41.05,39.72,41.0,40.15,1503563,60823535.44,shares,0
2024-04-10,41.0,41.0,39.17,39.4,41.0,1618456,64383003.76,shares,0
2024-04-11,39.4,43.28,39.4,41.82,39.4,4932988,208150996.72,shares,0
2024-04-12,41.99,42.84,41.39,42.28,41.82,2595487,109325200.08,shares,0
2024-04-15,42.16,42.88,39.75,40.33,42.28,3148012,130187820.16,shares,0
2024-04-16,39.89,40.39,37.21,37.49,40.33,2922788,112253239.3,shares,0
2024-04-17,37.95,41.59,37.95,41.55,37.49,3097853,124429264.15,shares,0
2024-04-18,41.39,43.65,40.45,42.28,41.55,3155214,133553360.54,shares,0
2024-04-19,42.1,42.28,40.62,41.59,42.28,1931027,79928865.18,shares,0
2024-04-22,41.0,41.56,39.22,41.39,41.59,1906019,77464221.83,shares,0
2024-04-23,41.69,42.5,41.45,42.0,41.39,1434678,60272577.97,shares,0
2024-04-24,42.0,43.46,41.76,43.3,42.0,2249961,96584788.36,shares,0
2024-04-25,43.97,46.5,43.97,45.15,43.3,4415058,200369535.27,shares,0
2024-04-26,46.7,48.8,45.66,48.1,45.15,5003593,235823346.96,shares,0
2024-04-29,48.04,49.5,47.89,48.18,48.1,3363077,162955548.36,shares,0
2024-04-30,48.18,48.9,47.2,47.88,48.18,2046315,98070052.45,shares,0
2024-05-06,48.49,49.5,47.16,49.0,47.88,2403724,116797574.39,shares,0
2024-05-07,48.62,50.5,48.58,49.0,49.0,3000360,148701376.98,shares,0
2024-05-08,49.12,49.74,48.11,48.36,49.0,1905721,93101636.98,shares,0
2024-05-09,48.48,48.99,47.69,48.48,48.36,1694045,81653961.85,shares,0
2024-05-10,48.5,48.58,45.55,45.64,48.48,3014872,139812529.91,shares,0
2024-05-13,45.25,47.75,44.82,46.65,45.64,2616808,122001080.13,shares,0
2024-05-14,46.27,47.4,45.41,45.66,46.65,1444310,66790990.41,shares,0
2024-05-15,45.67,48.19,45.2,46.49,45.66,2282275,107497584.16,shares,0
2024-05-16,46.98,49.48,46.94,49.16,46.49,3228592,156439359.23,shares,0
2024-05-17,48.61,49.64,48.08,49.49,49.16,2798216,136708172.85,shares,0
2024-05-20,49.48,49.48,47.9,49.0,49.49,3561647,172841951.23,shares,0
2024-05-21,49.0,49.66,48.0,48.14,49.0,1923087,93646230.15,shares,0
2024-05-22,48.3,48.46,46.66,48.24,48.14,2286920,108722346.22,shares,0
2024-05-23,47.95,52.39,47.49,49.63,48.24,5013109,250220510.67,shares,0
2024-05-24,49.3,49.43,46.46,47.05,49.63,4329886,205420745.43,shares,0
2024-05-27,47.47,50.09,45.75,49.6,47.05,3846378,184566373.89,shares,0
2024-05-28,50.08,51.92,49.09,50.1,49.6,4865643,246269259.88,shares,0
2024-05-29,49.75,50.17,48.63,49.09,50.1,2006389,99091622.57,shares,0
2024-05-30,48.55,51.08,48.4,50.14,49.09,2787023,139952253.49,shares,0
2024-05-31,50.05,50.79,49.55,49.67,50.14,1742512,87111525.36,shares,0
2024-06-03,49.6,51.6,49.15,49.68,49.67,3052808,153517661.46,shares,0
2024-06-04,49.49,50.13,48.92,49.4,49.68,1747829,86237621.84,shares,0
2024-06-05,49.2,50.25,49.0,49.72,49.4,1832390,91054253.37,shares,0
2024-06-06,49.88,52.15,49.1,49.29,49.22,3678764,186902992.77,shares,0
2024-06-07,49.29,52.19,47.58,48.39,49.29,4706892,231955160.78,shares,0
2024-06-11,48.0,51.05,47.55,51.0,48.39,3884537,191787611.34,shares,0
2024-06-12,50.5,54.78,50.26,53.38,51.0,5320711,279197328.45,shares,0
2024-06-13,54.39,54.63,52.88,53.0,53.38,4075859,218048161.85,shares,0
2024-06-14,52.71,53.6,52.2,53.1,53.0,2428961,128477143.0,shares,0
2024-06-17,53.0,55.79,52.6,55.33,53.1,3817663,207785032.16,shares,0
2024-06-18,55.46,55.7,53.35,54.25,55.33,3266606,177428020.47,shares,0
2024-06-19,54.96,55.15,52.55,53.25,54.25,2726452,146048589.72,shares,0
2024-06-20,53.01,55.7,53.0,53.8,53.25,3473396,188440221.01,shares,0
2024-06-21,53.01,54.5,51.75,53.73,53.8,2100148,111700210.61,shares,0
2024-06-24,53.1,53.9,50.0,50.58,53.73,3982260,206379328.01,shares,0
2024-06-25,50.3,50.45,47.8,48.0,50.58,4278470,208255109.91,shares,0
2024-06-26,48.19,49.09,47.5,48.84,48.0,2895281,140058406.96,shares,0
2024-06-27,48.78,49.45,47.5,47.55,48.84,2871566,139019007.48,shares,0
2024-06-28,47.46,49.36,47.2,48.1,47.55,2324268,112581569.03,shares,0
2024-07-01,48.13,50.18,47.31,49.6,48.1,2445136,119134556.33,shares,0
2024-07-02,49.35,49.8,48.55,49.58,49.6,2191710,107670734.16,shares,0
2024-07-03,49.38,51.71,48.01,50.12,49.58,3367851,167704667.84,shares,0
2024-07-04,49.91,50.49,47.89,48.0,50.12,2699435,132869894.07,shares,0
2024-07-05,48.0,48.22,46.33,47.15,48.0,2829044,133104248.87,shares,0
2024-07-08,46.99,48.6,46.51,47.15,47.15,2542577,121496129.98,shares,0
2024-07-09,47.18,51.48,46.99,51.09,47.15,3972625,198460935.92,shares,0
2024-07-10,50.75,52.5,50.68,51.98,51.09,2601316,134521552.57,shares,0
2024-07-11,52.62,52.8,51.16,52.25,51.98,3150046,163755362.73,shares,0
2024-07-12,51.51,51.77,50.05,51.37,52.25,2577871,131092985.29,shares,0
2024-07-15,51.03,54.47,51.03,53.67,51.37,4509771,241840480.33,shares,0
2024-07-16,53.7,54.28,52.05,53.61,53.67,2743905,145532727.37,shares,0
2024-07-17,53.32,54.29,52.1,52.16,53.61,1906979,101191699.96,shares,0
2024-07-18,51.55,52.25,49.45,52.18,52.16,2546124,129602522.21,shares,0
2024-07-19,51.55,54.28,51.55,52.54,52.18,2641980,140655050.11,shares,0
2024-07-22,52.4,53.2,51.88,52.7,52.54,1686760,88631826.61,shares,0
2024-07-23,52.51,52.77,49.46,49.46,52.7,2244363,113455443.95,shares,0
2024-07-24,49.55,49.99,48.53,48.55,49.46,1507036,74102311.89,shares,0
2024-07-25,48.02,48.04,46.51,46.75,48.55,2017404,95139573.43,shares,0
2024-07-26,46.99,47.89,46.0,47.44,46.75,1363587,63996103.23,shares,0
2024-07-29,47.4,47.76,45.52,45.68,47.44,1677482,77446361.15,shares,0
2024-07-30,45.55,46.39,44.6,45.57,45.68,1441469,65638734.47,shares,0
2024-07-31,45.47,47.98,45.1,47.83,45.57,1814202,85257322.16,shares,0
2024-08-01,49.76,50.83,48.38,49.12,47.83,2697887,133737455.7,shares,0
2024-08-02,48.25,48.59,47.15,47.15,49.12,2441560,116902025.66,shares,0
2024-08-05,46.2,47.14,45.0,45.0,47.15,2369601,108337932.81,shares,0
2024-08-06,45.77,46.25,44.02,44.82,45.0,1528966,68602443.92,shares,0
2024-08-07,44.88,45.13,43.85,43.97,44.82,1518907,67453006.91,shares,0
2024-08-08,43.51,44.09,42.62,43.04,43.97,1963057,84837387.49,shares,0
2024-08-09,44.0,44.64,43.47,43.93,43.04,1709440,75428480.14,shares,0
2024-08-12,43.52,44.55,43.01,43.45,43.93,1018004,44431019.96,shares,0
2024-08-13,43.5,44.09,43.2,44.0,43.45,815715,35700227.98,shares,0
2024-08-14,44.1,44.7,42.75,42.96,44.0,1539849,66803952.31,shares,0
2024-08-15,42.86,43.66,42.65,43.21,42.96,750725,32428774.01,shares,0
2024-08-16,43.4,44.54,43.27,43.6,43.21,1329302,58360767.81,shares,0
2024-08-19,43.6,43.74,41.87,42.15,43.6,1703666,72825954.79,shares,0
2024-08-20,42.36,42.45,41.03,41.3,42.15,1212195,50344317.05,shares,0
2024-08-21,41.3,41.88,40.45,40.68,41.3,1760282,72165857.38,shares,0
2024-08-22,40.68,40.75,39.53,39.66,40.68,1808231,72465415.67,shares,0
2024-08-23,40.0,41.65,39.82,40.8,39.66,3555739,145465789.6,shares,0
2024-08-26,40.9,43.0,40.5,42.85,40.8,2492144,104637707.72,shares,0
2024-08-27,42.41,43.64,42.3,42.48,42.85,1126602,48179816.27,shares,0
2024-08-28,42.3,43.48,42.12,43.18,42.48,1205270,51738759.84,shares,0
2024-08-29,43.05,44.49,42.38,44.0,43.18,1671492,73095349.13,shares,0
2024-08-30,43.99,45.46,43.55,44.82,44.0,1704775,76593279.46,shares,0
2024-09-02,44.78,45.24,42.52,42.56,44.82,1531857,66366500.61,shares,0
2024-09-03,42.69,43.25,42.02,42.41,42.56,1353133,57536805.72,shares,0
2024-09-04,42.0,42.5,40.92,41.96,42.41,1254123,52390646.65,shares,0
2024-09-05,41.96,42.32,41.05,41.34,41.96,1395334,58073604.92,shares,0
2024-09-06,41.33,41.33,39.86,40.1,41.34,1897805,76408425.44,shares,0
2024-09-09,39.97,40.36,38.98,39.23,40.1,1638544,64518616.0,shares,0
2024-09-10,39.33,40.33,38.37,39.76,39.23,2449921,96182874.01,shares,0
2024-09-11,39.4,39.97,39.33,39.87,39.76,1592613,63166932.87,shares,0
2024-09-12,40.25,40.98,39.21,39.64,39.87,1885675,75260246.53,shares,0
2024-09-13,39.52,40.67,39.28,39.67,39.64,1344668,53734534.84,shares,0
2024-09-18,39.63,40.24,39.2,40.02,39.67,982626,39013012.85,shares,0
2024-09-19,40.03,40.15,38.4,38.73,40.02,2094889,81572271.91,shares,0
2024-09-20,38.89,39.25,37.91,38.35,38.73,1498048,57518489.14,shares,0
2024-09-23,38.02,38.85,37.88,38.09,38.35,1381744,52841342.43,shares,0
2024-09-24,38.09,40.58,37.67,39.88,38.09,3423586,134619778.4,shares,0
2024-09-25,40.32,40.96,39.52,39.61,39.88,2579499,103868511.71,shares,0
2024-09-26,40.05,42.38,39.86,42.31,39.61,2336223,95580350.27,shares,0
2024-09-27,42.48,44.89,42.2,44.57,42.31,1343928,58360734.06,shares,0
2024-09-30,45.9,51.93,45.9,51.3,44.57,4581349,225048472.69,shares,0
2024-10-08,61.0,61.0,53.0,58.17,51.3,6461626,368255715.98,shares,0
2024-10-09,56.0,57.36,51.58,52.03,58.17,5467970,299173030.57,shares,0
2024-10-10,53.11,54.77,50.81,50.9,52.03,4608437,243709545.69,shares,0
2024-10-11,51.9,51.9,47.92,49.41,50.9,3774837,186302129.92,shares,0
2024-10-14,49.33,51.76,48.24,51.63,49.41,2737255,137021245.06,shares,0
2024-10-15,51.99,52.79,50.09,50.09,51.63,2498185,128350050.99,shares,0
2024-10-16,49.55,50.15,48.47,49.02,50.09,2537577,124841566.55,shares,0
2024-10-17,49.49,50.25,48.75,48.9,49.02,2000594,98771451.78,shares,0
2024-10-18,48.56,55.0,48.56,53.44,48.9,5497045,288932358.02,shares,0
2024-10-21,54.36,56.0,52.6,54.27,53.44,5278943,286258267.18,shares,0
2024-10-22,54.3,54.97,51.75,52.38,54.27,4513633,238367036.68,shares,0
2024-10-23,51.88,52.89,51.08,51.2,52.38,2560726,132587982.17,shares,0
2024-10-24,51.2,51.94,50.48,51.29,51.2,1838286,93982847.8,shares,0
2024-10-25,51.29,52.69,50.66,51.9,51.29,2042994,105499561.54,shares,0
2024-10-28,51.67,53.17,51.0,52.55,51.9,2310483,120915621.49,shares,0
2024-10-29,52.8,54.0,51.86,52.31,52.55,2872958,151899193.3,shares,0
2024-10-30,52.5,53.4,51.5,52.47,52.31,2077665,108881659.24,shares,0
2024-10-31,52.47,52.89,50.9,51.72,52.47,3724756,192579026.2,shares,0
2024-11-01,51.49,51.58,49.05,49.71,51.72,3720463,186348719.31,shares,0
2024-11-04,49.71,51.35,49.66,50.84,49.71,1815761,92085414.51,shares,0
2024-11-05,50.98,53.44,50.02,53.0,50.84,2895313,151742170.81,shares,0
2024-11-06,53.18,55.78,52.25,54.15,53.0,4314184,233520251.18,shares,0
2024-11-07,54.49,55.18,53.25,54.54,54.15,2507075,135897764.19,shares,0
2024-11-08,55.57,58.9,55.57,57.5,54.54,4584620,263147980.53,shares,0
2024-11-11,58.99,62.6,58.74,62.36,57.5,5155470,312610266.24,shares,0
2024-11-12,62.28,62.28,57.88,58.25,62.36,5273953,311731491.46,shares,0
2024-11-13,58.22,58.22,56.18,57.27,58.25,2983267,170453937.13,shares,0
2024-11-14,57.31,57.48,54.0,54.21,57.27,3061362,169721481.52,shares,0
2024-11-15,54.18,54.5,51.18,51.51,54.21,3638141,192601008.15,shares,0
2024-11-18,51.81,52.68,50.56,51.4,51.51,2829838,146033667.93,shares,0
2024-11-19,51.75,53.53,51.42,53.28,51.4,2306358,120946697.51,shares,0
2024-11-20,53.8,54.29,52.36,53.12,53.28,2845165,151306954.1,shares,0
2024-11-21,53.3,54.5,52.51,53.29,53.12,1874694,100177657.39,shares,0
2024-11-22,53.11,55.88,51.98,51.98,53.29,3017703,163490380.04,shares,0
2024-11-25,53.51,56.14,53.11,54.89,51.98,4035938,221173215.34,shares,0
2024-11-26,54.91,54.91,52.55,52.84,54.89,2438847,130514721.21,shares,0
2024-11-27,52.75,54.0,51.21,54.0,52.84,2323977,122720840.62,shares,0
2024-11-28,55.2,59.83,55.1,57.3,54.0,7831242,450838356.2,shares,0
2024-11-29,57.71,60.12,56.18,58.14,57.3,6117400,355222517.05,shares,0
2024-12-02,59.77,62.6,59.1,60.3,58.14,8110237,493632271.79,shares,0
2024-12-03,61.65,65.29,61.6,61.88,60.3,9383053,592093238.69,shares,0
2024-12-04,61.66,66.9,61.25,62.72,61.88,8171456,524567077.42,shares,0
2024-12-05,61.71,62.72,59.41,59.84,62.72,6539780,397239167.52,shares,0
2024-12-06,59.68,59.84,57.96,59.0,59.84,3922352,230469703.47,shares,0
2024-12-09,58.58,60.68,58.2,59.21,59.0,4703696,278535821.24,shares,0
2024-12-10,61.0,61.29,59.01,59.29,59.21,3866606,231802205.8,shares,0
2024-12-11,59.01,59.87,56.95,59.7,59.29,4157324,243378398.63,shares,0
2024-12-12,59.51,60.49,59.05,60.37,59.7,2587516,154571069.91,shares,0
2024-12-13,59.75,59.81,57.59,57.96,60.37,5136979,298821525.36,shares,0
2024-12-16,58.36,60.0,57.65,58.8,57.96,3424868,201464394.24,shares,0
2024-12-17,63.0,66.97,61.61,62.85,58.8,10217711,651724222.93,shares,0
2024-12-18,61.2,64.03,59.17,63.4,62.85,6395289,394271629.17,shares,0
2024-12-19,61.4,63.87,60.76,63.86,63.4,4558541,284746993.02,shares,0
2024-12-20,63.78,71.77,63.11,69.76,63.86,8756760,602388358.24,shares,0
2024-12-23,70.0,70.6,64.62,65.34,69.76,7642464,508585493.68,shares,0
2024-12-24,65.51,66.66,64.01,65.4,65.34,3458658,225616823.59,shares,0
2024-12-25,65.34,68.5,64.16,67.5,65.4,4145198,277408695.54,shares,0
2024-12-26,67.5,69.3,66.35,69.07,67.5,3566152,243200784.48,shares,0
2024-12-27,68.35,69.77,66.34,66.45,69.07,3750000,255076308.27,shares,0
2024-12-30,66.44,70.45,65.85,67.77,66.45,3659838,250001764.96,shares,0
2024-12-31,67.6,67.94,64.39,64.4,67.77,3112501,204240572.95,shares,0
2025-01-02,64.41,66.19,63.44,63.86,64.4,4043894,261448367.43,shares,0
2025-01-03,64.3,64.7,60.25,60.63,63.86,3421054,213342198.01,shares,0
2025-01-06,60.8,61.34,59.27,60.85,60.63,3226730,194876560.69,shares,0
2025-01-07,60.89,65.15,60.64,64.92,60.85,3573124,224965805.82,shares,0
2025-01-08,64.3,64.86,62.0,64.0,64.92,3867454,245321738.96,shares,0
2025-01-09,64.0,67.67,64.0,66.39,64.0,4103819,273115364.6,shares,0
2025-01-10,66.02,68.9,65.55,66.66,66.39,3774368,254734784.45,shares,0
2025-01-13,65.82,67.74,65.05,66.58,66.66,2710039,179712938.52,shares,0
2025-01-14,66.95,68.92,66.02,68.83,66.58,3276258,222757004.58,shares,0
2025-01-15,68.14,68.99,66.3,66.5,68.83,2277608,152924788.23,shares,0
2025-01-16,66.82,68.25,65.24,67.25,66.5,3044442,203176750.0,shares,0
2025-01-17,67.3,72.37,65.94,70.38,67.25,5267046,364914652.87,shares,0
2025-01-20,70.5,70.5,68.52,69.9,70.38,3352974,233387210.49,shares,0
2025-01-21,70.2,71.87,68.6,69.13,69.9,4816122,335902186.63,shares,0
2025-01-22,68.58,69.59,66.82,67.45,69.13,5106904,344258289.64,shares,0
2025-01-23,67.98,68.71,65.34,65.54,67.45,4372831,291905707.98,shares,0
2025-01-24,65.5,67.33,65.25,67.03,65.54,2877044,192011988.11,shares,0
2025-01-27,65.73,65.73,63.02,63.02,67.03,3188160,204634153.26,shares,0
2025-02-05,62.55,63.73,57.21,59.52,63.02,7937953,469364804.65,shares,0
2025-02-06,59.51,61.75,59.06,61.05,59.52,4115841,250335561.91,shares,0
2025-02-07,61.2,62.39,60.05,60.99,61.05,5039172,308527890.06,shares,0
2025-02-10,61.0,61.99,59.97,61.66,60.99,5126429,312045400.23,shares,0
2025-02-11,61.6,61.97,60.5,61.05,61.66,2782545,170356814.23,shares,0
2025-02-12,61.05,61.65,59.98,60.8,61.05,4023626,244004694.11,shares,0
2025-02-13,60.73,60.73,57.57,57.76,60.8,4944865,290163323.19,shares,0
2025-02-14,58.0,58.32,56.5,57.7,57.76,3468022,199284429.77,shares,0
2025-02-17,58.5,61.1,58.46,60.7,57.7,5447816,327105681.59,shares,0
2025-02-18,60.88,63.49,60.5,60.73,60.7,5151226,319878691.16,shares,0
2025-02-19,60.81,62.7,60.81,62.0,60.73,3396277,210715793.0,shares,0
2025-02-20,61.95,61.95,60.44,60.99,62.0,3367274,204924058.22,shares,0
2025-02-21,60.99,65.69,60.99,65.41,60.99,5751667,366233297.55,shares,0
2025-02-24,66.4,66.99,65.01,66.34,65.41,4809724,317769370.43,shares,0
2025-02-25,65.0,65.47,63.42,64.12,66.34,4331501,278809320.76,shares,0
2025-02-26,64.2,64.25,61.66,62.5,64.12,6028283,375901336.85,shares,0
2025-02-27,63.19,64.38,60.4,61.7,62.5,4634865,288897714.2,shares,0
2025-02-28,61.0,61.49,59.28,59.77,61.7,3780988,227340494.9,shares,0
2025-03-03,59.0,60.94,57.75,59.9,59.77,3494627,209452364.63,shares,0
2025-03-04,59.0,60.75,57.81,60.32,59.9,3357967,198795617.9,shares,0
2025-03-05,60.56,60.98,59.69,60.05,60.32,1972800,118591575.47,shares,0
2025-03-06,60.19,61.49,60.11,60.77,60.05,2801837,170606002.07,shares,0
2025-03-07,60.25,60.79,59.0,59.52,60.77,2497275,149606409.02,shares,0
2025-03-10,59.64,62.2,59.05,61.82,59.52,3200440,194670620.45,shares,0
2025-03-11,60.9,61.85,59.86,61.2,61.82,2399769,145475730.76,shares,0
2025-03-12,61.06,61.35,60.05,60.06,61.2,2070669,125261957.5,shares,0
2025-03-13,60.0,60.2,58.13,58.33,60.06,2217249,130431456.44,shares,0
2025-03-14,58.0,59.59,57.78,59.18,58.33,2271904,133478026.72,shares,0
2025-03-17,59.21,61.18,58.45,60.8,59.18,2764891,165337942.6,shares,0
2025-03-18,61.0,62.95,60.6,61.04,60.8,1767880,108701636.52,shares,0
2025-03-19,61.0,61.8,58.65,59.04,61.04,2588422,154254212.62,shares,0
2025-03-20,58.99,59.2,57.84,58.06,59.04,2263909,132167239.29,shares,0
2025-03-21,58.05,58.12,54.7,56.11,58.06,2656622,150037956.18,shares,0
2025-03-24,56.46,57.5,56.02,57.4,56.11,2091560,119125809.3,shares,0
2025-03-25,57.13,57.89,56.8,57.34,57.4,1493517,85776026.3,shares,0
2025-03-26,57.75,58.37,56.53,56.55,57.34,1977260,113487474.61,shares,0
2025-03-27,56.04,58.36,55.94,57.55,56.55,1728998,99388142.79,shares,0
2025-03-28,57.51,58.12,56.56,56.78,57.55,1282841,73254899.26,shares,0
2025-03-31,56.58,58.33,56.2,57.86,56.78,2095824,120191133.46,shares,0
2025-04-01,57.9,58.75,57.53,57.97,57.86,1261994,73318084.82,shares,0
2025-04-02,57.97,59.38,57.94,58.33,57.97,1343696,78887565.42,shares,0
2025-04-03,57.6,58.44,56.3,56.32,58.33,1402677,80025156.47,shares,0
2025-04-07,51.63,52.99,47.2,47.91,56.32,4270743,212554340.53,shares,0
2025-04-08,47.88,50.75,47.8,49.18,47.91,3181254,156058939.22,shares,0
2025-04-09,48.13,51.99,46.75,51.43,49.18,2881071,143593852.06,shares,0
2025-04-10,52.99,54.24,52.11,53.09,51.43,1991230,106178448.61,shares,0
2025-04-11,52.55,56.65,52.2,56.17,53.09,3185966,175195009.58,shares,0
2025-04-14,57.05,57.15,54.9,55.17,56.17,1787419,99304438.49,shares,0
2025-04-15,55.06,55.67,54.41,55.21,55.17,1474763,81154449.92,shares,0
2025-04-16,55.01,55.8,53.35,53.72,55.21,1554843,84448530.13,shares,0
2025-04-17,53.52,55.19,53.35,53.93,53.72,1312111,71512611.79,shares,0
2025-04-18,54.09,54.44,53.52,53.86,53.93,843357,45535683.27,shares,0
2025-04-21,54.0,54.84,53.33,54.3,53.86,1205047,65476617.08,shares,0
2025-04-22,54.0,55.14,53.6,54.25,54.3,2054969,111708157.67,shares,0
2025-04-23,54.77,56.19,54.25,55.49,54.25,1759115,97480854.85,shares,0
2025-04-24,55.49,55.77,54.14,54.27,55.49,1216490,66734370.63,shares,0
2025-04-25,54.11,55.07,53.86,54.65,54.27,807482,44117311.05,shares,0
2025-04-28,54.48,56.95,54.39,56.29,54.65,2122571,119096225.67,shares,0
2025-04-29,55.56,55.86,54.55,54.76,56.29,2631174,144762245.87,shares,0
2025-04-30,54.68,55.49,54.17,55.45,54.76,1748044,95993544.47,shares,0
2025-05-06,55.69,57.69,55.34,57.48,55.45,2287644,129626373.41,shares,0
2025-05-07,57.89,58.25,56.08,56.55,57.48,1690271,96207547.29,shares,0
2025-05-08,56.22,56.97,55.9,56.44,56.55,1151171,64974002.94,shares,0
2025-05-09,56.45,56.6,54.63,54.74,56.44,1584187,87414327.17,shares,0
2025-05-12,55.0,55.93,55.0,55.48,54.74,1147331,63624065.17,shares,0
2025-05-13,56.09,56.35,54.8,54.88,55.48,1350749,74799921.84,shares,0
2025-05-14,54.99,56.95,54.99,55.87,54.88,2152014,120952689.44,shares,0
2025-05-15,55.75,55.79,53.81,53.88,55.87,1693382,92417793.46,shares,0
2025-05-16,53.88,54.19,53.6,53.75,53.88,877498,47301402.63,shares,0
2025-05-19,53.55,54.19,52.86,54.06,53.75,931466,49896247.9,shares,0
2025-05-20,54.05,54.05,51.75,52.46,54.06,2311742,121419930.93,shares,0
2025-05-21,52.52,53.19,51.96,52.58,52.46,1253837,65914811.02,shares,0
2025-05-22,52.6,52.89,51.35,51.42,52.58,1745507,90457035.63,shares,0
2025-05-23,51.8,51.98,51.02,51.03,51.42,1089974,56099365.36,shares,0
2025-05-26,51.06,51.68,50.82,51.1,51.03,1003395,51282358.65,shares,0
2025-05-27,50.88,51.15,50.05,50.25,51.1,1018726,51308364.82,shares,0
2025-05-28,50.25,50.77,50.25,50.41,50.25,839206,42360463.6,shares,0
2025-05-29,38.78,39.5,38.25,39.18,38.39,1784676,69761995.21,shares,0
2025-05-30,38.98,39.03,38.11,38.16,39.18,1564184,60144571.66,shares,0
2025-06-03,38.1,39.25,37.55,38.74,38.16,2067177,79884664.92,shares,0
2025-06-04,39.09,41.75,38.85,40.34,38.74,5368756,217784892.8,shares,0
2025-06-05,40.02,42.66,39.67,42.35,40.34,5578229,229583775.91,shares,0
2025-06-06,42.03,42.85,41.92,42.17,42.35,2882474,121774834.76,shares,0
2025-06-09,42.17,42.7,41.66,41.69,42.17,1869969,78750365.94,shares,0
2025-06-10,41.52,41.8,41.01,41.37,41.69,2015655,83342079.36,shares,0
2025-06-11,41.02,43.43,41.02,41.82,41.37,2558461,108414929.53,shares,0
2025-06-12,41.62,42.72,41.38,41.56,41.82,1653288,69458070.61,shares,0
2025-06-13,41.9,41.9,40.76,41.1,41.56,1630268,67048519.2,shares,0
2025-06-16,41.28,42.96,40.95,41.98,41.1,2833696,118988744.74,shares,0
2025-06-17,41.82,43.16,41.79,41.94,41.98,1994056,84589992.09,shares,0
2025-06-18,41.9,44.81,41.72,43.99,41.94,5149068,224623302.45,shares,0
2025-06-19,44.41,44.76,42.89,43.07,43.99,2546391,110936425.99,shares,0
2025-06-20,43.27,44.44,42.65,42.85,43.07,1996935,86296786.22,shares,0
2025-06-23,42.5,44.86,42.41,44.65,42.85,4837738,214132711.26,shares,0
2025-06-24,44.48,45.39,44.25,45.26,44.65,4145358,185704418.48,shares,0
2025-06-25,45.57,46.66,44.47,45.37,45.26,4928395,224114394.15,shares,0
2025-06-26,45.59,47.1,45.01,45.23,45.37,5418776,250492538.82,shares,0
2025-06-27,45.43,46.63,44.31,46.3,45.23,4898572,223761404.82,shares,0
2025-06-30,47.02,47.88,45.8,46.55,46.3,5365123,250304426.85,shares,0
2025-07-01,46.98,47.85,45.92,46.11,46.55,3116105,144871751.93,shares,0
2025-07-02,46.27,46.27,44.39,44.7,46.11,2952507,132705217.63,shares,0
2025-07-03,44.52,45.66,44.52,45.31,44.7,2428347,109564694.83,shares,0
2025-07-04,45.1,46.92,45.05,45.82,45.31,3714916,171091129.52,shares,0
2025-07-07,47.0,49.79,47.0,47.37,45.82,10363172,502109841.98,shares,0
2025-07-08,47.49,51.52,46.87,50.64,47.37,10690862,532154002.82,shares,0
2025-07-09,50.71,51.66,48.56,49.11,50.64,6448004,319620018.82,shares,0
2025-07-10,49.6,49.78,48.35,49.11,49.11,5190718,255030582.03,shares,0
2025-07-11,48.75,49.12,48.07,48.21,49.11,4231712,205471892.65,shares,0
2025-07-14,48.2,48.89,47.65,48.52,48.21,2905875,140578203.71,shares,0
2025-07-15,48.52,50.39,48.52,49.83,48.52,5389510,268368938.58,shares,0
2025-07-16,49.99,49.99,49.0,49.09,49.83,2695644,132929357.9,shares,0
2025-07-17,49.0,50.19,48.35,49.8,49.09,3848399,190378972.84,shares,0
2025-07-18,49.8,51.09,49.54,49.89,49.8,3059548,153742905.46,shares,0
2025-07-21,50.0,50.5,48.7,50.07,49.89,3506747,173282715.88,shares,0
2025-07-22,50.05,53.69,49.88,51.18,50.07,7260728,379098760.52,shares,0
2025-07-23,51.18,51.2,49.59,49.65,51.18,3578536,178780543.54,shares,0
2025-07-24,49.65,50.33,49.02,49.65,49.65,3068708,152178538.97,shares,0
2025-07-25,49.65,51.29,49.3,50.18,49.65,2662710,132987660.37,shares,0
2025-07-28,50.3,53.5,49.65,53.2,50.18,7409613,386634633.1,shares,0
2025-07-29,53.88,60.6,53.0,59.6,53.2,14119572,813911492.73,shares,0
2025-07-30,59.93,61.1,59.12,60.66,59.6,7174907,430472486.58,shares,0
2025-07-31,60.51,61.84,57.7,58.2,60.66,10095955,599342920.02,shares,0
2025-08-01,57.87,58.63,54.8,55.42,58.2,7907747,446104719.79,shares,0
2025-08-04,55.2,55.52,53.9,55.04,55.42,4516204,246336991.91,shares,0
2025-08-05,55.44,55.69,53.81,54.06,55.04,5208485,283307323.17,shares,0
2025-08-06,54.0,54.66,53.23,53.63,54.06,4094275,220161538.94,shares,0
2025-08-07,53.68,54.57,52.96,54.07,53.63,5502517,296314988.27,shares,0
2025-08-08,54.07,54.28,52.93,53.09,54.07,4224389,225978163.13,shares,0
2025-08-11,53.0,54.54,52.65,54.1,53.09,4516940,243609664.55,shares,0
2025-08-12,54.3,54.86,52.88,53.95,54.1,5357939,288090907.72,shares,0
2025-08-13,53.93,56.96,53.93,56.96,53.95,7893826,440768681.15,shares,0
2025-08-14,57.2,57.24,54.55,55.38,56.96,5371122,298266786.93,shares,0
2025-08-15,55.18,59.16,55.17,58.43,55.38,7149779,411063581.79,shares,0
2025-08-18,59.73,60.84,57.85,58.62,58.43,6358244,377272002.33,shares,0
2025-08-19,58.7,59.01,56.61,57.0,58.62,4620307,265498771.52,shares,0
2025-08-20,56.52,58.98,55.09,58.8,57.0,4573740,260738599.38,shares,0
2025-08-21,59.59,59.9,56.79,57.11,58.8,4744081,274196278.49,shares,0
2025-08-22,57.0,62.35,56.58,60.54,57.11,9407146,565365781.83,shares,0
2025-08-25,61.3,65.44,60.6,63.6,60.54,8648412,544849688.82,shares,0
2025-08-26,62.98,63.85,61.57,62.96,63.6,5834043,365766159.88,shares,0
2025-08-27,61.2,61.2,58.21,58.3,62.96,14419954,858479347.98,shares,0
2025-08-28,57.9,60.19,56.5,59.79,58.3,12111742,706439161.51,shares,0
2025-08-29,61.98,62.75,58.31,60.16,59.79,11191508,671071639.04,shares,0
2025-09-01,60.26,60.69,56.11,57.23,60.16,10081771,581624766.63,shares,0
2025-09-02,56.81,57.87,52.7,53.13,57.23,9362709,510440196.27,shares,0
2025-09-03,53.19,54.98,52.28,52.85,53.13,6708661,358505044.0,shares,0
2025-09-04,52.8,53.58,49.61,50.5,52.85,7490150,385328501.95,shares,0
2025-09-05,50.52,53.5,50.23,52.89,50.5,5582411,291846068.61,shares,0
2025-09-08,53.04,53.1,51.78,52.53,52.89,4428274,231459336.34,shares,0
2025-09-09,52.53,52.95,51.41,51.51,52.53,2897386,150958434.65,shares,0
2025-09-10,52.0,53.29,51.67,51.76,51.51,2812449,147259283.27,shares,0
2025-09-11,51.76,55.39,51.51,55.04,51.76,7329765,392949879.34,shares,0
2025-09-12,55.06,57.75,54.1,56.0,55.04,7294614,407761313.59,shares,0
2025-09-15,57.0,57.0,54.26,54.6,56.0,4632864,254957297.04,shares,0
2025-09-16,54.4,55.39,53.94,54.2,54.6,3651138,198755117.93,shares,0
2025-09-17,54.16,55.24,53.63,54.45,54.2,3478961,189378231.87,shares,0
2025-09-18,54.5,58.44,54.14,56.6,54.45,11379179,644013146.93,shares,0
2025-09-19,57.16,58.35,56.52,56.96,56.6,6523932,374574141.69,shares,0
2025-09-22,57.46,59.23,57.0,58.12,56.96,5966556,346915849.2,shares,0
2025-09-23,58.1,58.88,56.68,58.55,58.12,7686281,443744834.67,shares,0
2025-09-24,58.0,61.69,57.56,61.05,58.55,10164024,609883752.45,shares,0
2025-09-25,60.52,62.39,59.05,60.76,61.05,8332534,505052101.89,shares,0
2025-09-26,60.69,62.3,59.65,59.73,60.76,6496630,395438346.85,shares,0
2025-09-29,60.5,61.88,59.52,60.01,59.73,5331784,321028302.4,shares,0
2025-09-30,60.77,64.05,60.77,62.1,60.01,7785970,487587332.56,shares,0
2025-10-09,62.94,66.23,62.22,62.6,62.1,8886591,571169983.27,shares,0
2025-10-10,61.98,63.93,60.22,63.4,62.6,6691480,418062137.32,shares,0
2025-10-13,60.5,61.56,59.2,60.51,63.4,7514723,453634989.28,shares,0
2025-10-14,61.62,62.1,56.0,56.34,60.51,8399751,491516059.92,shares,0
2025-10-15,56.63,57.01,55.21,56.9,56.34,4751184,266708013.3,shares,0
2025-10-16,56.9,59.66,56.32,56.75,56.9,5710114,331213619.12,shares,0
2025-10-17,56.3,56.79,53.11,53.56,56.75,5158687,281484753.22,shares,0
2025-10-20,54.57,57.19,54.52,55.51,53.56,5143062,286753817.12,shares,0
2025-10-21,55.5,57.55,55.5,56.24,55.51,3739448,211930388.28,shares,0
2025-10-22,56.05,56.78,55.25,55.74,56.24,2326201,130124498.88,shares,0
2025-10-23,55.52,55.52,53.56,54.8,55.74,2667544,145040170.01,shares,0
2025-10-24,55.73,58.21,55.73,57.7,54.8,4032283,231591051.02,shares,0
2025-10-27,59.9,66.56,59.88,63.63,57.7,12899377,824651764.38,shares,0
2025-10-28,63.61,66.35,63.31,65.45,63.63,7825133,507032451.94,shares,0
2025-10-29,65.9,67.35,64.12,65.2,65.45,6965574,455940233.58,shares,0
2025-10-30,64.1,68.43,63.66,65.67,65.2,8770201,578531117.07,shares,0
2025-10-31,65.0,66.38,62.7,63.6,65.67,7561100,486061939.69,shares,0
2025-11-03,63.53,63.54,59.6,61.41,63.6,6996376,424767356.82,shares,0
2025-11-04,61.35,61.69,59.41,59.71,61.41,4226001,254132669.15,shares,0
2025-11-05,58.88,59.16,57.21,58.38,59.71,4930540,287297699.26,shares,0
2025-11-06,60.37,62.29,59.08,61.31,58.38,6915217,420027855.02,shares,0
2025-11-07,60.14,61.89,59.26,60.69,61.31,5084735,308164948.51,shares,0
2025-11-10,61.2,62.44,59.59,60.83,60.69,5946849,360989854.17,shares,0
2025-11-11,61.3,62.48,58.36,58.94,60.83,6791407,410288509.56,shares,0
2025-11-12,58.02,59.79,56.37,58.98,58.94,6185841,358437790.7,shares,0
2025-11-13,58.9,60.36,58.61,58.99,58.98,4859977,289293051.75,shares,0
2025-11-14,57.89,57.89,56.39,56.51,58.99,4833595,275380159.56,shares,0
2025-11-17,56.99,57.28,55.1,55.47,56.51,3195297,178936712.5,shares,0
2025-11-18,55.4,56.29,54.95,55.22,55.47,2579763,143047784.52,shares,0
2025-11-19,55.22,55.45,53.83,54.29,55.22,2864426,156025033.27,shares,0
2025-11-20,55.0,56.18,54.6,55.4,54.29,4217447,233404173.46,shares,0
2025-11-21,54.05,54.48,52.75,52.86,55.4,3675717,196815807.73,shares,0
2025-11-24,53.15,54.75,52.8,54.27,52.86,2711192,145980488.71,shares,0
2025-11-25,54.99,57.09,54.8,55.87,54.27,3992836,223447893.87,shares,0
2025-11-26,55.5,57.08,55.05,55.8,55.87,2650523,148259224.11,shares,0
2025-11-27,55.39,57.49,55.16,55.4,55.8,2603519,146907870.65,shares,0
2025-11-28,55.1,56.45,54.71,56.0,55.4,2359561,131188298.6,shares,0
2025-12-01,56.4,57.1,55.61,56.83,56.0,2955363,167405545.68,shares,0
2025-12-02,56.98,56.99,56.09,56.21,56.83,1550363,87485429.42,shares,0
2025-12-03,56.3,57.46,56.1,56.56,56.21,2060560,117003945.67,shares,0
2025-12-04,56.61,57.12,55.53,56.65,56.56,1614502,90985434.74,shares,0
2025-12-05,56.8,57.88,55.81,57.32,56.65,2848626,162453584.66,shares,0
2025-12-08,57.6,59.48,57.1,58.74,57.32,3924715,230094501.52,shares,0
2025-12-09,58.8,59.8,58.48,58.83,58.74,3252518,192266116.06,shares,0
2025-12-10,58.84,59.04,57.78,58.52,58.83,2538218,147719035.66,shares,0
2025-12-11,58.88,59.38,57.66,57.84,58.52,2437356,142798296.46,shares,0
2025-12-12,57.58,59.2,56.61,58.56,57.84,3236473,187020528.12,shares,0
2025-12-15,58.02,58.55,57.25,58.04,58.56,2299601,133260870.7,shares,0
2025-12-16,58.0,58.18,55.7,56.61,58.04,2890817,163279087.95,shares,0
2025-12-17,56.39,59.24,56.09,59.02,56.61,4131484,239589035.84,shares,0
2025-12-18,59.17,59.18,57.22,57.31,59.02,2557842,148138353.16,shares,0
2025-12-19,57.89,58.14,56.65,56.79,57.31,2922011,166884476.99,shares,0
2025-12-22,57.0,59.43,57.0,58.98,56.79,3945902,231520799.04,shares,0
2025-12-23,58.95,62.51,58.95,61.9,58.98,8349502,512273605.93,shares,0
2025-12-24,62.95,66.95,62.21,66.48,61.9,10956550,705364516.42,shares,0
2025-12-25,65.53,66.38,64.3,64.66,66.48,4748051,308671043.02,shares,0
2025-12-26,64.65,65.04,63.14,63.69,64.66,4437881,283493512.66,shares,0
2025-12-29,64.09,64.99,63.12,63.75,63.69,4350141,278348289.3,shares,0
2025-12-30,63.25,64.65,63.02,63.02,63.75,3157953,200682954.43,shares,0
2025-12-31,63.6,64.1,62.09,62.09,63.02,3168384,199137914.8,shares,0
2026-01-05,62.4,64.19,62.4,63.72,62.09,4451362,282843120.1,shares,0
2026-01-06,64.58,65.28,63.61,64.4,63.72,6878810,442175503.69,shares,0
2026-01-07,64.5,66.69,64.5,65.7,64.4,9391812,614426476.69,shares,0
2026-01-08,63.8,64.9,62.72,63.23,65.7,6123790,389628331.73,shares,0
2026-01-09,62.72,64.17,62.18,64.05,63.23,4610631,292256015.13,shares,0
2026-01-12,64.06,64.41,62.25,63.11,64.05,4984199,313417053.92,shares,0
2026-01-13,62.62,63.44,60.56,60.86,63.11,4739373,292271523.37,shares,0
2026-01-14,60.89,62.2,59.78,60.57,60.86,4575205,279093132.84,shares,0
2026-01-15,60.43,65.33,60.02,64.65,60.57,8388739,529072952.92,shares,0
2026-01-16,65.61,68.26,64.83,67.75,64.65,8494492,565336127.29,shares,0
2026-01-19,68.61,71.29,68.05,68.23,67.75,7160191,495939408.25,shares,0
2026-01-20,67.98,70.44,67.08,68.97,68.23,7148481,490850855.69,shares,0
2026-01-21,68.3,72.9,68.3,72.0,68.97,8180775,585307360.96,shares,0
2026-01-22,73.51,73.97,69.3,69.83,72.0,6670238,469848492.33,shares,0
2026-01-23,69.05,69.79,67.88,68.74,69.83,4709704,322983623.22,shares,0
2026-01-26,69.08,69.95,66.68,67.5,68.74,5317953,359727914.2,shares,0
2026-01-27,67.01,70.43,65.53,70.14,67.5,6292030,430011575.25,shares,0
2026-01-28,70.5,71.89,69.87,70.8,70.14,5232565,368751549.1,shares,0
2026-01-29,71.2,72.22,65.0,65.1,70.8,8317513,561398828.66,shares,0
2026-01-30,64.7,67.7,63.25,66.79,65.1,6423704,421731809.59,shares,0
2026-02-02,66.01,66.2,61.59,61.59,66.79,6629856,417746120.19,shares,0
2026-02-03,62.88,63.31,61.34,62.93,61.59,3653876,228025738.58,shares,0
2026-02-04,62.2,62.79,60.75,61.68,62.93,3509564,215532054.83,shares,0
2026-02-05,60.5,61.16,59.2,59.85,61.68,3959531,237386354.99,shares,0
2026-02-06,59.12,60.94,59.12,59.83,59.85,3103046,186467224.42,shares,0
2026-02-09,61.37,62.39,60.68,61.57,59.83,3191022,196650866.13,shares,0
2026-02-10,61.87,63.29,61.41,62.58,61.57,3850075,240875702.65,shares,0
2026-02-11,61.87,64.18,61.87,62.21,62.58,3727362,234481868.81,shares,0
2026-02-12,62.62,63.67,62.25,62.81,62.21,3861502,242956874.47,shares,0
2026-02-13,62.3,64.39,62.3,62.8,62.81,3410047,216970467.37,shares,0
2026-02-24,63.03,65.18,62.78,64.12,62.8,4319233,276826073.87,shares,0
2026-02-25,64.24,68.9,62.89,68.5,64.12,7963187,527296948.03,shares,0
2026-02-26,68.49,72.08,67.67,71.34,68.5,7878135,553676409.24,shares,0
2026-02-27,70.51,71.89,69.16,70.92,71.34,6377747,447900664.78,shares,0
2026-03-02,70.0,73.99,69.55,71.89,70.92,7440746,537767747.11,shares,0
2026-03-03,72.65,72.88,66.6,66.95,71.89,6783923,465868611.24,shares,0
2026-03-04,66.05,68.26,65.56,66.14,66.95,4323875,287621798.76,shares,0
2026-03-05,67.5,70.8,66.71,68.24,66.14,5921893,407298594.73,shares,0
2026-03-06,67.8,75.98,67.0,75.0,68.24,12734262,920458312.13,shares,0
2026-03-09,71.19,84.86,70.6,83.3,75.0,20254645,1562368531.76,shares,0
2026-03-10,88.01,99.96,88.01,99.96,83.3,18627590,1813257392.86,shares,0
2026-03-11,99.1,103.68,98.0,99.56,99.96,18148155,1817725624.8,shares,0
2026-03-12,98.51,99.24,94.32,97.1,99.56,14226193,1373146627.92,shares,0
2026-03-13,96.98,97.1,90.52,91.0,97.1,10866706,1001729722.84,shares,0
2026-03-16,90.6,95.9,87.9,93.52,91.0,11386596,1041410470.89,shares,0
2026-03-17,93.0,94.92,87.77,87.77,93.52,7366297,665138334.1,shares,0
2026-03-18,88.94,90.94,86.33,87.45,87.77,6732297,593386975.26,shares,0
2026-03-19,85.1,85.99,82.21,83.79,87.45,8229650,690227881.75,shares,0
2026-03-20,84.89,85.49,80.25,80.54,83.79,7117561,587917911.59,shares,0
2026-03-23,79.2,81.24,76.66,77.18,80.54,7304911,573163452.58,shares,0
2026-03-24,78.44,82.3,75.76,82.3,77.18,7551794,596437868.51,shares,0
2026-03-25,82.95,87.39,82.86,85.82,82.3,11256408,962761162.48,shares,0
2026-03-26,86.0,87.25,83.8,85.11,85.82,6203853,529036388.01,shares,0
2026-03-27,82.31,89.29,81.77,87.79,85.11,7713955,670833273.91,shares,0
2026-03-30,86.05,88.9,85.07,88.0,87.79,6125440,533613360.6,shares,0
2026-03-31,86.53,87.14,83.25,84.06,88.0,4840389,410416282.84,shares,0
2026-04-01,87.2,91.0,86.58,88.41,84.06,5140862,454999058.2,shares,0
2026-04-02,87.76,87.76,83.18,83.6,88.41,4344730,369286311.39,shares,0
2026-04-03,84.42,90.8,83.95,87.6,83.6,6360241,556430728.57,shares,0
2026-04-07,88.43,95.35,87.2,91.76,87.6,6255192,575140065.05,shares,0
2026-04-08,94.46,94.56,91.94,93.63,91.76,6685925,623640604.64,shares,0
2026-04-09,93.63,95.8,92.66,93.73,93.63,5248920,493961883.1,shares,0
2026-04-10,93.52,96.5,92.59,93.09,93.73,4537111,427292511.56,shares,0
2026-04-13,91.61,97.77,90.68,96.5,93.09,6439552,611605137.72,shares,0
2026-04-14,95.76,97.45,94.15,95.25,96.5,5797690,553068736.59,shares,0
2026-04-15,95.44,95.95,92.37,93.02,95.25,4240585,398289598.39,shares,0
2026-04-16,92.25,94.63,91.19,91.94,93.02,5064441,468193693.71,shares,0
2026-04-17,92.31,96.69,91.94,95.05,91.94,7357771,696182364.97,shares,0
2026-04-20,94.88,97.49,92.0,94.8,95.05,6113503,578697475.14,shares,0
2026-04-21,95.21,96.5,92.3,94.66,94.8,5501912,521333063.55,shares,0
2026-04-22,94.57,96.49,92.67,95.38,94.66,6875067,651296692.38,shares,0
2026-04-23,96.1,97.0,88.05,90.05,95.38,8130802,742241033.43,shares,0
2026-04-24,89.14,91.45,85.85,87.0,90.05,7831426,685754966.38,shares,0
2026-04-27,86.1,90.99,86.1,89.63,87.0,4853086,435527571.22,shares,0
2026-04-28,89.0,89.0,83.11,84.05,89.63,8344814,706583307.01,shares,0
2026-04-29,83.2,86.33,83.17,85.18,84.05,5269512,447642123.87,shares,0
2026-04-30,85.5,88.26,84.51,87.43,85.18,5057738,437271650.09,shares,0
2026-05-06,89.6,92.94,89.6,91.19,87.43,7950153,724529002.48,shares,0
2026-05-07,92.0,96.36,89.1,94.96,91.19,7280143,679947023.92,shares,0
2026-05-08,94.0,96.0,92.67,94.29,94.96,5318210,500422095.0,shares,0
2026-05-11,97.15,98.3,93.74,96.09,94.29,6872799,660623786.92,shares,0
2026-05-12,96.84,112.98,96.78,112.0,96.09,15987882,1671334756.11,shares,0
2026-05-13,108.98,131.34,108.02,127.21,112.0,20329103,2481907123.39,shares,0
2026-05-14,128.52,131.18,126.0,127.0,127.21,12576930,1611498289.18,shares,0
2026-05-15,131.0,133.17,120.58,122.3,127.0,11268191,1403580993.67,shares,0
2026-05-18,122.0,124.47,117.36,121.19,122.3,8994162,1093118369.53,shares,0
2026-05-19,118.56,125.1,117.02,124.51,121.19,8554006,1039830555.74,shares,0
2026-05-20,123.02,125.48,119.05,122.92,124.51,8641154,1054785685.94,shares,0
2026-05-21,123.61,129.9,117.07,117.07,122.92,10019904,1237116374.37,shares,0
2026-05-22,119.0,139.9,117.6,134.85,117.07,13041840,1700740244.72,shares,0
2026-05-25,136.66,142.58,133.01,139.99,134.85,11970846,1662620957.45,shares,0
2026-05-26,141.29,159.98,138.0,157.5,139.99,14187017,2108520057.26,shares,0
2026-05-27,160.0,162.37,145.06,146.89,157.5,12529351,1885887945.58,shares,0
2026-05-28,148.34,166.98,141.5,161.22,146.89,12523228,1901952203.92,shares,0
2026-05-29,159.67,178.0,154.0,167.69,161.22,13835697,2324613697.18,shares,0
2026-06-01,178.0,192.0,167.8,174.5,167.69,17336066,3116932594.58,shares,0
2026-06-02,176.3,191.48,172.8,183.52,174.5,11296715,2076105999.37,shares,0
2026-06-03,176.0,179.0,162.05,166.77,183.52,15843005,2722801147.12,shares,0
2026-06-04,163.97,174.68,159.7,168.8,166.77,12430787,2072285770.96,shares,0
2026-06-05,161.73,163.69,153.6,157.21,168.8,11252006,1788219576.97,shares,0
2026-06-08,142.0,163.36,142.0,158.97,157.21,9301678,1442904702.43,shares,0
2026-06-09,165.73,168.77,158.83,167.54,158.97,8927611,1469966416.47,shares,0
2026-06-10,163.02,183.87,162.52,180.19,167.04,10985131,1922635907.17,shares,0
2026-06-11,177.0,180.58,171.39,177.66,180.19,7172975,1264902660.11,shares,0
2026-06-12,188.0,211.0,186.0,188.06,177.66,10948756,2159168325.35,shares,0
2026-06-15,200.0,215.56,192.0,213.11,188.06,9577471,1984860108.22,shares,0
2026-06-16,213.11,238.0,210.0,220.0,213.11,10782507,2417584378.43,shares,0
2026-06-17,215.67,249.94,215.67,235.24,220.0,9386715,2222822638.25,shares,0
2026-06-18,232.99,277.72,232.0,270.47,235.24,8862607,2266466600.76,shares,0
2026-06-22,278.15,297.31,268.0,272.54,270.47,14104189,3973351208.39,shares,0
2026-06-23,269.25,269.27,233.62,238.93,272.54,14542794,3579531393.0,shares,0
2026-06-24,234.65,249.0,229.01,246.56,238.93,11410539,2775096333.44,shares,0
2026-06-25,245.0,278.98,239.08,269.99,246.56,11533511,3009744048.24,shares,0
2026-06-26,260.03,276.0,251.87,265.56,269.99,10160731,2673078042.48,shares,0
2026-06-29,265.0,279.15,233.8,244.98,265.56,13294225,3336469009.11,shares,0
2026-06-30,244.99,246.8,230.67,244.4,244.98,10675517,2545639422.89,shares,0
2026-07-01,246.0,252.0,226.09,231.0,244.4,11897621,2809064632.5,shares,0
2026-07-02,215.0,224.0,208.12,208.78,231.0,10032134,2161635840.37,shares,0
2026-07-03,206.0,217.58,200.88,208.99,208.78,8681361,1818166147.67,shares,0
2026-07-06,217.3,217.3,188.0,192.0,208.99,12242130,2421254269.49,shares,0
2026-07-07,192.0,196.0,185.1,189.01,192.0,7837180,1487468971.22,shares,0
2026-07-08,191.0,194.1,180.6,182.06,189.01,6240981,1162264169.4,shares,0
2026-07-09,188.0,196.99,183.08,196.16,182.06,9484345,1810265566.23,shares,0
2026-07-10,199.7,205.48,183.17,183.17,196.16,10619975,2088987281.27,shares,0
2026-07-13,178.3,188.88,164.01,165.7,183.17,13288856,2314201250.63,shares,0
2026-07-14,168.44,183.17,168.06,180.32,165.7,10411140,1823721702.81,shares,0
2026-07-15,183.92,186.0,166.05,166.31,180.32,9428926,1628312640.68,shares,0
2026-07-16,165.25,172.0,155.02,158.4,166.31,7271907,1185343161.35,shares,0
2026-07-17,160.44,160.68,140.42,141.0,158.4,10486017,1553714250.09,shares,0
2026-07-20,146.58,147.99,117.6,121.79,141.0,12548955,1650812108.48,shares,0
2026-07-21,127.99,135.98,111.12,135.3,121.79,13820918,1735617950.35,shares,0
2026-07-22,134.01,138.11,127.3,128.32,135.3,10489452,1400619744.6,shares,0
2026-07-23,130.12,136.31,125.31,127.38,128.32,8340892,1085496828.11,shares,0
2026-07-24,125.5,128.4,121.37,123.5,127.38,6900108,861253939.96,shares,0
2026-07-27,124.21,132.11,120.94,131.78,123.5,8779006,1114961111.22,shares,0
2026-07-28,126.0,130.29,117.52,118.76,131.78,8411421,1037010607.09,shares,0
2026-07-29,119.99,122.8,108.3,115.88,118.76,10702767,1227760875.33,shares,0
2026-07-30,115.62,116.67,103.33,104.76,115.88,10187241,1100692511.28,shares,0
2026-07-31,117.0,119.43,107.13,107.32,104.76,10409236,1184058765.46,shares,0
2026-08-03,106.1,108.15,98.78,100.2,107.32,9463440,963350796.58,shares,0
2026-08-04,102.95,112.6,100.9,111.18,100.2,9753846,1051339662.48,shares,0
2026-08-05,109.95,127.98,109.05,125.05,111.18,13627299,1639727777.0,shares,0
2026-08-06,121.02,139.75,121.02,136.08,125.05,16529026,2186648522.34,shares,0
2026-08-07,136.35,154.23,136.35,151.7,136.08,18784021,2744331395.25,shares,0
2026-08-10,151.78,156.7,142.78,148.3,151.7,15232482,2241395740.1,shares,0
2026-08-11,145.63,148.68,141.66,143.46,148.3,11297271,1635607789.43,shares,0
2026-08-12,144.02,165.0,142.23,165.0,143.46,16618522,2516595394.24,shares,0
2026-08-13,166.0,175.98,160.1,162.22,165.0,19106759,3238189154.82,shares,0
2026-08-14,162.78,166.92,158.0,164.65,162.22,12686458,2066587083.62,shares,0
2026-08-17,158.5,168.94,155.0,166.47,164.65,18365966,2963249208.52,shares,0
2026-08-18,166.0,166.0,156.51,160.0,166.47,13471651,2152712106.42,shares,0
2026-08-19,152.01,155.59,139.0,140.25,160.0,15623789,2294418068.57,shares,0
2026-08-20,144.0,147.0,138.88,142.57,140.25,10349004,1477133258.67,shares,0
2026-08-21,143.44,151.38,137.18,145.31,142.57,12798401,1841604115.37,shares,0
2026-08-24,142.01,145.5,134.25,139.14,145.31,10174744,1414104379.63,shares,0
2026-08-25,135.1,146.99,130.22,145.75,139.14,14910411,2081387907.54,shares,0
2026-08-26,145.49,157.98,141.1,155.2,145.75,20361935,3070397595.77,shares,0
2026-08-27,158.14,186.24,158.0,186.24,155.2,21840246,3769790832.56,shares,0
2026-08-28,198.77,202.88,189.07,189.9,186.24,25904407,5056494046.99,shares,0
2026-08-31,181.02,202.0,181.02,193.0,189.9,20553431,3970308123.7,shares,0
2026-09-01,190.9,191.01,175.55,176.16,193.0,17119845,3073889509.68,shares,0
2026-09-02,172.9,184.37,172.9,177.05,176.16,14037011,2514979844.71,shares,0
2026-09-03,181.0,182.5,164.12,168.0,177.05,16218955,2735303825.22,shares,0
2026-09-04,171.36,174.97,161.36,163.68,168.0,12082906,2011857531.76,shares,0
2026-09-07,166.66,177.94,164.46,175.5,163.68,18353384,3138947428.91,shares,0
2026-09-08,175.0,177.79,166.0,167.69,175.5,13590186,2313180981.44,shares,0
2026-09-09,169.99,182.0,168.1,181.79,167.69,17624981,3087333879.37,shares,0
2026-09-10,178.0,191.66,178.0,183.37,181.79,16947172,3126705527.15,shares,0
2026-09-11,179.02,184.5,168.77,178.69,183.37,15584787,2763768386.64,shares,0
2026-09-14,170.2,179.6,162.2,175.99,178.69,13408423,2295850510.12,shares,0
2026-09-15,176.15,188.7,175.91,179.49,175.99,14317171,2634948385.76,shares,0
2026-09-16,178.57,191.45,176.0,186.63,179.49,13582517,2513019931.99,shares,0
2026-09-17,184.97,189.99,174.69,174.69,186.63,13101660,2382583729.11,shares,0
2026-09-18,179.86,182.0,168.5,176.8,174.69,13712818,2385291385.14,shares,0
2026-09-21,176.5,180.8,174.6,174.78,176.8,9194290,1630660144.63,shares,0
2026-09-22,179.33,183.03,176.1,177.21,174.78,10397789,1868626664.91,shares,0
2026-09-23,177.0,186.0,175.0,183.1,177.21,11038091,2008086375.0,shares,0
2026-09-24,178.9,179.9,166.58,167.8,183.1,10551074,1815122757.04,shares,0
