date,open,high,low,close,preclose,volume,amount,volume_unit,special_treatment
2014-01-02,16.18,16.5,16.16,16.45,16.23,647189,10604670.0,shares,0
2014-01-03,16.34,16.47,16.16,16.24,16.45,749052,12174030.0,shares,0
2014-01-06,16.25,16.25,15.53,15.68,16.24,1170309,18473311.0,shares,0
2014-01-07,15.48,15.8,15.48,15.64,15.68,612811,9572951.0,shares,0
2014-01-08,15.78,15.8,15.4,15.51,15.64,901520,14013717.0,shares,0
2014-01-09,15.51,15.69,15.1,15.17,15.51,651866,10094808.0,shares,0
2014-01-10,15.22,15.28,15.09,15.25,15.17,438689,6665299.0,shares,0
2014-01-13,15.26,15.56,15.18,15.56,15.25,454152,6998598.0,shares,0
2014-01-14,15.56,15.65,15.43,15.62,15.56,465710,7246228.0,shares,0
2014-01-15,15.69,15.7,15.45,15.57,15.62,457492,7094997.0,shares,0
2014-01-16,15.51,15.68,15.48,15.57,15.57,445857,6946288.0,shares,0
2014-01-17,15.67,15.67,15.11,15.11,15.57,662799,10106613.0,shares,0
2014-01-20,15.11,15.23,14.84,14.99,15.11,647796,9759070.0,shares,0
2014-01-21,14.9,15.26,14.85,15.24,14.99,380644,5748695.0,shares,0
2014-01-22,15.26,15.5,15.12,15.49,15.24,802620,12319460.0,shares,0
2014-01-23,15.47,15.92,15.36,15.82,15.49,1209236,18958300.0,shares,0
2014-01-24,15.8,16.16,15.72,16.05,15.82,1222216,19510969.0,shares,0
2014-01-27,16.1,16.28,15.81,16.18,16.05,1452198,23417108.0,shares,0
2014-01-28,16.18,16.49,16.08,16.15,16.18,1282546,20855217.0,shares,0
2014-01-29,16.15,16.42,16.0,16.2,16.15,966058,15697999.0,shares,0
2014-01-30,16.25,16.37,16.0,16.13,16.2,597860,9691304.0,shares,0
2014-02-07,16.13,16.3,15.88,16.2,16.13,941227,15156768.0,shares,0
2014-02-10,16.21,16.82,16.21,16.71,16.2,1737076,28901415.0,shares,0
2014-02-11,16.81,16.81,16.54,16.59,16.71,1489208,24809526.0,shares,0
2014-02-12,16.67,17.31,16.57,17.09,16.59,1692901,28815458.0,shares,0
2014-02-13,16.99,17.05,16.48,16.48,17.09,1435803,24101683.0,shares,0
2014-02-14,16.45,16.93,16.44,16.92,16.48,1401766,23434922.0,shares,0
2014-02-17,16.98,17.29,16.95,17.24,16.92,1687671,28916800.0,shares,0
2014-02-18,17.24,18.96,17.1,18.96,17.24,4980663,91678066.0,shares,0
2014-02-19,19.2,19.5,18.66,18.96,18.96,5069187,96725726.0,shares,0
2014-02-20,18.98,19.19,18.16,18.5,18.96,2368575,43945020.0,shares,0
2014-02-21,18.59,18.95,18.41,18.62,18.5,1583297,29511041.0,shares,0
2014-02-24,18.8,19.2,18.56,19.09,18.62,2177673,41354922.0,shares,0
2014-02-25,19.0,19.29,17.65,17.85,19.09,2740675,50636126.0,shares,0
2014-02-26,17.8,18.2,17.43,17.72,17.85,1471023,26123814.0,shares,0
2014-02-27,17.73,18.24,17.5,17.5,17.72,1233461,22148401.0,shares,0
2014-02-28,17.5,18.18,17.0,17.66,17.5,1041920,18223116.0,shares,0
2014-03-03,17.74,18.45,17.5,18.4,17.66,1463115,26594164.0,shares,0
2014-03-04,18.4,18.77,18.1,18.59,18.4,1447097,26695596.0,shares,0
2014-03-05,18.59,18.79,18.2,18.4,18.59,1021706,18875481.0,shares,0
2014-03-06,18.4,18.4,17.78,17.88,18.4,872306,15691619.0,shares,0
2014-03-07,17.88,18.15,17.51,17.88,17.88,700908,12478317.0,shares,0
2014-03-10,17.65,17.89,17.14,17.19,17.88,689134,11997055.0,shares,0
2014-03-11,17.16,17.43,17.03,17.29,17.19,546504,9434666.0,shares,0
2014-03-12,17.3,17.36,16.45,16.69,17.29,888544,14971007.0,shares,0
2014-03-13,16.8,17.09,16.65,16.95,16.69,538798,9114084.0,shares,0
2014-03-14,16.96,17.39,16.7,17.1,16.95,537450,9181952.0,shares,0
2014-03-17,17.4,17.69,17.06,17.53,17.1,681298,11955646.0,shares,0
2014-03-18,17.4,17.81,17.4,17.49,17.53,637738,11212921.0,shares,0
2014-03-19,17.37,18.19,17.3,17.89,17.49,1521156,27212974.0,shares,0
2014-03-20,17.65,17.99,17.38,17.9,17.89,1606390,28339176.0,shares,0
2014-03-21,17.7,18.95,17.7,18.9,17.9,3031848,56170486.0,shares,0
2014-03-24,18.9,19.46,18.53,18.7,18.9,4822616,91646502.0,shares,0
2014-03-25,18.32,18.98,18.28,18.66,18.7,2180063,40490194.0,shares,0
2014-03-26,18.5,18.9,18.29,18.44,18.66,1109330,20470398.0,shares,0
2014-03-27,18.32,18.55,17.96,18.15,18.44,1243629,22630158.0,shares,0
2014-03-28,18.15,18.29,17.15,17.3,18.15,1451105,25452129.0,shares,0
2014-03-31,17.07,17.45,17.07,17.16,17.3,514266,8845122.0,shares,0
2014-04-01,17.16,17.5,17.16,17.5,17.16,801606,13936173.0,shares,0
2014-04-02,17.5,17.77,17.39,17.51,17.5,719497,12673461.0,shares,0
2014-04-03,17.55,17.55,17.2,17.33,17.51,644328,11191062.0,shares,0
2014-04-04,17.33,17.5,17.06,17.49,17.33,456695,7921804.0,shares,0
2014-04-08,17.58,17.69,17.4,17.59,17.49,680366,11932108.0,shares,0
2014-04-09,17.65,17.83,17.51,17.65,17.59,604020,10662620.0,shares,0
2014-04-10,17.66,18.13,17.54,17.95,17.65,1027479,18355773.0,shares,0
2014-04-11,17.9,18.29,17.89,18.24,17.95,1147579,20835039.0,shares,0
2014-04-14,18.22,18.34,18.0,18.25,18.24,789741,14343510.0,shares,0
2014-04-15,18.37,18.37,17.84,17.86,18.25,687600,12379414.0,shares,0
2014-04-16,17.89,17.92,17.68,17.9,17.86,348620,6214705.0,shares,0
2014-04-17,17.86,18.11,17.8,17.92,17.9,574665,10312630.0,shares,0
2014-04-18,17.82,18.17,17.74,18.12,17.78,679952,12298822.0,shares,0
2014-04-21,18.13,18.18,17.3,17.37,18.12,796573,14155609.0,shares,0
2014-04-22,17.35,17.44,16.55,16.69,17.37,1474481,24984832.0,shares,0
2014-04-23,16.69,16.96,16.43,16.46,16.69,612898,10218109.0,shares,0
2014-04-24,16.64,16.64,16.1,16.4,16.46,529275,8661557.0,shares,0
2014-04-25,16.43,17.2,16.39,16.43,16.4,619607,10330309.0,shares,0
2014-04-28,16.49,16.94,16.1,16.18,16.43,432002,7040128.0,shares,0
2014-04-29,16.15,16.39,16.15,16.33,16.18,245515,3989327.0,shares,0
2014-04-30,16.37,16.47,16.2,16.36,16.33,404384,6600708.0,shares,0
2014-05-05,16.41,16.69,16.13,16.68,16.36,503735,8295974.0,shares,0
2014-05-06,16.7,17.1,16.61,16.77,16.68,575824,9748133.0,shares,0
2014-05-07,16.9,16.9,16.46,16.46,16.77,254830,4244457.0,shares,0
2014-05-08,16.2,16.74,16.19,16.48,16.46,206150,3413177.0,shares,0
2014-05-09,16.62,16.62,16.32,16.4,16.48,233611,3836306.0,shares,0
2014-05-12,16.59,16.79,16.41,16.77,16.4,371003,6177944.0,shares,0
2014-05-13,16.77,16.91,16.6,16.8,16.77,308175,5156821.0,shares,0
2014-05-14,16.86,16.88,16.67,16.74,16.8,198269,3331867.0,shares,0
2014-05-15,16.75,16.76,16.25,16.4,16.74,316401,5212234.0,shares,0
2014-05-16,16.25,16.43,15.83,16.03,16.4,647921,10421402.0,shares,0
2014-05-19,16.02,16.32,15.86,16.22,16.03,456974,7314669.0,shares,0
2014-05-20,16.06,16.4,16.06,16.26,16.22,364909,5957639.0,shares,0
2014-05-21,16.26,16.28,16.0,16.25,16.26,477234,7698869.0,shares,0
2014-05-22,16.23,17.4,16.06,17.31,16.25,1417167,23768153.0,shares,0
2014-05-23,17.31,17.77,17.05,17.32,17.31,2836839,49486603.0,shares,0
2014-05-26,17.23,17.32,16.82,17.05,17.32,1257295,21388710.0,shares,0
2014-05-27,17.0,17.14,16.81,16.92,17.05,608668,10308780.0,shares,0
2014-05-28,16.92,17.04,16.7,17.01,16.92,622484,10524706.0,shares,0
2014-05-29,17.01,17.01,16.74,16.76,17.01,667123,11219223.0,shares,0
2014-05-30,16.74,16.89,16.67,16.79,16.76,419591,7039528.0,shares,0
2014-06-03,16.79,17.08,16.71,16.73,16.79,395496,6669476.0,shares,0
2014-06-04,16.73,16.86,16.2,16.34,16.73,488691,8037693.0,shares,0
2014-06-05,16.41,16.51,16.24,16.46,16.34,460498,7547480.0,shares,0
2014-06-06,16.58,16.61,16.21,16.36,16.46,297981,4903816.0,shares,0
2014-06-09,16.38,16.68,16.31,16.43,16.36,329274,5413469.0,shares,0
2014-06-10,16.43,16.67,16.32,16.56,16.43,428411,7058866.0,shares,0
2014-06-11,16.48,16.65,16.42,16.64,16.56,286200,4740531.0,shares,0
2014-06-12,16.65,16.73,16.57,16.68,16.64,448830,7474019.0,shares,0
2014-06-13,16.8,16.85,16.63,16.78,16.68,502391,8424677.0,shares,0
2014-06-16,16.61,16.89,16.61,16.79,16.78,431912,7226909.0,shares,0
2014-06-17,16.69,16.83,16.35,16.4,16.79,507119,8400330.0,shares,0
2014-06-18,16.45,16.55,16.3,16.36,16.4,345939,5663680.0,shares,0
2014-06-19,16.32,16.46,15.82,16.0,16.36,569646,9196127.0,shares,0
2014-06-20,15.98,16.18,15.94,16.17,16.0,235592,3784892.0,shares,0
2014-06-23,16.16,16.35,16.1,16.27,16.17,315334,5116987.0,shares,0
2014-06-24,16.15,16.39,16.15,16.33,16.27,223087,3642893.0,shares,0
2014-06-25,16.28,16.44,16.24,16.33,16.33,210689,3438915.0,shares,0
2014-06-26,16.48,16.58,16.32,16.55,16.33,426251,7035594.0,shares,0
2014-06-27,16.46,16.68,16.46,16.52,16.55,330204,5477008.0,shares,0
2014-06-30,16.6,16.69,16.46,16.68,16.52,441864,7345960.0,shares,0
2014-07-01,16.65,16.98,16.6,16.92,16.68,774640,13049748.0,shares,0
2014-07-02,16.93,16.98,16.78,16.89,16.92,419113,7067965.0,shares,0
2014-07-03,16.89,16.95,16.83,16.85,16.89,410674,6941654.0,shares,0
2014-07-04,16.85,16.99,16.64,16.9,16.85,527199,8874056.0,shares,0
2014-07-07,16.86,17.35,16.76,17.16,16.9,943416,16122622.0,shares,0
2014-07-08,17.09,17.19,16.81,17.0,17.16,544978,9260459.0,shares,0
2014-07-09,16.91,17.28,16.6,16.61,17.0,608703,10265013.0,shares,0
2014-07-10,16.65,16.99,16.6,16.86,16.61,427597,7185405.0,shares,0
2014-07-11,16.88,17.17,16.79,17.06,16.86,690683,11758929.0,shares,0
2014-07-14,17.18,17.18,16.99,17.16,17.06,663975,11349484.0,shares,0
2014-07-15,17.28,17.77,17.08,17.66,17.16,2221446,38743574.0,shares,0
2014-07-16,17.58,17.59,17.21,17.41,17.66,858738,14951713.0,shares,0
2014-07-17,17.35,17.53,17.12,17.22,17.41,474305,8176401.0,shares,0
2014-07-18,17.22,17.36,17.18,17.25,17.22,450799,7784751.0,shares,0
2014-07-21,17.25,17.3,17.06,17.08,17.25,302413,5185776.0,shares,0
2014-07-22,17.04,17.41,16.96,17.37,17.08,589388,10183389.0,shares,0
2014-07-23,17.3,17.44,16.68,16.79,17.37,564512,9646448.0,shares,0
2014-07-24,16.75,17.07,16.35,17.03,16.79,686609,11446545.0,shares,0
2014-07-25,17.03,17.09,16.86,17.0,17.03,501150,8501151.0,shares,0
2014-07-28,17.02,17.34,17.0,17.3,17.0,521097,8973110.0,shares,0
2014-07-29,17.37,17.4,17.18,17.34,17.3,1040650,18013190.0,shares,0
2014-07-30,17.35,17.6,17.25,17.55,17.34,1033585,18009747.0,shares,0
2014-07-31,17.45,17.67,17.45,17.54,17.55,606903,10651059.0,shares,0
2014-08-01,17.51,17.73,17.51,17.56,17.54,1030715,18164376.0,shares,0
2014-08-04,17.58,17.74,17.43,17.72,17.56,1080690,19081126.0,shares,0
2014-08-05,17.79,17.87,17.5,17.6,17.72,686482,12085321.0,shares,0
2014-08-06,17.5,17.62,17.38,17.55,17.6,639183,11193271.0,shares,0
2014-08-07,17.55,18.15,17.49,17.97,17.55,2027383,36358967.0,shares,0
2014-08-08,17.97,18.34,17.82,17.98,17.97,1303163,23630090.0,shares,0
2014-08-11,18.02,18.35,17.96,18.23,17.98,984929,17881074.0,shares,0
2014-08-12,18.39,18.58,18.0,18.48,18.23,1208738,22100975.0,shares,0
2014-08-13,18.4,18.69,18.21,18.69,18.48,1415368,26155681.0,shares,0
2014-08-14,18.7,18.9,18.34,18.42,18.69,1225855,22772487.0,shares,0
2014-08-15,18.3,18.49,18.23,18.43,18.42,721011,13225578.0,shares,0
2014-08-18,18.26,19.12,18.26,19.03,18.43,1602894,30144181.0,shares,0
2014-08-19,19.1,19.34,18.81,19.14,19.03,1383766,26355705.0,shares,0
2014-08-20,19.07,19.28,18.86,18.98,19.14,609382,11587375.0,shares,0
2014-08-21,19.1,19.1,18.62,18.88,18.98,708452,13346589.0,shares,0
2014-08-22,18.88,19.35,18.77,19.15,18.88,1184014,22640569.0,shares,0
2014-08-25,19.15,19.16,18.58,18.74,19.15,1106845,20870207.0,shares,0
2014-08-26,18.5,18.78,17.65,18.1,18.74,1360413,24746521.0,shares,0
2014-08-27,17.94,18.17,17.79,18.09,18.1,638003,11513003.0,shares,0
2014-08-28,17.95,19.6,17.95,19.37,18.09,4833550,92319804.0,shares,0
2014-08-29,19.25,20.1,19.02,19.57,19.37,4409132,86954620.0,shares,0
2014-09-01,19.79,19.79,19.4,19.63,19.57,1644292,32115358.0,shares,0
2014-09-02,19.54,19.98,19.54,19.63,19.63,1699508,33491340.0,shares,0
2014-09-03,19.65,19.88,19.43,19.78,19.63,1819935,35837733.0,shares,0
2014-09-04,19.8,20.28,19.66,20.28,19.78,1195994,23774185.0,shares,0
2014-09-05,20.12,20.39,19.86,20.22,20.28,1534629,30728727.0,shares,0
2014-09-09,20.16,20.18,19.73,20.05,20.22,1205137,24061547.0,shares,0
2014-09-10,19.81,21.25,19.8,20.74,20.05,4661256,96087805.0,shares,0
2014-09-11,20.5,21.1,20.43,20.77,20.74,3277451,67992932.0,shares,0
2014-09-12,20.6,20.94,20.6,20.74,20.77,713677,14819425.0,shares,0
2014-09-15,20.78,21.5,20.66,20.73,20.74,1413950,29447781.0,shares,0
2014-09-16,20.62,20.75,19.81,20.1,20.73,1169309,23831996.0,shares,0
2014-09-17,20.03,20.34,19.85,20.18,20.1,1132789,22742309.0,shares,0
2014-09-18,20.18,20.36,19.96,20.3,20.18,497352,10041088.0,shares,0
2014-09-19,20.12,20.65,20.12,20.65,20.3,680186,13953859.0,shares,0
2014-09-22,20.65,20.79,20.16,20.61,20.65,870631,17815150.0,shares,0
2014-09-23,20.58,20.7,20.33,20.64,20.61,889582,18289415.0,shares,0
2014-09-24,20.58,20.88,20.58,20.8,20.64,897440,18656623.0,shares,0
2014-09-25,20.72,21.1,20.56,20.75,20.8,861794,17978172.0,shares,0
2014-09-26,20.75,20.99,20.6,20.87,20.75,621602,12951029.0,shares,0
2014-09-29,20.99,21.16,20.8,21.1,20.87,1238803,26004050.0,shares,0
2014-09-30,21.08,21.45,21.07,21.38,21.1,763197,16202957.0,shares,0
2014-10-08,21.4,21.8,21.1,21.7,21.38,848801,18346249.0,shares,0
2014-10-09,21.8,21.84,21.2,21.52,21.7,828521,17804572.0,shares,0
2014-10-10,21.51,21.58,21.11,21.19,21.52,732287,15615807.0,shares,0
2014-10-13,21.05,21.29,20.75,21.27,21.19,1131704,23813725.0,shares,0
2014-10-14,21.27,21.76,21.21,21.38,21.27,758633,16315588.0,shares,0
2014-10-15,21.32,21.58,21.07,21.48,21.38,805490,17188955.0,shares,0
2014-10-16,21.48,21.78,21.18,21.18,21.48,486685,10471209.0,shares,0
2014-10-17,21.06,21.44,20.0,20.52,21.18,892148,18462760.0,shares,0
2014-10-20,20.49,21.58,20.41,21.09,20.52,611607,12803860.0,shares,0
2014-10-21,21.0,21.44,20.86,21.22,21.09,1357576,28829059.0,shares,0
2014-10-22,21.33,21.42,20.6,21.2,21.22,1329238,28098962.0,shares,0
2014-10-23,20.99,21.4,20.15,21.16,21.2,2772257,58375667.0,shares,0
2014-10-24,21.07,21.79,20.64,21.69,21.16,5401429,115143104.0,shares,0
2014-10-27,21.3,22.52,21.3,22.49,21.69,8463911,187748864.0,shares,0
2014-10-28,22.05,22.87,21.56,22.18,22.49,10434688,229301183.0,shares,0
2014-10-29,21.86,22.17,21.53,21.69,22.18,5708989,123981691.0,shares,0
2014-10-30,21.49,21.56,21.06,21.15,21.69,3410977,72617716.0,shares,0
2014-10-31,21.14,21.28,20.67,20.9,21.15,2479008,51715416.0,shares,0
2014-11-03,20.87,21.1,20.82,21.06,20.9,1427557,29990529.0,shares,0
2014-11-04,21.1,21.15,20.42,20.58,21.06,1862459,38631907.0,shares,0
2014-11-05,20.6,20.76,20.31,20.72,20.58,1126847,23119767.0,shares,0
2014-11-06,20.72,20.94,20.5,20.93,20.72,1168434,24231685.0,shares,0
2014-11-07,20.93,21.07,20.49,20.49,20.93,1400593,29196194.0,shares,0
2014-11-10,20.47,20.66,20.4,20.63,20.49,826113,16962254.0,shares,0
2014-11-11,20.64,20.73,19.18,19.46,20.63,1911630,38070285.0,shares,0
2014-11-12,19.29,19.75,19.29,19.73,19.46,957164,18742344.0,shares,0
2014-11-13,19.73,19.88,19.05,19.33,19.73,1179526,22840094.0,shares,0
2014-11-14,19.29,19.47,19.11,19.35,19.33,861129,16620286.0,shares,0
2014-11-17,19.45,20.67,19.26,20.64,19.35,2019819,40326245.0,shares,0
2014-11-18,20.39,21.17,20.3,21.13,20.64,2909681,60577583.0,shares,0
2014-11-19,21.13,21.2,20.56,21.01,21.13,3478130,72713076.0,shares,0
2014-11-20,20.91,21.0,20.66,20.7,21.01,1179544,24493069.0,shares,0
2014-11-21,20.68,20.69,20.52,20.58,20.7,971369,19985485.0,shares,0
2014-11-24,20.62,20.75,20.23,20.45,20.58,1559449,31915405.0,shares,0
2014-11-25,20.56,20.76,20.36,20.69,20.45,1189106,24402383.0,shares,0
2014-11-26,20.71,20.71,20.43,20.53,20.69,1031500,21181394.0,shares,0
2014-11-27,20.5,21.08,20.4,20.74,20.53,1415635,29462402.0,shares,0
2014-11-28,20.62,20.75,20.51,20.7,20.74,1217006,25112424.0,shares,0
2014-12-01,20.7,20.71,19.9,20.04,20.7,988648,19972205.0,shares,0
2014-12-02,19.91,21.38,19.9,21.35,20.04,2755569,56340895.0,shares,0
2014-12-03,21.34,21.35,20.88,21.16,21.35,3532887,74579114.0,shares,0
2014-12-04,21.21,21.25,20.92,20.98,21.16,1687574,35427178.0,shares,0
2014-12-05,20.99,20.99,20.01,20.16,20.98,1808141,36707673.0,shares,0
2014-12-08,20.16,20.39,19.91,20.17,20.16,1369005,27569687.0,shares,0
2014-12-09,20.05,20.05,18.57,18.9,20.17,1743927,33938781.0,shares,0
2014-12-10,18.81,19.83,18.81,19.75,18.9,1008223,19683741.0,shares,0
2014-12-11,19.7,20.88,19.5,20.68,19.75,2079657,41832019.0,shares,0
2014-12-12,20.88,21.44,20.68,20.98,20.68,3891401,81669145.0,shares,0
2014-12-15,20.68,20.69,19.52,20.48,20.98,1428072,28869118.0,shares,0
2014-12-16,20.2,20.4,20.08,20.17,20.48,1071055,21652606.0,shares,0
2014-12-17,20.17,20.28,19.75,19.91,20.17,1007669,20124270.0,shares,0
2014-12-18,19.75,20.65,19.74,20.04,19.91,1047948,21108583.0,shares,0
2014-12-19,20.14,20.15,19.78,19.8,20.04,910116,18047179.0,shares,0
2014-12-22,19.7,19.7,18.6,18.75,19.8,859934,16336222.0,shares,0
2014-12-23,18.75,19.25,18.66,18.82,18.75,445825,8418500.0,shares,0
2014-12-24,19.19,19.37,18.85,19.32,18.82,742810,14180559.0,shares,0
2014-12-25,19.4,20.1,19.24,19.8,19.32,893577,17687451.0,shares,0
2014-12-26,19.7,19.9,19.52,19.9,19.8,777553,15314918.0,shares,0
2014-12-29,19.65,20.3,19.17,20.18,19.9,1076623,21231246.0,shares,0
2014-12-30,20.1,20.18,19.5,19.67,20.18,1103218,21871130.0,shares,0
2014-12-31,19.8,20.35,19.8,19.91,19.67,2680395,53874239.0,shares,0
2015-01-05,19.74,19.74,18.03,18.81,19.91,1980407,37014594.0,shares,0
2015-01-06,18.51,18.89,18.35,18.84,18.81,1085412,20211903.0,shares,0
2015-01-07,18.75,19.18,18.63,18.76,18.84,554266,10378342.0,shares,0
2015-01-08,18.66,19.0,18.59,18.68,18.76,377767,7084885.0,shares,0
2015-01-09,18.44,19.14,18.44,18.88,18.68,1005089,18943250.0,shares,0
2015-01-12,18.88,19.09,18.6,18.8,18.88,1848055,34962836.0,shares,0
2015-01-13,18.79,19.31,18.59,19.2,18.8,931561,17576564.0,shares,0
2015-01-14,19.12,19.9,19.01,19.76,19.2,1659582,32334267.0,shares,0
2015-01-15,19.8,20.35,19.58,20.25,19.76,4945122,98939740.0,shares,0
2015-01-16,20.16,20.16,19.53,19.61,20.25,1724675,33958454.0,shares,0
2015-01-19,19.56,19.56,18.51,19.01,19.61,1128540,21482905.0,shares,0
2015-01-20,19.17,19.45,19.01,19.38,19.01,815088,15697106.0,shares,0
2015-01-21,19.34,19.81,19.3,19.46,19.38,1300418,25455992.0,shares,0
2015-01-22,19.56,20.19,19.44,20.17,19.46,2480263,49319449.0,shares,0
2015-01-23,20.09,20.5,20.05,20.38,20.17,2651168,53772048.0,shares,0
2015-01-26,20.33,20.87,20.19,20.59,20.38,4728385,97091477.0,shares,0
2015-01-27,20.39,20.39,19.82,20.11,20.59,2248244,44959641.0,shares,0
2015-01-28,19.92,20.07,19.79,20.03,20.11,1051873,20970993.0,shares,0
2015-01-29,19.9,19.97,19.56,19.61,20.03,845997,16689406.0,shares,0
2015-01-30,19.66,19.8,19.5,19.66,19.61,708060,13884095.0,shares,0
2015-02-02,19.63,19.68,19.25,19.48,19.66,661406,12830074.0,shares,0
2015-02-03,19.5,19.74,19.43,19.65,19.48,582100,11444575.0,shares,0
2015-02-04,19.65,19.96,19.61,19.95,19.65,1033834,20489395.0,shares,0
2015-02-05,20.03,20.16,19.7,19.85,19.95,1261032,25158780.0,shares,0
2015-02-06,19.9,19.99,19.18,19.95,19.85,2460904,48050292.0,shares,0
2015-02-09,19.79,20.2,19.52,20.07,19.95,1993014,39406748.0,shares,0
2015-02-10,20.1,20.82,19.91,20.62,20.07,5930450,121356483.0,shares,0
2015-02-11,20.74,20.74,19.92,20.23,20.62,2762449,55681741.0,shares,0
2015-02-12,20.16,20.16,19.81,20.03,20.23,1590420,31744646.0,shares,0
2015-02-13,20.11,20.31,20.03,20.18,20.03,1693019,34174036.0,shares,0
2015-02-16,20.11,20.55,20.11,20.49,20.18,1866766,37964355.0,shares,0
2015-02-17,20.48,20.48,20.18,20.23,20.49,1302391,26394142.0,shares,0
2015-02-25,20.24,20.54,20.18,20.39,20.23,1449479,29481549.0,shares,0
2015-02-26,20.4,20.93,20.4,20.79,20.39,2368313,49158150.0,shares,0
2015-02-27,20.9,20.9,20.61,20.7,20.79,1694223,35111504.0,shares,0
2015-03-02,20.56,20.58,20.21,20.53,20.7,3090891,62988946.0,shares,0
2015-03-03,20.53,20.67,20.39,20.57,20.53,2370129,48600933.0,shares,0
2015-03-04,20.57,20.98,20.57,20.87,20.57,2707574,56360479.0,shares,0
2015-03-05,20.85,20.87,20.62,20.79,20.87,1862116,38648965.0,shares,0
2015-03-06,20.79,21.04,20.48,20.55,20.79,1948307,40451012.0,shares,0
2015-03-09,20.54,20.99,20.46,20.8,20.55,1810089,37663062.0,shares,0
2015-03-10,20.82,21.2,20.81,20.9,20.8,2120306,44525114.0,shares,0
2015-03-11,20.99,21.15,20.56,20.72,20.9,1851251,38318914.0,shares,0
2015-03-12,20.7,20.98,20.39,20.4,20.72,1829069,37639057.0,shares,0
2015-03-13,20.48,20.78,20.39,20.63,20.4,1446800,29763461.0,shares,0
2015-03-16,20.68,21.4,20.68,21.33,20.63,3582467,75557364.0,shares,0
2015-03-17,21.34,21.8,21.01,21.48,21.33,3524019,75519072.0,shares,0
2015-03-18,21.47,22.04,21.38,21.89,21.48,2591204,56159098.0,shares,0
2015-03-19,21.95,22.79,21.61,22.47,21.89,4343268,96885201.0,shares,0
2015-03-20,22.48,22.48,22.12,22.17,22.47,2368058,52667239.0,shares,0
2015-03-23,22.34,22.66,22.17,22.53,22.17,2752959,61735308.0,shares,0
2015-03-24,22.57,22.77,21.52,22.01,22.53,3634581,80374042.0,shares,0
2015-03-25,22.0,22.95,21.71,22.84,22.01,3894213,86517292.0,shares,0
2015-03-26,22.73,23.46,22.42,22.56,22.84,3719741,84807312.0,shares,0
2015-03-27,22.43,22.78,22.23,22.57,22.56,2352593,53020303.0,shares,0
2015-03-30,22.77,23.27,22.56,23.0,22.57,3145236,72350205.0,shares,0
2015-03-31,22.48,22.66,21.8,22.47,23.0,4331522,96425294.0,shares,0
2015-04-01,22.43,23.01,22.11,23.0,22.47,4362413,98300776.0,shares,0
2015-04-02,22.98,24.5,22.8,24.14,23.0,5127603,120715922.0,shares,0
2015-04-03,24.01,24.24,23.46,24.05,24.14,3124757,74684507.0,shares,0
2015-04-07,24.09,24.98,23.87,24.49,24.05,3595419,87899333.0,shares,0
2015-04-08,24.49,24.49,23.66,24.14,24.49,2878822,69248123.0,shares,0
2015-04-09,24.13,26.15,23.91,25.42,24.14,5304200,132610646.0,shares,0
2015-04-10,25.6,26.99,25.0,26.23,25.42,3521975,91794497.0,shares,0
2015-04-13,25.99,27.35,25.86,26.42,26.23,2706493,72181695.0,shares,0
2015-04-14,26.54,26.54,25.6,25.98,26.42,2347650,60833008.0,shares,0
2015-04-15,25.87,25.87,24.2,24.28,25.98,2393931,59725475.0,shares,0
2015-04-16,23.23,24.71,23.23,24.15,24.28,1735295,41874151.0,shares,0
2015-04-17,24.23,24.6,23.92,24.19,24.15,2277187,55061870.0,shares,0
2015-04-20,24.1,24.1,23.18,23.3,24.19,2643353,62266477.0,shares,0
2015-04-21,23.43,24.16,23.3,24.06,23.3,1761626,42007675.0,shares,0
2015-04-22,24.09,25.39,24.09,25.02,24.06,3026705,75469878.0,shares,0
2015-04-23,25.05,25.8,24.8,25.8,25.02,3466025,88062514.0,shares,0
2015-04-24,25.48,26.36,25.0,26.36,25.8,2610486,67153227.0,shares,0
2015-04-27,26.39,27.67,25.7,26.94,26.36,6970926,186655525.0,shares,0
2015-04-28,27.28,27.95,26.2,27.69,26.94,7852288,213182595.0,shares,0
2015-04-29,26.83,27.7,25.7,26.0,27.58,7056084,187688107.0,shares,0
2015-04-30,26.36,26.5,25.46,25.74,26.0,3004290,77758518.0,shares,0
2015-05-04,25.5,25.61,24.6,25.09,25.74,3650620,90993802.0,shares,0
2015-05-05,25.08,25.58,24.75,24.95,25.09,3017237,75963055.0,shares,0
2015-05-06,24.99,25.36,23.9,24.09,24.95,2107422,52215418.0,shares,0
2015-05-07,24.1,24.3,23.5,23.75,24.09,1461117,34999901.0,shares,0
2015-05-08,24.02,24.64,24.02,24.54,23.75,2021277,49175104.0,shares,0
2015-05-11,24.85,25.35,24.56,25.31,24.54,2036182,51053631.0,shares,0
2015-05-12,25.34,25.47,24.81,25.28,25.31,3057652,76708224.0,shares,0
2015-05-13,25.2,25.83,24.88,25.29,25.28,2955676,74955696.0,shares,0
2015-05-14,25.29,25.99,25.2,25.85,25.29,3134832,80324657.0,shares,0
2015-05-15,25.67,25.79,24.76,24.8,25.85,3061501,76841638.0,shares,0
2015-05-18,24.55,25.97,24.51,25.84,24.8,3233577,82208785.0,shares,0
2015-05-19,25.65,26.99,25.65,26.64,25.84,3568156,94590609.0,shares,0
2015-05-20,26.7,27.3,26.3,26.7,26.64,3733752,100557714.0,shares,0
2015-05-21,26.8,27.88,26.78,27.62,26.7,3343706,91935436.0,shares,0
2015-05-22,27.61,28.84,27.59,27.88,27.62,4608608,129337648.0,shares,0
2015-05-25,27.6,29.98,27.36,29.2,27.88,4682831,136186830.0,shares,0
2015-05-26,29.45,30.78,29.1,30.6,29.2,5399513,160581160.0,shares,0
2015-05-27,30.61,30.86,29.42,30.2,30.6,4350329,130753528.0,shares,0
2015-05-28,30.2,31.46,28.08,29.2,30.2,5556444,167886986.0,shares,0
2015-05-29,29.3,30.95,28.19,30.2,29.2,5024498,150065981.0,shares,0
2015-06-01,30.58,33.22,30.52,33.22,30.2,6175240,198623365.0,shares,0
2015-06-02,33.8,34.88,32.8,34.2,33.22,5601913,187184504.0,shares,0
2015-06-03,34.0,36.5,32.55,35.6,34.2,5075996,176118162.0,shares,0
2015-06-04,35.0,35.99,32.85,34.76,35.6,2943526,101928151.0,shares,0
2015-06-05,34.82,35.87,33.48,34.48,34.76,3666704,127210901.0,shares,0
2015-06-08,34.54,34.98,32.01,32.85,34.48,4394848,145459158.0,shares,0
2015-06-09,32.89,33.54,32.5,32.9,32.85,2842193,94166355.0,shares,0
2015-06-10,33.0,33.86,32.2,33.12,32.9,2504889,83319817.0,shares,0
2015-06-11,33.12,35.45,33.12,34.97,33.12,3504000,121206417.0,shares,0
2015-06-12,34.9,38.47,34.9,37.66,34.97,4616381,170429860.0,shares,0
2015-06-15,38.01,40.0,37.02,38.01,37.66,4008563,155205956.0,shares,0
2015-06-16,37.01,38.88,35.81,38.21,38.01,2781598,104263509.0,shares,0
2015-06-17,38.5,38.67,35.86,37.83,38.21,2812673,104750631.0,shares,0
2015-06-18,37.84,39.25,36.58,37.34,37.83,2004082,76551874.0,shares,0
2015-06-19,36.02,36.69,33.61,33.61,37.34,2655564,92226425.0,shares,0
2015-06-23,33.0,34.0,30.25,32.26,33.61,2810421,90109939.0,shares,0
2015-06-24,32.7,33.9,32.5,33.44,32.26,2246067,74774996.0,shares,0
2015-06-25,33.29,34.94,32.89,33.58,33.44,2229344,75714447.0,shares,0
2015-06-26,32.0,32.98,30.22,30.22,33.58,2368532,73462121.0,shares,0
2015-06-29,31.02,31.4,27.2,27.2,30.22,3748252,107567600.0,shares,0
2015-06-30,27.0,29.9,25.15,29.7,27.2,4398095,120919324.0,shares,0
2015-07-01,29.8,32.67,29.6,31.0,29.7,4969123,158898085.0,shares,0
2015-07-02,31.0,31.76,27.9,27.9,31.0,2751903,81271770.0,shares,0
2015-07-03,27.0,29.58,25.11,25.8,27.9,3084487,82070946.0,shares,0
2015-07-06,28.38,28.38,23.22,24.4,25.8,5388085,136610979.0,shares,0
2015-07-07,23.98,25.81,21.96,21.96,24.4,4659642,110603024.0,shares,0
2016-02-29,24.16,24.16,23.32,24.16,21.96,6447709,155556882.0,shares,0
2016-03-01,25.0,26.58,24.16,25.66,24.16,13479036,343721232.0,shares,0
2016-03-02,24.3,27.26,23.09,26.15,25.66,11652529,288706560.0,shares,0
2016-03-03,25.08,26.3,24.7,25.44,26.15,8846015,226020113.0,shares,0
2016-03-04,26.7,27.49,25.6,26.76,25.44,12864915,343987568.0,shares,0
2016-03-07,26.82,27.0,26.08,26.48,26.76,8382829,223242323.0,shares,0
2016-03-08,26.28,26.28,23.83,25.24,26.48,6305134,155979346.0,shares,0
2016-03-09,24.3,24.59,23.5,23.85,25.24,3919498,94536904.0,shares,0
2016-03-10,23.84,24.24,23.5,23.61,23.85,3051620,72978618.0,shares,0
2016-03-11,23.52,23.52,22.66,22.93,23.61,2716386,62449975.0,shares,0
2016-03-14,23.3,24.45,23.3,24.31,22.93,4239569,101725669.0,shares,0
2016-03-15,24.0,25.5,23.91,25.02,24.31,5681483,141600842.0,shares,0
2016-03-16,25.1,25.45,24.0,24.24,25.02,3592491,88263004.0,shares,0
2016-03-17,24.31,25.25,24.1,25.16,24.24,4727256,116937964.0,shares,0
2016-03-18,25.21,26.23,24.9,25.98,25.16,5769509,148288964.0,shares,0
2016-03-21,26.5,26.62,25.7,26.4,25.98,6052075,158060784.0,shares,0
2016-03-22,26.0,26.88,25.7,26.25,26.4,4698785,123740692.0,shares,0
2016-03-23,26.24,26.46,25.9,26.38,26.25,3702105,97094919.0,shares,0
2016-03-24,26.03,28.77,25.95,27.71,26.38,8361530,229946772.0,shares,0
2016-03-25,27.2,29.29,27.2,28.59,27.71,6783760,193423412.0,shares,0
2016-03-28,28.58,29.09,27.78,27.99,28.59,4989228,141676175.0,shares,0
2016-03-29,27.66,28.17,26.38,26.76,27.99,3688260,99668341.0,shares,0
2016-03-30,26.91,28.58,26.91,28.58,26.76,4360790,121026497.0,shares,0
2016-03-31,28.97,28.99,28.02,28.03,28.58,4907810,139808381.0,shares,0
2016-04-01,27.86,28.08,27.37,27.99,28.03,3145941,87341640.0,shares,0
2016-04-05,28.2,29.02,28.2,28.99,27.99,4970508,143011004.0,shares,0
2016-04-06,28.99,29.56,28.65,29.3,28.99,5045171,147059159.0,shares,0
2016-04-07,29.5,31.69,28.65,30.4,29.3,6540575,194749419.0,shares,0
2016-04-08,30.0,31.8,29.6,31.1,30.4,5609276,172769832.0,shares,0
2016-04-11,32.04,32.04,30.5,31.1,31.1,6049927,188989149.0,shares,0
2016-04-12,30.71,31.19,30.11,30.52,31.1,2729954,83531124.0,shares,0
2016-04-13,30.69,31.26,30.45,30.45,30.52,3890036,120303296.0,shares,0
2016-04-14,30.61,30.99,29.99,30.94,30.45,3033253,92759794.0,shares,0
2016-04-15,30.82,31.48,30.5,30.8,30.94,2162663,66831803.0,shares,0
2016-04-18,30.79,31.14,30.01,30.93,30.8,3101345,95393911.0,shares,0
2016-04-19,30.99,31.36,30.65,30.87,30.93,2299866,71084406.0,shares,0
2016-04-20,31.19,31.19,28.0,28.96,30.87,3582123,105271238.0,shares,0
2016-04-21,28.86,29.21,28.3,28.32,28.96,2150807,61978878.0,shares,0
2016-04-22,28.28,29.29,28.03,28.7,28.32,1925157,55404965.0,shares,0
2016-04-25,28.7,28.77,28.25,28.49,28.7,1182099,33567956.0,shares,0
2016-04-26,28.59,29.35,28.4,29.28,28.49,1386177,39822626.0,shares,0
2016-04-27,29.55,30.74,29.5,30.19,29.28,3313155,100363590.0,shares,0
2016-04-28,30.0,30.39,29.1,29.72,30.19,2067266,61728275.0,shares,0
2016-04-29,29.4,30.31,29.3,29.84,29.72,1190462,35599534.0,shares,0
2016-05-03,29.47,30.66,28.8,30.59,29.84,2542195,76003941.0,shares,0
2016-05-04,30.3,30.79,30.09,30.14,30.59,2050932,62331950.0,shares,0
2016-05-05,30.17,30.45,29.77,30.17,30.14,1757568,52765459.0,shares,0
2016-05-06,30.17,30.29,28.7,28.7,30.17,3119191,92629661.0,shares,0
2016-05-09,28.37,28.37,26.31,26.6,28.7,2900988,78396002.0,shares,0
2016-05-10,26.5,27.09,26.21,26.87,26.6,1270019,33948969.0,shares,0
2016-05-11,27.13,27.3,26.56,26.56,26.87,1227500,33082506.0,shares,0
2016-05-12,26.1,27.26,25.48,27.15,26.56,1666524,44228415.0,shares,0
2016-05-13,26.91,27.53,26.85,26.86,27.15,1067639,29027628.0,shares,0
2016-05-16,26.98,27.62,26.83,27.5,26.86,1297406,35532197.0,shares,0
2016-05-17,27.81,30.25,27.81,30.25,27.5,2633246,78857721.0,shares,0
2016-05-18,30.7,31.26,28.97,29.4,30.25,3876377,116008650.0,shares,0
2016-05-19,29.6,30.99,29.4,30.38,29.4,3760960,114504701.0,shares,0
2016-05-20,30.0,30.95,28.9,30.71,30.38,3590438,108495007.0,shares,0
2016-05-23,15.1,15.25,14.49,15.07,15.27,5982552,89513259.0,shares,0
2016-05-24,15.56,16.28,15.01,15.11,15.07,12735433,200549472.0,shares,0
2016-05-25,14.5,15.54,14.5,14.7,15.11,6535099,97778901.0,shares,0
2016-05-26,14.57,14.95,14.12,14.82,14.7,4646251,67462863.0,shares,0
2016-05-27,14.75,14.88,14.37,14.62,14.82,3499646,51495572.0,shares,0
2016-05-30,14.3,15.97,14.26,15.7,14.62,8568573,130623536.0,shares,0
2016-05-31,15.8,16.49,15.61,16.19,15.7,11595397,185757217.0,shares,0
2016-06-01,16.35,16.45,15.92,16.25,16.19,7698022,124439116.0,shares,0
2016-06-02,16.25,17.35,16.03,16.99,16.25,9892070,165345458.0,shares,0
2016-06-03,17.02,17.48,16.68,17.03,16.99,7119036,121572435.0,shares,0
2016-06-06,17.0,17.35,16.7,16.93,17.03,5392696,92144918.0,shares,0
2016-06-07,17.0,17.8,16.38,17.76,16.93,7116448,121563688.0,shares,0
2016-06-08,17.51,18.13,17.38,18.0,17.76,4679319,83202405.0,shares,0
2016-06-13,17.5,18.65,16.52,16.6,18.0,5054936,89735286.0,shares,0
2016-06-14,16.6,17.28,16.33,16.78,16.6,4439390,74531163.0,shares,0
2016-06-15,16.66,18.45,16.35,18.25,16.78,6625628,118841861.0,shares,0
2016-06-16,18.66,20.04,18.16,19.71,18.25,8061473,153486515.0,shares,0
2016-06-17,19.71,19.95,19.09,19.68,19.71,6541646,127609068.0,shares,0
2016-06-20,19.48,21.65,19.32,21.65,19.68,9187356,189606961.0,shares,0
2016-06-21,21.68,23.5,21.1,21.61,21.65,10189452,223633704.0,shares,0
2016-06-22,21.8,21.99,20.86,21.19,21.61,6508264,138701979.0,shares,0
2016-06-23,21.08,21.66,20.52,20.72,21.19,5054152,105642834.0,shares,0
2016-06-24,20.72,21.6,19.8,20.73,20.72,6803419,141367827.0,shares,0
2016-06-27,20.2,21.38,20.2,21.26,20.73,4467769,93819696.0,shares,0
2016-06-28,20.97,23.18,20.97,22.92,21.26,8407995,187640879.0,shares,0
2016-06-29,22.8,23.0,22.12,22.4,22.92,5453727,122732910.0,shares,0
2016-06-30,22.13,23.2,21.93,22.26,22.4,4973527,111500909.0,shares,0
2016-07-01,22.35,22.77,21.75,21.88,22.26,3045561,67292438.0,shares,0
2016-07-04,21.79,22.21,21.62,21.9,21.88,2936952,64408688.0,shares,0
2016-07-05,22.36,22.36,20.98,21.18,21.9,4664871,99514414.0,shares,0
2016-07-06,21.6,21.6,20.7,21.57,21.18,4267953,90810118.0,shares,0
2016-07-07,21.5,23.0,21.09,22.4,21.57,7215947,158987094.0,shares,0
2016-07-08,22.19,22.99,21.9,22.1,22.4,3795787,85728316.0,shares,0
2016-07-11,22.01,22.54,21.71,22.13,22.1,4336340,95946093.0,shares,0
2016-07-12,22.09,22.42,21.21,21.92,22.13,3376989,73145334.0,shares,0
2016-07-13,21.88,22.17,21.61,21.78,21.92,2088879,45743243.0,shares,0
2016-07-14,21.78,22.35,21.59,22.01,21.78,2206810,48635600.0,shares,0
2016-07-15,22.01,22.19,21.51,22.1,22.01,1372008,29976682.0,shares,0
2016-07-18,22.1,22.31,21.17,21.46,22.1,3376391,72881099.0,shares,0
2016-07-19,21.35,23.01,20.73,22.79,21.46,5948625,132707607.0,shares,0
2016-07-20,22.66,24.29,22.41,23.95,22.79,7828879,186137549.0,shares,0
2016-07-21,23.69,24.5,23.49,23.95,23.95,4705967,113178158.0,shares,0
2016-07-22,23.95,24.14,23.23,23.34,23.95,2749290,64952498.0,shares,0
2016-07-25,23.59,25.0,23.32,24.95,23.34,5436248,132814397.0,shares,0
2016-07-26,24.97,25.08,23.95,24.59,24.95,6043187,147096569.0,shares,0
2016-07-27,24.5,24.5,22.97,23.86,24.59,4364695,103811938.0,shares,0
2016-07-28,23.68,24.19,23.0,23.46,23.86,2116586,50317105.0,shares,0
2016-07-29,23.46,25.28,23.3,24.87,23.46,5984334,147568042.0,shares,0
2016-08-01,24.51,24.87,23.88,24.13,24.87,3357374,81382610.0,shares,0
2016-08-02,23.52,25.3,23.52,25.3,24.13,4310086,106621453.0,shares,0
2016-08-03,25.05,25.49,24.62,25.0,25.3,3061767,76489825.0,shares,0
2016-08-04,24.88,25.4,24.0,24.4,25.0,3973534,97657451.0,shares,0
2016-08-05,24.89,26.28,24.5,25.94,24.4,8708307,223543966.0,shares,0
2016-08-08,25.7,26.8,25.31,26.03,25.94,4881263,127956898.0,shares,0
2016-08-09,26.16,26.58,25.45,26.32,26.03,3619020,93765645.0,shares,0
2016-08-10,26.09,26.7,25.8,25.91,26.32,2585700,67634733.0,shares,0
2016-08-11,25.92,26.19,25.38,25.67,25.91,1891214,48505949.0,shares,0
2016-08-12,25.67,25.8,25.19,25.72,25.67,2245022,57263485.0,shares,0
2016-08-15,25.75,26.21,25.15,25.85,25.72,2263818,58329931.0,shares,0
2016-08-16,25.85,26.17,25.3,25.45,25.85,2900637,74142372.0,shares,0
2016-08-17,25.4,25.75,25.18,25.42,25.45,1659616,42227451.0,shares,0
2016-08-18,25.5,25.64,25.18,25.24,25.42,1576144,39884201.0,shares,0
2016-08-19,25.24,25.47,25.04,25.18,25.24,1663327,41973523.0,shares,0
2016-08-22,25.18,26.65,25.11,26.3,25.18,5380053,140584830.0,shares,0
2016-08-23,26.27,26.5,25.83,25.9,26.3,2286605,59662366.0,shares,0
2016-08-24,26.0,26.34,25.46,25.73,25.9,2028743,52403827.0,shares,0
2016-08-25,25.46,25.89,24.8,24.88,25.73,2368218,59294414.0,shares,0
2016-08-26,25.09,26.8,24.75,26.44,24.88,4776260,124372831.0,shares,0
2016-08-29,26.4,26.99,25.51,26.27,26.44,5121736,134355521.0,shares,0
2016-08-30,26.27,26.98,25.69,26.01,26.27,2409358,62996344.0,shares,0
2016-08-31,26.29,26.39,25.1,25.68,26.01,4131104,105407471.0,shares,0
2016-09-01,25.53,25.55,23.78,23.84,25.68,7358892,179666204.0,shares,0
2016-09-02,23.89,24.13,22.72,23.59,23.84,5328012,123568663.0,shares,0
2016-09-05,23.29,23.9,22.86,23.2,23.59,2503353,58390699.0,shares,0
2016-09-06,23.16,23.75,23.0,23.43,23.2,1556900,36479726.0,shares,0
2016-09-07,23.41,23.73,23.1,23.12,23.43,2310130,53885313.0,shares,0
2016-09-08,23.11,24.9,23.0,24.8,23.12,4594015,109576082.0,shares,0
2016-09-09,24.7,25.97,24.4,24.74,24.8,7311967,183321360.0,shares,0
2016-09-12,23.73,24.36,23.33,23.54,24.74,3322289,78650987.0,shares,0
2016-09-13,23.6,23.7,22.95,23.35,23.54,1971074,45889548.0,shares,0
2016-09-14,23.13,23.52,22.9,23.0,23.35,1598358,37009347.0,shares,0
2016-09-19,22.98,23.59,22.95,23.27,23.0,1707730,39878315.0,shares,0
2016-09-20,23.47,23.5,23.01,23.36,23.27,2027015,47038683.0,shares,0
2016-09-28,23.26,24.49,22.52,22.96,23.36,2051813,48157628.0,shares,0
2016-09-29,22.78,23.25,22.0,22.2,22.96,2320289,51821516.0,shares,0
2016-09-30,22.23,22.23,21.87,22.02,22.2,1211962,26642677.0,shares,0
2016-10-10,22.03,23.13,22.03,22.93,22.02,1548230,35228556.0,shares,0
2016-10-11,23.0,23.58,22.73,23.01,22.93,1344334,31004667.0,shares,0
2016-10-12,23.2,23.56,22.9,23.28,23.01,1472506,34387507.0,shares,0
2016-10-13,23.15,25.61,23.15,24.67,23.28,4814972,119860406.0,shares,0
2016-10-14,24.4,24.98,24.35,24.79,24.67,2454294,60518456.0,shares,0
2016-10-17,24.79,25.05,24.5,24.6,24.79,2110556,52354911.0,shares,0
2016-10-18,24.6,25.99,24.51,25.12,24.6,1875655,47278210.0,shares,0
2016-10-19,25.22,25.36,24.6,24.69,25.12,1561944,38726644.0,shares,0
2016-10-20,24.7,25.05,24.6,24.7,24.69,1107543,27491811.0,shares,0
2016-10-21,24.75,24.8,23.88,23.98,24.7,1351300,32650524.0,shares,0
2016-10-24,24.09,24.26,23.9,24.01,23.98,986600,23737234.0,shares,0
2016-10-25,24.16,24.25,23.9,23.99,24.01,905942,21762704.0,shares,0
2016-10-26,23.99,24.18,23.77,24.06,23.99,802887,19251857.0,shares,0
2016-10-27,24.15,24.18,23.8,23.99,24.06,599758,14417866.0,shares,0
2016-10-28,23.9,24.15,23.86,23.92,23.99,529100,12685225.0,shares,0
2016-10-31,23.9,24.77,23.51,24.53,23.92,1405486,33958751.0,shares,0
2016-11-01,24.42,24.7,24.42,24.53,24.53,1119000,27474815.0,shares,0
2016-11-02,24.45,25.17,24.45,24.6,24.53,1795366,44614187.0,shares,0
2016-11-03,24.62,24.84,23.92,24.26,24.6,1723447,41982496.0,shares,0
2016-11-04,24.44,24.44,23.7,23.85,24.26,1176198,28231203.0,shares,0
2016-11-07,23.85,24.1,23.58,24.02,23.85,1066861,25432488.0,shares,0
2016-11-08,24.0,24.17,23.81,24.04,24.02,659290,15821947.0,shares,0
2016-11-09,23.9,24.16,23.52,23.78,24.04,1025677,24416528.0,shares,0
2016-11-10,23.85,24.1,23.78,23.8,23.78,1148618,27451031.0,shares,0
2016-11-11,23.9,24.58,23.52,23.9,23.8,1449929,34998916.0,shares,0
2016-11-14,24.0,25.59,23.81,25.22,23.9,4454522,111085866.0,shares,0
2016-11-15,25.2,25.39,24.81,25.19,25.22,1958408,49111398.0,shares,0
2016-11-16,25.01,25.5,25.01,25.23,25.19,1805238,45599179.0,shares,0
2016-11-17,25.01,25.33,24.5,24.59,25.23,1490975,37043506.0,shares,0
2016-11-18,24.7,24.72,24.3,24.59,24.59,1009260,24687729.0,shares,0
2016-11-21,24.52,24.6,23.7,24.55,24.59,1571379,38111503.0,shares,0
2016-11-22,24.55,25.55,24.47,24.92,24.55,1653552,41378781.0,shares,0
2016-11-23,24.75,25.0,24.25,24.33,24.92,1439692,35144438.0,shares,0
2016-11-24,24.43,24.43,23.87,23.91,24.33,1063196,25595633.0,shares,0
2016-11-25,23.98,24.16,23.65,23.97,23.91,755195,18052069.0,shares,0
2016-11-28,24.1,24.1,23.8,23.84,23.97,1012049,24191610.0,shares,0
2016-11-29,23.8,23.97,23.3,23.37,23.84,1658048,39149416.0,shares,0
2016-11-30,23.3,24.05,23.02,23.96,23.37,1464497,34503257.0,shares,0
2016-12-01,23.98,24.24,23.6,23.97,23.96,1354652,32429979.0,shares,0
2016-12-02,24.0,24.22,23.6,23.9,23.97,1032938,24707623.0,shares,0
2016-12-05,23.76,24.15,23.3,24.02,23.9,1315146,31225201.0,shares,0
2016-12-06,24.0,25.52,23.95,25.24,24.02,5248125,131640576.0,shares,0
2016-12-07,25.29,25.4,24.83,25.2,25.24,2490358,62474354.0,shares,0
2016-12-08,25.25,25.77,24.9,25.15,25.2,2172631,55032935.0,shares,0
2016-12-09,25.19,25.88,25.0,25.8,25.15,3174458,81560526.0,shares,0
2016-12-12,26.2,26.2,24.6,25.3,25.8,2926636,73868015.0,shares,0
2016-12-13,25.26,25.42,24.62,25.1,25.3,1687317,42199349.0,shares,0
2016-12-14,24.8,26.84,24.8,26.04,25.1,4100310,106627164.0,shares,0
2016-12-15,25.88,27.55,25.27,27.5,26.04,5525120,147641172.0,shares,0
2016-12-16,27.19,28.24,26.86,27.48,27.5,4245787,116704170.0,shares,0
2016-12-19,27.2,27.5,26.26,26.69,27.48,3664930,98450958.0,shares,0
2016-12-20,26.64,26.65,25.32,26.09,26.69,2842750,73788911.0,shares,0
2016-12-21,26.09,26.2,25.71,26.1,26.09,1822923,47244891.0,shares,0
2016-12-22,25.91,26.83,25.65,25.66,26.1,1657638,43281480.0,shares,0
2016-12-23,25.8,25.8,25.06,25.06,25.66,1813767,45857351.0,shares,0
2016-12-26,24.81,25.86,24.21,25.42,25.06,1720985,43123270.0,shares,0
2016-12-27,25.42,25.47,24.49,24.72,25.42,2917334,72493380.0,shares,0
2016-12-28,24.72,24.9,24.5,24.69,24.72,1465797,36168569.0,shares,0
2016-12-29,24.5,24.82,24.2,24.47,24.69,1184021,29001745.0,shares,0
2016-12-30,24.32,24.8,24.2,24.8,24.47,1671580,40821161.0,shares,0
2017-01-03,24.89,24.9,24.08,24.15,24.8,2068393,50399525.0,shares,0
2017-01-04,24.15,24.25,23.68,23.95,24.15,2138726,51027951.0,shares,0
2017-01-05,24.04,25.19,23.97,24.64,23.95,3445120,85104227.0,shares,0
2017-01-06,24.51,24.93,24.2,24.44,24.64,1642718,40197075.0,shares,0
2017-01-09,24.2,24.9,24.2,24.3,24.44,2125341,52083625.0,shares,0
2017-01-10,24.3,24.49,24.2,24.3,24.3,1424514,34623485.0,shares,0
2017-01-11,24.3,24.54,24.06,24.22,24.3,667104,16203009.0,shares,0
2017-01-12,24.13,24.35,22.61,22.65,24.22,2694774,63085546.0,shares,0
2017-01-13,22.96,22.96,21.73,21.73,22.65,2121394,47100355.0,shares,0
2017-01-16,21.73,21.8,20.11,21.5,21.73,1576405,33268813.0,shares,0
2017-01-17,21.5,22.28,20.15,22.01,21.5,2033007,44203397.0,shares,0
2017-01-18,22.01,22.8,22.0,22.48,22.01,1734312,38836659.0,shares,0
2017-01-19,22.48,22.48,22.12,22.3,22.48,586178,13069891.0,shares,0
2017-01-20,22.48,22.6,22.23,22.32,22.3,959522,21477113.0,shares,0
2017-01-23,22.36,22.57,21.83,22.22,22.32,1036848,22927168.0,shares,0
2017-01-24,21.99,22.15,21.75,22.1,22.22,458900,10060657.0,shares,0
2017-01-25,21.76,22.38,21.75,22.16,22.1,520931,11560733.0,shares,0
2017-01-26,22.18,22.38,22.03,22.23,22.16,289900,6458953.0,shares,0
2017-02-03,22.23,23.15,22.2,22.55,22.23,958377,21799901.0,shares,0
2017-02-06,22.4,23.1,22.4,22.98,22.55,1245812,28571583.0,shares,0
2017-02-07,22.98,23.62,22.88,23.37,22.98,2210427,51748146.0,shares,0
2017-02-08,23.37,23.8,23.07,23.71,23.37,1013700,23779162.0,shares,0
2017-02-09,23.71,23.85,23.38,23.6,23.71,2241986,52735435.0,shares,0
2017-02-10,23.6,24.05,23.41,23.8,23.6,1421275,33851506.0,shares,0
2017-02-13,23.7,23.8,23.38,23.59,23.8,1456693,34279433.0,shares,0
2017-02-14,23.59,23.59,23.15,23.39,23.59,875480,20448168.0,shares,0
2017-02-15,23.4,23.51,22.68,22.79,23.39,1443263,33152224.0,shares,0
2017-02-16,22.8,23.02,22.64,22.71,22.79,964906,22031552.0,shares,0
2017-02-17,22.78,23.23,22.76,22.98,22.71,983598,22603791.0,shares,0
2017-02-20,23.1,23.19,22.48,22.6,22.98,1513600,34413803.0,shares,0
2017-02-21,22.77,22.95,22.6,22.77,22.6,1655713,37670359.0,shares,0
2017-02-22,22.82,22.9,22.5,22.67,22.77,1902718,43127898.0,shares,0
2017-02-23,22.67,22.97,22.61,22.91,22.67,1222126,27927239.0,shares,0
2017-02-24,22.92,23.1,22.02,22.2,22.91,2294619,51547321.0,shares,0
2017-02-27,22.44,22.44,21.88,21.96,22.2,2021671,44785875.0,shares,0
2017-02-28,21.85,22.41,21.71,22.29,21.96,1813410,40086934.0,shares,0
2017-03-01,22.3,22.46,22.06,22.08,22.29,1729871,38590233.0,shares,0
2017-03-02,22.12,23.06,22.12,22.8,22.08,2558583,57940121.0,shares,0
2017-03-03,22.81,23.48,22.8,23.3,22.8,2155481,50029965.0,shares,0
2017-03-06,23.2,23.8,23.04,23.48,23.3,2269933,53301686.0,shares,0
2017-03-07,23.47,23.79,23.2,23.47,23.48,2470427,58056976.0,shares,0
2017-03-08,23.5,23.66,23.25,23.49,23.47,1604889,37510097.0,shares,0
2017-03-09,23.51,23.51,22.93,22.96,23.49,1263764,29136729.0,shares,0
2017-03-10,23.13,23.32,22.96,23.18,22.96,883211,20428583.0,shares,0
2017-03-13,23.29,23.78,23.0,23.14,23.18,1062802,24745646.0,shares,0
2017-03-14,23.15,23.38,23.05,23.15,23.14,691830,16039809.0,shares,0
2017-03-15,23.15,23.3,23.02,23.26,23.15,784630,18182798.0,shares,0
2017-03-16,23.16,23.96,23.16,23.84,23.26,2980974,70742526.0,shares,0
2017-03-17,23.9,24.26,23.59,24.03,23.84,2685950,64589644.0,shares,0
2017-03-20,24.04,24.25,23.68,24.1,24.03,1858387,44517080.0,shares,0
2017-03-21,24.15,24.75,23.71,23.72,24.1,1295045,30924653.0,shares,0
2017-03-22,23.8,23.84,23.35,23.58,23.72,962492,22643396.0,shares,0
2017-03-23,23.41,24.17,23.41,23.68,23.58,1304953,31029671.0,shares,0
2017-03-24,24.35,25.8,24.35,24.62,23.68,4059618,101160775.0,shares,0
2017-03-27,24.62,24.8,23.92,23.93,24.62,2382411,57543797.0,shares,0
2017-03-28,23.8,24.89,23.62,24.0,23.93,2459794,59495590.0,shares,0
2017-03-29,23.64,23.95,23.43,23.48,24.0,2001859,47250909.0,shares,0
2017-03-30,23.4,23.4,22.19,22.2,23.48,2079465,46955504.0,shares,0
2017-03-31,22.23,22.65,22.2,22.49,22.2,1095367,24590732.0,shares,0
2017-04-05,22.32,23.0,22.32,22.9,22.49,895262,20360963.0,shares,0
2017-04-06,22.9,24.29,22.65,23.66,22.9,2449882,58111910.0,shares,0
2017-04-07,23.32,23.57,23.12,23.29,23.66,1254394,29299008.0,shares,0
2017-04-10,23.1,23.26,22.82,22.86,23.29,1217315,27952225.0,shares,0
2017-04-11,22.92,23.35,22.92,23.08,22.86,1116681,25819805.0,shares,0
2017-04-12,23.19,23.33,23.07,23.12,23.08,900412,20867724.0,shares,0
2017-04-13,23.22,23.4,22.97,23.28,23.12,944223,21947597.0,shares,0
2017-04-14,23.27,23.28,22.3,22.47,23.28,1427071,32346078.0,shares,0
2017-04-17,22.36,22.46,21.0,21.78,22.47,1395645,30239335.0,shares,0
2017-04-18,21.76,21.9,21.47,21.5,21.78,450100,9756286.0,shares,0
2017-04-19,21.44,21.44,20.6,20.98,21.5,844548,17673215.0,shares,0
2017-04-20,20.91,21.2,20.13,20.69,20.98,843928,17453791.0,shares,0
2017-04-21,20.7,21.33,20.0,21.15,20.69,3617788,75249624.0,shares,0
2017-11-02,23.24,23.24,23.24,23.24,21.13,107036,2487516.64,shares,0
2017-11-03,25.56,25.56,25.56,25.56,23.24,175200,4478112.0,shares,0
2017-11-06,28.12,28.12,28.12,28.12,25.56,715100,20108612.0,shares,0
2017-11-07,30.93,30.93,30.93,30.93,28.12,422797,13077111.21,shares,0
2017-11-08,34.02,34.02,34.02,34.02,30.93,438802,14928044.04,shares,0
2017-11-09,37.42,37.42,37.42,37.42,34.02,325548,12182006.16,shares,0
2017-11-10,41.16,41.16,41.02,41.16,37.42,57599951,2370778660.16,shares,0
2017-11-16,40.0,42.3,39.2,40.9,41.16,49292849,2011146489.4,shares,0
2017-11-17,40.0,40.6,36.81,36.81,40.9,33398337,1255502889.85,shares,0
2017-11-20,34.68,34.82,33.13,33.88,36.81,37211535,1253108835.72,shares,0
2017-11-21,34.33,35.19,32.22,34.49,33.88,34197150,1167422186.52,shares,0
2017-11-22,33.64,35.78,33.55,34.67,34.49,30953862,1071390571.01,shares,0
2017-11-23,34.86,35.47,31.2,31.2,34.67,27915956,944742831.51,shares,0
2017-11-24,31.3,32.9,30.45,30.69,31.2,23483197,744592127.28,shares,0
2017-11-27,30.16,31.78,29.74,30.8,30.69,18533063,570361889.5,shares,0
2017-11-28,30.99,31.85,29.81,31.83,30.8,23014796,713451704.86,shares,0
2017-11-29,31.4,31.49,29.05,29.41,31.83,23863278,717737858.48,shares,0
2017-11-30,29.01,31.84,28.49,30.7,29.41,26989789,817211088.62,shares,0
2017-12-01,30.0,31.27,29.36,30.75,30.7,21472185,653645604.52,shares,0
2017-12-04,30.05,30.37,27.68,27.68,30.75,20473525,587316749.02,shares,0
2017-12-05,27.49,28.6,26.6,27.43,27.68,15743421,437147132.07,shares,0
2017-12-06,27.66,28.72,27.51,28.6,27.43,14727141,414574953.56,shares,0
2017-12-07,28.4,30.88,27.7,29.65,28.6,23724849,694936230.33,shares,0
2017-12-08,29.18,31.3,28.81,30.19,29.65,22348770,672173111.68,shares,0
2017-12-11,29.56,30.55,29.56,29.95,30.19,13406246,402749036.71,shares,0
2017-12-12,30.03,31.29,29.41,29.69,29.95,15039156,456484862.11,shares,0
2017-12-13,29.33,29.99,28.6,29.99,29.69,12119258,355998514.76,shares,0
2017-12-14,30.01,30.86,29.75,30.67,29.99,15290855,465220844.49,shares,0
2017-12-15,30.6,31.4,29.5,29.8,30.67,17080470,521807145.79,shares,0
2017-12-18,29.29,29.37,27.37,27.53,29.8,13056958,367489297.6,shares,0
2017-12-19,27.34,28.14,27.3,27.8,27.53,9623727,266802565.0,shares,0
2017-12-20,27.8,28.2,27.03,27.93,27.8,7714670,213697376.82,shares,0
2017-12-21,27.9,28.68,27.33,28.26,27.93,9195371,258752568.64,shares,0
2017-12-22,27.99,28.8,27.95,28.31,28.26,7661624,217858500.67,shares,0
2017-12-25,28.22,28.42,26.88,27.05,28.31,7227135,198509485.65,shares,0
2017-12-26,26.88,27.42,26.08,27.34,27.05,8208684,221100358.1,shares,0
2017-12-27,27.58,27.96,26.81,26.99,27.34,8053784,221268345.24,shares,0
2017-12-28,26.71,27.42,26.61,26.85,26.99,6569726,177735206.14,shares,0
2017-12-29,26.41,29.54,26.41,28.59,26.85,17182895,489335414.6,shares,0
2018-01-02,28.5,29.35,27.95,29.08,28.59,15165170,436664340.04,shares,0
2018-01-03,29.01,30.61,28.72,30.35,29.08,17893652,530451806.98,shares,0
2018-01-04,29.85,31.21,29.85,30.01,30.35,16583997,503866823.21,shares,0
2018-01-05,29.86,30.01,28.68,28.77,30.01,13657683,397743166.15,shares,0
2018-01-08,28.55,29.16,28.36,28.8,28.77,7495222,215480390.78,shares,0
2018-01-09,28.7,29.14,28.55,29.06,28.8,5399756,156012114.0,shares,0
2018-01-10,28.99,28.99,27.03,27.39,29.06,8535956,237829314.26,shares,0
2018-01-11,27.49,28.45,27.02,28.04,27.39,6391091,177610037.42,shares,0
2018-01-12,27.8,28.54,27.35,27.35,28.04,4428800,123552335.0,shares,0
2018-01-15,27.1,27.11,24.62,24.62,27.35,11320894,288909881.41,shares,0
2018-01-16,24.1,24.79,24.1,24.25,24.62,5712557,139676929.5,shares,0
2018-01-17,24.3,24.71,22.81,24.6,24.25,8160593,194869008.65,shares,0
2018-01-18,24.31,24.45,23.9,24.21,24.6,4650819,112536219.4,shares,0
2018-01-19,24.03,24.85,23.95,24.57,24.21,4600807,112613010.26,shares,0
2018-01-22,24.4,25.44,24.25,24.98,24.57,4588922,114189680.62,shares,0
2018-01-23,24.81,25.65,24.71,24.95,24.98,3911135,98520522.97,shares,0
2018-01-24,25.15,25.58,24.0,25.34,24.95,4899815,122872555.22,shares,0
2018-01-25,25.09,26.2,24.9,25.43,25.34,5447800,139794795.8,shares,0
2018-01-26,25.5,26.08,25.01,25.15,25.43,3769281,95948282.28,shares,0
2018-01-29,25.15,25.15,22.9,23.78,25.15,6726632,160612766.8,shares,0
2018-01-30,23.75,24.32,23.4,24.05,23.78,3744220,89762647.68,shares,0
2018-01-31,23.15,23.29,22.06,22.25,24.05,6961783,156396740.25,shares,0
2018-02-01,22.25,22.85,21.31,21.6,22.25,5399031,119738248.39,shares,0
2018-02-02,22.12,22.58,21.15,21.4,21.6,6406590,140219365.45,shares,0
2018-02-05,20.45,21.53,20.43,21.06,21.4,4207542,88624031.5,shares,0
2018-02-06,20.7,20.79,18.95,18.95,21.06,5624760,111344160.87,shares,0
2018-02-07,19.35,19.45,17.06,18.0,18.95,9570425,171571433.45,shares,0
2018-02-08,18.03,19.8,17.73,19.24,18.0,8961659,169407280.44,shares,0
2018-02-09,18.3,18.97,17.89,18.0,19.24,4837235,89197981.4,shares,0
2018-02-12,18.44,18.97,18.05,18.7,18.0,4233989,79133127.91,shares,0
2018-02-13,18.83,19.43,18.8,18.91,18.7,4249803,81204577.13,shares,0
2018-02-14,19.09,19.35,18.42,18.65,18.91,3496993,66145262.55,shares,0
2018-02-22,18.97,20.48,18.65,20.22,18.65,6107137,120761911.44,shares,0
2018-02-23,20.0,20.1,19.3,19.73,20.22,5388172,105783706.04,shares,0
2018-02-26,19.75,21.46,19.75,21.06,19.73,7633652,158223349.84,shares,0
2018-02-27,21.18,22.48,21.01,21.79,21.06,7890572,172501697.99,shares,0
2018-02-28,21.6,22.38,20.65,21.71,21.79,5822265,126597172.07,shares,0
2018-03-01,21.31,23.8,21.3,23.06,21.71,7873345,177510255.47,shares,0
2018-03-02,22.63,23.5,22.55,22.82,23.06,4370300,100510121.24,shares,0
2018-03-05,23.1,24.67,23.0,24.14,22.82,5192909,124418693.37,shares,0
2018-03-06,24.16,24.78,23.67,24.25,24.14,6287366,151734415.88,shares,0
2018-03-07,23.97,24.43,23.71,24.02,24.25,3814543,91458925.74,shares,0
2018-03-15,25.01,26.42,24.7,26.42,24.02,8088459,211087242.18,shares,0
2018-03-16,27.5,28.55,25.89,26.0,26.42,15780850,425585576.4,shares,0
2018-03-19,25.7,25.9,24.22,24.8,26.0,11210771,279101724.01,shares,0
2018-03-20,24.2,24.4,23.03,23.67,24.8,10150091,240053710.21,shares,0
2018-03-21,23.68,24.24,23.03,23.05,23.67,6494602,154128315.44,shares,0
2018-03-22,23.2,23.9,23.07,23.48,23.05,5476327,128427962.79,shares,0
2018-03-23,22.15,22.6,21.13,21.13,23.48,7427524,161820979.49,shares,0
2018-03-26,20.17,22.06,20.17,21.97,21.13,5929774,127672977.73,shares,0
2018-03-27,22.53,23.63,22.49,23.2,21.97,7799879,180065877.05,shares,0
2018-03-28,22.67,23.9,22.64,22.99,23.2,6274822,146138610.64,shares,0
2018-03-29,22.68,23.38,22.65,23.26,22.99,5450195,125302970.31,shares,0
2018-03-30,23.11,24.63,23.02,24.59,23.26,10310829,247604245.91,shares,0
2018-04-02,25.38,26.88,24.8,25.55,24.59,11821574,305493737.02,shares,0
2018-04-03,25.04,26.88,25.0,26.37,25.55,11979650,310935432.2,shares,0
2018-04-04,26.51,26.83,25.6,25.72,26.37,7661228,200399993.08,shares,0
2018-04-09,25.67,26.18,25.25,25.37,25.72,4685600,119939071.85,shares,0
2018-04-10,25.49,25.83,24.03,24.62,25.37,8472462,210503537.49,shares,0
2018-04-11,25.17,25.69,24.7,24.89,24.62,5661347,142373533.89,shares,0
2018-04-12,25.38,25.79,24.32,24.8,24.89,6593688,166187063.3,shares,0
2018-04-13,25.24,25.4,24.77,25.05,24.8,4732461,119045469.84,shares,0
2018-04-16,24.91,25.58,24.37,24.57,25.05,6643300,166504714.0,shares,0
2018-04-17,24.85,26.63,24.85,25.29,24.57,11107096,285371816.94,shares,0
2018-04-18,26.0,27.65,25.31,27.14,25.29,18620618,492795349.02,shares,0
2018-04-19,27.0,27.86,26.36,26.39,27.14,14848341,401580018.03,shares,0
2018-04-20,26.19,27.99,26.19,27.5,26.39,18045403,489691742.07,shares,0
2018-04-23,27.26,27.38,25.12,25.88,27.5,14165382,374896233.64,shares,0
2018-04-24,25.53,26.43,25.38,26.04,25.88,11583338,301963367.37,shares,0
2018-04-25,25.82,27.87,25.7,26.89,26.04,13491778,362438880.42,shares,0
2018-04-26,26.66,28.89,26.6,27.96,26.89,20272518,563320128.19,shares,0
2018-04-27,28.26,29.35,27.0,27.5,27.96,12729232,355614207.89,shares,0
2018-05-02,27.95,28.25,26.8,26.96,27.5,9076109,249899016.9,shares,0
2018-05-03,26.64,26.9,25.1,26.63,26.96,10187806,264484795.42,shares,0
2018-05-04,26.21,27.69,26.1,26.63,26.63,7453293,200979374.21,shares,0
2018-05-07,25.9,26.26,25.4,26.13,26.63,10282998,266154411.24,shares,0
2018-05-08,25.98,26.02,25.38,25.91,26.13,7638012,196457539.87,shares,0
2018-05-09,25.78,26.98,25.7,26.59,25.91,8319711,220548653.88,shares,0
2018-05-10,26.8,26.8,25.76,26.29,26.59,7499179,196728865.35,shares,0
2018-05-11,26.12,26.55,25.76,25.77,26.29,4783769,124881269.17,shares,0
2018-05-14,25.39,25.94,24.04,24.1,25.77,7574534,188508602.79,shares,0
2018-05-15,24.11,24.58,24.06,24.4,24.1,4477285,109039652.81,shares,0
2018-05-16,24.25,24.55,23.51,23.69,24.4,4735632,114288701.04,shares,0
2018-05-17,23.48,24.16,23.48,24.09,23.69,3271397,78521526.78,shares,0
2018-05-18,24.1,24.4,23.75,24.38,24.08,3467077,83619767.77,shares,0
2018-05-21,24.93,24.93,24.23,24.58,24.38,3944484,97290998.43,shares,0
2018-05-22,24.66,24.75,23.95,24.41,24.58,3848486,93426575.03,shares,0
2018-05-23,24.41,24.98,24.32,24.48,24.41,4334646,106842679.53,shares,0
2018-05-24,24.56,24.75,23.8,23.92,24.48,3477184,84329568.14,shares,0
2018-05-25,23.66,23.89,22.31,22.61,23.92,6638758,152450300.13,shares,0
2018-05-28,22.34,22.94,22.34,22.42,22.61,2843198,64231224.41,shares,0
2018-05-29,22.41,22.75,22.11,22.48,22.42,2112200,47459558.0,shares,0
2018-05-30,22.25,22.98,21.61,21.97,22.48,3460296,77422746.39,shares,0
2018-05-31,22.6,22.69,21.88,22.27,21.97,2305965,51289831.2,shares,0
2018-06-01,21.89,22.22,21.5,21.64,22.27,2134633,46632289.68,shares,0
2018-06-04,21.98,21.99,21.5,21.86,21.64,1590624,34717702.12,shares,0
2018-06-05,21.71,22.36,21.71,22.3,21.86,1972900,43684157.0,shares,0
2018-06-06,22.44,22.49,21.96,22.05,22.3,1831201,40552671.98,shares,0
2018-06-07,22.06,22.2,21.41,21.58,22.05,2241100,48748648.0,shares,0
2018-06-08,21.57,21.86,21.26,21.62,21.58,2096700,45193980.0,shares,0
2018-06-11,21.42,21.58,20.61,20.86,21.62,2487100,52417944.0,shares,0
2018-06-12,20.96,21.45,20.75,21.4,20.86,2237012,47309177.28,shares,0
2018-06-13,21.38,21.86,21.05,21.52,21.4,2234868,48350618.04,shares,0
2018-06-14,21.4,22.28,21.32,22.07,21.52,2692700,59120193.0,shares,0
2018-06-15,22.09,23.63,22.09,22.97,22.07,8148877,188314474.35,shares,0
2018-06-19,22.61,22.97,20.67,20.8,22.97,6748829,146712279.64,shares,0
2018-06-20,20.58,20.8,19.02,19.89,20.8,5899476,118085100.84,shares,0
2018-06-21,20.04,20.06,17.9,17.9,19.89,7403864,137842184.57,shares,0
2018-06-22,17.5,18.13,17.2,17.7,17.9,4178968,74114818.85,shares,0
2018-06-25,17.85,19.17,17.8,18.6,17.7,6150595,114170342.69,shares,0
2018-06-26,18.34,19.23,18.05,18.92,18.6,4127296,77576106.6,shares,0
2018-06-27,18.95,19.67,18.7,18.92,18.92,4329410,83438836.48,shares,0
2018-06-28,18.91,19.55,18.47,18.71,18.92,3420172,65707981.5,shares,0
2018-06-29,18.85,19.64,18.6,19.5,18.71,4136471,79548842.36,shares,0
2018-07-02,19.55,19.7,18.62,18.91,19.5,3445663,66347130.89,shares,0
2018-07-03,18.71,20.8,18.71,20.8,18.91,5967387,119363514.12,shares,0
2018-07-04,20.98,21.21,20.24,20.55,20.8,7400879,153661251.91,shares,0
2018-07-05,20.2,20.49,19.41,19.53,20.55,5221952,104044142.1,shares,0
2018-07-06,19.66,21.11,19.66,20.21,19.53,7395464,150881320.98,shares,0
2018-07-09,19.91,20.92,19.79,20.74,20.21,4866998,99763312.88,shares,0
2018-07-10,20.64,20.76,20.12,20.51,20.74,4280584,87359720.81,shares,0
2018-07-11,20.0,20.3,19.03,19.7,20.51,4661526,91852435.36,shares,0
2018-07-12,19.7,20.9,19.38,20.52,19.7,5691300,116297610.84,shares,0
2018-07-13,20.42,20.98,20.4,20.5,20.52,4287799,88421287.3,shares,0
2018-07-16,20.5,22.18,20.24,20.32,20.5,4724300,98315464.0,shares,0
2018-07-17,20.54,21.19,20.5,21.1,20.32,5235784,108905210.6,shares,0
2018-07-18,21.28,21.42,20.22,20.23,21.1,5793925,119280657.91,shares,0
2018-07-19,20.25,20.35,19.75,20.04,20.23,2731720,54524525.52,shares,0
2018-07-20,20.04,20.17,19.59,20.01,20.04,3216470,64047927.2,shares,0
2018-07-23,19.91,20.85,19.8,20.69,20.01,4827704,99051310.0,shares,0
2018-07-24,20.5,20.82,20.43,20.65,20.69,3548017,73264918.78,shares,0
2018-07-25,20.7,21.2,20.25,20.41,20.65,5242260,108384845.8,shares,0
2018-07-26,20.49,20.49,19.61,19.67,20.41,3659342,72852736.2,shares,0
2018-07-27,19.45,19.85,19.39,19.53,19.67,1580500,30947500.0,shares,0
2018-07-30,19.5,19.73,18.7,18.89,19.53,2267700,43406801.48,shares,0
2018-07-31,18.9,19.1,18.57,18.77,18.89,1773400,33373331.0,shares,0
2018-08-01,18.88,19.14,18.5,18.53,18.77,2127000,40050424.0,shares,0
2018-08-02,18.36,18.46,17.51,17.69,18.53,2893700,51628243.0,shares,0
2018-08-03,17.85,17.85,17.35,17.58,17.69,1828309,32276312.78,shares,0
2018-08-06,17.3,17.74,17.05,17.13,17.58,1931584,33437918.6,shares,0
2018-08-07,17.18,17.69,17.12,17.66,17.13,2057376,35920283.64,shares,0
2018-08-08,17.54,17.79,17.28,17.4,17.66,1396684,24476285.92,shares,0
2018-08-09,17.3,18.32,17.17,18.1,17.4,3109984,56209193.92,shares,0
2018-08-10,18.04,18.26,17.9,18.2,18.1,2286820,41399127.72,shares,0
2018-08-13,17.9,18.6,17.8,18.52,18.2,2399425,43702308.25,shares,0
2018-08-14,18.47,18.52,18.07,18.22,18.52,1561500,28445718.0,shares,0
2018-08-15,18.2,18.31,17.62,17.68,18.22,2359200,42281416.0,shares,0
2018-08-16,17.35,18.07,17.23,17.6,17.68,2096200,37038248.0,shares,0
2018-08-17,17.81,17.94,16.58,16.58,17.6,2802150,48211952.88,shares,0
2018-08-20,16.5,17.15,16.5,17.09,16.58,2526250,42371859.3,shares,0
2018-08-21,17.05,17.69,17.01,17.45,17.09,2203050,38438963.5,shares,0
2018-08-22,17.31,17.65,17.31,17.39,17.45,1440900,25172071.0,shares,0
2018-08-23,17.33,18.1,17.31,17.7,17.39,2639000,46946307.0,shares,0
2018-08-24,17.56,17.92,17.53,17.72,17.7,1403700,24916497.0,shares,0
2018-08-27,17.95,18.23,17.58,18.08,17.72,2431085,43724447.7,shares,0
2018-08-28,18.15,18.17,17.8,17.91,18.08,1927150,34588851.5,shares,0
2018-08-29,17.9,17.99,17.54,17.68,17.91,1946404,34510752.2,shares,0
2018-08-30,17.71,17.88,17.1,17.17,17.68,1946100,33954519.0,shares,0
2018-08-31,17.22,17.48,17.1,17.21,17.17,2079612,36017670.92,shares,0
2018-09-03,17.28,17.43,16.61,16.94,17.21,2066300,34863326.47,shares,0
2018-09-04,17.0,17.76,16.91,17.72,16.94,3344102,58557943.16,shares,0
2018-09-05,17.72,17.72,17.2,17.23,17.72,2315856,40428979.84,shares,0
2018-09-06,17.32,17.95,16.82,17.52,17.23,3363066,58829787.83,shares,0
2018-09-07,17.5,17.67,16.82,17.0,17.52,3093186,53286655.34,shares,0
2018-09-10,16.89,16.98,16.31,16.37,17.0,2220170,36816765.64,shares,0
2018-09-11,16.41,16.7,16.21,16.5,16.37,1096198,18095933.8,shares,0
2018-09-12,16.51,16.69,16.37,16.44,16.5,1140300,18848562.0,shares,0
2018-09-13,16.61,16.69,16.28,16.54,16.44,1302538,21469959.64,shares,0
2018-09-14,16.51,16.66,16.35,16.43,16.54,1109000,18296310.24,shares,0
2018-09-17,16.4,16.4,15.28,15.35,16.43,2604476,40750347.68,shares,0
2018-09-18,15.35,15.68,15.11,15.62,15.35,1526526,23686665.14,shares,0
2018-09-19,15.55,16.12,15.55,15.98,15.62,1867200,29668424.0,shares,0
2018-09-20,16.06,16.27,15.87,15.93,15.98,1359500,21823505.0,shares,0
2018-09-21,16.1,16.37,15.93,16.23,15.93,1570754,25437106.38,shares,0
2018-09-25,16.23,16.38,16.05,16.2,16.23,956902,15552188.68,shares,0
2018-09-26,16.18,16.49,16.12,16.24,16.2,1554302,25233790.36,shares,0
2018-09-27,16.24,16.25,15.52,15.52,16.24,1896600,29958252.5,shares,0
2018-09-28,15.62,16.41,15.52,16.26,15.52,2654202,42672528.36,shares,0
2018-10-08,15.97,16.22,15.33,15.33,16.26,2216268,34719757.33,shares,0
2018-10-09,15.8,15.8,15.16,15.39,15.33,1220534,18796215.86,shares,0
2018-10-10,15.44,15.55,15.2,15.41,15.39,1010601,15574352.4,shares,0
2018-10-11,14.8,14.81,13.87,13.87,15.41,2696000,38197578.0,shares,0
2018-10-12,13.8,13.91,12.67,13.63,13.87,2416426,32326993.6,shares,0
2018-10-15,13.86,13.93,13.57,13.62,13.63,2191508,30271354.99,shares,0
2018-10-16,13.55,13.99,13.4,13.46,13.62,1249200,17154746.0,shares,0
2018-10-17,13.74,14.13,13.61,13.99,13.46,2353577,32779550.85,shares,0
2018-10-18,13.81,13.94,12.97,13.04,13.99,2328806,30931683.57,shares,0
2018-10-19,12.7,13.7,12.59,13.69,13.04,2512211,33607426.4,shares,0
2018-10-22,13.67,14.59,13.67,14.28,13.69,3306992,47270141.38,shares,0
2018-10-23,14.3,14.42,14.04,14.14,14.28,1958438,27902489.73,shares,0
2018-10-24,14.15,14.43,14.1,14.1,14.14,1329900,18937322.5,shares,0
2018-10-25,13.75,14.24,13.59,14.19,14.1,1659178,23055712.24,shares,0
2018-10-26,14.47,14.59,14.03,14.25,14.19,1986437,28360592.74,shares,0
2018-10-29,13.98,14.23,13.95,14.0,14.25,1340361,18880168.94,shares,0
2018-10-30,13.9,14.47,13.9,14.28,14.0,1873418,26686667.38,shares,0
2018-10-31,14.4,14.55,14.26,14.4,14.28,2113905,30472800.33,shares,0
2018-11-01,14.5,15.05,14.36,14.76,14.4,3908559,57434358.06,shares,0
2018-11-02,15.07,15.19,14.73,14.98,14.76,3120245,46562278.06,shares,0
2018-11-05,15.08,15.27,14.7,14.96,14.98,2807840,42135458.57,shares,0
2018-11-06,14.81,15.04,14.6,14.91,14.96,2118767,31415946.94,shares,0
2018-11-07,14.8,15.08,14.8,14.85,14.91,1632639,24373985.54,shares,0
2018-11-08,15.15,15.17,14.59,14.59,14.85,1220521,18057223.16,shares,0
2018-11-09,14.66,15.08,14.65,14.78,14.59,2385900,35611993.0,shares,0
2018-11-12,14.78,15.31,14.77,15.24,14.78,2482912,37560203.49,shares,0
2018-11-13,15.07,15.43,14.99,15.22,15.24,2292613,34864749.86,shares,0
2018-11-14,15.22,16.02,15.17,15.85,15.22,4366700,67968238.0,shares,0
2018-11-15,15.81,17.44,15.43,16.45,15.85,5654776,91342194.69,shares,0
2018-11-16,16.35,16.68,16.27,16.33,16.45,2809613,46125992.83,shares,0
2018-11-19,16.33,16.64,16.05,16.19,16.33,2131700,34739787.14,shares,0
2018-11-20,16.08,16.45,15.8,15.86,16.19,2662763,43168230.38,shares,0
2018-11-21,15.62,15.92,15.6,15.91,15.86,1551692,24436248.72,shares,0
2018-11-22,15.91,16.44,15.81,16.34,15.91,2208932,35772868.53,shares,0
2018-11-23,16.31,16.37,15.11,15.34,16.34,2741199,43030232.91,shares,0
2018-11-26,15.34,15.6,15.1,15.24,15.34,1057349,16267362.52,shares,0
2018-11-27,15.49,15.56,15.31,15.41,15.24,968066,14934008.43,shares,0
2018-11-28,15.41,15.56,15.1,15.52,15.41,1018365,15665540.59,shares,0
2018-11-29,15.61,15.79,15.05,15.05,15.52,1515823,23404148.52,shares,0
2018-11-30,15.0,15.21,14.53,15.01,15.05,1698762,25257862.57,shares,0
2018-12-03,15.43,16.33,15.42,16.16,15.01,3842950,61100041.83,shares,0
2018-12-04,16.1,16.29,15.99,16.21,16.16,2223340,35925395.4,shares,0
2018-12-05,15.99,16.48,15.9,16.21,16.21,2365340,38392757.0,shares,0
2018-12-06,16.05,16.33,15.75,15.82,16.21,1808332,28903935.8,shares,0
2018-12-07,15.85,16.33,15.85,16.1,15.82,1403940,22648432.21,shares,0
2018-12-10,16.11,16.11,15.73,15.73,16.1,1279440,20292291.2,shares,0
2018-12-11,16.0,16.25,15.81,16.21,15.73,1780992,28737667.72,shares,0
2018-12-12,16.31,16.31,15.71,15.78,16.21,1841912,29375225.96,shares,0
2018-12-13,15.8,16.22,15.8,16.13,15.78,1821500,29272524.0,shares,0
2018-12-14,16.09,16.09,15.5,15.64,16.13,1601551,25247662.03,shares,0
2018-12-17,15.7,16.2,15.22,15.6,15.64,1567800,24261576.0,shares,0
2018-12-18,15.35,15.51,14.94,15.19,15.6,1598000,24300346.0,shares,0
2018-12-19,15.29,15.29,14.86,14.88,15.19,1229526,18472557.96,shares,0
2018-12-20,14.9,15.18,14.71,14.87,14.88,1283574,19073217.64,shares,0
2018-12-21,14.8,14.94,14.6,14.74,14.87,894851,13211383.69,shares,0
2018-12-24,14.74,15.1,14.59,14.82,14.74,1722026,25500775.68,shares,0
2018-12-25,14.82,14.82,14.17,14.65,14.82,1600900,23227168.0,shares,0
2018-12-26,14.66,14.72,14.23,14.41,14.65,1220012,17626173.24,shares,0
2018-12-27,14.77,14.77,14.1,14.1,14.41,1560212,22603987.48,shares,0
2018-12-28,14.1,14.34,13.71,13.87,14.1,1257801,17560999.01,shares,0
2019-01-02,14.0,14.07,13.68,13.75,13.87,948501,13125902.92,shares,0
2019-01-03,13.79,13.94,13.29,13.3,13.75,1526700,20692056.0,shares,0
2019-01-04,13.01,13.88,13.01,13.73,13.3,1936100,26009104.0,shares,0
2019-01-07,13.75,14.46,13.75,14.28,13.73,2745040,38985048.0,shares,0
2019-01-08,14.28,14.39,14.14,14.23,14.28,1156459,16485997.43,shares,0
2019-01-09,14.31,14.63,14.26,14.3,14.23,1848591,26698090.58,shares,0
2019-01-10,14.24,14.44,14.1,14.14,14.3,1108900,15818646.0,shares,0
2019-01-11,14.29,14.34,14.06,14.32,14.14,1231703,17471203.7,shares,0
2019-01-14,14.24,14.59,14.24,14.47,14.32,1697213,24539546.66,shares,0
2019-01-15,14.47,14.48,14.19,14.44,14.47,1847600,26459161.45,shares,0
2019-01-16,14.43,14.44,13.9,14.12,14.44,1930400,27325315.0,shares,0
2019-01-17,14.12,14.27,14.0,14.07,14.12,1118090,15813617.05,shares,0
2019-01-18,13.99,14.23,13.8,14.05,14.07,1803400,25191854.38,shares,0
2019-01-21,14.05,14.36,13.97,14.3,14.05,1813527,25791963.62,shares,0
2019-01-22,14.34,14.34,13.78,13.82,14.3,2169001,30274782.99,shares,0
2019-01-23,13.85,14.06,13.79,13.94,13.82,1287430,17942086.1,shares,0
2019-01-24,13.95,15.02,13.9,14.54,13.94,5108321,74731637.83,shares,0
2019-01-25,14.54,14.69,14.18,14.35,14.54,2958699,42754567.4,shares,0
2019-01-28,14.37,14.47,13.9,14.03,14.35,2388612,33874435.29,shares,0
2019-01-29,14.03,14.06,13.35,13.74,14.03,2195495,30054994.5,shares,0
2019-01-30,13.69,13.9,13.54,13.6,13.74,960716,13199157.25,shares,0
2019-01-31,13.6,13.94,13.51,13.51,13.6,1453006,19938350.19,shares,0
2019-02-01,13.67,14.17,13.52,14.03,13.51,1514504,21076958.47,shares,0
2019-02-11,14.11,14.53,14.1,14.46,14.03,1878764,26951049.19,shares,0
2019-02-12,14.45,14.7,14.39,14.49,14.46,1701190,24755880.65,shares,0
2019-02-13,14.67,15.94,14.67,15.94,14.49,6714856,104492157.0,shares,0
2019-02-14,16.2,16.48,15.68,15.99,15.94,9407601,151208323.16,shares,0
2019-02-15,15.84,16.15,15.77,15.87,15.99,4280853,68229264.24,shares,0
2019-02-18,15.9,16.59,15.9,16.42,15.87,6951897,113363846.11,shares,0
2019-02-19,16.42,16.45,15.9,16.21,16.42,6416855,103839459.82,shares,0
2019-02-20,16.0,16.34,15.76,16.07,16.21,3509027,56204839.22,shares,0
2019-02-21,15.95,16.5,15.88,15.88,16.07,4840250,78222221.61,shares,0
2019-02-22,15.87,16.23,15.82,16.18,15.88,3387178,54358017.48,shares,0
2019-02-25,16.32,17.2,16.25,16.96,16.18,8601200,144061814.01,shares,0
2019-02-26,17.0,17.45,16.4,16.93,16.96,8801543,149318273.05,shares,0
2019-02-27,16.81,17.15,16.61,16.78,16.93,4392400,74405704.0,shares,0
2019-02-28,17.01,17.16,16.72,16.96,16.78,3503843,59429421.94,shares,0
2019-03-01,17.0,17.4,16.9,17.24,16.96,4126230,70836817.5,shares,0
2019-03-04,17.42,17.88,17.1,17.17,17.24,6007274,105340194.76,shares,0
2019-03-05,17.1,18.28,17.01,18.26,17.17,8925847,158188095.41,shares,0
2019-03-06,18.55,19.2,18.01,18.4,18.26,9279045,171667796.34,shares,0
2019-03-07,18.1,18.43,17.98,18.12,18.4,6043806,109697956.38,shares,0
2019-03-08,17.9,19.68,17.5,18.6,18.12,12002265,226283859.67,shares,0
2019-03-11,18.95,19.55,18.47,19.3,18.6,8809665,167465511.48,shares,0
2019-03-12,19.15,19.6,19.05,19.6,19.3,7834905,150928756.55,shares,0
2019-03-13,20.0,20.17,18.0,18.49,19.6,8565729,163402226.56,shares,0
2019-03-14,18.2,18.34,17.0,17.27,18.49,5530203,96867041.02,shares,0
2019-03-15,17.56,17.66,17.02,17.21,17.27,4442530,76868981.83,shares,0
2019-03-18,17.21,17.55,17.05,17.54,17.21,3430398,59343638.6,shares,0
2019-03-19,17.67,18.38,17.59,18.0,17.54,4600832,82574102.9,shares,0
2019-03-20,17.86,17.97,17.16,17.55,18.0,4137401,72530864.87,shares,0
2019-03-21,17.72,18.0,17.55,17.63,17.55,4084404,72566030.97,shares,0
2019-03-22,17.8,17.88,17.0,17.43,17.63,4981950,86420480.32,shares,0
2019-03-25,16.91,17.58,16.91,17.4,17.43,3889339,67593243.38,shares,0
2019-03-26,17.55,17.6,16.68,16.77,17.4,3889739,66490287.59,shares,0
2019-03-27,16.86,17.22,16.72,17.22,16.77,3580843,60856516.88,shares,0
2019-03-28,17.22,17.64,16.91,17.2,17.22,3018633,52305835.85,shares,0
2019-03-29,17.2,17.8,16.95,17.75,17.2,4232870,73754613.28,shares,0
2019-04-01,17.28,18.15,17.25,18.05,17.75,7605820,135348773.7,shares,0
2019-04-02,18.0,18.8,17.84,18.73,18.05,11422654,209652047.01,shares,0
2019-04-03,18.58,18.93,18.3,18.71,18.73,7258235,134831924.95,shares,0
2019-04-04,18.85,18.89,18.22,18.4,18.71,5671946,104580214.1,shares,0
2019-04-08,18.12,18.88,18.12,18.56,18.4,8559457,158234851.05,shares,0
2019-04-09,18.46,18.46,17.89,18.01,18.56,6184566,111858529.36,shares,0
2019-04-10,17.87,17.87,17.0,17.37,18.01,4302416,74977455.24,shares,0
2019-04-11,17.53,17.55,16.65,16.69,17.37,4367052,74127387.36,shares,0
2019-04-12,16.68,16.87,16.63,16.8,16.69,2502550,41973903.5,shares,0
2019-04-15,17.15,18.46,17.04,17.56,16.8,6002633,106455556.33,shares,0
2019-04-16,17.66,17.99,17.09,17.95,17.56,4657999,82435824.24,shares,0
2019-04-17,17.84,18.28,17.75,17.78,17.95,3657942,65568085.99,shares,0
2019-04-18,17.72,17.84,17.48,17.55,17.78,2434784,42890073.68,shares,0
2019-04-19,17.42,17.83,17.24,17.77,17.55,2899722,50837624.82,shares,0
2019-04-22,17.77,18.14,17.6,17.85,17.77,3346200,59868899.92,shares,0
2019-04-23,17.82,17.86,17.17,17.3,17.85,2420241,42127077.04,shares,0
2019-04-24,17.64,18.65,17.5,18.47,17.3,8607419,157249001.32,shares,0
2019-04-25,18.29,18.78,17.78,18.03,18.47,7938204,145537189.03,shares,0
2019-04-26,17.92,19.17,17.8,18.99,18.03,11477644,215082347.41,shares,0
2019-04-29,19.0,19.0,17.09,17.64,18.99,9008630,164774141.25,shares,0
2019-04-30,17.12,17.39,16.17,16.61,17.64,7471050,125625555.98,shares,0
2019-05-06,15.75,16.07,14.95,15.19,16.61,5715508,87835282.19,shares,0
2019-05-07,15.27,15.59,14.98,15.4,15.19,3170234,48637007.88,shares,0
2019-05-08,15.0,15.86,14.64,15.15,15.4,2874754,44174592.6,shares,0
2019-05-09,15.15,15.8,15.15,15.43,15.15,2894305,45059011.92,shares,0
2019-05-10,15.6,16.38,15.11,16.32,15.43,5036245,80143904.5,shares,0
2019-05-13,16.11,16.56,15.86,16.03,16.32,3739082,60611007.1,shares,0
2019-05-14,15.95,16.34,15.81,15.96,16.03,2806482,45173056.26,shares,0
2019-05-15,16.15,16.25,15.81,16.09,15.96,2986650,47950237.86,shares,0
2019-05-16,16.13,16.13,15.75,15.87,16.09,2318268,36819839.16,shares,0
2019-05-17,16.05,16.37,15.51,15.64,15.87,3573600,57005592.0,shares,0
2019-05-20,15.8,16.38,15.8,16.31,15.64,5342207,86159858.03,shares,0
2019-05-21,16.11,16.27,15.8,16.23,16.31,3662114,58988873.2,shares,0
2019-05-22,16.23,16.53,16.07,16.34,16.23,3529362,57455310.75,shares,0
2019-05-23,16.42,16.64,15.98,16.27,16.34,3596581,58786059.44,shares,0
2019-05-24,16.0,16.17,15.22,15.26,16.27,3398600,53056217.0,shares,0
2019-05-27,15.4,16.78,15.3,16.46,15.26,5937401,96195603.11,shares,0
2019-05-28,16.61,16.69,16.19,16.27,16.46,4472981,73366943.46,shares,0
2019-05-29,16.25,17.18,16.12,16.75,16.27,6281430,104942192.44,shares,0
2019-05-30,16.99,17.25,16.15,16.4,16.66,5293597,87583913.03,shares,0
2019-05-31,16.21,16.89,16.2,16.8,16.4,5123907,84874945.26,shares,0
2019-06-03,16.85,16.9,16.21,16.33,16.8,4388323,72124758.12,shares,0
2019-06-04,16.31,16.31,15.71,15.86,16.33,3032800,48170848.4,shares,0
2019-06-05,15.99,16.08,15.68,15.78,15.86,1897320,30101698.2,shares,0
2019-06-06,15.8,15.8,15.2,15.33,15.78,2075804,32188864.6,shares,0
2019-06-10,15.3,15.66,15.3,15.46,15.33,1738104,26969629.96,shares,0
2019-06-11,15.4,15.89,15.13,15.8,15.46,3270147,51103523.46,shares,0
2019-06-12,15.71,15.89,15.55,15.55,15.8,3260299,51231116.42,shares,0
2019-06-13,15.52,15.59,15.25,15.36,15.55,2362356,36301238.24,shares,0
2019-06-14,15.36,15.5,14.68,14.8,15.36,3587468,53779587.32,shares,0
2019-06-17,14.8,14.89,14.66,14.74,14.8,1137300,16786858.0,shares,0
2019-06-18,14.75,15.04,14.75,14.96,14.74,1368668,20437125.24,shares,0
2019-06-19,15.3,15.49,15.0,15.13,14.96,2089602,32037970.11,shares,0
2019-06-20,15.13,15.38,14.94,15.29,15.13,1612004,24524788.64,shares,0
2019-06-21,15.39,15.68,15.35,15.4,15.29,2345452,36299380.72,shares,0
2019-06-24,15.4,15.54,15.22,15.24,15.4,1836604,28152953.92,shares,0
2019-06-25,15.19,15.32,14.92,15.06,15.24,1702516,25683903.56,shares,0
2019-06-26,14.95,15.16,14.9,15.04,15.06,1271624,19140845.0,shares,0
2019-06-27,15.09,15.38,15.0,15.28,15.04,2065200,31533601.0,shares,0
2019-06-28,15.28,15.3,14.95,14.97,15.28,1439179,21717624.87,shares,0
2019-07-01,15.45,16.47,15.44,16.22,14.97,8850461,141505404.52,shares,0
2019-07-02,16.47,16.61,15.96,16.09,16.22,5492067,89099569.86,shares,0
2019-07-03,16.12,16.12,15.77,15.9,16.09,2703952,43006318.37,shares,0
2019-07-04,15.9,16.03,15.55,15.72,15.9,2172525,34202522.5,shares,0
2019-07-05,15.72,15.95,15.66,15.9,15.72,2454870,38845389.82,shares,0
2019-07-08,16.0,16.0,15.38,15.45,15.9,2008100,31438061.0,shares,0
2019-07-09,15.65,16.14,15.37,16.0,15.45,2674579,42240229.09,shares,0
2019-07-10,15.91,16.36,15.8,16.06,16.0,3655716,58890702.89,shares,0
2019-07-11,16.08,16.34,15.73,16.32,16.06,4244952,68483905.17,shares,0
2019-07-12,16.29,17.93,16.21,16.87,16.32,8626242,146983266.76,shares,0
2019-07-15,17.5,17.5,16.86,17.29,16.87,10151325,174765424.99,shares,0
2019-07-16,16.92,18.54,16.71,17.83,17.29,13538127,235595266.14,shares,0
2019-07-17,17.5,18.28,17.37,17.72,17.83,10395905,185475143.55,shares,0
2019-07-18,17.52,17.56,16.98,16.99,17.72,8273235,142643274.71,shares,0
2019-07-19,17.14,17.25,16.81,16.83,16.99,5080032,86400903.99,shares,0
2019-07-22,16.9,16.98,16.0,16.27,16.83,5047100,82728740.0,shares,0
2019-07-23,16.29,16.78,16.15,16.46,16.27,3592465,59233260.65,shares,0
2019-07-24,16.56,17.42,16.5,17.26,16.46,7522843,128379297.76,shares,0
2019-07-25,17.07,17.37,16.94,17.18,17.26,6774147,116200201.44,shares,0
2019-07-26,17.25,17.89,17.15,17.41,17.18,11169200,195204114.0,shares,0
2019-07-29,17.4,17.6,17.18,17.45,17.41,6204207,108034383.77,shares,0
2019-07-30,17.45,17.69,17.25,17.3,17.45,3949106,68922073.56,shares,0
2019-07-31,17.4,17.42,16.89,16.94,17.3,4140633,70795499.64,shares,0
2019-08-01,16.92,17.87,16.83,17.66,16.94,9267783,163351386.51,shares,0
2019-08-02,17.2,18.03,17.05,17.69,17.66,9907465,174622621.12,shares,0
2019-08-05,17.68,17.91,17.11,17.28,17.69,7355618,128525496.96,shares,0
2019-08-06,16.8,16.9,16.0,16.9,17.28,7719585,127569655.95,shares,0
2019-08-07,16.86,16.86,16.35,16.4,16.9,4476830,74318038.71,shares,0
2019-08-08,16.5,16.68,16.28,16.49,16.4,3100850,51015579.5,shares,0
2019-08-09,16.55,16.85,16.38,16.49,16.49,3237000,53728768.25,shares,0
2019-08-12,16.56,16.9,16.17,16.88,16.49,3610071,59856652.39,shares,0
2019-08-13,16.7,16.87,16.45,16.64,16.88,2648500,44059582.0,shares,0
2019-08-14,16.9,17.44,16.78,17.18,16.64,6397179,109727285.94,shares,0
2019-08-15,16.6,17.35,16.48,17.21,17.18,4883312,82601545.86,shares,0
2019-08-16,17.11,17.54,17.06,17.45,17.21,5258287,91270480.75,shares,0
2019-08-19,17.44,18.1,17.28,18.03,17.45,7820192,139590201.36,shares,0
2019-08-20,18.04,18.07,17.68,17.74,18.03,5189817,92648543.59,shares,0
2019-08-21,17.76,17.97,17.62,17.72,17.74,3997492,71016044.68,shares,0
2019-08-22,17.73,18.08,17.53,17.78,17.72,3698893,65705399.63,shares,0
2019-08-23,17.78,17.78,16.74,16.8,17.78,8856273,151609355.64,shares,0
2019-08-26,16.54,18.48,16.47,17.48,16.8,9712428,170187840.96,shares,0
2019-08-27,17.48,18.09,17.24,17.85,17.48,8533176,151320140.17,shares,0
2019-08-28,18.11,18.35,17.58,18.19,17.85,11301119,203494793.78,shares,0
2019-08-29,18.2,18.44,17.88,18.11,18.19,8667590,157209104.8,shares,0
2019-08-30,18.25,18.39,17.37,17.5,18.11,9105857,163392442.89,shares,0
2019-09-02,17.74,18.24,17.51,18.14,17.5,8882883,159270775.63,shares,0
2019-09-03,18.2,18.98,18.0,18.87,18.14,16127103,298920558.35,shares,0
2019-09-04,18.9,20.49,18.85,19.71,18.87,23000010,452251378.48,shares,0
2019-09-05,19.73,20.49,19.51,19.7,19.71,17783896,355238323.2,shares,0
2019-09-06,20.3,21.3,19.9,20.29,19.7,19754147,405157107.52,shares,0
2019-09-09,20.31,20.95,20.05,20.84,20.29,14808773,305319085.17,shares,0
2019-09-10,20.6,20.76,19.8,19.85,20.84,12489404,251301036.1,shares,0
2019-09-11,19.9,20.07,19.48,19.66,19.85,9738700,192446835.0,shares,0
2019-09-12,19.78,19.99,19.53,19.64,19.66,6699380,132073678.84,shares,0
2019-09-16,19.75,19.95,19.53,19.75,19.64,6618863,130892529.78,shares,0
2019-09-17,19.91,19.94,19.08,19.18,19.75,6742054,130883616.4,shares,0
2019-09-18,19.1,19.39,18.91,19.3,19.18,5184539,99484893.41,shares,0
2019-09-19,19.3,20.23,19.16,20.13,19.3,11580257,229863979.44,shares,0
2019-09-20,20.0,20.46,19.82,20.28,20.13,10910104,219269586.16,shares,0
2019-09-23,20.47,20.93,20.11,20.65,20.28,14747453,302330706.32,shares,0
2019-09-24,20.5,22.29,20.5,21.56,20.65,17521537,376730596.52,shares,0
2019-09-25,21.22,21.86,20.4,20.54,21.56,11771487,246595506.04,shares,0
2019-09-26,20.66,20.9,20.16,20.4,20.54,10349526,212290791.05,shares,0
2019-09-27,20.44,21.35,19.8,21.01,20.4,10215948,211051063.88,shares,0
2019-09-30,20.89,21.31,20.22,20.62,21.01,7429942,153716109.5,shares,0
2019-10-08,20.4,20.85,19.5,19.73,20.62,6544749,131583642.65,shares,0
2019-10-09,19.6,20.37,19.19,20.35,19.73,6063673,120971666.02,shares,0
2019-10-10,20.28,20.97,20.1,20.87,20.35,7798511,161063958.57,shares,0
2019-10-11,20.7,21.17,20.5,20.62,20.87,7699364,160362554.24,shares,0
2019-10-14,20.87,21.21,20.58,21.21,20.62,7193583,150120561.8,shares,0
2019-10-15,21.1,21.1,19.88,20.14,21.21,7692492,156645765.48,shares,0
2019-10-16,20.05,20.26,19.41,19.42,20.14,5821999,114716240.22,shares,0
2019-10-17,19.33,19.6,18.94,19.07,19.42,5498257,105657072.88,shares,0
2019-10-18,19.15,19.15,18.24,18.33,19.07,6767985,126070068.23,shares,0
2019-10-21,17.61,17.79,17.01,17.67,18.33,11291483,196622866.32,shares,0
2019-10-22,17.75,17.88,17.45,17.75,17.67,3664577,64855547.36,shares,0
2019-10-23,17.77,17.85,17.41,17.49,17.75,3886500,68298029.24,shares,0
2019-10-24,17.49,17.87,17.28,17.46,17.49,4559600,79993114.0,shares,0
2019-10-25,17.55,18.29,17.2,18.21,17.46,7063096,126504063.72,shares,0
2019-10-28,18.16,19.15,18.07,19.02,18.21,6780629,127647265.21,shares,0
2019-10-29,18.99,19.27,18.77,19.0,19.02,4165044,79212366.52,shares,0
2019-10-30,18.9,19.5,18.66,19.21,19.0,4760450,90916873.5,shares,0
2019-10-31,19.05,19.15,18.32,18.5,19.21,6156306,114849869.62,shares,0
2019-11-01,18.63,18.86,18.3,18.42,18.5,4423733,82177902.04,shares,0
2019-11-04,18.5,18.71,18.31,18.62,18.42,6452302,119560550.08,shares,0
2019-11-05,18.59,18.74,18.12,18.67,18.62,5092816,94091223.81,shares,0
2019-11-06,18.66,18.81,18.26,18.3,18.67,2783900,51391285.0,shares,0
2019-11-07,18.36,18.57,18.28,18.37,18.3,2413600,44429868.0,shares,0
2019-11-08,18.55,18.62,18.01,18.06,18.37,2887400,52885603.24,shares,0
2019-11-11,18.07,18.07,17.63,17.66,18.06,2691015,47907156.2,shares,0
2019-11-12,17.65,17.81,17.35,17.61,17.66,3035392,53334725.12,shares,0
2019-11-13,17.6,18.15,17.51,17.83,17.61,2831981,50419934.75,shares,0
2019-11-14,17.91,18.34,17.75,18.21,17.83,4129611,74749516.13,shares,0
2019-11-15,17.99,18.23,17.71,17.81,18.21,3040503,54760010.35,shares,0
2019-11-18,17.61,18.07,17.6,18.05,17.81,2560554,45792747.97,shares,0
2019-11-19,18.04,18.64,17.72,18.6,18.05,4633857,84919176.28,shares,0
2019-11-20,18.61,18.9,18.38,18.39,18.6,6037621,112554529.75,shares,0
2019-11-21,18.35,18.88,18.25,18.58,18.39,5139807,95622902.7,shares,0
2019-11-22,18.43,18.93,18.06,18.17,18.58,4976557,91971339.72,shares,0
2019-11-25,18.29,18.68,18.12,18.22,18.17,3985202,73109532.1,shares,0
2019-11-26,18.06,18.35,17.77,17.88,18.22,3202752,57515065.72,shares,0
2019-11-27,17.97,18.84,17.7,18.64,17.88,5943600,110038731.0,shares,0
2019-11-28,18.57,18.84,18.53,18.6,18.64,3755698,70055192.89,shares,0
2019-11-29,18.54,19.04,18.5,18.7,18.6,4120600,77267442.0,shares,0
2019-12-02,18.76,19.48,18.76,19.34,18.7,7527572,144630017.39,shares,0
2019-12-03,19.2,19.5,19.06,19.44,19.34,5405261,104368093.71,shares,0
2019-12-04,19.26,19.89,19.16,19.48,19.44,7291428,142664068.01,shares,0
2019-12-05,19.5,19.87,19.32,19.62,19.48,6759843,132394068.86,shares,0
2019-12-06,19.52,19.76,19.26,19.67,19.62,5840968,113923059.89,shares,0
2019-12-09,19.83,20.04,19.62,19.75,19.67,6959616,138072638.91,shares,0
2019-12-10,19.72,19.89,19.36,19.88,19.75,5900466,115988547.41,shares,0
2019-12-11,19.97,20.15,19.5,20.01,19.88,7388800,146611665.0,shares,0
2019-12-12,19.97,21.49,19.83,20.83,20.01,14564043,303406236.16,shares,0
2019-12-13,20.9,21.08,20.45,20.8,20.83,9760054,202471031.87,shares,0
2019-12-16,20.84,21.58,20.8,21.4,20.8,10445541,221930924.2,shares,0
2019-12-17,21.2,21.92,20.97,21.15,21.4,10153061,215996181.89,shares,0
2019-12-18,21.01,21.53,20.79,20.93,21.15,8442105,178115910.23,shares,0
2019-12-19,20.88,22.22,20.84,21.92,20.93,16020816,347753278.4,shares,0
2019-12-20,21.9,22.18,21.02,21.31,21.92,8950004,192169632.8,shares,0
2019-12-23,20.8,21.15,20.3,20.71,21.31,10029518,207987989.03,shares,0
2019-12-24,20.8,22.78,20.6,22.49,20.71,15136632,331836595.94,shares,0
2019-12-25,22.57,24.48,22.35,23.91,22.49,20574979,485045529.31,shares,0
2019-12-26,23.6,25.18,23.6,24.21,23.91,17744031,431369373.69,shares,0
2019-12-27,24.3,24.5,23.34,23.4,24.21,13840577,329574923.44,shares,0
2019-12-30,23.52,24.2,23.15,23.97,23.4,14755813,350754784.71,shares,0
2019-12-31,23.86,23.92,22.88,23.2,23.97,10752335,250577670.95,shares,0
2020-01-02,23.25,25.48,23.0,25.03,23.2,17254860,418911962.31,shares,0
2020-01-03,24.78,25.47,24.66,25.1,25.03,12872800,322205617.78,shares,0
2020-01-06,24.93,25.16,24.64,24.96,25.1,8658855,215498546.03,shares,0
2020-01-07,24.91,26.12,24.9,25.75,24.96,12479377,320700642.34,shares,0
2020-01-08,25.01,25.68,24.8,25.01,25.75,8355070,210377334.74,shares,0
2020-01-09,25.28,26.0,25.1,25.97,25.01,7736053,197431190.44,shares,0
2020-01-10,25.97,26.4,25.42,25.71,25.97,6265600,161921542.0,shares,0
2020-01-13,25.58,27.14,25.19,27.13,25.71,10805546,283123036.5,shares,0
2020-01-14,26.94,29.84,26.78,29.05,27.13,16410567,468891287.24,shares,0
2020-01-15,28.58,29.65,28.38,28.8,29.05,11608842,335793947.24,shares,0
2020-01-16,28.91,29.9,28.7,28.79,28.8,13146401,384336483.08,shares,0
2020-01-17,28.97,29.6,28.3,29.52,28.79,12719208,369578144.6,shares,0
2020-01-20,29.12,31.5,28.88,31.5,29.52,11977591,364609730.86,shares,0
2020-01-21,31.5,32.8,30.58,32.02,31.5,9814922,309190587.17,shares,0
2020-01-22,31.48,35.22,31.36,35.22,32.02,8855099,297929786.88,shares,0
2020-01-23,34.99,37.67,32.08,33.38,35.22,22216993,768632278.74,shares,0
2020-02-03,30.04,31.37,30.04,30.04,33.38,10342982,312553531.18,shares,0
2020-02-04,30.01,33.0,30.01,32.38,30.04,15768270,496300845.2,shares,0
2020-02-05,32.38,34.95,31.88,33.55,32.38,13761092,460043219.37,shares,0
2020-02-06,32.96,35.0,32.59,34.18,33.55,11277451,381737585.77,shares,0
2020-02-07,34.18,36.6,33.27,36.18,34.18,12339803,429297950.43,shares,0
2020-02-10,35.59,36.5,34.0,35.35,36.18,11221340,396099463.33,shares,0
2020-02-11,35.08,36.17,34.62,35.05,35.35,9452923,334532062.21,shares,0
2020-02-12,35.0,36.18,33.8,35.73,35.05,13625657,474631006.53,shares,0
2020-02-13,35.2,37.0,34.8,35.85,35.73,12527834,449757624.3,shares,0
2020-02-14,35.68,39.44,35.5,38.82,35.85,20778799,799373498.25,shares,0
2020-02-17,38.82,40.54,38.51,40.23,38.82,12716470,503583434.35,shares,0
2020-02-18,39.91,44.2,39.55,43.99,40.23,14702080,623552260.65,shares,0
2020-02-19,43.77,47.62,42.91,44.37,43.99,15704233,708884671.14,shares,0
2020-02-20,44.69,45.97,42.35,44.38,44.37,13422473,587174819.42,shares,0
2020-02-21,43.8,45.5,43.8,45.4,44.38,10790632,479823310.94,shares,0
2020-02-24,44.7,46.96,44.57,45.96,45.4,12603270,578859803.09,shares,0
2020-02-25,43.95,44.98,41.36,42.97,45.96,20656329,891189441.64,shares,0
2020-02-26,43.0,44.44,40.48,41.15,42.97,15825569,674105452.4,shares,0
2020-02-27,41.7,45.0,41.5,41.5,41.15,20247923,875987783.69,shares,0
2020-02-28,42.29,44.5,41.32,42.7,41.5,25747828,1108161039.56,shares,0
2020-03-02,43.98,44.1,40.51,43.3,42.7,27527545,1172109175.18,shares,0
2020-03-03,43.3,46.09,42.61,43.77,43.3,23875919,1056501747.6,shares,0
2020-03-04,43.01,43.45,39.39,39.39,43.77,24040237,978253468.83,shares,0
2020-03-05,39.8,39.99,36.35,37.81,39.39,25383633,960281956.0,shares,0
2020-03-06,36.7,38.64,36.46,37.1,37.81,11920622,447335656.65,shares,0
2020-03-09,36.0,36.5,34.1,34.12,37.1,14061129,495949805.45,shares,0
2020-03-10,34.12,36.12,34.0,36.08,34.12,16327633,575274202.11,shares,0
2020-03-11,36.2,36.58,34.41,34.53,36.08,12487171,442671020.14,shares,0
2020-03-12,35.25,36.24,34.67,35.25,34.53,17979455,636607701.75,shares,0
2020-03-13,33.03,37.5,32.8,36.8,35.25,22742618,818736844.6,shares,0
2020-03-16,37.0,37.51,33.67,33.89,36.8,22818451,818044073.02,shares,0
2020-03-17,34.72,36.47,33.3,35.96,33.89,17045781,595216336.21,shares,0
2020-03-18,36.99,38.34,36.2,36.5,35.96,23233340,864773234.16,shares,0
2020-03-19,36.0,38.3,35.65,38.3,36.5,21133328,785306274.24,shares,0
2020-03-20,39.0,39.3,37.01,37.67,38.3,18783225,717369137.39,shares,0
2020-03-23,35.8,36.43,33.9,33.9,37.67,16435854,570212217.84,shares,0
2020-03-24,34.58,34.7,31.0,33.08,33.9,16756788,550671574.4,shares,0
2020-03-25,34.03,34.66,33.5,34.32,33.08,11883218,406999606.73,shares,0
2020-03-26,33.94,35.13,33.11,33.19,34.32,9567791,325292761.29,shares,0
2020-03-27,33.91,33.92,31.8,31.82,33.19,10229993,332758812.42,shares,0
2020-03-30,30.83,30.9,28.96,29.68,31.82,15750929,470174460.09,shares,0
2020-03-31,30.26,31.85,30.01,31.01,29.68,13359927,417291383.7,shares,0
2020-04-01,31.05,32.29,30.82,31.41,31.01,10220609,324344165.34,shares,0
2020-04-02,31.37,32.97,31.2,32.71,31.41,11799882,379725663.29,shares,0
2020-04-03,32.7,32.7,30.82,31.09,32.71,11705525,369660190.76,shares,0
2020-04-07,32.0,33.15,31.97,32.55,31.09,10898125,355243191.75,shares,0
2020-04-08,32.22,33.14,32.17,32.3,32.55,9307894,302704665.96,shares,0
2020-04-09,32.6,32.75,31.85,31.92,32.3,6643766,213534587.15,shares,0
2020-04-10,31.9,31.9,29.48,29.6,31.92,13487868,408577085.35,shares,0
2020-04-13,29.48,30.13,28.89,29.32,29.6,8193739,240526427.11,shares,0
2020-04-14,29.7,30.3,29.45,30.3,29.32,7888853,236069718.46,shares,0
2020-04-15,30.3,31.56,30.12,30.4,30.3,10682050,329143432.5,shares,0
2020-04-16,30.28,31.93,30.03,31.6,30.4,12876505,403646072.67,shares,0
2020-04-17,32.18,34.76,32.17,34.76,31.6,24294053,830766607.7,shares,0
2020-04-20,35.21,38.24,35.21,38.24,34.76,22841472,840673587.15,shares,0
2020-04-21,38.4,38.4,36.5,37.93,38.24,21835848,814468887.99,shares,0
2020-04-22,37.03,39.58,36.78,37.81,37.93,18231454,691676802.72,shares,0
2020-04-23,37.01,38.3,36.88,36.99,37.81,12749309,477667804.68,shares,0
2020-04-24,36.89,37.5,36.2,36.85,36.99,10042738,370459241.04,shares,0
2020-04-27,36.88,36.99,35.31,35.95,36.85,10538847,380982693.29,shares,0
2020-04-28,36.16,38.2,34.0,36.79,35.95,22207160,812526888.14,shares,0
2020-04-29,36.12,40.28,36.11,38.91,36.79,23352242,899493173.44,shares,0
2020-04-30,39.79,42.19,39.03,41.47,38.91,22609866,923782112.57,shares,0
2020-05-06,41.2,44.94,40.43,43.7,41.47,28479123,1210003463.08,shares,0
2020-05-07,43.7,44.25,42.2,42.45,43.7,19725246,846552435.21,shares,0
2020-05-08,42.9,43.2,41.8,42.4,42.45,16647688,707426692.57,shares,0
2020-05-11,42.01,45.09,42.01,42.8,42.4,19115655,827109697.97,shares,0
2020-05-12,42.2,43.37,41.3,43.36,42.8,15092269,637872895.32,shares,0
2020-05-13,43.05,43.55,42.24,42.98,43.36,12676087,542650817.71,shares,0
2020-05-14,42.24,44.78,42.24,43.15,42.98,15551890,678258277.86,shares,0
2020-05-15,43.17,45.87,42.76,43.99,43.15,18331713,810152786.43,shares,0
2020-05-18,45.11,46.18,41.86,42.01,43.99,22482092,986966786.58,shares,0
2020-05-19,42.56,46.21,41.88,46.21,42.01,21098658,934991200.99,shares,0
2020-05-20,47.6,50.55,46.82,49.03,46.21,30821734,1501786749.46,shares,0
2020-05-21,49.0,51.5,46.75,47.5,49.03,29384213,1437121134.02,shares,0
2020-05-22,48.0,51.77,46.7,50.3,47.5,31047057,1516754393.77,shares,0
2020-05-25,49.48,51.5,48.05,48.7,50.3,23468160,1159317082.64,shares,0
2020-05-26,48.0,49.74,47.5,49.56,48.7,20328201,989191730.95,shares,0
2020-05-27,48.5,50.64,47.39,48.24,49.56,20538905,998907343.78,shares,0
2020-05-28,47.0,47.25,43.36,43.41,48.18,30550202,1366703993.25,shares,0
2020-05-29,44.0,47.75,44.0,47.75,43.41,30333300,1418909699.41,shares,0
2020-06-01,48.66,50.13,46.75,49.18,47.75,30233453,1477688051.8,shares,0
2020-06-02,49.23,52.25,48.61,49.9,49.18,29311178,1483594586.02,shares,0
2020-06-03,49.52,54.3,49.2,51.93,49.9,33506684,1747233074.74,shares,0
2020-06-04,51.61,51.85,49.77,49.94,51.93,21476826,1084607488.01,shares,0
2020-06-05,49.98,51.2,48.41,49.15,49.94,23317956,1159120363.63,shares,0
2020-06-08,49.56,50.85,47.9,48.17,49.15,17532547,862334459.95,shares,0
2020-06-09,47.75,49.08,47.66,48.85,48.17,14419089,698641281.99,shares,0
2020-06-10,48.27,48.5,45.06,47.78,48.85,17985319,843692522.1,shares,0
2020-06-11,47.94,51.99,47.51,50.47,47.78,26356724,1325746455.71,shares,0
2020-06-12,49.5,51.43,48.81,50.05,50.47,21413490,1077314702.32,shares,0
2020-06-15,48.58,48.69,46.85,46.9,50.05,20432424,975987210.36,shares,0
2020-06-16,47.6,48.05,46.32,47.46,46.9,13012637,614470489.07,shares,0
2020-06-17,45.95,46.75,44.58,45.48,47.46,20761176,939351239.09,shares,0
2020-06-18,44.5,46.3,44.5,45.45,45.48,17332375,790954212.87,shares,0
2020-06-19,45.56,46.45,45.11,46.16,45.45,13550233,623026600.01,shares,0
2020-06-22,46.54,49.15,46.51,48.2,46.16,22952800,1105898925.87,shares,0
2020-06-23,48.2,48.85,46.55,48.02,48.2,15489831,739114167.97,shares,0
2020-06-24,48.08,49.11,48.0,48.34,48.02,15264394,740970122.41,shares,0
2020-06-29,47.7,49.45,47.44,49.14,48.34,15232213,742268212.8,shares,0
2020-06-30,49.3,52.44,48.76,52.17,49.14,26673974,1355041174.06,shares,0
2020-07-01,51.8,52.4,50.21,52.4,52.17,18774867,967855599.23,shares,0
2020-07-02,52.03,56.78,51.35,55.36,52.4,28534111,1566664623.35,shares,0
2020-07-03,55.3,56.3,53.42,54.75,55.36,22675561,1236164040.1,shares,0
2020-07-06,56.0,59.25,54.73,58.37,54.75,25344689,1454884786.74,shares,0
2020-07-07,60.3,62.14,58.05,58.1,58.37,28882085,1741769835.29,shares,0
2020-07-08,58.39,63.91,58.2,63.91,58.1,26889940,1652260715.13,shares,0
2020-07-09,64.35,69.86,64.08,68.64,63.91,31898551,2144377266.65,shares,0
2020-07-10,66.9,71.33,65.82,69.04,68.64,27452704,1878157126.43,shares,0
2020-07-13,70.05,71.57,67.97,70.9,69.04,23152359,1614102058.84,shares,0
2020-07-14,69.7,70.86,65.33,68.9,70.9,24689100,1685768870.91,shares,0
2020-07-15,67.8,68.9,63.7,63.91,68.9,22297062,1460311877.8,shares,0
2020-07-16,63.57,65.5,60.03,60.19,63.91,23436411,1478038241.54,shares,0
2020-07-17,60.6,62.0,59.12,59.8,60.19,16606870,1003435676.49,shares,0
2020-07-20,61.12,62.16,59.3,61.96,59.8,15684209,956554303.57,shares,0
2020-07-21,61.28,62.8,60.5,60.72,61.96,13633717,836148240.66,shares,0
2020-07-22,60.17,64.09,60.05,62.31,60.72,18344406,1146178585.46,shares,0
2020-07-23,61.0,62.95,60.5,62.68,62.31,14147936,873491531.01,shares,0
2020-07-24,62.0,62.6,56.7,56.9,62.68,21415368,1267522884.24,shares,0
2020-07-27,56.97,59.49,56.97,57.67,56.9,13098613,763389931.85,shares,0
2020-07-28,58.7,59.2,57.38,58.64,57.67,10276355,600676757.32,shares,0
2020-07-29,58.7,61.25,58.1,61.01,58.64,14274074,858148006.63,shares,0
2020-07-30,61.05,61.48,58.9,59.0,61.01,12962840,773487592.65,shares,0
2020-07-31,59.0,60.85,58.7,60.53,59.0,14046408,841229079.1,shares,0
2020-08-03,61.5,66.58,61.5,66.58,60.53,24441941,1595691580.95,shares,0
2020-08-04,67.0,69.36,65.79,68.42,66.58,26057126,1757071677.89,shares,0
2020-08-05,71.66,71.68,65.16,66.5,68.42,24407782,1653661097.69,shares,0
2020-08-06,65.02,68.39,65.02,67.01,66.5,16148289,1083738123.8,shares,0
2020-08-07,66.2,68.0,62.0,65.7,67.01,20139914,1298505378.84,shares,0
2020-08-10,64.0,66.63,62.5,65.09,65.7,12945825,833363198.2,shares,0
2020-08-11,65.7,67.36,63.7,64.24,65.09,10660396,702274215.99,shares,0
2020-08-12,63.67,65.57,63.0,65.57,64.24,11490538,738647695.25,shares,0
2020-08-13,66.11,68.2,64.71,66.48,65.57,13989447,930561489.08,shares,0
2020-08-14,65.9,67.56,65.6,66.18,66.48,9160783,608300248.3,shares,0
2020-08-17,66.68,71.05,66.68,70.79,66.18,20296099,1406275691.23,shares,0
2020-08-18,68.98,68.98,64.66,65.25,70.79,27823352,1841469467.07,shares,0
2020-08-19,63.65,63.7,58.73,58.88,65.25,30791819,1853507617.84,shares,0
2020-08-20,57.93,59.99,57.29,58.98,58.88,10451759,616858782.89,shares,0
2020-08-21,58.9,59.66,57.48,58.11,58.98,9950024,580957005.58,shares,0
2020-08-24,58.0,58.66,55.41,58.4,58.11,12166632,694126937.91,shares,0
2020-08-25,57.97,58.62,56.55,56.9,58.4,8709958,500838102.55,shares,0
2020-08-26,57.21,57.38,53.6,53.73,56.9,12598711,692315425.73,shares,0
2020-08-27,54.06,57.8,53.3,56.68,53.73,13473939,753623845.52,shares,0
2020-08-28,56.42,57.68,55.6,56.92,56.68,8304729,471606686.28,shares,0
2020-08-31,57.75,59.76,57.17,57.98,56.92,10655883,623755447.47,shares,0
2020-09-01,57.49,58.29,56.66,58.13,57.98,5477691,315992731.84,shares,0
2020-09-02,58.22,58.42,57.1,57.6,58.13,5710193,328766645.84,shares,0
2020-09-03,57.75,57.75,55.81,56.13,57.6,7038054,398649567.92,shares,0
2020-09-04,55.2,58.49,55.0,56.99,56.13,12508680,718868040.02,shares,0
2020-09-07,56.0,58.49,54.7,57.5,56.99,14806992,850082791.49,shares,0
2020-09-08,56.86,57.24,54.09,54.21,57.5,11263934,621551828.0,shares,0
2020-09-09,53.45,54.49,51.75,52.42,54.21,7787176,413108748.29,shares,0
2020-09-10,53.25,54.24,52.5,52.71,52.42,6353654,339505359.18,shares,0
2020-09-11,53.1,53.68,52.36,53.16,52.71,6780407,359110624.84,shares,0
2020-09-14,53.8,54.68,53.03,53.29,53.16,7195920,387152028.05,shares,0
2020-09-15,52.25,54.4,49.7,53.15,53.29,13618151,704137881.45,shares,0
2020-09-16,52.84,54.19,52.6,53.29,53.15,7699647,410960138.01,shares,0
2020-09-17,53.1,55.7,52.5,55.04,53.29,12942685,711241792.78,shares,0
2020-09-18,54.8,56.8,54.42,56.68,55.04,10546373,590700063.76,shares,0
2020-09-21,57.0,57.95,56.18,56.61,56.68,8496185,483982441.12,shares,0
2020-09-22,56.0,57.47,55.7,55.8,56.61,5531665,310603994.65,shares,0
2020-09-23,56.0,57.78,55.9,56.94,55.8,7505747,426771101.6,shares,0
2020-09-24,56.65,57.51,56.06,56.57,56.94,6015524,342513367.25,shares,0
2020-09-25,56.66,56.95,54.23,55.6,56.57,6344266,351901867.08,shares,0
2020-09-28,55.95,56.53,54.91,55.01,55.6,4195433,234083793.58,shares,0
2020-09-29,55.5,56.49,55.14,55.18,55.01,4384818,244696114.87,shares,0
2020-09-30,55.51,56.44,54.3,54.57,55.18,6234693,345098040.97,shares,0
2020-10-09,56.0,57.8,55.5,56.73,54.57,8434677,478914197.82,shares,0
2020-10-12,57.25,58.41,56.76,58.2,56.73,10934000,631817778.75,shares,0
2020-10-13,58.51,58.76,57.57,57.87,58.2,7787549,451486409.21,shares,0
2020-10-14,55.15,55.97,53.55,55.17,57.87,16674650,906574720.24,shares,0
2020-10-15,54.98,55.72,54.29,54.82,55.17,6314444,347787505.15,shares,0
2020-10-16,55.0,55.28,54.12,54.75,54.82,6014582,329904231.66,shares,0
2020-10-19,54.74,55.2,53.63,53.78,54.75,5364191,290398220.87,shares,0
2020-10-20,53.77,53.88,52.0,52.78,53.78,5810053,306648278.23,shares,0
2020-10-21,52.5,53.8,48.91,49.14,52.78,11396210,572746976.57,shares,0
2020-10-22,48.81,50.22,48.02,49.64,49.14,5433396,267551274.47,shares,0
2020-10-23,49.48,50.19,47.32,47.59,49.64,5460468,264927611.23,shares,0
2020-10-26,46.5,47.6,46.2,46.87,47.59,3666981,172064354.57,shares,0
2020-10-27,47.0,47.98,46.4,47.94,46.87,4151023,197459425.1,shares,0
2020-10-28,48.13,48.5,47.22,47.78,47.94,3389872,161945512.52,shares,0
2020-10-29,46.87,47.98,46.36,47.1,47.78,5472987,257511889.18,shares,0
2020-10-30,47.75,51.81,47.75,50.63,47.1,17580769,889154688.6,shares,0
2020-11-02,50.65,52.17,49.66,51.48,50.63,12492754,640120481.06,shares,0
2020-11-03,51.9,55.13,51.43,54.46,51.48,14458930,776113137.6,shares,0
2020-11-04,54.4,55.85,54.21,54.4,54.46,10308078,566429725.64,shares,0
2020-11-05,55.43,55.79,53.2,54.38,54.4,9625614,522041982.7,shares,0
2020-11-06,54.52,55.54,53.85,55.22,54.38,8829542,484449455.99,shares,0
2020-11-09,55.95,59.97,55.95,58.78,55.22,18771093,1095468923.37,shares,0
2020-11-10,58.09,58.5,56.18,57.68,58.78,11296792,649442456.85,shares,0
2020-11-11,57.04,57.98,55.5,55.59,57.68,7538140,425889243.97,shares,0
2020-11-12,56.45,57.11,55.5,56.12,55.59,5485728,308897541.97,shares,0
2020-11-13,55.71,59.2,55.7,58.17,56.12,9461438,547373084.2,shares,0
2020-11-16,58.32,61.08,57.84,59.84,58.17,11304748,673387208.46,shares,0
2020-11-17,59.87,60.12,55.7,58.04,59.84,11209086,643316825.72,shares,0
2020-11-18,57.63,60.2,57.02,59.14,58.04,9383132,553678184.29,shares,0
2020-11-19,58.3,61.9,58.3,60.94,59.14,12132994,738002458.88,shares,0
2020-11-20,61.8,63.0,60.28,60.91,60.94,9799439,604477398.15,shares,0
2020-11-23,61.01,61.93,59.54,60.93,60.91,7262610,440642128.41,shares,0
2020-11-24,61.11,62.89,60.66,62.19,60.93,8365288,517890580.0,shares,0
2020-11-25,62.19,63.18,61.3,61.41,62.19,7080001,439782849.2,shares,0
2020-11-26,61.0,61.58,59.78,60.58,61.41,6239672,377653663.36,shares,0
2020-11-27,60.53,60.99,59.0,59.9,60.58,6695884,401632759.26,shares,0
2020-11-30,60.33,60.4,58.36,58.38,59.9,7257935,429633095.43,shares,0
2020-12-01,58.0,59.2,57.6,58.37,58.38,6145500,358091923.8,shares,0
2020-12-02,58.44,60.78,58.38,59.46,58.37,7658541,457369515.68,shares,0
2020-12-03,59.1,60.2,58.9,58.97,59.46,4164445,247230222.98,shares,0
2020-12-04,58.59,60.48,58.2,59.13,58.97,5124298,303746403.3,shares,0
2020-12-07,59.43,62.56,59.38,62.25,59.13,12114511,747239113.14,shares,0
2020-12-08,62.2,63.2,61.31,62.88,62.25,7417097,464485139.84,shares,0
2020-12-09,62.89,63.5,61.4,62.0,62.88,6566419,410075368.41,shares,0
2020-12-10,62.01,62.98,61.01,62.21,62.0,5871757,364938913.08,shares,0
2020-12-11,61.82,62.01,58.9,60.23,62.21,9226781,556266449.98,shares,0
2020-12-14,60.33,64.27,60.01,63.65,60.23,9839213,618639367.69,shares,0
2020-12-15,63.09,63.88,61.0,61.68,63.65,8064407,500678288.63,shares,0
2020-12-16,61.0,62.49,60.1,62.22,61.68,5663314,346894473.68,shares,0
2020-12-17,61.36,63.35,60.13,60.4,62.22,7840937,479939419.63,shares,0
2020-12-18,61.03,62.0,59.3,59.51,60.4,7189967,434673066.39,shares,0
2020-12-21,59.1,63.4,58.6,62.83,59.51,12007559,749748321.53,shares,0
2020-12-22,62.02,63.26,60.15,60.38,62.83,6946203,429986141.71,shares,0
2020-12-23,60.36,60.98,58.67,60.4,60.38,7521625,449779862.4,shares,0
2020-12-24,60.4,60.89,59.09,59.95,60.4,5297503,317272957.52,shares,0
2020-12-25,59.12,60.89,59.01,59.71,59.95,4411751,263864794.43,shares,0
2020-12-28,59.6,59.6,56.0,56.71,59.71,8224465,475003106.09,shares,0
2020-12-29,56.5,56.99,52.5,54.84,56.71,11163901,608701375.53,shares,0
2020-12-30,54.8,55.49,54.0,55.06,54.84,6311032,346121315.4,shares,0
2020-12-31,55.3,60.37,55.3,60.09,55.06,9918889,577607953.96,shares,0
2021-01-04,60.0,63.19,59.08,62.83,60.09,8407967,520062934.16,shares,0
2021-01-05,62.75,65.09,62.2,63.8,62.83,9267241,590353218.49,shares,0
2021-01-06,63.5,64.55,62.67,63.1,63.8,6833544,433309172.17,shares,0
2021-01-07,63.4,64.3,62.1,63.7,63.1,6883226,435501240.65,shares,0
2021-01-08,63.6,63.69,61.4,62.8,63.7,7099536,444136827.12,shares,0
2021-01-11,62.5,63.7,61.06,62.05,62.8,7151048,447298500.33,shares,0
2021-01-12,61.24,62.18,59.3,61.88,62.05,5907694,359773484.85,shares,0
2021-01-13,61.8,66.0,61.03,65.06,61.88,16838683,1083378836.69,shares,0
2021-01-14,66.42,70.6,64.56,67.52,65.06,23268338,1573032004.42,shares,0
2021-01-15,68.01,69.3,65.8,67.6,67.52,14777191,998077174.18,shares,0
2021-01-18,67.47,72.68,67.47,72.05,67.6,19894430,1416523179.25,shares,0
2021-01-19,71.9,74.13,70.66,70.85,72.05,14867338,1071003500.42,shares,0
2021-01-20,71.5,71.55,69.69,71.3,70.85,9595774,677787270.69,shares,0
2021-01-21,70.0,72.0,68.0,70.82,71.3,10607367,742890600.91,shares,0
2021-01-22,71.01,71.88,68.0,70.0,70.82,9026646,629402692.22,shares,0
2021-01-25,68.61,69.98,66.51,67.58,70.0,8892162,607575000.42,shares,0
2021-01-26,67.61,68.45,65.65,67.7,67.58,7859334,527168473.48,shares,0
2021-01-27,67.33,68.18,65.28,66.5,67.7,5336086,353922435.96,shares,0
2021-01-28,65.0,65.7,61.67,61.78,66.5,8582885,544296129.17,shares,0
2021-01-29,62.17,63.18,60.03,61.4,61.78,6433079,394866184.52,shares,0
2021-02-01,60.2,61.96,59.85,60.2,61.4,5877576,355620854.8,shares,0
2021-02-02,60.11,62.48,60.11,62.1,60.2,6846635,421894946.81,shares,0
2021-02-03,62.0,62.48,59.18,59.2,62.1,7239060,434964259.11,shares,0
2021-02-04,59.01,61.57,57.57,60.9,59.2,10795005,640034135.98,shares,0
2021-02-05,60.92,61.19,57.62,58.0,60.9,6158100,362559531.16,shares,0
2021-02-08,58.88,61.57,58.8,60.87,58.0,5357455,323249774.26,shares,0
2021-02-09,61.5,63.98,60.21,62.7,60.87,6552622,411876488.91,shares,0
2021-02-10,62.76,65.37,61.9,65.37,62.7,6721636,429282079.04,shares,0
2021-02-18,66.69,67.55,64.52,66.81,65.37,6556807,436791566.12,shares,0
2021-02-19,66.6,66.6,63.03,63.81,66.81,6027083,387679172.89,shares,0
2021-02-22,64.03,64.5,61.18,61.22,63.81,6480985,405630624.46,shares,0
2021-02-23,60.6,60.9,58.8,59.06,61.22,6341024,378266891.84,shares,0
2021-02-24,59.08,60.98,58.21,59.16,59.06,6158141,365873545.99,shares,0
2021-02-25,60.2,60.4,57.7,57.95,59.16,4398245,259154074.92,shares,0
2021-02-26,55.23,56.81,54.5,55.02,57.95,8351346,463476103.4,shares,0
2021-03-01,55.2,58.84,55.2,58.8,55.02,6695995,383306644.86,shares,0
2021-03-02,59.33,60.83,58.3,60.25,58.8,6838548,409152924.17,shares,0
2021-03-03,59.99,60.25,58.38,60.05,60.25,4978495,294862729.96,shares,0
2021-03-04,60.5,61.19,58.56,59.09,60.05,4486819,267524979.4,shares,0
2021-03-05,58.24,60.25,57.81,59.95,59.09,3762629,222882068.41,shares,0
2021-03-08,60.6,60.98,57.12,57.39,59.95,4405155,261312481.85,shares,0
2021-03-09,56.71,57.32,54.71,55.05,57.39,4557309,255004841.7,shares,0
2021-03-10,56.16,56.6,53.8,54.83,55.05,4041132,222376447.84,shares,0
2021-03-11,54.8,57.3,54.22,56.96,54.83,4442235,248436991.76,shares,0
2021-03-12,57.79,58.3,55.0,55.26,56.96,4314955,243078345.08,shares,0
2021-03-15,55.0,55.0,50.7,52.04,55.26,6533024,342684713.67,shares,0
2021-03-16,52.05,53.77,52.05,53.58,52.04,4154400,221027154.14,shares,0
2021-03-17,53.88,55.34,52.65,55.04,53.58,3721202,202257612.35,shares,0
2021-03-18,55.12,55.37,53.6,55.0,55.04,3368984,183678519.38,shares,0
2021-03-19,53.8,54.99,53.71,54.24,55.0,2037534,110778049.81,shares,0
2021-03-22,54.3,55.28,54.02,54.67,54.24,2103974,114949293.97,shares,0
2021-03-23,56.0,57.76,54.89,55.74,54.67,6807899,382475341.81,shares,0
2021-03-24,54.7,54.88,52.7,52.78,55.74,4349000,233190222.14,shares,0
2021-03-25,52.4,53.38,52.01,52.22,52.78,2379837,125399601.87,shares,0
2021-03-26,52.28,54.65,51.5,53.01,52.22,6036844,319615616.74,shares,0
2021-03-29,53.6,55.94,53.59,55.28,53.01,6414241,353285618.8,shares,0
2021-03-30,55.3,56.26,54.81,55.3,55.28,4927302,272904683.9,shares,0
2021-03-31,55.0,55.81,53.88,55.65,55.3,2608473,143200514.84,shares,0
2021-04-01,56.0,58.3,55.55,57.53,55.65,5024735,288503245.52,shares,0
2021-04-02,57.72,60.64,57.72,60.35,57.53,6751986,404997962.12,shares,0
2021-04-06,60.17,61.4,59.54,60.68,60.35,4556053,276313964.49,shares,0
2021-04-07,60.62,61.5,59.8,60.98,60.68,3244693,197103433.47,shares,0
2021-04-08,61.59,63.1,61.03,62.07,60.98,4786019,298318869.28,shares,0
2021-04-09,61.37,62.73,59.07,59.37,62.07,5969049,360436295.93,shares,0
2021-04-12,60.97,61.61,57.47,57.82,59.37,3962604,235175577.42,shares,0
2021-04-13,58.0,59.27,57.06,58.0,57.82,3278955,191160122.39,shares,0
2021-04-14,57.26,58.35,56.82,57.57,58.0,3972031,228943633.85,shares,0
2021-04-15,57.83,58.45,57.19,58.19,57.57,2976534,172120412.74,shares,0
2021-04-16,57.87,58.58,56.76,57.78,58.19,3379044,194777276.9,shares,0
2021-04-19,58.1,58.66,57.34,58.5,57.78,4960762,288227739.73,shares,0
2021-04-20,58.22,58.35,57.2,57.51,58.5,2700108,155736424.79,shares,0
2021-04-21,57.02,57.38,56.18,57.0,57.51,2755885,156474981.34,shares,0
2021-04-22,57.14,59.58,56.68,58.59,57.0,4133401,241157302.92,shares,0
2021-04-23,58.14,58.89,57.29,58.17,58.59,3554323,206173889.35,shares,0
2021-04-26,58.21,60.77,58.1,58.5,58.17,4639106,276341263.05,shares,0
2021-04-27,58.59,58.99,56.8,58.0,58.5,3473223,199850525.55,shares,0
2021-04-28,57.26,59.6,57.2,59.51,58.0,3730118,218915574.84,shares,0
2021-04-29,59.05,59.88,58.51,58.65,59.51,3356599,198038910.41,shares,0
2021-04-30,58.48,59.88,58.41,59.11,58.65,2847416,168199023.48,shares,0
2021-05-06,58.77,59.66,57.42,57.42,59.11,4275305,248328834.44,shares,0
2021-05-07,57.43,58.45,55.0,55.47,57.42,5112752,286844897.06,shares,0
2021-05-10,55.4,55.48,53.96,54.15,55.47,3775738,205400517.67,shares,0
2021-05-11,54.64,54.64,52.8,54.18,54.15,2092752,112365350.8,shares,0
2021-05-12,54.37,55.46,53.4,55.43,54.18,2581107,140484173.11,shares,0
2021-05-13,54.71,55.77,54.61,54.83,55.43,1898885,104931280.88,shares,0
2021-05-14,55.5,57.04,54.83,56.6,54.83,2969552,165285526.16,shares,0
2021-05-17,56.95,60.45,56.08,60.14,56.6,7122788,421512827.14,shares,0
2021-05-18,59.64,62.3,59.4,61.72,60.14,5803540,354714430.61,shares,0
2021-05-19,61.51,64.86,61.13,63.78,61.72,7050401,446331923.08,shares,0
2021-05-20,63.81,64.34,62.71,62.91,63.78,4309164,273037992.94,shares,0
2021-05-21,63.46,63.74,61.66,61.66,62.91,2795711,174457997.5,shares,0
2021-05-24,62.53,62.85,60.22,60.63,61.66,4227657,257442715.37,shares,0
2021-05-25,60.99,64.85,60.1,64.5,60.63,7743627,491530504.24,shares,0
2021-05-26,64.32,65.0,62.95,63.07,64.5,3324415,212714502.89,shares,0
2021-05-27,63.07,69.33,63.0,69.33,63.07,14651836,974161251.7,shares,0
2021-05-28,68.0,69.18,66.36,67.1,69.15,9964944,675574835.52,shares,0
2021-05-31,67.08,69.0,66.38,68.01,67.1,9952593,674215787.03,shares,0
2021-06-01,67.66,74.81,67.1,74.81,68.01,13784514,1006235890.8,shares,0
2021-06-02,74.99,76.1,71.39,74.0,74.81,13086135,959648192.35,shares,0
2021-06-03,73.17,73.17,68.0,70.4,74.0,10957526,766674220.89,shares,0
2021-06-04,69.0,73.36,69.0,72.27,70.4,8201722,586317681.87,shares,0
2021-06-07,74.03,75.17,71.6,72.15,72.27,9454707,692490789.28,shares,0
2021-06-08,71.28,74.0,70.2,70.89,72.15,7217355,517501665.34,shares,0
2021-06-09,70.18,73.38,69.08,71.78,70.89,6598022,471956635.92,shares,0
2021-06-10,71.31,73.16,69.43,72.3,71.78,7542825,540854506.71,shares,0
2021-06-11,72.07,72.5,67.27,69.6,72.3,7825294,544444041.17,shares,0
2021-06-15,70.15,73.45,69.0,69.62,69.6,8048892,575312178.79,shares,0
2021-06-16,70.26,70.82,64.72,66.6,69.62,9406744,629520812.36,shares,0
2021-06-17,67.6,72.99,66.65,70.7,66.6,13991346,982069257.85,shares,0
2021-06-18,72.22,73.6,69.6,70.97,70.7,12662667,908013806.6,shares,0
2021-06-21,71.27,78.07,70.21,75.76,70.97,15313381,1169667927.94,shares,0
2021-06-22,76.38,76.9,70.98,74.08,75.76,12530860,919384453.1,shares,0
2021-06-23,73.15,80.3,73.13,78.99,74.08,14638980,1136190996.01,shares,0
2021-06-24,78.01,80.49,76.12,77.0,78.99,6844954,531607833.88,shares,0
2021-06-25,77.14,80.0,76.96,77.96,77.0,6742375,528875136.61,shares,0
2021-06-28,79.03,81.78,77.52,79.3,77.96,6831954,542492526.87,shares,0
2021-06-29,79.0,79.1,76.0,77.93,79.3,7427147,575465837.53,shares,0
2021-06-30,78.3,83.99,77.8,81.0,77.93,10524952,852323090.99,shares,0
2021-07-01,78.7,80.7,76.6,76.6,81.0,8487464,669280684.31,shares,0
2021-07-02,76.1,76.68,73.12,76.45,76.6,7425826,554933416.91,shares,0
2021-07-05,76.97,79.68,76.5,79.4,76.45,6733506,527619543.74,shares,0
2021-07-06,80.49,84.06,79.0,81.45,79.4,7681468,625653109.99,shares,0
2021-07-07,80.08,84.66,78.65,84.0,81.45,7225523,592773828.0,shares,0
2021-07-08,83.42,92.4,83.1,92.4,84.0,10836084,981043617.71,shares,0
2021-07-09,92.0,95.6,88.81,91.09,92.4,11857246,1090013881.64,shares,0
2021-07-12,91.47,91.8,88.11,90.66,91.09,11752517,1060192901.43,shares,0
2021-07-13,90.66,90.97,85.59,87.53,90.66,7492588,659177333.7,shares,0
2021-07-14,87.0,89.39,85.64,86.27,87.53,4809030,420086623.4,shares,0
2021-07-15,86.1,87.13,83.13,84.06,86.27,7062852,598408489.61,shares,0
2021-07-16,85.99,86.0,82.41,82.8,84.06,6456921,542871625.73,shares,0
2021-07-19,83.96,86.09,80.5,86.05,82.8,6748407,565377264.61,shares,0
2021-07-20,84.8,85.4,81.75,83.55,86.05,6874097,572570345.55,shares,0
2021-07-21,83.55,91.77,82.8,88.52,83.55,13054352,1160758695.1,shares,0
2021-07-22,87.99,91.47,86.3,90.0,88.52,12383235,1109218843.08,shares,0
2021-07-23,90.04,94.57,90.01,91.86,90.0,9178431,847985042.77,shares,0
2021-07-26,91.12,95.0,88.0,93.0,91.86,10489878,966511975.64,shares,0
2021-07-27,93.0,102.3,93.0,94.35,93.0,13423796,1312106384.31,shares,0
2021-07-28,94.0,94.32,84.92,88.0,94.35,13857996,1240593507.23,shares,0
2021-07-29,91.01,96.8,91.01,96.8,88.0,10296319,975168243.59,shares,0
2021-07-30,100.01,106.48,99.05,106.48,96.8,21420914,2232282926.67,shares,0
2021-08-02,102.79,106.24,97.25,103.7,106.48,21747420,2212124497.96,shares,0
2021-08-03,103.7,103.7,93.33,94.48,103.7,16250083,1573672595.9,shares,0
2021-08-04,93.79,98.97,93.79,98.5,94.48,12164947,1180881855.73,shares,0
2021-08-05,97.51,98.4,93.61,96.47,98.5,10926148,1045729606.66,shares,0
2021-08-06,96.99,100.77,94.26,95.12,96.47,8955002,870058683.41,shares,0
2021-08-09,93.9,93.9,89.02,92.35,95.12,8742891,796471069.49,shares,0
2021-08-10,92.2,93.97,89.12,90.91,92.35,7520259,683099349.28,shares,0
2021-08-11,90.92,95.7,90.61,95.0,90.91,9009564,845975024.49,shares,0
2021-08-12,93.5,98.3,93.5,97.0,95.0,5848061,564869492.33,shares,0
2021-08-13,95.73,98.37,92.2,92.2,97.0,7373527,694975627.66,shares,0
2021-08-16,91.5,92.0,86.89,89.6,92.2,7359833,658598753.38,shares,0
2021-08-17,90.33,90.99,86.96,87.07,89.6,5085950,449439285.27,shares,0
2021-08-18,87.07,89.21,84.0,86.99,87.07,5875106,509285943.81,shares,0
2021-08-19,88.16,93.98,85.26,91.66,86.99,8311108,754093554.56,shares,0
2021-08-20,91.0,94.92,90.17,92.38,91.66,6410383,593609863.17,shares,0
2021-08-23,93.0,96.5,90.23,96.5,92.38,7001201,662336333.96,shares,0
2021-08-24,96.32,97.98,94.09,96.7,96.5,4804758,461589253.47,shares,0
2021-08-25,96.29,97.39,92.6,94.99,96.7,3840520,361351414.95,shares,0
2021-08-26,94.47,95.5,92.88,93.63,94.99,3218917,302374316.88,shares,0
2021-08-27,92.61,95.49,91.69,91.79,93.63,4987261,464700923.84,shares,0
2021-08-30,89.01,90.49,82.61,86.4,91.79,19773662,1699500407.93,shares,0
2021-08-31,85.88,86.8,82.0,84.45,86.4,10166678,851971540.25,shares,0
2021-09-01,84.45,84.45,77.99,81.91,84.45,10144582,817010885.48,shares,0
2021-09-02,79.4,82.73,78.9,80.0,81.91,9277292,748750567.5,shares,0
2021-09-03,80.56,85.19,79.25,82.9,80.0,8375508,692213869.94,shares,0
2021-09-06,82.22,86.64,79.71,84.55,82.9,5430452,459827909.77,shares,0
2021-09-07,84.78,85.26,82.9,83.0,84.55,4861298,407564388.44,shares,0
2021-09-08,83.9,83.9,80.0,82.5,83.0,6394479,522111222.27,shares,0
2021-09-09,83.5,85.27,78.74,80.7,82.5,11495496,934774237.53,shares,0
2021-09-10,80.3,86.49,80.0,86.09,80.7,10241624,860923048.11,shares,0
2021-09-13,86.2,87.2,81.69,84.66,86.09,8016817,676854840.68,shares,0
2021-09-14,84.6,86.59,83.0,84.8,84.66,5466611,466298257.47,shares,0
2021-09-15,86.01,86.3,82.14,83.38,84.8,6102619,508683400.86,shares,0
2021-09-16,83.03,83.75,79.8,81.69,83.38,5824392,474218027.38,shares,0
2021-09-17,80.5,82.92,79.03,80.21,81.69,5629633,451951004.27,shares,0
2021-09-22,79.09,81.99,79.0,81.61,80.21,3654178,296852758.57,shares,0
2021-09-23,82.5,83.5,81.13,82.86,81.61,4596305,379916962.71,shares,0
2021-09-24,82.72,82.72,79.25,79.86,82.86,4301694,346768443.39,shares,0
2021-09-27,80.05,81.2,76.1,76.64,79.86,5912292,461599374.25,shares,0
2021-09-28,77.17,78.27,74.1,75.28,76.64,6777992,513868909.26,shares,0
2021-09-29,74.81,76.2,73.3,74.45,75.28,6214943,463495805.54,shares,0
2021-09-30,74.5,77.0,74.01,76.36,74.45,3642457,277643340.83,shares,0
2021-10-08,77.15,77.88,73.89,74.68,76.36,3897543,293521596.76,shares,0
2021-10-11,74.55,75.99,73.77,74.25,74.68,2642878,197754822.28,shares,0
2021-10-12,74.5,75.0,71.47,72.77,74.25,3613697,263571625.95,shares,0
2021-10-13,72.78,73.79,71.6,73.41,72.77,3349994,242783098.11,shares,0
2021-10-14,74.0,75.33,72.31,74.83,73.41,2964141,218796959.72,shares,0
2021-10-15,74.56,77.06,74.01,74.7,74.83,5896497,445539180.79,shares,0
2021-10-18,73.76,75.47,72.03,74.62,74.7,4859146,359011352.71,shares,0
2021-10-19,74.63,76.05,74.1,74.55,74.62,2675202,200347249.56,shares,0
2021-10-20,74.13,74.8,72.55,73.8,74.55,4443865,328417235.69,shares,0
2021-10-21,73.8,73.98,71.42,73.03,73.8,5091770,370213658.81,shares,0
2021-10-22,73.98,78.36,72.93,77.2,73.03,7246013,554610905.38,shares,0
2021-10-25,76.61,76.7,72.01,73.94,77.2,9809231,720891141.1,shares,0
2021-10-26,73.7,77.39,72.68,76.11,73.94,7653213,578726841.28,shares,0
2021-10-27,75.66,75.66,73.04,74.76,76.11,5596977,413961524.35,shares,0
2021-10-28,73.5,74.6,72.66,73.98,74.76,5263280,388745001.36,shares,0
2021-10-29,74.0,76.33,72.9,75.95,73.98,5442089,409966135.03,shares,0
2021-11-01,74.89,77.6,74.32,76.8,75.95,4572639,348367546.82,shares,0
2021-11-02,76.4,81.8,76.21,80.34,76.8,7296541,584108404.8,shares,0
2021-11-03,81.07,81.51,78.3,79.4,80.34,3814827,303941070.98,shares,0
2021-11-04,78.97,82.3,78.8,79.99,79.4,5880692,474451177.82,shares,0
2021-11-05,80.55,82.24,79.01,80.12,79.99,4834112,387695472.56,shares,0
2021-11-08,81.0,81.0,74.55,76.0,80.12,6452500,492740892.29,shares,0
2021-11-09,75.53,76.75,73.2,75.99,76.0,7007275,526430186.61,shares,0
2021-11-10,75.42,77.08,75.2,76.93,75.99,5250318,400844514.41,shares,0
2021-11-11,76.7,84.62,75.67,83.97,76.93,14744729,1220441427.87,shares,0
2021-11-12,83.97,86.19,81.62,85.66,83.97,10218880,859912805.76,shares,0
2021-11-15,85.66,87.88,83.69,84.98,85.66,7272377,623366476.97,shares,0
2021-11-16,84.07,85.38,81.0,81.84,84.98,6581124,544741972.43,shares,0
2021-11-17,81.35,84.93,80.68,83.64,81.84,4647324,385928487.83,shares,0
2021-11-18,83.56,83.97,81.71,82.2,83.64,4728215,389098998.2,shares,0
2021-11-19,82.0,85.81,82.0,84.0,82.2,5264450,441477327.87,shares,0
2021-11-22,84.7,85.29,82.81,85.05,84.0,4988252,420430412.02,shares,0
2021-11-23,85.05,85.69,83.32,83.61,85.05,3745618,315301054.8,shares,0
2021-11-24,83.5,84.99,80.7,81.3,83.61,5356082,440769176.93,shares,0
2021-11-25,80.96,82.82,80.33,80.8,81.3,3219128,261960675.49,shares,0
2021-11-26,80.8,80.8,77.68,77.71,80.8,4751846,373515496.48,shares,0
2021-11-29,77.3,78.94,76.8,78.6,77.71,3234412,252697827.28,shares,0
2021-11-30,79.0,81.23,78.38,79.83,78.6,4447224,354282423.61,shares,0
2021-12-01,79.53,80.1,77.81,78.96,79.83,3174200,249974301.92,shares,0
2021-12-02,78.4,79.7,77.12,77.3,78.96,3266642,255276520.66,shares,0
2021-12-03,77.3,78.24,76.8,77.87,77.3,2406281,186822092.56,shares,0
2021-12-06,78.63,78.63,74.0,74.52,77.87,6202453,466706664.0,shares,0
2021-12-07,75.25,75.33,71.02,71.8,74.52,5684833,411115147.25,shares,0
2021-12-08,72.49,72.82,71.39,71.79,71.8,5132451,369238396.73,shares,0
2021-12-09,72.0,75.34,72.0,75.0,71.79,6710482,498034591.33,shares,0
2021-12-10,74.87,76.3,73.63,75.29,75.0,6759732,508885123.96,shares,0
2021-12-13,76.15,77.89,74.65,76.81,75.29,4961825,377067826.35,shares,0
2021-12-14,76.05,81.0,75.61,79.4,76.81,8903492,705541819.95,shares,0
2021-12-15,80.8,85.0,79.4,82.5,79.4,12439911,1035713251.13,shares,0
2021-12-16,82.0,85.47,82.0,82.45,82.5,7581578,633702091.46,shares,0
2021-12-17,82.21,82.38,80.45,80.61,82.45,5487688,444574462.98,shares,0
2021-12-20,80.62,83.0,78.59,79.3,80.61,4950646,395567173.62,shares,0
2021-12-21,79.47,81.79,78.16,78.89,79.3,3619263,287923429.62,shares,0
2021-12-22,79.61,81.25,79.0,79.91,78.89,3606267,289557035.83,shares,0
2021-12-23,80.26,81.3,79.5,80.4,79.91,2768692,223413569.82,shares,0
2021-12-24,79.9,83.34,77.72,78.85,80.4,5676094,451722690.16,shares,0
2021-12-27,78.2,80.33,77.38,77.89,78.85,2997847,235841954.8,shares,0
2021-12-28,77.9,79.68,77.59,79.37,77.89,3622007,284559317.65,shares,0
2021-12-29,80.0,80.5,78.5,79.13,79.37,3558592,283024868.78,shares,0
2021-12-30,79.53,80.3,78.33,80.2,79.13,2630335,209485587.91,shares,0
2021-12-31,80.35,81.2,79.51,81.17,80.2,2625196,211774519.08,shares,0
2022-01-04,81.3,81.3,77.0,77.82,81.17,4283795,334549482.85,shares,0
2022-01-05,77.82,78.5,75.82,76.2,77.82,4756652,364840035.82,shares,0
2022-01-06,75.9,76.75,74.0,74.95,76.2,2918894,219061537.24,shares,0
2022-01-07,74.93,76.66,74.2,74.91,74.95,3233535,243847114.3,shares,0
2022-01-10,74.8,77.39,73.05,76.23,74.91,3715314,281862135.28,shares,0
2022-01-11,76.0,77.4,72.4,74.03,76.23,4986406,367084602.39,shares,0
2022-01-12,74.33,75.3,73.34,74.38,74.03,2162081,160214341.05,shares,0
2022-01-13,74.62,74.62,72.63,72.87,74.38,2063463,150935769.18,shares,0
2022-01-14,72.88,73.18,71.89,72.35,72.87,3897821,281597018.37,shares,0
2022-01-17,72.28,75.6,71.8,74.3,72.35,4347015,322252561.65,shares,0
2022-01-18,74.46,75.79,73.39,73.95,74.3,2360593,175292297.44,shares,0
2022-01-19,73.49,74.28,71.61,72.28,73.95,2999398,217752406.05,shares,0
2022-01-20,72.27,74.6,71.4,73.57,72.28,3341294,245763140.02,shares,0
2022-01-21,73.78,74.21,71.19,72.09,73.57,5097157,366527351.41,shares,0
2022-01-24,71.5,72.8,71.21,72.32,72.09,2129454,153363754.3,shares,0
2022-01-25,72.58,73.3,70.4,71.05,72.32,2724972,196418891.86,shares,0
2022-01-26,71.2,71.54,68.28,68.93,71.05,4737860,326846393.9,shares,0
2022-01-27,69.4,69.4,67.0,67.22,68.93,3363733,228539931.19,shares,0
2022-01-28,68.24,68.6,64.2,65.92,67.22,5134177,338352420.56,shares,0
2022-02-07,66.5,68.29,65.06,65.76,65.92,3230798,213728926.08,shares,0
2022-02-08,65.44,66.8,63.04,64.25,65.76,3805485,245596874.71,shares,0
2022-02-09,63.5,64.48,57.83,58.39,64.25,14485223,868804151.89,shares,0
2022-02-10,58.49,58.68,54.17,55.4,58.39,15353956,850181121.17,shares,0
2022-02-11,55.26,55.8,54.31,54.6,55.4,13702165,753358166.28,shares,0
2022-02-14,54.16,55.55,53.51,54.97,54.6,4765256,261675229.64,shares,0
2022-02-15,54.52,60.0,54.41,59.39,54.97,11432104,661984216.42,shares,0
2022-02-16,60.13,60.33,58.6,59.43,59.39,6257144,371795123.87,shares,0
2022-02-17,59.5,62.66,59.02,61.99,59.43,6471383,397393056.15,shares,0
2022-02-18,61.18,62.49,60.68,60.98,61.99,3894334,238298449.62,shares,0
2022-02-21,61.38,61.61,59.53,60.04,60.98,5010683,302099243.59,shares,0
2022-02-22,59.7,60.18,58.41,59.88,60.04,3391300,200957201.0,shares,0
2022-02-23,60.01,64.2,59.5,63.69,59.88,8857481,558728647.53,shares,0
2022-02-24,63.22,64.17,61.3,62.99,63.69,6240677,393742982.49,shares,0
2022-02-25,64.39,65.2,62.8,63.47,62.99,3986120,253763754.68,shares,0
2022-02-28,62.89,64.0,62.22,62.75,63.47,4226777,265554430.0,shares,0
2022-03-01,63.99,63.99,62.0,63.0,62.75,3379960,212415272.0,shares,0
2022-03-02,62.5,62.57,60.8,61.83,63.0,2765135,169958048.0,shares,0
2022-03-03,62.2,62.36,59.35,59.54,61.83,4167022,250501704.0,shares,0
2022-03-04,58.88,61.39,58.51,59.43,59.54,2881782,172600898.0,shares,0
2022-03-07,58.72,59.73,55.56,55.88,59.43,7520894,425913488.0,shares,0
2022-03-08,56.6,58.38,54.43,56.42,55.88,6929961,391673552.0,shares,0
2022-03-09,56.37,58.4,54.23,56.28,56.42,6006295,340152752.0,shares,0
2022-03-10,58.32,59.57,57.0,58.08,56.28,9780205,573139344.0,shares,0
2022-03-11,57.03,58.0,55.45,56.28,58.08,4944173,279032848.0,shares,0
2022-03-14,55.81,56.14,54.39,54.5,56.28,4714615,259237371.0,shares,0
2022-03-15,54.1,55.41,52.5,52.7,54.5,5476544,294861904.0,shares,0
2022-03-16,53.8,54.9,50.31,54.46,52.7,8815344,464161616.0,shares,0
2022-03-17,55.88,58.5,55.13,56.45,54.46,9786455,556666160.0,shares,0
2022-03-18,56.0,56.57,53.88,54.69,56.45,5858537,321662139.41,shares,0
2022-03-21,55.0,58.09,54.65,56.17,54.69,7245628,411529795.77,shares,0
2022-03-22,56.46,56.67,55.22,55.69,56.17,4039200,224625450.88,shares,0
2022-03-23,55.71,56.42,55.4,55.99,55.69,3252040,182169053.72,shares,0
2022-03-24,55.74,56.23,54.79,55.79,55.99,3668528,203628700.34,shares,0
2022-03-25,56.26,57.24,54.4,54.45,55.79,3859363,213903106.32,shares,0
2022-03-28,53.87,54.25,52.6,52.99,54.45,3948781,209754658.4,shares,0
2022-03-29,53.46,53.84,50.76,51.01,52.99,4811168,248960149.77,shares,0
2022-03-30,51.13,53.06,50.88,52.81,51.01,4103825,212893495.06,shares,0
2022-03-31,52.8,52.9,50.7,51.24,52.81,3295737,169402437.66,shares,0
2022-04-01,50.85,51.96,50.36,51.23,51.24,2179752,111619983.75,shares,0
2022-04-06,51.23,51.23,48.7,49.09,51.23,3878744,191184732.06,shares,0
2022-04-07,48.75,49.0,47.0,47.8,49.09,6408247,306086351.28,shares,0
2022-04-08,48.0,48.34,46.22,47.65,47.8,3983278,188858232.49,shares,0
2022-04-11,46.95,47.4,44.22,44.79,47.65,4826940,219180377.09,shares,0
2022-04-12,44.34,46.8,44.34,46.55,44.79,4859005,222683649.56,shares,0
2022-04-13,46.1,46.78,45.55,45.93,46.55,3939134,182656809.66,shares,0
2022-04-14,46.47,48.33,45.8,47.28,45.93,3743108,176224309.06,shares,0
2022-04-15,46.91,50.11,46.15,48.35,47.28,5285187,255936532.42,shares,0
2022-04-18,47.98,50.5,47.51,49.38,48.35,4471477,219425354.78,shares,0
2022-04-19,49.05,49.37,46.9,47.19,49.38,4490744,214330569.08,shares,0
2022-04-20,47.18,47.49,45.95,46.38,47.19,3129633,145751898.07,shares,0
2022-04-21,46.38,47.65,44.7,44.7,46.38,3959958,182071012.43,shares,0
2022-04-22,44.82,45.25,42.5,43.38,44.7,5615472,244322341.37,shares,0
2022-04-25,42.09,43.17,39.54,39.59,43.38,4757120,195821693.61,shares,0
2022-04-26,40.19,41.47,38.83,39.27,39.59,4955327,198867495.92,shares,0
2022-04-27,38.9,41.2,37.41,40.95,39.27,7469637,293228201.92,shares,0
2022-04-28,40.02,41.28,38.68,40.93,40.95,5968934,240681629.48,shares,0
2022-04-29,41.12,45.02,40.68,45.02,40.93,8312110,357680033.31,shares,0
2022-05-05,44.3,45.5,43.77,44.5,45.02,6797278,303559791.41,shares,0
2022-05-06,43.5,43.89,42.8,43.49,44.5,3822380,166003032.92,shares,0
2022-05-09,43.4,44.0,42.85,43.38,43.49,2649075,115133375.18,shares,0
2022-05-10,42.5,45.08,42.03,44.17,43.38,6707935,296683211.12,shares,0
2022-05-11,44.18,47.68,44.05,46.5,44.17,8844426,409074118.85,shares,0
2022-05-12,45.79,46.66,45.32,45.85,46.5,4399078,201903824.76,shares,0
2022-05-13,46.28,46.49,45.05,45.32,45.85,3682198,167655088.43,shares,0
2022-05-16,45.51,47.18,45.3,46.19,45.32,4635754,214851287.34,shares,0
2022-05-17,46.24,47.45,45.19,47.21,46.19,5186407,242977266.89,shares,0
2022-05-18,47.68,48.78,46.96,47.8,47.21,5865024,281382631.31,shares,0
2022-05-19,47.07,49.44,46.64,48.91,47.8,5709484,277597354.24,shares,0
2022-05-20,48.71,49.4,48.23,49.0,48.91,3940803,192320971.7,shares,0
2022-05-23,48.8,49.0,48.06,48.63,49.0,2649342,128309875.86,shares,0
2022-05-24,48.59,49.55,46.66,46.68,48.63,5454708,262174099.13,shares,0
2022-05-25,46.7,47.47,45.86,46.25,46.68,3214668,148926233.17,shares,0
2022-05-26,46.28,46.44,44.72,45.78,46.25,3378145,154199363.5,shares,0
2022-05-27,45.98,47.36,45.0,45.5,45.57,3461992,159624489.85,shares,0
2022-05-30,45.97,47.1,45.3,47.0,45.5,4022079,187057577.46,shares,0
2022-05-31,47.07,49.1,46.53,48.9,47.0,5404722,259853206.66,shares,0
2022-06-01,49.05,53.26,48.7,52.01,48.9,9375711,475852679.63,shares,0
2022-06-02,51.31,57.21,51.11,56.2,52.01,12654040,692238250.8,shares,0
2022-06-06,56.98,57.88,55.23,56.7,56.2,11458869,646263640.53,shares,0
2022-06-07,57.0,57.38,55.6,56.8,56.7,5578791,314888307.28,shares,0
2022-06-08,57.08,57.3,55.01,55.93,56.8,5393907,301849296.23,shares,0
2022-06-09,56.17,56.17,53.86,54.15,55.93,6440333,351055257.14,shares,0
2022-06-10,53.5,54.66,53.03,54.29,54.15,5677541,307127423.37,shares,0
2022-06-13,53.53,55.67,53.0,54.8,54.29,6280051,344546644.83,shares,0
2022-06-14,53.96,54.73,51.89,53.42,54.8,5645152,299006677.41,shares,0
2022-06-15,53.8,55.59,52.48,53.6,53.42,8238665,444969760.11,shares,0
2022-06-16,53.59,55.83,52.79,54.63,53.6,6779639,373798023.62,shares,0
2022-06-17,54.2,55.18,53.31,54.47,54.63,4530310,245905320.01,shares,0
2022-06-20,54.32,56.97,54.21,55.67,54.47,7173582,401188512.52,shares,0
2022-06-21,55.7,55.85,54.21,54.64,55.67,4421096,242493728.87,shares,0
2022-06-22,54.8,55.0,52.9,52.9,54.64,3931802,210834536.82,shares,0
2022-06-23,53.5,54.0,52.29,54.0,52.9,5129449,273374187.51,shares,0
2022-06-24,53.99,55.4,53.32,54.79,54.0,6898764,376743107.84,shares,0
2022-06-27,55.0,55.62,53.95,54.0,54.79,7771855,422954898.87,shares,0
2022-06-28,54.17,56.03,52.6,55.99,54.0,10788006,584545226.98,shares,0
2022-06-29,56.17,57.48,54.95,55.2,55.99,11276298,632733731.03,shares,0
2022-06-30,55.52,56.22,53.91,55.51,55.2,7123968,393299299.19,shares,0
2022-07-01,55.19,56.17,54.27,54.39,55.51,5806325,319254305.27,shares,0
2022-07-04,53.97,53.97,49.01,51.29,54.39,12252833,631986873.55,shares,0
2022-07-05,51.69,52.56,50.32,51.84,51.29,7100889,364650720.47,shares,0
2022-07-06,52.0,54.95,50.42,51.25,51.84,14032772,737035622.33,shares,0
2022-07-07,51.49,51.9,50.0,51.0,51.25,5958958,302437812.14,shares,0
2022-07-08,51.26,52.16,50.54,50.65,51.0,5365818,274667305.96,shares,0
2022-07-11,50.15,50.48,48.18,48.67,50.65,6655412,324795409.41,shares,0
2022-07-12,48.75,49.29,47.6,47.85,48.67,4328404,208388275.14,shares,0
2022-07-13,48.25,48.26,46.3,47.13,47.85,4482235,210461119.24,shares,0
2022-07-14,47.15,49.4,46.61,48.5,47.13,5373870,259953975.02,shares,0
2022-07-15,48.4,50.0,48.2,48.55,48.5,4702394,230276820.61,shares,0
2022-07-18,48.63,50.2,48.01,49.9,48.55,6221537,306152595.41,shares,0
2022-07-19,49.72,50.1,47.36,48.49,49.9,7780121,378443807.79,shares,0
2022-07-20,48.48,50.03,48.4,49.69,48.49,6083166,300394680.21,shares,0
2022-07-21,49.38,51.25,49.1,50.36,49.69,6410120,323758188.6,shares,0
2022-07-22,50.17,50.61,48.22,48.97,50.36,4785987,235671789.63,shares,0
2022-07-25,48.77,49.46,48.08,48.51,48.97,2844458,138281310.81,shares,0
2022-07-26,48.52,49.09,47.6,49.01,48.51,2766996,134340030.36,shares,0
2022-07-27,49.01,50.09,48.05,49.78,49.01,4438293,218545077.79,shares,0
2022-07-28,49.78,53.45,49.78,52.88,49.78,11309786,591500296.95,shares,0
2022-07-29,52.5,52.71,50.66,50.75,52.88,6457323,332877167.33,shares,0
2022-08-01,50.4,52.66,48.5,52.14,50.75,8288789,425492498.07,shares,0
2022-08-02,51.0,56.46,50.12,55.05,52.14,18121888,983635672.1,shares,0
2022-08-03,55.99,60.5,54.7,60.01,55.05,18217204,1056231096.93,shares,0
2022-08-04,60.7,64.5,60.5,63.36,60.01,17349582,1093618188.5,shares,0
2022-08-05,62.0,66.8,61.66,64.31,63.36,12409095,796560142.73,shares,0
2022-08-08,63.5,67.22,62.61,66.5,64.31,13668440,884989063.16,shares,0
2022-08-09,65.81,65.81,63.08,64.88,66.5,8845850,568417572.67,shares,0
2022-08-10,63.02,67.67,63.01,66.5,64.88,9585253,632227522.7,shares,0
2022-08-11,66.88,70.0,65.83,69.35,66.5,7976012,546684146.44,shares,0
2022-08-12,69.0,70.83,67.51,68.9,69.35,5241577,363110417.04,shares,0
2022-08-15,68.62,73.56,68.5,72.94,68.9,7629871,549088020.04,shares,0
2022-08-16,72.5,76.4,71.29,75.99,72.94,8626261,637580769.77,shares,0
2022-08-17,75.45,79.05,73.99,75.0,75.99,9033085,691477996.41,shares,0
2022-08-18,74.13,78.65,72.55,76.0,75.0,8622691,651681940.83,shares,0
2022-08-19,75.99,77.24,71.78,72.01,76.0,7891539,583363653.89,shares,0
2022-08-22,72.67,74.67,72.38,73.5,72.01,5986562,439425086.83,shares,0
2022-08-23,73.66,74.39,72.3,73.5,73.5,4048721,296032758.35,shares,0
2022-08-24,73.3,73.38,69.8,70.0,73.5,7603331,537507751.8,shares,0
2022-08-25,70.7,70.97,66.03,67.47,70.0,6915864,466568161.2,shares,0
2022-08-26,68.35,68.79,66.07,66.34,67.47,5617827,375910995.12,shares,0
2022-08-29,65.53,68.88,65.27,66.01,66.34,5486742,368184846.98,shares,0
2022-08-30,65.88,69.36,65.2,66.5,66.01,8183584,551359213.61,shares,0
2022-08-31,66.55,67.07,62.02,62.49,66.5,7668862,489961790.71,shares,0
2022-09-01,62.74,65.0,60.58,61.15,62.49,5019340,311997510.1,shares,0
2022-09-02,61.16,65.78,60.77,64.57,61.15,6589390,421791188.35,shares,0
2022-09-05,64.65,68.47,62.69,66.2,64.57,7466397,496445888.26,shares,0
2022-09-06,67.34,72.82,67.2,72.82,66.2,10080449,709338329.79,shares,0
2022-09-07,72.82,76.21,72.39,73.86,72.82,11110612,830691458.51,shares,0
2022-09-08,73.96,75.5,72.52,73.2,73.86,5440283,400693469.89,shares,0
2022-09-09,73.23,75.37,71.96,73.49,73.2,5822082,429205226.14,shares,0
2022-09-13,73.48,78.97,73.37,74.92,73.49,7756072,588765518.46,shares,0
2022-09-14,73.5,75.57,72.12,73.99,74.92,6753708,495922200.97,shares,0
2022-09-15,76.0,76.7,67.16,68.94,73.99,11090798,777988239.72,shares,0
2022-09-16,68.94,72.3,68.35,70.49,68.94,8310047,587767889.26,shares,0
2022-09-19,70.54,72.28,66.56,67.03,70.49,6123588,418626385.71,shares,0
2022-09-20,67.5,68.37,64.68,66.99,67.03,4765356,318620684.78,shares,0
2022-09-21,67.01,69.26,65.5,67.32,66.99,5212192,352852524.11,shares,0
2022-09-22,67.4,68.5,66.0,66.86,67.32,3583813,240687727.92,shares,0
2022-09-23,66.87,67.33,64.01,64.37,66.86,5226735,339803356.18,shares,0
2022-09-26,63.9,68.1,62.5,66.47,64.37,5751192,381454377.26,shares,0
2022-09-27,66.57,68.77,65.49,65.96,66.47,5303229,353683172.09,shares,0
2022-09-28,66.01,66.58,62.69,62.7,65.96,4381362,278856834.83,shares,0
2022-09-29,63.41,65.2,62.8,64.52,62.7,4964251,319688549.41,shares,0
2022-09-30,64.83,65.0,61.29,61.49,64.52,4311953,269960467.0,shares,0
2022-10-10,60.52,61.4,55.34,55.34,61.49,7227908,408251250.2,shares,0
2022-10-11,55.01,55.83,49.81,49.82,55.34,20697306,1048817553.5,shares,0
2022-10-12,50.01,52.48,48.01,51.9,49.82,16617939,829047052.18,shares,0
2022-10-13,51.7,53.54,50.5,51.7,51.9,11573447,602364912.85,shares,0
2022-10-14,52.07,53.44,50.21,53.04,51.7,7230430,378802758.46,shares,0
2022-10-17,52.22,54.88,52.09,54.4,53.04,7727130,414975707.3,shares,0
2022-10-18,54.1,55.04,53.35,54.37,54.4,5303611,287444683.01,shares,0
2022-10-19,54.0,56.26,53.78,54.31,54.37,5354240,294953331.77,shares,0
2022-10-20,54.08,58.6,54.0,57.7,54.31,10492339,596587983.14,shares,0
2022-10-21,56.0,56.57,54.0,55.86,57.7,9238071,508954159.56,shares,0
2022-10-24,55.3,58.3,55.12,56.91,55.86,7541881,431665184.06,shares,0
2022-10-25,56.21,57.57,54.7,57.18,56.91,7349535,414699262.95,shares,0
2022-10-26,57.18,59.16,56.02,58.55,57.18,7226562,419918596.58,shares,0
2022-10-27,58.14,59.22,57.6,58.0,58.55,4342521,252973432.57,shares,0
2022-10-28,58.0,60.49,57.75,58.37,58.0,6034813,356966398.06,shares,0
2022-10-31,57.0,59.59,56.85,58.8,58.37,5110496,299856378.96,shares,0
2022-11-01,58.88,59.54,57.49,58.4,58.8,4873976,284379845.54,shares,0
2022-11-02,58.06,59.95,57.78,58.27,58.4,5301167,310867102.51,shares,0
2022-11-03,57.62,62.26,57.62,61.65,58.27,6252461,379107064.51,shares,0
2022-11-04,61.5,62.17,60.08,61.48,61.65,5367606,328611673.36,shares,0
2022-11-07,61.49,63.17,60.06,60.28,61.48,5778746,354561941.77,shares,0
2022-11-08,60.66,61.29,60.01,60.93,60.28,2857884,173216458.63,shares,0
2022-11-09,61.08,61.9,59.8,60.01,60.93,3311700,201120639.5,shares,0
2022-11-10,59.0,60.79,57.7,58.3,60.01,3944499,232309127.37,shares,0
2022-11-11,60.15,60.82,58.21,58.3,58.3,3934433,233230349.34,shares,0
2022-11-14,57.91,60.26,57.25,58.99,58.3,3212496,189812423.59,shares,0
2022-11-15,58.69,61.97,58.37,60.87,58.99,4772869,288914935.77,shares,0
2022-11-16,61.0,61.44,59.21,59.9,60.87,3827197,230770696.61,shares,0
2022-11-17,59.23,60.48,57.74,60.48,59.9,4472490,263977478.2,shares,0
2022-11-18,59.9,62.68,58.5,58.75,60.48,6764204,409388422.48,shares,0
2022-11-21,58.24,60.1,57.97,59.0,58.75,3709820,218609422.7,shares,0
2022-11-22,58.95,59.54,56.08,56.75,59.0,7229433,414891608.6,shares,0
2022-11-23,56.34,57.56,55.34,57.38,56.75,4580667,259502331.27,shares,0
2022-11-24,57.38,57.58,55.8,56.31,57.38,4245709,239876810.78,shares,0
2022-11-25,56.08,57.25,55.05,55.41,56.31,3159527,176261900.23,shares,0
2022-11-28,54.5,55.63,53.79,53.99,55.41,4209569,228554070.17,shares,0
2022-11-29,54.36,54.87,53.21,54.3,53.99,5791067,312334700.28,shares,0
2022-11-30,54.59,54.6,52.83,53.6,54.3,4173676,223255182.39,shares,0
2022-12-01,54.17,55.16,53.4,53.68,53.6,4995677,271185714.12,shares,0
2022-12-02,53.5,54.3,53.3,53.35,53.68,3341698,179355928.93,shares,0
2022-12-05,53.78,54.31,53.1,53.49,53.35,3490671,186930311.07,shares,0
2022-12-06,53.48,54.55,52.5,53.68,53.49,5805075,310694815.49,shares,0
2022-12-07,53.23,54.11,53.18,54.03,53.68,4200506,225848059.26,shares,0
2022-12-08,54.03,54.29,52.85,53.13,54.03,3720565,198222807.87,shares,0
2022-12-09,53.12,54.9,53.12,53.53,53.13,5817968,313817661.51,shares,0
2022-12-12,53.53,54.8,53.18,54.11,53.53,5350336,289695044.72,shares,0
2022-12-13,54.11,54.48,52.34,52.37,54.11,5268506,280401559.76,shares,0
2022-12-14,53.75,54.17,51.72,51.9,52.37,6795201,360022567.59,shares,0
2022-12-15,51.49,53.25,51.01,52.79,51.9,5212803,273877078.3,shares,0
2022-12-16,52.6,52.6,50.5,51.2,52.79,6293778,321924877.21,shares,0
2022-12-19,51.15,51.59,50.07,50.26,51.2,3356907,170020427.82,shares,0
2022-12-20,50.11,50.99,49.96,50.28,50.26,2288433,115383805.39,shares,0
2022-12-21,49.98,50.38,48.95,49.4,50.28,3103812,153730807.22,shares,0
2022-12-22,49.41,49.8,48.3,48.52,49.4,2612713,127911021.3,shares,0
2022-12-23,48.25,49.15,47.9,48.6,48.52,2670500,129342764.92,shares,0
2022-12-26,48.59,50.67,48.13,50.3,48.6,4073802,203521390.22,shares,0
2022-12-27,50.24,50.68,49.84,50.5,50.3,2026079,102011524.37,shares,0
2022-12-28,50.55,51.3,50.03,50.7,50.5,3280565,166099433.64,shares,0
2022-12-29,50.4,51.44,50.13,50.9,50.7,2914901,148594688.14,shares,0
2022-12-30,51.33,52.23,50.11,50.37,50.9,2884995,147095642.13,shares,0
2023-01-03,50.39,51.26,49.73,50.95,50.37,4480028,226197837.39,shares,0
2023-01-04,50.99,51.91,50.2,50.6,50.95,3298412,168015748.62,shares,0
2023-01-05,50.53,51.93,50.27,51.6,50.6,4775563,245609940.73,shares,0
2023-01-06,51.59,52.3,50.9,51.69,51.6,3865172,200213715.12,shares,0
2023-01-09,51.78,52.38,51.3,51.63,51.69,3265373,169013379.82,shares,0
2023-01-10,51.66,52.28,51.29,51.8,51.63,3503845,181400825.06,shares,0
2023-01-11,51.61,52.79,51.18,51.51,51.8,4108846,212969144.16,shares,0
2023-01-12,51.41,51.72,50.82,51.1,51.51,2228200,114137280.38,shares,0
2023-01-13,51.4,51.44,49.8,50.67,51.1,3665393,185355633.19,shares,0
2023-01-16,50.67,53.3,50.31,52.67,50.67,6511315,339858703.58,shares,0
2023-01-17,52.64,53.6,52.39,53.3,52.67,4121170,219125257.0,shares,0
2023-01-18,53.55,53.59,52.4,52.71,53.3,2530482,133608965.76,shares,0
2023-01-19,52.57,53.21,52.51,53.2,52.71,2363354,125275350.46,shares,0
2023-01-20,53.32,53.47,52.3,52.5,53.2,5102745,268514666.6,shares,0
2023-01-30,53.13,53.14,52.26,52.54,52.5,5551858,292946937.04,shares,0
2023-01-31,52.5,52.91,51.85,52.18,52.54,3541063,184754444.71,shares,0
2023-02-01,52.41,53.34,52.1,52.94,52.18,4209559,221915699.23,shares,0
2023-02-02,53.29,54.17,52.8,53.69,52.94,7914901,423658837.56,shares,0
2023-02-03,53.42,54.68,52.3,53.98,53.69,7919505,422109166.1,shares,0
2023-02-06,53.98,54.38,52.1,52.48,53.98,7154678,378364427.33,shares,0
2023-02-07,52.46,52.9,51.87,52.6,52.48,4327967,226591491.38,shares,0
2023-02-08,52.45,53.73,51.41,51.46,52.6,6252474,327270066.39,shares,0
2023-02-09,51.35,54.03,50.62,54.0,51.46,11147062,589785708.5,shares,0
2023-02-10,54.01,54.65,52.56,53.74,54.0,7199365,384724060.89,shares,0
2023-02-13,53.49,53.98,52.82,53.68,53.74,6118379,326481275.34,shares,0
2023-02-14,53.7,54.21,52.57,53.03,53.68,7251630,385713954.94,shares,0
2023-02-15,53.1,53.26,52.5,53.22,53.03,4461629,236045312.37,shares,0
2023-02-16,52.95,53.17,51.3,51.76,53.22,8777535,459783564.48,shares,0
2023-02-17,51.53,51.8,50.29,50.4,51.76,5892974,299579454.34,shares,0
2023-02-20,50.25,50.77,49.53,50.52,50.4,4570424,229067370.68,shares,0
2023-02-21,50.34,50.92,49.89,50.31,50.52,2908998,146591464.69,shares,0
2023-02-22,50.03,50.84,49.96,50.14,50.31,2726660,137278103.51,shares,0
2023-02-23,50.05,50.52,50.02,50.23,50.14,2156842,108317558.71,shares,0
2023-02-24,50.76,50.86,49.8,49.9,50.23,2609614,130803305.97,shares,0
2023-02-27,49.79,49.95,49.01,49.16,49.9,2708112,133774765.77,shares,0
2023-02-28,49.5,49.8,49.1,49.52,49.16,2635988,130366944.86,shares,0
2023-03-01,49.54,49.93,49.44,49.83,49.52,3041289,151127596.18,shares,0
2023-03-02,49.96,50.49,49.18,49.24,49.83,2981814,147946227.69,shares,0
2023-03-03,49.6,51.08,49.6,50.83,49.24,6571837,331638160.05,shares,0
2023-03-06,50.83,53.65,50.16,53.45,50.83,12376760,650939503.54,shares,0
2023-03-07,53.41,54.3,52.63,52.68,53.45,8727503,467286404.66,shares,0
2023-03-08,52.5,54.18,52.25,53.68,52.68,8708347,464337585.14,shares,0
2023-03-09,53.53,56.39,53.52,55.36,53.68,14901165,825088808.44,shares,0
2023-03-10,55.02,56.0,53.69,54.33,55.36,10447961,570619151.58,shares,0
2023-03-13,53.8,54.59,52.95,53.33,54.33,7471684,399381156.04,shares,0
2023-03-14,53.17,54.65,52.6,54.65,53.33,10920148,587670132.09,shares,0
2023-03-15,54.4,56.48,54.11,54.6,54.65,15307068,846119586.41,shares,0
2023-03-16,53.69,55.08,53.35,53.68,54.6,8772732,474571909.79,shares,0
2023-03-17,54.12,56.88,53.3,55.91,53.68,13706240,758412389.0,shares,0
2023-03-20,55.96,56.65,55.31,56.12,55.91,10558305,591685897.07,shares,0
2023-03-21,55.97,56.66,55.38,56.3,56.12,6473004,362802775.46,shares,0
2023-03-22,56.2,56.3,55.08,55.38,56.3,6512530,361308927.98,shares,0
2023-03-23,55.19,55.6,53.8,55.2,55.38,11660755,636036615.68,shares,0
2023-03-24,55.37,55.49,53.53,53.64,55.2,9031878,488362017.1,shares,0
2023-03-27,53.8,55.7,53.8,54.62,53.64,10415521,570217274.92,shares,0
2023-03-28,53.0,53.13,50.5,50.5,54.62,14794805,764560095.57,shares,0
2023-03-29,50.45,52.92,50.45,52.39,50.5,10398721,541154415.21,shares,0
2023-03-30,52.54,53.31,51.23,51.67,52.39,7347500,382562730.93,shares,0
2023-03-31,51.61,52.8,51.41,52.1,51.67,5841627,304338538.03,shares,0
2023-04-03,52.8,57.31,52.78,57.31,52.1,13148432,740505966.76,shares,0
2023-04-04,57.94,62.86,57.52,61.45,57.31,34773461,2109388070.63,shares,0
2023-04-06,63.0,67.6,62.86,67.6,61.45,24176243,1593473068.11,shares,0
2023-04-07,68.0,68.57,64.7,66.5,67.6,23979911,1590156231.69,shares,0
2023-04-10,66.8,68.28,62.18,64.3,66.5,27328662,1786603261.41,shares,0
2023-04-11,63.79,67.4,63.07,65.4,64.3,19000267,1243615787.61,shares,0
2023-04-12,64.91,65.07,63.18,64.51,65.4,12496475,802811337.43,shares,0
2023-04-13,65.0,65.05,61.51,61.94,64.51,13045765,817226392.58,shares,0
2023-04-14,62.3,66.53,60.8,65.96,61.94,19899613,1274732066.32,shares,0
2023-04-17,66.71,68.48,65.15,66.24,65.96,21261713,1421208706.16,shares,0
2023-04-18,65.6,66.99,64.0,65.53,66.24,9085263,593837677.5,shares,0
2023-04-19,65.54,71.9,65.26,68.91,65.53,18199359,1245871140.97,shares,0
2023-04-20,67.61,71.29,67.6,69.73,68.91,18489837,1284956160.98,shares,0
2023-04-21,71.0,75.18,67.0,72.0,69.73,28181649,2019320868.91,shares,0
2023-04-24,70.59,71.61,66.8,68.27,72.0,18565897,1272874381.58,shares,0
2023-04-25,68.23,69.03,64.4,65.03,68.27,15483333,1021467195.43,shares,0
2023-04-26,64.0,65.09,61.61,62.18,65.03,12566054,791943896.31,shares,0
2023-04-27,61.32,65.53,61.18,62.62,62.18,13218001,840244701.16,shares,0
2023-04-28,65.87,68.88,64.72,67.66,62.62,20623064,1396397835.49,shares,0
2023-05-04,65.87,66.1,62.68,63.96,67.66,16157085,1037494473.35,shares,0
2023-05-05,63.35,70.36,63.21,67.99,63.96,20169755,1367189744.37,shares,0
2023-05-08,67.0,70.07,65.52,68.6,67.99,15893056,1086001959.63,shares,0
2023-05-09,68.24,71.7,67.41,68.99,68.6,15389073,1068978973.77,shares,0
2023-05-10,67.9,69.18,65.33,66.13,68.99,11078147,740507742.92,shares,0
2023-05-11,68.8,69.11,66.6,67.71,66.13,9563217,649468932.58,shares,0
2023-05-12,67.9,70.79,64.67,64.85,67.71,11515154,774774857.75,shares,0
2023-05-15,63.7,65.37,62.33,64.15,64.85,10544782,672960941.6,shares,0
2023-05-16,63.56,66.0,63.28,65.0,64.15,9799432,635191635.64,shares,0
2023-05-17,64.0,66.88,63.9,65.08,65.0,7630848,499923075.52,shares,0
2023-05-18,65.5,66.88,64.03,64.66,65.08,6879928,449351048.93,shares,0
2023-05-19,64.3,71.13,64.3,70.15,64.66,20081173,1378786628.53,shares,0
2023-05-22,70.1,70.56,68.69,69.77,70.15,12751594,886978220.49,shares,0
2023-05-23,69.37,71.5,67.55,70.35,69.77,10448307,730097686.85,shares,0
2023-05-24,69.88,74.81,68.5,72.3,70.35,14730641,1061042864.45,shares,0
2023-05-25,72.11,73.5,70.11,71.86,72.3,9675348,695246187.93,shares,0
2023-05-26,71.99,74.52,71.28,72.85,71.86,10024310,728535643.4,shares,0
2023-05-29,72.95,76.77,70.0,73.38,72.85,12761641,940006066.88,shares,0
2023-05-30,72.65,74.56,71.28,74.1,73.38,9543492,694377794.83,shares,0
2023-05-31,74.1,76.18,72.18,73.23,73.78,10708206,791584754.51,shares,0
2023-06-01,73.45,73.92,70.0,70.6,73.23,12421864,890462999.91,shares,0
2023-06-02,70.59,71.23,69.41,70.15,70.6,7023517,494110554.36,shares,0
2023-06-05,70.0,72.46,69.55,69.9,70.15,8590527,606161228.88,shares,0
2023-06-06,69.55,69.9,67.09,67.43,69.9,11209853,763742085.85,shares,0
2023-06-07,67.81,67.9,66.0,66.66,67.43,7987672,534783927.49,shares,0
2023-06-08,66.6,66.65,65.05,65.6,66.66,6319615,414296786.41,shares,0
2023-06-09,66.08,68.88,65.22,68.88,65.6,12281746,825542014.08,shares,0
2023-06-12,69.3,72.5,68.45,69.15,68.88,15608892,1101144680.25,shares,0
2023-06-13,69.14,72.2,68.95,71.64,69.15,11418449,807841117.8,shares,0
2023-06-14,72.0,72.88,71.0,71.51,71.64,8705710,626074336.52,shares,0
2023-06-15,71.7,71.9,69.0,70.2,71.51,9228970,645260050.82,shares,0
2023-06-16,69.8,70.99,69.0,70.5,70.2,6863102,480217040.56,shares,0
2023-06-19,71.49,72.5,69.24,72.38,70.5,11004344,787142112.39,shares,0
2023-06-20,71.3,74.73,71.2,72.58,72.38,11105679,812148248.45,shares,0
2023-06-21,72.72,73.2,68.57,68.6,72.58,7728019,542667794.24,shares,0
2023-06-26,68.0,69.9,67.59,69.11,68.6,7185622,493290403.16,shares,0
2023-06-27,69.07,70.0,67.0,67.57,69.11,5529524,375833897.98,shares,0
2023-06-28,67.89,71.0,66.5,69.91,67.57,9345889,644205155.04,shares,0
2023-06-29,69.62,71.77,68.5,68.74,69.91,6472321,452787724.07,shares,0
2023-06-30,68.0,73.66,67.5,72.88,68.74,11479635,825439165.59,shares,0
2023-07-03,73.11,73.4,70.53,70.93,72.88,9405650,674338056.1,shares,0
2023-07-04,71.04,71.2,67.7,70.71,70.93,9274797,644235294.87,shares,0
2023-07-05,70.74,72.17,69.32,69.66,70.71,6214378,439438210.28,shares,0
2023-07-06,68.9,75.3,68.9,74.26,69.66,15740568,1154247992.82,shares,0
2023-07-07,74.3,74.91,71.56,73.3,74.26,8911057,652698671.15,shares,0
2023-07-10,73.87,75.88,71.19,72.0,73.3,8548535,624997739.63,shares,0
2023-07-11,73.05,78.0,71.5,76.86,72.0,17542427,1320092617.71,shares,0
2023-07-12,75.94,78.58,75.14,75.55,76.86,12492688,958580427.01,shares,0
2023-07-13,76.04,83.11,75.4,83.11,75.55,21113192,1702206682.81,shares,0
2023-07-14,86.5,87.12,81.01,84.38,83.11,28906766,2436289705.54,shares,0
2023-07-17,83.68,85.53,81.02,82.99,84.38,16429582,1361588392.33,shares,0
2023-07-18,82.43,84.08,78.28,78.55,82.99,21351067,1727936733.98,shares,0
2023-07-19,77.3,79.09,75.68,76.19,78.55,14809795,1140886879.28,shares,0
2023-07-20,76.2,76.65,74.23,74.48,76.19,10253656,770703431.01,shares,0
2023-07-21,74.54,74.89,72.85,73.23,74.48,9047655,666568215.17,shares,0
2023-07-24,72.72,74.3,72.23,72.96,73.23,8551703,627554610.15,shares,0
2023-07-25,73.52,74.22,71.18,71.99,72.96,11291281,814386407.22,shares,0
2023-07-26,71.78,72.8,70.93,71.44,71.99,7480386,538134410.42,shares,0
2023-07-27,70.82,71.4,67.5,68.11,71.44,16905445,1162760122.2,shares,0
2023-07-28,68.79,69.66,67.13,67.45,68.11,9058461,617807902.12,shares,0
2023-07-31,66.84,68.24,65.82,68.04,67.45,9702871,653029559.27,shares,0
2023-08-01,67.6,70.95,67.51,70.61,68.04,12074170,842236516.37,shares,0
2023-08-02,69.97,71.25,69.36,70.2,70.61,6263785,440910209.12,shares,0
2023-08-03,69.52,72.6,69.4,70.88,70.2,7270550,519312765.94,shares,0
2023-08-04,70.26,72.5,70.22,70.67,70.88,5719978,406618649.61,shares,0
2023-08-07,70.5,72.49,70.22,71.75,70.67,5349039,382868757.12,shares,0
2023-08-08,71.6,72.01,70.18,70.43,71.75,4686503,332322611.7,shares,0
2023-08-09,70.2,71.34,68.7,69.0,70.43,5975568,415421685.17,shares,0
2023-08-10,68.3,69.95,68.3,69.01,69.0,2884690,199436296.69,shares,0
2023-08-11,69.2,69.47,67.26,67.34,69.01,3788770,258077203.55,shares,0
2023-08-14,66.72,67.8,66.1,67.0,67.34,4324844,289399024.83,shares,0
2023-08-15,67.67,68.49,65.0,65.4,67.0,6432440,424963412.87,shares,0
2023-08-16,64.94,65.36,63.0,63.2,65.4,8992116,573226891.86,shares,0
2023-08-17,62.53,63.72,62.1,63.17,63.2,7896451,496101150.33,shares,0
2023-08-18,63.63,63.74,61.86,62.04,63.17,5882057,369568649.32,shares,0
2023-08-21,61.77,63.32,61.58,61.96,62.04,4487861,279117965.24,shares,0
2023-08-22,62.33,62.9,60.5,62.56,61.96,6329722,391309341.41,shares,0
2023-08-23,62.35,62.36,60.23,60.32,62.56,4402708,268668064.78,shares,0
2023-08-24,60.4,63.54,60.38,61.96,60.32,6798766,421254548.0,shares,0
2023-08-25,61.42,61.8,60.07,60.6,61.96,4073501,247623145.89,shares,0
2023-08-28,63.7,64.69,59.67,59.88,60.6,9089603,560269392.23,shares,0
2023-08-29,59.3,63.63,58.97,63.31,59.88,8762678,543822008.47,shares,0
2023-08-30,63.8,66.15,63.3,65.52,63.31,12022116,784419959.68,shares,0
2023-08-31,65.4,69.73,64.66,67.93,65.52,13655654,923153121.38,shares,0
2023-09-01,67.3,68.52,66.76,67.91,67.93,6470884,437401798.01,shares,0
2023-09-04,68.02,68.28,66.73,68.22,67.91,4961205,335140726.62,shares,0
2023-09-05,68.0,69.72,68.0,68.23,68.22,7996972,550967262.73,shares,0
2023-09-06,67.65,71.64,67.36,71.17,68.23,12017956,843442290.01,shares,0
2023-09-07,70.0,70.1,67.6,67.6,71.17,9322334,639594545.3,shares,0
2023-09-08,67.76,69.5,67.5,67.84,67.6,8040317,550902912.51,shares,0
2023-09-11,66.99,69.2,66.6,68.37,67.84,6741090,458466302.22,shares,0
2023-09-12,67.8,68.2,67.0,67.41,68.37,5562418,375753128.34,shares,0
2023-09-13,67.01,68.86,66.43,67.18,67.41,7410304,499631259.69,shares,0
2023-09-14,66.67,67.45,65.61,66.31,67.18,5191749,343630407.25,shares,0
2023-09-15,66.5,67.88,66.0,66.66,66.31,5399497,360743877.94,shares,0
2023-09-18,66.0,66.15,64.35,64.47,66.66,5810283,378739520.7,shares,0
2023-09-19,64.61,64.73,63.03,63.36,64.47,4526728,288000853.73,shares,0
2023-09-20,63.22,63.93,62.64,62.85,63.36,3178900,201124981.01,shares,0
2023-09-21,62.36,63.0,61.83,62.37,62.85,3815479,237761504.68,shares,0
2023-09-22,62.2,63.6,61.44,63.38,62.37,5360379,336738044.65,shares,0
2023-09-25,63.4,65.48,63.35,64.11,63.38,6995102,450244624.85,shares,0
2023-09-26,63.98,64.8,63.46,64.33,64.11,3372570,216624522.27,shares,0
2023-09-27,64.22,65.63,64.15,64.54,64.33,3462833,224032706.35,shares,0
2023-09-28,64.6,65.95,63.15,64.6,64.54,6865610,442303256.09,shares,0
2023-10-09,64.01,67.0,64.01,65.39,64.6,4897655,322153280.32,shares,0
2023-10-10,66.85,67.47,65.56,65.66,65.39,6943457,462622969.11,shares,0
2023-10-11,65.73,66.45,64.69,65.2,65.66,5017422,328395048.29,shares,0
2023-10-12,65.21,65.96,64.36,65.37,65.2,5145954,335125453.56,shares,0
2023-10-13,65.0,65.98,64.2,65.4,65.37,4946330,323300763.68,shares,0
2023-10-16,65.0,65.63,58.86,58.86,65.4,12132063,745376496.69,shares,0
2023-10-17,57.56,58.44,54.7,58.2,58.86,14228315,809008015.95,shares,0
2023-10-18,57.5,58.65,56.11,56.28,58.2,7357453,419964654.51,shares,0
2023-10-19,56.28,57.75,55.88,57.11,56.28,6766228,385394905.18,shares,0
2023-10-20,56.87,57.17,55.2,55.44,57.11,4898107,273843764.01,shares,0
2023-10-23,55.2,55.42,53.47,53.78,55.44,4861610,262955611.1,shares,0
2023-10-24,54.06,55.84,53.45,55.14,53.78,6362115,348618249.59,shares,0
2023-10-25,55.34,55.69,53.0,53.5,55.14,7183752,387520013.68,shares,0
2023-10-26,52.97,53.7,52.8,53.46,53.5,4198305,223679095.41,shares,0
2023-10-27,53.1,55.76,53.07,55.31,53.46,7046480,383854268.59,shares,0
2023-10-30,55.58,55.88,54.5,55.7,55.31,9059740,502175432.72,shares,0
2023-10-31,57.01,60.38,57.01,57.61,55.7,15921247,924871636.9,shares,0
2023-11-01,57.77,57.8,55.78,55.8,57.61,9386289,529532702.29,shares,0
2023-11-02,56.28,56.56,54.2,54.35,55.8,8143683,447851302.08,shares,0
2023-11-03,54.37,56.9,54.11,56.42,54.35,8132010,453372516.1,shares,0
2023-11-06,58.0,58.0,56.31,57.62,56.42,10691071,611178356.34,shares,0
2023-11-07,57.25,61.17,56.5,60.29,57.62,13278951,784730982.32,shares,0
2023-11-08,60.07,61.91,58.84,61.0,60.29,10626902,640735233.46,shares,0
2023-11-09,60.7,61.34,59.51,59.97,61.0,6306285,380387419.43,shares,0
2023-11-10,59.96,60.91,58.8,59.1,59.97,6003673,358278702.66,shares,0
2023-11-13,60.0,60.07,58.91,59.21,59.1,5703038,338992690.64,shares,0
2023-11-14,60.3,61.79,59.6,60.85,59.21,9696152,588860425.23,shares,0
2023-11-15,61.62,63.3,60.9,62.35,60.85,11924557,744581648.78,shares,0
2023-11-16,61.59,63.93,61.59,62.0,62.35,8818441,553554190.68,shares,0
2023-11-17,61.83,66.66,61.79,65.53,62.0,16145802,1046281144.78,shares,0
2023-11-20,69.7,70.11,65.81,66.05,65.53,23595414,1584456544.57,shares,0
2023-11-21,65.46,65.76,63.03,63.09,66.05,16284065,1040204598.27,shares,0
2023-11-22,62.5,65.18,62.41,63.21,63.09,12513097,797093930.53,shares,0
2023-11-23,62.8,62.82,60.86,62.22,63.21,8134061,501875026.99,shares,0
2023-11-24,61.88,61.88,60.13,60.26,62.22,8477981,515153886.58,shares,0
2023-11-27,59.5,62.8,59.45,62.78,60.26,9549004,587433872.93,shares,0
2023-11-28,62.1,63.0,61.24,62.05,62.78,6038539,375116395.94,shares,0
2023-11-29,62.9,63.48,61.4,61.65,62.05,6543140,408328360.15,shares,0
2023-11-30,61.46,61.57,59.8,61.57,61.65,6326235,381734022.51,shares,0
2023-12-01,60.72,60.9,60.06,60.83,61.57,5821961,352498562.79,shares,0
2023-12-04,60.75,61.39,59.92,59.92,60.83,6024709,364614328.24,shares,0
2023-12-05,59.4,59.57,57.25,57.26,59.92,8209907,478199645.77,shares,0
2023-12-06,57.11,58.14,57.11,57.62,57.26,4253084,245256564.7,shares,0
2023-12-07,57.48,57.8,56.32,57.01,57.62,5129796,292165739.99,shares,0
2023-12-08,56.49,59.45,56.49,58.39,57.01,7523844,437783186.33,shares,0
2023-12-11,57.94,59.33,57.48,59.01,58.39,5015265,292829401.85,shares,0
2023-12-12,59.62,59.8,58.39,58.83,59.01,5287726,311552520.43,shares,0
2023-12-13,58.5,58.79,57.89,57.89,58.83,2648382,154470757.29,shares,0
2023-12-14,58.23,58.49,57.02,57.26,57.89,3528758,202998331.88,shares,0
2023-12-15,57.11,57.5,56.11,56.45,57.26,3635702,206138133.45,shares,0
2023-12-18,56.21,56.41,55.0,55.09,56.45,4231850,234574805.4,shares,0
2023-12-19,55.33,56.2,55.13,55.73,55.09,3682248,205001781.11,shares,0
2023-12-20,55.64,55.87,54.92,55.1,55.73,2866892,158282704.34,shares,0
2023-12-21,54.75,55.98,54.11,55.68,55.1,4032921,221799106.52,shares,0
2023-12-22,56.1,57.3,54.29,54.84,55.68,5188513,288080769.44,shares,0
2023-12-25,54.58,55.9,54.11,54.58,54.84,3803673,208649019.22,shares,0
2023-12-26,54.26,54.7,52.91,53.47,54.58,4338460,231638091.16,shares,0
2023-12-27,53.47,54.85,53.19,54.15,53.47,4754349,257592532.38,shares,0
2023-12-28,54.31,55.45,53.85,54.89,54.15,6704034,367554657.62,shares,0
2023-12-29,54.8,56.35,54.66,55.73,54.89,7503207,417257708.64,shares,0
2024-01-02,55.73,55.74,53.86,53.86,55.73,6152933,333971930.7,shares,0
2024-01-03,53.51,53.8,51.4,51.88,53.86,8828587,461516252.62,shares,0
2024-01-04,52.0,52.0,49.95,50.25,51.88,9049245,457842558.94,shares,0
2024-01-05,50.29,50.56,48.67,49.01,50.25,6607853,327072114.99,shares,0
2024-01-08,49.53,49.53,47.57,47.86,49.01,8000228,385157923.02,shares,0
2024-01-09,48.26,48.88,47.4,47.9,47.86,6724249,321976509.09,shares,0
2024-01-10,47.59,48.06,46.71,47.05,47.9,5901837,279000501.66,shares,0
2024-01-11,46.91,48.02,46.8,47.77,47.05,5987332,284009039.74,shares,0
2024-01-12,47.57,47.57,46.74,46.9,47.77,4504103,212365899.2,shares,0
2024-01-15,46.68,47.48,46.5,46.69,46.9,4671954,219410223.11,shares,0
2024-01-16,46.38,46.62,45.23,46.0,46.69,6731109,308505525.7,shares,0
2024-01-17,45.9,45.9,44.31,44.36,46.0,5680491,255811259.9,shares,0
2024-01-18,44.0,44.95,43.0,44.65,44.36,8462863,370783673.11,shares,0
2024-01-19,44.78,45.31,44.32,44.36,44.65,5221457,233599820.55,shares,0
2024-01-22,44.14,44.45,41.43,41.95,44.36,9338298,398385110.14,shares,0
2024-01-23,41.89,43.65,41.53,43.3,41.95,8240128,350786059.12,shares,0
2024-01-24,43.52,43.8,41.31,43.3,43.3,8438417,358952864.94,shares,0
2024-01-25,43.34,45.48,42.38,45.2,43.3,10444580,462742353.4,shares,0
2024-01-26,44.78,44.96,43.35,43.45,45.2,8245843,362562961.62,shares,0
2024-01-29,43.44,44.35,41.65,41.8,43.45,7892673,335801517.41,shares,0
2024-01-30,41.6,42.14,40.08,40.18,41.8,5947864,244250126.36,shares,0
2024-01-31,40.07,40.67,38.72,38.85,40.18,7006486,278020363.42,shares,0
2024-02-01,39.01,40.37,38.15,39.11,38.85,6776416,266484376.26,shares,0
2024-02-02,39.3,39.64,35.43,36.93,39.11,8812972,329832750.0,shares,0
2024-02-05,36.57,36.7,33.24,34.32,36.93,12124754,418691914.38,shares,0
2024-02-06,33.69,37.75,33.69,37.75,34.32,12476045,452498051.07,shares,0
2024-02-07,38.13,41.5,37.9,40.99,37.75,20480900,832086492.89,shares,0
2024-02-08,41.5,44.31,41.09,43.45,40.99,14410019,625727982.78,shares,0
2024-02-19,45.2,45.49,43.25,45.05,43.45,14386351,638315872.78,shares,0
2024-02-20,44.34,45.17,43.78,44.81,45.05,8014368,355468243.49,shares,0
2024-02-21,44.48,46.91,44.23,45.06,44.81,9786891,446712873.09,shares,0
2024-02-22,45.44,47.43,45.43,46.93,45.06,10912818,508891517.69,shares,0
2024-02-23,47.7,47.7,46.0,46.56,46.93,8526926,396710080.6,shares,0
2024-02-26,46.64,47.6,46.32,46.88,46.56,7514993,352679695.84,shares,0
2024-02-27,46.49,48.3,46.16,48.3,46.88,9046404,429067300.17,shares,0
2024-02-28,48.0,49.51,45.6,45.86,48.3,11368756,544811144.15,shares,0
2024-02-29,45.34,50.45,45.28,50.45,45.86,16853564,824344732.19,shares,0
2024-03-01,51.2,51.4,49.91,50.27,50.45,12702167,641071906.7,shares,0
2024-03-04,50.7,54.28,50.38,53.43,50.27,18989211,994682961.55,shares,0
2024-03-05,52.71,55.12,52.29,53.18,53.43,15579112,835511326.15,shares,0
2024-03-06,52.8,53.47,51.11,52.45,53.18,9307264,485665197.02,shares,0
2024-03-07,52.89,54.88,52.18,52.4,52.45,12860447,686399234.65,shares,0
2024-03-08,52.6,56.47,52.56,56.06,52.4,15970380,874269197.14,shares,0
2024-03-11,55.13,55.81,54.18,55.75,56.06,11687241,642755876.68,shares,0
2024-03-12,55.51,57.64,54.6,54.94,55.75,11680524,653089459.83,shares,0
2024-03-13,55.7,56.1,54.11,54.23,54.94,10007583,549004983.03,shares,0
2024-03-14,53.5,55.07,53.29,54.23,54.23,9355192,506060664.06,shares,0
2024-03-15,54.0,54.45,52.99,54.45,54.23,6801820,365238186.11,shares,0
2024-03-18,54.48,56.35,54.27,56.32,54.45,9287052,514442666.95,shares,0
2024-03-19,55.97,55.97,54.72,54.88,56.32,8350059,461560863.84,shares,0
2024-03-20,54.98,56.28,54.26,55.48,54.88,8312201,459352606.62,shares,0
2024-03-21,57.0,59.35,56.38,57.41,55.48,19505732,1129432704.15,shares,0
2024-03-22,58.48,59.34,57.8,58.7,57.41,16757156,983775059.72,shares,0
2024-03-25,58.0,58.0,55.26,55.26,58.7,14732954,829762264.71,shares,0
2024-03-26,55.86,56.88,54.4,54.5,55.26,10249557,568745011.58,shares,0
2024-03-27,54.5,55.49,52.25,52.3,54.5,8789511,468561348.18,shares,0
2024-03-28,52.31,54.59,52.15,53.39,52.3,7474601,400551821.45,shares,0
2024-03-29,53.07,56.47,52.52,55.82,53.39,8420945,458459321.98,shares,0
2024-04-01,55.48,56.45,55.3,56.05,55.82,5900784,329624855.65,shares,0
2024-04-02,56.58,57.13,55.2,56.13,56.05,7590618,426143761.64,shares,0
2024-04-03,55.62,56.45,53.8,54.96,56.13,6959154,383646043.93,shares,0
2024-04-08,54.45,55.38,53.68,53.68,54.96,4572043,248051786.84,shares,0
2024-04-09,53.53,54.73,53.28,54.7,53.68,4643237,251530627.64,shares,0
2024-04-10,55.02,55.3,52.32,52.7,54.7,6487689,345341604.72,shares,0
2024-04-11,52.33,53.93,52.32,52.8,52.7,4364815,232579939.47,shares,0
2024-04-12,53.23,55.48,53.23,53.7,52.8,6226317,337427316.62,shares,0
2024-04-15,53.7,54.64,52.93,54.05,53.7,5057235,272099688.27,shares,0
2024-04-16,53.4,53.96,50.68,50.82,54.05,6260621,325673439.65,shares,0
2024-04-17,51.8,55.9,51.8,55.9,50.82,8358190,459804836.37,shares,0
2024-04-18,55.87,58.99,55.05,57.56,55.9,14016702,810207989.25,shares,0
2024-04-19,56.69,58.63,56.69,57.67,57.56,8614655,496871924.14,shares,0
2024-04-22,55.38,57.98,55.25,57.43,57.67,6168668,350626913.49,shares,0
2024-04-23,57.38,58.72,56.04,58.4,57.43,8412605,484002054.5,shares,0
2024-04-24,58.41,60.0,58.33,59.63,58.4,9078415,538363291.14,shares,0
2024-04-25,59.99,61.78,59.25,60.7,59.63,10807489,657250500.18,shares,0
2024-04-26,61.0,61.49,59.0,60.13,60.7,13769020,834106808.98,shares,0
2024-04-29,60.59,64.5,59.92,64.25,60.13,14159558,884450245.52,shares,0
2024-04-30,63.4,65.5,63.3,64.19,64.25,9683435,623592108.84,shares,0
2024-05-06,65.6,65.62,62.67,62.93,64.19,10450967,666412121.04,shares,0
2024-05-07,63.02,63.25,60.85,61.32,62.93,12464393,769270941.57,shares,0
2024-05-08,61.24,61.33,60.01,60.61,61.32,7036191,427434633.73,shares,0
2024-05-09,60.51,61.17,59.68,60.52,60.61,8131507,491834636.48,shares,0
2024-05-10,60.37,60.5,58.26,59.33,60.52,9385318,553204816.2,shares,0
2024-05-13,58.46,61.11,58.26,59.48,59.33,8994222,539487591.04,shares,0
2024-05-14,59.74,60.24,58.51,58.56,59.48,5682372,335964480.32,shares,0
2024-05-15,58.56,60.11,57.6,58.83,58.56,6500982,384110891.7,shares,0
2024-05-16,59.64,60.23,58.19,58.88,58.83,6154800,363598543.36,shares,0
2024-05-17,58.4,59.49,57.92,59.46,58.88,4553654,268173137.51,shares,0
2024-05-20,59.94,62.0,59.33,61.75,59.46,8935633,541339929.86,shares,0
2024-05-21,61.76,62.26,60.5,61.0,61.75,6541506,400058106.8,shares,0
2024-05-22,61.0,61.05,58.3,59.11,61.0,6725477,399110373.34,shares,0
2024-05-23,58.81,59.9,57.66,57.7,59.11,6837784,398386457.13,shares,0
2024-05-24,57.6,58.1,56.42,56.49,57.7,5075356,289960355.76,shares,0
2024-05-27,56.99,62.14,55.96,61.35,56.49,17183230,1032262203.88,shares,0
2024-05-28,60.55,63.11,59.98,60.68,61.35,18443279,1131920434.58,shares,0
2024-05-29,60.05,61.38,59.32,59.83,60.68,8090948,487444305.44,shares,0
2024-05-30,58.82,60.89,58.68,59.81,59.83,9234020,554268069.95,shares,0
2024-05-31,59.55,60.68,58.9,59.15,59.45,6982903,415980511.4,shares,0
2024-06-03,59.62,61.58,59.2,60.83,59.15,10295939,624297026.7,shares,0
2024-06-04,60.43,61.89,60.03,61.79,60.83,9764317,597329063.5,shares,0
2024-06-05,61.4,62.24,60.84,61.19,61.79,7527802,463447889.4,shares,0
2024-06-06,62.0,62.46,60.04,60.88,61.19,10008500,615047243.9,shares,0
2024-06-07,60.82,62.1,59.4,59.57,60.88,8738476,529392270.63,shares,0
2024-06-11,59.01,61.5,58.41,61.1,59.57,12474574,752581372.0,shares,0
2024-06-12,60.49,62.45,60.21,61.9,61.1,11888177,732290433.58,shares,0
2024-06-13,61.85,65.33,61.82,63.4,61.9,17534029,1116988016.2,shares,0
2024-06-14,63.06,65.09,62.58,64.01,63.4,12405360,792035431.92,shares,0
2024-06-17,63.81,65.5,63.6,65.08,64.01,9778638,632978299.32,shares,0
2024-06-18,64.8,65.23,63.75,64.6,65.08,9618549,619035400.9,shares,0
2024-06-19,64.6,64.79,62.28,63.54,64.6,12431258,787247002.29,shares,0
2024-06-20,63.2,66.21,62.86,63.84,63.54,13841784,894609229.0,shares,0
2024-06-21,62.22,65.31,61.9,65.19,63.84,10634407,680090846.14,shares,0
2024-06-24,64.66,66.2,64.05,64.09,65.19,10464761,681490353.62,shares,0
2024-06-25,64.09,64.49,60.8,61.6,64.09,12822580,795335063.57,shares,0
2024-06-26,61.96,62.65,60.6,62.44,61.6,7764700,478276981.17,shares,0
2024-06-27,61.8,63.83,61.6,62.47,62.44,8102604,510074959.62,shares,0
2024-06-28,62.09,63.68,62.01,62.91,62.47,7196540,453424579.0,shares,0
2024-07-01,62.79,66.76,62.55,65.51,62.91,11186687,730535864.95,shares,0
2024-07-02,65.51,65.78,63.68,64.08,65.51,7671200,494151255.79,shares,0
2024-07-03,64.02,66.75,62.9,66.19,64.08,11590248,757835393.58,shares,0
2024-07-04,66.0,66.6,65.3,65.32,66.19,6933700,457119483.0,shares,0
2024-07-05,65.2,65.48,62.6,64.71,65.32,6817989,437363131.41,shares,0
2024-07-08,65.17,66.65,64.01,64.6,64.71,8769154,574339312.14,shares,0
2024-07-09,64.59,67.52,63.63,67.48,64.6,13831134,908974417.4,shares,0
2024-07-10,67.41,67.41,66.09,66.6,67.48,10258038,685297170.05,shares,0
2024-07-11,67.4,68.7,65.43,67.97,66.6,13030858,880853127.0,shares,0
2024-07-12,66.73,69.88,66.4,69.22,67.97,12107711,832690853.05,shares,0
2024-07-15,69.49,70.69,68.08,68.44,69.22,9376174,649375784.46,shares,0
2024-07-16,68.4,70.07,67.41,69.81,68.44,9639672,663630943.53,shares,0
2024-07-17,69.35,69.99,65.51,65.9,69.81,13716091,932113395.08,shares,0
2024-07-18,64.5,66.95,63.5,66.2,65.9,12800678,835638770.48,shares,0
2024-07-19,65.9,67.77,65.5,65.72,66.2,9731962,647330265.75,shares,0
2024-07-22,65.6,66.72,65.5,65.66,65.72,7479793,493758874.19,shares,0
2024-07-23,65.6,65.66,61.8,61.85,65.66,11585404,733624566.9,shares,0
2024-07-24,61.85,62.39,58.96,59.23,61.85,11981735,726006145.05,shares,0
2024-07-25,59.0,59.42,57.14,57.5,59.23,10427210,604486350.78,shares,0
2024-07-26,57.84,58.8,57.31,58.44,57.5,7817182,455128838.5,shares,0
2024-07-29,58.37,59.05,57.2,57.29,58.44,6911813,400521832.22,shares,0
2024-07-30,57.3,57.44,55.79,57.06,57.29,7877075,446672865.36,shares,0
2024-07-31,56.66,59.3,56.39,59.2,57.06,9433746,549262887.86,shares,0
2024-08-01,59.5,60.79,59.16,60.13,59.2,8519514,511934922.34,shares,0
2024-08-02,58.87,59.65,56.77,56.78,60.13,9727271,564378198.65,shares,0
2024-08-05,55.34,55.95,52.0,52.11,56.78,17660900,947645373.93,shares,0
2024-08-06,53.3,54.26,52.88,53.66,52.11,9592244,514303713.12,shares,0
2024-08-07,53.54,54.03,53.08,53.7,53.66,4984574,267496675.48,shares,0
2024-08-08,52.8,55.28,52.4,54.4,53.7,7265789,392792219.69,shares,0
2024-08-09,55.02,55.58,54.02,54.12,54.4,6381731,350232109.59,shares,0
2024-08-12,54.37,55.1,53.54,54.42,54.12,5168245,281493203.1,shares,0
2024-08-13,54.43,55.2,54.11,54.78,54.42,3828946,208749300.06,shares,0
2024-08-14,54.96,55.0,53.6,53.64,54.78,4182871,226501732.25,shares,0
2024-08-15,53.3,54.57,53.14,53.68,53.64,4643746,250052343.15,shares,0
2024-08-16,54.0,54.6,53.29,53.53,53.68,4622566,249505577.51,shares,0
2024-08-19,53.3,53.99,52.84,53.25,53.53,4283485,229012303.06,shares,0
2024-08-20,53.6,53.77,52.25,52.8,53.25,4605800,243066603.06,shares,0
2024-08-21,52.5,53.08,52.08,52.48,52.8,3928365,206594532.29,shares,0
2024-08-22,52.47,52.54,51.15,51.42,52.48,4685108,242047848.64,shares,0
2024-08-23,51.08,51.56,50.8,51.26,51.42,3758226,192297428.57,shares,0
2024-08-26,51.2,52.32,51.19,52.1,51.26,4317788,224044079.62,shares,0
2024-08-27,51.9,51.91,50.91,51.14,52.1,3460959,177613565.69,shares,0
2024-08-28,51.0,52.35,50.92,52.11,51.14,5504460,285367887.74,shares,0
2024-08-29,51.7,54.1,51.43,53.41,52.11,7498703,398286471.94,shares,0
2024-08-30,53.5,56.37,53.39,55.77,53.41,9913274,546501425.82,shares,0
2024-09-02,55.37,55.47,52.5,52.66,55.77,7744587,416786699.41,shares,0
2024-09-03,52.86,54.11,52.68,53.89,52.66,4865950,260808251.11,shares,0
2024-09-04,53.08,53.88,52.73,53.39,53.89,4313154,229688385.75,shares,0
2024-09-05,53.37,53.76,52.86,53.14,53.39,3539000,188337439.37,shares,0
2024-09-06,53.0,53.24,50.56,50.73,53.14,6682983,343760325.3,shares,0
2024-09-09,50.44,51.3,49.8,49.98,50.73,5300999,267115416.86,shares,0
2024-09-10,50.19,51.48,49.63,51.1,49.98,6124716,309790678.0,shares,0
2024-09-11,50.8,51.23,50.6,50.9,51.1,2748800,140000807.0,shares,0
2024-09-12,51.58,51.99,50.3,50.31,50.9,3909854,198781522.58,shares,0
2024-09-13,50.46,50.67,49.5,49.51,50.31,3767644,188649164.67,shares,0
2024-09-18,50.0,50.29,48.77,49.85,49.51,4022880,199078213.59,shares,0
2024-09-19,49.92,50.51,48.7,48.92,49.85,7442086,367690230.06,shares,0
2024-09-20,48.9,49.15,47.9,48.79,48.92,5469796,265066305.86,shares,0
2024-09-23,48.62,49.0,46.85,46.93,48.79,9347123,445430471.46,shares,0
2024-09-24,47.54,50.16,46.9,50.01,46.93,11523931,559072484.32,shares,0
2024-09-25,50.95,51.95,49.89,50.0,50.01,11205874,569726968.13,shares,0
2024-09-26,50.95,52.35,50.19,52.35,50.0,11269102,575902598.53,shares,0
2024-09-27,53.1,56.45,52.75,55.8,52.03,15227658,829347533.0,shares,0
2024-09-30,58.98,61.38,56.71,61.38,55.8,21142180,1258241466.77,shares,0
2024-10-08,67.52,67.52,64.7,67.52,61.38,24205039,1624009959.84,shares,0
2024-10-09,66.0,69.38,63.55,65.6,67.52,31772773,2125165952.56,shares,0
2024-10-10,65.62,66.55,61.36,61.74,65.6,21913828,1386162684.56,shares,0
2024-10-11,61.2,61.94,58.2,58.85,61.74,12923638,770247544.46,shares,0
2024-10-14,58.26,60.45,57.0,59.91,58.85,13951542,821434443.75,shares,0
2024-10-15,59.8,61.61,58.9,59.07,59.91,14437498,869090189.66,shares,0
2024-10-16,57.9,59.84,57.32,58.45,59.07,10197525,598590826.26,shares,0
2024-10-17,59.01,59.6,58.14,58.17,58.45,8787896,517371796.22,shares,0
2024-10-18,58.58,63.98,58.34,62.62,58.17,19402888,1191786964.74,shares,0
2024-10-21,63.39,65.5,62.0,64.39,62.62,24323344,1552638081.53,shares,0
2024-10-22,63.5,63.96,61.7,62.44,64.39,20342277,1277766501.79,shares,0
2024-10-23,62.17,62.87,61.6,61.81,62.44,10771589,668933271.13,shares,0
2024-10-24,61.16,62.86,61.13,62.0,61.81,9260716,574508501.47,shares,0
2024-10-25,62.04,63.8,62.02,63.65,62.0,14198280,895780369.59,shares,0
2024-10-28,62.9,62.9,61.0,62.63,63.65,16051001,995185668.86,shares,0
2024-10-29,62.42,64.62,61.85,62.53,62.63,16936078,1072783797.37,shares,0
2024-10-30,62.23,63.48,61.56,62.6,62.53,11951846,746435158.32,shares,0
2024-10-31,62.3,64.41,61.3,63.79,62.6,17505509,1101410654.54,shares,0
2024-11-01,63.11,65.01,62.43,62.43,63.79,17717028,1129912198.47,shares,0
2024-11-04,61.62,66.09,61.32,64.5,62.43,17030896,1091348824.52,shares,0
2024-11-05,64.4,66.58,64.0,66.18,64.5,19510259,1279973860.51,shares,0
2024-11-06,66.48,66.85,64.51,65.17,66.18,17438941,1146427022.65,shares,0
2024-11-07,65.0,66.96,64.55,66.0,65.17,12865478,847641578.64,shares,0
2024-11-08,66.9,68.5,66.15,67.34,66.0,20919893,1405038173.1,shares,0
2024-11-11,69.4,73.95,68.61,72.05,67.34,27962017,2009729186.34,shares,0
2024-11-12,72.0,74.36,69.0,69.79,72.05,29481682,2126909848.43,shares,0
2024-11-13,71.0,71.89,68.63,70.15,69.79,17212655,1207321428.01,shares,0
2024-11-14,70.15,70.76,66.3,66.57,70.15,18239868,1242483665.76,shares,0
2024-11-15,66.0,66.99,64.8,64.9,66.57,13323343,874108868.0,shares,0
2024-11-18,65.41,65.52,62.0,62.54,64.9,12662968,803855469.66,shares,0
2024-11-19,62.9,64.79,62.33,64.45,62.54,11253056,714633860.35,shares,0
2024-11-20,64.0,64.8,63.5,64.39,64.45,8767851,562368459.93,shares,0
2024-11-21,64.1,64.7,63.56,64.48,64.39,8687074,558028114.28,shares,0
2024-11-22,64.2,64.87,61.39,61.41,64.48,10923921,688822822.76,shares,0
2024-11-25,62.1,65.5,61.7,63.1,61.41,12366136,784861932.55,shares,0
2024-11-26,63.1,63.1,61.88,62.39,63.1,6653248,415264344.32,shares,0
2024-11-27,61.88,64.45,60.8,64.42,62.39,10784749,678977097.68,shares,0
2024-11-28,64.42,65.32,63.32,63.56,64.42,8408151,540775505.86,shares,0
2024-11-29,63.12,65.08,62.41,64.2,63.56,11200757,715132053.27,shares,0
2024-12-02,64.2,64.5,63.21,64.19,64.2,10780645,688858347.16,shares,0
2024-12-03,65.08,65.5,62.9,63.36,64.19,9379763,600175292.68,shares,0
2024-12-04,63.99,64.53,62.35,62.7,63.36,7948717,504873145.05,shares,0
2024-12-05,61.81,63.73,61.8,62.91,62.7,7928054,495968257.6,shares,0
2024-12-06,62.63,63.7,62.0,63.3,62.91,7024044,442137808.5,shares,0
2024-12-09,63.01,63.65,62.03,62.33,63.3,5028480,315261212.23,shares,0
2024-12-10,64.3,64.5,62.31,62.52,62.33,10064990,639232159.66,shares,0
2024-12-11,62.01,62.95,61.8,62.17,62.52,6158560,383185247.79,shares,0
2024-12-12,62.2,62.74,61.91,62.43,62.17,5153244,320944936.12,shares,0
2024-12-13,62.04,63.05,61.19,61.68,62.43,8913870,551146608.6,shares,0
2024-12-16,61.07,61.5,59.41,59.62,61.68,8441117,507822660.94,shares,0
2024-12-17,59.51,60.6,59.42,59.52,59.62,5458455,327295584.95,shares,0
2024-12-18,59.66,60.52,58.7,60.21,59.52,5465530,327116001.85,shares,0
2024-12-19,59.22,61.51,59.0,61.09,60.21,7718727,467727688.46,shares,0
2024-12-20,60.63,62.8,60.63,61.71,61.09,10350439,639936218.14,shares,0
2024-12-23,62.18,62.24,60.27,60.27,61.71,7144662,436776413.24,shares,0
2024-12-24,60.5,61.17,59.26,61.01,60.27,6882613,415391445.36,shares,0
2024-12-25,61.08,61.12,59.5,59.85,61.01,5868340,352787249.1,shares,0
2024-12-26,59.87,61.3,59.44,60.85,59.85,7064000,427685859.0,shares,0
2024-12-27,60.77,62.2,60.41,60.72,60.85,8825270,540725599.91,shares,0
2024-12-30,60.26,61.99,60.26,60.58,60.72,7432271,453606215.73,shares,0
2024-12-31,60.58,60.7,57.95,57.95,60.58,9719127,572777894.67,shares,0
2025-01-02,57.78,57.94,55.11,55.63,57.95,7676978,433465358.16,shares,0
2025-01-03,55.65,55.98,53.86,54.08,55.63,7529150,413058964.5,shares,0
2025-01-06,54.06,55.1,54.0,54.68,54.08,6261403,342095355.62,shares,0
2025-01-07,54.74,56.58,54.65,56.42,54.68,7203636,403536054.04,shares,0
2025-01-08,55.99,57.0,54.62,56.36,56.42,6205650,347037399.0,shares,0
2025-01-09,56.0,57.55,55.9,56.49,56.36,5172100,294428099.0,shares,0
2025-01-10,56.16,57.62,55.69,55.71,56.49,5439300,309189771.62,shares,0
2025-01-13,54.99,56.6,54.93,56.08,55.71,5058435,282783276.75,shares,0
2025-01-14,56.3,58.09,55.7,57.97,56.08,8314607,475760793.75,shares,0
2025-01-15,57.86,57.99,57.0,57.15,57.97,4447021,255439628.41,shares,0
2025-01-16,57.51,58.36,56.77,57.38,57.15,6474977,371824499.08,shares,0
2025-01-17,57.0,58.95,56.7,58.45,57.38,7903740,458739547.76,shares,0
2025-01-20,59.0,60.21,58.5,59.49,58.45,10620786,631827098.28,shares,0
2025-01-21,59.59,60.17,58.88,60.0,59.49,6822295,406557186.7,shares,0
2025-01-22,59.7,61.78,59.52,61.05,60.0,11254959,687357191.22,shares,0
2025-01-23,61.69,61.94,60.88,61.1,61.05,9658357,591665005.44,shares,0
2025-01-24,61.2,61.5,60.31,60.9,61.1,9586979,582997438.07,shares,0
2025-01-27,61.26,61.4,59.8,59.8,60.9,6151161,371129082.93,shares,0
2025-02-05,60.6,61.2,58.65,58.95,59.8,8860052,527588235.46,shares,0
2025-02-06,58.79,61.49,58.5,60.99,58.95,13006813,789460905.49,shares,0
2025-02-07,61.0,62.77,60.76,62.14,60.99,13237739,820697344.24,shares,0
2025-02-10,62.5,62.57,61.51,61.91,62.14,6992983,433545672.12,shares,0
2025-02-11,61.66,62.0,60.61,61.13,61.91,6465045,394849155.7,shares,0
2025-02-12,60.83,61.7,60.28,61.65,61.13,8951243,545666250.5,shares,0
2025-02-13,61.51,61.86,59.65,59.68,61.65,8242457,497954211.03,shares,0
2025-02-14,59.44,59.8,58.68,59.29,59.68,7767200,458564237.0,shares,0
2025-02-17,59.33,59.68,58.2,59.22,59.29,9250567,544202849.7,shares,0
2025-02-18,59.3,60.47,58.31,58.59,59.22,9612663,573385462.2,shares,0
2025-02-19,58.5,60.8,58.45,60.6,58.59,12126991,727892455.59,shares,0
2025-02-20,60.95,63.46,60.63,62.77,60.6,19867424,1234803096.64,shares,0
2025-02-21,62.63,63.77,62.1,63.74,62.77,15350539,968287048.53,shares,0
2025-02-24,63.49,65.34,63.4,64.08,63.74,14152994,909471450.32,shares,0
2025-02-25,63.11,65.28,62.75,63.87,64.08,10089918,644059504.64,shares,0
2025-02-26,63.87,64.2,62.5,63.98,63.87,8537083,542684115.94,shares,0
2025-02-27,64.15,64.59,62.03,63.4,63.98,9034757,570524823.92,shares,0
2025-02-28,63.01,65.58,62.25,62.54,63.4,14782043,943795886.15,shares,0
2025-03-03,62.26,63.2,60.66,61.97,62.54,10222196,629973037.8,shares,0
2025-03-04,61.01,63.49,60.7,62.73,61.97,9956220,620780947.59,shares,0
2025-03-05,62.88,63.45,61.83,62.44,62.73,6815080,426191909.0,shares,0
2025-03-06,63.0,64.95,62.98,64.27,62.44,12588760,808094140.82,shares,0
2025-03-07,63.85,65.18,63.32,64.12,64.27,10224399,657231706.91,shares,0
2025-03-10,64.12,65.1,63.1,63.52,64.12,7544831,482509564.74,shares,0
2025-03-11,62.6,63.41,62.0,62.69,63.52,7372762,460958407.74,shares,0
2025-03-12,62.76,62.92,61.73,61.8,62.69,8337039,517187935.19,shares,0
2025-03-13,61.85,62.05,60.17,60.62,61.8,6846396,416536150.4,shares,0
2025-03-14,60.66,61.88,60.42,61.8,60.62,6292575,386369112.5,shares,0
2025-03-17,62.0,62.29,61.5,61.64,61.8,4066813,251423176.49,shares,0
2025-03-18,62.13,63.1,61.82,62.28,61.64,5289400,330052665.93,shares,0
2025-03-19,62.0,62.31,61.0,61.14,62.28,4715535,289600541.69,shares,0
2025-03-20,61.14,61.4,60.61,60.74,61.14,3394469,207141003.32,shares,0
2025-03-21,60.56,61.47,59.66,59.66,60.74,5812551,351349148.58,shares,0
2025-03-24,59.8,60.47,58.65,59.69,59.66,6277300,373277892.0,shares,0
2025-03-25,59.7,59.76,58.66,59.29,59.69,4954423,292690502.34,shares,0
2025-03-26,59.2,60.86,59.16,60.01,59.29,5625746,337328681.0,shares,0
2025-03-27,59.71,62.78,59.24,62.15,60.01,12433355,763850529.95,shares,0
2025-03-28,61.8,63.5,61.43,61.5,62.15,7841665,487393874.61,shares,0
2025-03-31,60.99,63.3,60.81,61.97,61.5,10519595,649361752.85,shares,0
2025-04-01,61.9,62.3,61.16,61.28,61.97,6619773,408086922.25,shares,0
2025-04-02,61.18,62.9,60.93,61.6,61.28,9921046,613661828.27,shares,0
2025-04-03,60.95,61.77,59.21,59.92,61.6,8138619,490923741.72,shares,0
2025-04-07,56.0,57.88,53.93,53.93,59.92,8181072,450815850.67,shares,0
2025-04-08,53.53,54.63,50.1,51.55,53.93,14480453,748326650.64,shares,0
2025-04-09,50.52,53.53,48.7,52.91,51.55,13273933,689668598.75,shares,0
2025-04-10,54.53,54.86,53.37,53.4,52.91,8851572,479375238.28,shares,0
2025-04-11,52.9,57.14,52.8,55.56,53.4,11740457,648654739.91,shares,0
2025-04-14,56.4,56.5,55.27,55.57,55.56,6401459,357099203.21,shares,0
2025-04-15,55.3,56.0,54.35,54.72,55.57,4886046,267782433.68,shares,0
2025-04-16,54.36,55.53,53.86,54.65,54.72,4667460,255351292.56,shares,0
2025-04-17,54.1,56.0,54.1,55.56,54.65,6386431,354238876.73,shares,0
2025-04-18,55.56,56.07,53.62,54.33,55.56,7720100,420716628.0,shares,0
2025-04-21,54.35,54.8,53.69,54.71,54.33,5834531,317643312.4,shares,0
2025-04-22,54.6,55.28,53.9,54.45,54.71,5954934,324779558.42,shares,0
2025-04-23,54.88,54.97,53.46,54.21,54.45,9178783,496471007.13,shares,0
2025-04-24,54.19,54.21,53.0,53.09,54.21,5883500,314834323.25,shares,0
2025-04-25,53.17,53.25,52.4,52.8,53.09,6687820,353548421.6,shares,0
2025-04-28,53.08,53.59,52.65,52.79,52.8,5037700,267451233.35,shares,0
2025-04-29,52.8,53.06,52.29,52.35,52.79,5622867,295684303.03,shares,0
2025-04-30,52.86,55.49,52.8,55.16,52.35,13710924,746968972.72,shares,0
2025-05-06,55.89,57.43,55.27,57.4,55.16,10417898,591469663.0,shares,0
2025-05-07,57.6,57.9,56.38,56.66,57.4,7336167,417002100.86,shares,0
2025-05-08,56.6,57.19,56.25,56.59,56.66,4219024,239385733.16,shares,0
2025-05-09,56.5,56.56,55.47,55.5,56.59,4846161,270592360.85,shares,0
2025-05-12,56.21,56.33,55.53,55.98,55.5,4047371,226142808.1,shares,0
2025-05-13,56.85,56.87,55.73,56.15,55.98,5102140,286789537.6,shares,0
2025-05-14,56.15,57.87,56.11,56.57,56.15,7290946,414257203.4,shares,0
2025-05-15,56.55,56.57,54.85,54.86,56.57,5481227,304000915.19,shares,0
2025-05-16,54.68,55.32,54.56,54.8,54.86,3220853,176962035.45,shares,0
2025-05-19,54.8,54.95,53.66,54.25,54.8,4017609,218032285.42,shares,0
2025-05-20,54.26,54.47,53.81,54.02,54.25,4132042,223620788.02,shares,0
2025-05-21,54.09,54.3,53.35,54.07,54.02,5003127,269107689.67,shares,0
2025-05-22,53.66,54.99,53.6,53.74,54.07,5710909,309730031.03,shares,0
2025-05-23,53.81,54.49,53.23,53.28,53.74,4855104,261660591.66,shares,0
2025-05-26,53.18,53.8,52.86,53.27,53.28,3956553,210692550.08,shares,0
2025-05-27,53.27,53.36,52.65,52.81,53.27,3492728,184675726.04,shares,0
2025-05-28,53.13,54.12,53.12,53.41,52.81,4556300,243992809.08,shares,0
2025-05-29,53.29,54.03,53.2,53.99,53.41,4428701,238322681.69,shares,0
2025-05-30,53.54,53.56,52.31,52.41,53.73,5264303,277542519.64,shares,0
2025-06-03,51.78,52.75,51.78,52.46,52.41,3788586,198225249.54,shares,0
2025-06-04,52.47,53.09,52.38,52.72,52.46,2678175,141423109.6,shares,0
2025-06-05,52.76,53.4,52.26,53.29,52.72,4368649,231048157.46,shares,0
2025-06-06,53.51,53.95,53.1,53.37,53.29,3914100,209359670.0,shares,0
2025-06-09,53.5,53.78,53.2,53.6,53.37,4161632,222640986.91,shares,0
2025-06-10,53.61,53.64,51.9,52.4,53.6,5262288,277504059.92,shares,0
2025-06-11,52.54,53.36,52.45,52.73,52.4,3744847,198284179.85,shares,0
2025-06-12,52.52,52.64,51.9,52.05,52.73,6859616,357967136.54,shares,0
2025-06-13,51.89,52.49,51.74,51.95,52.05,4552366,236940792.38,shares,0
2025-06-16,51.77,52.45,51.7,52.11,51.95,3420052,178544058.6,shares,0
2025-06-17,52.3,52.56,51.35,51.5,52.11,4900040,253998133.78,shares,0
2025-06-18,51.36,52.47,51.18,52.24,51.5,4761592,246895191.0,shares,0
2025-06-19,52.1,52.7,51.71,51.96,52.24,5076100,265360221.0,shares,0
2025-06-20,51.8,52.68,51.61,51.61,51.96,4018390,209230025.7,shares,0
2025-06-23,51.15,52.56,51.15,52.2,51.61,4519229,235533876.98,shares,0
2025-06-24,52.59,53.64,52.28,53.31,52.2,7182775,382170426.04,shares,0
2025-06-25,53.64,53.8,52.91,53.78,53.31,6939171,370511599.52,shares,0
2025-06-26,53.88,54.5,53.47,53.49,53.78,6413278,345669297.02,shares,0
2025-06-27,53.78,54.1,53.31,53.79,53.49,5134450,276296104.3,shares,0
2025-06-30,54.25,55.0,54.22,54.69,53.79,7137067,390597291.65,shares,0
2025-07-01,55.0,55.35,54.43,54.7,54.69,6588650,361677443.5,shares,0
2025-07-02,54.51,54.63,53.66,54.01,54.7,5133831,277528494.52,shares,0
2025-07-03,54.02,54.3,53.32,54.05,54.01,4999081,268803055.76,shares,0
2025-07-04,53.92,53.98,52.78,53.08,54.05,7199317,383108329.82,shares,0
2025-07-07,53.09,53.33,52.8,52.81,53.08,3316781,175780443.49,shares,0
2025-07-08,54.22,55.5,53.49,54.87,52.81,13315468,730375851.67,shares,0
2025-07-09,54.88,54.98,53.76,53.77,54.87,8702488,471430273.31,shares,0
2025-07-10,53.91,54.06,53.32,53.59,53.77,4840056,259362230.72,shares,0
2025-07-11,53.67,54.5,53.33,54.2,53.59,6718124,363357421.4,shares,0
2025-07-14,54.19,54.35,53.82,54.05,54.2,4861911,262509632.3,shares,0
2025-07-15,53.91,54.42,53.58,53.91,54.05,5435747,293326016.5,shares,0
2025-07-16,53.89,54.6,53.75,54.05,53.91,6100077,330799437.48,shares,0
2025-07-17,54.01,54.97,53.95,54.89,54.05,8016862,438373836.64,shares,0
2025-07-18,54.93,55.28,54.35,54.84,54.89,5897597,322891280.8,shares,0
2025-07-21,54.7,54.94,54.51,54.93,54.84,5197247,284566111.62,shares,0
2025-07-22,54.99,55.1,54.62,54.91,54.93,5372492,294777568.64,shares,0
2025-07-23,54.9,55.47,54.66,54.7,54.91,8096233,445784402.98,shares,0
2025-07-24,54.81,55.77,54.8,55.77,54.7,9086626,503168157.4,shares,0
2025-07-25,55.87,56.1,55.31,55.8,55.77,8118975,451709844.75,shares,0
2025-07-28,55.81,56.48,55.61,55.83,55.8,9010316,504728856.14,shares,0
2025-07-29,55.67,56.3,55.4,56.25,55.83,6963333,389137995.56,shares,0
2025-07-30,56.31,58.49,56.22,56.72,56.25,13756838,787719035.96,shares,0
2025-07-31,56.78,57.22,55.25,55.27,56.72,9381080,527449279.2,shares,0
2025-08-01,55.14,56.13,55.01,55.22,55.27,8011227,444261038.6,shares,0
2025-08-04,55.0,55.39,54.7,55.23,55.22,5406162,297407906.08,shares,0
2025-08-05,55.44,55.65,55.03,55.35,55.23,5328152,294566481.98,shares,0
2025-08-06,55.35,56.08,55.22,55.98,55.35,6686684,372221359.99,shares,0
2025-08-07,55.9,56.48,55.61,55.99,55.98,7353477,411904142.24,shares,0
2025-08-08,56.0,56.0,54.97,54.98,55.99,6547902,362203128.12,shares,0
2025-08-11,55.0,55.56,54.82,55.28,54.98,5273700,291204946.11,shares,0
2025-08-12,55.58,56.79,55.32,56.18,55.28,9884826,553075895.48,shares,0
2025-08-13,56.22,58.19,56.21,57.39,56.18,16059746,920005751.39,shares,0
2025-08-14,57.86,58.59,56.5,56.53,57.39,14519473,833608467.8,shares,0
2025-08-15,56.53,59.42,56.49,59.35,56.53,22665174,1324423954.28,shares,0
2025-08-18,59.95,61.33,58.64,60.13,59.35,29050536,1749877708.21,shares,0
2025-08-19,59.82,61.05,59.51,60.2,60.13,14662167,885775568.0,shares,0
2025-08-20,59.5,60.03,58.58,60.01,60.2,15806548,939630778.16,shares,0
2025-08-21,60.01,60.15,58.8,59.06,60.01,13800633,818906925.77,shares,0
2025-08-22,58.76,61.2,58.76,61.16,59.06,20517564,1241908974.48,shares,0
2025-08-25,62.8,62.9,60.38,61.06,61.16,20618867,1264439523.28,shares,0
2025-08-26,60.63,61.68,60.2,60.3,61.06,15139374,920687937.43,shares,0
2025-08-27,60.5,61.78,59.25,59.29,60.3,21555067,1311347007.79,shares,0
2025-08-28,59.41,60.75,59.0,60.68,59.29,18264552,1097000312.22,shares,0
2025-08-29,60.6,60.69,59.2,60.03,60.68,14893113,893444996.49,shares,0
2025-09-01,61.14,63.0,60.31,61.79,60.03,23172786,1428170099.97,shares,0
2025-09-02,61.8,61.8,58.41,58.99,61.79,19171913,1144065917.61,shares,0
2025-09-03,59.2,60.76,58.41,58.79,58.99,13504199,801784822.29,shares,0
2025-09-04,58.79,58.97,55.6,56.31,58.79,16049476,915341133.21,shares,0
2025-09-05,56.44,58.05,56.44,57.92,56.31,10534311,604573466.27,shares,0
2025-09-08,57.8,59.45,57.16,58.99,57.92,10607042,617180422.3,shares,0
2025-09-09,58.55,58.55,56.74,57.19,58.99,9519441,547671366.88,shares,0
2025-09-10,57.1,57.72,56.48,56.64,57.19,7272338,414113134.71,shares,0
2025-09-11,56.74,58.68,56.66,58.64,56.64,14222326,822549845.5,shares,0
2025-09-12,59.0,63.86,58.53,62.14,58.64,33144954,2035109877.41,shares,0
2025-09-15,62.99,63.29,61.05,61.4,62.14,19427557,1202644866.97,shares,0
2025-09-16,61.36,62.14,60.61,61.65,61.4,12433103,763695659.68,shares,0
2025-09-17,62.11,62.6,61.38,62.01,61.65,15577365,966285965.69,shares,0
2025-09-18,62.07,65.48,62.05,64.33,62.01,35457143,2270047443.02,shares,0
2025-09-19,64.35,67.99,64.35,65.82,64.33,28741428,1916809626.04,shares,0
2025-09-22,66.02,67.13,65.6,66.65,65.82,20871998,1386619040.4,shares,0
2025-09-23,67.19,67.35,65.23,67.08,66.65,20643842,1366371701.17,shares,0
2025-09-24,67.27,72.48,67.02,71.18,67.08,36872071,2602346925.11,shares,0
2025-09-25,70.92,73.41,70.92,72.3,70.86,25930893,1874228076.6,shares,0
2025-09-26,71.61,75.8,71.44,72.06,72.3,26843593,1961356831.1,shares,0
2025-09-29,72.79,73.79,71.82,72.9,72.06,18076528,1313192421.97,shares,0
2025-09-30,73.99,75.93,73.03,73.75,72.9,25119313,1869650066.62,shares,0
2025-10-09,78.0,81.13,77.89,81.13,73.75,16939874,1366025419.82,shares,0
2025-10-10,80.0,86.66,79.49,84.94,81.13,48810334,4122250189.6,shares,0
2025-10-13,81.01,84.53,80.0,84.0,84.94,31929953,2646400993.9,shares,0
2025-10-14,86.11,88.12,76.0,76.65,84.0,39694176,3198718902.18,shares,0
2025-10-15,76.65,77.2,73.35,75.95,76.65,24753989,1853936356.29,shares,0
2025-10-16,75.75,78.98,75.0,76.87,75.95,23725074,1834671841.7,shares,0
2025-10-17,76.54,76.6,72.53,72.75,76.87,19055594,1411775206.98,shares,0
2025-10-20,75.0,78.58,73.5,75.84,72.75,22249508,1698879483.04,shares,0
2025-10-21,77.7,80.46,76.6,77.58,75.84,21609200,1694375100.5,shares,0
2025-10-22,76.28,77.32,74.94,75.78,77.58,13266763,1008780036.35,shares,0
2025-10-23,75.5,75.6,73.61,75.35,75.78,10756091,801343166.46,shares,0
2025-10-24,76.7,80.29,76.03,80.02,75.35,24662861,1944886157.06,shares,0
2025-10-27,84.1,85.0,81.0,83.06,80.02,31209460,2588197625.27,shares,0
2025-10-28,81.01,82.91,79.6,81.14,83.06,24617770,1995037989.79,shares,0
2025-10-29,81.0,82.66,80.32,81.88,81.14,17890151,1458849077.14,shares,0
2025-10-30,84.0,85.5,80.7,82.82,81.88,29501327,2458080997.34,shares,0
2025-10-31,80.7,80.76,77.09,77.39,82.82,25190332,1967273587.59,shares,0
2025-11-03,77.3,78.83,73.0,77.41,77.39,23646028,1784899802.23,shares,0
2025-11-04,77.9,78.56,75.21,76.18,77.41,11833364,903769961.95,shares,0
2025-11-05,73.51,75.18,73.28,74.42,76.18,12329142,915465959.14,shares,0
2025-11-06,76.94,77.32,75.38,77.0,74.42,14185092,1084768476.62,shares,0
2025-11-07,75.51,77.06,74.34,75.63,77.0,13191278,997599316.14,shares,0
2025-11-10,77.31,83.19,77.31,81.36,75.63,36422451,2967174641.59,shares,0
2025-11-11,81.0,83.1,79.28,79.65,81.36,25448305,2060850862.95,shares,0
2025-11-12,79.0,79.96,76.25,78.53,79.65,17379637,1354802544.12,shares,0
2025-11-13,78.5,82.88,78.5,79.69,78.53,19770801,1606413053.87,shares,0
2025-11-14,77.84,77.84,73.04,73.09,79.69,27879248,2070532259.46,shares,0
2025-11-17,74.32,76.5,73.81,74.38,73.09,16417348,1235769828.01,shares,0
2025-11-18,74.26,75.89,72.97,73.4,74.38,12471142,922230588.61,shares,0
2025-11-19,72.92,74.4,71.5,71.88,73.4,13810838,1002796948.04,shares,0
2025-11-20,73.32,73.65,70.37,70.6,71.88,10449412,748818735.9,shares,0
2025-11-21,68.01,69.14,66.7,66.89,70.6,14897092,1008294028.53,shares,0
2025-11-24,68.0,69.46,67.0,68.9,66.89,12090640,829009694.12,shares,0
2025-11-25,70.81,71.21,68.8,68.97,68.9,12075865,841877534.95,shares,0
2025-11-26,68.18,69.08,67.76,68.12,68.97,8571466,585160136.91,shares,0
2025-11-27,68.14,69.97,67.37,67.45,68.12,11297829,775955691.87,shares,0
2025-11-28,67.99,70.16,67.16,69.42,67.45,12724453,876870705.76,shares,0
2025-12-01,70.28,71.43,69.88,71.4,69.42,12660174,895420581.11,shares,0
2025-12-02,70.69,71.47,70.01,70.38,71.4,7990956,564153061.56,shares,0
2025-12-03,70.08,70.7,69.28,69.88,70.38,7028157,491831049.68,shares,0
2025-12-04,69.87,70.9,68.5,70.4,69.88,8464292,591395878.96,shares,0
2025-12-05,70.49,70.83,68.9,70.03,70.4,6861743,478425332.23,shares,0
2025-12-08,70.15,73.23,70.1,72.37,70.03,14960037,1076164937.16,shares,0
2025-12-09,71.82,72.47,70.85,71.28,72.37,8027936,575551064.51,shares,0
2025-12-10,70.99,71.62,69.33,71.26,71.28,8319943,586412257.69,shares,0
2025-12-11,71.9,71.99,69.96,70.02,71.26,7415310,526158744.68,shares,0
2025-12-12,70.0,72.34,69.1,71.94,70.02,11056107,785288593.95,shares,0
2025-12-15,71.0,73.55,70.51,72.65,71.94,14151621,1027131849.78,shares,0
2025-12-16,72.0,72.14,69.72,71.1,72.65,9980176,705822605.74,shares,0
2025-12-17,71.0,72.68,69.85,72.21,71.1,9851596,702409796.52,shares,0
2025-12-18,71.38,74.15,71.19,71.35,72.21,11243611,815874776.66,shares,0
2025-12-19,72.78,73.57,69.78,69.95,71.35,13520023,958278245.79,shares,0
2025-12-22,70.49,74.99,70.3,73.64,69.95,19564217,1430055645.18,shares,0
2025-12-23,73.5,74.61,73.15,73.74,73.64,10770306,795711016.45,shares,0
2025-12-24,74.03,74.99,73.2,74.99,73.74,11789184,874998318.16,shares,0
2025-12-25,75.55,76.7,74.34,74.6,74.99,12068988,908229967.12,shares,0
2025-12-26,74.91,75.48,73.5,74.02,74.6,9732605,724495150.96,shares,0
2025-12-29,73.7,74.57,72.7,72.91,74.02,11227494,823190635.66,shares,0
2025-12-30,72.51,74.17,72.3,72.55,72.91,10127173,740065702.0,shares,0
2025-12-31,74.89,77.17,72.46,74.1,72.55,21206035,1588311046.75,shares,0
2026-01-05,76.0,79.09,75.25,77.77,74.1,21788682,1693539329.57,shares,0
2026-01-06,78.0,84.43,77.21,82.03,77.77,27686570,2272269866.53,shares,0
2026-01-07,87.01,90.23,84.47,88.63,82.03,43730198,3852698733.13,shares,0
2026-01-08,91.07,92.29,85.33,86.22,88.63,39151638,3470758060.49,shares,0
2026-01-09,85.01,86.9,83.9,86.8,86.22,24109516,2059442738.43,shares,0
2026-01-12,87.69,92.1,86.96,89.4,86.8,27316628,2445667961.44,shares,0
2026-01-13,88.8,93.2,88.11,88.45,89.4,21456794,1926054259.28,shares,0
2026-01-14,89.92,90.79,85.81,86.92,88.45,23048345,2028220667.21,shares,0
2026-01-15,86.12,92.69,86.0,92.68,86.92,25157024,2258330364.42,shares,0
2026-01-16,92.0,97.32,91.13,96.51,92.68,26891638,2573819758.67,shares,0
2026-01-19,99.98,100.94,97.12,98.59,96.51,26733111,2648815922.34,shares,0
2026-01-20,98.0,98.88,94.8,97.66,98.59,18407146,1781403257.36,shares,0
2026-01-21,97.14,99.98,96.0,97.1,97.66,17660504,1720446246.78,shares,0
2026-01-22,99.97,100.3,94.0,94.99,97.1,17696070,1693694416.04,shares,0
2026-01-23,93.88,94.78,92.35,94.71,94.99,15666715,1464716640.12,shares,0
2026-01-26,94.91,95.65,91.3,92.01,94.71,14579208,1350727518.77,shares,0
2026-01-27,91.34,93.87,90.0,93.0,92.01,13199514,1217661544.28,shares,0
2026-01-28,93.89,98.64,93.4,97.99,93.0,21578902,2067263342.97,shares,0
2026-01-29,97.7,98.63,94.68,94.69,97.99,14565217,1396678590.17,shares,0
2026-01-30,94.14,97.8,92.55,96.29,94.69,16976086,1625022329.43,shares,0
2026-02-02,94.43,95.6,87.91,88.05,96.29,18493240,1676860925.02,shares,0
2026-02-03,90.88,91.38,88.7,91.1,88.05,11284315,1018117605.31,shares,0
2026-02-04,90.65,90.67,88.09,89.29,91.1,9135151,813870640.08,shares,0
2026-02-05,86.86,89.49,85.21,88.64,89.29,10371679,903149624.04,shares,0
2026-02-06,87.35,88.8,86.01,87.4,88.64,6975833,612213640.18,shares,0
2026-02-09,90.0,90.98,89.02,90.39,87.4,9553790,862465655.68,shares,0
2026-02-10,90.2,90.98,88.98,90.02,90.39,7507612,676111410.99,shares,0
2026-02-11,89.4,91.25,89.04,89.65,90.02,5691756,512156029.88,shares,0
2026-02-12,91.2,91.39,89.31,91.35,89.65,8106282,733650674.94,shares,0
2026-02-13,90.53,92.88,89.31,90.15,91.35,9474919,866156114.9,shares,0
2026-02-24,92.0,94.38,91.62,92.61,90.15,10799120,1005704183.71,shares,0
2026-02-25,92.31,95.96,90.02,94.75,92.61,15030193,1405897786.51,shares,0
2026-02-26,94.75,99.53,93.11,98.36,94.75,16169358,1561486064.07,shares,0
2026-02-27,97.02,97.35,95.15,95.97,98.36,10850409,1039994220.61,shares,0
2026-03-02,94.0,99.15,93.8,97.08,95.97,13343324,1296158875.04,shares,0
2026-03-03,97.1,98.03,90.0,90.48,97.08,15897808,1473999449.71,shares,0
2026-03-04,89.38,93.38,89.0,90.56,90.48,10179941,928218693.51,shares,0
2026-03-05,93.49,95.77,91.72,93.12,90.56,12178147,1139527932.5,shares,0
2026-03-06,91.93,93.98,91.45,92.16,93.12,8943079,827109317.73,shares,0
2026-03-09,90.2,90.59,84.67,87.91,92.16,14641581,1268094584.56,shares,0
2026-03-10,90.01,90.8,87.8,90.01,87.91,11133552,995604617.93,shares,0
2026-03-11,90.43,92.85,90.23,90.72,90.01,10566423,964127491.05,shares,0
2026-03-12,89.99,93.65,87.81,89.03,90.72,10193608,921317786.94,shares,0
2026-03-13,88.01,92.56,87.04,89.17,89.03,11534528,1036525248.04,shares,0
2026-03-16,89.18,90.89,86.2,90.1,89.17,11205427,993567293.94,shares,0
2026-03-17,90.07,90.66,86.68,86.8,90.1,10012760,887625214.78,shares,0
2026-03-18,88.08,92.13,87.61,91.04,86.8,17522770,1582590382.58,shares,0
2026-03-19,89.38,89.6,84.5,85.15,91.04,18342826,1587282122.71,shares,0
2026-03-20,85.99,86.13,83.02,83.06,85.15,10136272,859020784.77,shares,0
2026-03-23,81.01,81.5,78.0,78.55,83.06,13704449,1092127062.92,shares,0
2026-03-24,79.74,79.88,76.25,78.95,78.55,9294898,724749891.66,shares,0
2026-03-25,80.57,84.95,80.35,82.72,78.95,12726680,1057051508.73,shares,0
2026-03-26,81.69,82.97,80.62,80.93,82.72,7238886,590890137.28,shares,0
2026-03-27,79.45,83.92,78.5,83.21,80.93,8055628,663159879.08,shares,0
2026-03-30,82.13,86.9,82.05,86.18,83.21,11930960,1018400703.14,shares,0
2026-03-31,84.43,84.43,78.7,78.74,86.18,16300384,1318486736.39,shares,0
2026-04-01,81.5,81.68,78.61,79.56,78.74,11676095,929078913.21,shares,0
2026-04-02,79.56,80.0,76.68,77.23,79.56,8792988,685567753.64,shares,0
2026-04-03,78.02,80.12,77.65,78.15,77.23,8504545,669222431.52,shares,0
2026-04-07,78.68,79.97,78.16,78.44,78.15,6820636,540155451.89,shares,0
2026-04-08,81.26,83.8,81.0,83.7,78.44,11668859,962730019.26,shares,0
2026-04-09,82.65,85.78,82.27,84.45,83.7,10376643,875344504.58,shares,0
2026-04-10,85.25,86.66,85.0,85.43,84.45,9638070,828530830.31,shares,0
2026-04-13,84.5,86.3,84.35,85.56,85.43,7610113,650149922.82,shares,0
2026-04-14,86.85,88.64,86.26,88.09,85.56,12188857,1068808114.45,shares,0
2026-04-15,88.96,89.5,85.6,86.09,88.09,9689065,846857484.29,shares,0
2026-04-16,85.99,87.04,84.8,86.12,86.09,9591899,825317765.21,shares,0
2026-04-17,85.42,86.59,84.43,85.9,86.12,9073908,777520588.74,shares,0
2026-04-20,85.89,87.88,84.79,86.46,85.9,10224629,885716845.21,shares,0
2026-04-21,86.46,88.7,84.92,87.59,86.46,10468569,912646012.91,shares,0
2026-04-22,87.6,91.39,87.21,90.48,87.59,13314814,1191032020.51,shares,0
2026-04-23,92.0,92.54,87.5,89.13,90.48,13613937,1221716486.62,shares,0
2026-04-24,89.33,91.0,88.66,89.1,89.13,10078864,902338295.07,shares,0
2026-04-27,89.29,91.42,88.49,89.12,89.1,15000578,1353112657.91,shares,0
2026-04-28,83.0,85.5,80.5,83.62,89.12,26652789,2213372279.63,shares,0
2026-04-29,83.29,84.25,80.25,83.94,83.62,14612695,1206810406.2,shares,0
2026-04-30,85.54,86.76,84.45,84.71,83.94,11864711,1012977735.72,shares,0
2026-05-06,87.55,92.99,87.55,90.21,84.71,21731326,1969548537.87,shares,0
2026-05-07,91.13,92.36,89.83,92.08,90.21,14375797,1310803076.0,shares,0
2026-05-08,90.52,90.98,88.22,88.86,92.08,13091118,1168558877.87,shares,0
2026-05-11,92.78,97.0,92.33,94.55,88.86,26892667,2543721025.14,shares,0
2026-05-12,96.0,96.53,92.57,93.86,94.55,16039948,1502816734.99,shares,0
2026-05-13,91.99,103.25,91.35,103.25,93.86,23659158,2335890092.74,shares,0
2026-05-14,107.0,109.99,104.5,106.9,103.25,40857300,4384316497.79,shares,0
2026-05-15,108.97,114.8,106.14,107.46,106.9,38260488,4197943572.34,shares,0
2026-05-18,117.14,118.21,113.01,114.19,107.46,39240644,4544238673.18,shares,0
2026-05-19,112.97,115.96,107.44,115.96,114.19,40561434,4535207185.05,shares,0
2026-05-20,116.13,122.98,116.0,120.56,115.96,38303969,4638653632.91,shares,0
2026-05-21,122.73,125.0,113.63,113.9,120.56,42546206,5103994765.31,shares,0
2026-05-22,114.75,118.18,110.32,116.5,113.9,34505315,3928009325.54,shares,0
2026-05-25,119.33,128.15,115.55,128.15,116.5,39321505,4855324835.39,shares,0
2026-05-26,125.54,126.19,119.6,123.21,128.15,39623450,4856309938.15,shares,0
2026-05-27,125.0,127.48,117.3,118.41,123.21,30655637,3757295650.63,shares,0
2026-05-28,114.82,116.9,110.94,115.36,118.41,28020603,3190590904.72,shares,0
2026-05-29,115.84,117.6,106.23,107.67,115.36,30160388,3334304522.47,shares,0
2026-06-01,108.0,110.8,104.59,104.99,107.36,21490051,2306379650.37,shares,0
2026-06-02,104.87,112.0,103.4,109.63,104.99,25524881,2783748882.73,shares,0
2026-06-03,110.19,116.0,110.1,113.8,109.63,24469491,2791247025.58,shares,0
2026-06-04,111.5,120.0,111.48,117.78,113.8,27404433,3199932150.37,shares,0
2026-06-05,113.74,119.09,111.41,115.0,117.78,25801440,2984385315.98,shares,0
2026-06-08,107.66,110.0,104.7,105.62,115.0,23789591,2555510482.34,shares,0
2026-06-09,108.79,111.5,105.81,111.41,105.62,21029526,2296126629.86,shares,0
2026-06-10,107.95,122.55,107.1,122.55,111.41,33454721,3919264514.26,shares,0
2026-06-11,126.22,134.81,124.0,134.81,122.55,57646113,7504770523.32,shares,0
2026-06-12,140.01,144.5,131.81,132.99,134.81,66319264,9133081438.8,shares,0
2026-06-15,133.32,138.88,128.0,138.83,132.99,40658898,5478749452.09,shares,0
2026-06-16,137.45,143.6,135.05,137.76,138.83,36613926,5070951746.92,shares,0
2026-06-17,137.0,149.22,136.0,147.92,137.76,37493222,5422421737.95,shares,0
2026-06-18,146.44,151.6,143.85,150.16,147.92,31776006,4693928727.51,shares,0
2026-06-22,152.86,165.18,152.86,165.18,150.16,34729620,5520354165.5,shares,0
2026-06-23,160.03,167.8,155.2,157.32,165.18,35111664,5650015364.4,shares,0
2026-06-24,155.0,173.05,155.0,173.05,157.32,32501374,5429599238.15,shares,0
2026-06-25,184.0,186.5,172.0,181.03,173.05,40754694,7310339534.88,shares,0
2026-06-26,180.0,195.2,178.2,188.6,181.03,35597792,6680838513.52,shares,0
2026-06-29,199.13,207.46,191.18,207.46,188.6,41667730,8436285956.37,shares,0
2026-06-30,216.24,228.1,207.47,224.5,207.46,44721878,9713191461.65,shares,0
2026-07-01,220.0,246.44,218.0,236.09,224.5,44967263,10630285783.44,shares,0
2026-07-02,216.0,225.88,212.48,212.48,236.09,42482079,9187367227.78,shares,0
2026-07-03,205.73,209.99,195.88,199.5,212.48,46328062,9369131422.95,shares,0
2026-07-06,203.25,205.0,181.0,186.45,199.5,41030483,7779495375.63,shares,0
2026-07-07,184.17,193.33,181.0,185.82,186.45,29045619,5448809828.33,shares,0
2026-07-08,189.0,196.52,175.11,190.0,185.82,33910679,6357290634.64,shares,0
2026-07-09,196.52,209.0,194.97,209.0,190.0,33541387,6743197877.35,shares,0
2026-07-10,220.0,229.0,207.0,207.17,209.0,45595906,10021061823.82,shares,0
2026-07-13,205.01,209.31,186.83,189.02,207.17,34446045,6783902035.44,shares,0
2026-07-14,192.8,193.5,174.58,187.49,189.02,35287096,6525680045.33,shares,0
2026-07-15,190.52,194.88,170.05,171.3,187.49,30410335,5425867272.86,shares,0
2026-07-16,167.44,169.65,154.17,156.0,171.3,32934473,5320179856.34,shares,0
2026-07-17,158.24,160.77,144.0,145.0,156.0,36682760,5594098980.72,shares,0
2026-07-20,149.11,150.0,130.5,130.5,145.0,26148544,3653514446.7,shares,0
2026-07-21,132.0,143.55,117.45,143.55,130.5,45699440,5945087622.53,shares,0
2026-07-22,146.42,157.91,146.4,149.86,143.55,49218204,7491910157.97,shares,0
2026-07-23,151.98,154.36,144.31,149.07,149.86,33306781,4960581199.09,shares,0
2026-07-24,146.5,158.75,145.0,153.95,149.07,41718917,6387842147.8,shares,0
2026-07-27,154.2,169.35,153.0,169.35,153.95,52401622,8579165121.39,shares,0
2026-07-28,163.7,175.3,159.0,166.43,169.35,58171016,9852167241.11,shares,0
2026-07-29,160.0,162.8,149.79,152.18,166.43,51684821,7915962635.02,shares,0
2026-07-30,147.99,149.96,136.96,136.96,152.18,38835609,5473875383.99,shares,0
2026-07-31,150.0,150.0,133.01,133.8,136.96,48144880,6877683181.38,shares,0
2026-08-03,130.0,131.66,120.42,120.91,133.8,38457402,4764342413.9,shares,0
2026-08-04,122.01,130.64,118.94,129.48,120.91,40129837,5031261347.76,shares,0
2026-08-05,128.0,142.43,128.0,140.62,129.48,42799057,5890828251.77,shares,0
2026-08-06,135.03,148.17,135.02,145.01,140.62,38681150,5524030601.73,shares,0
2026-08-07,145.01,150.95,142.51,148.78,145.01,31628524,4677353153.47,shares,0
2026-08-10,152.0,155.55,146.3,155.24,148.78,35149401,5313172770.7,shares,0
2026-08-11,151.41,156.3,148.02,150.29,155.24,28959980,4405127284.38,shares,0
2026-08-12,153.5,158.66,152.0,155.19,150.29,28343360,4407680893.98,shares,0
2026-08-13,158.1,158.6,149.38,149.5,155.19,32457361,5016031663.99,shares,0
2026-08-14,152.01,153.5,147.17,151.22,149.5,22648291,3400007810.78,shares,0
2026-08-17,151.16,159.44,149.88,159.01,151.22,29022542,4520524319.44,shares,0
2026-08-18,160.95,163.19,155.5,158.86,159.01,27196844,4328941722.72,shares,0
2026-08-19,147.04,152.99,142.97,142.97,158.86,27139487,3991856297.1,shares,0
2026-08-20,140.41,143.45,136.61,138.38,142.97,24998493,3478158552.69,shares,0
2026-08-21,137.89,140.88,135.46,138.5,138.38,19076582,2639938007.29,shares,0
2026-08-24,139.3,144.01,136.6,140.59,138.5,24174955,3380931832.71,shares,0
2026-08-25,135.2,139.5,130.18,137.19,140.59,21763982,2940007964.1,shares,0
2026-08-26,137.6,137.74,132.0,135.23,137.19,18235897,2457991247.64,shares,0
2026-08-27,137.03,144.0,136.15,143.91,135.23,19886903,2807152935.49,shares,0
2026-08-28,144.41,148.3,141.91,142.06,143.91,17336898,2508246354.43,shares,0
2026-08-31,139.18,143.54,136.16,142.37,142.06,18561171,2596410607.7,shares,0
2026-09-01,143.88,144.58,134.0,134.23,142.37,18021137,2456600148.68,shares,0
2026-09-02,131.32,133.22,129.64,130.84,134.23,12775448,1675995343.35,shares,0
2026-09-03,133.21,133.96,129.86,131.6,130.84,10416332,1370469035.93,shares,0
2026-09-04,132.43,132.99,125.27,126.62,131.6,14251024,1834876336.84,shares,0
2026-09-07,128.72,131.99,128.0,131.0,126.62,13749782,1790352859.35,shares,0
2026-09-08,133.3,137.33,130.04,132.12,131.0,21840229,2916607620.95,shares,0
2026-09-09,132.51,134.55,130.5,131.52,132.12,13766051,1823074443.8,shares,0
2026-09-10,131.24,136.9,129.0,133.48,131.52,19742344,2654345609.08,shares,0
2026-09-11,130.0,131.33,125.3,129.99,133.48,17770155,2286680412.04,shares,0
2026-09-14,127.0,130.0,125.04,128.52,129.99,11075195,1417416261.85,shares,0
2026-09-15,127.25,135.41,127.25,133.17,128.52,15782258,2092814641.97,shares,0
2026-09-16,133.18,137.85,132.38,137.11,133.17,20611003,2799380089.81,shares,0
2026-09-17,137.1,138.84,134.0,134.69,137.11,17092939,2323988574.25,shares,0
2026-09-18,137.8,140.0,134.35,138.83,134.69,22220958,3064587090.13,shares,0
2026-09-21,140.88,141.16,136.68,137.43,138.83,17006747,2356438186.03,shares,0
2026-09-22,140.0,141.0,134.89,135.5,137.08,17905972,2478690623.47,shares,0
2026-09-23,137.0,138.3,135.71,137.28,135.5,11635542,1593800041.0,shares,0
2026-09-24,135.47,136.7,132.55,132.62,137.28,9667927,1296668561.45,shares,0
