date,open,high,low,close,preclose,volume,amount,volume_unit,special_treatment
2014-01-02,21.58,21.99,21.41,21.9,21.51,1705131,37039484.0,shares,0
2014-01-03,21.89,22.08,21.36,21.5,21.9,1454116,31376807.0,shares,0
2014-01-06,21.5,21.88,20.65,20.9,21.5,1591894,33771400.0,shares,0
2014-01-07,20.7,21.3,20.52,20.8,20.9,1286913,26807468.0,shares,0
2014-01-08,20.85,21.19,20.8,21.0,20.8,1896228,39810448.0,shares,0
2014-01-09,21.0,21.09,20.6,20.62,21.0,1283946,26842067.0,shares,0
2014-01-10,20.45,20.7,20.0,20.21,20.62,1823856,37078861.0,shares,0
2014-01-13,20.2,20.49,19.5,20.4,20.21,2266451,45202524.0,shares,0
2014-01-14,20.3,20.8,19.81,20.8,20.4,1948640,39302776.0,shares,0
2014-01-15,20.62,21.16,20.61,21.1,20.8,1718532,36024141.0,shares,0
2014-01-16,21.1,21.55,20.9,20.91,21.1,1494552,31729836.0,shares,0
2014-01-17,20.82,21.2,20.31,20.8,20.91,1002285,20650600.0,shares,0
2014-01-20,20.78,20.78,20.09,20.2,20.8,1356705,27548841.0,shares,0
2014-01-21,20.58,20.75,20.22,20.75,20.2,1824438,37458424.0,shares,0
2014-01-22,20.46,21.44,20.46,21.38,20.75,1479994,31336961.0,shares,0
2014-01-23,21.34,22.35,21.1,22.0,21.38,2447551,53882156.0,shares,0
2014-01-24,21.99,22.7,21.89,22.42,22.0,4204672,94034256.0,shares,0
2014-01-27,22.31,23.0,21.79,22.21,22.42,2372480,53276087.0,shares,0
2014-01-28,22.22,23.95,22.1,23.19,22.21,4855285,112862776.0,shares,0
2014-01-29,23.19,23.3,22.68,22.82,23.19,1739461,39813366.0,shares,0
2014-01-30,22.71,23.18,22.66,22.9,22.82,1322974,30200510.0,shares,0
2014-02-07,22.52,23.05,22.22,22.7,22.9,2520711,57232837.0,shares,0
2014-02-10,22.73,24.87,22.73,24.8,22.7,7896525,190246314.0,shares,0
2014-02-11,24.73,25.72,24.51,25.1,24.8,5572004,139472195.0,shares,0
2014-02-12,25.6,25.8,25.03,25.15,25.1,3731177,94769720.0,shares,0
2014-02-13,25.14,25.3,24.36,24.36,25.15,2576079,64324733.0,shares,0
2014-02-14,24.53,25.25,24.1,25.09,24.36,3245387,80214974.0,shares,0
2014-02-17,25.07,25.7,24.69,25.5,25.09,3495792,88366182.0,shares,0
2014-02-18,25.53,26.23,25.2,25.58,25.5,5290783,136563345.0,shares,0
2014-02-19,25.4,25.86,25.32,25.57,25.58,1897207,48485082.0,shares,0
2014-02-20,25.89,25.95,25.16,25.72,25.57,3011163,76823253.0,shares,0
2014-02-21,25.89,26.72,25.51,25.6,25.72,3416118,89633026.0,shares,0
2014-02-24,25.2,25.2,24.0,24.95,25.6,4129311,101577559.0,shares,0
2014-02-25,24.81,24.99,22.57,22.9,24.95,3666782,87339127.0,shares,0
2014-02-26,22.58,22.9,21.77,22.54,22.9,4003625,88685472.0,shares,0
2014-02-27,22.55,22.78,21.6,21.83,22.54,3641179,80731119.0,shares,0
2014-02-28,21.81,22.14,21.31,22.13,21.83,1999386,43485796.0,shares,0
2014-03-03,22.29,23.56,22.08,22.87,22.13,3171335,72747515.0,shares,0
2014-03-04,22.86,22.95,22.2,22.29,22.87,1746545,39371334.0,shares,0
2014-03-05,22.51,23.03,22.5,22.55,22.29,1270819,28890363.0,shares,0
2014-03-06,22.5,22.86,22.06,22.23,22.55,1695127,38019452.0,shares,0
2014-03-07,22.24,22.7,22.11,22.21,22.23,1222481,27379294.0,shares,0
2014-03-10,22.0,22.0,20.08,21.8,22.21,2246074,47578039.0,shares,0
2014-03-11,21.46,21.46,20.83,20.94,21.8,1504357,31605569.0,shares,0
2014-03-12,20.9,20.9,20.17,20.67,20.94,1986263,40654428.0,shares,0
2014-03-13,20.67,20.98,20.47,20.95,20.67,1174322,24358236.0,shares,0
2014-03-14,20.94,20.94,19.95,20.35,20.95,2031264,41150367.0,shares,0
2014-03-17,20.34,20.8,19.95,20.32,20.35,3260505,65852852.0,shares,0
2014-03-18,20.33,20.41,19.91,20.33,20.32,4707847,94581043.0,shares,0
2014-03-19,20.31,20.31,19.3,19.83,20.33,4076785,80832202.0,shares,0
2014-03-20,19.69,20.0,18.8,18.8,19.83,4236052,82283357.0,shares,0
2014-03-21,18.9,19.18,18.13,19.0,18.8,4770415,89018555.0,shares,0
2014-03-24,19.05,19.38,18.89,19.26,19.0,2223788,42700127.0,shares,0
2014-03-25,19.28,19.29,18.43,18.75,19.26,2878284,53925576.0,shares,0
2014-03-26,18.75,18.9,18.47,18.5,18.75,2751272,51396212.0,shares,0
2014-03-27,18.55,18.85,18.47,18.56,18.5,2259150,42098616.0,shares,0
2014-03-28,18.58,19.0,17.11,18.0,18.56,6856399,124337809.0,shares,0
2014-03-31,17.87,18.83,17.65,18.03,18.0,5536481,100952601.0,shares,0
2014-04-01,18.5,19.83,18.45,19.78,18.03,7815470,152952286.0,shares,0
2014-04-02,19.73,19.98,19.24,19.78,19.78,4787829,94428367.0,shares,0
2014-04-03,19.65,19.9,19.51,19.7,19.78,2191908,43251144.0,shares,0
2014-04-04,19.86,19.9,19.61,19.81,19.7,1585714,31319464.0,shares,0
2014-04-08,19.8,20.16,19.62,20.12,19.81,2379859,47185269.0,shares,0
2014-04-09,20.23,20.23,19.7,19.89,20.12,2155944,42932397.0,shares,0
2014-04-10,19.78,20.06,19.77,19.83,19.89,1614923,32149874.0,shares,0
2014-04-11,19.88,19.88,19.51,19.7,19.83,1244920,24453738.0,shares,0
2014-04-14,19.72,19.95,19.65,19.75,19.7,1835062,36268405.0,shares,0
2014-04-15,19.78,20.75,19.55,20.35,19.75,5048412,102322143.0,shares,0
2014-04-16,20.34,21.3,20.16,20.88,20.35,4116131,85974843.0,shares,0
2014-04-17,20.88,21.25,20.69,20.89,20.88,2119113,44455768.0,shares,0
2014-04-18,20.86,20.97,20.65,20.78,20.89,1281889,26631691.0,shares,0
2014-04-21,20.7,21.2,20.6,20.75,20.78,1446331,30298435.0,shares,0
2014-04-22,20.75,20.83,19.55,19.8,20.75,3611431,71943847.0,shares,0
2014-04-23,19.78,20.2,19.7,20.02,19.8,1579455,31522507.0,shares,0
2014-04-24,20.02,20.27,19.72,20.02,20.02,1308448,26203482.0,shares,0
2014-04-25,20.02,20.43,19.68,20.04,20.02,2413710,48285945.0,shares,0
2014-04-28,19.81,20.04,19.0,19.73,20.04,1402823,27315604.0,shares,0
2014-04-29,19.5,19.9,19.41,19.87,19.73,877590,17261365.0,shares,0
2014-04-30,19.92,19.97,19.59,19.77,19.87,871415,17232621.0,shares,0
2014-05-05,19.65,19.87,19.02,19.5,19.77,1663027,32241921.0,shares,0
2014-05-06,19.4,19.56,19.19,19.5,19.5,1576474,30585407.0,shares,0
2014-05-07,19.52,19.55,18.7,18.72,19.5,1726092,32924593.0,shares,0
2014-05-08,18.61,18.96,18.38,18.93,18.72,1303443,24367649.0,shares,0
2014-05-09,18.73,18.85,18.16,18.65,18.93,1795352,33018644.0,shares,0
2014-05-12,18.63,19.0,18.31,19.0,18.65,1966566,36791393.0,shares,0
2014-05-13,18.97,18.97,18.24,18.45,19.0,2678731,49496769.0,shares,0
2014-05-14,18.36,18.77,18.3,18.5,18.45,980426,18185995.0,shares,0
2014-05-15,18.33,18.6,17.76,18.38,18.5,1899265,34522021.0,shares,0
2014-05-16,18.21,18.32,17.58,18.08,18.38,1233982,22105120.0,shares,0
2014-05-19,18.1,18.28,17.92,18.24,18.08,743158,13429205.0,shares,0
2014-05-20,18.26,18.39,17.35,17.74,18.24,1997078,35507612.0,shares,0
2014-05-21,17.64,18.35,17.5,18.21,17.74,2526820,45518224.0,shares,0
2014-05-22,18.15,18.42,18.0,18.02,18.21,1048134,19108680.0,shares,0
2014-05-23,18.03,18.33,17.98,18.32,18.02,1145238,20747513.0,shares,0
2014-05-26,18.3,18.9,18.15,18.38,18.32,2201142,40648193.0,shares,0
2014-05-27,18.38,18.43,18.03,18.21,18.38,1622327,29621362.0,shares,0
2014-05-28,18.03,19.35,18.03,19.13,18.21,3557480,67245841.0,shares,0
2014-05-29,19.09,19.79,19.0,19.3,19.13,3124585,60787728.0,shares,0
2014-05-30,19.45,19.7,19.07,19.51,19.3,2515485,48874152.0,shares,0
2014-06-03,19.49,19.65,19.0,19.0,19.51,2482797,47818323.0,shares,0
2014-06-04,19.1,19.11,17.81,18.3,19.0,4438647,80951220.0,shares,0
2014-06-05,18.17,18.44,18.02,18.33,18.3,1645492,30086655.0,shares,0
2014-06-06,18.26,18.55,17.89,18.22,18.33,1499434,27242297.0,shares,0
2014-06-09,18.11,18.23,17.95,18.16,18.22,873755,15773009.0,shares,0
2014-06-10,18.14,18.4,18.08,18.31,18.16,1360573,24838052.0,shares,0
2014-06-11,18.34,18.35,18.11,18.24,18.31,1110388,20218618.0,shares,0
2014-06-12,18.25,18.25,18.01,18.13,18.24,942793,17066085.0,shares,0
2014-06-13,18.24,18.46,18.17,18.41,18.13,2003919,36659982.0,shares,0
2014-06-16,18.5,19.2,18.43,18.98,18.41,2500316,47325810.0,shares,0
2014-06-17,18.98,19.1,18.6,18.6,18.98,1427700,26787664.0,shares,0
2014-06-18,18.59,18.66,18.26,18.47,18.6,962020,17723229.0,shares,0
2014-06-19,18.48,18.76,17.93,18.2,18.47,1337007,24586506.0,shares,0
2014-06-20,18.07,18.34,18.04,18.25,18.2,780475,14164830.0,shares,0
2014-06-23,18.25,18.45,18.03,18.2,18.25,1220872,22297304.0,shares,0
2014-06-24,18.4,19.06,18.31,18.78,18.2,3058619,57532678.0,shares,0
2014-06-25,19.55,19.7,18.8,18.8,18.78,5294539,102226204.0,shares,0
2014-06-26,18.7,19.15,18.48,19.01,18.8,2593567,49009466.0,shares,0
2014-06-27,19.04,19.49,19.04,19.4,19.01,2375562,46018184.0,shares,0
2014-06-30,19.45,20.2,19.36,20.06,19.4,4179508,82922385.0,shares,0
2014-07-01,20.07,20.2,19.8,19.95,20.06,3140798,62605146.0,shares,0
2014-07-02,19.98,20.13,19.84,19.99,19.95,2746410,54890276.0,shares,0
2014-07-03,19.94,19.95,19.7,19.85,19.99,1876150,37203940.0,shares,0
2014-07-04,19.89,20.35,19.66,20.03,19.75,2643897,52977760.0,shares,0
2014-07-07,20.09,20.09,19.78,19.86,20.03,1521943,30301245.0,shares,0
2014-07-08,19.88,19.9,19.65,19.9,19.86,1420483,28139023.0,shares,0
2014-07-09,19.82,20.73,19.8,20.14,19.9,4810577,97789431.0,shares,0
2014-07-10,20.13,20.46,19.61,19.94,20.14,3320152,66446114.0,shares,0
2014-07-11,19.95,19.95,19.63,19.91,19.94,2138862,42291851.0,shares,0
2014-07-14,19.8,20.15,19.8,20.08,19.91,1645217,32873045.0,shares,0
2014-07-15,20.02,20.98,19.91,20.47,20.08,2359062,48264387.0,shares,0
2014-07-16,20.2,22.0,20.06,21.93,20.47,4328521,91347907.0,shares,0
2014-07-17,21.5,21.8,21.23,21.64,21.93,3442744,74225504.0,shares,0
2014-07-18,21.65,21.65,21.2,21.35,21.64,2762469,59141087.0,shares,0
2014-07-21,21.38,21.89,20.83,21.09,21.35,3877672,83438536.0,shares,0
2014-07-22,21.11,21.45,20.6,21.1,21.09,2153673,45673467.0,shares,0
2014-07-23,21.0,21.13,20.43,20.69,21.1,2998627,61896765.0,shares,0
2014-07-24,20.85,20.85,19.68,19.87,20.69,3060974,61293591.0,shares,0
2014-07-25,19.86,20.26,19.86,20.1,19.87,1532068,30756520.0,shares,0
2014-07-28,20.27,20.28,19.5,20.1,20.1,3007020,59730509.0,shares,0
2014-07-29,20.09,20.29,19.93,20.14,20.1,2882070,57984354.0,shares,0
2014-07-30,20.16,20.64,20.0,20.59,20.14,2647229,53868274.0,shares,0
2014-07-31,20.7,21.15,20.41,20.82,20.59,2550502,53091214.0,shares,0
2014-08-01,20.82,21.3,20.62,21.0,20.82,3873158,81237381.0,shares,0
2014-08-04,21.0,21.43,20.85,21.22,21.0,2158671,45793042.0,shares,0
2014-08-05,21.25,21.58,21.09,21.54,21.22,2314610,49299643.0,shares,0
2014-08-06,21.55,21.99,21.4,21.78,21.54,2300276,50062690.0,shares,0
2014-08-07,21.77,21.95,21.31,21.31,21.78,2717858,58428106.0,shares,0
2014-08-08,21.28,21.42,21.05,21.33,21.31,1704565,36211858.0,shares,0
2014-08-11,21.33,21.88,21.21,21.85,21.33,2168653,47165682.0,shares,0
2014-08-12,21.8,22.5,21.63,22.35,21.85,3007170,66746691.0,shares,0
2014-08-13,22.55,22.65,21.92,22.23,22.35,2344472,51911240.0,shares,0
2014-08-14,22.15,22.3,22.0,22.12,22.23,1643039,36351843.0,shares,0
2014-08-15,22.2,22.3,21.9,22.13,22.12,1956118,43248694.0,shares,0
2014-08-18,22.13,22.65,21.8,22.62,22.13,2973068,66719262.0,shares,0
2014-08-19,22.62,23.19,22.51,23.08,22.62,2662801,61343598.0,shares,0
2014-08-20,23.07,23.1,22.79,22.82,23.08,3861806,88770810.0,shares,0
2014-08-21,22.85,23.09,22.35,22.61,22.82,2509084,56813433.0,shares,0
2014-08-22,22.74,23.44,22.5,23.32,22.61,3182233,73021246.0,shares,0
2014-08-25,23.26,23.47,22.81,22.83,23.32,1636956,37743865.0,shares,0
2014-08-26,22.8,22.93,22.1,22.44,22.83,3281488,73655863.0,shares,0
2014-08-27,22.41,22.59,22.35,22.45,22.44,1781127,39949232.0,shares,0
2014-08-28,22.41,22.76,22.36,22.57,22.45,1330044,30016770.0,shares,0
2014-08-29,22.58,22.76,22.5,22.6,22.57,1055398,23835178.0,shares,0
2014-09-01,22.6,23.09,22.6,23.0,22.6,1782727,40832600.0,shares,0
2014-09-02,23.01,23.45,22.68,23.29,23.0,1898987,43788639.0,shares,0
2014-09-03,23.35,23.49,22.88,23.15,23.29,3640138,83824010.0,shares,0
2014-09-04,23.11,23.15,22.88,23.11,23.15,1339580,30849043.0,shares,0
2014-09-05,23.08,24.0,22.72,23.89,23.11,3693596,86334108.0,shares,0
2014-09-09,23.82,23.82,23.33,23.62,23.89,1762878,41545551.0,shares,0
2014-09-10,23.7,23.7,23.35,23.53,23.62,1566272,36781927.0,shares,0
2014-09-11,23.53,23.79,23.05,23.18,23.53,2203740,51567291.0,shares,0
2014-09-12,23.12,23.77,23.12,23.75,23.18,2071487,48830765.0,shares,0
2014-09-15,23.71,23.85,23.39,23.72,23.75,2704932,63877875.0,shares,0
2014-09-16,23.6,23.66,22.22,22.5,23.72,4351118,99300145.0,shares,0
2014-09-17,22.44,22.58,21.6,22.22,22.5,3626816,80032901.0,shares,0
2014-09-18,22.14,23.29,21.93,22.29,22.22,2824117,63513810.0,shares,0
2014-09-19,22.29,22.7,22.28,22.63,22.29,1146574,25778778.0,shares,0
2014-09-22,22.75,22.96,22.22,22.9,22.63,2717301,61369216.0,shares,0
2014-09-23,22.8,24.44,22.71,24.08,22.9,7029286,166791152.0,shares,0
2014-09-24,23.98,24.56,23.77,24.39,24.08,3651413,89017196.0,shares,0
2014-09-25,24.31,24.95,23.95,24.0,24.39,3053226,74588590.0,shares,0
2014-09-26,24.1,24.45,23.91,24.27,24.0,1980916,47855964.0,shares,0
2014-09-29,24.31,25.08,24.3,24.8,24.27,2329932,57634326.0,shares,0
2014-09-30,24.75,25.29,24.67,25.04,24.8,2109747,52817577.0,shares,0
2014-10-08,25.0,25.8,24.66,25.35,25.04,4435658,112159916.0,shares,0
2014-10-09,25.18,25.36,24.51,24.86,25.35,3658331,90946888.0,shares,0
2014-10-10,24.8,24.93,24.61,24.8,24.86,1511578,37458997.0,shares,0
2014-10-13,24.82,24.82,24.0,24.24,24.8,2691136,64988184.0,shares,0
2014-10-14,24.39,24.62,23.9,24.0,24.24,2920142,70807192.0,shares,0
2014-10-15,24.2,25.3,24.2,25.14,24.0,5509290,136636660.0,shares,0
2014-10-16,25.08,25.48,24.9,25.02,25.14,3259802,82188388.0,shares,0
2014-10-17,25.03,25.34,24.4,25.18,25.02,3224105,79887275.0,shares,0
2014-10-20,25.18,25.49,24.93,25.26,25.18,2338449,58813824.0,shares,0
2014-10-21,25.16,25.79,25.03,25.18,25.26,2033372,51710699.0,shares,0
2014-10-22,25.24,25.29,24.4,24.68,25.18,2340768,57891918.0,shares,0
2014-10-23,24.55,24.69,24.02,24.34,24.68,1721451,41704587.0,shares,0
2014-10-24,24.34,25.18,24.25,24.97,24.34,2367641,58808447.0,shares,0
2014-10-27,24.97,25.03,24.47,24.98,24.97,1565701,38894888.0,shares,0
2014-10-28,25.01,25.43,25.01,25.35,24.98,2206871,55759046.0,shares,0
2014-10-29,25.38,26.48,25.27,26.44,25.35,4303616,111320782.0,shares,0
2014-10-30,26.4,26.7,26.1,26.42,26.44,2270497,59792549.0,shares,0
2014-10-31,26.42,26.47,25.45,25.56,26.42,2423679,62622398.0,shares,0
2014-11-03,25.58,25.95,25.33,25.95,25.56,1922566,49380873.0,shares,0
2014-11-04,25.91,26.22,25.61,25.86,25.95,2068078,53518681.0,shares,0
2014-11-05,25.85,25.9,25.4,25.88,25.86,857065,22013732.0,shares,0
2014-11-06,25.85,26.07,25.67,26.0,25.88,853120,22086052.0,shares,0
2014-11-07,26.02,26.73,25.76,25.77,26.0,3601591,94657637.0,shares,0
2014-11-10,25.81,26.06,25.2,25.8,25.77,2575662,66155031.0,shares,0
2014-11-11,25.76,25.76,24.42,24.66,25.8,2254994,56265840.0,shares,0
2014-11-12,24.67,25.0,24.55,24.86,24.66,1065598,26467174.0,shares,0
2014-11-13,24.8,24.99,24.36,24.81,24.86,1371205,33744536.0,shares,0
2014-11-14,24.92,24.92,24.22,24.49,24.81,1545850,37753520.0,shares,0
2014-11-17,24.5,25.4,24.39,24.97,24.49,2032659,50579426.0,shares,0
2014-11-18,24.97,25.1,24.5,24.9,24.97,644907,16016984.0,shares,0
2014-11-19,24.99,25.55,24.87,25.29,24.9,2695014,67959076.0,shares,0
2014-11-20,25.29,25.3,24.97,25.3,25.29,1399785,35173778.0,shares,0
2014-11-21,25.34,25.58,25.12,25.31,25.3,1365301,34650156.0,shares,0
2014-11-24,25.31,25.98,25.0,25.88,25.31,3760251,95720023.0,shares,0
2014-11-25,25.98,26.19,25.8,25.98,25.88,1391622,36187311.0,shares,0
2014-11-26,25.99,26.0,25.47,25.8,25.98,1764119,45301102.0,shares,0
2014-11-27,25.73,25.99,25.52,25.65,25.8,1305064,33559088.0,shares,0
2014-11-28,25.68,26.46,25.1,26.25,25.65,3059574,79360692.0,shares,0
2014-12-01,26.22,26.73,25.33,25.97,26.25,2643795,68460478.0,shares,0
2014-12-02,25.83,26.07,25.5,25.8,25.97,1590714,41075436.0,shares,0
2014-12-03,25.82,25.82,25.3,25.58,25.8,2338115,59572039.0,shares,0
2014-12-04,25.66,26.1,25.51,25.79,25.58,2475783,64076938.0,shares,0
2014-12-05,25.85,25.88,24.88,25.85,25.79,4463214,113191414.0,shares,0
2014-12-08,25.88,25.88,25.44,25.75,25.85,3267581,83640593.0,shares,0
2014-12-09,25.74,25.75,24.98,24.98,25.75,2555442,64869567.0,shares,0
2014-12-10,24.98,25.3,24.06,25.01,24.98,1966917,48774424.0,shares,0
2014-12-11,25.01,25.33,24.57,25.08,25.01,1774745,44570331.0,shares,0
2014-12-12,25.18,27.59,24.93,27.59,25.08,4934642,130494239.0,shares,0
2014-12-15,27.99,29.09,27.5,28.6,27.59,5459494,155306022.0,shares,0
2014-12-16,28.4,30.35,28.2,29.3,28.6,3496850,101473788.0,shares,0
2014-12-17,29.38,29.38,28.6,28.66,29.3,2260472,65184192.0,shares,0
2014-12-18,28.65,29.8,28.3,28.76,28.66,2846134,82463122.0,shares,0
2014-12-19,28.76,29.0,27.85,28.07,28.76,2057635,58041275.0,shares,0
2014-12-22,28.01,28.01,26.35,27.12,28.07,2222623,59763091.0,shares,0
2014-12-23,27.05,27.37,26.48,26.48,27.12,1550866,41598386.0,shares,0
2014-12-24,26.51,27.45,26.4,26.52,26.48,2790505,74609155.0,shares,0
2014-12-25,26.61,27.25,26.61,26.94,26.52,1243087,33498386.0,shares,0
2014-12-26,26.8,27.9,26.61,27.86,26.94,5844787,157398566.0,shares,0
2014-12-29,28.01,28.17,26.8,27.08,27.86,3126362,85357642.0,shares,0
2014-12-30,27.0,27.19,25.85,26.04,27.08,2656545,70006724.0,shares,0
2014-12-31,26.1,26.35,24.51,26.1,26.04,6591269,166564186.0,shares,0
2015-01-05,25.98,25.98,24.71,25.06,26.1,2550619,63962172.0,shares,0
2015-01-06,25.06,25.48,24.36,25.41,25.06,4512896,111706885.0,shares,0
2015-01-07,25.39,25.5,24.9,25.03,25.41,1879034,47201099.0,shares,0
2015-01-08,25.03,25.5,24.83,25.05,25.03,2427116,60984742.0,shares,0
2015-01-09,25.05,25.42,24.78,24.82,25.05,2281313,57134951.0,shares,0
2015-01-12,24.83,24.88,22.99,23.58,24.82,3541405,85263781.0,shares,0
2015-01-13,23.64,23.74,22.96,23.32,23.58,2624020,61075098.0,shares,0
2015-01-14,23.5,24.15,23.2,24.1,23.32,2384728,56635784.0,shares,0
2015-01-15,24.18,24.39,23.72,23.8,24.1,1326803,31723694.0,shares,0
2015-01-16,23.8,23.97,23.25,23.75,23.8,1717988,40382661.0,shares,0
2015-01-19,23.12,23.99,23.11,23.9,23.75,2075620,48841122.0,shares,0
2015-01-20,23.79,24.74,23.62,24.28,23.9,3019133,73091604.0,shares,0
2015-01-21,24.35,24.9,24.2,24.79,24.28,2044000,50332930.0,shares,0
2015-01-22,24.8,25.48,24.71,25.4,24.79,2510393,62998620.0,shares,0
2015-01-23,25.44,25.45,24.8,24.83,25.4,1411238,35438776.0,shares,0
2015-01-26,24.83,25.06,24.5,24.9,24.83,1770760,43902011.0,shares,0
2015-01-27,24.94,25.02,24.52,24.8,24.9,1681265,41711114.0,shares,0
2015-01-28,24.8,25.54,24.45,25.45,24.8,2703901,67742654.0,shares,0
2015-01-29,25.25,26.51,25.11,26.42,25.45,6892558,179212888.0,shares,0
2015-01-30,26.4,26.4,25.36,25.68,26.42,2989741,76957265.0,shares,0
2015-02-02,25.4,25.6,24.21,24.52,25.68,1592590,39370970.0,shares,0
2015-02-03,24.53,24.9,24.31,24.61,24.52,1620255,39876087.0,shares,0
2015-02-04,24.78,24.78,24.31,24.67,24.61,1804981,44289498.0,shares,0
2015-02-05,24.72,24.83,24.34,24.4,24.67,1612487,39690323.0,shares,0
2015-02-06,24.4,24.75,24.23,24.59,24.4,1853919,45502482.0,shares,0
2015-02-09,24.59,25.14,24.5,24.7,24.59,1231510,30604078.0,shares,0
2015-02-10,24.7,24.79,24.25,24.59,24.7,821660,20190781.0,shares,0
2015-02-11,24.79,25.3,24.65,25.16,24.59,1695044,42399792.0,shares,0
2015-02-12,25.19,25.38,25.1,25.12,25.16,1194360,30087092.0,shares,0
2015-02-13,25.2,26.8,25.14,26.72,25.12,7179156,187840179.0,shares,0
2015-02-16,26.72,29.39,26.7,28.96,26.72,13908316,403239472.0,shares,0
2015-02-17,28.55,29.33,27.7,28.43,28.96,6391477,182984231.0,shares,0
2015-02-25,28.44,28.8,27.91,28.6,28.43,2447838,69215819.0,shares,0
2015-02-26,28.65,29.1,28.13,28.24,28.6,3074027,87682690.0,shares,0
2015-02-27,28.3,28.8,27.49,27.5,28.24,3434662,95989924.0,shares,0
2015-03-02,28.1,29.31,27.7,28.89,27.5,5363759,152977872.0,shares,0
2015-03-03,28.89,29.4,28.62,28.96,28.89,4618735,134308962.0,shares,0
2015-03-04,28.91,30.52,28.91,29.49,28.96,7557448,226489935.0,shares,0
2015-03-05,29.49,29.88,28.72,28.95,29.49,2757769,80224602.0,shares,0
2015-03-06,29.0,29.08,27.99,28.14,28.95,2871832,81027666.0,shares,0
2015-03-09,28.15,28.32,28.02,28.22,28.14,1756163,49457817.0,shares,0
2015-03-10,28.26,28.57,28.06,28.4,28.22,1628021,46046517.0,shares,0
2015-03-11,28.47,28.47,27.41,27.79,28.4,3451093,95564794.0,shares,0
2015-03-12,27.77,29.97,27.25,29.0,27.79,5426123,154961774.0,shares,0
2015-03-13,29.03,29.03,28.29,28.45,29.0,2784298,79539314.0,shares,0
2015-03-16,28.45,29.15,28.2,28.81,28.45,4442883,126911880.0,shares,0
2015-03-17,28.86,30.03,28.81,29.36,28.81,6480102,190964194.0,shares,0
2015-03-18,29.35,30.3,29.3,29.93,29.36,5116024,152201879.0,shares,0
2015-03-19,29.92,29.92,29.2,29.33,29.93,3658177,107968934.0,shares,0
2015-03-20,29.3,29.45,28.0,29.43,29.33,5819768,168986604.0,shares,0
2015-03-23,29.4,29.4,28.86,29.11,29.43,8343980,242189589.0,shares,0
2015-03-24,29.1,31.08,29.1,31.01,29.11,13444838,405344448.0,shares,0
2015-03-25,31.11,31.15,30.0,30.49,31.01,6634869,202441871.0,shares,0
2015-03-26,30.3,30.3,29.07,29.92,30.49,6460454,191033377.0,shares,0
2015-03-27,29.82,30.95,29.53,30.9,29.92,5946117,180367361.0,shares,0
2015-03-30,30.95,31.33,29.9,30.72,30.9,7015601,214013053.0,shares,0
2015-03-31,30.78,31.19,30.28,30.61,30.72,9127226,280864016.0,shares,0
2015-04-01,30.49,30.85,30.08,30.7,30.61,5622996,171264835.0,shares,0
2015-04-02,30.73,30.89,30.1,30.61,30.7,5861791,178737828.0,shares,0
2015-04-03,30.56,31.75,30.22,31.38,30.61,9507954,295833120.0,shares,0
2015-04-07,31.58,33.56,31.32,32.45,31.38,7497439,242917290.0,shares,0
2015-04-08,32.5,32.74,31.1,31.8,32.45,6233753,198495349.0,shares,0
2015-04-09,31.75,31.75,30.12,30.85,31.8,4670666,143536141.0,shares,0
2015-04-10,30.9,31.78,30.54,31.53,30.85,4681205,146760568.0,shares,0
2015-04-13,31.91,32.31,31.5,31.72,31.53,5679900,180763331.0,shares,0
2015-04-14,31.64,31.64,30.6,31.0,31.72,4599267,143169405.0,shares,0
2015-04-15,31.3,31.3,29.8,30.04,31.0,4320835,130857577.0,shares,0
2015-04-16,29.92,30.6,28.82,30.51,30.04,3940664,117641483.0,shares,0
2015-04-17,30.53,30.63,29.88,30.07,30.51,4706778,142250017.0,shares,0
2015-04-20,29.7,30.28,29.0,29.5,30.07,5471059,161946141.0,shares,0
2015-04-21,29.51,30.74,29.51,30.42,29.5,5116657,155063162.0,shares,0
2015-04-22,30.42,31.88,30.39,31.09,30.42,4988485,155826195.0,shares,0
2015-04-23,31.15,31.86,30.85,31.49,31.09,6394799,200835224.0,shares,0
2015-04-24,31.1,31.75,30.0,31.72,31.49,7388290,230586286.0,shares,0
2015-04-27,31.78,33.49,31.78,32.62,31.72,10411545,338573168.0,shares,0
2015-04-28,32.71,32.71,31.41,32.4,32.62,6106798,196616484.0,shares,0
2015-04-29,32.19,34.88,31.9,34.4,32.4,8867720,298786192.0,shares,0
2015-04-30,34.4,37.23,34.01,36.57,34.4,9195587,333228368.0,shares,0
2015-05-04,36.55,37.48,35.87,36.5,36.57,4550606,166845912.0,shares,0
2015-05-05,36.48,37.2,34.81,35.98,36.5,5293598,190259510.0,shares,0
2015-05-06,35.9,36.1,33.0,33.88,35.98,4865552,169682848.0,shares,0
2015-05-07,34.06,35.36,33.1,33.99,33.88,4015305,137971955.0,shares,0
2015-05-08,34.23,35.7,34.01,35.55,33.99,4503690,156318820.0,shares,0
2015-05-11,35.62,36.69,35.01,36.55,35.55,6531254,234772292.0,shares,0
2015-05-12,36.55,36.9,36.13,36.9,36.55,4123263,150734692.0,shares,0
2015-05-13,36.87,38.75,36.2,37.51,36.9,4987545,188798110.0,shares,0
2015-05-14,37.43,38.25,36.58,37.0,37.51,4416611,165131145.0,shares,0
2015-05-15,36.94,38.11,36.22,36.8,37.0,5032781,187143283.0,shares,0
2015-05-18,36.5,38.26,36.31,37.6,36.8,4686246,175981704.0,shares,0
2015-05-19,38.0,39.95,37.32,39.28,37.6,5743879,222281094.0,shares,0
2015-05-20,39.58,41.1,39.19,40.18,39.28,7937803,319026784.0,shares,0
2015-05-21,40.36,44.2,39.91,44.2,40.18,6906572,297804416.0,shares,0
2015-05-22,45.0,45.68,43.02,44.55,44.2,6110387,269706592.0,shares,0
2015-05-25,44.05,49.0,43.01,47.6,44.55,7136994,335704752.0,shares,0
2015-05-26,47.75,49.66,47.0,49.59,47.6,7621281,371556304.0,shares,0
2015-05-27,49.67,51.48,49.08,50.78,49.59,6576932,330523296.0,shares,0
2015-05-28,50.49,51.57,47.0,47.93,50.78,7949397,389089888.0,shares,0
2015-05-29,48.0,48.7,44.03,48.3,47.93,6911271,325027680.0,shares,0
2015-06-01,48.3,50.7,47.9,49.88,48.3,3740151,183502216.0,shares,0
2015-06-02,49.88,52.5,49.0,52.33,49.88,6800571,345212048.0,shares,0
2015-06-03,53.0,57.56,51.8,57.56,52.33,10085081,556388736.0,shares,0
2015-06-04,58.58,58.88,53.13,54.03,57.56,10134984,574695504.0,shares,0
2015-06-05,55.15,57.88,55.0,56.69,54.03,8822159,495508000.0,shares,0
2015-06-08,56.1,57.0,52.5,56.37,56.69,5295621,289055136.0,shares,0
2015-06-09,56.1,56.56,53.79,54.75,56.37,3943430,216455745.0,shares,0
2015-06-10,54.0,56.39,53.0,55.45,54.75,3277601,181572968.0,shares,0
2015-06-11,55.55,56.86,55.0,56.78,55.45,4269325,240057621.0,shares,0
2015-06-12,56.78,60.3,56.77,59.6,56.78,5460642,324993568.0,shares,0
2015-06-15,60.3,60.3,53.64,53.64,59.6,6781572,384929984.0,shares,0
2015-06-16,53.65,54.21,51.3,52.0,53.64,5544540,290572864.0,shares,0
2015-06-17,52.65,53.9,47.25,52.2,52.0,6836403,342111696.0,shares,0
2015-06-18,53.0,53.0,49.01,49.88,52.2,3273219,166773963.0,shares,0
2015-06-19,49.0,50.8,46.02,48.15,49.88,3799403,184527884.0,shares,0
2015-06-23,48.15,49.23,44.01,46.97,48.15,3567025,165425009.0,shares,0
2015-06-24,46.97,48.0,44.99,46.7,46.97,3671657,170975864.0,shares,0
2015-06-25,46.9,47.61,44.5,44.8,46.7,3579785,165683521.0,shares,0
2015-06-26,43.1,43.5,40.32,40.32,44.8,3190975,131616818.0,shares,0
2015-06-29,41.0,41.45,36.29,36.29,40.32,4909208,182663655.0,shares,0
2015-06-30,32.8,38.4,32.66,38.0,36.29,7642067,266724492.0,shares,0
2015-07-01,36.9,38.35,34.2,34.2,38.0,4989645,181162184.0,shares,0
2015-07-02,33.5,33.5,30.78,30.78,34.2,4247450,133223047.0,shares,0
2015-07-03,27.73,31.78,27.7,27.7,30.78,8647618,242255768.0,shares,0
2015-07-06,29.11,30.4,24.93,24.93,27.7,14643875,381455552.0,shares,0
2015-07-07,22.48,23.2,22.44,22.44,24.93,2824522,63509304.0,shares,0
2015-07-08,20.2,23.68,20.2,22.3,22.44,34643128,722356272.0,shares,0
2015-07-09,21.8,24.53,21.0,24.53,22.3,10051429,232465554.0,shares,0
2015-07-10,25.99,26.98,25.55,26.98,24.53,3657197,97582501.0,shares,0
2015-07-13,29.0,29.68,27.1,29.68,26.98,8042118,232067533.0,shares,0
2015-07-14,29.67,32.22,28.18,30.79,29.68,12721482,387485760.0,shares,0
2015-07-15,29.9,29.92,27.71,27.71,30.79,5780887,164682367.0,shares,0
2015-07-16,27.71,29.6,24.95,27.87,27.71,7001797,193716637.0,shares,0
2015-07-17,27.91,30.37,27.9,29.82,27.87,5292024,155594392.0,shares,0
2015-07-20,29.8,31.37,29.2,29.7,29.82,6297081,190288021.0,shares,0
2015-07-21,29.33,30.63,28.1,30.13,29.7,4444243,132745537.0,shares,0
2015-07-22,29.9,31.99,29.43,31.9,30.13,7067255,216760710.0,shares,0
2015-07-23,32.2,33.0,30.78,32.65,31.9,6357601,204516238.0,shares,0
2015-07-24,32.45,35.5,31.12,32.6,32.65,7890919,264508290.0,shares,0
2015-07-27,31.91,33.49,29.34,29.34,32.6,6534428,205903706.0,shares,0
2015-07-28,28.3,30.47,26.41,27.16,29.34,6974356,191876201.0,shares,0
2015-07-29,27.62,29.1,26.61,29.05,27.16,4177345,115279200.0,shares,0
2015-07-30,29.19,30.53,27.95,29.18,29.05,4588923,135855826.0,shares,0
2015-07-31,28.59,29.29,27.54,29.1,29.18,3068201,87968710.0,shares,0
2015-08-03,28.79,28.85,26.3,27.6,29.1,3559131,98676512.0,shares,0
2015-08-04,27.9,30.2,24.84,30.08,27.6,5186887,146505547.0,shares,0
2015-08-05,29.21,30.58,28.91,29.0,30.08,3943015,116961717.0,shares,0
2015-08-06,28.5,29.2,27.0,28.0,29.0,2488798,70678294.0,shares,0
2015-08-07,28.5,29.18,28.12,28.98,28.0,2827621,81443071.0,shares,0
2015-08-10,29.05,31.88,29.05,31.88,28.98,4888242,151439815.0,shares,0
2015-08-11,32.68,33.45,31.98,32.99,31.88,6319149,206787421.0,shares,0
2015-08-12,32.2,33.65,32.12,32.38,32.99,3291868,107696517.0,shares,0
2015-08-13,31.53,33.8,31.1,33.52,32.38,4036922,131255564.0,shares,0
2015-08-14,34.0,34.5,32.8,33.66,33.52,4048529,136251101.0,shares,0
2015-08-17,33.1,34.89,32.28,34.65,33.66,6001940,199936397.0,shares,0
2015-08-18,34.64,36.13,31.19,31.19,34.65,6403659,217795879.0,shares,0
2015-08-19,31.19,33.34,28.18,33.1,31.19,4986990,154816248.0,shares,0
2015-08-20,32.68,33.85,31.45,31.82,33.1,4183864,137417877.0,shares,0
2015-08-21,30.73,31.78,29.3,30.6,31.82,3254393,99120689.0,shares,0
2015-08-24,29.0,29.0,27.54,27.54,30.6,1605000,44420413.0,shares,0
2015-08-25,24.79,25.0,24.79,24.79,27.54,1609900,39918769.0,shares,0
2015-08-26,24.79,25.5,22.31,22.31,24.79,5164277,120257296.0,shares,0
2015-08-27,21.92,23.6,20.51,23.47,22.31,4841805,107367603.0,shares,0
2015-08-28,23.46,25.3,23.02,25.3,23.47,4709673,113433768.0,shares,0
2015-08-31,25.0,25.0,22.77,23.5,25.3,3200438,76203948.0,shares,0
2015-09-01,23.0,23.1,21.15,21.15,23.5,2409675,52027539.0,shares,0
2015-09-02,19.25,21.39,19.04,19.04,21.15,4392962,85494220.0,shares,0
2015-09-07,19.5,20.2,19.11,19.16,19.04,2937317,57521413.0,shares,0
2015-09-08,19.17,20.15,18.15,20.0,19.16,4079274,77956166.0,shares,0
2015-09-09,20.29,21.65,20.15,21.5,20.0,5139150,108317496.0,shares,0
2015-09-10,20.68,21.51,20.58,20.63,21.5,2907943,61220877.0,shares,0
2015-09-11,20.7,21.09,20.51,20.9,20.63,2304648,47945640.0,shares,0
2015-09-14,21.16,21.17,18.81,18.81,20.9,3186435,62746087.0,shares,0
2015-09-15,17.9,17.99,16.93,16.93,18.81,3584272,61726421.0,shares,0
2015-09-16,16.93,18.62,16.8,18.62,16.93,4113788,72407485.0,shares,0
2015-09-17,18.6,19.5,18.05,18.05,18.62,3738230,70393495.0,shares,0
2015-09-18,18.15,18.8,17.82,18.45,18.05,2233861,40821275.0,shares,0
2015-09-21,18.28,19.55,18.0,19.45,18.45,2950765,56226311.0,shares,0
2015-09-22,19.48,20.33,19.35,19.8,19.45,4331978,85404841.0,shares,0
2015-09-23,19.45,19.68,19.0,19.35,19.8,3526864,68170529.0,shares,0
2015-09-24,19.39,20.05,19.38,19.9,19.35,3870235,76668709.0,shares,0
2015-09-25,19.83,19.86,18.55,18.76,19.9,3349787,64227787.0,shares,0
2015-09-28,18.69,19.5,18.51,19.37,18.76,2030100,38721287.0,shares,0
2015-09-29,19.04,19.17,18.82,18.98,19.37,1736240,32998300.0,shares,0
2015-09-30,19.08,19.47,19.0,19.28,18.98,1623112,31304133.0,shares,0
2016-01-11,21.21,21.21,21.21,21.21,19.28,129802,2753100.0,shares,0
2016-01-12,23.33,23.33,23.33,23.33,21.21,568161,13255196.0,shares,0
2016-01-13,25.66,25.66,21.3,22.19,23.33,24958548,588680576.0,shares,0
2016-01-14,20.2,24.19,20.2,23.7,22.19,15913576,348726720.0,shares,0
2016-01-15,23.1,25.5,22.88,24.67,23.7,17029844,416967552.0,shares,0
2016-01-18,24.15,27.14,23.9,27.14,24.67,12396209,327949264.0,shares,0
2016-01-19,27.88,29.28,27.1,28.72,27.14,22573461,637506320.0,shares,0
2016-01-20,28.01,28.28,27.0,27.19,28.72,15070830,416749200.0,shares,0
2016-01-21,26.25,26.76,24.47,24.47,27.19,14399253,370464656.0,shares,0
2016-01-22,25.04,26.1,24.4,25.87,24.47,12061459,304688176.0,shares,0
2016-01-25,25.56,28.46,25.56,28.46,25.87,15616582,427009968.0,shares,0
2016-01-26,28.0,30.7,26.88,28.15,28.46,22053205,640968624.0,shares,0
2016-01-27,28.26,29.8,25.52,29.75,28.15,15298096,421938016.0,shares,0
2016-01-28,29.0,30.69,27.01,27.2,29.75,12808084,372956720.0,shares,0
2016-01-29,27.3,28.0,25.83,27.7,27.2,11248088,304537760.0,shares,0
2016-02-01,27.03,27.04,24.93,25.08,27.7,10634371,275808992.0,shares,0
2016-02-02,24.7,26.35,24.61,25.86,25.08,8556118,219851096.0,shares,0
2016-02-03,25.31,25.8,23.51,25.51,25.86,8713495,217130538.0,shares,0
2016-02-04,25.55,28.06,25.55,28.06,25.51,14809493,406407280.0,shares,0
2016-02-05,27.86,28.34,26.82,26.95,28.06,11171077,306031440.0,shares,0
2016-02-15,25.5,27.67,25.5,27.5,26.95,7895287,208744664.0,shares,0
2016-02-16,27.32,29.8,27.3,28.98,27.5,13344605,386078960.0,shares,0
2016-02-17,28.61,31.87,28.34,30.53,28.98,15086480,448804688.0,shares,0
2016-02-18,30.2,31.39,29.49,29.55,30.53,11615448,352130032.0,shares,0
2016-02-19,29.2,30.35,29.0,29.96,29.55,8901216,265048626.0,shares,0
2016-02-22,30.8,31.6,29.89,30.19,29.96,10051369,306691168.0,shares,0
2016-02-23,30.0,30.0,28.59,29.02,30.19,9067748,263656781.0,shares,0
2016-02-24,29.0,29.29,27.85,28.6,29.02,9714739,276679744.0,shares,0
2016-02-25,28.54,28.55,25.74,25.74,28.6,10170148,272569376.0,shares,0
2016-02-26,25.74,26.29,23.31,24.89,25.74,8768047,217416228.0,shares,0
2016-02-29,24.88,25.12,22.4,22.4,24.89,6636181,152018787.0,shares,0
2016-03-01,22.4,22.64,20.31,22.12,22.4,8971412,195020635.0,shares,0
2016-03-02,21.99,24.33,21.5,24.04,22.12,10857231,248409894.0,shares,0
2016-03-03,24.14,24.67,23.5,23.5,24.04,9530139,229039539.0,shares,0
2016-03-04,23.4,23.4,21.21,21.24,23.5,9221446,203696127.0,shares,0
2016-03-07,21.15,22.34,21.15,21.7,21.24,5020215,109573936.0,shares,0
2016-03-08,21.5,21.93,20.01,21.86,21.7,6325219,132527891.0,shares,0
2016-03-09,21.04,21.79,20.8,21.2,21.86,3957274,84488217.0,shares,0
2016-03-10,21.31,21.72,20.71,21.2,21.2,3832333,81363770.0,shares,0
2016-03-11,20.89,21.2,20.55,20.96,21.2,3245161,67774367.0,shares,0
2016-03-14,21.35,22.8,21.2,22.36,20.96,7600349,168151708.0,shares,0
2016-03-15,22.03,23.03,22.01,22.43,22.36,6577840,149153805.0,shares,0
2016-03-16,22.7,22.86,21.58,21.84,22.43,5180319,114577074.0,shares,0
2016-03-17,21.95,23.6,21.95,23.2,21.84,7104711,161077830.0,shares,0
2016-03-18,23.24,25.1,23.24,24.55,23.2,29576262,713652688.0,shares,0
2016-03-21,24.4,27.01,24.2,27.01,24.55,19248098,493091248.0,shares,0
2016-03-22,26.4,28.75,26.0,27.28,27.01,19341760,539166000.0,shares,0
2016-03-23,27.0,27.6,26.2,27.51,27.28,11954159,319522176.0,shares,0
2016-03-24,26.79,27.4,26.02,26.06,27.51,11277924,301663024.0,shares,0
2016-03-25,25.9,26.9,25.5,26.7,26.06,9120277,237475105.0,shares,0
2016-03-28,27.0,27.38,25.7,25.74,26.7,7614223,201839146.0,shares,0
2016-03-29,25.6,26.31,24.73,25.21,25.74,8480756,216032796.0,shares,0
2016-03-30,26.01,27.6,25.5,27.05,25.21,12245496,323828032.0,shares,0
2016-03-31,27.1,28.3,26.51,27.22,27.05,11696872,318197888.0,shares,0
2016-04-01,26.9,26.97,25.99,26.32,27.22,6463419,170827395.0,shares,0
2016-04-05,26.36,27.36,26.0,26.9,26.32,7940822,213167369.0,shares,0
2016-04-06,26.89,27.2,26.5,27.03,26.9,7422689,199888968.0,shares,0
2016-04-07,27.3,27.32,25.81,25.87,27.03,7327562,193323808.0,shares,0
2016-04-08,25.4,25.55,24.3,24.98,25.87,7713530,192698219.0,shares,0
2016-04-11,25.14,25.9,25.14,25.4,24.98,6578979,168171991.0,shares,0
2016-04-12,25.26,25.5,24.7,25.12,25.4,4510635,112715912.0,shares,0
2016-04-13,25.5,25.98,25.21,25.28,25.12,10298619,264381198.0,shares,0
2016-04-14,25.35,26.49,25.31,26.38,25.28,8478147,219315743.0,shares,0
2016-04-15,26.56,27.62,26.46,26.83,26.38,12739207,343180560.0,shares,0
2016-04-18,26.69,26.69,25.5,25.64,26.83,7162824,185270827.0,shares,0
2016-04-19,25.94,25.95,25.08,25.4,25.64,6751189,171253841.0,shares,0
2016-04-20,25.6,25.73,22.86,22.98,25.4,13580836,322360272.0,shares,0
2016-04-21,22.6,22.99,22.01,22.12,22.98,6588406,148968405.0,shares,0
2016-04-22,21.66,22.68,21.57,22.63,22.12,4931803,110295891.0,shares,0
2016-04-25,22.55,22.8,21.98,22.41,22.63,3660264,81827578.0,shares,0
2016-04-26,22.5,23.05,22.35,22.99,22.41,5103736,116474787.0,shares,0
2016-04-27,23.17,23.17,22.6,22.66,22.99,3405964,77905783.0,shares,0
2016-04-28,22.42,23.03,22.06,22.9,22.66,4856719,110080541.0,shares,0
2016-04-29,22.68,22.95,22.53,22.73,22.9,2439053,55455971.0,shares,0
2016-05-03,22.52,23.57,22.52,23.55,22.73,5544814,129149381.0,shares,0
2016-05-04,23.47,25.91,23.26,25.91,23.55,16915689,423432704.0,shares,0
2016-05-05,26.33,26.33,25.0,25.74,25.91,14354252,365642448.0,shares,0
2016-05-06,25.75,25.75,24.06,24.38,25.74,9822377,245273588.0,shares,0
2016-05-09,23.88,23.99,22.76,23.13,24.38,7641626,178531185.0,shares,0
2016-05-10,23.0,24.0,22.91,23.4,23.13,6385514,149755398.0,shares,0
2016-05-11,23.5,23.77,22.75,22.77,23.4,4164526,96735791.0,shares,0
2016-05-19,22.65,23.79,20.55,22.74,22.77,6680669,152044881.0,shares,0
2016-05-20,22.6,23.3,22.01,23.23,22.74,5800542,131486056.0,shares,0
2016-05-23,23.11,24.98,23.03,24.7,23.23,9705246,235442269.0,shares,0
2016-05-24,24.8,24.8,23.62,23.97,24.7,5950728,143358942.0,shares,0
2016-05-25,24.2,25.78,24.2,25.03,23.97,14621244,368070960.0,shares,0
2016-05-26,24.85,25.11,23.7,25.0,25.03,8426424,206324364.0,shares,0
2016-05-27,25.09,26.8,25.08,26.15,25.0,18768318,493515936.0,shares,0
2016-05-30,26.5,28.77,26.06,28.77,26.15,18865452,531926544.0,shares,0
2016-05-31,28.65,30.8,28.11,30.05,28.77,32926487,963032272.0,shares,0
2016-06-01,29.74,33.06,29.74,31.76,30.05,30125931,956576576.0,shares,0
2016-06-02,31.6,33.33,31.27,32.5,31.76,24101279,777847424.0,shares,0
2016-06-03,32.14,32.91,31.78,31.92,32.5,15295200,494902864.0,shares,0
2016-06-06,31.95,32.5,31.32,32.16,31.92,13625441,434899408.0,shares,0
2016-06-07,32.13,32.89,31.5,32.48,32.16,12609426,406149952.0,shares,0
2016-06-08,32.24,33.22,31.58,33.19,32.48,13511006,439259088.0,shares,0
2016-06-13,32.3,34.4,30.02,30.18,33.19,19519449,643463280.0,shares,0
2016-06-14,29.72,30.49,28.82,29.94,30.18,16341710,484619184.0,shares,0
2016-06-15,29.6,32.93,29.6,32.93,29.94,10827149,342828416.0,shares,0
2016-06-16,33.9,36.22,33.42,36.22,32.93,27037699,949838272.0,shares,0
2016-06-17,36.89,37.99,35.5,36.87,36.22,18189146,661376224.0,shares,0
2016-06-20,36.8,40.56,36.07,40.56,36.87,19152054,750740752.0,shares,0
2016-06-21,40.51,42.22,39.5,40.83,40.56,18179306,740806688.0,shares,0
2016-06-22,40.72,41.47,38.5,39.91,40.8,14472586,573004832.0,shares,0
2016-06-23,39.5,40.34,38.35,39.06,39.91,9656558,378134448.0,shares,0
2016-06-24,39.09,42.97,38.6,42.97,39.06,15897011,648694032.0,shares,0
2016-06-27,45.0,46.0,42.26,43.8,42.97,22967459,1008736768.0,shares,0
2016-06-28,43.0,45.26,42.4,43.09,43.8,18504131,810500224.0,shares,0
2016-06-29,42.5,43.1,41.6,42.4,43.09,16553845,699491424.0,shares,0
2016-06-30,42.3,43.34,41.3,41.82,42.4,13631709,574021520.0,shares,0
2016-07-01,41.7,41.94,39.64,40.8,41.82,13565166,551699568.0,shares,0
2016-07-04,40.5,41.2,40.01,40.9,40.8,15544982,630486624.0,shares,0
2016-07-05,41.07,42.96,40.07,42.15,40.9,23928138,996344144.0,shares,0
2016-07-06,41.4,41.58,40.19,40.73,42.15,15705021,641328512.0,shares,0
2016-07-07,40.16,44.35,40.14,43.03,40.73,26071345,1107975344.0,shares,0
2016-07-08,43.0,44.25,41.98,42.12,43.03,17094869,735321504.0,shares,0
2016-07-11,41.3,41.8,40.33,40.68,42.12,13220530,541669632.0,shares,0
2016-07-12,40.57,40.95,36.8,38.8,40.68,19637779,758339744.0,shares,0
2016-07-13,38.64,39.58,38.0,38.45,38.8,13474762,519612560.0,shares,0
2016-07-14,38.56,39.45,38.11,38.64,38.45,9640833,374371824.0,shares,0
2016-07-15,38.65,38.8,36.91,37.2,38.64,14833939,557088960.0,shares,0
2016-07-18,37.45,38.09,36.78,37.4,37.2,8729323,327808560.0,shares,0
2016-07-19,37.8,38.5,36.93,38.5,37.4,11876209,449179632.0,shares,0
2016-07-20,38.2,41.19,38.05,39.75,38.5,20963437,829985200.0,shares,0
2016-07-21,39.3,39.74,38.5,38.55,39.75,8793964,342195280.0,shares,0
2016-07-22,38.35,39.55,37.78,38.08,38.55,8323990,322011344.0,shares,0
2016-07-25,37.59,38.4,36.96,37.35,38.08,6809306,256252476.0,shares,0
2016-07-26,37.35,38.47,36.98,38.27,37.35,10072113,378718912.0,shares,0
2016-07-27,38.4,39.19,36.3,36.9,38.27,14476952,551425520.0,shares,0
2016-07-28,36.75,36.87,34.28,36.0,36.9,13932610,493896768.0,shares,0
2016-07-29,35.89,36.49,34.88,35.6,36.0,8285316,295741856.0,shares,0
2016-08-01,35.0,36.37,33.91,36.07,35.6,7955303,281837184.0,shares,0
2016-08-02,35.58,37.7,35.58,36.95,36.07,10432498,385609248.0,shares,0
2016-08-03,36.95,37.35,36.42,36.61,36.95,5805557,213039451.0,shares,0
2016-08-04,36.7,39.88,36.7,38.85,36.61,15377489,589501760.0,shares,0
2016-08-05,38.28,39.64,38.2,39.11,38.85,12261907,477205280.0,shares,0
2016-08-08,38.9,39.7,38.28,39.42,39.11,7889516,308732544.0,shares,0
2016-08-09,39.69,39.97,38.8,39.46,39.42,8012699,314368176.0,shares,0
2016-08-10,39.07,39.85,38.24,38.27,39.46,8842725,345452224.0,shares,0
2016-08-11,38.02,38.53,36.71,36.83,38.27,8851052,332189792.0,shares,0
2016-08-12,36.29,36.99,35.72,36.88,36.83,7806920,283600240.0,shares,0
2016-08-15,36.99,39.39,36.28,39.0,36.88,13490839,516211552.0,shares,0
2016-08-16,39.0,39.85,38.8,39.02,39.0,10863488,427082736.0,shares,0
2016-08-17,39.16,40.28,38.5,39.46,39.02,10209190,403643440.0,shares,0
2016-08-18,39.39,39.69,38.04,38.39,39.46,9573949,370424048.0,shares,0
2016-08-19,38.48,38.79,37.74,37.84,38.39,6037782,230060039.0,shares,0
2016-08-22,38.01,38.83,37.7,38.1,37.84,6616636,253749799.0,shares,0
2016-08-23,38.0,39.46,37.81,39.3,38.1,9996457,389523792.0,shares,0
2016-08-24,39.45,39.45,38.6,39.15,39.3,6636580,258685487.0,shares,0
2016-08-25,39.45,41.59,38.9,41.0,39.15,21185020,855486272.0,shares,0
2016-08-26,40.37,44.8,40.21,43.36,41.0,24947921,1067771664.0,shares,0
2016-08-29,42.71,43.73,41.89,43.51,43.36,12904096,553627120.0,shares,0
2016-08-30,43.48,44.59,41.0,41.82,43.51,13332509,571208144.0,shares,0
2016-08-31,41.4,41.81,40.41,41.6,41.82,11714726,480446656.0,shares,0
2016-09-01,41.74,41.85,40.1,40.4,41.6,7177987,294477824.0,shares,0
2016-09-02,40.11,40.5,39.11,39.56,40.4,7307251,290818672.0,shares,0
2016-09-05,40.0,40.0,38.09,38.17,39.56,8657201,338414304.0,shares,0
2016-09-06,38.15,39.29,37.8,39.23,38.17,8052546,311137488.0,shares,0
2016-09-07,39.0,39.53,37.71,37.88,39.23,10878601,418130720.0,shares,0
2016-09-08,37.61,38.47,37.61,38.34,37.88,5573156,212665836.0,shares,0
2016-09-09,38.4,38.42,37.7,37.73,38.34,4207154,159997180.0,shares,0
2016-09-12,36.8,36.81,34.37,34.53,37.73,9905310,354180768.0,shares,0
2016-09-13,35.18,35.35,34.47,34.59,34.53,5702349,198112413.0,shares,0
2016-09-14,34.57,35.77,34.21,35.39,34.59,7211145,252923268.0,shares,0
2016-09-19,35.75,36.36,35.41,36.24,35.39,5341763,191611662.0,shares,0
2016-09-20,36.31,36.54,35.87,36.06,36.24,4923899,178074851.0,shares,0
2016-09-21,36.06,36.18,35.55,35.69,36.06,3317474,118752521.0,shares,0
2016-09-22,35.86,36.17,35.28,35.29,35.69,3740960,133139157.0,shares,0
2016-09-23,35.29,35.79,35.03,35.65,35.29,4954675,175444167.0,shares,0
2016-09-26,35.9,35.9,33.8,33.89,35.65,5335749,185545194.0,shares,0
2016-09-27,33.41,34.1,32.71,33.85,33.89,4904797,164012916.0,shares,0
2016-09-28,34.01,34.01,33.28,33.42,33.85,3005218,100883470.0,shares,0
2016-09-29,33.62,34.73,33.26,34.45,33.42,6331530,215870290.0,shares,0
2016-09-30,34.25,34.75,34.08,34.42,34.45,3678691,126432168.0,shares,0
2016-10-10,34.97,36.42,34.61,36.19,34.42,7516738,268969552.0,shares,0
2016-10-11,36.22,36.75,35.92,36.25,36.19,3757891,136433099.0,shares,0
2016-10-12,36.09,36.19,35.45,35.89,36.25,3656586,130820280.0,shares,0
2016-10-13,35.85,36.25,35.47,35.48,35.89,3371925,120625803.0,shares,0
2016-10-14,35.2,35.85,35.2,35.61,35.48,2778346,98810440.0,shares,0
2016-10-17,35.8,36.15,34.73,34.89,35.61,4540462,161548045.0,shares,0
2016-10-18,34.88,36.69,34.6,36.39,34.89,8238731,296619712.0,shares,0
2016-10-19,36.12,36.46,36.01,36.19,36.39,4030201,145841993.0,shares,0
2016-10-20,36.21,36.98,36.03,36.8,36.19,7472909,273662720.0,shares,0
2016-10-21,37.0,37.0,35.45,35.83,36.8,4770893,172030565.0,shares,0
2016-10-24,35.83,36.3,35.0,36.23,35.83,5036794,180056133.0,shares,0
2016-10-25,36.22,36.4,35.65,35.9,36.23,4640891,166559261.0,shares,0
2016-10-26,35.9,35.9,34.88,35.06,35.9,3899211,137477927.0,shares,0
2016-10-27,35.06,35.58,34.86,35.2,35.06,2566426,90142391.0,shares,0
2016-10-28,35.18,35.5,34.6,34.6,35.2,3276311,114556032.0,shares,0
2016-10-31,34.3,34.34,33.6,34.1,34.6,2593724,88229016.0,shares,0
2016-11-01,34.3,34.58,33.83,34.4,34.1,4235091,144586577.0,shares,0
2016-11-02,34.01,34.42,33.8,33.82,34.4,4044453,137684076.0,shares,0
2016-11-03,33.7,34.28,33.68,34.19,33.82,4195597,142910848.0,shares,0
2016-11-04,34.19,34.2,33.58,33.58,34.19,4513248,152741573.0,shares,0
2016-11-07,33.3,35.23,32.75,34.61,33.58,7856226,265081721.0,shares,0
2016-11-08,34.3,35.19,34.3,35.09,34.61,6913295,241819573.0,shares,0
2016-11-09,35.12,35.48,33.6,34.83,35.09,8593536,298685408.0,shares,0
2016-11-10,35.3,35.59,34.87,35.0,34.83,5259043,184763586.0,shares,0
2016-11-11,35.0,35.1,34.0,34.58,35.0,5957979,205401980.0,shares,0
2016-11-14,34.69,35.68,34.58,35.19,34.58,7387873,260784580.0,shares,0
2016-11-15,35.2,35.88,34.8,35.29,35.19,6020390,212919412.0,shares,0
2016-11-16,35.2,35.59,35.11,35.21,35.29,4525679,159818924.0,shares,0
2016-11-17,35.27,35.27,34.3,34.43,35.21,3563711,123160819.0,shares,0
2016-11-18,34.43,34.5,34.02,34.05,34.43,2987255,102083868.0,shares,0
2016-11-21,34.1,34.28,33.3,33.5,34.05,5477443,185051347.0,shares,0
2016-11-22,33.93,34.55,33.51,33.9,33.5,5620419,191820916.0,shares,0
2016-11-23,34.0,34.16,33.56,33.66,33.9,5069513,171527253.0,shares,0
2016-11-24,33.51,33.81,32.6,32.78,33.66,4893528,162639969.0,shares,0
2016-11-25,33.0,33.26,32.28,33.08,32.78,3880660,126861907.0,shares,0
2016-11-28,33.25,33.37,32.44,32.53,33.08,5070907,166288627.0,shares,0
2016-11-29,32.55,32.88,31.31,31.45,32.53,6434806,205003242.0,shares,0
2016-11-30,31.45,31.85,31.0,31.43,31.45,5031988,158483524.0,shares,0
2016-12-01,31.41,31.8,31.31,31.66,31.43,3355720,105933635.0,shares,0
2016-12-02,31.81,31.81,30.38,30.41,31.66,4183383,129814171.0,shares,0
2016-12-05,29.98,30.33,29.39,29.43,30.41,4807121,143133576.0,shares,0
2016-12-06,29.61,29.85,29.21,29.76,29.43,4636130,136756669.0,shares,0
2016-12-07,29.46,30.49,29.43,30.35,29.76,4559880,136680353.0,shares,0
2016-12-08,30.4,30.5,29.7,29.72,30.35,3483874,104495114.0,shares,0
2016-12-09,29.73,30.2,29.4,29.95,29.72,3792918,112785339.0,shares,0
2016-12-12,29.95,30.1,26.96,26.96,29.95,7866379,219447683.0,shares,0
2016-12-13,26.25,26.97,25.32,26.6,26.96,8432375,220540089.0,shares,0
2016-12-14,26.55,26.77,25.8,26.18,26.6,5240909,137548823.0,shares,0
2016-12-15,26.15,26.92,26.02,26.7,26.18,4478187,119279712.0,shares,0
2016-12-16,26.88,27.93,26.7,27.53,26.7,7835924,215135709.0,shares,0
2016-12-19,27.67,27.68,26.68,26.99,27.53,4722715,127349588.0,shares,0
2016-12-20,26.95,26.95,26.6,26.92,26.99,2226142,59738464.0,shares,0
2016-12-21,27.12,27.44,27.02,27.25,26.92,3136764,85383287.0,shares,0
2016-12-22,27.0,27.25,26.74,26.91,27.25,3307064,89127964.0,shares,0
2016-12-23,27.0,27.6,26.9,27.04,26.91,4429767,120568557.0,shares,0
2016-12-26,26.85,27.29,26.26,27.26,27.04,3919274,104984570.0,shares,0
2016-12-27,27.23,27.6,27.06,27.49,27.26,4590772,125777090.0,shares,0
2016-12-28,27.7,28.08,27.08,27.08,27.49,5679492,156268631.0,shares,0
2016-12-29,26.99,26.99,26.56,26.61,27.08,3414679,91311139.0,shares,0
2016-12-30,26.5,26.81,26.45,26.6,26.61,2029306,54114775.0,shares,0
2017-01-03,26.68,27.06,26.5,26.66,26.6,2864953,76652369.0,shares,0
2017-01-04,26.8,28.41,26.68,28.38,26.66,12098215,336721088.0,shares,0
2017-01-05,28.0,28.32,27.78,28.01,28.38,6821171,190768854.0,shares,0
2017-01-06,27.72,28.19,27.66,27.98,28.01,5488285,153204956.0,shares,0
2017-01-09,27.99,29.2,27.77,28.94,27.98,7959187,228523489.0,shares,0
2017-01-10,28.75,29.07,28.39,28.39,28.94,4839261,138973836.0,shares,0
2017-01-11,28.32,28.97,28.08,28.42,28.39,4150953,118384339.0,shares,0
2017-01-12,28.23,28.5,28.01,28.08,28.42,3156928,89214324.0,shares,0
2017-01-13,27.91,28.69,27.5,28.1,28.08,4213174,118965965.0,shares,0
2017-01-16,28.1,28.1,25.29,26.3,28.1,6479672,171198894.0,shares,0
2017-01-17,26.01,27.16,25.8,26.97,26.3,4398809,116122658.0,shares,0
2017-01-18,26.71,26.99,26.0,26.23,26.97,3003381,79550599.0,shares,0
2017-01-19,26.04,26.28,25.71,26.19,26.23,2306718,59941985.0,shares,0
2017-01-20,26.19,27.4,26.05,27.07,26.19,4383804,118416179.0,shares,0
2017-01-23,27.14,27.8,26.9,27.13,27.07,3708178,101117511.0,shares,0
2017-01-24,27.11,27.47,26.82,27.28,27.13,3117721,84456580.0,shares,0
2017-01-25,27.23,27.59,26.84,27.5,27.28,3608034,98505639.0,shares,0
2017-01-26,27.6,28.2,27.51,28.19,27.5,4939004,137698861.0,shares,0
2017-02-03,28.13,28.26,27.79,27.84,28.19,2280862,63764053.0,shares,0
2017-02-06,27.79,28.57,27.6,28.34,27.84,5269570,147843301.0,shares,0
2017-02-07,28.27,28.33,27.7,27.85,28.34,3393342,94833430.0,shares,0
2017-02-08,27.67,28.36,27.67,28.28,27.85,4046864,113582216.0,shares,0
2017-02-09,28.18,28.42,27.92,28.32,28.28,3883166,109359391.0,shares,0
2017-02-10,28.36,28.37,27.72,27.82,28.32,4086357,114547906.0,shares,0
2017-02-13,27.56,28.09,27.3,28.09,27.82,4089420,113409722.0,shares,0
2017-02-14,28.08,28.14,27.82,27.91,28.09,2228774,62307079.0,shares,0
2017-02-15,27.98,28.07,26.76,27.08,27.91,3569665,98282264.0,shares,0
2017-02-16,27.08,27.24,26.82,27.01,27.08,3104467,83981124.0,shares,0
2017-02-17,27.1,27.15,26.48,26.73,27.01,3055308,81697500.0,shares,0
2017-02-20,26.73,26.85,26.18,26.66,26.73,2889765,76504269.0,shares,0
2017-02-21,26.51,27.08,26.51,27.01,26.66,3342716,89977119.0,shares,0
2017-02-22,26.95,28.16,26.82,27.75,27.01,6369553,175507236.0,shares,0
2017-02-23,27.7,28.8,27.55,28.67,27.75,10806185,304243296.0,shares,0
2017-02-24,28.7,30.18,28.21,28.85,28.67,15103208,441658848.0,shares,0
2017-02-27,28.8,29.18,28.41,28.54,28.85,5864950,168545718.0,shares,0
2017-02-28,28.53,28.71,28.08,28.5,28.54,4588393,129812709.0,shares,0
2017-03-01,28.45,29.19,28.22,28.84,28.5,5838235,167944586.0,shares,0
2017-03-02,28.75,29.1,28.22,28.38,28.84,4058605,115987608.0,shares,0
2017-03-03,28.36,29.46,28.0,29.46,28.38,11367040,328036896.0,shares,0
2017-03-06,29.8,31.21,29.53,30.86,29.46,15942484,484643936.0,shares,0
2017-03-07,30.61,31.13,30.38,30.71,30.86,9205295,282677696.0,shares,0
2017-03-08,30.6,30.97,30.22,30.33,30.71,5657931,172760235.0,shares,0
2017-03-09,30.24,30.72,29.73,30.57,30.33,6571706,198243409.0,shares,0
2017-03-10,30.68,30.68,30.03,30.3,30.57,4984714,150916123.0,shares,0
2017-03-13,30.15,31.48,29.9,31.44,30.3,10649086,330657968.0,shares,0
2017-03-14,31.39,32.0,31.21,31.4,31.44,10980109,346857904.0,shares,0
2017-03-15,31.0,31.8,30.67,31.26,31.4,6950834,216135796.0,shares,0
2017-03-16,30.86,32.0,30.72,31.75,31.26,12076017,379663280.0,shares,0
2017-03-17,32.85,33.33,31.17,31.23,31.75,15042279,485205136.0,shares,0
2017-03-20,30.7,30.94,30.04,30.41,31.23,9354610,284647984.0,shares,0
2017-03-21,30.37,30.78,30.0,30.35,30.41,6247439,189762771.0,shares,0
2017-03-22,30.06,30.75,29.89,30.48,30.35,5600669,170259549.0,shares,0
2017-03-23,30.48,30.79,29.56,30.32,30.48,6336879,191777937.0,shares,0
2017-03-24,30.33,30.34,29.8,29.97,30.32,4630289,139271860.0,shares,0
2017-03-27,30.11,30.59,30.06,30.15,29.97,5041007,152827786.0,shares,0
2017-03-28,30.0,31.5,29.99,31.2,30.15,8589442,265401542.0,shares,0
2017-03-29,31.2,31.45,30.1,30.13,31.2,6878372,211770925.0,shares,0
2017-03-30,30.07,30.28,28.69,28.77,30.13,7207432,211122182.0,shares,0
2017-03-31,28.79,29.12,28.01,28.5,28.77,6665484,190152268.0,shares,0
2017-04-05,28.55,29.4,28.55,29.27,28.5,5721317,166464491.0,shares,0
2017-04-06,29.34,29.69,29.01,29.27,29.27,4414039,129149348.0,shares,0
2017-04-07,29.1,29.52,29.1,29.26,29.27,3560521,104500732.0,shares,0
2017-04-10,29.08,29.2,27.52,27.87,29.26,6813027,192625105.0,shares,0
2017-04-11,27.2,28.19,27.12,28.13,27.87,5525690,152261645.0,shares,0
2017-04-12,28.03,28.28,25.32,27.98,28.13,3822772,106581163.0,shares,0
2017-04-13,27.85,28.78,27.67,28.31,27.98,3945889,112080135.0,shares,0
2017-04-14,28.3,28.35,27.27,27.27,28.31,3060710,84558601.0,shares,0
2017-04-17,27.0,27.49,26.5,26.93,27.27,2775644,74932682.0,shares,0
2017-04-18,27.0,27.15,26.03,26.16,26.93,2900505,77216537.0,shares,0
2017-04-19,25.8,26.35,25.52,26.35,26.16,3425568,88655140.0,shares,0
2017-04-20,26.43,26.59,25.85,26.16,26.35,2135368,56052377.0,shares,0
2017-04-21,26.3,26.38,24.26,24.77,26.16,4772382,120077857.0,shares,0
2017-04-24,24.64,24.64,22.98,23.17,24.77,6214925,145313629.0,shares,0
2017-04-25,23.23,23.65,23.0,23.06,23.17,2805331,65536577.0,shares,0
2017-04-26,23.09,23.55,23.09,23.4,23.06,2365969,55393622.0,shares,0
2017-04-27,23.41,24.83,22.78,24.5,23.4,5743192,137593945.0,shares,0
2017-04-28,24.44,25.57,24.4,25.0,24.5,4389792,109638316.0,shares,0
2017-05-02,24.88,25.24,24.56,24.92,25.0,2717214,67635037.0,shares,0
2017-05-03,24.8,25.57,24.8,25.26,24.92,2863043,72037093.0,shares,0
2017-05-04,25.26,25.39,24.5,24.65,25.26,2574812,63882269.0,shares,0
2017-05-05,24.7,24.85,24.06,24.11,24.65,2740704,66787229.0,shares,0
2017-05-08,24.48,24.5,23.54,23.6,24.11,3149234,74999011.0,shares,0
2017-05-09,23.5,24.99,23.5,24.77,23.6,4402341,107218387.0,shares,0
2017-05-10,24.83,24.92,23.7,23.7,24.77,4040602,98519867.0,shares,0
2017-05-11,23.69,25.5,23.0,24.88,23.7,5130541,122410685.0,shares,0
2017-05-12,24.67,24.79,24.11,24.17,24.88,3747378,91362031.0,shares,0
2017-05-15,24.21,24.39,23.4,23.41,24.17,3729976,88540843.0,shares,0
2017-05-16,23.22,24.15,23.03,24.1,23.41,4041104,95854864.0,shares,0
2017-05-17,24.1,24.8,24.01,24.71,24.1,5276545,129609338.0,shares,0
2017-05-18,24.5,24.88,24.35,24.54,24.71,3273596,80503135.0,shares,0
2017-05-19,24.75,24.9,24.32,24.48,24.54,2548505,62678362.0,shares,0
2017-05-22,24.5,24.5,23.27,23.5,24.48,3034362,72399296.0,shares,0
2017-05-23,23.5,23.58,22.2,22.34,23.5,4741508,108020350.0,shares,0
2017-05-24,22.34,22.85,21.67,22.42,22.34,3321212,73702762.0,shares,0
2017-05-25,22.46,22.87,21.8,22.81,22.42,4068492,91177172.0,shares,0
2017-05-26,22.74,23.2,22.55,23.1,22.81,3789113,86501247.0,shares,0
2017-05-31,23.39,23.8,23.03,23.04,23.1,3262041,76331239.0,shares,0
2017-06-01,23.01,23.17,22.28,22.67,23.04,2911668,66144176.0,shares,0
2017-06-02,22.75,23.5,22.28,23.32,22.67,2785640,63946687.0,shares,0
2017-06-05,23.35,24.15,23.35,23.6,23.32,3094063,73609936.0,shares,0
2017-06-06,23.46,24.65,23.35,24.53,23.6,5656858,137582463.0,shares,0
2017-06-07,24.53,25.0,24.32,24.82,24.53,4266941,105310646.0,shares,0
2017-06-08,24.74,27.3,24.45,26.65,24.82,9494668,247821340.0,shares,0
2017-06-09,26.04,26.49,25.67,25.9,26.65,4594624,119481169.0,shares,0
2017-06-12,25.81,26.24,25.0,25.02,25.9,3942195,100989786.0,shares,0
2017-06-13,25.06,25.54,24.74,25.3,25.0,3009501,76044448.0,shares,0
2017-06-14,25.38,25.65,25.18,25.43,25.3,2340583,59532812.0,shares,0
2017-06-15,25.43,25.98,25.43,25.5,25.43,3825354,98015657.0,shares,0
2017-06-16,25.5,25.67,25.18,25.23,25.5,2420669,61503667.0,shares,0
2017-06-19,25.24,25.55,25.15,25.29,25.23,1440812,36506877.0,shares,0
2017-06-20,25.41,25.77,25.33,25.52,25.29,2344091,59870265.0,shares,0
2017-06-21,25.56,25.71,25.16,25.3,25.52,1802239,45659928.0,shares,0
2017-06-22,25.27,25.44,24.0,24.17,25.3,4011741,99296554.0,shares,0
2017-06-23,24.16,24.18,23.0,23.75,24.17,3296474,77988982.0,shares,0
2017-06-26,23.73,24.35,23.63,24.19,23.75,2611048,62939543.0,shares,0
2017-06-27,24.28,24.64,23.85,24.03,24.19,1742805,42188903.0,shares,0
2017-06-28,24.03,24.19,23.9,23.97,24.03,1466187,35210622.0,shares,0
2017-06-29,24.1,24.27,23.91,23.96,23.97,1901422,45808507.0,shares,0
2017-06-30,23.7,23.98,23.65,23.92,23.96,3245662,77184838.0,shares,0
2017-07-03,23.96,24.67,23.89,24.56,23.92,2833381,69019154.0,shares,0
2017-07-04,24.55,24.79,24.06,24.45,24.56,4048001,98593897.0,shares,0
2017-07-05,24.45,24.48,24.03,24.48,24.45,2242308,54506878.0,shares,0
2017-07-06,24.5,24.85,24.22,24.85,24.48,3837633,94299608.0,shares,0
2017-07-07,24.73,25.45,24.7,25.4,24.85,4513792,113784331.0,shares,0
2017-07-10,25.4,25.63,24.65,24.84,25.4,3749470,94200509.0,shares,0
2017-07-11,24.82,25.38,24.65,24.94,24.84,3442862,86171738.0,shares,0
2017-07-12,24.71,24.93,23.71,24.18,24.94,3777312,91518921.0,shares,0
2017-07-13,24.11,24.24,23.86,23.93,24.18,2096013,50264581.0,shares,0
2017-07-14,23.93,24.2,23.53,23.84,23.93,2269714,54145714.0,shares,0
2017-07-17,23.67,23.84,22.0,22.4,23.84,4990568,114540522.0,shares,0
2017-07-18,22.4,22.69,21.8,22.51,22.4,2586571,57585744.0,shares,0
2017-07-19,22.51,22.77,22.11,22.61,22.51,2607492,58776602.0,shares,0
2017-07-20,22.58,23.44,22.45,23.37,22.61,3584894,82839856.0,shares,0
2017-07-21,23.23,23.49,22.61,22.67,23.37,3188363,73215262.0,shares,0
2017-07-24,22.8,23.39,22.32,23.25,22.67,4147156,94202481.0,shares,0
2017-07-25,23.14,23.87,22.96,23.2,23.25,3188217,74613437.0,shares,0
2017-07-26,23.05,23.35,22.23,22.51,23.2,5150927,116301431.0,shares,0
2017-07-27,22.4,23.26,22.25,23.02,22.51,4052195,92641729.0,shares,0
2017-07-28,23.02,23.47,22.71,22.95,23.02,2977017,68602120.0,shares,0
2017-07-31,23.0,23.38,22.9,23.06,22.95,2327655,53974323.0,shares,0
2017-08-01,23.11,24.0,22.97,23.96,23.06,4941844,116261220.0,shares,0
2017-08-02,23.8,23.94,23.35,23.4,23.96,4026045,94970172.0,shares,0
2017-08-03,23.32,23.73,23.06,23.09,23.4,2842303,66211990.0,shares,0
2017-08-04,22.99,23.14,22.5,22.8,23.09,4190422,95589969.0,shares,0
2017-08-07,22.8,23.2,22.73,22.81,22.8,2567716,58818544.0,shares,0
2017-08-08,22.96,23.08,22.52,22.75,22.81,1879801,42734949.0,shares,0
2017-08-09,22.83,23.17,22.63,23.09,22.75,2608093,60049008.0,shares,0
2017-08-10,23.17,23.48,22.83,23.07,23.09,2965450,68722963.0,shares,0
2017-08-11,22.85,23.06,22.76,22.8,23.07,2922883,66828278.0,shares,0
2017-08-14,22.77,23.47,22.7,23.47,22.8,3325556,77109068.0,shares,0
2017-08-15,23.47,23.58,23.32,23.5,23.47,1976879,46386053.0,shares,0
2017-08-16,23.56,24.19,23.52,23.96,23.5,4527877,108420052.0,shares,0
2017-08-17,23.85,24.36,23.81,24.12,23.96,3906857,94245217.0,shares,0
2017-08-18,23.96,24.35,23.6,23.62,24.12,2729376,65192084.0,shares,0
2017-08-21,23.68,23.99,23.0,23.62,23.62,2262235,53583872.0,shares,0
2017-08-22,23.59,23.76,23.35,23.36,23.62,2069718,48690123.0,shares,0
2017-08-23,23.41,23.67,23.2,23.51,23.36,1976665,46347587.0,shares,0
2017-08-24,23.06,23.49,23.06,23.11,23.51,1815189,42188538.0,shares,0
2017-08-25,23.28,23.67,23.16,23.55,23.11,1995074,46891359.0,shares,0
2017-08-28,23.45,24.17,23.45,23.94,23.55,3602831,86364538.0,shares,0
2017-08-29,23.96,24.33,23.8,24.07,23.94,3476209,83705240.0,shares,0
2017-08-30,24.07,24.67,23.94,24.27,24.07,3710713,90504726.0,shares,0
2017-08-31,24.27,25.28,24.19,25.12,24.27,5751916,142888179.0,shares,0
2017-09-01,25.13,25.5,24.83,25.33,25.12,4847497,122338205.0,shares,0
2017-09-04,25.32,27.64,25.12,27.05,25.33,13981871,374547952.0,shares,0
2017-09-05,26.88,27.49,26.53,26.6,27.05,7471427,201293026.0,shares,0
2017-09-06,26.69,27.37,26.5,26.9,26.6,5774303,155449634.0,shares,0
2017-09-07,26.9,28.4,26.75,27.15,26.9,10496554,290992928.0,shares,0
2017-09-08,27.02,27.3,26.52,26.75,27.15,5666400,151721730.0,shares,0
2017-09-11,26.68,28.08,26.68,27.9,26.75,7065480,194789580.0,shares,0
2017-09-12,28.1,28.1,27.4,27.88,27.9,6906048,191873370.07,shares,0
2017-09-13,27.88,28.2,27.45,27.85,27.88,5009556,139722301.06,shares,0
2017-09-14,27.86,29.5,27.86,28.98,27.85,10272100,297678680.47,shares,0
2017-09-15,29.23,29.6,28.22,28.55,28.98,7132177,205412487.82,shares,0
2017-09-18,28.78,29.28,28.26,28.99,28.55,5722352,165169424.64,shares,0
2017-09-19,29.55,30.5,28.8,29.25,28.99,12582276,374351332.55,shares,0
2017-09-20,29.1,31.36,28.76,30.76,29.25,13719536,414919793.97,shares,0
2017-09-21,30.23,31.5,29.66,29.73,30.76,10503452,320772859.66,shares,0
2017-09-22,29.6,29.6,28.31,28.49,29.73,8710185,250976594.56,shares,0
2017-09-25,28.7,29.25,28.15,28.5,28.49,6460440,185450669.59,shares,0
2017-09-26,28.44,28.92,28.1,28.51,28.5,4658053,132820523.28,shares,0
2017-09-27,28.51,29.08,28.2,28.94,28.51,4755361,136745359.88,shares,0
2017-09-28,28.91,29.85,28.84,29.63,28.94,8031967,237093991.04,shares,0
2017-09-29,29.66,30.17,29.42,29.83,29.63,6410315,191518155.07,shares,0
2017-10-09,30.01,31.08,29.95,29.99,29.83,7684770,234817669.54,shares,0
2017-10-10,29.96,30.17,28.8,29.62,29.99,5683699,167242254.06,shares,0
2017-10-11,29.32,29.59,28.1,28.32,29.62,7384187,211792754.24,shares,0
2017-10-12,28.25,29.27,28.15,29.1,28.32,6305096,181812807.61,shares,0
2017-10-13,29.15,30.2,29.1,29.99,29.1,6238531,186137282.83,shares,0
2017-10-16,30.05,30.18,28.75,28.96,29.99,4234440,124286118.87,shares,0
2017-10-17,28.96,30.58,28.66,30.16,28.96,5860712,175341087.12,shares,0
2017-10-18,30.26,30.66,29.61,29.98,30.16,5707501,171758074.8,shares,0
2017-10-19,29.9,29.93,29.01,29.16,29.98,3806949,111785074.72,shares,0
2017-10-20,29.2,30.15,29.2,30.07,29.16,3736191,111051765.24,shares,0
2017-10-23,30.5,31.05,30.0,30.78,30.07,6815237,207973535.17,shares,0
2017-10-24,30.8,30.98,29.98,30.24,30.78,4972106,151556880.49,shares,0
2017-10-25,30.44,31.6,30.02,31.05,30.24,9234977,286989281.99,shares,0
2017-10-26,30.86,32.62,30.75,32.3,31.05,8600397,274564715.39,shares,0
2017-10-27,32.18,32.5,31.64,32.06,32.3,5809013,185919331.6,shares,0
2017-10-30,32.0,33.3,30.81,32.55,32.06,10399970,338040563.81,shares,0
2017-10-31,32.3,33.55,32.07,33.11,32.55,7380945,242139329.32,shares,0
2017-11-01,33.0,36.19,32.8,35.47,33.11,15660959,547910067.22,shares,0
2017-11-02,35.72,37.36,35.12,36.2,35.47,16584534,605858587.67,shares,0
2017-11-03,35.96,39.19,35.69,38.34,36.2,17819365,668734592.99,shares,0
2017-11-06,39.05,41.02,37.67,38.5,38.34,29235095,1141731421.88,shares,0
2017-11-07,38.37,40.08,38.1,39.94,38.5,20713356,812116360.75,shares,0
2017-11-08,39.6,40.18,38.8,38.9,39.94,17341259,683835636.89,shares,0
2017-11-09,38.8,40.48,38.47,39.55,38.9,18024339,715450159.21,shares,0
2017-11-10,39.6,42.99,39.6,42.05,39.55,22897481,949928056.45,shares,0
2017-11-13,42.0,46.26,41.83,46.26,42.05,24995380,1121305210.84,shares,0
2017-11-14,46.94,47.94,44.28,45.05,46.26,30033378,1385061052.76,shares,0
2017-11-15,44.01,45.91,43.43,45.1,45.05,24399575,1088095891.19,shares,0
2017-11-16,44.81,44.98,41.6,43.5,45.1,26174250,1123788138.41,shares,0
2017-11-17,43.0,43.35,39.4,40.0,43.5,23978729,1006667665.96,shares,0
2017-11-20,39.31,42.83,39.31,42.65,40.0,23562996,970334618.96,shares,0
2017-11-21,42.6,42.9,40.5,41.91,42.65,21722419,902350801.15,shares,0
2017-11-22,41.5,44.62,41.5,43.07,41.91,25006927,1084107856.5,shares,0
2017-11-23,43.0,44.5,41.42,42.92,43.07,24524134,1056793979.06,shares,0
2017-11-24,42.2,42.5,38.63,38.63,42.92,16931104,691943724.53,shares,0
2017-11-27,37.55,38.88,34.89,35.5,38.63,20990443,775009195.39,shares,0
2017-11-28,35.4,37.39,35.4,37.14,35.5,13998599,510225016.67,shares,0
2017-11-29,36.72,36.96,34.36,36.0,37.14,12671138,455112132.39,shares,0
2017-11-30,35.96,37.16,35.67,35.86,36.0,11108727,403519752.06,shares,0
2017-12-01,36.0,37.93,36.0,36.88,35.86,13586755,502967741.07,shares,0
2017-12-04,36.78,37.67,35.0,37.2,36.88,11900659,436821791.71,shares,0
2017-12-05,36.78,37.28,34.4,35.16,37.2,13709473,489526912.72,shares,0
2017-12-06,34.89,37.4,34.84,37.3,35.16,13377095,484619064.95,shares,0
2017-12-07,37.11,39.87,37.11,38.8,37.3,19274187,742686298.72,shares,0
2017-12-08,38.55,40.0,38.1,38.68,38.8,16338339,638701473.09,shares,0
2017-12-11,38.2,39.34,38.18,39.26,38.68,10734694,417009049.91,shares,0
2017-12-12,39.2,42.18,38.73,39.99,39.26,18179772,742705618.24,shares,0
2017-12-13,39.99,41.44,39.39,41.28,39.99,12816863,521468481.17,shares,0
2017-12-14,41.14,41.78,40.22,41.12,41.28,11220548,459695461.24,shares,0
2017-12-15,40.98,41.77,39.02,39.8,41.12,13069867,526401207.6,shares,0
2017-12-18,39.59,39.79,36.1,37.23,39.8,13727016,515810618.76,shares,0
2017-12-19,37.11,37.85,37.11,37.45,37.23,7676383,287452275.01,shares,0
2017-12-20,37.07,38.2,36.6,37.4,37.45,9616253,360359392.34,shares,0
2017-12-21,37.07,39.32,36.78,38.97,37.4,11497343,439215594.75,shares,0
2017-12-22,38.9,40.88,38.7,40.15,38.97,12608492,503110858.16,shares,0
2017-12-25,39.88,40.49,39.38,39.6,40.15,10922945,436300746.71,shares,0
2017-12-26,39.65,40.38,38.0,40.2,39.6,11379342,446747541.47,shares,0
2017-12-27,40.2,41.4,39.0,39.11,40.2,11448414,461031124.77,shares,0
2017-12-28,38.54,40.2,38.05,39.06,39.11,9146284,360397189.61,shares,0
2017-12-29,38.71,41.68,38.67,41.44,39.06,16711926,678651961.84,shares,0
2018-01-02,41.91,42.08,40.78,41.93,41.44,12488829,518340183.6,shares,0
2018-01-03,41.7,42.55,41.15,41.97,41.93,12382646,518222876.84,shares,0
2018-01-04,41.6,42.9,41.6,42.08,41.97,13777509,582362745.21,shares,0
2018-01-05,41.9,41.95,39.58,40.05,42.08,16408721,664052453.77,shares,0
2018-01-08,39.51,39.51,37.98,38.76,40.05,13134128,505752557.37,shares,0
2018-01-09,38.77,38.93,37.89,38.46,38.76,7539594,288736507.2,shares,0
2018-01-10,38.6,39.09,36.1,36.9,38.46,12960966,485547919.85,shares,0
2018-01-11,36.58,37.56,36.13,37.22,36.9,8347490,308696088.24,shares,0
2018-01-12,37.29,37.58,35.55,35.62,37.22,9277661,336825524.68,shares,0
2018-01-15,35.22,35.59,32.41,33.09,35.62,14891971,503813162.86,shares,0
2018-01-16,33.3,33.46,32.3,32.91,33.09,9248018,304105330.78,shares,0
2018-01-17,32.88,34.65,31.9,34.0,32.91,14448853,484201427.2,shares,0
2018-01-18,33.57,34.94,33.0,34.77,34.0,14441589,491407501.71,shares,0
2018-01-19,34.0,34.75,33.38,33.4,34.77,11108382,377580225.11,shares,0
2018-01-22,33.42,34.74,32.06,34.08,33.4,12844431,432519368.24,shares,0
2018-01-23,33.78,34.64,33.62,33.89,34.08,6773944,229875026.36,shares,0
2018-01-24,33.77,35.77,33.33,35.43,33.89,14749573,516061591.62,shares,0
2018-01-25,35.15,35.87,34.6,34.61,35.43,8833734,311290398.74,shares,0
2018-01-26,34.61,35.13,34.18,34.33,34.61,5712887,197276623.18,shares,0
2018-01-29,34.35,34.84,31.03,31.15,34.33,13682477,443841539.05,shares,0
2018-01-30,31.1,31.85,30.85,31.18,31.15,6912107,216738898.73,shares,0
2018-01-31,30.9,31.54,30.15,30.77,31.18,6579636,203785259.12,shares,0
2018-02-01,30.93,31.65,30.2,30.62,30.77,6858939,212573384.67,shares,0
2018-02-02,30.71,30.71,28.9,29.78,30.62,7344496,219620177.25,shares,0
2018-02-05,29.25,30.46,28.88,29.91,29.78,6034300,179043426.94,shares,0
2018-02-06,29.02,29.61,26.92,26.92,29.91,12199869,339925063.77,shares,0
2018-02-07,27.5,27.6,24.63,26.15,26.92,14925748,389904946.97,shares,0
2018-02-08,25.89,27.6,25.84,27.1,26.15,12673278,340816186.74,shares,0
2018-02-09,26.19,28.2,26.11,27.09,27.1,12694078,347022226.86,shares,0
2018-02-12,27.46,29.15,27.46,28.35,27.09,12353438,351101199.28,shares,0
2018-02-13,28.7,29.26,28.3,28.49,28.35,8967149,258294571.28,shares,0
2018-02-14,28.79,28.89,27.84,28.09,28.49,4534230,128130329.32,shares,0
2018-02-22,28.38,30.19,28.22,29.79,28.09,7301180,215941457.26,shares,0
2018-02-23,29.8,29.95,28.9,29.45,29.79,6329449,185750109.54,shares,0
2018-02-26,29.68,32.4,29.46,32.4,29.45,16164444,510060606.5,shares,0
2018-02-27,32.5,34.19,32.32,32.75,32.4,20802330,694528874.8,shares,0
2018-02-28,32.78,35.15,32.71,33.68,32.75,16879481,573711509.17,shares,0
2018-03-01,33.25,36.01,33.15,35.65,33.68,16468772,569832546.46,shares,0
2018-03-02,35.0,36.48,34.7,35.8,35.65,16553613,591006029.21,shares,0
2018-03-05,35.6,36.75,34.74,36.54,35.8,14273398,512373284.33,shares,0
2018-03-06,37.0,38.88,36.7,37.25,36.54,19935696,750489214.22,shares,0
2018-03-07,36.95,38.29,36.6,37.6,37.25,12304662,463542978.46,shares,0
2018-03-08,37.52,37.72,36.33,36.83,37.6,9413897,347102417.03,shares,0
2018-03-09,36.88,38.11,36.7,37.62,36.83,11028668,414099459.8,shares,0
2018-03-12,38.0,39.86,37.77,39.85,37.62,15135493,585469240.93,shares,0
2018-03-13,39.4,39.98,38.5,38.88,39.85,11301702,441697616.77,shares,0
2018-03-14,38.32,38.81,36.31,36.95,38.88,12967989,488599105.06,shares,0
2018-03-15,36.59,37.76,36.03,37.6,36.95,12268769,454116655.59,shares,0
2018-03-16,37.1,37.66,36.04,36.08,37.6,10198796,374093759.92,shares,0
2018-03-19,36.2,38.18,36.19,37.06,36.08,13003093,485406069.07,shares,0
2018-03-20,37.19,38.49,37.15,37.86,37.06,11742474,443420702.49,shares,0
2018-03-21,37.82,38.4,36.4,36.5,37.86,11838998,445883084.68,shares,0
2018-03-22,36.86,37.95,36.5,36.99,36.5,12752415,474580675.81,shares,0
2018-03-23,35.06,36.49,33.95,34.75,36.99,13498326,477695330.34,shares,0
2018-03-26,34.75,38.23,34.75,38.23,34.75,19999350,754257133.43,shares,0
2018-03-27,39.5,41.88,38.25,41.44,38.23,28782573,1138432578.33,shares,0
2018-03-28,40.6,41.89,40.18,40.6,41.44,18823834,769201025.21,shares,0
2018-03-29,40.82,42.48,40.1,41.7,40.6,15667544,645884446.02,shares,0
2018-03-30,42.2,45.87,41.83,45.87,41.7,23751775,1038255380.49,shares,0
2018-04-02,46.75,47.94,44.56,44.74,45.87,27519189,1264568989.8,shares,0
2018-04-03,43.99,44.66,43.07,44.52,44.74,15585737,683454551.6,shares,0
2018-04-04,44.93,46.49,43.8,44.5,44.52,16222403,728461042.75,shares,0
2018-04-09,44.3,46.32,42.5,45.48,44.5,14928736,670413157.24,shares,0
2018-04-10,45.13,45.54,41.76,43.91,45.48,14024878,615168752.38,shares,0
2018-04-11,44.07,45.55,43.09,43.9,43.91,11943388,529164344.21,shares,0
2018-04-12,43.78,44.58,41.82,42.2,43.9,12381510,533174467.61,shares,0
2018-04-13,42.98,45.1,42.53,44.32,42.2,16281992,712334086.71,shares,0
2018-04-16,43.97,47.26,43.67,45.78,44.32,18162290,831130149.15,shares,0
2018-04-17,46.62,49.99,45.01,46.94,45.78,25170842,1197878587.49,shares,0
2018-04-18,48.1,51.63,48.1,51.63,46.94,24547559,1221517658.35,shares,0
2018-04-19,53.01,56.5,52.25,52.74,51.63,35295458,1916032642.64,shares,0
2018-04-20,52.41,54.96,51.79,52.02,52.74,30209432,1615246356.86,shares,0
2018-04-23,51.3,51.6,47.29,48.55,52.02,28531513,1409247412.3,shares,0
2018-04-24,48.6,51.5,47.5,50.4,48.55,22901078,1140476694.73,shares,0
2018-04-25,49.5,52.84,49.49,50.58,50.4,21657023,1105663106.7,shares,0
2018-04-26,51.46,53.77,50.74,52.29,50.58,22911790,1202516436.87,shares,0
2018-04-27,53.51,53.99,47.35,49.32,52.29,22904893,1141307362.67,shares,0
2018-05-02,49.72,50.23,47.4,48.63,49.32,15327418,748027657.14,shares,0
2018-05-03,48.5,51.79,45.97,51.15,48.63,21786932,1057759940.27,shares,0
2018-05-04,50.0,52.9,49.77,50.83,51.15,17466304,897171163.1,shares,0
2018-05-07,51.4,51.77,50.38,51.7,50.83,14257824,728338154.56,shares,0
2018-05-08,51.7,52.79,50.5,51.04,51.7,13965298,718105789.74,shares,0
2018-05-09,50.57,52.77,50.31,52.23,51.04,15297483,793722322.48,shares,0
2018-05-10,51.8,52.16,49.22,49.5,52.23,17541413,882951446.37,shares,0
2018-05-11,49.5,49.75,47.79,47.79,49.5,16008281,777634434.67,shares,0
2018-05-14,46.3,48.21,45.75,46.56,47.79,14575766,683094067.31,shares,0
2018-05-15,46.58,47.97,45.95,47.85,46.56,15119683,712367948.31,shares,0
2018-05-16,47.2,48.44,46.88,47.02,47.85,11130272,529145767.36,shares,0
2018-05-17,47.17,48.6,46.8,48.3,47.02,12326010,592487785.1,shares,0
2018-05-18,48.29,48.3,45.77,46.85,48.3,13313005,623093094.37,shares,0
2018-05-21,46.85,49.32,46.4,48.59,46.85,15301810,739748066.91,shares,0
2018-05-22,48.6,49.99,48.0,49.77,48.59,14287140,700262405.53,shares,0
2018-05-23,50.0,51.7,49.03,50.3,49.77,18971452,957483891.1,shares,0
2018-05-24,50.0,50.45,49.05,49.3,50.3,9626898,477997683.28,shares,0
2018-05-25,48.88,49.0,46.5,46.78,49.3,11356676,539488058.33,shares,0
2018-05-28,47.0,47.57,45.4,46.14,46.78,10074883,468254952.59,shares,0
2018-05-29,46.25,47.01,44.81,45.73,46.14,10629641,488034242.94,shares,0
2018-05-30,45.5,47.6,45.0,45.48,45.73,13808146,642403625.45,shares,0
2018-05-31,46.0,46.0,42.42,43.77,45.48,17248543,758811076.58,shares,0
2018-06-01,43.3,44.0,40.83,41.38,43.77,14332779,605634495.65,shares,0
2018-06-04,41.18,42.96,40.43,41.55,41.38,14042904,586448721.1,shares,0
2018-06-05,41.0,44.49,41.0,44.0,41.55,14541660,623862832.32,shares,0
2018-06-06,43.53,44.66,43.38,43.95,44.0,9685803,425991654.24,shares,0
2018-06-07,44.3,44.44,42.8,43.44,43.95,7363878,321494856.13,shares,0
2018-06-08,43.07,43.78,41.7,43.49,43.44,9002744,385898500.03,shares,0
2018-06-11,43.1,44.55,42.64,43.11,43.49,7681899,333341323.72,shares,0
2018-06-12,42.97,43.99,41.78,43.92,43.11,9246561,399990735.69,shares,0
2018-06-13,43.94,46.5,43.4,44.97,43.92,17132662,776217279.4,shares,0
2018-06-14,44.67,48.31,44.3,47.07,44.97,19566060,910172262.12,shares,0
2018-06-15,47.0,48.5,46.3,47.21,47.07,19110089,906688159.48,shares,0
2018-06-19,46.5,48.55,43.16,47.36,47.21,22722723,1060973273.35,shares,0
2018-06-20,46.44,48.48,44.82,48.0,47.36,21238699,998899405.93,shares,0
2018-06-21,47.44,47.93,44.22,44.34,48.0,21438396,989103573.92,shares,0
2018-06-22,42.83,43.83,40.46,42.0,44.34,18193085,771148555.25,shares,0
2018-06-25,42.38,42.87,41.06,41.15,42.0,10814932,454555004.07,shares,0
2018-06-26,40.29,44.34,39.84,43.48,41.15,18193916,776292590.15,shares,0
2018-06-27,43.78,46.44,43.5,45.29,43.48,21729669,980059238.54,shares,0
2018-06-28,44.85,46.17,44.83,45.15,45.29,14858517,674890783.15,shares,0
2018-06-29,45.41,49.67,45.03,49.67,45.15,24108380,1148943858.72,shares,0
2018-07-02,50.5,50.89,49.14,49.77,49.67,22904021,1144338047.93,shares,0
2018-07-03,49.77,54.71,49.26,53.0,49.74,32740165,1705628519.33,shares,0
2018-07-04,52.15,52.7,50.2,51.5,53.0,23546255,1216816979.31,shares,0
2018-07-05,51.11,52.91,49.5,50.49,51.5,19753873,1015708560.67,shares,0
2018-07-06,51.0,55.1,47.78,47.83,50.49,37693962,1942956915.05,shares,0
2018-07-09,47.5,50.99,47.33,50.25,47.83,28303124,1391927950.58,shares,0
2018-07-10,50.08,51.75,49.5,51.46,50.25,19692374,996409218.69,shares,0
2018-07-11,50.0,53.08,48.96,53.0,51.46,24121613,1232723217.39,shares,0
2018-07-12,52.29,55.5,52.0,53.5,53.0,27383311,1472585722.34,shares,0
2018-07-13,53.3,54.2,52.43,53.31,53.5,17616141,940025891.71,shares,0
2018-07-16,54.01,55.5,53.33,53.9,53.31,16696291,906158989.94,shares,0
2018-07-17,53.7,54.6,52.01,53.85,53.9,15236478,812988898.33,shares,0
2018-07-18,54.09,54.31,50.77,51.07,53.85,16167171,848181574.3,shares,0
2018-07-19,51.5,52.88,51.3,51.9,51.07,14726936,767402410.65,shares,0
2018-07-20,51.99,53.52,51.5,53.25,51.9,16304251,859245402.97,shares,0
2018-07-23,53.5,56.25,53.0,55.42,53.25,20708625,1134943445.52,shares,0
2018-07-24,55.7,56.2,53.5,55.0,55.42,15314555,840748463.58,shares,0
2018-07-25,54.55,56.47,54.13,54.61,55.0,15031068,829346148.94,shares,0
2018-07-26,54.15,54.39,52.1,52.76,54.61,12580929,667183543.05,shares,0
2018-07-27,52.36,52.98,51.05,52.06,52.76,11582027,603462847.9,shares,0
2018-07-30,52.16,52.4,49.81,50.47,52.06,11347540,576043305.04,shares,0
2018-07-31,50.43,51.13,48.81,49.86,50.47,10552615,525942988.0,shares,0
2018-08-01,50.16,52.07,50.01,50.28,49.86,14582545,745230622.5,shares,0
2018-08-02,49.7,51.5,49.0,51.17,50.28,14903012,752928332.8,shares,0
2018-08-03,50.83,51.29,48.58,48.58,51.17,10875233,542763297.66,shares,0
2018-08-06,48.22,49.52,47.1,48.6,48.58,10180627,491710060.28,shares,0
2018-08-07,48.8,50.35,47.07,50.31,48.6,13715460,669400944.43,shares,0
2018-08-08,49.7,50.09,46.36,46.58,50.31,13359492,648489694.92,shares,0
2018-08-09,46.12,51.24,46.12,51.0,46.58,23691913,1179443609.06,shares,0
2018-08-10,50.8,53.5,50.6,52.95,51.0,19822443,1031100264.76,shares,0
2018-08-13,52.56,55.89,52.35,55.89,52.95,19281782,1038233814.91,shares,0
2018-08-14,55.41,55.5,52.74,53.54,55.89,17612996,949394262.0,shares,0
2018-08-15,53.6,54.36,52.52,53.81,53.54,14882838,797776058.64,shares,0
2018-08-16,52.02,53.86,50.91,51.4,53.81,14257709,746317346.65,shares,0
2018-08-17,52.45,53.25,49.84,51.0,51.4,13191544,682316336.68,shares,0
2018-08-20,50.4,52.53,49.62,52.52,51.0,11850997,605068853.66,shares,0
2018-08-21,51.99,53.79,51.06,53.39,52.52,13339641,701103665.76,shares,0
2018-08-22,53.1,53.39,51.68,51.95,53.39,8774469,460529269.76,shares,0
2018-08-23,51.9,54.33,51.7,53.59,51.95,15400781,822840619.49,shares,0
2018-08-24,53.54,54.26,52.3,52.87,53.59,10584348,563522683.43,shares,0
2018-08-27,52.55,54.86,51.88,54.07,52.87,14724562,791161170.38,shares,0
2018-08-28,54.07,55.83,54.02,54.7,54.07,13659300,750665761.12,shares,0
2018-08-29,54.36,54.65,52.8,53.33,54.7,10536651,562665006.05,shares,0
2018-08-30,53.13,53.65,52.28,52.3,53.33,7807464,411771891.25,shares,0
2018-08-31,52.35,53.1,51.9,51.98,52.3,8209990,431602946.2,shares,0
2018-09-03,51.45,53.65,50.21,53.26,51.98,9579062,499286355.91,shares,0
2018-09-04,52.99,56.33,52.78,55.42,53.26,16963589,927321545.52,shares,0
2018-09-05,55.0,55.4,53.8,53.8,55.42,9843181,538173718.93,shares,0
2018-09-06,54.02,56.25,53.61,55.1,53.8,13912402,767691983.86,shares,0
2018-09-07,55.26,56.26,49.59,50.8,55.1,23000023,1197045575.09,shares,0
2018-09-10,49.79,50.1,48.02,48.62,50.8,13051721,638603338.31,shares,0
2018-09-11,48.91,49.88,48.63,49.21,48.62,7226696,356045922.27,shares,0
2018-09-12,49.33,49.85,47.51,48.08,49.21,8637480,420634044.91,shares,0
2018-09-13,49.0,49.2,44.15,46.92,48.08,16827295,781385288.56,shares,0
2018-09-14,46.18,46.47,44.82,45.1,46.92,11344409,517961046.94,shares,0
2018-09-17,44.81,45.95,44.62,45.1,45.1,7520437,341442041.41,shares,0
2018-09-18,44.9,46.49,44.9,46.39,45.1,8909174,408664815.3,shares,0
2018-09-19,46.4,48.34,45.65,47.27,46.39,11519242,542669618.17,shares,0
2018-09-20,47.11,47.64,45.8,46.19,47.27,7516713,350719292.4,shares,0
2018-09-21,46.5,46.76,44.8,46.34,46.19,7667133,352042307.37,shares,0
2018-09-25,46.0,48.46,45.98,47.56,46.34,9412805,447728900.08,shares,0
2018-09-26,47.33,48.59,47.09,47.62,47.56,8041035,384091778.91,shares,0
2018-09-27,47.96,48.61,47.49,47.6,47.62,7786194,374082494.25,shares,0
2018-09-28,47.79,47.84,45.47,47.06,47.6,7833894,365347085.02,shares,0
2018-10-08,45.6,46.8,45.01,45.36,47.06,7250124,332282999.32,shares,0
2018-10-09,45.69,46.17,40.85,41.98,45.36,13105888,560923183.41,shares,0
2018-10-10,41.95,43.22,40.7,42.15,41.98,10102117,424361192.27,shares,0
2018-10-11,39.99,41.5,38.05,39.23,42.15,12596210,503671483.72,shares,0
2018-10-12,39.4,40.78,38.8,40.41,39.23,10078339,403912978.81,shares,0
2018-10-15,40.41,42.0,40.08,40.32,40.41,8019456,328889822.28,shares,0
2018-10-16,40.52,41.65,39.4,40.14,40.32,7949658,321894178.15,shares,0
2018-10-17,41.0,41.54,38.8,41.49,40.14,12546496,511616289.83,shares,0
2018-10-18,40.9,41.0,39.71,39.88,41.49,8367587,337297347.3,shares,0
2018-10-19,38.0,40.93,37.61,40.6,39.88,12354425,489522415.13,shares,0
2018-10-22,41.1,44.1,41.1,43.58,40.6,14940774,639802587.5,shares,0
2018-10-23,43.57,43.79,41.71,41.73,43.58,8863318,377931425.24,shares,0
2018-10-24,41.85,42.75,41.6,41.9,41.73,7527364,318234145.92,shares,0
2018-10-25,40.3,40.64,38.7,39.96,41.9,10271803,406735170.5,shares,0
2018-10-26,40.54,41.0,39.05,39.38,39.96,6381594,255359862.91,shares,0
2018-10-29,39.81,40.57,38.7,39.65,39.38,7626084,304212677.06,shares,0
2018-10-30,39.69,39.69,35.69,37.4,39.65,16254246,600017144.19,shares,0
2018-10-31,37.47,38.35,37.03,37.83,37.4,9492547,357800719.34,shares,0
2018-11-01,38.5,39.94,38.24,38.67,37.83,11409685,443562300.49,shares,0
2018-11-02,40.5,41.45,40.21,41.06,38.67,13105766,534109258.89,shares,0
2018-11-05,40.85,42.5,40.6,41.65,41.06,10574988,440342677.13,shares,0
2018-11-06,41.27,41.98,40.4,41.85,41.65,7534780,311710387.88,shares,0
2018-11-07,41.54,44.05,41.54,42.39,41.85,10636366,456108340.58,shares,0
2018-11-08,42.95,43.5,41.65,41.84,42.39,6200155,263341211.58,shares,0
2018-11-09,41.51,42.42,41.24,41.34,41.84,4520800,189173543.43,shares,0
2018-11-12,41.68,42.94,41.34,42.84,41.34,6477566,274049964.53,shares,0
2018-11-13,42.21,43.16,41.91,42.53,42.84,7519281,319789874.47,shares,0
2018-11-14,42.4,44.49,42.18,43.29,42.53,9853496,427238759.6,shares,0
2018-11-15,43.01,44.15,42.96,43.98,43.29,6365837,277351850.2,shares,0
2018-11-16,44.37,45.82,44.1,45.21,43.98,9809794,443643568.53,shares,0
2018-11-19,44.26,45.76,44.2,44.8,45.21,6433700,289546049.65,shares,0
2018-11-20,44.49,45.03,43.31,44.0,44.8,6880858,302539830.01,shares,0
2018-11-21,43.37,43.96,42.4,42.84,44.0,6146604,264293522.41,shares,0
2018-11-22,42.98,43.48,42.82,42.85,42.84,3628587,156541621.38,shares,0
2018-11-23,42.56,43.17,40.51,40.64,42.85,7391329,305827208.45,shares,0
2018-11-26,40.69,41.06,39.07,39.96,40.64,6247111,249331205.5,shares,0
2018-11-27,40.3,40.77,39.69,40.28,39.96,4803631,193575200.11,shares,0
2018-11-28,40.35,41.38,40.05,41.27,40.28,5463695,223315402.59,shares,0
2018-11-29,41.85,42.26,39.7,39.72,41.27,6960966,284796885.02,shares,0
2018-11-30,39.78,41.15,38.8,40.69,39.72,6167708,246059972.72,shares,0
2018-12-03,42.4,44.33,41.71,44.23,40.69,12526616,540388972.71,shares,0
2018-12-04,43.8,44.43,43.68,44.24,44.23,6746824,297956608.03,shares,0
2018-12-05,43.47,44.62,43.03,43.63,44.24,6654239,292128879.87,shares,0
2018-12-06,43.63,45.43,43.28,43.37,43.63,9519295,421992429.58,shares,0
2018-12-07,44.0,44.44,43.34,43.62,43.37,4856494,213345592.49,shares,0
2018-12-10,43.51,44.2,42.87,43.6,43.62,4317631,188732531.75,shares,0
2018-12-11,43.8,44.48,43.2,43.99,43.6,4287016,188238401.25,shares,0
2018-12-12,44.3,44.5,42.81,42.85,43.99,4767112,205986306.81,shares,0
2018-12-13,43.0,43.39,41.88,43.02,42.85,5787395,247629722.87,shares,0
2018-12-14,43.0,43.09,41.21,41.31,43.02,5633813,236371326.15,shares,0
2018-12-17,40.8,41.41,40.52,41.18,41.31,3587082,146968985.45,shares,0
2018-12-18,40.98,41.3,40.15,40.6,41.18,3920787,159352598.41,shares,0
2018-12-19,40.76,40.8,39.51,39.69,40.6,3757806,150303039.3,shares,0
2018-12-20,39.6,40.6,39.6,39.99,39.69,4427083,177006871.4,shares,0
2018-12-21,39.9,40.25,39.5,39.77,39.99,3897242,155276027.49,shares,0
2018-12-24,39.76,40.83,39.2,40.83,39.77,5051202,203220658.85,shares,0
2018-12-25,40.38,40.72,39.22,40.52,40.83,6254937,250126783.83,shares,0
2018-12-26,40.55,40.58,39.25,39.26,40.52,5559715,220699132.92,shares,0
2018-12-27,39.92,40.03,38.06,38.06,39.26,5849167,229485057.41,shares,0
2018-12-28,38.2,38.4,37.13,37.76,38.06,5450333,205156023.04,shares,0
2019-01-02,37.8,38.6,37.55,38.31,37.76,4378282,167339707.82,shares,0
2019-01-03,38.05,38.78,38.01,38.16,38.31,4077157,156600313.67,shares,0
2019-01-04,37.6,39.66,37.5,39.21,38.16,5863366,227148716.08,shares,0
2019-01-07,40.05,42.8,40.05,42.09,39.21,12515225,520324578.59,shares,0
2019-01-08,42.05,42.97,41.8,42.06,42.09,8115717,343557626.52,shares,0
2019-01-09,42.18,43.8,41.75,42.37,42.06,9464535,403429077.44,shares,0
2019-01-10,42.1,42.58,41.5,41.56,42.37,5259882,220660742.96,shares,0
2019-01-11,41.69,42.29,41.13,41.49,41.56,4417101,183991011.81,shares,0
2019-01-14,41.69,41.69,40.32,40.7,41.49,3986997,162223659.39,shares,0
2019-01-15,40.58,41.8,40.38,41.8,40.7,5485643,225515096.07,shares,0
2019-01-16,41.53,43.08,41.39,41.4,41.8,6358934,268047259.39,shares,0
2019-01-17,41.21,41.75,40.36,40.46,41.4,5077749,207261909.08,shares,0
2019-01-18,40.4,41.64,40.13,40.89,40.46,4225349,172251612.67,shares,0
2019-01-21,40.89,42.7,40.62,42.55,40.89,9978343,420693130.26,shares,0
2019-01-22,42.5,42.67,41.81,42.42,42.55,5496176,231911099.97,shares,0
2019-01-23,42.1,42.49,41.55,42.11,42.42,3272080,137761663.66,shares,0
2019-01-24,42.14,46.32,42.14,45.8,42.11,18039270,811233901.54,shares,0
2019-01-25,45.81,46.9,45.49,45.75,45.8,11423913,527069810.87,shares,0
2019-01-28,46.2,47.25,45.77,45.77,45.75,8169797,378860724.11,shares,0
2019-01-29,45.41,46.44,44.9,45.87,45.77,6272353,286778347.99,shares,0
2019-01-30,45.47,46.49,45.07,45.12,45.87,4222452,192812445.13,shares,0
2019-01-31,45.35,46.65,45.35,45.66,45.12,5454868,250790480.89,shares,0
2019-02-01,46.01,47.8,45.6,47.51,45.66,6868647,322246740.17,shares,0
2019-02-11,47.62,49.85,47.62,48.9,47.51,6106440,298520531.64,shares,0
2019-02-12,48.59,49.09,47.7,48.15,48.9,6477108,313185010.61,shares,0
2019-02-13,48.15,49.96,47.81,48.28,48.15,10602130,515192948.03,shares,0
2019-02-14,47.78,48.99,47.2,48.74,48.28,7496877,361250465.84,shares,0
2019-02-15,48.48,48.86,47.98,48.1,48.74,4909317,236995563.78,shares,0
2019-02-18,48.25,49.72,47.38,49.41,48.1,11518586,561139042.12,shares,0
2019-02-19,49.15,50.17,46.81,47.85,49.41,14024806,678834886.8,shares,0
2019-02-20,47.6,47.66,46.5,47.18,47.85,8859857,416989234.46,shares,0
2019-02-21,47.28,48.49,46.21,46.44,47.18,10765871,511361316.93,shares,0
2019-02-22,46.39,49.56,46.39,49.5,46.44,13336753,645070806.92,shares,0
2019-02-25,52.0,54.11,50.1,53.3,49.5,18183631,951949175.79,shares,0
2019-02-26,53.0,53.88,50.9,52.2,53.3,13215150,690376048.0,shares,0
2019-02-27,51.5,52.56,50.61,51.3,52.2,8894194,460531933.65,shares,0
2019-02-28,51.8,53.01,51.01,51.58,51.3,8288676,431012936.85,shares,0
2019-03-01,51.9,52.33,50.62,51.73,51.58,5356178,274288711.75,shares,0
2019-03-04,52.98,56.9,52.0,55.58,51.73,15452141,851925241.07,shares,0
2019-03-05,55.51,61.14,55.3,61.14,55.58,12193555,715727898.37,shares,0
2019-03-06,67.0,67.25,62.54,65.17,61.14,29032179,1893708602.28,shares,0
2019-03-07,65.31,71.48,63.45,67.8,65.17,19425266,1306082180.6,shares,0
2019-03-08,67.0,74.58,63.5,72.65,67.8,27715231,2004820046.15,shares,0
2019-03-11,76.48,79.0,65.39,71.5,72.65,26682961,1915957565.18,shares,0
2019-03-12,73.81,78.65,72.57,78.65,71.5,21918118,1666440150.14,shares,0
2019-03-13,80.5,83.0,70.9,72.0,78.65,24167765,1868361728.26,shares,0
2019-03-14,70.0,72.0,67.36,69.1,72.0,18918494,1310922924.62,shares,0
2019-03-15,69.97,70.8,67.48,68.38,69.1,13031826,903876332.42,shares,0
2019-03-18,68.43,71.66,65.55,70.9,68.38,14171250,971367114.98,shares,0
2019-03-19,69.8,74.3,68.55,71.66,70.9,13253808,951137132.14,shares,0
2019-03-20,71.0,71.86,67.62,69.35,71.66,10745135,743682583.72,shares,0
2019-03-21,69.14,72.8,67.99,70.42,69.35,15410736,1090988417.86,shares,0
2019-03-22,71.7,73.94,69.38,71.36,70.42,13169455,940216790.99,shares,0
2019-03-25,69.6,73.44,69.18,71.11,71.36,13953795,1001070791.84,shares,0
2019-03-26,71.24,73.18,68.0,68.0,71.11,13345766,943904890.41,shares,0
2019-03-27,68.89,70.04,66.12,68.11,68.0,11653386,796479392.08,shares,0
2019-03-28,67.21,71.5,67.2,68.19,68.11,12070343,834962378.5,shares,0
2019-03-29,67.69,71.1,65.53,70.49,68.19,14411115,990117942.6,shares,0
2019-04-01,71.14,75.07,69.94,73.57,70.49,15194831,1106895647.1,shares,0
2019-04-02,73.5,77.5,72.48,72.91,73.57,14973725,1116685668.97,shares,0
2019-04-03,72.22,73.88,71.6,73.25,72.91,9000702,652263525.18,shares,0
2019-04-04,74.5,75.66,70.12,71.0,73.25,14416107,1038566932.53,shares,0
2019-04-08,70.5,70.5,66.7,66.9,71.0,14734693,1004626506.91,shares,0
2019-04-09,67.0,68.49,65.9,67.25,66.9,9246645,619155667.66,shares,0
2019-04-10,66.88,67.3,65.53,66.68,67.25,7408755,491831005.14,shares,0
2019-04-11,66.6,66.6,62.68,63.76,66.68,12586169,809414179.77,shares,0
2019-04-12,64.08,65.29,63.82,64.61,63.76,6892532,444561123.93,shares,0
2019-04-15,65.85,67.35,63.36,63.64,64.61,8947298,586779044.18,shares,0
2019-04-16,63.01,67.13,62.26,66.91,63.64,11459610,745694849.66,shares,0
2019-04-17,66.81,67.34,65.6,65.8,66.91,8763337,581708866.14,shares,0
2019-04-18,65.53,66.65,64.66,64.96,65.8,5551600,362945206.8,shares,0
2019-04-19,64.75,65.49,63.75,64.5,64.96,4914820,316845336.71,shares,0
2019-04-22,65.25,67.29,64.5,65.44,64.5,11080227,732385366.4,shares,0
2019-04-23,65.29,66.5,63.1,63.97,65.44,8448346,545158998.06,shares,0
2019-04-24,64.15,67.22,62.21,66.76,63.97,13160812,859683738.72,shares,0
2019-04-25,66.5,67.35,62.78,63.24,66.76,10377147,673820327.3,shares,0
2019-04-26,62.99,65.5,62.58,63.89,63.24,8530669,549683790.96,shares,0
2019-04-29,64.47,64.47,61.15,61.8,63.89,8579912,537175082.4,shares,0
2019-04-30,61.33,63.02,60.55,61.01,61.8,6579302,406378073.13,shares,0
2019-05-06,58.0,59.35,54.91,54.91,61.01,9769561,555497736.53,shares,0
2019-05-07,55.47,56.13,54.8,55.9,54.91,6720125,373375276.03,shares,0
2019-05-08,54.88,61.49,54.51,59.85,55.9,15366992,912547173.05,shares,0
2019-05-09,59.82,64.78,59.49,63.18,59.85,16545852,1032621509.16,shares,0
2019-05-10,63.18,69.5,62.38,69.5,63.18,21411806,1419214519.28,shares,0
2019-05-13,68.0,69.9,66.74,68.04,69.5,13423170,914591219.89,shares,0
2019-05-14,67.9,68.71,66.3,66.89,68.04,9719051,653947302.97,shares,0
2019-05-15,67.4,68.29,66.97,68.29,66.89,10442614,707221820.87,shares,0
2019-05-16,67.89,67.9,65.68,66.97,68.29,10035589,668522912.85,shares,0
2019-05-17,69.0,70.5,66.25,66.55,66.97,15342310,1053365810.33,shares,0
2019-05-20,68.5,70.39,67.76,68.81,66.55,13301540,917763615.17,shares,0
2019-05-21,67.89,69.8,66.0,68.12,68.81,11130962,755803091.38,shares,0
2019-05-22,68.18,73.01,67.88,72.6,68.12,17377212,1226473722.49,shares,0
2019-05-23,71.99,71.99,68.0,68.09,72.6,16919765,1185057943.5,shares,0
2019-05-24,66.08,67.65,65.8,65.82,68.09,9073595,603571778.45,shares,0
2019-05-27,65.9,71.0,65.89,70.18,65.82,12405128,856428466.32,shares,0
2019-05-28,70.1,70.88,69.0,69.66,70.18,9416404,657055854.16,shares,0
2019-05-29,69.55,70.88,68.55,69.44,69.66,8703502,607178596.0,shares,0
2019-05-30,68.61,68.66,66.05,67.6,69.44,8672013,583226883.84,shares,0
2019-05-31,67.54,68.57,66.66,66.74,67.6,6494271,437917509.83,shares,0
2019-06-03,67.41,67.96,64.51,65.45,66.74,8363760,554166914.46,shares,0
2019-06-04,65.02,66.32,63.48,63.58,65.45,7287507,470499985.69,shares,0
2019-06-05,64.47,64.83,63.25,63.81,63.58,5050628,323932041.21,shares,0
2019-06-06,63.97,64.5,62.35,63.3,63.81,5486007,349316788.24,shares,0
2019-06-10,63.59,64.8,63.41,64.3,63.3,4186317,269005127.74,shares,0
2019-06-11,64.22,66.6,63.2,66.41,64.3,8143772,532880192.59,shares,0
2019-06-12,66.34,66.96,65.52,66.4,66.41,7235089,478768899.76,shares,0
2019-06-13,66.33,66.85,65.71,65.76,66.4,4542463,300534948.8,shares,0
2019-06-14,65.17,66.38,62.9,62.99,65.76,6159089,397586822.42,shares,0
2019-06-17,62.99,63.55,59.5,60.77,62.99,8670550,527742058.62,shares,0
2019-06-18,60.5,61.55,60.2,60.8,60.77,4099244,249822434.01,shares,0
2019-06-19,63.62,64.33,62.39,62.46,60.8,7357598,466848667.64,shares,0
2019-06-20,62.44,65.15,62.1,63.99,62.46,6509805,415189909.16,shares,0
2019-06-21,64.9,67.8,64.85,67.15,63.99,11080109,741639237.12,shares,0
2019-06-24,66.8,67.97,66.12,66.9,67.15,5333449,356869447.47,shares,0
2019-06-25,67.03,67.09,64.12,65.01,66.9,5571531,362654641.94,shares,0
2019-06-26,64.59,68.49,64.23,68.16,65.01,9712421,650839335.69,shares,0
2019-06-27,67.81,70.88,67.81,69.95,68.16,10701301,744383307.52,shares,0
2019-06-28,69.95,71.6,68.8,69.25,69.95,6615581,463029577.32,shares,0
2019-07-01,71.5,72.44,70.0,70.62,69.25,8696158,618071478.6,shares,0
2019-07-02,70.52,70.54,68.48,68.96,70.62,7056406,488206828.78,shares,0
2019-07-03,68.6,68.93,66.91,67.25,68.96,6483392,438666136.04,shares,0
2019-07-04,67.5,67.91,66.47,67.15,67.25,4282054,287485653.52,shares,0
2019-07-05,67.01,68.2,67.01,67.85,67.15,5411729,366462095.8,shares,0
2019-07-08,67.53,68.63,66.51,67.4,67.85,6902846,465961718.55,shares,0
2019-07-09,66.2,67.6,65.6,67.05,67.4,4756257,316661079.22,shares,0
2019-07-10,67.75,70.77,67.7,68.54,67.0,9765640,674747019.24,shares,0
2019-07-11,68.69,69.0,66.1,66.3,68.54,7549305,509286368.42,shares,0
2019-07-12,66.15,66.79,65.0,65.58,66.3,4464019,294689032.52,shares,0
2019-07-15,65.6,69.58,64.6,69.14,65.58,10613568,720811916.23,shares,0
2019-07-16,68.91,70.16,68.9,69.35,69.14,6406875,445494035.5,shares,0
2019-07-17,69.98,71.4,69.7,69.9,69.35,8303715,586296357.78,shares,0
2019-07-18,68.69,68.78,65.5,65.53,69.9,13946564,930380872.21,shares,0
2019-07-19,65.88,67.25,65.54,66.95,65.53,8017526,532621233.27,shares,0
2019-07-22,68.64,69.5,63.55,63.75,66.95,12349989,810989461.69,shares,0
2019-07-23,63.05,65.4,63.0,64.78,63.75,5733641,370653629.62,shares,0
2019-07-24,64.89,66.2,64.62,65.0,64.78,5668640,370782579.83,shares,0
2019-07-25,64.95,66.3,64.83,65.48,65.0,6878328,451438111.73,shares,0
2019-07-26,65.83,66.0,63.88,64.37,65.48,7693612,497477392.56,shares,0
2019-07-29,64.6,65.9,64.05,65.33,64.37,6083673,397100667.43,shares,0
2019-07-30,65.33,65.68,64.25,64.5,65.33,5195185,336326036.97,shares,0
2019-07-31,64.45,65.14,64.04,64.58,64.5,5366679,347546958.01,shares,0
2019-08-01,64.0,64.48,60.25,61.0,64.58,14337104,885029970.91,shares,0
2019-08-02,59.45,61.59,58.8,60.74,61.0,7957375,480113940.06,shares,0
2019-08-05,60.49,61.13,59.66,59.8,60.74,5437898,327988185.45,shares,0
2019-08-06,58.18,59.28,56.4,59.0,59.8,7946494,461438206.66,shares,0
2019-08-07,59.03,59.69,55.8,56.19,59.0,10148124,579282359.99,shares,0
2019-08-08,56.75,58.25,56.22,57.95,56.19,7976920,457275066.12,shares,0
2019-08-09,58.3,58.83,56.45,57.09,57.95,6128382,353475612.96,shares,0
2019-08-12,57.57,58.61,56.68,58.08,57.09,8190860,472002760.28,shares,0
2019-08-13,57.5,58.4,56.89,57.2,58.08,5255222,302466674.65,shares,0
2019-08-14,58.2,59.1,57.88,58.45,57.2,9183850,537916103.86,shares,0
2019-08-15,56.94,59.15,56.2,59.13,58.45,10341069,596630869.68,shares,0
2019-08-16,58.74,60.58,58.45,59.37,59.13,9761908,581116210.99,shares,0
2019-08-19,59.93,62.66,59.02,61.44,59.37,14047980,857796131.34,shares,0
2019-08-20,61.4,62.19,59.65,59.85,61.44,8361978,507223815.76,shares,0
2019-08-21,59.7,60.75,58.23,60.02,59.85,8707041,517326020.1,shares,0
2019-08-22,59.7,63.51,59.7,62.08,60.02,15201764,945242346.5,shares,0
2019-08-23,62.83,63.67,61.39,62.02,62.08,10341372,645214805.48,shares,0
2019-08-26,60.66,65.6,60.66,65.09,62.02,17421742,1116621664.77,shares,0
2019-08-27,65.06,66.28,64.11,65.2,65.09,11730489,767343061.59,shares,0
2019-08-28,65.0,65.18,63.54,64.01,65.2,8122124,521750317.76,shares,0
2019-08-29,64.0,64.67,63.5,64.05,64.01,7004005,448679351.94,shares,0
2019-08-30,64.04,67.01,63.62,64.7,64.05,15728928,1029058308.09,shares,0
2019-09-02,64.99,67.66,63.96,66.98,64.7,13711886,906165781.16,shares,0
2019-09-03,66.97,70.74,66.14,69.13,66.98,16340932,1116260392.44,shares,0
2019-09-04,70.04,72.88,69.5,71.0,69.13,16019449,1142783306.29,shares,0
2019-09-05,71.46,74.55,70.53,72.22,71.0,13984188,1013825661.05,shares,0
2019-09-06,72.01,73.2,68.9,70.32,72.22,15766174,1113822744.32,shares,0
2019-09-09,70.95,72.7,70.0,72.54,70.32,13350580,952576245.78,shares,0
2019-09-10,72.4,72.4,69.04,70.0,72.54,12405641,873122408.14,shares,0
2019-09-11,70.01,70.95,67.95,68.58,70.0,10471037,724476623.77,shares,0
2019-09-12,69.11,71.23,68.88,69.18,68.58,9259480,646375191.87,shares,0
2019-09-16,69.54,71.19,68.5,70.44,69.18,9574212,671143259.61,shares,0
2019-09-17,69.75,69.87,67.1,67.98,70.44,8972921,612773129.56,shares,0
2019-09-18,68.3,68.83,67.19,68.54,67.98,5920863,403393175.85,shares,0
2019-09-19,68.53,70.4,68.05,70.11,68.54,10537693,733038301.06,shares,0
2019-09-20,70.1,71.67,69.22,70.98,70.11,11336343,799062690.69,shares,0
2019-09-23,70.95,78.08,69.6,78.08,70.98,21559683,1593337201.29,shares,0
2019-09-24,79.8,85.8,79.54,81.85,78.08,26389492,2170827663.09,shares,0
2019-09-25,81.63,82.9,78.59,79.8,81.85,18630271,1500107912.57,shares,0
2019-09-26,80.01,80.7,71.82,71.82,79.8,21754505,1631963216.87,shares,0
2019-09-27,69.8,70.43,67.24,69.0,71.82,22016006,1513136109.87,shares,0
2019-09-30,68.3,68.68,65.58,65.58,69.0,12443962,828106070.67,shares,0
2019-10-08,65.72,66.77,64.81,65.3,65.58,8571906,563978895.61,shares,0
2019-10-09,65.32,67.0,64.2,66.63,65.3,6637390,439525039.78,shares,0
2019-10-10,66.7,69.3,66.33,69.09,66.63,11267721,770107378.84,shares,0
2019-10-11,69.09,69.09,66.06,66.34,69.09,12343682,828688397.76,shares,0
2019-10-14,67.27,67.8,66.63,67.5,66.34,9132940,615362508.17,shares,0
2019-10-15,67.1,67.1,64.44,64.63,67.5,9686090,630662603.96,shares,0
2019-10-16,64.6,65.37,63.5,63.5,64.63,8193554,526440804.47,shares,0
2019-10-17,64.08,64.24,62.8,63.0,63.5,6552337,415065326.12,shares,0
2019-10-18,63.27,64.49,62.5,62.66,63.0,7397135,468582520.28,shares,0
2019-10-21,62.3,63.6,61.03,63.49,62.66,5365094,336936290.42,shares,0
2019-10-22,63.4,64.75,63.21,64.18,63.49,5950782,381699932.24,shares,0
2019-10-23,64.13,64.5,62.88,63.01,64.18,4985981,318104073.16,shares,0
2019-10-24,63.15,63.31,62.5,63.04,63.01,3138101,197375638.8,shares,0
2019-10-25,63.13,65.0,62.36,64.85,63.04,6066995,388291342.4,shares,0
2019-10-28,66.9,67.85,65.08,67.29,64.85,11058742,737158176.21,shares,0
2019-10-29,67.6,70.37,66.63,66.68,67.29,13189322,905072021.45,shares,0
2019-10-30,66.0,69.95,65.85,68.69,66.68,11269847,774143141.27,shares,0
2019-10-31,69.6,72.13,69.28,70.75,68.69,14006339,993604003.1,shares,0
2019-11-01,70.56,71.48,69.3,70.95,70.75,8826687,621336976.89,shares,0
2019-11-04,71.4,71.96,69.8,71.08,70.95,8269591,586759163.45,shares,0
2019-11-05,71.06,73.78,71.0,72.75,71.08,10989573,796047835.7,shares,0
2019-11-06,71.91,73.25,69.72,69.92,72.75,10700402,759264187.54,shares,0
2019-11-07,70.1,71.44,70.0,71.0,69.92,6688037,472916857.23,shares,0
2019-11-08,72.0,72.35,69.87,69.88,71.0,7820439,554767740.65,shares,0
2019-11-11,69.0,70.36,68.3,68.58,69.88,6139488,424293549.57,shares,0
2019-11-12,69.03,69.55,66.82,69.2,68.58,7283445,497776756.84,shares,0
2019-11-13,72.53,76.12,71.68,76.12,69.2,17793054,1314948997.6,shares,0
2019-11-14,79.7,80.3,77.37,79.11,76.12,26909185,2122970264.57,shares,0
2019-11-15,78.76,80.33,76.81,77.24,79.11,16507969,1301203261.28,shares,0
2019-11-18,77.23,78.34,75.9,76.85,77.24,10571161,811914282.25,shares,0
2019-11-19,76.5,77.5,75.5,77.35,76.85,12134983,927839140.57,shares,0
2019-11-20,77.25,78.37,75.6,75.8,77.35,12010427,924778633.59,shares,0
2019-11-21,75.0,76.6,74.68,76.04,75.8,7050673,533315541.12,shares,0
2019-11-22,76.01,77.99,71.88,72.71,76.04,15320798,1142795261.19,shares,0
2019-11-25,73.5,73.8,70.2,70.61,72.71,8764381,624653910.28,shares,0
2019-11-26,70.91,72.07,70.63,71.5,70.61,7231074,515818806.12,shares,0
2019-11-27,71.5,77.24,71.1,76.05,71.5,13602278,1018331103.15,shares,0
2019-11-28,75.75,78.56,75.45,77.0,76.05,12312990,949902594.13,shares,0
2019-11-29,77.75,78.38,76.2,78.2,77.0,9894925,765627070.03,shares,0
2019-12-02,78.49,81.71,77.18,80.0,78.2,12599516,1007294722.18,shares,0
2019-12-03,78.8,81.0,78.35,79.99,80.0,7793311,620711417.92,shares,0
2019-12-04,79.99,87.99,79.99,86.33,79.99,22587735,1937133443.73,shares,0
2019-12-05,86.01,91.76,85.41,88.16,86.33,22094602,1950415497.05,shares,0
2019-12-06,88.67,90.94,87.77,90.31,88.16,11408152,1017854676.85,shares,0
2019-12-09,90.9,91.97,88.64,88.64,90.31,10009669,901463944.98,shares,0
2019-12-10,88.7,91.48,87.2,90.1,88.64,10876228,973818278.84,shares,0
2019-12-11,89.35,93.33,87.42,89.87,90.1,13618922,1223262823.44,shares,0
2019-12-12,89.6,92.95,89.6,90.8,89.87,12181807,1110634691.07,shares,0
2019-12-13,91.28,91.49,86.8,90.3,90.8,12261385,1092254826.52,shares,0
2019-12-16,89.82,92.3,87.6,92.3,90.3,14406474,1293950834.31,shares,0
2019-12-17,91.76,91.9,89.0,90.67,92.3,10761661,971473110.83,shares,0
2019-12-18,90.23,93.32,90.14,91.8,90.67,11769436,1079454174.62,shares,0
2019-12-19,91.89,91.89,85.5,87.7,91.8,15482793,1355341468.12,shares,0
2019-12-20,87.54,88.33,85.8,85.82,87.7,7382678,643068040.13,shares,0
2019-12-23,82.85,84.5,81.82,82.5,85.82,12785234,1061267797.06,shares,0
2019-12-24,83.28,86.93,82.63,86.5,82.5,10161003,859135376.8,shares,0
2019-12-25,86.98,95.0,86.5,93.99,86.5,19511289,1783213620.59,shares,0
2019-12-26,93.0,93.98,91.5,92.86,93.99,8315920,769032709.84,shares,0
2019-12-27,92.5,92.58,88.18,88.81,92.86,11320184,1026405024.96,shares,0
2019-12-30,88.82,90.33,85.86,88.61,88.81,8612085,763500235.02,shares,0
2019-12-31,88.66,89.5,87.0,88.0,88.61,5423341,478029442.55,shares,0
2020-01-02,88.62,93.26,88.0,93.0,88.0,11858214,1083964251.69,shares,0
2020-01-03,93.2,94.5,90.2,92.7,93.0,8892033,822252265.51,shares,0
2020-01-06,91.21,93.49,90.35,90.85,92.7,9526704,874125938.41,shares,0
2020-01-07,90.0,91.91,90.0,91.32,90.85,6799006,618471927.44,shares,0
2020-01-08,91.0,91.0,88.13,89.11,91.32,7857547,701005227.15,shares,0
2020-01-09,90.05,90.99,88.56,90.74,89.11,7684366,689888990.14,shares,0
2020-01-10,91.0,94.66,90.0,91.0,90.74,12101036,1116995958.26,shares,0
2020-01-13,91.0,100.1,91.0,100.1,91.0,13550754,1330440859.63,shares,0
2020-01-14,105.15,108.88,102.63,107.15,100.1,19851436,2097318066.52,shares,0
2020-01-15,106.22,108.8,104.5,108.0,107.15,12333780,1313301995.97,shares,0
2020-01-16,109.74,117.71,109.0,113.0,108.0,16838886,1903791270.47,shares,0
2020-01-17,113.78,114.99,110.39,113.0,113.0,11643311,1306710483.1,shares,0
2020-01-20,112.26,121.09,112.26,117.98,113.0,12924222,1509638140.96,shares,0
2020-01-21,116.19,119.6,114.83,117.4,117.98,8513229,1002053935.73,shares,0
2020-01-22,117.4,127.0,111.94,127.0,117.4,12057487,1451705921.0,shares,0
2020-01-23,123.32,129.3,114.3,118.5,127.0,15981999,1935692870.29,shares,0
2020-02-03,106.65,110.5,106.65,106.65,118.5,13677649,1471903996.82,shares,0
2020-02-04,108.5,117.32,108.5,117.32,106.65,11377512,1308805329.55,shares,0
2020-02-05,118.51,129.05,118.51,124.62,117.32,17199237,2145626649.78,shares,0
2020-02-06,123.21,137.08,122.0,137.08,124.62,15238940,1969902730.45,shares,0
2020-02-07,137.47,146.5,133.0,144.96,137.08,13103349,1813242746.18,shares,0
2020-02-10,141.0,144.92,136.39,140.08,144.96,11888695,1667324550.54,shares,0
2020-02-11,138.57,143.6,138.57,141.3,140.08,9333734,1321072587.89,shares,0
2020-02-12,140.28,143.5,137.4,142.35,141.3,11038890,1551703017.56,shares,0
2020-02-13,142.35,153.8,140.7,145.29,142.35,14366074,2109448315.82,shares,0
2020-02-14,142.58,151.5,140.2,141.41,145.29,11465513,1677498992.32,shares,0
2020-02-17,143.25,147.44,141.6,146.4,141.41,8771578,1272892488.12,shares,0
2020-02-18,147.5,156.98,146.51,154.01,146.4,11572497,1766319504.1,shares,0
2020-02-19,152.0,160.2,148.92,155.16,154.01,11775255,1829227341.88,shares,0
2020-02-20,153.8,158.77,146.53,154.89,155.16,13863005,2115945159.16,shares,0
2020-02-21,151.25,154.99,151.01,153.0,154.89,11160370,1704885583.69,shares,0
2020-02-24,152.2,168.3,151.53,168.3,153.0,16798801,2750185891.79,shares,0
2020-02-25,167.5,180.15,158.0,174.7,168.3,16703253,2817110794.81,shares,0
2020-02-26,170.0,173.5,157.23,157.23,174.7,15802590,2591060431.97,shares,0
2020-02-27,160.0,168.18,158.54,162.6,157.23,18844946,3067561288.58,shares,0
2020-02-28,150.0,158.59,146.34,148.01,162.6,18665087,2770548800.72,shares,0
2020-03-02,152.02,154.36,138.01,142.2,148.01,20373812,2938431334.34,shares,0
2020-03-03,146.16,150.0,139.51,141.49,142.2,17638646,2552631782.91,shares,0
2020-03-04,138.36,139.9,127.55,131.72,141.49,21306271,2825630305.13,shares,0
2020-03-05,134.0,137.0,129.53,136.99,131.72,17006605,2282234618.21,shares,0
2020-03-06,134.03,138.5,132.0,133.72,136.99,10481634,1414401314.78,shares,0
2020-03-09,131.16,131.55,120.65,121.85,133.72,17123427,2153987458.27,shares,0
2020-03-10,125.0,133.93,125.0,133.23,121.85,19431653,2512209714.11,shares,0
2020-03-11,133.7,134.0,124.6,124.64,133.23,17244593,2213922774.83,shares,0
2020-03-12,121.19,127.98,121.19,126.0,124.64,13077786,1642318038.23,shares,0
2020-03-13,120.54,136.05,120.54,133.4,126.0,20519855,2692258507.05,shares,0
2020-03-16,133.55,138.88,126.89,130.33,133.4,19859846,2661034591.33,shares,0
2020-03-17,134.5,138.0,125.52,137.15,130.33,16261395,2168117684.17,shares,0
2020-03-18,138.88,141.86,133.0,134.49,137.15,15275588,2117525172.15,shares,0
2020-03-19,136.96,144.7,133.73,143.0,134.49,14580404,2017984916.24,shares,0
2020-03-20,145.0,148.7,141.81,144.01,143.0,14316812,2075084517.07,shares,0
2020-03-23,137.5,141.85,129.61,129.61,144.01,12979217,1739721408.94,shares,0
2020-03-24,132.98,133.26,117.0,125.3,129.61,17633203,2187534473.84,shares,0
2020-03-25,128.0,131.45,125.46,127.25,125.3,11262441,1442864070.52,shares,0
2020-03-26,125.0,129.0,122.22,123.82,127.25,8833547,1103994342.62,shares,0
2020-03-27,126.05,128.5,122.61,123.81,123.82,7393317,925219309.06,shares,0
2020-03-30,121.81,122.0,113.58,117.1,123.81,11586976,1352156190.79,shares,0
2020-03-31,119.18,121.3,115.71,116.3,117.1,7427925,877900565.66,shares,0
2020-04-01,115.4,120.17,115.1,116.24,116.3,7612266,896824750.75,shares,0
2020-04-02,115.42,127.8,115.42,127.09,116.24,14748742,1801860513.01,shares,0
2020-04-03,125.1,127.0,123.77,124.6,127.09,8544587,1071207278.31,shares,0
2020-04-07,130.81,131.48,126.5,126.65,124.6,8866191,1137943531.83,shares,0
2020-04-08,125.99,129.66,125.3,126.18,126.65,6690300,850318748.93,shares,0
2020-04-09,127.78,127.88,123.0,125.66,126.18,5950980,744167336.61,shares,0
2020-04-10,124.74,125.65,116.05,117.0,125.66,9080399,1082510063.88,shares,0
2020-04-13,116.05,118.14,112.33,114.19,117.0,6077260,698252732.57,shares,0
2020-04-14,116.0,120.51,114.19,120.14,114.19,7479820,881098137.77,shares,0
2020-04-15,121.77,125.89,119.8,122.18,120.14,10324688,1271448873.54,shares,0
2020-04-16,120.15,126.2,118.96,125.25,122.18,8001015,987937914.07,shares,0
2020-04-17,130.5,137.78,130.1,136.71,125.25,17996466,2440778683.25,shares,0
2020-04-20,135.0,138.25,133.23,137.99,136.71,9099754,1241051187.59,shares,0
2020-04-21,136.4,139.33,132.38,135.85,137.99,8207759,1114512307.33,shares,0
2020-04-22,134.42,139.51,132.43,139.22,135.85,8343627,1147945991.34,shares,0
2020-04-23,139.1,139.79,133.0,133.48,139.22,7908090,1070570706.26,shares,0
2020-04-24,133.18,136.5,130.46,132.0,133.48,5850739,777026307.05,shares,0
2020-04-27,134.5,135.79,130.1,133.6,132.0,6294536,840026454.19,shares,0
2020-04-28,133.61,144.95,132.15,141.93,133.6,12097193,1689183091.03,shares,0
2020-04-29,140.98,143.31,139.23,142.3,141.93,5768837,817193740.15,shares,0
2020-04-30,144.86,156.16,143.31,152.17,142.3,11563431,1748617739.17,shares,0
2020-05-06,154.0,163.36,154.0,161.01,152.17,11463923,1824309746.5,shares,0
2020-05-07,161.01,164.36,157.0,158.26,161.01,7555546,1205506823.89,shares,0
2020-05-08,159.86,164.49,154.56,156.15,158.26,10147420,1607959488.62,shares,0
2020-05-11,156.21,158.66,151.2,152.53,156.15,8470348,1311985211.74,shares,0
2020-05-12,154.11,155.2,148.66,154.15,152.53,9829039,1495935862.8,shares,0
2020-05-13,158.0,165.0,155.22,158.8,154.15,15295664,2435167668.08,shares,0
2020-05-14,158.0,162.0,155.77,155.87,158.8,9473762,1494533901.14,shares,0
2020-05-15,155.87,165.27,154.51,161.99,155.87,12958830,2083778982.5,shares,0
2020-05-18,170.46,178.0,160.0,167.08,161.99,20849874,3498658236.97,shares,0
2020-05-19,168.43,183.79,163.9,183.79,167.08,19532268,3441818609.09,shares,0
2020-05-20,179.0,183.18,171.07,174.2,183.79,16426981,2908740160.28,shares,0
2020-05-21,173.42,173.89,156.96,160.94,174.2,17845333,2947402325.62,shares,0
2020-05-22,158.51,161.21,151.7,157.25,160.94,13733372,2149246744.16,shares,0
2020-05-25,157.62,158.75,152.51,153.9,157.25,8409287,1304607822.1,shares,0
2020-05-26,155.58,162.1,155.44,160.28,153.9,11466438,1829921040.6,shares,0
2020-05-27,158.5,167.37,158.01,161.67,160.28,11682630,1907599626.36,shares,0
2020-05-28,161.79,161.79,146.6,150.72,161.67,16201654,2461444734.95,shares,0
2020-05-29,148.0,154.29,147.15,152.0,150.72,9559645,1446902182.16,shares,0
2020-06-01,155.0,160.75,153.09,157.25,152.0,11246343,1767956554.36,shares,0
2020-06-02,159.99,161.01,156.0,158.15,157.25,10357435,1641319936.55,shares,0
2020-06-03,158.59,160.88,155.2,156.43,158.15,8880207,1403286245.82,shares,0
2020-06-04,156.43,158.0,151.5,152.37,156.43,7358316,1133292103.16,shares,0
2020-06-05,153.06,156.5,152.8,154.13,152.37,6595675,1020386280.17,shares,0
2020-06-08,156.21,159.57,154.66,155.04,154.13,6909711,1084346113.58,shares,0
2020-06-09,153.58,158.3,151.09,157.33,155.04,6912020,1076487746.99,shares,0
2020-06-10,156.0,156.47,152.15,155.77,157.33,6780638,1048881724.82,shares,0
2020-06-11,157.19,162.58,156.0,157.0,155.77,11702878,1855996654.61,shares,0
2020-06-12,152.0,154.6,150.03,150.21,157.0,13947768,2113669775.23,shares,0
2020-06-15,147.9,148.24,142.9,142.92,150.21,11452656,1671153688.71,shares,0
2020-06-16,145.2,149.28,145.01,149.2,142.92,8554017,1263657046.89,shares,0
2020-06-17,149.5,150.28,147.0,149.46,149.2,4975011,738014461.55,shares,0
2020-06-18,149.68,152.88,146.51,152.16,149.46,7685091,1161832015.08,shares,0
2020-06-19,154.0,158.89,150.32,156.01,152.16,8510127,1318126388.62,shares,0
2020-06-22,159.5,169.5,159.2,168.33,156.01,13242984,2205086133.02,shares,0
2020-06-23,166.59,168.81,163.0,167.86,168.27,10076912,1674185495.96,shares,0
2020-06-24,169.29,173.84,167.5,169.04,167.86,9174586,1560551033.24,shares,0
2020-06-29,168.0,171.58,165.0,166.24,169.04,7282112,1217465696.05,shares,0
2020-06-30,170.0,172.92,168.38,170.91,166.24,6846119,1168770347.19,shares,0
2020-07-01,171.38,178.58,169.0,173.75,170.91,9177580,1597598890.6,shares,0
2020-07-02,173.65,178.0,170.0,171.3,173.75,8956670,1544533934.68,shares,0
2020-07-03,170.3,185.15,170.3,180.16,171.3,12817998,2276055695.62,shares,0
2020-07-06,181.88,198.18,181.0,198.18,180.16,14433845,2778475140.13,shares,0
2020-07-07,205.99,218.0,200.1,202.83,198.18,15021968,3182351245.78,shares,0
2020-07-08,204.1,214.78,201.9,211.98,202.83,11299054,2356164732.49,shares,0
2020-07-09,206.95,219.89,205.63,212.0,211.98,11370851,2431104970.07,shares,0
2020-07-10,211.0,226.3,208.88,221.3,212.0,11782847,2571229870.24,shares,0
2020-07-13,217.28,225.0,212.5,224.51,221.3,14336896,3124856727.82,shares,0
2020-07-14,214.0,218.8,207.0,214.06,224.51,16984437,3638731711.39,shares,0
2020-07-15,213.92,216.88,194.44,198.0,214.06,15500687,3146119351.14,shares,0
2020-07-16,196.05,199.8,178.2,178.2,198.0,14580910,2728879380.13,shares,0
2020-07-17,176.99,179.87,169.5,173.0,178.2,11928592,2067948754.37,shares,0
2020-07-20,176.0,182.3,167.33,182.28,173.0,11749650,2060676880.62,shares,0
2020-07-21,179.94,185.18,177.21,182.0,182.28,8214476,1490117285.81,shares,0
2020-07-22,182.0,194.66,180.36,187.0,182.0,10071037,1901885820.54,shares,0
2020-07-23,185.0,192.2,184.48,191.85,187.0,8911175,1679768725.65,shares,0
2020-07-24,187.81,189.77,177.96,178.59,191.85,9366034,1709498508.71,shares,0
2020-07-27,178.63,183.48,171.81,177.21,178.59,6383889,1131166947.28,shares,0
2020-07-28,179.51,180.78,173.66,176.24,177.21,4789713,843087404.25,shares,0
2020-07-29,176.5,189.8,176.25,189.2,176.24,8499561,1573319702.31,shares,0
2020-07-30,189.1,189.88,185.49,189.54,189.2,7339626,1376749028.41,shares,0
2020-07-31,188.88,208.49,187.0,208.49,189.54,13472735,2703579295.67,shares,0
2020-08-03,229.33,229.34,226.01,229.34,208.49,4347743,996902600.53,shares,0
2020-08-04,236.0,238.88,210.0,213.0,229.34,15768287,3520999204.6,shares,0
2020-08-05,224.0,224.0,213.0,215.0,213.0,14254414,3105768554.53,shares,0
2020-08-06,210.5,224.6,203.85,217.97,215.0,13122056,2829061531.21,shares,0
2020-08-07,216.0,217.6,198.11,208.4,217.97,13109954,2714046607.15,shares,0
2020-08-10,201.01,228.0,200.0,220.8,208.4,13171116,2828274655.44,shares,0
2020-08-11,218.99,230.6,217.5,219.8,220.8,10438469,2340228678.47,shares,0
2020-08-12,218.0,220.04,203.99,212.62,219.8,9270102,1953066058.27,shares,0
2020-08-13,214.63,215.58,204.2,205.0,212.62,7139879,1497166438.51,shares,0
2020-08-14,203.01,210.99,203.01,208.0,205.0,5116205,1061782969.87,shares,0
2020-08-17,208.22,214.45,205.34,213.19,208.0,6872188,1449716410.88,shares,0
2020-08-18,212.5,218.5,207.58,214.23,213.19,6299236,1343690675.22,shares,0
2020-08-19,212.03,221.6,206.03,207.8,214.23,9137022,1963246507.85,shares,0
2020-08-20,202.0,206.68,196.62,199.0,207.8,7416816,1486721576.75,shares,0
2020-08-21,202.0,203.3,197.21,199.4,199.0,4543869,910839166.36,shares,0
2020-08-24,201.0,201.0,192.0,194.7,199.4,5841384,1145363053.64,shares,0
2020-08-25,200.0,200.0,192.55,195.39,194.7,4257828,829598472.86,shares,0
2020-08-26,194.99,194.99,182.99,184.7,195.39,8652758,1616907917.33,shares,0
2020-08-27,185.11,192.96,181.01,189.0,184.7,6545612,1229626457.41,shares,0
2020-08-28,190.0,192.23,186.68,190.74,189.0,4714031,893240977.8,shares,0
2020-08-31,193.0,194.1,184.3,184.3,190.74,7330051,1384110196.77,shares,0
2020-09-01,183.5,187.2,182.04,185.92,184.3,4171637,773004856.21,shares,0
2020-09-02,186.0,186.91,179.2,180.03,185.92,7220348,1310278131.9,shares,0
2020-09-03,181.88,185.5,177.5,184.99,180.03,7415508,1352653581.63,shares,0
2020-09-04,182.0,195.0,181.17,187.05,184.99,11758205,2228843330.18,shares,0
2020-09-07,187.0,187.0,168.35,170.13,187.05,14087006,2461346339.63,shares,0
2020-09-08,168.9,169.97,164.36,167.09,170.13,7642170,1279144021.38,shares,0
2020-09-09,164.51,164.72,150.5,155.0,167.09,9219506,1458360050.97,shares,0
2020-09-10,159.0,161.65,155.5,156.43,155.0,6738099,1070901838.25,shares,0
2020-09-11,155.95,159.3,153.0,157.2,156.43,8936460,1396834297.25,shares,0
2020-09-14,157.2,157.99,151.53,153.4,157.2,8295135,1277630890.58,shares,0
2020-09-15,153.44,163.77,151.46,160.0,153.4,9833563,1553971163.23,shares,0
2020-09-16,157.76,160.7,155.05,155.97,160.0,5530449,870328043.77,shares,0
2020-09-17,156.0,161.99,153.87,160.48,155.97,6821272,1084095895.55,shares,0
2020-09-18,160.09,163.83,158.35,163.58,160.48,5532279,891717747.15,shares,0
2020-09-21,163.9,169.84,162.7,163.57,163.58,6215075,1035610893.82,shares,0
2020-09-22,160.7,163.0,158.31,158.73,163.57,3858055,619527765.94,shares,0
2020-09-23,159.83,161.98,158.0,160.31,158.73,4047125,648239644.51,shares,0
2020-09-24,158.69,160.0,156.0,156.88,160.31,3429501,540892779.57,shares,0
2020-09-25,158.4,158.88,155.08,156.85,156.88,3049269,477644854.69,shares,0
2020-09-28,155.03,156.49,151.8,154.76,156.85,4261231,656802243.06,shares,0
2020-09-29,157.59,164.89,156.17,161.09,154.76,6445319,1041937473.43,shares,0
2020-09-30,162.0,162.5,158.21,159.06,161.09,3736913,598285401.7,shares,0
2020-10-09,163.1,164.26,160.31,161.7,159.06,4389980,712027552.67,shares,0
2020-10-12,164.0,177.87,162.51,177.87,161.7,10018845,1713679879.36,shares,0
2020-10-13,178.3,180.35,175.66,179.99,177.87,6092452,1086216920.82,shares,0
2020-10-14,180.0,180.3,173.0,174.0,179.99,5945997,1039551756.97,shares,0
2020-10-15,174.05,179.2,169.99,171.55,174.0,5292729,922708494.02,shares,0
2020-10-16,172.46,174.55,169.0,173.21,171.55,3461671,593966989.16,shares,0
2020-10-19,173.92,174.99,167.25,168.28,173.21,4271688,728168205.99,shares,0
2020-10-20,168.0,171.14,165.08,170.57,168.28,3084054,520083797.77,shares,0
2020-10-21,170.75,171.0,156.11,164.4,170.57,9320411,1502344917.69,shares,0
2020-10-22,160.8,164.3,160.1,161.11,164.4,3271004,530595003.85,shares,0
2020-10-23,161.01,164.5,157.22,157.72,161.11,3445598,551901949.19,shares,0
2020-10-26,156.5,160.78,155.01,159.5,157.72,2967391,468970119.36,shares,0
2020-10-27,157.91,163.0,157.55,162.28,159.5,2726041,439748391.73,shares,0
2020-10-28,161.59,164.0,158.51,163.8,162.28,3597177,580925671.42,shares,0
2020-10-29,160.28,163.49,160.0,161.34,163.8,3150813,508663718.94,shares,0
2020-10-30,162.0,176.0,161.9,171.0,161.34,10541225,1793621380.99,shares,0
2020-11-02,171.55,181.0,170.0,178.96,171.0,9301195,1632850861.81,shares,0
2020-11-03,180.2,185.52,178.06,180.9,178.96,8046950,1464986354.84,shares,0
2020-11-04,180.9,180.93,173.82,174.01,180.9,7317185,1292666613.3,shares,0
2020-11-05,179.01,181.49,175.1,178.65,174.01,6044408,1077304246.68,shares,0
2020-11-06,178.65,190.0,175.99,189.88,178.65,10598979,1959716569.68,shares,0
2020-11-09,192.91,208.8,192.9,204.49,189.88,12982105,2626349355.94,shares,0
2020-11-10,199.0,199.2,190.8,195.0,204.49,10889793,2126928203.11,shares,0
2020-11-11,191.59,194.0,179.01,179.26,195.0,10301996,1892144844.11,shares,0
2020-11-12,182.79,182.79,176.5,179.7,179.26,5324885,951917730.28,shares,0
2020-11-13,177.0,184.98,176.0,181.87,179.7,5778800,1047566009.54,shares,0
2020-11-16,181.8,181.8,176.66,179.4,181.87,5084062,910232082.6,shares,0
2020-11-17,179.12,183.83,171.05,183.32,179.4,8295124,1473488216.27,shares,0
2020-11-18,181.5,182.99,177.0,179.48,183.32,5551324,998292105.33,shares,0
2020-11-19,176.0,183.0,175.4,178.89,179.48,4114265,741878700.47,shares,0
2020-11-20,178.8,180.58,175.58,176.17,178.89,4090782,724221708.26,shares,0
2020-11-23,175.3,178.5,173.21,176.17,176.17,4736574,832029406.94,shares,0
2020-11-24,175.96,179.86,175.96,176.9,176.17,5328436,948512810.12,shares,0
2020-11-25,176.9,178.98,175.51,176.9,176.9,4352320,771333958.72,shares,0
2020-11-26,177.88,178.54,169.2,169.35,176.9,6107502,1055723772.25,shares,0
2020-11-27,168.22,172.53,166.5,169.66,169.35,4728888,798791960.08,shares,0
2020-11-30,170.0,173.78,166.92,172.0,169.66,5789380,990560202.94,shares,0
2020-12-01,171.48,172.2,169.53,171.4,172.0,4350193,742609949.79,shares,0
2020-12-02,172.0,175.4,170.4,171.06,171.4,7479475,1290660472.46,shares,0
2020-12-03,170.81,171.0,163.5,164.92,171.06,8300286,1380779949.52,shares,0
2020-12-04,164.11,166.77,163.5,165.38,164.92,5204727,858460546.39,shares,0
2020-12-07,170.66,178.12,170.66,175.8,165.38,13035961,2284279306.1,shares,0
2020-12-08,175.82,176.5,171.11,172.8,175.8,7441304,1284664212.1,shares,0
2020-12-09,173.56,173.78,168.0,168.3,172.8,5535731,944214832.37,shares,0
2020-12-10,167.5,169.5,165.68,168.7,168.3,5386954,904484572.49,shares,0
2020-12-11,168.09,169.94,163.85,164.88,168.7,7275064,1209532902.54,shares,0
2020-12-14,164.0,165.6,159.02,165.6,164.88,7550416,1215914408.31,shares,0
2020-12-15,165.0,168.14,163.29,164.81,165.6,5766395,955195052.34,shares,0
2020-12-16,164.3,164.36,158.3,159.48,164.81,6535162,1046017919.81,shares,0
2020-12-17,159.39,161.85,157.7,160.69,159.48,5301044,846000809.0,shares,0
2020-12-18,164.49,164.6,158.8,159.0,160.69,5527816,888542916.64,shares,0
2020-12-21,158.81,174.9,158.81,173.25,159.0,17884208,3049824243.5,shares,0
2020-12-22,172.0,174.12,163.5,164.24,173.25,12321555,2077744516.18,shares,0
2020-12-23,164.11,172.9,162.0,172.82,164.24,12404198,2085725045.31,shares,0
2020-12-24,173.0,178.0,170.7,176.08,172.82,11449412,2005448793.13,shares,0
2020-12-25,174.0,178.5,171.0,172.79,176.08,7621849,1327014390.75,shares,0
2020-12-28,172.0,175.85,169.08,172.62,172.79,6625798,1143403974.48,shares,0
2020-12-29,171.66,178.98,170.06,175.77,172.62,9002619,1582364028.28,shares,0
2020-12-30,173.51,174.7,168.05,173.04,175.77,8704199,1491251006.86,shares,0
2020-12-31,175.2,183.84,175.2,180.74,173.04,13934364,2519548365.7,shares,0
2021-01-04,181.9,193.38,180.74,192.75,180.74,13428071,2538027866.74,shares,0
2021-01-05,189.5,198.26,189.05,197.85,192.75,11875388,2312504619.16,shares,0
2021-01-06,201.0,201.49,189.0,192.12,197.85,10041356,1937427513.13,shares,0
2021-01-07,192.12,192.9,182.01,190.54,192.12,10684861,1997936598.39,shares,0
2021-01-08,191.5,191.5,183.08,187.25,190.54,10353087,1921625406.46,shares,0
2021-01-11,189.0,205.98,189.0,200.12,187.25,15207952,3027662675.21,shares,0
2021-01-12,200.12,208.56,197.56,206.29,200.12,11480642,2338469557.01,shares,0
2021-01-13,205.01,226.92,205.01,223.2,206.29,18285512,4066320381.17,shares,0
2021-01-14,225.99,228.0,213.5,218.58,223.2,15512396,3453421086.81,shares,0
2021-01-15,220.01,228.0,205.2,214.86,218.58,16613251,3609078670.18,shares,0
2021-01-18,212.02,236.0,207.18,233.98,214.86,13049920,2932259223.43,shares,0
2021-01-19,232.0,237.98,227.68,231.01,233.98,10172248,2360929260.72,shares,0
2021-01-20,227.0,232.58,223.21,227.5,231.01,8363549,1899253564.07,shares,0
2021-01-21,229.0,231.7,222.07,225.1,227.5,9517262,2157469254.36,shares,0
2021-01-22,226.5,228.38,210.16,221.01,225.1,13567245,2965001958.64,shares,0
2021-01-25,219.83,228.0,214.56,223.19,221.01,11380570,2524572488.67,shares,0
2021-01-26,222.96,227.32,213.77,218.3,223.19,7613913,1673286917.33,shares,0
2021-01-27,217.6,220.8,210.0,216.68,218.3,6454805,1390572644.98,shares,0
2021-01-28,213.6,214.28,199.38,200.73,216.68,9675363,1982693472.68,shares,0
2021-01-29,204.01,206.58,196.5,200.4,200.73,6960682,1402010440.3,shares,0
2021-02-01,200.88,204.88,198.5,201.99,200.4,4365406,881914425.54,shares,0
2021-02-02,201.8,204.4,191.18,204.04,201.99,7763957,1548052552.55,shares,0
2021-02-03,201.5,203.0,194.44,196.5,204.04,7596176,1505927099.1,shares,0
2021-02-04,192.0,196.48,185.88,194.0,196.5,10676216,2035397394.33,shares,0
2021-02-05,196.01,196.5,188.0,189.7,194.0,6715220,1287113946.3,shares,0
2021-02-08,190.02,199.99,190.01,197.6,189.7,6535458,1278723937.77,shares,0
2021-02-09,197.6,203.2,195.0,201.0,197.6,6264147,1256603509.8,shares,0
2021-02-10,201.01,204.31,196.5,201.59,201.0,5839374,1173401373.81,shares,0
2021-02-18,206.66,218.16,203.66,210.95,201.59,10734482,2261424130.22,shares,0
2021-02-19,207.89,207.94,193.08,198.2,210.95,9518265,1889888796.3,shares,0
2021-02-22,195.9,199.42,192.0,192.8,198.2,6094540,1189329682.17,shares,0
2021-02-23,189.03,196.23,187.85,192.86,192.8,4755550,912658593.2,shares,0
2021-02-24,192.5,201.5,191.01,194.6,192.86,6855150,1349176760.62,shares,0
2021-02-25,198.0,199.58,186.91,191.13,194.6,7715595,1481860207.96,shares,0
2021-02-26,185.0,188.29,177.4,179.4,191.13,8928866,1621806106.11,shares,0
2021-03-01,182.34,186.39,180.25,186.18,179.4,5239339,962902646.99,shares,0
2021-03-02,195.47,202.68,194.11,199.9,186.18,12605811,2503392575.58,shares,0
2021-03-03,196.7,196.7,185.2,189.99,199.9,9848419,1854348093.77,shares,0
2021-03-04,193.0,193.41,182.01,183.4,189.99,7383759,1381779978.48,shares,0
2021-03-05,178.0,181.99,177.0,181.98,183.4,5327297,956314656.74,shares,0
2021-03-08,182.98,183.99,164.44,165.01,181.98,8926688,1539689303.04,shares,0
2021-03-09,161.71,162.88,154.3,155.13,165.01,8622741,1359960724.77,shares,0
2021-03-10,158.66,159.0,151.88,152.3,155.13,8022659,1237799534.78,shares,0
2021-03-11,152.72,160.36,148.6,156.1,152.3,11071048,1726692577.82,shares,0
2021-03-12,156.1,157.49,150.55,152.49,156.1,7237515,1107564245.43,shares,0
2021-03-15,149.55,149.55,144.29,145.56,152.49,7081029,1037846039.24,shares,0
2021-03-16,149.07,149.52,138.99,139.55,145.56,8643651,1225459130.12,shares,0
2021-03-17,143.5,145.39,140.68,144.8,139.55,6461209,927775421.79,shares,0
2021-03-18,145.42,146.0,143.51,144.9,144.8,3993202,578490126.96,shares,0
2021-03-19,141.02,145.53,140.22,142.0,144.9,4690012,668390417.28,shares,0
2021-03-22,142.28,143.49,137.9,140.76,142.0,5449193,763328130.15,shares,0
2021-03-23,140.83,144.26,138.55,139.95,140.76,4366356,616346414.26,shares,0
2021-03-24,138.7,139.85,133.53,134.1,139.95,5472691,742903595.64,shares,0
2021-03-25,134.0,140.74,133.64,138.85,134.1,5618582,777219666.71,shares,0
2021-03-26,139.5,142.88,138.0,141.45,138.85,4932779,693247722.29,shares,0
2021-03-29,142.38,146.04,141.47,142.37,141.45,5583006,801652019.48,shares,0
2021-03-30,142.4,145.54,141.5,144.38,142.37,4498554,646647669.11,shares,0
2021-03-31,144.03,144.38,140.3,143.54,144.38,3314657,472369934.15,shares,0
2021-04-01,144.24,152.18,144.24,151.99,143.54,7014861,1049067002.18,shares,0
2021-04-02,152.2,167.0,152.2,164.25,151.99,10856264,1750100989.35,shares,0
2021-04-06,164.26,165.0,159.0,160.29,164.25,6213480,998557142.6,shares,0
2021-04-07,161.38,164.49,157.83,163.4,160.29,6221245,1004004519.42,shares,0
2021-04-08,161.03,166.8,160.5,162.21,163.4,5315080,868493642.57,shares,0
2021-04-09,161.29,165.09,158.98,159.5,162.21,4252602,687065820.67,shares,0
2021-04-12,162.0,165.5,160.2,162.3,159.5,6415604,1043232077.29,shares,0
2021-04-13,161.56,161.95,156.8,157.5,162.3,4594488,729880251.94,shares,0
2021-04-14,158.01,159.5,154.8,155.45,157.5,4462078,698080584.67,shares,0
2021-04-15,155.51,156.0,149.05,153.2,155.45,5487536,832959363.65,shares,0
2021-04-16,153.99,154.91,147.28,151.12,153.2,4374904,659251904.89,shares,0
2021-04-19,152.0,157.79,148.33,157.49,151.12,5085628,786686701.83,shares,0
2021-04-20,155.01,158.48,155.01,156.85,157.49,3734941,585834386.49,shares,0
2021-04-21,155.02,158.66,154.7,158.03,156.85,3718680,583495396.4,shares,0
2021-04-22,157.0,160.0,151.91,155.93,158.03,7141554,1113452903.3,shares,0
2021-04-23,155.93,164.71,155.8,163.97,155.93,7477079,1212827461.95,shares,0
2021-04-26,164.63,172.88,164.63,166.4,163.97,8158466,1371567072.87,shares,0
2021-04-27,165.1,170.7,165.01,166.17,166.4,5313658,889094391.18,shares,0
2021-04-28,166.65,166.99,160.62,164.3,166.17,5530322,903207618.72,shares,0
2021-04-29,165.2,172.86,164.5,169.78,164.3,7439422,1259527111.9,shares,0
2021-04-30,169.79,169.9,164.28,165.62,169.78,6001334,996401473.73,shares,0
2021-05-06,162.5,168.66,160.7,167.5,165.62,5361055,881971607.71,shares,0
2021-05-07,166.62,172.78,162.3,162.3,167.5,6713219,1125703353.41,shares,0
2021-05-10,160.14,161.01,150.0,152.2,162.3,7638803,1184655199.09,shares,0
2021-05-11,149.88,154.0,148.13,153.0,152.2,4336114,655816944.66,shares,0
2021-05-12,151.81,165.2,150.5,163.49,153.0,5803250,913798107.35,shares,0
2021-05-13,159.9,163.3,158.18,159.2,163.49,3524258,565959843.53,shares,0
2021-05-14,161.03,165.1,158.46,163.75,159.2,4006904,652420025.79,shares,0
2021-05-17,165.9,174.71,165.3,169.94,163.75,6688774,1140224443.54,shares,0
2021-05-18,171.0,179.84,171.0,176.46,169.94,7324534,1287868982.79,shares,0
2021-05-19,175.5,181.0,173.13,176.08,176.46,4684050,830125263.75,shares,0
2021-05-20,175.0,176.45,172.38,174.2,176.08,4350761,760209097.1,shares,0
2021-05-21,175.13,177.59,168.58,168.91,174.2,4052791,693040444.71,shares,0
2021-05-24,172.05,172.5,166.0,171.23,168.91,5436367,919774597.23,shares,0
2021-05-25,171.0,176.86,168.4,176.75,171.23,9163336,1584168686.12,shares,0
2021-05-26,176.76,178.4,173.02,174.4,176.75,6555538,1151920796.87,shares,0
2021-05-27,173.0,191.5,173.0,188.88,174.4,12983662,2396756789.99,shares,0
2021-05-28,185.5,191.83,185.36,187.15,188.88,11986735,2260957713.69,shares,0
2021-05-31,190.15,195.62,184.7,188.2,187.15,9102542,1721021757.24,shares,0
2021-06-01,187.86,206.88,187.04,202.0,188.2,14358767,2885687499.66,shares,0
2021-06-02,200.65,206.79,198.6,205.0,202.0,9639098,1951876564.42,shares,0
2021-06-03,202.0,206.56,196.86,203.94,205.0,6538278,1326648164.4,shares,0
2021-06-04,202.8,213.62,198.39,209.0,203.94,8784993,1822358352.68,shares,0
2021-06-07,217.0,229.0,214.0,215.6,209.0,10521465,2315693866.12,shares,0
2021-06-08,216.68,219.56,209.9,216.55,215.6,6541028,1410798941.79,shares,0
2021-06-09,214.58,221.15,213.52,217.04,216.55,5710030,1240799214.27,shares,0
2021-06-10,218.2,229.16,218.2,228.2,217.04,6956287,1568146372.45,shares,0
2021-06-11,227.0,228.0,216.28,219.08,228.2,6895788,1525320765.98,shares,0
2021-06-15,217.85,240.0,217.02,238.03,219.08,11023147,2573907525.1,shares,0
2021-06-16,237.0,243.39,227.23,228.99,238.03,8332201,1955645860.52,shares,0
2021-06-17,231.01,251.89,227.69,251.89,228.99,13065645,3169253318.82,shares,0
2021-06-18,251.89,261.83,247.86,260.41,251.89,12600075,3206504555.32,shares,0
2021-06-21,256.0,258.95,248.1,251.97,260.41,10467080,2656118908.9,shares,0
2021-06-22,252.1,256.3,248.1,251.7,251.97,6400881,1607662044.8,shares,0
2021-06-23,251.7,274.88,249.0,269.7,251.7,9880994,2620934154.07,shares,0
2021-06-24,269.53,269.53,248.6,257.93,269.7,10281363,2635360913.86,shares,0
2021-06-25,256.02,265.33,251.0,264.0,257.93,7805738,2029145985.64,shares,0
2021-06-28,266.0,278.3,266.0,269.35,264.0,7407987,2018678757.74,shares,0
2021-06-29,269.35,275.48,262.58,273.88,269.35,6008836,1622670850.14,shares,0
2021-06-30,273.76,295.77,272.6,277.38,273.88,8979720,2555915536.47,shares,0
2021-07-01,271.01,282.0,267.0,268.0,277.38,7158988,1959210205.31,shares,0
2021-07-02,262.7,272.34,254.03,266.69,268.0,7750231,2048661860.78,shares,0
2021-07-05,272.02,289.99,271.22,287.88,266.69,7840907,2214964952.09,shares,0
2021-07-06,285.0,299.91,278.0,289.0,287.88,8291830,2399933017.17,shares,0
2021-07-07,281.0,312.5,275.0,308.29,289.0,9737481,2906041756.66,shares,0
2021-07-08,305.0,330.0,304.0,329.5,308.29,7947045,2539258349.72,shares,0
2021-07-09,320.37,340.87,308.01,329.0,329.39,7796424,2506098901.52,shares,0
2021-07-12,328.0,344.2,314.95,334.64,329.0,8046494,2648230508.42,shares,0
2021-07-13,330.0,333.91,310.0,323.33,334.64,7758587,2493360172.27,shares,0
2021-07-14,319.89,328.88,314.0,316.63,323.33,5986432,1922810980.37,shares,0
2021-07-15,313.0,335.0,310.74,332.0,316.63,7426785,2397302159.34,shares,0
2021-07-16,328.0,351.0,320.0,324.21,332.0,7222521,2421663961.59,shares,0
2021-07-19,320.0,334.2,319.34,323.15,324.21,5589975,1821816020.98,shares,0
2021-07-20,318.15,326.33,308.18,314.77,323.15,7361426,2323075335.63,shares,0
2021-07-21,322.32,346.25,318.65,346.25,314.77,10427675,3536545189.9,shares,0
2021-07-22,350.0,380.88,335.5,375.18,346.25,12041534,4295968775.04,shares,0
2021-07-23,375.0,384.66,367.38,373.38,375.18,7253547,2726430145.57,shares,0
2021-07-26,369.47,380.74,353.01,368.55,373.38,7015958,2581807236.41,shares,0
2021-07-27,371.99,405.02,362.0,373.0,368.55,11127465,4242905025.42,shares,0
2021-07-28,364.0,374.16,337.03,372.88,373.0,10578149,3784456113.16,shares,0
2021-07-29,379.95,400.01,365.5,393.96,372.88,11603708,4465655781.22,shares,0
2021-07-30,389.88,432.0,386.08,432.0,393.96,9200238,3764450304.8,shares,0
2021-08-02,423.24,429.64,389.65,402.6,432.0,11910830,4847433558.63,shares,0
2021-08-03,377.0,391.72,362.34,362.34,402.6,12408782,4605219700.01,shares,0
2021-08-04,362.34,398.0,352.26,397.0,362.34,14114481,5278453451.15,shares,0
2021-08-05,383.0,389.6,371.15,381.97,397.0,8748480,3325657996.76,shares,0
2021-08-06,385.5,393.66,360.88,376.0,381.97,10167039,3796383257.02,shares,0
2021-08-09,363.5,380.38,338.4,365.88,376.0,11339102,3997195544.8,shares,0
2021-08-10,362.74,370.0,344.0,355.62,365.88,6890923,2449402795.03,shares,0
2021-08-11,355.0,374.8,350.65,363.0,355.62,7459073,2712304020.78,shares,0
2021-08-12,360.0,389.31,359.0,370.97,363.0,6726446,2514204478.72,shares,0
2021-08-13,371.83,371.83,348.8,348.98,370.97,6810148,2440083083.08,shares,0
2021-08-16,337.01,356.66,331.13,346.75,348.98,8142871,2817780670.6,shares,0
2021-08-17,346.02,352.54,321.89,324.6,346.75,10206495,3381641029.74,shares,0
2021-08-18,330.49,348.1,329.0,341.0,324.6,7440378,2518132506.4,shares,0
2021-08-19,345.63,373.11,340.0,362.48,341.0,8721923,3131532846.31,shares,0
2021-08-20,362.51,376.26,359.66,365.8,362.48,7419730,2731439069.19,shares,0
2021-08-23,372.49,399.96,360.17,397.03,365.8,9408320,3646635736.56,shares,0
2021-08-24,396.03,412.0,388.0,390.0,397.03,6412186,2548343345.93,shares,0
2021-08-25,400.1,401.55,380.49,394.6,390.0,5085084,1985327401.77,shares,0
2021-08-26,390.2,401.25,381.9,383.0,394.6,5514009,2159400590.39,shares,0
2021-08-27,380.0,394.35,378.01,390.0,383.0,4142186,1613365897.38,shares,0
2021-08-30,391.71,398.28,351.0,351.01,390.0,11102463,4068452580.3,shares,0
2021-08-31,351.02,373.89,349.94,355.85,351.01,11928340,4300121011.19,shares,0
2021-09-01,361.88,362.0,332.86,345.0,355.85,8168505,2801975062.42,shares,0
2021-09-02,349.69,349.69,312.0,317.08,345.0,14065108,4516358913.76,shares,0
2021-09-03,311.5,343.88,307.77,329.0,317.08,12292648,4011025091.3,shares,0
2021-09-06,326.64,348.88,325.3,345.0,329.0,7635050,2584804689.78,shares,0
2021-09-07,345.69,352.0,335.91,342.75,345.0,4872696,1677538440.52,shares,0
2021-09-08,339.88,352.91,337.0,343.0,342.75,4080368,1403920153.55,shares,0
2021-09-09,337.01,345.64,328.0,338.87,343.0,5035896,1685821351.15,shares,0
2021-09-10,339.0,372.76,335.03,369.7,338.87,8992145,3239008918.13,shares,0
2021-09-13,367.0,368.0,337.0,342.47,369.7,7993976,2786050563.4,shares,0
2021-09-14,342.95,376.72,338.5,376.72,342.47,8970894,3295417292.18,shares,0
2021-09-15,380.9,390.26,369.23,373.9,376.72,7320600,2771597917.1,shares,0
2021-09-16,365.0,374.9,356.17,358.03,373.9,5499440,2000999643.49,shares,0
2021-09-17,359.37,372.18,347.76,357.0,358.03,4471330,1599163569.27,shares,0
2021-09-22,349.14,390.0,348.9,370.99,357.0,6427101,2416742387.08,shares,0
2021-09-23,380.08,391.58,360.5,384.99,370.99,7079320,2698424777.72,shares,0
2021-09-24,384.9,395.0,377.2,382.66,384.99,5594818,2167213952.21,shares,0
2021-09-27,390.0,403.0,372.01,376.11,382.66,6586359,2535853894.62,shares,0
2021-09-28,376.41,389.86,358.0,377.22,376.11,6151081,2318479697.05,shares,0
2021-09-29,366.69,372.0,360.01,362.2,377.22,5402629,1968271950.02,shares,0
2021-09-30,362.0,375.62,353.05,365.69,362.2,6590861,2402579730.86,shares,0
2021-10-08,375.62,376.6,339.59,353.01,365.69,8459961,2979651545.26,shares,0
2021-10-11,355.0,356.99,335.5,337.6,353.01,7621368,2636516182.64,shares,0
2021-10-12,335.0,345.23,328.05,329.78,337.6,5320758,1783540818.15,shares,0
2021-10-13,331.78,339.69,325.45,337.25,329.78,5100057,1701211038.09,shares,0
2021-10-14,333.99,342.47,329.19,338.96,337.25,3255178,1098426476.32,shares,0
2021-10-15,340.0,359.54,332.51,354.05,338.96,6796014,2380871886.21,shares,0
2021-10-18,349.83,360.01,337.36,359.3,354.05,5625927,1971518417.91,shares,0
2021-10-19,353.0,360.96,343.01,344.0,359.3,5273200,1833716677.49,shares,0
2021-10-20,346.0,352.33,343.36,347.22,344.0,3816432,1325945584.09,shares,0
2021-10-21,347.39,351.5,336.77,342.43,347.22,3396802,1165173094.7,shares,0
2021-10-22,345.21,370.0,339.0,368.0,342.43,8242648,2973192040.55,shares,0
2021-10-25,366.81,376.89,366.0,374.7,368.0,5088353,1889919358.08,shares,0
2021-10-26,375.0,381.5,367.5,375.91,374.7,3770704,1412062646.49,shares,0
2021-10-27,375.91,379.0,365.55,375.98,375.91,3770186,1408971182.24,shares,0
2021-10-28,379.21,385.5,371.81,375.5,375.98,4066169,1539343438.67,shares,0
2021-10-29,371.36,393.34,364.6,371.25,375.5,6695597,2522296156.94,shares,0
2021-11-01,366.0,388.88,365.0,381.0,371.25,5740206,2174818125.23,shares,0
2021-11-02,385.2,403.05,379.0,398.0,381.0,7097945,2809039725.48,shares,0
2021-11-03,405.6,413.9,377.1,387.51,398.0,5639233,2204580496.25,shares,0
2021-11-04,389.0,399.51,380.03,382.26,387.51,4613525,1790360171.69,shares,0
2021-11-05,386.09,396.26,376.77,378.0,382.26,4571392,1758400728.88,shares,0
2021-11-08,371.0,385.88,366.0,381.44,378.0,4147170,1561035677.73,shares,0
2021-11-09,384.0,404.66,375.06,404.2,381.44,7084705,2783335483.17,shares,0
2021-11-10,399.8,412.2,395.5,411.0,404.2,6020243,2438693999.87,shares,0
2021-11-11,401.94,452.1,401.94,451.9,411.0,11258924,4907397088.0,shares,0
2021-11-12,446.04,452.78,435.78,440.99,451.9,6686250,2959960049.14,shares,0
2021-11-15,441.99,444.0,410.0,415.81,440.99,7001238,2960779804.61,shares,0
2021-11-16,415.82,417.99,399.0,407.06,415.81,4765460,1948074457.74,shares,0
2021-11-17,411.11,411.2,393.0,409.13,407.06,4632278,1867940211.4,shares,0
2021-11-18,405.01,412.99,396.85,405.26,409.13,3459558,1395327298.92,shares,0
2021-11-19,404.0,405.98,386.08,395.51,405.26,5744821,2263214501.72,shares,0
2021-11-22,388.71,405.99,388.71,403.56,395.51,6976758,2774529325.59,shares,0
2021-11-23,399.0,401.8,385.19,388.0,403.56,6368405,2482945233.47,shares,0
2021-11-24,385.01,393.89,384.5,386.8,388.0,3846054,1498364961.54,shares,0
2021-11-25,383.5,394.8,383.0,391.6,386.8,4139199,1605901528.03,shares,0
2021-11-26,388.39,388.39,371.23,372.09,391.6,6591135,2481411835.45,shares,0
2021-11-29,366.0,378.5,364.88,376.33,372.09,3942609,1478748635.54,shares,0
2021-11-30,379.0,390.91,376.33,386.99,376.33,5785667,2219355209.23,shares,0
2021-12-01,383.0,393.87,377.74,381.7,386.99,3612819,1387419809.05,shares,0
2021-12-02,379.0,385.58,373.0,377.98,381.7,3849973,1459314826.2,shares,0
2021-12-03,382.0,388.88,375.5,387.0,377.98,5934498,2279929963.99,shares,0
2021-12-06,384.99,388.0,379.51,384.72,387.0,3821447,1467935544.17,shares,0
2021-12-07,388.0,388.0,360.72,363.76,384.72,5707270,2115779348.37,shares,0
2021-12-08,364.35,378.85,364.31,378.39,363.76,5171362,1938850539.56,shares,0
2021-12-09,376.0,378.96,368.72,374.2,378.39,4076717,1517727446.2,shares,0
2021-12-10,371.46,374.0,365.21,367.92,374.2,4784748,1759247911.44,shares,0
2021-12-13,367.94,373.79,365.05,369.0,367.92,3613022,1333508840.03,shares,0
2021-12-14,368.74,369.35,361.0,368.5,369.0,4710218,1719857823.21,shares,0
2021-12-15,366.0,371.54,357.7,361.06,368.5,3883966,1414568825.25,shares,0
2021-12-16,363.18,375.5,361.0,369.5,361.06,5469998,2024888547.0,shares,0
2021-12-17,366.0,368.0,342.18,345.5,369.5,7581814,2657412070.48,shares,0
2021-12-20,343.0,356.88,341.0,343.0,345.5,6373203,2219043737.49,shares,0
2021-12-21,342.98,353.49,342.11,346.48,343.0,4461888,1549135729.05,shares,0
2021-12-22,349.01,355.0,342.4,342.8,346.48,4692601,1627103680.98,shares,0
2021-12-23,344.06,347.69,338.01,340.8,342.8,3440942,1175915305.05,shares,0
2021-12-24,340.69,344.99,323.0,330.0,340.8,6607854,2184477080.72,shares,0
2021-12-27,332.99,333.22,321.0,324.36,330.0,4289065,1400447348.39,shares,0
2021-12-28,324.5,329.99,320.7,329.72,324.36,5416879,1763779617.08,shares,0
2021-12-29,330.02,335.9,323.0,329.67,329.72,4460670,1464215388.59,shares,0
2021-12-30,328.21,343.78,326.34,340.11,329.67,7221312,2437696754.71,shares,0
2021-12-31,340.88,347.7,335.0,347.02,340.11,5207794,1789114323.93,shares,0
2022-01-04,345.9,348.56,312.32,315.6,347.02,11388773,3649037728.01,shares,0
2022-01-05,314.01,317.9,298.88,300.0,315.6,9923996,3029758440.6,shares,0
2022-01-06,298.0,305.5,290.44,296.84,300.0,6698066,1991971302.86,shares,0
2022-01-07,296.84,303.89,291.0,293.35,296.84,5428393,1609838595.59,shares,0
2022-01-10,292.11,295.07,284.7,288.85,293.35,5810185,1682801660.05,shares,0
2022-01-11,287.2,288.2,274.92,277.0,288.85,10098709,2821967522.71,shares,0
2022-01-12,286.55,300.0,281.0,294.0,277.0,11758050,3410534460.96,shares,0
2022-01-13,295.0,295.97,282.23,283.45,294.0,6854422,1955060068.09,shares,0
2022-01-14,289.0,298.76,281.17,288.71,283.45,9755162,2854518986.51,shares,0
2022-01-17,296.0,313.89,296.0,307.6,288.71,11073307,3407411597.87,shares,0
2022-01-18,309.98,325.01,309.0,314.6,307.6,8644553,2744646163.07,shares,0
2022-01-19,313.0,316.79,301.8,306.49,314.6,6343482,1945402162.41,shares,0
2022-01-20,304.3,309.0,299.62,304.99,306.49,3787487,1156565074.55,shares,0
2022-01-21,303.0,309.0,292.18,294.29,304.99,7227027,2146213402.52,shares,0
2022-01-24,291.37,302.5,289.16,300.0,294.29,6192978,1835413306.68,shares,0
2022-01-25,298.8,308.95,296.99,297.1,300.0,4586355,1389074345.38,shares,0
2022-01-26,298.0,314.9,298.0,309.0,297.1,7261071,2227568347.66,shares,0
2022-01-27,308.74,311.25,292.0,294.0,309.0,5861999,1758381389.93,shares,0
2022-01-28,295.66,302.5,282.8,283.0,294.0,4744965,1379571842.06,shares,0
2022-02-07,290.83,298.29,278.31,282.0,283.0,5242207,1500739022.59,shares,0
2022-02-08,279.15,280.85,254.0,258.92,282.0,11345736,2949168864.56,shares,0
2022-02-09,257.5,263.2,249.45,255.55,258.92,9485737,2410144747.26,shares,0
2022-02-10,257.0,262.23,252.11,256.6,255.55,6018219,1544497994.28,shares,0
2022-02-11,253.0,259.08,248.98,249.19,256.6,4653379,1180344356.29,shares,0
2022-02-14,244.99,255.5,238.12,251.5,249.19,5986635,1492371592.86,shares,0
2022-02-15,252.9,267.0,249.9,266.7,251.5,7608531,1988685279.48,shares,0
2022-02-16,268.33,270.0,263.6,266.0,266.7,4213875,1124625110.51,shares,0
2022-02-17,266.0,272.4,263.5,270.65,266.0,5330706,1429495024.03,shares,0
2022-02-18,267.09,276.24,265.7,269.0,270.65,4986146,1350038107.52,shares,0
2022-02-21,269.0,271.99,262.22,263.7,269.0,4157492,1102481261.27,shares,0
2022-02-22,263.74,269.57,255.51,267.39,263.7,4991205,1316254852.67,shares,0
2022-02-23,266.01,294.13,266.01,294.13,267.39,6769666,1937405191.24,shares,0
2022-02-24,295.0,303.0,286.93,293.5,294.13,11070184,3259562958.02,shares,0
2022-02-25,302.0,309.0,292.0,301.55,293.5,10851699,3274317659.8,shares,0
2022-02-28,301.58,309.1,298.0,303.15,301.55,5756709,1743364432.0,shares,0
2022-03-01,304.52,304.98,297.06,303.1,303.15,4213385,1268016400.0,shares,0
2022-03-02,300.11,300.11,290.01,296.0,303.1,5028254,1477075664.0,shares,0
2022-03-03,297.9,299.0,283.46,284.37,296.0,4982619,1436530688.0,shares,0
2022-03-04,279.99,301.86,278.24,292.05,284.37,7511376,2195498624.0,shares,0
2022-03-07,287.11,288.49,272.94,274.44,292.05,7006090,1951868432.0,shares,0
2022-03-08,274.44,294.68,273.0,285.8,274.44,9175605,2616894368.0,shares,0
2022-03-09,292.0,301.8,283.01,294.02,285.8,10759982,3156687184.0,shares,0
2022-03-10,306.5,316.0,302.66,308.85,294.02,10710679,3313067600.0,shares,0
2022-03-11,299.0,309.58,288.88,300.3,308.85,10602257,3159466608.0,shares,0
2022-03-14,292.98,300.92,290.51,291.0,300.3,6028033,1777437728.0,shares,0
2022-03-15,284.0,310.8,283.56,296.96,291.0,9590815,2873980368.0,shares,0
2022-03-16,306.0,320.0,290.0,319.99,296.96,10825271,3298395712.0,shares,0
2022-03-17,320.2,334.05,308.98,310.1,319.99,11461327,3680199392.0,shares,0
2022-03-18,308.5,312.98,304.82,309.99,310.1,4660843,1438335484.34,shares,0
2022-03-21,310.0,316.11,302.41,313.51,309.99,4997548,1556295518.47,shares,0
2022-03-22,315.0,315.5,303.31,305.25,313.51,3859294,1183969711.78,shares,0
2022-03-23,305.97,306.49,296.0,300.39,305.25,4269171,1279906661.83,shares,0
2022-03-24,297.0,298.86,287.8,297.0,300.39,4343489,1271621619.13,shares,0
2022-03-25,299.0,301.5,286.0,286.0,297.0,4259613,1244128995.4,shares,0
2022-03-28,279.6,289.99,278.6,283.0,286.0,4164253,1183089279.39,shares,0
2022-03-29,283.0,289.65,273.21,275.91,283.0,4828602,1355942591.51,shares,0
2022-03-30,279.5,291.0,278.0,291.0,275.91,5853963,1668853275.16,shares,0
2022-03-31,287.24,288.4,270.28,274.0,291.0,7037011,1945642288.86,shares,0
2022-04-01,273.0,280.49,269.32,275.4,274.0,4623225,1275115101.41,shares,0
2022-04-06,275.21,275.75,260.0,263.87,275.4,5957884,1573785094.47,shares,0
2022-04-07,263.89,267.99,258.8,259.37,263.87,4360283,1140606643.62,shares,0
2022-04-08,259.37,266.33,254.26,262.0,259.37,4853761,1269187660.96,shares,0
2022-04-11,258.5,260.49,247.48,249.3,262.0,4526596,1144336678.63,shares,0
2022-04-12,250.8,252.68,239.05,249.99,249.3,5723596,1409279060.65,shares,0
2022-04-13,246.0,248.99,239.11,241.8,249.99,4476286,1093066713.22,shares,0
2022-04-14,247.15,265.98,238.0,262.03,241.8,8721779,2209312108.88,shares,0
2022-04-15,256.59,264.64,251.02,261.38,262.03,6713531,1734703180.69,shares,0
2022-04-18,260.0,274.15,259.15,273.0,261.38,6902786,1857201111.8,shares,0
2022-04-19,272.7,274.0,263.07,264.68,273.0,4675727,1250009437.98,shares,0
2022-04-20,265.98,268.45,261.01,262.6,264.68,3493804,921096709.15,shares,0
2022-04-21,260.06,270.99,258.0,261.98,262.6,4830095,1275886822.12,shares,0
2022-04-22,261.88,265.8,246.0,254.5,261.98,7595320,1931356577.99,shares,0
2022-04-25,245.04,248.99,229.05,229.05,254.5,7309014,1730679356.28,shares,0
2022-04-26,222.54,232.42,222.54,224.88,229.05,5485304,1247179319.9,shares,0
2022-04-27,219.0,242.69,218.0,241.59,224.88,8454727,1970933000.63,shares,0
2022-04-28,238.62,244.45,232.0,237.72,241.59,6509957,1543188312.24,shares,0
2022-04-29,241.0,244.31,225.16,239.0,237.72,10509938,2460100813.04,shares,0
2022-05-05,236.0,240.16,220.82,235.01,239.0,11483456,2664119940.55,shares,0
2022-05-06,225.0,232.5,220.89,222.0,235.01,7822484,1755184494.69,shares,0
2022-05-09,219.0,219.68,209.0,210.3,222.0,9363997,1995937627.52,shares,0
2022-05-10,207.97,231.33,206.0,228.8,210.3,16795718,3769874477.45,shares,0
2022-05-11,226.54,246.44,225.01,236.7,228.8,14693094,3505627186.15,shares,0
2022-05-12,235.15,251.9,234.23,245.55,236.7,9182185,2237902105.64,shares,0
2022-05-13,248.0,250.39,241.1,248.8,245.55,6388866,1574394307.16,shares,0
2022-05-16,248.82,252.98,241.1,242.21,248.8,5442074,1338180195.61,shares,0
2022-05-17,243.6,260.5,241.11,259.0,242.21,8638361,2201783758.92,shares,0
2022-05-18,262.0,266.66,258.68,263.19,259.0,6647198,1750720698.4,shares,0
2022-05-19,259.0,270.53,258.0,265.93,263.19,6177763,1641624977.38,shares,0
2022-05-20,266.1,272.0,259.7,263.1,265.93,5178573,1362576876.96,shares,0
2022-05-23,263.0,269.0,257.3,267.41,263.1,4955556,1307656000.96,shares,0
2022-05-24,265.4,273.88,260.2,261.5,267.41,5952557,1588807149.8,shares,0
2022-05-25,260.42,268.48,258.7,261.53,261.5,4692967,1229950625.51,shares,0
2022-05-26,261.0,261.0,249.03,255.99,261.53,4530745,1156949155.95,shares,0
2022-05-27,259.0,266.18,254.7,256.2,255.99,4180551,1085326980.59,shares,0
2022-05-30,257.3,261.0,252.6,258.8,256.2,3311013,855056536.55,shares,0
2022-05-31,257.73,270.53,254.0,270.0,258.8,7089809,1876025075.48,shares,0
2022-06-01,267.0,281.08,265.0,272.46,270.0,6429548,1748527779.18,shares,0
2022-06-02,271.5,296.19,270.01,288.71,272.46,10447966,2997065444.42,shares,0
2022-06-06,285.8,293.22,282.22,291.5,288.71,8094063,2333489530.52,shares,0
2022-06-07,288.0,289.58,277.75,278.18,291.5,7281464,2051611546.55,shares,0
2022-06-08,278.0,287.27,275.8,279.7,278.18,6340084,1781439849.4,shares,0
2022-06-09,279.0,279.0,265.53,267.35,279.7,7453398,2010795559.12,shares,0
2022-06-10,267.09,273.68,260.22,272.01,267.35,9143926,2441725055.96,shares,0
2022-06-13,267.27,269.47,260.88,265.04,272.01,7211452,1907078136.57,shares,0
2022-06-14,261.0,265.48,238.55,250.1,265.04,15057479,3736344783.88,shares,0
2022-06-15,248.1,262.0,247.5,255.5,250.1,10350346,2641440370.85,shares,0
2022-06-16,254.23,267.18,253.27,261.6,255.5,8138983,2131138755.35,shares,0
2022-06-17,258.01,260.5,250.0,256.61,261.6,9937155,2531783553.1,shares,0
2022-06-20,258.0,267.53,252.3,262.5,256.61,9253307,2412637471.2,shares,0
2022-06-21,262.51,272.95,258.12,266.05,262.5,9568434,2545223148.7,shares,0
2022-06-22,265.8,266.08,252.1,254.3,266.05,10853066,2787928276.4,shares,0
2022-06-23,253.55,265.49,253.0,264.8,254.3,9679752,2527865773.41,shares,0
2022-06-24,265.01,271.0,261.01,268.4,264.8,8312013,2212514713.26,shares,0
2022-06-27,270.0,278.0,270.0,272.4,268.4,8304501,2274367153.98,shares,0
2022-06-28,271.6,282.1,263.4,279.66,272.4,11535158,3132671353.75,shares,0
2022-06-29,276.0,288.69,272.8,273.04,279.66,12796157,3599408601.93,shares,0
2022-06-30,272.5,281.0,272.18,277.12,273.04,6228993,1725591152.27,shares,0
2022-07-01,279.0,286.68,274.16,282.08,277.12,7250004,2043696760.1,shares,0
2022-07-04,277.0,277.0,258.48,266.11,282.08,13270345,3519222338.44,shares,0
2022-07-05,269.0,281.0,268.0,274.6,266.11,10757300,2948254291.32,shares,0
2022-07-06,274.78,302.06,274.78,294.0,274.6,19533082,5743095615.86,shares,0
2022-07-07,298.0,302.01,288.09,299.3,294.0,13811417,4107173489.78,shares,0
2022-07-08,300.01,310.0,298.0,305.0,299.3,10367305,3160332701.25,shares,0
2022-07-11,302.9,309.44,295.7,299.54,305.0,7413008,2232887754.82,shares,0
2022-07-12,306.8,308.41,276.09,280.99,299.54,14744882,4212685147.01,shares,0
2022-07-13,280.0,285.29,274.86,281.0,280.79,6922323,1942521185.49,shares,0
2022-07-14,278.53,285.88,276.36,277.51,281.0,7042054,1980983203.49,shares,0
2022-07-15,278.0,290.0,277.99,280.8,277.51,6878192,1955404641.38,shares,0
2022-07-18,283.01,284.0,262.67,271.15,280.8,13320508,3571148232.75,shares,0
2022-07-19,268.0,272.22,260.0,264.42,271.15,8133378,2154282063.59,shares,0
2022-07-20,266.88,274.5,264.56,266.15,264.42,7009803,1888108094.72,shares,0
2022-07-21,266.31,290.75,265.0,280.57,266.15,14468013,4083460316.75,shares,0
2022-07-22,284.0,284.0,269.4,273.4,280.57,7676625,2104888340.5,shares,0
2022-07-25,270.21,274.94,265.01,272.0,273.4,5522638,1493397497.68,shares,0
2022-07-26,271.6,273.5,265.5,271.43,272.0,5411372,1458952838.29,shares,0
2022-07-27,270.0,270.0,261.86,263.99,271.43,7034336,1864932769.79,shares,0
2022-07-28,267.5,274.3,264.87,269.26,263.99,6892439,1857176829.02,shares,0
2022-07-29,267.09,267.15,253.2,253.58,269.26,11292985,2915402705.73,shares,0
2022-08-01,249.97,258.5,241.8,256.46,253.58,9547117,2400616838.98,shares,0
2022-08-02,254.0,273.5,251.11,270.01,256.46,15589360,4171707049.0,shares,0
2022-08-03,273.0,295.07,265.87,285.45,270.01,17625262,4955922770.41,shares,0
2022-08-04,287.95,295.73,284.0,288.6,285.45,10862078,3150892304.49,shares,0
2022-08-05,288.6,317.46,286.33,317.46,288.6,15695751,4803572262.22,shares,0
2022-08-08,327.0,338.33,320.0,324.88,317.46,16761374,5493332204.01,shares,0
2022-08-09,322.93,331.18,304.82,325.88,324.88,14029599,4403808865.98,shares,0
2022-08-10,315.87,338.12,312.45,331.5,325.88,13430022,4408825380.05,shares,0
2022-08-11,329.99,338.5,324.0,333.58,331.5,8388804,2794264538.0,shares,0
2022-08-12,330.8,339.0,325.25,326.1,333.58,6659123,2210464687.32,shares,0
2022-08-15,328.79,336.78,325.01,327.4,326.1,6034309,1989450929.28,shares,0
2022-08-16,326.33,335.88,312.0,313.88,327.4,11696739,3738275178.7,shares,0
2022-08-17,314.05,316.08,306.5,315.08,313.88,8396118,2615121545.35,shares,0
2022-08-18,311.0,318.29,308.0,315.63,315.08,5970325,1876851154.32,shares,0
2022-08-19,313.89,318.88,305.0,306.62,315.63,6369197,1974089999.55,shares,0
2022-08-22,307.0,311.8,302.5,308.49,306.62,4566964,1405225051.99,shares,0
2022-08-23,307.01,308.39,298.1,299.78,308.49,6222891,1874677890.94,shares,0
2022-08-24,299.78,299.9,287.01,287.83,299.78,6435098,1874979472.09,shares,0
2022-08-25,288.99,290.69,283.0,288.08,287.83,4633666,1329401922.12,shares,0
2022-08-26,290.0,291.16,282.44,282.54,288.08,4864290,1390370810.79,shares,0
2022-08-29,278.0,295.0,276.88,284.28,282.54,7197794,2067510528.64,shares,0
2022-08-30,285.8,291.5,282.28,287.51,284.28,5783083,1662736152.46,shares,0
2022-08-31,286.0,288.83,277.0,282.0,287.51,5909009,1664139647.08,shares,0
2022-09-01,288.0,292.49,279.3,280.85,282.0,6260569,1788270688.71,shares,0
2022-09-02,282.0,289.52,278.5,285.55,280.85,6111781,1746113578.3,shares,0
2022-09-05,283.0,290.2,272.01,290.01,285.55,7389433,2103654803.43,shares,0
2022-09-06,289.91,295.0,287.18,290.0,290.01,5529401,1607452103.27,shares,0
2022-09-07,295.98,316.6,295.01,315.0,290.0,10134040,3105519612.37,shares,0
2022-09-08,311.75,319.99,307.73,313.03,315.0,6082439,1909897020.03,shares,0
2022-09-09,312.01,315.0,308.0,312.5,313.03,4368822,1361492772.81,shares,0
2022-09-13,314.0,321.3,311.2,314.03,312.5,3514476,1109111965.5,shares,0
2022-09-14,307.8,328.78,306.01,326.41,314.03,6929006,2199269862.75,shares,0
2022-09-15,323.0,325.0,302.63,311.0,326.41,8247372,2570529204.52,shares,0
2022-09-16,308.0,323.88,306.0,315.76,311.0,6551925,2076199047.07,shares,0
2022-09-19,313.1,325.0,312.4,316.0,315.76,6456812,2059924140.39,shares,0
2022-09-20,316.0,317.9,297.85,310.35,316.0,5605989,1733461561.78,shares,0
2022-09-21,307.02,309.23,296.3,297.22,310.35,5777273,1740821659.37,shares,0
2022-09-22,295.02,300.0,289.41,295.88,297.22,4305216,1272875364.69,shares,0
2022-09-23,296.0,297.89,282.83,285.0,295.88,5297733,1523220354.06,shares,0
2022-09-26,281.12,296.5,281.05,291.05,285.0,4877415,1427671327.65,shares,0
2022-09-27,291.1,300.65,288.98,294.98,291.05,4667201,1379034613.76,shares,0
2022-09-28,294.96,294.99,283.03,285.22,294.98,3228496,927469106.45,shares,0
2022-09-29,285.38,293.8,277.8,291.78,285.22,4846347,1395927629.01,shares,0
2022-09-30,294.8,294.8,278.02,278.4,291.78,4407241,1250393021.96,shares,0
2022-10-10,265.0,265.0,250.56,250.56,278.4,4378845,1102929085.12,shares,0
2022-10-11,238.0,240.0,225.5,225.5,250.56,12058784,2745288150.26,shares,0
2022-10-12,221.51,232.99,211.97,232.0,225.5,16605811,3665830014.31,shares,0
2022-10-13,225.16,231.0,220.96,221.8,232.0,12346999,2780980203.69,shares,0
2022-10-14,226.2,226.88,213.11,224.88,221.8,15470881,3416558935.93,shares,0
2022-10-17,219.43,245.44,218.56,243.0,224.88,17190425,4018423584.54,shares,0
2022-10-18,240.0,241.8,233.3,238.9,243.0,9929420,2356376943.98,shares,0
2022-10-19,236.79,244.07,234.28,241.0,238.9,7729391,1855673039.07,shares,0
2022-10-20,238.0,265.1,237.93,265.1,241.0,11212496,2846868264.32,shares,0
2022-10-21,260.0,270.89,248.95,262.62,265.1,11068957,2845777991.18,shares,0
2022-10-24,259.0,275.54,257.0,265.9,262.62,9340640,2507924008.06,shares,0
2022-10-25,262.2,271.88,258.31,261.69,265.9,7422287,1966794946.44,shares,0
2022-10-26,261.0,268.0,257.66,261.8,261.69,8427807,2216067130.47,shares,0
2022-10-27,260.23,268.08,255.61,262.95,261.8,8877930,2326025531.1,shares,0
2022-10-28,258.78,274.0,258.0,265.9,262.95,8845930,2376183015.33,shares,0
2022-10-31,267.97,273.85,260.51,265.7,265.9,8226510,2200825658.97,shares,0
2022-11-01,263.0,265.99,258.0,264.92,265.7,7251829,1896956777.65,shares,0
2022-11-02,262.8,270.0,259.9,261.65,264.92,7691584,2022068928.08,shares,0
2022-11-03,258.0,271.65,257.0,267.5,261.65,8013108,2133328000.14,shares,0
2022-11-04,266.07,274.47,261.7,272.6,267.5,9602239,2574467244.91,shares,0
2022-11-07,270.6,277.5,263.0,263.65,272.6,8325600,2221844450.17,shares,0
2022-11-08,263.4,264.99,255.58,258.46,263.65,6526132,1687841310.65,shares,0
2022-11-09,258.36,260.88,247.0,249.6,258.46,8921811,2249562483.06,shares,0
2022-11-10,247.2,250.96,233.2,235.0,249.6,15306474,3664075370.06,shares,0
2022-11-11,246.75,247.98,237.79,238.22,235.0,13404991,3257373375.44,shares,0
2022-11-14,237.0,242.74,234.45,237.48,238.22,8190719,1950597813.37,shares,0
2022-11-15,239.48,253.0,237.01,250.01,237.48,13656986,3378393488.79,shares,0
2022-11-16,250.0,250.0,241.01,242.13,250.01,7858253,1921083449.5,shares,0
2022-11-17,240.41,242.58,231.02,242.45,242.13,10645510,2516446316.96,shares,0
2022-11-18,239.99,244.9,230.01,230.53,242.45,10552431,2484520649.46,shares,0
2022-11-21,228.0,233.0,226.77,230.7,230.53,5166792,1191712112.99,shares,0
2022-11-22,230.0,235.0,224.77,229.71,230.7,6686699,1542632321.49,shares,0
2022-11-23,228.33,229.91,221.67,225.76,229.71,7883855,1776539900.8,shares,0
2022-11-24,227.0,232.23,225.58,229.62,225.76,6158539,1409367556.87,shares,0
2022-11-25,227.0,234.44,224.5,225.01,229.62,7938305,1817736157.55,shares,0
2022-11-28,220.0,224.62,218.77,224.0,225.01,6013859,1335222302.94,shares,0
2022-11-29,224.0,228.0,220.44,225.01,224.0,6951272,1559857483.54,shares,0
2022-11-30,224.15,228.21,221.0,222.89,225.01,6711318,1500016250.62,shares,0
2022-12-01,226.0,232.2,224.57,230.99,222.89,11450882,2626052473.49,shares,0
2022-12-02,229.0,232.65,225.16,226.93,230.99,8411597,1919332526.74,shares,0
2022-12-05,226.92,227.5,221.0,224.35,226.93,7428211,1661617091.76,shares,0
2022-12-06,224.35,240.88,223.01,238.3,224.35,16907644,3966884800.16,shares,0
2022-12-07,239.0,241.98,236.5,239.32,238.3,8732267,2084222655.97,shares,0
2022-12-08,239.0,241.12,235.16,238.0,239.32,5537496,1315606879.38,shares,0
2022-12-09,239.0,249.01,239.0,244.81,238.0,12213079,2993389646.08,shares,0
2022-12-12,245.0,250.0,240.5,243.96,244.81,9483119,2327466283.73,shares,0
2022-12-13,243.96,243.96,234.38,235.3,243.96,9611746,2277218095.95,shares,0
2022-12-14,249.9,250.55,240.29,242.3,235.3,19798620,4867139079.56,shares,0
2022-12-15,238.61,253.5,238.06,247.12,242.3,11837872,2937995474.7,shares,0
2022-12-16,244.0,244.83,238.0,241.22,247.12,8077439,1944619791.01,shares,0
2022-12-19,239.0,241.17,234.0,234.4,241.22,6166158,1456844723.21,shares,0
2022-12-20,232.0,236.98,229.2,231.83,234.4,5214343,1212676082.01,shares,0
2022-12-21,231.78,232.2,225.33,228.0,231.83,4882853,1114141888.36,shares,0
2022-12-22,228.89,229.49,222.65,222.95,228.0,5239768,1178650846.98,shares,0
2022-12-23,218.15,222.0,216.0,217.82,222.95,6205485,1354237750.77,shares,0
2022-12-26,217.39,224.26,217.39,223.76,217.82,5582454,1241495850.28,shares,0
2022-12-27,223.76,228.2,221.8,227.52,223.76,4961713,1117657221.48,shares,0
2022-12-28,225.8,227.32,222.01,224.8,227.52,4379105,983710889.25,shares,0
2022-12-29,225.28,231.33,223.93,227.64,224.8,6216923,1417571920.25,shares,0
2022-12-30,230.2,230.79,224.25,225.3,227.64,4369320,989612751.71,shares,0
2023-01-03,224.01,231.0,222.06,230.3,225.3,6217311,1414147754.86,shares,0
2023-01-04,230.35,234.98,225.16,226.3,230.3,8166793,1871856032.86,shares,0
2023-01-05,226.0,229.96,224.0,228.31,226.3,6207914,1415237398.29,shares,0
2023-01-06,226.95,231.1,225.1,228.32,228.31,6298644,1437702867.34,shares,0
2023-01-09,229.0,233.0,226.5,229.4,228.32,6965500,1598219256.27,shares,0
2023-01-10,229.4,234.66,228.5,230.5,229.4,8716006,2018172895.52,shares,0
2023-01-11,234.5,240.0,228.3,228.9,230.5,11612296,2725283863.59,shares,0
2023-01-12,231.1,231.28,223.99,225.61,228.9,6019060,1363074618.14,shares,0
2023-01-13,226.32,227.28,224.05,227.11,225.61,4362495,984158992.9,shares,0
2023-01-16,225.0,238.88,224.16,236.0,227.11,12386263,2891407344.8,shares,0
2023-01-17,235.87,243.93,235.0,242.56,236.0,9480354,2286210399.29,shares,0
2023-01-18,242.58,244.0,238.07,239.2,242.56,4930266,1184125147.25,shares,0
2023-01-19,238.9,245.88,238.0,245.66,239.2,6496646,1581914020.03,shares,0
2023-01-20,245.0,247.3,242.16,245.69,245.66,5825476,1427593812.55,shares,0
2023-01-30,247.52,248.8,243.5,244.13,245.69,8301575,2038398106.84,shares,0
2023-01-31,243.0,244.97,233.7,234.29,244.13,11579380,2739907138.76,shares,0
2023-02-01,234.3,238.87,234.3,238.16,234.29,7443547,1762062678.52,shares,0
2023-02-02,242.63,261.18,241.99,255.59,238.16,19722630,4960373145.5,shares,0
2023-02-03,253.0,256.0,249.61,252.81,255.59,8156972,2056408359.61,shares,0
2023-02-06,254.0,257.58,249.11,254.0,252.81,8146902,2064690347.01,shares,0
2023-02-07,254.6,254.8,247.17,249.64,254.0,7359676,1837188974.2,shares,0
2023-02-08,248.42,252.0,244.16,244.96,249.64,6444339,1591941611.63,shares,0
2023-02-09,243.0,253.5,241.38,253.2,244.96,9549178,2377100347.9,shares,0
2023-02-10,251.33,253.78,245.08,248.49,253.2,7275433,1810714880.23,shares,0
2023-02-13,244.0,253.0,240.7,252.29,248.49,8116531,2022080552.83,shares,0
2023-02-14,251.5,260.55,245.11,248.26,252.29,8961537,2256212912.02,shares,0
2023-02-15,250.0,257.0,246.16,255.93,248.26,8512494,2149947231.2,shares,0
2023-02-16,254.11,261.9,250.0,251.1,255.93,9113838,2330954198.76,shares,0
2023-02-17,250.0,250.96,236.78,238.04,251.1,12483707,3020505366.5,shares,0
2023-02-20,236.48,239.83,234.0,239.07,238.04,6625577,1566545442.83,shares,0
2023-02-21,238.45,241.46,236.33,239.05,239.07,4427999,1056198874.03,shares,0
2023-02-22,236.96,243.5,236.61,240.91,239.05,5364374,1288695563.33,shares,0
2023-02-23,239.0,242.3,237.56,240.1,240.91,4022002,964094381.94,shares,0
2023-02-24,241.36,242.4,237.0,237.33,240.1,4206751,1005706707.52,shares,0
2023-02-27,235.73,236.33,230.16,230.77,237.33,6177000,1433768316.29,shares,0
2023-02-28,231.98,235.38,229.0,233.25,230.77,5094060,1181551699.01,shares,0
2023-03-01,231.76,233.66,230.3,233.65,233.25,5260938,1220888324.53,shares,0
2023-03-02,239.0,241.04,234.0,234.7,233.65,7359653,1747287882.74,shares,0
2023-03-03,241.99,249.0,240.88,248.94,234.7,17084411,4193309085.66,shares,0
2023-03-06,246.0,257.5,245.0,254.88,248.94,12542750,3163710793.3,shares,0
2023-03-07,254.88,257.28,247.25,247.66,254.88,8740513,2200800243.28,shares,0
2023-03-08,247.66,252.99,246.3,248.98,247.66,6463462,1611674838.66,shares,0
2023-03-09,250.0,261.68,249.4,258.29,248.98,15449972,3976748330.18,shares,0
2023-03-10,257.11,266.66,256.5,261.17,258.29,12819016,3364798866.34,shares,0
2023-03-13,260.99,265.9,258.4,262.84,261.17,8735907,2290622442.26,shares,0
2023-03-14,260.0,282.0,259.41,278.0,262.84,16184491,4412910272.44,shares,0
2023-03-15,282.64,282.9,270.51,272.0,278.0,12320958,3387643633.5,shares,0
2023-03-16,270.71,274.8,263.95,267.0,272.0,10625603,2860851669.1,shares,0
2023-03-17,273.26,273.6,264.0,270.0,267.0,10402439,2799452778.37,shares,0
2023-03-20,269.19,282.21,266.35,277.29,270.0,13096843,3616328612.38,shares,0
2023-03-21,274.3,278.49,267.78,273.79,277.29,9275436,2523023042.57,shares,0
2023-03-22,274.0,274.91,265.0,267.52,273.79,8706015,2344292408.97,shares,0
2023-03-23,264.93,271.7,263.91,268.35,267.52,10509707,2808589075.46,shares,0
2023-03-24,267.0,267.0,256.95,259.01,268.35,12288996,3199845313.73,shares,0
2023-03-27,259.0,259.0,250.77,252.42,259.01,10368721,2631750073.37,shares,0
2023-03-28,251.3,253.8,247.16,247.34,252.42,6895895,1725602993.68,shares,0
2023-03-29,247.4,272.07,246.68,271.87,247.34,21521384,5672202481.81,shares,0
2023-03-30,269.99,272.5,260.02,263.97,271.87,14271474,3794736021.05,shares,0
2023-03-31,264.2,268.88,260.5,265.85,263.97,9443901,2504472147.55,shares,0
2023-04-03,270.1,281.88,269.0,279.89,265.85,16939165,4681168014.24,shares,0
2023-04-04,277.0,296.66,276.5,283.33,279.89,16720428,4794402801.23,shares,0
2023-04-06,283.33,311.66,283.0,307.43,283.33,21388178,6457229477.59,shares,0
2023-04-07,307.43,313.62,305.61,312.66,307.43,12614663,3903822128.92,shares,0
2023-04-10,313.2,318.88,297.0,299.7,312.66,13944295,4285670173.34,shares,0
2023-04-11,300.82,304.85,291.04,295.4,299.7,11601010,3456831955.41,shares,0
2023-04-12,296.12,300.86,288.45,296.2,295.4,8923152,2634226547.23,shares,0
2023-04-13,292.9,293.74,284.14,286.01,296.2,10578485,3042194269.48,shares,0
2023-04-14,300.0,314.61,298.5,314.61,286.01,16553507,5072595237.38,shares,0
2023-04-17,327.0,338.81,323.51,328.9,314.61,20679492,6821415917.6,shares,0
2023-04-18,326.21,327.96,315.0,322.5,328.9,13414787,4291222683.88,shares,0
2023-04-19,319.99,333.54,319.9,327.6,322.5,16031421,5238793780.64,shares,0
2023-04-20,321.62,354.86,321.0,352.0,327.6,17559202,6043762681.22,shares,0
2023-04-21,348.99,358.03,336.06,337.27,352.0,13417825,4626331464.41,shares,0
2023-04-24,339.0,342.55,329.37,332.91,337.27,10904790,3651367987.81,shares,0
2023-04-25,337.3,342.2,325.2,330.88,332.91,13146592,4367615716.43,shares,0
2023-04-26,328.36,338.48,319.96,334.99,330.88,13377236,4427410909.45,shares,0
2023-04-27,329.48,349.48,326.18,336.3,334.99,11686321,3955436505.58,shares,0
2023-04-28,336.31,344.15,328.9,334.52,336.3,11171834,3741028371.02,shares,0
2023-05-04,334.78,334.78,319.11,322.32,334.52,9084441,2947781805.69,shares,0
2023-05-05,320.0,329.25,319.51,322.13,322.32,7767728,2517994731.7,shares,0
2023-05-08,302.14,314.58,295.03,301.23,322.13,15475591,4736234633.77,shares,0
2023-05-09,301.23,311.13,301.0,301.18,301.23,8287140,2525803639.54,shares,0
2023-05-10,298.96,299.99,286.0,289.5,301.18,10935013,3181776476.48,shares,0
2023-05-11,294.81,296.22,287.0,289.7,289.5,5626809,1636157737.97,shares,0
2023-05-12,291.01,298.35,283.5,285.7,289.7,7491037,2172704518.11,shares,0
2023-05-15,282.0,289.52,280.1,288.72,285.7,7149184,2045386589.05,shares,0
2023-05-16,288.72,298.87,285.33,296.95,288.72,9726035,2863160681.75,shares,0
2023-05-17,296.33,305.85,295.0,300.76,296.95,7277255,2188349478.41,shares,0
2023-05-18,299.0,304.5,298.13,301.24,300.76,4840090,1459240135.59,shares,0
2023-05-19,303.0,305.7,297.24,301.28,301.24,5637880,1698735964.19,shares,0
2023-05-22,301.49,303.9,296.0,297.31,301.28,3705460,1105259907.35,shares,0
2023-05-23,296.36,296.36,290.73,291.48,297.31,4476121,1309085662.43,shares,0
2023-05-24,291.32,302.01,288.6,297.51,291.48,7019474,2077325408.01,shares,0
2023-05-25,296.52,299.9,294.01,299.16,297.51,4458670,1325703364.49,shares,0
2023-05-26,300.5,305.68,298.02,301.6,299.16,4608540,1392932535.45,shares,0
2023-05-29,303.5,309.38,299.09,304.55,301.6,7731209,2353834238.86,shares,0
2023-05-30,301.49,306.64,295.57,305.11,304.55,7497631,2259873408.32,shares,0
2023-05-31,304.01,309.38,301.0,303.45,305.11,5191221,1581768903.49,shares,0
2023-06-01,299.99,300.81,294.2,296.65,303.45,7016568,2086435102.41,shares,0
2023-06-02,296.85,301.5,293.89,298.19,296.65,5508268,1640642954.68,shares,0
2023-06-05,319.9,328.01,315.18,317.0,298.19,16450134,5299187133.83,shares,0
2023-06-06,313.5,317.1,307.82,309.5,317.0,9205487,2872852104.87,shares,0
2023-06-07,309.5,312.73,305.01,308.0,309.5,5916816,1825131385.14,shares,0
2023-06-08,307.23,307.33,299.0,301.9,308.0,5493073,1660181915.22,shares,0
2023-06-09,301.9,307.0,297.55,307.0,301.9,6950589,2098129841.78,shares,0
2023-06-12,304.88,316.99,304.01,315.8,307.0,7716710,2418046394.29,shares,0
2023-06-13,314.71,321.23,311.5,320.5,315.8,6641680,2103286708.37,shares,0
2023-06-14,318.49,322.88,316.3,316.6,320.5,5649236,1802917030.98,shares,0
2023-06-15,316.6,320.12,313.15,317.45,316.6,5170674,1634661723.39,shares,0
2023-06-16,315.33,320.58,314.5,320.4,317.45,5112735,1626325351.59,shares,0
2023-06-19,318.6,319.73,313.35,315.57,320.4,5194653,1640411894.52,shares,0
2023-06-20,313.0,315.0,310.0,310.97,315.57,5449569,1700070822.35,shares,0
2023-06-21,307.9,310.97,294.52,294.9,310.97,8902727,2676691697.87,shares,0
2023-06-26,294.0,300.88,291.2,298.15,294.9,5786277,1715907755.58,shares,0
2023-06-27,298.15,306.0,297.0,300.98,298.15,4647421,1401862341.87,shares,0
2023-06-28,301.0,325.0,300.98,314.03,300.98,10733572,3360763159.47,shares,0
2023-06-29,313.6,318.6,310.0,311.79,314.03,4678357,1465726976.29,shares,0
2023-06-30,310.05,319.98,307.05,317.65,311.79,5070132,1598958096.56,shares,0
2023-07-03,322.98,324.98,298.89,303.92,317.65,10885916,3361948391.37,shares,0
2023-07-04,302.91,310.77,301.0,306.54,303.92,5294587,1617079209.64,shares,0
2023-07-05,304.02,305.3,294.0,295.0,306.54,7317508,2183045224.11,shares,0
2023-07-06,293.5,294.0,286.01,289.99,295.0,5468220,1584723670.26,shares,0
2023-07-07,288.11,288.11,283.65,285.14,289.99,4333891,1239276503.07,shares,0
2023-07-10,284.01,287.99,283.32,286.48,285.14,3836415,1096432564.51,shares,0
2023-07-11,286.2,294.11,285.01,293.77,286.48,6319468,1832160984.25,shares,0
2023-07-12,293.0,293.0,284.0,284.76,293.77,6163541,1767501547.52,shares,0
2023-07-13,285.15,290.63,284.66,289.53,284.32,5025079,1448842858.24,shares,0
2023-07-14,290.4,299.1,287.77,298.9,289.53,9719972,2864964931.15,shares,0
2023-07-17,300.0,302.0,286.58,288.7,298.9,10239692,2991245327.93,shares,0
2023-07-18,288.0,290.88,285.5,286.56,288.7,5636857,1623070395.56,shares,0
2023-07-19,285.13,287.5,272.98,276.63,286.56,10152381,2822487000.3,shares,0
2023-07-20,276.6,278.8,274.5,276.97,276.63,4505292,1247186818.29,shares,0
2023-07-21,274.98,274.98,268.18,269.38,276.97,6236331,1687267878.17,shares,0
2023-07-24,268.0,270.16,266.8,267.44,269.38,3080181,825924879.87,shares,0
2023-07-25,269.99,278.73,267.89,274.51,267.44,5557319,1513982381.0,shares,0
2023-07-26,272.94,281.3,272.52,277.76,274.51,6139881,1709569728.8,shares,0
2023-07-27,276.01,277.49,273.03,273.83,277.76,3317154,912656985.46,shares,0
2023-07-28,273.85,278.8,273.25,276.0,273.83,4021883,1110876389.66,shares,0
2023-07-31,276.0,285.0,275.0,283.83,276.0,7014582,1969041480.56,shares,0
2023-08-01,283.68,283.68,278.45,281.68,283.83,4305123,1210096207.1,shares,0
2023-08-02,280.0,285.68,279.01,283.29,281.68,5233949,1484482229.14,shares,0
2023-08-03,281.32,287.23,280.8,283.8,283.29,3877003,1102435361.93,shares,0
2023-08-04,284.33,285.8,278.22,281.51,283.8,4825879,1359505841.9,shares,0
2023-08-07,280.47,283.95,280.03,283.1,281.51,2801004,791492986.22,shares,0
2023-08-08,282.49,284.98,281.97,283.39,283.1,2574901,730430196.63,shares,0
2023-08-09,282.2,282.99,278.3,280.52,283.39,3203029,898559048.99,shares,0
2023-08-10,280.48,288.88,280.45,284.66,280.52,4634259,1323563778.75,shares,0
2023-08-11,284.75,285.96,278.6,278.6,284.66,3597636,1009473826.06,shares,0
2023-08-14,275.43,276.5,272.72,273.01,278.6,3268500,895868410.12,shares,0
2023-08-15,274.01,275.88,265.55,271.01,273.01,3835250,1036326785.4,shares,0
2023-08-16,270.03,273.2,261.45,261.55,271.01,4692406,1244270914.49,shares,0
2023-08-17,261.28,267.83,259.4,264.12,261.55,3610112,952010407.42,shares,0
2023-08-18,263.8,264.69,257.0,257.0,264.12,3390992,882439298.53,shares,0
2023-08-21,258.59,261.59,255.58,255.67,257.0,2855057,735354050.84,shares,0
2023-08-22,257.08,259.13,250.33,257.75,255.67,4498356,1145840893.57,shares,0
2023-08-23,257.76,258.13,250.71,251.12,257.75,2611326,662676288.45,shares,0
2023-08-24,253.02,262.35,251.53,259.83,251.12,5407293,1397436896.61,shares,0
2023-08-25,256.76,259.45,255.36,257.0,259.83,3358183,864299952.9,shares,0
2023-08-28,272.22,274.15,251.98,254.0,257.0,6895941,1787344267.79,shares,0
2023-08-29,250.29,262.03,250.12,261.41,254.0,5547948,1432714014.02,shares,0
2023-08-30,266.5,274.88,264.0,268.15,261.41,8775109,2363453018.71,shares,0
2023-08-31,267.99,273.04,264.0,271.26,268.15,6208535,1677645420.71,shares,0
2023-09-01,273.98,283.47,272.36,273.02,271.26,7523664,2086894391.18,shares,0
2023-09-04,275.06,276.0,268.1,271.0,273.02,6370643,1720720051.95,shares,0
2023-09-05,271.83,274.48,269.88,271.3,271.0,5907670,1607906117.41,shares,0
2023-09-06,270.03,280.5,269.0,280.4,271.3,10449743,2886232297.71,shares,0
2023-09-07,276.99,277.3,264.23,264.5,280.4,9621294,2592149833.6,shares,0
2023-09-08,262.75,268.5,262.0,266.5,264.5,5057000,1344124088.34,shares,0
2023-09-11,265.0,267.97,259.07,266.11,266.5,5424297,1436686444.77,shares,0
2023-09-12,264.11,266.37,263.88,264.0,266.11,2688280,711513761.35,shares,0
2023-09-13,262.62,265.29,258.02,259.65,264.0,3853927,1005299905.76,shares,0
2023-09-14,259.67,261.0,251.0,251.96,259.65,6574204,1669573919.2,shares,0
2023-09-15,252.09,255.6,247.8,249.15,251.96,6379015,1600969764.51,shares,0
2023-09-18,247.0,250.12,245.0,245.48,249.15,4656765,1149967355.72,shares,0
2023-09-19,245.48,246.18,231.55,239.9,245.48,8685999,2064758167.2,shares,0
2023-09-20,238.76,240.93,233.58,233.98,239.9,6621524,1562959725.95,shares,0
2023-09-21,233.0,235.3,231.8,232.41,233.98,4590113,1069583809.14,shares,0
2023-09-22,232.0,235.0,230.37,234.5,232.41,6877226,1604637167.76,shares,0
2023-09-25,234.0,236.92,231.66,235.0,234.5,6474810,1514587231.5,shares,0
2023-09-26,233.5,236.18,232.6,232.61,235.0,4261055,996712182.51,shares,0
2023-09-27,232.6,236.6,231.13,232.95,232.61,4819955,1125318876.45,shares,0
2023-09-28,233.0,247.89,230.7,241.3,232.95,11431417,2728880306.61,shares,0
2023-10-09,239.23,247.53,238.56,246.25,241.3,7113612,1734943017.23,shares,0
2023-10-10,245.0,250.89,244.27,247.85,246.25,6312836,1565761291.71,shares,0
2023-10-11,247.85,248.49,241.81,244.29,247.85,5802556,1421229328.23,shares,0
2023-10-12,245.7,255.11,245.12,253.48,244.29,8421781,2106302553.15,shares,0
2023-10-13,249.88,249.93,241.54,248.7,253.48,7690330,1892407612.05,shares,0
2023-10-16,248.2,248.5,242.08,243.1,248.7,4333927,1057533722.4,shares,0
2023-10-17,244.66,249.35,241.5,246.67,243.1,4814087,1182900987.33,shares,0
2023-10-18,247.88,253.58,243.81,244.23,246.67,7408729,1847441313.71,shares,0
2023-10-19,242.62,249.8,242.2,243.13,244.23,4705119,1158473966.82,shares,0
2023-10-20,240.07,244.68,238.5,239.74,243.13,3919664,945924691.73,shares,0
2023-10-23,239.73,240.5,233.0,234.6,239.74,3574623,841460314.14,shares,0
2023-10-24,235.2,252.5,235.01,249.5,234.6,9457806,2327713538.18,shares,0
2023-10-25,251.01,251.6,245.3,248.01,249.5,5575685,1378095535.63,shares,0
2023-10-26,245.81,250.0,243.5,249.33,248.01,5308734,1306812373.74,shares,0
2023-10-27,246.8,254.0,245.51,251.79,249.33,6097672,1525967822.93,shares,0
2023-10-30,250.0,260.28,249.1,257.8,251.79,8063606,2063241705.53,shares,0
2023-10-31,262.0,264.66,252.85,256.0,257.8,7050623,1802728401.1,shares,0
2023-11-01,255.55,255.61,250.02,252.45,256.0,5137254,1294572591.61,shares,0
2023-11-02,252.0,253.97,249.17,250.2,252.45,3590473,899980918.49,shares,0
2023-11-03,250.56,258.0,249.72,257.04,250.2,6201687,1578131021.06,shares,0
2023-11-06,259.03,259.5,254.58,258.74,257.04,6446154,1658544233.04,shares,0
2023-11-07,258.0,260.39,254.8,256.35,258.74,5455184,1399940160.22,shares,0
2023-11-08,255.12,265.5,254.54,259.97,256.35,8133625,2116302478.2,shares,0
2023-11-09,258.16,261.25,256.36,257.05,259.97,4424306,1142103027.02,shares,0
2023-11-10,258.1,259.59,255.0,256.01,257.05,4080692,1050010828.54,shares,0
2023-11-13,256.69,258.98,255.64,257.13,256.01,3423343,879567301.7,shares,0
2023-11-14,255.81,258.74,255.07,257.03,257.13,3013354,773932097.3,shares,0
2023-11-15,258.3,258.95,253.03,253.8,257.03,4405717,1126524189.31,shares,0
2023-11-16,252.88,253.8,246.2,248.0,253.8,5014375,1250253523.77,shares,0
2023-11-17,247.01,250.79,246.11,247.0,248.0,3544086,878242952.64,shares,0
2023-11-20,247.01,247.57,242.12,242.31,247.0,5546015,1350127656.08,shares,0
2023-11-21,242.36,244.26,240.2,240.54,242.31,4346665,1052970860.03,shares,0
2023-11-22,239.01,240.25,235.44,235.6,240.54,4634604,1098415750.42,shares,0
2023-11-23,235.0,238.68,233.36,238.6,235.6,3930777,929688821.19,shares,0
2023-11-24,237.98,238.7,235.2,235.75,238.6,3358357,793844626.85,shares,0
2023-11-27,234.46,240.47,233.85,240.46,235.75,4718327,1126123235.36,shares,0
2023-11-28,239.5,241.9,238.3,240.29,240.46,3281521,787222499.51,shares,0
2023-11-29,240.7,241.93,235.85,236.02,240.29,4477032,1067447744.01,shares,0
2023-11-30,235.0,236.47,233.5,234.55,236.02,3634563,852797176.91,shares,0
2023-12-01,234.7,235.8,225.29,232.84,234.55,7040128,1624835192.18,shares,0
2023-12-04,231.99,235.6,229.31,229.41,232.84,4136994,958443354.8,shares,0
2023-12-05,228.97,228.98,223.9,223.95,229.41,4009862,909054882.09,shares,0
2023-12-06,222.0,225.52,222.0,223.0,223.95,3625313,810072255.31,shares,0
2023-12-07,222.78,222.88,213.42,216.52,223.0,7465829,1619950959.59,shares,0
2023-12-08,216.52,223.98,216.52,222.23,216.52,6951342,1534118455.07,shares,0
2023-12-11,220.54,228.77,218.5,228.0,222.23,6237166,1396323706.09,shares,0
2023-12-12,227.0,228.65,225.62,227.36,228.0,3497115,793349402.3,shares,0
2023-12-13,227.17,230.8,225.71,226.71,227.36,3153289,718937526.47,shares,0
2023-12-14,227.88,228.98,224.9,225.95,226.71,2856321,647040104.55,shares,0
2023-12-15,226.8,227.9,224.01,225.0,225.95,2870883,648580315.43,shares,0
2023-12-18,223.5,225.44,220.6,221.06,225.0,3468472,771066273.35,shares,0
2023-12-19,220.27,234.51,220.08,229.1,221.06,8106036,1854350996.13,shares,0
2023-12-20,230.05,232.05,227.26,229.3,229.1,5226741,1201809397.54,shares,0
2023-12-21,229.31,237.27,228.8,235.96,229.3,7604969,1778874942.69,shares,0
2023-12-22,235.46,235.95,230.0,231.0,235.96,4737174,1100264488.37,shares,0
2023-12-25,230.0,232.74,229.0,230.16,231.0,2437321,561509883.05,shares,0
2023-12-26,229.31,229.78,224.0,225.49,230.16,3292326,743768426.44,shares,0
2023-12-27,225.5,239.98,225.5,238.6,225.49,9668287,2284753439.45,shares,0
2023-12-28,237.88,248.0,237.24,245.6,238.6,7939282,1936391362.37,shares,0
2023-12-29,245.62,247.49,243.38,245.71,245.6,4636183,1139359269.61,shares,0
2024-01-02,245.73,245.91,239.35,240.3,245.71,4106740,993607281.36,shares,0
2024-01-03,239.51,246.6,238.42,240.48,240.3,4311800,1045059220.08,shares,0
2024-01-04,238.95,243.47,235.13,236.25,240.48,3503120,832252917.23,shares,0
2024-01-05,236.0,239.95,231.97,234.13,236.25,3308289,779153664.27,shares,0
2024-01-08,233.5,235.0,226.05,226.18,234.13,3763106,858997864.62,shares,0
2024-01-09,227.56,229.35,222.66,228.08,226.18,4553369,1031117166.47,shares,0
2024-01-10,227.0,231.94,223.38,226.8,228.08,3646136,832571087.88,shares,0
2024-01-11,226.79,234.89,226.06,232.6,226.8,4526037,1050580482.93,shares,0
2024-01-12,231.96,233.64,229.69,232.0,232.6,2677546,621535806.2,shares,0
2024-01-15,231.5,237.6,228.6,231.99,232.0,3773813,881692708.99,shares,0
2024-01-16,240.0,245.0,238.0,244.01,231.99,9728606,2350083477.69,shares,0
2024-01-17,243.76,245.71,240.7,242.3,244.01,6098407,1484563972.15,shares,0
2024-01-18,240.88,256.78,240.02,255.77,242.3,12506372,3116486083.6,shares,0
2024-01-19,254.1,256.65,249.38,250.7,255.77,6463746,1635933627.45,shares,0
2024-01-22,250.7,256.17,247.8,250.2,250.7,8468881,2140852103.83,shares,0
2024-01-23,247.81,254.43,245.58,249.99,250.2,6512336,1626894132.67,shares,0
2024-01-24,250.0,253.16,241.23,252.12,249.99,7720769,1902076442.72,shares,0
2024-01-25,250.0,256.0,248.46,254.21,252.12,6126616,1546163516.11,shares,0
2024-01-26,251.92,254.48,247.0,247.5,254.21,5347758,1338173284.52,shares,0
2024-01-29,247.4,250.64,240.1,241.7,247.5,5023445,1226684602.0,shares,0
2024-01-30,240.86,240.86,228.58,229.35,241.7,5678607,1326821932.17,shares,0
2024-01-31,227.02,231.8,224.09,227.76,229.35,5544933,1265026511.86,shares,0
2024-02-01,227.53,240.14,227.3,235.6,227.76,6477588,1523177146.17,shares,0
2024-02-02,234.8,237.5,225.03,231.4,235.6,5841972,1356527574.21,shares,0
2024-02-05,228.16,245.0,227.71,240.95,231.4,8453593,2002276046.07,shares,0
2024-02-06,238.2,251.48,238.12,251.0,240.95,7750539,1910678945.48,shares,0
2024-02-07,250.26,252.82,246.66,249.11,251.0,5920684,1474042206.55,shares,0
2024-02-08,253.0,258.8,248.6,250.3,249.11,7507219,1904998968.11,shares,0
2024-02-19,258.0,259.88,254.01,258.5,250.3,6827319,1758671590.48,shares,0
2024-02-20,257.5,259.2,252.46,255.1,258.5,4407044,1126082493.59,shares,0
2024-02-21,253.65,264.4,252.0,260.5,255.1,7052813,1828974175.63,shares,0
2024-02-22,261.0,264.58,260.01,263.05,260.5,4310064,1131171135.97,shares,0
2024-02-23,263.08,265.5,259.57,261.66,263.05,4681618,1227248291.31,shares,0
2024-02-26,262.3,263.72,257.79,258.53,261.66,4346255,1128388107.56,shares,0
2024-02-27,257.11,268.47,256.6,268.2,258.53,5672791,1493853307.78,shares,0
2024-02-28,268.95,271.68,261.2,261.43,268.2,5235791,1394788148.8,shares,0
2024-02-29,266.0,286.9,265.64,284.06,261.43,11684701,3263039372.19,shares,0
2024-03-01,286.0,294.8,284.23,292.15,284.06,9492111,2754205713.3,shares,0
2024-03-04,292.59,297.58,288.0,292.17,292.15,6809363,1990189539.93,shares,0
2024-03-05,290.98,293.83,286.01,291.12,292.17,5425824,1576465990.78,shares,0
2024-03-06,291.1,293.55,288.0,291.0,291.12,3989591,1161072735.49,shares,0
2024-03-07,293.77,301.58,289.89,291.27,291.0,6503983,1923390217.61,shares,0
2024-03-08,293.99,302.65,293.1,301.87,291.27,8138763,2438931464.94,shares,0
2024-03-11,299.04,307.4,298.51,303.69,301.87,5728771,1731904607.43,shares,0
2024-03-12,301.0,306.99,297.2,298.41,303.69,7417264,2230138541.31,shares,0
2024-03-13,300.0,301.7,290.64,292.5,298.41,6800658,2008385064.31,shares,0
2024-03-14,291.99,293.79,288.06,289.78,292.5,5576457,1619889257.65,shares,0
2024-03-15,289.78,290.2,282.8,289.03,289.78,5726272,1638065516.69,shares,0
2024-03-18,288.05,298.77,288.0,298.06,289.03,6620791,1948456848.67,shares,0
2024-03-19,297.0,300.8,294.93,295.08,298.06,4417536,1314865427.69,shares,0
2024-03-20,294.9,297.57,291.75,296.2,295.08,3143212,927047419.19,shares,0
2024-03-21,300.7,306.68,299.0,301.1,296.2,5677259,1717937663.5,shares,0
2024-03-22,301.1,316.99,300.33,312.51,301.1,8961474,2798131258.48,shares,0
2024-03-25,311.86,326.5,307.91,316.8,312.51,7415810,2362021297.54,shares,0
2024-03-26,317.5,323.0,308.69,310.88,316.8,6314354,1980924847.76,shares,0
2024-03-27,312.43,313.5,304.58,308.55,310.88,5130441,1584531041.28,shares,0
2024-03-28,308.53,309.66,302.5,306.69,308.55,4971706,1523019805.53,shares,0
2024-03-29,306.1,311.5,298.93,305.6,306.69,4820657,1473955195.62,shares,0
2024-04-01,308.0,315.56,306.5,308.0,305.6,4991194,1547194708.0,shares,0
2024-04-02,307.0,308.98,296.0,298.6,308.0,6660094,2004791423.64,shares,0
2024-04-03,298.54,302.0,293.01,297.68,298.6,4349143,1293896223.7,shares,0
2024-04-08,302.0,306.55,299.1,300.18,297.68,4633272,1402569188.33,shares,0
2024-04-09,298.5,301.2,294.02,299.07,300.18,2881481,857590321.47,shares,0
2024-04-10,298.16,300.0,288.97,291.28,299.07,4075515,1189437817.65,shares,0
2024-04-11,289.11,293.99,288.88,290.77,291.28,3227674,940893037.91,shares,0
2024-04-12,289.98,292.8,287.2,290.0,290.77,3549399,1031652818.47,shares,0
2024-04-15,302.0,315.0,301.18,313.02,290.0,9057790,2797517353.63,shares,0
2024-04-16,310.01,314.0,307.3,309.03,313.02,5138319,1592624526.22,shares,0
2024-04-17,309.31,311.47,306.0,310.75,309.03,5555684,1716497981.66,shares,0
2024-04-18,308.0,313.8,305.08,305.22,310.75,5393254,1665047038.71,shares,0
2024-04-19,304.0,305.52,295.5,298.48,305.22,4663145,1395796304.04,shares,0
2024-04-22,293.99,300.26,291.12,297.92,298.48,3952115,1173790884.9,shares,0
2024-04-23,298.0,304.5,297.45,302.86,297.92,4078595,1228076332.27,shares,0
2024-04-24,304.0,308.8,302.47,305.0,302.86,3338809,1018665691.15,shares,0
2024-04-25,303.37,307.48,300.2,306.34,305.0,3003878,915417173.9,shares,0
2024-04-26,305.1,314.9,305.1,313.66,306.34,5020029,1562677807.9,shares,0
2024-04-29,313.2,324.58,312.18,323.0,313.66,6190777,1981199646.71,shares,0
2024-04-30,323.32,323.98,314.11,319.0,323.0,6037905,1920876247.97,shares,0
2024-05-06,323.1,325.8,317.6,318.79,319.0,4134489,1325480339.98,shares,0
2024-05-07,317.9,320.48,313.0,317.1,318.79,3810306,1206014843.78,shares,0
2024-05-08,316.0,318.5,311.45,312.81,317.1,3040418,955497984.07,shares,0
2024-05-09,312.8,314.56,310.01,314.03,312.81,4847143,1512970068.91,shares,0
2024-05-10,314.19,314.48,286.0,297.95,314.03,14817944,4402967420.29,shares,0
2024-05-13,294.0,299.6,289.96,291.6,297.95,8147249,2403062439.21,shares,0
2024-05-14,293.9,295.65,283.83,291.3,291.6,6754004,1949274673.2,shares,0
2024-05-15,288.0,295.5,287.0,290.05,291.3,3319900,968807647.08,shares,0
2024-05-16,292.0,295.0,288.99,291.82,290.05,4054747,1183656813.56,shares,0
2024-05-17,291.0,292.44,288.19,291.0,291.82,3071312,891295342.73,shares,0
2024-05-20,289.73,293.28,288.44,290.8,291.0,3419002,995289401.58,shares,0
2024-05-21,289.85,298.38,289.73,295.8,290.8,4989808,1470767563.46,shares,0
2024-05-22,295.96,296.48,290.4,293.16,295.8,3335252,974642220.18,shares,0
2024-05-23,293.19,298.68,291.5,293.16,293.16,3770572,1111440864.55,shares,0
2024-05-24,291.76,293.45,287.0,287.0,293.16,3277760,949146393.89,shares,0
2024-05-27,286.97,304.06,285.58,304.0,287.0,7770570,2307324823.01,shares,0
2024-05-28,306.8,313.0,303.52,304.98,304.0,7135005,2199078297.24,shares,0
2024-05-29,303.6,305.36,296.43,298.7,304.98,4131153,1238209693.48,shares,0
2024-05-30,297.0,302.6,296.01,299.9,298.7,3529130,1058852829.32,shares,0
2024-05-31,299.72,299.8,293.35,293.35,299.9,4236822,1252139962.37,shares,0
2024-06-03,294.02,312.99,294.0,308.88,293.35,8360731,2563223049.44,shares,0
2024-06-04,308.88,314.9,307.0,313.11,308.88,4544100,1414067158.9,shares,0
2024-06-05,314.0,318.63,313.11,314.98,313.11,4440416,1404666906.91,shares,0
2024-06-06,317.03,326.0,316.5,320.04,314.98,8024602,2581310656.02,shares,0
2024-06-07,320.04,327.84,314.07,318.39,320.04,6872865,2195282488.37,shares,0
2024-06-11,322.0,330.0,322.0,326.81,318.39,7701044,2517237818.77,shares,0
2024-06-12,332.3,332.8,323.0,325.04,326.81,5800441,1893694218.33,shares,0
2024-06-13,330.0,335.7,326.18,328.2,325.04,6477851,2140254370.12,shares,0
2024-06-14,326.99,332.88,321.02,322.8,328.2,8260065,2691870542.17,shares,0
2024-06-17,323.03,337.78,323.03,333.34,322.8,7213985,2398499682.26,shares,0
2024-06-18,333.0,337.25,330.46,333.8,333.34,4077509,1359687716.43,shares,0
2024-06-19,334.51,336.8,326.0,328.85,333.8,5004305,1647802719.52,shares,0
2024-06-20,328.0,337.7,327.23,330.55,328.85,5591640,1864329586.47,shares,0
2024-06-21,326.1,331.9,324.75,330.11,330.55,3990340,1309665881.27,shares,0
2024-06-24,330.09,334.6,324.5,325.7,330.11,3780903,1241390307.2,shares,0
2024-06-25,324.0,325.5,312.6,314.64,325.7,5489559,1741830927.12,shares,0
2024-06-26,315.62,322.83,311.33,319.55,314.64,4781905,1511432258.65,shares,0
2024-06-27,318.01,323.9,314.43,319.66,319.55,4677558,1496054210.03,shares,0
2024-06-28,317.0,322.0,315.61,319.89,319.66,3920017,1252482767.01,shares,0
2024-07-01,318.9,326.79,314.89,324.86,319.89,3675799,1182126418.54,shares,0
2024-07-02,325.06,326.15,314.45,318.01,324.86,3775108,1205087355.83,shares,0
2024-07-03,317.97,322.5,312.58,319.36,318.01,3056539,972125149.76,shares,0
2024-07-04,316.43,320.78,315.36,316.79,318.58,2116358,673494066.15,shares,0
2024-07-05,316.75,317.35,308.8,314.33,316.79,3238231,1012247843.76,shares,0
2024-07-08,314.62,321.89,313.78,316.6,314.33,3644249,1159960004.37,shares,0
2024-07-09,317.02,326.0,314.36,324.79,316.6,5125986,1647796716.34,shares,0
2024-07-10,323.88,325.8,317.3,319.58,324.79,4303173,1381293293.08,shares,0
2024-07-11,323.19,323.6,301.05,313.27,319.58,10753870,3355118372.84,shares,0
2024-07-12,311.0,330.0,309.0,328.57,313.27,9084857,2927208648.42,shares,0
2024-07-15,330.0,336.9,328.69,334.85,328.57,6204540,2074185105.77,shares,0
2024-07-16,334.0,350.0,332.73,347.57,334.85,7886162,2701943985.5,shares,0
2024-07-17,347.34,353.99,345.82,347.6,347.57,6187204,2161375794.29,shares,0
2024-07-18,344.5,356.81,340.66,355.66,347.6,7518032,2624649710.52,shares,0
2024-07-19,354.5,359.1,351.2,355.0,355.66,6441661,2289644838.65,shares,0
2024-07-22,358.0,358.85,350.44,353.41,355.0,4864437,1720461118.36,shares,0
2024-07-23,351.51,353.0,335.5,335.57,353.41,6486886,2215961946.26,shares,0
2024-07-24,335.0,338.23,330.5,332.49,335.57,4087186,1364008797.56,shares,0
2024-07-25,330.01,333.31,325.65,329.0,332.49,3872929,1273456352.55,shares,0
2024-07-26,327.02,336.0,324.3,331.95,329.0,5491681,1813668899.71,shares,0
2024-07-29,331.95,341.1,330.3,334.68,331.95,4416252,1486219581.12,shares,0
2024-07-30,332.66,340.5,328.44,336.04,334.68,3831087,1283465968.38,shares,0
2024-07-31,334.0,344.28,332.39,342.6,336.04,5931869,2015364957.68,shares,0
2024-08-01,343.98,352.15,341.57,345.23,342.6,5062597,1752293134.72,shares,0
2024-08-02,341.5,347.31,335.68,336.93,345.23,4478924,1524499621.7,shares,0
2024-08-05,331.99,337.49,322.8,322.8,336.93,5846309,1912849977.43,shares,0
2024-08-06,328.3,329.63,316.8,321.61,322.8,4509360,1446838462.41,shares,0
2024-08-07,323.25,326.96,318.01,319.05,321.61,3383435,1091530614.19,shares,0
2024-08-08,316.01,325.97,310.8,321.0,319.05,4440340,1416169688.23,shares,0
2024-08-09,325.0,327.69,319.68,320.87,321.0,3224020,1039029453.68,shares,0
2024-08-12,318.8,322.08,316.05,318.03,320.87,2368276,754272795.05,shares,0
2024-08-13,317.11,320.69,315.57,319.44,318.03,2274228,722950823.67,shares,0
2024-08-14,319.78,322.1,314.38,315.45,319.44,2315845,735441242.65,shares,0
2024-08-15,314.04,318.0,311.8,313.96,315.45,3406898,1072977969.67,shares,0
2024-08-16,313.96,318.87,311.6,316.06,313.96,3087690,976086418.46,shares,0
2024-08-19,316.5,319.88,313.69,316.2,316.06,2768600,878001814.0,shares,0
2024-08-20,317.0,317.5,311.0,313.44,316.2,2497249,783100012.37,shares,0
2024-08-21,312.0,315.88,310.1,312.96,313.44,2482583,778511526.67,shares,0
2024-08-22,312.19,314.2,299.98,307.33,312.96,5874846,1797014016.59,shares,0
2024-08-23,305.05,306.67,300.0,301.66,307.33,4664382,1411450374.36,shares,0
2024-08-26,301.66,304.93,300.5,303.61,301.66,3498793,1060924851.29,shares,0
2024-08-27,301.5,303.15,298.2,300.64,303.61,2598615,781719684.97,shares,0
2024-08-28,300.0,305.0,297.01,303.89,300.64,4177094,1262523198.59,shares,0
2024-08-29,302.62,313.54,301.0,305.18,303.89,5560049,1706558465.77,shares,0
2024-08-30,305.18,324.84,305.0,318.28,305.18,7941615,2522682220.69,shares,0
2024-09-02,320.0,322.4,307.01,307.4,318.28,4907429,1539450379.35,shares,0
2024-09-03,308.01,312.0,306.01,311.49,307.4,2879490,892971097.94,shares,0
2024-09-04,307.0,310.05,305.5,306.59,311.49,2609484,802304584.18,shares,0
2024-09-05,306.59,308.17,299.0,302.66,306.59,3922545,1188805359.63,shares,0
2024-09-06,302.0,304.96,298.0,298.1,302.66,2837359,853792480.34,shares,0
2024-09-09,296.1,301.6,295.3,296.08,298.1,3190515,947571787.78,shares,0
2024-09-10,296.04,305.51,295.51,298.72,296.08,5146923,1541680658.85,shares,0
2024-09-11,298.11,301.0,294.8,300.46,298.72,2663521,797463898.7,shares,0
2024-09-12,301.88,303.0,297.1,298.14,300.46,2626221,786934425.8,shares,0
2024-09-13,298.01,301.0,292.99,293.02,298.14,3473648,1032880463.06,shares,0
2024-09-18,294.01,295.5,291.3,294.68,293.02,2214212,650454653.65,shares,0
2024-09-19,295.2,297.52,287.99,292.51,294.68,3951302,1157695008.58,shares,0
2024-09-20,290.74,294.0,283.8,293.42,292.51,4888511,1414237078.56,shares,0
2024-09-23,291.29,295.0,281.5,283.86,293.42,5675417,1628089419.26,shares,0
2024-09-24,286.0,295.12,278.13,295.09,283.86,8272886,2378621236.52,shares,0
2024-09-25,298.1,302.72,292.66,294.7,295.09,8041401,2398166737.82,shares,0
2024-09-26,293.98,303.0,286.48,303.0,294.7,8666594,2561063228.68,shares,0
2024-09-27,307.0,333.3,306.88,333.3,303.0,12096574,3879370477.88,shares,0
2024-09-30,350.88,366.0,342.11,365.98,333.3,12162426,4333309958.99,shares,0
2024-10-08,402.58,402.58,386.0,402.58,365.98,11405044,4572411180.4,shares,0
2024-10-09,400.0,440.0,388.0,405.0,402.58,23769052,9767142063.87,shares,0
2024-10-10,415.5,417.0,380.03,388.29,405.0,14126030,5550167467.64,shares,0
2024-10-11,380.2,385.78,360.8,365.8,388.29,10978014,4058563514.98,shares,0
2024-10-14,360.0,374.99,352.04,369.01,365.8,12234619,4435581221.84,shares,0
2024-10-15,378.0,389.5,371.88,376.0,369.01,13239475,5030614211.14,shares,0
2024-10-16,360.1,366.63,356.07,363.2,376.0,9329894,3379705465.7,shares,0
2024-10-17,366.0,371.5,362.5,365.03,363.2,6572152,2409282042.53,shares,0
2024-10-18,365.03,401.53,363.53,401.16,365.03,14450824,5598172707.57,shares,0
2024-10-21,409.81,416.0,391.13,395.22,401.16,17745237,7138086479.48,shares,0
2024-10-22,390.06,408.88,387.0,396.55,395.22,11450255,4542241408.08,shares,0
2024-10-23,396.55,402.0,391.5,393.9,396.55,7083898,2807555495.93,shares,0
2024-10-24,391.0,395.6,385.52,387.89,393.9,6745492,2628230849.58,shares,0
2024-10-25,387.95,393.5,382.5,388.42,387.89,6558914,2541815683.37,shares,0
2024-10-28,388.42,389.48,381.16,384.5,388.42,5523804,2125008691.19,shares,0
2024-10-29,383.71,396.8,383.07,388.7,384.5,7203063,2808136302.23,shares,0
2024-10-30,387.0,396.0,384.3,390.18,388.7,6408935,2493573912.95,shares,0
2024-10-31,388.38,399.6,381.86,392.37,390.18,9870542,3853452510.2,shares,0
2024-11-01,386.9,392.3,382.0,387.5,392.37,6890354,2667950066.86,shares,0
2024-11-04,387.52,406.98,387.0,400.3,387.5,9372513,3741398928.86,shares,0
2024-11-05,400.29,415.0,396.6,410.51,400.3,9514899,3865936871.26,shares,0
2024-11-06,410.51,415.77,401.56,404.91,410.51,8483668,3464966429.18,shares,0
2024-11-07,402.0,431.08,401.03,425.99,404.91,11803038,4955275021.27,shares,0
2024-11-08,438.99,468.0,427.0,447.75,425.99,15459373,6903079460.47,shares,0
2024-11-11,458.0,487.8,455.71,486.69,447.75,16146468,7661790446.76,shares,0
2024-11-12,483.0,490.03,463.0,467.81,486.69,14552851,6906686297.38,shares,0
2024-11-13,461.88,484.98,461.88,468.0,467.81,10231120,4827166757.31,shares,0
2024-11-14,463.33,467.73,446.0,449.31,468.0,10388499,4742497410.97,shares,0
2024-11-15,445.46,449.0,421.52,422.68,449.31,10810846,4688952725.15,shares,0
2024-11-18,421.33,436.99,419.83,423.89,422.68,8951045,3827070287.65,shares,0
2024-11-19,423.89,439.4,421.87,435.04,423.89,9243846,3987210784.55,shares,0
2024-11-20,436.1,443.9,428.44,433.9,435.04,7731662,3360381658.31,shares,0
2024-11-21,433.66,439.68,430.03,433.91,433.9,5940770,2581739122.9,shares,0
2024-11-22,433.9,446.0,422.0,422.53,433.91,7917390,3438594204.64,shares,0
2024-11-25,418.01,430.53,410.9,418.11,422.53,8636446,3615077937.85,shares,0
2024-11-26,417.94,421.55,408.28,409.5,418.11,6231204,2578107395.22,shares,0
2024-11-27,406.7,418.36,397.98,415.91,409.5,7379195,3025206559.34,shares,0
2024-11-28,415.91,418.58,406.2,412.97,415.91,5941202,2451645338.47,shares,0
2024-11-29,412.0,422.2,406.56,415.68,412.97,8316439,3449423863.49,shares,0
2024-12-02,412.0,426.8,409.44,421.99,415.68,7762765,3259921122.8,shares,0
2024-12-03,419.0,421.88,402.1,405.41,421.99,11111702,4526262794.58,shares,0
2024-12-04,411.8,417.5,400.4,402.55,405.41,9040356,3688031986.73,shares,0
2024-12-05,403.0,404.56,398.01,399.0,402.55,6616955,2648849305.99,shares,0
2024-12-06,398.7,408.0,397.53,405.59,399.0,6560819,2650585195.8,shares,0
2024-12-09,402.11,405.87,394.89,397.8,405.59,5757537,2300653147.54,shares,0
2024-12-10,410.6,412.0,396.02,398.35,397.8,8833685,3564798233.42,shares,0
2024-12-11,397.0,399.68,390.0,390.86,398.35,7306783,2871368068.14,shares,0
2024-12-12,389.95,401.66,387.01,397.96,390.86,8173250,3227195968.74,shares,0
2024-12-13,395.0,397.5,386.0,386.48,397.96,8005348,3120794901.3,shares,0
2024-12-16,384.48,388.21,375.32,378.45,386.48,6967888,2650193507.0,shares,0
2024-12-17,376.51,386.88,376.51,382.92,378.45,6417184,2459331368.56,shares,0
2024-12-18,384.0,397.61,382.91,395.55,382.92,10390415,4088931170.73,shares,0
2024-12-19,391.0,406.25,388.52,399.9,395.55,9694519,3861755941.68,shares,0
2024-12-20,398.0,415.4,396.0,414.2,399.9,11844615,4832382172.81,shares,0
2024-12-23,410.0,412.99,402.0,403.5,414.2,8691221,3532077247.23,shares,0
2024-12-24,403.0,409.97,400.0,408.5,403.5,6461463,2621124739.5,shares,0
2024-12-25,407.34,412.41,405.0,406.2,408.5,4894709,1996587080.95,shares,0
2024-12-26,404.0,408.44,401.84,405.28,406.2,5113647,2070008428.14,shares,0
2024-12-27,404.0,421.7,402.02,412.3,405.28,10205794,4226981317.37,shares,0
2024-12-30,410.03,416.66,404.5,406.97,412.3,5973581,2444889843.55,shares,0
2024-12-31,406.18,406.9,391.0,391.0,406.97,8621539,3412912270.25,shares,0
2025-01-02,391.0,391.39,371.55,376.4,391.0,8024612,3045922503.89,shares,0
2025-01-03,378.0,383.37,372.0,375.1,376.4,6599604,2488917787.05,shares,0
2025-01-06,376.09,383.37,372.5,376.3,375.1,4497146,1694741842.99,shares,0
2025-01-07,378.0,390.8,376.98,390.67,376.3,7228676,2791793252.38,shares,0
2025-01-08,387.0,389.58,377.77,386.27,390.67,5825321,2236047004.22,shares,0
2025-01-09,386.2,389.5,384.5,385.69,386.27,3610112,1396584388.43,shares,0
2025-01-10,385.6,394.54,382.82,383.65,385.69,5051951,1966411298.68,shares,0
2025-01-13,377.95,385.0,377.77,382.46,383.65,3630531,1386841677.45,shares,0
2025-01-14,385.44,393.5,373.11,391.35,382.46,7298226,2820051052.35,shares,0
2025-01-15,388.87,390.83,382.13,382.3,391.35,5257796,2028311339.37,shares,0
2025-01-16,386.8,401.97,386.05,392.35,382.3,8385971,3301351708.13,shares,0
2025-01-17,390.0,399.0,386.65,388.58,392.35,6419971,2512600352.57,shares,0
2025-01-20,390.03,393.98,387.4,388.58,388.58,5012251,1956228288.83,shares,0
2025-01-21,391.01,396.92,387.5,393.61,388.58,5928228,2324652542.32,shares,0
2025-01-22,393.43,394.5,384.27,384.91,393.61,5773362,2236161726.82,shares,0
2025-01-23,389.0,396.79,383.2,385.71,384.91,7257710,2832955555.81,shares,0
2025-01-24,385.15,387.3,379.2,379.41,385.71,8004108,3058725214.97,shares,0
2025-01-27,379.41,380.19,375.33,377.0,379.41,4473916,1689555230.72,shares,0
2025-02-05,383.0,383.99,373.0,378.03,377.0,6410227,2420655503.93,shares,0
2025-02-06,375.5,411.3,375.13,411.3,378.03,16671663,6651754806.21,shares,0
2025-02-07,409.8,412.5,401.6,407.58,411.3,10316293,4201797135.73,shares,0
2025-02-10,409.0,409.0,400.16,405.98,407.58,6371410,2575865758.4,shares,0
2025-02-11,404.0,406.99,398.15,401.68,405.98,5296405,2126877115.5,shares,0
2025-02-12,404.99,416.17,404.64,414.66,401.68,9806052,4036083905.2,shares,0
2025-02-13,413.8,420.63,408.89,409.65,414.66,5959620,2458875358.71,shares,0
2025-02-14,406.05,418.8,402.21,417.9,409.65,7509590,3088859135.13,shares,0
2025-02-17,420.0,428.7,417.66,427.88,417.9,9147298,3882028495.69,shares,0
2025-02-18,434.23,446.65,429.05,432.0,427.88,11778744,5160033722.04,shares,0
2025-02-19,431.98,458.0,430.01,457.0,432.0,10895373,4888295436.19,shares,0
2025-02-20,455.0,461.58,451.39,456.0,457.0,6488387,2957554465.68,shares,0
2025-02-21,455.0,473.33,453.01,465.02,456.0,8275744,3863434071.72,shares,0
2025-02-24,465.0,474.0,460.0,468.0,465.02,6957624,3252629951.25,shares,0
2025-02-25,461.05,465.28,449.3,456.03,468.0,7948137,3627728000.08,shares,0
2025-02-26,460.0,469.63,452.0,464.2,456.03,5986967,2765124167.29,shares,0
2025-02-27,463.0,465.5,454.0,460.42,464.2,4408034,2024992091.89,shares,0
2025-02-28,459.89,463.57,442.88,447.28,460.42,7259275,3288962271.28,shares,0
2025-03-03,446.33,447.09,432.51,435.33,447.28,5173872,2266926733.62,shares,0
2025-03-04,432.0,435.0,425.0,430.51,435.33,5426404,2334992141.89,shares,0
2025-03-05,430.59,440.32,430.05,432.38,430.51,4121723,1789846467.26,shares,0
2025-03-06,445.88,475.62,445.88,462.38,432.38,10245248,4746793163.18,shares,0
2025-03-07,456.85,470.68,456.78,465.0,462.38,5851616,2719685644.04,shares,0
2025-03-10,462.5,468.77,453.43,455.96,465.0,4187864,1917371432.28,shares,0
2025-03-11,457.01,463.63,440.33,444.26,455.96,6176289,2773136966.5,shares,0
2025-03-12,444.26,447.5,437.38,442.8,444.26,4466487,1977641428.37,shares,0
2025-03-13,441.31,443.88,429.59,433.03,442.8,4256726,1852518917.17,shares,0
2025-03-14,433.03,444.44,431.2,439.11,433.03,4619950,2031166204.52,shares,0
2025-03-17,444.44,444.5,435.13,435.9,439.11,3339607,1463735138.67,shares,0
2025-03-18,439.0,443.7,436.29,438.67,435.9,3022126,1330157166.66,shares,0
2025-03-19,436.0,438.23,432.27,434.97,438.67,2531773,1098560866.59,shares,0
2025-03-20,433.99,433.99,428.0,428.96,434.97,3093868,1328213853.87,shares,0
2025-03-21,429.5,431.65,414.15,418.8,428.96,5403777,2272787141.14,shares,0
2025-03-24,418.8,433.84,418.13,429.4,418.8,5483390,2343871760.2,shares,0
2025-03-25,430.5,431.0,426.4,428.88,429.4,2478996,1062845468.38,shares,0
2025-03-26,426.51,433.8,426.18,427.64,428.88,2609170,1122208723.44,shares,0
2025-03-27,426.5,435.54,424.2,430.4,427.64,3237296,1393854576.7,shares,0
2025-03-28,430.49,431.6,412.0,415.9,430.4,7139204,2982515034.46,shares,0
2025-03-31,412.0,418.95,411.08,416.0,415.9,5004497,2076430545.85,shares,0
2025-04-01,417.0,429.66,415.01,429.2,416.0,6306684,2677514765.26,shares,0
2025-04-02,428.98,429.8,420.6,429.2,429.2,3753898,1604366292.26,shares,0
2025-04-03,425.1,448.5,424.83,439.98,429.2,6538796,2884780849.59,shares,0
2025-04-07,434.99,451.5,419.39,432.8,439.98,12731727,5552454855.12,shares,0
2025-04-08,438.0,442.8,423.0,431.01,432.8,9401152,4047186368.85,shares,0
2025-04-09,426.42,466.9,424.08,460.0,431.01,12106336,5489100592.62,shares,0
2025-04-10,460.0,464.51,450.0,451.51,460.0,7146441,3263565320.88,shares,0
2025-04-11,450.0,469.33,446.22,457.5,451.51,7236748,3311139274.18,shares,0
2025-04-14,462.86,462.86,451.81,457.5,457.5,4286028,1955273452.82,shares,0
2025-04-15,453.3,455.0,446.33,452.0,457.5,4143643,1861572037.6,shares,0
2025-04-16,449.5,468.95,449.5,467.99,452.0,6643567,3060748470.79,shares,0
2025-04-17,464.8,466.9,461.6,463.33,467.99,3362058,1561417379.67,shares,0
2025-04-18,461.04,463.32,448.0,453.52,463.33,3883206,1758929754.8,shares,0
2025-04-21,451.75,457.89,450.54,456.38,453.52,2480359,1128627970.37,shares,0
2025-04-22,453.5,471.6,452.18,461.85,456.38,4289953,1987282082.65,shares,0
2025-04-23,461.0,461.85,450.5,455.79,461.85,4202742,1914315897.88,shares,0
2025-04-24,455.0,457.81,452.0,456.18,455.79,2371500,1080028180.61,shares,0
2025-04-25,454.0,456.88,447.5,453.28,456.18,3347499,1513202565.63,shares,0
2025-04-28,454.3,460.6,453.3,454.42,453.28,4048391,1851219215.78,shares,0
2025-04-29,454.0,455.01,448.52,454.42,454.42,2215270,1002328856.82,shares,0
2025-04-30,453.0,453.9,444.91,450.96,454.42,4115240,1848826983.18,shares,0
2025-05-06,454.6,459.96,450.96,457.57,450.96,4054811,1848724493.42,shares,0
2025-05-07,462.0,463.0,448.0,448.3,457.57,4936594,2228681736.39,shares,0
2025-05-08,447.64,450.3,444.88,448.89,448.3,2827357,1266491132.75,shares,0
2025-05-09,446.0,446.0,439.7,440.85,448.89,3908738,1727617781.15,shares,0
2025-05-12,442.92,443.74,435.01,436.68,440.85,3972438,1735382322.67,shares,0
2025-05-13,439.0,441.27,435.0,435.0,436.68,2892090,1264245071.65,shares,0
2025-05-14,435.11,439.5,433.18,436.94,435.0,3403810,1483392395.97,shares,0
2025-05-15,436.8,436.8,428.28,428.9,436.94,2899840,1252632288.71,shares,0
2025-05-16,428.5,433.7,427.01,428.6,428.9,2506145,1078553036.11,shares,0
2025-05-19,428.65,436.32,426.21,435.0,428.6,3906248,1688846556.18,shares,0
2025-05-20,435.0,437.97,431.76,433.66,435.0,2941122,1277456328.62,shares,0
2025-05-21,431.81,432.56,426.26,427.0,433.66,3656855,1567320809.2,shares,0
2025-05-22,428.5,430.0,422.75,422.86,427.0,3092461,1317007935.81,shares,0
2025-05-23,422.86,428.3,422.0,424.86,422.86,3646838,1549954981.5,shares,0
2025-05-26,426.89,437.9,426.38,431.57,424.86,5572989,2412910284.2,shares,0
2025-05-27,431.45,433.66,428.3,429.2,431.57,2561557,1103526828.1,shares,0
2025-05-28,428.02,429.95,417.11,417.34,429.2,4181823,1756690970.35,shares,0
2025-05-29,419.97,425.98,418.71,425.24,417.34,3611680,1526569527.44,shares,0
2025-05-30,423.97,425.78,418.56,418.56,425.24,2465076,1040880326.1,shares,0
2025-06-03,419.99,431.87,419.77,424.77,418.56,2912471,1240448094.71,shares,0
2025-06-04,424.77,427.9,423.51,425.33,424.77,1940975,825830700.79,shares,0
2025-06-05,426.8,431.0,424.58,429.63,425.33,2713833,1160630921.22,shares,0
2025-06-06,430.0,433.88,428.68,430.49,429.63,2301567,992006161.77,shares,0
2025-06-09,429.15,430.3,424.3,429.81,430.49,3387995,1445523857.96,shares,0
2025-06-10,427.0,427.21,417.0,417.0,429.81,4192164,1761279943.95,shares,0
2025-06-11,417.07,421.6,416.2,416.75,417.0,3015871,1260461177.19,shares,0
2025-06-12,415.0,415.5,402.0,404.22,416.75,6930401,2810920170.19,shares,0
2025-06-13,401.19,410.96,401.08,410.56,404.22,5342460,2182250741.42,shares,0
2025-06-16,406.04,414.41,405.58,412.39,410.56,2611091,1075201883.54,shares,0
2025-06-17,412.75,418.68,411.96,415.9,412.39,3117547,1298876229.67,shares,0
2025-06-18,415.9,419.27,413.23,415.98,415.9,2557513,1066189264.58,shares,0
2025-06-19,414.85,432.17,413.13,423.56,415.98,5911921,2520451493.63,shares,0
2025-06-20,420.59,428.0,420.5,426.77,423.56,3366071,1434980333.65,shares,0
2025-06-23,427.99,442.71,426.77,438.57,426.77,6100831,2666860346.79,shares,0
2025-06-24,436.99,440.57,430.37,435.82,438.57,3920289,1702610375.45,shares,0
2025-06-25,435.83,442.3,433.86,441.58,435.82,4226180,1852281731.21,shares,0
2025-06-26,442.0,443.88,437.42,437.91,441.58,3209805,1413259992.55,shares,0
2025-06-27,438.01,439.81,433.44,434.51,437.91,3950610,1724044618.46,shares,0
2025-06-30,433.97,448.5,433.0,442.21,434.51,5376486,2386027918.0,shares,0
2025-07-01,442.6,446.0,440.11,443.3,442.21,2593533,1151139696.82,shares,0
2025-07-02,444.8,444.99,435.33,437.12,443.3,2966192,1300351171.32,shares,0
2025-07-03,325.6,328.99,320.22,328.17,323.01,4067132,1325363604.35,shares,0
2025-07-04,326.99,341.51,326.01,335.15,328.17,7285849,2435754119.33,shares,0
2025-07-07,337.3,337.98,331.8,332.68,335.15,3739294,1251226364.45,shares,0
2025-07-08,334.1,334.83,330.02,333.97,332.68,3876050,1290041124.29,shares,0
2025-07-09,333.0,340.5,331.0,331.15,333.97,4388987,1467527245.99,shares,0
2025-07-10,330.99,332.0,324.0,329.83,331.15,4589539,1503491144.08,shares,0
2025-07-11,330.0,332.26,327.6,330.83,329.83,3733391,1233345451.03,shares,0
2025-07-14,330.0,330.45,323.8,324.19,330.83,3876118,1262181589.28,shares,0
2025-07-15,324.02,327.27,322.04,323.32,324.19,4122601,1336035967.3,shares,0
2025-07-16,322.5,325.36,320.6,320.86,323.32,3595399,1158400392.71,shares,0
2025-07-17,320.0,321.0,314.33,318.6,320.86,6291412,1994848540.52,shares,0
2025-07-18,320.0,330.33,320.0,325.19,318.6,8116601,2640128073.84,shares,0
2025-07-21,324.8,324.8,318.0,320.05,325.19,5991448,1916211403.6,shares,0
2025-07-22,318.71,322.29,315.5,322.14,320.05,7105229,2264875031.98,shares,0
2025-07-23,322.37,334.55,319.8,331.5,322.14,11913134,3925520265.78,shares,0
2025-07-24,331.44,339.08,330.5,338.65,331.5,7208560,2427450272.15,shares,0
2025-07-25,338.0,341.96,333.6,341.96,338.65,6236650,2104629927.47,shares,0
2025-07-28,341.96,344.36,337.18,343.65,341.96,5596520,1915727512.71,shares,0
2025-07-29,341.96,345.36,335.0,344.79,343.65,7315996,2504453915.78,shares,0
2025-07-30,343.99,355.6,342.16,349.2,344.79,8562739,2995457526.6,shares,0
2025-07-31,349.19,350.0,334.16,335.2,349.2,9343768,3174856343.31,shares,0
2025-08-01,334.0,335.88,327.2,329.8,335.2,5544362,1834605664.13,shares,0
2025-08-04,328.11,331.88,325.81,328.26,329.8,4633181,1520892066.12,shares,0
2025-08-05,329.24,331.7,325.5,328.5,328.26,4929485,1620486784.74,shares,0
2025-08-06,328.85,332.0,326.3,331.58,328.5,4932924,1622348260.18,shares,0
2025-08-07,333.0,335.92,329.18,332.87,331.58,5711570,1901302494.43,shares,0
2025-08-08,332.0,333.95,328.75,329.09,332.87,3630824,1200523376.81,shares,0
2025-08-11,328.0,329.44,326.0,326.7,329.09,4722422,1546101254.38,shares,0
2025-08-12,327.0,334.41,325.99,332.25,326.7,7073157,2340166574.88,shares,0
2025-08-13,333.18,334.16,329.16,331.31,332.25,5826005,1929394333.71,shares,0
2025-08-14,332.36,349.5,332.36,341.66,331.31,12831505,4399512083.29,shares,0
2025-08-15,341.0,343.69,334.89,342.03,341.66,7440956,2527229220.79,shares,0
2025-08-18,343.67,349.5,339.39,347.22,342.03,8737856,3016123968.75,shares,0
2025-08-19,346.9,346.9,339.7,339.96,347.22,6780983,2321505357.19,shares,0
2025-08-20,337.72,351.86,335.16,350.49,339.96,9368012,3217084493.76,shares,0
2025-08-21,350.49,368.0,348.5,360.98,350.49,15887225,5722309188.43,shares,0
2025-08-22,360.8,389.03,360.62,383.4,360.98,18899413,7166056651.54,shares,0
2025-08-25,394.28,402.57,374.79,380.08,383.4,19566268,7528268363.19,shares,0
2025-08-26,378.0,388.48,373.12,383.0,380.08,11687582,4453880073.73,shares,0
2025-08-27,380.0,389.11,373.12,373.5,383.0,14567860,5576008346.22,shares,0
2025-08-28,372.5,398.22,372.01,396.93,373.5,17921984,6917787835.63,shares,0
2025-08-29,380.0,381.59,362.0,372.5,396.93,24198561,8973457003.68,shares,0
2025-09-01,377.0,380.24,367.1,377.84,372.5,15627095,5851831762.86,shares,0
2025-09-02,377.0,387.86,372.0,378.51,377.84,16775193,6387709150.21,shares,0
2025-09-03,378.51,378.96,369.46,373.43,378.51,9569487,3579813417.0,shares,0
2025-09-04,371.0,371.7,345.0,350.95,373.43,14436389,5148558943.79,shares,0
2025-09-05,350.95,358.8,346.0,357.28,350.95,9806120,3445576657.19,shares,0
2025-09-08,355.0,371.0,353.02,370.4,357.28,11025264,4006504304.42,shares,0
2025-09-09,368.8,371.8,358.08,363.69,370.4,8882510,3234164665.21,shares,0
2025-09-10,363.79,370.26,363.79,368.2,363.69,7834225,2883617469.62,shares,0
2025-09-11,366.1,381.6,364.8,377.44,368.2,11626855,4356039495.67,shares,0
2025-09-12,377.45,383.5,375.28,377.04,377.44,7686319,2913922991.08,shares,0
2025-09-15,382.41,383.04,376.01,380.0,377.04,7117179,2702886089.29,shares,0
2025-09-16,378.08,382.96,376.38,377.86,380.0,7600639,2883481467.21,shares,0
2025-09-17,374.0,395.0,369.55,389.39,377.86,12825964,4936736951.63,shares,0
2025-09-18,391.78,427.9,389.91,407.7,389.39,18101808,7400832443.27,shares,0
2025-09-19,408.2,413.02,400.99,402.0,407.7,10237715,4148206721.53,shares,0
2025-09-22,401.54,418.8,398.25,412.7,402.0,10331046,4230370235.02,shares,0
2025-09-23,417.67,422.05,405.0,418.8,412.7,9939363,4102849098.24,shares,0
2025-09-24,422.0,460.68,419.79,460.68,418.8,18705396,8298813538.08,shares,0
2025-09-25,469.33,469.33,442.02,453.65,460.68,17473446,7924529592.44,shares,0
2025-09-26,451.0,462.0,448.4,452.8,453.65,10947510,4986231607.72,shares,0
2025-09-29,450.8,459.0,439.05,459.0,452.8,12663183,5691643317.13,shares,0
2025-09-30,457.96,463.39,450.0,452.36,459.0,12145404,5547344069.19,shares,0
2025-10-09,457.0,473.66,452.81,458.05,452.36,17038770,7896071555.12,shares,0
2025-10-10,449.97,454.44,432.0,437.9,458.05,14386195,6378588880.54,shares,0
2025-10-13,424.0,442.72,422.01,435.8,437.9,10047385,4370946370.07,shares,0
2025-10-14,441.15,442.72,398.0,402.0,435.8,16122071,6694611632.24,shares,0
2025-10-15,405.5,413.55,395.54,412.38,402.0,10855984,4401461163.04,shares,0
2025-10-16,412.0,418.78,407.34,410.69,412.38,6713530,2769361327.39,shares,0
2025-10-17,408.0,409.8,398.08,399.43,410.69,7235780,2912106841.09,shares,0
2025-10-20,406.0,411.0,398.23,400.16,399.43,7746022,3129711487.14,shares,0
2025-10-21,402.72,410.93,401.2,408.49,400.16,7539897,3070526730.75,shares,0
2025-10-22,405.0,407.68,400.0,404.39,408.49,5761278,2323529326.58,shares,0
2025-10-23,401.28,404.88,396.52,403.58,404.39,4754218,1901674773.91,shares,0
2025-10-24,406.02,417.6,406.0,414.8,403.58,8956096,3698285802.68,shares,0
2025-10-27,422.3,433.47,418.63,429.1,414.8,11234509,4785159727.82,shares,0
2025-10-28,427.0,432.97,423.52,426.0,429.1,7291079,3124556588.51,shares,0
2025-10-29,425.98,427.25,418.05,423.62,426.0,6498635,2741001165.43,shares,0
2025-10-30,423.0,423.62,415.0,415.5,423.62,7301277,3053149211.17,shares,0
2025-10-31,415.6,420.23,404.0,407.05,415.5,7511396,3074611950.5,shares,0
2025-11-03,406.2,407.0,390.03,401.0,407.05,8342846,3311247295.48,shares,0
2025-11-04,401.0,410.46,397.8,405.43,401.0,7790481,3161194009.97,shares,0
2025-11-05,397.0,404.89,394.0,396.83,405.43,5477177,2174887196.69,shares,0
2025-11-06,399.0,413.57,399.0,411.0,396.83,7733088,3153474537.87,shares,0
2025-11-07,407.6,420.0,406.7,413.75,411.0,7452835,3088394963.69,shares,0
2025-11-10,413.75,427.0,410.64,415.69,413.75,9199144,3850854820.81,shares,0
2025-11-11,417.6,424.47,414.55,415.5,415.69,6690256,2796597615.68,shares,0
2025-11-12,412.06,420.0,406.52,413.15,415.5,6277138,2599972491.82,shares,0
2025-11-13,413.29,418.54,407.29,413.67,413.15,5318775,2187295605.78,shares,0
2025-11-14,409.0,413.26,403.67,407.5,413.67,4845278,1981111494.36,shares,0
2025-11-17,406.94,415.0,400.66,400.68,407.5,5693070,2310801437.18,shares,0
2025-11-18,399.9,435.0,398.6,423.4,400.68,15445202,6525482351.26,shares,0
2025-11-19,422.0,427.9,418.0,419.29,423.4,5630471,2375844101.07,shares,0
2025-11-20,424.0,425.0,404.18,405.0,419.29,7313587,2991979621.39,shares,0
2025-11-21,395.26,400.92,386.62,386.86,405.0,9881130,3882186364.84,shares,0
2025-11-24,389.85,423.0,389.85,416.24,386.86,15576292,6329570543.39,shares,0
2025-11-25,422.0,424.29,415.2,418.0,416.24,6160456,2580178403.22,shares,0
2025-11-26,420.01,426.29,415.38,421.71,418.0,5803919,2452043766.08,shares,0
2025-11-27,422.88,432.88,418.88,422.0,421.71,6414606,2732297241.23,shares,0
2025-11-28,418.99,434.5,417.0,427.9,422.0,7729096,3310104783.07,shares,0
2025-12-01,427.92,447.0,423.4,446.46,427.9,8487918,3706256201.55,shares,0
2025-12-02,442.58,444.98,430.0,433.28,446.46,6522444,2843819437.13,shares,0
2025-12-03,432.09,441.6,432.01,433.85,433.28,4033749,1757323939.17,shares,0
2025-12-04,428.67,456.2,424.93,449.79,433.85,7998882,3550218705.78,shares,0
2025-12-05,445.99,455.7,445.98,450.5,449.79,6150632,2770672048.4,shares,0
2025-12-08,450.1,467.56,443.86,463.0,450.5,8275217,3782846797.79,shares,0
2025-12-09,461.0,466.0,453.35,457.46,463.0,6163766,2833064388.45,shares,0
2025-12-10,456.86,459.99,449.63,458.53,457.46,4788973,2180510924.56,shares,0
2025-12-11,459.53,460.9,452.16,453.1,458.53,5348544,2445712728.39,shares,0
2025-12-12,454.1,462.67,441.72,455.1,453.1,7989815,3616340023.44,shares,0
2025-12-15,460.78,468.0,447.39,449.0,455.1,8321967,3801040046.26,shares,0
2025-12-16,445.0,449.97,438.38,442.88,449.0,5358669,2373964297.14,shares,0
2025-12-17,441.71,448.63,436.88,444.74,442.88,6097013,2698003801.34,shares,0
2025-12-18,441.0,447.62,438.07,443.1,444.74,4192148,1856899919.83,shares,0
2025-12-19,446.0,458.7,445.37,448.36,443.1,5148986,2325618972.46,shares,0
2025-12-22,449.05,468.5,449.01,465.3,448.36,7040880,3263824935.9,shares,0
2025-12-23,466.0,488.87,464.0,481.42,465.3,8825482,4255347385.64,shares,0
2025-12-24,481.0,485.01,477.0,481.1,481.42,5024766,2416545166.02,shares,0
2025-12-25,480.0,482.98,470.2,473.2,481.1,4461442,2117177367.17,shares,0
2025-12-26,472.1,473.15,456.39,459.01,473.2,8113725,3745765256.05,shares,0
2025-12-29,460.38,462.58,450.01,452.8,459.01,8659219,3926760543.77,shares,0
2025-12-30,453.25,471.93,453.25,459.0,452.8,10155888,4696510395.52,shares,0
2025-12-31,470.15,472.94,453.34,459.08,459.0,8546237,3950405005.54,shares,0
2026-01-05,468.0,475.0,462.01,474.51,459.08,11292177,5319769982.27,shares,0
2026-01-06,474.51,508.99,473.5,485.97,474.51,15547376,7644239550.75,shares,0
2026-01-07,493.0,523.97,493.0,515.42,485.97,17675771,9062140592.26,shares,0
2026-01-08,515.42,522.0,504.53,506.67,515.42,9712937,4957720982.11,shares,0
2026-01-09,503.0,511.08,491.0,497.5,506.67,10832269,5401690886.75,shares,0
2026-01-12,498.03,511.7,498.03,501.85,497.5,11178355,5639229615.39,shares,0
2026-01-13,500.0,512.53,489.1,490.2,501.85,9396438,4685010314.24,shares,0
2026-01-14,491.0,504.28,487.0,493.3,490.2,9830587,4867733768.26,shares,0
2026-01-15,490.02,508.98,482.5,506.73,493.3,12493693,6176506637.45,shares,0
2026-01-16,513.0,534.0,511.31,523.88,506.73,14311622,7502983112.07,shares,0
2026-01-19,529.9,533.0,521.0,523.87,523.88,8184248,4310081217.26,shares,0
2026-01-20,521.0,531.22,511.05,514.2,523.87,7165317,3716117415.52,shares,0
2026-01-21,512.99,528.8,507.68,509.69,514.2,11171169,5743007930.61,shares,0
2026-01-22,515.5,517.09,498.0,500.56,509.69,9427974,4749427405.61,shares,0
2026-01-23,502.0,510.88,495.0,510.37,500.56,9267344,4662373195.7,shares,0
2026-01-26,508.1,508.1,489.0,496.22,510.37,9035154,4491201620.14,shares,0
2026-01-27,494.04,507.88,493.11,497.68,496.22,7691748,3854776904.9,shares,0
2026-01-28,502.39,507.77,492.0,502.0,497.68,11882339,5937796274.22,shares,0
2026-01-29,496.98,499.0,475.0,475.37,502.0,13807964,6653520106.9,shares,0
2026-01-30,472.42,479.98,466.03,475.23,475.37,8792440,4177203558.8,shares,0
2026-02-02,471.66,473.0,461.01,461.63,475.23,9549426,4440629428.35,shares,0
2026-02-03,466.5,476.19,462.23,472.99,461.63,9608746,4493199060.73,shares,0
2026-02-04,468.03,476.0,464.5,470.6,472.99,6065710,2851083496.85,shares,0
2026-02-05,463.0,472.5,455.49,470.12,470.6,7707065,3566880623.51,shares,0
2026-02-06,467.99,479.99,465.0,472.23,470.12,8336437,3950399259.41,shares,0
2026-02-09,479.09,488.76,476.0,484.0,472.23,6953414,3360691566.38,shares,0
2026-02-10,487.95,487.95,480.3,482.9,484.0,4462013,2155197316.8,shares,0
2026-02-11,478.8,481.0,471.0,475.0,482.9,4454099,2115590183.28,shares,0
2026-02-12,477.53,478.0,471.39,475.05,475.0,5114860,2426322123.28,shares,0
2026-02-13,479.79,496.65,475.18,486.12,475.05,11062307,5412244735.93,shares,0
2026-02-24,491.8,494.0,476.03,487.33,486.12,6782773,3294753841.97,shares,0
2026-02-25,488.47,499.68,480.77,496.0,487.33,7889155,3883655146.45,shares,0
2026-02-26,496.0,498.63,483.3,488.88,496.0,6789042,3313328018.57,shares,0
2026-02-27,481.12,482.0,466.0,471.88,488.88,8890423,4187505126.6,shares,0
2026-03-02,464.56,471.31,460.03,465.8,471.88,8285971,3850820274.08,shares,0
2026-03-03,465.99,469.77,446.08,446.16,465.8,7893303,3596900498.12,shares,0
2026-03-04,443.22,455.85,443.0,448.8,446.16,6347014,2854673206.13,shares,0
2026-03-05,456.8,472.26,454.97,466.28,448.8,7981772,3707634148.72,shares,0
2026-03-06,463.49,471.36,460.88,465.38,466.28,4544288,2122639076.71,shares,0
2026-03-09,448.0,453.55,435.5,452.64,465.38,9509381,4213740206.0,shares,0
2026-03-10,459.0,460.6,452.56,457.0,452.64,5438901,2488145313.58,shares,0
2026-03-11,456.93,462.68,450.06,461.99,457.0,6793463,3093329231.25,shares,0
2026-03-12,457.0,462.0,450.84,457.99,461.99,6747761,3074791531.76,shares,0
2026-03-13,450.0,464.7,449.1,457.88,457.99,6446872,2966622310.2,shares,0
2026-03-16,455.55,457.8,442.03,454.71,457.88,7365464,3305741077.97,shares,0
2026-03-17,456.01,464.36,449.0,450.0,454.71,5399565,2468580509.71,shares,0
2026-03-18,453.7,464.0,451.5,462.45,450.0,6599782,3026579754.21,shares,0
2026-03-19,457.59,465.19,454.01,461.63,462.45,5104343,2352971888.44,shares,0
2026-03-20,461.48,474.02,458.5,468.72,461.63,8138508,3819509328.02,shares,0
2026-03-23,461.5,462.0,443.0,444.39,468.72,7736931,3490316139.23,shares,0
2026-03-24,449.59,453.45,437.79,444.0,444.39,4730933,2106050782.4,shares,0
2026-03-25,449.9,467.6,448.39,464.2,444.0,8733651,4041525503.81,shares,0
2026-03-26,459.56,461.6,445.7,446.11,464.2,6101129,2762834601.22,shares,0
2026-03-27,439.5,457.97,434.5,452.98,446.11,5805381,2599078395.89,shares,0
2026-03-30,444.11,470.01,442.12,468.84,452.98,8080625,3706791311.63,shares,0
2026-03-31,464.9,466.99,447.0,447.0,468.84,6956601,3161360380.47,shares,0
2026-04-01,455.2,461.24,450.02,450.53,447.0,6335503,2890025430.03,shares,0
2026-04-02,450.59,451.8,435.22,438.0,450.53,7491523,3301989550.13,shares,0
2026-04-03,439.1,440.6,424.06,426.45,438.0,6688506,2875203482.75,shares,0
2026-04-07,425.06,431.0,422.25,424.08,426.45,4582385,1950908380.02,shares,0
2026-04-08,437.0,465.97,437.0,463.98,424.08,14194804,6447293264.85,shares,0
2026-04-09,461.0,478.0,458.01,472.84,463.98,9302856,4380051603.86,shares,0
2026-04-10,475.0,484.41,475.0,476.89,472.84,7758320,3723635012.56,shares,0
2026-04-13,475.9,480.5,467.2,472.5,476.89,6508971,3084163128.58,shares,0
2026-04-14,478.0,492.0,476.11,481.6,472.5,7411360,3586896149.53,shares,0
2026-04-15,483.06,485.0,473.99,475.0,481.6,6395140,3065523284.7,shares,0
2026-04-16,475.0,477.88,467.64,473.56,475.0,6324788,2981816294.76,shares,0
2026-04-17,470.0,476.5,464.8,469.91,473.56,9546522,4481463210.66,shares,0
2026-04-20,447.0,476.13,445.0,471.23,469.91,18683743,8616839068.34,shares,0
2026-04-21,471.96,472.0,446.71,450.36,471.23,16005608,7231305511.2,shares,0
2026-04-22,449.0,478.0,448.0,477.95,450.36,17438281,8193670757.78,shares,0
2026-04-23,478.0,484.95,470.58,475.0,477.95,9735285,4647452972.12,shares,0
2026-04-24,475.03,485.22,463.8,472.7,475.0,12979344,6164129851.71,shares,0
2026-04-27,481.2,519.9,475.96,516.25,472.7,20432930,10278053348.98,shares,0
2026-04-28,511.54,537.25,504.0,517.21,516.25,13825357,7207868963.68,shares,0
2026-04-29,510.22,517.22,502.2,510.71,517.21,9302570,4737543676.01,shares,0
2026-04-30,519.18,541.16,507.09,536.99,510.71,16592589,8805165447.81,shares,0
2026-05-06,555.0,567.0,545.0,545.35,536.99,16027771,8898490130.65,shares,0
2026-05-07,555.0,556.71,535.0,552.14,545.35,9722165,5339398130.96,shares,0
2026-05-08,543.0,554.8,537.2,540.79,552.14,8245728,4475463103.86,shares,0
2026-05-11,549.98,585.0,548.0,573.19,540.79,14462965,8226442870.47,shares,0
2026-05-12,573.19,584.0,564.0,581.45,573.19,11213595,6433742980.46,shares,0
2026-05-13,570.99,588.0,550.5,581.0,581.45,13838768,7878763219.16,shares,0
2026-05-14,581.0,592.66,563.43,564.4,581.0,10270703,5897833137.07,shares,0
2026-05-15,569.8,620.84,555.0,592.0,564.4,23299494,13839689388.25,shares,0
2026-05-18,601.0,623.27,592.76,597.97,592.0,17523510,10601040073.13,shares,0
2026-05-19,590.0,627.17,581.5,619.7,597.97,14459460,8822267527.75,shares,0
2026-05-20,618.0,660.0,614.0,656.0,619.7,16405948,10520821530.03,shares,0
2026-05-21,656.8,721.6,656.7,662.99,656.0,23161869,15989585023.43,shares,0
2026-05-22,663.03,673.0,637.0,669.0,662.99,19856264,12983362651.06,shares,0
2026-05-25,650.13,719.05,626.11,698.19,669.0,20412185,13734699753.1,shares,0
2026-05-26,690.0,701.0,656.66,670.25,698.19,14854783,9987761068.18,shares,0
2026-05-27,675.0,692.0,650.6,654.77,670.25,13867015,9316824886.55,shares,0
2026-05-28,650.0,668.67,646.88,659.0,654.77,11259961,7404040631.89,shares,0
2026-05-29,656.12,659.0,623.78,629.87,659.0,14746088,9395846449.79,shares,0
2026-06-01,624.99,629.8,588.92,589.89,629.87,15100000,9081578562.33,shares,0
2026-06-02,586.1,615.79,584.19,602.8,589.89,12630618,7607842356.73,shares,0
2026-06-03,602.81,633.66,594.0,614.84,602.8,14416128,8857781075.15,shares,0
2026-06-04,610.14,637.85,606.0,627.0,614.84,12062030,7582080351.99,shares,0
2026-06-05,615.0,619.59,600.0,603.36,627.0,8084336,4927541316.31,shares,0
2026-06-08,570.04,598.8,568.22,585.74,603.36,9785902,5746335589.32,shares,0
2026-06-09,601.02,619.8,594.59,617.1,585.74,10200570,6210398732.26,shares,0
2026-06-10,615.0,641.01,610.0,619.2,617.1,10691287,6682089136.88,shares,0
2026-06-11,624.85,648.0,620.0,637.5,619.2,11366681,7233711953.38,shares,0
2026-06-12,666.19,680.99,655.18,667.19,637.5,15348001,10273824816.66,shares,0
2026-06-15,669.8,687.66,640.0,682.22,667.19,12564025,8419209358.38,shares,0
2026-06-16,680.0,681.9,660.36,672.19,682.22,8676840,5816489199.76,shares,0
2026-06-17,660.39,705.0,657.0,704.22,672.19,11347940,7737166593.57,shares,0
2026-06-18,704.98,733.88,703.7,721.04,704.22,10461144,7528527762.34,shares,0
2026-06-22,739.98,758.0,723.47,745.0,721.04,10752660,7964031580.49,shares,0
2026-06-23,748.72,762.0,721.0,747.49,745.0,9968569,7407390870.71,shares,0
2026-06-24,727.07,774.5,727.0,770.07,747.49,13108782,9923151131.44,shares,0
2026-06-25,778.0,810.0,775.0,798.0,770.07,11883996,9454404907.2,shares,0
2026-06-26,795.0,828.0,782.17,813.37,798.0,12403065,10009100572.63,shares,0
2026-06-29,814.03,875.86,805.88,860.19,813.37,15033537,12540214665.28,shares,0
2026-06-30,890.0,905.56,873.53,884.56,860.19,12768745,11335700671.63,shares,0
2026-07-01,884.56,968.0,884.56,935.36,884.56,14611680,13601836978.9,shares,0
2026-07-02,870.0,884.0,841.82,841.82,935.36,12121011,10345919578.72,shares,0
2026-07-03,799.01,846.38,775.0,816.0,841.06,16585395,13458518699.28,shares,0
2026-07-06,832.31,834.8,767.97,803.6,816.0,15242691,12192666512.04,shares,0
2026-07-07,794.23,835.01,778.69,806.39,803.6,13091777,10562009151.62,shares,0
2026-07-08,806.39,830.02,768.0,802.32,806.39,14807528,11840891128.66,shares,0
2026-07-09,817.42,880.98,815.0,878.43,802.32,15861474,13339467905.2,shares,0
2026-07-10,886.46,905.0,800.99,801.0,878.43,19385845,16711117543.24,shares,0
2026-07-13,795.61,813.7,755.0,764.3,801.0,16314186,12784581134.16,shares,0
2026-07-14,763.0,782.5,728.01,774.2,764.3,16704392,12739965364.65,shares,0
2026-07-15,789.0,793.0,736.5,742.66,774.2,12265898,9271597459.65,shares,0
2026-07-16,732.96,745.65,693.7,702.76,742.66,13509339,9684632548.17,shares,0
2026-07-17,693.3,707.78,660.01,677.0,702.76,16618562,11379353080.14,shares,0
2026-07-20,704.0,716.66,659.1,676.91,677.0,17483200,12040705471.24,shares,0
2026-07-21,699.0,744.6,678.43,744.6,676.91,14837581,10585799783.52,shares,0
2026-07-22,788.0,809.0,751.0,764.0,744.6,22327096,17502385645.17,shares,0
2026-07-23,764.77,769.0,723.0,740.0,764.0,13640544,10139412552.06,shares,0
2026-07-24,720.01,778.8,716.0,757.0,740.0,15862082,12020960458.02,shares,0
2026-07-27,740.3,778.0,723.14,770.0,757.0,14235615,10748228045.84,shares,0
2026-07-28,745.2,771.99,710.01,715.0,770.0,13086042,9715725049.65,shares,0
2026-07-29,715.58,727.36,664.02,706.39,715.0,15794280,10929790464.46,shares,0
2026-07-30,688.08,711.73,643.5,668.07,706.39,16329609,11114290064.24,shares,0
2026-07-31,728.0,728.0,686.35,687.0,668.07,13874349,9817168903.03,shares,0
2026-08-03,685.0,689.55,636.45,641.3,687.0,13141166,8583955270.5,shares,0
2026-08-04,640.0,698.0,632.01,687.0,641.3,14500593,9652350613.82,shares,0
2026-08-05,695.0,745.1,679.0,734.2,687.0,13771887,9945944277.17,shares,0
2026-08-06,717.5,764.68,709.0,742.5,734.2,10759015,7971136881.69,shares,0
2026-08-07,740.5,762.43,736.92,751.99,742.5,8535999,6401701514.4,shares,0
2026-08-10,752.04,778.0,744.66,760.0,751.99,8728585,6625323318.35,shares,0
2026-08-11,753.03,767.74,742.55,746.1,760.0,6720916,5063292167.5,shares,0
2026-08-12,752.0,767.99,746.95,760.0,746.1,6496235,4933279966.33,shares,0
2026-08-13,768.37,773.4,738.0,738.6,760.0,8214196,6226337477.72,shares,0
2026-08-14,743.84,746.6,728.0,738.66,738.6,6721005,4951556900.53,shares,0
2026-08-17,738.5,766.32,732.23,765.97,738.66,7845188,5923508077.27,shares,0
2026-08-18,770.0,785.9,757.25,777.0,765.97,8166634,6312195098.18,shares,0
2026-08-19,753.88,757.0,708.11,712.95,777.0,10891933,7961986718.61,shares,0
2026-08-20,726.01,739.15,704.25,712.55,712.95,7937310,5736552582.61,shares,0
2026-08-21,712.0,725.68,709.0,714.43,712.55,5798436,4154125728.05,shares,0
2026-08-24,714.0,725.8,695.87,707.9,714.43,7778740,5527092656.59,shares,0
2026-08-25,707.5,707.5,676.66,700.4,707.9,7521665,5211216972.47,shares,0
2026-08-26,671.3,717.88,669.01,700.7,700.4,9796253,6824428489.53,shares,0
2026-08-27,700.8,720.0,693.7,718.0,700.7,6155403,4375977975.22,shares,0
2026-08-28,717.0,724.51,697.0,697.51,718.0,5646311,4000825250.03,shares,0
2026-08-31,683.56,699.79,672.18,699.79,697.51,6729010,4613699591.42,shares,0
2026-09-01,692.0,698.0,664.44,667.7,699.79,7544845,5074661510.94,shares,0
2026-09-02,660.0,671.53,650.2,667.0,667.7,5902998,3896696271.04,shares,0
2026-09-03,669.9,672.99,649.01,655.84,667.0,5564076,3656788831.16,shares,0
2026-09-04,665.0,666.98,633.27,638.17,655.84,6765877,4389924031.4,shares,0
2026-09-07,652.21,667.86,652.02,660.65,638.17,8058141,5314211739.99,shares,0
2026-09-08,660.6,664.13,643.9,647.87,660.65,5810758,3793925216.51,shares,0
2026-09-09,655.0,655.6,641.99,646.4,647.87,3801465,2456899585.74,shares,0
2026-09-10,645.88,647.5,635.87,638.64,646.4,3894258,2495550164.68,shares,0
2026-09-11,628.08,636.83,613.84,634.0,638.64,6618130,4146423984.14,shares,0
2026-09-14,630.0,633.01,620.01,626.0,634.0,4281145,2682289331.33,shares,0
2026-09-15,623.26,654.0,622.5,638.16,626.0,6691526,4277067682.59,shares,0
2026-09-16,638.2,673.33,635.01,662.89,638.16,9836425,6463950936.49,shares,0
2026-09-17,662.0,677.7,656.0,665.5,662.89,7363781,4915100531.85,shares,0
2026-09-18,674.0,694.4,665.29,686.51,665.5,9737477,6630755824.9,shares,0
2026-09-21,688.0,691.0,670.0,676.61,686.51,5922398,4026658600.91,shares,0
2026-09-22,689.61,690.0,671.0,672.92,676.61,4756304,3244317116.24,shares,0
2026-09-23,675.01,677.0,666.12,668.15,672.92,3663621,2455113729.67,shares,0
2026-09-24,663.16,665.88,653.06,653.06,668.15,4006147,2639809529.96,shares,0
