date,open,high,low,close,preclose,volume,amount,volume_unit,special_treatment
2015-02-17,25.69,30.83,25.69,30.83,21.41,11200,343497.0,shares,0
2015-02-25,33.91,33.91,33.91,33.91,30.83,4300,145813.0,shares,0
2015-02-26,37.3,37.3,37.3,37.3,33.91,2800,104440.0,shares,0
2015-02-27,41.03,41.03,41.03,41.03,37.3,5600,229768.0,shares,0
2015-03-02,45.13,45.13,45.13,45.13,41.03,21500,970295.0,shares,0
2015-03-03,49.64,49.64,49.64,49.64,45.13,173549,8614972.0,shares,0
2015-03-04,54.6,54.6,53.15,54.6,49.64,2628662,143459377.0,shares,0
2015-03-05,58.01,60.06,56.58,60.06,54.6,2247258,132430112.0,shares,0
2015-03-06,66.07,66.07,61.15,62.23,60.06,9185096,590685456.0,shares,0
2015-03-09,56.1,58.56,56.01,56.9,62.23,5544989,316589152.0,shares,0
2015-03-10,55.98,58.85,55.01,57.55,56.9,3738355,213889389.0,shares,0
2015-03-11,56.9,58.37,56.01,56.92,57.55,3283951,187483984.0,shares,0
2015-03-12,57.0,57.79,53.73,53.98,56.92,3325975,183512998.0,shares,0
2015-03-13,54.19,56.48,54.11,56.07,53.98,2120286,117583297.0,shares,0
2015-03-16,57.19,59.6,56.5,58.18,56.07,2820736,164037315.0,shares,0
2015-03-17,58.01,59.47,57.5,58.2,58.18,3192638,186966453.0,shares,0
2015-03-18,57.9,61.2,57.65,60.28,58.2,3133624,188436768.0,shares,0
2015-03-19,60.35,61.74,59.55,61.21,60.28,2427450,147070083.0,shares,0
2015-03-20,60.8,62.5,60.21,61.02,61.21,2389102,146475678.0,shares,0
2015-03-23,61.29,61.69,60.31,61.38,61.02,2236509,136504494.0,shares,0
2015-03-24,61.6,65.94,61.1,64.2,61.38,3377311,214054763.0,shares,0
2015-03-25,64.0,70.62,62.7,70.62,64.2,3358572,223036270.0,shares,0
2015-03-26,70.6,70.6,63.66,65.02,70.62,3603327,240880542.0,shares,0
2015-03-27,64.05,66.0,63.15,65.1,65.02,1455308,94287582.0,shares,0
2015-03-30,64.3,65.3,60.13,61.99,65.1,1961025,123149138.0,shares,0
2015-03-31,61.99,63.28,61.05,62.2,61.99,1125205,70184754.0,shares,0
2015-04-01,62.26,63.49,61.9,63.43,62.2,1232930,77550064.0,shares,0
2015-04-02,63.64,65.85,63.64,65.04,63.43,1607211,104294625.0,shares,0
2015-04-03,64.25,65.48,63.68,65.4,65.04,2296541,148405235.0,shares,0
2015-04-07,65.6,68.72,65.6,68.14,65.4,2163389,145231612.0,shares,0
2015-04-08,68.0,68.3,63.0,65.5,68.14,2455425,161206085.0,shares,0
2015-04-09,64.98,68.5,62.88,68.24,65.5,2435693,159557755.0,shares,0
2015-04-10,68.0,72.25,66.83,70.0,68.24,2647010,186326725.0,shares,0
2015-04-13,69.0,75.58,69.0,72.99,70.0,2110237,152339166.0,shares,0
2015-04-14,72.0,74.37,70.2,71.38,72.99,1850058,134131238.0,shares,0
2015-04-15,71.0,71.0,66.0,66.98,71.38,1715260,117284505.0,shares,0
2015-04-16,66.98,70.47,66.38,68.55,66.98,1282311,88436573.0,shares,0
2015-04-17,68.61,69.45,66.63,67.0,68.55,1424313,96514475.0,shares,0
2015-04-20,67.03,68.29,64.37,64.87,67.0,1598675,106241950.0,shares,0
2015-04-21,65.01,68.49,64.99,68.4,64.87,1345195,90384759.0,shares,0
2015-04-22,68.58,70.13,68.4,69.25,68.4,1605010,111353333.0,shares,0
2015-04-23,70.31,70.38,68.0,68.66,69.25,1243871,85892277.0,shares,0
2015-04-24,67.02,68.48,66.09,68.24,68.66,1534942,103373948.0,shares,0
2015-04-27,71.0,74.47,70.48,71.1,68.24,2135656,153276030.0,shares,0
2015-04-28,70.11,76.7,70.11,74.5,71.1,3439389,253777456.0,shares,0
2015-04-29,72.99,81.8,71.76,79.92,74.5,3324412,254079353.0,shares,0
2015-04-30,79.0,82.66,78.1,78.3,79.92,3008910,241257711.0,shares,0
2015-05-04,77.03,77.97,73.0,76.49,78.3,1882846,143219882.0,shares,0
2015-05-05,75.55,77.55,73.45,75.28,76.49,1699423,128302881.0,shares,0
2015-05-06,76.0,81.0,75.26,76.2,75.28,1815275,141600881.0,shares,0
2015-05-07,75.2,75.2,72.18,73.0,76.2,1473265,108338249.0,shares,0
2015-05-08,74.2,79.7,74.19,79.27,73.0,2398904,184146308.0,shares,0
2015-05-11,79.7,84.7,79.3,83.89,79.27,2663201,220001069.0,shares,0
2015-05-12,85.0,85.28,80.91,83.85,83.89,2649363,220076321.0,shares,0
2015-05-13,81.5,88.88,80.98,85.5,83.85,2884627,243032189.0,shares,0
2015-05-14,86.9,94.05,86.48,94.05,85.5,1366682,125882126.0,shares,0
2015-05-15,99.0,100.0,91.35,94.4,94.05,2990932,287331888.0,shares,0
2015-05-18,94.88,103.84,94.88,103.84,94.4,2632541,264943246.0,shares,0
2015-05-19,104.79,104.79,97.0,101.0,103.84,2356830,236799258.0,shares,0
2015-05-20,100.0,105.6,97.48,98.27,101.0,2348490,237632084.0,shares,0
2015-05-21,98.08,102.38,95.88,100.56,97.77,1896623,187814040.0,shares,0
2015-05-22,100.55,103.6,96.0,100.1,100.56,1849424,183172469.0,shares,0
2015-05-25,96.8,109.82,95.55,107.9,100.1,2308088,235425555.0,shares,0
2015-05-26,106.0,116.07,105.6,115.0,107.9,1857667,208696911.0,shares,0
2015-05-27,115.11,126.5,112.0,126.5,115.0,2216492,265992274.0,shares,0
2015-05-28,125.0,138.0,118.01,118.01,126.5,2627543,342985968.0,shares,0
2015-05-29,116.08,123.15,109.0,117.78,118.01,2360069,275038208.0,shares,0
2015-06-01,117.98,119.8,112.03,117.72,117.78,1712469,197750744.0,shares,0
2015-06-02,116.8,122.81,115.88,122.2,117.72,1643813,197020310.0,shares,0
2015-06-03,121.4,121.58,112.0,115.4,122.2,1385966,162247490.0,shares,0
2015-06-04,113.66,115.39,103.86,105.39,115.4,1693323,181236244.0,shares,0
2015-06-05,107.98,112.0,104.99,107.4,105.39,1592465,173265247.0,shares,0
2015-06-08,106.68,106.68,96.66,102.55,107.4,2339805,232887831.0,shares,0
2015-06-09,100.0,103.95,98.52,101.71,102.55,1076210,109420422.0,shares,0
2015-06-10,101.0,108.0,99.0,106.0,101.71,1328495,139404387.0,shares,0
2015-06-11,105.98,107.9,104.8,107.4,106.0,1054446,112405011.0,shares,0
2015-06-12,107.38,108.45,103.3,103.52,107.4,1337505,141275098.0,shares,0
2015-06-15,104.0,104.0,94.57,94.71,103.52,1404970,137620560.0,shares,0
2015-06-16,91.39,96.69,88.88,94.78,94.71,1425114,132104197.0,shares,0
2015-06-17,94.8,97.9,90.14,97.22,94.78,1169931,110740364.0,shares,0
2015-06-18,96.12,97.49,88.53,90.28,97.22,917884,86842484.0,shares,0
2015-06-19,87.96,93.8,86.1,89.01,90.28,1022442,92807209.0,shares,0
2015-06-23,89.9,97.76,89.9,97.66,89.01,1477880,140244804.0,shares,0
2015-06-24,98.78,100.88,95.82,98.55,97.66,1700185,167564741.0,shares,0
2015-06-25,98.55,99.87,93.7,94.01,98.55,1196700,116700937.0,shares,0
2015-06-26,90.5,90.9,84.61,84.61,94.01,1299314,113142591.0,shares,0
2015-06-29,86.0,86.05,76.15,76.15,84.61,1447883,113175771.0,shares,0
2015-06-30,70.52,81.82,68.54,80.59,76.15,1817263,134524601.0,shares,0
2015-07-01,78.5,83.8,75.02,76.0,80.59,1722877,138927898.0,shares,0
2015-07-02,76.1,78.55,68.7,69.11,76.0,1507708,111283611.0,shares,0
2015-07-03,68.5,73.15,62.26,67.3,69.11,1433432,96275280.0,shares,0
2015-07-06,74.03,74.03,61.5,64.0,67.3,1608347,110696921.0,shares,0
2015-07-07,60.0,62.0,57.6,57.6,64.0,722190,42570828.0,shares,0
2015-07-08,51.84,54.72,51.84,51.85,57.6,2038871,107315708.0,shares,0
2015-07-09,49.03,57.04,49.0,57.04,51.85,1940255,106140331.0,shares,0
2015-07-10,62.0,62.74,61.02,62.74,57.04,624186,38868646.0,shares,0
2015-07-13,68.88,69.01,65.8,69.01,62.74,1802676,123074007.0,shares,0
2015-07-14,69.0,75.5,67.11,71.59,69.01,3202945,231172818.0,shares,0
2015-07-15,69.0,69.5,64.43,64.43,71.59,1888664,124872701.0,shares,0
2015-07-16,60.1,67.85,58.07,65.72,64.43,1720274,110564058.0,shares,0
2015-07-17,65.88,71.48,65.35,70.32,65.72,1547186,106460758.0,shares,0
2015-07-20,70.88,72.48,68.6,69.8,70.32,1722648,121415461.0,shares,0
2015-07-21,68.5,71.6,67.52,71.05,69.8,1420041,99147907.0,shares,0
2015-07-22,71.0,74.0,70.2,72.9,71.05,1657623,119687864.0,shares,0
2015-07-23,72.58,80.0,72.39,79.0,72.9,2317467,177126377.0,shares,0
2015-07-24,78.19,83.15,75.57,76.53,79.0,2554317,203930050.0,shares,0
2015-07-27,74.0,77.18,68.88,68.88,76.53,1988454,146259996.0,shares,0
2015-07-28,63.0,68.22,61.99,64.01,68.88,1663753,106527015.0,shares,0
2015-07-29,64.92,68.01,62.01,68.01,64.01,1458843,94907519.0,shares,0
2015-07-30,67.0,70.9,66.18,66.62,68.01,1482986,101980610.0,shares,0
2015-07-31,64.88,67.7,63.11,64.51,66.62,1059343,68887403.0,shares,0
2015-08-03,64.0,64.0,58.2,59.1,64.51,1098813,67038291.0,shares,0
2015-08-04,59.4,65.01,59.4,65.01,59.1,1262762,78691761.0,shares,0
2015-08-05,65.37,68.0,64.23,66.16,65.01,1549016,102732032.0,shares,0
2015-08-06,64.3,68.16,64.22,67.36,66.16,1249619,83281105.0,shares,0
2015-08-07,69.4,70.88,67.41,70.58,67.36,1516325,105494206.0,shares,0
2015-08-10,71.9,77.0,69.9,75.0,70.58,1570134,114473904.0,shares,0
2015-08-11,74.0,76.0,73.1,73.52,75.0,1316083,97928069.0,shares,0
2015-08-12,72.5,73.67,70.88,70.88,73.52,1222285,88271198.0,shares,0
2015-08-13,70.2,76.17,70.2,76.17,70.88,2715209,197888412.0,shares,0
2015-08-14,76.0,79.58,74.51,78.9,76.17,2380722,183503593.0,shares,0
2015-08-17,77.11,78.8,73.15,75.72,78.9,1595175,120624120.0,shares,0
2015-08-18,75.6,76.02,68.15,68.15,75.72,1194736,86494229.0,shares,0
2015-08-19,66.0,69.84,62.3,69.0,68.15,1004369,66324085.0,shares,0
2015-08-20,67.97,68.88,64.7,65.05,69.0,759817,50786821.0,shares,0
2015-08-21,63.56,63.69,60.0,60.0,65.05,1442655,89079241.0,shares,0
2015-08-24,56.0,56.6,54.0,54.0,60.0,994514,53983223.0,shares,0
2015-08-25,48.7,52.44,48.6,48.6,54.0,1272499,63130682.0,shares,0
2015-08-26,49.7,52.49,47.1,49.8,48.6,1459937,73422270.0,shares,0
2015-08-27,52.0,52.49,48.6,51.71,49.8,1069550,54551658.0,shares,0
2015-08-28,52.49,55.4,51.4,54.88,51.71,1205727,63742403.0,shares,0
2015-08-31,54.02,54.02,50.11,50.25,54.88,888364,46575132.0,shares,0
2015-09-01,49.7,49.7,45.26,45.26,50.25,961186,45249499.0,shares,0
2015-09-02,42.35,47.85,42.35,44.44,45.26,1020595,45968077.0,shares,0
2015-09-07,46.8,47.9,45.3,46.08,44.44,807399,37723394.0,shares,0
2015-09-08,46.08,50.65,44.8,50.03,46.08,1216349,57923952.0,shares,0
2015-09-09,50.59,53.68,50.0,52.68,50.03,1511344,78602764.0,shares,0
2015-09-10,51.05,52.85,51.05,51.3,52.68,715686,37197661.0,shares,0
2015-09-11,51.5,52.99,51.31,52.5,51.3,850642,44473604.0,shares,0
2015-09-14,52.79,53.5,47.25,47.25,52.5,1191053,58496658.0,shares,0
2015-09-15,46.12,48.5,45.51,46.87,47.25,740425,34946146.0,shares,0
2015-09-16,46.8,51.56,46.8,51.55,46.87,1114789,54726790.0,shares,0
2015-09-17,51.54,53.4,50.49,50.9,51.55,1359808,70650064.0,shares,0
2015-09-18,51.01,52.99,50.26,52.25,50.9,909535,46889903.0,shares,0
2015-09-21,51.66,54.95,51.41,54.88,52.25,1154468,62027895.0,shares,0
2015-09-22,55.17,55.5,53.57,54.49,54.88,1207084,66023095.0,shares,0
2015-09-23,53.65,55.55,53.31,54.08,54.49,952263,51572148.0,shares,0
2015-09-24,54.3,56.01,54.3,55.25,54.08,1255241,69118500.0,shares,0
2015-09-25,55.0,55.5,51.11,51.66,55.25,918147,48679225.0,shares,0
2015-09-28,51.58,54.16,51.19,53.92,51.66,799041,42129211.0,shares,0
2015-09-29,52.67,55.0,52.31,54.23,53.92,1067838,57633795.0,shares,0
2015-09-30,54.32,54.99,52.61,53.65,54.23,645310,34650455.0,shares,0
2015-10-08,55.31,58.5,54.88,57.36,53.65,1522707,85993618.0,shares,0
2015-10-09,57.39,57.85,56.25,57.42,57.36,927519,52947993.0,shares,0
2015-10-12,57.63,61.15,57.62,60.33,57.42,1319419,78812502.0,shares,0
2015-10-13,59.5,63.0,59.05,62.86,60.33,1349585,82915305.0,shares,0
2015-10-14,63.0,64.92,62.01,62.03,62.86,1430603,90623988.0,shares,0
2015-10-15,61.18,67.89,61.18,67.48,62.03,1439758,93469361.0,shares,0
2015-10-16,68.2,68.59,64.64,66.83,67.48,1389662,92637285.0,shares,0
2015-10-19,66.37,66.8,64.08,64.91,66.83,1420577,92926004.0,shares,0
2015-10-20,64.92,67.0,64.5,66.46,64.91,1057015,69976751.0,shares,0
2015-10-21,66.18,66.87,60.26,60.7,66.46,1842167,117785947.0,shares,0
2015-10-22,61.95,64.16,60.97,63.88,60.7,1046654,65873407.0,shares,0
2015-10-23,64.45,66.98,64.0,66.7,63.88,1288934,84329810.0,shares,0
2015-10-26,67.78,70.38,67.28,70.36,66.7,1749865,120734760.0,shares,0
2015-10-27,69.0,72.2,67.27,72.02,70.36,1544885,107217364.0,shares,0
2015-10-28,70.95,73.78,70.02,72.0,72.02,1768962,127990286.0,shares,0
2015-10-29,72.53,73.99,70.56,72.9,72.0,1125321,81583108.0,shares,0
2015-10-30,72.89,80.0,71.0,76.99,72.9,1680267,127208916.0,shares,0
2015-11-02,75.0,83.98,73.88,80.05,76.99,2059904,165137168.0,shares,0
2015-11-03,79.98,83.4,79.05,80.75,80.05,1337695,108564043.0,shares,0
2015-11-04,80.89,84.65,79.58,84.45,80.75,1633336,134528210.0,shares,0
2015-11-05,83.81,88.93,82.91,84.91,84.45,1415606,121267761.0,shares,0
2015-11-06,85.5,93.39,85.5,93.39,84.91,1652152,148265042.0,shares,0
2015-11-09,91.31,98.8,89.8,97.5,93.39,2033724,193324244.0,shares,0
2015-11-10,95.51,103.38,94.5,101.32,97.5,1809634,176320700.0,shares,0
2015-11-11,101.4,111.45,99.41,111.45,101.32,2043954,220283428.0,shares,0
2015-11-12,115.05,115.34,106.18,111.92,111.45,2851783,316370000.0,shares,0
2015-11-13,109.0,109.2,100.73,100.73,111.92,3008204,311993472.0,shares,0
2015-11-16,95.6,102.23,95.01,102.18,100.73,1443234,143333985.0,shares,0
2015-11-17,102.19,105.9,98.5,100.04,102.18,1613297,165575758.0,shares,0
2015-11-18,101.0,101.0,92.0,92.47,100.04,1229048,118180031.0,shares,0
2015-11-19,92.35,100.0,92.35,99.05,92.47,1180308,113885256.0,shares,0
2015-11-20,99.47,102.62,97.03,100.07,99.05,1182540,118194489.0,shares,0
2015-11-23,100.0,102.8,96.5,97.1,100.07,1065675,105832247.0,shares,0
2015-11-24,97.98,106.81,96.61,106.81,97.1,2111045,217954784.0,shares,0
2015-11-25,106.8,107.97,103.71,106.86,106.81,1758829,187224103.0,shares,0
2015-11-26,106.86,111.0,102.89,103.5,106.86,1615576,173182748.0,shares,0
2015-11-27,101.0,106.79,97.05,100.25,103.5,1565449,160905719.0,shares,0
2015-11-30,100.48,108.96,99.2,108.43,100.25,1501141,156679539.0,shares,0
2015-12-01,107.22,113.8,97.8,102.7,108.43,1915568,206672996.0,shares,0
2015-12-02,102.0,102.89,92.44,102.7,102.7,1392840,136309173.0,shares,0
2015-12-03,102.38,107.45,101.02,105.23,102.7,1033154,108202514.0,shares,0
2015-12-04,105.01,107.85,101.0,101.15,105.23,1212494,126906656.0,shares,0
2015-12-07,101.22,101.98,97.0,98.65,101.15,1232900,121927526.0,shares,0
2015-12-08,98.65,101.83,98.01,99.19,98.65,940481,94159245.0,shares,0
2015-12-09,98.01,98.92,93.8,95.8,99.19,954150,91924373.0,shares,0
2015-12-10,94.95,96.67,93.21,93.51,95.8,624555,59485486.0,shares,0
2015-12-11,93.55,94.88,93.11,93.41,93.51,484279,45554449.0,shares,0
2015-12-14,92.13,97.56,92.01,97.28,93.41,588837,55977054.0,shares,0
2015-12-15,97.67,99.39,95.85,96.11,97.28,555163,54418723.0,shares,0
2015-12-16,97.49,105.7,96.3,103.07,96.11,1268526,129604670.0,shares,0
2015-12-17,103.1,108.42,103.1,107.38,103.07,1172535,124727982.0,shares,0
2015-12-18,108.0,108.2,103.15,104.55,107.38,833830,87653557.0,shares,0
2015-12-21,103.25,115.01,103.1,111.61,104.55,1746989,193340327.0,shares,0
2015-12-22,111.8,119.5,109.9,117.99,111.61,1294189,150249834.0,shares,0
2015-12-23,129.79,129.79,129.79,129.79,117.99,253319,32878273.0,shares,0
2015-12-24,139.88,142.77,132.18,142.77,129.79,3341980,468034656.0,shares,0
2015-12-25,139.88,142.01,129.0,132.01,142.77,3369550,454613376.0,shares,0
2015-12-28,132.18,137.99,123.85,124.0,132.01,3098541,407987024.0,shares,0
2015-12-29,124.0,124.94,118.0,120.15,124.0,1677387,202773355.0,shares,0
2015-12-30,121.0,125.98,116.2,124.9,120.15,1614010,196444479.0,shares,0
2015-12-31,123.3,123.39,113.0,115.5,124.9,1317744,155665956.0,shares,0
2016-01-04,113.99,115.0,103.95,103.95,115.5,814327,88528409.0,shares,0
2016-01-05,96.0,107.9,96.0,104.0,103.95,1547417,158354559.0,shares,0
2016-01-06,104.0,107.82,102.5,107.49,104.0,1379003,146145427.0,shares,0
2016-01-07,105.0,105.11,96.74,96.74,107.49,326200,32309176.0,shares,0
2016-01-08,100.98,102.4,88.0,97.5,96.74,1121785,110076620.0,shares,0
2016-01-11,94.6,94.6,87.75,87.75,97.5,1114485,100344514.0,shares,0
2016-01-12,87.28,90.48,86.01,88.28,87.75,983697,87273519.0,shares,0
2016-01-13,88.01,89.5,79.5,79.51,88.28,1077665,91121894.0,shares,0
2016-01-14,77.76,87.46,76.0,87.46,79.51,1072991,89047780.0,shares,0
2016-01-15,87.6,89.98,85.0,85.99,87.46,1156543,101500048.0,shares,0
2016-01-18,85.0,91.96,80.69,90.2,85.99,1034466,91194698.0,shares,0
2016-01-19,90.2,94.3,88.2,93.35,90.2,1006946,91547361.0,shares,0
2016-01-20,91.5,94.76,90.25,91.95,93.35,783971,72656006.0,shares,0
2016-01-21,91.0,93.95,85.0,85.5,91.95,973099,88115694.0,shares,0
2016-01-22,87.26,91.88,85.44,91.88,85.5,834711,74021766.0,shares,0
2016-01-25,92.4,93.73,91.0,92.43,91.88,636431,58841580.0,shares,0
2016-01-26,91.0,91.0,83.19,83.19,92.43,782396,68074455.0,shares,0
2016-01-27,82.0,83.99,75.88,83.41,83.19,729700,58680503.0,shares,0
2016-01-28,80.1,82.49,75.07,75.2,83.41,603158,47138516.0,shares,0
2016-01-29,75.0,79.99,74.02,78.4,75.2,767094,59628359.0,shares,0
2016-02-01,77.8,80.88,77.0,78.98,78.4,546438,43074202.0,shares,0
2016-02-02,78.98,82.89,78.5,81.87,78.98,760416,61964198.0,shares,0
2016-02-03,80.06,81.3,78.0,80.98,81.87,744896,59163900.0,shares,0
2016-02-04,80.98,85.19,80.01,83.9,80.98,770382,64397773.0,shares,0
2016-02-05,83.15,83.88,77.4,78.0,83.9,1239442,99216495.0,shares,0
2016-02-15,74.1,77.8,72.38,76.88,78.0,670010,50177815.0,shares,0
2016-02-16,76.89,82.78,76.89,82.6,76.88,890286,71773328.0,shares,0
2016-02-17,82.05,83.85,80.51,82.81,82.6,1833195,150447958.0,shares,0
2016-02-18,83.79,89.58,81.93,86.9,82.81,2468715,210105021.0,shares,0
2016-02-19,85.2,86.33,83.86,85.17,86.9,1726522,147031338.0,shares,0
2016-02-22,86.35,87.02,84.9,86.32,85.17,1415020,121227185.0,shares,0
2016-02-23,86.32,88.95,84.45,86.78,86.32,1849399,160975842.0,shares,0
2016-02-24,86.9,87.97,78.37,82.49,86.78,2110786,174554222.0,shares,0
2016-02-25,81.0,81.7,74.24,74.24,82.49,1631915,126547787.0,shares,0
2016-02-26,74.51,76.0,70.28,71.83,74.24,1092660,79644442.0,shares,0
2016-02-29,71.2,71.2,64.65,64.65,71.83,1246732,81745824.0,shares,0
2016-03-01,64.65,67.06,60.68,65.72,64.65,1088965,70126917.0,shares,0
2016-03-02,65.11,69.0,64.51,68.3,65.72,1043364,69580613.0,shares,0
2016-03-03,68.3,70.99,66.51,66.66,68.3,1038989,71645725.0,shares,0
2016-03-04,67.26,70.8,64.04,67.5,66.66,1654427,112735207.0,shares,0
2016-03-07,69.7,71.58,68.4,69.0,67.5,1249244,87438084.0,shares,0
2016-03-08,68.02,69.29,62.1,69.13,69.0,1254039,82921764.0,shares,0
2016-03-09,67.05,68.8,66.21,66.5,69.13,752531,50726066.0,shares,0
2016-03-10,66.55,67.99,64.65,64.82,66.5,636990,42079332.0,shares,0
2016-03-11,64.71,67.27,63.83,66.67,64.82,692708,45713461.0,shares,0
2016-03-14,68.99,72.51,68.01,71.3,66.67,1243795,88349791.0,shares,0
2016-03-15,70.72,71.3,69.71,69.93,71.3,893826,63095481.0,shares,0
2016-03-16,71.28,71.97,67.32,68.18,69.93,870953,60175211.0,shares,0
2016-03-17,68.32,72.58,68.22,72.16,68.18,1234949,87576222.0,shares,0
2016-03-18,72.3,76.6,72.16,76.43,72.16,1729998,129452233.0,shares,0
2016-03-21,76.65,78.7,75.8,78.05,76.43,1803144,139344577.0,shares,0
2016-03-22,77.0,81.34,76.02,79.51,78.05,1672894,132726549.0,shares,0
2016-03-23,79.0,80.3,78.1,80.3,79.51,1203348,95312564.0,shares,0
2016-03-24,79.7,82.68,78.5,80.27,80.3,1683328,136511418.0,shares,0
2016-03-25,79.69,82.9,78.96,82.01,80.27,1398359,113639631.0,shares,0
2016-03-28,82.6,83.8,79.12,79.66,82.01,1674211,137605149.0,shares,0
2016-03-29,79.36,79.98,75.0,75.9,79.66,1300699,100124808.0,shares,0
2016-03-30,76.8,81.82,76.77,81.75,75.9,1289790,102252701.0,shares,0
2016-03-31,82.0,86.8,82.0,86.0,81.75,2012456,171462513.0,shares,0
2016-04-01,85.0,90.79,84.31,90.4,86.0,2030367,178569078.0,shares,0
2016-04-05,90.6,93.11,88.22,92.99,90.4,1557262,141682117.0,shares,0
2016-04-06,91.7,94.34,91.37,93.6,92.99,1247135,115809823.0,shares,0
2016-04-07,93.5,99.3,92.51,96.5,93.6,1829287,175363627.0,shares,0
2016-04-08,96.21,99.99,90.39,93.78,96.5,2760852,262627037.0,shares,0
2016-04-11,95.05,102.0,91.2,101.7,93.78,3863750,369044240.0,shares,0
2016-04-12,99.0,99.5,91.53,91.53,101.7,4502905,426413600.0,shares,0
2016-04-13,91.53,94.47,90.16,91.44,91.53,3046714,281340896.0,shares,0
2016-04-14,91.95,92.5,90.6,92.2,91.44,1969208,180420129.0,shares,0
2016-04-15,91.8,93.87,91.3,91.8,92.2,1447589,134140718.0,shares,0
2016-04-18,91.0,91.0,88.0,89.48,91.8,1354878,120520435.0,shares,0
2016-04-19,89.7,91.88,89.6,91.43,89.48,1405662,127681302.0,shares,0
2016-04-20,92.8,92.8,83.5,84.92,91.43,2111622,184632643.0,shares,0
2016-04-21,85.0,86.88,83.96,84.0,84.92,1363966,116672862.0,shares,0
2016-04-22,83.1,86.4,82.22,86.3,84.0,1103804,93877346.0,shares,0
2016-04-25,86.25,86.25,83.41,85.46,86.3,1007199,85416989.0,shares,0
2016-04-26,84.8,87.25,84.8,87.2,85.46,967961,83137604.0,shares,0
2016-04-27,87.25,88.4,86.5,86.7,87.2,1015644,88740008.0,shares,0
2016-04-28,86.79,88.38,84.51,88.2,86.7,1001946,86640341.0,shares,0
2016-04-29,87.88,93.6,87.1,92.0,88.2,1924519,175590335.0,shares,0
2016-05-03,91.0,94.1,90.88,94.1,92.0,1582495,147315079.0,shares,0
2016-05-04,93.85,94.98,93.02,93.15,94.1,1405271,132134927.0,shares,0
2016-05-05,93.59,96.87,93.11,96.71,93.15,1683603,161090764.0,shares,0
2016-05-06,97.1,98.8,92.01,92.2,96.71,2191229,209729548.0,shares,0
2016-05-09,90.08,92.0,88.0,88.11,92.2,1401982,125614087.0,shares,0
2016-05-10,88.01,89.98,87.67,88.35,88.11,947186,84111776.0,shares,0
2016-05-11,89.01,89.84,84.03,84.18,88.35,1108479,96849173.0,shares,0
2016-05-12,84.5,87.96,83.58,86.2,84.18,1385691,118565237.0,shares,0
2016-05-13,85.69,91.84,85.6,90.95,86.2,1771770,158318337.0,shares,0
2016-05-16,90.8,95.22,90.0,95.22,90.95,1755302,164353228.0,shares,0
2016-05-17,95.3,98.19,91.58,92.24,95.22,2587260,245024002.0,shares,0
2016-05-18,89.5,90.98,83.69,86.0,92.24,2083589,180762269.0,shares,0
2016-05-19,34.2,34.96,32.02,32.16,34.18,4812102,162345004.0,shares,0
2016-05-20,31.21,33.48,30.84,33.0,32.16,4005254,129490130.0,shares,0
2016-05-23,33.25,33.9,32.75,33.07,33.0,3626496,120646804.0,shares,0
2016-05-24,33.1,33.11,31.7,32.01,33.07,2978180,95806549.0,shares,0
2016-05-25,32.42,33.68,32.16,32.5,32.01,3606574,118634447.0,shares,0
2016-05-26,32.1,32.97,30.88,32.88,32.5,3785866,120375466.0,shares,0
2016-05-27,32.36,33.33,32.1,32.18,32.88,2727155,89001817.0,shares,0
2016-05-30,31.99,32.9,31.64,32.47,32.18,2491509,80878815.0,shares,0
2016-05-31,32.58,34.85,32.47,34.42,32.47,4481954,151662052.0,shares,0
2016-06-01,34.5,35.87,34.4,34.88,34.42,4610669,162405969.0,shares,0
2016-06-02,34.6,36.94,34.6,36.75,34.88,5343202,190441476.0,shares,0
2016-06-03,36.89,39.2,36.76,38.19,36.75,7653833,290003136.0,shares,0
2016-06-06,38.21,38.58,36.98,37.36,38.19,4135746,155047958.0,shares,0
2016-06-07,37.36,38.0,37.27,37.71,37.36,3246973,122170104.0,shares,0
2016-06-08,37.04,37.59,36.6,36.66,37.71,3481737,128849982.0,shares,0
2016-06-13,35.8,35.99,33.5,33.5,36.66,4186525,146493425.0,shares,0
2016-06-14,33.01,34.08,33.01,33.5,33.5,2014063,67553841.0,shares,0
2016-06-15,33.01,35.54,33.0,35.1,33.5,3211407,111438038.0,shares,0
2016-06-16,35.11,35.89,34.36,34.63,35.1,2702942,95417178.0,shares,0
2016-06-17,34.76,35.88,34.71,35.17,34.63,2308060,81393341.0,shares,0
2016-06-20,35.23,36.64,34.15,36.3,35.17,3907816,139619784.0,shares,0
2016-06-21,36.6,37.59,35.51,35.8,36.3,3999856,146699440.0,shares,0
2016-06-22,35.4,36.8,35.04,36.7,35.8,3513250,127521571.0,shares,0
2016-06-23,36.69,37.69,36.53,37.32,36.7,5770720,214655756.0,shares,0
2016-06-24,37.28,37.38,34.48,35.95,37.32,5286422,191671587.0,shares,0
2016-06-27,35.5,37.69,35.5,37.69,35.95,5551309,205563392.0,shares,0
2016-06-28,37.52,41.46,37.26,41.46,37.69,7396658,292437440.0,shares,0
2016-06-29,42.8,43.0,40.58,41.83,41.46,9349773,389931536.0,shares,0
2016-06-30,41.58,41.7,40.42,40.81,41.83,5756456,235296194.0,shares,0
2016-07-01,40.84,42.23,40.35,40.6,40.81,5578022,230344191.0,shares,0
2016-07-04,40.2,42.5,39.18,41.85,40.6,5349376,222343447.0,shares,0
2016-07-05,41.45,41.9,40.8,41.35,41.85,4114838,169978194.0,shares,0
2016-07-06,41.06,42.0,40.8,41.02,41.35,3737423,154839294.0,shares,0
2016-07-07,41.05,41.37,39.15,39.94,41.02,4850609,194840742.0,shares,0
2016-07-08,39.81,40.5,39.6,40.0,39.94,2711058,108677059.0,shares,0
2016-07-11,40.25,40.5,38.28,38.38,40.0,5568714,217538147.0,shares,0
2016-07-12,38.53,39.73,37.76,39.62,38.38,4212786,163788925.0,shares,0
2016-07-13,39.83,40.19,39.25,39.75,39.62,3031058,120372585.0,shares,0
2016-07-14,40.11,40.74,39.6,40.4,39.75,3093150,124293053.0,shares,0
2016-07-15,40.34,40.56,39.66,39.8,40.4,2294767,91621456.0,shares,0
2016-07-18,39.86,39.86,38.59,38.9,39.8,2289086,89315747.0,shares,0
2016-07-19,38.9,40.16,38.59,40.16,38.9,2670297,104721262.0,shares,0
2016-07-20,40.19,40.31,39.3,39.4,40.16,2721610,108282135.0,shares,0
2016-07-21,39.3,40.51,39.05,39.53,39.4,3437720,136845848.0,shares,0
2016-07-22,39.37,40.66,39.37,40.07,39.53,4428292,178318294.0,shares,0
2016-07-25,39.6,39.98,38.78,39.16,40.07,2986977,117188065.0,shares,0
2016-07-26,39.25,39.78,39.06,39.78,39.16,2019783,79776145.0,shares,0
2016-07-27,39.64,39.89,35.86,37.47,39.78,4764920,179817021.0,shares,0
2016-07-28,36.8,37.0,34.86,36.06,37.47,3641577,130692791.0,shares,0
2016-07-29,36.08,36.52,35.35,35.5,36.06,1588928,57045188.0,shares,0
2016-08-01,35.03,35.36,32.89,33.97,35.5,2990763,101172115.0,shares,0
2016-08-02,34.0,34.39,33.88,34.3,33.97,1449439,49489440.0,shares,0
2016-08-03,34.05,34.4,33.88,34.24,34.3,1388071,47385174.0,shares,0
2016-08-04,34.2,34.84,34.01,34.69,34.24,1534144,52894960.0,shares,0
2016-08-05,34.5,34.96,34.08,34.2,34.69,1439479,49816653.0,shares,0
2016-08-08,34.2,35.15,33.93,35.08,34.2,1502368,52200925.0,shares,0
2016-08-09,35.08,35.48,35.0,35.34,35.08,1464198,51648849.0,shares,0
2016-08-10,35.41,35.65,35.2,35.27,35.34,1248356,44128189.0,shares,0
2016-08-11,35.32,35.32,34.5,34.52,35.27,1190176,41463063.0,shares,0
2016-08-12,34.39,35.13,34.35,35.07,34.52,1066593,37153602.0,shares,0
2016-08-15,35.08,36.76,35.04,36.47,35.07,2213945,79636367.0,shares,0
2016-08-16,36.0,36.47,35.8,36.15,36.47,2366159,85505390.0,shares,0
2016-08-17,35.88,36.35,35.8,36.15,36.15,1730916,62477222.0,shares,0
2016-08-18,35.91,36.16,35.66,35.9,36.15,1584191,56861552.0,shares,0
2016-08-19,36.08,36.55,35.78,36.05,35.9,1620308,58724647.0,shares,0
2016-08-22,36.0,36.28,34.35,34.4,36.05,1889103,66562479.0,shares,0
2016-08-23,34.17,35.17,34.17,34.67,34.4,1200491,41744865.0,shares,0
2016-08-24,34.66,35.5,34.51,35.12,34.67,1276195,44959338.0,shares,0
2016-08-25,34.75,35.36,34.08,35.36,35.12,1292039,44802138.0,shares,0
2016-08-26,35.55,36.96,35.25,35.61,35.36,1407695,50577582.0,shares,0
2016-08-29,35.62,36.18,35.62,35.68,35.61,1306231,46859028.0,shares,0
2016-08-30,35.93,36.06,35.5,35.5,35.68,1016301,36408710.0,shares,0
2016-08-31,35.8,35.8,34.85,35.1,35.5,1011227,35474071.0,shares,0
2016-09-01,35.38,35.44,35.04,35.09,35.1,953483,33612360.0,shares,0
2016-09-02,34.96,35.38,34.96,35.28,35.09,918000,32307956.0,shares,0
2016-09-05,35.26,35.68,35.03,35.12,35.28,1153042,40800613.0,shares,0
2016-09-06,35.12,37.14,34.85,36.77,35.12,3392587,123125090.0,shares,0
2016-09-07,36.6,36.99,36.2,36.31,36.77,2075439,75893127.0,shares,0
2016-09-08,36.32,37.92,36.25,37.9,36.31,3093642,114999376.0,shares,0
2016-09-09,37.71,38.38,37.3,37.62,37.9,3066698,115974457.0,shares,0
2016-09-12,36.8,37.18,36.0,36.0,37.62,2404712,87982515.0,shares,0
2016-09-13,36.32,36.64,35.85,36.35,36.0,1345465,48732635.0,shares,0
2016-09-14,36.16,36.22,35.02,35.25,36.35,2478429,88176788.0,shares,0
2016-09-19,35.26,35.74,35.13,35.68,35.25,1759241,62194567.0,shares,0
2016-09-20,35.68,35.75,34.98,35.05,35.68,2263533,79761467.0,shares,0
2016-09-21,35.07,36.74,34.87,36.68,35.05,3478791,125700109.0,shares,0
2016-09-22,36.7,37.88,36.3,37.66,36.68,5578458,207619379.0,shares,0
2016-09-23,38.39,41.0,38.03,38.8,37.66,7285415,288838624.0,shares,0
2016-09-26,39.89,40.79,37.97,38.36,38.8,6461232,253898315.0,shares,0
2016-09-27,38.11,40.44,38.05,40.31,38.36,5953228,233135833.0,shares,0
2016-09-28,40.29,40.68,39.48,39.76,40.31,4075458,162998535.0,shares,0
2016-09-29,39.77,40.0,39.01,39.57,39.76,2827701,111645875.0,shares,0
2016-09-30,39.59,40.43,38.9,40.13,39.57,3066675,122174571.0,shares,0
2016-10-10,40.8,41.73,40.21,41.24,40.13,4042710,165835634.0,shares,0
2016-10-11,41.35,41.35,40.35,40.6,41.24,3129234,127583984.0,shares,0
2016-10-12,40.2,40.95,39.76,39.8,40.6,2770208,111356968.0,shares,0
2016-10-13,39.8,40.0,39.09,39.66,39.8,2223670,87728174.0,shares,0
2016-10-14,39.59,39.9,39.17,39.64,39.66,1466940,57949545.0,shares,0
2016-10-17,39.7,39.85,38.5,38.64,39.64,2122709,83046523.0,shares,0
2016-10-18,38.71,39.46,38.45,39.3,38.64,2454719,95458088.0,shares,0
2016-10-19,39.2,39.45,38.66,38.85,39.3,1604737,62684726.0,shares,0
2016-10-20,38.95,40.28,38.73,40.07,38.85,2836732,112432165.0,shares,0
2016-10-21,39.99,40.0,38.07,39.33,40.07,2806512,109383427.0,shares,0
2016-10-24,39.15,39.15,37.85,38.28,39.33,5121592,195588445.0,shares,0
2016-10-25,38.27,38.44,37.55,38.17,38.28,2788506,105738597.0,shares,0
2016-10-26,37.9,38.6,37.55,37.92,38.17,1802850,68343304.0,shares,0
2016-10-27,37.92,38.09,37.75,38.0,37.92,1208665,45880177.0,shares,0
2016-10-28,37.8,38.19,37.37,37.37,38.0,1711363,64680986.0,shares,0
2016-10-31,37.2,37.49,36.64,37.38,37.37,1669064,61771474.0,shares,0
2016-11-01,37.37,38.09,37.32,38.0,37.38,2051652,77625201.0,shares,0
2016-11-02,38.1,38.1,37.2,37.42,38.0,1381245,52083041.0,shares,0
2016-11-03,37.15,37.9,37.15,37.47,37.42,2061450,77444216.0,shares,0
2016-11-04,37.47,37.71,37.18,37.28,37.47,1344071,50335932.0,shares,0
2016-11-07,37.29,37.48,36.98,37.27,37.28,1172062,43618668.0,shares,0
2016-11-08,37.41,37.85,37.38,37.85,37.27,1456800,54779948.0,shares,0
2016-11-09,37.85,37.94,36.88,37.3,37.85,1874468,70274385.0,shares,0
2016-11-10,37.62,38.38,37.55,38.24,37.3,2357099,89449629.0,shares,0
2016-11-11,38.24,39.32,38.1,38.71,38.24,3154786,122694795.0,shares,0
2016-11-14,38.5,39.2,38.01,38.28,38.71,2668936,102641397.0,shares,0
2016-11-15,38.28,38.42,37.77,38.21,38.28,1682597,64032560.0,shares,0
2016-11-16,38.42,38.87,38.13,38.25,38.21,2441578,94201530.0,shares,0
2016-11-17,38.26,38.65,38.04,38.56,38.25,2529285,97016521.0,shares,0
2016-11-18,38.56,38.65,37.78,37.86,38.56,2008320,76787035.0,shares,0
2016-11-21,37.86,38.27,37.79,37.97,37.86,1401593,53194464.0,shares,0
2016-11-22,37.97,39.18,37.96,39.09,37.97,3398171,131000698.0,shares,0
2016-11-23,39.24,39.24,38.38,38.51,39.09,2397220,92916412.0,shares,0
2016-11-24,38.35,38.54,37.68,37.79,38.51,2106429,80207861.0,shares,0
2016-11-25,37.7,37.7,36.2,37.44,37.79,2294601,84910526.0,shares,0
2016-11-28,37.31,37.43,36.8,36.94,37.44,1708949,63354975.0,shares,0
2016-11-29,36.94,37.25,36.53,36.55,36.94,1627811,60090451.0,shares,0
2016-11-30,36.6,37.17,36.33,36.85,36.55,1295481,47736005.0,shares,0
2016-12-01,36.74,37.16,36.74,36.88,36.85,1557390,57488229.0,shares,0
2016-12-02,36.87,37.09,35.61,35.72,36.88,2160981,78539087.0,shares,0
2016-12-05,35.4,35.6,35.01,35.46,35.72,1229111,43506590.0,shares,0
2016-12-06,35.6,35.9,35.3,35.51,35.46,804222,28680082.0,shares,0
2016-12-07,35.32,35.88,35.3,35.75,35.51,569248,20255809.0,shares,0
2016-12-08,35.8,36.05,35.55,35.67,35.75,670925,23969140.0,shares,0
2016-12-09,35.6,35.89,34.9,35.3,35.67,1124192,39746977.0,shares,0
2016-12-12,35.1,35.18,31.81,31.9,35.3,2186597,73329762.0,shares,0
2016-12-13,32.05,32.34,31.21,31.6,31.9,1365044,43151538.0,shares,0
2016-12-14,31.59,31.59,30.65,30.68,31.6,1190370,37081542.0,shares,0
2016-12-15,30.73,31.68,30.59,31.37,30.68,1366440,42709769.0,shares,0
2016-12-16,31.15,31.77,31.05,31.56,31.37,1017934,32123226.0,shares,0
2016-12-19,31.72,31.75,31.41,31.6,31.56,843521,26644972.0,shares,0
2016-12-20,31.5,31.75,31.5,31.6,31.6,681813,21553836.0,shares,0
2016-12-21,31.62,32.27,31.62,32.2,31.6,972925,31217429.0,shares,0
2016-12-22,32.0,32.27,31.56,31.69,32.2,763551,24289049.0,shares,0
2016-12-23,31.8,31.85,31.05,31.25,31.69,902105,28280076.0,shares,0
2016-12-26,31.36,32.3,31.01,32.28,31.25,1808818,57511950.0,shares,0
2016-12-27,32.2,32.65,31.9,31.97,32.28,1224310,39430732.0,shares,0
2016-12-28,31.85,32.23,31.8,32.08,31.97,924239,29583843.0,shares,0
2016-12-29,31.86,32.44,31.85,32.09,32.08,850783,27418389.0,shares,0
2016-12-30,31.98,32.51,31.91,32.37,32.09,851528,27464819.0,shares,0
2017-01-03,32.5,33.49,32.41,33.15,32.37,1248051,41412243.0,shares,0
2017-01-04,33.09,33.34,32.92,33.2,33.15,992265,32902757.0,shares,0
2017-01-05,33.0,33.27,32.43,32.55,33.2,1180082,38792975.0,shares,0
2017-01-06,32.55,33.09,32.55,33.09,32.55,1434045,47042305.0,shares,0
2017-01-09,33.34,33.34,32.61,32.68,33.09,969032,31746686.0,shares,0
2017-01-10,32.68,32.86,32.51,32.83,32.68,601276,19678891.0,shares,0
2017-01-11,32.67,33.48,31.05,32.24,32.83,961198,31290291.0,shares,0
2017-01-12,32.24,32.65,31.17,31.19,32.24,818389,26094309.0,shares,0
2017-01-13,30.87,31.62,30.3,30.43,31.19,1174116,36287346.0,shares,0
2017-01-25,29.02,31.28,29.02,30.31,30.43,1869534,56308682.0,shares,0
2017-01-26,30.0,30.4,29.52,29.94,30.31,1945394,58043798.0,shares,0
2017-02-03,29.99,30.2,29.31,29.4,29.94,836122,24704988.0,shares,0
2017-02-06,29.7,30.62,29.58,30.59,29.4,1855078,56074125.0,shares,0
2017-02-07,30.44,30.44,29.81,30.29,30.59,1534664,46232990.0,shares,0
2017-02-08,30.19,30.57,29.85,30.5,30.29,1220808,36947435.0,shares,0
2017-02-09,30.31,31.0,30.31,30.94,30.5,1447397,44640656.0,shares,0
2017-02-10,30.97,31.19,30.63,30.73,30.94,1013266,31245267.0,shares,0
2017-02-13,30.66,30.95,30.52,30.74,30.73,970570,29864487.0,shares,0
2017-02-14,30.6,30.91,30.41,30.76,30.74,997330,30555895.0,shares,0
2017-02-15,30.65,30.85,30.25,30.26,30.76,733217,22373060.0,shares,0
2017-02-16,30.24,30.5,30.04,30.23,30.26,925329,28015635.0,shares,0
2017-02-17,30.22,30.49,29.7,29.75,30.23,871436,26174354.0,shares,0
2017-02-20,29.91,30.2,29.55,30.17,29.75,820914,24527674.0,shares,0
2017-02-21,30.18,30.85,30.0,30.67,30.17,1186365,36237948.0,shares,0
2017-02-22,30.7,30.81,30.33,30.7,30.67,925070,28259433.0,shares,0
2017-02-23,30.68,31.0,30.48,30.92,30.7,1446635,44503707.0,shares,0
2017-02-24,30.86,31.38,30.6,31.22,30.92,1552295,48103577.0,shares,0
2017-02-27,31.22,31.33,30.66,30.78,31.22,1216550,37743308.0,shares,0
2017-02-28,30.67,30.94,30.31,30.77,30.78,1404032,42930738.0,shares,0
2017-03-01,30.77,31.85,30.71,31.45,30.77,2272591,71137593.0,shares,0
2017-03-02,31.48,31.7,30.9,30.93,31.45,1462927,45618824.0,shares,0
2017-03-03,30.9,31.49,30.68,31.32,30.93,1292487,40138001.0,shares,0
2017-03-06,31.32,32.2,31.08,32.18,31.32,1966417,62837721.0,shares,0
2017-03-07,32.18,32.35,31.85,32.21,32.18,1084392,34743129.0,shares,0
2017-03-08,32.25,32.5,31.76,31.81,32.21,1089776,34911197.0,shares,0
2017-03-09,31.8,31.91,31.5,31.63,31.81,955617,30204086.0,shares,0
2017-03-10,31.69,32.12,31.57,31.87,31.63,921530,29417128.0,shares,0
2017-03-13,31.83,32.13,31.5,32.0,31.87,1432557,45679069.0,shares,0
2017-03-14,32.03,32.05,31.65,31.87,32.0,1209133,38438434.0,shares,0
2017-03-15,31.8,31.8,31.48,31.63,31.87,774861,24479728.0,shares,0
2017-03-16,31.66,32.47,31.66,32.44,31.63,1603098,51534404.0,shares,0
2017-03-17,32.3,32.55,31.51,31.73,32.44,1471628,47226299.0,shares,0
2017-03-20,31.3,31.8,31.29,31.76,31.73,1338956,42217339.0,shares,0
2017-03-21,31.77,32.08,31.38,31.93,31.76,1173709,37336308.0,shares,0
2017-03-22,31.7,31.75,31.21,31.4,31.93,1247552,39220685.0,shares,0
2017-03-23,31.4,31.69,31.15,31.4,31.4,1077191,33897099.0,shares,0
2017-03-24,31.4,31.5,30.02,30.6,31.4,2015187,62045051.0,shares,0
2017-03-27,30.48,30.79,30.18,30.66,30.6,1290937,39314596.0,shares,0
2017-03-28,30.62,30.78,30.31,30.58,30.66,716347,21904621.0,shares,0
2017-03-29,30.5,30.68,29.82,29.83,30.58,1035769,31255952.0,shares,0
2017-03-30,29.79,30.03,29.07,29.07,29.83,1273039,37494913.0,shares,0
2017-03-31,29.15,29.64,29.08,29.37,29.07,861241,25224015.0,shares,0
2017-04-05,29.42,29.74,29.02,29.7,29.37,1150553,33816437.0,shares,0
2017-04-06,29.69,32.67,29.4,32.67,29.7,4420281,137884143.0,shares,0
2017-04-07,32.51,32.62,31.38,32.21,32.67,4781079,152671268.0,shares,0
2017-04-10,32.31,32.31,30.7,30.87,32.21,3487678,109423307.0,shares,0
2017-04-11,30.95,31.19,30.04,30.52,30.87,2366789,72454950.0,shares,0
2017-04-12,30.15,30.4,29.46,29.47,30.52,2303684,68675477.0,shares,0
2017-04-13,29.58,30.18,29.51,29.83,29.47,1684087,50196814.0,shares,0
2017-04-14,29.6,29.96,28.91,29.16,29.83,1770120,51778082.0,shares,0
2017-04-17,28.9,29.0,27.88,28.05,29.16,1429519,40515756.0,shares,0
2017-04-18,28.3,28.3,27.65,27.69,28.05,950015,26621060.0,shares,0
2017-04-19,27.7,27.96,27.09,27.86,27.69,959868,26472186.0,shares,0
2017-04-20,27.89,27.97,27.13,27.21,27.86,1118294,30705611.0,shares,0
2017-04-21,27.21,27.53,27.09,27.13,27.21,678742,18497932.0,shares,0
2017-04-24,27.3,27.3,25.0,26.1,27.13,858600,22536612.0,shares,0
2017-04-25,26.12,26.6,26.11,26.27,26.1,661302,17387133.0,shares,0
2017-04-26,26.33,26.68,26.02,26.56,26.27,701569,18518190.0,shares,0
2017-04-27,26.46,27.35,25.8,27.26,26.56,1470235,39271297.0,shares,0
2017-04-28,26.82,27.26,26.79,27.12,26.94,825990,22405230.0,shares,0
2017-05-02,27.3,27.3,26.75,26.86,27.12,709126,19105743.0,shares,0
2017-05-03,26.86,27.1,26.61,27.07,26.86,550908,14821365.0,shares,0
2017-05-04,27.06,27.17,26.7,26.72,27.07,643200,17312447.0,shares,0
2017-05-05,26.72,26.85,26.48,26.48,26.72,496590,13241016.0,shares,0
2017-05-08,26.35,26.64,26.12,26.18,26.48,461410,12154820.0,shares,0
2017-05-09,25.91,26.49,25.91,26.37,26.18,550305,14441969.0,shares,0
2017-05-10,26.42,26.5,25.75,25.78,26.37,685010,17956085.0,shares,0
2017-05-11,25.51,25.7,24.85,25.43,25.78,928662,23446146.0,shares,0
2017-05-12,25.25,25.5,25.06,25.38,25.43,563312,14227213.0,shares,0
2017-05-15,25.6,25.93,25.39,25.41,25.38,555747,14268604.0,shares,0
2017-05-16,25.23,26.46,25.2,26.45,25.41,847609,21926807.0,shares,0
2017-05-17,26.5,26.8,26.29,26.47,26.45,800992,21304450.0,shares,0
2017-05-18,26.26,26.63,26.26,26.3,26.47,626350,16570645.0,shares,0
2017-05-19,26.3,26.79,26.27,26.45,26.3,480747,12761067.0,shares,0
2017-05-22,26.63,26.63,25.41,25.41,26.45,784791,20369261.0,shares,0
2017-05-23,25.41,25.5,24.4,24.41,25.41,895650,22341395.0,shares,0
2017-05-24,24.29,25.18,24.01,24.94,24.41,642024,15908104.0,shares,0
2017-05-25,24.94,25.3,24.4,25.09,24.94,588443,14632171.0,shares,0
2017-05-26,25.26,25.35,24.93,25.16,25.09,364988,9171214.0,shares,0
2017-05-31,25.38,26.07,25.11,25.23,25.16,642648,16495591.0,shares,0
2017-06-01,25.13,25.45,23.74,23.76,25.23,1256627,30573207.0,shares,0
2017-06-02,23.76,24.38,23.08,24.16,23.76,1174083,27770197.0,shares,0
2017-06-05,24.16,24.48,24.02,24.24,24.16,816471,19817862.0,shares,0
2017-06-06,24.22,24.46,24.03,24.33,24.24,689474,16705780.0,shares,0
2017-06-07,24.25,25.1,24.21,25.03,24.33,1208053,29993958.0,shares,0
2017-06-08,25.05,25.48,24.8,25.3,25.03,1448683,36344398.0,shares,0
2017-06-09,25.27,25.27,24.82,25.08,25.3,744104,18583935.0,shares,0
2017-06-12,24.83,25.15,24.58,24.69,25.08,1008963,25022670.0,shares,0
2017-06-13,24.69,25.33,24.61,25.24,24.69,1042173,26121727.0,shares,0
2017-06-14,25.29,25.92,25.02,25.61,25.24,1572803,40312577.0,shares,0
2017-06-15,25.61,26.6,25.55,26.32,25.61,1986426,52113030.0,shares,0
2017-06-16,26.57,26.57,25.92,26.02,26.32,1163628,30404088.0,shares,0
2017-06-19,26.03,26.22,25.83,26.11,26.02,704917,18336620.0,shares,0
2017-06-20,26.3,26.3,25.72,25.8,26.11,1185212,30840523.0,shares,0
2017-06-21,25.8,25.99,25.38,25.76,25.8,904248,23199543.0,shares,0
2017-06-22,25.79,25.98,25.41,25.42,25.76,916432,23546011.0,shares,0
2017-06-23,25.7,25.7,25.05,25.35,25.42,749539,18987050.0,shares,0
2017-06-26,25.48,26.12,25.22,26.1,25.35,1306251,33799396.0,shares,0
2017-06-27,25.92,26.18,25.7,25.82,26.1,765600,19843702.0,shares,0
2017-06-28,25.82,25.87,25.42,25.43,25.82,532024,13608967.0,shares,0
2017-06-29,25.4,25.85,25.32,25.62,25.43,498708,12769741.0,shares,0
2017-06-30,25.66,25.76,25.43,25.59,25.62,501025,12839354.0,shares,0
2017-07-03,25.59,26.06,25.55,25.9,25.59,965754,24982907.0,shares,0
2017-07-04,25.81,25.99,25.73,25.91,25.9,608330,15735430.0,shares,0
2017-07-05,25.9,26.22,25.82,26.2,25.91,1198146,31274743.0,shares,0
2017-07-06,26.15,26.4,25.9,25.98,26.2,932850,24362956.0,shares,0
2017-07-07,25.83,26.59,25.83,26.57,25.98,1367356,36067044.0,shares,0
2017-07-10,26.61,26.65,25.45,25.49,26.57,1467071,38123251.0,shares,0
2017-07-11,25.44,25.63,24.85,24.85,25.49,1204107,30427319.0,shares,0
2017-07-12,24.69,24.85,24.15,24.51,24.85,1441750,35176673.0,shares,0
2017-07-13,24.52,24.59,24.3,24.43,24.51,577583,14103413.0,shares,0
2017-07-14,24.4,24.43,24.1,24.17,24.43,522648,12664392.0,shares,0
2017-07-17,24.17,24.17,22.15,22.55,24.17,1340703,30868839.0,shares,0
2017-07-18,22.52,22.83,22.2,22.63,22.55,926493,20907987.0,shares,0
2017-07-19,22.5,22.77,22.33,22.65,22.63,715583,16126957.0,shares,0
2017-07-20,22.63,22.96,22.46,22.66,22.65,839450,19113379.0,shares,0
2017-07-21,22.68,22.68,21.83,22.03,22.66,1588608,35230252.0,shares,0
2017-07-24,22.02,22.02,21.08,21.73,22.03,1589459,34098062.0,shares,0
2017-07-25,21.77,22.12,21.6,22.06,21.73,858064,18783864.0,shares,0
2017-07-26,22.06,22.4,21.84,22.32,22.06,1156399,25599585.0,shares,0
2017-07-27,22.37,23.4,21.94,22.94,22.32,1924590,43791025.0,shares,0
2017-07-28,22.81,23.65,22.81,23.57,22.94,2177540,50984416.0,shares,0
2017-07-31,23.3,23.47,23.07,23.35,23.57,1140687,26515460.0,shares,0
2017-08-01,23.35,23.35,23.05,23.32,23.35,954588,22133946.0,shares,0
2017-08-02,23.32,23.32,22.5,22.56,23.32,1197300,27238821.0,shares,0
2017-08-03,22.31,23.09,22.29,22.63,22.56,810072,18512486.0,shares,0
2017-08-04,22.62,22.86,22.52,22.58,22.63,655211,14851698.0,shares,0
2017-08-07,22.56,23.07,22.52,22.94,22.58,659616,15109661.0,shares,0
2017-08-08,22.81,23.23,22.6,23.21,22.94,1071545,24587544.0,shares,0
2017-08-09,23.21,23.24,22.88,23.0,23.21,680896,15692256.0,shares,0
2017-08-10,23.01,23.15,22.46,22.67,23.0,722400,16433697.0,shares,0
2017-08-11,22.6,23.36,22.56,22.95,22.67,1110525,25558045.0,shares,0
2017-08-14,22.95,24.16,22.83,24.03,22.95,1603463,37864043.0,shares,0
2017-08-15,24.11,24.11,23.73,23.92,24.03,914797,21796232.0,shares,0
2017-08-16,23.98,24.76,23.82,24.3,23.92,1852021,45092731.0,shares,0
2017-08-17,24.4,24.98,24.17,24.59,24.3,1485106,36559218.0,shares,0
2017-08-18,24.42,24.5,24.09,24.29,24.59,876541,21278084.0,shares,0
2017-08-21,24.45,24.99,24.35,24.72,24.29,976647,24156371.0,shares,0
2017-08-22,24.61,24.7,23.93,24.03,24.72,1228687,29742307.0,shares,0
2017-08-23,24.19,24.37,24.0,24.19,24.03,552087,13353882.0,shares,0
2017-08-24,24.16,24.3,23.73,23.73,24.19,585500,14027052.0,shares,0
2017-08-25,24.0,25.1,23.96,24.96,23.73,1983439,49018983.0,shares,0
2017-08-28,24.96,25.3,24.8,25.09,24.96,1869470,46827172.0,shares,0
2017-08-29,24.9,25.15,24.75,24.97,25.09,1054254,26319581.0,shares,0
2017-08-30,25.04,25.07,24.78,24.88,24.97,731783,18232308.0,shares,0
2017-08-31,24.82,25.0,24.73,24.96,24.88,759832,18905198.0,shares,0
2017-09-01,24.9,25.2,24.73,25.04,24.96,942170,23476871.0,shares,0
2017-09-04,25.34,25.34,24.81,24.81,25.04,1356225,33917057.0,shares,0
2017-09-05,24.81,25.09,24.7,25.02,24.81,1033682,25757630.0,shares,0
2017-09-06,24.99,25.77,24.77,25.69,25.02,2090727,52908191.0,shares,0
2017-09-07,25.53,26.15,25.32,25.66,25.69,2362582,60842699.0,shares,0
2017-09-08,25.66,25.74,25.05,25.29,25.66,1367561,34698983.0,shares,0
2017-09-11,25.29,25.36,25.01,25.32,25.29,1193119,30048270.0,shares,0
2017-09-12,25.22,25.64,25.0,25.08,25.32,1148800,29091175.5,shares,0
2017-09-13,24.93,25.1,24.75,24.99,25.08,911800,22721493.5,shares,0
2017-09-14,24.99,25.58,24.8,25.46,24.99,1450775,36447323.28,shares,0
2017-09-15,25.3,25.68,25.28,25.54,25.46,1709327,43527637.18,shares,0
2017-09-18,25.33,25.94,25.32,25.9,25.54,1431904,36814996.41,shares,0
2017-09-19,25.9,27.88,25.7,27.21,25.9,5105851,137836636.74,shares,0
2017-09-20,27.21,28.25,26.9,27.89,27.21,4838537,133838400.19,shares,0
2017-09-21,27.6,27.86,27.15,27.28,27.89,2862636,78552444.92,shares,0
2017-09-22,27.2,28.98,26.76,28.58,27.28,4947665,138710160.12,shares,0
2017-09-25,28.55,29.34,27.13,27.5,28.58,4484078,126960303.42,shares,0
2017-09-26,27.13,27.45,26.38,27.08,27.5,2944039,78932839.73,shares,0
2017-09-27,26.97,29.79,26.81,29.1,27.08,7415076,212963417.54,shares,0
2017-09-28,28.95,29.4,28.51,28.67,29.1,5234638,151216420.6,shares,0
2017-09-29,28.56,30.49,28.5,29.72,28.67,5725162,169619076.84,shares,0
2017-10-09,30.25,31.3,29.41,29.52,29.72,6223642,189276104.37,shares,0
2017-10-10,29.5,29.6,28.58,29.1,29.52,4659051,134744494.43,shares,0
2017-10-11,28.92,28.98,27.7,27.7,29.1,4099433,115846501.91,shares,0
2017-10-12,27.7,28.56,27.7,28.04,27.7,2789542,78654596.69,shares,0
2017-10-13,27.5,27.59,26.83,27.36,28.04,3737797,101400369.02,shares,0
2017-10-16,27.23,27.99,26.88,27.0,27.36,2809391,77194499.63,shares,0
2017-10-17,26.95,27.63,26.91,27.26,27.0,1424181,38865398.29,shares,0
2017-10-18,27.3,27.87,26.85,27.0,27.26,1981554,54412427.54,shares,0
2017-10-19,27.0,27.01,26.16,26.49,27.0,2025200,53648372.0,shares,0
2017-10-20,26.3,26.61,26.0,26.56,26.49,1081176,28479505.07,shares,0
2017-10-23,26.7,26.74,26.28,26.47,26.56,1093617,28883774.11,shares,0
2017-10-24,26.4,26.79,26.1,26.59,26.47,1258163,33365345.78,shares,0
2017-10-25,26.5,27.27,26.43,27.26,26.59,1365707,36747597.15,shares,0
2017-10-26,27.36,27.64,27.1,27.13,27.26,1421782,38958047.53,shares,0
2017-10-27,27.04,27.19,26.35,26.4,27.13,1231412,32914874.38,shares,0
2017-10-30,26.4,26.59,25.02,25.06,26.4,1632067,41685395.04,shares,0
2017-10-31,25.05,25.65,25.01,25.4,25.06,845882,21407556.5,shares,0
2017-11-01,25.37,25.94,25.14,25.67,25.4,1111100,28477941.0,shares,0
2017-11-02,25.62,26.09,25.26,25.68,25.67,965850,24836685.5,shares,0
2017-11-03,25.59,26.11,25.52,26.08,25.68,1175947,30512884.94,shares,0
2017-11-06,26.3,26.51,26.08,26.45,26.08,1065800,28038083.5,shares,0
2017-11-07,26.45,26.49,25.7,25.9,26.45,1512538,39257939.4,shares,0
2017-11-08,25.81,26.19,25.66,25.73,25.9,1368635,35524708.0,shares,0
2017-11-09,25.6,25.96,25.56,25.9,25.73,863895,22276849.34,shares,0
2017-11-10,25.9,27.97,25.87,27.84,25.9,4492521,121829777.14,shares,0
2017-11-13,28.0,28.0,27.34,27.67,27.84,3073014,85021849.98,shares,0
2017-11-14,27.56,28.02,27.06,27.1,27.67,2891750,79654189.1,shares,0
2017-11-15,27.12,28.5,27.12,28.36,27.1,4523413,126192792.85,shares,0
2017-11-16,28.01,28.05,27.4,27.66,28.36,2619050,72718615.9,shares,0
2017-11-17,27.37,27.79,24.9,25.4,27.66,3491926,92071823.74,shares,0
2017-11-20,25.4,25.4,23.5,25.39,25.4,2119100,51973177.0,shares,0
2017-11-21,25.17,26.82,25.01,25.85,25.39,2312257,60310093.29,shares,0
2017-11-22,25.59,26.65,25.12,26.17,25.85,1714107,44714359.42,shares,0
2017-11-23,25.98,26.39,25.28,25.6,26.17,1473221,38134866.6,shares,0
2017-11-24,25.6,26.88,25.6,26.27,25.6,2824513,74760277.76,shares,0
2017-11-27,25.95,26.15,23.66,23.86,26.27,2604250,65095576.02,shares,0
2017-11-28,23.67,24.49,23.53,24.49,23.86,1023871,24726899.25,shares,0
2017-11-29,24.6,24.78,23.65,24.4,24.49,993300,23944577.0,shares,0
2017-11-30,24.0,24.48,23.8,23.96,24.4,763250,18368233.0,shares,0
2017-12-01,24.02,24.49,23.98,24.36,23.96,1100093,26725043.74,shares,0
2017-12-04,24.36,24.57,23.73,23.95,24.36,898299,21547408.06,shares,0
2017-12-05,23.75,23.95,22.5,22.7,23.95,1275920,29557505.24,shares,0
2017-12-06,22.69,23.2,22.5,23.16,22.7,921524,21052315.44,shares,0
2017-12-07,23.16,23.5,22.65,22.7,23.16,1523847,35114832.65,shares,0
2017-12-08,22.55,24.16,22.53,23.55,22.7,1622098,38066558.65,shares,0
2017-12-11,23.45,23.83,23.31,23.8,23.55,1099616,25991377.84,shares,0
2017-12-12,23.83,23.83,23.18,23.32,23.8,1066454,25081484.26,shares,0
2017-12-13,23.35,23.8,23.02,23.8,23.32,1695437,40080969.4,shares,0
2017-12-14,23.85,23.85,23.3,23.69,23.8,1282637,30294239.65,shares,0
2017-12-15,23.54,23.69,22.87,23.09,23.69,1343131,31208629.26,shares,0
2017-12-18,23.0,23.2,22.24,22.4,23.09,1001978,22611259.54,shares,0
2017-12-19,22.58,22.83,22.35,22.81,22.4,701017,15899890.02,shares,0
2017-12-20,22.79,22.79,22.23,22.34,22.81,850300,19034837.0,shares,0
2017-12-21,22.27,23.23,22.03,22.93,22.34,1621595,36824805.73,shares,0
2017-12-22,22.8,23.09,22.38,22.5,22.93,990267,22504171.26,shares,0
2017-12-25,22.45,22.51,22.05,22.18,22.5,759228,16820725.74,shares,0
2017-12-26,22.35,22.81,22.15,22.56,22.18,702454,15791090.3,shares,0
2017-12-27,22.56,22.56,21.91,22.0,22.56,731481,16279376.38,shares,0
2017-12-28,22.01,22.55,21.8,22.12,22.0,832276,18505116.15,shares,0
2017-12-29,22.12,22.38,22.09,22.35,22.12,640350,14235949.64,shares,0
2018-01-02,22.36,22.77,22.25,22.63,22.35,813846,18370648.98,shares,0
2018-01-03,22.64,23.33,22.54,23.17,22.63,1503937,34738681.77,shares,0
2018-01-04,23.06,23.26,22.89,23.05,23.17,922505,21275579.3,shares,0
2018-01-05,23.05,23.52,23.03,23.13,23.05,956893,22250879.46,shares,0
2018-01-08,23.01,23.1,22.62,22.89,23.13,631554,14382656.64,shares,0
2018-01-09,22.8,23.1,22.76,23.0,22.89,571066,13101154.2,shares,0
2018-01-10,23.0,23.0,22.3,22.68,23.0,812657,18370930.34,shares,0
2018-01-11,22.51,23.14,22.45,22.93,22.68,998758,22870435.22,shares,0
2018-01-12,22.95,23.0,22.7,22.71,22.93,537250,12264604.0,shares,0
2018-01-15,22.52,22.74,21.72,21.77,22.71,965750,21375987.36,shares,0
2018-01-16,21.77,22.09,21.45,21.69,21.77,737571,16017014.96,shares,0
2018-01-17,21.75,22.15,21.44,21.93,21.69,849573,18528297.44,shares,0
2018-01-18,21.83,21.99,21.5,21.53,21.93,800548,17360071.77,shares,0
2018-01-19,21.55,21.77,21.34,21.35,21.53,737823,15894581.18,shares,0
2018-01-22,21.35,21.52,20.59,21.49,21.35,1109672,23427778.36,shares,0
2018-01-23,21.19,21.19,20.62,20.69,21.49,1582073,32990897.94,shares,0
2018-01-24,20.68,20.85,19.98,20.73,20.69,1777502,36418025.99,shares,0
2018-01-25,20.7,21.33,20.51,20.81,20.73,1868315,39040840.57,shares,0
2018-01-26,20.61,20.92,20.38,20.4,20.81,1249700,25688109.0,shares,0
2018-01-29,20.44,20.44,19.6,19.64,20.4,1599467,31834633.4,shares,0
2018-01-30,19.7,19.78,19.3,19.41,19.64,952300,18555047.06,shares,0
2018-01-31,19.37,19.41,17.8,18.08,19.41,1667897,30755774.5,shares,0
2018-02-01,18.15,18.23,17.09,17.12,18.08,1476113,25774512.8,shares,0
2018-02-02,17.1,17.43,16.7,17.17,17.12,1186600,20309590.25,shares,0
2018-02-05,16.8,17.28,16.7,16.91,17.17,701243,11927346.7,shares,0
2018-02-06,16.32,16.71,15.72,15.78,16.91,1402350,22756657.0,shares,0
2018-02-07,16.26,16.26,15.12,15.86,15.78,1324486,20854674.02,shares,0
2018-02-08,15.8,16.4,15.6,16.24,15.86,1255983,20325093.69,shares,0
2018-02-09,15.8,16.13,15.51,15.85,16.24,1073757,17054796.59,shares,0
2018-02-12,16.05,16.51,16.0,16.32,15.85,1003550,16404100.85,shares,0
2018-02-13,16.39,16.39,15.9,15.99,16.32,1317843,21136874.8,shares,0
2018-02-14,15.84,16.05,15.84,15.85,15.99,752450,11974653.5,shares,0
2018-02-22,16.02,16.29,15.85,16.17,15.85,1091182,17524153.82,shares,0
2018-02-23,16.28,16.5,16.09,16.39,16.17,1231354,20122007.56,shares,0
2018-02-26,16.5,18.03,16.5,18.03,16.39,2952460,51494944.71,shares,0
2018-02-27,18.2,19.03,18.1,18.36,18.03,5181196,95907079.58,shares,0
2018-02-28,18.02,18.27,17.6,18.25,18.36,2799652,50358275.04,shares,0
2018-03-01,17.99,18.7,17.86,18.59,18.25,2972158,54729093.7,shares,0
2018-03-02,18.38,19.16,18.25,18.5,18.59,3250337,60951160.54,shares,0
2018-03-05,18.41,19.3,18.25,19.03,18.5,3359587,62820894.46,shares,0
2018-03-06,19.32,19.56,18.56,18.72,19.03,4522763,86185484.28,shares,0
2018-03-07,18.67,18.67,18.28,18.32,18.72,2617021,48150829.11,shares,0
2018-03-08,18.24,19.19,18.24,19.18,18.32,3777022,70497669.02,shares,0
2018-03-09,19.31,19.93,19.02,19.85,19.18,4906186,95535031.6,shares,0
2018-03-12,19.94,20.32,19.66,19.89,19.85,4784984,95593568.36,shares,0
2018-03-13,19.97,19.97,19.47,19.52,19.89,3021137,59621954.02,shares,0
2018-03-14,19.4,19.55,19.04,19.12,19.52,2599140,49994696.91,shares,0
2018-03-15,18.85,19.0,18.31,18.86,19.12,2386852,44591244.9,shares,0
2018-03-16,18.9,19.12,18.64,18.66,18.86,1582522,29877581.16,shares,0
2018-03-19,18.6,19.28,18.52,18.88,18.66,1698986,32329319.84,shares,0
2018-03-20,18.08,18.38,17.77,18.28,18.88,4015713,72624768.69,shares,0
2018-03-21,18.39,18.85,18.21,18.23,18.28,2551358,47216706.9,shares,0
2018-03-22,18.22,18.63,18.17,18.6,18.23,1660822,30600714.86,shares,0
2018-03-23,17.9,18.22,16.88,17.05,18.6,2766408,48638478.57,shares,0
2018-03-26,16.82,17.5,16.23,17.45,17.05,1759080,29769905.21,shares,0
2018-03-27,17.58,18.31,17.58,18.27,17.45,2580929,46674851.88,shares,0
2018-03-28,17.93,18.97,17.93,18.79,18.27,3063220,57048930.54,shares,0
2018-03-29,18.82,19.23,18.42,18.68,18.79,1817933,33941956.91,shares,0
2018-03-30,18.68,19.5,18.6,19.49,18.68,3199463,61416973.84,shares,0
2018-04-02,19.8,19.98,19.1,19.41,19.49,3568363,69733472.22,shares,0
2018-04-03,19.1,19.28,18.6,19.14,19.41,1981377,37542910.46,shares,0
2018-04-04,19.09,19.39,18.41,18.6,19.14,2125653,40311232.82,shares,0
2018-04-09,18.61,19.41,18.18,19.41,18.6,2884545,54348714.79,shares,0
2018-04-10,19.41,19.8,19.1,19.58,19.41,3262883,63581658.67,shares,0
2018-04-11,19.6,20.35,19.42,20.2,19.58,3940696,78762931.28,shares,0
2018-04-12,20.05,20.25,19.66,19.74,20.2,2635079,52594083.59,shares,0
2018-04-13,19.86,20.17,19.62,20.02,19.74,2562748,51071843.48,shares,0
2018-04-16,20.0,20.62,19.82,20.17,20.02,2753137,55750802.95,shares,0
2018-04-17,20.8,21.98,20.18,21.44,20.17,8870264,187053983.02,shares,0
2018-04-18,22.0,22.3,20.54,21.92,21.44,9736742,209439100.49,shares,0
2018-04-19,21.01,21.59,20.98,21.0,21.92,5338213,113196449.88,shares,0
2018-04-20,20.73,21.63,20.42,21.06,21.0,4237606,89153354.5,shares,0
2018-04-23,20.65,20.94,19.68,20.17,21.06,3443702,69712760.08,shares,0
2018-04-24,19.8,20.18,19.62,20.1,19.85,2372900,47328290.0,shares,0
2018-04-25,20.09,21.21,19.95,21.0,20.1,4636054,96569047.41,shares,0
2018-04-26,20.8,21.03,20.06,20.12,21.0,3216648,65687356.12,shares,0
2018-04-27,20.35,20.45,19.69,19.7,20.12,2331897,46512404.08,shares,0
2018-05-02,19.69,19.79,18.64,18.81,19.7,2618754,49958900.84,shares,0
2018-05-03,18.7,19.31,18.65,19.25,18.81,1818587,34599002.89,shares,0
2018-05-04,19.1,19.4,18.73,18.93,19.25,1649181,31510768.66,shares,0
2018-05-07,18.83,19.46,18.83,19.45,18.93,1588600,30648206.0,shares,0
2018-05-08,19.46,19.65,19.3,19.55,19.45,1614864,31535872.03,shares,0
2018-05-09,19.55,20.41,19.45,20.4,19.55,3039010,60709057.3,shares,0
2018-05-10,20.23,20.35,20.05,20.33,20.4,2330884,47055306.13,shares,0
2018-05-11,20.21,20.41,19.56,19.59,20.33,2113725,41967940.25,shares,0
2018-05-14,20.3,20.38,19.62,19.62,19.59,2379760,47773239.0,shares,0
2018-05-15,19.38,19.68,19.09,19.63,19.62,1879164,36262773.52,shares,0
2018-05-16,19.48,19.5,19.08,19.08,19.63,1203950,23260254.5,shares,0
2018-05-17,19.09,19.35,19.09,19.29,19.08,1002764,19261539.88,shares,0
2018-05-18,19.22,19.57,19.08,19.41,19.29,1237657,23952513.36,shares,0
2018-05-21,19.44,21.3,19.44,20.6,19.41,5617066,115214857.89,shares,0
2018-05-22,20.4,22.66,20.31,22.38,20.6,12975652,284619759.97,shares,0
2018-05-23,21.73,21.89,21.03,21.12,22.38,9111395,195456590.75,shares,0
2018-05-24,21.36,21.95,21.2,21.2,21.12,6127105,132010782.37,shares,0
2018-05-25,20.87,20.96,20.5,20.7,21.2,3591089,74452998.75,shares,0
2018-05-28,20.84,21.16,20.5,20.55,20.7,3266838,68165364.69,shares,0
2018-05-29,20.5,21.09,20.15,20.69,20.55,2746669,57046121.06,shares,0
2018-05-30,20.15,20.15,19.0,19.22,20.69,4161808,81934553.72,shares,0
2018-05-31,19.4,19.65,19.1,19.55,19.22,2175800,42250128.0,shares,0
2018-06-01,19.5,19.59,18.6,18.76,19.55,2456503,46667126.19,shares,0
2018-06-04,18.81,19.13,18.6,18.78,18.76,1215703,22960089.7,shares,0
2018-06-05,18.9,19.59,18.84,19.44,18.78,2645950,51049974.5,shares,0
2018-06-06,19.5,19.6,18.95,19.28,19.44,2431519,46880574.05,shares,0
2018-06-07,19.3,19.42,18.56,18.56,19.28,1897922,35887388.13,shares,0
2018-06-08,18.6,19.99,18.6,19.37,18.56,3598591,69667578.57,shares,0
2018-06-11,19.22,19.22,18.64,18.78,19.37,1899729,35767050.62,shares,0
2018-06-12,18.75,18.98,18.05,18.56,18.78,1892664,34969454.64,shares,0
2018-06-13,18.23,18.9,18.2,18.2,18.56,1483259,27444963.75,shares,0
2018-06-14,18.01,18.42,18.01,18.32,18.2,1101594,20106586.18,shares,0
2018-06-15,18.3,18.56,17.5,17.76,18.32,1531264,27477382.24,shares,0
2018-06-19,17.38,17.4,15.98,16.25,17.76,2518599,42130367.56,shares,0
2018-06-20,16.04,16.71,16.01,16.53,16.25,1261300,20783319.0,shares,0
2018-06-21,16.52,16.74,16.08,16.25,16.53,983200,16140930.5,shares,0
2018-06-22,16.25,16.88,16.12,16.84,16.25,1031678,17234559.76,shares,0
2018-06-25,17.02,17.28,16.7,16.73,16.84,906600,15321283.0,shares,0
2018-06-26,16.5,17.5,16.3,17.39,16.73,1465811,25134805.79,shares,0
2018-06-27,17.38,17.45,17.08,17.33,17.39,944400,16287661.5,shares,0
2018-06-28,17.48,17.65,17.18,17.18,17.33,916600,16005307.0,shares,0
2018-06-29,17.19,17.79,17.15,17.7,17.18,1274950,22310202.5,shares,0
2018-07-02,17.59,17.79,16.95,17.22,17.7,1344750,23478703.0,shares,0
2018-07-03,17.22,18.0,17.22,18.0,17.22,1845950,32687298.0,shares,0
2018-07-04,17.84,18.03,17.29,17.52,18.0,1563250,27660427.5,shares,0
2018-07-05,17.3,17.55,16.76,16.76,17.52,1283550,21990501.4,shares,0
2018-07-06,16.7,17.53,16.56,17.15,16.76,1407617,24158482.39,shares,0
2018-07-09,17.18,17.66,17.17,17.57,17.15,875070,15329276.2,shares,0
2018-07-10,17.63,17.85,17.45,17.7,17.57,1115070,19686365.3,shares,0
2018-07-18,19.47,19.47,18.3,18.31,17.7,5562667,105015220.3,shares,0
2018-07-19,18.12,18.2,17.5,17.59,18.31,3326988,59485420.66,shares,0
2018-07-20,17.29,18.08,17.25,17.84,17.59,2085250,36863367.5,shares,0
2018-07-23,17.7,18.47,17.67,18.04,17.84,2427688,43979875.36,shares,0
2018-07-24,17.91,18.24,17.81,18.14,18.04,1443431,26084034.28,shares,0
2018-07-25,18.09,18.25,17.72,17.78,18.14,1625166,29166644.1,shares,0
2018-07-26,17.78,17.83,17.46,17.5,17.78,1109238,19494456.24,shares,0
2018-07-27,17.55,17.57,17.13,17.13,17.5,901600,15580905.0,shares,0
2018-07-30,17.0,17.2,16.9,17.09,17.13,947300,16149245.0,shares,0
2018-07-31,17.01,17.27,17.01,17.12,17.09,497296,8535249.26,shares,0
2018-08-01,17.22,17.62,17.13,17.4,17.12,1270546,22158929.27,shares,0
2018-08-02,17.4,17.55,16.68,17.54,17.4,1375800,23645366.0,shares,0
2018-08-03,17.51,17.6,17.02,17.15,17.54,586350,10122190.5,shares,0
2018-08-06,17.13,17.26,16.85,16.93,17.15,580785,9872395.25,shares,0
2018-08-07,16.99,17.39,16.85,17.36,16.93,555410,9544758.4,shares,0
2018-08-08,17.37,17.58,16.96,17.0,17.36,853144,14718595.85,shares,0
2018-08-09,16.99,18.15,16.79,17.92,17.0,2314896,41232554.14,shares,0
2018-08-10,17.81,18.21,17.69,17.93,17.92,1437650,25875480.5,shares,0
2018-08-13,17.8,18.68,17.59,18.29,17.93,1485439,27026581.8,shares,0
2018-08-14,18.05,18.22,17.95,18.0,18.29,834300,15067833.0,shares,0
2018-08-15,17.98,18.36,17.8,17.81,18.0,1427750,25796119.72,shares,0
2018-08-16,17.7,18.56,17.37,18.2,17.81,2483150,45099301.0,shares,0
2018-08-17,18.25,18.42,17.71,17.88,18.2,1640851,29835050.2,shares,0
2018-08-20,17.96,19.32,17.66,19.1,17.88,4030776,75157968.07,shares,0
2018-08-21,18.92,19.56,18.81,19.38,19.1,3943771,75487699.71,shares,0
2018-08-22,19.15,19.48,18.78,19.01,19.38,2542668,48483271.24,shares,0
2018-08-23,18.85,20.28,18.85,19.77,19.01,4046050,79286762.5,shares,0
2018-08-24,19.6,20.53,19.41,19.86,19.77,3271410,65284721.2,shares,0
2018-08-27,19.9,21.49,19.7,21.16,19.86,5305069,110781152.54,shares,0
2018-08-28,21.2,22.5,20.8,21.21,21.16,7025027,151821396.39,shares,0
2018-08-29,21.2,21.5,20.8,21.49,21.21,2646965,56029695.38,shares,0
2018-08-30,21.44,21.47,20.32,20.59,21.49,2968209,61703071.13,shares,0
2018-08-31,20.67,20.93,20.37,20.86,20.59,2412545,49852749.34,shares,0
2018-09-03,20.59,21.35,19.82,21.3,20.86,2694228,55012414.61,shares,0
2018-09-04,21.0,21.43,20.7,21.36,21.3,2532398,53451957.55,shares,0
2018-09-05,21.01,21.77,20.4,20.55,21.36,2714117,57533351.67,shares,0
2018-09-06,20.42,21.2,20.31,20.78,20.55,1916225,39977059.0,shares,0
2018-09-07,20.64,21.36,20.0,20.31,20.78,1845535,38203322.45,shares,0
2018-09-10,20.27,21.1,20.08,20.43,20.31,2294398,47325817.54,shares,0
2018-09-11,20.49,21.65,19.9,21.65,20.43,3792980,80293517.4,shares,0
2018-09-12,21.42,22.08,21.24,21.64,21.65,3011774,65344177.21,shares,0
2018-09-13,21.9,22.2,21.1,21.98,21.64,2994916,64984746.77,shares,0
2018-09-14,21.83,22.3,21.5,22.0,21.98,2645235,57923378.37,shares,0
2018-09-17,21.8,21.88,21.28,21.55,22.0,1643270,35531915.55,shares,0
2018-09-18,21.15,21.5,20.4,21.0,21.55,2879169,60247810.88,shares,0
2018-09-19,20.78,22.05,20.58,22.0,21.0,2802351,59962822.19,shares,0
2018-09-20,21.8,22.43,21.52,21.53,22.0,1975803,43335732.73,shares,0
2018-09-21,21.5,21.92,21.04,21.73,21.53,1599652,34313329.04,shares,0
2018-09-25,21.52,21.6,21.0,21.33,21.73,1540709,32770287.08,shares,0
2018-09-26,20.65,20.7,19.25,20.67,21.33,5601853,112331248.07,shares,0
2018-09-27,20.3,20.54,19.88,20.07,20.67,2053140,41587275.5,shares,0
2018-09-28,20.07,20.25,19.78,20.05,20.07,1427971,28633349.92,shares,0
2018-10-08,19.5,20.48,19.22,19.84,20.05,1367841,27437769.81,shares,0
2018-10-09,19.84,20.28,19.31,19.34,19.84,1294131,25481377.22,shares,0
2018-10-10,19.51,21.27,19.51,21.27,19.34,3439680,70429204.65,shares,0
2018-10-11,21.0,21.13,19.4,20.25,21.27,4169500,84727507.47,shares,0
2018-10-12,20.2,21.97,19.96,21.7,20.25,4557660,96278360.81,shares,0
2018-10-15,21.49,23.49,21.49,22.53,21.7,5128495,116246500.59,shares,0
2018-10-16,22.61,22.76,21.89,22.2,22.53,3292850,73223168.23,shares,0
2018-10-17,22.62,23.13,21.77,22.98,22.2,4359944,98465748.95,shares,0
2018-10-18,22.55,22.55,21.45,22.03,22.98,3107268,68589110.07,shares,0
2018-10-19,21.44,23.97,21.38,23.91,22.03,4727261,108221345.66,shares,0
2018-10-22,24.67,25.97,24.02,25.19,23.91,6953670,174518118.07,shares,0
2018-10-23,24.63,25.25,24.21,25.17,25.19,4764948,117565293.54,shares,0
2018-10-24,24.66,25.1,24.36,24.72,25.17,2963432,73343220.2,shares,0
2018-10-25,23.56,26.0,23.45,25.3,24.72,5006023,125039045.38,shares,0
2018-10-26,25.17,27.37,25.17,26.9,25.3,5735588,151262867.42,shares,0
2018-10-29,26.55,26.55,25.7,25.92,26.9,4036185,105165888.9,shares,0
2018-10-30,25.7,27.15,25.26,25.79,25.92,4652680,121232798.93,shares,0
2018-10-31,25.59,26.03,25.15,25.65,25.79,3172115,81391298.58,shares,0
2018-11-01,25.63,27.0,25.6,25.97,25.65,4544985,119863921.09,shares,0
2018-11-02,26.5,26.88,25.14,25.8,25.97,4558783,117505142.36,shares,0
2018-11-05,25.69,25.69,24.3,25.62,25.8,6620781,166340329.8,shares,0
2018-11-06,25.19,25.65,24.83,25.45,25.62,3571455,89903821.08,shares,0
2018-11-07,25.39,25.97,24.89,25.18,25.45,5103367,130369596.38,shares,0
2018-11-08,25.37,26.2,24.9,25.85,25.18,4747423,121642790.22,shares,0
2018-11-09,25.75,28.24,25.4,27.19,25.85,6860313,185537116.46,shares,0
2018-11-12,27.0,27.78,26.99,27.45,27.19,4690079,128314736.1,shares,0
2018-11-13,27.03,28.19,26.47,26.56,27.45,7570301,206855373.26,shares,0
2018-11-14,26.5,26.62,25.93,25.99,26.56,3683480,96641686.27,shares,0
2018-11-15,25.88,26.5,25.68,26.5,25.99,3856634,100759600.78,shares,0
2018-11-16,26.3,26.95,26.16,26.63,26.5,3808076,101232261.92,shares,0
2018-11-19,26.63,26.85,25.38,26.55,26.63,4349520,113785235.2,shares,0
2018-11-20,26.12,26.52,25.16,25.5,26.55,3266949,84567592.97,shares,0
2018-11-21,25.1,25.85,25.06,25.25,25.5,2281727,58069869.31,shares,0
2018-11-22,25.49,25.79,24.4,24.64,25.25,3023448,75684908.63,shares,0
2018-11-23,24.85,25.09,24.12,24.7,24.64,3210232,78868982.86,shares,0
2018-11-26,24.35,25.15,24.35,24.95,24.7,2838300,70306691.0,shares,0
2018-11-27,25.03,25.69,24.89,25.28,24.95,3202210,81113976.6,shares,0
2018-11-28,25.12,25.59,24.65,25.46,25.28,2422477,61104449.56,shares,0
2018-11-29,25.52,25.67,23.88,23.89,25.46,3080524,76125768.3,shares,0
2018-11-30,23.75,24.78,23.62,24.64,23.89,2215757,53468818.19,shares,0
2018-12-03,25.55,26.69,25.43,26.45,24.64,5526053,144413496.64,shares,0
2018-12-04,26.32,26.66,26.12,26.48,26.45,2982822,78774629.95,shares,0
2018-12-05,25.99,26.58,25.87,26.04,26.48,3231956,84629522.3,shares,0
2018-12-06,25.5,25.5,23.45,23.59,26.04,6111772,148265281.04,shares,0
2018-12-07,23.64,24.78,23.64,24.51,23.59,3951048,96368149.42,shares,0
2018-12-10,24.66,25.83,24.51,25.3,24.51,4127100,104094798.94,shares,0
2018-12-11,25.83,26.49,25.22,25.83,25.3,4399644,114162004.74,shares,0
2018-12-12,26.36,26.62,24.95,25.07,25.83,3499804,90032856.42,shares,0
2018-12-13,25.7,25.9,25.32,25.46,25.07,3789985,97128324.81,shares,0
2018-12-14,25.08,25.33,24.21,24.48,25.46,3663864,90327997.21,shares,0
2018-12-17,24.4,24.5,23.4,23.79,24.48,3193387,75713278.96,shares,0
2018-12-18,23.59,23.63,22.75,23.31,23.79,3782227,87720346.08,shares,0
2018-12-19,23.37,23.74,22.92,23.07,23.31,2579265,60134887.95,shares,0
2018-12-20,22.99,23.45,22.79,23.21,23.07,2561533,59227962.77,shares,0
2018-12-21,23.05,23.4,22.73,23.08,23.21,2594664,59884800.18,shares,0
2018-12-24,23.2,24.59,23.2,24.56,23.08,5175561,124624590.88,shares,0
2018-12-25,24.1,25.97,23.93,25.51,24.56,5726385,141652934.75,shares,0
2018-12-26,25.33,25.35,24.72,24.73,25.51,3473493,86668797.22,shares,0
2018-12-27,25.1,25.37,24.5,24.65,24.73,3463917,86381341.92,shares,0
2018-12-28,24.7,24.92,24.1,24.17,24.65,2664770,65461445.53,shares,0
2019-01-02,24.43,25.47,24.1,25.4,24.17,4160130,103460082.19,shares,0
2019-01-03,25.3,25.3,23.61,23.61,25.4,4888150,118606077.18,shares,0
2019-01-04,23.06,24.8,23.05,24.66,23.61,3575192,85950605.04,shares,0
2019-01-07,24.68,26.1,24.65,25.8,24.66,5138825,131498421.67,shares,0
2019-01-08,25.6,25.94,25.12,25.66,25.8,3439305,88095529.04,shares,0
2019-01-09,25.8,26.39,25.27,25.43,25.66,3883538,100604085.45,shares,0
2019-01-10,25.45,26.88,25.21,26.4,25.43,5692275,149498053.02,shares,0
2019-01-11,26.67,27.27,26.01,26.31,26.4,4889391,130374026.17,shares,0
2019-01-14,26.18,26.83,25.57,26.8,26.31,3627382,95407521.43,shares,0
2019-01-15,26.3,27.24,25.81,26.95,26.8,4568612,121359629.2,shares,0
2019-01-16,26.78,27.97,26.61,27.03,26.95,4225910,115690408.29,shares,0
2019-01-17,26.93,27.4,26.34,26.4,27.03,3026457,81160440.47,shares,0
2019-01-18,26.4,26.84,25.85,26.65,26.4,2656963,70053462.61,shares,0
2019-01-21,26.5,27.45,26.35,27.16,26.65,2932533,79304676.09,shares,0
2019-01-22,27.01,27.15,26.35,26.5,27.16,2775014,73720232.14,shares,0
2019-01-23,26.41,26.68,25.93,26.2,26.5,2188290,57477915.54,shares,0
2019-01-24,26.1,27.19,26.0,26.53,26.2,2616032,69804420.04,shares,0
2019-01-25,26.55,27.2,26.3,26.69,26.53,2504533,66908801.52,shares,0
2019-01-28,26.68,26.83,26.11,26.3,26.69,1876978,49563623.04,shares,0
2019-01-29,26.23,26.23,24.9,25.3,26.3,2850551,72739781.37,shares,0
2019-01-30,25.06,26.69,25.06,25.8,25.3,3059500,79870267.82,shares,0
2019-01-31,26.2,27.12,25.64,26.36,25.8,2929443,77736861.41,shares,0
2019-02-01,26.36,27.77,26.26,27.69,26.36,3725009,101448962.82,shares,0
2019-02-11,27.99,30.1,27.76,29.89,27.69,5822957,169478738.41,shares,0
2019-02-12,29.94,30.1,29.5,29.66,29.89,3562184,105980627.13,shares,0
2019-02-13,29.54,31.19,29.53,30.01,29.66,6190080,187164925.63,shares,0
2019-02-14,29.9,30.01,29.4,29.73,30.01,2889815,85939718.66,shares,0
2019-02-15,29.9,30.61,29.4,29.57,29.73,3574044,107149947.69,shares,0
2019-02-18,30.3,30.65,29.59,30.42,29.57,4677707,141282140.97,shares,0
2019-02-19,30.6,32.16,30.58,31.7,30.42,6643234,209073035.77,shares,0
2019-02-20,31.0,31.17,29.84,30.7,31.7,5738760,174447387.46,shares,0
2019-02-21,30.48,32.57,30.11,31.05,30.7,5876356,184857547.11,shares,0
2019-02-22,30.96,33.28,30.8,33.16,31.05,5390893,172672875.68,shares,0
2019-02-25,34.0,35.66,32.9,34.96,33.16,6644170,227890427.64,shares,0
2019-02-26,34.08,35.49,33.35,33.38,34.96,5907101,201274419.94,shares,0
2019-02-27,33.03,33.89,32.21,32.43,33.38,3747237,123220738.69,shares,0
2019-02-28,32.49,33.47,32.4,33.19,32.43,2894693,95601316.29,shares,0
2019-03-01,33.22,33.75,32.51,33.7,33.19,2563993,85013284.08,shares,0
2019-03-04,33.95,34.55,33.2,33.79,33.7,3833454,130423194.12,shares,0
2019-03-05,33.5,34.35,32.85,34.26,33.79,3998458,134410424.85,shares,0
2019-03-06,34.31,34.5,33.43,34.08,34.26,3385200,114732798.42,shares,0
2019-03-07,33.67,34.08,32.4,32.76,34.08,4240621,139949944.24,shares,0
2019-03-08,32.3,35.18,32.05,32.93,32.76,5809056,196441518.97,shares,0
2019-03-11,33.21,34.21,32.8,33.65,32.93,5547683,185776645.26,shares,0
2019-03-12,33.62,33.89,33.05,33.48,33.65,4783716,160138527.73,shares,0
2019-03-13,33.37,33.43,31.61,32.0,33.48,3464118,113571939.75,shares,0
2019-03-14,31.63,32.52,31.05,31.62,32.0,2688595,85879269.04,shares,0
2019-03-15,31.9,32.36,30.44,31.12,31.62,4066427,127043785.58,shares,0
2019-03-18,31.09,32.8,31.05,32.8,31.12,3482363,111498848.52,shares,0
2019-03-19,33.02,33.2,31.98,32.18,32.8,2490082,80753670.84,shares,0
2019-03-20,32.68,32.9,31.6,32.22,32.18,2787367,90206301.47,shares,0
2019-03-21,32.31,32.7,32.0,32.08,32.22,2618753,84489621.74,shares,0
2019-03-22,32.25,33.1,31.4,33.04,32.08,3440207,111511265.99,shares,0
2019-03-25,32.55,33.64,32.2,32.94,33.04,3378412,111114502.45,shares,0
2019-03-26,32.88,33.15,29.88,30.5,32.94,3893128,122005365.1,shares,0
2019-03-27,30.7,31.16,30.26,30.87,30.5,1868330,57545992.34,shares,0
2019-03-28,30.91,32.33,30.6,30.7,30.87,2388089,75219982.3,shares,0
2019-03-29,30.6,32.09,30.08,31.91,30.7,3000469,94113210.87,shares,0
2019-04-01,32.4,33.7,32.02,33.35,31.91,3398736,112968931.72,shares,0
2019-04-02,34.0,34.0,32.75,32.89,33.35,2389745,79671775.76,shares,0
2019-04-03,32.71,33.37,32.35,32.9,32.89,1980400,64867610.99,shares,0
2019-04-04,32.9,33.29,31.5,32.1,32.9,3203412,102749170.6,shares,0
2019-04-08,32.01,32.45,30.89,31.6,32.1,3039072,95249125.38,shares,0
2019-04-09,31.0,32.4,30.73,31.63,31.6,4521622,142067727.74,shares,0
2019-04-10,31.4,32.33,31.0,31.7,31.63,3439460,108844760.8,shares,0
2019-04-11,31.69,32.3,30.73,30.85,31.7,2809786,88242550.6,shares,0
2019-04-12,30.26,31.08,30.18,30.46,30.85,1854864,56699235.78,shares,0
2019-04-15,31.0,32.4,31.0,31.42,30.46,4809287,152868556.07,shares,0
2019-04-16,31.54,34.56,31.28,34.56,31.42,7265983,243111523.83,shares,0
2019-04-17,35.25,36.64,34.56,35.59,34.56,9110192,324003370.56,shares,0
2019-04-18,35.4,36.37,34.68,36.04,35.59,6094564,216445389.46,shares,0
2019-04-19,35.71,35.78,33.5,34.7,36.04,6011309,207528308.03,shares,0
2019-04-22,34.45,35.59,33.8,33.82,34.7,4548191,157813688.23,shares,0
2019-04-23,34.21,34.44,32.92,33.06,33.82,3248690,108941666.8,shares,0
2019-04-24,33.4,33.55,32.5,33.36,33.06,3173816,105277016.67,shares,0
2019-04-25,32.92,33.35,31.16,31.29,33.36,4600120,147884750.02,shares,0
2019-04-26,30.94,32.28,30.4,31.4,31.29,4148084,130249329.75,shares,0
2019-04-29,31.4,31.87,29.5,29.68,31.4,4599197,138858151.61,shares,0
2019-04-30,29.88,30.29,29.3,29.64,29.68,2566284,76349188.09,shares,0
2019-05-06,28.55,28.55,26.68,26.68,29.64,2644728,71441278.4,shares,0
2019-05-07,26.62,26.79,25.3,26.08,26.68,4008116,104407576.06,shares,0
2019-05-08,25.26,26.9,25.21,26.13,26.08,3285071,86811134.56,shares,0
2019-05-09,25.75,26.9,25.75,26.26,26.13,2658366,70506363.63,shares,0
2019-05-10,26.89,27.86,26.12,27.7,26.26,3800177,103973000.85,shares,0
2019-05-13,27.85,27.85,26.85,27.08,27.7,2494601,68083913.68,shares,0
2019-05-14,26.39,27.88,26.39,27.5,27.08,2833639,77600148.0,shares,0
2019-05-15,27.84,28.1,27.27,27.59,27.5,2767577,76443823.18,shares,0
2019-05-16,27.42,27.65,26.58,27.47,27.59,2707422,73674398.76,shares,0
2019-05-17,27.35,27.92,25.8,25.98,27.47,3082798,82736172.08,shares,0
2019-05-20,25.8,25.8,23.38,24.93,25.98,6113814,149413327.86,shares,0
2019-05-21,24.96,27.03,24.7,27.03,24.57,6095475,158685410.65,shares,0
2019-05-22,27.17,28.38,26.57,27.25,27.03,5924436,163096156.64,shares,0
2019-05-23,27.46,27.46,25.88,26.29,27.25,4307089,114133394.52,shares,0
2019-05-24,25.95,26.6,23.67,24.09,26.29,6871649,171459531.34,shares,0
2019-05-27,24.6,26.5,24.54,26.5,24.09,5543856,141591195.92,shares,0
2019-05-28,27.8,27.89,25.61,26.48,26.5,7144560,190318436.66,shares,0
2019-05-29,26.5,27.28,26.03,26.83,26.48,4939345,132708370.54,shares,0
2019-05-30,26.83,26.84,25.88,26.31,26.83,3802135,99983049.47,shares,0
2019-05-31,26.28,27.23,26.27,26.5,26.31,3895402,104278666.64,shares,0
2019-06-03,26.66,27.67,24.78,26.96,26.5,7666006,202439110.05,shares,0
2019-06-04,27.02,27.85,26.59,27.45,26.96,7885069,215229058.65,shares,0
2019-06-05,27.81,28.75,26.88,28.42,27.45,7838492,218178606.96,shares,0
2019-06-06,28.44,28.45,26.03,26.5,28.42,6467235,175268951.65,shares,0
2019-06-10,26.53,27.7,26.25,27.23,26.5,4364304,118766463.06,shares,0
2019-06-11,27.24,27.98,26.39,27.92,27.23,6250175,171014090.24,shares,0
2019-06-12,27.62,28.42,27.45,27.5,27.92,4921318,137246494.89,shares,0
2019-06-13,27.31,27.97,27.23,27.39,27.5,3241600,89159360.44,shares,0
2019-06-14,27.41,27.59,25.87,26.02,27.39,4572638,121172954.64,shares,0
2019-06-17,26.08,26.43,25.68,25.98,26.02,2341459,61009395.2,shares,0
2019-06-18,26.24,26.24,25.6,25.91,25.98,1739457,45145149.0,shares,0
2019-06-19,27.02,27.17,26.3,26.36,25.91,3957108,105896508.55,shares,0
2019-06-20,26.48,26.95,25.65,26.71,26.36,3630339,95853618.48,shares,0
2019-06-21,26.9,27.62,26.84,27.23,26.71,4087150,111458789.69,shares,0
2019-06-24,27.23,27.34,26.78,27.09,27.23,2031446,54850834.36,shares,0
2019-06-25,27.09,27.25,26.22,26.82,27.09,2095900,55850347.0,shares,0
2019-06-26,26.68,27.45,26.4,27.05,26.82,2624314,71299591.6,shares,0
2019-06-27,27.5,28.35,27.5,28.18,27.05,5399255,150920594.52,shares,0
2019-06-28,28.0,28.0,26.9,27.62,28.18,3652800,100081387.64,shares,0
2019-07-01,28.65,30.18,28.51,29.79,27.62,6450672,188227860.7,shares,0
2019-07-02,29.49,29.7,29.05,29.41,29.79,2335079,68408845.51,shares,0
2019-07-03,29.4,30.3,29.02,30.21,29.41,3564079,106027728.93,shares,0
2019-07-04,30.0,30.14,29.15,29.18,30.21,2375925,70336531.0,shares,0
2019-07-05,29.24,29.66,28.78,29.06,29.18,1940200,56653221.0,shares,0
2019-07-08,29.39,29.39,28.32,28.45,29.06,2191293,63046774.55,shares,0
2019-07-09,28.5,31.0,28.33,30.01,28.45,4248100,127347239.5,shares,0
2019-07-10,30.31,30.8,29.23,29.45,30.01,2882400,86092137.71,shares,0
2019-07-11,29.88,30.16,29.36,29.7,29.45,2353481,70118486.42,shares,0
2019-07-12,29.52,30.68,29.52,30.08,29.7,2506787,75867878.96,shares,0
2019-07-15,30.07,32.35,29.92,31.84,30.08,3882228,121357678.78,shares,0
2019-07-16,31.93,33.0,31.61,32.23,31.84,3811301,123626733.86,shares,0
2019-07-17,32.1,32.78,31.63,31.75,32.23,2968661,95156029.82,shares,0
2019-07-18,31.1,32.32,31.1,31.36,31.75,2480115,78539180.51,shares,0
2019-07-19,31.14,31.99,31.03,31.13,31.36,2304074,72344419.2,shares,0
2019-07-22,31.1,31.4,29.81,30.75,31.13,2131955,65437657.7,shares,0
2019-07-23,30.07,31.28,30.07,31.12,30.75,1906694,58847499.73,shares,0
2019-07-24,31.3,32.3,31.3,32.2,31.12,2515987,80269465.61,shares,0
2019-07-25,32.0,32.96,31.82,32.15,32.2,2956764,95727785.02,shares,0
2019-07-26,32.1,32.49,31.8,32.29,32.15,1428393,46000972.28,shares,0
2019-07-29,32.4,33.3,32.3,33.03,32.29,2386177,78402857.52,shares,0
2019-07-30,32.76,33.74,32.53,32.89,33.03,2865400,94896031.4,shares,0
2019-07-31,32.79,33.28,32.27,32.29,32.89,1774599,57984556.46,shares,0
2019-08-01,32.29,33.62,31.9,33.35,32.29,2838468,93443424.27,shares,0
2019-08-02,32.24,32.58,31.42,31.75,33.35,3516056,112181123.88,shares,0
2019-08-05,31.23,32.13,30.55,31.1,31.75,4837741,152281054.61,shares,0
2019-08-06,31.0,31.29,29.85,31.15,31.1,3577911,109439783.86,shares,0
2019-08-07,31.42,31.5,29.52,29.59,31.15,4208532,127057176.41,shares,0
2019-08-08,29.55,30.1,29.24,30.01,29.59,2889477,86250923.74,shares,0
2019-08-09,30.09,30.97,29.61,30.09,30.01,3344000,101377049.0,shares,0
2019-08-12,30.07,32.1,29.56,32.05,30.09,4700211,145617781.21,shares,0
2019-08-13,31.3,33.48,31.15,33.39,32.05,6667893,217631109.8,shares,0
2019-08-14,34.47,34.5,33.0,33.22,33.39,5274871,176982088.97,shares,0
2019-08-15,32.1,33.5,32.1,33.3,33.22,4751790,156277840.44,shares,0
2019-08-16,33.03,33.58,32.46,33.0,33.3,5487100,180266959.92,shares,0
2019-08-19,33.26,34.22,32.66,33.82,33.0,5184676,174133938.42,shares,0
2019-08-20,33.81,34.14,33.27,33.31,33.82,3577450,120055207.2,shares,0
2019-08-21,33.34,35.15,33.21,34.41,33.31,6552060,224639788.5,shares,0
2019-08-22,34.3,34.68,33.67,34.17,34.41,4091494,139706204.52,shares,0
2019-08-23,34.22,34.25,32.97,33.25,34.17,3926795,131128781.89,shares,0
2019-08-26,32.51,33.19,32.3,32.95,33.25,3649144,119663584.56,shares,0
2019-08-27,33.2,33.58,32.66,33.05,32.95,3186044,105660087.0,shares,0
2019-08-28,32.95,33.24,32.45,32.52,33.05,2438794,79677783.56,shares,0
2019-08-29,32.79,33.03,32.36,32.61,32.52,2202100,71893262.0,shares,0
2019-08-30,32.8,32.85,30.79,31.17,32.61,4660736,148145968.8,shares,0
2019-09-02,31.37,33.47,31.3,33.39,31.17,5362895,175200673.61,shares,0
2019-09-03,33.4,34.58,33.12,34.35,33.39,5798711,196718085.89,shares,0
2019-09-04,34.06,35.38,33.88,34.7,34.35,5415731,187865243.5,shares,0
2019-09-05,35.08,38.17,35.08,38.17,34.7,8484553,315779296.48,shares,0
2019-09-06,38.9,41.3,38.19,39.38,38.17,11023260,434973478.91,shares,0
2019-09-09,39.76,40.4,39.01,40.12,39.38,8296157,329707766.05,shares,0
2019-09-10,39.78,40.15,38.49,39.02,40.12,5893983,230273209.33,shares,0
2019-09-11,39.55,39.55,37.9,38.39,39.02,4730218,182040462.52,shares,0
2019-09-12,38.98,38.98,37.78,38.25,38.39,3174079,121536757.67,shares,0
2019-09-16,38.38,39.88,38.03,39.84,38.25,5931595,232042462.31,shares,0
2019-09-17,39.18,39.37,37.0,38.0,39.84,4758499,180843733.39,shares,0
2019-09-18,37.93,38.06,37.01,37.62,38.0,2516402,94457546.41,shares,0
2019-09-19,37.8,38.16,37.11,37.92,37.62,2488655,93800446.6,shares,0
2019-09-20,37.69,38.39,37.4,37.46,37.92,3543370,133871456.76,shares,0
2019-09-23,37.11,37.97,37.04,37.6,37.46,3230844,120996218.3,shares,0
2019-09-24,37.98,39.45,37.41,38.49,37.6,4741639,182628649.32,shares,0
2019-09-25,37.9,38.31,35.66,36.54,38.49,4482163,165112672.86,shares,0
2019-09-26,36.44,36.8,34.7,34.92,36.54,3871933,137151206.09,shares,0
2019-09-27,35.25,35.75,34.86,35.35,34.92,2341349,82614846.3,shares,0
2019-09-30,35.28,35.58,34.5,34.5,35.35,2030564,70931715.8,shares,0
2019-10-08,34.95,35.18,34.01,34.35,34.5,2052783,71027135.34,shares,0
2019-10-09,34.33,35.63,33.68,35.48,34.35,2692644,94418998.03,shares,0
2019-10-10,35.5,36.6,35.3,36.5,35.48,3172839,114955293.75,shares,0
2019-10-11,36.47,36.93,35.81,36.35,36.5,2917909,106246108.63,shares,0
2019-10-14,36.79,36.79,36.0,36.66,36.35,2507698,91413384.76,shares,0
2019-10-15,36.73,38.3,36.73,37.28,36.66,5917974,223167791.61,shares,0
2019-10-16,37.21,38.47,37.21,37.52,37.28,3010729,114162827.55,shares,0
2019-10-17,37.55,37.79,36.68,37.0,37.52,2516380,93267564.4,shares,0
2019-10-18,37.1,37.48,36.15,36.26,37.0,2200062,80956947.46,shares,0
2019-10-21,36.03,36.58,35.16,36.1,36.26,1981299,70987973.59,shares,0
2019-10-22,36.4,38.32,36.14,38.28,36.1,4524252,170704906.78,shares,0
2019-10-23,38.28,38.47,37.61,37.81,38.28,2903796,110536364.16,shares,0
2019-10-24,37.69,37.98,36.7,37.5,37.81,2377354,88712062.91,shares,0
2019-10-25,37.4,37.93,36.61,37.8,37.5,2768288,102938440.82,shares,0
2019-10-28,37.89,38.67,37.32,38.25,37.8,4462334,169676517.6,shares,0
2019-10-29,38.09,38.09,36.1,36.2,38.25,4045963,148714294.14,shares,0
2019-10-30,35.92,36.74,35.56,35.9,36.2,1895110,68572305.67,shares,0
2019-10-31,35.88,36.77,35.41,35.44,35.9,2197889,78960652.82,shares,0
2019-11-01,35.8,36.19,34.76,35.07,35.44,3315468,117352127.8,shares,0
2019-11-04,35.3,36.24,35.14,35.8,35.07,2658285,95266654.71,shares,0
2019-11-05,35.88,36.25,34.91,35.27,35.8,2373140,83751933.83,shares,0
2019-11-06,35.2,35.34,34.06,34.2,35.27,2443851,84304182.64,shares,0
2019-11-07,34.33,34.88,34.11,34.49,34.2,1580645,54561489.47,shares,0
2019-11-08,34.69,35.32,34.61,34.65,34.49,1948555,67928503.73,shares,0
2019-11-11,34.16,34.26,33.2,33.49,34.65,2372243,80022976.43,shares,0
2019-11-12,33.63,33.85,33.0,33.65,33.49,1714388,57353772.09,shares,0
2019-11-13,33.75,33.93,33.27,33.78,33.65,1364845,45951474.98,shares,0
2019-11-14,33.9,34.23,33.48,34.1,33.78,2142173,72660406.04,shares,0
2019-11-15,34.0,34.21,33.36,33.53,34.1,1677880,56576068.18,shares,0
2019-11-18,33.84,34.18,33.36,33.92,33.53,1500144,50729132.23,shares,0
2019-11-19,33.85,36.18,33.65,35.98,33.92,4958896,174541681.22,shares,0
2019-11-20,35.79,36.2,35.38,35.6,35.98,2683829,95802007.17,shares,0
2019-11-21,35.64,35.75,35.0,35.21,35.6,1611338,56982935.09,shares,0
2019-11-22,35.4,36.35,34.62,35.34,35.21,2971755,105907495.44,shares,0
2019-11-25,35.65,35.65,31.93,32.41,35.34,5214673,171379654.51,shares,0
2019-11-26,32.48,32.95,31.49,31.9,32.41,2405284,77096834.46,shares,0
2019-11-27,31.42,32.49,31.42,32.2,31.9,1705718,54829162.93,shares,0
2019-11-28,32.21,32.8,32.09,32.48,32.2,1475412,47872787.8,shares,0
2019-11-29,32.44,33.06,32.25,32.71,32.48,1589720,52037084.5,shares,0
2019-12-02,32.85,33.2,32.38,32.8,32.71,1264593,41612358.78,shares,0
2019-12-03,32.38,34.08,32.02,34.0,32.8,1944221,64414248.32,shares,0
2019-12-04,33.51,34.16,33.3,33.6,34.0,1522380,51309987.48,shares,0
2019-12-05,33.71,34.65,33.48,34.48,33.6,1945083,66718176.29,shares,0
2019-12-06,34.49,35.3,34.35,35.08,34.48,1861785,65063464.5,shares,0
2019-12-09,35.15,35.48,34.81,35.1,35.08,1793056,63033611.92,shares,0
2019-12-10,34.97,35.38,34.7,35.0,35.1,1314900,46059398.96,shares,0
2019-12-11,35.0,35.55,34.56,34.79,35.0,1852298,64941265.1,shares,0
2019-12-12,35.06,35.93,34.87,35.09,34.79,2026672,71591110.2,shares,0
2019-12-13,35.62,35.7,35.03,35.36,35.09,1834041,64757131.69,shares,0
2019-12-16,35.55,37.15,35.47,36.85,35.36,3725779,136228414.98,shares,0
2019-12-17,37.3,38.1,36.86,37.6,36.85,4007176,151065130.27,shares,0
2019-12-18,37.52,37.78,36.88,36.89,37.6,3215107,119859212.21,shares,0
2019-12-19,37.0,37.27,36.59,37.05,36.89,2064091,76224151.14,shares,0
2019-12-20,37.19,37.6,36.78,37.11,37.05,1938304,71966698.56,shares,0
2019-12-23,36.94,36.94,36.0,36.14,37.11,2278336,83152820.68,shares,0
2019-12-24,36.45,37.3,36.08,37.24,36.14,1963478,72329052.96,shares,0
2019-12-25,37.1,37.53,36.9,37.2,37.24,1949913,72540906.7,shares,0
2019-12-26,37.2,37.99,37.02,37.49,37.2,2295400,86251322.95,shares,0
2019-12-27,37.8,37.97,36.3,36.52,37.49,2407646,89429836.75,shares,0
2019-12-30,36.09,36.99,35.25,36.4,36.52,1777990,64351512.42,shares,0
2019-12-31,36.37,38.77,36.28,38.26,36.4,4673442,178149945.74,shares,0
2020-01-02,38.39,38.75,37.91,38.35,38.26,3295755,126405506.87,shares,0
2020-01-03,38.4,38.88,38.02,38.51,38.35,2813287,108330074.58,shares,0
2020-01-06,38.75,39.51,38.23,38.63,38.51,3809516,148353701.66,shares,0
2020-01-07,39.03,39.03,38.11,38.52,38.63,2381837,91412155.29,shares,0
2020-01-08,38.4,38.49,36.68,36.94,38.52,4203709,157263345.83,shares,0
2020-01-09,37.5,38.45,37.12,38.44,36.94,3634666,137871413.02,shares,0
2020-01-10,38.55,39.66,38.3,39.26,38.44,3719090,144972215.3,shares,0
2020-01-13,39.22,39.87,38.63,39.87,39.26,2787041,109651316.82,shares,0
2020-01-14,39.83,39.87,38.78,38.89,39.87,2494435,97767793.03,shares,0
2020-01-15,38.86,39.58,38.75,39.22,38.89,1933564,75839652.15,shares,0
2020-01-16,39.45,39.86,38.9,39.27,39.22,2043670,80315616.03,shares,0
2020-01-17,38.33,38.33,36.77,37.65,39.27,7365665,275570544.95,shares,0
2020-01-20,37.62,39.9,37.38,39.1,37.65,6866644,266692521.35,shares,0
2020-01-21,39.0,39.44,38.12,38.15,39.1,3706623,143499832.72,shares,0
2020-01-22,38.11,39.89,37.01,39.45,38.15,4726897,182733468.88,shares,0
2020-01-23,38.74,40.18,37.48,37.79,39.45,5039599,195641906.47,shares,0
2020-02-03,34.01,34.01,34.01,34.01,37.79,721200,24528012.0,shares,0
2020-02-04,32.0,34.59,32.0,34.33,34.01,4396706,149052621.18,shares,0
2020-02-05,34.35,35.47,33.88,34.61,34.33,4291625,149360680.64,shares,0
2020-02-06,34.4,37.3,34.4,36.87,34.61,4523121,163328140.32,shares,0
2020-02-07,36.9,40.56,36.43,40.56,36.87,6717729,264817307.33,shares,0
2020-02-10,41.32,42.86,40.3,42.09,40.56,8103838,337254750.96,shares,0
2020-02-11,41.8,42.79,40.8,41.08,42.09,4789313,197823056.81,shares,0
2020-02-12,40.59,42.84,40.32,41.83,41.08,6914745,287847448.26,shares,0
2020-02-13,42.25,42.25,40.53,40.97,41.83,3668935,150752346.15,shares,0
2020-02-14,40.83,41.73,40.58,40.95,40.97,3310430,136133865.26,shares,0
2020-02-17,41.49,44.6,41.25,44.09,40.95,7936463,343528564.16,shares,0
2020-02-18,43.9,44.34,43.0,44.32,44.09,4203028,184051840.31,shares,0
2020-02-19,43.94,44.2,42.8,43.15,44.32,3384581,147188914.74,shares,0
2020-02-20,43.06,44.17,42.01,43.84,43.15,3657640,158222423.21,shares,0
2020-02-21,42.53,44.77,42.52,43.65,43.84,5070748,221214119.73,shares,0
2020-02-24,44.24,48.02,44.23,48.02,43.65,6041986,282048276.09,shares,0
2020-02-25,47.89,52.82,47.5,52.82,48.02,9740486,500604023.75,shares,0
2020-02-26,53.15,55.8,50.08,52.73,52.82,10547796,565275969.87,shares,0
2020-02-27,53.8,55.0,50.98,51.77,52.73,9375729,495607223.95,shares,0
2020-02-28,47.85,49.8,46.59,46.65,51.77,7014173,336823417.23,shares,0
2020-03-02,47.8,51.32,46.18,51.32,46.65,8992478,440947580.9,shares,0
2020-03-03,53.0,54.93,48.93,49.73,51.32,8233790,429351423.17,shares,0
2020-03-04,49.38,50.5,47.41,48.42,49.73,5348565,260860271.58,shares,0
2020-03-05,51.68,51.8,46.6,47.43,48.42,6589376,319982509.43,shares,0
2020-03-06,46.07,48.1,46.01,46.87,47.43,4115765,193380720.77,shares,0
2020-03-09,45.98,48.69,45.6,46.38,46.87,6248237,295885038.62,shares,0
2020-03-10,45.85,50.0,45.28,49.43,46.38,5637357,269985523.93,shares,0
2020-03-11,49.46,52.68,49.01,49.41,49.43,7205358,366693472.24,shares,0
2020-03-12,48.5,51.0,47.74,51.0,49.41,4727807,234232364.98,shares,0
2020-03-13,48.75,52.68,48.3,51.74,51.0,5315347,270524690.78,shares,0
2020-03-16,52.19,52.34,46.57,46.57,51.74,4965334,243306008.51,shares,0
2020-03-17,47.56,48.0,45.0,46.69,46.57,3524169,164790889.93,shares,0
2020-03-18,46.85,48.58,45.35,45.35,46.69,3367726,158742961.63,shares,0
2020-03-19,45.85,49.89,45.0,49.89,45.35,5874789,280915302.15,shares,0
2020-03-20,51.0,51.08,46.89,48.45,49.89,5935808,291459581.86,shares,0
2020-03-23,46.61,49.89,46.61,47.05,48.45,4249638,205476151.71,shares,0
2020-03-24,48.5,48.93,43.95,46.18,47.05,5502615,255047086.72,shares,0
2020-03-25,47.53,47.78,46.5,46.9,46.18,4365281,205834189.68,shares,0
2020-03-26,47.0,47.0,44.6,44.9,46.9,3356977,152369130.04,shares,0
2020-03-27,45.86,46.1,43.0,43.0,44.9,3271909,144201006.78,shares,0
2020-03-30,42.47,42.47,39.5,40.19,43.0,3899013,157390530.97,shares,0
2020-03-31,40.89,41.11,38.87,39.0,40.19,2997380,119046255.61,shares,0
2020-04-01,39.1,41.3,38.33,39.7,39.0,4013319,161195288.98,shares,0
2020-04-02,40.0,43.1,39.2,42.5,39.7,4016205,166441246.66,shares,0
2020-04-03,42.7,43.45,42.22,42.69,42.5,2882627,123216888.39,shares,0
2020-04-07,43.84,44.17,43.28,43.85,42.69,2192017,96060771.65,shares,0
2020-04-08,44.05,45.87,43.5,45.01,43.85,3480051,156379312.75,shares,0
2020-04-09,45.5,45.5,43.98,44.41,45.01,2458437,109371873.92,shares,0
2020-04-10,46.1,47.47,44.99,45.55,44.41,5420045,251085187.19,shares,0
2020-04-13,45.53,47.28,45.02,45.64,45.55,2955157,136196051.2,shares,0
2020-04-14,45.64,47.25,45.14,46.91,45.64,3726207,172753136.47,shares,0
2020-04-15,47.03,47.22,46.1,46.42,46.91,2352719,109558890.38,shares,0
2020-04-16,45.84,47.25,45.47,46.8,46.42,2016503,93803446.43,shares,0
2020-04-17,47.43,48.35,47.01,47.29,46.8,2529812,120476969.61,shares,0
2020-04-20,46.99,49.2,46.51,48.6,47.29,2872682,138405768.97,shares,0
2020-04-21,48.27,48.98,47.54,48.6,48.6,2094635,101161289.62,shares,0
2020-04-22,48.01,49.35,47.84,48.81,48.6,1746555,85042114.88,shares,0
2020-04-23,48.99,48.99,47.0,47.52,48.81,2305740,110808885.74,shares,0
2020-04-24,47.4,50.9,47.4,48.55,47.52,4733427,234205822.53,shares,0
2020-04-27,48.6,53.41,48.6,53.18,48.55,6201632,324032447.94,shares,0
2020-04-28,51.8,51.81,47.86,49.56,53.18,6885825,339726982.76,shares,0
2020-04-29,49.37,49.86,47.91,48.64,49.56,3050944,148982951.54,shares,0
2020-04-30,49.03,53.2,48.7,52.07,48.64,4277350,219163803.06,shares,0
2020-05-06,51.71,53.34,51.34,52.9,52.07,4987114,262127385.48,shares,0
2020-05-07,53.55,54.88,51.06,51.21,52.9,4853628,253722663.03,shares,0
2020-05-08,51.73,52.22,51.11,51.63,51.21,3240666,167618876.38,shares,0
2020-05-11,51.58,52.52,50.65,50.68,51.63,3435446,176668710.46,shares,0
2020-05-12,51.02,51.04,49.52,50.81,50.68,2774016,139669129.68,shares,0
2020-05-13,50.82,50.97,49.7,50.6,50.81,2133374,107164479.09,shares,0
2020-05-14,50.69,50.95,49.3,49.53,50.6,2526358,126158336.44,shares,0
2020-05-15,49.67,51.14,49.12,50.42,49.53,2840610,142826557.14,shares,0
2020-05-18,50.18,50.48,47.17,47.28,50.42,4655387,224988345.29,shares,0
2020-05-19,47.76,49.2,47.72,48.85,47.28,2624589,127482671.49,shares,0
2020-05-20,49.44,49.5,47.7,48.19,48.85,2282917,110470677.07,shares,0
2020-05-21,48.59,48.59,46.43,46.66,48.19,2526271,119198556.95,shares,0
2020-05-22,46.96,47.38,45.3,45.6,46.66,2292641,105791437.75,shares,0
2020-05-25,45.74,46.74,45.03,46.33,45.6,2239622,103136630.14,shares,0
2020-05-26,46.5,48.01,46.32,47.84,46.33,2255389,107042174.17,shares,0
2020-05-27,47.56,47.94,46.92,47.19,47.84,1389053,65692843.4,shares,0
2020-05-28,46.86,47.7,46.47,47.1,47.19,1413250,66351676.46,shares,0
2020-05-29,47.11,47.45,46.45,46.66,47.1,1652707,77504810.73,shares,0
2020-06-01,47.16,48.72,47.16,48.56,46.66,2940684,141953271.78,shares,0
2020-06-02,48.56,48.7,47.6,47.99,48.56,2283343,109650250.08,shares,0
2020-06-03,48.11,48.25,46.68,47.05,47.99,3223109,152394265.7,shares,0
2020-06-04,46.71,48.81,46.71,47.85,47.05,2548373,122253594.55,shares,0
2020-06-05,47.93,48.02,46.51,47.38,47.85,1946558,91864071.67,shares,0
2020-06-08,47.68,48.55,47.31,47.51,46.98,2158012,103411350.67,shares,0
2020-06-09,47.36,47.69,46.68,47.2,47.51,1344310,63400878.65,shares,0
2020-06-10,47.13,50.88,46.33,47.88,47.2,3210149,153852194.21,shares,0
2020-06-11,47.82,48.49,47.13,47.76,47.88,2838715,135581525.77,shares,0
2020-06-12,47.0,48.38,46.4,48.32,47.76,2766746,131074654.05,shares,0
2020-06-15,48.38,50.3,48.12,48.37,48.32,4371812,215527061.8,shares,0
2020-06-16,49.02,52.3,49.02,52.3,48.37,6084400,310393448.76,shares,0
2020-06-17,52.64,52.65,50.1,52.49,52.3,5425344,278346997.66,shares,0
2020-06-18,52.01,55.62,51.72,54.7,52.49,6652371,359234681.82,shares,0
2020-06-19,54.54,54.54,53.41,54.08,54.7,4112953,221639627.97,shares,0
2020-06-22,54.0,55.6,53.71,54.51,54.08,4108096,224562807.68,shares,0
2020-06-23,54.4,55.38,53.9,55.28,54.51,3054657,167239158.48,shares,0
2020-06-24,55.05,56.15,54.69,55.13,55.28,2595107,143540262.62,shares,0
2020-06-29,54.28,57.89,54.26,56.65,55.13,3793585,215057218.16,shares,0
2020-06-30,57.46,60.82,56.8,59.55,56.65,4472445,263601327.7,shares,0
2020-07-01,59.8,59.8,56.58,57.85,59.55,4529844,262713726.66,shares,0
2020-07-02,57.5,58.85,57.35,58.2,57.85,3361875,195622234.42,shares,0
2020-07-03,58.6,58.9,56.57,57.96,58.2,3503204,202136061.86,shares,0
2020-07-06,58.0,60.19,57.06,59.5,57.96,3822647,225602041.91,shares,0
2020-07-07,59.31,62.26,58.78,60.2,59.5,4454635,269714179.78,shares,0
2020-07-08,59.7,61.52,58.6,60.0,60.2,4371855,261046539.77,shares,0
2020-07-09,60.9,65.69,60.11,64.38,60.0,4952756,312995925.67,shares,0
2020-07-10,63.64,64.87,62.12,63.59,64.38,3528853,224224078.81,shares,0
2020-07-13,67.0,69.95,67.0,69.95,63.59,2141505,148084741.7,shares,0
2020-07-14,73.0,75.08,69.95,72.06,69.95,8657122,626731871.57,shares,0
2020-07-15,69.9,71.1,65.1,66.07,72.06,6117080,415730118.97,shares,0
2020-07-16,66.0,68.38,63.36,63.37,66.07,4858613,322173496.47,shares,0
2020-07-17,64.51,67.95,64.01,67.05,63.37,4179872,277575156.79,shares,0
2020-07-20,67.37,67.99,64.0,67.84,67.05,3712098,244652603.4,shares,0
2020-07-21,67.15,68.86,65.15,68.35,67.84,3198354,215698832.33,shares,0
2020-07-22,68.21,72.0,67.21,68.85,68.35,4081582,285037688.45,shares,0
2020-07-23,67.5,70.77,67.08,69.99,68.85,3138702,217703266.98,shares,0
2020-07-24,69.9,70.49,65.0,65.1,69.99,3822201,258017217.88,shares,0
2020-07-27,66.0,68.3,65.0,65.88,65.1,2594692,172813494.76,shares,0
2020-07-28,67.21,72.2,66.59,71.78,65.88,3687518,258766946.38,shares,0
2020-07-29,71.0,72.08,70.12,72.07,71.78,3194747,227071928.08,shares,0
2020-07-30,72.07,72.07,68.8,69.88,72.07,3212114,223911743.91,shares,0
2020-07-31,69.87,73.09,69.39,70.75,69.88,3900254,278164049.44,shares,0
2020-08-03,71.47,72.31,69.8,71.54,70.75,5038722,357886739.63,shares,0
2020-08-04,71.22,75.53,70.78,74.58,71.54,5021649,369402410.05,shares,0
2020-08-05,75.29,75.49,72.0,73.93,74.58,2510725,184727526.5,shares,0
2020-08-06,74.4,74.4,72.1,73.26,73.93,2151804,157465143.99,shares,0
2020-08-07,73.97,73.99,69.6,71.07,73.26,3179068,227596932.37,shares,0
2020-08-10,71.0,72.68,69.6,69.94,71.07,2511362,177438988.4,shares,0
2020-08-11,70.5,72.98,68.0,68.2,69.94,2789552,196567326.21,shares,0
2020-08-12,68.36,69.2,65.01,67.16,68.2,3448586,230002443.99,shares,0
2020-08-13,66.89,67.89,65.1,65.84,67.16,2354975,155614935.28,shares,0
2020-08-14,66.74,68.3,66.03,67.4,65.84,1844941,124159467.8,shares,0
2020-08-17,68.2,68.2,65.17,66.55,67.4,3385765,224216961.29,shares,0
2020-08-18,67.2,68.14,62.5,63.59,66.55,6981520,447652508.38,shares,0
2020-08-19,64.34,64.83,63.03,63.5,63.59,3945409,252608333.04,shares,0
2020-08-20,62.57,64.23,61.32,63.5,63.5,2834513,179973954.8,shares,0
2020-08-21,63.6,65.56,63.31,63.74,63.5,2728733,175483413.69,shares,0
2020-08-24,63.79,67.29,62.97,66.58,63.74,4197586,275278960.92,shares,0
2020-08-25,67.21,68.85,66.22,67.38,66.58,3477421,235243321.59,shares,0
2020-08-26,66.8,67.25,64.3,64.82,67.38,2544284,166833367.79,shares,0
2020-08-27,64.5,67.43,64.5,67.03,64.82,2258353,150037812.76,shares,0
2020-08-28,66.7,67.4,65.66,67.31,67.03,2039481,136148907.9,shares,0
2020-08-31,68.26,68.34,66.58,66.58,67.31,1772315,119163827.84,shares,0
2020-09-01,66.6,66.99,64.78,66.3,66.58,2366688,156166036.62,shares,0
2020-09-02,66.51,67.18,65.07,66.53,66.3,1962721,130297890.71,shares,0
2020-09-03,66.64,66.85,64.58,64.82,66.53,1940660,127084162.78,shares,0
2020-09-04,63.22,65.4,63.22,64.89,64.82,1681919,108596972.6,shares,0
2020-09-07,65.07,65.7,62.82,63.0,64.89,1986136,127302877.15,shares,0
2020-09-08,63.09,65.17,60.59,61.1,63.0,2905114,179167553.55,shares,0
2020-09-09,58.49,60.19,56.36,58.51,61.1,3984566,232529910.16,shares,0
2020-09-10,58.59,59.57,56.9,57.29,58.51,2165492,126351246.31,shares,0
2020-09-11,56.35,58.86,56.35,58.5,57.29,2079733,120735120.74,shares,0
2020-09-14,58.5,60.0,58.1,58.97,58.5,2630899,154709218.2,shares,0
2020-09-15,59.88,59.88,57.9,58.33,58.97,2017997,118254686.7,shares,0
2020-09-16,58.58,59.58,57.81,58.22,58.33,1444093,84438423.34,shares,0
2020-09-17,57.85,59.55,57.4,58.82,58.22,2134179,124897983.46,shares,0
2020-09-18,59.0,59.26,57.74,59.03,58.82,2183967,127736935.87,shares,0
2020-09-21,59.12,59.69,57.54,57.79,59.03,2110930,123099239.49,shares,0
2020-09-22,57.87,58.65,57.0,57.28,57.79,1314756,76105146.57,shares,0
2020-09-23,57.98,59.2,57.4,58.07,57.28,1659221,96480545.27,shares,0
2020-09-24,57.68,58.1,55.81,55.83,58.07,1830438,103576144.38,shares,0
2020-09-25,56.28,57.98,55.73,56.09,55.83,2144610,121514852.68,shares,0
2020-09-28,56.8,57.7,55.3,55.63,56.09,1831008,103186928.61,shares,0
2020-09-29,56.03,57.28,55.7,56.72,55.63,1765478,99924064.83,shares,0
2020-09-30,56.55,56.99,55.53,56.19,56.72,1989064,111861631.36,shares,0
2020-10-09,57.3,58.96,56.18,56.5,56.19,3460828,198846859.55,shares,0
2020-10-12,56.65,60.76,56.65,60.29,56.5,4544835,268318113.02,shares,0
2020-10-13,60.48,60.7,59.13,60.23,60.29,2264788,135601938.47,shares,0
2020-10-14,60.0,61.5,59.61,61.12,60.23,2772819,168012618.32,shares,0
2020-10-15,61.12,61.78,60.41,60.71,61.12,2163870,132146367.66,shares,0
2020-10-16,60.53,60.91,59.21,59.4,60.71,2141049,127986137.04,shares,0
2020-10-19,62.79,65.38,58.05,58.78,59.4,6548109,403678374.48,shares,0
2020-10-20,57.77,58.14,55.5,56.77,58.78,4264802,240846849.2,shares,0
2020-10-21,57.17,58.28,55.5,55.9,56.77,3546906,201084816.03,shares,0
2020-10-22,55.89,56.65,55.15,55.46,55.9,2632837,146656364.78,shares,0
2020-10-23,56.1,59.15,56.1,57.51,55.46,5793523,334343345.29,shares,0
2020-10-26,57.32,60.3,57.18,59.62,57.51,4229388,249345712.33,shares,0
2020-10-27,59.55,60.75,59.1,59.9,59.62,2754016,164591524.85,shares,0
2020-10-28,60.04,61.29,59.3,60.49,59.9,3321049,200221856.63,shares,0
2020-10-29,59.3,61.0,58.6,60.32,60.49,2844424,170449957.27,shares,0
2020-10-30,60.99,61.7,59.0,59.2,60.32,3072545,185989249.15,shares,0
2020-11-02,59.9,61.21,57.91,60.69,59.2,2995180,180125499.6,shares,0
2020-11-03,61.1,64.62,59.8,63.96,60.69,3407063,213508829.99,shares,0
2020-11-04,63.95,63.98,61.38,62.48,63.96,3084957,192990461.2,shares,0
2020-11-05,63.54,71.17,61.64,67.42,62.48,6816968,452216902.02,shares,0
2020-11-06,67.1,67.5,65.06,66.03,67.42,4279142,281826277.74,shares,0
2020-11-09,66.99,70.48,66.2,66.87,66.03,5478844,371238782.68,shares,0
2020-11-10,66.22,66.6,63.78,64.3,66.87,3136465,202919405.48,shares,0
2020-11-11,64.53,65.67,62.58,63.01,64.3,2710991,173906475.11,shares,0
2020-11-12,63.7,64.09,62.0,62.53,63.01,1963270,123586772.77,shares,0
2020-11-13,62.22,63.01,61.02,61.74,62.53,2111264,130448286.08,shares,0
2020-11-16,61.7,62.3,59.78,61.11,61.74,2452475,149333937.0,shares,0
2020-11-17,61.32,61.5,58.03,59.16,61.11,2952848,174606575.49,shares,0
2020-11-18,58.99,59.7,58.15,58.55,59.16,1880622,110392011.43,shares,0
2020-11-19,58.66,59.88,57.0,59.0,58.55,2410559,141253161.06,shares,0
2020-11-20,59.0,59.78,58.62,58.92,59.0,1580994,93398629.47,shares,0
2020-11-23,58.4,59.48,56.72,58.21,58.92,2765194,160476172.07,shares,0
2020-11-24,58.2,59.66,58.2,58.56,58.21,2612117,153799771.17,shares,0
2020-11-25,58.21,59.78,57.03,58.92,58.56,2784586,163065095.59,shares,0
2020-11-26,58.26,59.26,57.0,57.43,58.92,2288311,132855980.26,shares,0
2020-11-27,57.54,58.75,57.4,58.18,57.43,1645083,95584149.28,shares,0
2020-11-30,58.32,58.69,56.5,56.61,58.18,2594315,147933949.89,shares,0
2020-12-01,56.72,57.95,56.1,57.19,56.61,2255751,129361153.49,shares,0
2020-12-02,57.46,58.91,57.0,57.85,57.19,2836856,164099063.71,shares,0
2020-12-03,57.75,58.38,56.7,56.9,57.85,1811084,103511794.56,shares,0
2020-12-04,56.56,57.41,56.56,57.24,56.9,1150405,65686248.04,shares,0
2020-12-07,57.52,57.85,56.9,56.98,57.24,1759659,100759443.05,shares,0
2020-12-08,56.85,57.5,56.61,56.98,56.98,1392342,79426369.24,shares,0
2020-12-09,57.29,57.29,55.3,55.47,56.98,2518057,141709232.78,shares,0
2020-12-10,55.56,55.85,53.88,54.36,55.47,2308362,125929381.21,shares,0
2020-12-11,54.75,54.75,51.8,52.53,54.36,3321904,175495103.3,shares,0
2020-12-14,52.77,53.27,52.02,52.99,52.53,2212664,116361881.54,shares,0
2020-12-15,52.83,54.16,52.13,53.66,52.99,2124791,113341818.49,shares,0
2020-12-16,53.64,54.44,53.0,53.19,53.66,1810214,97315599.58,shares,0
2020-12-17,53.6,54.15,52.59,54.15,53.19,1548166,82982001.46,shares,0
2020-12-18,54.45,54.45,53.02,53.12,54.15,1356891,72644927.89,shares,0
2020-12-21,52.84,54.1,52.71,53.4,53.12,1424053,76159748.29,shares,0
2020-12-22,53.05,53.55,49.02,49.25,53.4,4281683,217662829.34,shares,0
2020-12-23,49.33,51.99,49.32,51.62,49.25,4433106,225667749.58,shares,0
2020-12-24,51.98,52.43,50.13,50.75,51.62,2281673,116263965.92,shares,0
2020-12-25,51.2,51.2,49.25,49.73,50.75,1585725,79363158.88,shares,0
2020-12-28,49.69,50.13,47.75,48.07,49.73,2875458,139743369.4,shares,0
2020-12-29,48.01,53.23,47.75,52.84,48.07,5035647,259033270.59,shares,0
2020-12-30,52.0,52.93,50.5,52.32,52.84,3812947,197974905.28,shares,0
2020-12-31,52.1,53.74,51.81,53.33,52.32,3143951,166813919.92,shares,0
2021-01-04,53.7,55.37,53.66,54.33,53.33,3709762,202015098.55,shares,0
2021-01-05,55.0,56.23,54.01,54.83,54.33,3958244,217734196.87,shares,0
2021-01-06,54.85,55.22,51.79,51.85,54.83,5938910,314841888.28,shares,0
2021-01-07,51.75,52.24,48.57,49.36,51.85,4779114,237550560.17,shares,0
2021-01-08,49.04,51.13,48.8,49.31,49.36,5234987,260664711.17,shares,0
2021-01-11,49.31,50.82,48.05,49.74,49.31,4439920,220695327.43,shares,0
2021-01-12,49.22,50.6,48.3,48.56,49.74,5488119,268886592.0,shares,0
2021-01-13,48.63,50.3,47.93,50.05,48.56,4913290,241686233.65,shares,0
2021-01-14,50.09,51.61,49.36,49.98,50.05,5859939,295606093.94,shares,0
2021-01-15,50.0,50.49,48.88,50.07,49.98,3786553,188521500.01,shares,0
2021-01-18,49.97,53.28,48.83,52.61,50.07,5075193,260558247.44,shares,0
2021-01-19,52.39,52.8,49.41,49.59,52.61,5791052,294255430.96,shares,0
2021-01-20,49.8,50.77,49.02,50.46,49.59,3054064,152958049.63,shares,0
2021-01-21,50.06,50.63,49.45,49.85,50.46,3229479,161309193.14,shares,0
2021-01-22,50.23,50.69,46.5,47.45,49.85,6210995,296059009.17,shares,0
2021-01-25,47.01,47.86,45.84,46.09,47.45,4341478,201953531.48,shares,0
2021-01-26,46.53,46.63,44.1,44.47,46.09,6102045,275012922.04,shares,0
2021-01-27,44.8,49.26,44.64,48.98,44.47,7679533,364686758.78,shares,0
2021-01-28,48.71,49.77,48.1,48.54,48.98,4364484,213746659.68,shares,0
2021-01-29,49.4,50.0,47.45,49.11,48.54,3729215,181991898.03,shares,0
2021-02-01,48.81,49.47,46.79,47.66,49.11,4069338,194096389.89,shares,0
2021-02-02,47.8,48.3,47.0,47.64,47.66,2933294,139938250.87,shares,0
2021-02-03,47.73,47.73,45.35,45.42,47.64,3877674,179952212.35,shares,0
2021-02-04,45.0,45.41,41.25,42.2,45.42,7848803,333974924.48,shares,0
2021-02-05,42.56,42.8,40.0,40.24,42.2,4552019,187115887.27,shares,0
2021-02-08,40.6,41.56,39.72,40.55,40.24,3896051,158770759.89,shares,0
2021-02-09,40.38,41.85,39.8,41.62,40.55,2997550,123154406.71,shares,0
2021-02-10,41.8,44.48,40.98,43.61,41.62,4974084,214350426.85,shares,0
2021-02-18,44.0,45.86,43.88,45.23,43.61,3367225,151023908.02,shares,0
2021-02-19,45.5,47.76,44.9,46.95,45.23,3452731,160371518.37,shares,0
2021-02-22,47.14,47.67,46.04,46.2,46.95,3444547,160870605.15,shares,0
2021-02-23,46.75,47.39,45.29,45.7,46.2,2568332,118749563.81,shares,0
2021-02-24,45.65,46.46,45.05,45.53,45.7,2479698,113572513.81,shares,0
2021-02-25,46.3,46.3,44.56,44.59,45.53,1837581,82866277.18,shares,0
2021-02-26,44.39,45.49,43.93,44.71,44.59,2212277,99108257.87,shares,0
2021-03-01,44.78,46.29,44.52,45.9,44.71,2868554,130895927.93,shares,0
2021-03-02,45.9,46.27,44.69,45.11,45.9,2000371,90334172.89,shares,0
2021-03-03,45.2,45.26,43.6,44.32,45.11,2650890,117535517.0,shares,0
2021-03-04,44.48,45.15,43.15,43.24,44.32,2230509,97962373.84,shares,0
2021-03-05,42.99,43.68,42.69,43.12,43.24,1920003,82863305.13,shares,0
2021-03-08,43.5,44.27,41.75,41.91,43.12,2366935,102311741.59,shares,0
2021-03-09,41.76,41.9,40.0,40.15,41.91,2497686,101945677.46,shares,0
2021-03-10,40.5,40.66,39.43,39.6,40.15,2230045,88738567.51,shares,0
2021-03-11,39.51,40.23,38.98,40.14,39.6,2473030,98094854.9,shares,0
2021-03-12,40.18,40.2,39.05,39.7,40.14,1700982,67186007.94,shares,0
2021-03-15,39.65,39.88,38.18,38.85,39.7,2262319,87631181.4,shares,0
2021-03-16,39.19,39.5,38.12,38.5,38.85,2527905,97635516.18,shares,0
2021-03-17,38.59,39.56,38.03,38.65,38.5,2550811,98932945.91,shares,0
2021-03-18,38.88,38.98,38.04,38.11,38.65,2013762,77214223.09,shares,0
2021-03-19,38.06,38.72,37.21,37.52,38.11,2118200,80492767.49,shares,0
2021-03-22,37.48,39.03,37.38,38.79,37.52,3046624,117545536.51,shares,0
2021-03-23,38.69,40.27,38.42,39.3,38.79,4511744,178393608.77,shares,0
2021-03-24,38.98,39.74,38.45,38.97,39.3,2763927,108289200.74,shares,0
2021-03-25,38.96,40.11,38.6,39.86,38.97,2101022,83180708.22,shares,0
2021-03-26,40.39,40.43,39.43,39.96,39.86,2981696,119170362.85,shares,0
2021-03-29,39.77,40.68,39.64,39.78,39.96,2120823,84848345.3,shares,0
2021-03-30,39.9,40.39,39.6,39.96,39.78,1925068,77170414.04,shares,0
2021-03-31,40.27,41.49,39.71,41.3,39.96,2347617,95875608.37,shares,0
2021-04-01,41.29,41.46,40.82,41.33,41.3,1458306,60020211.61,shares,0
2021-04-02,41.5,42.85,41.28,41.9,41.33,2806161,118594584.85,shares,0
2021-04-06,41.91,42.18,41.16,41.45,41.9,1436119,59746131.66,shares,0
2021-04-07,41.34,41.81,40.37,40.98,41.45,2472274,100979842.2,shares,0
2021-04-08,41.14,41.34,40.21,40.22,40.98,1447339,58801863.07,shares,0
2021-04-09,40.53,40.6,39.85,40.09,40.22,1303287,52345090.19,shares,0
2021-04-12,40.05,40.35,38.85,39.07,40.09,1391222,54839008.13,shares,0
2021-04-13,39.18,39.44,38.63,38.78,39.07,1117696,43605130.72,shares,0
2021-04-14,38.67,40.55,38.42,40.24,38.78,1776138,70679647.65,shares,0
2021-04-15,40.24,41.22,39.7,40.78,40.24,1357446,55165012.57,shares,0
2021-04-16,40.78,41.05,40.05,40.14,40.78,1935273,77954253.71,shares,0
2021-04-19,40.5,41.4,40.1,41.37,40.14,1764126,72136157.18,shares,0
2021-04-20,41.45,41.45,39.77,39.79,41.37,2425446,97856894.96,shares,0
2021-04-21,39.56,39.73,39.0,39.25,39.79,1294919,50752699.96,shares,0
2021-04-22,39.29,41.49,39.14,41.12,39.25,2642832,107045865.14,shares,0
2021-04-23,43.3,47.47,43.3,44.92,41.12,9291689,423457938.72,shares,0
2021-04-26,44.8,46.29,44.4,45.77,44.92,6190015,281068832.18,shares,0
2021-04-27,45.8,47.26,45.7,46.11,45.77,4763023,221029853.62,shares,0
2021-04-28,46.16,46.25,45.3,45.6,46.11,3093059,141455248.24,shares,0
2021-04-29,45.39,45.85,44.77,44.89,45.6,2773947,125270353.47,shares,0
2021-04-30,44.82,45.18,42.6,42.6,44.89,4389282,190787453.39,shares,0
2021-05-06,43.0,43.69,42.39,43.01,42.6,2713584,117079792.47,shares,0
2021-05-07,43.06,43.32,41.5,41.53,43.01,2138441,90331139.16,shares,0
2021-05-10,41.41,41.76,39.88,40.26,41.53,3537173,143687095.04,shares,0
2021-05-11,39.91,40.61,39.5,39.95,40.26,3193026,127647257.3,shares,0
2021-05-12,40.46,41.14,39.7,40.84,39.95,2712751,110170889.58,shares,0
2021-05-13,40.4,43.13,40.2,42.25,40.84,4382383,185335448.4,shares,0
2021-05-14,42.42,43.49,42.22,43.3,42.25,3162954,135990530.41,shares,0
2021-05-17,43.0,43.66,42.8,43.28,43.3,3428329,148025490.49,shares,0
2021-05-18,43.41,43.68,42.17,43.41,43.28,2775276,119454244.73,shares,0
2021-05-19,43.38,43.78,42.7,42.91,43.41,2561168,110469096.16,shares,0
2021-05-20,42.89,44.47,42.65,44.03,42.91,2924499,128678313.5,shares,0
2021-05-21,44.12,44.45,42.82,43.03,44.03,3340360,145276576.27,shares,0
2021-05-24,42.87,44.22,42.8,44.18,43.03,2315096,101002917.25,shares,0
2021-05-25,44.02,45.21,43.86,45.06,44.18,3597187,160605481.26,shares,0
2021-05-26,45.34,45.46,44.36,44.52,45.06,2278400,101660420.66,shares,0
2021-05-27,44.5,47.38,44.27,46.91,44.52,5727606,264130217.53,shares,0
2021-05-28,46.81,48.39,46.63,46.88,46.91,4145602,196187852.0,shares,0
2021-05-31,47.06,47.65,46.58,47.1,46.88,2920152,137165711.11,shares,0
2021-06-01,47.19,49.17,46.62,47.65,47.1,4706899,226533614.65,shares,0
2021-06-02,47.15,47.97,46.05,46.31,47.65,2596397,121012653.63,shares,0
2021-06-03,46.18,48.17,46.18,47.09,46.31,3656491,173723093.02,shares,0
2021-06-04,47.33,48.85,47.1,48.37,47.09,3969291,191022259.78,shares,0
2021-06-07,49.0,49.73,48.0,49.55,48.37,4240774,208168855.66,shares,0
2021-06-08,49.4,49.43,48.45,48.85,49.55,2790815,136247464.51,shares,0
2021-06-09,48.58,49.18,47.28,47.83,48.85,2531576,121482763.7,shares,0
2021-06-10,47.6,48.02,47.1,48.02,47.83,3168791,150752987.66,shares,0
2021-06-11,47.99,49.12,47.61,48.75,48.02,4257367,206997378.06,shares,0
2021-06-15,48.74,49.52,48.15,48.88,48.75,2315719,113030103.37,shares,0
2021-06-16,48.4,49.75,46.88,47.26,48.88,4225266,203748604.88,shares,0
2021-06-17,47.2,49.09,46.95,48.9,47.26,3017980,145858146.13,shares,0
2021-06-18,49.59,51.25,49.35,49.52,48.9,4249696,213141022.71,shares,0
2021-06-21,49.55,49.94,49.0,49.07,49.52,2640623,130290001.7,shares,0
2021-06-22,49.21,49.45,48.28,48.3,49.07,3280911,159710957.38,shares,0
2021-06-23,48.53,51.13,48.2,50.69,48.3,5166100,257384557.88,shares,0
2021-06-24,51.05,51.16,48.82,48.88,50.69,3675195,181071861.02,shares,0
2021-06-25,25.95,27.2,25.88,26.23,26.82,5094841,133988138.49,shares,0
2021-06-28,26.06,27.2,26.03,27.0,26.23,6085429,163132418.51,shares,0
2021-06-29,27.02,27.02,25.53,25.6,27.0,6015817,156661220.68,shares,0
2021-06-30,25.55,26.21,24.71,25.32,25.6,6872837,174596436.38,shares,0
2021-07-01,25.6,25.61,24.19,24.19,25.32,5388634,133337072.36,shares,0
2021-07-02,24.19,24.55,23.81,23.91,24.19,3914651,94597216.97,shares,0
2021-07-05,23.91,24.29,23.12,24.05,23.91,5532819,131553566.3,shares,0
2021-07-06,23.79,24.04,22.98,23.31,24.05,4978622,116481931.88,shares,0
2021-07-07,23.38,23.74,22.81,23.74,23.31,6221716,144473367.36,shares,0
2021-07-08,23.57,24.15,22.94,24.15,23.74,6814953,160731258.6,shares,0
2021-07-09,23.9,25.23,23.81,24.52,24.15,7561794,185532266.79,shares,0
2021-07-12,24.52,27.72,24.33,27.36,24.52,17379830,462345209.47,shares,0
2021-07-13,27.23,27.3,26.46,26.79,27.36,10728307,287380899.31,shares,0
2021-07-14,26.89,27.49,26.45,26.51,26.79,7852845,211477728.95,shares,0
2021-07-15,26.73,27.0,24.96,25.65,26.51,10971333,281479155.86,shares,0
2021-07-16,25.98,25.99,25.21,25.38,25.65,5829564,148069763.56,shares,0
2021-07-19,25.04,28.08,24.78,27.46,25.38,13958483,373187641.21,shares,0
2021-07-20,27.08,27.86,26.85,27.73,27.46,10135810,276943454.31,shares,0
2021-07-21,28.15,28.3,27.18,27.2,27.73,10514986,288802488.48,shares,0
2021-07-22,27.01,28.14,26.82,27.47,27.2,9997336,275292452.15,shares,0
2021-07-23,27.37,29.38,26.93,28.86,27.47,16202199,458889796.81,shares,0
2021-07-26,28.62,29.19,27.4,28.15,28.86,11865350,336662337.28,shares,0
2021-07-27,28.05,30.81,28.05,29.09,28.15,19366371,572542410.98,shares,0
2021-07-28,28.8,31.63,28.52,30.9,29.09,21871921,667573835.96,shares,0
2021-07-29,31.7,35.33,30.15,34.33,30.9,25430258,836166555.88,shares,0
2021-07-30,32.8,37.37,32.6,34.01,34.33,24152988,837386817.56,shares,0
2021-08-02,33.9,36.68,33.3,36.35,34.01,19726883,689493244.74,shares,0
2021-08-03,35.64,36.46,33.82,33.85,36.35,18218006,636882568.94,shares,0
2021-08-04,33.02,34.03,32.26,33.73,33.85,27190668,899504417.0,shares,0
2021-08-05,33.3,33.8,31.95,32.18,33.73,18051885,590263743.52,shares,0
2021-08-06,32.31,32.63,30.77,31.2,32.18,16599435,519321778.72,shares,0
2021-08-09,31.08,32.15,30.97,31.35,31.2,11976890,376188729.83,shares,0
2021-08-10,31.57,31.98,30.88,31.9,31.35,10698218,335504053.5,shares,0
2021-08-11,31.94,33.65,31.8,33.62,31.9,20149861,665662939.42,shares,0
2021-08-12,33.01,33.32,32.51,32.62,33.62,11463879,375712961.49,shares,0
2021-08-13,32.1,32.48,29.93,30.0,32.62,16553040,513740846.27,shares,0
2021-08-16,29.77,30.49,29.48,29.92,30.0,8133545,243986554.56,shares,0
2021-08-17,29.92,29.99,28.51,28.54,29.92,10268011,296959331.13,shares,0
2021-08-18,28.54,28.89,27.77,28.51,28.54,8543204,241188279.49,shares,0
2021-08-19,28.75,30.4,28.59,30.05,28.51,11836150,351582067.42,shares,0
2021-08-20,29.97,30.0,29.01,29.75,30.05,8846913,261013381.6,shares,0
2021-08-23,29.4,30.47,29.0,29.92,29.75,7822456,234278248.11,shares,0
2021-08-24,27.3,28.3,26.46,27.72,29.92,23063031,630042318.78,shares,0
2021-08-25,27.7,29.16,27.5,28.47,27.72,10545138,299725447.8,shares,0
2021-08-26,28.3,28.42,27.0,27.16,28.47,9314983,256638080.99,shares,0
2021-08-27,27.38,27.38,26.55,26.84,27.16,6583675,176783136.69,shares,0
2021-08-30,26.9,27.36,26.11,27.23,26.84,8045729,215441794.33,shares,0
2021-08-31,27.26,27.3,26.05,26.29,27.23,7003416,186012659.06,shares,0
2021-09-01,26.26,26.9,26.02,26.66,26.29,6136011,162306276.26,shares,0
2021-09-02,26.31,26.66,26.11,26.48,26.66,4898479,129318108.73,shares,0
2021-09-03,26.81,28.06,26.56,27.21,26.48,7871171,216201176.73,shares,0
2021-09-06,27.5,28.8,27.05,28.63,27.21,10421590,295656967.48,shares,0
2021-09-07,28.63,29.11,28.15,28.6,28.63,6729388,192701220.65,shares,0
2021-09-08,28.45,29.67,28.13,29.47,28.6,8536983,248045492.97,shares,0
2021-09-09,29.59,30.48,29.02,29.29,29.47,9446881,280624819.35,shares,0
2021-09-10,29.4,29.7,28.23,29.36,29.29,9061257,261743101.1,shares,0
2021-09-13,29.24,29.27,27.81,28.0,29.36,6885364,194995741.98,shares,0
2021-09-14,28.29,28.5,27.33,27.55,28.0,6467459,180199698.19,shares,0
2021-09-15,27.5,28.05,27.25,27.65,27.55,4093094,113202053.12,shares,0
2021-09-16,27.55,27.67,26.29,26.4,27.65,6451175,173789718.17,shares,0
2021-09-17,26.4,26.97,25.5,26.79,26.4,5904954,154983808.87,shares,0
2021-09-22,26.3,26.66,25.95,26.13,26.79,3069273,80355544.98,shares,0
2021-09-23,26.3,27.32,26.29,27.08,26.13,3992481,107494162.49,shares,0
2021-09-24,26.9,27.23,26.3,26.44,27.08,3137475,83713556.31,shares,0
2021-09-27,27.11,27.67,25.74,25.8,26.44,4615177,123472691.8,shares,0
2021-09-28,25.72,26.19,24.99,25.45,25.8,3595526,91959430.76,shares,0
2021-09-29,25.2,25.42,24.21,24.26,25.45,4430086,109162117.87,shares,0
2021-09-30,24.38,25.29,24.28,24.53,24.26,4259289,105610272.61,shares,0
2021-10-08,24.93,25.35,24.75,25.16,24.53,2905756,72811682.13,shares,0
2021-10-11,25.21,26.2,24.89,25.8,25.16,3941845,100962867.98,shares,0
2021-10-12,25.72,26.0,24.71,25.1,25.8,3633940,92132645.48,shares,0
2021-10-13,25.1,26.18,24.94,26.07,25.1,4107615,106137627.14,shares,0
2021-10-14,26.1,26.1,25.35,25.42,26.07,3838278,98770140.6,shares,0
2021-10-15,25.51,26.37,25.38,25.93,25.42,4120635,107125492.73,shares,0
2021-10-18,25.75,26.48,25.47,25.64,25.93,4419620,114676926.0,shares,0
2021-10-19,25.64,26.0,24.8,25.02,25.64,4329860,108870883.0,shares,0
2021-10-20,25.29,25.35,24.83,24.87,25.02,3310510,82755373.91,shares,0
2021-10-21,24.97,25.02,24.13,24.39,24.87,4201774,102900498.87,shares,0
2021-10-22,24.19,24.74,24.16,24.47,24.39,2326508,57094115.52,shares,0
2021-10-25,24.48,25.02,24.0,25.02,24.47,3404850,83563948.7,shares,0
2021-10-26,24.95,28.19,24.89,26.99,25.02,16614005,446522814.83,shares,0
2021-10-27,26.92,27.25,25.01,25.87,26.99,11101956,286964211.24,shares,0
2021-10-28,25.74,26.0,25.05,25.2,25.87,4327906,109731311.01,shares,0
2021-10-29,25.4,26.15,25.22,25.65,25.2,3874777,99494739.69,shares,0
2021-11-01,25.33,25.97,25.15,25.95,25.65,3914424,100379475.21,shares,0
2021-11-02,26.0,27.15,25.64,26.92,25.95,8424570,225205567.49,shares,0
2021-11-03,27.0,27.05,26.21,26.65,26.92,3832239,101752439.64,shares,0
2021-11-04,26.62,26.9,26.52,26.7,26.65,3424833,91468152.61,shares,0
2021-11-05,26.74,26.98,26.36,26.77,26.7,3913172,104833919.64,shares,0
2021-11-08,26.6,27.65,26.37,27.44,26.77,4900862,133019325.99,shares,0
2021-11-09,27.49,27.77,27.0,27.45,27.44,5011780,137494540.84,shares,0
2021-11-10,27.28,28.12,26.96,27.99,27.45,4891808,135894784.82,shares,0
2021-11-11,27.93,28.09,27.66,27.73,27.99,3963407,110261985.0,shares,0
2021-11-12,27.64,27.89,27.36,27.48,27.73,3656054,100903509.95,shares,0
2021-11-15,27.67,28.3,27.47,28.22,27.48,6081095,169967918.1,shares,0
2021-11-16,28.18,29.3,27.58,27.8,28.22,8335040,238252419.38,shares,0
2021-11-17,27.32,28.99,27.32,28.79,27.8,8180967,231576589.66,shares,0
2021-11-18,28.7,29.65,28.58,28.7,28.79,7054645,205521581.83,shares,0
2021-11-19,28.66,29.58,28.65,29.16,28.7,5340314,155906089.5,shares,0
2021-11-22,29.1,30.99,28.91,30.39,29.16,7939638,238360714.65,shares,0
2021-11-23,30.55,36.33,30.55,34.69,30.39,35792369,1230716158.0,shares,0
2021-11-24,35.0,35.88,34.0,35.23,34.69,16631717,587695151.78,shares,0
2021-11-25,35.11,35.58,32.47,32.81,35.23,18906403,632158176.05,shares,0
2021-11-26,32.52,32.88,31.25,31.63,32.81,13891735,440247650.6,shares,0
2021-11-29,31.6,33.44,30.92,32.67,31.63,11832981,382679938.19,shares,0
2021-11-30,33.01,33.88,32.52,33.25,32.67,10046837,334252027.18,shares,0
2021-12-01,33.86,34.26,32.84,34.1,33.25,8054097,270886087.19,shares,0
2021-12-02,34.0,34.9,32.96,34.74,34.1,10348380,355720196.74,shares,0
2021-12-03,34.59,36.25,33.91,36.25,34.74,11735779,413840495.43,shares,0
2021-12-06,35.96,37.0,34.46,34.75,36.25,8263971,293787933.64,shares,0
2021-12-07,34.43,35.31,33.38,33.63,34.75,9204969,312847322.54,shares,0
2021-12-08,33.63,34.72,33.2,34.13,33.63,6616635,225194211.65,shares,0
2021-12-09,33.96,34.25,32.58,32.79,34.13,7345148,242696806.43,shares,0
2021-12-10,32.79,33.25,32.33,32.47,32.79,4360543,142781909.3,shares,0
2021-12-13,32.49,33.13,31.73,32.52,32.47,6700801,217507361.27,shares,0
2021-12-14,32.8,33.87,32.34,33.42,32.52,6909279,230931289.98,shares,0
2021-12-15,33.68,34.7,33.11,33.3,33.42,5474748,184748961.72,shares,0
2021-12-16,33.3,34.33,32.2,34.01,33.3,5634677,188755280.71,shares,0
2021-12-17,33.96,34.27,32.78,32.86,34.01,4523083,150150063.64,shares,0
2021-12-20,31.8,32.33,30.65,31.64,32.86,8369304,263749616.36,shares,0
2021-12-21,31.61,32.78,31.42,32.57,31.64,6016121,193734006.67,shares,0
2021-12-22,32.75,34.15,32.02,33.89,32.57,6073397,202448582.23,shares,0
2021-12-23,34.06,34.16,33.0,33.25,33.89,4948913,165832392.18,shares,0
2021-12-24,33.25,33.6,32.0,33.42,33.25,6807849,224021765.65,shares,0
2021-12-27,33.3,35.26,32.78,34.92,33.42,7209504,248800631.93,shares,0
2021-12-28,35.2,35.68,34.56,34.91,34.92,7265367,253820120.73,shares,0
2021-12-29,34.5,36.1,34.43,35.1,34.91,7802711,275230439.92,shares,0
2021-12-30,35.1,36.8,34.73,36.18,35.1,7865968,282116084.84,shares,0
2021-12-31,36.1,36.65,35.61,36.6,36.18,4734678,171551422.94,shares,0
2022-01-04,36.05,37.33,34.5,36.39,36.6,8426495,305281565.53,shares,0
2022-01-05,36.19,36.19,34.22,34.31,36.39,4775722,167265447.48,shares,0
2022-01-06,34.32,35.26,33.6,33.75,34.31,3970657,135354789.49,shares,0
2022-01-07,33.86,34.24,32.44,32.8,33.75,3897380,128803503.33,shares,0
2022-01-10,32.4,34.4,31.8,34.22,32.8,6069721,204372633.03,shares,0
2022-01-11,34.35,34.62,33.2,33.48,34.22,3704479,125505522.58,shares,0
2022-01-12,33.89,34.38,32.73,32.91,33.48,2750763,91386004.95,shares,0
2022-01-13,33.68,33.99,31.51,32.28,32.91,5135528,166381551.08,shares,0
2022-01-14,31.52,33.07,31.52,32.49,32.28,2796896,90801425.12,shares,0
2022-01-17,32.67,37.2,32.52,36.76,32.49,12484104,447776558.51,shares,0
2022-01-18,37.1,38.65,36.2,37.42,36.76,10582995,397961720.57,shares,0
2022-01-19,36.77,38.08,36.52,37.15,37.42,5507596,204926576.83,shares,0
2022-01-20,37.15,37.99,36.4,36.59,37.15,7487490,278001793.83,shares,0
2022-01-21,36.3,37.14,35.31,35.53,36.59,3998496,143491255.77,shares,0
2022-01-24,35.87,36.2,35.06,35.33,35.53,2391253,84828786.56,shares,0
2022-01-25,35.33,35.71,34.0,34.68,35.33,4446470,154203140.12,shares,0
2022-01-26,34.83,35.65,34.0,35.19,34.68,4358640,152140634.64,shares,0
2022-01-27,35.18,35.23,33.17,33.29,35.19,5688582,193261272.4,shares,0
2022-01-28,33.29,34.84,33.23,33.75,33.29,4094874,139639251.62,shares,0
2022-02-07,34.85,34.97,32.96,33.47,33.75,4101336,137863862.24,shares,0
2022-02-08,33.48,33.75,31.46,31.95,33.47,5960730,191434237.59,shares,0
2022-02-09,32.06,34.4,31.71,34.27,31.95,6474241,214612912.44,shares,0
2022-02-10,33.99,36.97,33.5,36.9,34.27,12026121,430841023.71,shares,0
2022-02-11,36.53,36.82,33.22,35.87,36.9,10359763,362546735.96,shares,0
2022-02-14,34.65,36.35,33.69,35.08,35.87,5822571,206152514.23,shares,0
2022-02-15,35.26,36.18,34.75,36.12,35.08,3683397,131346031.02,shares,0
2022-02-16,36.28,36.6,34.88,35.08,36.12,4234794,150312108.97,shares,0
2022-02-17,34.88,35.28,33.9,34.1,35.08,4083860,140202384.0,shares,0
2022-02-18,34.5,37.1,34.5,36.5,34.1,8886551,321760662.6,shares,0
2022-02-21,37.9,38.25,36.37,37.5,36.5,12400676,461984970.84,shares,0
2022-02-22,36.84,37.4,35.8,35.95,37.5,7573625,276018282.9,shares,0
2022-02-23,36.0,36.7,35.39,36.29,35.95,6553808,238009319.4,shares,0
2022-02-24,36.03,36.03,33.82,34.83,36.29,6660658,233078260.3,shares,0
2022-02-25,35.0,35.72,34.07,34.19,34.83,5163393,178365997.55,shares,0
2022-02-28,34.36,34.87,33.61,34.53,34.19,3567914,122083074.0,shares,0
2022-03-01,34.55,37.25,34.35,37.25,34.53,8720516,316099968.0,shares,0
2022-03-02,37.2,37.2,35.78,36.33,37.25,5008963,181251572.0,shares,0
2022-03-03,36.3,36.33,34.65,34.83,36.33,5781579,203316131.0,shares,0
2022-03-04,34.45,35.65,33.98,35.05,34.83,4178693,145266115.0,shares,0
2022-03-07,35.0,35.0,31.96,32.45,35.05,7612771,250161299.0,shares,0
2022-03-08,32.46,33.54,32.3,32.5,32.45,5913134,194140787.0,shares,0
2022-03-09,32.54,33.0,29.5,30.95,32.5,9668262,299889920.0,shares,0
2022-03-10,31.88,32.76,31.6,32.25,30.95,6390751,205810975.0,shares,0
2022-03-11,31.66,32.2,30.68,31.88,32.25,5084749,159715490.0,shares,0
2022-03-14,31.86,31.86,30.32,30.32,31.88,3419580,105606690.0,shares,0
2022-03-15,30.3,30.39,28.1,28.13,30.32,7068376,206069805.0,shares,0
2022-03-16,28.85,29.14,27.27,28.39,28.13,5976633,168656481.0,shares,0
2022-03-17,29.1,30.17,28.31,29.47,28.39,7959523,233324038.0,shares,0
2022-03-18,29.3,29.6,28.51,29.28,29.47,4967156,144403556.17,shares,0
2022-03-21,29.58,29.58,28.03,28.5,29.28,5611446,160193595.9,shares,0
2022-03-22,28.45,28.5,26.8,27.21,28.5,8340780,228275844.35,shares,0
2022-03-23,27.35,29.45,26.61,29.21,27.21,10881735,310077391.17,shares,0
2022-03-24,28.59,28.93,27.58,27.93,29.21,8156454,229793466.44,shares,0
2022-03-25,27.97,28.15,27.13,27.18,27.93,4402478,121605083.6,shares,0
2022-03-28,26.99,27.47,26.2,27.37,27.18,4530321,121922657.71,shares,0
2022-03-29,27.56,28.22,26.82,27.05,27.37,3667138,100828771.04,shares,0
2022-03-30,27.12,27.85,27.03,27.51,27.05,2865464,78785511.41,shares,0
2022-03-31,27.29,28.3,26.89,27.75,27.51,3824292,105241715.19,shares,0
2022-04-01,27.62,28.17,27.23,27.95,27.75,3109415,86330250.12,shares,0
2022-04-06,27.96,27.98,26.59,26.81,27.95,4924130,133244610.26,shares,0
2022-04-07,26.64,26.94,25.66,25.88,26.81,6131195,159286978.35,shares,0
2022-04-08,26.08,26.22,24.82,25.47,25.88,4631985,117437087.68,shares,0
2022-04-11,25.54,25.85,23.8,24.1,25.47,5088742,123813872.66,shares,0
2022-04-12,23.95,24.5,23.21,24.03,24.1,4843747,115095489.22,shares,0
2022-04-13,23.84,23.84,22.2,22.4,24.03,12464880,282735665.57,shares,0
2022-04-14,22.7,22.9,21.73,22.35,22.4,7068673,156471901.94,shares,0
2022-04-15,22.18,22.35,21.26,21.93,22.35,8552176,185430334.18,shares,0
2022-04-18,21.89,23.35,21.36,23.23,21.93,7376298,167945681.42,shares,0
2022-04-19,23.1,23.83,23.01,23.4,23.23,7139897,166896200.98,shares,0
2022-04-20,23.87,23.96,23.01,23.34,23.4,5639107,132155229.87,shares,0
2022-04-21,23.09,23.35,22.0,22.13,23.34,6189251,139735558.19,shares,0
2022-04-22,21.9,22.19,21.01,21.2,22.13,5685240,122225263.48,shares,0
2022-04-25,21.02,21.06,19.3,19.34,21.2,7016312,140944107.0,shares,0
2022-04-26,19.52,19.64,18.45,18.6,19.34,6454760,122891262.78,shares,0
2022-04-27,18.78,21.23,18.78,21.01,18.6,9653642,193876726.66,shares,0
2022-04-28,20.5,21.19,20.3,20.64,21.01,7652423,158262623.12,shares,0
2022-04-29,20.94,22.27,20.49,21.87,20.64,8786116,189128201.0,shares,0
2022-05-05,21.77,23.28,21.68,23.09,21.87,8032484,182085718.6,shares,0
2022-05-06,22.7,23.26,22.19,22.81,23.09,5110526,115837469.66,shares,0
2022-05-09,22.73,24.05,22.52,23.79,22.81,7040651,165618844.85,shares,0
2022-05-10,23.5,26.3,23.23,26.16,23.79,9576784,240873528.65,shares,0
2022-05-11,25.99,28.12,25.06,27.32,26.16,10794855,289113755.42,shares,0
2022-05-12,27.07,27.07,25.3,26.02,27.32,9214755,239032736.86,shares,0
2022-05-13,25.84,26.43,25.65,26.0,26.02,5122579,133723796.46,shares,0
2022-05-16,25.88,26.59,25.32,25.42,26.0,2732118,70237892.8,shares,0
2022-05-17,25.25,26.38,25.15,26.11,25.42,4533299,117848441.74,shares,0
2022-05-18,26.01,26.48,25.64,25.87,26.11,3014102,78486153.58,shares,0
2022-05-19,25.28,25.99,25.13,25.89,25.87,3762025,96688470.17,shares,0
2022-05-20,26.2,26.21,24.98,25.84,25.89,4940750,125947350.09,shares,0
2022-05-23,25.83,25.84,24.93,25.5,25.84,3417853,86780096.47,shares,0
2022-05-24,25.21,26.09,24.2,24.28,25.5,4575043,114633414.52,shares,0
2022-05-25,24.13,25.15,24.13,24.99,24.28,3331568,82395563.78,shares,0
2022-05-26,24.99,26.38,24.32,25.91,24.99,5036523,129510170.43,shares,0
2022-05-27,26.02,26.26,24.32,25.1,25.91,6641171,166347476.42,shares,0
2022-05-30,25.29,26.1,24.55,25.9,25.1,5132336,130311415.05,shares,0
2022-05-31,25.99,27.72,25.48,26.73,25.9,7665729,205239391.0,shares,0
2022-06-01,26.71,27.5,26.51,27.34,26.73,4614722,125069083.38,shares,0
2022-06-02,27.3,27.96,26.81,27.6,27.34,5373854,147901412.91,shares,0
2022-06-06,27.18,29.37,27.14,28.97,27.6,7756912,220353185.79,shares,0
2022-06-07,28.67,29.3,28.01,28.52,28.97,5151397,146898984.04,shares,0
2022-06-08,28.66,28.77,27.5,28.01,28.52,3729034,104510864.03,shares,0
2022-06-09,27.82,27.82,26.5,26.98,28.01,4006060,108072350.6,shares,0
2022-06-10,26.33,28.08,26.3,27.71,26.58,4030250,110436213.81,shares,0
2022-06-13,27.7,28.6,27.11,27.89,27.71,5307189,149042150.34,shares,0
2022-06-14,27.89,28.0,25.87,26.57,27.89,7879958,208395395.14,shares,0
2022-06-15,26.7,27.79,26.57,27.06,26.57,4598149,125478854.85,shares,0
2022-06-16,27.55,27.93,27.07,27.36,27.06,3311448,91478795.46,shares,0
2022-06-17,27.31,28.16,26.8,27.96,27.36,3434467,95079906.36,shares,0
2022-06-20,28.04,29.76,28.04,28.96,27.96,6168905,180172451.8,shares,0
2022-06-21,29.0,29.07,27.1,27.8,28.96,5988619,167334482.12,shares,0
2022-06-22,27.79,28.23,26.7,26.91,27.8,4883403,133797310.14,shares,0
2022-06-23,27.3,27.69,26.5,26.76,26.91,7414224,199160281.34,shares,0
2022-06-24,26.76,28.3,26.71,28.25,26.76,7229606,201055076.45,shares,0
2022-06-27,28.06,28.33,27.43,27.88,28.25,5269483,146655251.11,shares,0
2022-06-28,28.0,28.2,27.04,27.91,27.88,3099567,85778920.33,shares,0
2022-06-29,27.88,28.58,27.0,27.07,27.91,5186975,143112315.68,shares,0
2022-06-30,27.16,27.66,26.73,27.07,27.07,4519104,122751864.65,shares,0
2022-07-01,26.8,27.25,26.02,26.45,27.07,5352025,141766838.29,shares,0
2022-07-04,26.73,26.73,24.3,24.8,26.45,20175799,503135086.77,shares,0
2022-07-05,24.9,25.27,24.37,24.56,24.8,8797713,216794506.88,shares,0
2022-07-06,24.59,25.1,24.02,24.41,24.56,6399477,156319748.85,shares,0
2022-07-07,24.41,24.79,23.91,24.18,24.41,5379485,130447218.1,shares,0
2022-07-08,24.3,24.75,23.91,24.05,24.18,5071578,123384897.0,shares,0
2022-07-11,24.01,24.06,23.33,23.65,24.05,4240153,100268770.06,shares,0
2022-07-12,23.76,23.76,22.83,22.95,23.65,4818867,111683679.31,shares,0
2022-07-13,22.98,23.39,22.7,23.23,22.95,4096473,94861553.64,shares,0
2022-07-14,23.32,24.24,22.7,23.84,23.23,5848441,139720186.12,shares,0
2022-07-15,23.72,24.76,23.51,24.33,23.84,7057543,171541163.71,shares,0
2022-07-18,24.24,25.98,24.0,25.9,24.33,8644846,217799604.13,shares,0
2022-07-19,27.27,28.68,26.71,28.15,25.9,21419928,597012917.01,shares,0
2022-07-20,28.66,30.77,28.36,30.58,28.15,15958248,472323274.29,shares,0
2022-07-21,30.6,31.16,29.53,29.75,30.58,11343148,342190844.42,shares,0
2022-07-22,30.12,30.88,29.6,30.08,29.75,6991825,210612506.54,shares,0
2022-07-25,30.1,31.87,29.5,30.4,30.08,10473904,321498555.98,shares,0
2022-07-26,30.5,30.85,29.41,29.97,30.4,8643084,258054960.96,shares,0
2022-07-27,29.96,31.38,29.96,31.34,29.97,7487221,231882422.85,shares,0
2022-07-28,31.34,33.2,31.16,31.68,31.34,7893416,253024246.34,shares,0
2022-07-29,32.0,32.08,31.21,31.6,31.68,5269739,166580363.62,shares,0
2022-08-01,31.55,32.88,31.15,32.65,31.6,6854665,222446214.41,shares,0
2022-08-02,32.15,34.79,31.6,34.2,32.65,9621642,320900974.16,shares,0
2022-08-03,33.92,35.03,32.4,33.14,34.2,9164203,307825828.08,shares,0
2022-08-04,33.3,33.49,31.91,32.15,33.14,7467904,242676726.82,shares,0
2022-08-05,32.12,33.64,32.07,33.37,32.15,6138277,202824698.67,shares,0
2022-08-08,33.37,33.96,32.29,33.43,33.37,5215328,172272329.62,shares,0
2022-08-09,33.47,33.65,32.6,33.44,33.43,3129216,103452945.12,shares,0
2022-08-10,33.05,34.89,32.6,34.7,33.44,6148437,209317269.04,shares,0
2022-08-11,36.0,37.52,35.09,35.44,34.7,12572210,455835246.46,shares,0
2022-08-12,35.55,36.49,34.1,34.27,35.44,6387287,224805691.38,shares,0
2022-08-15,34.29,37.18,33.76,36.61,34.27,9167679,330070279.29,shares,0
2022-08-16,36.45,36.79,34.57,35.26,36.61,8201236,289461235.9,shares,0
2022-08-17,35.26,35.85,34.81,35.25,35.26,3721587,131656789.83,shares,0
2022-08-18,34.71,35.89,34.6,35.25,35.25,5388998,190261701.99,shares,0
2022-08-19,35.31,35.97,32.78,33.0,35.25,10485641,353630723.76,shares,0
2022-08-22,33.14,34.49,32.75,33.66,33.0,6128328,206483429.87,shares,0
2022-08-23,33.73,34.27,33.15,33.75,33.66,3954952,132924607.53,shares,0
2022-08-24,33.76,33.79,31.82,32.22,33.75,5230610,169646906.33,shares,0
2022-08-25,32.22,34.18,32.01,33.05,32.22,9839312,324349043.39,shares,0
2022-08-26,33.05,33.43,32.08,32.3,33.05,4466311,145890949.49,shares,0
2022-08-29,31.81,32.6,31.32,31.57,32.3,5707643,181101653.63,shares,0
2022-08-30,31.67,32.85,31.22,32.2,31.57,5250456,169382861.5,shares,0
2022-08-31,32.2,32.47,30.16,30.32,32.2,5356552,165404605.53,shares,0
2022-09-01,30.35,30.88,29.73,30.27,30.32,4677089,141221347.69,shares,0
2022-09-02,30.55,31.83,30.13,30.83,30.27,4063092,126009088.94,shares,0
2022-09-05,31.45,31.66,30.3,30.94,30.83,4057015,126410821.07,shares,0
2022-09-06,31.29,32.18,30.55,31.96,30.94,4582789,145189688.9,shares,0
2022-09-07,31.8,32.49,31.38,31.78,31.96,5246305,167086346.44,shares,0
2022-09-08,31.8,32.0,30.41,30.66,31.78,4749001,146040814.43,shares,0
2022-09-09,30.9,30.94,30.0,30.31,30.66,2437643,73952805.14,shares,0
2022-09-13,30.6,31.5,30.38,30.8,30.31,2734565,84418609.67,shares,0
2022-09-14,30.33,30.8,29.5,29.7,30.8,4343379,129490703.75,shares,0
2022-09-15,29.82,29.82,27.7,28.21,29.7,6539307,185978905.71,shares,0
2022-09-16,28.21,28.9,27.67,27.95,28.21,4747662,134125061.32,shares,0
2022-09-19,28.0,28.56,27.58,27.93,27.95,3421002,96142259.01,shares,0
2022-09-20,28.22,28.66,27.57,28.32,27.93,4197136,118930027.83,shares,0
2022-09-21,28.34,28.34,27.67,27.97,28.32,2192196,61328761.54,shares,0
2022-09-22,27.97,28.55,27.72,28.2,27.97,2431002,68819239.65,shares,0
2022-09-23,28.29,28.49,27.1,27.64,28.2,3110320,86058892.16,shares,0
2022-09-26,27.27,28.14,27.14,27.43,27.64,2981783,82351100.19,shares,0
2022-09-27,27.46,28.05,27.22,27.98,27.43,3491451,96375663.57,shares,0
2022-09-28,27.88,27.93,26.5,26.75,27.98,4630742,124678329.95,shares,0
2022-09-29,27.42,28.01,26.75,27.66,26.75,4099942,112359314.0,shares,0
2022-09-30,27.52,27.88,26.48,26.54,27.66,3777074,101679287.33,shares,0
2022-10-10,26.71,26.75,25.4,25.52,26.54,3507448,90782558.79,shares,0
2022-10-11,26.0,26.8,25.26,26.41,25.52,3674893,96697929.65,shares,0
2022-10-12,26.53,27.63,25.68,27.4,26.41,3741261,100250572.66,shares,0
2022-10-13,27.21,27.82,26.91,27.36,27.4,3118049,85600989.57,shares,0
2022-10-14,27.91,28.2,27.31,27.78,27.36,3110163,86529300.87,shares,0
2022-10-17,27.53,28.35,27.48,28.0,27.78,2004256,55879480.87,shares,0
2022-10-18,27.88,28.31,27.4,28.2,28.0,4164788,116478045.63,shares,0
2022-10-19,28.02,28.18,27.53,27.77,28.2,2642044,73580161.46,shares,0
2022-10-20,27.54,28.1,26.93,27.49,27.77,3140367,86524796.15,shares,0
2022-10-21,27.52,27.94,27.0,27.79,27.49,3319854,91620463.67,shares,0
2022-10-24,27.79,28.71,27.63,27.9,27.79,4342718,122093999.56,shares,0
2022-10-25,28.6,30.12,27.7,29.28,27.9,9186101,266600144.26,shares,0
2022-10-26,29.2,29.6,28.43,29.0,29.28,7751781,224077277.67,shares,0
2022-10-27,29.05,30.18,28.7,29.08,29.0,9124650,268983584.46,shares,0
2022-10-28,28.97,29.56,27.1,27.5,29.08,7363368,208332347.23,shares,0
2022-10-31,26.84,28.4,26.84,28.13,27.5,4077487,113638677.22,shares,0
2022-11-01,28.0,28.48,27.18,28.4,28.13,4741080,132452347.71,shares,0
2022-11-02,28.28,29.9,28.07,29.55,28.4,5926590,172876033.25,shares,0
2022-11-03,30.3,30.3,29.28,29.75,29.55,4295388,127333157.11,shares,0
2022-11-04,29.58,29.99,29.24,29.7,29.75,4640532,137559598.5,shares,0
2022-11-07,29.85,30.06,29.27,29.52,29.7,4078113,120646981.12,shares,0
2022-11-08,29.29,29.55,28.8,29.2,29.52,2546655,74149891.91,shares,0
2022-11-09,29.2,29.29,28.02,28.23,29.2,4608447,131074246.68,shares,0
2022-11-10,27.78,28.41,27.45,27.56,28.23,3984525,110448326.72,shares,0
2022-11-11,28.1,28.6,27.36,27.47,27.56,4366430,121811781.45,shares,0
2022-11-14,27.53,28.0,26.5,26.8,27.47,5789936,156724492.24,shares,0
2022-11-15,27.0,27.83,26.73,27.7,26.8,3905907,107361365.96,shares,0
2022-11-16,27.85,28.38,27.75,28.0,27.7,4983227,139972175.49,shares,0
2022-11-17,28.07,28.2,27.23,28.03,28.0,3628601,100201144.34,shares,0
2022-11-18,28.08,28.58,27.55,27.59,28.03,3767447,105662579.78,shares,0
2022-11-21,27.46,27.61,26.68,27.17,27.59,6219719,168702684.83,shares,0
2022-11-22,27.33,27.48,26.46,26.63,27.17,4848925,130392650.58,shares,0
2022-11-23,26.76,26.76,25.72,26.29,26.63,4301132,112464154.9,shares,0
2022-11-24,26.29,26.68,26.01,26.13,26.29,2511120,65974271.16,shares,0
2022-11-25,26.03,26.2,25.61,25.66,26.13,3114645,80327800.76,shares,0
2022-11-28,25.27,25.7,24.98,25.26,25.66,4058408,102549258.96,shares,0
2022-11-29,25.34,25.77,25.1,25.65,25.26,2744618,70066558.85,shares,0
2022-11-30,25.52,26.05,25.3,25.66,25.65,3575324,91871042.65,shares,0
2022-12-01,25.85,26.8,25.83,26.3,25.66,4541563,120023517.92,shares,0
2022-12-02,26.3,26.77,26.13,26.13,26.3,2496690,66000335.44,shares,0
2022-12-05,26.15,26.77,26.1,26.44,26.13,3007037,79247450.83,shares,0
2022-12-06,26.21,26.5,25.95,26.26,26.44,2495653,65367458.36,shares,0
2022-12-07,26.12,26.2,25.7,25.88,26.26,3386264,87727575.08,shares,0
2022-12-08,25.78,25.85,24.89,25.1,25.88,4847481,122539572.86,shares,0
2022-12-09,25.1,25.51,24.98,25.21,25.1,3164772,80029258.79,shares,0
2022-12-12,25.28,26.33,25.17,25.92,25.21,4435885,114534512.38,shares,0
2022-12-13,26.0,26.55,25.32,25.43,25.92,2797209,71599955.72,shares,0
2022-12-14,25.7,26.13,25.35,25.58,25.43,2460783,63127883.57,shares,0
2022-12-15,25.58,26.11,25.2,26.05,25.58,2903617,75068244.68,shares,0
2022-12-16,25.9,26.09,25.24,25.36,26.05,2296269,58552201.24,shares,0
2022-12-19,25.45,25.65,24.85,24.97,25.36,2617589,65991062.62,shares,0
2022-12-20,24.96,25.71,24.78,25.44,24.97,2703490,68652629.27,shares,0
2022-12-21,25.31,25.68,24.61,25.12,25.44,2704666,67879086.61,shares,0
2022-12-22,25.23,25.23,24.15,24.3,25.12,2812535,69146564.43,shares,0
2022-12-23,24.05,24.48,23.88,24.32,24.3,2524317,61118507.16,shares,0
2022-12-26,24.3,24.95,24.18,24.79,24.32,2479207,60930082.09,shares,0
2022-12-27,24.68,25.59,24.68,25.53,24.79,3001821,75969809.13,shares,0
2022-12-28,25.39,25.59,24.83,25.0,25.53,3041842,76226682.39,shares,0
2022-12-29,24.96,25.67,24.68,25.45,25.0,2870195,72835506.42,shares,0
2022-12-30,25.45,25.65,25.28,25.35,25.45,1647065,41847856.7,shares,0
2023-01-03,25.34,26.25,25.14,26.14,25.35,3382102,87422029.2,shares,0
2023-01-04,26.25,26.86,26.03,26.81,26.14,5355552,142143855.81,shares,0
2023-01-05,26.79,27.14,26.54,26.8,26.81,3207625,86099064.32,shares,0
2023-01-06,26.6,27.4,26.33,26.46,26.8,5185706,138865517.77,shares,0
2023-01-09,26.5,26.77,26.2,26.27,26.46,3322425,87737474.56,shares,0
2023-01-10,26.27,26.78,26.08,26.24,26.27,1553500,40848817.95,shares,0
2023-01-11,26.27,26.46,26.01,26.09,26.24,1951027,51113438.0,shares,0
2023-01-12,26.13,26.38,25.83,26.19,26.09,1669466,43721279.86,shares,0
2023-01-13,26.19,26.39,25.75,25.94,26.19,1619391,41986966.68,shares,0
2023-01-16,26.06,26.67,25.78,26.5,25.94,2801570,73919254.81,shares,0
2023-01-17,26.75,26.89,26.32,26.38,26.5,2516025,66755268.1,shares,0
2023-01-18,26.49,27.03,26.24,26.82,26.38,3143222,84010522.2,shares,0
2023-01-19,26.83,27.18,26.69,27.09,26.82,1922358,51811117.62,shares,0
2023-01-20,27.2,27.49,27.01,27.24,27.09,3347460,91158596.31,shares,0
2023-01-30,27.53,27.79,27.15,27.38,27.24,3160947,86577906.94,shares,0
2023-01-31,27.52,28.78,27.52,28.42,27.38,7660857,216400365.87,shares,0
2023-02-01,28.3,28.79,28.02,28.48,28.42,5236220,148842888.14,shares,0
2023-02-02,28.53,30.28,28.5,29.39,28.48,7355535,216912153.47,shares,0
2023-02-03,30.0,31.96,29.54,31.78,29.39,16632882,519175341.07,shares,0
2023-02-06,33.0,34.0,31.7,32.38,31.78,22847292,751368731.2,shares,0
2023-02-07,32.25,35.6,32.23,34.19,32.38,30106091,1036403454.17,shares,0
2023-02-08,34.27,36.0,32.51,32.72,34.19,21513905,729402093.0,shares,0
2023-02-09,33.16,37.88,32.65,36.2,32.72,35666027,1260745390.85,shares,0
2023-02-10,37.4,40.0,36.19,39.0,36.2,40580241,1554090797.23,shares,0
2023-02-13,38.1,42.81,37.19,41.96,39.0,35284963,1384886691.11,shares,0
2023-02-14,40.5,40.98,39.08,39.6,41.96,25325045,1011869979.81,shares,0
2023-02-15,39.6,42.97,39.41,40.88,39.6,32490632,1330719579.4,shares,0
2023-02-16,40.44,41.87,38.73,39.01,40.88,25176303,1011062440.27,shares,0
2023-02-17,39.01,40.28,37.78,37.94,39.01,16069180,617442385.52,shares,0
2023-02-20,38.48,39.8,37.45,39.34,37.94,20583984,796919901.38,shares,0
2023-02-21,38.7,40.88,38.61,39.46,39.34,16451726,657600601.07,shares,0
2023-02-22,38.86,39.4,38.09,38.45,39.46,16170378,624219912.46,shares,0
2023-02-23,38.81,39.49,37.95,38.42,38.45,11686180,451027452.06,shares,0
2023-02-24,40.0,43.38,39.4,41.71,38.42,23846942,985676966.74,shares,0
2023-02-27,41.72,41.99,39.84,40.2,41.71,14556432,593445588.45,shares,0
2023-02-28,41.01,41.7,39.39,40.2,40.2,14342719,579966158.51,shares,0
2023-03-01,40.01,42.69,39.6,41.39,40.2,18076730,744978890.99,shares,0
2023-03-02,41.27,45.99,41.16,44.0,41.39,22285462,981259883.69,shares,0
2023-03-03,42.83,42.83,40.1,40.57,44.0,22603955,929981504.93,shares,0
2023-03-06,39.9,41.41,39.61,40.04,40.57,16359856,664229856.48,shares,0
2023-03-07,39.68,40.15,38.4,38.5,40.04,15151075,592293538.52,shares,0
2023-03-08,38.51,39.78,38.48,39.2,38.5,9264763,363554094.45,shares,0
2023-03-09,39.35,39.86,38.02,39.34,39.2,10915238,424302846.73,shares,0
2023-03-10,39.32,40.18,38.7,38.78,39.34,9606204,379912829.77,shares,0
2023-03-13,38.32,40.49,38.32,40.19,38.78,11742235,463279929.55,shares,0
2023-03-14,40.15,40.15,38.55,38.64,40.19,7865488,308201726.4,shares,0
2023-03-15,39.12,39.39,36.55,36.71,38.64,19165611,717735809.26,shares,0
2023-03-16,36.41,37.69,36.1,36.33,36.71,10531431,387529110.92,shares,0
2023-03-17,36.76,43.42,36.75,42.14,36.33,29929414,1206824196.25,shares,0
2023-03-20,42.0,45.25,42.0,44.05,42.14,25768279,1133680619.65,shares,0
2023-03-21,43.91,46.18,42.08,45.5,44.05,17712803,792109725.42,shares,0
2023-03-22,45.05,50.37,44.0,49.42,45.5,24948129,1197464167.88,shares,0
2023-03-23,49.49,52.5,48.51,50.85,49.42,22367577,1131513129.53,shares,0
2023-03-24,49.61,50.38,48.0,49.91,50.85,17344427,856457070.61,shares,0
2023-03-27,49.9,51.18,47.02,49.16,49.91,24253025,1184740082.91,shares,0
2023-03-28,47.63,48.96,46.52,46.84,49.16,15478211,735608038.64,shares,0
2023-03-29,47.0,49.97,46.55,48.82,46.84,18656962,907602488.97,shares,0
2023-03-30,47.72,49.53,46.58,48.31,48.82,12177262,582713793.79,shares,0
2023-03-31,48.02,52.16,46.74,51.72,48.31,15208380,759398476.7,shares,0
2023-04-03,52.45,62.0,50.9,60.53,51.72,27602298,1565951456.8,shares,0
2023-04-04,59.88,62.58,58.65,61.29,60.53,17673857,1065345218.38,shares,0
2023-04-06,59.06,71.75,59.01,66.8,61.29,19197820,1258147527.67,shares,0
2023-04-07,66.8,67.68,62.33,67.5,66.8,17635484,1146254327.92,shares,0
2023-04-10,65.5,67.39,60.1,61.71,67.5,24461007,1546629209.45,shares,0
2023-04-11,62.0,63.69,59.46,61.39,61.71,20417120,1251343493.66,shares,0
2023-04-12,60.0,63.44,58.06,62.49,61.39,17845796,1095868917.75,shares,0
2023-04-13,61.22,61.88,56.97,57.77,62.49,20286529,1198382550.52,shares,0
2023-04-14,57.89,59.0,56.4,58.15,57.77,16761892,970276260.91,shares,0
2023-04-17,57.31,58.14,54.96,56.54,58.15,15691665,879901115.85,shares,0
2023-04-18,56.8,67.3,56.8,65.28,56.54,30280630,1872450668.31,shares,0
2023-04-19,65.36,67.5,64.0,64.38,65.28,21992424,1447199443.64,shares,0
2023-04-20,65.6,71.53,65.6,71.48,64.38,21239842,1463307793.81,shares,0
2023-04-21,68.1,68.68,63.6,64.0,71.48,24976460,1655314419.49,shares,0
2023-04-24,64.02,67.83,62.66,65.46,64.0,20065705,1310382822.78,shares,0
2023-04-25,64.17,65.37,60.28,61.52,65.46,17146879,1072481372.81,shares,0
2023-04-26,61.53,64.23,58.6,60.9,61.52,16809773,1036359920.93,shares,0
2023-04-27,58.41,62.07,56.38,57.56,60.9,16720506,972617360.17,shares,0
2023-04-28,56.51,62.0,56.2,60.87,57.56,14730437,888848869.25,shares,0
2023-05-04,59.41,60.0,53.53,54.05,60.87,19396377,1070266500.29,shares,0
2023-05-05,54.7,55.9,51.8,52.4,54.05,18614550,991948390.59,shares,0
2023-05-08,52.42,54.54,51.11,52.2,52.4,17143913,904703393.1,shares,0
2023-05-09,51.87,57.26,51.87,53.13,52.2,19305606,1055099013.08,shares,0
2023-05-10,54.02,55.96,50.5,51.39,53.13,12712499,671150124.26,shares,0
2023-05-11,50.55,52.19,50.0,51.02,51.39,9811345,501141377.08,shares,0
2023-05-12,50.6,54.2,50.25,52.6,51.02,16183368,853918648.67,shares,0
2023-05-15,53.62,53.95,50.1,52.82,52.6,15723508,812089930.85,shares,0
2023-05-16,52.78,53.15,50.33,51.35,52.82,12675854,649362341.21,shares,0
2023-05-17,51.0,54.38,50.85,53.88,51.35,14675487,781910432.52,shares,0
2023-05-18,58.5,64.43,55.41,63.04,53.88,31516709,1915022331.83,shares,0
2023-05-19,60.5,61.96,56.76,57.4,63.04,21279326,1254836828.57,shares,0
2023-05-22,56.56,57.39,53.2,53.74,57.4,12803560,700947095.67,shares,0
2023-05-23,54.13,56.58,54.1,54.65,53.74,15359425,847855922.15,shares,0
2023-05-24,53.59,59.78,53.28,58.58,54.65,19470480,1118066977.99,shares,0
2023-05-25,63.5,70.3,63.5,70.3,58.58,37380223,2558216505.42,shares,0
2023-05-26,69.75,70.69,66.4,68.77,70.3,27733339,1901912574.14,shares,0
2023-05-29,72.0,80.0,70.66,75.5,68.77,36429141,2735272488.83,shares,0
2023-05-30,75.79,80.87,72.2,78.9,75.5,34359548,2616987387.16,shares,0
2023-05-31,76.88,77.5,73.9,76.1,78.9,23003811,1733500410.66,shares,0
2023-06-01,73.27,76.98,72.81,75.36,76.1,16169205,1211178889.62,shares,0
2023-06-02,77.0,77.78,72.17,72.82,75.36,15055190,1114555707.18,shares,0
2023-06-05,71.01,75.67,71.01,73.6,72.82,14369523,1064733760.36,shares,0
2023-06-06,74.88,82.3,74.0,77.25,73.6,23579834,1844930391.77,shares,0
2023-06-07,76.27,80.05,74.26,77.45,76.75,19000959,1464233596.35,shares,0
2023-06-08,76.55,77.0,72.5,73.6,77.45,15629063,1157956346.93,shares,0
2023-06-09,72.91,79.58,71.81,78.2,73.6,17253759,1314579016.48,shares,0
2023-06-12,78.25,86.28,77.06,86.21,78.2,21375849,1773623029.47,shares,0
2023-06-13,85.11,93.9,83.51,90.8,86.21,16850836,1500605018.53,shares,0
2023-06-14,91.1,108.0,91.0,105.89,90.8,20205860,1996252556.33,shares,0
2023-06-15,105.0,107.76,100.6,101.4,105.89,21495148,2217938124.21,shares,0
2023-06-16,102.02,110.99,99.08,107.3,101.4,21644403,2264786096.11,shares,0
2023-06-19,108.01,125.59,104.0,120.75,107.3,21455445,2431743477.17,shares,0
2023-06-20,116.13,121.0,111.43,118.95,120.75,18315797,2128206135.15,shares,0
2023-06-21,117.0,117.25,105.05,107.7,118.95,22618731,2471385498.03,shares,0
2023-06-26,104.0,107.69,100.0,101.98,107.7,18605328,1919336240.58,shares,0
2023-06-27,101.09,102.62,97.53,100.32,101.98,13080945,1308823350.06,shares,0
2023-06-28,96.0,99.5,91.7,97.53,100.32,16817147,1607220559.99,shares,0
2023-06-29,96.26,104.99,94.03,102.56,97.53,23937568,2376582902.99,shares,0
2023-06-30,99.0,113.56,97.99,106.83,102.56,21384587,2250797059.44,shares,0
2023-07-03,105.92,105.94,95.72,104.61,106.83,16167385,1635247013.28,shares,0
2023-07-04,102.01,107.05,101.0,103.36,104.61,12563971,1305461367.84,shares,0
2023-07-05,101.1,104.5,98.36,98.98,103.36,12512695,1265451417.1,shares,0
2023-07-06,96.76,103.82,96.76,100.05,98.98,10626008,1076872143.08,shares,0
2023-07-07,98.56,102.6,94.3,97.78,100.05,15332167,1496740330.47,shares,0
2023-07-10,98.0,99.05,95.25,97.87,97.78,9611933,935479270.32,shares,0
2023-07-11,98.34,101.0,94.79,100.3,97.87,10539337,1033663486.85,shares,0
2023-07-12,98.0,99.3,88.66,89.31,100.3,20621933,1910994473.96,shares,0
2023-07-13,89.31,96.68,87.97,94.7,89.31,22728224,2088590275.97,shares,0
2023-07-14,98.01,104.2,95.1,102.0,94.7,22128740,2222495984.57,shares,0
2023-07-17,103.53,111.88,103.53,108.1,102.0,22101471,2377898900.86,shares,0
2023-07-18,109.0,112.12,105.38,108.1,108.1,18015739,1950190325.74,shares,0
2023-07-19,111.54,113.1,106.31,106.7,108.1,14086423,1530042738.61,shares,0
2023-07-20,107.21,107.79,93.4,93.8,106.7,24472238,2411834741.08,shares,0
2023-07-21,92.92,93.79,88.98,91.27,93.8,17005737,1545284005.49,shares,0
2023-07-24,91.44,97.67,90.3,94.01,91.27,18856559,1778613987.69,shares,0
2023-07-25,95.86,100.79,90.01,96.5,94.01,16965910,1625273992.01,shares,0
2023-07-26,96.56,98.34,91.0,94.06,96.5,14519667,1371427812.74,shares,0
2023-07-27,93.69,95.8,91.61,92.26,94.06,11871717,1105626063.78,shares,0
2023-07-28,92.31,96.52,90.53,92.73,92.26,13815301,1284556342.93,shares,0
2023-07-31,89.6,94.57,88.88,89.39,92.73,16967647,1550171962.69,shares,0
2023-08-01,89.42,98.88,88.3,97.69,89.39,25056936,2361952275.55,shares,0
2023-08-02,97.0,99.5,94.92,98.33,97.69,14555869,1413602838.32,shares,0
2023-08-03,93.55,99.5,92.61,94.55,98.33,16038205,1535779319.38,shares,0
2023-08-04,95.23,108.77,93.87,107.2,94.55,26268379,2613010203.27,shares,0
2023-08-07,108.01,112.42,106.21,107.72,107.2,22109705,2406439522.94,shares,0
2023-08-08,108.22,111.5,104.53,105.0,107.72,14863412,1598583772.15,shares,0
2023-08-09,102.8,105.79,93.8,94.52,105.0,21547949,2133963274.2,shares,0
2023-08-10,93.11,95.77,91.0,94.2,94.52,12166735,1137360554.19,shares,0
2023-08-11,96.11,97.5,93.85,94.56,94.2,12256016,1169490270.29,shares,0
2023-08-14,93.0,99.38,93.0,99.11,94.56,16090280,1553532575.7,shares,0
2023-08-15,103.33,105.98,98.25,99.58,99.11,19140649,1948756640.68,shares,0
2023-08-16,96.72,98.0,91.04,94.01,99.58,20319294,1908743732.36,shares,0
2023-08-17,92.51,95.8,89.88,92.8,94.01,16141510,1502016306.46,shares,0
2023-08-18,92.7,92.7,83.01,83.85,92.8,25424685,2200749785.08,shares,0
2023-08-21,84.11,86.65,83.0,84.6,83.85,15208821,1289721703.29,shares,0
2023-08-22,87.53,92.11,85.6,91.68,84.6,19606479,1727903819.63,shares,0
2023-08-23,90.03,90.03,86.0,86.61,91.68,12883045,1122216097.78,shares,0
2023-08-24,91.0,93.5,87.68,89.3,86.61,22244395,2016810465.41,shares,0
2023-08-25,85.14,87.66,79.95,80.55,89.3,22117093,1834594408.56,shares,0
2023-08-28,86.86,86.86,80.64,82.6,80.55,18585657,1551402107.73,shares,0
2023-08-29,82.49,88.8,80.72,85.06,82.6,22540496,1904118119.81,shares,0
2023-08-30,85.08,87.9,83.6,84.98,85.06,17312125,1474887871.96,shares,0
2023-08-31,84.92,86.01,83.0,84.46,84.98,12817993,1082353621.51,shares,0
2023-09-01,83.8,84.44,79.8,80.99,84.46,13145843,1072670207.05,shares,0
2023-09-04,81.0,81.92,80.19,81.75,80.99,9590068,777791410.45,shares,0
2023-09-05,81.55,81.59,77.77,78.58,81.75,17379314,1369057748.35,shares,0
2023-09-06,78.6,80.19,76.81,79.45,78.58,12313517,968884404.65,shares,0
2023-09-07,79.0,79.0,76.07,76.2,79.45,11416451,879694331.86,shares,0
2023-09-08,75.48,76.19,73.21,75.0,76.2,11301029,846359802.24,shares,0
2023-09-11,76.0,82.5,74.15,80.01,75.0,21576418,1695537931.34,shares,0
2023-09-12,78.8,81.8,78.34,79.9,80.01,16860515,1352885272.93,shares,0
2023-09-13,79.2,79.85,76.66,77.46,79.9,10524410,819764793.09,shares,0
2023-09-14,78.01,79.19,75.0,75.25,77.46,9727259,747582946.73,shares,0
2023-09-15,75.63,75.87,71.89,72.94,75.25,14438250,1059570991.08,shares,0
2023-09-18,72.02,73.73,70.25,70.53,72.94,13127274,942664132.24,shares,0
2023-09-19,71.01,75.68,70.02,73.26,70.53,18649459,1357945812.82,shares,0
2023-09-20,72.93,77.0,72.49,72.55,73.26,16579332,1238160259.23,shares,0
2023-09-21,72.27,76.7,71.73,73.65,72.55,15349163,1142521470.85,shares,0
2023-09-22,74.1,88.38,74.1,88.38,73.65,34660400,2899515972.16,shares,0
2023-09-25,89.32,91.69,88.11,89.07,88.38,30374277,2724875024.81,shares,0
2023-09-26,90.17,93.84,88.57,89.6,89.07,23095530,2093972794.96,shares,0
2023-09-27,88.01,95.1,88.01,92.89,89.6,23484309,2176738559.69,shares,0
2023-09-28,95.05,97.0,91.62,95.0,92.89,22415952,2102673183.55,shares,0
2023-10-09,91.0,92.0,86.0,89.87,95.0,23665384,2112920024.43,shares,0
2023-10-10,90.0,90.33,87.77,88.2,89.87,15028182,1335858472.61,shares,0
2023-10-11,87.3,90.17,86.5,87.7,88.2,16945161,1489764215.54,shares,0
2023-10-12,89.0,89.0,83.98,84.37,87.7,17583258,1500684070.33,shares,0
2023-10-13,84.36,85.38,81.56,82.24,84.37,14339781,1191414033.74,shares,0
2023-10-16,82.01,84.84,80.88,83.56,82.24,19591913,1632702703.28,shares,0
2023-10-17,83.97,89.29,80.98,85.88,83.56,25500950,2169004154.14,shares,0
2023-10-18,81.0,87.0,78.23,86.85,85.88,28317509,2337869347.69,shares,0
2023-10-19,86.0,86.42,79.2,82.2,86.85,24004132,1984053532.81,shares,0
2023-10-20,84.97,87.3,82.28,82.9,82.2,28840552,2438074081.49,shares,0
2023-10-23,82.0,86.65,80.31,86.65,82.9,25724360,2156482826.72,shares,0
2023-10-24,89.26,94.78,87.2,87.2,86.65,34346589,3113853182.83,shares,0
2023-10-25,83.0,85.29,78.81,79.3,87.2,33835380,2756985309.76,shares,0
2023-10-26,76.5,79.6,74.03,77.45,79.3,23886703,1830324817.16,shares,0
2023-10-27,76.29,76.92,73.69,74.15,77.45,19967715,1501475606.98,shares,0
2023-10-30,74.66,75.33,72.95,73.7,74.15,17315773,1277861720.66,shares,0
2023-10-31,73.4,73.95,70.4,71.21,73.7,15792944,1129359774.08,shares,0
2023-11-01,70.51,72.29,68.59,68.6,71.21,15203832,1062727419.5,shares,0
2023-11-02,69.66,71.63,68.61,69.02,68.6,15893340,1111090041.38,shares,0
2023-11-03,69.02,72.27,68.74,71.3,69.02,21113690,1503711931.09,shares,0
2023-11-06,72.73,73.49,71.66,73.2,71.3,16981657,1233560585.71,shares,0
2023-11-07,72.39,83.2,71.4,78.71,73.2,33039473,2500770537.17,shares,0
2023-11-08,75.97,77.38,75.1,76.21,78.71,20521806,1560961880.21,shares,0
2023-11-09,78.5,82.3,76.88,78.68,76.21,24393173,1936417946.49,shares,0
2023-11-10,77.6,81.52,77.5,78.21,78.68,17228917,1366415664.23,shares,0
2023-11-13,81.0,84.76,81.0,81.66,78.21,24521441,2028106889.32,shares,0
2023-11-14,81.7,83.48,80.61,81.95,81.66,17662852,1449267312.58,shares,0
2023-11-15,85.21,85.87,78.9,80.87,81.95,17259607,1402936922.88,shares,0
2023-11-16,79.5,81.2,78.59,78.59,80.87,12074046,959912722.26,shares,0
2023-11-17,78.7,83.43,77.76,81.92,78.59,17352627,1390039749.79,shares,0
2023-11-20,80.0,81.81,78.72,80.75,81.92,13716240,1099510321.25,shares,0
2023-11-21,81.24,83.26,79.79,80.28,80.75,12806614,1045981397.75,shares,0
2023-11-22,78.5,78.75,76.41,76.41,80.28,16460675,1270984431.8,shares,0
2023-11-23,76.59,77.35,75.66,76.99,76.41,7524568,575936166.02,shares,0
2023-11-24,76.96,76.96,73.99,74.15,76.99,8619749,645245451.28,shares,0
2023-11-27,74.15,76.36,73.73,75.41,74.15,10725411,805112005.06,shares,0
2023-11-28,74.75,75.54,73.07,73.64,75.41,8136860,599865586.73,shares,0
2023-11-29,73.5,74.28,72.66,73.0,73.64,6603919,484195149.82,shares,0
2023-11-30,73.1,73.66,72.06,73.3,73.0,8698113,632684620.86,shares,0
2023-12-01,73.29,77.44,72.07,76.68,73.3,19191105,1445779594.15,shares,0
2023-12-04,77.3,82.49,77.0,79.7,76.68,22699216,1819376898.12,shares,0
2023-12-05,80.66,85.6,80.58,82.39,79.7,27850364,2318410918.14,shares,0
2023-12-06,82.0,83.62,80.71,82.82,82.39,14957608,1232373520.29,shares,0
2023-12-07,83.83,85.26,82.59,83.29,82.82,16938451,1418271043.24,shares,0
2023-12-08,83.95,99.95,83.92,98.15,83.29,37241067,3461376230.55,shares,0
2023-12-11,97.0,104.97,96.01,104.2,98.15,26861176,2696157522.35,shares,0
2023-12-12,103.0,105.21,97.98,102.2,104.2,26076318,2651851232.68,shares,0
2023-12-13,103.0,103.83,99.9,100.34,102.2,15326129,1560941116.26,shares,0
2023-12-14,101.61,102.72,97.8,98.97,100.34,14823930,1485379250.59,shares,0
2023-12-15,98.82,101.18,95.49,96.85,98.97,12934864,1259448892.1,shares,0
2023-12-18,96.9,98.45,96.11,96.6,96.85,11595662,1127063734.91,shares,0
2023-12-19,96.87,97.73,94.61,96.25,96.6,10036954,961990463.17,shares,0
2023-12-20,96.0,96.03,90.5,90.82,96.25,14073618,1293394168.08,shares,0
2023-12-21,91.05,96.34,89.77,93.8,90.82,15461191,1437131526.58,shares,0
2023-12-22,93.7,96.5,91.88,93.0,93.8,15016369,1410739397.67,shares,0
2023-12-25,93.9,94.3,89.0,93.0,93.0,11061268,1018969707.94,shares,0
2023-12-26,92.99,93.3,89.38,90.38,93.0,6696850,607405516.82,shares,0
2023-12-27,91.03,91.54,89.07,89.6,90.38,8743208,788815600.14,shares,0
2023-12-28,89.06,93.73,88.88,91.53,89.6,11651298,1068507822.63,shares,0
2023-12-29,90.5,95.5,90.31,91.52,91.53,15070082,1398262482.07,shares,0
2024-01-02,90.85,93.22,89.01,90.0,91.52,8343001,759061608.34,shares,0
2024-01-03,89.08,90.1,86.77,88.16,90.0,10835042,955843524.91,shares,0
2024-01-04,88.0,88.77,86.0,87.3,88.16,7915568,692109399.44,shares,0
2024-01-05,87.2,87.6,83.52,84.25,87.3,8471867,720557203.24,shares,0
2024-01-08,84.52,86.36,82.9,83.77,84.25,9225684,778672032.76,shares,0
2024-01-09,86.5,87.79,84.5,85.49,83.77,12766615,1101383982.81,shares,0
2024-01-10,84.59,86.0,82.52,83.23,85.49,8575282,721842001.44,shares,0
2024-01-11,83.2,87.85,83.1,86.01,83.23,11328993,973653663.82,shares,0
2024-01-12,84.82,85.5,82.77,82.95,86.01,8563868,715535764.69,shares,0
2024-01-15,82.05,85.05,81.12,83.8,82.95,7764114,650726038.2,shares,0
2024-01-16,83.0,84.2,81.95,83.25,83.8,6603823,546761652.11,shares,0
2024-01-17,84.54,87.79,84.19,84.67,83.25,15302766,1310772158.51,shares,0
2024-01-18,82.88,93.97,81.53,92.99,84.67,22280141,1963843577.24,shares,0
2024-01-19,94.25,94.88,91.3,91.6,92.99,14760064,1373319309.07,shares,0
2024-01-22,96.9,98.84,93.16,94.12,91.6,21553302,2065145440.74,shares,0
2024-01-23,95.0,101.0,94.54,98.0,94.12,18611288,1817408701.83,shares,0
2024-01-24,98.0,98.79,92.17,96.53,98.0,16490316,1575144270.74,shares,0
2024-01-25,95.88,100.85,95.23,98.98,96.53,15585608,1529256187.06,shares,0
2024-01-26,96.86,96.88,93.7,94.2,98.98,11447947,1088341800.34,shares,0
2024-01-29,92.92,93.0,79.54,84.67,94.2,16085531,1368910508.29,shares,0
2024-01-30,84.26,87.22,84.26,84.8,84.67,10323660,881659469.19,shares,0
2024-01-31,83.5,89.0,81.83,85.87,84.8,13438609,1149800935.4,shares,0
2024-02-01,84.8,102.98,84.1,98.35,85.87,23421903,2218509210.02,shares,0
2024-02-02,98.51,100.99,95.23,99.0,98.35,16652139,1642331528.12,shares,0
2024-02-05,97.9,113.88,97.01,103.4,99.0,22033529,2252376200.22,shares,0
2024-02-06,100.0,114.5,99.68,114.5,103.4,21076345,2269908876.18,shares,0
2024-02-07,112.95,114.98,109.01,112.7,114.5,20376470,2278231407.95,shares,0
2024-02-08,115.91,122.52,107.1,108.8,112.7,24759839,2829777205.07,shares,0
2024-02-19,115.5,130.56,112.2,130.56,108.8,25018232,3044823940.17,shares,0
2024-02-20,127.3,133.0,125.58,128.65,130.56,21450938,2765695206.39,shares,0
2024-02-21,125.0,125.37,120.03,123.0,128.65,22252556,2730384566.54,shares,0
2024-02-22,127.43,129.0,118.25,123.66,123.0,23619989,2899505405.33,shares,0
2024-02-23,125.11,127.27,118.66,119.42,123.66,22287022,2730066579.85,shares,0
2024-02-26,115.0,122.09,114.0,118.99,119.42,16509385,1959694284.93,shares,0
2024-02-27,117.98,137.55,116.3,133.0,118.99,27902707,3531376208.92,shares,0
2024-02-28,131.51,133.59,124.03,124.7,133.0,21659834,2799764923.04,shares,0
2024-02-29,126.02,136.0,125.0,136.0,124.7,25272348,3308800555.75,shares,0
2024-03-01,135.0,139.99,131.69,136.88,136.0,23943838,3273435311.86,shares,0
2024-03-04,137.31,147.77,135.02,141.7,136.88,20369378,2874081713.7,shares,0
2024-03-05,140.0,148.02,134.86,135.6,141.7,24621224,3465191715.31,shares,0
2024-03-06,135.0,137.0,131.22,135.53,135.6,16071844,2161583430.55,shares,0
2024-03-07,136.06,139.99,132.2,133.17,135.53,13207009,1797896801.81,shares,0
2024-03-08,135.96,145.0,134.22,142.88,133.17,19078820,2655416274.67,shares,0
2024-03-11,135.9,138.96,132.6,138.8,142.88,17170302,2334496092.63,shares,0
2024-03-12,138.5,140.9,131.0,134.48,138.8,17212884,2322757842.2,shares,0
2024-03-13,139.0,141.8,136.0,137.1,134.48,18043785,2498788702.1,shares,0
2024-03-14,135.0,149.88,134.5,146.8,137.1,23048009,3307651776.05,shares,0
2024-03-15,146.8,158.8,144.5,156.01,146.8,23936825,3671228041.03,shares,0
2024-03-18,158.81,165.9,156.88,161.95,156.01,19626514,3170421451.36,shares,0
2024-03-19,161.0,165.53,154.94,162.55,161.95,17431327,2796598068.45,shares,0
2024-03-20,162.0,172.0,156.0,162.33,162.55,19419407,3174343137.64,shares,0
2024-03-21,162.73,166.88,160.0,160.71,162.33,14526735,2372397893.74,shares,0
2024-03-22,160.46,166.47,160.46,161.46,160.71,14444194,2359468985.77,shares,0
2024-03-25,159.3,162.22,155.5,156.6,161.46,12040338,1911702023.91,shares,0
2024-03-26,155.21,166.27,147.45,153.8,156.6,23463201,3715922225.55,shares,0
2024-03-27,152.94,155.16,146.5,151.0,153.8,16869216,2551439123.8,shares,0
2024-03-28,152.06,156.38,146.54,151.82,151.0,18987195,2882024148.78,shares,0
2024-03-29,148.32,151.99,146.01,151.27,151.82,11817840,1756062114.21,shares,0
2024-04-01,153.04,163.3,150.25,163.24,151.27,16723366,2628758964.94,shares,0
2024-04-02,161.1,164.34,158.05,161.08,163.24,13509072,2179928092.37,shares,0
2024-04-03,158.15,158.99,152.0,153.6,161.08,11227511,1735495410.11,shares,0
2024-04-08,150.53,162.0,150.01,159.86,153.6,15055500,2385055618.22,shares,0
2024-04-09,158.68,160.05,152.77,156.1,159.86,10527157,1637128379.27,shares,0
2024-04-10,152.05,155.5,147.01,147.03,156.1,11996720,1790997959.66,shares,0
2024-04-11,148.87,154.0,148.87,150.52,147.03,11149694,1687926186.4,shares,0
2024-04-12,154.85,173.99,154.01,167.81,150.52,20996342,3426413850.74,shares,0
2024-04-15,167.64,168.65,162.0,165.46,167.81,13422593,2228872332.97,shares,0
2024-04-16,163.5,173.5,161.44,166.53,165.46,16207414,2703668115.19,shares,0
2024-04-17,166.63,172.1,162.62,171.71,166.53,16871622,2846513161.23,shares,0
2024-04-18,166.9,171.42,163.65,168.31,171.71,13364057,2239888594.21,shares,0
2024-04-19,167.5,169.9,156.03,162.51,168.31,16449072,2664014784.7,shares,0
2024-04-22,146.0,156.99,144.51,154.8,162.51,16756028,2532271111.88,shares,0
2024-04-23,158.39,159.95,153.63,158.52,154.8,12379473,1946932622.95,shares,0
2024-04-24,150.0,155.05,140.91,152.1,158.52,33074915,4889539882.89,shares,0
2024-04-25,146.98,151.0,144.45,146.7,152.1,20923982,3077266629.54,shares,0
2024-04-26,152.0,160.37,150.0,156.65,146.7,29245481,4540241689.88,shares,0
2024-04-29,160.6,166.38,160.6,163.02,156.65,19643973,3210637506.69,shares,0
2024-04-30,162.0,165.65,161.26,161.35,163.02,12059143,1964916259.33,shares,0
2024-05-06,164.17,164.91,153.32,153.53,161.35,19287278,3032924723.67,shares,0
2024-05-07,155.83,157.59,144.88,145.5,153.53,23402247,3493670793.89,shares,0
2024-05-08,145.01,149.15,143.71,146.0,145.5,16237777,2377366427.66,shares,0
2024-05-09,144.57,144.57,139.0,142.01,146.0,16221330,2293488476.45,shares,0
2024-05-10,140.99,141.72,136.49,140.32,142.01,13958940,1940231913.66,shares,0
2024-05-13,139.78,142.19,132.97,135.01,140.32,21036798,2883048719.81,shares,0
2024-05-14,136.98,138.33,132.81,134.7,135.01,14165839,1916497316.04,shares,0
2024-05-15,134.5,139.93,133.0,135.39,134.7,12129141,1657652500.25,shares,0
2024-05-16,139.11,140.31,135.11,135.98,135.39,17947263,2470417286.94,shares,0
2024-05-17,133.01,144.5,130.62,142.5,135.98,25973978,3583990314.99,shares,0
2024-05-20,139.08,145.8,138.23,144.61,142.5,21249324,3032137031.26,shares,0
2024-05-21,143.49,145.71,140.8,142.02,144.61,10646978,1518955569.34,shares,0
2024-05-22,141.5,141.99,136.1,136.6,142.02,12916513,1778671841.38,shares,0
2024-05-23,139.7,140.5,132.5,135.76,136.6,13226661,1790993648.93,shares,0
2024-05-24,135.55,140.98,130.54,130.81,135.76,18319756,2486304655.36,shares,0
2024-05-27,131.15,134.8,129.0,130.81,130.81,12665857,1661019393.65,shares,0
2024-05-28,129.14,130.92,126.39,127.5,130.81,16098319,2063266414.97,shares,0
2024-05-29,129.0,130.47,126.29,127.31,127.5,11521920,1481124280.4,shares,0
2024-05-30,90.0,91.6,89.09,89.35,90.22,11117813,1003033488.2,shares,0
2024-05-31,88.13,92.23,87.8,88.56,89.35,14831946,1329117391.48,shares,0
2024-06-03,88.71,94.38,88.71,91.08,88.56,29996217,2747560943.31,shares,0
2024-06-04,90.98,92.2,90.02,91.19,91.08,18190492,1660938006.76,shares,0
2024-06-05,90.81,92.1,89.48,89.81,91.19,12077085,1094236829.53,shares,0
2024-06-06,91.5,96.48,90.88,91.25,89.81,31347933,2920334511.92,shares,0
2024-06-07,90.4,91.0,86.31,86.82,91.25,23687006,2084256700.2,shares,0
2024-06-11,86.8,89.3,86.8,88.71,86.82,14876729,1307383234.47,shares,0
2024-06-12,88.17,89.77,87.35,87.87,88.71,11998197,1059075427.02,shares,0
2024-06-13,88.8,91.6,87.38,89.59,87.87,20361353,1828917765.58,shares,0
2024-06-14,89.83,101.11,89.1,98.0,89.59,47135669,4545264432.64,shares,0
2024-06-17,98.37,99.87,95.78,96.88,98.0,26877932,2627271523.07,shares,0
2024-06-18,96.9,103.5,96.49,99.34,96.88,27463379,2759584710.86,shares,0
2024-06-19,101.08,104.84,99.35,101.81,99.34,29285075,2996485553.92,shares,0
2024-06-20,101.0,104.99,100.31,102.57,101.81,23247303,2400316870.35,shares,0
2024-06-21,99.62,102.28,98.01,100.3,102.57,19022988,1899847207.76,shares,0
2024-06-24,99.0,100.68,95.25,95.86,100.3,19476346,1899612672.29,shares,0
2024-06-25,92.0,92.98,88.11,89.05,95.86,25442900,2289626261.07,shares,0
2024-06-26,91.04,91.83,87.0,89.17,89.05,21223780,1890894418.53,shares,0
2024-06-27,87.55,87.98,83.88,84.2,89.17,22002105,1881134888.53,shares,0
2024-06-28,84.13,90.92,84.1,88.42,84.2,25802641,2292348840.87,shares,0
2024-07-01,88.88,97.68,88.14,95.82,88.42,27722480,2600953088.77,shares,0
2024-07-02,94.8,96.08,93.57,94.36,95.82,18109369,1712283835.81,shares,0
2024-07-03,93.6,93.6,88.51,89.41,94.36,20587611,1857448236.89,shares,0
2024-07-04,90.48,91.15,87.11,87.34,89.41,17483946,1554469634.39,shares,0
2024-07-05,87.87,88.38,85.42,87.21,87.34,15971749,1387952842.73,shares,0
2024-07-08,87.25,91.23,86.86,90.08,87.21,21105504,1890847104.62,shares,0
2024-07-09,89.0,94.84,87.31,93.88,90.08,26043152,2386842669.2,shares,0
2024-07-10,94.02,101.0,93.6,100.0,93.88,31426291,3083876641.19,shares,0
2024-07-11,100.0,100.9,95.5,99.41,100.0,25166587,2478488402.86,shares,0
2024-07-12,96.98,96.98,94.45,94.99,99.41,18295331,1746221885.57,shares,0
2024-07-15,93.99,93.99,91.54,93.3,94.99,15301825,1419285943.45,shares,0
2024-07-16,93.5,94.18,91.0,93.43,93.3,17089722,1581262800.25,shares,0
2024-07-17,92.1,93.2,88.68,88.76,93.43,17527848,1581123631.31,shares,0
2024-07-18,89.0,96.15,88.5,96.14,88.76,35273233,3258163134.16,shares,0
2024-07-19,95.0,96.14,91.08,91.21,96.14,24150395,2241368023.78,shares,0
2024-07-22,90.1,94.2,90.01,92.68,91.21,15738561,1454989106.16,shares,0
2024-07-23,94.58,94.99,91.49,91.58,92.68,18065008,1685521486.48,shares,0
2024-07-24,90.03,96.58,90.03,93.68,91.58,20608265,1942287925.58,shares,0
2024-07-25,91.53,91.8,86.82,87.08,93.68,20057419,1773728997.26,shares,0
2024-07-26,87.2,92.39,86.8,91.15,87.08,18115213,1629960930.65,shares,0
2024-07-29,92.99,97.64,91.18,95.9,91.15,26165505,2479319271.88,shares,0
2024-07-30,94.88,98.63,93.08,96.76,95.9,24811227,2388015724.52,shares,0
2024-07-31,96.39,101.11,95.12,100.03,96.76,26149489,2577831135.13,shares,0
2024-08-01,104.6,105.51,100.2,100.56,100.03,25517407,2624896017.28,shares,0
2024-08-02,96.8,96.8,90.48,91.0,100.56,31795245,2965609396.21,shares,0
2024-08-05,86.0,88.66,83.83,84.05,91.0,26872785,2311091836.76,shares,0
2024-08-06,87.45,88.18,84.77,85.93,84.05,17676741,1523615601.07,shares,0
2024-08-07,85.0,86.77,84.02,84.3,85.93,14699423,1254183018.65,shares,0
2024-08-08,82.0,83.24,80.81,82.15,84.3,13894887,1140466432.05,shares,0
2024-08-09,84.0,86.18,83.71,83.72,82.15,15482011,1311572699.06,shares,0
2024-08-12,82.99,85.12,82.99,83.71,83.72,9251717,778053571.67,shares,0
2024-08-13,84.8,86.1,83.65,84.82,83.71,10726604,909554212.74,shares,0
2024-08-14,86.5,86.7,83.33,83.35,84.82,10713567,911038595.66,shares,0
2024-08-15,83.5,85.7,83.0,84.89,83.35,12410854,1051534502.76,shares,0
2024-08-16,85.66,91.79,85.66,90.2,84.89,23577282,2108911891.87,shares,0
2024-08-19,90.0,91.0,88.38,89.3,90.2,13221427,1186123197.66,shares,0
2024-08-20,90.6,90.88,86.65,87.05,89.3,12448369,1099748271.69,shares,0
2024-08-21,87.04,88.88,86.23,87.18,87.05,10495054,917176021.9,shares,0
2024-08-22,86.98,87.5,85.13,85.61,87.18,10000687,859706249.45,shares,0
2024-08-23,85.0,85.44,80.89,82.44,85.61,17041708,1408474844.26,shares,0
2024-08-26,83.5,83.9,77.88,78.98,82.44,17982176,1439892403.08,shares,0
2024-08-27,78.02,79.48,76.58,78.34,78.98,12043645,937870294.77,shares,0
2024-08-28,78.06,80.3,77.05,77.55,78.34,10905440,855302867.1,shares,0
2024-08-29,75.6,75.6,71.5,74.39,77.55,23083631,1688471935.83,shares,0
2024-08-30,73.3,77.97,73.3,76.79,74.39,19172992,1460416975.91,shares,0
2024-09-02,76.7,76.7,72.37,72.42,76.79,16449046,1211651180.12,shares,0
2024-09-03,72.93,73.56,71.74,73.2,72.42,10180056,741796399.66,shares,0
2024-09-04,68.82,72.9,68.65,72.36,73.2,16757188,1185252742.18,shares,0
2024-09-05,71.98,73.56,71.5,71.81,72.36,10523769,761962074.24,shares,0
2024-09-06,71.6,72.87,70.73,70.75,71.81,8107451,580599100.16,shares,0
2024-09-09,70.07,74.09,70.0,73.9,70.75,17499706,1265871542.8,shares,0
2024-09-10,73.69,76.79,72.82,75.19,73.9,22155267,1657405283.34,shares,0
2024-09-11,75.0,76.12,73.71,74.44,75.19,12787775,953783242.46,shares,0
2024-09-12,76.0,76.56,73.36,73.63,74.44,12778327,955350820.84,shares,0
2024-09-13,73.63,79.48,73.63,76.81,73.63,28004277,2152769854.89,shares,0
2024-09-18,75.9,76.96,74.9,75.68,76.81,10827407,819848054.1,shares,0
2024-09-19,75.86,76.1,72.5,73.5,75.68,13743981,1013937591.14,shares,0
2024-09-20,74.01,74.23,72.54,73.4,73.5,9706164,710105367.21,shares,0
2024-09-23,73.06,76.0,72.49,73.87,73.4,10649346,794273092.92,shares,0
2024-09-24,74.1,80.34,74.1,80.21,73.87,23865663,1854926874.07,shares,0
2024-09-25,81.5,81.85,78.63,78.65,80.21,20839740,1673369150.07,shares,0
2024-09-26,78.99,81.5,78.1,81.5,78.65,17318209,1381684582.49,shares,0
2024-09-27,81.52,88.59,80.02,86.08,81.5,28629834,2389411121.47,shares,0
2024-09-30,88.8,100.5,86.2,100.5,86.08,36619587,3431086196.67,shares,0
2024-10-08,120.0,120.6,105.22,120.6,100.5,41074229,4730685189.99,shares,0
2024-10-09,114.62,121.04,108.9,109.9,120.6,32638614,3741446603.31,shares,0
2024-10-10,111.97,113.09,104.2,106.14,109.9,22409609,2418601222.63,shares,0
2024-10-11,104.2,107.8,99.0,100.95,106.14,21786042,2237506500.5,shares,0
2024-10-14,100.1,102.78,97.51,102.32,100.95,19817314,1988454856.77,shares,0
2024-10-15,102.3,105.36,99.3,99.8,102.32,18277809,1863839628.41,shares,0
2024-10-16,96.0,98.06,95.1,96.78,99.8,15666813,1511971747.19,shares,0
2024-10-17,96.99,98.76,96.02,96.15,96.28,14353937,1396175010.99,shares,0
2024-10-18,96.42,109.28,96.04,104.54,96.15,32155869,3293727361.65,shares,0
2024-10-21,106.0,118.5,103.15,113.49,104.54,42662146,4725271630.31,shares,0
2024-10-22,117.0,124.8,113.49,123.3,113.49,40203557,4790669389.78,shares,0
2024-10-23,114.0,124.9,110.0,118.18,123.3,40047175,4722975489.99,shares,0
2024-10-24,117.6,139.8,116.2,129.51,118.18,40760921,5225959495.41,shares,0
2024-10-25,130.0,137.31,129.53,132.9,129.51,33209252,4439592974.07,shares,0
2024-10-28,131.6,142.28,130.0,135.41,132.9,32178277,4359968493.3,shares,0
2024-10-29,132.0,137.78,129.5,134.02,135.41,26243398,3511539815.76,shares,0
2024-10-30,131.5,140.9,129.2,131.48,134.02,24287140,3262036379.18,shares,0
2024-10-31,127.6,131.9,126.88,128.3,131.48,20520969,2646189669.45,shares,0
2024-11-01,126.05,127.66,121.88,124.7,128.3,17999524,2253192825.27,shares,0
2024-11-04,125.5,132.74,125.5,128.83,124.7,14799731,1919129979.2,shares,0
2024-11-05,127.27,135.98,127.27,133.93,128.83,18793232,2493148739.73,shares,0
2024-11-06,133.0,135.81,130.3,132.51,133.93,16465256,2186177739.34,shares,0
2024-11-07,130.53,141.89,130.1,136.65,132.51,17916968,2443009487.84,shares,0
2024-11-08,136.7,149.88,136.55,137.7,136.65,23306152,3320478289.92,shares,0
2024-11-11,136.0,136.8,129.12,129.93,137.7,25851458,3431020501.27,shares,0
2024-11-12,129.74,132.21,126.73,128.5,129.93,18361998,2381411865.37,shares,0
2024-11-13,128.43,135.0,126.21,133.62,128.5,22080732,2915737121.13,shares,0
2024-11-14,132.01,133.47,125.0,125.5,133.62,16576294,2143370730.88,shares,0
2024-11-15,127.0,128.18,115.5,115.56,125.5,22804756,2746347152.06,shares,0
2024-11-18,114.57,117.42,111.23,112.71,115.56,17077390,1948472672.1,shares,0
2024-11-19,114.79,118.11,112.44,115.98,112.71,12805444,1471237526.45,shares,0
2024-11-20,116.08,121.74,116.0,120.05,115.98,17687079,2116944738.85,shares,0
2024-11-21,118.22,120.29,113.34,114.35,120.05,19813901,2300122451.51,shares,0
2024-11-22,114.35,116.5,110.03,110.06,114.35,15468793,1751608222.94,shares,0
2024-11-25,109.91,110.41,101.63,104.5,110.06,26756959,2787874749.48,shares,0
2024-11-26,103.81,106.71,102.6,104.5,104.5,15198673,1589600142.7,shares,0
2024-11-27,104.49,105.58,101.18,104.47,104.5,15583955,1613742102.83,shares,0
2024-11-28,104.01,104.57,99.79,101.27,104.47,18349411,1861209295.89,shares,0
2024-11-29,102.94,105.3,100.55,103.28,101.27,18491201,1905328657.45,shares,0
2024-12-02,104.82,112.68,104.82,110.9,103.28,29600597,3242048003.83,shares,0
2024-12-03,110.0,112.58,107.35,109.61,110.9,16855987,1854186851.26,shares,0
2024-12-04,108.01,109.58,105.28,106.35,109.61,14147371,1511148365.72,shares,0
2024-12-05,107.41,111.8,107.41,108.02,106.35,15093801,1654522067.56,shares,0
2024-12-06,108.0,112.34,107.6,108.72,108.02,12712334,1391400257.38,shares,0
2024-12-09,107.99,107.99,104.1,105.6,108.72,14479499,1528004833.27,shares,0
2024-12-10,108.0,108.99,102.83,103.66,105.6,20552328,2149114407.25,shares,0
2024-12-11,102.05,107.96,102.0,105.57,103.66,18358639,1936470083.78,shares,0
2024-12-12,106.0,112.28,105.02,109.2,105.57,23505342,2577320866.58,shares,0
2024-12-13,108.36,112.19,103.84,104.65,109.2,31678644,3361790002.72,shares,0
2024-12-16,104.65,105.2,97.61,100.51,104.65,26368495,2641604884.68,shares,0
2024-12-17,99.68,103.57,98.55,98.76,100.51,21112598,2122033038.14,shares,0
2024-12-18,98.76,99.45,96.75,98.31,98.76,13280510,1297210620.2,shares,0
2024-12-19,96.96,99.9,96.4,98.93,98.31,14371420,1416295915.07,shares,0
2024-12-20,98.0,100.81,97.77,98.67,98.93,17206427,1708675424.42,shares,0
2024-12-23,99.0,101.91,98.11,98.23,98.67,22441321,2241345533.56,shares,0
2024-12-24,98.79,99.68,96.6,99.11,98.23,14064057,1378569932.02,shares,0
2024-12-25,98.8,102.01,98.31,100.5,99.11,18296910,1839694457.86,shares,0
2024-12-26,100.99,108.88,98.81,107.99,100.5,29875390,3156272966.91,shares,0
2024-12-27,108.15,108.3,104.75,105.6,107.99,20378681,2169566683.06,shares,0
2024-12-30,103.52,103.72,95.68,95.89,105.6,33117283,3261972666.62,shares,0
2024-12-31,95.41,96.18,91.26,91.36,95.89,22654075,2104960950.86,shares,0
2025-01-02,91.0,92.5,88.8,89.75,91.36,15753685,1422945585.98,shares,0
2025-01-03,90.0,90.7,87.0,87.1,89.75,14529353,1291228335.02,shares,0
2025-01-06,87.5,90.38,87.3,88.67,87.1,13242040,1176242929.66,shares,0
2025-01-07,89.8,95.49,88.38,95.07,88.67,25613665,2352211294.04,shares,0
2025-01-08,92.1,94.65,90.2,94.05,95.07,20069287,1852820319.11,shares,0
2025-01-09,93.8,94.57,92.51,93.09,94.05,12845278,1201518002.41,shares,0
2025-01-10,92.6,93.0,88.5,88.5,93.09,17156047,1543760946.67,shares,0
2025-01-13,87.36,89.26,85.53,86.69,88.5,15714232,1367915543.1,shares,0
2025-01-14,86.58,90.09,83.93,89.98,86.69,20533093,1796182196.42,shares,0
2025-01-15,89.01,89.59,86.01,86.02,89.98,17228129,1499996269.21,shares,0
2025-01-16,86.99,103.22,86.51,103.22,86.02,55494222,5301375018.26,shares,0
2025-01-17,106.01,111.54,105.0,108.6,103.22,63958240,6907065953.72,shares,0
2025-01-20,110.33,114.68,106.45,113.47,108.6,46243023,5144981937.1,shares,0
2025-01-21,115.74,115.8,110.08,112.75,113.47,37625944,4214175497.42,shares,0
2025-01-22,115.57,120.0,114.8,116.0,112.75,40360994,4721103515.7,shares,0
2025-01-23,116.58,119.69,111.5,112.92,116.0,32382765,3733853694.97,shares,0
2025-01-24,113.02,116.3,111.8,114.02,112.92,24289935,2758483707.02,shares,0
2025-01-27,106.0,107.49,99.76,100.8,114.02,32455939,3351390968.9,shares,0
2025-02-05,92.0,93.3,82.58,83.79,100.8,47846838,4070398824.28,shares,0
2025-02-06,85.0,86.68,83.51,85.99,83.79,35505785,3024590688.88,shares,0
2025-02-07,86.66,92.28,86.65,90.29,85.99,37586146,3394507397.77,shares,0
2025-02-10,90.85,93.2,90.3,91.73,90.29,27722788,2538748327.05,shares,0
2025-02-11,92.7,94.99,91.2,93.57,91.73,25788046,2412428502.68,shares,0
2025-02-12,92.8,94.28,91.6,93.88,93.57,20291689,1884042488.17,shares,0
2025-02-13,93.07,94.86,90.58,90.83,93.88,22033523,2040004101.9,shares,0
2025-02-14,91.96,95.5,89.01,89.9,90.83,23811891,2178220230.67,shares,0
2025-02-17,90.0,100.39,90.0,98.26,89.9,38508984,3681961594.48,shares,0
2025-02-18,97.0,100.56,95.79,97.2,98.26,28226062,2758682437.84,shares,0
2025-02-19,96.93,97.65,94.18,96.54,97.2,21777976,2092494470.44,shares,0
2025-02-20,97.99,101.93,96.0,100.3,96.54,29656160,2945260455.54,shares,0
2025-02-21,100.85,110.0,98.6,104.08,100.3,32975359,3425215932.63,shares,0
2025-02-24,102.1,103.0,98.53,101.12,104.08,25785942,2593173942.37,shares,0
2025-02-25,97.16,102.35,96.96,100.17,101.12,17640077,1753311538.99,shares,0
2025-02-26,99.6,104.98,98.19,104.42,100.17,22761596,2308771549.16,shares,0
2025-02-27,105.0,106.93,99.0,100.19,104.42,28027041,2855890323.88,shares,0
2025-02-28,94.99,94.99,88.0,88.47,100.19,34755796,3156178584.1,shares,0
2025-03-03,88.8,90.8,86.03,87.43,88.47,22913824,2012751735.01,shares,0
2025-03-04,82.31,87.36,81.62,87.2,87.43,21330192,1810498683.61,shares,0
2025-03-05,87.3,90.5,87.3,89.99,87.2,20442315,1830864868.42,shares,0
2025-03-06,90.19,92.9,88.28,91.11,89.99,24094468,2170131720.56,shares,0
2025-03-07,89.5,89.5,88.0,88.39,91.11,15614224,1384435344.54,shares,0
2025-03-10,88.89,90.5,88.42,89.96,88.39,15920521,1425915238.51,shares,0
2025-03-11,87.32,89.57,87.02,89.56,89.96,12960755,1146920817.26,shares,0
2025-03-12,91.0,92.9,89.6,91.1,89.56,23153323,2113205663.82,shares,0
2025-03-13,93.49,94.3,90.67,90.9,91.1,19506835,1802935721.3,shares,0
2025-03-14,90.87,96.35,90.22,95.13,90.9,33288434,3150256222.95,shares,0
2025-03-17,95.25,98.03,93.89,96.56,95.13,25903188,2487788520.51,shares,0
2025-03-18,95.8,99.52,93.6,97.87,96.56,31588006,3044972865.68,shares,0
2025-03-19,94.62,95.09,90.32,90.69,97.87,33326647,3088144970.3,shares,0
2025-03-20,90.69,92.66,90.0,90.0,90.69,14689258,1338496558.63,shares,0
2025-03-21,89.3,89.95,87.3,87.72,90.0,14395036,1271891357.06,shares,0
2025-03-24,87.8,89.8,87.0,88.84,87.72,13074957,1157691321.25,shares,0
2025-03-25,89.5,91.58,88.78,89.01,88.84,13403958,1207192454.66,shares,0
2025-03-26,88.96,89.01,86.86,87.2,89.01,12117156,1062396861.75,shares,0
2025-03-27,84.9,86.05,82.93,84.7,87.2,17825542,1502915850.99,shares,0
2025-03-28,84.22,85.75,83.66,83.66,84.7,8566737,724033879.29,shares,0
2025-03-31,83.3,84.8,83.01,84.62,83.66,8875595,744841536.93,shares,0
2025-04-01,84.7,84.84,83.88,84.2,84.62,6644674,560284284.44,shares,0
2025-04-02,84.64,86.31,84.35,85.25,84.2,9858456,843009640.15,shares,0
2025-04-03,83.0,83.5,77.51,79.45,85.25,22756648,1836563894.7,shares,0
2025-04-07,69.98,71.4,63.56,63.56,79.45,24267646,1604324025.08,shares,0
2025-04-08,63.93,65.3,59.96,62.23,63.56,28811500,1780356628.87,shares,0
2025-04-09,60.0,63.36,57.11,62.73,62.23,24805047,1513725518.78,shares,0
2025-04-10,69.5,70.01,66.56,66.56,62.73,27739836,1897846490.93,shares,0
2025-04-11,66.56,68.23,65.18,67.07,66.56,18003866,1199865741.52,shares,0
2025-04-14,71.0,71.2,67.93,68.1,67.07,19282147,1334091143.62,shares,0
2025-04-15,67.6,67.89,66.26,67.18,68.1,10864385,728126483.84,shares,0
2025-04-16,65.77,66.23,64.16,65.86,67.18,11790868,771320055.72,shares,0
2025-04-17,65.0,66.68,65.0,65.7,65.86,8765211,578684636.64,shares,0
2025-04-18,65.9,66.81,65.68,66.38,65.7,10009801,662719525.17,shares,0
2025-04-21,67.99,68.5,66.85,68.5,66.38,15222908,1032716413.87,shares,0
2025-04-22,67.38,68.08,67.1,67.5,68.5,11397900,770009752.33,shares,0
2025-04-23,68.88,73.78,68.2,72.5,67.5,30025423,2124289083.97,shares,0
2025-04-24,69.98,71.08,69.26,69.45,72.5,21162003,1480852718.06,shares,0
2025-04-25,69.78,72.19,69.78,70.24,69.45,21141041,1502983998.21,shares,0
2025-04-28,69.8,70.0,67.81,68.27,70.24,13569843,929427003.77,shares,0
2025-04-29,67.67,68.5,67.27,67.68,68.27,8557384,581333407.27,shares,0
2025-04-30,67.85,68.72,67.3,68.57,67.68,10834218,740121933.81,shares,0
2025-05-06,69.75,71.88,69.7,71.69,68.57,17732292,1261633270.12,shares,0
2025-05-07,73.11,73.5,70.41,71.24,71.69,15585154,1115389179.57,shares,0
2025-05-08,71.6,77.57,71.55,76.42,71.24,37367733,2814311246.92,shares,0
2025-05-09,75.0,75.5,73.5,74.12,76.42,21447702,1596079759.21,shares,0
2025-05-12,76.2,76.6,74.48,76.38,74.12,20410081,1541589514.36,shares,0
2025-05-13,78.0,78.76,75.58,75.67,76.38,21757681,1680158846.24,shares,0
2025-05-14,76.86,78.49,76.1,76.33,75.67,21306767,1648032669.91,shares,0
2025-05-15,76.05,76.4,73.27,73.27,76.33,16814165,1245867816.22,shares,0
2025-05-16,72.89,75.14,72.6,74.29,73.27,13746281,1022159466.64,shares,0
2025-05-19,73.46,73.46,71.75,72.45,74.29,11223328,811003211.07,shares,0
2025-05-20,72.45,76.88,72.13,75.3,72.45,17925875,1336613781.54,shares,0
2025-05-21,74.61,80.19,74.61,78.18,75.3,31134672,2420612422.34,shares,0
2025-05-22,77.5,78.95,76.36,76.45,78.18,17741605,1371882699.07,shares,0
2025-05-23,77.0,77.21,74.0,74.07,76.45,14139069,1061647414.29,shares,0
2025-05-26,73.95,74.79,73.15,74.78,74.07,10452509,774078496.17,shares,0
2025-05-27,74.2,75.37,72.03,74.01,74.78,13882657,1017058102.95,shares,0
2025-05-28,74.9,77.74,74.49,77.63,74.01,24581811,1872591581.94,shares,0
2025-05-29,78.6,82.8,78.47,82.16,77.63,40931882,3303535253.57,shares,0
2025-05-30,81.0,82.24,80.18,81.7,82.16,16627585,1352636596.81,shares,0
2025-06-03,81.0,83.4,80.35,81.77,81.7,16266380,1334431028.67,shares,0
2025-06-04,83.6,86.0,83.5,85.17,81.77,29839017,2535778389.08,shares,0
2025-06-05,84.5,89.89,84.29,87.85,85.17,28761181,2507102108.67,shares,0
2025-06-06,87.4,92.57,87.11,90.52,87.85,28587674,2569804673.94,shares,0
2025-06-09,66.58,73.49,66.19,70.2,64.3,55543866,3842291969.76,shares,0
2025-06-10,69.0,69.59,67.68,68.73,70.2,37860867,2598903741.9,shares,0
2025-06-11,68.8,71.2,67.67,67.96,68.73,31718367,2193332701.55,shares,0
2025-06-12,67.89,77.82,67.06,74.79,67.96,63287202,4696745145.1,shares,0
2025-06-13,74.4,75.76,73.33,73.47,74.79,31297415,2321712630.07,shares,0
2025-06-16,72.84,76.99,72.84,75.4,73.47,37298819,2831259894.74,shares,0
2025-06-17,75.6,75.96,72.9,73.8,75.4,27837447,2062472298.99,shares,0
2025-06-18,73.86,77.18,71.58,76.59,73.8,43319724,3246594833.45,shares,0
2025-06-19,75.62,78.7,75.28,76.1,76.59,39726710,3042510705.76,shares,0
2025-06-20,76.1,76.49,73.2,74.38,76.1,31812687,2367051073.58,shares,0
2025-06-23,73.19,74.65,69.8,71.3,74.38,42503067,3042480551.73,shares,0
2025-06-24,71.99,73.17,71.07,71.6,71.3,25299114,1817802808.05,shares,0
2025-06-25,73.48,73.66,70.5,72.3,71.6,27956179,2011600844.19,shares,0
2025-06-26,73.33,74.68,72.61,73.21,72.3,38639468,2844284052.26,shares,0
2025-06-27,72.4,76.32,71.16,75.09,73.21,45732768,3398186456.35,shares,0
2025-06-30,75.9,79.88,73.54,79.84,75.09,57217592,4366335764.07,shares,0
2025-07-01,78.33,80.3,77.8,78.83,79.84,30688655,2431665724.1,shares,0
2025-07-02,77.0,77.0,74.66,74.7,78.83,29252038,2205262931.08,shares,0
2025-07-03,75.4,79.49,74.88,78.08,74.7,34680139,2676393764.55,shares,0
2025-07-04,78.08,79.36,75.5,75.58,78.08,33846430,2613301207.89,shares,0
2025-07-07,74.38,75.31,71.5,73.07,75.58,26856088,1957165169.93,shares,0
2025-07-08,72.56,83.6,72.52,82.33,73.07,59650913,4698423746.46,shares,0
2025-07-09,82.36,84.96,80.77,83.88,82.33,44278426,3688762915.46,shares,0
2025-07-10,86.16,88.53,84.11,87.49,83.88,50673869,4376688390.8,shares,0
2025-07-11,87.19,90.0,84.54,84.54,87.49,46082047,3999084495.8,shares,0
2025-07-14,84.01,86.4,83.8,84.99,84.54,25538572,2172447778.53,shares,0
2025-07-15,89.02,96.51,87.55,95.16,84.99,55403373,5171177454.33,shares,0
2025-07-16,95.83,95.98,90.0,90.22,95.16,46205720,4295025947.93,shares,0
2025-07-17,90.61,93.88,90.0,92.78,90.22,36101008,3335758035.61,shares,0
2025-07-18,93.5,97.3,90.55,91.0,92.78,37232059,3475125263.62,shares,0
2025-07-21,89.07,91.5,86.56,88.96,91.0,38686625,3422677445.1,shares,0
2025-07-22,88.52,93.83,88.2,89.61,88.96,39931496,3641322134.13,shares,0
2025-07-23,87.0,90.73,86.16,90.27,89.61,28381606,2519860946.55,shares,0
2025-07-24,91.8,92.0,86.0,86.97,90.27,34738344,3054590542.05,shares,0
2025-07-25,86.88,88.15,86.0,86.19,86.97,20251296,1754496989.93,shares,0
2025-07-28,86.3,88.9,85.6,88.8,86.19,27073377,2370141138.25,shares,0
2025-07-29,88.81,101.1,88.8,101.08,88.8,68502462,6611819173.28,shares,0
2025-07-30,98.0,102.33,97.8,101.69,101.08,38944086,3893319453.16,shares,0
2025-07-31,103.99,112.66,103.3,105.63,101.69,65715890,7018545017.66,shares,0
2025-08-01,105.0,111.0,102.91,107.88,105.63,50963391,5445884297.61,shares,0
2025-08-04,105.22,107.88,101.5,104.46,107.88,37523085,3878784477.84,shares,0
2025-08-05,106.38,106.99,100.8,103.2,104.46,31836692,3295768437.54,shares,0
2025-08-06,101.91,104.88,101.88,103.03,103.2,20227965,2088661024.01,shares,0
2025-08-07,103.0,107.35,98.25,102.0,103.03,38784444,3987799697.97,shares,0
2025-08-08,100.5,102.44,99.95,100.6,102.0,20303070,2052120502.68,shares,0
2025-08-11,99.11,105.9,98.89,103.61,100.6,38935970,4030146946.8,shares,0
2025-08-12,105.2,108.0,104.3,106.85,103.61,36191056,3845839270.54,shares,0
2025-08-13,107.8,118.0,106.91,117.2,106.85,50072483,5654548018.73,shares,0
2025-08-14,113.87,114.98,110.05,110.19,117.2,35073874,3936953541.41,shares,0
2025-08-15,109.2,111.67,105.84,107.87,110.19,36433603,3932173525.3,shares,0
2025-08-18,106.57,115.0,106.57,111.09,107.87,37869741,4220435069.28,shares,0
2025-08-19,112.01,126.5,110.51,121.98,111.09,53338953,6470006800.46,shares,0
2025-08-20,118.0,125.53,113.15,125.42,121.98,47082491,5676887794.77,shares,0
2025-08-21,125.0,127.29,117.0,119.73,125.42,37245086,4500364742.9,shares,0
2025-08-22,117.5,124.0,115.42,122.9,119.73,43037415,5163071572.52,shares,0
2025-08-25,125.0,131.5,121.0,129.35,122.9,55928776,7062508730.03,shares,0
2025-08-26,150.01,155.0,140.99,144.78,129.35,68626317,10074988463.26,shares,0
2025-08-27,148.01,157.96,147.09,150.01,144.78,52347620,8031580593.16,shares,0
2025-08-28,155.01,180.01,154.73,180.01,150.01,66565753,11391508820.61,shares,0
2025-08-29,187.9,200.88,185.0,198.53,180.01,63570875,12303751070.95,shares,0
2025-09-01,197.99,225.05,193.88,222.16,198.53,57543615,11878758774.09,shares,0
2025-09-02,218.0,224.1,194.78,199.18,222.16,70276577,14711730884.98,shares,0
2025-09-03,199.5,211.58,193.88,205.31,199.18,54161494,10910935949.19,shares,0
2025-09-04,205.0,208.0,170.0,173.66,205.31,65569250,12065869737.47,shares,0
2025-09-05,176.79,189.72,171.26,186.8,173.66,51019239,9164032275.25,shares,0
2025-09-08,182.01,183.0,165.22,173.05,186.8,48493698,8322599262.15,shares,0
2025-09-09,174.0,174.14,165.0,167.93,173.05,28759357,4866772194.05,shares,0
2025-09-10,176.5,179.98,169.55,174.91,167.93,45141578,7867361080.0,shares,0
2025-09-11,180.01,201.52,176.8,198.6,174.91,62624783,11780144201.28,shares,0
2025-09-12,188.0,190.0,182.5,185.65,198.6,42450430,7919365210.96,shares,0
2025-09-15,180.0,185.2,176.0,181.05,185.65,26846949,4867800295.36,shares,0
2025-09-16,179.77,184.44,173.0,178.3,181.05,34917297,6187768812.56,shares,0
2025-09-17,178.0,184.02,174.0,182.07,178.3,33112646,5943900722.47,shares,0
2025-09-18,178.01,188.0,174.4,179.88,182.07,41036905,7411297765.57,shares,0
2025-09-19,182.2,195.0,180.62,187.98,179.38,45333156,8506737426.39,shares,0
2025-09-22,188.0,188.47,175.0,185.59,187.98,32812102,5990638709.3,shares,0
2025-09-23,194.37,198.85,180.0,189.8,185.59,38957661,7385389500.58,shares,0
2025-09-24,180.24,186.35,177.0,182.51,189.8,31158508,5638496139.41,shares,0
2025-09-25,179.97,187.0,173.55,182.4,182.51,31704581,5753931044.73,shares,0
2025-09-26,180.0,185.66,173.85,173.85,182.4,24465759,4366614932.89,shares,0
2025-09-29,170.0,178.38,170.0,176.09,173.85,22874796,4015696118.09,shares,0
2025-09-30,177.38,178.8,167.0,167.8,176.09,30649883,5219349527.57,shares,0
2025-10-09,167.87,170.78,162.99,164.0,167.8,29749322,4975398525.23,shares,0
2025-10-10,163.88,165.68,156.88,158.2,164.0,28436697,4567733619.35,shares,0
2025-10-13,146.88,158.19,146.88,156.88,158.2,23231276,3605867409.81,shares,0
2025-10-14,159.04,160.01,148.0,148.95,156.88,26317544,3997846751.14,shares,0
2025-10-15,149.16,151.34,146.24,150.19,148.95,18991037,2827504775.52,shares,0
2025-10-16,149.53,155.0,149.0,150.75,150.19,22548197,3433119554.13,shares,0
2025-10-17,151.37,151.7,146.2,146.59,150.75,16290662,2412123516.43,shares,0
2025-10-20,153.92,166.56,153.9,157.97,146.59,44669183,7138695442.57,shares,0
2025-10-21,158.72,170.66,156.0,166.75,157.97,46362498,7616993167.43,shares,0
2025-10-22,163.58,182.97,163.58,178.55,166.75,52904463,9318979680.69,shares,0
2025-10-23,173.78,173.78,163.7,167.2,178.55,39220369,6572041662.14,shares,0
2025-10-24,169.62,180.0,163.4,178.0,167.2,47343060,8141820680.7,shares,0
2025-10-27,185.0,192.08,181.0,190.06,178.0,48101374,8979520376.19,shares,0
2025-10-28,185.57,197.9,184.0,189.11,190.06,38642515,7370174644.26,shares,0
2025-10-29,195.15,197.1,182.75,194.5,189.11,40054929,7597816866.76,shares,0
2025-10-30,185.0,185.0,171.46,172.02,194.5,58638272,10352672348.21,shares,0
2025-10-31,168.0,169.0,156.1,158.01,172.02,52083839,8374212495.69,shares,0
2025-11-03,154.06,156.49,150.8,155.06,158.01,31502040,4841846982.31,shares,0
2025-11-04,156.5,158.8,152.45,153.94,155.06,26954661,4203552355.8,shares,0
2025-11-05,147.0,153.0,146.88,151.55,153.94,24047807,3615015504.56,shares,0
2025-11-06,151.66,156.68,151.23,155.32,151.55,32026484,4937521100.99,shares,0
2025-11-07,152.0,183.0,151.61,175.0,155.32,78944666,13424959494.81,shares,0
2025-11-10,177.01,180.96,169.01,180.0,175.0,57184879,10047621039.68,shares,0
2025-11-11,182.12,182.36,163.8,165.58,180.0,55560870,9512785849.99,shares,0
2025-11-12,163.8,165.9,157.28,164.0,165.58,36299369,5881465121.54,shares,0
2025-11-13,163.0,164.98,159.9,162.74,164.0,25276921,4092989208.55,shares,0
2025-11-14,158.8,160.98,154.2,155.47,162.74,23956464,3765424502.2,shares,0
2025-11-17,155.47,158.47,147.98,150.9,155.47,31065548,4700299563.75,shares,0
2025-11-18,148.15,156.87,148.15,152.6,150.9,26864480,4117461995.42,shares,0
2025-11-19,152.0,157.82,150.88,153.21,152.6,28325716,4375737226.8,shares,0
2025-11-20,159.0,163.28,152.0,160.08,153.21,44677365,7047125516.16,shares,0
2025-11-21,151.0,153.0,147.0,148.33,160.08,30748189,4604773166.67,shares,0
2025-11-24,149.0,150.25,141.14,144.21,148.33,29259291,4250002337.69,shares,0
2025-11-25,146.66,153.96,146.35,147.73,144.21,32486621,4860816133.62,shares,0
2025-11-26,144.87,161.83,142.68,156.95,147.73,51891380,7982288776.61,shares,0
2025-11-27,155.02,165.0,154.21,155.09,156.95,43145006,6873642602.05,shares,0
2025-11-28,159.2,162.88,155.26,158.0,155.09,36573546,5810938839.07,shares,0
2025-12-01,158.02,161.85,151.4,158.32,158.0,34961945,5508511002.91,shares,0
2025-12-02,158.5,166.78,158.5,161.98,158.32,37889830,6193640240.92,shares,0
2025-12-03,164.0,178.6,163.42,173.45,161.98,68618096,11779704229.32,shares,0
2025-12-04,170.18,189.9,169.8,187.12,173.45,65031638,11852268125.63,shares,0
2025-12-05,192.99,205.0,188.88,198.75,187.12,64856858,12692298117.31,shares,0
2025-12-08,198.75,238.5,198.06,236.9,198.75,71244488,16212202793.61,shares,0
2025-12-09,236.0,242.0,231.11,240.15,236.9,57901761,13739523934.2,shares,0
2025-12-10,238.6,241.16,229.39,235.36,240.15,47328813,11080655706.76,shares,0
2025-12-11,231.0,233.8,218.86,219.68,235.36,55296758,12510207083.6,shares,0
2025-12-12,218.9,221.25,205.53,215.16,219.68,49350869,10529102567.02,shares,0
2025-12-15,207.97,217.4,207.0,209.62,215.16,31401917,6616554819.46,shares,0
2025-12-16,206.02,209.49,197.5,199.3,209.62,28312172,5710291152.25,shares,0
2025-12-17,201.29,219.58,199.55,217.78,199.3,51481514,10906252650.44,shares,0
2025-12-18,215.23,224.05,213.22,218.81,217.78,44246053,9713777634.64,shares,0
2025-12-19,222.46,224.0,208.6,214.03,218.81,36710215,7914075766.56,shares,0
2025-12-22,218.0,226.88,213.63,223.0,214.03,57511146,12701678376.05,shares,0
2025-12-23,223.49,228.0,219.62,222.28,223.0,35195138,7832545148.24,shares,0
2025-12-24,221.23,225.6,214.88,223.07,222.28,41138680,9057466208.74,shares,0
2025-12-25,223.59,230.0,209.0,214.8,223.07,39136075,8474522564.57,shares,0
2025-12-26,213.87,217.61,210.57,213.31,214.8,22579993,4827757414.82,shares,0
2025-12-29,210.75,215.88,208.0,212.77,213.31,26202681,5550728643.21,shares,0
2025-12-30,209.9,217.4,208.18,212.47,212.77,29098714,6189979870.11,shares,0
2025-12-31,212.58,212.61,201.5,203.03,212.47,33354386,6850047166.25,shares,0
2026-01-05,206.98,207.5,200.0,203.6,203.03,29847029,6068351496.83,shares,0
2026-01-06,200.03,203.3,196.69,201.76,203.6,31135222,6223159605.46,shares,0
2026-01-07,205.0,206.78,199.89,202.18,201.76,30167064,6119705513.79,shares,0
2026-01-08,199.99,200.98,195.01,195.25,202.18,28602252,5630630111.13,shares,0
2026-01-09,191.36,201.95,188.55,199.0,195.25,34506223,6753897619.9,shares,0
2026-01-12,196.1,204.87,191.63,202.41,199.0,39465259,7840966591.62,shares,0
2026-01-13,200.39,207.28,188.55,190.0,202.41,45276189,8879322812.12,shares,0
2026-01-14,192.27,195.0,188.88,191.5,190.0,33883468,6482597792.79,shares,0
2026-01-15,189.5,197.19,188.01,193.68,191.5,37546359,7225350112.2,shares,0
2026-01-16,196.3,204.6,193.0,198.0,193.68,46004185,9131027262.51,shares,0
2026-01-19,193.89,198.56,191.2,193.22,198.0,29702940,5755470474.72,shares,0
2026-01-20,191.51,193.24,182.37,184.6,193.22,29823934,5543345223.09,shares,0
2026-01-21,183.85,192.3,183.2,188.73,184.6,25042355,4719369325.79,shares,0
2026-01-22,188.7,200.66,186.0,199.98,188.73,50805385,10019372625.51,shares,0
2026-01-23,198.99,199.94,188.3,189.16,199.98,40520070,7806585964.69,shares,0
2026-01-26,188.6,198.49,186.63,195.95,189.16,40112446,7782721509.35,shares,0
2026-01-27,197.6,218.13,196.66,210.06,195.95,59312606,12409043182.12,shares,0
2026-01-28,216.0,222.0,205.06,219.57,210.06,58109319,12413442899.68,shares,0
2026-01-29,219.0,234.9,218.65,224.0,219.57,55546329,12590963412.56,shares,0
2026-01-30,220.89,261.9,220.23,248.43,224.0,72841977,17577561980.55,shares,0
2026-02-02,249.78,259.9,234.6,238.49,248.43,61276436,15043330821.24,shares,0
2026-02-03,252.0,272.38,250.66,270.0,238.49,61994760,16224623747.56,shares,0
2026-02-04,272.01,277.0,252.0,266.66,270.0,44559033,11771295610.69,shares,0
2026-02-05,253.33,261.44,244.0,251.9,266.66,41934157,10483390859.03,shares,0
2026-02-06,253.62,268.01,241.72,252.97,251.9,49230655,12519907932.46,shares,0
2026-02-09,277.0,303.56,266.11,297.9,252.97,57364184,16568274350.73,shares,0
2026-02-10,291.45,301.28,283.02,287.87,297.9,33120344,9627866724.75,shares,0
2026-02-11,286.8,299.24,285.0,288.5,287.87,34636431,10085141017.73,shares,0
2026-02-12,300.0,333.79,295.3,330.0,288.5,48295688,15386242511.84,shares,0
2026-02-13,323.56,328.0,309.0,311.58,330.0,29947830,9414400814.09,shares,0
2026-02-24,328.0,358.93,328.0,351.01,311.58,36235869,12633094248.81,shares,0
2026-02-25,352.31,355.0,328.83,341.51,351.01,33260648,11301342208.0,shares,0
2026-02-26,344.0,377.31,344.0,362.02,341.51,43393452,15656481422.99,shares,0
2026-02-27,341.02,376.1,340.26,368.7,362.02,40681186,14431330233.37,shares,0
2026-03-02,366.86,388.94,346.61,350.0,368.7,54311441,19834946318.18,shares,0
2026-03-03,364.82,364.99,332.5,334.56,350.0,44529444,15297134357.89,shares,0
2026-03-04,328.3,343.08,324.0,335.56,334.56,28805559,9636781875.09,shares,0
2026-03-05,342.0,345.97,325.08,334.8,335.56,32785993,10989892282.51,shares,0
2026-03-06,334.57,336.3,318.0,322.88,334.8,33215376,10746899823.13,shares,0
2026-03-09,306.75,310.48,292.0,306.96,322.88,37896546,11365858275.52,shares,0
2026-03-10,329.0,341.88,325.01,340.48,306.96,38050810,12745689256.98,shares,0
2026-03-11,342.69,344.44,329.3,331.0,340.48,26757383,8972869883.16,shares,0
2026-03-12,331.0,336.8,314.61,334.04,331.0,35686105,11618752972.01,shares,0
2026-03-13,323.18,333.33,322.12,325.0,334.04,22443274,7335764289.86,shares,0
2026-03-16,325.06,326.6,301.35,311.17,325.0,35200377,10867879814.77,shares,0
2026-03-17,288.0,289.35,277.17,280.0,311.17,53235521,15067247324.58,shares,0
2026-03-18,293.99,304.84,293.0,303.3,280.0,46077089,13768828779.99,shares,0
2026-03-19,305.57,316.6,301.0,307.99,303.3,32108894,9918125588.67,shares,0
2026-03-20,335.0,336.63,312.0,312.0,307.99,40079712,12865931753.7,shares,0
2026-03-23,300.06,309.0,295.62,298.49,312.0,27429509,8272528784.94,shares,0
2026-03-24,298.49,308.88,290.5,298.71,298.49,30854779,9187521646.1,shares,0
2026-03-25,313.0,331.5,312.18,318.1,298.71,38314905,12238824633.7,shares,0
2026-03-26,318.17,339.0,316.79,325.0,318.1,40107683,13268658181.28,shares,0
2026-03-27,311.0,325.85,302.25,317.6,325.0,28874283,9091954232.61,shares,0
2026-03-30,314.16,322.0,308.0,316.81,317.6,23107891,7287911306.54,shares,0
2026-03-31,308.6,316.0,298.22,301.6,316.81,27057578,8240526192.03,shares,0
2026-04-01,316.67,334.88,312.89,333.33,301.6,42199906,13679978951.38,shares,0
2026-04-02,329.11,336.05,320.0,322.8,333.33,28192414,9179362975.79,shares,0
2026-04-03,337.68,344.4,333.6,333.86,322.8,31923815,10807630420.35,shares,0
2026-04-07,334.02,336.83,314.85,317.36,333.86,32900772,10604997153.73,shares,0
2026-04-08,330.0,339.33,320.0,337.0,317.36,46413227,15397783103.09,shares,0
2026-04-09,337.02,359.71,331.13,346.9,337.0,48490191,16728771469.68,shares,0
2026-04-10,346.9,365.05,341.4,358.9,346.9,48505297,17199782789.51,shares,0
2026-04-13,354.0,357.29,341.0,351.0,358.9,37461830,13073919548.29,shares,0
2026-04-14,352.3,363.0,343.8,345.84,351.0,44778674,15719189943.46,shares,0
2026-04-15,345.84,347.99,327.5,330.66,345.84,41512375,13971866474.53,shares,0
2026-04-16,328.0,359.77,325.65,355.57,330.66,48574093,16798538839.44,shares,0
2026-04-17,361.89,383.66,360.14,379.28,355.57,45606946,17079362424.92,shares,0
2026-04-20,376.16,388.0,367.01,374.5,379.28,40453078,15195412263.59,shares,0
2026-04-21,345.03,370.89,345.0,353.0,374.5,55199596,19630021898.57,shares,0
2026-04-22,346.65,380.5,342.0,375.41,353.0,51932998,18905961643.38,shares,0
2026-04-23,375.6,378.0,343.5,350.09,375.41,55754951,19837910674.6,shares,0
2026-04-24,342.32,346.07,316.3,323.87,350.09,55141055,18056053865.99,shares,0
2026-04-27,325.0,332.99,317.9,322.25,323.87,35815190,11633657946.95,shares,0
2026-04-28,321.12,321.64,307.8,309.8,322.25,34565241,10803692462.62,shares,0
2026-04-29,305.0,317.5,305.0,311.09,309.8,25408207,7938064475.93,shares,0
2026-04-30,312.87,314.9,305.0,307.5,311.09,23598894,7267276034.32,shares,0
2026-05-06,312.85,336.58,311.0,316.16,307.5,54066798,17549577559.59,shares,0
2026-05-07,322.0,331.0,305.0,328.14,316.16,58169647,18582430318.4,shares,0
2026-05-08,321.14,335.13,320.0,326.3,328.14,35660918,11690928153.67,shares,0
2026-05-11,333.33,335.0,318.1,331.92,326.3,46423178,15270518541.0,shares,0
2026-05-12,340.0,349.3,336.31,342.45,331.92,50592092,17372963274.97,shares,0
2026-05-13,342.45,383.79,342.3,378.19,342.45,72625202,26396649403.86,shares,0
2026-05-14,394.52,406.56,383.0,392.0,378.19,67986602,26939930630.9,shares,0
2026-05-15,401.0,414.08,381.91,399.99,392.0,67609568,26926522821.04,shares,0
2026-05-18,388.99,394.2,370.0,384.95,399.99,54348965,20863411791.62,shares,0
2026-05-19,376.08,377.0,347.13,363.0,384.95,54619126,19608345147.18,shares,0
2026-05-20,360.27,369.0,351.0,358.99,363.0,41624427,14909383120.01,shares,0
2026-05-21,360.2,364.57,335.98,337.21,358.99,41830514,14759278454.94,shares,0
2026-05-22,346.0,375.0,345.18,372.5,337.21,57291558,20691160951.34,shares,0
2026-05-25,372.9,397.77,361.58,396.75,372.5,52432152,20105294385.41,shares,0
2026-05-26,399.0,410.0,393.0,406.76,396.75,47298006,19001726190.33,shares,0
2026-05-27,403.95,444.64,401.83,428.61,406.76,51827703,22153139734.24,shares,0
2026-05-28,427.6,450.15,409.0,447.56,428.61,48823693,20991962587.2,shares,0
2026-05-29,467.0,492.38,452.0,455.2,447.56,61505539,28927133765.47,shares,0
2026-06-01,459.75,465.7,428.38,428.88,455.2,44124299,19427735852.57,shares,0
2026-06-02,435.08,463.01,424.47,457.0,428.88,47525815,21081925808.74,shares,0
2026-06-03,501.0,525.0,482.99,497.38,457.0,59936994,30156692486.41,shares,0
2026-06-04,478.91,491.3,476.87,480.45,497.38,35297613,17054436605.88,shares,0
2026-06-05,483.0,501.87,449.0,457.0,480.45,47120647,22474176089.7,shares,0
2026-06-08,439.0,442.79,415.72,425.11,457.0,42123400,18150638663.51,shares,0
2026-06-09,437.88,445.59,429.5,443.92,425.11,35077272,15398699159.93,shares,0
2026-06-10,418.0,425.0,403.04,411.08,443.92,44779655,18432385534.23,shares,0
2026-06-11,412.52,424.85,402.0,412.3,411.08,33328689,13779259437.48,shares,0
2026-06-12,303.02,305.0,280.95,280.95,294.0,47428885,13857715111.99,shares,0
2026-06-15,286.56,306.12,277.18,305.04,280.95,54172844,15995582706.77,shares,0
2026-06-16,311.56,331.61,306.01,324.71,305.04,57837929,18459969584.19,shares,0
2026-06-17,318.0,329.97,315.0,329.33,324.71,46702733,15113944017.57,shares,0
2026-06-18,325.0,340.49,324.0,336.6,329.33,49185066,16497038463.42,shares,0
2026-06-22,338.0,338.9,315.99,326.12,336.6,61927226,20287301974.24,shares,0
2026-06-23,326.12,326.12,308.24,311.06,326.12,45830920,14429776922.37,shares,0
2026-06-24,311.05,326.0,306.0,325.28,311.06,45143207,14141642559.36,shares,0
2026-06-25,318.08,346.0,312.0,341.97,325.28,79669020,25921063834.59,shares,0
2026-06-26,331.0,334.68,316.8,318.0,341.97,48193304,15661790120.6,shares,0
2026-06-29,309.0,313.99,288.86,295.15,318.0,52800062,15863954431.24,shares,0
2026-06-30,295.0,309.89,290.02,302.68,295.15,42389181,12828514406.51,shares,0
2026-07-01,301.0,304.0,280.0,285.0,302.68,56185594,16319002368.28,shares,0
2026-07-02,271.0,272.0,250.01,250.77,285.0,52924350,13743261690.64,shares,0
2026-07-03,252.0,260.43,245.94,250.1,250.77,40281926,10208258740.71,shares,0
2026-07-06,250.58,253.99,231.45,237.0,250.1,46315721,11108718096.98,shares,0
2026-07-07,237.0,246.5,234.66,244.09,237.0,42411642,10210084576.08,shares,0
2026-07-08,246.01,253.2,240.2,245.68,244.09,43255515,10728540526.36,shares,0
2026-07-09,252.5,272.94,248.53,271.5,245.68,55610243,14467440780.41,shares,0
2026-07-10,281.0,291.8,270.91,271.12,271.5,64623102,18290722004.32,shares,0
2026-07-13,262.0,277.77,255.59,259.31,271.12,38688620,10253310022.41,shares,0
2026-07-14,257.3,276.16,252.0,273.51,259.31,47796023,12760497501.93,shares,0
2026-07-15,275.0,275.96,258.88,259.4,273.51,34731205,9172900085.35,shares,0
2026-07-16,245.52,257.01,239.88,244.13,259.4,35278808,8752272465.78,shares,0
2026-07-17,238.68,241.0,207.0,211.37,244.13,54657457,11962382322.29,shares,0
2026-07-20,225.0,227.71,200.0,213.54,211.37,52186527,11211419028.85,shares,0
2026-07-21,215.2,232.1,188.08,231.0,213.54,64907914,13858692755.15,shares,0
2026-07-22,228.0,233.18,217.2,217.63,231.0,42035505,9507466764.79,shares,0
2026-07-23,222.01,224.0,210.53,212.09,217.63,28683816,6193269171.8,shares,0
2026-07-24,209.07,212.49,203.12,203.41,212.09,25501446,5266409035.77,shares,0
2026-07-27,201.76,210.32,200.1,209.19,203.41,25824540,5315441285.91,shares,0
2026-07-28,198.11,202.98,180.01,181.56,209.19,44577471,8504078195.98,shares,0
2026-07-29,182.5,185.07,170.63,182.09,181.56,43360343,7741166875.2,shares,0
2026-07-30,180.03,180.76,155.55,160.1,182.09,57897643,9547345849.57,shares,0
2026-07-31,180.0,185.03,170.93,171.01,160.1,54885655,9840887548.54,shares,0
2026-08-03,170.97,187.5,168.5,180.5,171.01,55997780,10029332107.86,shares,0
2026-08-04,189.98,216.0,188.18,212.0,180.5,78330255,15872876093.62,shares,0
2026-08-05,198.0,218.2,193.0,216.85,212.0,85953720,17769307344.72,shares,0
2026-08-06,208.0,228.0,202.0,225.28,216.85,67750080,14710774339.19,shares,0
2026-08-07,230.0,236.82,224.96,230.68,225.28,60993190,14070341420.74,shares,0
2026-08-10,233.21,235.0,216.68,223.03,230.68,46671754,10437271280.55,shares,0
2026-08-11,218.22,228.58,216.88,222.49,223.03,31868260,7116847851.02,shares,0
2026-08-12,224.01,248.5,221.99,240.05,222.49,53473690,12718552010.26,shares,0
2026-08-13,250.1,271.4,250.1,257.16,240.05,64679462,16858879504.05,shares,0
2026-08-14,262.01,267.71,252.0,267.71,257.16,52489133,13734994212.48,shares,0
2026-08-17,278.0,291.8,274.59,286.56,267.71,63159304,17899142473.55,shares,0
2026-08-18,288.0,295.0,279.36,291.44,286.56,54769227,15715979195.73,shares,0
2026-08-19,272.0,289.7,267.89,277.4,291.44,63165195,17560184986.9,shares,0
2026-08-20,282.5,284.0,260.5,276.25,277.4,51737392,14195536271.51,shares,0
2026-08-21,276.1,288.0,269.65,273.08,276.25,50444269,14055654905.56,shares,0
2026-08-24,268.88,270.94,241.0,249.5,273.08,64477787,16345220667.12,shares,0
2026-08-25,249.5,264.72,241.8,257.1,249.5,45109706,11415328784.95,shares,0
2026-08-26,256.97,256.97,245.01,253.58,257.1,36821448,9292994935.51,shares,0
2026-08-27,258.39,276.66,256.48,267.16,253.58,51943008,13829216739.23,shares,0
2026-08-28,266.2,274.99,261.92,263.58,267.16,33895960,9104490089.29,shares,0
2026-08-31,255.01,264.59,253.68,263.0,263.58,28695969,7462734269.96,shares,0
2026-09-01,261.05,261.95,247.2,251.77,263.0,33052109,8348735682.45,shares,0
2026-09-02,247.86,255.69,237.8,250.0,251.77,41634547,10214252789.46,shares,0
2026-09-03,253.0,253.99,243.96,248.81,250.0,25488817,6318995689.59,shares,0
2026-09-04,252.01,262.68,246.02,248.7,248.81,38589218,9832958463.92,shares,0
2026-09-07,256.22,268.87,254.4,267.0,248.7,51929384,13606540719.65,shares,0
2026-09-08,265.1,273.33,256.8,258.5,267.0,41093472,10887698529.06,shares,0
2026-09-09,270.0,270.88,256.13,258.03,258.5,30059593,7907332900.69,shares,0
2026-09-10,253.92,276.99,253.07,269.0,258.03,50983659,13799920487.71,shares,0
2026-09-11,264.0,270.89,254.6,261.96,269.0,45544402,11968351184.12,shares,0
2026-09-14,254.65,267.58,250.01,256.96,261.96,32658302,8420705689.1,shares,0
2026-09-15,255.53,263.98,248.6,257.38,256.96,31662912,8138165036.97,shares,0
2026-09-16,258.61,273.95,256.93,268.99,257.38,42987747,11499354968.76,shares,0
2026-09-17,268.54,282.6,268.54,277.65,268.49,45635249,12686236587.43,shares,0
2026-09-18,283.67,292.07,278.68,284.66,277.65,45606936,13043385387.34,shares,0
2026-09-21,286.17,290.95,276.88,279.26,284.66,34392788,9672715279.73,shares,0
2026-09-22,284.93,284.93,275.0,275.84,279.26,28636142,8004889633.49,shares,0
2026-09-23,277.0,281.0,271.3,275.4,275.84,23625628,6525434226.84,shares,0
2026-09-24,273.22,274.67,265.22,267.93,275.4,22060480,5943596823.38,shares,0
