date,open,high,low,close,preclose,volume,amount,volume_unit,special_treatment
2014-01-02,12.1,12.68,12.1,12.57,12.1,3540533,44303458.0,shares,0
2014-01-03,12.51,12.7,12.25,12.52,12.57,2434066,30521130.0,shares,0
2014-01-06,12.6,12.8,12.12,12.33,12.52,2344882,29108695.0,shares,0
2014-01-07,12.38,12.56,11.81,12.4,12.33,1694968,20730728.0,shares,0
2014-01-08,12.4,12.58,12.23,12.36,12.4,1421297,17626874.0,shares,0
2014-01-09,12.47,12.78,12.24,12.38,12.36,2054325,25782852.0,shares,0
2014-01-10,12.47,12.6,11.81,12.0,12.38,1738727,20953196.0,shares,0
2014-01-13,12.09,12.36,11.65,11.68,12.0,1066765,12653936.0,shares,0
2014-01-14,11.86,12.07,11.77,12.05,11.68,1798702,21572715.0,shares,0
2014-01-15,12.04,12.46,11.9,12.46,12.05,2402715,29202615.0,shares,0
2014-01-16,12.48,12.56,12.03,12.03,12.46,1724797,21188154.0,shares,0
2014-01-17,11.9,12.08,11.8,11.93,12.03,1148790,13686945.0,shares,0
2014-01-20,11.9,12.09,11.81,11.96,11.93,741250,8856003.0,shares,0
2014-01-21,12.06,12.35,11.96,12.16,11.96,1278568,15562808.0,shares,0
2014-01-22,12.27,12.94,12.16,12.76,12.16,4084613,51574058.0,shares,0
2014-01-23,12.57,13.1,12.57,12.77,12.76,3696454,47364648.0,shares,0
2014-01-24,12.78,12.84,12.59,12.75,12.77,2387331,30386460.0,shares,0
2014-01-27,12.75,13.45,12.75,13.18,12.75,3487841,45753301.0,shares,0
2014-01-28,13.34,13.6,13.0,13.39,13.18,2154921,28609680.0,shares,0
2014-01-29,13.39,13.5,12.9,13.19,13.39,1629651,21526421.0,shares,0
2014-01-30,13.25,13.65,13.15,13.3,13.19,1689689,22625602.0,shares,0
2014-02-07,13.19,13.64,13.05,13.22,13.3,1206618,15918703.0,shares,0
2014-02-10,13.29,14.48,13.23,14.18,13.22,3445151,47212239.0,shares,0
2014-02-11,14.22,15.31,14.18,14.95,14.18,4060713,60034613.0,shares,0
2014-02-12,15.11,15.4,14.62,14.84,14.95,1892905,28138583.0,shares,0
2014-02-13,15.09,15.36,14.8,14.81,14.84,2834737,42670711.0,shares,0
2014-02-14,14.99,15.36,14.5,15.3,14.81,3270563,48829616.0,shares,0
2014-02-17,15.5,16.36,15.36,16.02,15.3,2705793,42916821.0,shares,0
2014-02-18,16.29,16.3,15.41,15.48,16.02,3580684,56189932.0,shares,0
2014-02-19,15.5,15.66,14.81,14.98,15.48,1892423,28847746.0,shares,0
2014-02-20,15.08,15.6,14.9,15.46,14.98,2344922,35897942.0,shares,0
2014-02-21,15.45,15.65,15.19,15.23,15.46,1189545,18224927.0,shares,0
2014-02-24,15.5,16.03,15.0,15.99,15.23,2430756,38214901.0,shares,0
2014-02-25,16.42,17.24,15.28,15.42,15.99,4020012,66445634.0,shares,0
2014-02-26,15.8,16.18,14.23,14.85,15.42,3852623,57407573.0,shares,0
2014-02-27,14.8,15.55,14.28,14.35,14.85,2297810,34449673.0,shares,0
2014-02-28,14.65,15.0,13.8,14.86,14.35,1543931,22202654.0,shares,0
2014-03-03,14.97,15.44,14.71,15.34,14.86,2593695,39540730.0,shares,0
2014-03-04,15.12,15.35,14.95,15.1,15.34,1524149,23099280.0,shares,0
2014-03-05,15.34,15.52,14.98,15.25,15.1,1107148,16887604.0,shares,0
2014-03-06,15.38,15.49,14.55,14.7,15.25,1109808,16482811.0,shares,0
2014-03-07,14.88,16.0,14.58,15.58,14.7,2662833,40955843.0,shares,0
2014-03-10,15.4,15.49,14.86,14.98,15.58,1121744,17006460.0,shares,0
2014-03-11,15.0,15.15,14.32,14.5,14.98,1096170,16100141.0,shares,0
2014-03-12,14.65,15.19,14.1,14.28,14.5,1334191,19431875.0,shares,0
2014-03-13,14.3,14.47,14.11,14.46,14.28,481782,6896274.0,shares,0
2014-03-14,14.35,14.68,14.28,14.65,14.46,763128,11058990.0,shares,0
2014-03-17,14.6,14.78,14.4,14.64,14.65,921131,13455350.0,shares,0
2014-03-18,14.64,15.03,14.61,15.03,14.64,1230686,18218656.0,shares,0
2014-03-19,15.0,15.48,14.95,15.33,15.03,2337645,35633014.0,shares,0
2014-03-20,15.35,15.39,14.86,14.95,15.33,1326966,20039703.0,shares,0
2014-03-21,14.85,15.74,14.51,15.3,14.95,1365148,20503314.0,shares,0
2014-03-24,15.52,15.68,14.91,14.98,15.3,1337083,20357335.0,shares,0
2014-03-25,14.99,15.55,14.6,15.03,14.98,1647419,24800944.0,shares,0
2014-03-26,15.28,15.28,15.0,15.09,15.03,559857,8471954.0,shares,0
2014-03-27,15.24,15.35,14.76,14.9,15.09,942771,14122866.0,shares,0
2014-03-28,14.98,15.08,14.69,14.89,14.9,1072089,15897495.0,shares,0
2014-03-31,14.99,15.9,14.99,15.15,14.89,1584166,24176717.0,shares,0
2014-04-01,15.29,15.4,15.09,15.2,15.15,923347,14054364.0,shares,0
2014-04-02,15.29,15.45,14.85,15.11,15.2,917121,13814171.0,shares,0
2014-04-03,15.2,15.2,14.8,15.08,15.11,675600,10102219.0,shares,0
2014-04-04,15.02,15.38,14.95,15.15,15.08,828715,12511227.0,shares,0
2014-04-08,15.13,15.24,14.97,15.05,15.15,648551,9771261.0,shares,0
2014-04-09,15.18,16.0,15.01,15.74,15.05,5547687,86528864.0,shares,0
2014-04-10,15.7,15.8,15.02,15.2,15.74,4494521,69073084.0,shares,0
2014-04-11,15.0,15.57,13.8,13.93,15.2,5221541,76109277.0,shares,0
2014-04-14,13.78,13.9,13.45,13.7,13.93,2973424,40598631.0,shares,0
2014-04-15,13.67,13.88,13.61,13.78,13.7,938965,12895871.0,shares,0
2014-04-16,13.78,14.39,13.65,14.24,13.78,2561481,36080777.0,shares,0
2014-04-17,14.2,14.38,13.8,14.15,14.24,1128625,15918085.0,shares,0
2014-04-18,14.15,14.3,14.0,14.2,14.15,765262,10876436.0,shares,0
2014-04-21,14.18,14.48,13.85,14.19,14.2,1646415,23162775.0,shares,0
2014-04-22,14.35,14.47,13.93,14.08,14.19,1189005,16867747.0,shares,0
2014-04-23,13.91,14.29,13.91,14.29,14.08,1070652,15104264.0,shares,0
2014-04-24,14.4,15.2,14.3,14.86,14.29,4168199,61812884.0,shares,0
2014-04-25,14.95,15.35,14.85,15.07,14.86,3608531,54414412.0,shares,0
2014-04-28,15.33,15.65,14.5,15.2,15.07,3281948,50293717.0,shares,0
2014-04-29,15.6,15.75,13.8,14.26,15.2,4710095,70268142.0,shares,0
2014-04-30,14.1,14.4,13.85,14.24,14.26,1599823,22581167.0,shares,0
2014-05-05,14.27,14.44,14.12,14.27,14.24,585680,8342666.0,shares,0
2014-05-06,14.39,14.55,14.3,14.4,14.27,880393,12698296.0,shares,0
2014-05-07,14.43,14.6,14.02,14.31,14.4,1061466,15197606.0,shares,0
2014-05-08,14.34,14.34,14.0,14.01,14.31,531288,7544129.0,shares,0
2014-05-09,14.19,14.29,13.86,13.89,14.01,525375,7354013.0,shares,0
2014-05-12,14.07,14.07,13.78,14.0,13.89,693892,9663357.0,shares,0
2014-05-13,14.08,14.1,13.91,13.99,14.0,371466,5213688.0,shares,0
2014-05-14,14.08,14.19,13.92,14.17,13.99,344964,4851556.0,shares,0
2014-05-15,14.19,14.28,14.0,14.18,14.17,415803,5889422.0,shares,0
2014-05-16,14.25,14.25,13.86,13.96,14.18,433323,6073384.0,shares,0
2014-05-19,14.03,14.18,13.9,14.0,13.96,208659,2921183.0,shares,0
2014-05-20,14.19,14.2,14.02,14.03,14.0,298559,4215205.0,shares,0
2014-05-21,14.18,14.18,13.9,13.97,14.03,219915,3068472.0,shares,0
2014-05-22,14.01,14.09,13.9,13.94,13.97,302695,4239859.0,shares,0
2014-05-23,14.01,14.01,13.87,13.96,13.94,210862,2936009.0,shares,0
2014-05-26,14.09,14.5,13.95,14.39,13.96,1028771,14693329.0,shares,0
2014-05-27,14.43,14.43,14.25,14.25,14.39,311947,4469443.0,shares,0
2014-05-28,14.28,14.49,14.23,14.45,14.25,644758,9295835.0,shares,0
2014-05-29,14.45,14.5,14.23,14.3,14.45,400820,5754785.0,shares,0
2014-05-30,14.11,14.47,14.11,14.45,14.3,269774,3863614.0,shares,0
2014-06-03,14.45,14.8,13.6,14.19,14.45,1987924,28121395.0,shares,0
2014-06-04,13.98,13.98,13.63,13.79,14.19,746664,10288376.0,shares,0
2014-06-05,13.79,13.9,13.39,13.78,13.79,763385,10416265.0,shares,0
2014-06-06,13.8,13.89,13.62,13.79,13.78,534440,7356970.0,shares,0
2014-06-09,13.83,13.83,13.63,13.64,13.79,287339,3929577.0,shares,0
2014-06-10,13.74,13.79,13.6,13.68,13.64,452945,6205278.0,shares,0
2014-06-11,13.67,13.73,13.39,13.61,13.68,1024548,13898848.0,shares,0
2014-06-12,13.58,13.7,13.28,13.43,13.61,1038178,13889878.0,shares,0
2014-06-13,13.42,13.69,13.37,13.58,13.43,682689,9238906.0,shares,0
2014-06-16,13.64,13.68,13.5,13.65,13.58,562501,7654001.0,shares,0
2014-06-17,13.69,13.7,13.5,13.57,13.65,434671,5904496.0,shares,0
2014-06-18,13.67,13.67,13.21,13.25,13.57,438813,5884239.0,shares,0
2014-06-19,13.2,13.25,12.24,12.88,13.25,1052558,13492120.0,shares,0
2014-06-20,12.89,12.98,12.6,12.87,12.86,850080,10846284.0,shares,0
2014-06-23,12.87,13.49,12.85,13.23,12.87,1190524,15657924.0,shares,0
2014-06-24,13.38,13.84,13.18,13.72,13.23,2316809,31458927.0,shares,0
2014-06-25,13.9,13.9,13.45,13.75,13.72,1577488,21529988.0,shares,0
2014-06-26,13.75,14.3,13.75,14.15,13.75,2654795,37417001.0,shares,0
2014-06-27,14.15,14.38,14.0,14.17,14.15,1555257,22061220.0,shares,0
2014-06-30,14.3,14.46,13.99,14.39,14.17,1965512,27964721.0,shares,0
2014-07-01,14.44,14.62,14.13,14.29,14.39,1371001,19656956.0,shares,0
2014-07-02,14.7,15.72,14.3,15.72,14.29,10971822,164835572.0,shares,0
2014-07-03,15.3,15.44,15.09,15.23,15.72,5383538,82225290.0,shares,0
2014-07-04,15.24,15.45,14.95,15.1,15.23,2851795,43331652.0,shares,0
2014-07-07,15.17,15.48,15.1,15.2,15.1,2941066,44914451.0,shares,0
2014-07-08,15.25,15.66,15.13,15.53,15.2,4434942,68551438.0,shares,0
2014-07-09,15.63,15.9,14.87,14.9,15.53,4235657,64529525.0,shares,0
2014-07-10,14.89,14.9,14.48,14.66,14.9,2973450,43553278.0,shares,0
2014-07-11,14.63,14.74,14.38,14.58,14.66,2264248,32956688.0,shares,0
2014-07-14,14.6,14.82,14.54,14.79,14.58,1422981,20920878.0,shares,0
2014-07-15,14.49,14.63,13.92,14.09,14.79,3558215,50778176.0,shares,0
2014-07-16,14.0,14.14,13.87,14.03,14.09,1265175,17737181.0,shares,0
2014-07-17,14.0,14.18,13.99,14.1,14.03,800868,11277999.0,shares,0
2014-07-18,14.16,14.23,14.01,14.09,14.1,833207,11774860.0,shares,0
2014-07-21,14.09,14.18,13.86,13.91,14.09,849716,11867340.0,shares,0
2014-07-22,13.9,14.06,13.84,13.97,13.91,799329,11163832.0,shares,0
2014-07-23,14.03,14.03,13.6,13.78,13.97,923349,12734979.0,shares,0
2014-07-24,13.8,13.87,13.58,13.73,13.78,653456,8978617.0,shares,0
2014-07-25,13.79,13.87,13.61,13.8,13.73,614089,8453494.0,shares,0
2014-07-28,13.8,14.12,13.8,14.05,13.8,994336,13896308.0,shares,0
2014-07-29,14.11,14.79,14.07,14.34,14.05,2405090,34355609.0,shares,0
2014-07-30,14.24,14.36,14.11,14.23,14.34,1223213,17394579.0,shares,0
2014-07-31,14.15,14.32,14.14,14.27,14.23,845393,12033818.0,shares,0
2014-08-01,14.27,14.4,14.2,14.32,14.27,1504355,21526508.0,shares,0
2014-08-04,14.35,14.37,14.18,14.34,14.32,1215563,17372772.0,shares,0
2014-08-05,14.3,14.5,14.1,14.49,14.34,1839446,26449564.0,shares,0
2014-08-06,14.47,14.47,14.33,14.42,14.49,1061807,15277458.0,shares,0
2014-08-07,14.39,14.46,14.13,14.16,14.42,1278162,18293998.0,shares,0
2014-08-08,14.16,14.31,14.16,14.29,14.16,601763,8558235.0,shares,0
2014-08-11,14.3,14.38,14.24,14.36,14.29,1272911,18233349.0,shares,0
2014-08-12,14.37,14.66,14.34,14.63,14.36,2620784,38136356.0,shares,0
2014-08-13,14.65,14.94,14.53,14.94,14.63,2751407,40489564.0,shares,0
2014-08-14,14.87,14.88,14.6,14.68,14.94,1838263,27148603.0,shares,0
2014-08-15,14.62,14.8,14.6,14.74,14.68,1195147,17599185.0,shares,0
2014-08-18,14.72,15.13,14.72,15.0,14.74,1736887,25928314.0,shares,0
2014-08-19,15.0,15.08,14.83,14.96,15.0,1226185,18316946.0,shares,0
2014-08-20,14.85,15.06,14.76,14.88,14.96,1409048,21035618.0,shares,0
2014-08-21,14.87,15.07,14.68,14.81,14.88,2323448,34441356.0,shares,0
2014-08-22,14.8,15.13,14.8,15.1,14.81,3355074,50400352.0,shares,0
2014-08-25,15.1,15.26,14.98,14.98,15.1,2971074,44881704.0,shares,0
2014-08-26,14.88,14.92,14.24,14.32,14.98,2742264,39900866.0,shares,0
2014-08-27,14.27,14.47,14.27,14.36,14.32,1093353,15703516.0,shares,0
2014-08-28,14.32,14.46,14.1,14.17,14.36,1175057,16804760.0,shares,0
2014-08-29,14.24,14.55,14.05,14.44,14.17,912742,13087551.0,shares,0
2014-09-01,14.44,14.73,14.41,14.69,14.44,1099962,16059458.0,shares,0
2014-09-02,14.71,14.93,14.67,14.83,14.69,2986977,44224520.0,shares,0
2014-09-03,14.84,15.18,14.82,15.12,14.83,4133653,62109099.0,shares,0
2014-09-04,15.2,15.37,15.08,15.35,15.12,3059911,46635303.0,shares,0
2014-09-05,15.37,15.88,15.33,15.63,15.35,4630882,72394295.0,shares,0
2014-09-09,15.7,16.22,15.54,16.18,15.63,3816322,60775866.0,shares,0
2014-09-10,16.1,16.1,15.82,15.96,16.18,3043195,48516593.0,shares,0
2014-09-11,15.96,16.1,15.32,15.64,15.96,4986727,78520143.0,shares,0
2014-09-12,15.58,16.08,15.52,15.98,15.64,3024729,47916408.0,shares,0
2014-09-15,16.08,16.91,16.02,16.8,15.98,6084191,100798458.0,shares,0
2014-09-16,16.74,16.9,16.12,16.28,16.8,4395549,72766497.0,shares,0
2014-09-17,16.28,16.58,16.15,16.46,16.28,2536216,41482644.0,shares,0
2014-09-18,16.38,16.45,16.08,16.29,16.46,2032908,33076666.0,shares,0
2014-09-19,16.13,16.2,15.78,16.07,16.29,3057037,48713656.0,shares,0
2014-09-22,15.91,15.94,15.64,15.73,16.07,1715293,27077091.0,shares,0
2014-09-23,15.79,16.17,15.69,16.05,15.73,1701867,27177175.0,shares,0
2014-09-24,16.01,16.89,16.01,16.89,16.05,3791204,62779139.0,shares,0
2014-09-25,17.15,17.18,16.62,16.64,16.89,3356052,56541854.0,shares,0
2014-09-26,16.7,16.96,16.51,16.7,16.64,2278531,38085007.0,shares,0
2014-09-29,16.8,17.29,16.71,17.21,16.7,3948234,66912718.0,shares,0
2014-09-30,17.23,17.33,16.91,17.18,17.21,2997621,51335548.0,shares,0
2014-10-08,9.58,10.49,9.46,10.49,9.54,10827318,108295562.0,shares,0
2014-10-09,10.8,11.0,10.25,10.45,10.49,16877385,179440327.0,shares,0
2014-10-10,10.38,10.38,10.06,10.23,10.45,7820842,79769266.0,shares,0
2014-10-13,10.25,10.64,10.1,10.56,10.23,11675694,121332992.0,shares,0
2014-10-14,10.35,10.5,10.12,10.22,10.56,6310120,65101737.0,shares,0
2014-10-15,10.23,10.28,9.7,10.06,10.22,5964765,59689893.0,shares,0
2014-10-16,10.0,10.17,9.86,10.0,10.06,3873316,38901501.0,shares,0
2014-10-17,9.91,10.03,9.58,9.86,10.0,4083833,39920606.0,shares,0
2014-10-20,9.84,10.09,9.71,10.01,9.86,2947115,29268704.0,shares,0
2014-10-21,10.0,10.05,9.73,9.79,10.01,2704199,26690757.0,shares,0
2014-10-22,9.8,9.89,9.5,9.56,9.79,2872840,27844521.0,shares,0
2014-10-23,9.54,9.65,9.13,9.2,9.56,3952635,37148426.0,shares,0
2014-10-24,9.22,9.36,9.13,9.21,9.2,2004483,18520633.0,shares,0
2014-10-27,9.21,9.33,9.15,9.22,9.21,1903391,17599545.0,shares,0
2014-10-28,9.29,9.58,9.29,9.53,9.22,3929792,37156063.0,shares,0
2014-10-29,9.55,9.79,9.55,9.62,9.53,4193060,40571814.0,shares,0
2014-10-30,9.59,9.74,9.54,9.69,9.62,4065610,39312150.0,shares,0
2014-10-31,9.7,9.73,9.4,9.48,9.69,3943318,37561902.0,shares,0
2014-11-03,9.45,9.74,9.44,9.74,9.48,4590280,44343049.0,shares,0
2014-11-04,9.74,9.74,9.54,9.54,9.74,3892560,37442351.0,shares,0
2014-11-05,9.56,9.58,9.32,9.48,9.54,3740094,35180394.0,shares,0
2014-11-06,9.48,9.67,9.43,9.59,9.48,5082487,48493883.0,shares,0
2014-11-07,9.65,9.75,9.54,9.59,9.59,5504982,53181634.0,shares,0
2014-11-17,9.19,9.88,9.02,9.53,9.59,6638266,63183590.0,shares,0
2014-11-18,9.45,9.75,9.45,9.55,9.53,3080966,29504599.0,shares,0
2014-11-19,9.64,9.71,9.48,9.65,9.55,3379580,32562633.0,shares,0
2014-11-20,9.7,9.74,9.56,9.63,9.65,2516916,24252314.0,shares,0
2014-11-21,9.61,9.69,9.56,9.66,9.63,2700928,26044150.0,shares,0
2014-11-24,9.7,9.78,9.56,9.59,9.66,3977834,38267361.0,shares,0
2014-11-25,9.56,10.55,9.56,10.55,9.59,10557878,107486170.0,shares,0
2014-11-26,11.05,11.61,11.05,11.4,10.55,26961937,308191648.0,shares,0
2014-11-27,11.7,12.34,11.21,12.27,11.4,30205546,354748560.0,shares,0
2014-11-28,11.8,12.16,11.45,11.66,12.27,19727947,232372487.0,shares,0
2014-12-01,11.65,11.65,11.0,11.18,11.66,12699837,142507618.0,shares,0
2014-12-02,11.2,11.47,11.06,11.25,11.18,9905788,111728699.0,shares,0
2014-12-03,11.15,11.38,10.85,11.33,11.25,11001529,122105154.0,shares,0
2014-12-04,11.34,12.33,11.34,11.83,11.33,19326220,230399962.0,shares,0
2014-12-05,11.54,11.69,10.81,11.16,11.83,10617140,119203938.0,shares,0
2014-12-08,10.97,11.71,10.82,11.21,11.16,9202415,103836351.0,shares,0
2014-12-09,11.0,11.13,10.21,10.24,11.21,9029700,96262422.0,shares,0
2014-12-10,10.0,10.84,10.0,10.64,10.24,6619320,69359038.0,shares,0
2014-12-11,10.64,10.98,10.51,10.88,10.64,6591120,70860457.0,shares,0
2014-12-12,10.95,11.18,10.71,11.15,10.88,5492455,60335112.0,shares,0
2014-12-15,11.08,11.59,10.9,11.44,11.15,8370324,94915285.0,shares,0
2014-12-16,11.36,11.66,11.22,11.44,11.44,6668062,76318624.0,shares,0
2014-12-17,11.42,11.77,11.02,11.47,11.44,8346322,95511173.0,shares,0
2014-12-18,11.3,11.66,11.0,11.07,11.47,6695392,75691297.0,shares,0
2014-12-19,11.03,11.03,10.3,10.39,11.07,6154339,65049216.0,shares,0
2014-12-22,10.26,10.27,9.35,9.37,10.39,5793954,55607483.0,shares,0
2014-12-23,9.37,9.75,9.28,9.49,9.37,2828986,27018566.0,shares,0
2014-12-24,9.67,9.82,9.58,9.79,9.49,2470477,23993105.0,shares,0
2014-12-25,9.79,10.11,9.7,9.9,9.79,2918460,28890976.0,shares,0
2014-12-26,9.9,9.9,9.59,9.71,9.9,3292029,31813815.0,shares,0
2014-12-29,9.72,9.73,9.12,9.26,9.71,3838852,35642272.0,shares,0
2014-12-30,9.2,9.26,9.11,9.22,9.26,1979967,18157328.0,shares,0
2014-12-31,9.27,9.44,9.1,9.25,9.22,2174108,20130768.0,shares,0
2015-01-05,9.26,9.31,8.4,8.99,9.25,3484231,30881826.0,shares,0
2015-01-06,8.98,9.41,8.8,9.37,8.99,3404303,31266571.0,shares,0
2015-01-07,9.49,9.88,9.35,9.58,9.37,5210231,50321265.0,shares,0
2015-01-08,9.5,9.92,9.36,9.65,9.58,4364238,42153703.0,shares,0
2015-01-09,9.59,9.86,9.35,9.45,9.65,3362075,32234347.0,shares,0
2015-01-12,9.35,9.36,8.88,8.92,9.45,2643898,23964636.0,shares,0
2015-01-13,8.96,9.47,8.9,9.39,8.92,3174711,29334348.0,shares,0
2015-01-14,9.48,9.58,9.13,9.56,9.39,3644231,34112903.0,shares,0
2015-01-15,9.5,9.85,9.46,9.61,9.56,4003507,38642295.0,shares,0
2015-01-16,9.51,9.72,9.0,9.71,9.61,3467603,32970581.0,shares,0
2015-01-19,9.4,10.11,9.21,9.74,9.71,7203713,70419346.0,shares,0
2015-01-20,9.74,10.56,9.7,10.4,9.74,7933212,80290401.0,shares,0
2015-01-21,10.34,10.5,10.17,10.45,10.4,7554564,77900915.0,shares,0
2015-01-22,10.32,10.98,10.26,10.71,10.45,7053030,74724336.0,shares,0
2015-01-26,10.9,10.9,10.51,10.69,10.71,3697679,39293193.0,shares,0
2015-01-27,10.6,10.74,10.08,10.46,10.69,4701282,49031720.0,shares,0
2015-01-28,10.4,10.68,10.31,10.36,10.46,3744529,39297937.0,shares,0
2015-01-29,10.36,10.59,10.26,10.34,10.36,2654982,27676539.0,shares,0
2015-01-30,10.58,10.58,10.15,10.2,10.34,1885900,19457918.0,shares,0
2015-02-02,10.01,10.2,9.89,10.1,10.2,1839424,18489776.0,shares,0
2015-02-03,10.13,10.33,10.06,10.26,10.1,2127836,21756070.0,shares,0
2015-02-04,10.28,10.56,10.15,10.34,10.26,2773054,28647593.0,shares,0
2015-02-05,10.3,10.49,10.16,10.19,10.34,2847273,29504299.0,shares,0
2015-02-06,10.2,10.21,9.51,9.56,10.19,2922580,28837331.0,shares,0
2015-02-09,9.5,9.68,9.18,9.24,9.56,2013812,19126646.0,shares,0
2015-02-10,9.24,9.9,9.24,9.61,9.24,1997030,19211615.0,shares,0
2015-02-11,9.69,9.9,9.56,9.7,9.61,1279574,12418174.0,shares,0
2015-02-12,9.7,9.85,9.62,9.75,9.7,1608679,15654846.0,shares,0
2015-02-13,9.86,10.18,9.83,10.0,9.75,2172084,21768536.0,shares,0
2015-02-16,10.11,10.9,10.01,10.72,10.0,5731150,59778652.0,shares,0
2015-02-17,10.7,11.13,10.43,10.7,10.72,5618295,60354891.0,shares,0
2015-02-25,10.61,10.97,10.53,10.7,10.7,3774960,40564983.0,shares,0
2015-02-26,10.69,10.75,10.3,10.68,10.7,2748628,29153391.0,shares,0
2015-02-27,10.69,10.95,10.62,10.8,10.68,4697139,50891394.0,shares,0
2015-03-02,10.78,10.96,10.76,10.93,10.8,6700529,72792650.0,shares,0
2015-03-03,10.9,11.28,10.78,10.85,10.93,6637020,73087621.0,shares,0
2015-03-04,10.87,11.09,10.82,11.05,10.85,5453474,59747381.0,shares,0
2015-03-05,11.21,11.72,11.12,11.47,11.05,8879940,101227569.0,shares,0
2015-03-06,11.37,11.63,11.3,11.54,11.47,9374225,107683077.0,shares,0
2015-03-09,11.58,12.3,11.4,11.91,11.54,12994876,155229317.0,shares,0
2015-03-10,11.93,12.05,11.77,11.89,11.91,7127194,84762425.0,shares,0
2015-03-11,11.88,12.52,11.6,12.49,11.89,11810147,143112940.0,shares,0
2015-03-12,12.35,12.44,11.89,12.02,12.49,6767400,82118683.0,shares,0
2015-03-13,12.02,12.18,11.72,11.99,12.02,4529146,54098790.0,shares,0
2015-03-16,11.99,12.45,11.72,12.34,11.99,9099502,110418600.0,shares,0
2015-03-17,12.25,13.04,12.21,12.76,12.34,11312449,143793232.0,shares,0
2015-03-18,12.79,13.2,12.75,12.88,12.76,7049122,90990176.0,shares,0
2015-03-19,12.88,13.5,12.68,13.17,12.88,9203732,121089732.0,shares,0
2015-03-20,13.25,13.3,12.86,13.28,13.17,7132316,93164211.0,shares,0
2015-04-20,13.79,14.61,13.0,13.62,13.28,21699730,300847840.0,shares,0
2015-04-21,13.45,13.9,12.76,13.73,13.62,11713721,156725056.0,shares,0
2015-04-22,13.57,14.15,13.57,14.11,13.73,12255324,169764665.0,shares,0
2015-04-23,14.05,15.52,13.89,14.93,14.11,12839320,191795867.0,shares,0
2015-04-24,14.7,15.2,14.3,14.86,14.93,10392776,154750331.0,shares,0
2015-04-27,14.86,16.35,14.81,15.84,14.86,12200444,189961523.0,shares,0
2015-04-28,15.88,17.28,15.5,16.18,15.84,13346357,219812878.0,shares,0
2015-04-29,15.98,17.8,15.98,17.8,16.18,8042687,138508671.0,shares,0
2015-04-30,19.18,19.54,17.9,18.42,17.8,15861948,297038000.0,shares,0
2015-05-04,18.44,19.19,17.3,17.77,18.42,7833685,141289179.0,shares,0
2015-05-05,17.51,17.88,16.46,16.75,17.77,9029818,152970878.0,shares,0
2015-05-06,16.74,17.3,15.95,16.09,16.75,6312005,105877104.0,shares,0
2015-05-07,16.1,16.3,15.04,15.8,16.09,5952311,92872033.0,shares,0
2015-05-08,15.92,17.09,15.73,17.08,15.8,7355085,120037063.0,shares,0
2015-05-11,17.15,18.48,17.08,17.81,17.08,8532239,150598099.0,shares,0
2015-05-12,17.85,18.34,17.4,17.7,17.81,7112567,126792636.0,shares,0
2015-05-13,17.4,17.76,16.97,17.22,17.7,6916684,119603955.0,shares,0
2015-05-14,17.22,17.6,16.75,16.75,17.22,5773250,98557643.0,shares,0
2015-05-15,16.58,17.85,16.36,17.49,16.75,6243856,107398031.0,shares,0
2015-05-18,17.46,19.24,17.46,19.24,17.49,10890540,204493303.0,shares,0
2015-05-19,20.2,20.99,18.8,19.6,19.24,12335238,242747527.0,shares,0
2015-05-20,19.94,21.36,19.67,20.66,19.6,8002333,164591972.0,shares,0
2015-05-21,20.65,22.49,20.06,22.25,20.66,7630829,163460973.0,shares,0
2015-05-22,22.52,24.36,20.96,24.15,22.25,11883661,271901136.0,shares,0
2015-05-25,23.5,25.58,22.26,24.4,24.15,8285365,200465560.0,shares,0
2015-05-26,24.46,24.99,23.75,24.25,24.4,6736236,163603810.0,shares,0
2015-05-27,24.26,24.28,22.95,23.4,24.25,7040128,164934115.0,shares,0
2015-05-28,23.54,23.85,21.06,21.06,23.4,7421105,169157611.0,shares,0
2015-05-29,21.18,22.28,19.4,22.0,21.06,8111430,172462658.0,shares,0
2015-06-01,22.88,23.88,22.15,23.35,22.0,7231627,167558491.0,shares,0
2015-06-02,23.38,25.69,23.38,25.69,23.35,7986452,197358624.0,shares,0
2015-06-03,26.5,27.15,24.58,25.21,25.69,7654973,197103449.0,shares,0
2015-06-04,25.6,27.73,24.61,27.73,25.21,10864941,284785456.0,shares,0
2015-06-05,28.27,30.5,28.27,30.0,27.73,10980440,326523744.0,shares,0
2015-06-08,29.15,29.29,27.08,27.39,30.0,8187555,230172563.0,shares,0
2015-06-09,27.0,29.48,25.78,29.0,27.39,6064237,166312198.0,shares,0
2015-06-10,28.6,30.99,28.0,29.8,29.0,6027188,179457612.0,shares,0
2015-06-11,28.9,30.48,28.76,29.21,29.8,4467994,131034075.0,shares,0
2015-06-12,29.12,29.7,28.4,29.1,29.21,4387942,127446678.0,shares,0
2015-06-15,29.1,31.25,28.55,29.42,29.1,6974994,208338190.0,shares,0
2015-06-16,29.0,30.89,28.42,30.14,29.42,6462572,192752639.0,shares,0
2015-06-17,29.75,32.99,29.5,32.46,30.14,8094616,253455248.0,shares,0
2015-06-18,31.6,32.58,29.21,29.88,32.46,6049783,189245404.0,shares,0
2015-06-19,28.51,28.8,26.89,26.89,29.88,4173250,115463076.0,shares,0
2015-06-23,26.01,27.31,24.2,26.41,26.89,5169571,134505834.0,shares,0
2015-06-24,27.0,29.05,26.5,28.88,26.41,8743356,243885780.0,shares,0
2015-06-25,28.05,28.8,25.99,26.05,28.88,5342192,146582479.0,shares,0
2015-06-26,25.6,26.05,23.45,23.45,26.05,3326040,79661093.0,shares,0
2015-06-29,24.9,24.9,21.11,21.11,23.45,4269352,92504016.0,shares,0
2015-06-30,19.0,22.82,19.0,21.77,21.11,6277179,127510705.0,shares,0
2015-07-01,21.8,22.95,19.59,19.59,21.77,4808312,103422417.0,shares,0
2015-07-02,19.82,20.45,17.63,17.63,19.59,8028131,151270741.0,shares,0
2015-07-03,16.01,17.5,15.87,15.87,17.63,6567326,105890207.0,shares,0
2015-07-06,17.39,17.39,14.28,14.28,15.87,5667262,88295588.0,shares,0
2015-07-07,12.86,12.86,12.85,12.85,14.28,604000,7763839.0,shares,0
2015-07-08,11.57,12.15,11.57,11.9,12.85,21051968,246895486.0,shares,0
2015-07-09,11.2,13.09,11.2,13.09,11.9,4599811,58329532.0,shares,0
2015-07-10,14.0,14.4,14.0,14.4,13.09,996136,14215946.0,shares,0
2015-07-13,15.84,15.84,15.65,15.84,14.4,3711330,58759736.0,shares,0
2015-07-14,16.61,17.41,16.0,17.41,15.83,16250927,274621520.0,shares,0
2015-07-15,16.86,16.9,15.67,15.67,17.41,6191402,99659445.0,shares,0
2015-07-16,14.15,16.5,14.1,15.2,15.67,6602165,101096330.0,shares,0
2015-07-17,15.5,16.67,15.03,16.28,15.2,5563738,88579875.0,shares,0
2015-07-20,16.3,17.17,15.0,16.18,16.28,5901357,96760363.0,shares,0
2015-07-21,16.0,17.1,15.5,16.91,16.18,5846110,96438092.0,shares,0
2015-07-22,16.61,18.6,16.39,18.6,16.91,12330871,219126250.0,shares,0
2015-07-23,18.04,19.6,18.04,18.82,18.6,11006457,207642930.0,shares,0
2015-07-24,18.6,18.95,17.28,17.6,18.82,7966272,145903573.0,shares,0
2015-07-27,17.2,19.36,17.01,17.88,17.6,16989872,321861008.0,shares,0
2015-07-28,16.61,17.88,16.09,16.09,17.88,12264213,201826247.0,shares,0
2015-07-29,16.59,17.4,14.48,17.07,16.09,10716889,166985332.0,shares,0
2015-07-30,16.66,17.0,15.59,15.6,17.07,6898609,113820098.0,shares,0
2015-07-31,15.0,15.79,14.3,14.64,15.6,4979838,75405758.0,shares,0
2015-08-03,14.3,14.51,13.18,13.38,14.64,5699922,77473370.0,shares,0
2015-08-04,13.43,14.72,13.43,14.69,13.38,4980538,70452615.0,shares,0
2015-08-05,15.0,15.49,14.43,14.64,14.69,6778221,101433720.0,shares,0
2015-08-06,14.64,14.64,13.74,14.12,14.64,4910958,69893855.0,shares,0
2015-08-07,14.35,15.52,14.31,14.98,14.12,4933697,73213701.0,shares,0
2015-08-10,15.16,16.48,15.08,16.48,14.98,6167383,98026283.0,shares,0
2015-08-11,16.48,17.3,16.25,16.7,16.48,7063052,118819147.0,shares,0
2015-08-12,16.38,17.0,16.17,16.53,16.7,5796469,96072489.0,shares,0
2015-08-13,16.39,17.07,16.2,17.07,16.53,5866902,98416403.0,shares,0
2015-08-14,17.1,17.8,16.61,16.86,17.07,6023344,104280112.0,shares,0
2015-08-17,16.86,17.0,16.4,17.0,16.86,4335226,72621899.0,shares,0
2015-08-18,17.05,17.77,15.3,15.61,17.0,7456484,124292190.0,shares,0
2015-08-19,15.0,16.35,14.08,15.9,15.61,6420032,95590309.0,shares,0
2015-08-20,15.48,15.94,14.98,14.98,15.9,3864126,59771413.0,shares,0
2015-08-21,14.5,15.0,13.52,13.52,14.98,3686321,52188915.0,shares,0
2015-08-24,13.0,13.0,12.17,12.17,13.52,2664632,32759179.0,shares,0
2015-08-25,10.95,10.95,10.95,10.95,12.17,2048600,22432170.0,shares,0
2015-08-26,10.2,11.46,9.86,9.86,10.95,5144070,53637059.0,shares,0
2015-08-27,10.38,10.5,9.49,10.25,9.86,4597033,46040079.0,shares,0
2015-08-28,10.4,11.28,10.32,11.28,10.25,4532603,48176334.0,shares,0
2015-08-31,11.38,11.38,10.62,10.66,11.28,3943474,43552060.0,shares,0
2015-09-01,10.66,10.66,9.59,9.59,10.66,3502598,34620139.0,shares,0
2015-09-02,9.1,10.25,8.78,9.2,9.59,2938864,27705281.0,shares,0
2015-09-07,9.46,9.9,9.36,9.54,9.2,3523776,33974775.0,shares,0
2015-09-08,9.55,10.45,9.21,10.4,9.54,3165966,31271674.0,shares,0
2015-09-09,10.44,11.17,10.43,11.09,10.4,5205437,56475723.0,shares,0
2015-09-10,10.88,11.15,10.81,10.93,11.09,3530943,38770911.0,shares,0
2015-09-11,11.0,11.37,10.85,11.06,10.93,2664739,29509559.0,shares,0
2015-09-14,11.19,11.19,9.95,9.95,11.06,3351500,34686370.0,shares,0
2015-09-15,9.69,9.8,9.15,9.19,9.95,2149124,20303777.0,shares,0
2015-09-16,9.35,10.11,9.21,10.11,9.19,2247387,21890521.0,shares,0
2015-09-17,10.28,10.89,10.0,10.51,10.11,4320133,45013184.0,shares,0
2015-09-18,10.64,10.84,10.11,10.71,10.51,4253464,44763406.0,shares,0
2015-09-21,10.66,11.78,10.5,11.78,10.71,5327772,59919831.0,shares,0
2015-09-22,11.71,11.98,11.52,11.66,11.78,4202783,49351369.0,shares,0
2015-09-23,11.3,11.82,11.21,11.4,11.66,3704346,42479903.0,shares,0
2015-09-24,11.48,11.72,11.33,11.55,11.4,3610704,41546253.0,shares,0
2015-09-25,11.4,11.65,10.51,10.69,11.55,3032465,33374040.0,shares,0
2015-09-28,10.73,11.55,10.51,11.39,10.69,2256340,24944808.0,shares,0
2015-09-29,11.15,11.39,10.86,11.1,11.39,1922910,21436070.0,shares,0
2015-09-30,11.19,11.35,10.74,11.18,11.1,2027922,22570160.0,shares,0
2015-10-08,11.65,12.3,11.45,12.3,11.18,3161181,37915262.0,shares,0
2015-10-09,12.33,13.29,12.18,12.75,12.3,6705636,85122368.0,shares,0
2015-10-12,12.88,13.58,12.62,13.31,12.75,5840803,77062314.0,shares,0
2015-10-13,13.35,14.3,13.1,13.9,13.31,5450972,75181094.0,shares,0
2015-10-14,13.62,13.96,13.31,13.38,13.9,4148886,56512147.0,shares,0
2015-10-15,13.2,13.85,12.98,13.7,13.38,4415604,59520017.0,shares,0
2015-10-16,13.74,15.06,13.72,14.52,13.7,5568048,80503851.0,shares,0
2015-10-19,14.52,15.06,14.13,14.31,14.52,4417797,63986393.0,shares,0
2015-10-20,14.21,15.46,14.15,15.24,14.31,4906945,73334713.0,shares,0
2015-10-21,15.24,15.5,13.72,13.73,15.24,5958438,86867395.0,shares,0
2015-10-22,13.65,14.74,13.59,14.7,13.73,4444619,63214759.0,shares,0
2015-10-23,14.5,15.36,14.32,15.26,14.7,6421702,95478148.0,shares,0
2015-10-26,15.4,16.11,15.0,16.11,15.26,7021927,108593615.0,shares,0
2015-10-27,15.69,16.08,15.03,15.83,16.11,4721952,73567235.0,shares,0
2015-10-28,15.85,16.55,15.26,16.02,15.83,6941573,111640037.0,shares,0
2015-10-29,16.18,16.25,15.52,16.01,16.02,3761535,59650329.0,shares,0
2015-10-30,15.86,16.12,15.32,15.64,16.01,2855285,45059026.0,shares,0
2015-11-02,15.32,15.98,15.32,15.38,15.64,3235352,50675160.0,shares,0
2015-11-03,15.55,15.65,14.9,14.98,15.38,1891816,28747918.0,shares,0
2015-11-04,15.24,15.94,14.98,15.83,14.98,3273552,50866462.0,shares,0
2015-11-05,16.02,16.42,15.5,16.08,15.83,5241625,83191158.0,shares,0
2015-11-06,16.0,16.6,16.0,16.52,16.08,4493347,73734350.0,shares,0
2015-11-09,16.52,16.52,16.01,16.4,16.52,3791895,61829539.0,shares,0
2015-11-10,16.6,16.6,15.9,15.9,16.4,4741335,76734576.0,shares,0
2015-11-11,16.02,16.59,15.51,16.58,15.9,6767548,108327408.0,shares,0
2015-11-12,16.5,16.51,15.84,16.31,16.58,5684386,92078532.0,shares,0
2015-11-13,16.15,16.97,15.76,16.48,16.31,7954420,131049794.0,shares,0
2015-11-16,15.96,18.1,15.78,18.0,16.48,9078171,154030074.0,shares,0
2015-11-17,18.45,18.45,16.85,17.06,18.0,9283522,162551417.0,shares,0
2015-11-18,17.24,17.34,16.16,16.26,17.06,4339471,73289953.0,shares,0
2015-11-19,16.29,17.3,16.12,17.26,16.26,4878532,81485033.0,shares,0
2015-11-20,17.15,17.41,16.8,17.15,17.26,4851719,83070987.0,shares,0
2015-11-23,17.19,17.58,16.91,17.03,17.15,5481682,94128647.0,shares,0
2015-11-24,17.0,17.47,16.88,17.44,17.03,3371592,57921703.0,shares,0
2015-11-25,17.63,18.98,17.3,18.8,17.44,7220101,131870393.0,shares,0
2015-11-26,18.78,18.78,18.11,18.5,18.8,4316080,79650524.0,shares,0
2015-11-27,18.39,18.52,16.65,16.65,18.5,5370848,93952199.0,shares,0
2015-11-30,16.7,17.15,15.03,16.45,16.65,4757833,77177246.0,shares,0
2015-12-01,16.33,17.14,15.72,16.45,16.45,4802114,78843775.0,shares,0
2015-12-02,16.38,16.66,15.38,15.92,16.45,2775797,44288948.0,shares,0
2015-12-03,16.08,16.54,15.87,16.44,15.92,3158057,51383142.0,shares,0
2015-12-04,16.5,16.97,16.16,16.49,16.44,3887215,64233642.0,shares,0
2015-12-07,16.66,17.88,16.65,17.66,16.49,6056018,104858642.0,shares,0
2015-12-08,17.45,19.29,17.42,18.47,17.66,10498614,194650324.0,shares,0
2015-12-09,18.6,18.88,18.11,18.39,18.47,4567362,83976407.0,shares,0
2015-12-10,18.33,18.89,17.9,18.2,18.39,3743618,68501341.0,shares,0
2015-12-11,18.0,18.2,17.28,17.8,18.2,3126936,55354522.0,shares,0
2015-12-14,17.82,19.58,17.68,19.58,17.8,6562115,123691295.0,shares,0
2015-12-15,19.8,21.5,19.77,20.51,19.58,8361379,171479051.0,shares,0
2015-12-16,20.81,21.81,20.23,20.26,20.51,7661847,161566378.0,shares,0
2015-12-17,20.5,21.38,19.8,21.3,20.26,5950881,122731447.0,shares,0
2015-12-18,21.0,22.92,20.62,21.88,21.3,8692942,188106493.0,shares,0
2015-12-21,21.91,22.6,21.0,22.34,21.88,6934292,151109513.0,shares,0
2015-12-22,22.03,22.49,21.53,21.75,22.34,3223348,70443816.0,shares,0
2015-12-23,21.66,21.98,20.81,21.25,21.75,3077969,65634638.0,shares,0
2015-12-24,21.17,22.27,21.1,22.0,21.25,4504250,98109044.0,shares,0
2015-12-25,22.12,22.75,21.5,22.0,22.0,3879774,85930063.0,shares,0
2015-12-28,21.95,22.99,21.67,22.5,22.0,4841289,107973238.0,shares,0
2015-12-29,22.6,24.15,22.4,23.66,22.5,4250109,99580454.0,shares,0
2015-12-30,23.6,24.08,23.2,23.7,23.66,3331131,78685642.0,shares,0
2015-12-31,23.65,23.8,22.51,22.66,23.7,3016977,69665153.0,shares,0
2016-01-04,22.65,22.72,20.39,20.39,22.66,3721599,78772834.0,shares,0
2016-01-05,18.37,20.39,18.35,18.91,20.39,4754751,90819760.0,shares,0
2016-01-06,19.8,19.8,19.0,19.25,18.91,3681916,71288222.0,shares,0
2016-01-07,19.2,19.23,17.33,17.33,19.25,789000,14129295.0,shares,0
2016-01-08,17.33,18.18,15.8,16.5,17.33,4369039,73864586.0,shares,0
2016-01-11,16.6,16.87,14.85,14.85,16.5,3319263,52885849.0,shares,0
2016-01-12,14.65,15.49,14.04,14.5,14.85,3265090,47545948.0,shares,0
2016-01-13,14.51,14.87,13.2,13.22,14.5,2914747,41612704.0,shares,0
2016-01-14,12.7,14.25,12.0,14.1,13.22,7150445,94249402.0,shares,0
2016-01-15,13.8,14.05,12.7,12.78,14.1,5042579,67898651.0,shares,0
2016-01-18,12.75,13.93,12.43,13.55,12.78,4984001,65949693.0,shares,0
2016-01-19,13.57,14.91,13.31,14.91,13.55,5096178,72301141.0,shares,0
2016-01-20,14.7,15.6,14.7,15.25,14.91,6752302,102350948.0,shares,0
2016-01-21,14.52,15.34,14.04,14.04,15.25,4187133,61851949.0,shares,0
2016-01-22,14.5,14.7,13.67,14.55,14.04,3332137,47548565.0,shares,0
2016-01-25,14.85,15.28,14.6,14.84,14.55,3844496,57587664.0,shares,0
2016-01-26,14.5,14.8,13.36,13.38,14.84,3430888,47649011.0,shares,0
2016-01-27,13.38,13.66,12.28,13.55,13.38,2944579,38142673.0,shares,0
2016-01-28,13.18,13.54,12.29,12.56,13.55,2102429,27508602.0,shares,0
2016-01-29,12.6,13.82,12.6,13.82,12.56,2985032,39933827.0,shares,0
2016-02-01,14.01,14.58,13.2,14.38,13.82,4492648,63283969.0,shares,0
2016-02-02,14.38,15.72,14.19,15.55,14.38,4598171,68807678.0,shares,0
2016-02-03,15.21,15.78,14.7,15.6,15.55,3295457,50181161.0,shares,0
2016-02-04,15.59,16.27,15.25,15.29,15.6,4463297,69928309.0,shares,0
2016-02-05,15.4,15.75,14.9,15.01,15.29,3092336,47223212.0,shares,0
2016-02-15,14.49,15.23,14.28,14.93,15.01,2739962,40610091.0,shares,0
2016-02-16,15.0,15.73,15.0,15.7,14.93,3715677,57433360.0,shares,0
2016-02-17,15.65,15.76,15.11,15.55,15.7,4629726,71389585.0,shares,0
2016-02-18,15.62,15.83,15.32,15.71,15.55,5037850,78565851.0,shares,0
2016-02-19,15.71,16.1,15.39,15.91,15.71,4404743,69573029.0,shares,0
2016-02-22,16.2,16.75,15.72,16.42,15.91,8093050,129796346.0,shares,0
2016-02-23,16.4,16.4,15.72,16.06,16.42,4256737,68055766.0,shares,0
2016-02-24,16.02,16.25,15.62,16.06,16.06,3010712,47816016.0,shares,0
2016-02-25,15.95,16.02,14.45,14.89,16.06,5492832,82511012.0,shares,0
2016-02-26,14.92,15.06,13.65,14.43,14.89,4193569,61109770.0,shares,0
2016-02-29,14.39,14.39,12.99,12.99,14.43,3336880,43811967.0,shares,0
2016-03-01,12.88,13.27,12.11,12.98,12.99,3404309,43318500.0,shares,0
2016-03-02,12.9,13.7,12.8,13.52,12.98,3811434,50378195.0,shares,0
2016-03-03,13.4,13.69,13.21,13.21,13.52,3725770,50137789.0,shares,0
2016-03-04,13.23,13.48,12.01,12.33,13.21,3470837,44279976.0,shares,0
2016-03-07,12.4,12.96,12.4,12.75,12.33,2725524,34712437.0,shares,0
2016-03-08,12.85,13.07,12.01,13.01,12.75,3424706,42878715.0,shares,0
2016-03-09,12.66,12.92,12.32,12.63,13.01,1996961,25375574.0,shares,0
2016-03-10,12.58,12.85,12.32,12.36,12.63,2265359,28494884.0,shares,0
2016-09-30,13.59,13.59,13.59,13.59,12.35,28300,384597.0,shares,0
2016-10-10,14.95,14.95,14.95,14.95,13.59,84780,1267461.0,shares,0
2016-10-11,16.45,16.45,16.45,16.45,14.95,191710,3153629.0,shares,0
2016-10-12,18.1,18.1,18.1,18.1,16.45,646583,11703152.0,shares,0
2016-10-13,19.91,19.91,19.91,19.91,18.1,456117,9081289.0,shares,0
2016-10-14,21.9,21.9,21.9,21.9,19.91,647237,14174490.0,shares,0
2016-10-17,24.09,24.09,24.09,24.09,21.9,944358,22749584.0,shares,0
2016-10-18,26.5,26.5,26.0,26.5,24.09,28749336,760800368.0,shares,0
2016-10-19,26.5,28.75,26.2,28.0,26.5,35279269,963741040.0,shares,0
2016-10-20,27.35,29.3,26.8,28.3,28.0,26924322,748451632.0,shares,0
2016-10-21,27.9,30.54,27.71,29.6,28.3,20189618,576689536.0,shares,0
2016-10-24,29.36,29.46,28.6,29.05,29.6,11969274,347480208.0,shares,0
2016-10-25,29.19,29.98,28.69,29.5,29.05,13951655,409139504.0,shares,0
2016-10-26,28.94,29.0,27.0,27.13,29.5,17523531,484847520.0,shares,0
2016-10-27,27.48,27.8,27.1,27.8,27.13,12435164,341185888.0,shares,0
2016-10-28,27.51,28.18,26.0,26.0,27.8,12534988,338084928.0,shares,0
2016-10-31,25.97,26.38,25.68,26.28,26.0,9041871,235421633.0,shares,0
2016-11-01,26.45,28.91,26.04,28.91,26.28,18655291,521461776.0,shares,0
2016-11-02,28.99,29.48,28.1,28.44,28.91,16599656,477944448.0,shares,0
2016-11-03,28.15,29.66,27.33,28.8,28.44,16031894,455688448.0,shares,0
2016-11-04,28.5,30.38,28.33,28.96,28.8,13536282,395823856.0,shares,0
2016-11-07,28.9,28.9,26.1,27.24,28.96,9174762,249482989.0,shares,0
2016-11-08,27.25,29.28,27.03,29.24,27.24,10655522,301610512.0,shares,0
2016-11-09,29.0,30.5,28.65,28.96,29.24,16204089,480181744.0,shares,0
2016-11-10,29.01,31.36,28.63,30.88,28.96,17122374,512752240.0,shares,0
2016-11-11,30.11,30.44,28.72,28.88,30.88,12534081,368385664.0,shares,0
2016-11-14,28.11,28.46,27.65,28.02,28.88,5782538,162140424.0,shares,0
2016-11-15,27.24,27.41,26.7,27.26,28.02,8084474,219016972.0,shares,0
2016-11-16,27.27,27.56,26.82,26.82,27.26,4286682,116520818.0,shares,0
2016-11-17,26.7,27.47,26.7,26.84,26.82,3885965,105295229.0,shares,0
2016-11-18,26.73,27.2,26.68,26.81,26.84,2679096,71918960.0,shares,0
2016-11-21,27.28,27.3,26.39,27.17,26.81,3031624,81575776.0,shares,0
2016-11-22,27.28,27.5,27.05,27.37,27.17,3544271,96696184.0,shares,0
2016-11-23,27.88,27.88,24.63,24.85,27.37,9271439,240998277.0,shares,0
2016-11-24,24.64,24.76,23.9,24.02,24.85,6248207,152093431.0,shares,0
2016-11-25,24.08,24.24,23.35,23.9,24.02,5431804,129165788.0,shares,0
2016-11-28,23.8,24.64,23.6,24.26,23.9,3685879,89021615.0,shares,0
2016-11-29,24.1,24.36,23.45,23.51,24.26,3556059,85167738.0,shares,0
2016-11-30,23.6,23.77,22.38,22.53,23.51,4700018,107641804.0,shares,0
2016-12-01,22.55,24.0,22.43,23.13,22.53,4817544,112032452.0,shares,0
2016-12-02,23.05,23.75,22.88,23.09,23.13,4251290,98995228.0,shares,0
2016-12-05,22.85,24.7,22.85,23.93,23.09,4913852,117673695.0,shares,0
2016-12-06,23.87,25.52,23.81,25.29,23.93,7688853,191270043.0,shares,0
2016-12-07,25.18,25.28,24.6,25.04,25.29,3768278,93568674.0,shares,0
2016-12-08,24.91,25.51,24.02,24.1,25.04,3780977,93773590.0,shares,0
2016-12-09,24.0,24.26,23.37,23.64,24.1,2652611,62890831.0,shares,0
2016-12-12,23.5,23.69,21.28,21.29,23.64,4523588,100826538.0,shares,0
2016-12-13,21.41,21.84,20.84,21.2,21.29,4107803,87147889.0,shares,0
2016-12-14,21.31,22.7,21.01,22.12,21.2,4228621,92793231.0,shares,0
2016-12-15,21.86,24.33,21.86,24.33,22.12,6107024,143470602.0,shares,0
2016-12-16,24.8,25.97,24.51,24.98,24.33,8964555,226118155.0,shares,0
2016-12-19,25.1,25.3,23.6,24.29,24.98,5841024,142163582.0,shares,0
2016-12-20,24.0,25.05,24.0,24.11,24.29,4086932,100255546.0,shares,0
2016-12-21,24.11,24.48,23.91,24.3,24.11,2575699,62265101.0,shares,0
2016-12-22,24.37,24.5,22.8,22.87,24.3,5185155,120475667.0,shares,0
2016-12-23,22.61,23.3,22.57,22.9,22.87,2667316,61168226.0,shares,0
2016-12-26,22.99,23.43,22.0,23.31,22.9,2776650,63732775.0,shares,0
2016-12-27,23.15,24.17,23.13,24.17,23.31,3203229,75264852.0,shares,0
2016-12-28,24.17,24.44,23.3,23.31,24.17,3631988,86568720.0,shares,0
2016-12-29,23.33,24.38,23.31,24.33,23.31,4490975,107434027.0,shares,0
2016-12-30,24.01,24.25,23.5,23.8,24.33,2936907,69918189.0,shares,0
2017-01-03,23.78,24.17,23.52,24.06,23.8,2252963,54052807.0,shares,0
2017-01-04,24.06,24.49,23.51,23.9,24.06,2096301,49839097.0,shares,0
2017-01-05,23.9,23.98,23.46,23.53,23.9,1763741,41652985.0,shares,0
2017-01-06,23.36,23.69,22.51,22.83,23.53,2249335,51656282.0,shares,0
2017-01-09,22.4,23.1,22.2,23.0,22.83,2778011,63143322.0,shares,0
2017-01-10,23.07,24.0,22.8,23.55,23.0,2754111,64672115.0,shares,0
2017-01-11,23.68,23.68,23.0,23.2,23.55,1367244,31802101.0,shares,0
2017-01-12,23.15,23.49,22.7,22.75,23.2,1147033,26333531.0,shares,0
2017-01-13,22.9,22.9,22.2,22.25,22.75,1215843,27395109.0,shares,0
2017-01-16,22.11,22.5,20.03,20.47,22.25,2457832,51974730.0,shares,0
2017-01-17,20.3,21.63,20.02,21.28,20.47,3424432,71721574.0,shares,0
2017-01-18,21.16,21.34,20.75,20.87,21.28,1069027,22520074.0,shares,0
2017-01-19,20.58,20.98,20.58,20.88,20.87,866560,17995161.0,shares,0
2017-01-20,20.7,21.42,20.67,21.25,20.88,1162813,24603526.0,shares,0
2017-01-23,21.25,22.96,21.15,22.15,21.25,2500141,55710899.0,shares,0
2017-01-24,22.15,22.93,22.0,22.51,22.15,2248342,50801648.0,shares,0
2017-01-25,22.4,22.73,21.92,22.39,22.51,1250021,27921268.0,shares,0
2017-01-26,22.43,23.79,22.43,22.96,22.39,1922873,44321513.0,shares,0
2017-02-03,23.18,23.18,22.68,23.1,22.96,830007,19079014.0,shares,0
2017-02-06,23.1,23.5,23.0,23.29,23.1,1276463,29675174.0,shares,0
2017-02-07,23.17,23.6,23.03,23.56,23.29,1457772,34085955.0,shares,0
2017-02-08,23.26,23.94,22.91,23.92,23.56,2364119,55865912.0,shares,0
2017-02-09,23.93,25.62,23.93,24.99,23.92,5391096,135221437.0,shares,0
2017-02-10,24.8,25.75,24.7,24.79,24.99,3356660,84913322.0,shares,0
2017-02-13,24.84,25.48,24.43,24.65,24.79,3119923,78075056.0,shares,0
2017-02-14,24.78,24.8,23.8,24.18,24.65,3029944,73121440.0,shares,0
2017-02-15,24.33,26.18,24.33,25.11,24.18,3888606,97873215.0,shares,0
2017-02-16,25.11,27.19,24.8,26.66,25.11,6472510,170811478.0,shares,0
2017-02-17,26.56,26.66,25.9,25.9,26.66,2671479,70070218.0,shares,0
2017-02-20,25.88,26.88,25.55,26.75,25.9,2670867,70418691.0,shares,0
2017-02-21,27.2,27.46,26.59,27.41,26.75,3296754,89476843.0,shares,0
2017-02-22,27.03,27.44,26.62,27.32,27.41,2084362,56390676.0,shares,0
2017-02-23,27.21,27.42,27.05,27.32,27.32,2227801,60749010.0,shares,0
2017-02-24,27.11,28.88,27.11,28.81,27.32,4854106,137491078.0,shares,0
2017-02-27,28.7,30.3,27.47,28.4,28.81,3032537,87199344.0,shares,0
2017-02-28,28.76,29.0,27.81,28.3,28.4,1938561,54888147.0,shares,0
2017-03-01,28.39,28.79,28.1,28.34,28.3,1792072,50857375.0,shares,0
2017-03-09,31.17,31.17,31.17,31.17,28.34,635410,19805729.0,shares,0
2017-03-10,33.87,34.29,32.4,34.29,31.17,9638255,321334128.0,shares,0
2017-03-13,35.98,36.9,34.86,35.68,34.29,11033789,396531664.0,shares,0
2017-03-14,36.2,36.68,34.88,36.05,35.68,9466622,339793664.0,shares,0
2017-03-15,35.78,36.18,34.12,34.79,36.05,6691212,235629392.0,shares,0
2017-03-16,35.02,38.27,35.02,37.24,34.79,9656183,356985904.0,shares,0
2017-03-17,37.0,39.9,36.5,36.8,37.24,8865926,336553744.0,shares,0
2017-03-20,37.5,37.5,33.9,35.78,36.8,6578361,233250442.0,shares,0
2017-03-21,36.14,36.19,34.75,35.58,35.78,3996983,141913024.0,shares,0
2017-03-22,36.0,37.87,35.01,36.81,35.58,4221152,153509908.0,shares,0
2017-03-23,36.5,37.19,36.36,36.81,36.81,2880230,105724914.0,shares,0
2017-03-24,36.81,38.9,36.18,37.44,36.81,4119705,156032617.0,shares,0
2017-03-27,36.99,38.8,36.99,38.42,37.44,3462607,132108678.0,shares,0
2017-03-28,38.42,38.78,37.5,38.02,38.42,1793938,68119499.0,shares,0
2017-03-29,38.32,39.0,37.71,38.53,38.02,2511706,96714512.0,shares,0
2017-03-30,38.5,38.5,34.99,35.86,38.53,4668132,168536104.0,shares,0
2017-03-31,35.48,36.7,34.28,34.3,35.86,2761714,98131993.0,shares,0
2017-04-05,34.31,35.57,33.0,35.08,34.3,4686362,161089455.0,shares,0
2017-04-06,35.2,36.5,34.73,35.75,35.08,2303619,82187617.0,shares,0
2017-04-07,35.78,37.5,35.78,36.43,35.75,2514681,92247781.0,shares,0
2017-04-10,36.09,36.88,34.25,36.0,36.43,2252319,80922833.0,shares,0
2017-04-11,36.6,36.9,34.7,36.09,36.0,2773613,99188019.0,shares,0
2017-04-12,36.09,36.09,34.59,34.8,36.09,1780116,62351527.0,shares,0
2017-04-13,34.51,35.5,34.51,34.8,34.8,960469,33565099.0,shares,0
2017-04-14,35.29,35.29,33.9,34.88,34.8,1109402,38332333.0,shares,0
2017-04-17,34.15,34.88,34.0,34.05,34.88,1361737,46667874.0,shares,0
2017-04-18,34.5,34.99,32.5,32.98,34.05,1592196,53259726.0,shares,0
2017-04-19,32.88,34.28,30.92,34.0,32.98,2908672,93828127.0,shares,0
2017-04-20,33.44,34.35,33.44,33.98,34.0,1104134,37423170.0,shares,0
2017-04-21,34.2,34.95,33.88,34.45,33.98,1165076,40304118.0,shares,0
2017-04-24,34.21,34.65,33.58,34.46,34.45,711583,24345150.0,shares,0
2017-04-25,34.7,37.1,34.59,36.0,34.46,3044145,109910842.0,shares,0
2017-04-26,36.02,36.99,35.03,35.53,36.0,1380229,49340912.0,shares,0
2017-04-27,35.53,36.2,34.6,35.67,35.53,1112323,39520059.0,shares,0
2017-04-28,35.12,35.47,32.67,33.65,35.67,2987299,101112936.0,shares,0
2017-05-02,33.0,34.33,32.71,33.1,33.65,1250995,41789268.0,shares,0
2017-05-03,33.4,33.9,32.8,33.59,33.1,1112034,37299934.0,shares,0
2017-05-04,33.81,34.05,33.09,33.28,33.59,743446,24959837.0,shares,0
2017-05-05,33.12,33.59,32.7,32.99,33.28,601871,19872429.0,shares,0
2017-05-08,33.31,33.98,32.54,33.76,32.99,1234063,41520858.0,shares,0
2017-05-09,33.79,34.21,33.16,34.2,33.76,1129296,38147316.0,shares,0
2017-05-10,34.6,36.6,34.2,35.56,34.2,2637544,93961342.0,shares,0
2017-05-11,35.15,35.45,33.6,34.77,35.56,2230494,77422115.0,shares,0
2017-05-12,34.45,35.45,33.36,34.48,34.77,1355188,46637303.0,shares,0
2017-05-15,34.4,36.42,34.0,35.3,34.48,1670724,59434874.0,shares,0
2017-05-16,35.8,36.37,35.16,36.16,35.3,1898263,67894245.0,shares,0
2017-05-17,36.0,36.8,35.6,35.72,36.16,1701013,61405992.0,shares,0
2017-05-18,35.1,36.58,35.1,35.29,35.72,2231379,79872228.0,shares,0
2017-05-19,35.3,35.81,34.5,34.9,35.29,1229241,43036617.0,shares,0
2017-05-22,35.72,35.72,33.58,33.79,34.9,1837947,63944205.0,shares,0
2017-05-23,34.18,36.01,34.18,34.52,33.79,3490541,122801403.0,shares,0
2017-05-24,33.99,35.24,33.8,35.22,34.52,1637246,57273181.0,shares,0
2017-05-25,35.65,35.65,34.69,35.12,35.22,1087655,38248082.0,shares,0
2017-05-26,35.5,35.5,35.0,35.2,35.12,996735,35089113.0,shares,0
2017-05-31,35.4,35.89,34.8,34.86,35.2,934254,32894046.0,shares,0
2017-06-01,35.05,35.16,31.37,31.95,34.86,2986981,97919066.0,shares,0
2017-06-02,31.96,32.6,29.3,32.25,31.95,1392367,44164673.0,shares,0
2017-06-05,32.2,33.3,32.11,32.31,32.25,1603403,52437738.0,shares,0
2017-06-06,32.34,32.5,32.0,32.31,32.31,1429796,46055247.0,shares,0
2017-06-07,32.44,34.01,32.3,33.89,32.31,2264592,75425763.0,shares,0
2017-06-08,34.22,34.8,33.56,34.6,33.89,1265922,43062969.0,shares,0
2017-06-09,34.45,35.51,34.31,35.05,34.59,2023435,70754461.0,shares,0
2017-06-12,35.0,35.19,33.5,34.35,35.05,2088366,71199670.0,shares,0
2017-06-13,34.15,35.18,34.15,34.6,34.35,988052,34347620.0,shares,0
2017-06-14,34.55,35.35,33.7,35.15,34.6,1019347,35723165.0,shares,0
2017-06-15,35.15,36.8,35.02,36.6,35.15,2714313,98064384.0,shares,0
2017-06-16,36.7,37.48,36.68,36.81,36.6,1620603,59946752.0,shares,0
2017-06-19,36.48,40.42,36.48,40.0,36.81,3097167,120461390.0,shares,0
2017-06-20,39.97,39.97,38.02,39.0,40.0,3580407,138845120.0,shares,0
2017-06-21,38.76,41.65,38.01,40.37,39.0,3137505,125477922.0,shares,0
2017-06-22,40.2,41.0,39.5,39.57,40.37,1931029,77523067.0,shares,0
2017-06-23,39.71,41.8,39.7,40.44,39.57,1925373,78562123.0,shares,0
2017-06-26,41.8,41.85,39.68,40.58,40.44,1555829,63023126.0,shares,0
2017-06-27,40.38,40.9,40.0,40.43,40.58,1843594,74683704.0,shares,0
2017-06-28,40.02,40.52,39.36,39.55,40.43,822651,32688287.0,shares,0
2017-06-29,39.8,42.17,39.62,41.92,39.55,3694107,153371372.0,shares,0
2017-06-30,42.2,42.2,40.51,41.13,41.92,2071838,84708544.0,shares,0
2017-07-03,41.14,41.47,40.5,41.42,41.13,1348013,55481300.0,shares,0
2017-07-04,41.36,42.46,41.18,41.6,41.42,2228287,93592514.0,shares,0
2017-07-05,41.41,41.66,40.8,41.6,41.6,1404082,57850282.0,shares,0
2017-07-06,41.11,42.8,41.07,41.34,41.6,1174392,48979758.0,shares,0
2017-07-07,41.16,41.2,40.2,40.6,41.34,1796625,73112699.0,shares,0
2017-07-10,40.5,42.33,40.5,42.18,40.6,2914941,121805430.0,shares,0
2017-07-11,42.0,43.89,41.96,43.2,42.18,2777478,120436389.0,shares,0
2017-07-12,42.88,43.39,40.89,42.0,43.2,1468674,61365844.0,shares,0
2017-07-13,42.6,42.87,41.5,41.95,42.0,560679,23551901.0,shares,0
2017-07-14,41.94,41.98,38.88,41.67,41.95,1206600,49476282.0,shares,0
2017-07-17,41.0,41.3,39.67,39.81,41.67,1599065,64830252.0,shares,0
2017-07-18,39.1,40.4,38.56,39.93,39.81,1833060,72207415.0,shares,0
2017-07-19,39.3,40.7,39.3,40.29,39.93,1632379,65694677.0,shares,0
2017-07-20,40.49,40.85,39.21,39.27,40.29,1406877,56575886.0,shares,0
2017-07-21,38.9,40.79,38.6,40.7,39.27,1524297,61114155.0,shares,0
2017-07-24,41.18,41.18,40.21,40.5,40.7,703610,28574927.0,shares,0
2017-07-25,40.7,40.94,40.35,40.54,40.5,489100,19823285.0,shares,0
2017-07-26,40.34,40.57,39.61,40.57,40.54,556763,22296677.0,shares,0
2017-07-27,40.53,42.5,39.8,42.4,40.57,2422344,101150991.0,shares,0
2017-07-28,42.1,43.8,41.4,43.01,42.4,2120906,90417519.0,shares,0
2017-07-31,43.03,43.9,42.2,42.72,43.01,837523,35954245.0,shares,0
2017-08-01,42.99,43.25,41.17,41.6,42.72,986325,41143775.0,shares,0
2017-08-02,41.57,41.57,40.61,41.06,41.6,1062277,43592173.0,shares,0
2017-08-03,40.88,41.74,40.32,40.57,41.06,555480,22725021.0,shares,0
2017-08-04,40.45,40.99,40.05,40.45,40.57,712999,28812027.0,shares,0
2017-08-07,40.75,40.75,37.6,38.98,40.45,4108779,158704295.0,shares,0
2017-08-08,38.55,39.56,38.55,38.82,38.98,1553769,60848120.0,shares,0
2017-08-09,38.56,38.97,37.3,37.47,38.82,2181534,82427928.0,shares,0
2017-08-10,37.4,39.04,37.2,38.05,37.47,1699853,64793500.0,shares,0
2017-08-11,37.99,38.6,37.15,37.5,38.05,533194,20083799.0,shares,0
2017-08-14,37.95,39.02,37.51,39.0,37.5,1051834,40618354.0,shares,0
2017-08-15,39.09,40.0,38.7,39.11,39.0,1094427,43118001.0,shares,0
2017-08-16,39.11,40.18,38.79,39.9,39.11,1081406,42908259.0,shares,0
2017-08-17,40.14,40.14,39.46,39.73,39.9,498132,19760399.0,shares,0
2017-08-18,40.05,40.05,38.25,38.9,39.73,1175585,45790503.0,shares,0
2017-08-21,38.55,39.47,38.55,39.0,38.9,577500,22571167.0,shares,0
2017-08-22,39.3,39.3,37.6,37.73,39.0,1527747,58174639.0,shares,0
2017-08-23,37.85,38.29,37.0,37.75,37.73,1024717,38504326.0,shares,0
2017-08-24,38.43,38.43,37.25,37.41,37.75,642000,24223225.0,shares,0
2017-08-25,37.2,38.23,37.2,37.95,37.41,731226,27687597.0,shares,0
2017-08-28,37.95,39.5,37.8,39.3,37.95,1578312,61478128.0,shares,0
2017-08-29,39.3,39.45,38.58,39.0,39.3,641712,24998945.0,shares,0
2017-08-30,39.0,39.5,38.85,39.0,39.0,667041,26115869.0,shares,0
2017-08-31,38.82,39.38,38.44,39.0,39.0,591448,23021797.0,shares,0
2017-09-01,38.99,39.4,38.65,38.91,39.0,1047700,40927985.0,shares,0
2017-09-04,38.77,41.0,38.77,40.63,38.91,2264062,90409311.0,shares,0
2017-09-05,40.66,43.8,40.63,42.23,40.63,2138896,90639351.0,shares,0
2017-09-06,43.07,43.07,40.3,41.47,42.23,1297147,53792329.0,shares,0
2017-09-07,42.9,42.9,40.35,40.69,41.47,1191374,48893530.0,shares,0
2017-09-08,40.09,41.25,40.09,40.5,40.69,832175,33899703.0,shares,0
2017-09-11,40.5,40.96,39.21,39.76,40.5,2056521,81338672.0,shares,0
2017-09-12,39.86,39.91,38.82,39.1,39.76,2245012,87885824.76,shares,0
2017-09-13,39.17,39.46,38.12,38.37,39.1,2598392,100253393.56,shares,0
2017-09-14,38.9,42.21,38.6,42.21,38.37,5492342,228576826.18,shares,0
2017-09-15,42.71,42.79,40.7,40.96,42.21,3266636,134987106.75,shares,0
2017-09-18,40.55,42.96,40.52,42.5,40.96,2342733,98942613.99,shares,0
2017-09-19,42.2,46.5,41.61,44.7,42.5,4948081,218646624.52,shares,0
2017-09-20,44.34,45.92,43.2,45.5,44.7,3921025,174622992.91,shares,0
2017-09-21,44.64,45.2,43.5,43.5,45.5,2584842,113998067.32,shares,0
2017-09-22,43.49,46.55,43.49,45.56,43.5,4466981,202368007.22,shares,0
2017-09-25,46.0,49.5,44.04,44.25,45.56,6133022,285950304.75,shares,0
2017-09-26,45.09,45.33,43.58,44.89,44.25,1946958,86898649.9,shares,0
2017-09-27,45.67,48.28,44.31,47.9,44.89,5309521,248542899.37,shares,0
2017-09-28,47.51,48.65,46.81,47.0,47.9,3049982,144754085.97,shares,0
2017-09-29,47.4,49.5,47.0,48.59,47.0,2941743,142682306.83,shares,0
2017-10-09,50.0,52.7,48.7,49.0,48.59,4055317,205504325.1,shares,0
2017-10-10,49.2,51.28,48.11,49.8,49.0,3151026,157180343.07,shares,0
2017-10-11,50.0,50.47,48.0,48.5,49.8,2514136,123167892.5,shares,0
2017-10-12,48.15,49.6,47.7,48.42,48.5,1547146,75545796.16,shares,0
2017-10-13,48.5,50.28,48.12,50.2,48.42,1970922,97001562.39,shares,0
2017-10-16,50.3,50.49,47.8,48.0,50.2,3844653,186861291.54,shares,0
2017-10-17,47.58,48.58,47.45,47.5,48.0,1523611,73038560.78,shares,0
2017-10-18,47.02,48.46,46.8,47.49,47.5,1180032,56007329.04,shares,0
2017-10-19,47.8,48.2,46.9,47.08,47.49,745536,35477606.56,shares,0
2017-10-20,47.01,48.3,46.5,47.89,47.08,1250479,59413340.65,shares,0
2017-10-23,47.82,47.82,47.08,47.53,47.89,789613,37503605.09,shares,0
2017-10-24,47.52,48.19,47.22,47.6,47.53,893873,42560999.84,shares,0
2017-10-25,47.33,48.17,47.28,48.06,47.6,1076798,51329845.2,shares,0
2017-10-26,48.06,49.9,47.9,48.8,48.06,1907100,93169429.0,shares,0
2017-10-27,48.8,49.01,47.32,48.2,48.8,1011259,48955153.41,shares,0
2017-10-30,48.08,49.08,47.58,47.7,48.2,1578937,76294116.53,shares,0
2017-10-31,47.45,48.53,46.61,48.52,47.7,2040844,97247134.48,shares,0
2017-11-01,48.33,48.4,47.3,47.76,48.52,1311416,62588225.44,shares,0
2017-11-02,47.2,48.26,47.2,47.6,47.76,846820,40371362.34,shares,0
2017-11-03,48.0,48.0,44.96,45.56,47.6,3855134,177001757.64,shares,0
2017-11-06,45.05,47.1,44.5,46.6,45.56,2523587,114994864.51,shares,0
2017-11-07,46.6,48.4,45.6,48.19,46.6,1795237,85227808.17,shares,0
2017-11-08,48.96,50.0,47.8,47.86,48.19,1085393,52756524.78,shares,0
2017-11-09,48.48,48.79,45.88,48.6,47.86,2208517,104292093.34,shares,0
2017-11-10,48.21,51.0,48.21,50.92,48.6,4447721,221682190.75,shares,0
2017-11-13,50.92,52.12,46.88,50.4,50.92,4665248,232938294.97,shares,0
2017-11-14,50.19,50.19,48.27,48.3,50.4,2456001,120217375.29,shares,0
2017-11-15,48.1,49.49,47.79,47.79,48.3,1782300,86279667.76,shares,0
2017-11-16,47.51,47.91,45.91,46.3,47.79,2658520,123940583.47,shares,0
2017-11-17,46.3,46.83,45.63,45.72,46.3,1607143,74070684.17,shares,0
2017-11-20,45.5,47.85,44.03,47.46,45.72,2246287,102556555.88,shares,0
2017-11-21,47.5,49.2,46.28,47.68,47.46,3023373,143487645.29,shares,0
2017-11-22,47.5,47.97,45.8,46.6,47.68,1682108,78698298.46,shares,0
2017-11-23,46.2,46.55,45.5,45.59,46.6,1188805,54622323.6,shares,0
2017-11-24,45.09,46.47,44.95,45.13,45.59,1433154,65490652.68,shares,0
2017-11-27,44.95,45.7,43.98,44.81,45.13,1729359,77365619.16,shares,0
2017-11-28,44.8,45.22,44.0,44.8,44.81,1668918,74211748.84,shares,0
2017-11-29,44.8,45.21,42.5,42.6,44.8,2841104,124868678.23,shares,0
2017-11-30,42.06,43.11,42.06,42.7,42.6,2131027,90710760.78,shares,0
2017-12-01,42.5,45.03,42.08,44.41,42.7,1759383,77437744.08,shares,0
2017-12-04,44.0,46.28,44.0,44.9,44.41,2217263,101117312.39,shares,0
2017-12-05,45.25,45.69,44.04,44.28,44.9,1379324,61764685.54,shares,0
2017-12-06,44.25,44.79,43.19,44.25,44.28,1404021,61417420.3,shares,0
2017-12-07,43.99,46.37,43.99,46.0,44.25,2557400,117307259.39,shares,0
2017-12-08,45.78,50.5,45.5,47.86,46.0,3718607,179668992.39,shares,0
2017-12-11,50.0,52.65,49.5,52.65,47.86,7139171,365120666.36,shares,0
2017-12-12,54.88,54.88,51.5,52.6,52.65,7220646,381041418.07,shares,0
2017-12-13,52.75,54.88,52.01,54.6,52.6,4258389,226847061.44,shares,0
2017-12-14,53.99,55.5,52.62,53.3,54.6,3096594,166654273.12,shares,0
2017-12-15,53.78,55.5,52.8,54.52,53.3,3349522,181703344.83,shares,0
2017-12-18,54.6,56.05,52.52,54.36,54.52,3644574,197511070.46,shares,0
2017-12-19,54.82,57.88,54.45,57.87,54.36,4072703,230557188.51,shares,0
2017-12-20,56.98,59.97,56.9,57.79,57.87,3750064,218643580.69,shares,0
2017-12-21,58.0,58.52,56.0,57.9,57.79,2304224,131846587.6,shares,0
2017-12-22,57.01,58.19,56.0,56.3,57.9,2254446,129349360.95,shares,0
2017-12-25,56.79,57.94,56.63,57.6,56.3,2175915,124749687.8,shares,0
2017-12-26,57.0,59.28,57.0,58.71,57.6,1698092,98749802.91,shares,0
2017-12-27,58.11,59.5,56.7,58.0,58.71,1766620,101832497.38,shares,0
2017-12-28,58.15,59.97,58.0,58.76,58.0,2197724,130196984.68,shares,0
2017-12-29,57.68,59.3,57.68,58.5,58.76,1255067,73387959.76,shares,0
2018-01-02,58.6,59.0,57.18,58.78,58.5,891764,51875217.04,shares,0
2018-01-03,59.01,59.58,57.9,58.7,58.78,1281230,74962085.69,shares,0
2018-01-04,58.11,58.73,56.72,57.66,58.7,2111166,121272616.24,shares,0
2018-01-05,57.9,59.5,56.87,57.45,57.66,2745009,159780231.87,shares,0
2018-01-08,58.49,58.5,56.58,56.9,57.45,3017367,173971436.37,shares,0
2018-01-09,57.9,59.79,57.52,59.42,56.9,2320593,136114882.3,shares,0
2018-01-10,59.98,63.15,59.75,61.39,59.42,3787828,233431728.19,shares,0
2018-01-11,60.7,62.2,60.23,61.61,61.39,1389551,85254932.88,shares,0
2018-01-12,60.88,62.88,60.88,61.72,61.61,1653196,102356768.83,shares,0
2018-01-15,61.8,62.58,60.32,61.06,61.72,1438834,88168214.64,shares,0
2018-01-16,61.58,61.58,59.04,59.2,61.06,2574576,154225488.98,shares,0
2018-01-17,59.7,60.22,58.88,59.61,59.2,1929398,114998017.9,shares,0
2018-01-18,58.81,61.1,57.88,59.7,59.61,1203725,71435261.6,shares,0
2018-01-19,59.7,60.5,59.06,59.25,59.7,782887,46670996.52,shares,0
2018-01-22,59.61,60.0,58.08,59.2,59.25,1524840,89659376.55,shares,0
2018-01-23,58.09,59.75,58.08,59.5,59.2,1346635,79751998.4,shares,0
2018-01-24,59.6,64.92,58.48,64.54,59.5,2840290,173557099.42,shares,0
2018-01-25,65.6,66.0,63.25,64.15,64.54,2907934,188588715.74,shares,0
2018-01-26,63.51,64.8,63.51,63.84,64.15,942937,60319861.88,shares,0
2018-01-29,65.0,65.0,57.58,59.45,63.84,3350824,202315142.23,shares,0
2018-01-30,58.15,61.39,58.08,61.2,59.45,1042185,63202017.5,shares,0
2018-01-31,60.08,61.79,59.12,59.53,61.2,986268,59564673.23,shares,0
2018-02-01,58.9,61.0,58.01,58.3,59.53,1108083,65871126.3,shares,0
2018-02-02,58.3,61.3,58.0,60.62,58.3,1255306,75420209.86,shares,0
2018-02-05,58.77,60.6,57.95,58.8,60.62,1292071,75988235.6,shares,0
2018-02-06,55.2,57.98,55.2,56.91,58.8,1381355,78295790.75,shares,0
2018-02-07,57.99,58.5,54.1,55.6,56.91,2085419,116050039.74,shares,0
2018-02-08,55.59,59.4,55.1,58.99,55.6,2036998,118346699.68,shares,0
2018-02-09,57.22,60.0,57.22,59.37,58.99,1869615,109944078.77,shares,0
2018-02-12,59.37,62.96,59.35,61.01,59.37,2077967,126065606.74,shares,0
2018-02-13,61.03,62.05,60.2,60.7,61.01,903712,55362328.24,shares,0
2018-02-14,60.75,61.3,60.22,61.25,60.7,448572,27296761.16,shares,0
2018-02-22,61.6,64.98,61.6,64.65,61.25,1737113,111148506.06,shares,0
2018-02-23,64.21,66.19,64.21,66.19,64.65,1481809,97106372.4,shares,0
2018-02-26,66.25,70.57,66.22,69.9,66.19,2217869,152008800.68,shares,0
2018-02-27,69.98,70.77,67.13,69.45,69.9,2842109,197620835.39,shares,0
2018-02-28,68.9,70.45,67.51,69.77,69.45,1186837,82622111.75,shares,0
2018-03-01,69.08,70.92,67.97,69.85,69.77,1625563,113279519.64,shares,0
2018-03-02,70.99,76.5,69.86,71.8,69.85,2607036,190616194.68,shares,0
2018-03-05,72.4,72.85,69.03,72.19,71.8,1614068,113588074.17,shares,0
2018-03-06,71.08,72.5,70.5,71.01,72.19,1419317,101045620.59,shares,0
2018-03-07,71.25,75.0,71.25,73.09,71.01,1571054,114987369.75,shares,0
2018-03-08,73.8,76.15,73.8,75.66,73.09,1968097,148438810.92,shares,0
2018-03-09,75.49,76.99,74.51,75.49,75.66,1525450,115517603.5,shares,0
2018-03-12,75.95,79.98,75.7,77.51,75.49,2022998,157861780.75,shares,0
2018-03-13,79.0,79.02,76.03,76.19,77.51,1157769,88857470.21,shares,0
2018-03-14,76.02,76.98,75.06,75.3,76.19,1109389,83915723.63,shares,0
2018-03-15,75.45,76.78,73.8,76.4,75.3,851363,64140943.74,shares,0
2018-03-16,75.73,79.88,75.26,78.7,76.4,1575759,123833439.96,shares,0
2018-03-19,78.8,79.0,77.66,79.0,78.7,771946,60568847.81,shares,0
2018-03-20,78.66,80.39,78.05,80.0,79.0,1088743,86507853.56,shares,0
2018-03-21,80.55,80.55,78.6,79.04,80.0,2043998,162423912.05,shares,0
2018-03-22,78.62,78.85,77.0,77.3,79.04,1053913,81756102.61,shares,0
2018-03-23,71.0,76.7,71.0,72.89,77.3,2160369,159513647.6,shares,0
2018-03-26,71.0,77.0,66.5,76.08,72.89,4007566,281965619.19,shares,0
2018-03-27,74.98,76.2,73.02,74.0,76.08,3439658,256086158.37,shares,0
2018-03-28,72.12,74.4,70.2,70.2,74.0,1684078,121674143.91,shares,0
2018-03-29,70.51,72.85,70.51,71.8,70.2,2361855,170404676.07,shares,0
2018-03-30,72.4,77.08,72.4,76.35,71.8,2980292,226777574.94,shares,0
2018-04-02,76.55,78.49,74.41,75.23,76.35,2787624,211753119.9,shares,0
2018-04-03,73.72,75.67,73.14,74.01,75.23,1108192,81731182.12,shares,0
2018-04-04,76.0,80.32,76.0,77.85,74.01,3204726,251114897.43,shares,0
2018-04-09,79.15,80.0,76.33,78.71,77.85,1444843,113372530.28,shares,0
2018-04-10,78.65,78.65,76.0,77.42,78.71,2194283,168779214.23,shares,0
2018-04-11,77.41,78.9,76.45,77.89,77.42,1495954,116128998.29,shares,0
2018-04-12,77.8,78.35,76.8,77.28,77.89,739903,57321077.37,shares,0
2018-04-13,77.97,77.97,76.0,76.0,77.28,861078,66302792.36,shares,0
2018-04-16,76.0,81.69,76.0,79.2,76.0,3280479,259008084.46,shares,0
2018-04-17,81.3,82.0,71.28,71.28,79.2,5032864,374808647.12,shares,0
2018-04-18,69.1,72.1,64.67,69.2,71.28,4700168,320928426.67,shares,0
2018-04-19,69.0,71.27,68.0,69.9,69.2,1734477,121738312.4,shares,0
2018-04-20,69.5,69.8,66.83,66.85,69.9,1549918,105362973.59,shares,0
2018-04-23,67.94,68.37,60.17,61.98,66.85,3337883,207820209.01,shares,0
2018-04-24,62.93,68.18,62.93,68.18,61.98,2812392,186045615.28,shares,0
2018-04-25,68.59,69.99,67.03,68.25,68.18,1845346,126850300.64,shares,0
2018-04-26,67.56,67.56,63.45,65.0,68.25,2091375,137483098.7,shares,0
2018-04-27,66.38,66.59,63.13,65.43,65.0,1937221,125903418.63,shares,0
2018-05-02,65.45,67.0,64.72,65.4,65.43,1159863,76297434.89,shares,0
2018-05-03,65.4,70.33,61.4,69.94,65.4,2799410,184788521.22,shares,0
2018-05-04,68.17,70.49,66.05,66.45,69.94,3214650,220276404.09,shares,0
2018-05-07,65.45,68.96,65.45,67.7,66.45,1565425,105870106.17,shares,0
2018-05-08,67.71,69.01,66.72,69.0,67.7,1874169,127766751.45,shares,0
2018-05-09,68.48,69.77,68.48,69.25,69.0,864316,59803502.64,shares,0
2018-05-10,69.15,69.8,67.52,68.55,69.25,979353,66835565.5,shares,0
2018-05-11,68.55,68.55,66.2,67.0,68.55,1583016,106045778.96,shares,0
2018-05-14,72.11,73.7,70.0,70.3,67.0,2740483,196570742.72,shares,0
2018-05-15,70.05,77.33,69.8,77.01,70.3,3833257,284490408.09,shares,0
2018-05-16,75.44,76.0,73.6,74.18,77.01,2464842,183527747.66,shares,0
2018-05-17,73.8,73.96,71.52,73.37,74.18,1421369,103168661.56,shares,0
2018-05-18,72.16,74.53,72.1,73.77,73.37,797881,58676112.76,shares,0
2018-05-21,75.1,78.0,75.1,75.86,73.77,2262376,174079874.73,shares,0
2018-05-22,75.2,79.64,75.2,78.5,75.86,2700005,211743522.3,shares,0
2018-05-23,77.0,78.48,76.5,77.12,78.5,1523130,117541064.45,shares,0
2018-05-24,76.6,77.38,74.0,74.6,77.12,1213230,91412384.13,shares,0
2018-05-25,74.86,75.63,72.61,73.1,74.6,936336,68715791.08,shares,0
2018-05-28,72.8,74.38,72.05,73.74,73.1,966712,70995315.34,shares,0
2018-05-29,74.68,76.28,73.09,75.15,73.74,1349925,101539243.74,shares,0
2018-05-30,71.95,71.95,68.4,69.2,75.15,2218329,154711070.95,shares,0
2018-05-31,69.5,71.89,69.5,71.8,69.2,1087582,77070908.59,shares,0
2018-06-01,71.79,71.8,69.39,69.8,71.8,756437,53267339.56,shares,0
2018-06-04,70.13,72.5,69.83,71.99,69.8,1172597,83799857.14,shares,0
2018-06-05,72.03,73.99,71.22,71.93,71.99,1220796,88331146.62,shares,0
2018-06-06,72.0,72.8,70.01,71.15,71.93,1486544,106446194.21,shares,0
2018-06-07,71.2,72.1,69.67,70.41,71.15,1012340,71817632.43,shares,0
2018-06-08,70.41,72.88,69.89,70.71,70.41,1771059,126649857.98,shares,0
2018-06-11,70.0,70.0,67.52,68.25,70.71,2169526,147677353.57,shares,0
2018-06-12,68.15,69.47,66.61,68.73,68.25,1393040,94895165.72,shares,0
2018-06-13,68.35,71.1,66.48,67.4,68.73,1270393,87415780.92,shares,0
2018-06-14,67.4,69.39,67.11,67.99,67.4,1413304,96336385.2,shares,0
2018-06-15,66.4,68.46,66.33,67.3,67.99,1469026,99688993.71,shares,0
2018-06-19,66.0,66.9,60.57,60.57,67.3,2153683,134740051.18,shares,0
2018-06-20,60.1,62.49,60.1,61.0,60.57,1289486,78646917.0,shares,0
2018-06-21,61.16,61.9,55.66,56.51,61.0,2541977,147059916.05,shares,0
2018-06-22,56.45,59.0,56.0,57.83,56.51,1853369,106500212.12,shares,0
2018-06-25,57.87,58.98,57.21,57.27,57.83,1439258,83411155.94,shares,0
2018-06-26,56.78,61.35,56.06,61.26,57.27,2071987,123871583.67,shares,0
2018-06-27,61.26,61.36,57.38,59.02,61.26,2419539,143367135.66,shares,0
2018-06-28,58.7,59.89,57.62,58.09,59.02,1753360,103530321.19,shares,0
2018-06-29,57.98,60.88,56.8,60.04,58.09,2539909,150956863.78,shares,0
2018-07-02,60.7,62.49,58.74,60.0,60.04,2859594,174196742.36,shares,0
2018-07-03,60.01,60.5,54.04,58.85,60.0,4935271,283407843.35,shares,0
2018-07-04,58.12,59.18,56.7,56.98,58.85,2326123,134286351.15,shares,0
2018-07-05,56.98,57.41,53.8,53.98,56.98,2170437,119561612.1,shares,0
2018-07-06,53.0,56.17,52.8,54.15,53.98,2852046,156371892.26,shares,0
2018-07-09,55.02,56.47,55.02,56.0,54.15,2373062,132743259.55,shares,0
2018-07-10,57.74,57.9,55.7,56.8,56.0,1987188,112731550.93,shares,0
2018-07-11,54.94,55.0,51.08,51.08,56.76,3311174,171639399.95,shares,0
2018-07-12,48.39,53.29,48.39,52.6,51.08,5550302,286205245.51,shares,0
2018-07-13,52.9,57.77,52.51,56.57,52.6,6680411,368115307.16,shares,0
2018-07-16,57.0,60.38,57.0,57.79,56.57,5433366,317785346.68,shares,0
2018-07-17,59.6,59.66,57.21,58.79,57.79,3013726,176427289.27,shares,0
2018-07-18,58.97,60.5,57.08,57.17,58.79,3402959,199934636.94,shares,0
2018-07-19,58.2,58.91,56.67,58.5,57.17,3061486,177797151.64,shares,0
2018-07-20,58.48,58.98,56.01,57.99,58.5,3473347,199343695.29,shares,0
2018-07-23,58.95,62.33,58.32,60.73,57.99,5510898,331550801.19,shares,0
2018-07-24,60.75,63.55,59.52,61.83,60.73,3851762,237503824.99,shares,0
2018-07-25,61.65,63.33,60.88,61.3,61.83,3782831,234893366.33,shares,0
2018-07-26,61.85,61.9,57.5,57.92,61.3,4669258,277105436.36,shares,0
2018-07-27,58.1,61.06,57.78,60.0,57.92,5456932,327116582.69,shares,0
2018-07-30,61.2,61.34,54.0,54.0,60.0,5455834,303723424.6,shares,0
2018-07-31,54.0,54.0,51.68,51.96,54.0,4012723,210759015.71,shares,0
2018-08-01,51.5,53.76,50.7,50.88,51.96,4629136,240891309.2,shares,0
2018-08-02,51.03,51.25,45.79,46.1,50.88,8305415,388726090.76,shares,0
2018-08-03,46.19,46.77,42.68,44.95,46.1,6385886,283906984.63,shares,0
2018-08-06,44.23,44.79,42.36,43.44,44.95,3986672,173068506.82,shares,0
2018-08-07,43.67,45.0,42.7,44.42,43.44,3339392,146745320.38,shares,0
2018-08-08,45.5,47.64,44.33,45.31,44.42,5466604,251502182.3,shares,0
2018-08-09,45.6,48.63,43.77,47.57,45.31,5936647,279733854.4,shares,0
2018-08-10,47.56,48.8,46.54,48.18,47.57,4511172,214855760.85,shares,0
2018-08-13,47.59,50.4,47.02,49.76,48.18,5764509,285050480.37,shares,0
2018-08-14,49.64,50.93,48.67,49.72,49.76,3165968,157998128.0,shares,0
2018-08-15,49.24,49.67,47.15,47.28,49.72,3099763,149416134.84,shares,0
2018-08-16,46.19,49.22,45.88,48.53,47.28,4518001,218089909.27,shares,0
2018-08-17,49.26,51.25,48.91,49.0,48.53,5581212,279861388.93,shares,0
2018-08-20,50.26,50.4,47.01,49.9,49.0,4498451,220758410.84,shares,0
2018-08-21,50.4,50.68,48.8,49.53,49.9,3490700,173712359.81,shares,0
2018-08-22,49.52,49.52,47.02,47.11,49.53,3622525,173348605.19,shares,0
2018-08-23,46.8,49.49,46.8,48.8,47.11,5365154,259650022.2,shares,0
2018-08-24,48.74,48.97,46.85,47.29,48.8,3386814,162610904.39,shares,0
2018-08-27,47.88,52.02,47.78,52.02,47.29,8001782,408180937.96,shares,0
2018-08-28,53.0,56.0,52.4,54.01,52.02,10052296,543295055.13,shares,0
2018-08-29,54.19,54.7,52.61,52.88,54.01,5994998,318518042.11,shares,0
2018-08-30,52.7,52.89,49.88,50.5,52.88,9239637,469417511.63,shares,0
2018-08-31,50.24,50.3,46.0,46.3,50.5,10425745,503856707.83,shares,0
2018-09-03,46.0,46.0,43.1,44.96,46.3,8660032,384150240.02,shares,0
2018-09-04,44.98,46.47,44.6,46.0,44.96,6284938,286932226.98,shares,0
2018-09-05,45.58,46.05,44.01,44.11,46.0,5778011,261249749.64,shares,0
2018-09-06,43.76,45.54,43.7,44.25,44.11,4820697,215294084.13,shares,0
2018-09-07,44.92,45.58,43.05,43.51,44.25,6553350,291538123.51,shares,0
2018-09-10,43.7,43.8,39.16,39.16,43.51,10188106,413518219.89,shares,0
2018-09-11,39.46,41.29,39.32,40.68,39.16,6522713,263021100.74,shares,0
2018-09-12,41.29,43.3,40.88,42.06,40.68,7069335,298570338.18,shares,0
2018-09-13,44.2,45.9,43.55,44.1,42.06,10473751,466700706.06,shares,0
2018-09-14,45.18,45.45,42.8,42.94,44.1,4993816,219729129.05,shares,0
2018-09-17,42.87,44.65,42.76,43.4,42.94,5149135,225972045.41,shares,0
2018-09-18,42.6,43.09,39.72,42.44,43.4,8873022,367643330.01,shares,0
2018-09-19,41.95,43.87,40.9,42.51,42.44,7981213,337804182.97,shares,0
2018-09-20,42.94,44.27,42.0,42.82,42.51,5715292,246730415.28,shares,0
2018-09-21,43.37,43.66,41.1,43.51,42.82,5887916,251268413.86,shares,0
2018-09-25,43.35,43.98,42.56,43.92,43.51,4506202,196238391.65,shares,0
2018-09-26,43.61,44.8,43.03,44.29,43.92,6011731,264351784.15,shares,0
2018-09-27,44.52,44.62,42.52,42.57,44.29,5210765,226200465.72,shares,0
2018-09-28,42.7,43.32,41.59,43.3,42.57,3727766,158820472.54,shares,0
2018-10-08,41.18,45.4,41.18,44.19,43.3,9329152,407155581.87,shares,0
2018-10-09,44.77,45.44,43.27,44.03,44.19,4940060,219935204.25,shares,0
2018-10-10,44.28,44.79,39.68,41.53,44.03,7088506,295109531.58,shares,0
2018-10-11,39.44,40.07,37.5,38.2,41.53,6070342,236667891.1,shares,0
2018-10-12,37.74,38.99,36.25,38.5,38.2,5712512,216002652.96,shares,0
2018-10-15,38.7,39.98,38.2,38.61,38.5,4594534,179584147.9,shares,0
2018-10-16,38.21,39.28,37.8,38.07,38.61,2929062,112382823.2,shares,0
2018-10-17,38.98,39.43,37.18,38.84,38.07,4223630,162497903.12,shares,0
2018-10-18,38.17,38.9,37.52,37.95,38.84,2975108,113706854.88,shares,0
2018-10-19,36.97,39.59,36.6,39.59,37.95,5145749,198865958.55,shares,0
2018-10-22,40.4,42.95,39.95,42.76,39.59,7273034,301897662.29,shares,0
2018-10-23,42.34,43.16,40.94,41.51,42.76,5209838,218834556.94,shares,0
2018-10-24,41.15,41.95,40.45,40.77,41.51,3615575,148704114.88,shares,0
2018-10-25,39.3,40.76,38.88,40.4,40.77,4730941,187453903.36,shares,0
2018-10-26,41.01,41.69,39.8,39.9,40.4,3937951,160153963.55,shares,0
2018-10-29,39.79,41.2,39.73,40.49,39.9,3458543,140147348.82,shares,0
2018-10-30,40.3,40.3,36.51,38.26,40.49,7745502,294518726.15,shares,0
2018-10-31,38.47,38.87,37.38,37.98,38.26,5351558,204369933.42,shares,0
2018-11-01,38.12,39.93,38.12,39.0,37.98,6413527,250294344.19,shares,0
2018-11-02,42.0,42.9,41.11,42.9,39.0,10820407,454653234.67,shares,0
2018-11-05,43.13,45.4,42.33,43.52,42.9,14605975,641717954.14,shares,0
2018-11-06,43.67,44.5,42.31,44.35,43.52,7134538,310540073.42,shares,0
2018-11-07,43.9,47.0,43.18,44.62,44.35,9992147,448595435.16,shares,0
2018-11-08,45.0,45.2,42.37,42.6,44.62,8506876,370922244.71,shares,0
2018-11-09,42.05,44.48,42.05,43.17,42.6,7869090,342001529.14,shares,0
2018-11-12,43.15,45.68,42.9,45.0,43.17,8588651,381540190.94,shares,0
2018-11-13,44.51,47.58,44.25,46.32,45.0,10873584,504533974.02,shares,0
2018-11-14,46.31,47.7,45.85,46.4,46.32,6593716,308327535.48,shares,0
2018-11-15,46.4,47.4,45.89,47.32,46.4,6501612,303976825.15,shares,0
2018-11-16,47.32,49.39,46.75,48.51,47.32,6924394,331737523.98,shares,0
2018-11-19,48.58,49.11,47.4,48.2,48.51,4369286,209994052.73,shares,0
2018-11-20,47.01,47.01,44.0,44.98,48.2,9338580,424332184.01,shares,0
2018-11-21,43.88,45.2,43.75,44.6,44.98,6054022,269260895.69,shares,0
2018-11-22,44.65,45.24,44.06,44.48,44.6,3465744,154847880.06,shares,0
2018-11-23,44.49,44.68,42.6,42.97,44.48,6229199,270161886.79,shares,0
2018-11-26,42.75,43.76,42.68,43.36,42.97,3846524,166359667.79,shares,0
2018-11-27,43.8,44.4,43.48,43.96,43.36,4785108,210275180.58,shares,0
2018-11-28,44.2,45.09,42.83,44.73,43.96,6368588,281029853.7,shares,0
2018-11-29,45.2,45.37,42.5,42.5,44.73,6238971,274409050.92,shares,0
2018-11-30,42.5,44.2,42.2,43.97,42.5,4190759,181268206.09,shares,0
2018-12-03,47.55,47.88,45.77,46.62,43.97,11062149,516260473.36,shares,0
2018-12-04,46.4,46.64,45.77,46.12,46.62,4935127,227895487.9,shares,0
2018-12-05,45.0,45.91,44.87,45.21,46.12,4615187,209416296.84,shares,0
2018-12-06,43.3,43.68,42.01,42.3,45.21,9371167,402738052.68,shares,0
2018-12-07,42.87,43.58,42.7,43.0,42.3,3186719,137491161.36,shares,0
2018-12-10,42.7,43.78,42.05,42.99,43.0,3301874,142344752.95,shares,0
2018-12-11,43.48,44.46,43.33,44.08,42.99,3938143,173254269.22,shares,0
2018-12-12,44.61,44.98,43.33,43.92,44.08,2563424,112679632.52,shares,0
2018-12-13,43.97,45.2,43.68,44.9,43.92,5251773,234436332.75,shares,0
2018-12-14,44.6,44.86,43.0,43.35,44.9,3872461,169159931.91,shares,0
2018-12-17,43.02,43.5,42.51,42.82,43.35,2949662,126774707.92,shares,0
2018-12-18,42.51,43.11,41.6,41.79,42.82,2731982,115573414.8,shares,0
2018-12-19,41.87,42.4,40.8,41.05,41.79,2387928,99459329.97,shares,0
2018-12-20,41.0,41.51,40.68,41.16,41.05,2423410,99498800.86,shares,0
2018-12-21,40.82,41.25,39.81,40.5,41.16,3026745,122484295.05,shares,0
2018-12-24,40.49,42.23,40.15,42.0,40.5,4057362,169008480.77,shares,0
2018-12-25,41.48,43.72,41.14,43.14,42.0,4825193,204635834.06,shares,0
2018-12-26,43.3,43.34,41.93,41.94,43.14,3731731,158518364.45,shares,0
2018-12-27,42.75,42.88,41.5,41.69,41.94,3506281,148094842.4,shares,0
2018-12-28,41.65,41.85,39.86,40.69,41.69,3676040,149061682.57,shares,0
2019-01-02,40.48,41.63,40.1,40.28,40.69,3369421,137196570.89,shares,0
2019-01-03,40.4,40.4,37.9,38.2,40.28,4961923,192227007.73,shares,0
2019-01-04,37.49,39.33,37.31,39.31,38.2,3453014,133445422.74,shares,0
2019-01-07,39.66,40.77,39.65,40.32,39.31,4147545,167003963.15,shares,0
2019-01-08,40.88,40.88,39.39,39.91,40.32,3158060,126091237.96,shares,0
2019-01-09,39.88,41.25,39.62,40.1,39.91,4913318,199741476.68,shares,0
2019-01-10,40.1,41.8,39.98,40.86,40.1,4987786,204334524.34,shares,0
2019-01-11,41.3,42.24,41.2,41.6,40.86,4889948,204129942.99,shares,0
2019-01-14,41.49,41.49,40.0,40.32,41.6,3000653,121401072.28,shares,0
2019-01-15,40.15,40.87,39.75,40.73,40.32,2920976,118126967.29,shares,0
2019-01-16,40.7,41.45,40.38,40.82,40.73,2397340,98111934.67,shares,0
2019-01-17,40.7,40.75,39.95,40.08,40.82,2524463,101746889.94,shares,0
2019-01-18,40.32,40.54,38.9,39.82,40.08,3845466,152090807.03,shares,0
2019-01-21,40.25,41.29,39.62,40.24,39.82,5454981,220150716.71,shares,0
2019-01-22,39.82,40.27,38.6,38.73,40.24,5370366,209467976.88,shares,0
2019-01-23,38.74,38.87,37.96,38.25,38.73,3119781,119328221.02,shares,0
2019-01-24,38.38,39.19,37.65,38.97,38.25,4521710,174761172.06,shares,0
2019-01-25,38.88,38.88,37.71,38.1,38.97,5695347,217282561.56,shares,0
2019-01-28,39.01,39.66,38.2,38.67,38.1,5511848,214674644.95,shares,0
2019-01-29,38.65,38.68,37.45,37.89,38.67,4257773,161117967.63,shares,0
2019-01-30,37.71,38.45,37.5,37.75,37.89,3035573,115181652.91,shares,0
2019-01-31,37.93,38.85,37.65,38.29,37.75,5038984,193023975.92,shares,0
2019-02-01,38.63,40.9,38.48,40.9,38.29,8184577,326071303.22,shares,0
2019-02-11,40.98,42.45,40.51,42.44,40.9,8670929,362084080.76,shares,0
2019-02-12,42.11,42.58,41.86,42.31,42.44,5353459,226064961.45,shares,0
2019-02-13,42.35,44.89,42.2,44.42,42.31,9685473,426383942.24,shares,0
2019-02-14,44.3,45.5,43.0,44.89,44.42,7411413,329508874.31,shares,0
2019-02-15,44.6,45.27,44.35,44.7,44.89,5422129,243388929.34,shares,0
2019-02-18,44.96,46.96,44.96,46.5,44.7,7091336,325386137.1,shares,0
2019-02-19,46.46,46.48,44.97,45.65,46.5,7042995,321526668.52,shares,0
2019-02-20,45.3,45.49,44.51,45.07,45.65,4900146,220710660.6,shares,0
2019-02-21,45.15,49.58,45.15,48.2,45.07,15572434,751651198.27,shares,0
2019-02-22,47.49,53.02,47.48,53.02,48.2,13413769,676667642.25,shares,0
2019-02-25,56.5,58.32,56.4,58.2,53.02,15295269,881535102.14,shares,0
2019-02-26,57.1,58.0,54.7,55.5,58.2,13582192,760261405.86,shares,0
2019-02-27,54.61,55.6,53.7,54.08,55.5,8196449,445823556.66,shares,0
2019-02-28,53.88,55.08,53.15,54.5,54.08,5494502,299904270.34,shares,0
2019-03-01,54.78,55.26,53.3,54.4,54.5,5023454,271215553.86,shares,0
2019-03-04,54.8,57.16,54.01,54.85,54.4,9352145,521158940.57,shares,0
2019-03-05,54.97,56.99,54.2,56.9,54.85,8411255,469288510.38,shares,0
2019-03-06,58.43,62.59,58.43,61.5,56.9,14064966,858607031.68,shares,0
2019-03-07,61.0,61.0,57.66,59.37,61.5,8595578,509704748.61,shares,0
2019-03-08,56.99,64.39,56.0,58.4,59.37,9156938,549740196.91,shares,0
2019-03-11,59.99,62.48,59.14,62.18,58.4,6894301,419616442.39,shares,0
2019-03-12,63.51,64.0,60.77,61.7,62.18,7389739,458982465.8,shares,0
2019-03-13,59.95,61.55,58.2,59.1,61.7,6551073,390422404.36,shares,0
2019-03-14,58.24,59.95,56.51,58.39,59.1,5978195,345981005.1,shares,0
2019-03-15,58.41,59.49,57.6,58.09,58.39,3413013,199080106.7,shares,0
2019-03-18,58.58,59.35,56.31,59.26,58.09,4187989,243634221.8,shares,0
2019-03-19,59.0,60.47,58.01,58.28,59.26,3968822,235148041.63,shares,0
2019-03-20,58.0,58.9,56.61,57.61,58.28,3462437,199099354.87,shares,0
2019-03-21,57.8,59.13,57.66,57.81,57.61,3865834,225590731.03,shares,0
2019-03-22,58.0,58.89,56.6,58.89,57.81,3713006,214340760.42,shares,0
2019-03-25,57.06,58.2,56.79,56.9,58.89,3663608,209862278.95,shares,0
2019-03-26,57.11,57.5,52.44,53.07,56.9,7806318,425229820.43,shares,0
2019-03-27,53.64,53.98,52.18,52.9,53.07,4548172,241789549.73,shares,0
2019-03-28,53.58,57.01,53.56,54.52,52.9,6495842,359191216.83,shares,0
2019-03-29,54.09,56.07,53.88,55.5,54.52,5357234,296401762.13,shares,0
2019-04-01,56.8,58.22,55.86,57.73,55.5,6413873,368007479.33,shares,0
2019-04-02,58.19,58.49,56.6,56.61,57.73,5280019,303401868.18,shares,0
2019-04-03,56.28,56.38,55.03,56.29,56.61,4520239,251518736.73,shares,0
2019-04-04,56.29,56.78,55.11,55.23,56.29,3662543,203998491.28,shares,0
2019-04-08,51.5,53.87,51.36,52.5,55.23,9165462,480011873.34,shares,0
2019-04-09,52.71,53.83,51.61,53.56,52.5,4039462,215077742.23,shares,0
2019-04-10,53.72,53.88,52.48,53.0,53.56,2697230,143204301.34,shares,0
2019-04-11,53.02,53.2,51.38,51.69,53.0,3174464,165119261.95,shares,0
2019-04-12,52.35,52.43,50.88,50.96,51.69,3222477,166029701.15,shares,0
2019-04-15,52.36,53.99,52.06,52.15,50.96,5385424,286050838.46,shares,0
2019-04-16,52.12,55.55,51.74,55.15,52.15,5937793,321118781.71,shares,0
2019-04-17,55.18,56.64,54.0,54.07,55.15,4718152,259143665.65,shares,0
2019-04-18,54.18,54.88,53.33,53.63,54.07,2813650,151737958.56,shares,0
2019-04-19,53.65,54.0,52.29,53.62,53.63,2356383,125149675.26,shares,0
2019-04-22,53.21,55.66,52.89,52.95,53.62,3971596,214998680.56,shares,0
2019-04-23,52.97,55.5,52.11,54.4,52.95,5477349,296921137.12,shares,0
2019-04-24,54.02,57.0,54.02,56.58,54.4,6459617,363340866.98,shares,0
2019-04-25,56.02,58.02,55.4,55.58,56.58,5903770,335903093.61,shares,0
2019-04-26,55.0,56.7,54.28,55.48,55.58,3879553,215776708.94,shares,0
2019-04-29,55.7,56.3,51.42,53.15,55.48,4243887,228301194.26,shares,0
2019-04-30,52.0,53.49,51.58,52.43,53.15,2852861,149477105.39,shares,0
2019-05-06,49.0,49.05,47.19,47.19,52.43,2563100,121467056.0,shares,0
2019-05-07,47.19,47.48,42.55,45.06,47.19,5742702,254883629.61,shares,0
2019-05-08,43.6,45.88,43.0,44.01,45.06,2890636,128619491.63,shares,0
2019-05-09,43.4,44.86,43.38,43.7,44.01,2289018,100488649.34,shares,0
2019-05-10,44.78,46.9,42.68,46.5,43.7,4127653,186707960.47,shares,0
2019-05-13,45.57,46.29,43.45,44.12,46.5,3730177,167496936.64,shares,0
2019-05-14,43.87,45.64,43.7,44.62,44.12,3984102,178916642.25,shares,0
2019-05-15,45.21,45.95,44.5,44.98,44.62,3272841,147594100.38,shares,0
2019-05-16,45.0,45.2,43.8,44.76,44.98,2410144,107469605.3,shares,0
2019-05-17,45.15,45.77,42.15,42.84,44.76,4511596,197501303.38,shares,0
2019-05-20,42.71,43.7,39.7,42.33,42.84,3761310,158216561.42,shares,0
2019-05-21,42.74,43.99,42.5,43.55,42.33,3159675,137029250.3,shares,0
2019-05-22,43.84,44.5,42.0,42.65,43.55,3611864,156022687.33,shares,0
2019-05-23,42.61,43.29,41.6,41.89,42.65,2984977,126313199.94,shares,0
2019-05-24,41.44,42.34,41.44,41.8,41.89,1594696,66680925.34,shares,0
2019-05-27,41.8,43.1,41.24,43.02,41.8,2928812,124333105.35,shares,0
2019-05-28,42.99,43.23,42.43,42.59,43.02,2436709,104323777.17,shares,0
2019-05-29,42.59,43.19,41.52,42.61,42.59,2044994,87153412.31,shares,0
2019-05-30,42.58,42.58,41.63,42.14,42.61,1608638,67465211.4,shares,0
2019-05-31,42.29,42.57,41.57,42.08,42.14,1444507,60949722.55,shares,0
2019-06-03,42.0,43.26,40.61,42.07,42.08,3722313,155973439.2,shares,0
2019-06-04,30.41,31.42,29.6,30.93,29.96,6818883,209886224.25,shares,0
2019-06-05,31.51,32.56,31.07,32.04,30.93,7206150,228920475.05,shares,0
2019-06-06,32.28,32.36,30.67,30.92,32.04,4333901,134994016.78,shares,0
2019-06-10,31.34,33.49,31.1,33.12,30.92,7607985,249142071.12,shares,0
2019-06-11,33.13,34.05,32.18,33.78,33.12,8344580,277813822.82,shares,0
2019-06-12,33.7,33.7,32.92,32.98,33.78,5004882,166344675.88,shares,0
2019-06-13,32.8,32.96,32.04,32.61,32.98,3488970,113570241.88,shares,0
2019-06-14,32.6,32.97,31.73,31.74,32.61,3279168,105646592.55,shares,0
2019-06-17,31.76,32.47,31.0,32.23,31.74,2274319,72750698.2,shares,0
2019-06-18,32.08,32.23,31.7,31.78,32.23,2141735,68314505.29,shares,0
2019-06-19,33.6,34.76,33.0,33.1,31.78,6949097,232885465.6,shares,0
2019-06-20,33.02,33.99,32.69,33.62,33.1,4982460,167005752.76,shares,0
2019-06-21,34.54,35.99,34.22,34.68,33.62,5868139,205357612.26,shares,0
2019-06-24,35.0,35.0,34.01,34.21,34.68,2917689,100431572.59,shares,0
2019-06-25,34.0,34.63,33.21,34.47,34.21,4366481,147988802.37,shares,0
2019-06-26,34.4,35.41,33.82,34.17,34.47,2898285,100020852.17,shares,0
2019-06-27,34.6,35.2,34.16,35.15,34.17,4770794,166190285.56,shares,0
2019-06-28,34.9,34.9,33.81,33.99,35.15,3616968,123688439.05,shares,0
2019-07-01,35.6,36.38,35.6,36.0,33.99,7078240,255186678.13,shares,0
2019-07-02,35.8,36.66,35.43,36.09,36.0,3327030,120100381.56,shares,0
2019-07-03,35.94,36.2,35.18,35.57,36.09,2423305,86266982.38,shares,0
2019-07-04,34.7,34.7,32.59,33.49,35.57,7286933,243066715.19,shares,0
2019-07-05,33.03,33.65,32.87,33.23,33.49,3459309,114745698.63,shares,0
2019-07-08,33.2,33.2,31.12,31.67,33.23,3687027,117648266.68,shares,0
2019-07-09,31.66,32.33,31.45,32.1,31.67,1776266,56734143.91,shares,0
2019-07-10,32.3,32.78,32.0,32.24,32.1,1500028,48487962.91,shares,0
2019-07-11,32.24,32.52,31.66,31.79,32.24,1748552,55990328.93,shares,0
2019-07-12,31.79,32.04,30.96,31.51,31.79,1777991,56011903.4,shares,0
2019-07-15,30.0,32.6,29.4,32.41,31.51,3951082,124636866.03,shares,0
2019-07-16,32.3,33.5,31.85,32.72,32.41,3522787,115656664.2,shares,0
2019-07-17,33.21,34.98,32.72,34.45,32.72,5518686,187951451.82,shares,0
2019-07-18,34.0,34.81,33.39,33.47,34.45,3294637,111750065.11,shares,0
2019-07-19,33.94,34.42,33.07,33.26,33.47,3389688,113656228.87,shares,0
2019-07-22,33.75,33.8,32.9,33.19,33.26,2441982,81291495.9,shares,0
2019-07-23,33.11,33.98,33.1,33.9,33.19,2426822,81915044.02,shares,0
2019-07-24,34.11,35.54,33.7,35.1,33.9,5217799,182500091.95,shares,0
2019-07-25,34.91,37.72,34.77,37.0,35.1,7191848,263709576.36,shares,0
2019-07-26,36.81,37.28,36.56,37.1,37.0,3685417,136346255.67,shares,0
2019-07-29,36.85,38.5,36.85,38.23,37.1,3926949,149199055.57,shares,0
2019-07-30,38.58,42.05,37.23,40.9,38.23,10001555,411533236.95,shares,0
2019-07-31,41.03,43.0,40.3,41.56,40.9,10228527,427983829.8,shares,0
2019-08-01,40.9,42.38,40.67,41.43,41.56,5645937,232363997.31,shares,0
2019-08-02,37.9,39.58,37.8,39.26,41.43,11498117,447135135.74,shares,0
2019-08-05,39.2,40.05,38.38,38.42,39.26,5286586,206842217.12,shares,0
2019-08-06,37.64,39.35,37.1,38.85,38.42,7332737,280876826.35,shares,0
2019-08-07,38.8,39.26,38.08,38.42,38.85,3909478,151146363.11,shares,0
2019-08-08,38.51,39.55,37.82,38.57,38.42,4602713,177484175.24,shares,0
2019-08-09,38.82,39.89,37.52,37.99,38.57,4540392,175245844.2,shares,0
2019-08-12,38.28,40.45,37.66,40.4,37.99,4959526,194656974.09,shares,0
2019-08-13,39.7,40.64,39.0,39.6,40.4,4950054,196416296.67,shares,0
2019-08-14,40.8,41.5,39.8,40.21,39.6,5210013,211446254.58,shares,0
2019-08-15,38.8,40.6,38.53,40.49,40.21,4197279,166523641.39,shares,0
2019-08-16,40.05,40.4,39.36,39.65,40.49,6980329,276855012.36,shares,0
2019-08-19,39.79,42.3,39.32,41.92,39.65,7776901,320407554.64,shares,0
2019-08-20,41.93,42.63,41.2,41.99,41.92,4401347,185310401.47,shares,0
2019-08-21,42.27,42.27,41.32,41.48,41.99,3401749,142000638.38,shares,0
2019-08-22,41.43,41.59,40.15,40.97,41.48,3861343,157640917.17,shares,0
2019-08-23,40.6,41.09,39.98,40.29,40.97,3217894,130326363.58,shares,0
2019-08-26,38.0,39.95,37.57,38.93,40.29,5955232,232445825.4,shares,0
2019-08-27,39.5,40.6,39.21,39.66,38.93,4799802,191664481.38,shares,0
2019-08-28,40.18,40.29,39.23,40.08,39.66,3953193,158070338.39,shares,0
2019-08-29,39.98,41.19,39.33,40.74,40.08,3317777,134313851.54,shares,0
2019-08-30,40.97,41.4,39.25,39.55,40.74,3787350,151693040.2,shares,0
2019-09-02,39.78,41.19,39.01,40.3,39.55,4525311,180971381.77,shares,0
2019-09-03,40.49,42.44,40.49,41.55,40.3,8517974,354242773.09,shares,0
2019-09-04,41.21,42.2,40.8,41.5,41.55,5421806,224569819.44,shares,0
2019-09-05,42.74,45.65,42.4,45.65,41.5,18071714,805375930.85,shares,0
2019-09-06,46.0,49.9,45.79,48.11,45.65,17442114,831731362.15,shares,0
2019-09-09,47.93,48.78,47.33,48.0,48.11,14812067,708603031.91,shares,0
2019-09-10,47.55,48.18,45.18,46.27,48.0,14270100,660096247.32,shares,0
2019-09-11,46.4,46.4,44.8,45.62,46.27,9195800,417873905.82,shares,0
2019-09-12,45.8,46.08,44.55,45.4,45.62,6994382,317581743.0,shares,0
2019-09-16,45.44,46.34,45.09,45.54,45.4,7288869,332833489.9,shares,0
2019-09-17,45.11,45.56,43.85,44.23,45.54,6795333,302275191.9,shares,0
2019-09-18,44.31,44.57,42.86,43.88,44.23,6947722,302807923.22,shares,0
2019-09-19,44.29,45.53,44.15,44.72,43.88,6716936,300713613.92,shares,0
2019-09-20,45.3,45.48,44.14,44.86,44.72,5762833,258681304.5,shares,0
2019-09-23,44.95,45.71,43.57,45.14,44.86,6990188,313977917.7,shares,0
2019-09-24,44.77,46.6,44.71,46.11,45.14,11074408,509529540.28,shares,0
2019-09-25,45.78,46.48,42.92,43.0,46.11,11487328,505242622.03,shares,0
2019-09-26,42.9,43.29,40.91,40.91,43.0,8364550,348877205.58,shares,0
2019-09-27,41.41,41.92,40.75,41.16,40.91,4495734,185547916.16,shares,0
2019-09-30,41.0,41.44,39.88,40.64,41.16,3344919,136255870.61,shares,0
2019-10-08,40.42,41.87,39.71,40.3,40.64,4553714,184402682.5,shares,0
2019-10-09,39.9,40.8,39.39,40.66,40.3,3399892,136883102.26,shares,0
2019-10-10,40.81,41.57,40.61,41.41,40.66,4383421,180372574.94,shares,0
2019-10-11,41.36,41.8,40.42,40.79,41.41,3351920,137308358.29,shares,0
2019-10-14,41.3,42.78,41.12,42.65,40.79,6093857,256171133.67,shares,0
2019-10-15,42.05,43.28,40.7,40.8,42.65,6166602,257577827.32,shares,0
2019-10-16,40.8,41.4,40.2,40.5,40.8,3109239,126789417.68,shares,0
2019-10-17,40.55,41.11,40.06,40.15,40.5,2324253,93999900.74,shares,0
2019-10-18,40.16,41.27,40.0,40.25,40.15,4063109,164960028.7,shares,0
2019-10-21,40.12,40.75,39.0,40.7,40.25,3312582,132803116.19,shares,0
2019-10-22,40.82,41.78,40.7,41.29,40.7,3384168,139616490.9,shares,0
2019-10-23,41.48,41.83,40.5,40.5,41.29,2855366,117390672.49,shares,0
2019-10-24,40.47,40.79,39.4,40.0,40.5,3735462,149830119.09,shares,0
2019-10-25,40.09,40.58,39.6,40.33,40.0,2685847,107826110.8,shares,0
2019-10-28,40.7,41.75,40.62,41.45,40.33,3643128,150101469.34,shares,0
2019-10-29,41.12,41.96,41.0,41.2,41.45,4231803,175473275.21,shares,0
2019-10-30,41.4,42.53,41.0,42.0,41.2,5094325,213705028.2,shares,0
2019-10-31,42.3,44.28,42.0,43.9,42.0,9256052,402818050.79,shares,0
2019-11-01,43.43,44.8,42.88,43.41,43.9,5957774,260270317.24,shares,0
2019-11-04,43.76,44.74,43.36,43.7,43.41,4873089,214629663.99,shares,0
2019-11-05,43.97,44.44,43.0,43.5,43.7,4998934,218891070.89,shares,0
2019-11-06,43.55,43.8,42.55,42.64,43.5,4688986,201888614.87,shares,0
2019-11-07,43.05,43.47,42.0,43.35,42.64,3928011,169673603.11,shares,0
2019-11-08,44.1,45.29,43.0,44.57,43.35,9222325,412324373.7,shares,0
2019-11-11,44.03,45.74,43.6,44.12,44.57,8581138,383943070.19,shares,0
2019-11-12,43.63,44.58,42.23,42.8,44.12,7480340,321075025.87,shares,0
2019-11-13,42.46,42.8,41.78,42.23,42.8,5309773,224079056.41,shares,0
2019-11-14,42.19,42.65,41.6,42.21,42.23,4289338,180789054.31,shares,0
2019-11-15,42.07,42.37,41.15,41.2,42.21,4178095,173997550.34,shares,0
2019-11-18,41.58,42.2,41.03,41.88,41.2,4325985,179943852.01,shares,0
2019-11-19,41.99,44.98,41.88,44.87,41.88,10226388,451726615.86,shares,0
2019-11-20,44.64,45.01,43.8,43.97,44.87,6890702,305754737.47,shares,0
2019-11-21,44.23,44.25,42.7,42.98,43.97,6289594,272870763.51,shares,0
2019-11-22,42.92,45.49,42.92,43.9,42.98,10863991,481152845.38,shares,0
2019-11-25,43.6,43.68,41.38,42.38,43.9,8925678,375841713.7,shares,0
2019-11-26,42.38,42.8,41.89,42.8,42.38,5605101,238160866.6,shares,0
2019-11-27,42.38,43.46,41.98,43.33,42.8,3794568,163007175.42,shares,0
2019-11-28,43.0,44.19,42.92,43.2,43.33,3485687,151924514.05,shares,0
2019-11-29,43.18,44.0,42.83,44.0,43.2,4752414,206539612.77,shares,0
2019-12-02,44.12,44.95,43.81,44.4,44.0,5191927,230466963.48,shares,0
2019-12-03,44.38,44.93,43.9,44.69,44.4,5035670,224229602.4,shares,0
2019-12-04,44.24,44.63,43.57,43.8,44.69,4798561,210692841.01,shares,0
2019-12-05,44.0,45.6,43.83,45.36,43.8,10826669,487650077.65,shares,0
2019-12-06,45.07,45.35,44.63,45.18,45.36,6326599,284437226.41,shares,0
2019-12-09,45.77,45.91,44.65,45.01,45.18,4831446,217499050.39,shares,0
2019-12-10,44.65,45.5,44.11,45.28,45.01,5798344,261244993.01,shares,0
2019-12-11,45.0,45.65,43.97,44.31,45.28,5500665,244940790.86,shares,0
2019-12-12,44.5,48.39,44.5,47.24,44.31,17650419,825199651.96,shares,0
2019-12-13,48.0,49.45,47.25,48.6,47.24,15071196,731301032.5,shares,0
2019-12-16,49.0,50.89,48.65,49.75,48.6,11960741,592989112.87,shares,0
2019-12-17,49.3,52.13,49.3,50.66,49.75,11002040,558127997.62,shares,0
2019-12-18,50.1,50.78,49.28,49.8,50.66,7603148,379226647.53,shares,0
2019-12-19,49.71,50.31,48.52,49.83,49.8,6103812,302986262.94,shares,0
2019-12-20,50.0,50.57,49.18,49.83,49.83,5355471,267283574.5,shares,0
2019-12-23,49.15,50.25,48.55,49.35,49.83,7685121,378428033.96,shares,0
2019-12-24,49.6,51.95,49.18,50.88,49.35,7403522,373874414.0,shares,0
2019-12-25,50.57,52.23,49.92,51.46,50.88,6306017,322735129.21,shares,0
2019-12-26,51.18,51.78,50.66,51.5,51.46,3648683,186492242.53,shares,0
2019-12-27,52.18,53.36,49.3,49.58,51.5,8608427,438409964.37,shares,0
2019-12-30,49.21,52.37,48.5,52.2,49.58,7253740,369857315.87,shares,0
2019-12-31,52.0,53.12,51.4,52.15,52.2,4654320,243239998.88,shares,0
2020-01-02,52.21,53.78,51.66,53.45,52.15,5195844,275298693.93,shares,0
2020-01-03,53.3,53.8,52.35,52.88,53.45,4093479,216746509.82,shares,0
2020-01-06,52.28,53.0,51.53,52.03,52.88,6338367,330417314.43,shares,0
2020-01-07,52.32,52.89,51.66,52.42,52.03,4057807,212053490.92,shares,0
2020-01-08,51.84,52.0,50.53,51.08,52.42,6024972,308578561.4,shares,0
2020-01-09,51.96,53.19,51.31,52.73,51.08,6594742,346498505.67,shares,0
2020-01-10,52.7,53.44,51.48,52.05,52.73,4024160,209992158.34,shares,0
2020-01-13,52.29,53.4,51.61,53.4,52.05,5102958,269851676.73,shares,0
2020-01-14,53.95,54.65,51.76,51.91,53.4,5052816,266075095.62,shares,0
2020-01-15,52.0,52.88,51.55,52.5,51.91,4102167,214020306.67,shares,0
2020-01-16,52.68,53.3,52.12,52.88,52.5,3576669,188748943.07,shares,0
2020-01-17,53.07,54.19,52.02,53.0,52.88,5082159,269966261.84,shares,0
2020-01-20,53.38,56.63,52.9,56.32,53.0,9478502,518893884.66,shares,0
2020-01-21,55.6,56.5,55.32,55.42,56.32,6130111,342331085.52,shares,0
2020-01-22,55.27,57.26,53.4,56.22,55.42,5949885,333366283.19,shares,0
2020-01-23,55.45,55.88,52.42,53.46,56.22,9828811,529433446.12,shares,0
2020-02-03,48.11,49.25,48.11,48.11,53.46,9977667,481524897.03,shares,0
2020-02-04,48.3,52.92,48.3,52.92,48.11,9142500,472883601.72,shares,0
2020-02-05,52.92,55.48,52.9,54.8,52.92,8386027,457246150.4,shares,0
2020-02-06,54.91,60.28,54.31,59.85,54.8,9792247,571597662.57,shares,0
2020-02-07,61.1,64.3,60.71,62.61,59.85,9276354,578442444.24,shares,0
2020-02-10,62.92,66.66,62.38,63.17,62.61,9108022,582281595.58,shares,0
2020-02-11,63.94,64.33,62.32,63.16,63.17,6253652,395291335.48,shares,0
2020-02-12,62.75,65.68,62.55,64.41,63.16,10067677,645393920.4,shares,0
2020-02-13,63.98,64.65,62.02,63.03,64.41,7080293,447750901.79,shares,0
2020-02-14,63.92,64.38,62.0,62.94,63.03,6134413,388822225.39,shares,0
2020-02-17,64.6,66.88,63.95,66.15,62.94,9778134,640865521.78,shares,0
2020-02-18,66.99,70.7,66.2,67.89,66.15,10693592,729823303.46,shares,0
2020-02-19,66.96,67.88,65.66,65.95,67.89,6126546,408491338.05,shares,0
2020-02-20,65.95,67.78,65.7,67.4,65.95,6638751,444754412.8,shares,0
2020-02-21,67.09,69.86,66.97,68.37,67.4,7008797,480104685.29,shares,0
2020-02-24,70.0,72.66,69.58,72.47,68.37,9334272,665015985.21,shares,0
2020-02-25,70.0,73.45,67.02,71.4,72.47,11974925,847447838.04,shares,0
2020-02-26,70.0,70.5,64.31,64.74,71.4,12035564,805403105.01,shares,0
2020-02-27,65.0,66.7,63.5,64.3,64.74,11677251,759134470.27,shares,0
2020-02-28,59.88,64.45,59.74,62.04,64.3,10493937,653594660.75,shares,0
2020-03-02,63.99,67.78,62.2,66.19,62.04,11598723,755424779.02,shares,0
2020-03-03,68.08,70.42,64.48,64.9,66.19,10848190,733679279.98,shares,0
2020-03-04,64.0,65.36,61.87,62.82,64.9,8972091,565933920.89,shares,0
2020-03-05,66.0,66.58,62.0,64.0,62.82,10632639,689898451.2,shares,0
2020-03-06,63.0,66.29,62.51,64.78,64.0,7325545,474458238.57,shares,0
2020-03-09,64.6,66.98,63.33,63.73,64.78,11956442,781849536.03,shares,0
2020-03-10,64.2,69.67,62.2,68.4,63.73,12551501,826732067.28,shares,0
2020-03-11,68.2,69.36,63.5,63.6,68.4,12987195,861005455.59,shares,0
2020-03-12,61.91,62.55,58.73,59.75,63.6,11408556,687499926.59,shares,0
2020-03-13,56.0,60.85,54.9,59.19,59.75,9597487,558863601.88,shares,0
2020-03-16,59.53,59.89,53.88,55.1,59.19,10010994,574716748.54,shares,0
2020-03-17,56.76,57.72,55.22,56.35,55.1,7389152,415611244.98,shares,0
2020-03-18,57.0,58.55,55.19,55.64,56.35,7379206,421464691.21,shares,0
2020-03-19,56.0,58.48,54.3,57.85,55.64,9629628,543032443.89,shares,0
2020-03-20,58.75,59.39,56.48,57.94,57.85,5214089,301728375.71,shares,0
2020-03-23,56.5,57.4,52.15,52.5,57.94,9977708,540940384.97,shares,0
2020-03-24,54.2,55.42,52.4,54.7,52.5,9109035,494567509.94,shares,0
2020-03-25,56.3,56.96,55.02,55.9,54.7,6098115,342770739.33,shares,0
2020-03-26,55.9,55.9,53.88,54.0,55.9,5052394,274991937.76,shares,0
2020-03-27,55.49,55.49,53.11,53.4,54.0,4671874,252439992.81,shares,0
2020-03-30,52.5,52.66,49.0,52.0,53.4,7438673,379558662.74,shares,0
2020-03-31,52.55,54.4,52.37,53.75,52.0,5567591,297615937.98,shares,0
2020-04-01,53.75,54.97,52.63,54.07,53.75,5898454,319051559.95,shares,0
2020-04-02,54.05,56.22,53.75,56.21,54.07,5887622,323827670.46,shares,0
2020-04-03,56.0,57.2,55.31,55.44,56.21,4003894,224938224.8,shares,0
2020-04-07,56.63,57.75,56.0,56.59,55.44,4002658,226845920.25,shares,0
2020-04-08,56.21,59.25,55.5,58.17,56.59,6240100,361916126.61,shares,0
2020-04-09,58.75,58.77,57.5,58.26,58.17,3192946,185681018.07,shares,0
2020-04-10,59.91,61.25,56.88,57.52,58.26,8178184,486909013.69,shares,0
2020-04-13,57.01,57.87,55.02,55.25,57.52,3791496,212614023.65,shares,0
2020-04-14,55.91,59.71,55.91,59.43,55.25,7306029,427912069.13,shares,0
2020-04-15,60.1,60.66,59.13,59.53,59.43,4503757,269676143.97,shares,0
2020-04-16,59.11,59.89,58.51,59.31,59.53,3283473,194594522.51,shares,0
2020-04-17,59.95,63.49,59.95,61.79,59.31,11412177,704955111.4,shares,0
2020-04-20,61.81,64.35,61.65,63.51,61.79,6539150,413645257.64,shares,0
2020-04-21,63.23,63.37,61.01,62.3,63.51,4135658,257015639.17,shares,0
2020-04-22,61.9,62.75,61.01,62.54,62.3,3118394,194005220.66,shares,0
2020-04-23,62.68,62.97,61.36,62.08,62.54,2877189,179150452.29,shares,0
2020-04-24,62.7,64.19,62.0,62.5,62.08,5096222,321474378.66,shares,0
2020-04-27,62.66,64.01,62.66,63.45,62.5,3151262,200289563.87,shares,0
2020-04-28,63.41,64.3,61.45,63.91,63.45,4609596,293260051.4,shares,0
2020-04-29,63.51,63.69,62.0,62.7,63.91,3146747,197343784.19,shares,0
2020-04-30,63.6,65.76,63.49,64.86,62.7,5851507,380057055.39,shares,0
2020-05-06,64.4,66.95,64.02,66.68,64.86,8051335,531760324.96,shares,0
2020-05-07,68.18,68.66,64.63,64.89,66.68,5633216,371349816.33,shares,0
2020-05-08,65.43,67.3,65.43,65.95,64.89,4415038,292385614.29,shares,0
2020-05-11,66.0,67.63,65.91,66.52,65.95,4798345,319832925.26,shares,0
2020-05-12,66.32,66.87,64.41,65.85,66.52,4953417,323789050.99,shares,0
2020-05-13,65.85,66.5,65.21,66.0,65.85,3855266,254224030.03,shares,0
2020-05-14,65.93,65.99,64.82,65.0,66.0,2601018,169506037.97,shares,0
2020-05-15,64.89,65.49,64.11,64.43,65.0,3191343,206760623.09,shares,0
2020-05-18,64.8,65.86,62.6,62.82,64.43,7191406,460332466.72,shares,0
2020-05-19,63.52,64.8,62.51,64.53,62.82,4292753,274688487.59,shares,0
2020-05-20,64.58,65.86,63.48,64.11,64.53,3964587,255688648.84,shares,0
2020-05-21,64.48,64.96,62.42,63.05,64.11,3233387,205732311.42,shares,0
2020-05-22,63.38,63.9,60.32,60.72,63.05,4941929,304502229.77,shares,0
2020-05-25,60.86,61.03,57.34,57.91,60.72,6707358,390950378.48,shares,0
2020-05-26,58.58,59.46,57.81,58.89,57.91,4876885,284710438.37,shares,0
2020-05-27,58.99,58.99,55.86,56.65,58.89,6992598,397494194.63,shares,0
2020-05-28,57.0,57.83,55.52,56.8,56.65,4718820,266844164.73,shares,0
2020-05-29,56.77,57.12,55.93,56.99,56.8,4741231,267613524.33,shares,0
2020-06-01,57.38,59.6,57.16,58.63,56.99,10631887,622802577.85,shares,0
2020-06-02,58.98,59.3,57.28,58.87,58.63,6197167,362485676.99,shares,0
2020-06-03,59.47,59.99,58.5,58.57,58.87,5402565,320292913.81,shares,0
2020-06-04,58.97,59.28,58.0,59.07,58.57,3704832,217377918.29,shares,0
2020-06-05,58.88,59.22,57.6,58.31,59.07,3748097,218659747.16,shares,0
2020-06-08,58.75,60.3,58.65,58.99,58.31,4374452,260180630.99,shares,0
2020-06-09,59.75,59.93,58.2,59.3,58.99,4227376,248982604.08,shares,0
2020-06-10,59.25,59.28,58.0,58.54,59.3,3057242,178753168.73,shares,0
2020-06-11,58.78,60.8,58.08,58.82,58.54,7917456,469587554.68,shares,0
2020-06-12,57.42,59.98,57.1,59.98,58.82,7064853,414095092.95,shares,0
2020-06-15,59.0,59.79,58.06,58.1,59.98,7284312,427841187.94,shares,0
2020-06-16,59.03,62.61,58.97,60.75,58.1,10491067,637479052.25,shares,0
2020-06-17,61.25,61.5,59.9,60.85,60.75,5609722,338536420.29,shares,0
2020-06-18,60.83,64.0,60.19,63.53,60.85,8932963,558694351.15,shares,0
2020-06-19,63.11,63.5,62.41,62.82,63.53,6219492,391052205.24,shares,0
2020-06-22,63.16,64.18,62.52,62.8,62.82,5898148,372446914.15,shares,0
2020-06-23,62.81,63.19,61.0,61.8,62.8,6317696,389748494.37,shares,0
2020-06-24,61.78,63.58,61.66,62.1,61.8,5904177,368846695.73,shares,0
2020-06-29,62.05,63.0,61.14,61.85,62.1,4008714,248568443.38,shares,0
2020-06-30,62.5,63.89,62.28,63.0,61.85,7957695,501729602.4,shares,0
2020-07-01,63.0,63.77,61.11,61.86,63.0,6027427,375970260.05,shares,0
2020-07-02,61.98,62.4,60.89,61.79,61.78,5911712,363626710.94,shares,0
2020-07-03,62.1,63.3,61.2,62.99,61.79,6358754,396852177.14,shares,0
2020-07-06,63.01,65.48,63.01,65.01,62.99,11864457,763587268.53,shares,0
2020-07-07,64.97,67.79,64.41,66.64,65.01,15967221,1053367420.83,shares,0
2020-07-08,66.68,67.78,65.64,67.2,66.64,10283853,686292545.25,shares,0
2020-07-09,70.6,71.96,67.92,70.17,67.2,19794158,1378463487.19,shares,0
2020-07-10,70.0,70.53,68.51,69.39,70.17,11049772,770219609.9,shares,0
2020-07-13,69.3,70.9,69.3,70.55,69.39,17023208,1192424425.23,shares,0
2020-07-14,70.7,72.81,68.01,69.46,70.55,17821733,1260994959.51,shares,0
2020-07-15,68.58,69.27,64.61,66.12,69.46,12364186,821439097.41,shares,0
2020-07-16,65.58,66.18,60.53,60.9,66.12,11823292,754414677.58,shares,0
2020-07-17,61.58,62.3,60.12,61.15,60.9,8033234,491943830.67,shares,0
2020-07-20,61.86,62.61,60.01,62.09,61.15,6282453,386240672.94,shares,0
2020-07-21,62.06,62.45,60.54,61.83,62.09,6595943,406181468.46,shares,0
2020-07-22,61.94,63.68,61.51,63.3,61.83,7744788,486657982.95,shares,0
2020-07-23,62.56,63.35,60.0,61.21,63.3,9433073,575760100.85,shares,0
2020-07-24,60.3,61.19,56.21,56.3,61.21,11410360,664139722.99,shares,0
2020-07-27,56.39,57.37,54.08,54.62,56.3,7748257,427783141.42,shares,0
2020-07-28,55.59,56.48,55.11,56.33,54.62,6316111,353354590.72,shares,0
2020-07-29,57.15,59.22,56.2,59.0,56.33,6861072,398525225.69,shares,0
2020-07-30,59.45,59.45,58.05,58.21,59.0,4853373,283715436.8,shares,0
2020-07-31,58.8,60.29,58.35,59.08,58.21,6468871,383810148.11,shares,0
2020-08-03,59.75,61.68,59.3,60.64,59.08,7355645,446021564.14,shares,0
2020-08-04,60.63,61.56,59.85,60.2,60.64,6139049,371845447.75,shares,0
2020-08-05,61.0,61.45,59.69,60.5,60.2,5722356,346791467.01,shares,0
2020-08-06,60.17,60.71,58.91,60.12,60.5,5719183,342075398.3,shares,0
2020-08-07,60.0,60.62,57.58,58.07,60.12,5220166,306913267.87,shares,0
2020-08-10,57.92,58.47,56.37,57.51,58.07,6433539,368875688.92,shares,0
2020-08-11,57.72,58.65,56.46,56.46,57.51,5265512,304145035.56,shares,0
2020-08-12,57.22,57.38,54.35,55.22,56.46,8132937,449814714.71,shares,0
2020-08-13,55.6,56.28,54.4,54.89,55.22,4840571,266453158.15,shares,0
2020-08-14,54.92,56.5,54.71,56.47,54.89,5571260,311360649.43,shares,0
2020-08-17,56.66,58.6,56.1,58.6,56.47,6815454,391851397.09,shares,0
2020-08-18,58.93,59.88,58.18,58.87,58.6,5747749,339492492.38,shares,0
2020-08-19,59.33,59.43,58.1,58.35,58.87,4408073,259215884.53,shares,0
2020-08-20,58.0,58.97,56.58,57.08,58.35,5232750,300430921.75,shares,0
2020-08-21,57.88,58.8,56.13,57.51,57.08,6368098,365575353.56,shares,0
2020-08-24,57.87,60.58,57.52,60.0,57.51,6194419,368565597.55,shares,0
2020-08-25,59.8,61.58,59.52,59.81,60.0,6444810,389785757.12,shares,0
2020-08-26,59.7,60.99,58.83,59.27,59.81,5705658,340980143.77,shares,0
2020-08-27,59.26,60.48,58.6,59.68,59.27,4991184,298528614.04,shares,0
2020-08-28,59.03,59.68,57.68,59.42,59.68,5271665,309433233.08,shares,0
2020-08-31,59.66,60.67,58.61,59.21,59.42,3951783,236340413.36,shares,0
2020-09-01,59.02,59.39,57.7,58.55,59.21,3996335,234012063.26,shares,0
2020-09-02,58.9,60.48,58.21,59.9,58.55,5779088,344139261.33,shares,0
2020-09-03,60.08,60.46,57.89,59.9,59.9,9283327,551224112.86,shares,0
2020-09-04,59.11,59.98,58.63,59.42,59.9,4876099,288677367.98,shares,0
2020-09-07,59.42,59.85,56.16,56.38,59.42,6450614,374034545.52,shares,0
2020-09-08,57.35,57.38,54.87,56.0,56.38,4326164,242515533.16,shares,0
2020-09-09,55.12,55.67,52.55,52.55,56.0,6825978,366111319.62,shares,0
2020-09-10,53.62,53.62,50.2,50.51,52.55,5821826,301659279.6,shares,0
2020-09-11,50.49,51.38,49.76,51.18,50.51,6735789,341346600.6,shares,0
2020-09-14,51.78,52.49,50.8,51.22,51.18,5641111,290816857.02,shares,0
2020-09-15,51.56,52.4,51.1,51.81,51.22,3787443,196208195.17,shares,0
2020-09-16,51.82,52.13,51.15,52.0,51.81,3515324,181484752.27,shares,0
2020-09-17,51.69,53.22,51.15,52.45,52.0,4627755,241953422.11,shares,0
2020-09-18,52.41,52.92,51.81,52.85,52.45,4319366,226917476.51,shares,0
2020-09-21,52.85,53.19,51.98,52.08,52.85,3470936,182048018.18,shares,0
2020-09-22,51.9,52.76,51.38,51.88,52.08,3337337,173813491.17,shares,0
2020-09-23,52.02,52.2,51.31,51.67,51.88,3769220,195326084.7,shares,0
2020-09-24,51.68,51.79,50.0,50.21,51.67,4269219,216396604.91,shares,0
2020-09-25,50.51,50.67,48.91,49.64,50.21,4328894,214814898.14,shares,0
2020-09-28,49.64,50.69,48.99,49.9,49.64,3376393,168433995.28,shares,0
2020-09-29,50.44,50.82,49.91,50.09,49.9,3291397,165966309.59,shares,0
2020-09-30,50.57,50.86,49.83,50.3,50.09,3195822,161091564.7,shares,0
2020-10-09,51.32,51.68,50.84,51.29,50.3,4660772,239007119.79,shares,0
2020-10-12,51.2,53.35,51.2,53.03,51.29,6536348,344214075.63,shares,0
2020-10-13,52.77,53.5,52.21,53.3,53.03,3899553,206791850.47,shares,0
2020-10-14,53.21,53.72,52.6,53.34,53.3,3890465,207035944.15,shares,0
2020-10-15,53.89,54.38,52.93,52.99,53.34,4628753,247418341.96,shares,0
2020-10-16,53.47,53.8,52.87,53.17,52.99,3607613,192472882.01,shares,0
2020-10-19,54.05,54.86,53.25,53.42,53.17,5132319,276856758.1,shares,0
2020-10-20,53.39,53.41,52.55,52.9,53.42,3255092,172039658.42,shares,0
2020-10-21,52.72,52.91,50.45,50.8,52.9,6138573,314220528.8,shares,0
2020-10-22,50.15,50.89,49.65,49.91,50.8,4616975,231163324.07,shares,0
2020-10-23,50.98,50.98,49.5,49.66,49.91,2695608,134866374.0,shares,0
2020-10-26,49.31,49.62,48.59,49.1,49.66,2957111,145339785.52,shares,0
2020-10-27,49.33,49.33,48.09,48.86,49.1,4679004,228008918.88,shares,0
2020-10-28,48.88,48.88,47.2,48.1,48.86,6183700,296094089.05,shares,0
2020-10-29,47.73,48.36,47.02,48.0,48.1,5275632,251840715.56,shares,0
2020-10-30,48.5,49.2,47.15,47.3,48.0,7564218,364505433.73,shares,0
2020-11-02,47.38,48.18,46.66,47.85,47.3,5023551,238562026.41,shares,0
2020-11-03,48.56,51.58,48.56,50.19,47.85,9287663,467421813.74,shares,0
2020-11-04,50.19,50.58,49.65,49.94,50.19,5076579,254008435.23,shares,0
2020-11-05,50.9,53.48,49.8,52.84,49.94,11872961,616927460.33,shares,0
2020-11-06,53.21,53.73,52.31,52.7,52.84,9686560,512286872.13,shares,0
2020-11-09,53.45,55.58,52.81,54.38,52.7,12701003,687828164.5,shares,0
2020-11-10,53.9,53.93,52.69,52.7,54.38,6324601,337138691.1,shares,0
2020-11-11,52.47,53.25,49.81,49.86,52.7,8549118,437270390.96,shares,0
2020-11-12,50.61,51.18,50.05,50.47,49.86,4210394,212819471.47,shares,0
2020-11-13,50.1,51.1,49.71,50.88,50.47,4422690,223982133.95,shares,0
2020-11-16,50.6,52.53,50.6,51.95,50.88,5549334,288130383.27,shares,0
2020-11-17,52.44,52.49,50.01,51.08,51.95,4448389,225670711.39,shares,0
2020-11-18,51.0,51.39,50.09,50.48,51.08,3666819,185590684.0,shares,0
2020-11-19,50.34,50.79,49.81,50.15,50.48,5241203,263828634.85,shares,0
2020-11-20,50.25,50.59,49.21,49.71,50.15,3896582,194054298.92,shares,0
2020-11-23,49.44,49.44,48.19,48.46,49.71,5800583,282764874.96,shares,0
2020-11-24,48.49,49.79,48.4,49.66,48.46,5122687,251810534.01,shares,0
2020-11-25,49.52,50.5,49.01,49.6,49.66,5498067,273487769.17,shares,0
2020-11-26,49.13,50.3,49.02,49.39,49.6,4065127,201997211.01,shares,0
2020-11-27,49.1,49.42,48.21,48.72,49.39,3687771,179593546.0,shares,0
2020-11-30,48.67,49.28,47.4,48.95,48.72,5960826,289776710.81,shares,0
2020-12-01,48.15,49.23,47.73,48.82,48.95,5129873,250040134.61,shares,0
2020-12-02,48.82,51.92,48.55,51.06,48.82,8914648,450599105.91,shares,0
2020-12-03,51.52,51.66,50.63,50.8,51.06,4175537,212754729.39,shares,0
2020-12-04,51.0,52.16,50.5,51.28,50.8,5079050,261892051.04,shares,0
2020-12-07,51.38,52.28,50.87,51.0,51.28,4438280,228591486.73,shares,0
2020-12-08,50.8,52.18,50.7,51.49,51.0,5217258,269743049.34,shares,0
2020-12-09,51.7,52.43,51.33,51.41,51.49,6514380,337830515.54,shares,0
2020-12-10,51.2,52.12,50.34,51.95,51.41,6186096,318167192.35,shares,0
2020-12-11,51.9,53.64,51.51,53.25,51.95,12672402,669518453.19,shares,0
2020-12-14,53.0,55.1,52.73,54.58,53.25,9512243,514905835.2,shares,0
2020-12-15,54.51,55.18,53.8,54.24,54.58,6472582,352238069.21,shares,0
2020-12-16,54.28,55.15,53.38,53.8,54.24,5238986,283758488.78,shares,0
2020-12-17,53.68,54.2,53.0,54.11,53.8,4342552,233637294.82,shares,0
2020-12-18,54.08,54.08,52.6,52.7,54.11,4969505,264086129.81,shares,0
2020-12-21,52.67,55.48,52.4,55.09,52.7,7494632,410858605.77,shares,0
2020-12-22,55.0,55.35,51.51,51.7,55.09,8318489,441877236.58,shares,0
2020-12-23,51.8,52.4,51.3,52.22,51.7,6632755,344144249.88,shares,0
2020-12-24,52.21,52.62,51.19,51.25,52.22,4047953,209721729.32,shares,0
2020-12-25,50.88,51.11,49.19,49.43,51.25,6315804,313939750.08,shares,0
2020-12-28,49.02,49.27,47.33,47.34,49.43,6499005,312947852.66,shares,0
2020-12-29,47.34,51.46,47.34,50.91,47.34,10985588,551310518.58,shares,0
2020-12-30,50.5,50.56,48.9,50.33,50.91,6139345,306600822.85,shares,0
2020-12-31,49.98,51.13,49.91,50.86,50.33,4531869,229296207.86,shares,0
2021-01-04,51.0,52.42,50.33,52.0,50.86,6216018,320152570.35,shares,0
2021-01-05,51.77,54.78,51.56,54.07,52.0,10685624,574499215.78,shares,0
2021-01-06,53.99,54.19,52.6,53.44,54.07,6492624,346925202.23,shares,0
2021-01-07,53.0,53.34,51.63,52.61,53.44,6238560,327109021.99,shares,0
2021-01-08,52.88,56.1,52.34,54.67,52.61,11922918,655062160.18,shares,0
2021-01-11,54.99,57.16,54.2,57.0,54.67,12956627,730245366.23,shares,0
2021-01-12,56.5,57.25,55.35,56.5,57.0,8633517,485288543.74,shares,0
2021-01-13,56.22,57.8,55.55,56.2,56.5,8906753,503766763.33,shares,0
2021-01-14,56.21,58.41,56.06,56.64,56.2,12172142,697676509.57,shares,0
2021-01-15,57.09,57.19,54.04,55.34,56.64,7657185,424355413.62,shares,0
2021-01-18,55.85,57.86,55.29,57.25,55.34,8016004,456414000.97,shares,0
2021-01-19,57.21,57.66,55.8,56.4,57.25,6433826,364896821.22,shares,0
2021-01-20,56.27,57.14,55.3,57.0,56.4,5165518,292344348.61,shares,0
2021-01-21,57.01,57.1,55.01,55.66,57.0,10485904,584708491.37,shares,0
2021-01-22,55.28,56.1,53.88,56.1,55.66,8753834,481065704.08,shares,0
2021-01-25,55.55,55.7,52.55,52.55,56.1,11771065,633055163.24,shares,0
2021-01-26,52.53,53.95,52.5,52.8,52.55,5191219,275354727.85,shares,0
2021-01-27,53.35,53.66,52.05,52.84,52.8,4055261,214651357.91,shares,0
2021-01-28,51.98,53.21,51.19,51.37,52.84,5022886,262437044.29,shares,0
2021-01-29,52.56,52.8,51.34,51.8,51.37,5245435,272424423.51,shares,0
2021-02-01,51.78,53.98,51.5,53.18,51.8,5826288,309841332.4,shares,0
2021-02-02,53.5,54.85,53.2,53.6,53.18,5729434,309294057.09,shares,0
2021-02-03,54.18,54.18,50.26,50.35,53.6,8224914,427807448.86,shares,0
2021-02-04,50.35,50.7,47.6,49.33,50.35,8642679,420683851.2,shares,0
2021-02-05,49.2,49.78,47.48,47.51,49.33,5145495,248754283.65,shares,0
2021-02-08,47.68,48.99,47.62,47.9,47.51,4161627,200222533.6,shares,0
2021-02-09,47.5,49.15,47.4,48.73,47.9,3905244,188867665.63,shares,0
2021-02-10,48.57,50.88,48.54,50.46,48.73,5294122,265041631.41,shares,0
2021-02-18,51.54,52.33,51.01,51.46,50.46,6645841,342514133.74,shares,0
2021-02-19,51.28,51.7,50.4,51.4,51.46,4507740,230234671.93,shares,0
2021-02-22,51.65,51.68,49.6,49.6,51.4,5920154,298990690.55,shares,0
2021-02-23,49.11,50.4,48.69,49.05,49.6,4207891,208034347.78,shares,0
2021-02-24,49.11,50.06,48.55,48.97,49.05,4064715,199819521.88,shares,0
2021-02-25,49.44,49.44,47.7,47.81,48.97,4949730,238242552.19,shares,0
2021-02-26,47.0,47.81,45.76,45.9,47.81,7164621,332640798.43,shares,0
2021-03-01,46.7,47.63,45.91,46.55,45.9,9532553,442779001.13,shares,0
2021-03-02,46.65,46.75,44.23,44.56,46.55,11033066,498147279.07,shares,0
2021-03-03,44.56,44.78,43.84,44.44,44.56,7422474,328639064.62,shares,0
2021-03-04,44.43,44.77,43.06,43.11,44.44,7449271,326239956.26,shares,0
2021-03-05,42.9,44.18,42.56,42.8,43.11,8464101,365356701.75,shares,0
2021-03-08,43.1,43.31,40.72,40.79,42.8,11806568,495394941.82,shares,0
2021-03-09,40.78,40.9,38.55,39.17,40.79,9345018,371111005.07,shares,0
2021-03-10,39.9,40.2,39.06,39.19,39.17,4686912,184865030.14,shares,0
2021-03-11,39.3,40.0,38.65,39.44,39.19,8380143,328242134.64,shares,0
2021-03-12,39.47,39.6,38.23,38.48,39.44,8312961,321359792.58,shares,0
2021-03-15,38.49,38.75,37.42,37.68,38.48,6644690,252437857.27,shares,0
2021-03-16,37.83,38.28,37.21,37.4,37.68,5943120,223202753.36,shares,0
2021-03-17,37.67,38.13,37.2,37.78,37.4,7839191,295805430.58,shares,0
2021-03-18,37.69,38.35,37.03,38.09,37.78,8916894,335788401.29,shares,0
2021-03-19,37.55,37.94,36.71,36.81,38.09,8348626,311336894.08,shares,0
2021-03-22,37.0,37.35,36.7,37.1,36.81,5402738,200195031.05,shares,0
2021-03-23,37.0,38.34,36.91,37.68,37.1,10587092,400170685.51,shares,0
2021-03-24,35.96,35.96,32.99,34.41,37.68,24469540,831444027.97,shares,0
2021-03-25,35.9,36.61,34.72,34.96,34.41,15346140,547683388.47,shares,0
2021-03-26,35.14,36.86,34.94,36.84,34.96,11761803,426081954.34,shares,0
2021-03-29,36.62,36.79,35.91,36.11,36.84,6447762,233593963.49,shares,0
2021-03-30,36.5,36.5,35.51,35.57,36.11,5428484,194370542.84,shares,0
2021-03-31,35.89,35.89,34.8,35.24,35.57,6754524,237466781.78,shares,0
2021-04-01,35.36,36.27,35.31,36.1,35.24,4922779,177057013.82,shares,0
2021-04-02,36.42,37.98,36.28,37.82,36.1,7714429,289838325.78,shares,0
2021-04-06,37.83,37.83,37.17,37.31,37.82,4275707,159810097.87,shares,0
2021-04-07,37.31,37.6,36.52,36.81,37.31,4235999,156234362.96,shares,0
2021-04-08,36.9,37.18,36.15,36.25,36.81,4387093,160211525.42,shares,0
2021-04-09,36.19,36.41,35.6,35.84,36.25,2970283,106890442.24,shares,0
2021-04-12,35.9,36.15,34.35,34.43,35.84,5943407,208713912.28,shares,0
2021-04-13,34.66,35.66,33.82,33.97,34.43,6565167,227753235.76,shares,0
2021-04-14,34.0,34.47,33.77,34.4,33.97,3546102,121627169.59,shares,0
2021-04-15,34.35,34.35,33.5,33.85,34.4,4460824,150822228.61,shares,0
2021-04-16,34.06,34.55,33.7,34.0,33.85,4055988,137938457.68,shares,0
2021-04-19,33.77,34.48,33.77,34.32,34.0,6794163,232570551.17,shares,0
2021-04-20,34.26,34.28,33.4,33.44,34.32,7564217,255095855.78,shares,0
2021-04-21,33.31,33.39,32.85,32.85,33.44,5280427,174387142.8,shares,0
2021-04-22,33.03,33.84,32.91,33.63,32.85,5231406,174906897.81,shares,0
2021-04-23,33.34,33.36,32.61,32.62,33.63,7035661,231555715.58,shares,0
2021-04-26,32.62,33.6,32.13,33.13,32.62,8292041,273115471.53,shares,0
2021-04-27,32.88,32.98,31.31,32.5,33.13,10550593,338257671.77,shares,0
2021-04-28,32.77,32.84,32.1,32.46,32.5,5077032,165036134.47,shares,0
2021-04-29,32.6,34.95,32.51,34.39,32.46,14958752,508719142.79,shares,0
2021-04-30,34.77,35.09,33.93,34.21,34.39,10958330,377842949.12,shares,0
2021-05-06,34.74,35.31,34.28,34.46,34.21,8659016,301272660.65,shares,0
2021-05-07,34.75,34.75,33.7,33.74,34.46,7048028,239355874.78,shares,0
2021-05-10,33.35,33.35,31.53,31.76,33.74,7789151,250008435.7,shares,0
2021-05-11,31.42,33.98,31.4,33.06,31.76,8490665,279198791.55,shares,0
2021-05-12,33.2,33.35,32.4,32.86,33.06,4353279,143003950.56,shares,0
2021-05-13,32.54,35.58,32.42,34.46,32.86,11404880,393114164.15,shares,0
2021-05-14,34.85,35.16,34.22,34.98,34.46,9114776,316820444.72,shares,0
2021-05-17,35.21,36.18,35.02,35.72,34.98,8788227,313258938.69,shares,0
2021-05-18,35.5,36.02,35.0,35.6,35.72,4714926,167748005.04,shares,0
2021-05-19,35.6,36.64,35.31,35.42,35.6,5615902,202087835.06,shares,0
2021-05-20,35.66,36.8,35.66,36.58,35.42,8561193,311899989.53,shares,0
2021-05-21,36.63,37.3,36.2,36.97,36.58,8624417,318159056.11,shares,0
2021-05-24,37.28,37.38,36.4,37.14,36.97,6404572,236726713.68,shares,0
2021-05-25,37.1,38.58,36.9,38.06,37.14,8213261,310976518.62,shares,0
2021-05-26,37.94,38.38,37.8,38.12,38.06,5331250,203038534.29,shares,0
2021-05-27,38.29,40.8,38.25,40.3,38.12,10304052,410142643.26,shares,0
2021-05-28,39.69,41.49,39.66,40.1,40.3,9723497,393489807.6,shares,0
2021-05-31,40.34,41.53,40.32,41.19,40.1,8800757,361584651.04,shares,0
2021-06-01,41.15,41.68,39.46,40.76,41.19,11933805,487263319.18,shares,0
2021-06-02,41.0,41.48,40.31,40.7,40.76,5427163,221387585.03,shares,0
2021-06-03,40.62,41.76,40.48,40.77,40.7,4940794,202690242.09,shares,0
2021-06-04,41.39,41.75,40.83,41.36,40.77,4781047,197662915.57,shares,0
2021-06-07,41.57,42.01,40.07,40.67,41.36,5843861,237697805.21,shares,0
2021-06-08,40.99,41.02,39.05,39.8,40.67,6387787,254840872.67,shares,0
2021-06-09,39.65,40.11,39.21,39.53,39.68,4100835,162244600.32,shares,0
2021-06-10,39.76,40.65,39.21,39.8,39.53,8113768,323397473.13,shares,0
2021-06-11,39.55,39.87,38.3,38.86,39.8,12255121,476626547.94,shares,0
2021-06-15,38.57,39.5,38.38,39.21,38.86,6566493,256676390.5,shares,0
2021-06-16,39.36,41.76,39.07,40.01,39.21,8291990,335890771.47,shares,0
2021-06-17,40.12,41.3,40.05,40.69,40.01,8083699,329023717.14,shares,0
2021-06-18,40.8,41.19,39.61,39.8,40.69,6795831,273002084.98,shares,0
2021-06-21,39.95,39.95,38.27,38.5,39.8,7039320,273057526.5,shares,0
2021-06-22,38.71,39.21,37.03,37.57,38.5,8072669,305616584.71,shares,0
2021-06-23,37.26,38.63,37.19,38.47,37.57,6827264,259715953.84,shares,0
2021-06-24,38.6,38.6,37.29,37.66,38.47,5063860,190741977.95,shares,0
2021-06-25,37.8,37.97,36.66,36.99,37.66,5736041,213080384.32,shares,0
2021-06-28,37.01,38.5,36.63,38.35,36.99,7708373,291576933.53,shares,0
2021-06-29,38.55,38.74,38.01,38.36,38.35,4622474,177217215.74,shares,0
2021-06-30,38.48,38.52,37.76,38.52,38.36,5515389,210621233.03,shares,0
2021-07-01,38.49,38.49,36.91,36.95,38.52,5476846,205525304.39,shares,0
2021-07-02,36.9,37.46,35.76,36.1,36.95,6091631,222634901.6,shares,0
2021-07-05,36.1,36.58,35.52,36.22,36.1,4426225,159399581.54,shares,0
2021-07-06,36.15,36.8,35.6,36.18,36.22,4414791,159679576.45,shares,0
2021-07-07,36.04,36.8,35.7,36.69,36.18,4061968,147188545.76,shares,0
2021-07-08,36.75,36.75,35.71,35.96,36.69,5141276,185752444.03,shares,0
2021-07-09,36.28,38.02,36.25,36.34,35.96,8214609,302951057.69,shares,0
2021-07-12,36.04,39.88,36.04,38.89,36.34,15575217,601747805.54,shares,0
2021-07-13,39.1,39.2,37.63,38.16,38.89,7830439,299112052.7,shares,0
2021-07-14,38.18,38.8,37.6,37.63,38.16,6603295,251084074.16,shares,0
2021-07-15,37.06,37.11,33.2,33.88,37.63,18948266,653726403.65,shares,0
2021-07-16,33.79,34.1,32.68,32.71,33.88,10473460,347311413.89,shares,0
2021-07-19,32.68,33.55,32.0,33.32,32.71,10868115,356196149.33,shares,0
2021-07-20,33.03,34.19,32.86,33.89,33.32,6944987,233010381.79,shares,0
2021-07-21,33.65,34.09,33.31,34.0,33.89,5399275,182150280.64,shares,0
2021-07-22,33.98,34.95,33.61,34.71,34.0,6955204,239941221.23,shares,0
2021-07-23,35.14,35.25,34.15,34.43,34.71,5263136,181783596.42,shares,0
2021-07-26,34.27,34.7,33.05,33.62,34.43,5733653,193080733.55,shares,0
2021-07-27,33.84,39.88,33.53,38.17,33.62,23652733,886331234.28,shares,0
2021-07-28,37.9,39.5,37.01,39.06,38.17,22276380,859680260.66,shares,0
2021-07-29,39.8,41.08,38.5,40.86,39.06,24524406,982102705.56,shares,0
2021-07-30,40.29,43.97,40.04,42.67,40.86,27448936,1163007691.84,shares,0
2021-08-02,43.3,45.38,42.8,44.0,42.67,21326406,936877300.65,shares,0
2021-08-03,43.7,44.6,42.27,42.38,44.0,20238689,872302523.62,shares,0
2021-08-04,42.4,43.23,41.87,42.67,42.38,12904046,548443016.58,shares,0
2021-08-05,42.75,42.75,41.27,42.02,42.67,10179701,427582255.46,shares,0
2021-08-06,41.9,42.83,41.02,41.74,42.02,11091623,463805750.87,shares,0
2021-08-09,41.46,43.34,41.3,42.01,41.74,11258571,476963395.3,shares,0
2021-08-10,42.28,42.28,41.2,42.07,42.01,10251981,427743159.88,shares,0
2021-08-11,41.93,42.73,41.46,41.56,42.07,9100825,381599892.34,shares,0
2021-08-12,41.08,42.56,40.03,41.7,41.56,9692253,403462192.36,shares,0
2021-08-13,41.71,41.87,40.3,40.44,41.7,11094498,454308620.87,shares,0
2021-08-16,40.5,42.1,40.08,40.8,40.44,9192129,378590869.4,shares,0
2021-08-17,41.38,41.38,39.16,39.48,40.8,7916294,317199492.87,shares,0
2021-08-18,39.19,39.8,37.77,38.06,39.48,9232297,354266762.91,shares,0
2021-08-19,38.23,39.14,38.18,38.55,38.06,5376037,208006323.24,shares,0
2021-08-20,38.64,38.89,36.95,37.65,38.55,7592566,286280529.96,shares,0
2021-08-23,37.5,38.23,37.39,37.78,37.65,6282595,237578843.56,shares,0
2021-08-24,38.0,38.32,36.65,38.12,37.78,8423867,316758439.32,shares,0
2021-08-25,38.01,38.52,37.31,37.39,38.12,7637596,287536872.08,shares,0
2021-08-26,37.1,37.69,36.7,36.88,37.39,7687797,285788977.69,shares,0
2021-08-27,36.61,36.61,35.76,36.21,36.88,6839668,247071194.87,shares,0
2021-08-30,36.67,37.1,36.14,36.26,36.21,6133539,224889797.85,shares,0
2021-08-31,35.7,36.47,34.99,35.42,36.26,5464438,193975053.22,shares,0
2021-09-01,35.23,36.58,34.5,35.68,35.42,5778375,205917401.08,shares,0
2021-09-02,35.41,36.23,35.1,35.7,35.68,4070089,145291824.4,shares,0
2021-09-03,35.78,37.89,35.67,37.03,35.7,6771458,250375173.9,shares,0
2021-09-06,37.04,37.74,36.61,36.92,37.03,6129863,227514389.28,shares,0
2021-09-07,36.73,36.92,35.58,36.01,36.92,7145281,257295635.08,shares,0
2021-09-08,35.99,36.85,35.73,36.68,36.01,8001507,291594622.99,shares,0
2021-09-09,36.65,36.65,35.13,35.48,36.68,7227256,257259311.36,shares,0
2021-09-10,35.45,35.71,34.5,35.61,35.48,6648992,233349232.21,shares,0
2021-09-13,35.37,35.51,34.09,34.22,35.61,6351917,219429815.21,shares,0
2021-09-14,34.22,34.68,34.12,34.32,34.22,4112857,141206304.55,shares,0
2021-09-15,34.5,34.94,33.79,34.82,34.32,3861734,133272131.56,shares,0
2021-09-16,34.87,35.4,34.3,34.32,34.82,4265350,148691051.86,shares,0
2021-09-17,34.21,34.91,33.82,34.7,34.32,3050881,104876496.6,shares,0
2021-09-22,34.38,35.25,34.07,34.7,34.7,2304695,80125817.13,shares,0
2021-09-23,35.0,35.38,34.2,34.22,34.7,4994846,172270806.97,shares,0
2021-09-24,34.41,34.96,34.08,34.65,34.22,3624076,125260653.48,shares,0
2021-09-27,35.68,36.6,34.91,35.34,34.65,8708389,311343853.13,shares,0
2021-09-28,35.11,35.17,34.14,34.16,35.34,4449784,153369597.06,shares,0
2021-09-29,33.9,34.99,33.48,34.91,34.16,5481558,188051136.37,shares,0
2021-09-30,34.91,35.6,34.62,34.88,34.91,3712521,130029564.35,shares,0
2021-10-08,35.1,35.5,34.4,35.06,34.88,4492700,156556877.71,shares,0
2021-10-11,35.0,35.99,34.61,35.6,35.06,6249741,221259638.62,shares,0
2021-10-12,35.32,35.57,34.67,34.78,35.6,5185394,181828508.63,shares,0
2021-10-13,34.89,35.29,34.3,35.11,34.78,3369010,117668864.1,shares,0
2021-10-14,35.01,35.4,34.8,34.87,35.11,2801140,98194643.68,shares,0
2021-10-15,34.83,35.19,34.19,34.23,34.87,4372087,150767142.52,shares,0
2021-10-18,34.24,34.25,32.8,33.03,34.23,5614179,186539344.87,shares,0
2021-10-19,33.18,33.56,32.92,33.42,33.03,3534840,117592833.12,shares,0
2021-10-20,33.75,34.12,33.36,33.53,33.42,3122620,105397440.4,shares,0
2021-10-21,33.68,33.69,33.17,33.22,33.53,3667247,122602806.39,shares,0
2021-10-22,33.27,33.62,32.78,32.82,33.22,4290888,141766763.2,shares,0
2021-10-25,33.58,33.88,32.97,33.21,32.82,6602013,220657825.46,shares,0
2021-10-26,33.45,34.88,32.85,34.31,33.21,10378009,352353004.89,shares,0
2021-10-27,34.18,34.18,33.02,33.33,34.31,6008282,200587381.11,shares,0
2021-10-28,33.28,33.71,32.8,32.81,33.33,5675646,188317934.29,shares,0
2021-10-29,32.6,33.45,32.18,33.07,32.81,6707279,220213628.9,shares,0
2021-11-01,33.22,34.45,33.18,33.82,33.07,6920987,234387422.99,shares,0
2021-11-02,33.9,35.23,33.61,34.82,33.82,9920396,344987525.63,shares,0
2021-11-03,34.85,35.15,34.35,34.85,34.82,5605311,194554016.65,shares,0
2021-11-04,34.7,36.0,34.5,35.09,34.85,7143330,252885399.49,shares,0
2021-11-05,35.2,35.99,34.8,34.93,35.09,5722297,202362655.94,shares,0
2021-11-08,35.25,35.66,34.47,34.92,34.93,4628963,161807578.3,shares,0
2021-11-09,34.78,35.19,34.5,34.89,34.92,4673562,162723409.24,shares,0
2021-11-10,34.9,35.05,34.32,34.8,34.89,5480322,190118654.23,shares,0
2021-11-11,34.7,35.87,34.54,35.36,34.8,5784165,204667898.95,shares,0
2021-11-12,35.4,35.75,35.2,35.42,35.36,3739529,132309285.76,shares,0
2021-11-15,35.69,36.17,34.69,34.75,35.42,6568851,230397478.92,shares,0
2021-11-16,34.8,35.05,33.72,33.77,34.75,6960910,239099744.8,shares,0
2021-11-17,33.99,34.29,33.23,34.15,33.77,6234664,210731959.68,shares,0
2021-11-18,34.51,34.55,33.29,33.35,34.15,7661794,257178833.62,shares,0
2021-11-19,33.1,33.87,33.08,33.8,33.35,5317667,178370527.31,shares,0
2021-11-22,33.75,39.16,33.56,37.91,33.8,28417582,1053150969.2,shares,0
2021-11-23,38.33,39.86,38.3,38.89,37.91,20564342,802329957.79,shares,0
2021-11-24,39.1,40.87,38.41,40.0,38.89,20998556,836941474.69,shares,0
2021-11-25,40.8,40.97,39.01,39.16,40.0,13895311,550298792.33,shares,0
2021-11-26,38.99,39.75,37.77,38.2,39.16,12056490,462310846.61,shares,0
2021-11-29,37.63,38.11,37.4,37.93,38.2,9649472,363822124.47,shares,0
2021-11-30,37.89,38.5,37.39,38.14,37.93,12392514,470318881.84,shares,0
2021-12-01,37.87,39.61,37.6,39.26,38.14,12981368,507564254.07,shares,0
2021-12-02,38.85,39.48,38.56,38.72,39.26,9625525,375220009.1,shares,0
2021-12-03,38.52,39.4,37.97,39.14,38.72,8868856,344535619.06,shares,0
2021-12-06,38.7,38.95,37.55,37.8,39.14,7639289,291133124.33,shares,0
2021-12-07,38.05,38.14,36.89,37.19,37.8,6107132,227280040.25,shares,0
2021-12-08,37.19,39.41,37.03,39.28,37.19,12623837,486526457.77,shares,0
2021-12-09,38.89,39.35,38.0,38.14,39.28,9385315,362501679.24,shares,0
2021-12-10,37.8,39.2,37.66,38.7,38.14,10250397,394109016.28,shares,0
2021-12-13,38.5,40.25,38.42,39.6,38.7,12687732,503412125.13,shares,0
2021-12-14,39.46,40.96,39.3,40.85,39.6,12144142,490707316.01,shares,0
2021-12-15,40.5,42.1,40.31,41.32,40.85,14821113,613218364.3,shares,0
2021-12-16,41.41,41.41,39.93,40.75,41.32,7119815,288614942.06,shares,0
2021-12-17,40.73,41.15,39.85,40.38,40.75,6729243,271522375.78,shares,0
2021-12-20,40.0,40.46,39.2,40.4,40.38,6800219,270968729.75,shares,0
2021-12-21,40.19,42.49,40.15,42.29,40.4,12951300,542500288.89,shares,0
2021-12-22,42.28,42.67,41.61,42.5,42.29,8033462,339132420.11,shares,0
2021-12-23,42.28,43.18,41.83,42.15,42.5,8412086,358045541.31,shares,0
2021-12-24,42.15,42.53,41.15,41.39,42.15,5514475,229977914.83,shares,0
2021-12-27,41.5,43.12,41.11,42.22,41.39,8911834,378143216.07,shares,0
2021-12-28,42.34,43.87,42.02,42.5,42.22,9539610,409878049.71,shares,0
2021-12-29,42.05,43.55,41.9,43.0,42.5,11148284,481337097.81,shares,0
2021-12-30,42.96,43.8,42.63,43.39,43.0,9354791,405498914.41,shares,0
2021-12-31,43.45,43.5,42.3,42.5,43.39,7035897,301293513.77,shares,0
2022-01-04,42.88,43.0,41.22,41.95,42.5,7525957,314407549.47,shares,0
2022-01-05,41.8,42.6,41.45,41.9,41.95,5180446,217243139.96,shares,0
2022-01-06,41.55,43.12,41.13,41.45,41.9,7021262,295807836.53,shares,0
2022-01-07,41.42,42.88,41.41,42.33,41.45,8396388,355558268.79,shares,0
2022-01-10,42.0,43.96,41.52,43.34,42.33,9024449,388005250.84,shares,0
2022-01-11,43.3,43.5,42.5,42.9,43.34,5837435,250930817.0,shares,0
2022-01-12,43.04,43.37,38.36,40.4,42.9,16837514,676459077.57,shares,0
2022-01-13,40.27,40.58,38.29,38.72,40.4,10625192,415366732.17,shares,0
2022-01-14,38.59,39.6,38.47,39.07,38.72,5783728,226570211.96,shares,0
2022-01-17,39.1,41.39,39.1,40.15,39.07,11159577,452713620.13,shares,0
2022-01-18,40.45,41.49,39.34,39.57,40.15,6667936,269037072.06,shares,0
2022-01-19,39.51,40.2,38.91,39.33,39.57,5538965,218744539.44,shares,0
2022-01-20,39.2,39.65,38.2,38.51,39.33,5114931,198208038.9,shares,0
2022-01-21,38.38,38.83,37.8,38.49,38.51,4015305,154080038.99,shares,0
2022-01-24,37.91,39.18,37.91,38.92,38.49,5657044,219238877.85,shares,0
2022-01-25,38.93,38.93,37.55,37.74,38.92,4206836,160153151.54,shares,0
2022-01-26,37.58,37.94,36.58,36.81,37.74,6069879,224752957.24,shares,0
2022-01-27,36.68,36.9,35.35,35.58,36.81,9394032,337219665.63,shares,0
2022-01-28,36.07,36.98,35.53,35.8,35.58,5515038,199680262.16,shares,0
2022-02-07,36.73,37.1,35.46,35.85,35.8,4755243,171510072.95,shares,0
2022-02-08,35.85,36.37,35.59,36.05,35.85,4018484,144411213.8,shares,0
2022-02-09,36.18,37.4,35.8,36.94,36.05,6582089,241254861.72,shares,0
2022-02-10,36.99,37.37,36.1,36.64,36.94,6602513,242155134.09,shares,0
2022-02-11,36.46,36.6,34.34,34.74,36.64,9835512,344604847.13,shares,0
2022-02-14,34.33,34.84,33.94,34.84,34.74,4166639,143747180.72,shares,0
2022-02-15,34.54,35.68,34.5,35.59,34.84,4409006,155659931.65,shares,0
2022-02-16,35.69,35.94,35.3,35.5,35.59,3424100,121661428.89,shares,0
2022-02-17,35.2,35.83,34.91,35.6,35.5,4415294,156394430.75,shares,0
2022-02-18,36.94,37.78,35.88,37.36,35.6,13027006,478748798.81,shares,0
2022-02-21,38.23,39.4,37.86,38.69,37.36,12432683,478375077.98,shares,0
2022-02-22,37.66,38.4,37.12,37.37,38.69,7452905,280981520.94,shares,0
2022-02-23,37.36,38.33,37.3,37.84,37.37,5873769,222909587.49,shares,0
2022-02-24,37.8,38.3,36.36,37.01,37.84,7313763,271889537.97,shares,0
2022-02-25,37.1,37.94,37.0,37.07,37.01,5845229,218559480.93,shares,0
2022-02-28,36.81,38.9,36.35,38.45,37.07,10806620,411425696.0,shares,0
2022-03-01,38.5,38.96,37.73,38.31,38.45,6101164,233247798.0,shares,0
2022-03-02,37.88,38.58,37.6,38.4,38.31,4498674,171741421.0,shares,0
2022-03-03,38.5,38.7,37.57,37.7,38.4,3245927,122903975.0,shares,0
2022-03-04,37.21,38.49,37.18,37.65,37.7,3572487,135151307.0,shares,0
2022-03-07,37.54,37.54,34.7,35.11,37.65,10112385,358648336.0,shares,0
2022-03-08,35.05,35.82,34.6,34.86,35.11,7792360,273908832.0,shares,0
2022-03-09,35.12,36.26,34.08,35.5,34.86,9854070,349333680.0,shares,0
2022-03-10,36.33,36.98,35.33,35.36,35.5,7130965,257977034.0,shares,0
2022-03-11,35.0,35.4,34.15,35.39,35.36,4519559,157405306.0,shares,0
2022-03-14,34.9,35.26,34.4,34.5,35.39,4198181,146311045.0,shares,0
2022-03-15,34.18,34.6,32.13,32.13,34.5,5808217,193193754.0,shares,0
2022-03-16,32.79,33.03,31.01,32.7,32.13,8098018,259201394.0,shares,0
2022-03-17,33.08,33.68,32.76,33.34,32.7,6279864,209015479.0,shares,0
2022-03-18,33.02,33.46,32.82,33.23,33.34,3932023,130207751.02,shares,0
2022-03-21,33.5,34.01,33.3,33.78,33.23,5276512,177655384.28,shares,0
2022-03-22,33.77,33.77,33.0,33.04,33.78,2673793,88913780.24,shares,0
2022-03-23,33.25,34.89,32.89,34.38,33.04,7444536,253894105.67,shares,0
2022-03-24,34.28,34.46,33.28,33.7,34.38,5121937,172170514.83,shares,0
2022-03-25,33.63,33.63,32.15,32.2,33.7,5720005,186600550.18,shares,0
2022-03-28,32.01,32.07,31.39,32.0,32.2,3537911,112160802.54,shares,0
2022-03-29,32.0,32.07,31.06,31.1,32.0,4174436,131014765.73,shares,0
2022-03-30,31.3,32.16,31.15,32.11,31.1,3902082,123860875.06,shares,0
2022-03-31,32.15,32.15,31.45,31.61,32.11,2213144,70120366.85,shares,0
2022-04-01,31.51,31.95,31.02,31.68,31.61,2704990,85278650.41,shares,0
2022-04-06,31.41,31.41,29.95,30.1,31.68,7723849,233217415.81,shares,0
2022-04-07,30.0,30.6,29.92,30.12,30.1,7412037,224308693.21,shares,0
2022-04-08,30.16,31.26,29.71,30.9,30.12,7887886,240643572.8,shares,0
2022-04-11,30.91,30.97,29.55,29.7,30.9,5395920,161296684.92,shares,0
2022-04-12,29.59,30.18,29.02,30.0,29.7,4446096,131627977.06,shares,0
2022-04-13,29.81,29.9,29.05,29.39,30.0,2516459,73944481.77,shares,0
2022-04-14,29.63,29.78,29.03,29.62,29.39,3209625,94350729.4,shares,0
2022-04-15,29.29,29.37,28.65,29.2,29.62,3371854,97615072.71,shares,0
2022-04-18,29.0,30.18,28.73,30.04,29.2,3340452,99019676.51,shares,0
2022-04-19,30.32,30.38,29.66,30.14,30.04,2912333,87584357.57,shares,0
2022-04-20,30.0,30.74,29.88,29.93,30.14,3021600,91520797.44,shares,0
2022-04-21,30.04,30.56,29.42,29.51,29.93,3911806,117074927.87,shares,0
2022-04-22,29.38,29.78,28.45,28.77,29.51,4674719,135225618.43,shares,0
2022-04-25,29.29,30.67,28.9,29.04,28.77,12476805,372491570.55,shares,0
2022-04-26,29.66,31.12,29.6,29.93,29.04,12684125,384119061.45,shares,0
2022-04-27,30.0,30.85,28.95,30.85,29.93,11518772,347875137.19,shares,0
2022-04-28,30.4,30.62,29.4,29.8,30.85,8841602,265090139.04,shares,0
2022-04-29,29.82,31.16,29.41,30.62,29.8,10327136,312317312.48,shares,0
2022-05-05,30.85,32.4,30.18,31.91,30.62,16054027,510563434.14,shares,0
2022-05-06,31.38,32.67,31.07,31.95,31.91,11132672,355815905.64,shares,0
2022-05-09,31.95,32.47,31.12,32.44,31.95,12532394,398255245.08,shares,0
2022-05-10,31.53,31.97,30.6,31.91,32.44,16334900,512632363.16,shares,0
2022-05-11,31.68,32.94,31.48,31.52,31.91,19456271,630029454.51,shares,0
2022-05-12,31.3,32.5,31.02,31.48,31.52,11656031,368602713.5,shares,0
2022-05-13,31.6,32.06,31.41,31.72,31.48,8384119,266582743.01,shares,0
2022-05-16,31.7,32.58,31.59,31.75,31.72,8837821,282270240.29,shares,0
2022-05-17,31.74,31.99,31.2,31.86,31.75,6623365,209335425.4,shares,0
2022-05-18,32.18,32.33,31.23,31.42,31.86,8360686,264427366.06,shares,0
2022-05-19,30.8,31.24,30.62,31.18,31.42,7352471,227756248.89,shares,0
2022-05-20,31.18,31.69,30.83,31.34,31.18,8110558,253101444.23,shares,0
2022-05-23,31.39,31.71,31.03,31.48,31.34,6765376,211592218.0,shares,0
2022-05-24,31.69,32.36,29.8,29.9,31.48,13494456,418816522.27,shares,0
2022-05-25,29.68,30.85,29.6,30.25,29.9,7706267,232798494.56,shares,0
2022-05-26,30.01,31.39,29.6,30.86,30.03,8374727,255569383.85,shares,0
2022-05-27,30.88,31.33,30.05,30.23,30.86,6368399,195406624.17,shares,0
2022-05-30,30.28,32.03,29.8,31.78,30.23,14295095,449480327.26,shares,0
2022-05-31,31.74,32.28,31.32,32.14,31.78,10077635,321131060.95,shares,0
2022-06-01,32.01,32.86,31.81,32.2,32.14,8578527,278071541.8,shares,0
2022-06-02,32.2,33.33,31.96,33.17,32.2,10319929,339978642.52,shares,0
2022-06-06,33.47,33.59,32.46,33.49,33.17,12594252,417475777.37,shares,0
2022-06-07,33.45,34.24,33.25,34.0,33.49,11067698,374176281.48,shares,0
2022-06-08,34.0,34.22,33.15,33.77,34.0,7371187,248482740.84,shares,0
2022-06-09,33.8,33.9,32.5,32.68,33.77,8832783,290497638.47,shares,0
2022-06-10,32.61,33.7,32.39,33.48,32.68,9910456,327911872.01,shares,0
2022-06-13,33.23,33.37,32.41,32.8,33.48,9274263,304097300.9,shares,0
2022-06-14,32.68,32.7,31.4,32.32,32.8,9444544,301408517.17,shares,0
2022-06-15,32.24,33.22,32.11,32.22,32.32,7720083,251409857.44,shares,0
2022-06-16,32.22,33.23,32.2,32.53,32.22,8023264,262587020.5,shares,0
2022-06-17,32.19,32.72,31.93,32.58,32.53,8239089,266781921.85,shares,0
2022-06-20,32.7,33.5,32.25,32.37,32.58,11277687,369680161.28,shares,0
2022-06-21,32.27,32.65,31.65,31.97,32.37,8495550,272567081.55,shares,0
2022-06-22,32.03,32.19,30.32,30.39,31.97,13864613,429132192.37,shares,0
2022-06-23,30.56,31.0,30.18,30.92,30.39,11350684,348031178.91,shares,0
2022-06-24,31.0,31.26,30.32,30.5,30.92,16147270,496336607.12,shares,0
2022-06-27,30.79,31.45,30.51,31.0,30.5,14446513,447258106.36,shares,0
2022-06-28,31.32,32.07,30.65,32.05,31.0,13000348,410621503.98,shares,0
2022-06-29,31.89,32.57,31.08,31.17,32.05,14409427,455830942.62,shares,0
2022-06-30,31.08,31.48,30.73,31.05,31.17,10636240,330493879.18,shares,0
2022-07-01,30.96,31.55,30.81,31.0,31.05,8833640,274730004.46,shares,0
2022-07-04,31.12,31.25,30.4,30.62,31.0,11486597,352368657.07,shares,0
2022-07-05,30.82,31.4,30.52,30.74,30.62,13044875,402903579.5,shares,0
2022-07-06,30.69,31.21,30.08,30.3,30.74,9626136,293165551.99,shares,0
2022-07-07,30.3,30.54,29.9,30.15,30.3,6929902,209367025.73,shares,0
2022-07-08,30.31,30.61,29.93,30.01,30.15,7816682,236139158.18,shares,0
2022-07-11,29.98,30.25,29.54,30.08,30.01,9680273,290033057.22,shares,0
2022-07-12,30.4,30.58,29.11,29.18,30.08,20696841,611892096.48,shares,0
2022-07-13,29.3,29.53,28.66,28.77,29.18,14887273,431505377.64,shares,0
2022-07-14,28.71,29.9,28.46,29.5,28.77,15707538,463020889.6,shares,0
2022-07-15,29.34,29.59,29.08,29.23,29.5,11553215,339005351.42,shares,0
2022-07-18,29.68,32.28,29.59,32.1,29.23,36450345,1136670667.5,shares,0
2022-07-19,33.15,33.87,32.61,33.29,32.1,45304098,1511830521.38,shares,0
2022-07-20,33.4,34.65,33.13,34.07,33.29,23316196,793973078.85,shares,0
2022-07-21,33.7,34.54,32.82,32.92,34.07,17485268,584438330.63,shares,0
2022-07-22,33.13,33.42,32.4,33.36,32.92,15492527,510848612.07,shares,0
2022-07-25,33.25,34.89,33.1,34.28,33.36,26414681,905476832.09,shares,0
2022-07-26,33.98,34.35,33.26,33.62,34.28,14551195,489747836.72,shares,0
2022-07-27,33.78,34.09,33.21,33.92,33.62,11986014,404855657.36,shares,0
2022-07-28,34.24,34.24,33.21,33.45,33.92,11778699,396918727.16,shares,0
2022-07-29,33.73,33.78,32.51,32.79,33.45,14236978,468769817.37,shares,0
2022-08-01,32.79,33.06,32.0,32.98,32.79,14429602,470461435.1,shares,0
2022-08-02,32.53,32.73,31.41,32.4,32.98,16278739,524439933.83,shares,0
2022-08-03,32.46,33.51,32.46,32.55,32.4,13726291,452973296.6,shares,0
2022-08-04,32.96,33.26,32.09,32.42,32.55,10871255,353626994.29,shares,0
2022-08-05,32.71,33.88,32.51,33.8,32.42,17096279,568977987.65,shares,0
2022-08-08,33.96,33.98,32.88,33.2,33.8,13927831,463231947.62,shares,0
2022-08-09,33.2,33.26,32.24,32.7,33.2,15175321,493951304.46,shares,0
2022-08-10,32.56,32.69,31.56,31.79,32.7,12064125,386986013.65,shares,0
2022-08-11,32.15,35.34,32.13,35.08,31.79,39788253,1370886334.98,shares,0
2022-08-12,35.32,35.38,33.82,34.02,35.08,19161198,659643389.18,shares,0
2022-08-15,34.12,34.14,32.63,33.7,34.02,19657364,657345145.92,shares,0
2022-08-16,33.55,34.29,33.08,33.3,33.7,13948994,467368639.4,shares,0
2022-08-17,33.43,33.92,32.98,33.62,33.3,12584027,421445302.77,shares,0
2022-08-18,33.4,34.83,33.28,34.5,33.62,17492514,599062602.9,shares,0
2022-08-19,34.5,35.17,33.45,33.45,34.5,12288530,418672287.46,shares,0
2022-08-22,33.38,33.43,32.5,33.08,33.45,10591484,350120799.0,shares,0
2022-08-23,33.0,33.09,32.52,32.87,33.08,7597761,248806786.88,shares,0
2022-08-24,32.71,32.8,30.7,30.8,32.87,18846243,593925838.85,shares,0
2022-08-25,31.0,31.12,29.96,30.32,30.8,14480404,439251683.37,shares,0
2022-08-26,30.38,30.86,29.97,30.13,30.32,12234309,372209524.91,shares,0
2022-08-29,29.6,30.1,29.37,29.88,30.13,9862467,294414155.5,shares,0
2022-08-30,29.99,30.14,29.54,29.95,29.88,8543850,255434213.42,shares,0
2022-08-31,29.56,29.93,29.01,29.32,29.95,11763450,345296251.98,shares,0
2022-09-01,29.05,29.39,28.52,28.66,29.32,18709891,539782027.98,shares,0
2022-09-02,28.74,29.49,28.7,29.23,28.66,14032905,409381901.22,shares,0
2022-09-05,29.23,29.48,28.8,29.25,29.23,9133654,265961564.91,shares,0
2022-09-06,29.4,29.64,29.18,29.57,29.25,9452320,278350738.93,shares,0
2022-09-07,29.63,30.17,29.31,29.78,29.57,11856202,353322413.63,shares,0
2022-09-08,29.8,29.88,29.26,29.31,29.78,8221457,242409741.71,shares,0
2022-09-09,29.31,29.53,29.17,29.33,29.31,6525528,191283268.79,shares,0
2022-09-13,29.47,29.72,28.94,29.02,29.33,7292412,213314831.11,shares,0
2022-09-14,28.56,28.99,28.36,28.62,29.02,6792677,194635505.54,shares,0
2022-09-15,28.74,28.8,26.82,27.0,28.62,16788798,461079430.42,shares,0
2022-09-16,27.18,27.18,26.28,26.33,27.0,10376889,276722920.78,shares,0
2022-09-19,26.5,26.98,26.08,26.83,26.33,9640447,256130467.26,shares,0
2022-09-20,26.9,27.15,26.7,26.95,26.83,7545505,203154818.76,shares,0
2022-09-21,26.98,27.12,26.4,26.92,26.95,5745396,154297030.92,shares,0
2022-09-22,26.77,27.05,26.68,26.85,26.92,5253726,141260237.05,shares,0
2022-09-23,26.95,27.43,26.03,27.1,26.85,13393099,358281144.59,shares,0
2022-09-26,26.8,27.12,26.67,26.72,27.1,8984560,241196077.21,shares,0
2022-09-27,26.62,27.7,26.51,27.56,26.72,8244220,223992742.0,shares,0
2022-09-28,27.38,27.66,26.92,26.96,27.56,7242245,197779884.55,shares,0
2022-09-29,27.24,27.48,26.66,26.8,26.96,6978246,188745003.07,shares,0
2022-09-30,26.52,26.88,26.05,26.08,26.8,5534109,146246622.97,shares,0
2022-10-10,26.08,26.25,25.36,25.39,26.08,7473842,192105109.2,shares,0
2022-10-11,26.41,26.85,26.08,26.55,25.39,12043762,318360379.36,shares,0
2022-10-12,26.54,27.34,26.27,27.22,26.55,13148325,352118269.29,shares,0
2022-10-13,27.26,27.92,27.08,27.35,27.22,11483295,315151937.02,shares,0
2022-10-14,27.59,28.09,27.5,27.72,27.35,10154169,281749531.58,shares,0
2022-10-17,27.48,27.93,27.37,27.88,27.72,8039583,223231450.8,shares,0
2022-10-18,28.05,28.48,27.58,28.21,27.88,12947580,363154116.17,shares,0
2022-10-19,27.99,28.97,27.95,28.26,28.21,14305600,407970305.88,shares,0
2022-10-20,28.11,28.75,27.78,28.26,28.26,10146806,286883754.52,shares,0
2022-10-21,28.3,28.64,28.09,28.18,28.26,7754981,219543699.4,shares,0
2022-10-24,28.2,28.76,27.5,27.91,28.18,12323612,346662286.15,shares,0
2022-10-25,27.46,28.08,27.14,27.74,27.91,8560473,236760394.82,shares,0
2022-10-26,27.8,28.78,27.61,28.71,27.74,10613878,302453715.93,shares,0
2022-10-27,30.01,30.32,29.18,29.37,28.71,25792982,767081057.98,shares,0
2022-10-28,29.1,29.81,28.83,29.12,29.37,12384038,363124932.67,shares,0
2022-10-31,29.4,29.54,28.12,29.28,29.12,26373642,765891454.77,shares,0
2022-11-01,28.67,29.7,28.67,29.6,29.28,22044208,646424105.75,shares,0
2022-11-02,29.5,29.76,29.38,29.49,29.6,11616825,343423089.12,shares,0
2022-11-03,29.4,30.15,29.23,29.66,29.49,11714357,348576261.11,shares,0
2022-11-04,29.7,30.4,29.63,30.28,29.66,15926801,479497075.97,shares,0
2022-11-07,30.23,30.4,29.9,30.09,30.28,11390046,342818518.28,shares,0
2022-11-08,29.9,30.15,29.7,29.9,30.09,7985663,239018770.92,shares,0
2022-11-09,29.91,29.95,29.33,29.46,29.9,8332120,246339298.12,shares,0
2022-11-10,29.22,29.65,29.1,29.15,29.46,5991354,175905577.22,shares,0
2022-11-11,29.74,30.24,29.19,29.27,29.15,11009982,327141515.65,shares,0
2022-11-14,29.27,29.5,28.7,28.97,29.27,8865264,257910882.1,shares,0
2022-11-15,28.6,29.99,28.6,29.88,28.97,12790656,379189805.69,shares,0
2022-11-16,29.83,30.56,29.8,29.91,29.88,9314919,280309521.59,shares,0
2022-11-17,30.0,30.18,29.58,30.11,29.91,6516749,194636413.1,shares,0
2022-11-18,30.0,30.34,29.76,29.91,30.11,8267733,248639894.54,shares,0
2022-11-21,29.7,29.99,29.21,29.7,29.91,7940356,235077429.81,shares,0
2022-11-22,29.66,29.92,29.28,29.45,29.7,7996116,236791558.74,shares,0
2022-11-23,29.35,29.49,28.68,29.14,29.45,9482706,275641787.56,shares,0
2022-11-24,29.14,29.63,28.9,29.06,29.14,5873163,171092458.01,shares,0
2022-11-25,29.05,29.05,28.54,28.58,29.06,5057242,145267068.96,shares,0
2022-11-28,28.0,28.38,27.8,28.12,28.58,7425927,208488598.18,shares,0
2022-11-29,28.09,29.2,28.09,29.0,28.12,9254057,266188775.04,shares,0
2022-11-30,28.99,29.04,28.52,28.63,29.0,6080455,174560944.0,shares,0
2022-12-01,28.8,29.15,28.37,28.45,28.63,9154818,262979162.44,shares,0
2022-12-02,28.45,28.9,28.41,28.61,28.45,6526464,187260782.04,shares,0
2022-12-05,28.85,28.95,28.5,28.68,28.61,6369074,182552180.21,shares,0
2022-12-06,28.56,28.88,28.5,28.58,28.68,4651913,133421764.4,shares,0
2022-12-07,28.49,28.58,27.89,28.12,28.58,9128477,257023488.23,shares,0
2022-12-08,28.03,28.47,27.83,28.16,28.12,7569544,213380326.99,shares,0
2022-12-09,28.11,28.27,27.72,28.18,28.16,9779960,273786053.61,shares,0
2022-12-12,28.1,28.8,27.96,28.59,28.18,7842326,223518192.85,shares,0
2022-12-13,28.42,29.06,28.32,28.71,28.59,8357155,240378994.96,shares,0
2022-12-14,28.62,29.85,28.61,28.89,28.71,10176506,297718624.86,shares,0
2022-12-15,28.69,29.13,28.46,28.6,28.89,6208021,178667283.79,shares,0
2022-12-16,28.46,28.64,27.55,28.05,28.6,8302084,231959394.06,shares,0
2022-12-19,27.99,28.25,27.51,27.6,28.05,5503277,152959210.14,shares,0
2022-12-20,27.6,27.73,27.19,27.41,27.6,4195231,114903417.69,shares,0
2022-12-21,27.41,27.46,26.8,27.08,27.41,4769848,129008291.91,shares,0
2022-12-22,27.19,27.23,26.55,26.58,27.08,6204824,166076422.85,shares,0
2022-12-23,26.46,26.7,26.03,26.33,26.58,5905111,155364919.36,shares,0
2022-12-26,26.3,26.77,26.3,26.56,26.33,4784633,127267816.44,shares,0
2022-12-27,26.74,27.16,26.57,26.95,26.56,6454677,173337163.35,shares,0
2022-12-28,26.87,26.92,26.52,26.68,26.95,4141187,110471131.84,shares,0
2022-12-29,26.43,27.52,26.37,27.14,26.68,8813044,238668850.01,shares,0
2022-12-30,27.08,27.47,26.94,27.03,27.14,5779766,157166989.26,shares,0
2023-01-03,27.2,28.57,26.88,28.3,27.03,11300000,314737995.49,shares,0
2023-01-04,28.21,28.86,28.1,28.68,28.3,7476851,212973185.62,shares,0
2023-01-05,28.56,28.79,28.42,28.67,28.68,6724233,192143889.02,shares,0
2023-01-06,28.68,28.68,28.28,28.42,28.67,6878072,195869779.69,shares,0
2023-01-09,28.54,28.54,27.98,28.2,28.42,6913667,195050074.17,shares,0
2023-01-10,28.2,28.35,28.02,28.25,28.2,3806115,107450484.26,shares,0
2023-01-11,28.35,28.35,27.92,27.96,28.25,4175945,117332139.79,shares,0
2023-01-12,28.01,28.27,27.83,28.11,27.96,4138900,116163145.8,shares,0
2023-01-13,28.11,28.19,27.7,27.82,28.11,4945464,137713505.48,shares,0
2023-01-16,27.87,28.5,27.71,28.21,27.82,5829436,164893405.71,shares,0
2023-01-17,28.3,28.56,28.17,28.32,28.21,4846974,137237770.96,shares,0
2023-01-18,28.32,28.86,28.11,28.7,28.32,6034334,172524051.74,shares,0
2023-01-19,28.7,28.94,28.56,28.86,28.7,4651683,133750253.54,shares,0
2023-01-20,28.96,29.29,28.73,28.99,28.86,5732232,166115697.89,shares,0
2023-01-30,29.4,29.45,28.82,28.91,28.99,7223416,210091828.85,shares,0
2023-01-31,29.5,29.97,29.08,29.1,28.91,12389389,364297090.09,shares,0
2023-02-01,30.0,30.3,29.22,29.83,29.1,12556601,372290583.09,shares,0
2023-02-02,30.1,30.67,29.75,30.35,29.83,15688552,475326403.86,shares,0
2023-02-03,30.38,31.7,30.3,31.56,30.35,21736490,677745890.01,shares,0
2023-02-06,31.93,32.3,31.35,32.04,31.56,21355549,681956314.54,shares,0
2023-02-07,32.57,34.61,32.5,33.83,32.04,39873288,1346372387.77,shares,0
2023-02-08,34.21,34.89,33.0,33.1,33.83,20606867,693838882.44,shares,0
2023-02-09,33.0,35.46,32.25,35.18,33.1,36872470,1266532261.75,shares,0
2023-02-10,35.2,36.88,34.35,34.95,35.18,46895778,1672355326.91,shares,0
2023-02-13,35.29,36.38,34.83,35.98,34.95,33537941,1197062570.81,shares,0
2023-02-14,35.58,36.45,34.79,35.15,35.98,28198434,997523032.97,shares,0
2023-02-15,34.86,36.65,34.6,35.78,35.15,34029218,1222109769.79,shares,0
2023-02-16,35.53,36.6,34.7,35.04,35.78,25396158,903083827.5,shares,0
2023-02-17,34.83,34.89,33.17,33.35,35.04,28433285,956888238.32,shares,0
2023-02-20,33.4,34.28,33.3,34.2,33.35,17724119,599996830.39,shares,0
2023-02-21,34.2,34.41,33.53,33.72,34.2,11523183,390566734.73,shares,0
2023-02-22,33.57,34.33,33.38,33.7,33.72,10989088,371424145.72,shares,0
2023-02-23,33.55,33.94,33.35,33.5,33.7,7605910,255628297.69,shares,0
2023-02-24,33.77,35.38,33.77,34.87,33.5,26228747,915100131.38,shares,0
2023-02-27,34.76,35.27,34.39,34.58,34.87,12327370,428861367.74,shares,0
2023-02-28,35.88,36.78,35.01,35.5,34.58,27987011,1002687350.41,shares,0
2023-03-01,35.51,36.5,35.3,35.91,35.5,26757604,963886060.0,shares,0
2023-03-02,35.8,37.77,35.66,36.62,35.91,31634951,1167408048.16,shares,0
2023-03-03,35.67,36.34,35.08,35.43,36.62,27396267,975236672.39,shares,0
2023-03-06,35.25,36.48,35.25,35.57,35.43,19342203,692471140.02,shares,0
2023-03-07,35.31,35.8,34.37,34.41,35.57,18415205,642569050.68,shares,0
2023-03-08,34.5,34.97,34.0,34.63,34.41,14643564,505183302.32,shares,0
2023-03-09,34.31,34.92,33.98,34.43,34.63,11646616,399844285.97,shares,0
2023-03-10,34.05,35.1,33.96,34.32,34.43,14109847,488445578.49,shares,0
2023-03-13,34.21,35.17,33.74,34.76,34.32,17362003,602055184.43,shares,0
2023-03-14,34.43,35.35,33.55,33.55,34.76,23481801,799083347.46,shares,0
2023-03-15,33.86,34.18,32.72,32.86,33.55,18357081,609911022.47,shares,0
2023-03-16,32.63,33.23,32.36,32.63,32.86,11881195,389545789.65,shares,0
2023-03-17,32.88,35.45,32.8,34.61,32.63,27024099,933458317.64,shares,0
2023-03-20,34.65,37.38,34.62,35.82,34.61,40527279,1473808375.12,shares,0
2023-03-21,36.0,37.2,35.12,36.83,35.82,27890482,1017453961.71,shares,0
2023-03-22,36.95,44.2,36.95,44.2,36.83,77700043,3196114089.23,shares,0
2023-03-23,45.76,51.5,45.25,50.0,44.2,92458953,4448686955.76,shares,0
2023-03-24,51.15,52.82,49.32,52.23,50.0,85860366,4371772912.81,shares,0
2023-03-27,51.0,57.04,50.8,56.04,52.23,79971210,4274038708.98,shares,0
2023-03-28,54.7,56.05,53.3,53.81,56.04,58615336,3197751897.37,shares,0
2023-03-29,54.0,57.78,53.88,55.55,53.81,64673215,3609832292.62,shares,0
2023-03-30,55.08,56.49,52.0,55.0,55.55,53093610,2880082960.05,shares,0
2023-03-31,54.61,60.2,53.61,58.9,55.0,60914995,3442945558.66,shares,0
2023-04-03,60.6,68.55,59.6,67.24,58.9,76753469,4910262289.96,shares,0
2023-04-04,66.08,69.75,65.01,67.1,67.24,55628233,3744066994.39,shares,0
2023-04-06,66.99,73.31,65.61,67.0,67.1,69054408,4811856660.69,shares,0
2023-04-07,67.71,71.7,66.51,70.5,67.0,49490145,3410824405.56,shares,0
2023-04-10,71.0,77.88,67.87,70.18,70.5,60137906,4304544045.91,shares,0
2023-04-11,69.05,72.0,65.98,68.3,70.18,55244083,3778873272.67,shares,0
2023-04-12,66.91,69.66,65.0,68.57,68.3,48232278,3282025791.88,shares,0
2023-04-13,70.66,71.98,63.8,64.73,68.57,57923752,3861364269.92,shares,0
2023-04-14,65.57,67.23,63.77,66.51,64.73,47381559,3128243835.55,shares,0
2023-04-17,65.3,66.26,63.86,64.68,66.51,31945471,2073132075.55,shares,0
2023-04-18,65.02,77.62,64.4,74.48,64.68,79815628,5672390890.67,shares,0
2023-04-19,74.48,78.52,74.0,75.62,74.48,64576666,4912060065.45,shares,0
2023-04-20,76.58,82.0,76.01,81.0,75.62,61684979,4904931750.3,shares,0
2023-04-21,79.99,81.37,77.0,78.19,81.0,47221891,3723809486.17,shares,0
2023-04-24,80.57,89.16,80.56,85.41,78.19,64532461,5445679392.52,shares,0
2023-04-25,83.19,86.88,78.6,80.89,85.41,65301718,5399166232.37,shares,0
2023-04-26,81.91,85.53,78.38,79.45,80.89,66490389,5433084295.11,shares,0
2023-04-27,75.75,82.5,75.31,78.49,79.45,59863949,4737518819.53,shares,0
2023-04-28,79.56,91.11,78.83,90.0,78.49,66240980,5631069729.23,shares,0
2023-05-04,86.5,87.8,81.68,85.2,90.0,57599973,4866413676.98,shares,0
2023-05-05,86.08,87.56,75.88,78.39,85.2,59126645,4778815172.6,shares,0
2023-05-08,78.2,81.63,74.01,77.44,78.39,48267743,3779901900.85,shares,0
2023-05-09,77.55,84.8,77.55,81.94,77.44,47371182,3894593550.98,shares,0
2023-05-10,83.37,84.69,74.17,75.8,81.94,53508808,4201026130.79,shares,0
2023-05-11,75.56,76.8,72.2,72.54,75.8,44069788,3267752613.78,shares,0
2023-05-12,72.45,76.79,72.05,75.83,72.54,43043368,3236578375.5,shares,0
2023-05-15,77.0,79.87,72.49,79.6,75.83,46599084,3564786051.33,shares,0
2023-05-16,79.16,79.79,75.93,76.82,79.6,39440083,3063347443.5,shares,0
2023-05-17,77.0,82.52,76.02,79.01,76.82,43480617,3458715705.96,shares,0
2023-05-18,88.5,94.81,85.55,94.81,79.01,56136630,5107563878.76,shares,0
2023-05-19,96.01,99.59,90.81,93.55,94.81,78514443,7528546730.72,shares,0
2023-05-22,93.55,93.88,87.36,89.89,93.55,48079581,4328897415.68,shares,0
2023-05-23,90.25,92.42,86.97,87.2,89.89,52994085,4734300550.23,shares,0
2023-05-24,85.3,92.21,85.08,87.67,87.2,57179784,5079451480.87,shares,0
2023-05-25,95.88,99.89,90.0,93.18,87.67,76534059,7280837448.05,shares,0
2023-05-26,93.26,99.35,91.3,91.45,93.18,60941003,5744455159.03,shares,0
2023-05-29,94.38,102.38,94.01,96.0,91.45,62419383,6095670969.83,shares,0
2023-05-30,98.75,110.0,96.13,109.0,96.0,64626729,6642510270.12,shares,0
2023-05-31,106.03,108.09,102.3,107.5,109.0,46050564,4857237827.86,shares,0
2023-06-01,105.0,110.99,104.0,108.04,107.5,38338994,4125007352.64,shares,0
2023-06-02,111.15,112.8,104.21,106.7,108.04,28843619,3094297931.81,shares,0
2023-06-05,105.0,115.38,105.0,111.2,106.7,38850479,4319562469.38,shares,0
2023-06-06,112.0,113.5,106.18,107.31,111.0,32056415,3503934985.22,shares,0
2023-06-07,107.1,111.1,105.53,108.11,107.31,28417824,3083546380.22,shares,0
2023-06-08,106.1,109.59,103.27,106.72,108.11,34375674,3661586283.91,shares,0
2023-06-09,106.7,118.5,103.5,115.2,106.72,57981813,6407554008.07,shares,0
2023-06-12,115.2,122.64,114.0,121.5,115.2,40149743,4801762932.48,shares,0
2023-06-13,120.0,123.98,118.04,121.55,121.5,27962460,3386989453.89,shares,0
2023-06-14,124.0,134.56,121.7,129.55,121.55,40931952,5199427079.98,shares,0
2023-06-15,133.9,139.88,132.0,134.79,129.55,44066491,5954438968.96,shares,0
2023-06-16,136.35,156.5,132.64,155.0,134.79,45844670,6619310082.19,shares,0
2023-06-19,158.09,164.8,153.46,160.01,155.0,49189414,7804976288.8,shares,0
2023-06-20,160.01,170.0,156.1,170.0,160.01,45209399,7319594023.89,shares,0
2023-06-21,165.66,166.0,157.05,159.9,170.0,47377741,7643068871.28,shares,0
2023-06-26,156.56,158.0,145.24,148.0,159.9,62228126,9396374352.41,shares,0
2023-06-27,147.44,149.89,144.99,147.2,148.0,36648564,5399287868.33,shares,0
2023-06-28,139.01,145.5,132.96,141.98,147.2,47484929,6664986448.45,shares,0
2023-06-29,144.0,149.8,143.5,148.01,141.98,46171818,6777628191.39,shares,0
2023-06-30,145.0,154.58,144.02,147.45,148.01,48662214,7258615996.23,shares,0
2023-07-03,147.78,148.6,138.89,146.0,147.45,41357921,5926592733.98,shares,0
2023-07-04,146.51,150.33,145.0,146.52,146.0,31020123,4580082239.98,shares,0
2023-07-05,146.01,146.52,138.72,138.96,146.52,34139676,4864646976.18,shares,0
2023-07-06,138.78,145.56,137.7,139.8,138.96,32341159,4578612223.6,shares,0
2023-07-07,144.59,150.62,136.23,146.99,139.8,50793793,7325079902.31,shares,0
2023-07-10,145.22,146.89,137.04,143.6,146.99,41994561,5942156102.36,shares,0
2023-07-11,145.98,148.8,142.58,148.5,143.6,34545628,5054824477.21,shares,0
2023-07-12,149.5,152.0,138.79,138.79,148.5,46596161,6734275073.1,shares,0
2023-07-13,141.84,154.7,141.84,154.2,138.79,53698272,7947614825.22,shares,0
2023-07-14,156.66,159.6,151.11,155.39,154.2,53987381,8351777076.56,shares,0
2023-07-17,154.1,164.95,153.93,157.71,155.39,40598314,6478700227.2,shares,0
2023-07-18,160.08,160.5,149.99,151.29,157.71,31192160,4811204345.65,shares,0
2023-07-19,154.0,155.96,148.92,149.0,151.29,22140348,3357756300.58,shares,0
2023-07-20,147.5,148.4,129.55,130.0,149.0,67119847,9235924769.93,shares,0
2023-07-21,130.01,131.73,125.71,130.24,130.0,52738178,6789054875.3,shares,0
2023-07-24,130.16,135.93,128.88,131.0,130.24,39384208,5213235803.64,shares,0
2023-07-25,133.16,140.98,130.01,134.25,131.0,44711892,6031733705.1,shares,0
2023-07-26,134.42,135.58,127.03,129.04,134.25,40039717,5222877717.79,shares,0
2023-07-27,127.1,131.1,126.11,127.9,129.04,25327707,3245832687.27,shares,0
2023-07-28,126.63,131.19,124.6,126.9,127.9,34106699,4345023431.41,shares,0
2023-07-31,124.08,131.45,124.0,128.0,126.9,37255534,4779940266.48,shares,0
2023-08-01,128.0,135.99,127.66,134.8,128.0,48414577,6416563398.77,shares,0
2023-08-02,134.0,135.99,130.52,133.8,134.8,26423435,3525725901.26,shares,0
2023-08-03,130.38,135.49,128.33,130.51,133.8,30156950,3954508032.58,shares,0
2023-08-04,130.03,141.03,129.51,139.95,130.51,45822926,6212604411.59,shares,0
2023-08-07,141.0,146.66,138.88,141.75,139.95,41393028,5916033330.04,shares,0
2023-08-08,141.75,144.43,134.5,134.51,141.75,30327642,4213408871.02,shares,0
2023-08-09,134.18,136.15,126.61,126.84,134.51,41735228,5455563216.16,shares,0
2023-08-10,124.06,127.19,122.01,124.01,126.84,31411636,3903812258.14,shares,0
2023-08-11,125.43,127.14,121.98,121.98,124.01,20952826,2602884599.22,shares,0
2023-08-14,122.7,123.52,120.31,123.52,121.98,29986274,3653432708.25,shares,0
2023-08-15,129.0,129.88,121.01,121.9,123.52,42534771,5328572547.29,shares,0
2023-08-16,120.02,123.3,118.11,121.01,121.9,31383104,3776187151.99,shares,0
2023-08-17,118.8,124.2,117.18,122.25,121.01,32016439,3886919823.46,shares,0
2023-08-18,121.5,122.5,115.51,115.51,122.25,31517411,3733845102.84,shares,0
2023-08-21,116.33,120.55,115.3,117.87,115.51,25505247,3016721235.25,shares,0
2023-08-22,122.1,126.55,118.15,126.0,117.87,46500629,5683967305.32,shares,0
2023-08-23,123.48,123.49,118.1,119.0,126.0,28635712,3429649261.47,shares,0
2023-08-24,124.0,126.0,119.33,121.0,119.0,40958448,5006257034.18,shares,0
2023-08-25,113.33,115.14,106.01,106.95,121.0,58082049,6411278828.2,shares,0
2023-08-28,114.0,116.06,110.1,111.5,106.95,48768924,5518917338.84,shares,0
2023-08-29,113.0,121.0,109.53,115.19,111.5,43949088,5049231497.68,shares,0
2023-08-30,116.1,119.59,113.38,116.0,115.19,31384264,3637835087.61,shares,0
2023-08-31,114.0,116.34,113.75,114.62,116.0,19311098,2222072593.88,shares,0
2023-09-01,113.9,115.29,110.85,112.15,114.62,20995857,2366297059.04,shares,0
2023-09-04,112.96,113.48,110.75,112.35,112.15,16571872,1853237382.06,shares,0
2023-09-05,111.9,111.9,108.12,109.01,112.35,21438303,2351163353.2,shares,0
2023-09-06,109.12,110.95,106.8,109.7,109.01,19848040,2159984140.53,shares,0
2023-09-07,109.1,110.75,106.11,106.31,109.7,23929561,2576182319.9,shares,0
2023-09-08,103.57,107.2,102.0,105.25,106.31,28788555,3020167548.05,shares,0
2023-09-11,106.25,112.99,104.52,109.2,105.25,37972244,4157932997.96,shares,0
2023-09-12,108.08,111.88,107.55,109.92,109.2,24478655,2703602919.08,shares,0
2023-09-13,109.45,110.9,105.36,106.67,109.92,18058937,1940755914.21,shares,0
2023-09-14,107.17,108.31,102.5,102.65,106.67,24630602,2577436504.51,shares,0
2023-09-15,103.39,104.16,97.41,98.68,102.65,36380931,3651606068.73,shares,0
2023-09-18,99.0,99.59,94.72,95.5,98.68,29694648,2886881290.17,shares,0
2023-09-19,96.4,99.26,93.69,96.5,95.5,26524362,2558488943.53,shares,0
2023-09-20,96.49,100.9,96.0,97.15,96.5,27546975,2709599896.92,shares,0
2023-09-21,96.5,100.32,96.21,97.37,97.15,23977637,2360482803.09,shares,0
2023-09-22,97.97,112.92,97.5,111.08,97.37,64761080,6867634057.5,shares,0
2023-09-25,111.08,111.9,106.8,107.5,111.08,41038932,4492724323.94,shares,0
2023-09-26,109.95,115.77,109.3,111.8,107.5,44213329,4973206850.65,shares,0
2023-09-27,111.25,116.2,111.25,114.07,111.8,27608180,3148705127.92,shares,0
2023-09-28,117.88,119.33,114.02,115.8,114.07,30639080,3565312268.9,shares,0
2023-10-09,115.43,116.98,107.51,111.06,115.8,44249393,4935200179.74,shares,0
2023-10-10,110.37,112.72,107.98,109.45,111.06,25541230,2811180252.06,shares,0
2023-10-11,110.55,113.77,107.66,109.73,109.45,25465543,2814276801.21,shares,0
2023-10-12,111.0,111.42,105.63,106.67,109.73,21826595,2341724753.0,shares,0
2023-10-13,105.8,106.37,100.9,102.37,106.67,29490560,3035091200.9,shares,0
2023-10-16,101.35,102.78,99.38,100.01,102.37,22284027,2239102029.46,shares,0
2023-10-17,101.12,103.5,97.88,100.56,100.01,23803860,2390436762.74,shares,0
2023-10-18,96.61,98.11,93.22,97.45,100.56,34566383,3319570126.92,shares,0
2023-10-19,96.77,97.51,94.23,94.64,97.45,22135469,2112414474.78,shares,0
2023-10-20,96.98,97.17,93.76,94.07,94.64,25065479,2386369704.68,shares,0
2023-10-23,97.17,99.16,93.7,96.1,94.07,39084954,3745740421.24,shares,0
2023-10-24,98.2,101.8,94.52,95.8,96.1,58002778,5694715205.23,shares,0
2023-10-25,91.46,95.64,87.8,88.01,95.8,57993066,5257017631.25,shares,0
2023-10-26,88.66,90.75,87.61,89.9,88.01,34997231,3115896145.44,shares,0
2023-10-27,89.01,90.28,87.42,89.41,89.9,27273075,2430655711.25,shares,0
2023-10-30,89.37,90.8,87.5,89.82,89.41,27303212,2435833702.88,shares,0
2023-10-31,90.2,90.61,85.91,87.75,89.82,27760236,2422980989.41,shares,0
2023-11-01,87.2,88.6,85.05,85.22,87.75,22698982,1962819213.68,shares,0
2023-11-02,86.54,89.33,85.9,85.93,85.22,27315337,2385194800.36,shares,0
2023-11-03,86.5,91.16,86.5,88.65,85.93,38320998,3426594903.36,shares,0
2023-11-06,90.44,91.91,89.0,91.42,88.65,37425526,3392829396.68,shares,0
2023-11-07,90.89,104.0,90.28,99.2,91.42,56386546,5399560130.03,shares,0
2023-11-08,97.1,98.57,95.71,96.65,99.2,35627587,3451750190.51,shares,0
2023-11-09,99.0,103.17,98.3,100.99,96.65,39970041,4027566223.09,shares,0
2023-11-10,100.5,105.2,100.0,101.54,100.99,31322806,3214256450.2,shares,0
2023-11-13,105.8,108.51,103.8,104.9,101.54,37887467,4025461363.07,shares,0
2023-11-14,104.91,107.64,102.55,105.01,104.9,27545433,2892680627.72,shares,0
2023-11-15,108.0,108.0,100.13,104.0,105.01,30809091,3176885728.48,shares,0
2023-11-16,102.0,103.9,100.01,100.04,104.0,23617144,2397920624.81,shares,0
2023-11-17,100.09,107.0,100.09,105.59,100.04,31693254,3260389726.16,shares,0
2023-11-20,103.65,105.57,100.58,102.35,105.59,32604134,3342265675.96,shares,0
2023-11-21,103.88,107.3,103.09,103.57,102.35,29244105,3067829702.32,shares,0
2023-11-22,102.0,102.5,97.3,97.36,103.57,36776498,3646456165.78,shares,0
2023-11-23,96.89,98.5,95.8,98.14,97.36,20694198,2012153493.34,shares,0
2023-11-24,97.31,97.77,93.86,94.4,98.14,20077347,1911066593.67,shares,0
2023-11-27,94.01,99.17,94.0,97.88,94.4,27819069,2690866547.08,shares,0
2023-11-28,96.5,97.09,94.06,94.75,97.88,16103190,1528746475.35,shares,0
2023-11-29,94.92,95.8,93.45,94.74,94.75,15955057,1510402395.39,shares,0
2023-11-30,94.1,95.35,93.58,94.92,94.74,15167633,1434217214.14,shares,0
2023-12-01,94.89,101.54,93.14,100.0,94.92,41044613,4008161831.52,shares,0
2023-12-04,100.52,105.0,100.1,102.78,100.0,35437696,3652847132.31,shares,0
2023-12-05,101.88,103.99,100.51,100.8,102.78,27060750,2763096764.54,shares,0
2023-12-06,100.0,101.5,98.8,100.68,100.8,17717683,1775299067.52,shares,0
2023-12-07,102.6,105.5,100.22,104.37,100.68,32380660,3356657902.84,shares,0
2023-12-08,107.86,119.9,106.03,117.5,104.37,62843848,7103915957.8,shares,0
2023-12-11,117.24,121.0,114.22,120.15,117.5,44329042,5235994390.25,shares,0
2023-12-12,120.12,121.5,112.0,114.96,120.15,43834398,5097963380.38,shares,0
2023-12-13,114.15,115.99,113.13,113.4,114.96,20526410,2346037368.53,shares,0
2023-12-14,115.0,116.88,112.1,112.81,113.4,23896245,2737229888.8,shares,0
2023-12-15,113.38,114.3,108.56,110.05,112.81,20130343,2227687542.58,shares,0
2023-12-18,109.12,115.5,108.51,113.39,110.05,27400048,3091409583.32,shares,0
2023-12-19,114.13,114.89,109.99,113.19,113.39,19986806,2241974668.52,shares,0
2023-12-20,113.2,113.56,107.55,109.3,113.19,23889801,2615125511.08,shares,0
2023-12-21,108.21,117.9,107.44,114.19,109.3,29879841,3366749240.78,shares,0
2023-12-22,112.68,114.66,109.38,110.39,114.19,23863535,2672138708.25,shares,0
2023-12-25,111.11,113.28,107.68,111.25,110.39,15221014,1685997617.85,shares,0
2023-12-26,110.59,111.38,105.61,106.96,111.25,19558462,2102879808.26,shares,0
2023-12-27,107.58,109.01,106.61,107.13,106.96,13351065,1437142545.06,shares,0
2023-12-28,106.88,110.2,106.4,109.01,107.13,19907861,2165419497.24,shares,0
2023-12-29,109.11,115.93,109.08,112.91,109.01,24104716,2718458839.57,shares,0
2024-01-02,112.85,114.78,110.53,110.61,112.91,14791052,1658786396.25,shares,0
2024-01-03,109.11,109.99,104.89,104.99,110.61,22108689,2356778140.41,shares,0
2024-01-04,104.7,105.67,102.36,104.0,104.99,16650744,1734928760.13,shares,0
2024-01-05,103.62,104.5,99.2,100.03,104.0,17552090,1773515105.41,shares,0
2024-01-08,99.8,101.11,97.82,98.8,100.03,13263010,1316070423.6,shares,0
2024-01-09,101.78,103.53,100.5,101.32,98.8,20001059,2039717585.89,shares,0
2024-01-10,101.33,102.71,98.3,100.0,101.32,13860209,1393780738.2,shares,0
2024-01-11,100.0,104.48,99.91,103.39,100.0,19289732,1984685244.82,shares,0
2024-01-12,102.63,102.98,99.56,100.56,103.39,13842001,1398417951.14,shares,0
2024-01-15,99.36,103.6,99.36,101.88,100.56,12647626,1289058895.36,shares,0
2024-01-16,100.89,101.26,98.4,100.29,101.88,16902585,1682657692.46,shares,0
2024-01-17,100.66,102.84,99.02,99.02,100.29,19193181,1945345016.6,shares,0
2024-01-18,97.04,109.95,96.83,109.83,99.02,37099766,3850429267.6,shares,0
2024-01-19,112.3,113.58,110.39,111.0,109.83,31897323,3573579547.19,shares,0
2024-01-22,116.0,116.5,110.99,111.6,111.0,32714966,3731497973.28,shares,0
2024-01-23,111.99,117.26,110.84,114.0,111.6,29756999,3408601776.08,shares,0
2024-01-24,113.65,114.18,108.98,113.7,114.0,26955248,3016646610.31,shares,0
2024-01-25,112.48,119.2,111.42,118.35,113.7,29700979,3452818091.97,shares,0
2024-01-26,117.99,118.0,113.8,115.96,118.35,23214974,2684718247.11,shares,0
2024-01-29,113.65,113.65,96.7,103.82,115.96,42655860,4424563970.59,shares,0
2024-01-30,103.0,105.8,100.73,101.2,103.82,21396846,2200544065.06,shares,0
2024-01-31,100.02,107.89,98.75,102.8,101.2,28299456,2927986702.98,shares,0
2024-02-01,103.79,116.0,101.55,111.05,102.8,35111551,3847918800.15,shares,0
2024-02-02,111.88,113.88,107.7,109.85,111.05,27957811,3103259131.21,shares,0
2024-02-05,108.0,117.43,107.87,112.0,109.85,36554728,4102681202.6,shares,0
2024-02-06,110.66,124.88,109.8,124.88,112.0,35496880,4195653491.95,shares,0
2024-02-07,123.1,125.99,121.59,124.61,124.88,27058041,3350814368.95,shares,0
2024-02-08,127.5,137.0,124.8,127.0,124.61,35591806,4632654850.14,shares,0
2024-02-19,138.0,152.4,133.86,152.4,127.0,41589102,5903577723.05,shares,0
2024-02-20,153.0,162.99,151.0,159.5,152.4,44837230,7034768610.92,shares,0
2024-02-21,152.0,154.03,147.3,149.96,159.5,45141645,6804226869.08,shares,0
2024-02-22,158.05,159.64,149.47,154.51,149.96,41951491,6487864847.23,shares,0
2024-02-23,160.0,161.0,147.05,147.73,154.51,49034104,7510727153.74,shares,0
2024-02-26,142.03,151.41,142.03,149.03,147.73,33292672,4922663307.35,shares,0
2024-02-27,147.46,164.7,146.02,161.94,149.03,45132277,7020038750.49,shares,0
2024-02-28,161.0,162.9,149.81,149.81,161.94,40110610,6279629115.49,shares,0
2024-02-29,153.0,158.8,151.0,155.16,149.81,36809385,5701688971.7,shares,0
2024-03-01,156.03,163.52,156.03,161.1,155.16,37820658,6060755920.57,shares,0
2024-03-04,166.11,170.66,160.11,165.66,161.1,40503456,6720413345.31,shares,0
2024-03-05,163.3,179.9,162.62,169.16,165.66,46923422,8060200295.56,shares,0
2024-03-06,167.0,170.2,162.84,167.28,169.16,30407979,5067085333.05,shares,0
2024-03-07,170.0,174.77,164.0,164.14,167.28,30368922,5133479836.38,shares,0
2024-03-08,168.87,176.93,164.65,174.99,164.14,36453783,6201217393.43,shares,0
2024-03-11,167.03,170.97,164.28,170.6,174.99,34161721,5731310734.39,shares,0
2024-03-12,169.8,171.59,159.77,164.85,170.6,36190452,5953070254.67,shares,0
2024-03-13,171.41,171.88,164.89,165.0,164.85,31768352,5342846964.99,shares,0
2024-03-14,162.0,172.0,162.0,169.53,165.0,31101666,5214891325.74,shares,0
2024-03-15,167.0,180.4,165.59,177.36,169.53,38974233,6764300159.69,shares,0
2024-03-18,178.75,186.08,177.59,179.99,177.36,32993596,5992840652.38,shares,0
2024-03-19,173.31,176.65,171.45,173.81,179.99,33277231,5780641201.97,shares,0
2024-03-20,172.0,175.66,166.0,168.96,173.81,32157969,5463505015.48,shares,0
2024-03-21,169.24,172.66,166.33,167.68,168.96,25327281,4286810984.76,shares,0
2024-03-22,168.0,170.52,166.36,167.68,167.68,22615344,3808295940.43,shares,0
2024-03-25,167.96,171.88,164.0,166.51,167.68,22335677,3768601701.97,shares,0
2024-03-26,165.51,172.78,150.0,158.5,166.51,46524626,7652591654.46,shares,0
2024-03-27,160.78,161.97,152.76,154.2,158.5,29085648,4521397248.86,shares,0
2024-03-28,155.01,159.88,151.13,154.69,154.2,26330865,4086742971.77,shares,0
2024-03-29,153.1,157.0,151.85,156.56,154.69,16722033,2590950115.53,shares,0
2024-04-01,157.79,163.88,155.77,163.0,156.56,21793143,3504589328.09,shares,0
2024-04-02,162.0,166.0,160.03,162.55,163.0,19455616,3171195444.51,shares,0
2024-04-03,159.0,160.55,155.63,156.1,162.55,16630436,2618840278.72,shares,0
2024-04-08,155.6,169.3,155.6,164.56,156.1,25924309,4269465704.43,shares,0
2024-04-09,164.0,165.98,160.23,164.9,164.56,17038329,2785007976.23,shares,0
2024-04-10,162.27,164.88,157.0,159.5,164.9,16849086,2696699548.8,shares,0
2024-04-11,161.0,164.58,159.79,160.15,159.5,14886291,2416242537.32,shares,0
2024-04-12,164.0,174.3,163.5,169.33,160.15,30735097,5182115971.29,shares,0
2024-04-15,167.79,172.54,166.56,169.5,169.33,17939594,3047691505.21,shares,0
2024-04-16,167.3,172.5,163.05,166.36,169.5,18793545,3145449648.68,shares,0
2024-04-17,168.33,176.05,166.0,174.61,166.36,21453565,3698968619.22,shares,0
2024-04-18,170.66,176.3,168.2,173.38,174.61,16413547,2824168101.48,shares,0
2024-04-19,172.15,175.24,163.9,170.7,173.38,21452837,3624908306.27,shares,0
2024-04-22,155.0,159.99,150.88,158.36,170.7,34918256,5442876599.6,shares,0
2024-04-23,158.97,161.86,154.47,157.51,158.36,24066710,3799155366.65,shares,0
2024-04-24,159.77,169.0,157.86,168.27,157.51,27610733,4549241862.16,shares,0
2024-04-25,164.9,167.83,163.28,164.15,168.27,16671806,2750304963.5,shares,0
2024-04-26,170.99,187.98,170.6,184.86,164.15,40657835,7323462759.73,shares,0
2024-04-29,187.96,190.0,185.52,187.7,184.86,24975974,4689147215.86,shares,0
2024-04-30,187.5,192.88,186.1,186.31,187.7,16590148,3125768465.8,shares,0
2024-05-06,191.0,192.61,182.85,183.22,186.31,19870175,3706333215.84,shares,0
2024-05-07,187.78,188.72,172.1,176.79,183.22,30864435,5529937098.98,shares,0
2024-05-08,175.5,177.93,173.5,174.8,176.79,16068787,2814674417.43,shares,0
2024-05-09,173.9,174.6,168.22,173.18,174.8,18207993,3126602030.62,shares,0
2024-05-10,170.8,172.68,166.68,171.2,173.18,15323894,2601899901.85,shares,0
2024-05-13,172.5,176.0,170.46,171.55,171.2,16663990,2884117089.57,shares,0
2024-05-14,171.86,173.0,164.69,165.43,171.55,21466095,3588889956.51,shares,0
2024-05-15,165.01,171.21,164.5,166.77,165.43,15412144,2592032884.78,shares,0
2024-05-16,171.98,174.58,170.0,170.5,166.77,23207531,3996205959.38,shares,0
2024-05-17,167.8,173.31,164.23,170.58,170.5,19908093,3355521484.31,shares,0
2024-05-20,169.0,178.85,166.5,176.86,170.58,24224938,4216190045.7,shares,0
2024-05-21,176.66,180.3,175.75,177.43,176.86,13305216,2365089270.49,shares,0
2024-05-22,176.0,176.88,172.72,173.17,177.43,13940035,2424031283.01,shares,0
2024-05-23,178.0,179.67,168.88,173.79,173.17,22164506,3862401523.25,shares,0
2024-05-24,172.0,179.74,164.98,165.39,173.79,27366578,4707445197.22,shares,0
2024-05-27,166.11,170.89,165.0,168.39,165.39,16695123,2800223305.62,shares,0
2024-05-28,167.0,167.39,160.1,161.01,168.39,24734629,4020566727.58,shares,0
2024-05-29,165.0,166.0,160.47,161.0,161.01,15789813,2569503575.2,shares,0
2024-05-30,161.1,162.9,158.66,159.97,161.0,10958541,1761805684.01,shares,0
2024-05-31,157.0,162.68,154.54,157.27,159.97,14953577,2374106005.93,shares,0
2024-06-03,161.0,171.71,159.33,168.35,157.27,28507597,4731275316.08,shares,0
2024-06-04,170.0,174.99,169.4,173.0,168.35,20440158,3530988622.66,shares,0
2024-06-05,172.1,173.5,166.96,166.96,173.0,14107165,2396263069.62,shares,0
2024-06-06,123.3,129.92,123.3,125.42,119.64,40541005,5135755310.06,shares,0
2024-06-07,124.1,125.94,118.99,119.51,125.42,31591658,3833371066.52,shares,0
2024-06-11,118.99,121.66,117.39,119.01,119.51,19973543,2379405437.65,shares,0
2024-06-12,119.0,121.33,117.02,119.21,119.01,16624956,1985567478.74,shares,0
2024-06-13,120.87,126.43,119.68,123.7,119.21,30630949,3771612455.29,shares,0
2024-06-14,125.01,140.48,124.08,138.3,123.7,58687383,7839639212.24,shares,0
2024-06-17,141.0,144.94,140.5,142.51,138.3,37826641,5391099007.46,shares,0
2024-06-18,142.58,151.49,142.58,146.91,142.51,34457834,5098018675.63,shares,0
2024-06-19,149.75,150.24,144.2,146.0,146.91,24641347,3612996769.28,shares,0
2024-06-20,146.0,148.96,144.66,144.7,146.0,20839844,3048856053.76,shares,0
2024-06-21,140.5,145.8,140.01,143.0,144.7,23695838,3370036604.88,shares,0
2024-06-24,145.2,146.49,139.55,140.21,143.0,20461306,2921350284.06,shares,0
2024-06-25,135.0,137.6,133.55,134.9,140.21,26448922,3578138738.55,shares,0
2024-06-26,138.0,140.77,137.6,140.0,134.9,26628316,3707870889.42,shares,0
2024-06-27,137.97,140.0,135.8,136.14,140.0,17307415,2379118679.84,shares,0
2024-06-28,136.0,141.84,135.75,137.88,136.14,22826311,3172321953.72,shares,0
2024-07-01,137.35,146.33,137.01,144.9,137.88,29649324,4223116020.64,shares,0
2024-07-02,144.98,147.66,142.7,145.61,144.9,22876893,3316855736.65,shares,0
2024-07-03,144.0,144.45,140.1,143.5,145.61,15117526,2158450975.94,shares,0
2024-07-04,145.8,147.35,143.01,143.01,143.5,17276664,2504152996.55,shares,0
2024-07-05,143.6,144.28,138.71,141.5,143.01,18038676,2543120859.94,shares,0
2024-07-08,146.09,147.0,142.39,144.39,141.5,20380790,2949013371.75,shares,0
2024-07-09,143.89,156.0,142.41,154.33,144.39,31006787,4642266377.34,shares,0
2024-07-10,154.0,157.97,152.58,157.53,154.33,23634459,3673033725.23,shares,0
2024-07-11,159.21,159.68,149.3,153.26,157.53,29084256,4476813445.02,shares,0
2024-07-12,148.11,150.97,146.0,150.12,153.26,20031226,2976010773.97,shares,0
2024-07-15,148.0,151.37,145.3,149.58,150.12,17939747,2664238645.68,shares,0
2024-07-16,149.68,150.48,143.8,148.12,149.58,25208646,3698321624.46,shares,0
2024-07-17,146.98,147.47,140.43,141.71,148.12,28992286,4145866194.65,shares,0
2024-07-18,136.01,140.51,133.25,140.0,141.71,33790852,4619009628.75,shares,0
2024-07-19,137.2,139.3,134.96,134.98,140.0,22467107,3063009878.69,shares,0
2024-07-22,134.0,136.5,132.14,134.6,134.98,20627130,2777150119.3,shares,0
2024-07-23,137.0,137.08,130.9,130.92,134.6,20271751,2707670559.85,shares,0
2024-07-24,129.51,135.5,129.19,130.34,130.92,22128889,2916400939.06,shares,0
2024-07-25,126.7,127.38,120.85,122.27,130.34,34355360,4246699227.33,shares,0
2024-07-26,122.71,125.8,121.07,124.25,122.27,22474501,2778076040.4,shares,0
2024-07-29,123.99,131.31,123.16,129.59,124.25,26996345,3466688555.99,shares,0
2024-07-30,128.0,129.48,125.68,127.66,129.59,15853869,2022304841.93,shares,0
2024-07-31,126.38,130.0,123.1,129.5,127.66,28132675,3589623009.74,shares,0
2024-08-01,134.5,135.45,129.51,129.9,129.5,27979215,3706785027.41,shares,0
2024-08-02,122.38,124.22,118.68,118.98,129.9,37967625,4584955950.49,shares,0
2024-08-05,113.04,116.8,108.99,110.12,118.98,47058902,5309927854.75,shares,0
2024-08-06,114.9,117.24,112.92,114.48,110.12,33381785,3824830262.39,shares,0
2024-08-07,113.0,116.0,112.0,113.32,114.48,20635259,2351788735.31,shares,0
2024-08-08,110.0,112.29,109.0,110.5,113.32,20445152,2259430351.07,shares,0
2024-08-09,113.0,115.0,112.28,112.53,110.5,25518205,2902018840.72,shares,0
2024-08-12,112.35,115.4,112.35,113.35,112.53,17528998,1998402060.18,shares,0
2024-08-13,115.0,118.49,114.1,116.94,113.35,25479647,2963496085.06,shares,0
2024-08-14,120.02,120.5,115.78,115.78,116.94,20635483,2433217393.48,shares,0
2024-08-15,115.76,116.92,113.8,115.1,115.78,14976250,1726995551.53,shares,0
2024-08-16,118.2,121.89,118.2,119.96,115.1,27506293,3304747086.0,shares,0
2024-08-19,121.2,123.65,119.45,121.64,119.96,18725366,2286153025.6,shares,0
2024-08-20,123.99,125.18,121.25,121.69,121.64,16960535,2085883211.04,shares,0
2024-08-21,120.2,123.77,120.0,122.22,121.69,13381497,1634151027.06,shares,0
2024-08-22,122.46,123.27,120.47,121.39,122.22,10673465,1302086377.83,shares,0
2024-08-23,120.99,121.48,118.5,119.92,121.39,12275356,1468408090.23,shares,0
2024-08-26,121.8,122.37,112.86,114.34,119.92,26366268,3067115171.05,shares,0
2024-08-27,113.51,115.58,111.72,113.25,114.34,16377596,1856846884.28,shares,0
2024-08-28,113.0,115.51,111.23,112.56,113.25,14895224,1681050556.79,shares,0
2024-08-29,106.77,107.5,102.3,106.64,112.56,37485099,3940028514.19,shares,0
2024-08-30,106.42,110.9,106.33,108.9,106.64,31259546,3403573396.24,shares,0
2024-09-02,108.55,109.37,104.0,104.13,108.9,22085824,2327052895.39,shares,0
2024-09-03,104.15,106.11,103.2,105.31,104.13,13014877,1363679675.85,shares,0
2024-09-04,99.0,103.16,98.0,101.9,105.31,31225853,3128802939.85,shares,0
2024-09-05,101.89,104.01,100.41,101.67,101.9,18634620,1905466635.6,shares,0
2024-09-06,101.0,102.21,99.19,99.42,101.67,14485606,1452842457.59,shares,0
2024-09-09,98.6,102.3,97.76,102.0,99.42,19469552,1943246213.2,shares,0
2024-09-10,102.2,108.73,101.34,106.43,102.0,33098828,3482064294.4,shares,0
2024-09-11,108.38,109.15,105.56,106.18,106.43,19611607,2100813641.13,shares,0
2024-09-12,111.0,112.0,107.9,108.0,106.18,22198433,2433910085.73,shares,0
2024-09-13,108.3,116.7,108.27,115.94,108.0,35283994,4029348720.79,shares,0
2024-09-18,114.0,116.22,113.01,113.64,115.94,15117560,1728577258.29,shares,0
2024-09-19,114.12,114.59,106.66,110.03,113.64,27338454,2991633108.73,shares,0
2024-09-20,111.9,112.5,108.18,109.0,110.03,16076308,1764719014.52,shares,0
2024-09-23,108.18,111.21,107.49,108.9,109.0,12615349,1383375272.34,shares,0
2024-09-24,109.13,122.17,109.13,122.16,108.9,36020719,4180930935.09,shares,0
2024-09-25,125.69,126.5,121.61,121.99,122.16,28631151,3541934247.13,shares,0
2024-09-26,123.01,129.98,121.7,129.68,121.99,26838969,3378957115.75,shares,0
2024-09-27,128.79,137.68,126.06,133.6,129.68,49555524,6509047689.14,shares,0
2024-09-30,136.0,155.5,132.0,154.86,133.6,61306531,8838229249.0,shares,0
2024-10-08,185.8,185.83,161.7,185.83,154.86,74989328,13308382364.43,shares,0
2024-10-09,175.11,185.57,163.5,166.4,185.83,65754769,11459742447.2,shares,0
2024-10-10,168.2,169.69,157.0,162.71,166.4,46360897,7589027759.44,shares,0
2024-10-11,159.01,168.3,156.69,159.64,162.71,35176110,5695350470.41,shares,0
2024-10-14,159.0,162.58,152.35,162.0,159.64,42267443,6663611573.55,shares,0
2024-10-15,161.0,167.06,157.68,157.8,162.0,32637433,5281197957.97,shares,0
2024-10-16,151.86,154.73,147.66,148.7,157.8,37880480,5693117227.2,shares,0
2024-10-17,151.0,153.5,148.75,150.5,148.7,25106707,3793453546.36,shares,0
2024-10-18,150.0,177.0,149.66,168.0,150.5,58646401,9564395289.77,shares,0
2024-10-21,166.4,171.8,159.11,164.97,168.0,54772748,9003582218.37,shares,0
2024-10-22,169.0,170.33,163.5,170.0,164.97,40726439,6821195796.48,shares,0
2024-10-23,160.0,162.62,155.7,156.16,170.0,60557867,9627559751.59,shares,0
2024-10-24,154.85,165.98,154.5,157.1,156.16,44036428,7032009240.81,shares,0
2024-10-25,158.89,159.81,153.65,156.36,157.1,38942613,6088855157.12,shares,0
2024-10-28,156.37,156.75,148.1,150.54,156.36,40852110,6160960449.52,shares,0
2024-10-29,147.9,148.0,143.07,143.47,150.54,49801454,7211970250.52,shares,0
2024-10-30,143.0,145.5,139.32,141.25,143.47,36838890,5242208019.15,shares,0
2024-10-31,140.0,146.28,138.8,143.02,141.25,37454132,5363028638.58,shares,0
2024-11-01,141.48,145.86,139.51,140.73,143.02,29520830,4204138032.13,shares,0
2024-11-04,141.99,146.9,140.99,143.15,140.73,26075221,3740161224.37,shares,0
2024-11-05,143.15,148.83,142.5,148.29,143.15,44324009,6484766792.12,shares,0
2024-11-06,148.35,149.2,142.01,142.9,148.29,41890786,6100124907.34,shares,0
2024-11-07,138.97,147.78,136.36,145.08,142.9,42156301,5996295117.54,shares,0
2024-11-08,147.51,151.22,142.21,142.21,145.08,49400009,7280882877.05,shares,0
2024-11-11,141.0,147.2,138.02,144.9,142.21,43402414,6205807617.22,shares,0
2024-11-12,145.01,150.77,142.51,147.5,144.9,54581620,8039834358.99,shares,0
2024-11-13,146.52,158.08,144.1,156.3,147.5,67028063,10232668482.79,shares,0
2024-11-14,154.75,156.57,148.09,148.81,156.3,39636138,6015707948.27,shares,0
2024-11-15,148.81,152.88,140.2,140.5,148.81,37995502,5538616904.88,shares,0
2024-11-18,139.0,139.96,130.88,132.01,140.5,40771630,5496304221.93,shares,0
2024-11-19,133.33,136.67,129.87,134.8,132.01,29837101,3969159057.69,shares,0
2024-11-20,135.49,141.49,135.38,138.14,134.8,33693798,4677398032.5,shares,0
2024-11-21,136.01,138.3,131.25,133.8,138.14,32328505,4349951087.59,shares,0
2024-11-22,133.8,138.98,131.78,132.28,133.8,30118768,4081642111.31,shares,0
2024-11-25,132.5,133.8,122.5,125.0,132.28,43013653,5401072946.88,shares,0
2024-11-26,124.0,129.0,123.5,127.04,125.0,31049679,3928288904.89,shares,0
2024-11-27,126.0,130.49,124.41,128.69,127.04,24617643,3137692951.42,shares,0
2024-11-28,127.42,127.89,124.3,124.79,128.69,25241152,3163033241.94,shares,0
2024-11-29,125.0,129.86,124.53,126.73,124.79,28490544,3621763223.33,shares,0
2024-12-02,127.99,134.16,127.45,132.03,126.73,34766323,4579339760.02,shares,0
2024-12-03,132.0,133.2,128.88,130.0,132.03,19942208,2612636277.14,shares,0
2024-12-04,129.58,131.38,127.3,128.02,130.0,18563323,2386692594.76,shares,0
2024-12-05,129.11,134.46,128.95,131.84,128.02,31761107,4208443763.23,shares,0
2024-12-06,132.06,134.2,130.79,131.51,131.84,20295620,2684755838.34,shares,0
2024-12-09,131.55,131.59,123.41,125.1,131.51,37629052,4745718896.83,shares,0
2024-12-10,128.85,128.86,121.52,123.15,125.1,45022510,5595924296.66,shares,0
2024-12-11,122.0,126.19,120.11,125.13,123.15,32730718,4066996983.01,shares,0
2024-12-12,125.0,131.62,124.88,130.17,125.13,45017407,5842276217.88,shares,0
2024-12-13,130.0,131.38,125.16,127.1,130.17,34654588,4411765096.19,shares,0
2024-12-16,127.97,128.23,122.28,122.8,127.1,29185463,3608913165.26,shares,0
2024-12-17,123.0,130.47,122.55,125.99,122.8,41261426,5244452693.23,shares,0
2024-12-18,127.2,127.5,122.66,123.43,125.99,26538861,3284955705.73,shares,0
2024-12-19,122.18,127.53,121.8,127.04,123.43,31095936,3902829555.78,shares,0
2024-12-20,126.31,129.99,126.31,127.1,127.04,29491021,3776819027.21,shares,0
2024-12-23,129.5,135.76,128.28,132.59,127.1,52194941,6901435243.76,shares,0
2024-12-24,133.01,134.2,128.18,131.61,132.59,35099308,4577779698.25,shares,0
2024-12-25,131.22,137.94,130.69,134.99,131.61,36355930,4913728770.03,shares,0
2024-12-26,135.87,141.5,133.56,140.8,134.99,42898226,5971765588.54,shares,0
2024-12-27,141.11,141.56,135.73,136.85,140.8,33332198,4613987532.08,shares,0
2024-12-30,138.0,138.3,130.08,131.18,136.85,36501513,4836103733.4,shares,0
2024-12-31,130.96,131.0,123.5,123.51,131.18,39387658,4941393710.96,shares,0
2025-01-02,122.8,125.8,120.7,122.11,123.51,26859647,3303452726.75,shares,0
2025-01-03,122.51,124.7,121.0,123.01,122.11,26789678,3306147593.73,shares,0
2025-01-06,124.88,128.28,124.5,125.49,123.01,26393200,3326729195.36,shares,0
2025-01-07,126.36,128.6,123.6,128.35,125.49,29200585,3683257701.98,shares,0
2025-01-08,125.88,125.9,121.72,124.22,128.35,28637118,3554744439.57,shares,0
2025-01-09,123.01,123.7,121.48,121.51,124.22,29351017,3584962690.99,shares,0
2025-01-10,121.44,121.44,112.8,113.13,121.51,53030279,6122576672.42,shares,0
2025-01-13,110.2,114.08,109.69,110.8,113.13,35746715,3992272252.66,shares,0
2025-01-14,110.9,114.5,108.78,114.35,110.8,38343364,4312170497.87,shares,0
2025-01-15,113.21,113.38,110.23,110.54,114.35,29329735,3263095816.74,shares,0
2025-01-16,111.88,120.37,110.7,119.49,110.54,71047774,8243630407.08,shares,0
2025-01-17,120.0,120.58,115.15,116.9,119.49,44653942,5243522713.51,shares,0
2025-01-20,117.96,121.4,117.84,119.16,116.9,39065204,4674892853.46,shares,0
2025-01-21,122.0,122.96,118.38,119.56,119.16,38273868,4591929868.74,shares,0
2025-01-22,121.88,133.95,121.6,132.0,119.56,84480270,10837318835.13,shares,0
2025-01-23,132.58,134.67,127.31,127.75,132.0,60841961,7960645534.81,shares,0
2025-01-24,127.14,129.96,126.24,128.25,127.75,41111589,5262527038.63,shares,0
2025-01-27,123.0,123.0,114.82,114.82,128.25,68194240,8075435666.98,shares,0
2025-02-05,109.0,109.0,95.82,98.25,114.82,97108077,9629075682.44,shares,0
2025-02-06,100.79,101.28,98.03,101.0,98.25,65465822,6532642386.11,shares,0
2025-02-07,102.0,109.4,101.71,107.78,101.0,76269859,8139501247.69,shares,0
2025-02-10,110.66,111.47,107.81,110.62,107.78,50515182,5543789606.11,shares,0
2025-02-11,111.02,113.88,109.6,111.5,110.62,43879471,4927359418.52,shares,0
2025-02-12,110.7,111.99,110.0,111.9,111.5,35424579,3929730502.8,shares,0
2025-02-13,111.0,111.33,108.06,108.12,111.9,39434996,4318115857.54,shares,0
2025-02-14,109.77,111.33,106.05,107.43,108.12,36238937,3928766783.56,shares,0
2025-02-17,108.61,117.86,108.6,115.56,107.43,71522444,8128766872.93,shares,0
2025-02-18,114.41,116.98,113.02,113.59,115.56,45956234,5263769142.19,shares,0
2025-02-19,114.15,114.66,111.46,114.24,113.59,37706356,4275525686.98,shares,0
2025-02-20,114.21,116.24,112.61,114.44,114.24,35372954,4047899987.88,shares,0
2025-02-21,115.89,120.7,114.8,118.73,114.44,57448644,6788966745.72,shares,0
2025-02-24,118.0,118.0,114.01,114.5,118.73,52055371,5995134436.18,shares,0
2025-02-25,111.01,113.12,110.5,111.35,114.5,45792824,5120902634.46,shares,0
2025-02-26,110.76,112.36,108.01,112.22,111.35,49434007,5415565181.99,shares,0
2025-02-27,113.8,114.83,107.53,108.18,112.22,52782129,5833183623.88,shares,0
2025-02-28,103.0,103.97,100.22,100.87,108.18,55544097,5674377804.43,shares,0
2025-03-03,102.44,104.48,100.12,102.77,100.87,42604042,4363389326.91,shares,0
2025-03-04,98.28,103.28,97.8,102.46,102.77,32135294,3233931382.08,shares,0
2025-03-05,102.98,104.97,102.39,103.46,102.46,25224888,2610957400.25,shares,0
2025-03-06,104.0,106.48,102.8,105.17,103.46,40955870,4275344977.54,shares,0
2025-03-07,103.77,103.79,101.86,102.24,105.17,32776847,3364355917.99,shares,0
2025-03-10,102.24,103.1,101.0,102.38,102.24,24064002,2451720611.87,shares,0
2025-03-11,100.0,101.81,99.4,101.78,102.38,20559951,2072991848.54,shares,0
2025-03-12,102.7,103.58,101.81,102.36,101.78,25600942,2630768418.96,shares,0
2025-03-13,103.75,104.88,101.8,102.49,102.36,27143580,2800508052.97,shares,0
2025-03-14,102.0,104.77,101.3,103.99,102.49,36706435,3814550683.75,shares,0
2025-03-17,105.0,105.81,104.0,104.26,103.99,26441529,2768114013.39,shares,0
2025-03-18,104.23,109.87,102.81,108.86,104.26,65239628,6951391789.22,shares,0
2025-03-19,106.68,106.68,104.78,104.98,108.86,35279116,3727546663.96,shares,0
2025-03-20,105.3,106.5,104.81,105.0,104.98,19889305,2097735041.78,shares,0
2025-03-21,104.32,104.96,102.11,102.45,105.0,22733325,2343385547.87,shares,0
2025-03-24,102.12,103.95,101.32,102.88,102.45,22978476,2360776093.83,shares,0
2025-03-25,103.69,104.8,101.93,102.0,102.88,20722318,2138989700.75,shares,0
2025-03-26,101.94,102.47,101.07,101.08,102.0,15909201,1616280049.51,shares,0
2025-03-27,99.58,100.48,97.52,99.12,101.08,24205905,2392153699.52,shares,0
2025-03-28,99.0,99.12,97.41,97.41,99.12,20128485,1975158628.41,shares,0
2025-03-31,97.0,98.98,96.69,98.64,97.41,18250700,1785252884.02,shares,0
2025-04-01,99.03,99.39,98.24,98.61,98.64,12295934,1213413300.99,shares,0
2025-04-02,98.88,101.38,98.32,99.76,98.61,21827933,2188266042.53,shares,0
2025-04-03,96.88,97.96,93.43,93.88,99.76,42498548,4056901450.36,shares,0
2025-04-07,80.1,82.5,75.1,75.1,93.88,61630666,4754931661.77,shares,0
2025-04-08,75.19,76.76,70.47,72.28,75.1,69279183,5049997329.89,shares,0
2025-04-09,69.98,73.54,67.2,71.99,72.28,59550089,4218907319.56,shares,0
2025-04-10,80.18,81.5,77.1,77.49,71.99,70926883,5639536844.49,shares,0
2025-04-11,76.0,79.28,75.91,78.37,77.49,42893717,3324538095.78,shares,0
2025-04-14,81.0,84.5,80.9,81.54,78.37,54892718,4545571283.32,shares,0
2025-04-15,81.15,81.38,79.29,80.17,81.54,24980077,2001413996.25,shares,0
2025-04-16,78.53,78.71,76.66,77.99,80.17,26670094,2075615546.42,shares,0
2025-04-17,77.09,78.85,77.09,77.61,77.99,18492488,1444517768.97,shares,0
2025-04-18,77.61,79.27,77.55,79.14,77.61,25754846,2026905322.4,shares,0
2025-04-21,80.43,82.26,79.15,81.19,79.14,33202785,2684025219.82,shares,0
2025-04-22,80.0,80.58,79.11,80.07,81.19,23616441,1886578251.53,shares,0
2025-04-23,82.1,85.34,80.88,83.52,80.07,60823372,5055290726.68,shares,0
2025-04-24,83.0,84.16,81.26,81.33,83.52,30617372,2524324727.74,shares,0
2025-04-25,82.5,86.99,82.5,85.27,81.33,64475761,5523635877.44,shares,0
2025-04-28,85.27,85.52,83.21,83.39,85.27,31121720,2611582784.46,shares,0
2025-04-29,83.35,84.23,82.42,83.09,83.39,20764694,1732324636.63,shares,0
2025-04-30,83.25,84.1,82.41,83.49,83.09,22442074,1873973802.32,shares,0
2025-05-06,85.17,87.19,85.15,86.65,83.49,34750081,3000543049.01,shares,0
2025-05-07,88.76,89.04,85.64,86.65,86.65,31463641,2739491263.06,shares,0
2025-05-08,88.86,98.0,88.13,96.49,86.65,99173499,9314493484.34,shares,0
2025-05-09,94.69,96.46,94.0,94.8,96.49,42305504,4016111630.13,shares,0
2025-05-12,98.8,99.06,95.1,97.27,94.8,46824959,4517746385.45,shares,0
2025-05-13,100.8,100.8,96.41,96.43,97.27,52215667,5125045055.17,shares,0
2025-05-14,98.05,101.09,98.05,98.39,96.43,54556418,5422424109.33,shares,0
2025-05-15,98.0,98.08,94.1,94.12,98.39,43481983,4153582011.03,shares,0
2025-05-16,93.4,99.48,93.21,97.83,94.12,52169452,5097600254.92,shares,0
2025-05-19,96.69,97.4,95.22,95.28,97.83,30567106,2930543348.84,shares,0
2025-05-20,95.29,97.18,94.4,95.96,95.28,26424282,2524962465.63,shares,0
2025-05-21,95.63,97.3,94.65,95.73,95.96,26224172,2513117074.8,shares,0
2025-05-22,95.0,96.78,94.4,94.46,95.73,23977495,2287188216.46,shares,0
2025-05-23,94.41,95.36,91.7,91.87,94.46,27309887,2542296672.47,shares,0
2025-05-26,91.99,92.99,90.86,92.36,91.87,18761552,1722240996.75,shares,0
2025-05-27,90.99,92.18,88.88,90.16,92.36,27821888,2501889886.54,shares,0
2025-05-28,91.0,92.99,91.0,92.62,90.16,30626087,2819311095.29,shares,0
2025-05-29,93.6,96.59,93.28,94.94,92.62,42242218,4021230584.62,shares,0
2025-05-30,93.78,94.38,92.51,93.55,94.94,21296641,1988389328.48,shares,0
2025-06-03,92.5,93.22,91.75,91.76,93.55,18333010,1691460256.59,shares,0
2025-06-04,92.99,97.97,92.99,97.3,91.76,61162487,5901679328.44,shares,0
2025-06-05,97.3,103.58,96.5,102.88,97.3,67768048,6838039804.6,shares,0
2025-06-06,102.0,104.45,101.25,103.45,102.88,46803762,4834350374.79,shares,0
2025-06-09,105.31,111.16,105.11,108.55,103.45,72691572,7850645377.08,shares,0
2025-06-10,108.1,109.73,106.61,107.77,108.55,47918671,5186746230.36,shares,0
2025-06-11,110.0,110.98,107.08,107.98,107.77,34304423,3727687086.72,shares,0
2025-06-12,107.1,119.2,107.0,116.0,107.98,86486899,10020896637.62,shares,0
2025-06-13,114.51,117.89,113.98,116.65,116.0,47488879,5533959004.5,shares,0
2025-06-16,116.92,123.45,116.9,120.57,116.65,59369856,7204021602.89,shares,0
2025-06-17,121.01,122.2,117.9,119.36,120.57,35823676,4277997538.59,shares,0
2025-06-18,118.51,125.6,116.1,125.06,119.36,67826342,8223181235.41,shares,0
2025-06-19,124.56,130.79,123.6,128.3,124.56,62573477,8012237029.85,shares,0
2025-06-20,130.0,131.18,124.77,129.5,128.3,49300523,6336169527.24,shares,0
2025-06-23,127.3,129.33,122.68,127.09,129.5,53502446,6766509226.14,shares,0
2025-06-24,128.38,129.97,124.3,125.25,127.09,45000554,5693248381.95,shares,0
2025-06-25,127.0,128.69,123.2,125.73,125.25,49245712,6175859555.99,shares,0
2025-06-26,127.6,133.18,127.08,129.7,125.73,59978741,7803404705.79,shares,0
2025-06-27,129.17,140.27,126.56,138.4,129.7,66277872,8945449942.23,shares,0
2025-06-30,141.5,146.6,138.01,145.86,138.4,75214393,10740859553.26,shares,0
2025-07-01,143.59,146.78,142.75,145.3,145.86,31959141,4641124101.81,shares,0
2025-07-02,142.5,142.6,138.13,138.93,145.3,36577096,5109386349.71,shares,0
2025-07-03,141.47,143.84,139.49,142.26,138.93,38397875,5430809334.83,shares,0
2025-07-04,143.11,145.18,138.55,139.45,142.26,41874479,5927014308.09,shares,0
2025-07-07,137.5,139.77,130.21,135.15,139.45,57520424,7722491414.91,shares,0
2025-07-08,134.76,145.26,133.82,144.88,135.15,53224112,7500377251.55,shares,0
2025-07-09,145.0,149.36,144.05,145.3,144.88,41509561,6085220986.56,shares,0
2025-07-10,146.52,148.68,142.0,146.59,145.3,43540397,6336658699.35,shares,0
2025-07-11,144.74,147.88,142.55,145.28,146.59,31098862,4513795972.9,shares,0
2025-07-14,144.33,150.5,144.33,149.82,145.28,38853191,5781039353.41,shares,0
2025-07-15,155.3,174.99,155.3,174.81,149.82,92406424,15619206714.12,shares,0
2025-07-16,179.8,181.97,169.67,170.76,174.81,90585177,15982905351.01,shares,0
2025-07-17,169.19,178.99,169.17,176.85,170.76,60463077,10555310876.5,shares,0
2025-07-18,181.18,192.01,179.0,180.62,176.85,61156221,11298766457.56,shares,0
2025-07-21,179.89,188.4,177.18,187.95,180.62,59683509,10909835928.8,shares,0
2025-07-22,187.1,197.1,181.4,184.44,187.95,59291285,11209847410.88,shares,0
2025-07-23,179.0,187.88,176.0,186.18,184.44,40578373,7395940401.98,shares,0
2025-07-24,190.5,192.96,181.67,185.2,186.18,44208006,8263192060.22,shares,0
2025-07-25,186.0,189.9,184.51,185.22,185.2,28787743,5368796806.54,shares,0
2025-07-28,186.0,193.23,184.2,191.87,185.22,43894765,8281245572.97,shares,0
2025-07-29,198.01,210.99,198.01,209.93,191.87,58440368,12100039458.64,shares,0
2025-07-30,207.06,211.8,203.59,210.6,209.93,39050574,8122926810.54,shares,0
2025-07-31,221.0,228.6,215.93,217.61,210.6,64406594,14274550601.01,shares,0
2025-08-01,212.52,220.88,207.63,210.63,217.61,47594674,10151901431.87,shares,0
2025-08-04,207.53,210.34,204.5,208.42,210.63,33083739,6857077166.25,shares,0
2025-08-05,216.5,218.37,203.5,210.92,208.42,41413757,8698318761.76,shares,0
2025-08-06,206.71,213.58,206.61,210.52,210.92,25530156,5366654089.64,shares,0
2025-08-07,210.52,216.0,197.2,208.46,210.52,45307651,9320003538.94,shares,0
2025-08-08,207.0,213.88,205.0,209.3,208.46,32731508,6886805778.63,shares,0
2025-08-11,210.0,220.5,209.99,214.75,209.3,35076252,7548075951.17,shares,0
2025-08-12,215.0,226.39,213.0,225.68,214.75,43082931,9534149021.43,shares,0
2025-08-13,226.75,252.96,224.0,252.0,225.68,55126547,13273577994.03,shares,0
2025-08-14,246.4,248.09,239.4,239.47,252.0,40760133,9927494343.33,shares,0
2025-08-15,241.47,245.45,235.11,238.05,239.47,35054080,8382671265.49,shares,0
2025-08-18,241.62,268.0,238.08,260.0,238.05,46984979,11956921107.43,shares,0
2025-08-19,260.0,277.58,258.9,275.5,260.0,40978934,11069282565.18,shares,0
2025-08-20,261.99,269.0,257.41,267.79,275.5,40819732,10773818989.91,shares,0
2025-08-21,272.8,274.6,256.1,265.22,267.79,39443593,10428978808.53,shares,0
2025-08-22,259.11,280.88,259.0,278.9,265.22,38258165,10408840533.69,shares,0
2025-08-25,288.0,320.0,288.0,320.0,278.9,49806131,15236503897.51,shares,0
2025-08-26,313.6,322.8,306.0,314.0,320.0,36191921,11402947511.52,shares,0
2025-08-27,320.0,345.9,311.31,325.1,314.0,61074635,20077028380.53,shares,0
2025-08-28,322.87,359.58,322.45,359.03,325.1,58391643,20116514921.76,shares,0
2025-08-29,352.0,367.7,344.97,354.92,359.03,49033310,17315300338.78,shares,0
2025-09-01,372.75,413.8,364.0,406.1,354.92,59865089,23173867536.1,shares,0
2025-09-02,402.02,419.6,373.87,384.0,406.1,78412730,31063167519.38,shares,0
2025-09-03,392.0,429.99,379.1,426.19,384.0,71235178,28716626617.6,shares,0
2025-09-04,436.0,448.0,363.88,369.14,426.19,93905671,36731803946.25,shares,0
2025-09-05,378.02,418.88,361.72,407.0,369.14,79255067,30591669080.31,shares,0
2025-09-08,394.0,394.0,344.0,369.99,407.0,74111648,27097510062.65,shares,0
2025-09-09,365.02,372.61,347.0,359.29,369.99,48063109,17329017116.52,shares,0
2025-09-10,378.0,395.48,370.58,385.0,359.29,62010239,23749946610.17,shares,0
2025-09-11,402.19,443.99,402.19,439.97,385.0,65680163,27786933614.86,shares,0
2025-09-12,417.0,431.99,410.0,422.09,439.97,47250565,19984616455.43,shares,0
2025-09-15,410.0,419.97,397.64,408.02,422.09,35752541,14621407478.1,shares,0
2025-09-16,410.03,421.97,396.22,411.42,408.02,44253263,17975150666.72,shares,0
2025-09-17,405.0,412.98,391.11,406.2,411.42,32431621,13067610632.56,shares,0
2025-09-18,394.21,429.99,389.21,409.4,406.2,56160786,22855123990.8,shares,0
2025-09-19,415.4,425.0,400.03,421.5,409.4,46653593,19367174603.13,shares,0
2025-09-22,417.29,421.8,394.68,418.0,421.5,41268476,16928692917.68,shares,0
2025-09-23,447.01,457.01,418.0,434.29,418.0,53444036,23278260110.42,shares,0
2025-09-24,416.01,435.0,410.0,423.5,434.29,39338586,16589365257.04,shares,0
2025-09-25,416.01,442.96,404.0,434.6,423.5,50559151,21620180903.38,shares,0
2025-09-26,429.05,442.3,413.7,413.7,434.6,35111815,14918149499.27,shares,0
2025-09-29,410.12,433.17,403.09,416.75,413.7,42905921,18029890029.55,shares,0
2025-09-30,418.51,435.0,398.06,403.68,416.75,39289331,16248125252.05,shares,0
2025-10-09,419.0,426.66,397.68,398.81,403.68,39090946,16122596932.09,shares,0
2025-10-10,399.01,407.8,381.01,390.0,398.81,38428592,15167250787.4,shares,0
2025-10-13,369.0,382.0,361.8,376.99,389.6,40931349,15302419922.29,shares,0
2025-10-14,385.0,385.94,344.0,346.1,376.99,51433907,18448572394.77,shares,0
2025-10-15,345.0,357.0,337.0,354.12,346.1,35317253,12275375118.73,shares,0
2025-10-16,351.14,379.3,350.03,366.97,354.12,34256818,12630929311.99,shares,0
2025-10-17,367.17,381.91,360.0,373.6,366.97,46763644,17358864502.88,shares,0
2025-10-20,408.19,421.21,395.58,403.0,373.6,60155062,24468412270.14,shares,0
2025-10-21,410.0,451.48,405.0,441.5,403.0,56517865,24436154422.93,shares,0
2025-10-22,436.09,457.5,436.09,444.3,441.5,39749910,17757275763.05,shares,0
2025-10-23,441.08,443.0,425.7,440.88,444.3,27601113,12011352771.83,shares,0
2025-10-24,450.0,495.65,437.1,494.0,440.88,49102526,23033970651.21,shares,0
2025-10-27,503.98,515.0,495.56,508.94,494.0,45072389,22787904833.23,shares,0
2025-10-28,503.3,536.0,501.0,513.0,508.94,41796087,21740189238.95,shares,0
2025-10-29,538.01,542.01,506.16,520.72,513.0,41727105,21670889448.39,shares,0
2025-10-30,516.51,538.0,509.0,514.74,520.72,45330984,23600113527.21,shares,0
2025-10-31,503.0,509.0,472.0,473.01,514.74,56301279,27346603031.48,shares,0
2025-11-03,470.67,483.4,457.51,480.0,473.01,39840875,18730146946.35,shares,0
2025-11-04,489.6,504.29,473.88,477.8,480.0,36085368,17622196967.73,shares,0
2025-11-05,462.02,480.0,458.79,477.01,477.8,26408751,12390456806.6,shares,0
2025-11-06,488.0,507.88,482.27,496.88,477.01,37325144,18457495762.99,shares,0
2025-11-07,491.0,499.79,479.0,490.05,496.88,24309960,11923843237.24,shares,0
2025-11-10,488.88,495.88,460.0,490.0,490.05,35211079,16744462629.08,shares,0
2025-11-11,493.68,499.66,464.0,468.05,490.0,32513112,15621818930.01,shares,0
2025-11-12,459.63,492.39,450.01,491.75,468.05,42302225,19890723540.45,shares,0
2025-11-13,489.28,489.28,470.01,481.0,491.75,31331746,15002143507.8,shares,0
2025-11-14,465.18,473.88,454.22,462.82,481.0,24727266,11512786152.04,shares,0
2025-11-17,475.2,488.64,468.4,483.2,462.82,28246626,13512966106.05,shares,0
2025-11-18,474.7,490.8,470.01,472.91,483.2,24067856,11554982044.89,shares,0
2025-11-19,472.43,499.7,472.0,488.6,472.91,33786539,16542781774.24,shares,0
2025-11-20,515.0,522.38,490.33,492.0,488.6,35352207,17783386637.95,shares,0
2025-11-21,472.99,483.0,460.0,464.01,492.0,41412280,19479251603.5,shares,0
2025-11-24,470.0,476.99,436.96,456.8,464.01,46425800,21222535809.56,shares,0
2025-11-25,477.01,494.8,470.01,479.66,456.8,43936481,21131904345.49,shares,0
2025-11-26,475.2,556.88,470.4,543.22,479.66,62895148,32975131625.62,shares,0
2025-11-27,537.0,558.77,523.36,524.0,543.22,43732767,23641332186.96,shares,0
2025-11-28,527.2,529.8,508.6,514.5,524.0,32465730,16750682586.61,shares,0
2025-12-01,524.0,546.5,515.0,538.0,514.5,37286705,19884723666.03,shares,0
2025-12-02,542.0,551.13,535.5,542.0,538.0,27161533,14774407354.8,shares,0
2025-12-03,540.54,558.58,522.11,523.73,542.0,36832752,19817626709.73,shares,0
2025-12-04,517.37,536.53,512.34,535.5,523.73,26319447,13837413099.95,shares,0
2025-12-05,539.53,545.0,525.0,537.05,535.5,28282591,15166870065.45,shares,0
2025-12-08,543.0,585.0,539.0,570.0,537.05,40822440,23130085523.13,shares,0
2025-12-09,570.09,613.0,568.54,606.0,570.0,37129333,22178752621.0,shares,0
2025-12-10,609.06,620.0,589.5,616.0,606.0,30209433,18313255432.76,shares,0
2025-12-11,610.0,627.11,585.91,586.81,616.0,36353125,22007836032.77,shares,0
2025-12-12,587.0,603.88,570.22,582.0,586.81,46878924,27362453086.01,shares,0
2025-12-15,570.0,588.0,568.0,570.86,582.0,30098736,17331138638.77,shares,0
2025-12-16,568.8,575.0,545.01,551.79,570.86,27970237,15609524937.3,shares,0
2025-12-17,557.0,592.07,556.66,589.98,551.79,32357008,18602336343.02,shares,0
2025-12-18,576.99,579.87,563.43,571.2,589.98,24162887,13813326874.07,shares,0
2025-12-19,583.34,587.0,570.28,571.7,571.2,22442914,12979061282.77,shares,0
2025-12-22,590.01,622.0,590.01,617.5,571.7,39441167,23897727826.1,shares,0
2025-12-23,625.0,628.99,614.0,621.0,617.5,23364201,14498372814.91,shares,0
2025-12-24,627.64,638.0,617.6,634.4,621.0,23509126,14752690734.13,shares,0
2025-12-25,645.0,658.8,618.41,639.8,634.4,25938711,16554891810.43,shares,0
2025-12-26,628.3,636.95,618.0,627.0,639.8,21376184,13392778801.7,shares,0
2025-12-29,627.64,633.69,612.73,618.0,627.0,24112583,14961103073.23,shares,0
2025-12-30,618.1,644.34,615.0,632.0,618.0,26114540,16460770394.68,shares,0
2025-12-31,629.0,633.0,608.0,610.0,632.0,22560412,13944071967.54,shares,0
2026-01-05,621.08,627.29,600.17,623.51,610.0,30204157,18658748247.65,shares,0
2026-01-06,606.0,615.8,590.2,605.25,623.51,33558327,20243859699.42,shares,0
2026-01-07,616.8,628.0,602.0,619.6,605.25,28001455,17281311977.1,shares,0
2026-01-08,611.1,616.0,592.0,595.45,619.6,29196168,17523125451.14,shares,0
2026-01-09,575.94,595.0,561.61,583.2,595.45,38572337,22201259669.53,shares,0
2026-01-12,570.0,600.0,558.85,591.97,583.2,38360752,22117906764.01,shares,0
2026-01-13,580.8,616.6,580.01,585.76,591.97,32055944,19108309973.69,shares,0
2026-01-14,595.35,600.88,567.01,593.0,585.76,41732994,24433697896.19,shares,0
2026-01-15,583.2,636.99,581.02,625.02,593.0,45903824,27888274548.55,shares,0
2026-01-16,635.97,645.0,615.02,617.0,625.02,37272376,23373957057.05,shares,0
2026-01-19,605.0,619.0,602.57,605.5,617.0,22307862,13561463232.16,shares,0
2026-01-20,605.52,608.0,580.0,585.0,605.5,26290035,15451090110.24,shares,0
2026-01-21,586.24,599.66,581.0,581.9,585.0,25095900,14836515565.01,shares,0
2026-01-22,590.08,624.5,585.0,621.0,581.9,40194425,24274588606.26,shares,0
2026-01-23,614.0,615.0,580.16,585.0,621.0,39656041,23458779409.24,shares,0
2026-01-26,580.0,598.0,572.01,589.8,585.0,26088115,15300491053.02,shares,0
2026-01-27,589.96,630.0,586.7,615.6,589.8,38728671,23794065735.18,shares,0
2026-01-28,632.0,644.98,623.0,628.0,615.6,32926375,20818996206.57,shares,0
2026-01-29,637.0,637.95,610.11,613.85,628.0,24894040,15437115006.49,shares,0
2026-01-30,616.2,653.58,605.93,649.0,613.85,35759200,22650812274.82,shares,0
2026-02-02,635.01,658.58,591.0,591.0,649.0,55998048,34642172762.91,shares,0
2026-02-03,607.0,618.8,576.0,589.7,591.0,42918019,25546318135.3,shares,0
2026-02-04,570.0,574.55,525.13,560.0,589.7,52721001,29004521607.66,shares,0
2026-02-05,561.01,577.75,556.01,561.99,560.0,31867515,18014061307.6,shares,0
2026-02-06,548.11,561.88,530.3,540.01,561.99,32867590,17909389388.59,shares,0
2026-02-09,561.0,573.99,550.12,565.99,540.01,36663337,20565541885.52,shares,0
2026-02-10,561.55,573.68,555.5,555.71,565.99,21715825,12239667574.57,shares,0
2026-02-11,551.01,554.0,522.53,531.91,555.71,39713551,21161447644.29,shares,0
2026-02-12,535.0,546.38,523.38,527.46,531.91,30178611,16055660075.83,shares,0
2026-02-13,524.0,543.8,515.0,531.0,527.46,26043610,13816376824.1,shares,0
2026-02-24,542.0,572.02,522.0,554.0,531.0,35655753,19693436144.8,shares,0
2026-02-25,550.0,569.86,548.0,566.07,554.0,21479209,11999241088.18,shares,0
2026-02-26,566.07,574.0,559.0,572.22,566.07,25279991,14340448873.28,shares,0
2026-02-27,555.0,559.98,531.11,534.0,572.22,34712470,18806220503.07,shares,0
2026-03-02,520.0,580.0,520.0,570.58,534.0,49310342,27557516445.41,shares,0
2026-03-03,570.8,599.04,563.28,563.8,570.58,39310100,22869564245.81,shares,0
2026-03-04,554.02,563.5,536.5,539.0,563.8,30742945,16777788849.68,shares,0
2026-03-05,556.0,585.0,552.6,557.0,539.0,37900360,21444655495.51,shares,0
2026-03-06,553.0,559.98,537.06,545.48,557.0,21966767,12028188485.73,shares,0
2026-03-09,520.1,528.3,506.0,525.99,545.48,31474315,16230653690.17,shares,0
2026-03-10,540.0,548.98,530.02,547.0,525.99,28309414,15348948106.17,shares,0
2026-03-11,557.0,568.9,553.0,554.68,547.0,23897170,13412042199.03,shares,0
2026-03-12,557.25,563.58,528.5,534.8,554.68,23911726,12905792454.7,shares,0
2026-03-13,526.5,548.88,525.01,542.02,534.8,21198169,11483224114.63,shares,0
2026-03-16,549.05,565.0,540.32,561.7,542.02,27431981,15210952033.42,shares,0
2026-03-17,570.0,577.88,539.0,543.0,561.7,30040984,16803741799.89,shares,0
2026-03-18,553.86,582.05,550.0,580.0,543.0,37780487,21435555273.07,shares,0
2026-03-19,580.0,592.8,569.9,575.2,580.0,33140756,19280585871.12,shares,0
2026-03-20,605.0,632.72,604.1,612.0,575.2,53853942,33344122514.43,shares,0
2026-03-23,590.31,618.1,585.0,599.62,612.0,37851991,22741347135.24,shares,0
2026-03-24,599.0,605.0,577.0,603.19,599.62,28263565,16716920527.62,shares,0
2026-03-25,625.0,635.0,616.05,628.4,603.19,33563126,21048050377.67,shares,0
2026-03-26,626.89,645.0,612.83,614.2,628.4,26276923,16491318309.96,shares,0
2026-03-27,598.85,609.88,588.66,598.0,614.2,22432603,13421963395.85,shares,0
2026-03-30,585.0,595.58,579.0,589.08,598.0,20925480,12283293316.37,shares,0
2026-03-31,571.0,585.9,555.0,569.41,589.08,26120231,14942137036.65,shares,0
2026-04-01,591.0,602.0,581.2,601.87,569.41,25540472,15121134057.13,shares,0
2026-04-02,593.01,596.77,578.69,582.0,601.87,17731014,10393303258.26,shares,0
2026-04-03,600.0,625.0,594.35,606.52,582.0,29027106,17694513704.81,shares,0
2026-04-07,608.0,636.66,597.7,619.53,606.52,23903065,14668397048.94,shares,0
2026-04-08,653.53,688.26,643.0,688.14,619.53,39662974,26479882606.71,shares,0
2026-04-09,682.0,700.0,678.01,693.02,688.14,24961927,17248692686.8,shares,0
2026-04-10,700.0,743.04,694.01,734.65,693.02,33080075,23842833150.76,shares,0
2026-04-13,738.8,744.0,714.23,738.0,734.65,22887618,16730510498.79,shares,0
2026-04-14,750.0,786.22,748.78,773.0,738.0,29266836,22475999263.88,shares,0
2026-04-15,787.0,808.83,766.0,779.98,773.0,32345247,25441092937.57,shares,0
2026-04-16,772.37,810.11,762.35,809.61,779.98,28657012,22749930918.21,shares,0
2026-04-17,841.0,865.0,820.24,851.0,809.61,39857161,33630034467.43,shares,0
2026-04-20,849.0,878.98,840.58,850.0,851.0,27263113,23357063772.37,shares,0
2026-04-21,849.75,868.0,839.0,864.86,850.0,25113802,21433791330.59,shares,0
2026-04-22,859.3,893.2,854.0,886.62,864.86,29438293,25705226811.19,shares,0
2026-04-23,890.0,919.99,877.78,897.0,886.62,30986940,27877944598.06,shares,0
2026-04-24,900.25,915.0,854.53,886.99,897.0,38388441,33962426837.55,shares,0
2026-04-27,899.0,900.0,854.0,857.03,886.99,31814871,27543690271.11,shares,0
2026-04-28,854.0,854.0,821.0,825.0,857.03,29510905,24518220805.57,shares,0
2026-04-29,816.23,863.0,816.23,846.0,825.0,25173087,21221971379.86,shares,0
2026-04-30,863.66,874.65,845.0,857.5,845.0,21270964,18256407622.3,shares,0
2026-05-06,888.5,889.0,840.45,856.0,857.5,30938572,26756822154.31,shares,0
2026-05-07,858.0,889.15,835.0,877.47,856.0,27719010,23995585894.12,shares,0
2026-05-08,864.95,898.95,861.56,886.0,877.47,19764077,17406542424.54,shares,0
2026-05-11,889.06,946.79,870.0,940.13,886.0,32265543,29399331289.46,shares,0
2026-05-12,961.0,1022.9,960.0,1017.99,940.13,34542136,34442619232.85,shares,0
2026-05-13,999.68,1052.2,991.12,1049.2,1017.99,26000533,26467945093.01,shares,0
2026-05-14,1065.0,1088.88,1025.1,1078.0,1049.2,30057134,31835259103.08,shares,0
2026-05-15,1068.99,1099.87,1034.0,1049.87,1078.0,27625280,29275322893.12,shares,0
2026-05-18,1030.03,1075.0,1030.03,1045.0,1049.87,24313205,25546322518.62,shares,0
2026-05-19,1026.0,1037.38,988.88,1030.0,1045.0,27274908,27528008856.94,shares,0
2026-05-20,1019.11,1071.0,1019.11,1037.0,1030.0,22597322,23581065527.87,shares,0
2026-05-21,1060.0,1065.0,993.34,993.34,1037.0,23772601,24395401283.93,shares,0
2026-05-22,1010.04,1044.87,1006.18,1037.98,993.34,20933769,21509318911.99,shares,0
2026-05-25,1054.99,1094.98,1025.55,1093.0,1037.98,25076089,26633292536.27,shares,0
2026-05-26,1079.0,1110.0,1076.0,1103.0,1093.0,23439109,25717381407.22,shares,0
2026-05-27,1090.0,1147.0,1088.67,1111.37,1103.0,25068811,28064034996.52,shares,0
2026-05-28,1100.0,1199.79,1085.56,1197.99,1111.37,28746513,32911837684.72,shares,0
2026-05-29,1190.0,1209.99,1155.0,1161.16,1197.99,28726795,33891957432.66,shares,0
2026-06-01,1161.0,1183.61,1113.9,1130.0,1161.16,26978189,30968403448.51,shares,0
2026-06-02,1153.6,1205.58,1140.01,1191.81,1130.0,29006342,34167017419.94,shares,0
2026-06-03,1220.0,1320.0,1220.0,1275.0,1191.81,34525076,43881189297.28,shares,0
2026-06-04,1250.0,1290.0,1241.36,1280.0,1275.0,21714212,27594721466.31,shares,0
2026-06-05,1273.2,1301.51,1160.0,1179.99,1280.0,47474088,58324832701.61,shares,0
2026-06-08,1132.79,1179.45,1132.0,1154.99,1179.99,33611984,38923878723.61,shares,0
2026-06-09,1140.97,1196.16,1126.9,1180.0,1154.99,39893037,46676010458.33,shares,0
2026-06-10,1150.0,1174.0,1128.8,1147.0,1180.0,22896530,26382501758.52,shares,0
2026-06-11,1136.0,1174.9,1093.0,1124.0,1147.0,30592359,34558724425.2,shares,0
2026-06-12,1182.0,1188.5,1128.18,1149.0,1124.0,34685070,40003007250.09,shares,0
2026-06-15,1175.0,1245.0,1122.0,1245.0,1149.0,34223742,40751494524.45,shares,0
2026-06-16,1240.0,1273.68,1232.46,1248.09,1245.0,23282186,29091725555.52,shares,0
2026-06-17,1228.0,1276.13,1220.05,1276.11,1248.09,21756242,27272022889.13,shares,0
2026-06-18,1270.0,1368.5,1268.73,1367.88,1276.11,28551616,38176552698.72,shares,0
2026-06-22,1367.78,1416.88,1343.38,1382.33,1367.88,28033273,38643675146.28,shares,0
2026-06-23,1395.0,1395.0,1300.0,1310.01,1382.33,29177335,38963677904.18,shares,0
2026-06-24,1313.61,1344.88,1282.15,1312.18,1310.01,26225743,34437448050.29,shares,0
2026-06-25,1326.0,1345.09,1280.02,1323.4,1312.18,37609048,49655189337.56,shares,0
2026-06-26,1296.0,1296.94,1235.13,1253.89,1323.4,35281098,44480805076.46,shares,0
2026-06-29,1239.0,1264.21,1169.49,1220.0,1253.89,35289911,42631770347.12,shares,0
2026-06-30,1223.01,1295.6,1218.21,1270.0,1220.0,27678291,34960563603.16,shares,0
2026-07-01,1263.5,1315.57,1208.0,1223.17,1270.0,27155710,34256250272.41,shares,0
2026-07-02,1160.0,1198.0,1127.4,1143.0,1223.17,31762024,36721292927.07,shares,0
2026-07-03,1130.0,1188.01,1115.0,1116.0,1143.0,32861791,37702362948.77,shares,0
2026-07-06,1136.54,1141.0,1060.34,1098.92,1116.0,31556610,34704124551.28,shares,0
2026-07-07,1098.0,1138.2,1089.0,1121.9,1098.92,29286443,32709219195.06,shares,0
2026-07-08,1134.8,1179.3,1114.56,1128.35,1121.9,31732800,36323448241.25,shares,0
2026-07-09,1153.0,1199.99,1117.01,1194.9,1128.35,35888423,41608727822.69,shares,0
2026-07-10,1210.0,1218.0,1093.98,1093.98,1194.9,42326242,49028023215.43,shares,0
2026-07-13,1100.01,1148.48,1076.8,1108.0,1093.98,34452091,38390820847.98,shares,0
2026-07-14,1108.53,1198.66,1098.0,1184.05,1108.0,40047572,46249945645.97,shares,0
2026-07-15,1190.0,1207.98,1160.0,1169.31,1184.05,24794635,29281915790.66,shares,0
2026-07-16,1122.22,1163.0,1098.0,1113.0,1169.31,30663363,34474188926.12,shares,0
2026-07-17,1057.36,1072.0,950.55,979.46,1113.0,56186085,56485631462.15,shares,0
2026-07-20,1028.43,1057.77,967.68,1004.0,979.46,45366520,46094376323.78,shares,0
2026-07-21,1020.01,1136.8,988.82,1136.55,1004.0,48115735,51302197633.6,shares,0
2026-07-22,1110.0,1138.88,1060.5,1060.8,1136.55,36798027,40560130634.19,shares,0
2026-07-23,1089.54,1115.0,1060.0,1072.52,1060.8,27254102,29558225786.35,shares,0
2026-07-24,1050.53,1082.54,1039.01,1046.51,1072.52,21687683,22937320043.54,shares,0
2026-07-27,1021.02,1080.0,1003.33,1076.94,1046.51,25590266,26708792879.4,shares,0
2026-07-28,1001.06,1018.0,899.99,908.0,1076.94,54105056,51600162917.43,shares,0
2026-07-29,915.0,965.0,889.5,951.0,908.0,46871501,43510017679.6,shares,0
2026-07-30,919.01,933.0,793.03,864.0,951.0,69370223,59772684539.56,shares,0
2026-07-31,960.0,986.89,901.0,902.01,864.0,56942000,54044346509.06,shares,0
2026-08-03,891.0,933.61,875.87,902.5,902.01,32185235,29143947620.16,shares,0
2026-08-04,940.0,1033.89,934.44,1021.99,902.5,50591256,49789575488.03,shares,0
2026-08-05,880.0,983.17,880.0,947.74,1021.99,72323043,67510515544.6,shares,0
2026-08-06,901.02,995.0,882.55,955.0,947.74,42295059,39767147898.78,shares,0
2026-08-07,981.09,999.88,902.0,919.87,955.0,57189157,54670636329.1,shares,0
2026-08-10,917.99,919.8,835.0,864.58,919.87,52592131,45764386518.97,shares,0
2026-08-11,880.14,898.48,850.4,886.96,864.58,33973722,29958629186.25,shares,0
2026-08-12,880.13,936.8,876.01,921.0,886.96,31072873,28408443493.24,shares,0
2026-08-13,960.0,966.06,920.66,921.04,921.0,29337122,27745041530.49,shares,0
2026-08-14,930.0,948.77,916.0,943.0,921.04,20014655,18690993447.72,shares,0
2026-08-17,949.0,1014.87,917.46,1001.03,943.0,36325660,35274048365.04,shares,0
2026-08-18,1000.0,1009.0,971.81,988.1,1001.03,22073870,21830696237.54,shares,0
2026-08-19,943.88,953.08,886.0,895.6,988.1,35801170,32882411980.47,shares,0
2026-08-20,904.99,912.01,881.0,904.2,895.6,22706170,20338306136.49,shares,0
2026-08-21,909.0,943.88,901.4,943.0,904.2,28703867,26686400632.72,shares,0
2026-08-24,945.0,949.73,850.0,870.22,943.0,38909280,34491670419.82,shares,0
2026-08-25,850.23,871.91,837.12,846.0,870.22,29356020,25019267513.25,shares,0
2026-08-26,855.0,866.0,830.0,850.9,846.0,21810959,18603935438.04,shares,0
2026-08-27,877.01,880.0,860.05,866.12,850.9,26154836,22780310823.67,shares,0
2026-08-28,863.99,915.88,856.63,858.35,866.12,31719580,28048631280.57,shares,0
2026-08-31,830.0,863.56,830.0,851.9,858.35,22422813,18925701851.77,shares,0
2026-09-01,852.5,887.0,837.33,859.3,851.9,28662243,24665474545.99,shares,0
2026-09-02,840.01,848.0,814.06,822.4,859.3,26669930,22060175707.18,shares,0
2026-09-03,833.2,835.9,804.02,813.0,822.4,21642890,17690932641.85,shares,0
2026-09-04,825.01,834.96,808.9,814.0,813.0,21106650,17378183805.65,shares,0
2026-09-07,838.61,902.26,836.13,898.46,814.0,43130339,37634550213.7,shares,0
2026-09-08,899.2,933.98,894.0,902.37,898.46,28765843,26222814282.52,shares,0
2026-09-09,932.5,934.49,901.0,908.9,902.37,20110050,18420917475.47,shares,0
2026-09-10,890.01,909.0,882.01,890.1,908.9,17309924,15491122256.95,shares,0
2026-09-11,898.17,929.8,891.17,926.0,890.1,32781300,29974072230.26,shares,0
2026-09-14,890.0,895.0,866.66,873.0,926.0,27183039,23936800301.9,shares,0
2026-09-15,873.38,883.73,858.0,864.01,873.0,17955441,15613591729.56,shares,0
2026-09-16,869.02,918.38,866.0,907.8,864.01,24021846,21471490117.99,shares,0
2026-09-17,900.3,927.83,892.51,896.0,907.8,22787518,20684420945.95,shares,0
2026-09-18,910.0,947.6,893.08,926.43,896.0,29505475,27079558744.68,shares,0
2026-09-21,939.5,958.86,931.66,941.0,926.43,20962160,19815564601.89,shares,0
2026-09-22,968.0,974.99,921.0,927.72,941.0,23478489,22337435053.93,shares,0
2026-09-23,936.01,939.0,918.33,922.5,927.72,14763319,13680098682.07,shares,0
2026-09-24,918.51,936.58,895.86,895.86,922.5,18486628,16868775637.99,shares,0
