date,open,high,low,close,preclose,volume,amount,volume_unit,special_treatment
2017-04-17,11.93,14.31,11.93,14.31,9.94,3900,55452.0,shares,0
2017-04-18,15.74,15.74,15.74,15.74,14.31,1000,15740.0,shares,0
2017-04-19,17.31,17.31,17.31,17.31,15.74,3064,53037.0,shares,0
2017-04-20,19.04,19.04,19.04,19.04,17.31,2400,45696.0,shares,0
2017-04-21,20.94,20.94,20.94,20.94,19.04,4500,94230.0,shares,0
2017-04-24,23.03,23.03,23.03,23.03,20.94,11400,262542.0,shares,0
2017-04-25,25.33,25.33,25.33,25.33,23.03,8961,226982.0,shares,0
2017-04-26,27.86,27.86,27.86,27.86,25.33,8600,239596.0,shares,0
2017-04-27,30.65,30.65,30.65,30.65,27.86,71400,2188410.0,shares,0
2017-04-28,33.72,33.72,33.72,33.72,30.65,51874,1749191.0,shares,0
2017-05-02,37.09,37.09,37.09,37.09,33.72,30220,1120859.0,shares,0
2017-05-03,40.8,40.8,40.8,40.8,37.09,79000,3223200.0,shares,0
2017-05-04,44.88,44.88,42.81,44.88,40.8,11649180,515928320.0,shares,0
2017-05-05,44.12,49.37,43.58,46.5,44.88,11521480,543760608.0,shares,0
2017-05-08,48.4,49.8,44.58,45.0,46.5,7691663,364572176.0,shares,0
2017-05-09,44.0,48.35,44.0,47.22,45.0,6227639,289263584.0,shares,0
2017-05-10,47.21,51.87,46.44,48.48,47.22,8269905,399884160.0,shares,0
2017-05-11,50.99,53.33,50.08,53.33,48.48,8961489,469279664.0,shares,0
2017-05-12,51.5,54.3,50.09,54.3,53.33,8216497,426745248.0,shares,0
2017-05-15,54.82,56.36,52.01,52.18,54.3,7375001,397421968.0,shares,0
2017-05-16,49.4,51.0,47.52,50.68,52.18,7023918,346934800.0,shares,0
2017-05-17,49.47,50.45,48.42,48.42,50.68,4967355,244934517.0,shares,0
2017-05-18,47.54,49.36,45.34,45.99,48.42,4778799,225589542.0,shares,0
2017-05-19,45.71,46.6,44.53,45.0,45.99,2875555,130773785.0,shares,0
2017-05-22,44.64,45.4,41.5,41.99,45.0,4203635,182190035.0,shares,0
2017-05-23,41.6,42.6,39.5,40.49,41.99,4215584,174691549.0,shares,0
2017-05-24,40.19,42.87,40.09,42.3,40.49,3570237,148761745.0,shares,0
2017-05-25,42.04,42.04,40.02,41.54,42.3,2309731,95001351.0,shares,0
2017-05-26,42.1,43.29,41.95,42.25,41.54,2378028,101467842.0,shares,0
2017-05-31,44.5,46.48,42.66,42.89,42.25,5480912,248233809.0,shares,0
2017-06-01,41.5,42.79,38.6,38.6,42.89,3936771,158657565.0,shares,0
2017-06-02,37.9,39.48,36.45,38.65,38.6,2820510,106766315.0,shares,0
2017-06-05,39.6,40.28,38.88,39.14,38.65,2033121,80510770.0,shares,0
2017-06-06,39.0,39.0,37.1,38.0,39.14,1518485,57867682.0,shares,0
2017-06-07,38.23,40.0,38.05,39.9,38.0,2617933,103180790.0,shares,0
2017-06-08,39.8,39.99,38.68,38.87,39.9,1904851,74911538.0,shares,0
2017-06-09,38.61,38.99,37.82,38.99,38.87,1646393,63068664.0,shares,0
2017-06-12,38.0,38.37,35.3,36.01,38.99,2690910,99266742.0,shares,0
2017-06-13,35.82,37.19,35.53,36.92,36.01,1878284,68739548.0,shares,0
2017-06-14,36.92,36.92,35.9,36.36,36.92,1309900,47627504.0,shares,0
2017-06-15,36.36,38.47,36.1,38.1,36.36,2315578,87583412.0,shares,0
2017-06-16,38.0,38.15,37.5,37.93,38.1,1019474,38566992.0,shares,0
2017-06-19,38.19,39.08,37.93,38.05,37.93,1297031,49863055.0,shares,0
2017-06-20,37.9,38.48,37.85,38.02,38.05,1115613,42457037.0,shares,0
2017-06-21,37.85,38.35,37.43,37.56,38.02,1096867,41425772.0,shares,0
2017-06-22,37.2,37.75,35.0,35.9,37.56,1514122,55462843.0,shares,0
2017-06-23,36.5,36.5,34.72,35.56,35.9,1093745,38642390.0,shares,0
2017-06-26,35.5,36.2,35.21,36.0,35.56,603650,21575323.0,shares,0
2017-06-27,36.24,37.46,36.03,37.05,36.0,1444783,53423501.0,shares,0
2017-06-28,36.8,36.89,36.19,36.31,37.05,676137,24630896.0,shares,0
2017-06-29,36.5,36.79,36.28,36.39,36.31,436653,15936894.0,shares,0
2017-06-30,36.4,37.88,36.15,37.15,36.39,1693756,63252735.0,shares,0
2017-07-03,37.0,39.89,36.89,39.4,37.15,2513815,97487662.0,shares,0
2017-07-04,39.21,40.3,39.0,39.65,39.4,1864410,73832831.0,shares,0
2017-07-05,39.33,39.98,39.0,39.81,39.65,1539626,60932543.0,shares,0
2017-07-06,39.94,41.43,39.56,40.7,39.81,2365026,95906976.0,shares,0
2017-07-07,40.39,44.5,40.04,42.1,40.7,2265549,95682435.0,shares,0
2017-07-10,41.33,41.61,38.78,38.84,42.1,2381682,94827085.0,shares,0
2017-07-11,38.8,39.8,38.17,38.36,38.84,1021199,39774934.0,shares,0
2017-07-12,38.39,39.4,37.1,39.2,38.36,1188000,45296099.0,shares,0
2017-07-13,38.82,39.04,37.51,37.77,39.2,977605,37267097.0,shares,0
2017-07-14,37.0,37.2,35.35,36.15,37.77,1801564,65050924.0,shares,0
2017-07-17,35.24,35.58,32.54,32.54,36.15,1679174,55788792.0,shares,0
2017-07-18,32.0,32.3,30.69,31.49,32.54,1620100,50696627.0,shares,0
2017-07-19,31.26,31.42,30.0,31.28,31.49,1378000,42333229.0,shares,0
2017-07-20,30.99,31.99,30.99,31.24,31.28,1117667,35239502.0,shares,0
2017-07-21,31.23,31.7,30.66,30.95,31.24,741600,23107035.0,shares,0
2017-07-24,30.01,31.62,30.01,31.36,30.95,802128,24631611.0,shares,0
2017-07-25,31.49,32.19,31.14,31.74,31.36,799400,25365729.0,shares,0
2017-07-26,31.79,31.98,30.3,31.5,31.74,859800,26999497.0,shares,0
2017-07-27,31.4,33.1,30.91,33.04,31.5,1398066,45472475.0,shares,0
2017-07-28,33.05,33.08,32.2,32.22,33.04,603800,19639325.0,shares,0
2017-07-31,32.09,32.94,32.01,32.62,32.22,675682,22019703.0,shares,0
2017-08-01,32.62,32.87,31.92,32.68,32.62,585089,18890425.0,shares,0
2017-08-02,32.31,33.5,32.0,32.76,32.68,1195980,39395157.0,shares,0
2017-08-03,32.78,34.26,32.78,33.13,32.76,1170600,39359715.0,shares,0
2017-08-04,32.86,33.47,31.7,31.71,33.13,994792,32297083.0,shares,0
2017-08-07,31.82,32.4,31.61,32.0,31.71,473875,15133515.0,shares,0
2017-08-08,32.06,32.08,31.3,31.92,32.0,507259,16127155.0,shares,0
2017-08-09,31.8,32.0,31.51,31.91,31.92,303000,9626961.0,shares,0
2017-08-10,32.0,32.2,30.83,31.6,31.91,563500,17726361.0,shares,0
2017-08-11,31.3,31.3,30.72,31.0,31.6,519003,16078702.0,shares,0
2017-08-14,31.0,32.22,30.82,31.88,31.0,655597,20722853.0,shares,0
2017-08-15,32.03,32.8,31.87,32.31,31.88,822977,26558810.0,shares,0
2017-08-16,32.31,33.56,31.8,33.2,32.31,1097587,36272512.0,shares,0
2017-08-17,33.3,33.47,32.61,33.03,33.2,830010,27379013.0,shares,0
2017-08-18,32.89,32.89,32.16,32.24,33.03,469309,15254615.0,shares,0
2017-08-21,32.36,33.07,32.0,33.02,32.24,1128191,36714514.0,shares,0
2017-08-22,32.98,33.65,31.85,32.09,33.02,1641900,53646054.0,shares,0
2017-08-23,31.93,32.48,31.08,32.3,32.09,1411209,44763686.0,shares,0
2017-08-24,32.44,33.43,32.35,32.61,32.3,1766995,58144036.0,shares,0
2017-08-25,32.4,34.79,32.4,34.45,32.61,2344416,78939144.0,shares,0
2017-08-28,35.09,37.9,35.09,37.9,34.45,3027399,111461869.0,shares,0
2017-08-29,38.47,39.77,36.81,37.8,37.9,4208578,160989157.0,shares,0
2017-08-30,37.43,37.98,36.4,36.7,37.8,2284412,84737988.0,shares,0
2017-08-31,36.83,40.37,36.83,40.37,36.7,4099798,161082650.0,shares,0
2017-09-01,40.31,40.32,38.84,39.8,40.37,3708986,146387053.0,shares,0
2017-09-04,39.6,42.2,39.6,40.42,39.8,3919570,160432350.0,shares,0
2017-09-05,40.39,41.66,39.77,40.85,40.42,2041901,83256053.0,shares,0
2017-09-06,40.23,41.42,39.78,40.9,40.85,1913600,77879586.0,shares,0
2017-09-07,41.04,44.51,41.0,41.29,40.9,3120632,133383747.0,shares,0
2017-09-08,41.39,42.98,40.72,42.2,41.29,2643780,110898923.0,shares,0
2017-09-11,42.28,42.8,41.68,42.5,42.2,2027327,85811052.0,shares,0
2017-09-12,43.0,43.3,40.8,41.07,42.5,2675012,112762505.13,shares,0
2017-09-13,40.66,41.15,39.55,40.5,41.07,1765706,70946723.25,shares,0
2017-09-14,40.05,41.15,39.5,39.95,40.5,1132095,45756856.01,shares,0
2017-09-15,40.19,40.6,39.65,40.17,39.95,1018295,40782675.27,shares,0
2017-09-18,40.11,41.61,39.68,41.19,40.17,1222529,49876895.17,shares,0
2017-09-19,42.83,45.31,41.3,44.74,41.19,5192868,231286951.57,shares,0
2017-09-20,44.99,49.21,43.53,49.21,44.74,6103545,285932222.85,shares,0
2017-09-21,48.5,52.5,48.16,50.08,49.21,6254731,314327592.4,shares,0
2017-09-22,50.02,51.45,47.8,50.59,50.08,4215954,210564630.94,shares,0
2017-09-25,50.3,52.94,49.26,49.79,50.59,3001660,153042350.15,shares,0
2017-09-26,48.6,49.14,45.31,45.98,49.79,3025732,140758780.79,shares,0
2017-09-27,46.94,50.44,46.38,48.2,45.98,3894201,189290287.28,shares,0
2017-09-28,48.51,50.5,47.0,49.6,48.2,2759449,136254744.14,shares,0
2017-09-29,50.0,50.84,48.28,49.51,49.6,2641593,131459145.18,shares,0
2017-10-09,51.44,53.32,50.0,51.45,49.51,2992885,154605127.23,shares,0
2017-10-10,51.15,51.86,50.28,51.5,51.45,1886625,96403920.74,shares,0
2017-10-11,51.19,51.66,46.51,47.39,51.5,2473296,120759779.6,shares,0
2017-10-12,47.0,48.45,46.64,47.99,47.39,1117012,53343125.02,shares,0
2017-10-13,47.7,49.29,47.53,48.68,47.99,890629,43303903.36,shares,0
2017-10-16,49.28,51.0,47.6,47.73,48.68,1206544,59199405.4,shares,0
2017-10-17,48.54,50.5,47.33,49.58,47.73,1769004,86828327.14,shares,0
2017-10-18,49.6,52.52,49.09,50.47,49.58,2547737,129425407.94,shares,0
2017-10-19,49.88,52.05,48.13,52.05,50.47,2718262,136449877.82,shares,0
2017-10-20,51.2,56.48,50.5,55.45,52.05,3709134,196666811.94,shares,0
2017-10-23,54.7,56.2,53.5,54.5,55.45,2594099,142414307.87,shares,0
2017-10-24,54.45,55.55,53.0,55.22,54.5,2178408,118133633.99,shares,0
2017-10-25,54.95,56.02,53.78,54.8,55.22,2076309,114028131.35,shares,0
2017-10-26,54.04,54.98,53.0,54.49,54.8,1729500,93714583.04,shares,0
2017-10-27,54.02,55.3,53.1,53.38,54.49,1736550,93725339.92,shares,0
2017-10-30,52.39,54.88,50.95,52.89,53.38,2136552,114008726.92,shares,0
2017-10-31,52.51,56.01,52.04,56.01,52.89,2238151,121984854.22,shares,0
2017-11-01,55.79,60.87,55.74,58.91,56.01,3103738,181631527.99,shares,0
2017-11-02,59.08,60.35,56.88,56.95,58.91,2336329,137164789.47,shares,0
2017-11-03,57.05,59.51,56.2,58.46,56.95,2225778,129006359.72,shares,0
2017-11-06,59.3,61.86,58.51,59.5,58.46,2547352,153153518.93,shares,0
2017-11-07,60.0,65.45,58.7,65.45,59.5,4527126,286002064.24,shares,0
2017-11-08,65.58,68.2,64.7,64.75,65.45,3669408,242601707.8,shares,0
2017-11-09,65.46,69.1,64.1,69.1,64.75,3577673,239699843.04,shares,0
2017-11-10,68.4,72.0,68.3,71.4,69.1,3702508,259175985.97,shares,0
2017-11-13,71.45,74.68,70.0,73.1,71.4,3258051,234689842.13,shares,0
2017-11-14,71.99,72.45,65.89,68.29,73.1,3918751,273511447.85,shares,0
2017-11-15,68.0,68.63,64.0,65.68,68.29,2733373,180737968.01,shares,0
2017-11-16,65.5,66.96,62.61,64.17,65.68,2380644,153802855.3,shares,0
2017-11-17,63.94,65.88,60.1,60.6,64.17,2663481,169812896.02,shares,0
2017-11-20,60.4,65.38,59.6,65.11,60.6,2478615,155502234.74,shares,0
2017-11-21,66.0,66.38,63.27,65.19,65.11,2387600,155112209.79,shares,0
2017-11-22,65.38,68.58,64.29,65.98,65.19,2897189,192322213.34,shares,0
2017-11-23,65.99,66.23,60.0,60.0,65.98,2351589,147915017.79,shares,0
2017-11-24,59.4,59.4,55.18,55.36,60.0,2909807,167595423.97,shares,0
2017-11-27,54.9,56.6,53.21,53.8,55.36,1640380,90282914.38,shares,0
2017-11-28,53.95,57.0,53.95,56.57,53.8,1584210,87770457.94,shares,0
2017-11-29,55.63,56.56,53.0,53.88,56.57,1834951,100446637.4,shares,0
2017-11-30,54.0,56.18,53.98,55.21,53.88,1572619,86795446.95,shares,0
2017-12-01,54.61,57.61,54.5,56.62,55.21,1867588,105876682.6,shares,0
2017-12-04,56.0,56.0,53.8,54.1,56.62,1366787,74730025.71,shares,0
2017-12-05,54.18,54.99,48.8,49.5,54.1,2308726,117482589.15,shares,0
2017-12-06,49.5,53.0,48.99,52.13,49.5,1718211,87339134.95,shares,0
2017-12-07,51.78,55.0,51.78,54.85,52.13,2008663,107894827.7,shares,0
2017-12-08,54.2,57.61,53.66,55.3,54.85,2373303,132909853.43,shares,0
2017-12-11,54.72,56.72,54.72,56.24,55.3,1208664,67638901.38,shares,0
2017-12-12,56.28,59.63,55.36,57.55,56.24,2955014,170829962.44,shares,0
2017-12-13,57.0,58.2,56.18,57.5,57.55,1577161,90097618.08,shares,0
2017-12-14,57.79,59.7,57.58,58.38,57.5,1953361,114254925.18,shares,0
2017-12-15,57.79,59.49,55.55,56.25,58.38,1902561,109209392.54,shares,0
2017-12-18,57.01,57.21,53.05,56.4,56.25,1640677,91101800.22,shares,0
2017-12-19,56.61,57.4,56.06,56.65,56.4,955961,54287873.62,shares,0
2017-12-20,56.64,56.99,54.55,55.0,56.65,1033000,57487332.0,shares,0
2017-12-21,54.5,57.39,54.0,56.92,55.0,1390881,78470120.66,shares,0
2017-12-22,56.99,59.9,56.83,59.8,56.92,1958583,115528151.68,shares,0
2017-12-25,59.66,62.5,59.0,62.1,59.8,2559212,156299196.3,shares,0
2017-12-26,61.35,62.2,60.1,61.81,62.1,2377207,145166405.25,shares,0
2017-12-27,61.4,61.68,58.31,58.67,61.81,1867300,112403188.98,shares,0
2017-12-28,57.83,60.57,57.83,58.68,58.67,1373299,81642157.95,shares,0
2017-12-29,58.1,62.83,58.1,62.0,58.68,2217921,135695728.08,shares,0
2018-01-02,62.0,62.88,60.92,61.54,62.0,1425321,87621269.68,shares,0
2018-01-03,61.86,62.5,60.21,61.42,61.54,1346053,82491811.22,shares,0
2018-01-04,60.5,62.5,60.42,60.67,61.42,1589121,97175947.35,shares,0
2018-01-05,60.65,60.65,56.2,56.51,60.67,2431321,141526141.48,shares,0
2018-01-08,56.2,56.2,52.88,54.18,56.51,2248926,121287754.71,shares,0
2018-01-09,54.51,54.6,53.6,54.22,54.18,1021137,55209273.1,shares,0
2018-01-10,54.22,54.76,53.2,53.69,54.22,1130400,61066688.84,shares,0
2018-01-11,53.3,56.0,52.9,54.66,53.69,1267500,69562794.0,shares,0
2018-01-12,54.02,54.98,53.4,53.45,54.66,896300,48357533.47,shares,0
2018-01-15,52.78,53.0,49.0,49.1,53.45,1589800,79773623.88,shares,0
2018-01-16,48.99,50.2,48.9,49.7,49.1,657000,32577327.0,shares,0
2018-01-17,50.7,51.9,48.5,51.7,49.7,1113437,56434757.36,shares,0
2018-01-18,51.0,52.35,50.3,50.52,51.7,841837,43086215.21,shares,0
2018-01-19,49.96,51.37,49.96,50.4,50.52,533100,27091688.0,shares,0
2018-01-22,49.99,52.87,47.1,51.68,50.4,1433100,72671824.0,shares,0
2018-01-23,51.0,51.99,51.0,51.71,51.68,545100,28066884.0,shares,0
2018-01-24,51.71,53.49,51.1,53.07,51.71,1236253,64994923.76,shares,0
2018-01-25,52.9,54.48,52.03,52.4,53.07,1179653,62868706.08,shares,0
2018-01-26,52.0,52.95,50.0,50.3,52.4,934300,48054026.0,shares,0
2018-01-29,50.16,51.33,46.19,47.25,50.3,1445968,69443439.0,shares,0
2018-01-30,46.91,47.94,46.84,47.26,47.25,542200,25651006.0,shares,0
2018-01-31,43.1,45.66,42.53,42.53,47.26,1683599,73038827.47,shares,0
2018-02-01,42.49,43.19,40.5,40.82,42.53,954200,39712132.0,shares,0
2018-02-02,40.82,41.74,38.0,39.48,40.82,1376761,55415018.2,shares,0
2018-02-05,38.5,39.8,37.6,38.9,39.48,1095111,42371196.37,shares,0
2018-02-06,37.78,38.64,35.05,35.05,38.9,1543740,56562143.2,shares,0
2018-02-07,36.43,37.52,34.0,36.57,35.05,1343900,48550371.49,shares,0
2018-02-08,36.64,38.45,36.64,38.29,36.57,1355661,51276626.33,shares,0
2018-02-09,37.33,42.12,36.66,42.12,38.29,2831300,116402244.0,shares,0
2018-02-12,43.0,43.66,41.12,43.08,42.12,2786700,118576118.12,shares,0
2018-02-13,42.5,44.15,41.31,41.62,43.08,2066800,88346113.0,shares,0
2018-02-14,42.07,42.34,39.66,40.42,41.62,1286551,52202869.8,shares,0
2018-02-22,40.5,42.39,39.99,41.25,40.42,1191051,49296340.18,shares,0
2018-02-23,41.0,41.4,40.09,41.21,41.25,963451,39240907.91,shares,0
2018-02-26,41.58,45.33,41.58,45.33,41.21,2291751,100908690.48,shares,0
2018-02-27,46.09,48.24,45.36,46.27,45.33,2202591,102400506.79,shares,0
2018-02-28,46.97,47.73,45.71,45.92,46.27,1645460,76723892.4,shares,0
2018-03-01,44.95,48.5,44.87,47.29,45.92,1823260,85268508.6,shares,0
2018-03-02,46.77,47.4,45.65,45.99,47.29,1270260,58856477.0,shares,0
2018-03-05,46.08,48.29,45.66,47.9,45.99,1250691,58911829.44,shares,0
2018-03-06,48.1,52.1,48.1,49.7,47.9,2852291,143978181.77,shares,0
2018-03-07,50.0,51.96,48.5,51.06,49.7,1689245,85394218.6,shares,0
2018-03-08,50.46,51.79,49.97,50.37,51.06,981200,49574035.97,shares,0
2018-03-09,50.02,52.25,50.02,51.85,50.37,1369301,70561207.46,shares,0
2018-03-12,51.89,54.5,51.88,53.5,51.85,1340006,71130783.01,shares,0
2018-03-13,53.0,53.98,51.5,52.1,53.5,1299296,68733122.05,shares,0
2018-03-14,51.76,52.19,50.0,50.26,52.1,1227292,63020709.49,shares,0
2018-03-15,49.65,50.54,46.0,49.48,50.26,1938008,94464186.55,shares,0
2018-03-16,49.45,49.88,48.12,48.66,49.48,1176887,57596517.92,shares,0
2018-03-19,48.6,50.97,48.08,49.73,48.66,1612300,80462391.89,shares,0
2018-03-20,49.57,52.58,49.57,52.54,49.73,1949313,100840098.44,shares,0
2018-03-21,52.41,54.2,50.77,51.15,52.54,1643451,85936589.61,shares,0
2018-03-22,50.99,52.34,50.77,51.59,51.15,1403800,72300325.0,shares,0
2018-03-23,48.0,50.66,46.52,46.92,51.59,1717000,83263601.0,shares,0
2018-03-26,45.81,51.54,45.81,51.28,46.92,2199853,109389698.1,shares,0
2018-03-27,51.65,54.58,51.65,54.1,51.28,2892246,154237083.51,shares,0
2018-03-28,53.08,56.5,53.04,54.22,54.1,2709801,149618161.62,shares,0
2018-03-29,55.28,57.05,53.5,55.47,54.22,2153505,118623557.15,shares,0
2018-03-30,55.5,59.32,55.5,59.18,55.47,2811948,162582922.93,shares,0
2018-04-02,60.0,64.45,59.2,62.0,59.18,3159166,194823068.56,shares,0
2018-04-03,60.0,61.6,58.7,60.6,62.0,1988047,119926361.02,shares,0
2018-04-04,61.4,64.2,59.77,59.99,60.6,1859111,115198748.34,shares,0
2018-04-09,59.97,62.25,57.25,61.13,59.99,1737300,105454307.0,shares,0
2018-04-10,62.99,63.47,58.5,59.38,61.13,1916155,115661555.11,shares,0
2018-04-11,60.5,63.99,60.5,60.9,59.38,2191521,135899213.45,shares,0
2018-04-12,62.2,65.0,60.05,61.8,60.9,2636811,165232293.78,shares,0
2018-04-13,62.1,62.6,59.68,60.8,61.8,2607090,158365497.4,shares,0
2018-04-16,59.95,62.59,59.95,60.81,60.8,2264120,138867581.32,shares,0
2018-04-17,61.9,66.89,61.0,62.92,60.81,3763687,239147052.77,shares,0
2018-04-18,64.24,69.21,62.98,69.21,62.92,5830573,388693661.8,shares,0
2018-04-19,67.32,72.9,67.02,67.5,69.21,5378171,377578558.42,shares,0
2018-04-20,67.16,70.15,66.2,67.09,67.5,3219511,221109411.2,shares,0
2018-04-23,67.99,69.11,60.38,61.7,67.09,3866112,248367126.87,shares,0
2018-04-24,62.35,65.3,61.96,64.3,61.7,2832265,180713116.95,shares,0
2018-04-25,66.98,70.69,66.16,68.4,64.3,4322343,295562863.64,shares,0
2018-04-26,68.94,75.24,68.63,75.24,68.4,5462523,401643694.01,shares,0
2018-04-27,75.0,75.41,67.72,68.9,75.24,4753966,337870196.72,shares,0
2018-05-02,70.0,71.5,65.67,68.02,68.9,3456643,236691733.09,shares,0
2018-05-03,67.03,71.53,64.8,70.0,68.02,3468227,236939420.16,shares,0
2018-05-04,69.0,73.61,68.61,72.2,70.0,3698155,265746351.84,shares,0
2018-05-07,72.05,73.35,70.37,73.12,72.2,2097113,150807195.66,shares,0
2018-05-08,72.09,73.12,69.9,71.4,73.12,2172234,154430847.02,shares,0
2018-05-09,71.0,74.38,70.51,71.99,71.4,2232920,162208943.81,shares,0
2018-05-10,72.33,72.4,68.2,69.84,71.99,2305629,160979159.6,shares,0
2018-05-11,69.02,70.49,67.7,68.2,69.84,1835983,126459217.67,shares,0
2018-05-14,67.3,68.45,65.33,65.9,68.2,2053000,136765295.0,shares,0
2018-05-15,66.11,68.68,66.1,68.64,65.9,1550364,104441384.4,shares,0
2018-05-16,68.2,70.45,67.87,68.67,68.64,1506664,104315190.4,shares,0
2018-05-17,68.71,70.48,68.04,69.48,68.67,1533914,106844141.28,shares,0
2018-05-18,69.34,69.98,65.5,67.43,69.48,1718279,115671805.12,shares,0
2018-05-21,67.81,71.85,67.01,71.18,67.43,2568803,180094548.56,shares,0
2018-05-22,70.5,74.87,70.18,74.26,71.18,2633939,191221221.44,shares,0
2018-05-23,73.68,76.32,73.0,74.0,74.26,2483460,185284562.25,shares,0
2018-05-24,75.11,75.89,72.6,73.0,74.0,1791747,132407319.53,shares,0
2018-05-25,72.71,73.47,69.8,69.84,73.0,2087270,147934327.89,shares,0
2018-05-28,69.99,70.82,68.01,68.56,69.84,1835245,127154841.0,shares,0
2018-05-29,69.0,70.0,68.35,68.54,68.56,1402448,96970492.92,shares,0
2018-05-30,68.01,70.28,63.52,63.9,68.54,2517459,168271896.89,shares,0
2018-05-31,64.23,65.2,61.85,64.19,63.9,2723466,173234316.44,shares,0
2018-06-01,60.0,62.13,57.77,58.64,64.19,3924923,235148532.71,shares,0
2018-06-04,58.5,60.66,58.12,58.7,58.64,1614810,95817842.06,shares,0
2018-06-05,58.9,61.88,58.7,61.25,58.7,2269937,136708112.81,shares,0
2018-06-06,61.0,61.67,59.98,60.45,61.25,1510656,91702944.12,shares,0
2018-06-07,60.86,61.4,59.21,59.45,60.45,1113600,66928220.0,shares,0
2018-06-08,58.97,60.48,57.51,60.28,59.45,1390595,82201563.37,shares,0
2018-06-11,59.62,60.9,58.11,58.74,60.28,1160905,68643921.32,shares,0
2018-06-12,58.76,60.0,56.23,59.48,58.74,1229711,71784293.83,shares,0
2018-06-13,59.36,61.9,58.53,58.69,59.48,1960149,118282935.2,shares,0
2018-06-14,58.68,61.79,58.15,61.13,58.69,2452749,148102185.87,shares,0
2018-06-15,61.7,62.82,60.1,62.65,61.13,2870147,176455842.06,shares,0
2018-06-19,61.5,64.77,56.6,59.5,62.65,3022252,185782089.35,shares,0
2018-06-20,59.0,61.88,57.5,61.68,59.5,2289959,137291035.49,shares,0
2018-06-21,31.8,32.17,29.14,29.14,32.38,5025987,152268487.25,shares,0
2018-06-22,28.0,28.7,27.01,27.66,29.14,3204320,89130725.0,shares,0
2018-06-25,27.98,28.48,26.8,26.8,27.66,2719139,75037457.62,shares,0
2018-06-26,25.77,29.48,25.33,29.48,26.8,4771417,133585043.5,shares,0
2018-06-27,30.14,32.43,30.02,32.43,29.48,7762350,246806859.37,shares,0
2018-06-28,32.01,34.98,31.71,33.2,32.43,9912709,327781830.13,shares,0
2018-06-29,32.8,36.52,32.39,36.37,33.2,9362228,321564385.46,shares,0
2018-07-02,36.24,36.29,34.63,35.33,36.37,7591668,270166239.2,shares,0
2018-07-03,35.2,38.8,34.79,36.9,35.33,8504177,311195203.36,shares,0
2018-07-04,36.0,36.5,34.71,36.2,36.9,5224099,186756265.02,shares,0
2018-07-05,35.93,36.87,35.08,35.75,36.2,4066260,146138095.94,shares,0
2018-07-06,35.75,38.8,34.9,35.0,35.75,7279421,268402531.67,shares,0
2018-07-09,36.0,38.5,35.08,38.5,35.0,5159114,190924692.5,shares,0
2018-07-10,40.31,41.34,38.12,38.94,38.5,7626436,300793673.87,shares,0
2018-07-11,38.63,41.7,37.98,41.7,38.94,8816261,350349780.03,shares,0
2018-07-12,40.8,42.9,40.56,41.75,41.7,7048258,295141972.95,shares,0
2018-07-13,41.5,43.4,40.88,42.81,41.75,4554141,192500075.88,shares,0
2018-07-16,42.42,44.13,41.6,42.0,42.81,5513721,237076079.08,shares,0
2018-07-17,41.16,42.38,40.62,42.3,42.0,3457315,143619524.0,shares,0
2018-07-18,42.1,42.45,40.7,40.71,42.3,3101655,128290594.29,shares,0
2018-07-19,40.77,41.7,40.4,40.69,40.71,2250895,92655968.21,shares,0
2018-07-20,40.69,41.89,40.31,41.2,40.69,2415088,99501832.6,shares,0
2018-07-23,41.0,43.32,40.91,42.19,41.2,4085173,172495704.5,shares,0
2018-07-24,42.2,42.39,40.4,41.38,42.19,4315195,177451663.72,shares,0
2018-07-25,41.22,42.15,40.88,41.4,41.38,3150802,130625105.92,shares,0
2018-07-26,41.4,41.4,39.02,39.05,41.4,3434269,137513473.57,shares,0
2018-07-27,39.0,42.15,38.38,41.25,39.05,5219306,210955230.73,shares,0
2018-07-30,41.36,41.64,37.58,38.89,41.25,4243553,167879201.94,shares,0
2018-07-31,38.6,39.76,38.2,39.0,38.89,2349890,91761741.12,shares,0
2018-08-01,40.02,41.5,39.43,40.15,39.0,3972260,161133866.73,shares,0
2018-08-02,40.16,42.32,39.2,41.95,40.15,5914134,243852144.03,shares,0
2018-08-03,41.95,41.95,39.03,39.5,41.95,4469921,181399975.55,shares,0
2018-08-06,38.42,41.47,38.02,38.97,39.5,2870082,113006660.52,shares,0
2018-08-07,39.79,39.96,36.67,39.03,38.97,4106053,157279480.74,shares,0
2018-08-08,38.8,38.9,35.13,35.13,39.03,4943840,182255838.42,shares,0
2018-08-09,34.5,38.51,34.0,37.59,35.13,5716469,211167841.76,shares,0
2018-08-10,37.93,41.0,37.93,40.11,37.59,5768164,228383604.69,shares,0
2018-08-13,40.94,42.18,40.18,41.85,40.11,5367189,221776316.85,shares,0
2018-08-14,42.37,42.49,40.8,41.13,41.85,3783306,157039313.03,shares,0
2018-08-15,41.88,43.95,41.74,42.2,41.13,7289391,309793314.16,shares,0
2018-08-16,41.75,41.75,39.2,39.9,42.2,4966220,200952890.76,shares,0
2018-08-17,41.14,41.38,38.37,39.05,39.9,4313803,171529502.14,shares,0
2018-08-20,39.0,40.82,38.03,40.7,39.05,3882964,152796862.75,shares,0
2018-08-21,40.4,40.98,38.9,40.71,40.7,4182099,167371957.2,shares,0
2018-08-22,40.81,41.47,40.06,40.9,40.71,3560581,145302329.1,shares,0
2018-08-23,40.57,42.78,40.57,42.0,40.9,5351052,224533243.9,shares,0
2018-08-24,41.99,43.69,41.68,42.29,42.0,4705994,201325046.35,shares,0
2018-08-27,42.3,45.0,42.19,44.53,42.29,4721264,206297500.29,shares,0
2018-08-28,44.09,45.2,43.83,44.63,44.53,4481103,199379413.43,shares,0
2018-08-29,44.61,44.64,43.35,44.05,44.63,2585038,113396298.98,shares,0
2018-08-30,44.0,44.09,42.51,43.0,44.05,2261674,97692775.75,shares,0
2018-08-31,42.9,43.9,42.48,42.67,43.0,2397728,103447475.82,shares,0
2018-09-03,42.11,43.99,41.3,43.99,42.67,3414528,145256739.67,shares,0
2018-09-04,43.68,47.2,43.41,46.15,43.99,4988185,224659283.4,shares,0
2018-09-05,45.95,47.0,45.12,45.32,46.15,3508144,161093493.6,shares,0
2018-09-06,45.21,49.47,45.14,48.95,45.32,5465927,260681322.8,shares,0
2018-09-07,48.46,49.49,44.06,45.2,48.95,7170223,333156761.94,shares,0
2018-09-10,44.1,45.21,41.76,42.38,45.2,5198077,225780345.37,shares,0
2018-09-11,42.75,43.3,41.58,42.69,42.38,3260179,138613756.14,shares,0
2018-09-12,42.4,42.78,41.0,41.63,42.69,2991239,125290722.07,shares,0
2018-09-13,42.2,42.61,37.49,39.86,41.63,6304073,250822536.9,shares,0
2018-09-14,39.69,41.44,38.83,40.16,39.86,4223252,169866611.72,shares,0
2018-09-17,39.55,40.5,38.18,39.0,40.16,2822463,110736818.44,shares,0
2018-09-18,39.37,40.35,38.61,40.1,39.0,3143099,124681437.04,shares,0
2018-09-19,39.9,42.55,39.63,41.7,40.1,4530717,186521961.36,shares,0
2018-09-20,41.49,41.77,40.95,41.1,41.7,2043176,84430720.3,shares,0
2018-09-21,41.4,41.8,39.81,40.9,41.1,2834150,115305956.42,shares,0
2018-09-25,40.57,41.78,40.25,41.0,40.9,2565648,105887357.01,shares,0
2018-09-26,41.0,41.75,40.1,40.82,41.0,2743318,111690775.88,shares,0
2018-09-27,40.66,41.58,39.62,39.79,40.82,2889222,117734295.3,shares,0
2018-09-28,39.89,40.1,37.7,39.31,39.79,4222774,163134248.98,shares,0
2018-10-08,37.63,38.44,35.67,35.85,39.31,2808415,104091798.11,shares,0
2018-10-09,35.93,36.62,34.13,34.4,35.85,3609770,126067187.56,shares,0
2018-10-10,34.92,35.56,33.41,35.3,34.4,3262396,113724453.08,shares,0
2018-10-11,33.56,35.17,32.3,33.17,35.3,3497116,118432373.51,shares,0
2018-10-12,33.16,34.95,32.99,34.7,33.17,3674740,125168562.51,shares,0
2018-10-15,34.12,34.61,31.3,31.41,34.7,5511726,182563481.19,shares,0
2018-10-16,31.15,32.36,29.58,31.82,31.41,5137535,160735513.68,shares,0
2018-10-17,32.1,32.55,29.58,31.6,31.82,5205665,162667500.98,shares,0
2018-10-18,30.43,31.2,29.0,29.3,31.6,2946258,89555423.04,shares,0
2018-10-19,29.07,30.73,28.41,30.67,29.3,5015612,150696484.62,shares,0
2018-10-22,31.12,33.74,31.12,33.74,30.67,4913670,161227468.81,shares,0
2018-10-23,33.92,34.75,32.81,33.1,33.74,4955618,167308757.79,shares,0
2018-10-24,33.45,33.72,32.5,32.78,33.1,2939251,97146124.13,shares,0
2018-10-25,31.0,32.1,29.68,31.66,32.78,4165616,128748823.69,shares,0
2018-10-26,32.11,32.83,30.55,30.66,31.66,2943887,92916128.51,shares,0
2018-10-29,30.0,32.85,30.0,31.24,30.66,3210526,101191206.1,shares,0
2018-10-30,31.6,31.7,29.11,30.23,31.24,4283764,128459810.54,shares,0
2018-10-31,30.6,31.5,29.91,30.75,30.23,3605910,110087406.5,shares,0
2018-11-01,31.46,32.68,30.87,31.6,30.75,4701018,148964063.21,shares,0
2018-11-02,32.45,34.56,32.45,34.45,31.6,6381312,213818367.55,shares,0
2018-11-05,33.87,35.31,33.05,34.34,34.45,5071125,173830320.59,shares,0
2018-11-06,33.58,34.28,32.71,34.05,34.34,3039772,101634931.86,shares,0
2018-11-07,34.02,35.13,33.41,34.2,34.05,4257697,146594678.66,shares,0
2018-11-08,34.58,34.79,33.01,33.31,34.2,2819164,95257726.91,shares,0
2018-11-09,33.0,34.08,33.0,33.28,33.31,2012418,67588406.91,shares,0
2018-11-12,33.43,34.65,33.1,34.6,33.28,2780416,94547155.99,shares,0
2018-11-13,34.06,35.18,33.8,34.45,34.6,3650242,126210258.49,shares,0
2018-11-14,34.07,36.4,34.07,35.53,34.45,4256997,151284963.7,shares,0
2018-11-15,35.33,36.12,34.81,36.0,35.53,3028530,107963824.39,shares,0
2018-11-16,36.48,36.91,35.7,36.03,36.0,2950427,107178771.43,shares,0
2018-11-19,35.57,35.92,35.02,35.38,36.03,1992541,70498533.43,shares,0
2018-11-20,34.97,35.58,34.35,34.77,35.38,1872362,65150694.92,shares,0
2018-11-21,34.08,34.63,33.98,34.39,34.77,1414285,48471393.07,shares,0
2018-11-22,34.39,35.35,34.39,34.69,34.39,1445578,50491202.79,shares,0
2018-11-23,34.69,35.02,31.91,32.12,34.69,2532160,84295255.86,shares,0
2018-11-26,32.23,32.23,30.16,30.72,32.12,2636286,81256209.77,shares,0
2018-11-27,30.82,31.25,30.41,30.85,30.72,1268497,39216560.49,shares,0
2018-11-28,30.9,32.68,30.24,32.15,30.85,2144286,68157847.33,shares,0
2018-11-29,32.51,33.15,31.55,32.04,32.15,1988791,64669646.42,shares,0
2018-11-30,31.41,32.69,30.78,32.36,32.04,1621180,51478199.0,shares,0
2018-12-03,33.52,34.35,33.02,34.0,32.36,2867931,96881461.2,shares,0
2018-12-04,33.42,33.99,33.21,33.7,34.0,1486674,49926754.06,shares,0
2018-12-05,32.95,33.96,32.43,33.77,33.7,2217789,73835742.18,shares,0
2018-12-06,33.3,34.18,32.72,32.9,33.77,1960766,65262933.73,shares,0
2018-12-07,32.66,33.36,32.55,32.55,32.9,987855,32417802.1,shares,0
2018-12-10,32.3,32.59,31.99,32.27,32.55,686210,22124705.9,shares,0
2018-12-11,32.4,32.74,32.03,32.4,32.27,966675,31306012.17,shares,0
2018-12-12,32.5,32.76,31.72,32.03,32.4,1094847,35080398.38,shares,0
2018-12-13,35.22,35.22,33.01,34.46,32.03,4919879,168734985.31,shares,0
2018-12-14,35.1,35.34,33.51,33.71,34.46,2447112,84093883.91,shares,0
2018-12-17,33.0,34.19,33.0,33.25,33.71,1464450,49262731.9,shares,0
2018-12-18,33.25,34.26,33.0,33.69,33.25,1755230,59278432.4,shares,0
2018-12-19,33.51,34.35,33.41,33.89,33.69,1556087,52719627.6,shares,0
2018-12-20,33.99,34.34,33.42,33.98,33.89,1115112,37924769.88,shares,0
2018-12-21,33.95,34.07,32.4,32.42,33.98,1683440,55739247.87,shares,0
2018-12-24,32.5,33.7,31.7,33.55,32.42,1765737,58053822.35,shares,0
2018-12-25,33.05,33.05,31.17,32.16,33.55,3311403,105787376.52,shares,0
2018-12-26,31.91,32.47,30.82,31.23,32.16,2779143,87243910.78,shares,0
2018-12-27,31.61,31.81,30.0,30.02,31.23,2245674,69343579.39,shares,0
2018-12-28,30.26,30.87,29.35,30.6,30.02,2309756,69788601.15,shares,0
2019-01-02,30.6,30.66,29.83,29.98,30.6,1087222,32821067.2,shares,0
2019-01-03,30.05,30.35,28.88,28.88,29.98,1238640,36715056.3,shares,0
2019-01-04,28.2,30.1,28.1,29.68,28.88,1852649,54383310.18,shares,0
2019-01-07,30.1,32.04,30.1,31.32,29.68,3028513,94935668.41,shares,0
2019-01-08,31.18,31.89,31.04,31.19,31.32,1381188,43349797.99,shares,0
2019-01-09,31.15,32.13,31.01,31.52,31.19,1811139,57212649.2,shares,0
2019-01-10,31.04,31.8,31.0,31.0,31.52,1081450,33887124.91,shares,0
2019-01-11,31.03,31.48,30.84,30.99,31.0,739204,22970168.42,shares,0
2019-01-14,30.99,30.99,29.46,29.62,30.99,1906071,56953806.34,shares,0
2019-01-15,29.9,29.9,29.25,29.77,29.62,1756747,52040992.21,shares,0
2019-01-16,30.2,30.39,29.6,29.61,29.77,1610011,48149631.57,shares,0
2019-01-17,29.5,29.53,27.7,28.18,29.61,3382474,95505568.63,shares,0
2019-01-18,28.29,28.66,27.79,28.5,28.18,2293044,64624693.61,shares,0
2019-01-21,28.48,29.16,28.1,28.73,28.5,3788576,108568724.39,shares,0
2019-01-22,28.7,28.7,27.81,28.1,28.73,2148752,60546261.52,shares,0
2019-01-23,28.1,28.44,27.08,28.24,28.1,3622025,100525275.17,shares,0
2019-01-24,28.27,30.99,27.94,29.58,28.24,5946502,174979622.44,shares,0
2019-01-25,29.27,30.02,28.81,28.9,29.58,3472004,102429264.19,shares,0
2019-01-28,29.27,29.3,28.18,29.3,28.9,2979837,85816517.39,shares,0
2019-01-29,28.99,29.2,27.5,28.1,29.3,2311448,64979408.44,shares,0
2019-01-30,28.1,28.59,27.5,27.62,28.1,1664438,46707966.49,shares,0
2019-01-31,27.52,28.1,24.86,24.86,27.62,5381959,138098040.46,shares,0
2019-02-01,24.9,26.66,24.4,26.53,24.86,3924569,100126059.77,shares,0
2019-02-11,26.62,29.18,26.62,29.18,26.53,5691501,162755943.9,shares,0
2019-02-12,29.55,29.6,28.95,29.21,29.18,4036348,118216895.09,shares,0
2019-02-13,29.75,30.74,29.35,29.95,29.21,4364867,130965795.04,shares,0
2019-02-14,30.22,30.48,29.69,30.13,29.95,2727589,82163100.44,shares,0
2019-02-15,30.17,30.42,29.71,29.82,30.13,2191100,65750272.29,shares,0
2019-02-18,30.17,32.8,30.17,32.8,29.82,4480815,142692287.8,shares,0
2019-02-19,33.68,34.85,31.65,32.45,32.8,6573960,218962437.06,shares,0
2019-02-20,32.79,33.36,31.5,31.92,32.45,3924008,126171748.9,shares,0
2019-02-21,31.95,33.79,31.88,31.99,31.92,4756695,155680795.89,shares,0
2019-02-22,31.83,33.68,31.66,33.65,31.99,4056640,132716312.08,shares,0
2019-02-25,34.0,36.57,34.0,36.46,33.65,6077137,215450569.53,shares,0
2019-02-26,36.59,37.5,35.16,36.29,36.46,4969323,180402125.0,shares,0
2019-02-27,35.8,36.35,35.3,35.63,36.29,2799746,100172463.78,shares,0
2019-02-28,35.75,35.99,34.19,34.75,35.63,3636723,127334041.56,shares,0
2019-03-01,35.4,35.48,32.84,33.9,34.75,4476059,151227942.19,shares,0
2019-03-04,35.12,36.2,33.91,34.4,33.9,7042331,245777868.5,shares,0
2019-03-05,33.72,37.84,33.7,37.84,34.4,8795469,320178832.93,shares,0
2019-03-06,38.44,38.62,36.28,37.3,37.84,8170773,302222055.83,shares,0
2019-03-07,36.9,38.35,36.3,37.66,37.3,5097658,191756728.27,shares,0
2019-03-08,36.71,41.43,36.11,39.05,37.66,7998604,317822744.13,shares,0
2019-03-11,40.02,41.56,38.01,40.14,39.05,6483778,259178241.78,shares,0
2019-03-12,40.29,42.77,39.68,42.0,40.14,5815608,240843117.98,shares,0
2019-03-13,41.87,44.44,39.81,41.0,42.0,5363733,229171213.9,shares,0
2019-03-14,40.4,41.55,38.21,39.22,41.0,4173039,163084338.85,shares,0
2019-03-15,39.13,40.24,38.66,39.48,39.22,3100823,121889283.27,shares,0
2019-03-18,39.47,39.61,37.7,39.12,39.48,3779549,145353402.77,shares,0
2019-03-19,38.8,40.94,38.68,39.5,39.12,2635560,105015669.1,shares,0
2019-03-20,39.15,39.88,37.8,38.28,39.5,2636558,101213939.66,shares,0
2019-03-21,38.0,39.26,37.85,38.45,38.28,2730312,105369538.81,shares,0
2019-03-22,38.85,40.4,38.59,39.05,38.45,3389954,133385411.47,shares,0
2019-03-25,38.1,39.84,37.9,38.95,39.05,2303657,90062917.07,shares,0
2019-03-26,39.1,39.48,36.03,36.53,38.95,3123746,116848368.2,shares,0
2019-03-27,37.17,37.93,35.46,36.01,36.53,3397174,123318040.51,shares,0
2019-03-28,36.0,37.33,35.85,36.1,36.01,3344711,123039174.7,shares,0
2019-03-29,36.5,37.66,36.15,37.33,36.1,3108204,115123307.38,shares,0
2019-04-01,37.68,39.19,37.38,39.19,37.33,4120989,158781552.31,shares,0
2019-04-02,39.84,41.71,39.45,41.71,39.19,5335475,215781548.61,shares,0
2019-04-04,42.0,42.87,38.68,39.68,41.71,6687297,271464436.73,shares,0
2019-04-08,39.33,39.69,36.68,37.2,39.68,4286220,162253095.86,shares,0
2019-04-09,37.2,40.16,36.9,40.16,37.2,4231343,165253737.4,shares,0
2019-04-10,39.55,39.55,37.97,38.58,40.16,3491914,135383845.03,shares,0
2019-04-11,38.79,38.96,36.75,37.16,38.58,2980798,111270738.25,shares,0
2019-04-12,36.94,37.18,35.73,36.29,37.16,2218001,80953814.39,shares,0
2019-04-15,37.44,37.5,35.62,35.66,36.29,2138792,77845098.65,shares,0
2019-04-16,35.59,36.76,33.6,36.58,35.66,4478692,156134873.28,shares,0
2019-04-17,36.15,37.17,35.01,36.86,36.58,4174153,151110760.53,shares,0
2019-04-18,36.35,37.21,36.25,36.5,36.86,3130965,114904011.79,shares,0
2019-04-19,36.5,36.83,36.01,36.5,36.5,1852286,67490993.78,shares,0
2019-04-22,36.49,37.5,36.15,36.7,36.5,2149077,79165635.95,shares,0
2019-04-23,36.33,37.4,36.2,37.14,36.7,2321593,85704009.2,shares,0
2019-04-24,37.05,39.0,36.82,38.9,37.14,3916167,149177691.96,shares,0
2019-04-25,38.14,39.69,37.41,38.0,38.9,3109628,120133375.49,shares,0
2019-04-26,38.08,38.08,34.8,34.95,38.0,3644481,131593846.69,shares,0
2019-04-29,34.91,34.92,31.46,31.46,34.95,2977381,97531766.61,shares,0
2019-04-30,31.35,32.38,31.3,31.61,31.46,1454122,46319440.47,shares,0
2019-05-06,30.7,30.78,28.45,29.15,31.61,2455369,72839762.46,shares,0
2019-05-07,29.51,30.15,28.9,29.37,29.15,1746208,51685154.04,shares,0
2019-05-08,29.48,31.72,28.25,30.11,29.37,2282131,69232463.18,shares,0
2019-05-09,30.25,31.97,30.25,30.6,30.11,2369503,74050052.55,shares,0
2019-05-10,31.04,33.23,30.13,33.03,30.6,3606747,115238105.13,shares,0
2019-05-13,32.5,33.09,31.25,31.34,33.03,2836316,90628017.09,shares,0
2019-05-14,30.8,32.1,30.66,30.95,31.34,1482082,46726845.97,shares,0
2019-05-15,31.25,31.78,31.09,31.47,30.95,1199178,37609999.49,shares,0
2019-05-16,31.47,31.57,30.3,30.63,31.47,1495318,45925698.99,shares,0
2019-05-17,31.0,31.85,30.63,30.7,30.63,2495084,77815693.73,shares,0
2019-05-20,31.5,32.66,31.05,31.39,30.7,2987071,94444532.52,shares,0
2019-05-21,31.2,31.72,30.34,31.43,31.39,2147513,66878368.81,shares,0
2019-05-22,31.43,32.49,31.13,32.3,31.43,2493278,79656903.53,shares,0
2019-05-23,32.57,32.57,30.9,31.45,32.3,2419052,76871617.46,shares,0
2019-05-24,30.8,31.18,28.78,28.94,31.45,3088541,90816768.02,shares,0
2019-05-27,29.3,31.23,28.7,30.93,28.94,3030911,91962586.64,shares,0
2019-05-28,31.48,32.39,31.01,31.77,30.93,3267462,103578323.12,shares,0
2019-05-29,32.6,32.89,31.43,32.07,31.77,2916676,93915650.21,shares,0
2019-05-30,31.9,31.93,30.17,31.08,32.07,2659410,82656016.65,shares,0
2019-05-31,31.4,32.0,30.59,31.28,31.08,2577436,80623459.86,shares,0
2019-06-03,31.2,31.85,30.17,30.36,31.28,1974253,60733575.67,shares,0
2019-06-04,30.05,30.8,29.36,30.09,30.36,1986022,59744754.9,shares,0
2019-06-05,30.4,30.51,29.58,29.61,30.09,1766543,52907034.74,shares,0
2019-06-06,29.4,29.8,28.6,28.77,29.61,1832278,53111615.8,shares,0
2019-06-10,29.18,29.55,28.78,29.28,28.77,1757609,51353629.98,shares,0
2019-06-11,29.07,32.21,29.07,32.21,29.28,4138653,128717134.89,shares,0
2019-06-12,32.0,34.88,31.6,34.5,32.21,5746346,190756906.25,shares,0
2019-06-13,33.86,34.4,32.7,32.98,34.5,4207739,140092457.48,shares,0
2019-06-14,17.4,17.42,16.33,16.59,17.3,5262224,87969824.69,shares,0
2019-06-17,17.4,17.98,16.7,17.03,16.59,7006292,120730377.62,shares,0
2019-06-18,16.13,17.7,16.1,16.94,17.03,6156303,104035604.18,shares,0
2019-06-19,18.0,18.63,17.62,18.63,16.94,5502435,100953185.03,shares,0
2019-06-20,20.45,20.49,18.08,18.58,18.63,22892594,444123138.69,shares,0
2019-06-21,17.88,19.39,17.88,19.3,18.58,17085762,323915726.57,shares,0
2019-06-24,19.0,19.79,18.71,18.96,19.3,9009293,171909509.47,shares,0
2019-06-25,18.85,19.66,18.8,19.54,18.96,10519357,203439695.42,shares,0
2019-06-26,19.42,19.99,19.0,19.24,19.54,8550191,165435275.68,shares,0
2019-06-27,19.18,21.16,19.1,19.9,19.24,22818032,463792623.41,shares,0
2019-06-28,19.65,19.65,18.11,18.85,19.9,14652923,276443229.98,shares,0
2019-07-01,19.09,20.74,18.99,20.74,18.85,13444086,271532075.22,shares,0
2019-07-02,21.0,22.5,20.25,20.27,20.74,26896964,567929480.28,shares,0
2019-07-03,19.0,19.65,18.75,18.88,20.27,13496826,258238862.39,shares,0
2019-07-04,19.19,19.19,18.2,18.34,18.88,7932276,147110283.52,shares,0
2019-07-05,18.42,18.87,18.31,18.7,18.34,6157668,115119695.66,shares,0
2019-07-08,18.7,20.3,18.6,19.03,18.7,11585797,222394498.03,shares,0
2019-07-09,18.89,20.9,18.84,20.28,19.03,17111418,342218192.48,shares,0
2019-07-10,19.81,20.21,19.5,19.79,20.28,12849662,254645008.39,shares,0
2019-07-11,19.85,19.92,18.98,19.12,19.79,8324345,160583727.22,shares,0
2019-07-12,19.19,19.25,18.42,18.51,19.12,7448178,139107418.82,shares,0
2019-07-15,17.5,17.51,16.66,17.27,18.51,13976879,237420198.07,shares,0
2019-07-16,17.12,17.86,17.12,17.52,17.27,6846289,120371965.56,shares,0
2019-07-17,17.58,18.16,17.27,17.61,17.52,7828432,138891222.82,shares,0
2019-07-18,17.68,18.3,17.5,18.08,17.61,9846053,176912370.43,shares,0
2019-07-19,18.1,19.38,17.84,19.35,18.08,13741999,255452694.2,shares,0
2019-07-22,18.94,18.94,17.42,17.42,19.35,13869777,247614241.91,shares,0
2019-07-23,17.22,17.75,17.18,17.45,17.42,6997620,122117725.61,shares,0
2019-07-24,17.45,18.07,17.13,17.78,17.45,8269916,146613678.23,shares,0
2019-07-25,17.95,18.18,17.55,17.68,17.78,6405324,114091912.49,shares,0
2019-07-26,17.88,18.27,17.55,17.61,17.68,5857854,104448347.85,shares,0
2019-07-29,17.6,17.74,16.98,17.74,17.61,8681684,150130410.64,shares,0
2019-07-30,17.57,18.0,17.52,17.65,17.74,6076360,108020448.62,shares,0
2019-07-31,17.56,17.75,17.03,17.07,17.65,5665699,98188140.26,shares,0
2019-08-01,17.02,17.44,16.99,17.23,17.07,4361463,74997371.06,shares,0
2019-08-02,16.73,16.98,16.49,16.76,17.23,5748794,96084697.28,shares,0
2019-08-05,16.61,16.98,16.23,16.39,16.76,3888275,64771172.93,shares,0
2019-08-06,16.0,16.55,15.49,16.45,16.39,6003893,96168997.67,shares,0
2019-08-07,16.52,16.67,16.11,16.15,16.45,3723074,60936168.75,shares,0
2019-08-08,16.18,17.57,16.18,17.36,16.15,9422115,160630616.37,shares,0
2019-08-09,17.78,18.6,17.68,17.83,17.36,13585503,245025789.57,shares,0
2019-08-12,18.21,19.39,17.91,19.22,17.83,14063773,262965092.15,shares,0
2019-08-13,18.9,20.1,18.9,19.3,19.22,14483071,281577339.54,shares,0
2019-08-14,19.91,20.33,19.55,19.85,19.3,11602515,230820413.34,shares,0
2019-08-15,19.38,20.45,19.38,20.16,19.85,9990035,199136940.04,shares,0
2019-08-16,20.16,22.18,20.0,22.18,20.16,21702409,469970470.38,shares,0
2019-08-19,22.31,23.15,21.2,22.7,22.18,23483524,519218615.87,shares,0
2019-08-20,22.3,22.65,21.68,22.05,22.7,13303542,292967693.88,shares,0
2019-08-21,21.88,22.83,21.85,21.98,22.05,11430348,254689139.67,shares,0
2019-08-22,22.24,22.95,21.98,22.84,21.98,11454353,257529203.91,shares,0
2019-08-23,22.9,22.9,21.9,22.01,22.84,8845371,196131603.73,shares,0
2019-08-26,21.65,24.21,21.65,24.21,22.01,23546040,557436666.09,shares,0
2019-08-27,23.2,24.25,23.11,23.5,24.21,16530915,390496087.88,shares,0
2019-08-28,23.5,23.5,21.99,22.0,23.5,13196683,296181876.91,shares,0
2019-08-29,21.95,22.48,21.73,21.85,22.0,9087908,199938673.44,shares,0
2019-08-30,21.91,22.64,21.09,21.88,21.85,11718887,258458251.31,shares,0
2019-09-02,21.72,22.76,21.15,22.5,21.88,11172799,246923378.05,shares,0
2019-09-03,22.85,24.75,22.85,24.75,22.5,14508832,348452684.7,shares,0
2019-09-04,25.92,26.47,24.28,25.38,24.75,21901685,556769036.94,shares,0
2019-09-05,25.38,27.56,25.0,26.18,25.38,18462418,489195056.99,shares,0
2019-09-06,26.13,27.55,25.48,25.94,26.18,13502508,359244897.49,shares,0
2019-09-09,26.64,27.11,26.03,26.83,25.94,10355365,275636082.76,shares,0
2019-09-10,26.83,26.85,24.88,25.88,26.83,12735984,330966945.31,shares,0
2019-09-11,26.69,27.18,24.68,24.92,25.88,16574256,426058022.55,shares,0
2019-09-12,25.4,25.55,24.35,24.52,24.92,9855029,243411459.2,shares,0
2019-09-16,24.74,25.17,23.75,24.71,24.52,11577744,284324097.92,shares,0
2019-09-17,24.7,25.05,23.69,23.8,24.71,9603191,232144030.92,shares,0
2019-09-18,23.9,24.02,23.14,23.6,23.8,7241533,170582149.23,shares,0
2019-09-19,23.57,24.78,23.3,24.35,23.6,11762177,283949746.72,shares,0
2019-09-20,24.28,25.37,24.11,24.59,24.35,12152808,300636640.8,shares,0
2019-09-23,24.6,25.15,23.6,25.07,24.59,12863851,310568961.1,shares,0
2019-09-24,25.38,26.69,24.7,25.98,25.07,19553611,506726063.11,shares,0
2019-09-25,25.8,26.48,24.42,24.42,25.98,11806982,300249840.0,shares,0
2019-09-26,24.13,24.6,21.98,21.98,24.42,14491072,331620443.56,shares,0
2019-09-27,21.96,22.4,21.44,21.77,21.98,8875346,194577889.09,shares,0
2019-09-30,21.66,21.85,20.87,20.98,21.77,8134005,173282163.56,shares,0
2019-10-08,21.32,21.61,20.61,21.08,20.98,6336211,134725640.19,shares,0
2019-10-09,20.85,21.4,20.5,21.35,21.08,5759520,121757702.06,shares,0
2019-10-10,21.4,21.75,21.15,21.6,21.35,5645477,121358392.59,shares,0
2019-10-11,21.8,21.84,20.83,21.27,21.6,6697493,142988275.26,shares,0
2019-10-14,21.69,22.4,21.45,22.4,21.27,8484781,186526270.59,shares,0
2019-10-15,21.3,21.3,20.16,20.16,22.4,11917931,245499288.78,shares,0
2019-10-16,19.94,20.47,19.88,19.99,20.16,7522541,151755653.85,shares,0
2019-10-17,20.19,20.2,19.75,19.99,19.99,3979222,79541092.22,shares,0
2019-10-18,19.87,20.13,19.21,19.88,19.99,6824803,134636126.8,shares,0
2019-10-21,19.88,19.96,18.99,19.32,19.88,7322933,141846199.77,shares,0
2019-10-22,19.51,20.28,19.41,19.99,19.32,6654792,132191741.59,shares,0
2019-10-23,20.06,20.26,19.65,19.69,19.99,4013296,79996859.06,shares,0
2019-10-24,19.77,19.85,19.33,19.48,19.69,3461942,67786928.28,shares,0
2019-10-25,19.46,20.23,19.18,20.03,19.48,5494894,108998207.23,shares,0
2019-10-28,20.26,21.65,20.26,21.21,20.03,9125312,191608646.39,shares,0
2019-10-29,21.27,21.65,20.8,20.87,21.21,7470205,158811827.59,shares,0
2019-10-30,20.97,21.94,20.67,21.51,20.87,9106030,195868074.59,shares,0
2019-10-31,21.2,21.89,21.11,21.26,21.51,6780003,145577212.66,shares,0
2019-11-01,21.0,21.77,21.0,21.52,21.26,5520677,119032547.19,shares,0
2019-11-04,21.52,22.13,21.3,21.94,21.52,6696597,146593946.46,shares,0
2019-11-05,21.83,22.58,21.65,22.38,21.94,8537073,189076159.51,shares,0
2019-11-06,22.39,22.55,21.5,22.03,22.38,7777088,170909562.36,shares,0
2019-11-07,21.8,22.05,21.58,21.78,22.03,3736690,81458567.46,shares,0
2019-11-08,21.8,22.0,21.21,21.21,21.78,5393440,116122013.09,shares,0
2019-11-11,20.99,21.43,20.9,20.99,21.21,4180176,88419760.65,shares,0
2019-11-12,21.05,21.08,20.28,20.89,20.99,6192062,128410789.23,shares,0
2019-11-13,21.0,21.47,20.77,21.25,20.89,7096902,150565667.05,shares,0
2019-11-14,21.0,21.79,20.54,21.51,21.25,8530365,181158366.47,shares,0
2019-11-15,21.41,22.15,21.21,21.29,21.51,8120751,176485955.81,shares,0
2019-11-18,20.86,21.15,20.36,21.07,21.29,7944506,164663662.35,shares,0
2019-11-19,20.77,21.91,20.55,21.69,21.07,8914438,188721402.8,shares,0
2019-11-20,21.59,21.97,21.35,21.9,21.69,11169359,242407195.95,shares,0
2019-11-21,21.64,21.84,20.99,21.0,21.9,7161442,153482828.59,shares,0
2019-11-22,21.1,21.46,20.33,20.43,21.0,6073300,126646596.58,shares,0
2019-11-25,20.3,20.42,18.91,19.2,20.43,6866363,133827793.93,shares,0
2019-11-26,19.15,19.5,18.91,19.22,19.2,4153769,79460463.69,shares,0
2019-11-27,19.13,19.87,19.06,19.52,19.22,4309192,84335571.12,shares,0
2019-11-28,19.35,19.86,19.25,19.45,19.52,3178749,62178099.01,shares,0
2019-11-29,19.4,19.8,19.38,19.59,19.45,2888544,56609361.02,shares,0
2019-12-02,19.61,20.42,19.53,20.16,19.59,5331965,106985961.76,shares,0
2019-12-03,20.1,20.75,19.82,20.73,20.16,6385524,129609764.86,shares,0
2019-12-04,20.52,21.78,20.52,21.28,20.73,9062030,191670099.75,shares,0
2019-12-05,21.05,21.88,21.05,21.5,21.28,8850512,190168440.8,shares,0
2019-12-06,21.35,22.77,21.35,22.38,21.5,12576393,278865428.85,shares,0
2019-12-09,22.65,23.45,22.02,22.07,22.38,12947078,291617819.47,shares,0
2019-12-10,22.28,22.83,21.92,22.72,22.07,10421126,233914820.43,shares,0
2019-12-11,22.71,22.96,22.25,22.51,22.72,8975977,202901122.55,shares,0
2019-12-12,22.57,23.74,22.46,23.06,22.51,14057367,324904008.01,shares,0
2019-12-13,23.12,23.48,22.06,22.76,23.06,9589560,218637173.52,shares,0
2019-12-16,23.0,23.5,22.8,23.5,22.76,9994663,231967070.74,shares,0
2019-12-17,23.25,23.66,22.92,23.01,23.5,9533811,220631481.62,shares,0
2019-12-18,23.13,23.42,22.8,23.11,23.01,7976656,184673047.01,shares,0
2019-12-19,23.36,24.25,23.14,23.4,23.11,11176076,263423345.21,shares,0
2019-12-20,23.11,23.43,22.31,22.32,23.4,9693423,221181958.47,shares,0
2019-12-23,22.0,22.94,21.5,22.49,22.32,10145737,226594675.27,shares,0
2019-12-24,22.77,23.7,22.24,23.54,22.49,11556222,266420144.97,shares,0
2019-12-25,23.55,25.4,23.22,24.72,23.54,21028309,517384099.73,shares,0
2019-12-26,24.9,25.47,24.6,25.24,24.72,15763676,394105552.38,shares,0
2019-12-27,25.01,25.09,23.91,24.01,25.24,14651196,358412836.85,shares,0
2019-12-30,23.61,24.15,22.82,24.11,24.01,8944456,210986102.31,shares,0
2019-12-31,24.1,24.3,23.34,23.82,24.11,6396021,152220653.78,shares,0
2020-01-02,24.0,24.89,23.74,24.53,23.82,8053822,196964967.57,shares,0
2020-01-03,24.47,25.18,24.24,24.46,24.53,8230641,202961642.21,shares,0
2020-01-06,23.84,25.1,23.6,24.73,24.46,7393418,181635206.48,shares,0
2020-01-07,24.9,24.9,24.0,24.32,24.73,8260918,201061135.19,shares,0
2020-01-08,24.35,24.35,23.58,23.58,24.32,6274228,149988698.66,shares,0
2020-01-09,23.8,24.09,23.65,23.98,23.58,5419060,129581464.69,shares,0
2020-01-10,24.14,24.68,23.88,24.29,23.98,8313586,202283162.26,shares,0
2020-01-13,24.09,25.85,24.0,25.83,24.29,14770180,371801468.32,shares,0
2020-01-14,25.7,25.97,24.98,25.08,25.83,11718534,296785005.66,shares,0
2020-01-15,24.98,25.68,24.8,25.44,25.08,9764077,245972107.65,shares,0
2020-01-16,25.43,27.25,25.25,26.52,25.44,14826719,392405129.09,shares,0
2020-01-17,26.38,27.2,26.1,27.13,26.52,11522318,307795027.07,shares,0
2020-01-20,26.88,29.84,26.79,29.17,27.13,22408752,649316725.87,shares,0
2020-01-21,28.73,30.65,28.5,29.49,29.17,16146509,479446336.8,shares,0
2020-01-22,28.8,32.44,28.5,31.99,29.49,16952777,520843602.25,shares,0
2020-01-23,30.97,31.81,28.8,29.78,31.99,15831093,482418821.74,shares,0
2020-02-03,26.8,27.27,26.8,26.8,29.78,12959020,347359995.52,shares,0
2020-02-04,27.61,28.9,27.61,28.7,26.8,11697829,330549441.77,shares,0
2020-02-05,28.51,30.31,28.2,29.73,28.7,11750214,347169490.77,shares,0
2020-02-06,29.2,30.78,29.01,30.33,29.73,10769361,322413520.15,shares,0
2020-02-07,30.0,30.99,29.7,30.66,30.33,11660541,352773638.95,shares,0
2020-02-10,30.2,30.94,29.36,29.89,30.66,9415847,283040664.95,shares,0
2020-02-11,29.9,30.29,29.19,29.22,29.89,8318712,246537062.48,shares,0
2020-02-12,29.3,30.1,28.9,29.9,29.22,10378029,306503769.65,shares,0
2020-02-13,29.72,32.65,29.6,30.9,29.9,14802820,460224009.57,shares,0
2020-02-14,31.0,33.0,30.81,31.81,30.9,14058952,449361933.16,shares,0
2020-02-17,32.3,32.77,31.61,32.48,31.81,10959856,352861751.26,shares,0
2020-02-18,33.0,34.48,32.58,33.85,32.48,12223159,410052967.7,shares,0
2020-02-19,33.01,35.99,33.01,34.57,33.85,13580603,466854535.98,shares,0
2020-02-20,34.09,34.97,32.81,34.23,34.57,11059598,375029590.21,shares,0
2020-02-21,33.75,34.88,33.75,34.56,34.23,10232869,350844357.59,shares,0
2020-02-24,34.11,36.6,34.01,36.12,34.56,12161553,429493959.15,shares,0
2020-02-25,34.6,36.9,33.51,36.5,36.12,13546766,482975321.58,shares,0
2020-02-26,35.77,36.4,32.85,32.85,36.5,13180943,449392851.53,shares,0
2020-02-27,32.9,33.24,29.65,30.49,32.85,11989125,373052206.58,shares,0
2020-02-28,28.76,29.2,27.44,27.44,30.49,11406708,322702830.89,shares,0
2020-03-02,28.24,28.87,27.44,28.27,27.44,9456507,266548960.17,shares,0
2020-03-03,28.86,29.64,28.38,28.79,28.27,8102243,235006678.07,shares,0
2020-03-04,28.19,28.65,26.95,28.21,28.79,7574625,211179728.09,shares,0
2020-03-05,28.73,28.94,27.5,28.01,28.21,6283678,176003317.68,shares,0
2020-03-06,27.56,28.35,27.54,27.85,28.01,4341050,121691863.72,shares,0
2020-03-09,27.07,27.56,25.7,25.8,27.85,6718474,178562657.04,shares,0
2020-03-10,25.8,27.1,25.59,27.06,25.8,7227893,191902121.98,shares,0
2020-03-11,27.13,27.69,26.1,26.24,27.06,5413903,145610001.06,shares,0
2020-03-12,25.82,26.56,25.61,25.82,26.24,3870586,100723414.88,shares,0
2020-03-13,24.59,27.88,24.56,27.2,25.82,10527819,281704942.98,shares,0
2020-03-16,28.0,28.81,27.42,27.67,27.2,12480115,350228265.33,shares,0
2020-03-17,28.24,29.15,26.68,29.15,27.67,12560817,353630402.22,shares,0
2020-03-18,29.7,30.37,28.58,28.78,29.15,13269629,393366019.71,shares,0
2020-03-19,28.89,30.39,28.44,30.36,28.78,10809253,316969877.71,shares,0
2020-03-20,30.15,30.8,29.32,29.61,30.36,8925057,267330701.46,shares,0
2020-03-23,28.2,28.91,26.65,26.65,29.61,7496642,205519843.89,shares,0
2020-03-24,27.21,27.24,24.06,25.36,26.65,8518844,217698486.94,shares,0
2020-03-25,25.96,26.28,25.4,25.7,25.36,4761950,122958377.11,shares,0
2020-03-26,25.95,26.14,24.9,25.04,25.7,4547592,116646320.42,shares,0
2020-03-27,25.56,25.8,24.2,24.29,25.04,4642182,115198474.88,shares,0
2020-03-30,23.61,23.79,22.2,22.72,24.29,6248090,142087266.2,shares,0
2020-03-31,23.11,23.6,22.61,22.68,22.72,3893114,89660052.73,shares,0
2020-04-01,22.6,23.45,22.32,22.86,22.68,3903911,90122203.16,shares,0
2020-04-02,22.16,23.85,22.11,23.85,22.86,6942981,160897468.08,shares,0
2020-04-03,23.76,23.95,22.7,23.02,23.85,5315996,123430698.88,shares,0
2020-04-07,23.56,23.84,23.39,23.52,23.02,5060215,119265153.73,shares,0
2020-04-08,23.45,24.1,23.17,23.83,23.52,5621150,133280539.44,shares,0
2020-04-09,23.9,24.16,23.5,23.63,23.83,4127683,98050765.4,shares,0
2020-04-10,23.77,23.87,22.67,22.77,23.63,4564676,105472196.02,shares,0
2020-04-13,22.4,22.88,22.25,22.47,22.77,2748074,61711463.1,shares,0
2020-04-14,22.62,23.09,22.62,23.06,22.47,3103190,70893299.59,shares,0
2020-04-15,23.09,23.77,22.85,23.19,23.06,4939245,115611745.81,shares,0
2020-04-16,22.91,23.66,22.57,23.43,23.19,4152791,96710040.89,shares,0
2020-04-17,23.68,24.67,23.68,23.92,23.43,8015378,193911039.79,shares,0
2020-04-20,24.12,24.55,23.94,24.32,23.92,4171348,101011802.83,shares,0
2020-04-21,24.0,24.01,23.4,23.78,24.32,4727970,111716752.9,shares,0
2020-04-22,23.55,24.76,23.42,24.58,23.78,6252728,151803308.28,shares,0
2020-04-23,24.57,24.97,23.96,23.97,24.58,3819587,92480633.77,shares,0
2020-04-24,23.93,24.28,22.9,23.06,23.97,4116170,96688892.94,shares,0
2020-04-27,23.3,23.4,22.6,22.7,23.06,2866229,65806427.59,shares,0
2020-04-28,22.55,24.23,22.12,23.75,22.7,6985239,163193109.24,shares,0
2020-04-29,23.46,26.13,23.46,25.19,23.75,12972617,328792194.87,shares,0
2020-04-30,25.55,26.55,25.1,26.44,25.19,12083397,314364054.1,shares,0
2020-05-06,26.0,27.6,25.91,27.27,26.44,10367327,279002780.95,shares,0
2020-05-07,27.04,27.56,26.32,26.46,27.27,7739261,206517551.87,shares,0
2020-05-08,26.6,27.2,26.29,26.51,26.46,6924516,184518936.1,shares,0
2020-05-11,26.7,27.32,26.44,26.87,26.51,7281152,195700773.86,shares,0
2020-05-12,26.55,28.1,26.55,27.88,26.87,9883639,271081447.79,shares,0
2020-05-13,28.05,29.18,27.61,28.09,27.88,10841049,308137937.67,shares,0
2020-05-14,27.67,28.84,27.67,28.68,28.09,9774800,277902369.01,shares,0
2020-05-15,28.97,29.5,28.33,28.55,28.68,10337292,298693808.89,shares,0
2020-05-18,29.3,30.08,28.59,28.91,28.55,13433144,393879909.82,shares,0
2020-05-19,29.4,30.05,28.61,29.99,28.91,12048153,353553656.02,shares,0
2020-05-20,29.27,29.71,27.88,28.27,29.99,12658505,364522476.07,shares,0
2020-05-21,28.45,28.45,26.71,26.76,28.27,8821980,241171583.43,shares,0
2020-05-22,26.56,26.83,25.48,25.77,26.76,8239004,215179434.72,shares,0
2020-05-25,25.83,26.26,25.2,25.77,25.77,5857826,150979684.94,shares,0
2020-05-26,25.85,27.47,25.77,27.47,25.77,9128748,243108573.95,shares,0
2020-05-27,27.32,27.96,27.03,27.54,27.47,7915283,217182491.39,shares,0
2020-05-28,27.39,27.54,26.25,27.33,27.54,6644459,178978892.77,shares,0
2020-05-29,27.1,28.25,27.06,27.55,27.33,6282132,174272560.47,shares,0
2020-06-01,27.75,29.44,27.6,28.9,27.55,7836870,225567122.77,shares,0
2020-06-02,29.3,29.81,28.51,29.56,28.9,8818491,257351278.43,shares,0
2020-06-03,29.57,30.77,29.2,29.8,29.56,10080269,302448926.07,shares,0
2020-06-04,29.58,30.79,29.3,29.97,29.8,7221012,217250603.71,shares,0
2020-06-05,30.0,30.75,29.5,30.5,29.97,9134619,276772824.48,shares,0
2020-06-08,30.8,30.94,29.35,29.71,30.5,7881694,237096713.7,shares,0
2020-06-09,29.51,31.14,29.2,30.48,29.71,9700117,295498642.73,shares,0
2020-06-10,30.23,30.45,29.6,29.74,30.48,4371384,130550321.73,shares,0
2020-06-11,29.8,30.3,29.03,29.26,29.74,5514300,163593379.34,shares,0
2020-06-12,28.48,29.5,28.4,28.81,29.26,5654119,163965544.37,shares,0
2020-06-15,28.44,28.78,27.5,27.5,28.81,7544876,211828006.02,shares,0
2020-06-16,27.88,28.27,27.7,28.02,27.5,4852412,135752114.72,shares,0
2020-06-17,28.02,28.08,27.27,27.66,28.02,4006322,110730344.36,shares,0
2020-06-18,27.57,28.24,27.56,28.03,27.66,4456957,124696965.85,shares,0
2020-06-19,28.0,28.74,27.66,28.57,28.03,6955554,196847282.76,shares,0
2020-06-22,28.7,30.07,28.7,29.99,28.57,9328707,275962003.18,shares,0
2020-06-23,29.8,30.25,29.5,29.88,29.99,5863254,174514639.0,shares,0
2020-06-24,29.93,30.6,29.62,30.3,29.88,7301342,219704009.81,shares,0
2020-06-29,30.0,30.93,29.73,30.51,30.3,7800180,237058436.7,shares,0
2020-06-30,30.66,30.93,30.24,30.79,30.51,6783119,207637575.58,shares,0
2020-07-01,30.97,31.49,29.5,30.45,30.79,9069182,276556672.29,shares,0
2020-07-02,30.2,31.2,30.01,30.75,30.45,8519468,261545890.54,shares,0
2020-07-03,30.7,31.36,29.95,31.06,30.75,8699097,267746316.1,shares,0
2020-07-06,31.55,33.55,31.2,33.28,31.06,12652419,412155650.88,shares,0
2020-07-07,33.63,35.46,33.3,33.36,33.28,12043691,414413391.38,shares,0
2020-07-08,33.93,34.89,32.82,34.4,33.36,9924175,337115046.09,shares,0
2020-07-09,34.0,34.97,33.75,34.25,34.4,11759302,404503629.88,shares,0
2020-07-10,34.0,35.08,33.08,34.83,34.25,12187769,418104308.2,shares,0
2020-07-13,34.65,37.2,34.65,36.93,34.83,14113559,511728553.51,shares,0
2020-07-14,36.58,36.58,33.69,34.59,36.93,12394077,435989885.7,shares,0
2020-07-15,35.0,35.19,31.7,31.81,34.59,11243016,371329397.72,shares,0
2020-07-16,32.07,32.43,30.11,30.48,31.81,8102437,254050461.46,shares,0
2020-07-17,30.47,31.0,29.58,29.87,30.48,6989402,210059950.52,shares,0
2020-07-20,30.23,31.23,29.33,31.22,29.87,5873903,178152891.26,shares,0
2020-07-21,31.2,31.78,30.8,31.59,31.22,5463824,171504720.49,shares,0
2020-07-22,31.75,32.47,31.48,31.69,31.59,5552730,177704549.71,shares,0
2020-07-23,31.28,31.8,29.88,30.95,31.69,6939500,213620762.33,shares,0
2020-07-24,30.92,31.17,28.61,28.93,30.95,6486001,193164876.63,shares,0
2020-07-27,28.7,29.15,27.89,28.42,28.93,4413131,125558024.0,shares,0
2020-07-28,28.58,28.99,28.04,28.64,28.42,3792344,108134107.23,shares,0
2020-07-29,28.5,29.58,28.34,29.39,28.64,5421250,158331230.12,shares,0
2020-07-30,29.57,29.88,28.78,29.01,29.39,4775849,139469413.57,shares,0
2020-07-31,29.25,30.48,28.93,30.21,29.01,6242494,185620619.98,shares,0
2020-08-03,30.87,32.1,30.37,31.82,30.21,8221300,259440992.96,shares,0
2020-08-04,32.0,32.06,30.5,30.87,31.82,5442283,169453319.81,shares,0
2020-08-05,32.69,32.87,31.08,31.5,30.87,6707632,212476562.89,shares,0
2020-08-06,31.02,31.3,30.38,31.08,31.5,5770579,178113946.1,shares,0
2020-08-07,30.8,31.15,29.35,30.12,31.08,4829892,145414825.25,shares,0
2020-08-10,29.8,30.66,29.15,29.82,30.12,5111726,151984895.55,shares,0
2020-08-11,30.0,30.05,28.71,28.78,29.82,3926574,115669613.0,shares,0
2020-08-12,28.85,29.13,27.69,28.52,28.78,3593327,101510971.87,shares,0
2020-08-13,28.82,28.82,28.37,28.54,28.52,2189915,62551894.41,shares,0
2020-08-14,28.59,28.95,28.36,28.95,28.54,2440897,70074655.13,shares,0
2020-08-17,29.0,29.65,28.7,29.53,28.95,3496269,102175273.86,shares,0
2020-08-18,29.5,29.53,28.83,29.03,29.53,3353646,97584727.97,shares,0
2020-08-19,28.9,28.92,27.81,27.93,29.03,3569134,100821746.08,shares,0
2020-08-20,27.61,28.16,27.16,27.36,27.93,2483422,68419582.57,shares,0
2020-08-21,27.5,27.9,27.02,27.6,27.36,2215167,60926358.84,shares,0
2020-08-24,27.78,28.77,27.2,28.53,27.6,3635557,102629452.45,shares,0
2020-08-25,28.49,29.2,28.2,29.06,28.53,3909272,112562692.54,shares,0
2020-08-26,28.98,29.2,27.22,27.8,29.06,3819103,107169069.94,shares,0
2020-08-27,26.98,28.66,26.68,28.42,27.8,3787718,104849054.25,shares,0
2020-08-28,28.95,29.08,28.41,28.7,28.42,4329905,124601991.59,shares,0
2020-08-31,29.36,30.96,29.26,29.66,28.7,7564127,227534149.58,shares,0
2020-09-01,29.14,30.38,29.14,30.03,29.66,4808372,143537304.95,shares,0
2020-09-02,29.65,30.76,29.5,30.54,30.03,5687374,171080352.37,shares,0
2020-09-03,30.5,30.9,29.88,30.22,30.54,5476577,166426438.48,shares,0
2020-09-04,29.58,31.37,29.58,31.15,30.22,7355809,227346748.0,shares,0
2020-09-07,31.71,32.0,29.67,29.8,31.15,7742381,236963508.71,shares,0
2020-09-08,29.77,29.94,28.05,28.8,29.8,5990362,173148911.03,shares,0
2020-09-09,28.48,28.52,26.91,27.17,28.8,5857213,161706796.11,shares,0
2020-09-10,27.6,27.95,27.07,27.37,27.17,4238295,116355543.23,shares,0
2020-09-11,27.28,28.04,26.74,27.93,27.37,3067446,84834814.65,shares,0
2020-09-14,28.15,28.98,28.0,28.91,27.93,4427525,126976106.33,shares,0
2020-09-15,27.8,28.96,27.02,28.4,28.91,6522086,181526480.78,shares,0
2020-09-16,28.04,28.6,27.44,27.58,28.4,3041512,84466708.95,shares,0
2020-09-17,27.52,28.75,27.5,28.58,27.58,4202330,118640288.48,shares,0
2020-09-18,28.4,28.79,28.23,28.6,28.58,3282713,93615345.31,shares,0
2020-09-21,28.66,28.85,28.06,28.22,28.6,3042734,86740599.0,shares,0
2020-09-22,28.01,28.21,27.35,27.41,28.22,2866554,79400342.69,shares,0
2020-09-23,27.55,27.75,27.1,27.48,27.41,2763642,75750856.61,shares,0
2020-09-24,27.2,27.5,26.67,26.89,27.48,2213906,59860489.42,shares,0
2020-09-25,26.89,27.37,25.38,25.6,26.89,5896668,152788472.81,shares,0
2020-09-28,25.73,26.48,25.15,25.39,25.6,4484540,115223780.04,shares,0
2020-09-29,25.48,26.15,25.03,25.85,25.39,3364563,86645033.0,shares,0
2020-09-30,25.7,26.2,25.7,26.0,25.85,2387399,61947435.47,shares,0
2020-10-09,26.52,27.09,26.42,26.93,26.0,3430600,91873630.43,shares,0
2020-10-12,26.93,28.05,26.86,27.99,26.93,4227604,116674647.1,shares,0
2020-10-13,27.99,28.22,27.72,28.05,27.99,2660686,74254183.18,shares,0
2020-10-14,28.08,28.18,27.7,27.83,28.05,2311188,64499113.64,shares,0
2020-10-15,28.16,29.21,27.85,27.93,27.83,4877440,138648106.68,shares,0
2020-10-16,27.82,28.29,27.6,28.1,27.93,2783105,77774867.48,shares,0
2020-10-19,28.07,28.21,27.08,27.3,28.1,3274885,89984881.14,shares,0
2020-10-20,27.34,28.0,26.78,27.96,27.3,3258047,89604028.16,shares,0
2020-10-21,28.0,28.0,26.47,26.65,27.96,4397654,118654347.22,shares,0
2020-10-22,26.65,26.7,26.29,26.35,26.65,2608726,69076743.96,shares,0
2020-10-23,26.5,26.52,25.47,25.59,26.35,2527161,65655579.54,shares,0
2020-10-26,25.39,25.62,25.07,25.45,25.59,2062438,52398822.61,shares,0
2020-10-27,25.45,25.59,24.81,24.9,25.45,3492983,87466601.89,shares,0
2020-10-28,24.88,25.29,24.06,24.39,24.9,3540698,86537202.71,shares,0
2020-10-29,24.0,24.69,23.8,24.63,24.39,2512478,61216706.38,shares,0
2020-10-30,25.08,25.43,24.1,24.5,24.63,5821328,144519778.18,shares,0
2020-11-02,24.36,24.64,23.27,23.65,24.5,6554220,155827067.54,shares,0
2020-11-03,23.72,24.96,23.65,24.39,23.65,5863348,142968724.58,shares,0
2020-11-04,24.5,24.85,24.24,24.36,24.39,3384796,82945590.99,shares,0
2020-11-05,24.68,24.97,24.11,24.64,24.36,5192698,127268506.17,shares,0
2020-11-06,24.7,25.32,24.42,24.99,24.64,6739044,167124999.62,shares,0
2020-11-09,25.35,27.27,25.35,26.5,24.99,13419349,353240425.35,shares,0
2020-11-10,26.25,26.45,25.55,25.7,26.5,7597624,196801085.64,shares,0
2020-11-11,25.57,25.67,24.42,24.44,25.7,5669630,141379037.41,shares,0
2020-11-12,24.69,24.94,24.42,24.62,24.44,2901796,71486307.23,shares,0
2020-11-13,24.48,24.97,24.19,24.88,24.62,2811418,69365362.02,shares,0
2020-11-16,24.89,25.09,24.2,24.38,24.88,3299511,80625322.99,shares,0
2020-11-17,24.25,24.36,23.38,24.14,24.38,4352289,103406212.36,shares,0
2020-11-18,24.0,24.56,23.96,24.11,24.14,2633332,63761878.11,shares,0
2020-11-19,23.96,24.58,23.71,24.28,24.11,2830350,68768383.91,shares,0
2020-11-20,24.29,24.44,23.88,23.88,24.28,3165901,76150663.08,shares,0
2020-11-23,23.87,23.88,23.41,23.66,23.88,3221476,76030817.28,shares,0
2020-11-24,23.75,24.1,23.6,23.73,23.66,3775342,89973272.18,shares,0
2020-11-25,23.7,23.95,23.39,23.49,23.73,2968494,70139490.27,shares,0
2020-11-26,23.44,23.6,22.88,22.97,23.49,3514790,81380048.7,shares,0
2020-11-27,22.99,23.28,22.9,23.21,22.97,2426772,56033747.0,shares,0
2020-11-30,23.25,23.54,22.66,23.31,23.21,3702824,85767347.28,shares,0
2020-12-01,23.35,23.52,23.11,23.4,23.31,2923150,68298255.58,shares,0
2020-12-02,23.53,24.17,23.35,23.95,23.4,5123511,122275106.41,shares,0
2020-12-03,23.95,24.27,23.51,23.59,23.95,4464756,106121376.35,shares,0
2020-12-04,23.5,25.89,23.32,25.0,23.59,11028673,270454832.32,shares,0
2020-12-07,25.91,29.9,25.58,27.5,25.0,27258477,756169452.53,shares,0
2020-12-08,27.5,29.5,27.03,28.61,27.5,20387093,577279264.25,shares,0
2020-12-09,28.2,29.13,27.66,27.87,28.61,14022549,398601738.74,shares,0
2020-12-10,28.12,28.67,27.43,28.0,27.87,8419218,236973718.07,shares,0
2020-12-11,28.0,28.45,27.4,27.64,28.0,7419053,206929865.95,shares,0
2020-12-14,28.5,28.95,27.92,28.8,27.64,10198911,290654938.22,shares,0
2020-12-15,28.6,29.85,28.6,29.24,28.8,9672216,283929328.48,shares,0
2020-12-16,29.02,29.5,27.61,28.72,29.24,7560664,215084041.94,shares,0
2020-12-17,28.1,28.89,27.97,28.17,28.72,4580026,129644087.45,shares,0
2020-12-18,28.54,29.83,28.33,28.72,28.17,8157616,237246441.4,shares,0
2020-12-21,29.87,31.15,29.62,30.0,28.72,14422326,437443005.86,shares,0
2020-12-22,29.62,30.95,29.62,29.68,30.0,11209017,339890690.4,shares,0
2020-12-23,29.65,31.39,29.04,31.25,29.68,14072610,426530285.54,shares,0
2020-12-24,30.86,31.36,30.35,31.05,31.25,9017247,277287410.96,shares,0
2020-12-25,30.3,30.53,29.25,29.86,31.05,9301600,277521917.6,shares,0
2020-12-28,29.7,29.82,28.08,28.53,29.86,10124563,290843396.58,shares,0
2020-12-29,28.53,29.39,27.6,28.34,28.53,8931467,256676377.09,shares,0
2020-12-30,28.0,29.37,27.8,29.02,28.34,7132481,204641626.97,shares,0
2020-12-31,29.05,30.88,29.0,30.13,29.02,10023755,301941667.43,shares,0
2021-01-04,30.14,31.82,29.99,31.66,30.13,11057598,344674623.79,shares,0
2021-01-05,31.5,34.73,31.01,33.96,31.66,14321003,478029412.52,shares,0
2021-01-06,33.61,34.41,33.01,33.95,33.96,9766312,329781469.44,shares,0
2021-01-07,33.8,34.56,33.18,33.64,33.95,8309577,280536507.57,shares,0
2021-01-08,33.41,33.64,32.31,32.4,33.64,7545165,247339724.83,shares,0
2021-01-11,32.99,34.44,32.4,33.84,32.4,10415523,351983745.78,shares,0
2021-01-12,33.6,36.26,33.6,36.22,33.84,9509990,333879176.94,shares,0
2021-01-13,35.9,38.66,35.55,37.49,36.22,11387164,424430261.45,shares,0
2021-01-14,37.49,38.7,35.43,35.68,37.49,11998508,443522425.36,shares,0
2021-01-15,35.98,37.08,35.01,36.8,35.68,9573172,346889208.08,shares,0
2021-01-18,37.25,38.57,34.0,36.93,36.8,10372171,384171224.84,shares,0
2021-01-19,37.1,37.79,35.71,35.96,36.93,7460474,271680602.62,shares,0
2021-01-20,35.62,36.51,35.61,36.17,35.96,4638379,166969607.78,shares,0
2021-01-21,35.96,36.49,34.81,35.01,36.17,6597301,233617373.44,shares,0
2021-01-22,34.99,35.77,34.11,35.67,35.01,6304938,220488247.13,shares,0
2021-01-25,35.5,39.4,35.35,39.03,35.67,11439856,435342617.27,shares,0
2021-01-26,39.75,43.56,39.24,41.63,39.03,16893131,700021091.06,shares,0
2021-01-27,41.73,43.5,41.6,41.7,41.63,13447188,569725555.6,shares,0
2021-01-28,41.97,42.0,38.01,38.1,41.7,12509464,497271490.3,shares,0
2021-01-29,39.33,39.44,35.57,35.93,38.1,9506479,353098226.97,shares,0
2021-02-01,35.78,36.67,35.17,35.93,35.93,7653539,275692648.67,shares,0
2021-02-02,35.93,36.58,35.0,36.1,35.93,5965055,213481327.48,shares,0
2021-02-03,35.44,36.75,35.0,35.02,36.1,7194296,258004299.72,shares,0
2021-02-04,35.2,37.55,33.88,36.69,35.02,8841705,313869984.34,shares,0
2021-02-05,36.36,37.2,34.77,34.77,36.69,8327214,298994299.4,shares,0
2021-02-08,34.88,36.53,34.55,35.5,34.77,4886593,174116987.53,shares,0
2021-02-09,35.76,40.61,35.76,40.58,35.5,9462236,369560199.24,shares,0
2021-02-10,40.0,40.96,39.26,40.66,40.58,5515676,221997467.44,shares,0
2021-02-18,41.0,41.88,39.52,40.75,40.66,6448811,264123719.27,shares,0
2021-02-19,41.5,41.5,38.0,39.04,40.75,6776212,265963886.4,shares,0
2021-02-22,38.76,39.88,36.5,37.18,39.04,7841069,298711956.04,shares,0
2021-02-23,36.51,37.76,35.88,37.06,37.18,4616962,170442432.86,shares,0
2021-02-24,37.15,39.32,37.15,38.54,37.06,6410509,246260784.93,shares,0
2021-02-25,38.42,38.93,36.08,37.17,38.54,4076902,152880781.66,shares,0
2021-02-26,36.02,36.93,35.89,36.44,37.17,3018507,109946419.54,shares,0
2021-03-01,36.97,37.17,35.55,36.51,36.44,5056164,182990269.27,shares,0
2021-03-02,36.82,39.2,36.82,38.1,36.51,7339465,280128843.54,shares,0
2021-03-03,37.99,38.28,36.41,36.71,38.1,5362578,198150948.78,shares,0
2021-03-04,36.26,37.18,34.81,34.86,36.71,4981300,178459321.19,shares,0
2021-03-05,34.18,36.34,34.18,35.94,34.86,5716105,201320294.41,shares,0
2021-03-08,36.5,36.58,34.11,34.46,35.94,4247045,148415463.6,shares,0
2021-03-09,34.26,34.98,31.74,31.75,34.46,4857556,159098023.81,shares,0
2021-03-10,32.55,32.88,30.41,30.7,31.75,5627970,176231633.44,shares,0
2021-03-11,30.88,32.5,30.29,32.18,30.7,4368567,138085534.88,shares,0
2021-03-12,31.96,32.48,31.0,31.67,32.18,2482323,78274929.76,shares,0
2021-03-15,31.21,31.71,30.71,30.98,31.67,2592022,80626170.84,shares,0
2021-03-16,31.3,31.59,29.8,31.18,30.98,3014232,92483948.34,shares,0
2021-03-17,31.22,32.0,30.8,31.34,31.18,3078059,96662163.19,shares,0
2021-03-18,31.6,31.6,30.76,30.98,31.34,2780585,86659819.49,shares,0
2021-03-19,30.56,31.35,30.05,30.53,30.98,2528429,77933056.65,shares,0
2021-03-22,30.54,31.2,30.4,31.15,30.53,2558768,78998655.4,shares,0
2021-03-23,31.3,31.98,30.5,30.64,31.15,3318310,103840828.24,shares,0
2021-03-24,30.78,30.86,29.7,29.92,30.64,2556511,76786608.51,shares,0
2021-03-25,29.92,30.43,29.76,29.98,29.92,1613888,48486369.88,shares,0
2021-03-26,30.0,30.43,29.81,30.35,29.98,2237308,67622607.62,shares,0
2021-03-29,30.31,30.78,30.07,30.38,30.35,2279724,69486310.01,shares,0
2021-03-30,30.38,30.73,29.91,30.52,30.38,2448602,74480162.27,shares,0
2021-03-31,30.55,30.55,29.62,30.1,30.52,2110151,63195680.81,shares,0
2021-04-01,30.19,31.69,29.87,31.41,30.1,4422737,137325264.79,shares,0
2021-04-02,31.36,33.99,31.36,33.45,31.41,6018982,199483250.11,shares,0
2021-04-06,33.03,33.99,32.82,33.4,33.45,3577175,118481837.74,shares,0
2021-04-07,33.1,33.45,32.0,33.06,33.4,3482475,113296736.11,shares,0
2021-04-08,32.82,35.5,32.66,34.88,33.06,6187675,215105568.33,shares,0
2021-04-09,35.0,35.44,34.5,35.08,34.88,2506282,87651999.37,shares,0
2021-04-12,35.01,35.81,33.78,34.0,35.08,3387742,117736235.72,shares,0
2021-04-13,34.5,35.34,33.39,35.08,34.0,3732560,128781442.24,shares,0
2021-04-14,32.87,34.32,31.58,33.95,35.08,7460207,248560733.66,shares,0
2021-04-15,33.63,34.34,32.98,34.2,33.95,3432384,115457067.55,shares,0
2021-04-16,33.79,36.58,33.79,36.19,34.2,5295632,187847740.58,shares,0
2021-04-19,36.2,36.89,35.73,36.53,36.19,3658314,132763585.51,shares,0
2021-04-20,36.48,37.8,36.0,37.3,36.53,4119150,153635921.27,shares,0
2021-04-21,37.26,38.29,36.91,37.8,37.3,3620050,136590044.76,shares,0
2021-04-22,37.7,38.4,37.4,37.6,37.8,3161155,119789600.81,shares,0
2021-04-23,38.15,39.56,37.86,39.39,37.6,4450508,172724254.62,shares,0
2021-04-26,39.74,39.78,38.24,39.07,39.39,4938035,192786205.22,shares,0
2021-04-27,39.9,39.9,38.7,39.39,39.07,3433133,135042898.2,shares,0
2021-04-28,39.4,40.5,39.01,39.95,39.39,3652316,145974635.44,shares,0
2021-04-29,39.8,40.6,37.01,37.25,39.95,6865789,262807374.3,shares,0
2021-04-30,37.82,38.76,37.32,37.84,37.25,4343125,165663442.26,shares,0
2021-05-06,37.69,38.13,36.6,37.08,37.84,3187700,118827914.78,shares,0
2021-05-07,37.47,38.1,35.05,35.38,37.08,3326113,120628462.87,shares,0
2021-05-10,35.56,35.74,33.85,34.1,35.38,3670436,127265763.07,shares,0
2021-05-11,34.03,34.5,33.05,33.8,34.1,3018983,101595842.26,shares,0
2021-05-12,33.53,33.86,32.43,33.76,33.8,3966877,132201955.27,shares,0
2021-05-13,33.4,33.61,32.5,33.03,33.76,3108077,102877074.51,shares,0
2021-05-14,33.07,34.03,32.68,33.68,33.03,3492255,117047240.59,shares,0
2021-05-17,33.94,37.0,33.8,35.2,33.68,6761019,240994193.34,shares,0
2021-05-18,35.28,35.68,34.0,35.68,35.2,4882065,169938335.73,shares,0
2021-05-19,35.68,35.68,34.91,35.0,35.68,3209428,112779732.01,shares,0
2021-05-20,34.83,35.37,34.3,34.86,35.0,2623236,91959534.39,shares,0
2021-05-21,35.1,35.35,33.94,34.16,34.86,2777787,95515359.99,shares,0
2021-05-24,34.53,34.56,33.39,34.32,34.16,2484979,84273896.09,shares,0
2021-05-25,34.08,35.8,34.03,35.57,34.32,3926953,138309479.78,shares,0
2021-05-26,35.57,35.89,34.91,35.08,35.57,2879469,101666483.87,shares,0
2021-05-27,35.18,42.1,35.0,42.1,35.08,11807521,471373370.64,shares,0
2021-05-28,43.0,43.0,39.63,42.4,42.1,14932240,620075614.84,shares,0
2021-05-31,42.83,44.24,41.7,43.69,42.4,12152180,523544742.73,shares,0
2021-06-01,43.77,46.0,43.23,44.93,43.69,9124748,409359884.15,shares,0
2021-06-02,44.22,47.4,44.22,45.8,44.93,9176377,422723431.23,shares,0
2021-06-03,45.23,45.89,43.75,44.81,45.8,6579746,296094024.88,shares,0
2021-06-04,44.9,51.77,44.83,49.9,44.81,12665649,617855766.19,shares,0
2021-06-07,51.12,55.3,51.12,51.89,49.9,12549627,663903289.44,shares,0
2021-06-08,52.99,53.58,50.2,52.53,51.89,7623151,395870554.7,shares,0
2021-06-09,52.45,55.0,52.15,54.49,52.53,8856473,478628592.44,shares,0
2021-06-10,54.4,55.41,53.35,54.2,54.49,6654237,361227097.51,shares,0
2021-06-11,54.02,54.64,50.5,50.97,54.2,10312515,533515022.26,shares,0
2021-06-15,51.5,56.56,51.01,55.63,50.97,12508990,682415275.53,shares,0
2021-06-16,56.12,58.24,53.36,54.52,55.63,8407312,467901684.98,shares,0
2021-06-17,55.07,59.0,54.25,58.0,54.52,11286962,645064321.55,shares,0
2021-06-18,57.91,59.54,56.7,58.02,58.0,9333568,540876105.32,shares,0
2021-06-21,58.19,59.09,57.32,58.25,58.02,7053322,410014038.73,shares,0
2021-06-22,58.37,58.58,55.49,57.58,58.25,5835404,333257779.73,shares,0
2021-06-23,58.16,64.83,57.4,63.35,57.58,9910845,609933765.77,shares,0
2021-06-24,62.11,63.2,59.36,59.68,63.35,9542898,577656007.82,shares,0
2021-06-25,59.7,61.39,58.5,60.51,59.68,5296172,317913621.82,shares,0
2021-06-28,60.71,63.27,60.71,62.51,60.51,7876138,488983504.45,shares,0
2021-06-29,62.4,63.36,59.9,62.62,62.51,5924027,367403588.14,shares,0
2021-06-30,63.92,72.43,62.7,68.21,62.62,13207490,899827332.3,shares,0
2021-07-01,69.02,70.51,67.61,68.87,68.21,9564882,662919583.87,shares,0
2021-07-02,67.8,69.37,66.0,68.02,68.87,8268250,559361210.15,shares,0
2021-07-05,68.84,70.87,66.1,70.65,68.02,8627073,592761661.56,shares,0
2021-07-06,70.77,72.9,68.0,72.5,70.65,7370132,516999391.48,shares,0
2021-07-07,70.5,76.19,68.51,76.19,72.5,7844367,569678707.76,shares,0
2021-07-08,75.5,84.5,75.2,83.9,76.19,8231759,665916465.63,shares,0
2021-07-09,83.95,88.88,81.09,87.09,83.9,8531200,723809556.85,shares,0
2021-07-12,85.5,88.46,83.0,85.93,87.09,7132915,612087745.59,shares,0
2021-07-13,84.15,84.8,77.53,79.22,85.93,11228267,898673883.26,shares,0
2021-07-14,78.49,81.0,78.14,78.53,79.22,6232027,494595586.06,shares,0
2021-07-15,39.96,44.98,39.5,44.1,41.28,18334181,792843257.31,shares,0
2021-07-16,43.0,45.23,42.34,43.39,44.1,13209462,575663224.8,shares,0
2021-07-19,42.71,45.36,42.01,43.09,43.39,11544651,507386371.4,shares,0
2021-07-20,42.52,44.38,41.5,44.13,43.09,11449669,493753034.23,shares,0
2021-07-21,45.01,49.48,44.24,47.75,44.13,19437116,918733050.13,shares,0
2021-07-22,48.03,50.0,47.0,49.37,47.75,20974108,1022639082.88,shares,0
2021-07-23,48.8,49.62,47.37,47.96,49.37,12867708,619013452.46,shares,0
2021-07-26,48.15,54.39,48.13,53.8,47.96,21025486,1088413820.16,shares,0
2021-07-27,54.06,61.85,52.8,54.1,53.8,30492062,1730179002.52,shares,0
2021-07-28,54.37,57.66,45.01,57.12,54.1,29688607,1628299781.52,shares,0
2021-07-29,58.21,61.34,55.8,59.6,57.12,27738698,1614980099.15,shares,0
2021-07-30,59.65,60.0,56.49,57.7,59.6,22289528,1293830917.76,shares,0
2021-08-02,57.0,57.69,53.22,54.2,57.7,22948928,1263593625.42,shares,0
2021-08-03,53.01,54.05,46.81,46.87,54.2,32636409,1622112172.15,shares,0
2021-08-04,46.63,52.8,46.62,51.98,46.87,27389381,1371770675.47,shares,0
2021-08-05,50.99,52.52,49.89,52.21,51.98,15878737,820354152.15,shares,0
2021-08-06,53.5,53.5,49.5,50.6,52.21,13786749,707041313.5,shares,0
2021-08-09,49.95,50.39,46.2,48.71,50.6,18024898,864610191.35,shares,0
2021-08-10,48.61,49.56,45.5,47.06,48.71,17141999,810837636.61,shares,0
2021-08-11,46.8,48.58,46.06,47.96,47.06,15149787,719548611.18,shares,0
2021-08-12,47.95,52.22,47.41,51.08,47.96,21117683,1072938336.85,shares,0
2021-08-13,52.23,54.25,48.32,49.14,51.08,17157451,870803525.18,shares,0
2021-08-16,48.11,53.29,47.57,51.17,49.14,16830205,853261271.43,shares,0
2021-08-17,50.56,51.14,47.48,48.01,51.17,13879442,677276488.93,shares,0
2021-08-18,47.86,49.39,46.82,47.75,48.01,10759398,518202919.45,shares,0
2021-08-19,47.95,50.0,46.81,48.27,47.75,15209491,738636362.6,shares,0
2021-08-20,47.89,49.49,46.63,47.27,48.27,12799906,615476510.41,shares,0
2021-08-23,46.8,50.12,44.88,49.78,47.27,22373409,1067744771.53,shares,0
2021-08-24,49.5,55.3,48.51,53.4,49.78,25331149,1334464819.33,shares,0
2021-08-25,54.25,54.95,49.57,50.47,53.4,23377928,1206172636.24,shares,0
2021-08-26,50.8,50.84,47.06,47.24,50.47,19137241,925117322.91,shares,0
2021-08-27,47.38,48.25,46.28,48.15,47.24,12257351,578385320.67,shares,0
2021-08-30,48.16,48.8,45.16,46.67,48.15,16859921,791309721.61,shares,0
2021-08-31,46.0,46.2,42.8,43.18,46.67,17812554,786569565.64,shares,0
2021-09-01,43.21,43.55,40.39,41.36,43.18,16477409,684524269.19,shares,0
2021-09-02,41.36,41.6,38.35,39.04,41.36,19758974,781887431.03,shares,0
2021-09-03,39.0,40.05,38.01,39.6,39.04,16403268,644573133.41,shares,0
2021-09-06,39.5,42.0,38.68,41.46,39.6,16714826,680764495.7,shares,0
2021-09-07,41.01,42.3,40.59,41.47,41.46,10864632,451309807.89,shares,0
2021-09-08,41.9,42.67,41.16,42.34,41.47,11160050,468084337.79,shares,0
2021-09-09,42.6,43.16,41.8,42.68,42.34,9964713,422576988.17,shares,0
2021-09-10,42.93,46.9,42.32,45.55,42.68,18432066,828941481.97,shares,0
2021-09-13,45.0,46.57,43.68,44.01,45.55,13616873,607964322.86,shares,0
2021-09-14,43.72,45.77,43.55,44.88,44.01,13383957,602963166.82,shares,0
2021-09-15,44.57,48.2,43.6,46.67,44.88,19719094,921800336.29,shares,0
2021-09-16,46.43,47.4,45.0,45.13,46.67,12653853,582936050.75,shares,0
2021-09-17,44.6,46.19,43.7,44.29,45.13,8850252,397262642.6,shares,0
2021-09-22,44.17,46.74,44.05,45.51,44.29,10603633,485175717.08,shares,0
2021-09-23,45.52,49.5,44.9,47.59,45.51,17892094,857039999.68,shares,0
2021-09-24,47.92,48.74,46.8,47.5,47.59,10315816,490450731.03,shares,0
2021-09-27,47.0,49.01,42.01,45.02,47.5,20217310,914044682.97,shares,0
2021-09-28,45.47,47.44,44.0,46.96,45.02,11219570,523154727.35,shares,0
2021-09-29,46.22,48.28,45.79,45.87,46.96,12113627,573202671.46,shares,0
2021-09-30,46.04,48.26,46.04,47.76,45.87,8441401,402018530.56,shares,0
2021-10-08,48.8,49.65,46.85,47.58,47.76,8138318,390200087.75,shares,0
2021-10-11,47.15,47.9,45.5,45.73,47.58,7528802,349428550.84,shares,0
2021-10-12,45.54,46.4,41.86,41.95,45.73,14584353,627206272.25,shares,0
2021-10-13,42.25,42.93,41.03,42.7,41.95,7674649,323344451.64,shares,0
2021-10-14,42.57,42.85,41.74,41.77,42.7,4790728,202364927.54,shares,0
2021-10-15,41.94,47.3,41.44,46.14,41.77,16740676,758870233.72,shares,0
2021-10-18,45.1,47.58,45.1,46.44,46.14,8436565,389557394.47,shares,0
2021-10-19,46.16,46.76,45.24,45.35,46.44,7314638,334979031.15,shares,0
2021-10-20,45.5,45.88,43.5,43.62,45.35,8834967,390806597.83,shares,0
2021-10-21,43.46,43.79,41.87,41.97,43.62,10107269,427704988.23,shares,0
2021-10-22,42.51,46.25,42.05,44.6,41.97,16441942,732912903.73,shares,0
2021-10-25,44.6,45.2,42.81,44.99,44.6,11245192,495324121.86,shares,0
2021-10-26,44.96,46.15,44.13,44.89,44.99,7979728,359406771.33,shares,0
2021-10-27,44.75,44.75,43.38,44.0,44.89,6220829,273430704.38,shares,0
2021-10-28,43.99,44.67,43.55,43.9,44.0,6608230,291158912.37,shares,0
2021-10-29,43.99,49.02,43.9,47.26,43.9,19466427,917478384.22,shares,0
2021-11-01,47.47,48.16,45.8,46.02,47.26,10372893,484782525.53,shares,0
2021-11-02,46.02,47.8,45.8,46.45,46.02,11224465,526298128.02,shares,0
2021-11-03,46.99,48.1,46.01,47.55,46.45,10492470,493675968.8,shares,0
2021-11-04,47.5,49.39,47.15,49.08,47.55,13467050,656426267.14,shares,0
2021-11-05,49.1,50.74,48.65,49.57,49.08,12052976,595019212.76,shares,0
2021-11-08,49.18,52.1,48.21,51.35,49.57,13257237,668672722.66,shares,0
2021-11-09,51.5,54.6,51.5,54.4,51.35,16770543,895985361.32,shares,0
2021-11-10,53.6,58.6,53.5,57.71,54.4,20033923,1130006458.67,shares,0
2021-11-11,56.84,60.9,52.77,53.41,57.71,36281118,2052462368.25,shares,0
2021-11-12,55.19,57.6,52.84,52.85,53.41,28204453,1556629972.79,shares,0
2021-11-15,53.1,53.8,49.4,49.69,52.85,20403730,1038212935.54,shares,0
2021-11-16,50.0,50.0,46.88,46.88,49.69,14573775,703275051.36,shares,0
2021-11-17,47.82,49.4,47.38,49.25,46.88,13749340,668127327.09,shares,0
2021-11-18,49.31,52.48,48.73,51.95,49.25,15355193,788337337.88,shares,0
2021-11-19,51.42,53.19,51.05,52.68,51.95,10122674,528883119.41,shares,0
2021-11-22,53.8,63.22,53.8,60.7,52.68,30833832,1848160942.99,shares,0
2021-11-23,60.75,63.39,60.2,60.49,60.7,16279713,1000859444.92,shares,0
2021-11-24,60.51,62.14,58.8,59.66,60.49,14850847,893096088.5,shares,0
2021-11-25,60.91,61.07,58.0,58.25,59.66,9638382,567472372.52,shares,0
2021-11-26,58.63,58.75,55.13,55.78,58.25,10988159,617931021.68,shares,0
2021-11-29,55.78,56.69,54.99,55.95,55.78,11482852,640697266.53,shares,0
2021-11-30,57.0,57.88,54.78,56.28,55.95,13349953,747911372.68,shares,0
2021-12-01,56.16,56.67,54.15,55.6,56.28,9566223,527223014.39,shares,0
2021-12-02,55.59,56.01,54.41,54.84,55.6,6158525,339138688.22,shares,0
2021-12-03,55.0,58.37,55.0,57.45,54.84,13303751,759275270.89,shares,0
2021-12-06,57.61,61.8,57.61,60.55,57.45,20610791,1237778334.79,shares,0
2021-12-07,60.55,60.98,56.17,57.38,60.55,16999466,983229878.51,shares,0
2021-12-08,57.5,60.0,57.38,59.54,57.38,11828771,699441685.47,shares,0
2021-12-09,59.49,60.5,56.8,56.88,59.54,9381203,543659656.42,shares,0
2021-12-10,57.12,60.3,55.5,59.0,56.88,13657151,796838486.83,shares,0
2021-12-13,59.99,60.58,57.61,59.86,59.0,11513644,678892969.86,shares,0
2021-12-14,59.86,60.16,58.3,59.55,59.86,8231232,488260246.47,shares,0
2021-12-15,59.22,60.56,57.11,57.88,59.55,8993340,528121256.6,shares,0
2021-12-16,57.57,59.22,57.21,58.91,57.88,6824262,397805113.97,shares,0
2021-12-17,58.13,58.88,56.21,56.38,58.91,7804588,445953944.03,shares,0
2021-12-20,56.0,57.29,53.3,53.75,56.38,8256842,452244824.42,shares,0
2021-12-21,54.43,55.3,52.8,54.54,53.75,7876805,426914313.63,shares,0
2021-12-22,54.93,55.8,54.0,55.08,54.54,5890297,323937244.34,shares,0
2021-12-23,56.0,56.8,54.5,54.97,55.08,5953196,328837574.5,shares,0
2021-12-24,55.0,56.0,53.1,54.58,54.97,4444900,241534461.18,shares,0
2021-12-27,53.94,54.58,52.5,53.21,54.58,7024918,373224641.22,shares,0
2021-12-28,53.81,56.18,53.01,56.11,53.21,8555859,470133649.38,shares,0
2021-12-29,56.4,56.49,53.7,54.45,56.11,6343001,347851897.07,shares,0
2021-12-30,55.02,57.65,54.21,55.73,54.45,7636826,426880641.97,shares,0
2021-12-31,55.73,58.82,54.6,57.5,55.73,13268128,761456328.46,shares,0
2022-01-04,57.5,57.8,49.51,50.48,57.5,21036717,1089383940.31,shares,0
2022-01-05,50.49,50.49,46.65,48.0,50.48,13509442,648427895.04,shares,0
2022-01-06,47.8,49.3,46.56,48.6,48.0,8751571,418148624.11,shares,0
2022-01-07,48.4,51.48,47.8,49.75,48.6,13865100,691092409.69,shares,0
2022-01-24,47.78,47.78,40.03,45.0,49.75,17277857,767825010.34,shares,0
2022-01-25,44.61,46.5,42.99,43.28,45.0,12485081,552049113.53,shares,0
2022-01-26,43.2,45.67,42.6,44.75,43.28,8012039,357030938.47,shares,0
2022-01-27,45.32,45.71,43.6,43.7,44.75,4438393,196748917.77,shares,0
2022-01-28,44.0,44.9,42.66,43.1,43.7,4444197,193588319.77,shares,0
2022-02-07,43.9,45.24,43.0,44.09,43.1,5661362,248498566.29,shares,0
2022-02-08,43.41,44.09,40.89,41.6,44.09,10745622,451593063.68,shares,0
2022-02-09,41.5,42.17,39.81,41.97,41.6,9455289,387034712.28,shares,0
2022-02-10,41.8,42.96,41.3,41.79,41.97,5285941,222363142.62,shares,0
2022-02-11,41.72,42.53,40.21,40.7,41.79,5123971,211165154.98,shares,0
2022-02-14,40.0,40.43,38.28,38.74,40.7,10155595,398993894.78,shares,0
2022-02-15,38.93,40.77,38.78,40.62,38.74,7782001,311266708.08,shares,0
2022-02-16,40.88,41.42,39.06,39.2,40.62,7655795,304903714.8,shares,0
2022-02-17,39.6,40.06,38.42,39.63,39.2,8314181,327609835.33,shares,0
2022-02-18,39.17,39.56,38.5,39.27,39.63,5975575,232982403.72,shares,0
2022-02-21,39.4,40.58,39.12,39.28,39.27,6085855,240686687.5,shares,0
2022-02-22,39.17,39.24,37.3,39.0,39.28,8315482,318797055.06,shares,0
2022-02-23,38.92,43.88,38.72,43.26,39.0,18393345,774891666.75,shares,0
2022-02-24,42.58,43.05,41.05,42.39,43.26,13054146,549452403.13,shares,0
2022-02-25,43.75,44.33,42.25,43.18,42.39,8665206,373404909.71,shares,0
2022-02-28,42.89,44.03,42.48,43.66,43.18,7835882,339890400.0,shares,0
2022-03-01,43.98,44.0,42.35,43.03,43.66,6088948,261860510.0,shares,0
2022-03-02,42.99,43.14,42.0,42.67,43.03,4872964,206900307.0,shares,0
2022-03-03,43.15,43.28,40.85,40.9,42.67,6075537,252520100.0,shares,0
2022-03-04,40.78,42.66,40.53,40.92,40.9,6855647,285708752.0,shares,0
2022-03-07,40.46,40.88,39.5,39.79,40.92,5769933,231070466.0,shares,0
2022-03-08,39.71,42.08,39.0,40.97,39.79,9653975,393468336.0,shares,0
2022-03-09,40.93,42.6,39.28,40.79,40.97,8406763,344732448.0,shares,0
2022-03-10,42.53,42.75,40.5,40.87,40.79,8387889,346896912.0,shares,0
2022-03-11,39.49,40.39,38.98,40.14,40.87,6262103,248605012.0,shares,0
2022-03-14,39.66,41.13,39.65,39.7,40.14,5712455,229801395.0,shares,0
2022-03-15,39.69,41.29,38.42,39.2,39.7,7584973,303168640.0,shares,0
2022-03-16,40.0,40.5,34.32,38.1,39.2,25610516,938147136.0,shares,0
2022-03-17,38.47,41.68,38.43,40.76,38.1,19728709,802526752.0,shares,0
2022-03-18,40.54,41.5,39.63,41.5,40.76,11077618,452064893.99,shares,0
2022-03-21,41.77,41.99,40.11,40.55,41.5,7764278,318042527.1,shares,0
2022-03-22,40.2,40.45,39.11,39.44,40.55,4943997,196296307.84,shares,0
2022-03-23,39.95,40.18,38.88,39.2,39.44,4684193,185302850.5,shares,0
2022-03-24,39.0,39.2,38.32,38.7,39.2,4675751,181155695.74,shares,0
2022-03-25,39.18,39.86,37.25,37.46,38.7,6071015,232122885.45,shares,0
2022-03-28,36.71,37.39,36.0,36.33,37.46,5610777,204856284.42,shares,0
2022-03-29,36.34,36.85,35.15,35.93,36.33,5329111,191094242.54,shares,0
2022-03-30,36.42,38.28,35.45,37.7,35.93,7701879,287366800.14,shares,0
2022-03-31,37.19,37.57,36.59,36.61,37.7,4795173,177564646.11,shares,0
2022-04-01,35.0,37.3,34.59,36.25,36.61,7902826,284908333.83,shares,0
2022-04-06,36.25,36.38,34.02,34.41,36.25,11563805,401165163.75,shares,0
2022-04-07,34.6,35.47,33.85,34.04,34.41,5910709,203391843.03,shares,0
2022-04-08,33.95,34.6,33.2,33.87,34.04,5592379,189093775.26,shares,0
2022-04-11,33.36,33.85,31.8,31.97,33.87,5305841,171733495.32,shares,0
2022-04-12,32.0,32.68,31.8,32.2,31.97,5516220,177564137.57,shares,0
2022-04-13,32.14,32.14,30.9,31.08,32.2,4211774,131811984.9,shares,0
2022-04-14,31.16,33.75,30.51,33.07,31.08,10138929,327657575.56,shares,0
2022-04-15,32.51,32.88,31.6,31.86,33.07,6107140,196825251.08,shares,0
2022-04-18,31.49,33.87,31.1,33.33,31.86,7009157,231873837.81,shares,0
2022-04-19,33.29,33.41,32.51,32.96,33.33,5760891,189400344.82,shares,0
2022-04-20,33.39,33.5,32.61,33.02,32.96,5370626,177539395.49,shares,0
2022-04-21,32.88,34.23,31.78,32.06,33.02,6656263,219000561.44,shares,0
2022-04-22,31.97,32.32,30.6,30.7,32.06,5300440,165515729.95,shares,0
2022-04-25,30.0,30.6,28.1,28.3,30.7,6771005,198444394.6,shares,0
2022-04-26,28.83,29.35,27.69,28.13,28.3,5677456,161697434.35,shares,0
2022-04-27,27.98,30.29,27.01,29.92,28.13,8278137,238823672.2,shares,0
2022-04-28,29.83,31.29,29.38,31.29,29.92,9462177,289106063.79,shares,0
2022-04-29,32.88,32.88,30.0,31.8,31.29,10756582,339416728.28,shares,0
2022-05-05,31.5,32.98,31.19,32.41,31.8,5692162,184422408.92,shares,0
2022-05-06,31.66,32.68,31.21,31.82,32.41,5144157,163998787.43,shares,0
2022-05-09,31.8,33.36,31.34,32.45,31.82,6142877,200749143.54,shares,0
2022-05-10,32.09,34.35,31.88,33.68,32.45,11516148,389009522.95,shares,0
2022-05-11,33.8,35.83,33.5,35.1,33.68,10275220,359373526.39,shares,0
2022-05-12,34.76,35.75,34.4,35.05,35.1,6028609,210881899.88,shares,0
2022-05-13,35.05,35.65,34.7,35.0,35.05,4791896,167800542.16,shares,0
2022-05-16,35.05,35.9,35.0,35.7,35.0,4604172,163443683.16,shares,0
2022-05-17,35.52,37.25,35.29,37.05,35.7,5445235,199968322.7,shares,0
2022-05-18,37.5,38.83,36.91,38.09,37.05,7656234,291728156.93,shares,0
2022-05-19,37.18,38.6,37.1,38.2,38.09,4135381,157768905.17,shares,0
2022-05-20,38.1,40.32,38.0,39.6,38.2,6550086,257517813.8,shares,0
2022-05-23,39.62,40.22,38.65,40.0,39.6,5909218,233344431.73,shares,0
2022-05-24,39.98,40.4,38.66,38.67,40.0,5178184,204409541.08,shares,0
2022-05-25,38.92,39.31,37.63,38.16,38.67,7709978,294176842.12,shares,0
2022-05-26,38.92,39.5,37.79,38.99,38.16,4517139,175008875.32,shares,0
2022-05-27,39.19,40.68,39.02,39.6,38.99,4731248,188317020.36,shares,0
2022-05-30,39.89,40.25,38.76,39.62,39.6,4425431,174603784.19,shares,0
2022-05-31,39.79,40.75,38.7,40.4,39.62,5830060,231937104.06,shares,0
2022-06-01,40.23,41.35,39.76,40.9,40.4,5359749,217700515.81,shares,0
2022-06-02,40.9,44.8,40.52,43.96,40.9,13304565,577539977.84,shares,0
2022-06-06,43.9,45.96,43.67,45.62,43.96,8956600,401081463.33,shares,0
2022-06-07,45.0,45.7,44.02,44.44,45.62,5208985,232304492.11,shares,0
2022-06-08,44.44,44.94,43.41,43.93,44.44,6159853,270915808.57,shares,0
2022-06-09,43.67,44.15,42.57,43.38,43.93,5018625,216722888.91,shares,0
2022-06-10,43.47,44.64,42.7,44.5,43.38,6446726,283288610.48,shares,0
2022-06-13,44.18,44.85,43.84,44.11,44.5,4208357,186251708.04,shares,0
2022-06-14,44.0,44.11,41.4,42.15,44.11,10151592,428493455.47,shares,0
2022-06-15,42.2,44.15,42.2,43.43,42.15,6463687,281066531.98,shares,0
2022-06-16,43.55,45.56,43.49,43.93,43.43,6656823,295993849.29,shares,0
2022-06-17,43.64,44.5,43.16,43.95,43.93,3846027,168493112.22,shares,0
2022-06-20,44.14,45.21,43.93,44.75,43.95,4221300,189045506.29,shares,0
2022-06-21,44.7,45.19,43.8,44.38,44.75,4788986,213303016.37,shares,0
2022-06-22,44.59,45.03,43.0,43.47,44.38,6624701,291421727.38,shares,0
2022-06-23,43.24,43.86,43.03,43.75,43.47,5703290,248211447.14,shares,0
2022-06-24,43.39,44.27,42.68,42.96,43.75,7101280,307075597.78,shares,0
2022-06-27,43.03,44.67,43.0,44.25,42.96,7618188,334367718.7,shares,0
2022-06-28,44.05,46.36,43.6,45.97,44.25,10118492,457186931.32,shares,0
2022-06-29,45.97,47.71,45.04,45.32,45.97,9126986,424044589.73,shares,0
2022-06-30,44.98,46.2,44.27,45.15,45.32,4846427,219056932.5,shares,0
2022-07-01,44.71,45.85,44.36,44.46,45.15,4089400,184001434.93,shares,0
2022-07-04,44.43,44.86,42.9,43.48,44.46,8376854,365335404.59,shares,0
2022-07-05,43.5,44.0,42.0,42.67,43.48,6114772,261926847.68,shares,0
2022-07-06,42.66,46.35,42.41,44.27,42.67,10663320,479220841.54,shares,0
2022-07-07,45.01,45.76,43.5,45.5,44.27,7500069,337298659.44,shares,0
2022-07-08,45.46,46.0,44.71,45.29,45.5,5804631,263326105.42,shares,0
2022-07-11,45.33,45.44,43.51,44.25,45.29,5154519,227817923.33,shares,0
2022-07-12,45.32,45.49,42.0,42.12,44.25,7235787,313630212.22,shares,0
2022-07-13,42.12,43.11,41.28,42.77,42.12,4878736,205849940.85,shares,0
2022-07-14,42.42,44.5,42.24,44.24,42.77,7535083,328791703.0,shares,0
2022-07-15,43.57,46.15,42.92,43.95,44.24,8387522,372171879.48,shares,0
2022-07-18,44.2,44.5,42.05,43.36,43.95,6231761,268256370.38,shares,0
2022-07-19,43.13,44.25,42.2,43.19,43.36,4965313,214483073.21,shares,0
2022-07-20,43.29,45.6,43.21,45.26,43.09,11254443,504317031.52,shares,0
2022-07-21,44.72,49.0,44.71,48.0,45.26,19386465,927550186.07,shares,0
2022-07-22,47.02,49.95,47.0,48.7,48.0,13691196,663500856.8,shares,0
2022-07-25,48.44,50.3,47.86,49.01,48.7,11179106,549183367.38,shares,0
2022-07-26,48.92,50.04,48.03,49.91,49.01,8465358,418500894.35,shares,0
2022-07-27,49.21,50.28,48.68,49.49,49.91,6502052,321801784.57,shares,0
2022-07-28,49.4,52.07,48.82,51.4,49.49,16465801,835715545.85,shares,0
2022-07-29,51.0,53.02,49.66,50.4,51.4,11094306,571031682.59,shares,0
2022-08-01,50.01,54.48,48.88,53.95,50.4,16096590,842763748.87,shares,0
2022-08-02,53.29,57.3,53.0,54.13,53.95,22344567,1230508339.12,shares,0
2022-08-03,54.21,56.36,50.38,52.4,54.13,30598545,1604215787.96,shares,0
2022-08-04,52.0,53.08,50.06,51.19,52.4,19254493,990856964.08,shares,0
2022-08-05,51.18,56.18,50.96,55.68,51.19,25873241,1397875834.76,shares,0
2022-08-08,59.2,60.0,56.44,58.7,55.68,28838027,1685808244.58,shares,0
2022-08-09,58.15,58.7,56.05,57.89,58.7,15283994,876236817.88,shares,0
2022-08-10,57.12,63.5,57.12,61.6,57.89,20044764,1239313274.68,shares,0
2022-08-11,61.67,63.58,60.3,62.47,61.6,13009655,811612085.86,shares,0
2022-08-12,61.62,64.2,60.5,60.5,62.47,9314990,578606331.0,shares,0
2022-08-15,59.71,62.26,59.4,60.74,60.5,9319832,564154556.21,shares,0
2022-08-16,60.42,60.9,58.51,59.62,60.74,10165276,606430326.59,shares,0
2022-08-17,59.66,60.4,58.66,59.58,59.62,7320542,435668591.28,shares,0
2022-08-18,59.48,61.82,57.75,61.26,59.58,11766656,705951298.58,shares,0
2022-08-19,60.06,61.0,57.2,57.34,61.26,9636168,564513431.58,shares,0
2022-08-22,58.0,60.5,56.5,59.04,57.34,9977619,592178416.2,shares,0
2022-08-23,59.0,59.44,57.15,57.5,59.04,5685095,328385861.67,shares,0
2022-08-24,57.6,58.5,53.37,53.69,57.5,13648769,750424096.65,shares,0
2022-08-25,53.7,55.93,53.24,55.31,53.69,10580877,578785362.93,shares,0
2022-08-26,55.26,55.3,52.52,52.7,55.31,8095025,433133223.15,shares,0
2022-08-29,52.71,56.3,52.71,55.98,52.7,10560021,585370670.37,shares,0
2022-08-30,58.5,61.99,57.71,59.99,55.98,22320245,1341741443.62,shares,0
2022-08-31,60.5,61.49,58.0,58.38,59.99,10443128,619922157.86,shares,0
2022-09-01,58.36,61.9,58.36,61.45,58.38,11490074,701824700.3,shares,0
2022-09-02,61.0,64.19,59.88,62.24,61.45,11644361,724915530.07,shares,0
2022-09-05,61.78,68.0,61.33,66.73,62.24,11796782,773891957.22,shares,0
2022-09-06,66.99,67.88,65.56,66.52,66.73,6771700,451146326.34,shares,0
2022-09-07,66.85,70.8,66.16,66.3,66.52,12283889,836803908.16,shares,0
2022-09-08,65.76,70.0,64.88,68.28,66.3,9755465,662220971.24,shares,0
2022-09-09,67.12,67.99,64.98,66.84,68.28,8550062,566589334.56,shares,0
2022-09-13,66.83,67.5,65.2,66.42,66.84,7111344,472768819.46,shares,0
2022-09-14,66.14,68.52,65.2,66.83,66.42,6014401,401349637.19,shares,0
2022-09-15,66.6,67.29,63.0,64.25,66.83,8310682,536453186.3,shares,0
2022-09-16,63.64,65.44,63.64,64.63,64.25,6993767,453080210.81,shares,0
2022-09-19,65.21,66.6,62.68,63.08,64.63,5383842,343774714.86,shares,0
2022-09-20,63.28,63.49,60.0,60.87,63.08,10543889,647293050.76,shares,0
2022-09-21,61.0,61.4,57.03,57.61,60.87,14884388,872414373.82,shares,0
2022-09-22,57.97,60.1,56.31,59.67,57.61,11529188,677431244.12,shares,0
2022-09-23,59.7,59.88,56.77,58.5,59.67,9694003,564359606.74,shares,0
2022-09-26,57.53,60.55,56.72,58.98,58.5,12704759,750347552.84,shares,0
2022-09-27,59.2,62.48,57.01,61.12,58.98,11676189,711814094.48,shares,0
2022-09-28,61.2,61.3,58.67,59.47,61.12,5980446,357003035.03,shares,0
2022-09-29,59.71,60.88,58.8,59.9,59.47,5441560,326638434.78,shares,0
2022-09-30,60.0,60.47,56.91,57.02,59.9,6915004,401749772.63,shares,0
2022-10-10,54.59,55.99,45.62,45.62,57.02,29475647,1458851792.4,shares,0
2022-10-11,46.09,47.84,44.85,45.39,45.62,18146467,837422109.06,shares,0
2022-10-12,45.68,48.95,43.51,48.79,45.39,21391423,995583606.73,shares,0
2022-10-13,47.83,51.76,47.57,49.3,48.79,17156276,854717523.61,shares,0
2022-10-14,50.07,50.92,47.63,48.5,49.3,13193235,644116414.67,shares,0
2022-10-17,48.51,54.0,48.1,52.4,48.5,15166082,780572177.85,shares,0
2022-10-18,53.0,54.95,51.51,53.97,52.4,10057511,539262270.12,shares,0
2022-10-19,53.45,55.95,53.01,54.77,53.97,10211401,556394806.16,shares,0
2022-10-20,54.26,61.26,54.12,59.0,54.77,13367134,773994739.46,shares,0
2022-10-21,58.36,59.74,55.91,58.09,59.0,9749317,561624227.69,shares,0
2022-10-24,57.5,61.56,57.0,60.1,58.09,9021009,542045241.73,shares,0
2022-10-25,60.1,61.0,58.69,60.29,60.1,7189550,430587767.45,shares,0
2022-10-26,60.35,62.98,59.53,61.94,60.29,7410659,457192522.2,shares,0
2022-10-27,62.51,62.66,59.0,60.13,61.94,13996632,848918881.67,shares,0
2022-10-28,55.22,64.08,55.0,61.38,60.13,18586130,1143423691.07,shares,0
2022-10-31,61.39,62.2,58.5,60.08,61.38,15191520,914382588.85,shares,0
2022-11-01,60.0,60.59,58.18,59.75,60.08,10067665,599136275.9,shares,0
2022-11-02,59.76,61.45,59.0,60.12,59.75,6836444,411938463.58,shares,0
2022-11-03,59.0,62.33,58.54,61.77,60.12,7469043,461377179.45,shares,0
2022-11-04,61.77,62.2,60.0,60.45,61.77,11373851,692294048.85,shares,0
2022-11-07,60.41,61.97,59.09,59.49,60.45,7828615,468564388.95,shares,0
2022-11-08,59.7,61.03,58.42,59.2,59.49,6755111,403754532.01,shares,0
2022-11-09,59.09,60.5,57.13,57.8,59.2,6922250,406794588.13,shares,0
2022-11-10,57.88,57.93,52.82,53.4,57.8,23447002,1274618750.74,shares,0
2022-11-11,57.0,57.66,53.45,54.01,53.4,17074752,940259339.41,shares,0
2022-11-14,53.47,53.53,51.5,53.36,54.01,9325073,492241857.47,shares,0
2022-11-15,53.0,55.95,52.64,54.62,53.36,9212941,504949954.34,shares,0
2022-11-16,54.64,54.65,52.7,53.39,54.62,6447507,343805728.21,shares,0
2022-11-17,53.0,53.83,51.18,53.65,53.39,8750840,457926106.78,shares,0
2022-11-18,53.59,55.8,52.91,53.73,53.65,7793240,425093182.13,shares,0
2022-11-21,53.8,55.48,52.9,55.12,53.73,6681798,362471321.0,shares,0
2022-11-22,54.2,55.73,53.8,54.3,55.12,5843599,320027544.82,shares,0
2022-11-23,54.0,55.05,53.03,53.99,54.3,4127506,222201111.71,shares,0
2022-11-24,53.99,55.3,53.6,54.43,53.99,6037884,330596675.03,shares,0
2022-11-25,53.88,58.24,53.84,56.72,54.43,13201241,749309511.28,shares,0
2022-11-28,56.55,59.4,55.78,59.32,56.72,13899202,812892469.9,shares,0
2022-11-29,58.99,59.02,56.72,57.95,59.32,11691138,674066870.59,shares,0
2022-11-30,57.33,57.8,55.5,57.66,57.95,9646965,545843383.93,shares,0
2022-12-01,57.28,59.81,55.61,58.0,57.66,10597998,616834909.31,shares,0
2022-12-02,57.5,60.6,56.66,58.6,58.0,7419963,440794906.88,shares,0
2022-12-05,58.96,58.96,52.9,54.08,58.6,12425909,679905165.54,shares,0
2022-12-06,53.58,56.11,53.11,54.42,54.08,8267412,451831906.74,shares,0
2022-12-07,54.52,54.58,53.05,53.6,54.42,9069413,485061415.37,shares,0
2022-12-08,53.5,53.59,50.8,51.25,53.6,10474508,542055584.45,shares,0
2022-12-09,51.0,54.17,50.38,52.77,51.25,17423564,917476473.84,shares,0
2022-12-12,52.15,52.15,49.82,50.99,52.77,10944587,555907972.04,shares,0
2022-12-13,51.0,51.0,48.1,49.31,50.99,13559448,664748432.3,shares,0
2022-12-14,51.41,51.76,48.33,48.59,49.31,13725162,685442528.72,shares,0
2022-12-15,48.59,50.94,47.98,49.69,48.59,9000850,448627518.95,shares,0
2022-12-16,49.5,49.5,46.11,47.15,49.69,15392141,724934168.63,shares,0
2022-12-19,46.7,48.27,46.5,47.21,47.15,8288541,391466154.21,shares,0
2022-12-20,47.13,48.13,46.02,46.22,47.21,5297704,248332849.44,shares,0
2022-12-21,46.23,46.59,44.92,45.58,46.22,5447625,248100390.72,shares,0
2022-12-22,45.75,45.84,44.09,44.19,45.58,6181781,277186535.62,shares,0
2022-12-23,44.0,44.74,43.34,43.91,44.19,4889786,214032233.47,shares,0
2022-12-26,44.04,45.35,43.72,44.52,43.91,5473374,245278183.38,shares,0
2022-12-27,44.44,46.0,43.01,45.52,44.52,11982444,533055719.43,shares,0
2022-12-28,45.05,45.58,44.11,44.73,45.52,7073967,315206439.53,shares,0
2022-12-29,44.7,45.15,43.88,44.35,44.73,6996475,311574164.93,shares,0
2022-12-30,44.54,45.3,43.7,44.58,44.35,7405609,329187064.74,shares,0
2023-01-03,44.52,45.89,43.6,45.53,44.58,11562797,519448421.84,shares,0
2023-01-04,46.5,47.4,42.11,42.8,45.53,29262868,1280139552.87,shares,0
2023-01-05,42.12,43.23,41.82,42.56,42.8,14707394,627473992.46,shares,0
2023-01-06,42.4,42.76,40.88,41.93,42.56,17255422,720848405.42,shares,0
2023-01-09,42.0,43.16,40.71,40.91,41.93,17791523,738305612.66,shares,0
2023-01-10,41.06,41.89,40.89,41.25,40.91,10574174,437486727.69,shares,0
2023-01-11,40.6,42.11,39.16,39.4,41.25,23033634,927042957.95,shares,0
2023-01-12,39.46,39.89,38.8,39.55,39.4,12355559,487934349.45,shares,0
2023-01-13,39.67,39.78,38.58,39.35,39.55,10711954,418190278.63,shares,0
2023-01-16,39.25,42.18,39.11,40.85,39.35,20538627,839376286.9,shares,0
2023-01-17,41.04,43.28,40.7,43.06,40.85,21114216,895156267.79,shares,0
2023-01-18,43.01,43.6,42.48,42.49,43.06,10303316,441118379.74,shares,0
2023-01-19,42.49,43.68,42.08,43.26,42.49,11748554,505009866.96,shares,0
2023-01-20,45.0,45.4,43.61,44.18,43.26,19171750,848882716.63,shares,0
2023-01-30,44.18,45.39,43.67,43.68,44.18,16606828,739148825.94,shares,0
2023-01-31,43.5,44.09,42.68,43.2,43.68,15002665,646552576.14,shares,0
2023-02-01,43.45,44.68,43.22,44.49,43.2,12836216,565429854.45,shares,0
2023-02-02,44.9,46.88,44.41,45.61,44.49,22825407,1037792406.35,shares,0
2023-02-03,45.15,45.7,43.83,44.95,45.61,15280674,680983248.25,shares,0
2023-02-06,44.3,45.8,44.3,44.95,44.95,11342952,510272232.64,shares,0
2023-02-07,44.99,45.1,43.6,44.16,44.95,10870270,479020536.2,shares,0
2023-02-08,44.0,45.14,43.16,43.24,44.16,11223139,492413019.58,shares,0
2023-02-09,43.05,46.58,42.79,46.42,43.24,23518783,1059724626.4,shares,0
2023-02-10,46.4,47.08,45.11,45.8,46.42,17509820,804969210.58,shares,0
2023-02-13,46.05,46.44,44.85,46.25,45.8,14017491,642639063.03,shares,0
2023-02-14,46.42,48.77,46.42,47.93,46.25,23650035,1135586961.48,shares,0
2023-02-15,47.76,50.82,47.5,50.58,47.93,22949713,1137019077.73,shares,0
2023-02-16,50.19,51.68,49.59,49.95,50.58,20588364,1040446368.56,shares,0
2023-02-17,49.68,50.0,46.7,46.92,49.95,17928916,857660008.45,shares,0
2023-02-20,46.9,47.17,45.6,46.93,46.92,12778305,591883020.57,shares,0
2023-02-21,46.82,47.4,45.58,46.09,46.93,10076416,464705874.59,shares,0
2023-02-22,45.66,47.06,45.66,46.39,46.09,8032411,373128992.75,shares,0
2023-02-23,46.06,46.59,45.51,45.99,46.39,7159835,329406945.84,shares,0
2023-02-24,46.21,46.5,45.3,45.33,45.99,7117460,325636509.05,shares,0
2023-02-27,44.96,45.17,44.1,44.22,45.33,8909801,397270916.07,shares,0
2023-02-28,44.58,44.86,43.27,44.28,44.22,8506091,372577783.36,shares,0
2023-03-01,43.95,44.03,43.32,43.7,44.28,9775584,426370882.91,shares,0
2023-03-02,43.74,44.75,43.48,43.89,43.7,10571168,465698736.93,shares,0
2023-03-03,44.65,48.23,44.65,48.22,43.89,29736426,1375228764.89,shares,0
2023-03-06,48.0,51.51,46.9,49.75,48.22,31243196,1540773013.91,shares,0
2023-03-07,50.5,50.64,48.55,48.75,49.75,18429989,906539179.1,shares,0
2023-03-08,48.46,50.15,48.13,49.65,48.75,14853397,733229596.07,shares,0
2023-03-09,49.36,52.75,49.36,50.77,49.65,24974718,1277157890.78,shares,0
2023-03-10,49.9,51.68,48.81,50.34,50.77,20615571,1034730715.33,shares,0
2023-03-13,49.98,50.54,48.88,49.4,50.34,17099438,846129597.87,shares,0
2023-03-14,49.6,53.77,48.82,53.05,49.4,29121753,1491794993.26,shares,0
2023-03-15,52.3,53.74,51.46,51.9,53.05,24774096,1298001562.44,shares,0
2023-03-16,51.02,51.85,45.36,46.17,51.9,37483244,1806542972.14,shares,0
2023-03-17,46.11,47.46,44.04,46.58,46.17,32873621,1500775021.37,shares,0
2023-03-20,46.01,47.31,45.5,46.88,46.58,22391588,1038192730.02,shares,0
2023-03-21,46.3,46.39,43.59,44.51,46.88,23745924,1060768522.97,shares,0
2023-03-22,44.2,44.2,42.93,43.35,44.51,17135807,746126531.26,shares,0
2023-03-23,43.0,45.65,42.93,45.32,43.35,20650306,917138530.76,shares,0
2023-03-24,45.33,46.46,44.55,44.95,45.32,15417443,699829116.03,shares,0
2023-03-27,44.58,46.4,44.0,45.89,44.95,15121306,687900146.37,shares,0
2023-03-28,45.67,46.33,44.62,45.13,45.89,9473248,428005725.3,shares,0
2023-03-29,45.06,51.5,44.59,49.94,45.13,30079597,1461955933.84,shares,0
2023-03-30,49.7,50.22,47.56,48.33,49.94,20261886,985940006.55,shares,0
2023-03-31,48.21,48.93,47.6,48.36,48.33,13502777,651850767.99,shares,0
2023-04-03,48.91,50.2,48.51,49.98,48.36,20815165,1031315639.07,shares,0
2023-04-04,49.9,51.5,48.89,49.96,49.98,21660945,1087759625.49,shares,0
2023-04-06,48.98,55.0,48.8,52.55,49.96,28862310,1506792431.97,shares,0
2023-04-07,52.59,56.17,52.59,56.17,52.55,34171939,1870582995.24,shares,0
2023-04-10,56.0,57.43,52.49,52.9,56.17,25474390,1392316302.02,shares,0
2023-04-11,53.33,55.66,53.33,54.31,52.9,21098262,1150968881.19,shares,0
2023-04-12,54.3,58.68,53.26,57.9,54.31,31234599,1776459733.35,shares,0
2023-04-13,57.16,58.1,54.83,56.61,57.9,20392800,1150865467.24,shares,0
2023-04-14,57.38,60.93,55.1,59.27,56.61,29386629,1723909065.66,shares,0
2023-04-17,59.49,60.17,56.75,57.71,59.27,20185084,1175283333.61,shares,0
2023-04-18,56.4,56.92,54.46,55.0,57.71,23675751,1309789126.83,shares,0
2023-04-19,55.01,55.52,53.44,53.99,55.0,24539290,1333533167.44,shares,0
2023-04-20,53.6,57.42,53.25,56.7,53.99,26679946,1485245869.3,shares,0
2023-04-21,55.68,55.82,52.01,52.02,56.7,22062457,1184061291.35,shares,0
2023-04-24,52.41,53.6,50.23,50.86,52.02,18947235,977800911.89,shares,0
2023-04-25,51.0,51.35,48.13,48.64,50.86,17792755,881787715.19,shares,0
2023-04-26,48.64,49.12,46.06,46.5,48.64,18299976,865715791.08,shares,0
2023-04-27,46.49,48.98,46.12,47.18,46.5,14609117,696963736.23,shares,0
2023-04-28,43.38,49.93,43.35,48.2,47.18,31489190,1497933737.04,shares,0
2023-05-04,47.48,47.91,45.45,46.11,48.2,13253425,612452444.83,shares,0
2023-05-05,46.11,47.22,44.46,44.94,46.11,9751040,444477660.21,shares,0
2023-05-08,44.76,45.41,43.75,44.11,44.94,9923134,440678183.4,shares,0
2023-05-09,43.98,44.32,42.24,42.3,44.11,14157100,608409733.41,shares,0
2023-05-10,42.0,42.69,40.19,41.35,42.3,14120156,580334222.28,shares,0
2023-05-11,41.5,42.35,40.16,40.18,41.35,13330595,546907956.41,shares,0
2023-05-12,40.3,41.28,39.56,39.69,40.18,9182627,369717883.75,shares,0
2023-05-15,39.48,41.05,39.48,40.92,39.69,14121310,568863045.25,shares,0
2023-05-16,40.92,42.9,40.55,42.46,40.92,19431957,816100161.88,shares,0
2023-05-17,42.7,47.1,42.66,45.84,42.46,25731468,1178459067.94,shares,0
2023-05-18,45.14,46.96,45.09,46.82,45.84,14175307,656279254.64,shares,0
2023-05-19,46.6,47.88,45.9,46.88,46.82,11664072,547079674.62,shares,0
2023-05-22,46.99,48.44,46.87,47.45,46.88,10622945,505055794.67,shares,0
2023-05-23,47.45,47.46,45.7,45.88,47.45,10160597,470200338.7,shares,0
2023-05-24,46.01,48.32,45.15,47.78,45.88,11575685,546176032.44,shares,0
2023-05-25,47.5,48.28,46.74,48.0,47.78,7363785,349783497.36,shares,0
2023-05-26,48.06,49.79,47.47,47.8,48.0,10564381,514221756.18,shares,0
2023-05-29,48.0,48.75,46.9,47.93,47.8,9740391,466831578.11,shares,0
2023-05-30,47.6,50.0,46.88,49.64,47.93,12037765,586425275.4,shares,0
2023-05-31,49.62,51.84,49.1,50.51,49.64,9750126,493297726.55,shares,0
2023-06-01,50.25,51.38,49.3,50.1,50.51,7087665,356392160.37,shares,0
2023-06-02,50.0,51.79,49.86,50.48,50.1,6956857,354813944.18,shares,0
2023-06-05,51.0,53.5,50.94,52.3,50.48,11727464,618413266.67,shares,0
2023-06-06,51.79,52.01,50.48,50.48,52.3,8391962,428868308.46,shares,0
2023-06-07,50.26,51.96,49.21,50.86,50.48,7651290,386229261.56,shares,0
2023-06-08,50.68,51.26,48.88,50.28,50.86,8440216,424617036.26,shares,0
2023-06-09,50.53,51.39,49.42,50.99,50.28,8296113,417791662.51,shares,0
2023-06-12,50.71,51.49,49.25,49.55,50.99,9200178,459696070.23,shares,0
2023-06-13,49.8,50.6,48.97,49.8,49.55,5590513,278890602.5,shares,0
2023-06-14,49.81,51.15,49.19,51.12,49.8,7475635,376276388.22,shares,0
2023-06-15,50.6,52.85,50.0,50.67,51.12,8349856,427953218.3,shares,0
2023-06-16,50.62,53.43,50.0,53.05,50.67,11831155,618038347.27,shares,0
2023-06-19,52.6,53.79,51.82,53.16,53.05,8166737,432669546.13,shares,0
2023-06-20,52.9,53.17,50.43,51.64,53.16,8744744,450192232.55,shares,0
2023-06-21,51.0,51.9,47.2,47.27,51.64,16781603,812258467.52,shares,0
2023-06-26,46.69,48.59,46.3,47.28,47.27,7376746,349892676.68,shares,0
2023-06-27,47.72,48.42,45.7,46.01,47.28,7557422,350817167.84,shares,0
2023-06-28,46.05,47.75,45.0,46.83,46.01,9371434,437083898.75,shares,0
2023-06-29,46.69,48.07,46.22,46.83,46.83,7974199,377313127.41,shares,0
2023-06-30,46.69,48.6,46.35,47.49,46.73,7069584,338011633.89,shares,0
2023-07-03,47.93,49.67,47.51,48.03,47.49,9732356,472669941.47,shares,0
2023-07-04,48.0,48.2,46.4,47.2,48.03,7018380,331619825.09,shares,0
2023-07-05,46.87,47.65,46.61,47.05,47.2,5004045,235922181.69,shares,0
2023-07-06,46.94,47.86,46.6,46.67,47.05,4169912,196013487.44,shares,0
2023-07-07,46.34,47.0,45.66,45.88,46.67,5629249,259885860.67,shares,0
2023-07-10,46.06,46.16,44.26,44.79,45.88,9701294,434299835.78,shares,0
2023-07-11,44.66,45.4,43.97,45.19,44.79,8306601,371070299.7,shares,0
2023-07-12,44.61,45.28,42.98,43.0,45.19,11300148,494917597.36,shares,0
2023-07-13,43.56,44.99,43.44,44.52,43.0,7533456,333322406.94,shares,0
2023-07-14,44.99,45.23,44.15,44.24,44.52,5915995,263653687.87,shares,0
2023-07-17,44.1,44.3,42.06,43.25,44.24,9743869,416968187.19,shares,0
2023-07-18,43.35,44.58,43.12,43.64,43.25,6483110,284673114.47,shares,0
2023-07-19,43.31,44.09,42.97,43.79,43.64,5617398,244800498.53,shares,0
2023-07-20,43.73,43.99,42.48,42.72,43.79,5078049,218395887.79,shares,0
2023-07-21,42.52,42.6,41.53,41.96,42.72,7160548,299823658.76,shares,0
2023-07-24,42.2,42.2,41.21,41.45,41.96,4089317,169705480.3,shares,0
2023-07-25,41.9,42.61,41.6,42.4,41.45,5263254,222354311.6,shares,0
2023-07-26,42.6,43.61,42.23,42.68,42.4,5488734,235738575.62,shares,0
2023-07-27,42.35,42.44,40.89,41.1,42.68,6595058,273167898.5,shares,0
2023-07-28,41.4,41.58,40.64,41.34,41.1,5637859,232143941.36,shares,0
2023-07-31,41.21,43.05,41.04,42.07,41.34,6871279,289359290.8,shares,0
2023-08-01,41.88,42.99,41.7,42.34,42.07,5908433,250208240.38,shares,0
2023-08-02,41.97,42.85,41.96,42.29,42.34,6149835,260707550.95,shares,0
2023-08-03,41.99,42.24,41.25,41.46,42.29,6252880,260524900.8,shares,0
2023-08-04,41.7,41.79,39.38,41.06,41.46,14094986,568784810.43,shares,0
2023-08-07,40.9,41.3,40.31,40.53,41.06,4921627,200124893.28,shares,0
2023-08-08,40.5,40.65,39.47,39.7,40.53,7486928,298511782.22,shares,0
2023-08-09,39.59,39.85,38.88,39.39,39.7,6127978,241325643.38,shares,0
2023-08-10,39.41,39.83,39.12,39.5,39.39,4847417,191452444.1,shares,0
2023-08-11,39.58,39.59,38.22,38.33,39.5,8153800,315368329.7,shares,0
2023-08-14,37.9,38.17,37.4,37.78,38.33,5181800,195448267.96,shares,0
2023-08-15,37.91,38.07,36.16,36.5,37.78,9694103,355897151.3,shares,0
2023-08-16,36.3,36.76,35.25,35.35,36.5,8698621,310778279.51,shares,0
2023-08-17,35.42,36.56,34.91,36.05,35.35,9175449,329949549.61,shares,0
2023-08-18,36.14,36.38,35.3,35.35,36.05,8914127,319332052.38,shares,0
2023-08-21,35.29,35.62,34.7,34.75,35.35,5734191,201096922.02,shares,0
2023-08-22,34.76,35.24,33.81,34.8,34.75,8536252,293526525.83,shares,0
2023-08-23,34.81,34.81,33.38,33.45,34.8,6183934,209265064.26,shares,0
2023-08-24,33.57,34.47,33.1,33.44,33.45,8752972,295025008.19,shares,0
2023-08-25,33.34,33.4,32.05,32.36,33.44,7587097,248109825.36,shares,0
2023-08-28,34.0,34.6,31.73,31.84,32.36,10234346,334542744.28,shares,0
2023-08-29,32.09,35.9,31.71,35.61,31.84,19388427,663364653.01,shares,0
2023-08-30,36.33,37.5,35.5,36.75,35.61,17387821,638194815.73,shares,0
2023-08-31,36.44,37.7,36.17,37.37,36.75,11189076,414606792.7,shares,0
2023-09-01,37.4,39.2,37.01,37.42,37.37,11421907,431010680.14,shares,0
2023-09-04,37.53,38.38,37.02,37.94,37.42,9821403,369391659.24,shares,0
2023-09-05,38.32,39.05,37.56,37.72,37.94,13121937,502240476.3,shares,0
2023-09-06,37.56,38.8,37.48,38.44,37.72,15206949,581399043.32,shares,0
2023-09-07,38.12,38.3,36.74,36.74,38.44,12137626,453237363.71,shares,0
2023-09-08,37.0,37.95,36.05,37.4,36.74,11421342,423540689.62,shares,0
2023-09-11,37.1,37.79,36.7,36.9,37.4,9109048,338151266.23,shares,0
2023-09-12,36.8,37.27,35.66,35.83,36.9,12027453,434522814.52,shares,0
2023-09-13,35.75,36.11,34.68,35.08,35.83,8049562,283344554.49,shares,0
2023-09-14,35.13,35.14,34.28,34.68,35.08,6092338,210485012.77,shares,0
2023-09-15,34.9,35.7,33.95,34.66,34.68,7271244,251838628.8,shares,0
2023-09-18,34.39,34.87,33.92,34.07,34.66,5567817,190888062.26,shares,0
2023-09-19,34.1,34.1,33.09,33.46,34.07,5915849,198029321.87,shares,0
2023-09-20,33.46,33.65,33.05,33.08,33.46,5536925,184180709.7,shares,0
2023-09-21,33.08,33.37,32.76,33.1,33.08,5334588,176278121.17,shares,0
2023-09-22,33.03,36.35,32.76,36.35,33.1,15415223,535667875.16,shares,0
2023-09-25,35.88,36.05,34.11,34.31,36.35,15973328,556645603.9,shares,0
2023-09-26,34.45,34.46,33.5,33.65,34.31,8683886,293928770.26,shares,0
2023-09-27,33.53,34.86,33.36,33.85,33.65,10478272,355722474.71,shares,0
2023-09-28,33.94,34.53,32.86,33.53,33.85,12335118,415343743.0,shares,0
2023-10-09,33.74,34.51,33.38,33.6,33.53,10433408,352860340.6,shares,0
2023-10-10,33.95,34.59,33.45,33.97,33.6,10788952,366297984.73,shares,0
2023-10-11,34.0,34.5,33.33,33.75,33.97,10633277,359326235.18,shares,0
2023-10-12,33.82,34.9,33.17,34.3,33.75,17071604,579756711.9,shares,0
2023-10-13,34.2,34.52,33.38,34.05,34.3,14208975,482711294.54,shares,0
2023-10-16,33.89,33.99,32.67,33.2,34.05,11064439,366628832.39,shares,0
2023-10-17,33.16,33.67,32.76,33.39,33.2,7378770,245155500.2,shares,0
2023-10-18,33.35,34.48,32.3,32.36,33.39,10261507,340864529.57,shares,0
2023-10-19,32.01,35.33,32.01,33.62,32.36,23796628,812295349.37,shares,0
2023-10-20,33.31,33.68,32.34,32.41,33.62,11436395,375119561.14,shares,0
2023-10-23,32.23,32.35,31.2,31.37,32.41,8159107,258238725.31,shares,0
2023-10-24,31.95,37.64,31.62,36.17,31.37,45140247,1595436881.01,shares,0
2023-10-25,37.0,38.5,36.27,37.86,36.17,41208803,1536034458.96,shares,0
2023-10-26,37.8,38.09,36.89,37.89,37.86,18892908,707942413.47,shares,0
2023-10-27,37.91,38.1,36.72,37.41,37.89,16146813,606610822.71,shares,0
2023-10-30,37.3,41.58,37.2,40.96,37.41,39685223,1580957099.76,shares,0
2023-10-31,41.5,42.13,40.48,40.82,40.96,15883622,652111494.67,shares,0
2023-11-01,40.59,41.0,39.82,39.95,40.82,10704360,431203549.32,shares,0
2023-11-02,39.94,40.31,37.97,38.19,39.95,16322282,632295799.39,shares,0
2023-11-03,38.15,41.59,37.88,41.07,38.19,25581601,1017119619.23,shares,0
2023-11-06,41.22,41.58,40.0,41.08,41.07,23520467,961204960.91,shares,0
2023-11-07,41.0,43.0,40.3,41.66,41.08,18482002,770006173.36,shares,0
2023-11-08,41.31,44.18,41.07,42.33,41.66,22769807,965840189.62,shares,0
2023-11-09,42.11,43.43,41.51,42.0,42.33,16105790,681838078.46,shares,0
2023-11-10,41.99,43.26,40.72,41.13,42.0,14364601,601075178.8,shares,0
2023-11-13,41.58,42.17,39.7,40.05,41.13,21083804,851765907.43,shares,0
2023-11-14,40.1,41.11,39.74,40.73,40.05,15422619,625202047.91,shares,0
2023-11-15,41.0,41.0,38.8,39.4,40.73,18174277,718185389.91,shares,0
2023-11-16,38.99,39.76,38.76,38.92,39.4,10845995,425773340.2,shares,0
2023-11-17,39.0,39.94,38.81,39.88,38.92,11362798,447627948.55,shares,0
2023-11-20,40.17,42.06,39.52,41.3,39.88,19279130,792057704.51,shares,0
2023-11-21,41.0,41.0,38.78,39.07,41.3,16205070,643335975.41,shares,0
2023-11-22,38.62,39.36,38.47,38.56,39.07,7951430,308626626.42,shares,0
2023-11-23,38.16,38.86,37.81,38.24,38.56,9260691,354790502.01,shares,0
2023-11-24,38.21,38.45,36.99,37.0,38.24,10439604,391099024.2,shares,0
2023-11-27,36.73,37.94,36.66,37.53,37.0,7328942,274879985.58,shares,0
2023-11-28,37.98,40.57,37.13,40.2,37.53,22387060,877083803.9,shares,0
2023-11-29,39.8,41.12,39.7,40.06,40.2,13506261,548032520.76,shares,0
2023-11-30,40.02,40.77,39.1,40.3,40.06,10870136,435796547.95,shares,0
2023-12-01,40.58,42.8,40.3,42.12,40.3,17269496,717681513.96,shares,0
2023-12-04,42.43,42.88,41.32,41.32,42.12,9780366,410674672.83,shares,0
2023-12-05,41.12,41.68,40.62,40.66,41.32,7492993,307861876.86,shares,0
2023-12-06,40.14,40.96,39.54,40.2,40.66,9167660,366737931.3,shares,0
2023-12-07,40.08,40.44,39.3,39.56,40.2,5616792,223312524.1,shares,0
2023-12-08,39.64,40.26,38.99,39.14,39.56,10156309,402542681.66,shares,0
2023-12-11,38.66,41.51,38.43,41.49,39.14,15722199,636278851.9,shares,0
2023-12-12,41.4,41.4,40.0,41.2,41.49,7531856,306667124.44,shares,0
2023-12-13,41.0,41.5,40.43,40.77,41.2,5651225,231288831.87,shares,0
2023-12-14,40.77,41.44,39.35,40.3,40.77,7216417,290257990.24,shares,0
2023-12-15,40.3,40.44,39.6,40.06,40.3,3207822,128149280.01,shares,0
2023-12-18,39.71,41.94,39.54,40.51,40.06,7576140,308092458.95,shares,0
2023-12-19,40.54,42.58,40.41,41.8,40.51,9170059,381389662.79,shares,0
2023-12-20,42.0,42.17,40.56,40.62,41.8,6906286,285158827.42,shares,0
2023-12-21,40.61,40.87,39.14,40.18,40.62,6945946,277907095.33,shares,0
2023-12-22,40.2,40.2,39.02,39.2,40.18,4757396,187522880.53,shares,0
2023-12-25,39.29,39.96,38.23,38.66,39.2,6094259,236983964.97,shares,0
2023-12-26,38.8,38.82,35.0,37.08,38.66,12325090,450009555.0,shares,0
2023-12-27,37.1,37.9,36.73,37.25,37.08,6853643,255267818.0,shares,0
2023-12-28,37.43,38.06,36.6,37.65,37.25,7170337,268739703.0,shares,0
2023-12-29,37.44,38.36,37.43,37.99,37.65,5878735,223118218.91,shares,0
2024-01-02,38.27,38.27,36.8,36.8,37.99,5651269,210042951.79,shares,0
2024-01-03,36.64,37.19,36.1,37.16,36.8,4245590,156328724.98,shares,0
2024-01-04,37.0,37.73,36.85,37.41,37.16,4076916,152551964.42,shares,0
2024-01-05,37.41,38.8,36.3,36.48,37.41,6570100,246322784.47,shares,0
2024-01-08,36.29,36.75,34.44,34.44,36.48,8401620,295707323.44,shares,0
2024-01-09,34.8,35.8,34.5,34.65,34.44,5754525,202283183.37,shares,0
2024-01-10,34.79,35.07,33.92,34.23,34.65,4587931,157879752.24,shares,0
2024-01-11,34.11,35.8,34.11,35.0,34.23,5683719,198907607.17,shares,0
2024-01-12,34.99,35.57,34.4,34.5,35.0,5249844,183189873.23,shares,0
2024-01-15,34.5,35.43,33.9,33.95,34.5,5736645,198251610.12,shares,0
2024-01-16,33.91,34.89,33.66,34.3,33.95,5818915,198510650.58,shares,0
2024-01-17,34.27,34.5,32.24,32.24,34.3,9879376,326447933.17,shares,0
2024-01-18,32.04,32.58,31.48,32.47,32.24,8344990,266123482.94,shares,0
2024-01-19,32.51,33.2,31.51,31.52,32.47,7049230,227230399.83,shares,0
2024-01-22,31.68,32.08,28.68,29.13,31.52,13199048,397469053.0,shares,0
2024-01-23,29.01,30.25,28.51,29.87,29.13,9248017,274265470.21,shares,0
2024-01-24,29.93,30.03,28.43,29.6,29.87,8286932,242106544.2,shares,0
2024-01-25,29.68,30.31,29.24,29.99,29.6,12392507,370668116.03,shares,0
2024-01-26,29.73,29.92,27.58,27.88,29.99,19099285,541137096.09,shares,0
2024-01-29,28.05,28.48,26.5,26.6,27.88,14534799,394429990.96,shares,0
2024-01-30,26.44,26.89,25.1,25.19,26.6,15559372,402325870.59,shares,0
2024-01-31,25.4,26.0,23.96,24.0,25.19,16234690,400924577.56,shares,0
2024-02-01,24.16,24.5,23.31,23.85,24.0,12812354,306884702.85,shares,0
2024-02-02,23.87,24.06,21.52,22.59,23.85,15033398,344520866.79,shares,0
2024-02-05,22.4,22.5,19.88,20.79,22.59,19678732,414194753.4,shares,0
2024-02-06,20.64,23.0,20.4,22.85,20.79,17672317,385750894.16,shares,0
2024-02-07,22.88,24.5,22.68,24.35,22.85,19561865,470516002.54,shares,0
2024-02-08,24.65,27.42,24.36,25.9,24.35,19886767,521175344.43,shares,0
2024-02-19,26.88,26.88,25.2,26.05,25.9,16409624,423138994.39,shares,0
2024-02-20,25.6,25.96,25.09,25.75,26.05,13566601,344802558.71,shares,0
2024-02-21,25.46,26.5,25.24,25.76,25.75,12689253,329736558.16,shares,0
2024-02-22,25.53,26.8,25.53,26.56,25.76,14346522,375919572.48,shares,0
2024-02-23,26.71,26.87,26.0,26.8,26.56,13993301,369837320.24,shares,0
2024-02-26,27.1,28.96,27.06,28.04,26.8,20404934,570684282.57,shares,0
2024-02-27,27.86,29.47,27.17,29.2,28.04,23041416,655479268.9,shares,0
2024-02-28,29.1,29.74,27.03,27.06,29.2,18543777,529822713.94,shares,0
2024-02-29,26.9,29.47,26.8,28.99,27.06,21815642,623010491.15,shares,0
2024-03-01,29.06,30.04,28.8,29.47,28.99,17972355,529131636.81,shares,0
2024-03-04,29.24,30.15,28.91,29.89,29.47,16512810,488163995.08,shares,0
2024-03-05,29.35,29.76,28.31,28.64,29.89,17178788,496695186.52,shares,0
2024-03-06,28.3,28.74,27.58,28.21,28.64,10171664,286058891.68,shares,0
2024-03-07,28.6,29.29,28.0,28.0,28.21,10372887,296539055.83,shares,0
2024-03-08,27.84,31.27,27.77,30.94,28.0,26508100,785255704.73,shares,0
2024-03-11,30.0,30.32,29.09,30.28,30.94,22481577,666401236.92,shares,0
2024-03-12,30.11,30.74,29.69,30.14,30.28,13910844,418976769.64,shares,0
2024-03-13,30.4,31.13,29.88,30.56,30.14,18902724,575663075.78,shares,0
2024-03-14,30.16,30.45,29.19,29.59,30.56,12744099,379759636.41,shares,0
2024-03-15,29.61,29.97,29.09,29.86,29.59,9248837,272991585.07,shares,0
2024-03-18,29.89,30.86,29.71,30.8,29.86,14068910,426236339.46,shares,0
2024-03-19,30.75,33.17,30.56,31.94,30.8,25354855,814361113.7,shares,0
2024-03-20,32.11,34.18,32.06,33.59,31.94,22946576,766860930.6,shares,0
2024-03-21,34.0,34.28,32.92,33.4,33.59,16400296,550221575.6,shares,0
2024-03-22,33.27,34.94,33.27,34.5,33.4,22560107,771202726.49,shares,0
2024-03-25,35.68,35.83,33.0,33.1,34.5,20474702,697292871.29,shares,0
2024-03-26,32.8,33.6,31.53,32.23,33.1,18604757,601569224.66,shares,0
2024-03-27,31.86,32.25,30.58,30.6,32.23,11627103,362735692.57,shares,0
2024-03-28,30.5,31.76,30.5,31.45,30.6,13910956,432675757.35,shares,0
2024-03-29,31.15,33.86,30.98,33.6,31.45,27940339,921958172.23,shares,0
2024-04-01,33.77,33.87,32.7,33.16,33.6,16443997,544226569.27,shares,0
2024-04-02,32.94,33.1,31.82,32.08,33.16,13886045,448789033.01,shares,0
2024-04-03,31.86,32.39,30.77,31.68,32.08,12005548,379332453.77,shares,0
2024-04-08,31.28,31.85,30.88,30.9,31.68,8364031,261402803.14,shares,0
2024-04-09,31.05,32.8,31.05,32.35,30.9,15605316,500416397.17,shares,0
2024-04-10,31.61,31.97,28.71,29.3,32.35,23480894,700920679.3,shares,0
2024-04-11,28.99,29.82,28.12,28.2,29.3,17599674,505364972.85,shares,0
2024-04-12,28.2,28.8,27.7,27.79,28.2,13493583,380813186.33,shares,0
2024-04-15,27.78,28.84,27.59,27.93,27.79,10613750,299956767.06,shares,0
2024-04-16,27.5,27.93,26.2,26.4,27.93,14322618,383487717.78,shares,0
2024-04-17,26.6,27.4,26.51,27.13,26.4,14889591,401643184.93,shares,0
2024-04-18,26.7,27.77,26.07,27.14,27.13,11987443,324179154.71,shares,0
2024-04-19,26.91,26.91,25.62,25.68,27.14,13111924,341680155.56,shares,0
2024-04-22,25.35,26.17,24.92,25.87,25.68,9511512,244648608.56,shares,0
2024-04-23,26.18,26.67,25.83,26.48,25.87,9627007,253758117.0,shares,0
2024-04-24,26.72,28.4,26.66,28.17,26.48,14819623,409621819.91,shares,0
2024-04-25,27.96,29.44,27.79,28.8,28.17,12719478,366348501.94,shares,0
2024-04-26,28.7,29.65,28.68,29.29,28.8,12115228,354059910.33,shares,0
2024-04-29,29.29,30.2,29.2,30.02,29.29,12488532,372180784.28,shares,0
2024-04-30,30.08,30.18,29.18,29.35,30.02,8418975,248265864.86,shares,0
2024-05-06,29.85,29.98,29.02,29.07,29.35,9153127,269237815.28,shares,0
2024-05-07,29.07,29.88,28.8,29.26,29.07,7483251,219133705.77,shares,0
2024-05-08,29.19,29.44,28.5,29.0,29.26,8587153,248261926.5,shares,0
2024-05-09,28.98,30.6,28.82,30.28,29.0,15507074,466341998.51,shares,0
2024-05-10,30.28,30.56,28.1,28.17,30.28,19172716,551888332.2,shares,0
2024-05-13,27.76,28.64,27.0,27.36,28.17,13972975,387912514.15,shares,0
2024-05-14,27.58,28.08,27.15,27.36,27.36,9022566,248330240.74,shares,0
2024-05-15,27.3,28.15,26.86,27.29,27.36,9043925,249831218.22,shares,0
2024-05-16,27.55,28.89,27.0,28.35,27.29,17951087,501630488.46,shares,0
2024-05-17,28.7,31.44,28.56,31.15,28.35,36868468,1111919611.88,shares,0
2024-05-20,31.0,31.2,29.78,30.25,31.15,20818972,629577790.26,shares,0
2024-05-21,30.02,30.65,29.86,30.27,30.25,13138196,398471956.78,shares,0
2024-05-22,30.33,30.66,30.0,30.47,30.27,9992210,303342528.8,shares,0
2024-05-23,30.55,30.59,29.18,29.25,30.47,12679182,375192371.83,shares,0
2024-05-24,28.89,29.3,28.46,28.46,29.25,11273867,323868979.91,shares,0
2024-05-27,28.48,29.68,27.51,29.44,28.46,17087612,488392604.08,shares,0
2024-05-28,29.2,30.51,28.63,29.26,29.44,18493227,545659036.93,shares,0
2024-05-29,28.99,29.65,28.46,28.73,29.26,11277528,326736224.44,shares,0
2024-05-30,28.41,29.65,28.14,29.19,28.73,11315520,328681169.63,shares,0
2024-05-31,29.04,29.58,28.35,28.4,29.19,20162550,579821069.15,shares,0
2024-06-03,28.48,29.48,28.22,28.56,28.4,14622386,421461801.46,shares,0
2024-06-04,28.41,29.3,27.78,28.95,28.56,15199567,430638101.59,shares,0
2024-06-05,29.18,31.45,29.18,30.1,28.95,30852079,944842099.35,shares,0
2024-06-06,30.66,31.09,29.64,29.8,30.1,25230568,766119375.45,shares,0
2024-06-07,29.88,30.88,29.21,30.28,29.8,26357168,791657387.53,shares,0
2024-06-11,30.15,32.23,29.89,31.9,30.28,35253253,1106458184.98,shares,0
2024-06-12,31.58,32.15,31.2,32.06,31.9,25407464,805261012.81,shares,0
2024-06-13,32.5,32.81,31.46,31.52,32.06,26919919,865333259.42,shares,0
2024-06-14,31.3,31.45,30.5,31.22,31.52,21045944,654004261.36,shares,0
2024-06-17,30.79,32.35,30.75,32.02,31.22,20429596,648872536.76,shares,0
2024-06-18,31.9,32.68,31.25,31.64,32.02,19418963,619791015.37,shares,0
2024-06-19,31.84,32.15,30.83,31.75,31.64,19055057,600495757.31,shares,0
2024-06-20,31.48,32.32,30.89,30.92,31.75,17839990,564283469.7,shares,0
2024-06-21,30.59,31.28,30.12,30.93,30.92,11713876,360852054.2,shares,0
2024-06-24,30.69,31.26,29.26,29.45,30.93,16623071,503075068.48,shares,0
2024-06-25,29.53,29.56,28.0,28.27,29.45,16411013,470802170.62,shares,0
2024-06-26,28.38,29.05,27.8,28.66,28.27,14819530,419469481.0,shares,0
2024-06-27,28.3,28.51,27.55,27.61,28.66,13527420,377766313.24,shares,0
2024-06-28,27.56,27.96,27.05,27.17,27.61,14352550,395664083.03,shares,0
2024-07-01,27.05,27.78,26.9,27.53,27.17,9807411,268004232.02,shares,0
2024-07-02,27.47,28.97,27.16,28.56,27.53,16743627,470855178.09,shares,0
2024-07-03,28.42,28.95,27.91,28.4,28.56,11940463,339137819.19,shares,0
2024-07-04,28.31,29.02,28.2,28.39,28.4,13145306,376504558.62,shares,0
2024-07-05,28.25,28.8,27.87,28.3,28.39,10303910,291916821.16,shares,0
2024-07-08,28.55,29.15,28.03,28.42,28.3,12932499,370513956.17,shares,0
2024-07-09,28.29,30.55,28.21,30.43,28.42,25897801,773660826.75,shares,0
2024-07-10,30.49,31.52,30.22,31.16,30.43,19332969,600627352.46,shares,0
2024-07-11,31.49,32.26,30.8,32.2,31.16,23057662,727696695.7,shares,0
2024-07-12,31.66,32.5,31.51,32.15,32.1,23096200,742816043.13,shares,0
2024-07-15,32.33,32.56,31.79,32.01,32.15,15645029,502330645.48,shares,0
2024-07-16,33.45,34.25,32.01,34.08,32.01,54145675,1791145266.86,shares,0
2024-07-17,33.99,35.27,33.79,34.06,34.08,38169871,1321957498.99,shares,0
2024-07-18,33.45,35.36,33.08,35.11,34.06,36141932,1238386736.78,shares,0
2024-07-19,34.7,35.88,34.58,34.9,35.11,33080796,1163890918.18,shares,0
2024-07-22,35.18,35.68,34.56,34.75,34.9,23320649,815723962.12,shares,0
2024-07-23,34.6,34.67,32.68,32.84,34.75,29760291,1001704303.58,shares,0
2024-07-24,32.84,33.2,31.78,32.0,32.84,19738213,640654673.98,shares,0
2024-07-25,31.8,32.17,31.45,31.62,32.0,16408176,520620971.26,shares,0
2024-07-26,31.68,32.08,30.9,31.82,31.62,18806779,594412519.04,shares,0
2024-07-29,31.83,32.37,31.44,31.5,31.82,17510332,557863305.3,shares,0
2024-07-30,31.21,31.94,30.99,31.62,31.5,14157630,444660831.81,shares,0
2024-07-31,31.4,33.3,31.1,33.25,31.62,25527630,828109921.23,shares,0
2024-08-01,33.1,34.26,32.87,33.5,33.25,27477076,919968692.0,shares,0
2024-08-02,33.13,33.4,31.66,31.8,33.5,19915100,647247817.85,shares,0
2024-08-05,31.26,31.88,30.51,30.51,31.8,18712783,581569637.97,shares,0
2024-08-06,31.27,31.75,30.48,31.44,30.51,13299290,412386042.41,shares,0
2024-08-07,31.2,31.79,31.09,31.13,31.44,10125538,318298047.94,shares,0
2024-08-08,31.0,32.19,30.3,31.64,31.13,15808062,495513334.19,shares,0
2024-08-09,32.15,32.53,31.65,31.75,31.64,15265734,490229414.86,shares,0
2024-08-12,31.8,31.9,30.69,30.93,31.75,11658389,362564615.7,shares,0
2024-08-13,30.93,31.34,30.59,31.14,30.93,8237726,254933535.52,shares,0
2024-08-14,31.22,31.33,30.6,30.6,31.14,7646520,236901835.8,shares,0
2024-08-15,30.31,31.44,30.2,30.6,30.6,8919290,275137739.0,shares,0
2024-08-16,30.82,31.79,30.45,30.77,30.6,12493732,387695570.64,shares,0
2024-08-19,30.79,31.32,30.23,30.63,30.77,9847800,303595954.8,shares,0
2024-08-20,30.63,30.75,29.6,29.78,30.63,13089243,391597797.74,shares,0
2024-08-21,29.6,30.28,29.45,29.81,29.78,8982790,267820328.6,shares,0
2024-08-22,29.64,30.19,29.0,29.29,29.81,13047481,385413525.77,shares,0
2024-08-23,29.02,29.4,28.56,28.9,29.29,11377760,329000134.6,shares,0
2024-08-26,29.18,29.39,28.6,28.75,28.9,8370877,242415353.94,shares,0
2024-08-27,28.6,29.14,28.28,28.75,28.75,8959645,257861570.72,shares,0
2024-08-28,28.75,29.61,28.49,29.37,28.75,10887302,316911195.16,shares,0
2024-08-29,29.06,30.3,28.97,29.52,29.37,14810236,438712739.17,shares,0
2024-08-30,29.38,30.94,29.29,30.55,29.52,17794899,540706912.4,shares,0
2024-09-02,30.31,30.64,28.93,28.94,30.55,14648260,435971578.38,shares,0
2024-09-03,29.05,29.79,29.05,29.49,28.94,10224029,300832631.65,shares,0
2024-09-04,29.08,30.07,28.86,29.41,29.49,11367678,335197695.8,shares,0
2024-09-05,29.39,30.06,29.3,29.54,29.41,7817000,231783119.0,shares,0
2024-09-06,29.53,29.79,28.7,28.78,29.54,7798000,227354016.96,shares,0
2024-09-09,28.65,29.0,28.32,28.87,28.78,7409913,212341725.02,shares,0
2024-09-10,28.88,29.29,28.37,29.08,28.87,9431456,271766005.1,shares,0
2024-09-11,28.91,29.25,28.71,29.04,29.08,5678997,164803053.66,shares,0
2024-09-12,29.21,29.55,28.59,28.62,29.04,6653506,192996745.22,shares,0
2024-09-13,28.55,28.91,27.92,27.98,28.62,8127598,230933074.6,shares,0
2024-09-18,28.25,28.44,27.89,28.18,27.98,6412670,180429689.92,shares,0
2024-09-19,28.31,28.96,27.57,28.47,28.18,9717843,275053857.26,shares,0
2024-09-20,28.39,28.54,27.68,27.99,28.47,7813801,218958647.92,shares,0
2024-09-23,27.8,28.12,27.17,27.24,27.99,9420778,258939595.88,shares,0
2024-09-24,27.45,28.85,27.13,28.84,27.24,15897349,446830534.61,shares,0
2024-09-25,29.38,29.58,28.41,28.43,28.84,18452038,536491609.8,shares,0
2024-09-26,28.41,30.04,28.23,30.04,28.43,19496214,566203083.73,shares,0
2024-09-27,30.51,32.88,30.2,32.3,30.04,30507251,962340379.2,shares,0
2024-09-30,33.61,37.95,33.3,37.91,32.3,38998233,1389028543.59,shares,0
2024-10-08,45.49,45.49,42.59,45.49,37.91,53520147,2408970911.09,shares,0
2024-10-09,44.56,48.68,41.4,43.0,45.49,67584365,3025165033.65,shares,0
2024-10-10,43.79,44.0,39.16,40.4,43.0,43656531,1795263416.89,shares,0
2024-10-11,39.51,40.6,37.32,37.95,40.4,29899915,1154803231.77,shares,0
2024-10-14,38.21,40.24,37.58,40.23,37.95,34545255,1347487885.43,shares,0
2024-10-15,40.0,42.89,39.4,40.3,40.23,38003221,1565272062.25,shares,0
2024-10-16,39.0,41.24,38.83,41.24,40.3,28247587,1138738227.24,shares,0
2024-10-17,42.03,42.33,40.02,40.16,41.24,29342637,1204823823.51,shares,0
2024-10-18,40.03,45.15,39.8,43.35,40.16,55366079,2346762891.85,shares,0
2024-10-21,43.99,46.61,42.79,43.01,43.35,60908724,2719390185.17,shares,0
2024-10-22,42.45,45.15,42.45,44.93,43.01,48425452,2124772013.92,shares,0
2024-10-23,44.12,44.36,43.21,44.22,44.93,35853334,1569987173.66,shares,0
2024-10-24,46.0,48.68,44.41,44.6,44.22,89555167,4168336147.93,shares,0
2024-10-25,43.8,46.65,42.61,44.96,44.6,63361066,2797008345.04,shares,0
2024-10-28,44.98,44.98,43.52,44.05,44.96,38003213,1671033151.41,shares,0
2024-10-29,44.0,44.69,42.14,42.17,44.05,42068493,1831283561.13,shares,0
2024-10-30,41.91,43.26,41.51,42.56,42.17,29570041,1251184493.48,shares,0
2024-10-31,42.57,44.72,41.77,43.96,42.56,43469370,1883426460.49,shares,0
2024-11-01,43.9,43.9,40.65,40.8,43.96,36360327,1529846640.68,shares,0
2024-11-04,40.53,42.63,40.5,42.0,40.8,23584007,984959923.9,shares,0
2024-11-05,41.98,43.57,41.72,43.17,42.0,34664499,1486076000.05,shares,0
2024-11-06,43.2,44.6,42.55,44.01,43.17,42215968,1841282286.38,shares,0
2024-11-07,43.61,46.99,43.39,46.79,44.01,57347802,2616572336.82,shares,0
2024-11-08,48.65,56.1,46.9,52.44,46.79,83802619,4223849475.61,shares,0
2024-11-11,54.0,59.5,52.0,52.76,52.44,93904351,5201197553.21,shares,0
2024-11-12,52.46,54.38,50.8,51.71,52.76,59912015,3137158232.67,shares,0
2024-11-13,51.0,53.0,50.68,52.45,51.71,43697212,2276673226.9,shares,0
2024-11-14,51.9,51.9,49.48,49.6,52.45,38752139,1952230868.84,shares,0
2024-11-15,49.4,50.09,47.12,47.17,49.6,33508999,1624859738.65,shares,0
2024-11-18,46.81,48.7,45.38,47.83,47.17,35533875,1676295206.06,shares,0
2024-11-19,47.85,49.28,46.06,48.97,47.83,36152361,1726060383.39,shares,0
2024-11-20,48.5,48.9,47.61,48.46,48.97,28765235,1387291048.61,shares,0
2024-11-21,48.18,50.0,47.91,49.05,48.46,32436112,1596151225.23,shares,0
2024-11-22,48.56,49.8,45.4,45.92,49.05,31908877,1523758684.74,shares,0
2024-11-25,46.0,46.71,44.0,45.33,45.92,26158350,1182178939.31,shares,0
2024-11-26,45.0,45.7,44.36,44.45,45.33,15786186,708986167.93,shares,0
2024-11-27,43.68,45.45,42.83,45.43,44.45,23035184,1018809456.97,shares,0
2024-11-28,45.4,46.58,44.69,45.19,45.43,21149818,963386604.86,shares,0
2024-11-29,44.9,46.85,44.45,45.7,45.19,25053478,1143358923.26,shares,0
2024-12-02,45.7,46.8,45.31,46.2,45.7,23194373,1068697824.64,shares,0
2024-12-03,46.5,46.86,44.9,45.43,46.2,21272268,973778664.03,shares,0
2024-12-04,46.42,47.26,45.41,45.7,45.43,24890270,1153982299.39,shares,0
2024-12-05,44.87,45.91,44.69,45.28,45.7,15611940,707616185.67,shares,0
2024-12-06,45.09,46.88,44.68,46.16,45.28,22943374,1052575726.15,shares,0
2024-12-09,46.3,47.0,45.58,46.41,46.16,19317200,896528295.57,shares,0
2024-12-10,48.45,48.79,46.46,46.51,46.41,25980301,1234641019.75,shares,0
2024-12-11,46.12,47.2,46.09,46.53,46.51,18029500,839165337.01,shares,0
2024-12-12,46.56,48.0,46.15,47.83,46.53,26468251,1255957986.1,shares,0
2024-12-13,47.26,47.8,46.5,46.8,47.83,23878777,1120230662.47,shares,0
2024-12-16,46.59,46.79,44.9,45.05,46.8,19386255,880339095.49,shares,0
2024-12-17,44.92,45.33,44.36,44.55,45.05,12780835,572614381.15,shares,0
2024-12-18,44.77,45.63,44.16,45.25,44.55,13833356,623427364.92,shares,0
2024-12-19,44.7,46.15,44.51,45.79,45.25,14026886,636911486.6,shares,0
2024-12-20,45.66,48.08,45.5,47.36,45.79,27069602,1276184509.59,shares,0
2024-12-23,47.36,48.98,47.08,47.18,47.36,29077015,1394546369.51,shares,0
2024-12-24,47.65,48.99,46.44,48.99,47.18,33280172,1598447990.43,shares,0
2024-12-25,48.51,49.31,47.67,48.19,48.99,24374319,1180802210.52,shares,0
2024-12-26,48.26,49.57,47.85,49.11,48.19,26658016,1304038674.3,shares,0
2024-12-27,49.16,49.2,47.17,47.17,49.11,30634531,1479126562.6,shares,0
2024-12-30,46.9,47.7,45.9,46.96,47.17,16847586,789850762.9,shares,0
2024-12-31,46.97,47.2,44.01,44.13,46.96,22967185,1038810391.17,shares,0
2025-01-02,42.48,42.5,39.0,39.65,44.13,41316552,1673412574.23,shares,0
2025-01-03,39.51,39.55,38.06,38.18,39.65,20425908,792899763.75,shares,0
2025-01-06,38.08,39.39,37.76,38.18,38.18,16575422,637819162.1,shares,0
2025-01-07,38.38,39.38,38.21,39.2,38.18,16313689,633571965.33,shares,0
2025-01-08,38.99,40.18,37.91,39.5,39.2,20488454,800778807.29,shares,0
2025-01-09,39.3,40.2,39.1,39.73,39.5,15183195,605092148.86,shares,0
2025-01-10,39.65,41.09,39.44,39.44,39.73,20606401,831076046.64,shares,0
2025-01-13,39.01,40.49,38.82,40.25,39.44,17728187,707642594.58,shares,0
2025-01-14,40.33,43.18,39.82,43.1,40.25,29263370,1221186018.26,shares,0
2025-01-15,42.8,43.56,42.43,43.4,43.1,21942860,943285354.75,shares,0
2025-01-16,43.26,45.27,43.25,44.11,43.4,25787847,1144340574.14,shares,0
2025-01-17,43.7,45.99,43.52,44.81,44.11,26247659,1175675473.15,shares,0
2025-01-20,45.48,45.56,44.51,44.88,44.81,18758698,842793153.56,shares,0
2025-01-21,45.11,46.2,44.47,45.89,44.88,23115384,1048490792.36,shares,0
2025-01-22,45.68,46.96,45.52,46.18,45.89,26242719,1214360543.31,shares,0
2025-01-23,46.9,47.08,44.98,44.99,46.18,25927773,1192952946.91,shares,0
2025-01-24,44.78,45.47,44.71,45.18,44.99,17870534,807934479.62,shares,0
2025-01-27,45.37,45.5,44.23,44.23,45.18,14314653,640196289.06,shares,0
2025-02-05,45.0,45.29,44.22,44.25,44.23,15792587,707692700.25,shares,0
2025-02-06,44.37,46.98,44.05,46.83,44.25,29489320,1360603733.13,shares,0
2025-02-07,46.83,47.9,46.08,46.82,46.83,35078627,1649066917.05,shares,0
2025-02-10,47.0,47.1,45.93,46.24,46.82,26390047,1221569826.08,shares,0
2025-02-11,46.18,46.18,44.76,45.3,46.24,21407342,966712686.54,shares,0
2025-02-12,45.39,47.8,45.1,47.76,45.3,34189829,1591467659.66,shares,0
2025-02-13,47.69,47.7,46.02,46.06,47.76,25493872,1189647631.07,shares,0
2025-02-14,45.8,46.06,44.61,44.91,46.06,26150921,1178149986.87,shares,0
2025-02-17,44.99,46.77,44.96,46.09,44.91,23360966,1072543817.93,shares,0
2025-02-18,46.0,46.4,44.1,44.25,46.09,22728029,1029140351.84,shares,0
2025-02-19,44.25,46.65,44.2,46.58,44.25,36036654,1659561025.58,shares,0
2025-02-20,46.57,46.58,45.48,46.09,46.58,19612261,902456598.6,shares,0
2025-02-21,46.06,47.52,46.05,47.12,46.09,35429441,1663304404.33,shares,0
2025-02-24,46.85,47.69,46.25,46.86,47.12,29667304,1395710449.29,shares,0
2025-02-25,46.25,48.74,46.01,47.88,46.86,43086870,2055785074.67,shares,0
2025-02-26,47.87,48.48,46.68,48.1,47.88,32007666,1524383057.42,shares,0
2025-02-27,48.1,49.1,46.5,47.47,48.1,29061404,1384705267.31,shares,0
2025-02-28,47.01,47.5,43.87,44.09,47.47,28561499,1298444625.76,shares,0
2025-03-03,44.13,44.68,43.22,43.66,44.09,18535923,815215112.02,shares,0
2025-03-04,43.21,46.96,43.0,46.42,43.66,31426038,1431297466.64,shares,0
2025-03-05,46.36,46.85,45.23,45.85,46.42,16670806,765154513.48,shares,0
2025-03-06,46.2,47.59,46.2,46.85,45.85,25955620,1219902001.59,shares,0
2025-03-07,46.5,47.29,45.81,46.29,46.85,20908048,971960230.55,shares,0
2025-03-10,46.17,46.78,45.46,45.99,46.29,14301383,658116083.52,shares,0
2025-03-11,45.25,45.98,45.03,45.58,45.99,12541480,569875435.84,shares,0
2025-03-12,45.7,45.84,44.9,44.9,45.58,17686073,800985419.51,shares,0
2025-03-13,45.0,45.06,43.2,43.93,44.9,18170610,797470767.49,shares,0
2025-03-14,43.89,47.36,43.77,46.61,43.93,45785844,2116489979.05,shares,0
2025-03-17,46.68,46.84,45.55,46.08,46.61,21810729,1004130288.6,shares,0
2025-03-18,46.27,46.75,45.8,45.9,46.08,16848471,776887061.17,shares,0
2025-03-19,45.91,45.98,44.8,45.1,45.9,15502981,700149514.71,shares,0
2025-03-20,45.16,45.32,44.53,44.54,45.1,13381995,600956605.8,shares,0
2025-03-21,44.38,44.7,43.35,43.5,44.54,18359385,806300067.1,shares,0
2025-03-24,43.3,44.13,42.0,43.65,43.5,16841806,728865703.29,shares,0
2025-03-25,43.44,43.86,42.01,42.38,43.65,12528453,536259474.46,shares,0
2025-03-26,42.28,42.92,42.26,42.34,42.38,8958931,381260319.56,shares,0
2025-03-27,42.01,43.4,41.8,42.19,42.34,12041928,511641017.67,shares,0
2025-03-28,42.41,43.1,41.5,41.52,42.19,11168500,469088305.5,shares,0
2025-03-31,41.3,41.99,40.9,41.68,41.52,10259482,424560914.69,shares,0
2025-04-01,41.81,42.93,41.5,42.28,41.68,13252269,559647871.44,shares,0
2025-04-02,42.11,42.5,41.91,42.15,42.28,7929214,334168006.94,shares,0
2025-04-03,41.9,42.78,41.81,42.37,42.15,10849008,459795919.55,shares,0
2025-04-07,40.5,41.6,35.69,36.98,42.37,26926751,1038938424.18,shares,0
2025-04-08,37.72,39.0,36.79,37.73,36.98,19501636,735678501.87,shares,0
2025-04-09,37.0,39.88,35.51,39.62,37.73,25902225,998144173.98,shares,0
2025-04-10,40.29,41.32,39.92,39.97,39.62,20118703,816445676.8,shares,0
2025-04-11,39.5,42.69,39.27,41.55,39.97,25816869,1067373075.14,shares,0
2025-04-14,42.32,42.5,41.0,41.38,41.55,19050640,792386403.0,shares,0
2025-04-15,41.41,41.45,40.62,40.85,41.38,9495497,387665106.42,shares,0
2025-04-16,40.95,41.39,40.39,40.98,40.85,11004800,450375630.19,shares,0
2025-04-17,40.69,41.47,40.46,40.46,40.98,9890580,405529621.2,shares,0
2025-04-18,40.45,40.5,39.7,40.15,40.46,7341133,294256038.53,shares,0
2025-04-21,40.15,40.69,39.93,40.68,40.15,7220968,292403623.16,shares,0
2025-04-22,40.59,41.49,40.42,40.99,40.68,11956590,492008685.82,shares,0
2025-04-23,41.22,41.96,40.75,41.57,40.99,12606202,520793627.2,shares,0
2025-04-24,41.57,41.84,40.92,41.07,41.57,9171218,378259950.79,shares,0
2025-04-25,41.17,42.5,41.0,42.26,41.07,15390450,644554572.05,shares,0
2025-04-28,42.2,43.73,41.92,43.47,42.26,20611156,886060017.29,shares,0
2025-04-29,42.68,42.71,41.75,42.01,43.47,20056652,844849663.37,shares,0
2025-04-30,42.1,42.39,41.88,41.88,42.01,12850756,541651380.91,shares,0
2025-05-06,42.25,42.92,42.24,42.92,41.88,15996934,681697212.13,shares,0
2025-05-07,43.48,43.8,42.4,42.85,42.92,15878412,683395924.57,shares,0
2025-05-08,42.8,43.0,42.6,42.86,42.85,10424740,446437355.6,shares,0
2025-05-09,42.9,42.9,41.89,42.2,42.86,10209379,431574663.32,shares,0
2025-05-12,42.5,42.99,42.18,42.76,42.2,12380218,528156335.98,shares,0
2025-05-13,43.09,44.04,42.62,42.68,42.76,16305750,705336926.8,shares,0
2025-05-14,42.7,43.88,42.69,43.21,42.68,17700638,768627448.96,shares,0
2025-05-15,43.1,43.18,41.45,41.56,43.21,14200645,598263124.18,shares,0
2025-05-16,41.8,42.17,41.57,41.75,41.56,7344290,307642565.59,shares,0
2025-05-19,41.66,41.99,41.08,41.54,41.75,6949400,288034343.0,shares,0
2025-05-20,41.59,41.88,41.47,41.57,41.54,6517726,271678724.28,shares,0
2025-05-21,41.76,43.25,41.64,42.42,41.57,17310457,739505621.38,shares,0
2025-05-22,42.42,44.85,42.35,43.78,42.42,33737949,1476559925.68,shares,0
2025-05-23,43.38,43.98,42.85,43.03,43.78,17948814,775869711.85,shares,0
2025-05-26,43.6,43.68,42.5,42.99,43.03,13271000,570156833.8,shares,0
2025-05-27,42.8,42.99,41.93,42.22,42.99,10191293,429989016.91,shares,0
2025-05-28,42.15,42.37,41.1,41.11,42.22,11477483,475666122.74,shares,0
2025-05-29,41.1,41.85,41.03,41.76,41.11,10204647,424088324.99,shares,0
2025-05-30,41.69,42.25,41.03,41.17,41.76,8436739,349456232.72,shares,0
2025-06-03,40.74,42.42,40.7,41.71,41.17,11080859,464392696.86,shares,0
2025-06-04,41.65,41.97,41.49,41.62,41.71,7334624,305714216.39,shares,0
2025-06-05,41.81,42.66,41.47,42.33,41.62,11607309,488653921.08,shares,0
2025-06-06,42.25,42.57,42.05,42.44,42.33,7818633,330831812.11,shares,0
2025-06-09,42.43,42.64,42.19,42.42,42.44,8569156,363256725.72,shares,0
2025-06-10,42.42,42.43,41.0,41.23,42.42,11367100,472694037.3,shares,0
2025-06-11,41.3,41.69,41.2,41.27,41.23,6088258,252078688.72,shares,0
2025-06-12,41.16,41.47,41.01,41.07,41.27,6133050,252512189.3,shares,0
2025-06-13,40.98,41.38,40.27,41.03,41.07,9451160,386042632.68,shares,0
2025-06-16,40.91,41.47,40.71,41.08,41.03,5510785,226918636.8,shares,0
2025-06-17,41.08,41.63,41.05,41.29,41.08,6681786,275897217.98,shares,0
2025-06-18,41.31,41.74,40.81,41.39,41.29,6808596,280909314.24,shares,0
2025-06-19,41.37,41.75,40.7,40.83,41.39,9098499,375710763.7,shares,0
2025-06-20,40.79,41.9,40.7,41.04,40.83,9795255,405496308.22,shares,0
2025-06-23,40.95,42.95,40.6,42.46,41.04,21773802,923230724.56,shares,0
2025-06-24,42.47,43.08,42.42,42.9,42.46,14950730,640241900.6,shares,0
2025-06-25,42.02,44.16,41.89,43.97,42.9,26560640,1148170473.8,shares,0
2025-06-26,46.16,46.65,44.64,44.79,43.97,42256606,1926400964.53,shares,0
2025-06-27,45.0,45.38,44.4,44.41,44.79,21298104,953634349.68,shares,0
2025-06-30,44.86,45.45,44.63,44.91,44.41,16077261,722796810.42,shares,0
2025-07-01,44.8,45.45,44.68,45.01,44.91,16349113,736759591.51,shares,0
2025-07-02,44.81,44.81,43.75,43.92,45.01,13834670,611364526.73,shares,0
2025-07-03,43.95,44.64,43.88,44.55,43.92,10510570,465283508.7,shares,0
2025-07-04,44.55,45.63,44.13,44.79,44.55,18091126,812390457.91,shares,0
2025-07-07,45.25,45.63,44.71,44.87,44.79,13945653,628950953.75,shares,0
2025-07-08,44.88,45.46,44.45,45.0,44.87,17547800,791389739.15,shares,0
2025-07-09,44.9,44.96,43.82,44.0,45.0,18814174,833811682.45,shares,0
2025-07-10,43.89,44.15,43.65,43.86,44.0,11891837,521771667.84,shares,0
2025-07-11,43.8,44.58,43.12,44.37,43.86,15538900,684690448.76,shares,0
2025-07-14,44.17,44.43,43.94,43.96,44.37,8654125,381564037.31,shares,0
2025-07-15,43.96,44.71,43.9,44.2,43.96,13394980,593232007.15,shares,0
2025-07-16,44.12,44.86,43.91,44.42,44.2,12147301,540063026.07,shares,0
2025-07-17,44.31,44.97,44.02,44.89,44.42,13785971,613108076.5,shares,0
2025-07-18,44.66,45.0,44.17,44.58,44.79,14773942,657149463.16,shares,0
2025-07-21,44.59,44.65,44.2,44.38,44.58,11486042,510059221.22,shares,0
2025-07-22,43.83,44.36,42.71,43.92,44.38,24759097,1081221757.83,shares,0
2025-07-23,43.96,45.3,43.94,45.02,43.92,33686996,1512868585.34,shares,0
2025-07-24,45.16,45.68,44.75,45.13,45.02,23371160,1055146707.37,shares,0
2025-07-25,45.13,45.4,44.61,45.31,45.13,17508761,787759694.65,shares,0
2025-07-28,45.58,45.69,44.89,45.09,45.31,15223720,688079626.55,shares,0
2025-07-29,44.83,45.23,44.69,45.05,45.09,13459781,604779345.84,shares,0
2025-07-30,44.9,45.15,44.03,44.34,45.05,15381000,686726002.94,shares,0
2025-07-31,44.26,44.76,43.25,43.44,44.34,16492737,724854585.81,shares,0
2025-08-01,43.5,44.28,43.12,43.68,43.44,13421970,587576382.08,shares,0
2025-08-04,43.55,44.44,43.35,44.12,43.68,11331107,498523185.25,shares,0
2025-08-05,44.05,44.15,43.85,44.04,44.12,9368590,412038134.48,shares,0
2025-08-06,44.0,44.65,43.72,44.46,44.04,11492640,508332285.51,shares,0
2025-08-07,44.55,45.21,44.26,44.68,44.46,20056362,897561605.58,shares,0
2025-08-08,44.66,44.67,43.76,43.81,44.68,13210475,581673661.27,shares,0
2025-08-11,43.8,44.38,43.7,44.04,43.81,11347023,500379170.44,shares,0
2025-08-12,44.05,44.8,43.66,44.7,44.04,18983275,840350521.1,shares,0
2025-08-13,44.67,45.46,44.48,45.33,44.7,25310641,1143703659.32,shares,0
2025-08-14,45.51,46.18,44.65,44.84,45.33,26203279,1191210080.87,shares,0
2025-08-15,44.64,45.82,44.62,45.64,44.84,22265460,1009254294.52,shares,0
2025-08-18,45.98,51.9,45.64,49.55,45.64,58091392,2821194718.69,shares,0
2025-08-19,49.6,49.64,48.24,48.42,49.55,30265570,1477792225.75,shares,0
2025-08-20,48.18,49.49,47.33,49.45,48.42,32934742,1596265547.29,shares,0
2025-08-21,49.5,49.89,48.51,48.76,49.45,26481280,1300777490.41,shares,0
2025-08-22,48.76,51.88,48.68,51.15,48.76,51203761,2588069825.29,shares,0
2025-08-25,52.0,54.39,50.63,51.31,51.15,53755778,2785849189.09,shares,0
2025-08-26,50.74,52.01,50.21,50.94,51.31,33419675,1706433382.33,shares,0
2025-08-27,51.13,61.13,50.73,59.59,50.94,126532140,7356357328.7,shares,0
2025-08-28,60.01,62.5,58.43,61.32,59.59,95350434,5778191223.43,shares,0
2025-08-29,60.8,61.55,58.17,59.75,61.32,64807822,3866722720.74,shares,0
2025-09-01,60.54,64.55,57.84,62.5,59.75,78283692,4770825952.03,shares,0
2025-09-02,63.43,63.51,58.51,58.91,62.5,54932429,3320491573.05,shares,0
2025-09-03,59.48,61.43,58.55,59.36,58.91,45034249,2701118538.04,shares,0
2025-09-04,59.75,60.3,53.36,54.16,59.36,56655606,3168632449.09,shares,0
2025-09-05,54.71,57.4,53.95,57.06,54.16,38111635,2109174503.43,shares,0
2025-09-08,57.86,58.86,56.6,58.5,57.06,35657666,2063681590.72,shares,0
2025-09-09,58.18,58.2,55.2,55.71,58.5,26338089,1488526674.45,shares,0
2025-09-10,55.91,57.48,55.6,56.45,55.71,22031937,1245073187.96,shares,0
2025-09-11,56.03,59.85,55.61,59.1,56.45,38791765,2256436226.86,shares,0
2025-09-12,60.81,62.76,59.55,61.19,59.1,47316330,2909551275.75,shares,0
2025-09-15,62.21,62.37,58.74,59.86,61.19,33759079,2019753690.42,shares,0
2025-09-16,60.0,61.15,59.38,59.72,59.86,26435039,1584695075.46,shares,0
2025-09-17,60.01,65.1,59.8,64.75,59.72,48981176,3078968466.11,shares,0
2025-09-18,66.75,68.88,63.66,64.89,64.75,56638185,3750239228.75,shares,0
2025-09-19,65.87,67.13,63.8,63.99,64.89,34410608,2244184863.43,shares,0
2025-09-22,64.01,67.8,64.0,66.89,63.99,38231839,2515256453.8,shares,0
2025-09-23,80.27,80.27,77.88,80.27,66.89,53037424,4240697124.17,shares,0
2025-09-24,87.02,96.32,86.22,96.32,80.27,123924507,11289732801.97,shares,0
2025-09-25,97.73,99.5,92.4,94.59,96.32,111816886,10587162080.02,shares,0
2025-09-26,94.13,96.66,90.11,95.6,94.59,110585252,10361598436.85,shares,0
2025-09-29,95.0,106.99,94.55,104.12,95.6,111226172,11046704195.49,shares,0
2025-09-30,104.0,107.66,98.01,99.62,104.12,94031734,9636292006.63,shares,0
2025-10-09,101.2,102.59,95.0,95.54,99.62,81266638,8047662455.82,shares,0
2025-10-10,94.51,98.76,93.51,94.75,95.54,64597575,6185127858.03,shares,0
2025-10-13,92.01,95.51,90.96,92.26,94.75,58747419,5468588237.39,shares,0
2025-10-14,93.5,93.96,83.6,83.93,92.26,78044126,6849536056.49,shares,0
2025-10-15,84.03,85.37,83.12,84.78,83.93,49718190,4194761616.12,shares,0
2025-10-16,84.0,87.45,83.44,85.0,84.78,47788048,4085074680.92,shares,0
2025-10-17,85.0,85.51,82.44,82.83,85.0,36398859,3043133268.95,shares,0
2025-10-20,84.6,85.01,81.5,82.05,82.83,37218822,3096288072.54,shares,0
2025-10-21,82.4,85.27,81.02,84.87,82.05,49050062,4091350603.03,shares,0
2025-10-22,83.4,87.27,82.51,85.3,84.87,47620667,4039817827.3,shares,0
2025-10-23,83.73,84.25,81.52,83.43,85.3,30077860,2495328440.29,shares,0
2025-10-24,84.8,88.8,84.03,88.62,83.43,64777200,5620148646.12,shares,0
2025-10-27,90.48,92.89,89.11,90.81,88.62,69962662,6365268454.81,shares,0
2025-10-28,89.14,91.5,87.47,88.15,90.81,51144905,4569079649.29,shares,0
2025-10-29,86.85,92.52,86.85,92.52,88.15,55443028,4999820174.37,shares,0
2025-10-30,92.3,93.78,88.0,88.0,92.52,53579508,4848077704.23,shares,0
2025-10-31,89.76,89.78,83.32,83.6,88.0,43033830,3665868533.42,shares,0
2025-11-03,82.65,83.5,78.88,82.42,83.6,46042360,3729955402.4,shares,0
2025-11-04,82.0,83.0,80.6,81.31,82.42,24993333,2044940478.63,shares,0
2025-11-05,79.0,80.98,78.72,79.88,81.31,25262457,2014213633.12,shares,0
2025-11-06,81.01,84.17,79.91,83.26,79.88,39946357,3295832306.72,shares,0
2025-11-07,82.02,84.46,81.6,82.94,83.26,25214677,2090585718.84,shares,0
2025-11-10,82.62,84.1,80.5,82.16,82.94,26218830,2156140223.86,shares,0
2025-11-11,83.3,84.44,79.59,79.76,82.16,28941196,2360187956.27,shares,0
2025-11-12,78.87,80.76,77.82,79.6,79.76,21520390,1703236716.7,shares,0
2025-11-13,79.62,81.0,79.0,80.3,79.6,19355133,1548644320.75,shares,0
2025-11-14,79.2,81.18,77.81,78.61,80.3,19788368,1568707630.94,shares,0
2025-11-17,79.0,79.66,76.35,77.0,78.61,22117642,1713977763.25,shares,0
2025-11-18,76.6,80.88,76.5,79.1,77.0,34084467,2705338709.24,shares,0
2025-11-19,78.47,80.43,77.93,78.45,79.1,18476920,1458256274.33,shares,0
2025-11-20,79.4,79.92,77.26,77.35,78.45,14633078,1143772102.5,shares,0
2025-11-21,75.61,76.97,73.6,73.6,77.35,21027265,1574227820.64,shares,0
2025-11-24,74.0,75.35,72.93,73.62,73.6,20063677,1483106713.93,shares,0
2025-11-25,74.78,77.34,74.6,75.73,73.62,21831203,1662733926.58,shares,0
2025-11-26,75.09,78.16,74.88,77.0,75.73,23395372,1805161076.24,shares,0
2025-11-27,77.6,78.8,75.79,75.91,77.0,20034431,1547766435.68,shares,0
2025-11-28,76.23,77.5,75.4,77.11,75.91,17800702,1364627383.98,shares,0
2025-12-01,75.0,80.98,74.88,79.41,77.11,34932390,2751319832.5,shares,0
2025-12-02,79.02,80.12,78.11,78.68,79.41,18362910,1451891319.72,shares,0
2025-12-03,78.82,85.35,78.82,81.81,78.68,53875749,4473998887.8,shares,0
2025-12-04,82.5,88.81,81.5,87.5,81.81,63285012,5418902916.53,shares,0
2025-12-05,86.0,87.02,84.08,85.63,87.5,42671663,3644598452.2,shares,0
2025-12-08,85.0,88.22,84.69,87.82,85.63,42861494,3718811721.68,shares,0
2025-12-09,86.6,88.98,85.01,87.12,87.82,34362004,2988577457.74,shares,0
2025-12-10,86.1,90.5,86.1,90.0,87.12,43295555,3836906183.89,shares,0
2025-12-11,90.6,91.05,88.53,89.18,90.0,32810529,2949323499.31,shares,0
2025-12-12,90.04,95.0,88.24,93.5,89.18,52229824,4813074840.17,shares,0
2025-12-15,93.03,93.4,87.3,88.8,93.5,38262464,3432739883.26,shares,0
2025-12-16,89.5,89.9,86.0,87.56,88.8,31136108,2737642665.44,shares,0
2025-12-17,87.38,90.39,86.18,89.98,87.56,27205350,2410676887.31,shares,0
2025-12-18,88.97,90.41,87.85,88.49,89.98,18863509,1675820021.57,shares,0
2025-12-19,89.0,89.99,86.8,87.25,88.49,19942207,1754810936.65,shares,0
2025-12-22,87.64,95.23,87.63,94.57,87.25,40665591,3805751532.04,shares,0
2025-12-23,94.37,98.2,94.29,97.09,94.57,35103119,3382305391.05,shares,0
2025-12-24,97.09,99.89,94.91,98.79,97.09,32607759,3184808109.39,shares,0
2025-12-25,99.9,109.66,99.01,106.25,98.79,54594803,5738468059.54,shares,0
2025-12-26,107.52,108.12,104.09,105.03,106.25,32270303,3400652168.06,shares,0
2025-12-29,106.72,108.85,105.0,106.01,105.03,28878598,3082067847.29,shares,0
2025-12-30,106.64,112.0,104.68,105.7,106.01,38077161,4099787810.53,shares,0
2025-12-31,110.02,111.0,100.79,101.31,105.7,33668850,3473376128.54,shares,0
2026-01-05,102.02,106.96,102.0,106.0,101.31,36926491,3865610099.97,shares,0
2026-01-06,107.9,117.77,105.7,111.33,106.0,43938975,4906848641.88,shares,0
2026-01-07,115.0,129.85,112.8,125.9,111.33,60122809,7123268315.17,shares,0
2026-01-08,124.99,127.8,122.5,123.65,125.9,35153053,4383991597.18,shares,0
2026-01-09,120.99,125.5,118.1,123.6,123.65,36485949,4451707633.34,shares,0
2026-01-12,125.1,130.8,123.3,128.66,123.6,46119961,5857833101.73,shares,0
2026-01-13,127.38,128.89,122.0,122.81,128.66,33490339,4172951882.42,shares,0
2026-01-14,123.83,133.5,121.71,129.05,122.81,41388743,5324948364.8,shares,0
2026-01-15,127.07,137.69,126.44,137.3,129.05,40268958,5292998775.07,shares,0
2026-01-16,137.4,143.33,134.71,138.5,137.3,50686018,7037189209.45,shares,0
2026-01-19,139.0,141.99,134.65,138.25,138.5,29017139,4001522737.9,shares,0
2026-01-20,137.16,140.41,134.01,136.5,138.25,25696572,3509766718.71,shares,0
2026-01-21,136.7,144.88,135.0,138.6,136.5,33297328,4640068912.99,shares,0
2026-01-22,139.9,140.0,131.5,134.76,138.6,33975394,4553862426.8,shares,0
2026-01-23,132.9,140.9,129.8,140.1,134.76,33628724,4530789009.58,shares,0
2026-01-26,137.12,137.66,129.01,130.17,140.1,32222774,4228243022.67,shares,0
2026-01-27,129.46,133.22,127.6,131.04,130.17,28145884,3676352790.66,shares,0
2026-01-28,131.59,133.83,128.96,132.69,131.04,25744504,3379244227.97,shares,0
2026-01-29,132.3,135.92,125.45,125.62,132.69,39552311,5132580083.51,shares,0
2026-01-30,124.44,128.74,121.42,127.53,125.62,32934983,4139684991.53,shares,0
2026-02-02,124.53,125.49,120.0,120.61,127.53,31479513,3836420266.18,shares,0
2026-02-03,126.0,129.8,123.7,129.15,120.61,31445602,3999797170.98,shares,0
2026-02-04,127.51,132.22,127.23,129.64,129.15,20070443,2601551754.67,shares,0
2026-02-05,127.0,129.5,124.01,128.25,129.64,19214027,2432567460.66,shares,0
2026-02-06,126.25,129.58,125.02,126.03,128.25,15723198,2000628310.21,shares,0
2026-02-09,129.0,131.33,126.81,130.94,126.03,21884714,2834856375.56,shares,0
2026-02-10,128.5,130.71,126.12,128.2,130.94,20086169,2570741367.85,shares,0
2026-02-11,128.0,130.5,126.78,128.9,128.2,14842421,1916258560.82,shares,0
2026-02-12,130.06,132.5,128.0,129.2,128.9,17840259,2312141015.49,shares,0
2026-02-13,127.98,133.99,127.51,130.59,129.2,21477705,2824150330.53,shares,0
2026-02-24,132.28,134.82,127.23,132.05,130.59,20404659,2674438018.08,shares,0
2026-02-25,134.98,142.5,128.02,139.98,132.05,35296782,4778626587.32,shares,0
2026-02-26,139.84,151.1,133.88,148.2,139.98,38516184,5485692259.79,shares,0
2026-02-27,143.9,146.44,140.7,144.5,148.2,24933034,3570892859.44,shares,0
2026-03-02,140.6,147.12,140.12,140.2,144.5,22919586,3279567910.95,shares,0
2026-03-03,141.3,141.5,128.58,128.9,140.2,24915751,3329332240.71,shares,0
2026-03-04,126.59,131.88,126.59,129.1,128.9,16380864,2120541216.73,shares,0
2026-03-05,133.0,134.85,129.21,130.85,129.1,18456280,2439822468.97,shares,0
2026-03-06,131.58,132.18,128.11,128.95,130.85,12952151,1678860562.44,shares,0
2026-03-09,122.52,127.5,120.3,126.9,128.95,21712796,2678318080.81,shares,0
2026-03-10,130.0,133.76,129.35,132.65,126.9,17901203,2364679696.96,shares,0
2026-03-11,132.14,134.28,127.8,128.97,132.65,17704196,2312495198.09,shares,0
2026-03-12,129.01,129.5,123.25,124.59,128.97,17531843,2203819369.33,shares,0
2026-03-13,123.59,128.1,122.51,124.2,124.59,14071083,1755792703.01,shares,0
2026-03-16,123.98,124.44,118.72,123.58,124.2,17754185,2155423971.21,shares,0
2026-03-17,124.46,126.9,121.21,121.6,123.58,15162985,1877445683.85,shares,0
2026-03-18,124.0,128.85,123.0,128.65,121.6,21163171,2679710664.7,shares,0
2026-03-19,126.0,126.85,123.7,124.35,128.65,14960138,1868534783.45,shares,0
2026-03-20,125.92,128.5,123.55,123.62,124.35,17676025,2229806653.58,shares,0
2026-03-23,121.09,123.35,114.99,117.0,123.62,18492262,2198318213.87,shares,0
2026-03-24,119.0,121.5,116.55,120.92,117.0,14813093,1765495754.63,shares,0
2026-03-25,123.88,127.06,122.01,124.14,120.92,16800148,2097916465.62,shares,0
2026-03-26,123.6,124.89,120.44,120.89,124.14,10842498,1325936815.04,shares,0
2026-03-27,118.91,124.48,117.99,123.09,120.89,11482935,1402868283.15,shares,0
2026-03-30,121.24,126.88,119.8,125.49,123.09,16231787,2005092872.89,shares,0
2026-03-31,125.11,125.6,120.9,121.05,125.49,12884994,1585190592.57,shares,0
2026-04-01,124.0,127.89,123.0,124.48,121.05,15086436,1890043334.55,shares,0
2026-04-02,124.0,124.36,114.55,115.8,124.48,21190875,2497061998.5,shares,0
2026-04-03,117.12,117.5,114.7,115.0,115.8,10180248,1179998656.26,shares,0
2026-04-07,116.5,122.0,115.5,118.98,115.0,14919582,1771605404.07,shares,0
2026-04-08,125.0,131.07,123.35,130.51,118.98,25328804,3227026734.09,shares,0
2026-04-09,128.8,136.16,128.01,134.2,130.51,22730685,3034237418.27,shares,0
2026-04-10,136.07,140.9,135.1,138.05,134.2,19234414,2656317234.22,shares,0
2026-04-13,136.96,139.0,135.01,135.29,138.05,14971700,2044839134.49,shares,0
2026-04-14,137.18,142.3,136.0,139.82,135.29,22266187,3105437259.23,shares,0
2026-04-15,141.0,148.0,139.3,141.21,139.82,22875382,3267359938.59,shares,0
2026-04-16,141.22,154.51,141.22,154.09,141.21,30752410,4617869922.21,shares,0
2026-04-17,153.7,153.7,148.75,150.7,154.09,21362973,3215622312.48,shares,0
2026-04-20,150.99,155.55,150.5,151.8,150.7,18929279,2888571746.54,shares,0
2026-04-21,151.44,151.44,146.41,148.3,151.8,15510705,2300590881.94,shares,0
2026-04-22,148.0,152.91,147.26,152.3,148.3,18274317,2749154630.75,shares,0
2026-04-23,153.52,159.67,151.93,155.61,152.3,20844848,3240245450.01,shares,0
2026-04-24,157.5,161.3,154.66,158.0,155.61,18531116,2920757716.05,shares,0
2026-04-27,160.83,179.0,158.58,175.02,158.0,43626621,7359775161.9,shares,0
2026-04-28,176.46,188.0,173.99,179.31,175.02,39156617,7072236148.76,shares,0
2026-04-29,178.84,180.58,171.93,174.3,179.31,27752192,4867648520.38,shares,0
2026-04-30,176.29,177.29,167.32,174.2,174.3,32691596,5617993935.55,shares,0
2026-05-06,177.7,183.5,175.36,176.2,174.2,34217263,6127315750.62,shares,0
2026-05-07,177.78,187.59,173.45,185.8,176.2,30511274,5525587284.41,shares,0
2026-05-08,180.01,187.5,179.47,182.01,185.8,21966950,4006336156.39,shares,0
2026-05-11,186.0,218.41,183.98,218.41,182.01,47062419,9729833581.96,shares,0
2026-05-12,219.99,220.0,209.0,213.08,218.41,30759785,6545371892.53,shares,0
2026-05-13,210.12,228.0,202.81,228.0,213.08,40642719,8787811300.91,shares,0
2026-05-14,225.0,226.24,208.3,208.87,228.0,38671499,8291834451.5,shares,0
2026-05-15,213.04,219.31,194.98,209.5,208.87,43401186,8974817236.59,shares,0
2026-05-18,211.0,214.0,203.31,209.17,209.5,28939171,6061852395.46,shares,0
2026-05-19,208.49,227.68,203.15,224.05,209.17,38988639,8421963133.27,shares,0
2026-05-20,229.82,249.77,228.07,241.56,224.05,38125273,9048867134.83,shares,0
2026-05-21,244.0,258.02,234.0,234.77,241.56,42675381,10477285227.02,shares,0
2026-05-22,237.71,241.77,229.5,236.02,234.77,34870971,8186842432.36,shares,0
2026-05-25,236.0,258.68,226.03,248.0,236.02,38332283,9208390944.77,shares,0
2026-05-26,243.54,247.93,229.0,235.1,248.0,31527121,7424947227.85,shares,0
2026-05-27,234.0,236.0,219.16,220.2,235.1,34339677,7805080599.7,shares,0
2026-05-28,221.4,223.0,214.02,219.03,220.2,27093219,5924919737.35,shares,0
2026-05-29,222.5,223.6,207.68,210.79,219.03,28825266,6157272613.47,shares,0
2026-06-01,209.0,218.6,203.23,203.64,210.79,26556974,5576107030.93,shares,0
2026-06-02,205.0,212.3,199.73,207.62,203.64,23297335,4818477593.75,shares,0
2026-06-03,208.21,222.59,206.0,214.25,207.62,31618664,6798802005.64,shares,0
2026-06-04,214.0,227.86,211.0,223.35,214.15,27308877,6090663867.24,shares,0
2026-06-05,218.36,218.51,205.6,206.73,223.35,30596287,6466971413.27,shares,0
2026-06-08,190.0,206.0,190.0,200.4,206.73,22756107,4587365819.83,shares,0
2026-06-09,207.22,213.99,203.2,212.73,200.4,21497054,4507630947.24,shares,0
2026-06-10,212.5,232.85,210.79,226.74,212.73,36304240,8189959401.06,shares,0
2026-06-11,229.0,234.27,225.01,232.84,226.74,29225374,6725441899.26,shares,0
2026-06-12,247.1,253.38,223.12,223.12,232.84,37551028,8947298842.22,shares,0
2026-06-15,230.0,232.5,220.18,231.45,223.12,23313537,5339289282.26,shares,0
2026-06-16,231.5,243.49,229.5,240.4,231.45,23841524,5663077205.0,shares,0
2026-06-17,236.0,265.0,236.0,264.01,240.4,31318795,7877377085.15,shares,0
2026-06-18,263.0,271.21,261.56,264.1,264.01,22018140,5840972984.33,shares,0
2026-06-22,267.0,268.95,254.72,268.49,264.1,24664014,6470814696.12,shares,0
2026-06-23,269.98,294.97,268.78,279.4,268.49,45545097,12701921747.53,shares,0
2026-06-24,275.26,314.63,272.68,307.35,279.4,40548051,11868736306.1,shares,0
2026-06-25,310.01,316.5,298.9,309.99,307.35,32422887,9958511376.23,shares,0
2026-06-26,311.0,332.0,310.95,314.9,309.99,35155374,11288282236.73,shares,0
2026-06-29,318.0,338.0,311.03,337.9,314.9,35678690,11694486937.2,shares,0
2026-06-30,331.0,345.43,324.0,341.42,337.9,28099742,9456545579.46,shares,0
2026-07-01,349.91,363.58,325.0,333.67,341.42,32402561,11190942175.33,shares,0
2026-07-02,316.99,329.99,297.99,301.46,333.67,39524682,12372749899.08,shares,0
2026-07-03,300.0,313.21,286.0,302.71,301.46,34274992,10268910549.63,shares,0
2026-07-06,307.46,313.5,289.99,304.0,302.71,26299421,7952964501.6,shares,0
2026-07-07,298.0,311.88,295.66,304.33,304.0,20276689,6151253409.08,shares,0
2026-07-08,305.02,332.18,287.59,317.22,304.33,31132847,9707940984.71,shares,0
2026-07-09,325.0,375.18,310.49,374.0,317.22,39785020,13456200988.05,shares,0
2026-07-10,379.6,395.0,349.18,352.31,374.0,38716235,14616432987.56,shares,0
2026-07-13,352.13,358.88,320.15,325.24,352.31,35162511,11922819546.28,shares,0
2026-07-14,332.0,341.5,312.01,335.62,325.24,33684469,11101954879.09,shares,0
2026-07-15,344.0,344.02,303.0,304.44,335.62,34357535,10787215944.0,shares,0
2026-07-16,303.05,309.97,288.0,293.13,304.44,25496152,7572872634.15,shares,0
2026-07-17,291.89,297.0,273.57,278.76,293.13,33097004,9459544562.62,shares,0
2026-07-20,288.99,296.66,253.01,265.0,278.76,36240845,9930692552.95,shares,0
2026-07-21,275.0,318.0,259.0,318.0,265.0,41481677,12047998280.93,shares,0
2026-07-22,313.47,329.78,308.0,309.05,318.0,37562046,11890881906.63,shares,0
2026-07-23,309.28,313.0,286.0,291.24,309.05,28668562,8465943736.52,shares,0
2026-07-24,285.42,310.28,282.39,303.5,291.24,29296826,8803806517.5,shares,0
2026-07-27,301.88,312.14,284.01,304.7,303.5,28036247,8384316794.79,shares,0
2026-07-28,294.0,302.29,274.0,276.4,304.7,27271824,7819032681.09,shares,0
2026-07-29,279.0,286.0,249.0,271.0,276.4,34102519,9116829589.58,shares,0
2026-07-30,270.01,278.0,243.95,245.5,271.0,34742639,8969833161.11,shares,0
2026-07-31,277.62,283.54,259.18,259.64,245.5,34973012,9557081780.43,shares,0
2026-08-03,255.06,257.98,226.38,227.42,259.64,35791310,8428104340.25,shares,0
2026-08-04,228.59,249.98,224.25,245.82,227.42,29984722,7228112164.24,shares,0
2026-08-05,244.03,280.0,243.76,272.0,245.82,30706973,8138201329.01,shares,0
2026-08-06,262.0,288.96,261.06,278.53,272.0,26496481,7359189707.28,shares,0
2026-08-07,280.01,286.47,271.33,283.21,278.53,22053043,6192469921.46,shares,0
2026-08-10,284.16,293.88,278.0,288.08,283.21,22492725,6442589104.07,shares,0
2026-08-11,283.05,289.66,278.88,281.04,288.08,16920286,4811629099.67,shares,0
2026-08-12,285.26,291.66,280.0,287.11,281.04,15122988,4338211487.94,shares,0
2026-08-13,293.0,301.14,281.0,281.69,287.11,22375855,6537531035.9,shares,0
2026-08-14,287.01,290.99,278.0,283.05,281.69,15176846,4305511523.39,shares,0
2026-08-17,280.51,303.7,280.51,302.57,283.05,20883696,6196593865.62,shares,0
2026-08-18,303.7,305.18,293.58,301.03,302.57,18224564,5454995393.71,shares,0
2026-08-19,289.51,299.14,270.0,273.0,301.03,26826334,7615182018.56,shares,0
2026-08-20,277.64,285.14,272.0,275.74,273.0,14968594,4157797800.29,shares,0
2026-08-21,274.05,284.58,270.02,279.42,275.74,12882692,3587691575.87,shares,0
2026-08-24,283.01,285.5,264.38,271.1,279.42,17257195,4695429793.36,shares,0
2026-08-25,268.18,269.14,253.0,263.62,271.1,18236921,4772992504.66,shares,0
2026-08-26,262.68,279.5,261.08,276.2,263.62,16437445,4484104755.77,shares,0
2026-08-27,276.0,286.0,274.05,284.8,276.2,14221328,4003913399.05,shares,0
2026-08-28,283.81,286.99,274.58,277.11,284.8,15339533,4295581037.79,shares,0
2026-08-31,272.13,279.4,265.38,279.03,277.11,13455202,3666451201.19,shares,0
2026-09-01,281.85,291.9,274.19,284.27,279.03,28088063,8014843529.23,shares,0
2026-09-02,277.0,280.8,265.3,272.6,284.27,19046945,5228130865.58,shares,0
2026-09-03,277.0,281.88,265.0,269.63,272.6,15403750,4199916497.64,shares,0
2026-09-04,272.15,278.0,251.01,254.23,269.63,20130628,5265220663.95,shares,0
2026-09-07,259.0,272.9,257.08,270.5,254.23,17218396,4598300639.29,shares,0
2026-09-08,271.5,275.88,263.7,267.46,270.5,13507629,3632234083.98,shares,0
2026-09-09,269.89,272.5,261.56,263.11,267.46,10242292,2724909567.81,shares,0
2026-09-10,261.36,272.89,258.77,268.5,263.11,10363397,2768971888.68,shares,0
2026-09-11,264.11,264.46,250.0,257.7,268.5,16622685,4266537586.79,shares,0
2026-09-14,258.0,259.0,249.21,253.57,257.7,10368267,2627200097.64,shares,0
2026-09-15,252.99,270.5,251.1,267.25,253.57,16868990,4455560113.55,shares,0
2026-09-16,268.19,276.66,263.18,269.51,267.25,21189803,5720179190.66,shares,0
2026-09-17,267.97,275.95,264.11,267.15,269.51,14480422,3913144553.76,shares,0
2026-09-18,272.11,282.89,268.0,279.73,267.15,23436014,6483239258.06,shares,0
2026-09-21,286.0,292.78,277.11,282.53,279.73,20740844,5878322415.4,shares,0
2026-09-22,287.99,291.49,271.26,272.85,282.53,19846669,5571039544.56,shares,0
2026-09-23,277.0,277.05,270.88,271.18,272.85,9350660,2550935442.74,shares,0
2026-09-24,269.5,270.67,261.0,261.0,271.18,10894474,2893293065.06,shares,0
